Fecha,Precipitación (l/m²),Horas de sol,Año
01-01-2000,0,4.2,2000
02-01-2000,0,3.7,2000
03-01-2000,0,4.2,2000
04-01-2000,0,0.0,2000
05-01-2000,0,1.2,2000
06-01-2000,0,3.4,2000
07-01-2000,0,3.7,2000
08-01-2000,8.8,0.0,2000
09-01-2000,0,3.0,2000
10-01-2000,0,6.9,2000
11-01-2000,0,6.5,2000
12-01-2000,0.2,5.7,2000
13-01-2000,24.8,0.0,2000
14-01-2000,6.4,0.0,2000
15-01-2000,0,6.5,2000
16-01-2000,0,6.8,2000
17-01-2000,0,7.3,2000
18-01-2000,0,4.5,2000
19-01-2000,0,6.5,2000
20-01-2000,0,7.4,2000
21-01-2000,0,4.7,2000
22-01-2000,0,7.5,2000
23-01-2000,0,7.5,2000
24-01-2000,0,6.7,2000
25-01-2000,0,5.6,2000
26-01-2000,0,6.7,2000
27-01-2000,0,3.4,2000
28-01-2000,0.1,0.5,2000
29-01-2000,0,1.1,2000
30-01-2000,0,7.6,2000
31-01-2000,0.3,5.2,2000
01-02-2000,5.3,0.1,2000
02-02-2000,0,2.9,2000
03-02-2000,0,5.7,2000
04-02-2000,0,3.6,2000
05-02-2000,0,5.6,2000
06-02-2000,0,1.3,2000
07-02-2000,0,1.2,2000
08-02-2000,0.2,0.8,2000
09-02-2000,0.3,3.5,2000
10-02-2000,0.1,0.4,2000
11-02-2000,3.7,0.0,2000
12-02-2000,0,8.7,2000
13-02-2000,0,5.7,2000
14-02-2000,0,1.9,2000
15-02-2000,0,2.9,2000
16-02-2000,0.4,2.9,2000
17-02-2000,0.6,0.5,2000
18-02-2000,0,0.0,2000
19-02-2000,0,9.3,2000
20-02-2000,0,6.3,2000
21-02-2000,0,4.1,2000
22-02-2000,0.1,0.0,2000
23-02-2000,0.1,0.6,2000
24-02-2000,0,8.3,2000
25-02-2000,0,6.6,2000
26-02-2000,0,7.1,2000
27-02-2000,0,4.2,2000
28-02-2000,0.3,3.0,2000
29-02-2000,0,0.0,2000
01-03-2000,0.1,0.9,2000
02-03-2000,0,7.9,2000
03-03-2000,0,8.7,2000
04-03-2000,0,6.7,2000
05-03-2000,0,7.6,2000
06-03-2000,0,5.8,2000
07-03-2000,0,9.8,2000
08-03-2000,0,9.6,2000
09-03-2000,0,8.9,2000
10-03-2000,0,9.7,2000
11-03-2000,0,6.8,2000
12-03-2000,0,7.8,2000
13-03-2000,0,6.1,2000
14-03-2000,0,10.1,2000
15-03-2000,0,10.2,2000
16-03-2000,0,10.4,2000
17-03-2000,0,10.5,2000
18-03-2000,0,9.1,2000
19-03-2000,0,9.4,2000
20-03-2000,0,10.1,2000
21-03-2000,8.2,2.6,2000
22-03-2000,0,5.0,2000
23-03-2000,1.1,2.2,2000
24-03-2000,3.5,2.4,2000
25-03-2000,4.2,5.0,2000
26-03-2000,0,3.1,2000
27-03-2000,0.5,1.6,2000
28-03-2000,0,8.6,2000
29-03-2000,0,9.1,2000
30-03-2000,0,10.0,2000
31-03-2000,0,7.8,2000
01-04-2000,0.6,1.5,2000
02-04-2000,11.6,0.0,2000
03-04-2000,8.3,0.0,2000
04-04-2000,3.2,1.4,2000
05-04-2000,0,3.0,2000
06-04-2000,0,9.9,2000
07-04-2000,0.2,5.0,2000
08-04-2000,3.9,0.3,2000
09-04-2000,1.3,1.7,2000
10-04-2000,0.1,1.8,2000
11-04-2000,6.4,3.4,2000
12-04-2000,12.7,0.1,2000
13-04-2000,43.5,0.0,2000
14-04-2000,9,1.9,2000
15-04-2000,4.3,3.7,2000
16-04-2000,6,4.2,2000
17-04-2000,8.4,6.0,2000
18-04-2000,10.1,1.9,2000
19-04-2000,1.3,2.5,2000
20-04-2000,4.8,3.5,2000
21-04-2000,2.5,4.0,2000
22-04-2000,13.8,2.0,2000
23-04-2000,1.5,3.8,2000
24-04-2000,15.4,0.0,2000
25-04-2000,1.1,3.0,2000
26-04-2000,2.6,3.2,2000
27-04-2000,4.1,6.2,2000
28-04-2000,2.8,1.9,2000
29-04-2000,4.1,1.3,2000
30-04-2000,5.5,5.3,2000
01-05-2000,1.1,0.2,2000
02-05-2000,0,8.9,2000
03-05-2000,5.4,8.1,2000
04-05-2000,1.6,2.9,2000
05-05-2000,15.6,3.5,2000
06-05-2000,0.4,4.4,2000
07-05-2000,4.2,4.0,2000
08-05-2000,3,5.0,2000
09-05-2000,4.2,2.9,2000
10-05-2000,0.1,3.7,2000
11-05-2000,0.4,2.8,2000
12-05-2000,0,9.3,2000
13-05-2000,0,9.6,2000
14-05-2000,0,10.3,2000
15-05-2000,0,10.2,2000
16-05-2000,0,8.8,2000
17-05-2000,0,8.6,2000
18-05-2000,0,10.5,2000
19-05-2000,0,11.2,2000
20-05-2000,0,9.6,2000
21-05-2000,0,9.8,2000
22-05-2000,2.3,6.6,2000
23-05-2000,2.4,8.9,2000
24-05-2000,0.8,0.6,2000
25-05-2000,0.3,2.0,2000
26-05-2000,1.9,3.2,2000
27-05-2000,0.7,6.2,2000
28-05-2000,0,0.3,2000
29-05-2000,0,0.2,2000
30-05-2000,0,10.9,2000
31-05-2000,0,8.5,2000
01-06-2000,0,10.8,2000
02-06-2000,0,10.4,2000
03-06-2000,0,7.9,2000
04-06-2000,0,1.0,2000
05-06-2000,0,8.7,2000
06-06-2000,0,10.9,2000
07-06-2000,0,11.0,2000
08-06-2000,5.8,8.0,2000
09-06-2000,0.8,4.9,2000
10-06-2000,0.4,5.5,2000
11-06-2000,0.8,9.7,2000
12-06-2000,0,10.7,2000
13-06-2000,0,10.8,2000
14-06-2000,0,10.8,2000
15-06-2000,0,10.8,2000
16-06-2000,0,9.8,2000
17-06-2000,0,10.8,2000
18-06-2000,0,10.8,2000
19-06-2000,0,5.3,2000
20-06-2000,0,2.4,2000
21-06-2000,0,9.0,2000
22-06-2000,0,10.8,2000
23-06-2000,0,10.8,2000
24-06-2000,0,10.8,2000
25-06-2000,0,8.2,2000
26-06-2000,0,6.0,2000
27-06-2000,0,3.7,2000
28-06-2000,0,4.7,2000
29-06-2000,0,10.1,2000
30-06-2000,0.3,9.6,2000
01-07-2000,0.3,6.0,2000
02-07-2000,7.5,7.1,2000
03-07-2000,7.8,3.7,2000
04-07-2000,0,2.0,2000
05-07-2000,0,10.9,2000
06-07-2000,0,6.0,2000
07-07-2000,0,7.4,2000
08-07-2000,0,10.9,2000
09-07-2000,7.6,10.7,2000
10-07-2000,0,6.9,2000
11-07-2000,0,8.1,2000
12-07-2000,0,10.9,2000
13-07-2000,0,11.0,2000
14-07-2000,0,11.0,2000
15-07-2000,0,10.5,2000
16-07-2000,0,10.8,2000
17-07-2000,0,8.4,2000
18-07-2000,0,10.7,2000
19-07-2000,0,7.0,2000
20-07-2000,0,9.4,2000
21-07-2000,0,10.5,2000
22-07-2000,2.6,7.3,2000
23-07-2000,9.3,2.1,2000
24-07-2000,1.7,0.4,2000
25-07-2000,2.9,5.7,2000
26-07-2000,0.7,3.7,2000
27-07-2000,0,8.5,2000
28-07-2000,0,10.8,2000
29-07-2000,0,9.7,2000
30-07-2000,0,11.4,2000
31-07-2000,0,11.3,2000
01-08-2000,0,8.0,2000
02-08-2000,0,9.7,2000
03-08-2000,0,11.5,2000
04-08-2000,0,11.5,2000
05-08-2000,0,11.4,2000
06-08-2000,0,11.4,2000
07-08-2000,0,11.6,2000
08-08-2000,0,11.3,2000
09-08-2000,0,11.3,2000
10-08-2000,0,11.2,2000
11-08-2000,0,0.8,2000
12-08-2000,0,8.8,2000
13-08-2000,0,5.6,2000
14-08-2000,0,6.6,2000
15-08-2000,0,9.2,2000
16-08-2000,0,11.6,2000
17-08-2000,0,8.5,2000
18-08-2000,0.2,0.8,2000
19-08-2000,0,7.4,2000
20-08-2000,0,7.8,2000
21-08-2000,0,9.2,2000
22-08-2000,30.3,0.8,2000
23-08-2000,0,7.3,2000
24-08-2000,0,11.4,2000
25-08-2000,0,9.5,2000
26-08-2000,0,9.4,2000
27-08-2000,0,9.4,2000
28-08-2000,0,9.1,2000
29-08-2000,0,9.4,2000
30-08-2000,0,7.3,2000
31-08-2000,0,9.2,2000
01-09-2000,0,9.1,2000
02-09-2000,0,10.7,2000
03-09-2000,0,9.0,2000
04-09-2000,0,8.7,2000
05-09-2000,0,11.3,2000
06-09-2000,0,10.3,2000
07-09-2000,0,10.4,2000
08-09-2000,0,10.3,2000
09-09-2000,0,9.9,2000
10-09-2000,0,7.2,2000
11-09-2000,0,8.0,2000
12-09-2000,0,5.6,2000
13-09-2000,0,7.8,2000
14-09-2000,0,6.8,2000
15-09-2000,0,6.4,2000
16-09-2000,0,8.1,2000
17-09-2000,0.1,7.0,2000
18-09-2000,7,5.5,2000
19-09-2000,5,3.6,2000
20-09-2000,0,9.7,2000
21-09-2000,0,5.5,2000
22-09-2000,0,8.1,2000
23-09-2000,4.7,2.4,2000
24-09-2000,0,5.6,2000
25-09-2000,0,6.6,2000
26-09-2000,0.7,4.9,2000
27-09-2000,5.2,4.2,2000
28-09-2000,17.9,3.7,2000
29-09-2000,6.7,1.8,2000
30-09-2000,0,4.5,2000
01-10-2000,0.2,0.5,2000
02-10-2000,0,9.6,2000
03-10-2000,0,6.9,2000
04-10-2000,0,3.4,2000
05-10-2000,0,6.9,2000
06-10-2000,0,9.6,2000
07-10-2000,0,10.0,2000
08-10-2000,0,7.4,2000
09-10-2000,1.9,3.1,2000
10-10-2000,20.3,2.1,2000
11-10-2000,13.9,2.9,2000
12-10-2000,1.2,4.1,2000
13-10-2000,4,3.7,2000
14-10-2000,5.2,0.0,2000
15-10-2000,0.4,0.2,2000
16-10-2000,0,4.2,2000
17-10-2000,0,7.1,2000
18-10-2000,5.1,0.8,2000
19-10-2000,1.4,3.0,2000
20-10-2000,9.3,0.0,2000
21-10-2000,0,7.3,2000
22-10-2000,0,4.1,2000
23-10-2000,0,7.8,2000
24-10-2000,0,5.1,2000
25-10-2000,1,3.3,2000
26-10-2000,0,1.4,2000
27-10-2000,0,5.3,2000
28-10-2000,1.5,1.0,2000
29-10-2000,0,1.5,2000
30-10-2000,18.4,0.5,2000
31-10-2000,0.1,4.0,2000
01-11-2000,20,0.1,2000
02-11-2000,3.3,2.9,2000
03-11-2000,0.9,5.2,2000
04-11-2000,9.3,0.0,2000
05-11-2000,30.6,0.0,2000
06-11-2000,9.4,2.6,2000
07-11-2000,4.2,4.7,2000
08-11-2000,0.4,2.5,2000
09-11-2000,0.3,3.3,2000
10-11-2000,0,3.6,2000
11-11-2000,0,3.0,2000
12-11-2000,22,0.0,2000
13-11-2000,6.5,2.6,2000
14-11-2000,0.8,6.5,2000
15-11-2000,4.1,0.0,2000
16-11-2000,0.5,0.3,2000
17-11-2000,0,0.9,2000
18-11-2000,1.2,0.0,2000
19-11-2000,0.7,1.1,2000
20-11-2000,1.7,0.2,2000
21-11-2000,36.5,0.0,2000
22-11-2000,2,0.0,2000
23-11-2000,2.4,2.3,2000
24-11-2000,11.4,0.0,2000
25-11-2000,1.9,1.2,2000
26-11-2000,9,0.0,2000
27-11-2000,0,1.2,2000
28-11-2000,5.6,3.8,2000
29-11-2000,2.7,2.7,2000
30-11-2000,13.5,0.0,2000
01-12-2000,16.4,2.1,2000
02-12-2000,6.6,2.7,2000
03-12-2000,17.2,0.0,2000
04-12-2000,11.1,1.0,2000
05-12-2000,8.2,0.0,2000
06-12-2000,28.9,0.0,2000
07-12-2000,29.9,0.4,2000
08-12-2000,12.5,1.2,2000
09-12-2000,15,0.0,2000
10-12-2000,3.2,3.2,2000
11-12-2000,0,0.1,2000
12-12-2000,5.3,2.9,2000
13-12-2000,26.4,1.4,2000
14-12-2000,3.2,0.0,2000
15-12-2000,0.4,1.4,2000
16-12-2000,0,0.2,2000
17-12-2000,12.1,0.0,2000
18-12-2000,40,0.0,2000
19-12-2000,0,1.1,2000
20-12-2000,3.3,0.0,2000
21-12-2000,0,0.0,2000
22-12-2000,0.5,0.5,2000
23-12-2000,0.2,1.0,2000
24-12-2000,4.8,0.4,2000
25-12-2000,16.3,0.3,2000
26-12-2000,9.7,3.7,2000
27-12-2000,11.5,0.4,2000
28-12-2000,6.9,1.4,2000
29-12-2000,17.9,0.3,2000
30-12-2000,0.9,2.8,2000
31-12-2000,15.7,0.0,2000
01-01-2001,7.3,2.8,2001
02-01-2001,6.1,1.9,2001
03-01-2001,9.3,0.0,2001
04-01-2001,28.4,0.5,2001
05-01-2001,12.8,0.0,2001
06-01-2001,2.7,1.7,2001
07-01-2001,0.6,3.1,2001
08-01-2001,1,0.0,2001
09-01-2001,0.3,0.6,2001
10-01-2001,14.9,1.6,2001
11-01-2001,0.4,3.2,2001
12-01-2001,0,2.1,2001
13-01-2001,0,0.2,2001
14-01-2001,0,1.8,2001
15-01-2001,2.4,0.0,2001
16-01-2001,6.1,0.0,2001
17-01-2001,3.4,0.0,2001
18-01-2001,10.3,0.2,2001
19-01-2001,1,3.8,2001
20-01-2001,0,0.0,2001
21-01-2001,2,0.0,2001
22-01-2001,4.4,0.0,2001
23-01-2001,11.6,0.8,2001
24-01-2001,18.1,3.4,2001
25-01-2001,24.3,0.9,2001
26-01-2001,35.1,0.0,2001
27-01-2001,7.5,1.4,2001
28-01-2001,7.1,1.2,2001
29-01-2001,0,5.8,2001
30-01-2001,0.2,0.0,2001
31-01-2001,0.1,0.0,2001
01-02-2001,0.1,1.5,2001
02-02-2001,0,2.2,2001
03-02-2001,0,0.8,2001
04-02-2001,3.1,2.3,2001
05-02-2001,24.8,0.6,2001
06-02-2001,17.9,0.7,2001
07-02-2001,28.6,1.6,2001
08-02-2001,4.8,4.6,2001
09-02-2001,7.4,0.0,2001
10-02-2001,0,1.8,2001
11-02-2001,0,8.2,2001
12-02-2001,0,6.5,2001
13-02-2001,0,3.9,2001
14-02-2001,0,7.4,2001
15-02-2001,0,8.9,2001
16-02-2001,0,6.5,2001
17-02-2001,0,8.0,2001
18-02-2001,0,6.1,2001
19-02-2001,0,9.3,2001
20-02-2001,0,9.0,2001
21-02-2001,0,9.3,2001
22-02-2001,0,6.7,2001
23-02-2001,0,7.3,2001
24-02-2001,0,9.8,2001
25-02-2001,0,10.2,2001
26-02-2001,2.7,6.3,2001
27-02-2001,7.2,1.2,2001
28-02-2001,1.1,5.3,2001
01-03-2001,32.9,0.0,2001
02-03-2001,5.5,1.7,2001
03-03-2001,33.2,0.8,2001
04-03-2001,10.2,1.0,2001
05-03-2001,13.7,2.5,2001
06-03-2001,2.2,3.8,2001
07-03-2001,16.9,3.1,2001
08-03-2001,7.3,1.1,2001
09-03-2001,11.8,0.0,2001
10-03-2001,0.5,2.6,2001
11-03-2001,5.4,0.0,2001
12-03-2001,1.5,5.7,2001
13-03-2001,0.1,3.1,2001
14-03-2001,0,5.0,2001
15-03-2001,1,5.7,2001
16-03-2001,12.1,3.1,2001
17-03-2001,6.6,1.6,2001
18-03-2001,3.4,4.4,2001
19-03-2001,15.3,0.1,2001
20-03-2001,33.9,0.1,2001
21-03-2001,23.6,0.0,2001
22-03-2001,10.1,4.2,2001
23-03-2001,21,1.3,2001
24-03-2001,9,2.5,2001
25-03-2001,4.1,0.1,2001
26-03-2001,2.4,5.6,2001
27-03-2001,1.5,2.7,2001
28-03-2001,9.4,1.3,2001
29-03-2001,3.2,2.5,2001
30-03-2001,0,0.8,2001
31-03-2001,0,8.0,2001
01-04-2001,0.2,7.0,2001
02-04-2001,2.6,4.5,2001
03-04-2001,5,2.2,2001
04-04-2001,0.3,0.6,2001
05-04-2001,1,0.4,2001
06-04-2001,1.5,2.5,2001
07-04-2001,2.4,2.9,2001
08-04-2001,0,10.0,2001
09-04-2001,0,9.4,2001
10-04-2001,0,9.7,2001
11-04-2001,0,11.6,2001
12-04-2001,0,10.8,2001
13-04-2001,0,11.4,2001
14-04-2001,0,11.5,2001
15-04-2001,0,11.5,2001
16-04-2001,0,9.2,2001
17-04-2001,0,7.4,2001
18-04-2001,0,11.5,2001
19-04-2001,0,9.5,2001
20-04-2001,0,10.8,2001
21-04-2001,0.4,11.0,2001
22-04-2001,0.5,1.2,2001
23-04-2001,1.6,0.4,2001
24-04-2001,4.3,5.8,2001
25-04-2001,0.6,9.3,2001
26-04-2001,1.2,9.5,2001
27-04-2001,0,10.7,2001
28-04-2001,0,7.5,2001
29-04-2001,5.2,3.6,2001
30-04-2001,0.5,4.8,2001
01-05-2001,12.2,5.4,2001
02-05-2001,4.7,3.5,2001
03-05-2001,0.1,4.8,2001
04-05-2001,0,1.1,2001
05-05-2001,0,10.6,2001
06-05-2001,0,8.9,2001
07-05-2001,0,2.8,2001
08-05-2001,3.9,6.2,2001
09-05-2001,3.6,6.0,2001
10-05-2001,0,6.8,2001
11-05-2001,0,9.9,2001
12-05-2001,7.2,0.0,2001
13-05-2001,7.3,4.4,2001
14-05-2001,11.4,1.1,2001
15-05-2001,3.4,4.3,2001
16-05-2001,24.1,0.0,2001
17-05-2001,0.2,5.5,2001
18-05-2001,0,9.7,2001
19-05-2001,0,11.5,2001
20-05-2001,0,10.8,2001
21-05-2001,0,10.0,2001
22-05-2001,0,8.7,2001
23-05-2001,0,7.7,2001
24-05-2001,0,9.6,2001
25-05-2001,0,11.0,2001
26-05-2001,0,10.8,2001
27-05-2001,0,10.6,2001
28-05-2001,0,11.2,2001
29-05-2001,0,9.2,2001
30-05-2001,0,11.1,2001
31-05-2001,0,9.5,2001
01-06-2001,0,10.9,2001
02-06-2001,0,9.2,2001
03-06-2001,0,10.8,2001
04-06-2001,0,8.8,2001
05-06-2001,0,7.9,2001
06-06-2001,0,10.6,2001
07-06-2001,0,10.5,2001
08-06-2001,0,0.6,2001
09-06-2001,0.2,9.8,2001
10-06-2001,0,9.6,2001
11-06-2001,0,8.0,2001
12-06-2001,0,5.5,2001
13-06-2001,0,10.8,2001
14-06-2001,1.2,1.7,2001
15-06-2001,1.8,6.6,2001
16-06-2001,0,6.4,2001
17-06-2001,0,8.7,2001
18-06-2001,0,10.7,2001
19-06-2001,0,10.9,2001
20-06-2001,0,10.9,2001
21-06-2001,0,10.9,2001
22-06-2001,0,10.9,2001
23-06-2001,0,9.4,2001
24-06-2001,0,10.7,2001
25-06-2001,0,10.7,2001
26-06-2001,0,2.9,2001
27-06-2001,0,10.4,2001
28-06-2001,0,10.7,2001
29-06-2001,0,8.9,2001
30-06-2001,0,9.0,2001
01-07-2001,0,10.2,2001
02-07-2001,0,7.9,2001
03-07-2001,1.1,7.8,2001
04-07-2001,12.8,3.0,2001
05-07-2001,3.1,4.9,2001
06-07-2001,0,2.4,2001
07-07-2001,0,3.0,2001
08-07-2001,0,4.6,2001
09-07-2001,0,10.7,2001
10-07-2001,0,9.3,2001
11-07-2001,0,10.8,2001
12-07-2001,0,10.8,2001
13-07-2001,0.6,3.0,2001
14-07-2001,13.5,3.3,2001
15-07-2001,0,5.1,2001
16-07-2001,0,5.9,2001
17-07-2001,0.1,4.3,2001
18-07-2001,1.8,2.8,2001
19-07-2001,0.1,9.0,2001
20-07-2001,0,11.0,2001
21-07-2001,0,11.0,2001
22-07-2001,0,8.6,2001
23-07-2001,0,7.4,2001
24-07-2001,0,9.0,2001
25-07-2001,0,8.4,2001
26-07-2001,0,9.0,2001
27-07-2001,0,10.2,2001
28-07-2001,0,8.8,2001
29-07-2001,0,9.4,2001
30-07-2001,4.7,6.7,2001
31-07-2001,0,6.6,2001
01-08-2001,0,8.7,2001
02-08-2001,0,3.3,2001
03-08-2001,0,4.1,2001
04-08-2001,0,11.2,2001
05-08-2001,0,11.4,2001
06-08-2001,0,11.0,2001
07-08-2001,0.3,8.0,2001
08-08-2001,0,11.1,2001
09-08-2001,0,11.4,2001
10-08-2001,0,11.0,2001
11-08-2001,0,11.3,2001
12-08-2001,0,10.3,2001
13-08-2001,0,11.3,2001
14-08-2001,0,8.3,2001
15-08-2001,5.9,1.9,2001
16-08-2001,0,7.6,2001
17-08-2001,5.8,5.5,2001
18-08-2001,0,8.0,2001
19-08-2001,0,2.0,2001
20-08-2001,0,9.7,2001
21-08-2001,0,9.2,2001
22-08-2001,0,8.7,2001
23-08-2001,0,10.2,2001
24-08-2001,0,11.5,2001
25-08-2001,0,5.2,2001
26-08-2001,1.5,6.6,2001
27-08-2001,5.8,5.7,2001
28-08-2001,0,6.9,2001
29-08-2001,2.5,0.6,2001
30-08-2001,0,4.6,2001
31-08-2001,0,11.4,2001
01-09-2001,0,11.5,2001
02-09-2001,0,11.5,2001
03-09-2001,0,9.7,2001
04-09-2001,0,11.1,2001
05-09-2001,0,10.3,2001
06-09-2001,0,10.4,2001
07-09-2001,0,11.5,2001
08-09-2001,0,9.2,2001
09-09-2001,0,9.0,2001
10-09-2001,0,11.0,2001
11-09-2001,0,11.0,2001
12-09-2001,0,10.8,2001
13-09-2001,0,8.2,2001
14-09-2001,0,8.9,2001
15-09-2001,0,11.1,2001
16-09-2001,0,11.1,2001
17-09-2001,0,10.7,2001
18-09-2001,0,10.9,2001
19-09-2001,0,11.0,2001
20-09-2001,0.2,1.4,2001
21-09-2001,3.9,0.5,2001
22-09-2001,7.9,2.4,2001
23-09-2001,0,7.3,2001
24-09-2001,0.7,6.7,2001
25-09-2001,0,8.8,2001
26-09-2001,0,7.8,2001
27-09-2001,0,6.5,2001
28-09-2001,6,1.0,2001
29-09-2001,2,3.9,2001
30-09-2001,0,5.1,2001
01-10-2001,0,4.9,2001
02-10-2001,4.9,4.6,2001
03-10-2001,0,5.9,2001
04-10-2001,4,1.7,2001
05-10-2001,0.8,6.5,2001
06-10-2001,0,5.2,2001
07-10-2001,9.6,3.7,2001
08-10-2001,24,7.7,2001
09-10-2001,0.8,2.2,2001
10-10-2001,0,9.4,2001
11-10-2001,0,5.8,2001
12-10-2001,15,0.4,2001
13-10-2001,0.6,1.0,2001
14-10-2001,8.8,0.7,2001
15-10-2001,3.2,3.0,2001
16-10-2001,0,5.6,2001
17-10-2001,6.5,1.1,2001
18-10-2001,1.1,3.3,2001
19-10-2001,3.8,4.8,2001
20-10-2001,12.1,0.6,2001
21-10-2001,43,2.4,2001
22-10-2001,14.8,2.3,2001
23-10-2001,0,5.6,2001
24-10-2001,0,7.2,2001
25-10-2001,0,4.4,2001
26-10-2001,0,5.2,2001
27-10-2001,0,2.9,2001
28-10-2001,4.3,2.8,2001
29-10-2001,0,5.4,2001
30-10-2001,0,3.5,2001
31-10-2001,0,7.3,2001
01-11-2001,0,7.6,2001
02-11-2001,0,9.0,2001
03-11-2001,0,8.3,2001
04-11-2001,0,8.0,2001
05-11-2001,0,6.7,2001
06-11-2001,0,8.7,2001
07-11-2001,0,8.4,2001
08-11-2001,0,0.4,2001
09-11-2001,3,5.9,2001
10-11-2001,0,5.7,2001
11-11-2001,0,8.2,2001
12-11-2001,0.5,5.2,2001
13-11-2001,0,1.1,2001
14-11-2001,0,7.3,2001
15-11-2001,0,7.2,2001
16-11-2001,0,4.7,2001
17-11-2001,0,1.5,2001
18-11-2001,0,0.9,2001
19-11-2001,0,2.5,2001
20-11-2001,0,4.8,2001
21-11-2001,0,4.5,2001
22-11-2001,0,4.4,2001
23-11-2001,0,5.8,2001
24-11-2001,0,4.3,2001
25-11-2001,0,3.3,2001
26-11-2001,0.5,0.0,2001
27-11-2001,0,5.4,2001
28-11-2001,0,0.2,2001
29-11-2001,0,0.0,2001
30-11-2001,0,0.0,2001
01-12-2001,0.4,0.0,2001
02-12-2001,0,0.2,2001
03-12-2001,0,5.3,2001
04-12-2001,0,5.5,2001
05-12-2001,0,3.3,2001
06-12-2001,0,1.9,2001
07-12-2001,0,1.6,2001
08-12-2001,0,4.6,2001
09-12-2001,0,4.2,2001
10-12-2001,0,3.1,2001
11-12-2001,0,6.1,2001
12-12-2001,0,5.9,2001
13-12-2001,0,4.0,2001
14-12-2001,0,4.8,2001
15-12-2001,0,4.8,2001
16-12-2001,0,5.2,2001
17-12-2001,0,5.0,2001
18-12-2001,0,4.4,2001
19-12-2001,0,4.9,2001
20-12-2001,0,4.4,2001
21-12-2001,0,3.7,2001
22-12-2001,0,4.4,2001
23-12-2001,0,5.9,2001
24-12-2001,0,5.5,2001
25-12-2001,0.3,5.5,2001
26-12-2001,0,0.0,2001
27-12-2001,0,0.0,2001
28-12-2001,0,0.8,2001
29-12-2001,0.3,0.3,2001
30-12-2001,10.4,0.0,2001
31-12-2001,3.2,0.0,2001
01-01-2002,3.4,0.1,2002
02-01-2002,5.8,0.0,2002
03-01-2002,0.9,1.0,2002
04-01-2002,0,2.1,2002
05-01-2002,0,3.7,2002
06-01-2002,0,1.5,2002
07-01-2002,0,3.4,2002
08-01-2002,0,0.2,2002
09-01-2002,0,6.6,2002
10-01-2002,0,8.0,2002
11-01-2002,0,6.4,2002
12-01-2002,2.6,0.0,2002
13-01-2002,0.1,2.3,2002
14-01-2002,1.9,1.0,2002
15-01-2002,0.1,2.8,2002
16-01-2002,0,8.1,2002
17-01-2002,2.6,0.3,2002
18-01-2002,2.4,0.0,2002
19-01-2002,0,4.5,2002
20-01-2002,0,4.7,2002
21-01-2002,14.8,0.8,2002
22-01-2002,13.7,0.1,2002
23-01-2002,18.1,2.1,2002
24-01-2002,0,1.7,2002
25-01-2002,0.7,0.1,2002
26-01-2002,0,4.9,2002
27-01-2002,0,0.5,2002
28-01-2002,0,8.1,2002
29-01-2002,0,0.6,2002
30-01-2002,18.9,0.9,2002
31-01-2002,0,1.3,2002
01-02-2002,0,8.2,2002
02-02-2002,5.3,4.5,2002
03-02-2002,1.6,3.6,2002
04-02-2002,4.5,0.1,2002
05-02-2002,14.6,0.7,2002
06-02-2002,3.2,1.7,2002
07-02-2002,0,1.6,2002
08-02-2002,0,1.8,2002
09-02-2002,0,0.4,2002
10-02-2002,0,4.6,2002
11-02-2002,0,0.0,2002
12-02-2002,0,8.7,2002
13-02-2002,0.2,4.0,2002
14-02-2002,0,8.0,2002
15-02-2002,0,9.0,2002
16-02-2002,0,9.2,2002
17-02-2002,0,9.1,2002
18-02-2002,0,7.6,2002
19-02-2002,0,8.7,2002
20-02-2002,1,0.0,2002
21-02-2002,0,9.4,2002
22-02-2002,0,3.6,2002
23-02-2002,0,6.6,2002
24-02-2002,0,9.5,2002
25-02-2002,0,0.8,2002
26-02-2002,0.3,0.0,2002
27-02-2002,4.3,0.0,2002
28-02-2002,7.3,0.0,2002
01-03-2002,0.6,4.5,2002
02-03-2002,0,5.9,2002
03-03-2002,0,6.5,2002
04-03-2002,0.4,6.0,2002
05-03-2002,0,2.6,2002
06-03-2002,0,2.8,2002
07-03-2002,0,10.0,2002
08-03-2002,0,7.0,2002
09-03-2002,0,4.8,2002
10-03-2002,0,4.5,2002
11-03-2002,4.2,0.0,2002
12-03-2002,6.5,0.8,2002
13-03-2002,2,0.9,2002
14-03-2002,15.6,1.2,2002
15-03-2002,6.5,1.2,2002
16-03-2002,1.6,3.8,2002
17-03-2002,2.3,0.7,2002
18-03-2002,0.2,2.3,2002
19-03-2002,0,0.2,2002
20-03-2002,0,10.6,2002
21-03-2002,0,8.2,2002
22-03-2002,0,10.5,2002
23-03-2002,0,10.6,2002
24-03-2002,0,10.0,2002
25-03-2002,0,10.4,2002
26-03-2002,0,10.1,2002
27-03-2002,0,10.6,2002
28-03-2002,0,9.1,2002
29-03-2002,0,6.8,2002
30-03-2002,0,3.9,2002
31-03-2002,0,8.7,2002
01-04-2002,0,9.4,2002
02-04-2002,6,1.9,2002
03-04-2002,3,4.1,2002
04-04-2002,1.6,7.1,2002
05-04-2002,5.9,1.8,2002
06-04-2002,6,1.9,2002
07-04-2002,0,5.7,2002
08-04-2002,0.1,3.1,2002
09-04-2002,0,0.9,2002
10-04-2002,0,3.3,2002
11-04-2002,0.6,2.0,2002
12-04-2002,0,0.1,2002
13-04-2002,0,8.1,2002
14-04-2002,0,5.4,2002
15-04-2002,0,8.7,2002
16-04-2002,0,9.7,2002
17-04-2002,1.7,1.6,2002
18-04-2002,0,6.7,2002
19-04-2002,0,12.1,2002
20-04-2002,0,12.2,2002
21-04-2002,0,12.3,2002
22-04-2002,0,12.3,2002
23-04-2002,0,12.4,2002
24-04-2002,0,12.4,2002
25-04-2002,0,12.5,2002
26-04-2002,0,10.2,2002
27-04-2002,0,9.5,2002
28-04-2002,0,4.5,2002
29-04-2002,0,8.8,2002
30-04-2002,0.3,8.6,2002
01-05-2002,1.9,2.6,2002
02-05-2002,4.8,4.0,2002
03-05-2002,0,7.4,2002
04-05-2002,2.4,2.8,2002
05-05-2002,0,9.2,2002
06-05-2002,2.4,5.7,2002
07-05-2002,0.2,3.8,2002
08-05-2002,0,0.0,2002
09-05-2002,0,2.6,2002
10-05-2002,3.6,0.6,2002
11-05-2002,0,2.0,2002
12-05-2002,10.9,0.0,2002
13-05-2002,6.2,6.8,2002
14-05-2002,0,7.7,2002
15-05-2002,0,9.3,2002
16-05-2002,6.1,6.9,2002
17-05-2002,4,4.4,2002
18-05-2002,0,3.9,2002
19-05-2002,0,13.1,2002
20-05-2002,0,2.0,2002
21-05-2002,6.6,0.0,2002
22-05-2002,7,3.2,2002
23-05-2002,0,4.2,2002
24-05-2002,1.8,0.6,2002
25-05-2002,0.8,4.8,2002
26-05-2002,0.1,5.3,2002
27-05-2002,0,1.9,2002
28-05-2002,0,1.8,2002
29-05-2002,0,12.8,2002
30-05-2002,0,10.8,2002
31-05-2002,0,8.5,2002
01-06-2002,0,11.6,2002
02-06-2002,0.2,7.3,2002
03-06-2002,0.5,0.6,2002
04-06-2002,10.2,0.0,2002
05-06-2002,3.8,1.1,2002
06-06-2002,7.8,1.7,2002
07-06-2002,5.1,0.4,2002
08-06-2002,0.6,2.5,2002
09-06-2002,0,1.1,2002
10-06-2002,0,11.8,2002
11-06-2002,0,12.0,2002
12-06-2002,0,13.7,2002
13-06-2002,0,13.4,2002
14-06-2002,0,7.7,2002
15-06-2002,0,12.8,2002
16-06-2002,0,14.1,2002
17-06-2002,0,13.3,2002
18-06-2002,0,5.6,2002
19-06-2002,0,2.2,2002
20-06-2002,0,11.3,2002
21-06-2002,0,13.8,2002
22-06-2002,0,7.8,2002
23-06-2002,0,0.1,2002
24-06-2002,0,9.4,2002
25-06-2002,0.5,13.3,2002
26-06-2002,9.7,6.5,2002
27-06-2002,0,0.0,2002
28-06-2002,0,12.6,2002
29-06-2002,0,13.6,2002
30-06-2002,0,9.9,2002
01-07-2002,0,7.1,2002
02-07-2002,0,14.0,2002
03-07-2002,0,2.3,2002
04-07-2002,0,13.4,2002
05-07-2002,0,5.3,2002
06-07-2002,0,12.4,2002
07-07-2002,0,10.6,2002
08-07-2002,0.2,10.4,2002
09-07-2002,4.7,0.1,2002
10-07-2002,0.3,4.9,2002
11-07-2002,0,12.4,2002
12-07-2002,0,4.4,2002
13-07-2002,0,7.6,2002
14-07-2002,0,13.6,2002
15-07-2002,0,13.6,2002
16-07-2002,0,13.6,2002
17-07-2002,0,13.3,2002
18-07-2002,0,13.4,2002
19-07-2002,0,10.3,2002
20-07-2002,0,9.8,2002
21-07-2002,0.8,10.2,2002
22-07-2002,1.5,0.0,2002
23-07-2002,0,11.2,2002
24-07-2002,0,13.2,2002
25-07-2002,0,13.3,2002
26-07-2002,0,9.6,2002
27-07-2002,0,8.2,2002
28-07-2002,0,10.5,2002
29-07-2002,0,9.5,2002
30-07-2002,0,7.4,2002
31-07-2002,0,11.9,2002
01-08-2002,0,12.8,2002
02-08-2002,0,7.0,2002
03-08-2002,0,12.5,2002
04-08-2002,0,10.2,2002
05-08-2002,0,3.8,2002
06-08-2002,0,9.7,2002
07-08-2002,0,12.9,2002
08-08-2002,0,6.8,2002
09-08-2002,0.5,1.1,2002
10-08-2002,0,3.4,2002
11-08-2002,0,12.6,2002
12-08-2002,0,11.2,2002
13-08-2002,0,12.7,2002
14-08-2002,0,12.3,2002
15-08-2002,0,11.5,2002
16-08-2002,0,9.1,2002
17-08-2002,0,12.4,2002
18-08-2002,0,5.8,2002
19-08-2002,0,5.8,2002
20-08-2002,0,11.8,2002
21-08-2002,0,5.0,2002
22-08-2002,0,6.3,2002
23-08-2002,0,8.0,2002
24-08-2002,0,6.1,2002
25-08-2002,0,5.9,2002
26-08-2002,0,3.5,2002
27-08-2002,0,8.6,2002
28-08-2002,0,10.4,2002
29-08-2002,0,11.7,2002
30-08-2002,0,10.9,2002
31-08-2002,0,8.8,2002
01-09-2002,0,11.5,2002
02-09-2002,0,9.4,2002
03-09-2002,0,7.0,2002
04-09-2002,0,2.0,2002
05-09-2002,0,6.1,2002
06-09-2002,0,10.0,2002
07-09-2002,7.3,1.2,2002
08-09-2002,6.1,1.5,2002
09-09-2002,0,4.4,2002
10-09-2002,0,5.7,2002
11-09-2002,0,10.4,2002
12-09-2002,0,8.0,2002
13-09-2002,0,9.3,2002
14-09-2002,1.9,3.6,2002
15-09-2002,0.6,2.6,2002
16-09-2002,20.9,4.3,2002
17-09-2002,11.4,1.3,2002
18-09-2002,7.3,1.7,2002
19-09-2002,17.6,2.2,2002
20-09-2002,1.9,3.2,2002
21-09-2002,96.2,0.9,2002
22-09-2002,1.9,2.8,2002
23-09-2002,0,5.7,2002
24-09-2002,0,8.7,2002
25-09-2002,0,9.1,2002
26-09-2002,0,10.5,2002
27-09-2002,0,9.6,2002
28-09-2002,0,8.5,2002
29-09-2002,0,2.5,2002
30-09-2002,1,0.9,2002
01-10-2002,0,6.2,2002
02-10-2002,0,5.4,2002
03-10-2002,0,5.0,2002
04-10-2002,0,8.4,2002
05-10-2002,0,3.4,2002
06-10-2002,0,7.3,2002
07-10-2002,0,2.6,2002
08-10-2002,12.6,0.3,2002
09-10-2002,8.9,3.6,2002
10-10-2002,0,2.8,2002
11-10-2002,0.6,0.0,2002
12-10-2002,0,4.1,2002
13-10-2002,19.5,0.4,2002
14-10-2002,5.2,0.2,2002
15-10-2002,19.4,0.0,2002
16-10-2002,13.6,0.8,2002
17-10-2002,0,6.1,2002
18-10-2002,0,5.1,2002
19-10-2002,0,5.6,2002
20-10-2002,11.8,1.4,2002
21-10-2002,12,3.3,2002
22-10-2002,18.9,0.7,2002
23-10-2002,1.7,2.2,2002
24-10-2002,14.5,0.3,2002
25-10-2002,0,3.0,2002
26-10-2002,0,5.0,2002
27-10-2002,0,1.7,2002
28-10-2002,0,7.0,2002
29-10-2002,27.8,5.3,2002
30-10-2002,0.2,5.2,2002
31-10-2002,0,2.8,2002
01-11-2002,0,4.1,2002
02-11-2002,18.5,0.0,2002
03-11-2002,0,4.7,2002
04-11-2002,0,0.8,2002
05-11-2002,0,0.0,2002
06-11-2002,0.2,3.5,2002
07-11-2002,0,6.3,2002
08-11-2002,0,1.2,2002
09-11-2002,0,0.0,2002
10-11-2002,1,2.3,2002
11-11-2002,0.6,2.9,2002
12-11-2002,18.8,0.1,2002
13-11-2002,14.4,0.3,2002
14-11-2002,1.7,0.3,2002
15-11-2002,2.7,2.0,2002
16-11-2002,9.3,0.6,2002
17-11-2002,5.7,1.1,2002
18-11-2002,18.4,0.4,2002
19-11-2002,10,0.0,2002
20-11-2002,24.7,2.4,2002
21-11-2002,19.2,2.3,2002
22-11-2002,12.8,2.4,2002
23-11-2002,1.4,2.1,2002
24-11-2002,1.6,0.0,2002
25-11-2002,0,1.7,2002
26-11-2002,0,0.0,2002
27-11-2002,6.3,0.7,2002
28-11-2002,14,4.1,2002
29-11-2002,4.2,0.0,2002
30-11-2002,1.5,0.0,2002
01-12-2002,5.1,0.0,2002
02-12-2002,0,0.1,2002
03-12-2002,1.5,0.0,2002
04-12-2002,0,0.0,2002
05-12-2002,0,5.6,2002
06-12-2002,0,6.2,2002
07-12-2002,0,3.5,2002
08-12-2002,0,0.0,2002
09-12-2002,3.8,0.0,2002
10-12-2002,2.9,0.9,2002
11-12-2002,1.6,2.9,2002
12-12-2002,0.2,2.9,2002
13-12-2002,2,0.0,2002
14-12-2002,4.4,2.3,2002
15-12-2002,0,3.0,2002
16-12-2002,3.5,0.0,2002
17-12-2002,5.1,0.3,2002
18-12-2002,0,2.5,2002
19-12-2002,0.9,2.7,2002
20-12-2002,0,0.1,2002
21-12-2002,0,0.0,2002
22-12-2002,4.8,6.5,2002
23-12-2002,5.2,3.2,2002
24-12-2002,0.4,2.0,2002
25-12-2002,12.5,0.2,2002
26-12-2002,23.5,0.0,2002
27-12-2002,16.4,0.4,2002
28-12-2002,0,3.1,2002
29-12-2002,2.4,0.2,2002
30-12-2002,6,2.1,2002
31-12-2002,8.9,0.2,2002
01-01-2003,27.9,1.0,2003
02-01-2003,1.7,0.0,2003
03-01-2003,5.1,2.5,2003
04-01-2003,0.5,1.7,2003
05-01-2003,15.6,0.4,2003
06-01-2003,9.9,4.8,2003
07-01-2003,10,0.3,2003
08-01-2003,8.4,0.9,2003
09-01-2003,0.1,2.9,2003
10-01-2003,0,5.8,2003
11-01-2003,0,6.0,2003
12-01-2003,0,8.1,2003
13-01-2003,0,8.3,2003
14-01-2003,0,6.1,2003
15-01-2003,0,7.7,2003
16-01-2003,0,5.5,2003
17-01-2003,0.1,0.0,2003
18-01-2003,41.8,0.0,2003
19-01-2003,3.9,2.1,2003
20-01-2003,25.7,0.1,2003
21-01-2003,6.4,4.1,2003
22-01-2003,3.9,0.9,2003
23-01-2003,0,4.9,2003
24-01-2003,0,5.0,2003
25-01-2003,0,1.4,2003
26-01-2003,0,6.2,2003
27-01-2003,0,7.4,2003
28-01-2003,0,1.3,2003
29-01-2003,0.6,1.5,2003
30-01-2003,0.8,1.1,2003
31-01-2003,0,3.7,2003
01-02-2003,0,0.4,2003
02-02-2003,0,0.2,2003
03-02-2003,0.9,0.5,2003
04-02-2003,0.7,0.7,2003
05-02-2003,0.1,0.6,2003
06-02-2003,0,3.7,2003
07-02-2003,0,5.7,2003
08-02-2003,0,2.5,2003
09-02-2003,0,1.1,2003
10-02-2003,5.2,1.0,2003
11-02-2003,1.6,0.0,2003
12-02-2003,0,3.8,2003
13-02-2003,0,4.4,2003
14-02-2003,0,7.9,2003
15-02-2003,0,9.0,2003
16-02-2003,0,7.8,2003
17-02-2003,0.5,4.3,2003
18-02-2003,13.2,0.0,2003
19-02-2003,0.1,1.2,2003
20-02-2003,0,8.3,2003
21-02-2003,1,1.9,2003
22-02-2003,3.2,1.5,2003
23-02-2003,0.1,2.1,2003
24-02-2003,3.2,0.0,2003
25-02-2003,3.3,2.0,2003
26-02-2003,16.1,0.4,2003
27-02-2003,3.6,0.3,2003
28-02-2003,16.9,0.0,2003
01-03-2003,0,5.5,2003
02-03-2003,1.1,0.4,2003
03-03-2003,0,1.6,2003
04-03-2003,0,9.0,2003
05-03-2003,7.2,1.3,2003
06-03-2003,0,7.5,2003
07-03-2003,0,1.9,2003
08-03-2003,0,8.7,2003
09-03-2003,0,6.9,2003
10-03-2003,0,9.3,2003
11-03-2003,0,3.7,2003
12-03-2003,0,3.8,2003
13-03-2003,0.3,0.2,2003
14-03-2003,0,9.1,2003
15-03-2003,0,2.8,2003
16-03-2003,0,8.4,2003
17-03-2003,0,4.1,2003
18-03-2003,0,10.0,2003
19-03-2003,0,10.3,2003
20-03-2003,0,10.2,2003
21-03-2003,0,10.4,2003
22-03-2003,0,7.4,2003
23-03-2003,0.3,0.0,2003
24-03-2003,8.7,0.5,2003
25-03-2003,11.4,0.0,2003
26-03-2003,6.5,0.0,2003
27-03-2003,0.3,3.0,2003
28-03-2003,15.4,0.1,2003
29-03-2003,7.7,1.4,2003
30-03-2003,39.1,1.4,2003
31-03-2003,0,7.5,2003
01-04-2003,0,8.1,2003
02-04-2003,0.1,0.9,2003
03-04-2003,0,11.1,2003
04-04-2003,0,11.3,2003
05-04-2003,0,11.4,2003
06-04-2003,0,11.4,2003
07-04-2003,0,11.5,2003
08-04-2003,0,11.3,2003
09-04-2003,0,5.4,2003
10-04-2003,6.6,1.9,2003
11-04-2003,8.7,4.5,2003
12-04-2003,0,0.4,2003
13-04-2003,1.1,0.2,2003
14-04-2003,1,2.3,2003
15-04-2003,0,8.1,2003
16-04-2003,0,10.2,2003
17-04-2003,18.3,0.2,2003
18-04-2003,19.3,1.6,2003
19-04-2003,6.8,0.0,2003
20-04-2003,1.9,0.1,2003
21-04-2003,0,10.2,2003
22-04-2003,1,8.0,2003
23-04-2003,1.7,1.5,2003
24-04-2003,4.2,0.0,2003
25-04-2003,3.6,0.0,2003
26-04-2003,0.1,8.6,2003
27-04-2003,0.4,4.6,2003
28-04-2003,2.3,4.0,2003
29-04-2003,12,0.7,2003
30-04-2003,0.2,8.1,2003
01-05-2003,2.6,3.8,2003
02-05-2003,0,6.6,2003
03-05-2003,0,9.9,2003
04-05-2003,1.1,6.2,2003
05-05-2003,0.3,2.0,2003
06-05-2003,0,10.0,2003
07-05-2003,0,7.9,2003
08-05-2003,0,11.9,2003
09-05-2003,0,11.9,2003
10-05-2003,0,12.4,2003
11-05-2003,0,12.8,2003
12-05-2003,0,5.3,2003
13-05-2003,0,12.9,2003
14-05-2003,0,13.2,2003
15-05-2003,0,11.7,2003
16-05-2003,0,5.4,2003
17-05-2003,0,0.7,2003
18-05-2003,0.9,1.8,2003
19-05-2003,1,8.7,2003
20-05-2003,0,13.1,2003
21-05-2003,0,13.5,2003
22-05-2003,0,13.5,2003
23-05-2003,0,9.8,2003
24-05-2003,0,5.5,2003
25-05-2003,0,9.2,2003
26-05-2003,0,13.6,2003
27-05-2003,0,13.4,2003
28-05-2003,0,13.6,2003
29-05-2003,0,13.0,2003
30-05-2003,1.1,1.9,2003
31-05-2003,0,11.4,2003
01-06-2003,3.7,0.4,2003
02-06-2003,0.8,2.6,2003
03-06-2003,6.9,2.6,2003
04-06-2003,0.7,0.4,2003
05-06-2003,0,13.5,2003
06-06-2003,0,13.6,2003
07-06-2003,0,7.8,2003
08-06-2003,0,9.9,2003
09-06-2003,0,11.3,2003
10-06-2003,0,3.7,2003
11-06-2003,0,13.1,2003
12-06-2003,0,10.0,2003
13-06-2003,0,9.7,2003
14-06-2003,0,12.4,2003
15-06-2003,0,9.3,2003
16-06-2003,0,6.7,2003
17-06-2003,0,5.6,2003
18-06-2003,0,11.4,2003
19-06-2003,0,14.1,2003
20-06-2003,0,13.6,2003
21-06-2003,0,12.6,2003
22-06-2003,0,7.8,2003
23-06-2003,0,8.5,2003
24-06-2003,0,0.2,2003
25-06-2003,0,9.2,2003
26-06-2003,0,9.5,2003
27-06-2003,0,11.9,2003
28-06-2003,0.2,13.7,2003
29-06-2003,31.6,0.0,2003
30-06-2003,10.9,3.6,2003
01-07-2003,0,1.5,2003
02-07-2003,1.6,1.2,2003
03-07-2003,0,7.8,2003
04-07-2003,0,13.5,2003
05-07-2003,0,5.9,2003
06-07-2003,0,8.1,2003
07-07-2003,0,8.6,2003
08-07-2003,0,13.1,2003
09-07-2003,0,8.9,2003
10-07-2003,0,11.8,2003
11-07-2003,0,9.6,2003
12-07-2003,0,9.8,2003
13-07-2003,0,0.0,2003
14-07-2003,1.9,1.9,2003
15-07-2003,3.8,0.0,2003
16-07-2003,0,4.5,2003
17-07-2003,0,12.7,2003
18-07-2003,0.7,13.5,2003
19-07-2003,0,10.4,2003
20-07-2003,0,11.2,2003
21-07-2003,0,13.5,2003
22-07-2003,0,9.0,2003
23-07-2003,0,6.0,2003
24-07-2003,0,11.4,2003
25-07-2003,0,3.0,2003
26-07-2003,11.7,4.0,2003
27-07-2003,0,10.4,2003
28-07-2003,0,13.3,2003
29-07-2003,0,13.3,2003
30-07-2003,0,12.9,2003
31-07-2003,0,11.7,2003
01-08-2003,0,12.6,2003
02-08-2003,0,4.3,2003
03-08-2003,0,9.1,2003
04-08-2003,0,12.0,2003
05-08-2003,0,11.4,2003
06-08-2003,0,12.4,2003
07-08-2003,0,11.8,2003
08-08-2003,0,10.7,2003
09-08-2003,0,11.2,2003
10-08-2003,0,11.1,2003
11-08-2003,0,12.0,2003
12-08-2003,1.8,5.4,2003
13-08-2003,0,11.2,2003
14-08-2003,0,10.4,2003
15-08-2003,0,0.3,2003
16-08-2003,0,8.4,2003
17-08-2003,0,6.9,2003
18-08-2003,0,10.5,2003
19-08-2003,0,9.5,2003
20-08-2003,0,9.5,2003
21-08-2003,0,12.1,2003
22-08-2003,0,7.8,2003
23-08-2003,0,9.5,2003
24-08-2003,0,11.1,2003
25-08-2003,0.2,4.6,2003
26-08-2003,0.8,11.2,2003
27-08-2003,2.1,7.5,2003
28-08-2003,11.2,0.5,2003
29-08-2003,0.4,2.4,2003
30-08-2003,0,6.8,2003
31-08-2003,0,0.3,2003
01-09-2003,0,2.8,2003
02-09-2003,0,6.0,2003
03-09-2003,0,7.3,2003
04-09-2003,0,8.9,2003
05-09-2003,0,11.2,2003
06-09-2003,0,7.4,2003
07-09-2003,0,0.6,2003
08-09-2003,1.1,0.8,2003
09-09-2003,0,10.9,2003
10-09-2003,0,11.2,2003
11-09-2003,0,11.1,2003
12-09-2003,0,10.9,2003
13-09-2003,0,11.0,2003
14-09-2003,0,11.0,2003
15-09-2003,0,10.8,2003
16-09-2003,0,10.5,2003
17-09-2003,0,10.7,2003
18-09-2003,0,10.5,2003
19-09-2003,0,10.3,2003
20-09-2003,0.3,8.3,2003
21-09-2003,0.5,6.2,2003
22-09-2003,1.1,0.6,2003
23-09-2003,0,10.0,2003
24-09-2003,0,9.6,2003
25-09-2003,0,8.2,2003
26-09-2003,0,0.0,2003
27-09-2003,0,4.9,2003
28-09-2003,0,3.6,2003
29-09-2003,0.7,3.9,2003
30-09-2003,12.6,0.3,2003
01-10-2003,10.5,1.1,2003
02-10-2003,8.2,0.7,2003
03-10-2003,1.4,4.5,2003
04-10-2003,0,3.1,2003
05-10-2003,0,7.5,2003
06-10-2003,0,10.0,2003
07-10-2003,0,9.9,2003
08-10-2003,0,10.0,2003
09-10-2003,0,9.2,2003
10-10-2003,0,8.2,2003
11-10-2003,13.2,1.1,2003
12-10-2003,5.2,0.0,2003
13-10-2003,0,4.3,2003
14-10-2003,0,6.0,2003
15-10-2003,3.8,2.1,2003
16-10-2003,0.5,5.0,2003
17-10-2003,0.1,4.4,2003
18-10-2003,25.2,1.1,2003
19-10-2003,14.6,1.8,2003
20-10-2003,1.1,0.7,2003
21-10-2003,0,9.0,2003
22-10-2003,0.6,0.9,2003
23-10-2003,0,6.0,2003
24-10-2003,0,0.5,2003
25-10-2003,0.9,0.0,2003
26-10-2003,0.1,0.6,2003
27-10-2003,8.4,1.1,2003
28-10-2003,1.1,0.5,2003
29-10-2003,0.7,0.7,2003
30-10-2003,37.5,0.0,2003
31-10-2003,11.8,1.0,2003
01-11-2003,0,3.4,2003
02-11-2003,0,0.3,2003
03-11-2003,0,0.0,2003
04-11-2003,0,5.2,2003
05-11-2003,0.9,0.0,2003
06-11-2003,0,6.4,2003
07-11-2003,0.7,6.2,2003
08-11-2003,3.5,4.2,2003
09-11-2003,4.5,2.4,2003
10-11-2003,1.2,0.3,2003
11-11-2003,7.7,2.5,2003
12-11-2003,0,1.8,2003
13-11-2003,15,1.7,2003
14-11-2003,27.3,0.5,2003
15-11-2003,4.7,1.0,2003
16-11-2003,0.1,5.4,2003
17-11-2003,0,8.3,2003
18-11-2003,0,6.7,2003
19-11-2003,0,7.8,2003
20-11-2003,0,2.1,2003
21-11-2003,13.1,0.0,2003
22-11-2003,0.1,0.0,2003
23-11-2003,9.9,0.3,2003
24-11-2003,0,6.6,2003
25-11-2003,0,0.8,2003
26-11-2003,12,0.8,2003
27-11-2003,0.6,3.3,2003
28-11-2003,0.2,0.1,2003
29-11-2003,9.3,0.3,2003
30-11-2003,26.5,0.6,2003
01-12-2003,1.3,0.9,2003
02-12-2003,4.9,0.7,2003
03-12-2003,2.5,0.4,2003
04-12-2003,0,0.0,2003
05-12-2003,0.1,2.8,2003
06-12-2003,0,1.3,2003
07-12-2003,0.7,0.3,2003
08-12-2003,4.4,1.1,2003
09-12-2003,12.6,0.0,2003
10-12-2003,0,3.6,2003
11-12-2003,0.5,0.0,2003
12-12-2003,0,5.7,2003
13-12-2003,0,3.7,2003
14-12-2003,0,4.9,2003
15-12-2003,0,4.3,2003
16-12-2003,0,3.9,2003
17-12-2003,0.9,0.2,2003
18-12-2003,4.4,0.7,2003
19-12-2003,0,0.0,2003
20-12-2003,0,0.9,2003
21-12-2003,0,1.5,2003
22-12-2003,0,5.8,2003
23-12-2003,0,8.2,2003
24-12-2003,0,8.2,2003
25-12-2003,0,4.7,2003
26-12-2003,1.8,1.2,2003
27-12-2003,12.6,0.4,2003
28-12-2003,1,3.5,2003
29-12-2003,6.9,0.0,2003
30-12-2003,0,0.4,2003
31-12-2003,1.4,0.1,2003
01-01-2004,0.6,2.5,2004
02-01-2004,0,3.7,2004
03-01-2004,0,1.1,2004
04-01-2004,0,3.5,2004
05-01-2004,0,4.0,2004
06-01-2004,0,4.6,2004
07-01-2004,0.1,0.4,2004
08-01-2004,0.6,0.3,2004
09-01-2004,1,0.0,2004
10-01-2004,1.2,0.0,2004
11-01-2004,2.4,0.7,2004
12-01-2004,0,1.2,2004
13-01-2004,5.8,0.1,2004
14-01-2004,2.5,1.5,2004
15-01-2004,0,2.6,2004
16-01-2004,1.4,0.0,2004
17-01-2004,0.7,0.1,2004
18-01-2004,0,4.6,2004
19-01-2004,0,8.2,2004
20-01-2004,0,4.5,2004
21-01-2004,0,6.0,2004
22-01-2004,0,3.3,2004
23-01-2004,0.4,0.0,2004
24-01-2004,0.3,0.0,2004
25-01-2004,12,0.0,2004
26-01-2004,10.8,0.0,2004
27-01-2004,6.3,0.6,2004
28-01-2004,0,4.9,2004
29-01-2004,0.8,1.2,2004
30-01-2004,7.7,0.0,2004
31-01-2004,0.8,0.9,2004
01-02-2004,0.2,3.8,2004
02-02-2004,0,4.9,2004
03-02-2004,0,8.2,2004
04-02-2004,0,4.5,2004
05-02-2004,0,5.8,2004
06-02-2004,0.3,1.3,2004
07-02-2004,0,6.4,2004
08-02-2004,0,8.3,2004
09-02-2004,0,7.3,2004
10-02-2004,0,7.0,2004
11-02-2004,0,8.9,2004
12-02-2004,0,8.9,2004
13-02-2004,0,8.6,2004
14-02-2004,0,5.6,2004
15-02-2004,0,4.0,2004
16-02-2004,0,1.0,2004
17-02-2004,0,7.4,2004
18-02-2004,0,7.4,2004
19-02-2004,0,9.1,2004
20-02-2004,0,9.3,2004
21-02-2004,0,6.7,2004
22-02-2004,0.3,1.1,2004
23-02-2004,0,8.6,2004
24-02-2004,2.4,0.1,2004
25-02-2004,0.5,4.3,2004
26-02-2004,1.3,5.2,2004
27-02-2004,2.3,4.2,2004
28-02-2004,2.5,3.8,2004
29-02-2004,0,2.9,2004
01-03-2004,0,9.6,2004
02-03-2004,0,5.8,2004
03-03-2004,0,0.0,2004
04-03-2004,0,1.1,2004
05-03-2004,3.8,0.0,2004
06-03-2004,0,4.2,2004
07-03-2004,0,9.6,2004
08-03-2004,0.6,6.4,2004
09-03-2004,0.6,0.0,2004
10-03-2004,3.8,3.6,2004
11-03-2004,15,0.0,2004
12-03-2004,2.9,3.2,2004
13-03-2004,0,6.4,2004
14-03-2004,0,6.5,2004
15-03-2004,0,8.3,2004
16-03-2004,0,10.1,2004
17-03-2004,0.5,4.7,2004
18-03-2004,0,5.7,2004
19-03-2004,0,1.2,2004
20-03-2004,0,4.3,2004
21-03-2004,0.1,5.9,2004
22-03-2004,0,5.8,2004
23-03-2004,5,0.5,2004
24-03-2004,0.7,3.8,2004
25-03-2004,0,8.8,2004
26-03-2004,0,10.0,2004
27-03-2004,0,10.9,2004
28-03-2004,0.1,9.9,2004
29-03-2004,0.6,0.0,2004
30-03-2004,1,0.1,2004
31-03-2004,8.5,0.7,2004
01-04-2004,6.7,2.6,2004
02-04-2004,4.2,2.6,2004
03-04-2004,0,5.0,2004
04-04-2004,0,8.6,2004
05-04-2004,0,11.2,2004
06-04-2004,0,9.5,2004
07-04-2004,0,11.3,2004
08-04-2004,0,8.9,2004
09-04-2004,0,8.6,2004
10-04-2004,0,10.2,2004
11-04-2004,0,11.5,2004
12-04-2004,0,11.8,2004
13-04-2004,0,11.9,2004
14-04-2004,0,12.0,2004
15-04-2004,0,11.6,2004
16-04-2004,0,0.0,2004
17-04-2004,0.7,4.6,2004
18-04-2004,1.6,3.9,2004
19-04-2004,0.4,1.1,2004
20-04-2004,0.7,0.2,2004
21-04-2004,16.2,0.8,2004
22-04-2004,0,5.3,2004
23-04-2004,0,12.4,2004
24-04-2004,0,12.5,2004
25-04-2004,0,12.1,2004
26-04-2004,0,12.4,2004
27-04-2004,0,12.6,2004
28-04-2004,0,7.4,2004
29-04-2004,0.8,2.2,2004
30-04-2004,5.2,2.0,2004
01-05-2004,1,4.9,2004
02-05-2004,0,2.3,2004
03-05-2004,0,11.3,2004
04-05-2004,4.4,1.3,2004
05-05-2004,2.2,0.1,2004
06-05-2004,0.8,3.8,2004
07-05-2004,0.6,7.0,2004
08-05-2004,2.7,9.9,2004
09-05-2004,2.8,0.2,2004
10-05-2004,1.7,7.8,2004
11-05-2004,0,12.4,2004
12-05-2004,0,12.9,2004
13-05-2004,0,13.1,2004
14-05-2004,0,13.1,2004
15-05-2004,0,13.3,2004
16-05-2004,0,13.0,2004
17-05-2004,0,13.2,2004
18-05-2004,0.1,8.5,2004
19-05-2004,0.4,11.5,2004
20-05-2004,1.3,7.7,2004
21-05-2004,0.1,7.5,2004
22-05-2004,29.7,7.0,2004
23-05-2004,0,10.8,2004
24-05-2004,1.6,5.3,2004
25-05-2004,2.5,0.4,2004
26-05-2004,0,4.5,2004
27-05-2004,0,8.6,2004
28-05-2004,0,0.6,2004
29-05-2004,0,3.2,2004
30-05-2004,0,11.0,2004
31-05-2004,0,11.8,2004
01-06-2004,0,11.7,2004
02-06-2004,0,9.3,2004
03-06-2004,0,13.9,2004
04-06-2004,0,14.0,2004
05-06-2004,0,13.7,2004
06-06-2004,0,7.1,2004
07-06-2004,0,8.0,2004
08-06-2004,0,12.8,2004
09-06-2004,0,11.4,2004
10-06-2004,0,12.6,2004
11-06-2004,0,13.0,2004
12-06-2004,0,9.9,2004
13-06-2004,0,13.7,2004
14-06-2004,0,13.1,2004
15-06-2004,0,14.1,2004
16-06-2004,0,14.1,2004
17-06-2004,0,13.9,2004
18-06-2004,0,11.6,2004
19-06-2004,0,2.3,2004
20-06-2004,0.3,6.3,2004
21-06-2004,5.6,6.5,2004
22-06-2004,0,1.7,2004
23-06-2004,0.8,8.6,2004
24-06-2004,0,6.2,2004
25-06-2004,0,10.8,2004
26-06-2004,0,13.1,2004
27-06-2004,0,11.5,2004
28-06-2004,0,10.2,2004
29-06-2004,0,11.8,2004
30-06-2004,0,9.0,2004
01-07-2004,0,11.0,2004
02-07-2004,0,12.5,2004
03-07-2004,0,11.3,2004
04-07-2004,0,13.3,2004
05-07-2004,0,12.3,2004
06-07-2004,0,0.5,2004
07-07-2004,7.7,4.5,2004
08-07-2004,0,3.1,2004
09-07-2004,0.1,1.4,2004
10-07-2004,0,2.7,2004
11-07-2004,0,12.6,2004
12-07-2004,0,13.8,2004
13-07-2004,0,13.7,2004
14-07-2004,0,13.6,2004
15-07-2004,0,13.5,2004
16-07-2004,0,13.0,2004
17-07-2004,0,6.2,2004
18-07-2004,0,7.8,2004
19-07-2004,0,4.9,2004
20-07-2004,0,6.4,2004
21-07-2004,0,11.3,2004
22-07-2004,0,7.7,2004
23-07-2004,0,9.7,2004
24-07-2004,0,12.1,2004
25-07-2004,0,13.0,2004
26-07-2004,0,12.5,2004
27-07-2004,0,11.8,2004
28-07-2004,0,11.4,2004
29-07-2004,0,9.6,2004
30-07-2004,0,13.0,2004
31-07-2004,0,11.5,2004
01-08-2004,0,10.6,2004
02-08-2004,0,7.3,2004
03-08-2004,0.1,2.8,2004
04-08-2004,0,11.1,2004
05-08-2004,0,7.3,2004
06-08-2004,0,8.1,2004
07-08-2004,0,11.1,2004
08-08-2004,6.8,1.3,2004
09-08-2004,3.8,3.7,2004
10-08-2004,3.3,1.2,2004
11-08-2004,4.2,0.9,2004
12-08-2004,0.1,5.4,2004
13-08-2004,0,11.6,2004
14-08-2004,0,10.3,2004
15-08-2004,0,5.1,2004
16-08-2004,8.3,5.9,2004
17-08-2004,7.1,2.9,2004
18-08-2004,0.3,4.3,2004
19-08-2004,2,4.2,2004
20-08-2004,1.8,8.2,2004
21-08-2004,0,9.6,2004
22-08-2004,0,7.9,2004
23-08-2004,0,10.7,2004
24-08-2004,0,9.0,2004
25-08-2004,0,9.9,2004
26-08-2004,0,12.0,2004
27-08-2004,0,8.1,2004
28-08-2004,0,10.6,2004
29-08-2004,0,7.7,2004
30-08-2004,0,9.2,2004
31-08-2004,0,7.4,2004
01-09-2004,0,3.5,2004
02-09-2004,0,3.9,2004
03-09-2004,2.9,5.7,2004
04-09-2004,17.5,5.5,2004
05-09-2004,4.4,3.5,2004
06-09-2004,1.1,1.4,2004
07-09-2004,0.7,5.5,2004
08-09-2004,2.7,1.9,2004
09-09-2004,0,5.3,2004
10-09-2004,0,1.3,2004
11-09-2004,0,1.1,2004
12-09-2004,0,7.8,2004
13-09-2004,1,1.1,2004
14-09-2004,0.4,4.2,2004
15-09-2004,0,10.6,2004
16-09-2004,0,10.9,2004
17-09-2004,0,10.7,2004
18-09-2004,0,5.9,2004
19-09-2004,0,7.1,2004
20-09-2004,0,8.3,2004
21-09-2004,0,7.5,2004
22-09-2004,0,9.6,2004
23-09-2004,0,10.6,2004
24-09-2004,0,9.6,2004
25-09-2004,0,10.5,2004
26-09-2004,0,10.5,2004
27-09-2004,0,10.5,2004
28-09-2004,0,9.8,2004
29-09-2004,0,10.3,2004
30-09-2004,0,9.1,2004
01-10-2004,0,5.7,2004
02-10-2004,0,5.4,2004
03-10-2004,0,7.9,2004
04-10-2004,1.8,10.1,2004
05-10-2004,34.6,0.0,2004
06-10-2004,0,1.0,2004
07-10-2004,0.1,3.1,2004
08-10-2004,7.5,3.3,2004
09-10-2004,31.1,1.4,2004
10-10-2004,5.3,0.5,2004
11-10-2004,1.5,2.2,2004
12-10-2004,0,4.4,2004
13-10-2004,2.7,0.3,2004
14-10-2004,1.8,1.6,2004
15-10-2004,1,1.6,2004
16-10-2004,0.7,0.3,2004
17-10-2004,0.5,0.0,2004
18-10-2004,42.5,0.0,2004
19-10-2004,28.2,0.1,2004
20-10-2004,0.7,3.7,2004
21-10-2004,0,9.1,2004
22-10-2004,0,7.0,2004
23-10-2004,9.9,8.1,2004
24-10-2004,3.3,2.1,2004
25-10-2004,2.5,1.9,2004
26-10-2004,8.8,0.1,2004
27-10-2004,6.7,4.6,2004
28-10-2004,10.1,3.1,2004
29-10-2004,14.3,2.4,2004
30-10-2004,4.6,0.6,2004
31-10-2004,0,7.0,2004
01-11-2004,0,6.3,2004
02-11-2004,0.7,0.1,2004
03-11-2004,10.2,0.4,2004
04-11-2004,0,5.6,2004
05-11-2004,0,8.7,2004
06-11-2004,0,8.5,2004
07-11-2004,0,7.1,2004
08-11-2004,0,7.6,2004
09-11-2004,0,2.5,2004
10-11-2004,0,3.7,2004
11-11-2004,0.4,1.8,2004
12-11-2004,0,4.3,2004
13-11-2004,0,7.9,2004
14-11-2004,0,8.3,2004
15-11-2004,0,8.3,2004
16-11-2004,0,6.9,2004
17-11-2004,0,5.2,2004
18-11-2004,0,1.5,2004
19-11-2004,0,5.7,2004
20-11-2004,0,6.3,2004
21-11-2004,0,3.2,2004
22-11-2004,0,4.0,2004
23-11-2004,0,2.0,2004
24-11-2004,0,3.2,2004
25-11-2004,0,0.6,2004
26-11-2004,0,6.5,2004
27-11-2004,0.2,1.3,2004
28-11-2004,0.6,0.0,2004
29-11-2004,0,3.2,2004
30-11-2004,18.6,0.0,2004
01-12-2004,22.1,0.0,2004
02-12-2004,2.2,0.0,2004
03-12-2004,0,2.8,2004
04-12-2004,0,5.5,2004
05-12-2004,0,4.4,2004
06-12-2004,0,4.9,2004
07-12-2004,0,4.5,2004
08-12-2004,0,6.2,2004
09-12-2004,0,5.4,2004
10-12-2004,0,5.7,2004
11-12-2004,0,5.4,2004
12-12-2004,0,4.2,2004
13-12-2004,0,0.0,2004
14-12-2004,0,4.9,2004
15-12-2004,0,1.7,2004
16-12-2004,0,0.1,2004
17-12-2004,0.2,0.0,2004
18-12-2004,0.2,0.0,2004
19-12-2004,0.3,0.3,2004
20-12-2004,0,1.2,2004
21-12-2004,1,3.4,2004
22-12-2004,0,8.0,2004
23-12-2004,0,7.9,2004
24-12-2004,1.8,0.0,2004
25-12-2004,7.1,2.8,2004
26-12-2004,1.1,4.2,2004
27-12-2004,0.5,6.6,2004
28-12-2004,5.6,0.1,2004
29-12-2004,0,3.5,2004
30-12-2004,0,4.7,2004
31-12-2004,0,1.9,2004
01-01-2005,0,0.0,2005
02-01-2005,0,3.6,2005
03-01-2005,0,7.6,2005
04-01-2005,0,3.7,2005
05-01-2005,0,2.6,2005
06-01-2005,0,7.9,2005
07-01-2005,0,4.9,2005
08-01-2005,0,5.3,2005
09-01-2005,0,8.2,2005
10-01-2005,0,1.5,2005
11-01-2005,1.7,0.0,2005
12-01-2005,8.5,0.0,2005
13-01-2005,6.8,0.0,2005
14-01-2005,0,6.6,2005
15-01-2005,0,0.3,2005
16-01-2005,0,8.1,2005
17-01-2005,0,5.7,2005
18-01-2005,0.2,0.8,2005
19-01-2005,0,1.8,2005
20-01-2005,0,8.0,2005
21-01-2005,0,2.6,2005
22-01-2005,0,5.4,2005
23-01-2005,0,5.6,2005
24-01-2005,0,8.2,2005
25-01-2005,0,6.3,2005
26-01-2005,0,4.8,2005
27-01-2005,0,3.7,2005
28-01-2005,0.3,3.2,2005
29-01-2005,0,4.8,2005
30-01-2005,0,8.5,2005
31-01-2005,0,8.5,2005
01-02-2005,0,8.5,2005
02-02-2005,0,8.6,2005
03-02-2005,0,8.6,2005
04-02-2005,0,8.4,2005
05-02-2005,0,3.3,2005
06-02-2005,0,5.6,2005
07-02-2005,0,5.3,2005
08-02-2005,0,8.1,2005
09-02-2005,0,8.9,2005
10-02-2005,0,8.9,2005
11-02-2005,0,6.9,2005
12-02-2005,0,3.7,2005
13-02-2005,0,3.4,2005
14-02-2005,0,5.9,2005
15-02-2005,0,1.8,2005
16-02-2005,0,9.2,2005
17-02-2005,0,7.2,2005
18-02-2005,0,9.3,2005
19-02-2005,0,8.2,2005
20-02-2005,0.1,4.0,2005
21-02-2005,1.4,2.9,2005
22-02-2005,1.5,0.1,2005
23-02-2005,0,0.0,2005
24-02-2005,0,8.9,2005
25-02-2005,0.1,4.5,2005
26-02-2005,0.1,4.1,2005
27-02-2005,0,8.2,2005
28-02-2005,0,9.7,2005
01-03-2005,0,9.8,2005
02-03-2005,0.5,5.3,2005
03-03-2005,0,4.9,2005
04-03-2005,0,4.8,2005
05-03-2005,0,2.2,2005
06-03-2005,0.1,5.2,2005
07-03-2005,0,10.1,2005
08-03-2005,0,10.1,2005
09-03-2005,0,9.6,2005
10-03-2005,0,9.8,2005
11-03-2005,0,8.8,2005
12-03-2005,0,7.1,2005
13-03-2005,0,9.1,2005
14-03-2005,0,6.6,2005
15-03-2005,0,8.4,2005
16-03-2005,0,3.9,2005
17-03-2005,0,8.2,2005
18-03-2005,0,9.0,2005
19-03-2005,0.1,3.3,2005
20-03-2005,23.4,0.0,2005
21-03-2005,2.8,0.2,2005
22-03-2005,0,7.6,2005
23-03-2005,6.9,2.8,2005
24-03-2005,0,2.9,2005
25-03-2005,12,1.5,2005
26-03-2005,18,0.7,2005
27-03-2005,2,4.5,2005
28-03-2005,2.2,0.9,2005
29-03-2005,0.1,0.5,2005
30-03-2005,0,0.6,2005
31-03-2005,0,8.6,2005
01-04-2005,7.4,1.6,2005
02-04-2005,4.7,3.1,2005
03-04-2005,1.8,1.2,2005
04-04-2005,0,2.8,2005
05-04-2005,0,7.3,2005
06-04-2005,0,4.1,2005
07-04-2005,2.4,1.7,2005
08-04-2005,0,9.1,2005
09-04-2005,0,9.7,2005
10-04-2005,0,11.8,2005
11-04-2005,0,11.8,2005
12-04-2005,0,11.9,2005
13-04-2005,0.6,8.9,2005
14-04-2005,4.3,2.2,2005
15-04-2005,2.2,3.1,2005
16-04-2005,0.1,2.0,2005
17-04-2005,3.2,0.4,2005
18-04-2005,11,4.9,2005
19-04-2005,1.2,2.0,2005
20-04-2005,0.7,0.0,2005
21-04-2005,0,0.2,2005
22-04-2005,2,4.5,2005
23-04-2005,5.6,3.2,2005
24-04-2005,2.9,4.3,2005
25-04-2005,0,2.5,2005
26-04-2005,0,3.2,2005
27-04-2005,0,9.9,2005
28-04-2005,0,9.8,2005
29-04-2005,0,9.0,2005
30-04-2005,0,11.6,2005
01-05-2005,1.4,2.5,2005
02-05-2005,3.1,3.1,2005
03-05-2005,0,4.6,2005
04-05-2005,0,7.2,2005
05-05-2005,0,13.0,2005
06-05-2005,0,13.0,2005
07-05-2005,0,9.5,2005
08-05-2005,0,10.9,2005
09-05-2005,2.5,3.2,2005
10-05-2005,5.2,3.6,2005
11-05-2005,6.5,3.5,2005
12-05-2005,2.2,7.6,2005
13-05-2005,1.2,5.1,2005
14-05-2005,6.5,1.1,2005
15-05-2005,15.8,1.5,2005
16-05-2005,1,1.0,2005
17-05-2005,0,3.9,2005
18-05-2005,0,11.3,2005
19-05-2005,0,9.5,2005
20-05-2005,2.1,5.1,2005
21-05-2005,2.7,5.5,2005
22-05-2005,0.4,7.7,2005
23-05-2005,0,12.3,2005
24-05-2005,0,12.5,2005
25-05-2005,0,13.3,2005
26-05-2005,0,12.8,2005
27-05-2005,0,10.1,2005
28-05-2005,0,8.2,2005
29-05-2005,0,1.9,2005
30-05-2005,0,13.2,2005
31-05-2005,0,13.8,2005
01-06-2005,0,13.9,2005
02-06-2005,0,12.1,2005
03-06-2005,0,10.9,2005
04-06-2005,0,10.6,2005
05-06-2005,0,14.0,2005
06-06-2005,0,14.0,2005
07-06-2005,0,13.9,2005
08-06-2005,0,13.7,2005
09-06-2005,0,13.5,2005
10-06-2005,0,8.8,2005
11-06-2005,0,10.7,2005
12-06-2005,0,3.1,2005
13-06-2005,5.2,0.4,2005
14-06-2005,0,4.9,2005
15-06-2005,0,2.6,2005
16-06-2005,0,13.4,2005
17-06-2005,0,13.1,2005
18-06-2005,0,12.8,2005
19-06-2005,0,7.6,2005
20-06-2005,0,10.3,2005
21-06-2005,0,8.9,2005
22-06-2005,0,13.6,2005
23-06-2005,0,10.1,2005
24-06-2005,0,0.3,2005
25-06-2005,0,7.2,2005
26-06-2005,0,8.3,2005
27-06-2005,0,10.9,2005
28-06-2005,20,0.0,2005
29-06-2005,2,4.2,2005
30-06-2005,0,6.5,2005
01-07-2005,0,14.0,2005
02-07-2005,0,14.0,2005
03-07-2005,0,2.4,2005
04-07-2005,0,13.9,2005
05-07-2005,0,10.7,2005
06-07-2005,0,10.8,2005
07-07-2005,0,14.0,2005
08-07-2005,0,13.8,2005
09-07-2005,0,13.9,2005
10-07-2005,0,13.9,2005
11-07-2005,0,13.8,2005
12-07-2005,0,13.5,2005
13-07-2005,0,12.2,2005
14-07-2005,0,13.2,2005
15-07-2005,0,10.5,2005
16-07-2005,0,,2005
17-07-2005,0,,2005
18-07-2005,0,,2005
19-07-2005,0,11.3,2005
20-07-2005,0,13.4,2005
21-07-2005,0,11.7,2005
22-07-2005,0,8.4,2005
23-07-2005,0,10.6,2005
24-07-2005,0,1.0,2005
25-07-2005,0,2.1,2005
26-07-2005,0.5,1.6,2005
27-07-2005,7.9,2.7,2005
28-07-2005,1.1,2.2,2005
29-07-2005,0,6.2,2005
30-07-2005,0,11.9,2005
31-07-2005,0,11.5,2005
01-08-2005,0,13.2,2005
02-08-2005,0,13.1,2005
03-08-2005,0,13.0,2005
04-08-2005,0,13.1,2005
05-08-2005,0,12.3,2005
06-08-2005,0,12.3,2005
07-08-2005,0,11.2,2005
08-08-2005,0,,2005
09-08-2005,7.8,,2005
10-08-2005,3.8,,2005
11-08-2005,0,,2005
12-08-2005,0,,2005
13-08-2005,0,,2005
14-08-2005,0,,2005
15-08-2005,0.6,,2005
16-08-2005,0,,2005
17-08-2005,0,,2005
18-08-2005,0,,2005
19-08-2005,0,,2005
20-08-2005,0,,2005
21-08-2005,0,,2005
22-08-2005,0,,2005
23-08-2005,0,,2005
24-08-2005,0,,2005
25-08-2005,0,,2005
26-08-2005,0,,2005
27-08-2005,0.1,,2005
28-08-2005,0,,2005
29-08-2005,0,,2005
30-08-2005,0,,2005
31-08-2005,0,,2005
01-09-2005,0,,2005
02-09-2005,0,,2005
03-09-2005,0,,2005
04-09-2005,0.1,,2005
05-09-2005,0.4,3.4,2005
06-09-2005,15.8,3.4,2005
07-09-2005,0,6.5,2005
08-09-2005,0,9.1,2005
09-09-2005,1.5,4.2,2005
10-09-2005,4.2,2.8,2005
11-09-2005,0,0.8,2005
12-09-2005,0,10.0,2005
13-09-2005,0,11.0,2005
14-09-2005,0,10.9,2005
15-09-2005,0,10.9,2005
16-09-2005,0,5.8,2005
17-09-2005,0,10.1,2005
18-09-2005,0,10.8,2005
19-09-2005,0,10.7,2005
20-09-2005,0,10.7,2005
21-09-2005,0,10.6,2005
22-09-2005,0,10.1,2005
23-09-2005,0,8.7,2005
24-09-2005,0,4.1,2005
25-09-2005,0,5.8,2005
26-09-2005,0,10.1,2005
27-09-2005,0,10.2,2005
28-09-2005,0,7.4,2005
29-09-2005,0,9.1,2005
30-09-2005,0,10.3,2005
01-10-2005,0,8.2,2005
02-10-2005,0,10.2,2005
03-10-2005,0,9.8,2005
04-10-2005,0,10.1,2005
05-10-2005,0,10.1,2005
06-10-2005,0,10.0,2005
07-10-2005,0,8.9,2005
08-10-2005,0,5.4,2005
09-10-2005,3.3,3.6,2005
10-10-2005,31.1,0.4,2005
11-10-2005,20.6,0.7,2005
12-10-2005,5.5,0.5,2005
13-10-2005,0,1.3,2005
14-10-2005,0.4,0.0,2005
15-10-2005,0,4.5,2005
16-10-2005,0.3,2.6,2005
17-10-2005,0.7,0.6,2005
18-10-2005,2.4,5.0,2005
19-10-2005,9.8,1.2,2005
20-10-2005,2.9,0.9,2005
21-10-2005,3.3,3.9,2005
22-10-2005,0.6,3.4,2005
23-10-2005,0,6.3,2005
24-10-2005,0,4.4,2005
25-10-2005,0,0.0,2005
26-10-2005,0,8.7,2005
27-10-2005,12.4,0.1,2005
28-10-2005,6.2,1.1,2005
29-10-2005,21.6,0.4,2005
30-10-2005,6,0.0,2005
31-10-2005,15.2,1.9,2005
01-11-2005,1.9,0.0,2005
02-11-2005,1,0.4,2005
03-11-2005,2.4,0.0,2005
04-11-2005,1.4,4.2,2005
05-11-2005,0,4.6,2005
06-11-2005,0,5.6,2005
07-11-2005,0,0.7,2005
08-11-2005,21.9,1.2,2005
09-11-2005,0,2.5,2005
10-11-2005,0,4.4,2005
11-11-2005,1.2,4.2,2005
12-11-2005,1.5,2.9,2005
13-11-2005,0,0.5,2005
14-11-2005,0,4.6,2005
15-11-2005,0,2.9,2005
16-11-2005,0,0.2,2005
17-11-2005,0,5.2,2005
18-11-2005,0,5.6,2005
19-11-2005,0.3,0.0,2005
20-11-2005,0,0.0,2005
21-11-2005,0,0.0,2005
22-11-2005,0,8.0,2005
23-11-2005,0,8.2,2005
24-11-2005,0,8.2,2005
25-11-2005,4.9,0.0,2005
26-11-2005,5.2,0.4,2005
27-11-2005,0.5,3.8,2005
28-11-2005,0.5,0.9,2005
29-11-2005,0,2.5,2005
30-11-2005,0,0.0,2005
01-12-2005,36.8,0.1,2005
02-12-2005,15.2,0.9,2005
03-12-2005,0.5,1.9,2005
04-12-2005,4.1,0.5,2005
05-12-2005,0.1,5.0,2005
06-12-2005,0,1.1,2005
07-12-2005,0,2.5,2005
08-12-2005,0.3,0.0,2005
09-12-2005,0,3.6,2005
10-12-2005,0,6.1,2005
11-12-2005,0,5.3,2005
12-12-2005,0,7.7,2005
13-12-2005,0,7.1,2005
14-12-2005,0,5.3,2005
15-12-2005,0,8.2,2005
16-12-2005,0,4.9,2005
17-12-2005,0,4.9,2005
18-12-2005,0,7.1,2005
19-12-2005,0,5.9,2005
20-12-2005,0,6.1,2005
21-12-2005,0,5.9,2005
22-12-2005,0,4.7,2005
23-12-2005,0,5.3,2005
24-12-2005,0,8.0,2005
25-12-2005,0,3.4,2005
26-12-2005,12.8,0.0,2005
27-12-2005,4.1,0.2,2005
28-12-2005,0,7.5,2005
29-12-2005,2.3,0.0,2005
30-12-2005,10.7,0.2,2005
31-12-2005,3.6,2.0,2005
01-01-2006,1.1,2.3,2006
02-01-2006,0.3,0.0,2006
03-01-2006,0,7.4,2006
04-01-2006,0,5.8,2006
05-01-2006,3.8,2.7,2006
06-01-2006,2.1,1.6,2006
07-01-2006,0,0.9,2006
08-01-2006,0,0.0,2006
09-01-2006,0,5.5,2006
10-01-2006,0,4.7,2006
11-01-2006,0,0.5,2006
12-01-2006,0,2.6,2006
13-01-2006,3.9,0.1,2006
14-01-2006,1.7,3.0,2006
15-01-2006,5.2,0.0,2006
16-01-2006,0.7,0.0,2006
17-01-2006,5.9,0.0,2006
18-01-2006,0,3.5,2006
19-01-2006,0,6.5,2006
20-01-2006,0,0.0,2006
21-01-2006,0,7.7,2006
22-01-2006,0,5.3,2006
23-01-2006,0,3.9,2006
24-01-2006,0,2.8,2006
25-01-2006,0,1.4,2006
26-01-2006,0,6.7,2006
27-01-2006,0,8.2,2006
28-01-2006,5.6,0.0,2006
29-01-2006,0,8.4,2006
30-01-2006,0,8.4,2006
31-01-2006,0,8.4,2006
01-02-2006,0,7.4,2006
02-02-2006,0,6.4,2006
03-02-2006,0,8.5,2006
04-02-2006,0,8.1,2006
05-02-2006,0,7.9,2006
06-02-2006,0,5.8,2006
07-02-2006,0,8.8,2006
08-02-2006,0,8.6,2006
09-02-2006,0,8.1,2006
10-02-2006,0,7.9,2006
11-02-2006,0,8.9,2006
12-02-2006,0,7.4,2006
13-02-2006,0,8.4,2006
14-02-2006,0.7,3.5,2006
15-02-2006,5,0.0,2006
16-02-2006,7.7,3.8,2006
17-02-2006,18.2,2.9,2006
18-02-2006,16.7,1.3,2006
19-02-2006,10.1,2.5,2006
20-02-2006,1.6,1.0,2006
21-02-2006,0,4.4,2006
22-02-2006,0.2,4.9,2006
23-02-2006,0,6.9,2006
24-02-2006,10,3.0,2006
25-02-2006,4.9,0.2,2006
26-02-2006,0,3.1,2006
27-02-2006,0,9.7,2006
28-02-2006,0,8.5,2006
01-03-2006,0.1,7.2,2006
02-03-2006,3.2,1.4,2006
03-03-2006,2.8,2.3,2006
04-03-2006,14.1,2.0,2006
05-03-2006,0,6.6,2006
06-03-2006,0.4,0.1,2006
07-03-2006,0.7,1.0,2006
08-03-2006,0.4,0.0,2006
09-03-2006,6,3.9,2006
10-03-2006,0.9,1.3,2006
11-03-2006,0.2,0.1,2006
12-03-2006,0,5.9,2006
13-03-2006,0,10.3,2006
14-03-2006,0,10.3,2006
15-03-2006,0,10.2,2006
16-03-2006,0,4.0,2006
17-03-2006,8.9,0.0,2006
18-03-2006,10.3,0.0,2006
19-03-2006,5.9,0.0,2006
20-03-2006,5.1,1.5,2006
21-03-2006,1.5,1.6,2006
22-03-2006,11.1,0.0,2006
23-03-2006,18.8,0.2,2006
24-03-2006,0.2,2.8,2006
25-03-2006,0.1,0.9,2006
26-03-2006,1.3,2.4,2006
27-03-2006,3.5,6.7,2006
28-03-2006,0.2,3.2,2006
29-03-2006,7.8,0.0,2006
30-03-2006,1.3,0.0,2006
31-03-2006,0,4.7,2006
01-04-2006,0.3,1.9,2006
02-04-2006,0,8.3,2006
03-04-2006,0,10.5,2006
04-04-2006,5.3,3.9,2006
05-04-2006,6.3,1.9,2006
06-04-2006,0.5,1.3,2006
07-04-2006,0,3.0,2006
08-04-2006,0,8.2,2006
09-04-2006,8.2,2.4,2006
10-04-2006,0,11.7,2006
11-04-2006,0,11.8,2006
12-04-2006,0,11.4,2006
13-04-2006,0,10.5,2006
14-04-2006,10.6,4.0,2006
15-04-2006,1.2,1.9,2006
16-04-2006,9.8,1.8,2006
17-04-2006,0,3.7,2006
18-04-2006,0,11.6,2006
19-04-2006,0,8.0,2006
20-04-2006,4.2,1.8,2006
21-04-2006,6.1,1.5,2006
22-04-2006,0,10.8,2006
23-04-2006,0,6.6,2006
24-04-2006,0,12.0,2006
25-04-2006,0,9.3,2006
26-04-2006,0,12.4,2006
27-04-2006,0,8.9,2006
28-04-2006,0,12.5,2006
29-04-2006,0,12.6,2006
30-04-2006,0,12.3,2006
01-05-2006,0,12.3,2006
02-05-2006,0,12.8,2006
03-05-2006,0,5.0,2006
04-05-2006,0,7.0,2006
05-05-2006,0,8.2,2006
06-05-2006,0,7.5,2006
07-05-2006,0.4,1.3,2006
08-05-2006,0,9.3,2006
09-05-2006,0,11.4,2006
10-05-2006,7.4,10.0,2006
11-05-2006,0,5.8,2006
12-05-2006,0,3.1,2006
13-05-2006,0,6.4,2006
14-05-2006,0,3.9,2006
15-05-2006,0,9.6,2006
16-05-2006,0,9.3,2006
17-05-2006,0,6.9,2006
18-05-2006,0,7.2,2006
19-05-2006,0,8.9,2006
20-05-2006,0,2.0,2006
21-05-2006,5.9,1.2,2006
22-05-2006,1.7,6.9,2006
23-05-2006,0,8.0,2006
24-05-2006,0,13.6,2006
25-05-2006,0,13.6,2006
26-05-2006,0,13.6,2006
27-05-2006,0,13.5,2006
28-05-2006,0,10.3,2006
29-05-2006,0,9.5,2006
30-05-2006,0,13.8,2006
31-05-2006,0,13.8,2006
01-06-2006,0,13.9,2006
02-06-2006,0,13.9,2006
03-06-2006,0,14.0,2006
04-06-2006,0,14.0,2006
05-06-2006,0,14.0,2006
06-06-2006,0,10.9,2006
07-06-2006,0,9.3,2006
08-06-2006,0,13.3,2006
09-06-2006,5.8,7.6,2006
10-06-2006,0,1.7,2006
11-06-2006,0,13.1,2006
12-06-2006,8.4,5.6,2006
13-06-2006,3.1,0.3,2006
14-06-2006,9.5,3.0,2006
15-06-2006,0.4,5.7,2006
16-06-2006,3.3,4.0,2006
17-06-2006,0,5.6,2006
18-06-2006,0,7.9,2006
19-06-2006,0,5.6,2006
20-06-2006,0,9.8,2006
21-06-2006,0,13.6,2006
22-06-2006,0,11.0,2006
23-06-2006,0,11.7,2006
24-06-2006,0,0.5,2006
25-06-2006,0,4.2,2006
26-06-2006,0,6.5,2006
27-06-2006,0,10.4,2006
28-06-2006,0,7.0,2006
29-06-2006,0,9.6,2006
30-06-2006,0,11.7,2006
01-07-2006,0,12.4,2006
02-07-2006,0,0.8,2006
03-07-2006,0,8.6,2006
04-07-2006,0,6.9,2006
05-07-2006,0,4.6,2006
06-07-2006,0,12.6,2006
07-07-2006,0,13.3,2006
08-07-2006,0,13.5,2006
09-07-2006,0,13.0,2006
10-07-2006,0,13.3,2006
11-07-2006,0,9.7,2006
12-07-2006,0,11.9,2006
13-07-2006,0,10.8,2006
14-07-2006,0.1,6.8,2006
15-07-2006,0,8.5,2006
16-07-2006,0,12.3,2006
17-07-2006,0,8.1,2006
18-07-2006,4.6,0.6,2006
19-07-2006,0,6.7,2006
20-07-2006,0,10.5,2006
21-07-2006,0,13.0,2006
22-07-2006,0,12.9,2006
23-07-2006,0,13.1,2006
24-07-2006,0,12.4,2006
25-07-2006,0,7.2,2006
26-07-2006,5.1,3.7,2006
27-07-2006,0,0.8,2006
28-07-2006,0,7.9,2006
29-07-2006,0,10.3,2006
30-07-2006,0,6.3,2006
31-07-2006,0,11.3,2006
01-08-2006,0,7.9,2006
02-08-2006,0,13.1,2006
03-08-2006,0,10.0,2006
04-08-2006,0,13.1,2006
05-08-2006,0,13.0,2006
06-08-2006,0,12.5,2006
07-08-2006,0,12.8,2006
08-08-2006,0,11.4,2006
09-08-2006,0,11.6,2006
10-08-2006,0,12.2,2006
11-08-2006,0,12.5,2006
12-08-2006,0,11.8,2006
13-08-2006,0,12.0,2006
14-08-2006,0,11.7,2006
15-08-2006,1.8,8.0,2006
16-08-2006,15.1,1.5,2006
17-08-2006,0.7,4.1,2006
18-08-2006,3.7,1.5,2006
19-08-2006,0.1,7.2,2006
20-08-2006,0,8.8,2006
21-08-2006,0,12.3,2006
22-08-2006,0,12.3,2006
23-08-2006,0,7.8,2006
24-08-2006,0,11.7,2006
25-08-2006,0.2,3.3,2006
26-08-2006,0,10.3,2006
27-08-2006,0,12.0,2006
28-08-2006,0,12.0,2006
29-08-2006,0,11.7,2006
30-08-2006,0,11.6,2006
31-08-2006,0,11.7,2006
01-09-2006,0,9.8,2006
02-09-2006,0,11.7,2006
03-09-2006,0,11.7,2006
04-09-2006,0,10.9,2006
05-09-2006,0,11.1,2006
06-09-2006,0,10.9,2006
07-09-2006,0,10.7,2006
08-09-2006,0,8.3,2006
09-09-2006,0,8.8,2006
10-09-2006,0,11.0,2006
11-09-2006,0,1.0,2006
12-09-2006,0,7.9,2006
13-09-2006,1.4,0.1,2006
14-09-2006,5.9,4.8,2006
15-09-2006,0,4.5,2006
16-09-2006,10.8,4.5,2006
17-09-2006,1.3,5.8,2006
18-09-2006,0,6.2,2006
19-09-2006,0,8.0,2006
20-09-2006,0.4,10.7,2006
21-09-2006,3.2,1.2,2006
22-09-2006,54.7,2.5,2006
23-09-2006,6,3.2,2006
24-09-2006,4.4,4.3,2006
25-09-2006,0,0.5,2006
26-09-2006,0,7.2,2006
27-09-2006,1.3,4.6,2006
28-09-2006,2.8,2.6,2006
29-09-2006,10.4,2.5,2006
30-09-2006,0.2,1.8,2006
01-10-2006,0.8,0.2,2006
02-10-2006,6.6,0.0,2006
03-10-2006,17.7,2.3,2006
04-10-2006,0.1,1.1,2006
05-10-2006,0,7.8,2006
06-10-2006,5,0.0,2006
07-10-2006,4.8,1.9,2006
08-10-2006,0,4.3,2006
09-10-2006,0,5.0,2006
10-10-2006,25,0.2,2006
11-10-2006,0,6.3,2006
12-10-2006,0,7.5,2006
13-10-2006,0,9.1,2006
14-10-2006,0,7.7,2006
15-10-2006,0.1,2.2,2006
16-10-2006,6.5,0.2,2006
17-10-2006,1.8,5.0,2006
18-10-2006,14.8,0.8,2006
19-10-2006,17.4,0.1,2006
20-10-2006,0.3,0.5,2006
21-10-2006,26,0.0,2006
22-10-2006,27.8,0.3,2006
23-10-2006,0.6,5.9,2006
24-10-2006,13.1,0.0,2006
25-10-2006,1.1,0.8,2006
26-10-2006,0,1.1,2006
27-10-2006,0,9.1,2006
28-10-2006,0,7.8,2006
29-10-2006,0,5.8,2006
30-10-2006,0,1.5,2006
31-10-2006,0,2.9,2006
01-11-2006,0,7.6,2006
02-11-2006,0.3,8.1,2006
03-11-2006,0,0.0,2006
04-11-2006,0.2,1.8,2006
05-11-2006,1.2,0.8,2006
06-11-2006,0,1.3,2006
07-11-2006,0.5,0.2,2006
08-11-2006,0,4.2,2006
09-11-2006,0,6.4,2006
10-11-2006,0,5.6,2006
11-11-2006,0,4.6,2006
12-11-2006,0,3.7,2006
13-11-2006,0,3.2,2006
14-11-2006,0,1.2,2006
15-11-2006,19.3,1.3,2006
16-11-2006,3.3,2.0,2006
17-11-2006,12.1,0.3,2006
18-11-2006,53.6,0.2,2006
19-11-2006,11.5,1.0,2006
20-11-2006,1.4,0.7,2006
21-11-2006,1.1,0.1,2006
22-11-2006,0.4,0.4,2006
23-11-2006,22.8,2.2,2006
24-11-2006,25.7,0.0,2006
25-11-2006,1.1,0.6,2006
26-11-2006,10,3.1,2006
27-11-2006,21.7,0.0,2006
28-11-2006,1.8,5.0,2006
29-11-2006,0,6.3,2006
30-11-2006,0,3.3,2006
01-12-2006,12.7,0.2,2006
02-12-2006,0.6,0.9,2006
03-12-2006,11.3,0.0,2006
04-12-2006,4.9,1.3,2006
05-12-2006,31.7,0.1,2006
06-12-2006,3.6,2.4,2006
07-12-2006,20.3,0.0,2006
08-12-2006,6.7,2.3,2006
09-12-2006,1.2,1.4,2006
10-12-2006,0,1.4,2006
11-12-2006,1.3,1.9,2006
12-12-2006,0.1,0.6,2006
13-12-2006,0,4.9,2006
14-12-2006,0,5.8,2006
15-12-2006,0,4.4,2006
16-12-2006,0,0.0,2006
17-12-2006,0.7,0.0,2006
18-12-2006,0.2,2.1,2006
19-12-2006,0,6.0,2006
20-12-2006,0,7.6,2006
21-12-2006,0,4.9,2006
22-12-2006,0,4.6,2006
23-12-2006,0,3.4,2006
24-12-2006,0,4.5,2006
25-12-2006,0,5.2,2006
26-12-2006,0,2.1,2006
27-12-2006,0,8.2,2006
28-12-2006,0,7.9,2006
29-12-2006,0.1,0.0,2006
30-12-2006,0.9,0.2,2006
31-12-2006,0.3,0.1,2006
01-01-2007,0.5,3.3,2007
02-01-2007,0,3.0,2007
03-01-2007,0,0.0,2007
04-01-2007,2.3,0.0,2007
05-01-2007,0,3.7,2007
06-01-2007,0,1.1,2007
07-01-2007,0,0.5,2007
08-01-2007,0,0.5,2007
09-01-2007,0,5.4,2007
10-01-2007,0,1.5,2007
11-01-2007,0,6.8,2007
12-01-2007,0,5.5,2007
13-01-2007,0,2.9,2007
14-01-2007,0,0.4,2007
15-01-2007,1,0.6,2007
16-01-2007,0.6,0.1,2007
17-01-2007,0.4,0.4,2007
18-01-2007,0,0.2,2007
19-01-2007,0,0.2,2007
20-01-2007,0.1,0.2,2007
21-01-2007,13.4,0.1,2007
22-01-2007,0.7,0.0,2007
23-01-2007,0,1.9,2007
24-01-2007,0,3.5,2007
25-01-2007,0,5.7,2007
26-01-2007,0,8.3,2007
27-01-2007,0,8.3,2007
28-01-2007,0,6.9,2007
29-01-2007,1,0.0,2007
30-01-2007,2.8,4.3,2007
31-01-2007,0,1.2,2007
01-02-2007,0,5.1,2007
02-02-2007,0,5.7,2007
03-02-2007,0,0.0,2007
04-02-2007,0,1.5,2007
05-02-2007,0.7,0.0,2007
06-02-2007,2.7,0.0,2007
07-02-2007,2.1,0.1,2007
08-02-2007,11.1,4.4,2007
09-02-2007,0.6,2.6,2007
10-02-2007,0.6,5.1,2007
11-02-2007,15.9,0.1,2007
12-02-2007,0,5.3,2007
13-02-2007,5.5,0.8,2007
14-02-2007,0,6.8,2007
15-02-2007,2.5,2.4,2007
16-02-2007,6.2,1.8,2007
17-02-2007,1.7,0.0,2007
18-02-2007,0.6,1.9,2007
19-02-2007,13.6,0.2,2007
20-02-2007,2.5,2.0,2007
21-02-2007,4,4.8,2007
22-02-2007,5.3,2.1,2007
23-02-2007,17.1,0.6,2007
24-02-2007,4.5,0.7,2007
25-02-2007,0,4.2,2007
26-02-2007,0,4.4,2007
27-02-2007,2.4,3.1,2007
28-02-2007,0,4.1,2007
01-03-2007,0,0.3,2007
02-03-2007,0.5,1.6,2007
03-03-2007,0,0.7,2007
04-03-2007,8.2,1.2,2007
05-03-2007,0,1.4,2007
06-03-2007,13.8,1.8,2007
07-03-2007,3.8,5.0,2007
08-03-2007,0,8.6,2007
09-03-2007,0,2.6,2007
10-03-2007,0,8.9,2007
11-03-2007,0,10.1,2007
12-03-2007,0,5.4,2007
13-03-2007,0,8.9,2007
14-03-2007,0,9.2,2007
15-03-2007,0,7.9,2007
16-03-2007,0,8.1,2007
17-03-2007,0,10.5,2007
18-03-2007,0,8.7,2007
19-03-2007,1.9,3.8,2007
20-03-2007,0,5.2,2007
21-03-2007,0,4.6,2007
22-03-2007,0,0.1,2007
23-03-2007,0,2.2,2007
24-03-2007,0,10.5,2007
25-03-2007,0,7.9,2007
26-03-2007,0,2.4,2007
27-03-2007,0,3.5,2007
28-03-2007,7.4,0.6,2007
29-03-2007,0.1,3.5,2007
30-03-2007,2.9,0.1,2007
31-03-2007,0,4.8,2007
01-04-2007,1.1,2.6,2007
02-04-2007,0,6.9,2007
03-04-2007,2,3.4,2007
04-04-2007,0,4.8,2007
05-04-2007,0,10.0,2007
06-04-2007,0,10.9,2007
07-04-2007,0.8,8.3,2007
08-04-2007,3.5,6.5,2007
09-04-2007,2,3.3,2007
10-04-2007,0,9.1,2007
11-04-2007,0.7,3.8,2007
12-04-2007,0,7.2,2007
13-04-2007,0,9.4,2007
14-04-2007,0,10.6,2007
15-04-2007,0,11.1,2007
16-04-2007,0,11.8,2007
17-04-2007,1.1,10.7,2007
18-04-2007,0,10.2,2007
19-04-2007,6.6,7.9,2007
20-04-2007,0,7.2,2007
21-04-2007,0.1,9.4,2007
22-04-2007,0,12.0,2007
23-04-2007,0,8.5,2007
24-04-2007,7.3,0.0,2007
25-04-2007,5.8,0.0,2007
26-04-2007,1.3,0.6,2007
27-04-2007,17.3,1.5,2007
28-04-2007,0,8.0,2007
29-04-2007,5.8,4.6,2007
30-04-2007,10,2.5,2007
01-05-2007,9.2,0.6,2007
02-05-2007,2.8,1.3,2007
03-05-2007,0,9.6,2007
04-05-2007,0,9.3,2007
05-05-2007,0,11.9,2007
06-05-2007,0,12.8,2007
07-05-2007,0,10.2,2007
08-05-2007,0,12.9,2007
09-05-2007,0,12.8,2007
10-05-2007,0,8.8,2007
11-05-2007,0,1.3,2007
12-05-2007,1.7,5.5,2007
13-05-2007,12.8,4.8,2007
14-05-2007,1.3,4.7,2007
15-05-2007,0,8.1,2007
16-05-2007,0,9.1,2007
17-05-2007,0,13.4,2007
18-05-2007,0,13.4,2007
19-05-2007,0,6.3,2007
20-05-2007,0,0.0,2007
21-05-2007,1.6,0.8,2007
22-05-2007,12.2,4.9,2007
23-05-2007,1.8,0.8,2007
24-05-2007,17.2,6.9,2007
25-05-2007,14.2,4.5,2007
26-05-2007,0,5.0,2007
27-05-2007,1.7,3.7,2007
28-05-2007,0,7.5,2007
29-05-2007,0.4,0.1,2007
30-05-2007,3.6,5.9,2007
31-05-2007,0.5,3.4,2007
01-06-2007,0,8.5,2007
02-06-2007,0,8.9,2007
03-06-2007,0,8.4,2007
04-06-2007,0,13.9,2007
05-06-2007,0,13.8,2007
06-06-2007,0,14.0,2007
07-06-2007,0,11.1,2007
08-06-2007,2.9,1.5,2007
09-06-2007,0.9,3.3,2007
10-06-2007,0,4.8,2007
11-06-2007,0,3.8,2007
12-06-2007,0,8.8,2007
13-06-2007,24.2,2.1,2007
14-06-2007,8.1,5.0,2007
15-06-2007,0,9.7,2007
16-06-2007,10.3,1.1,2007
17-06-2007,0.3,3.0,2007
18-06-2007,1.6,4.9,2007
19-06-2007,3.9,3.8,2007
20-06-2007,0.8,1.7,2007
21-06-2007,0,4.7,2007
22-06-2007,0,5.5,2007
23-06-2007,0,11.8,2007
24-06-2007,1.2,9.4,2007
25-06-2007,0,6.4,2007
26-06-2007,0,9.1,2007
27-06-2007,0,14.1,2007
28-06-2007,0,9.0,2007
29-06-2007,0,13.8,2007
30-06-2007,0.1,10.9,2007
01-07-2007,0,0.7,2007
02-07-2007,0,7.9,2007
03-07-2007,0,0.1,2007
04-07-2007,0,13.7,2007
05-07-2007,0,14.0,2007
06-07-2007,0,12.8,2007
07-07-2007,0,8.8,2007
08-07-2007,0,7.4,2007
09-07-2007,0,9.4,2007
10-07-2007,0,13.9,2007
11-07-2007,0,12.6,2007
12-07-2007,0,11.6,2007
13-07-2007,0,13.7,2007
14-07-2007,0.6,12.2,2007
15-07-2007,13.3,3.2,2007
16-07-2007,0,2.3,2007
17-07-2007,0,11.6,2007
18-07-2007,0,10.5,2007
19-07-2007,0.1,4.2,2007
20-07-2007,0,9.6,2007
21-07-2007,0,5.5,2007
22-07-2007,3.8,3.0,2007
23-07-2007,0.1,2.0,2007
24-07-2007,0,10.6,2007
25-07-2007,0,11.8,2007
26-07-2007,0,13.4,2007
27-07-2007,0,13.3,2007
28-07-2007,0,9.3,2007
29-07-2007,0,13.3,2007
30-07-2007,0,11.6,2007
31-07-2007,0.7,13.0,2007
01-08-2007,0.1,4.5,2007
02-08-2007,0,11.0,2007
03-08-2007,0,12.5,2007
04-08-2007,0,12.8,2007
05-08-2007,0,11.1,2007
06-08-2007,0,0.1,2007
07-08-2007,0,12.9,2007
08-08-2007,0,12.8,2007
09-08-2007,0,12.9,2007
10-08-2007,0,12.8,2007
11-08-2007,0,8.0,2007
12-08-2007,0,6.4,2007
13-08-2007,0,6.8,2007
14-08-2007,0.4,1.7,2007
15-08-2007,0.8,6.2,2007
16-08-2007,0,8.5,2007
17-08-2007,0,9.5,2007
18-08-2007,0,12.2,2007
19-08-2007,0,10.0,2007
20-08-2007,0,7.5,2007
21-08-2007,0,6.0,2007
22-08-2007,0,6.7,2007
23-08-2007,0,11.8,2007
24-08-2007,0,11.8,2007
25-08-2007,9.3,8.8,2007
26-08-2007,1.6,3.9,2007
27-08-2007,0,8.8,2007
28-08-2007,0.3,10.3,2007
29-08-2007,0.2,3.8,2007
30-08-2007,0,11.4,2007
31-08-2007,0,11.9,2007
01-09-2007,0,11.8,2007
02-09-2007,0,9.9,2007
03-09-2007,0,9.7,2007
04-09-2007,0,11.6,2007
05-09-2007,0,11.5,2007
06-09-2007,0,11.4,2007
07-09-2007,0,11.4,2007
08-09-2007,0,11.3,2007
09-09-2007,0,9.6,2007
10-09-2007,0,10.8,2007
11-09-2007,0,9.7,2007
12-09-2007,0,10.9,2007
13-09-2007,0,10.3,2007
14-09-2007,0,8.3,2007
15-09-2007,0,10.7,2007
16-09-2007,4.6,2.7,2007
17-09-2007,1.6,4.4,2007
18-09-2007,0,6.2,2007
19-09-2007,0,10.7,2007
20-09-2007,0,9.8,2007
21-09-2007,0,10.1,2007
22-09-2007,0,10.3,2007
23-09-2007,0,7.9,2007
24-09-2007,0,7.8,2007
25-09-2007,0,10.3,2007
26-09-2007,0,10.5,2007
27-09-2007,0,10.5,2007
28-09-2007,0.5,9.8,2007
29-09-2007,0.7,0.0,2007
30-09-2007,8,1.9,2007
01-10-2007,0.3,4.1,2007
02-10-2007,0.7,7.8,2007
03-10-2007,1.9,0.2,2007
04-10-2007,0,6.8,2007
05-10-2007,0,5.2,2007
06-10-2007,0,7.8,2007
07-10-2007,0,4.8,2007
08-10-2007,0,5.9,2007
09-10-2007,0,9.9,2007
10-10-2007,0,8.1,2007
11-10-2007,0,9.8,2007
12-10-2007,0,9.8,2007
13-10-2007,0,9.4,2007
14-10-2007,0,9.3,2007
15-10-2007,0,9.5,2007
16-10-2007,0,9.6,2007
17-10-2007,0,9.3,2007
18-10-2007,0,9.2,2007
19-10-2007,0,8.0,2007
20-10-2007,0,9.4,2007
21-10-2007,0,9.4,2007
22-10-2007,0,5.4,2007
23-10-2007,3.8,0.5,2007
24-10-2007,0.7,3.6,2007
25-10-2007,0,8.9,2007
26-10-2007,0,7.8,2007
27-10-2007,0,9.1,2007
28-10-2007,0,4.9,2007
29-10-2007,0,1.9,2007
30-10-2007,0,7.7,2007
31-10-2007,0,8.9,2007
01-11-2007,0,8.8,2007
02-11-2007,0,8.8,2007
03-11-2007,0,7.4,2007
04-11-2007,0,6.8,2007
05-11-2007,0,6.3,2007
06-11-2007,0,6.4,2007
07-11-2007,0,7.0,2007
08-11-2007,0,5.5,2007
09-11-2007,0,7.2,2007
10-11-2007,0,6.7,2007
11-11-2007,0,7.1,2007
12-11-2007,0,6.8,2007
13-11-2007,0,6.2,2007
14-11-2007,0,6.3,2007
15-11-2007,0,8.1,2007
16-11-2007,0,8.1,2007
17-11-2007,0,8.3,2007
18-11-2007,17.9,3.6,2007
19-11-2007,15.5,0.0,2007
20-11-2007,8.1,1.7,2007
21-11-2007,21.1,1.8,2007
22-11-2007,0.1,3.9,2007
23-11-2007,0,5.7,2007
24-11-2007,0,7.5,2007
25-11-2007,0,7.2,2007
26-11-2007,0,8.2,2007
27-11-2007,0,8.2,2007
28-11-2007,0,1.5,2007
29-11-2007,0,0.0,2007
30-11-2007,0,3.8,2007
01-12-2007,4.6,0.2,2007
02-12-2007,0,0.0,2007
03-12-2007,0,0.0,2007
04-12-2007,0,4.3,2007
05-12-2007,1.6,0.0,2007
06-12-2007,0,1.7,2007
07-12-2007,0.1,2.4,2007
08-12-2007,1,0.8,2007
09-12-2007,0.4,2.4,2007
10-12-2007,0,2.2,2007
11-12-2007,0,4.5,2007
12-12-2007,0,5.0,2007
13-12-2007,0,4.8,2007
14-12-2007,0,7.2,2007
15-12-2007,0,5.6,2007
16-12-2007,0,5.6,2007
17-12-2007,0,7.1,2007
18-12-2007,2.4,4.4,2007
19-12-2007,0,0.1,2007
20-12-2007,0,0.5,2007
21-12-2007,0,4.2,2007
22-12-2007,0,3.6,2007
23-12-2007,0,3.5,2007
24-12-2007,0,2.5,2007
25-12-2007,12.6,0.0,2007
26-12-2007,0,,2007
27-12-2007,0,,2007
28-12-2007,0,,2007
29-12-2007,0,,2007
30-12-2007,0,,2007
31-12-2007,0,,2007
01-01-2008,7.6,,2008
02-01-2008,39.3,,2008
03-01-2008,10.6,0.0,2008
04-01-2008,0,0.0,2008
05-01-2008,0,0.2,2008
06-01-2008,0,2.5,2008
07-01-2008,2.1,1.2,2008
08-01-2008,7.3,0.0,2008
09-01-2008,1.3,3.5,2008
10-01-2008,8.4,2.6,2008
11-01-2008,13,2.6,2008
12-01-2008,0.2,1.2,2008
13-01-2008,20.9,0.3,2008
14-01-2008,0,5.8,2008
15-01-2008,16.6,0.2,2008
16-01-2008,2.6,3.0,2008
17-01-2008,0,1.7,2008
18-01-2008,0,0.0,2008
19-01-2008,0,8.2,2008
20-01-2008,0,4.3,2008
21-01-2008,0,3.3,2008
22-01-2008,0,3.3,2008
23-01-2008,0,3.6,2008
24-01-2008,0,5.2,2008
25-01-2008,0,6.7,2008
26-01-2008,0,5.3,2008
27-01-2008,0,5.0,2008
28-01-2008,0,4.4,2008
29-01-2008,0,4.8,2008
30-01-2008,0.6,0.2,2008
31-01-2008,0,3.0,2008
01-02-2008,9.9,1.1,2008
02-02-2008,0,8.4,2008
03-02-2008,21.3,0.1,2008
04-02-2008,0.1,2.4,2008
05-02-2008,0.6,0.2,2008
06-02-2008,0,6.8,2008
07-02-2008,0,7.3,2008
08-02-2008,0,8.8,2008
09-02-2008,0,8.8,2008
10-02-2008,0,8.9,2008
11-02-2008,0,8.9,2008
12-02-2008,0,8.9,2008
13-02-2008,0,8.9,2008
14-02-2008,0,8.7,2008
15-02-2008,0,8.1,2008
16-02-2008,0,8.5,2008
17-02-2008,0.4,1.3,2008
18-02-2008,2.2,0.1,2008
19-02-2008,1.7,0.2,2008
20-02-2008,0,2.6,2008
21-02-2008,0,5.1,2008
22-02-2008,0,7.0,2008
23-02-2008,1.1,2.3,2008
24-02-2008,6,0.7,2008
25-02-2008,0,3.1,2008
26-02-2008,0.1,0.0,2008
27-02-2008,18.2,0.0,2008
28-02-2008,0,,2008
29-02-2008,0,4.2,2008
01-03-2008,0,6.0,2008
02-03-2008,0,5.7,2008
03-03-2008,0,8.2,2008
04-03-2008,0,8.3,2008
05-03-2008,0,9.5,2008
06-03-2008,0,9.9,2008
07-03-2008,0,9.7,2008
08-03-2008,1.8,0.0,2008
09-03-2008,2.4,5.4,2008
10-03-2008,2,0.6,2008
11-03-2008,0,0.1,2008
12-03-2008,0,2.9,2008
13-03-2008,0,7.2,2008
14-03-2008,1.8,6.5,2008
15-03-2008,1.6,3.4,2008
16-03-2008,0,4.4,2008
17-03-2008,7.7,1.6,2008
18-03-2008,1.3,5.5,2008
19-03-2008,0,8.4,2008
20-03-2008,0,10.5,2008
21-03-2008,0.6,1.7,2008
22-03-2008,3.5,0.8,2008
23-03-2008,0.4,5.7,2008
24-03-2008,0.6,0.6,2008
25-03-2008,2,2.2,2008
26-03-2008,7.4,0.0,2008
27-03-2008,0.3,0.0,2008
28-03-2008,0.5,4.5,2008
29-03-2008,6.1,8.4,2008
30-03-2008,4.3,5.4,2008
31-03-2008,0,2.8,2008
01-04-2008,0,9.4,2008
02-04-2008,0,11.1,2008
03-04-2008,0,11.0,2008
04-04-2008,0,11.2,2008
05-04-2008,0,11.2,2008
06-04-2008,0,11.2,2008
07-04-2008,6.4,0.4,2008
08-04-2008,10.4,0.9,2008
09-04-2008,10.6,1.6,2008
10-04-2008,1.8,0.0,2008
11-04-2008,0.5,5.4,2008
12-04-2008,2.6,3.6,2008
13-04-2008,0.5,4.6,2008
14-04-2008,0,9.7,2008
15-04-2008,0,9.3,2008
16-04-2008,10.9,6.1,2008
17-04-2008,13,2.2,2008
18-04-2008,12.4,1.8,2008
19-04-2008,12.5,0.1,2008
20-04-2008,9,0.8,2008
21-04-2008,0.5,3.3,2008
22-04-2008,12.2,0.0,2008
23-04-2008,0.1,7.7,2008
24-04-2008,0,10.3,2008
25-04-2008,0,11.4,2008
26-04-2008,0,10.2,2008
27-04-2008,0.3,10.8,2008
28-04-2008,1.1,8.5,2008
29-04-2008,4.8,1.0,2008
30-04-2008,0,8.9,2008
01-05-2008,0,3.5,2008
02-05-2008,0,10.1,2008
03-05-2008,0,3.9,2008
04-05-2008,0,4.8,2008
05-05-2008,0,3.1,2008
06-05-2008,0,10.0,2008
07-05-2008,0.5,2.8,2008
08-05-2008,42,4.1,2008
09-05-2008,2.1,0.5,2008
10-05-2008,0,0.4,2008
11-05-2008,0.6,7.6,2008
12-05-2008,3,1.2,2008
13-05-2008,2.1,3.6,2008
14-05-2008,14.5,0.4,2008
15-05-2008,0.2,1.3,2008
16-05-2008,0.2,5.8,2008
17-05-2008,4.4,2.2,2008
18-05-2008,8.7,2.1,2008
19-05-2008,0,4.8,2008
20-05-2008,2.3,6.4,2008
21-05-2008,2,0.7,2008
22-05-2008,26.6,1.5,2008
23-05-2008,3.2,4.0,2008
24-05-2008,5.3,2.3,2008
25-05-2008,1.8,6.9,2008
26-05-2008,1.2,0.7,2008
27-05-2008,11.2,1.7,2008
28-05-2008,3.1,1.1,2008
29-05-2008,1.1,1.3,2008
30-05-2008,2.9,4.5,2008
31-05-2008,0,1.5,2008
01-06-2008,0,1.8,2008
02-06-2008,0,3.6,2008
03-06-2008,0,7.0,2008
04-06-2008,0,1.4,2008
05-06-2008,0,5.2,2008
06-06-2008,0,10.2,2008
07-06-2008,0,13.5,2008
08-06-2008,0.3,9.4,2008
09-06-2008,0,13.5,2008
10-06-2008,0,11.0,2008
11-06-2008,0,13.4,2008
12-06-2008,0,14.0,2008
13-06-2008,0,9.6,2008
14-06-2008,1.8,8.9,2008
15-06-2008,3.4,0.6,2008
16-06-2008,3.5,2.9,2008
17-06-2008,0,12.3,2008
18-06-2008,0,14.1,2008
19-06-2008,0,10.2,2008
20-06-2008,0,10.1,2008
21-06-2008,0,13.2,2008
22-06-2008,0,12.0,2008
23-06-2008,0,5.7,2008
24-06-2008,0,7.0,2008
25-06-2008,0,13.8,2008
26-06-2008,0,8.1,2008
27-06-2008,0,14.0,2008
28-06-2008,0,13.9,2008
29-06-2008,0,5.5,2008
30-06-2008,0,10.5,2008
01-07-2008,0,6.7,2008
02-07-2008,4.5,5.9,2008
03-07-2008,0,9.1,2008
04-07-2008,0.4,0.7,2008
05-07-2008,0,4.3,2008
06-07-2008,0,8.7,2008
07-07-2008,0,9.7,2008
08-07-2008,0,13.7,2008
09-07-2008,0,13.8,2008
10-07-2008,0.3,2.7,2008
11-07-2008,0,7.9,2008
12-07-2008,0,6.2,2008
13-07-2008,0,12.5,2008
14-07-2008,0,13.7,2008
15-07-2008,0,13.6,2008
16-07-2008,0,13.5,2008
17-07-2008,0,11.7,2008
18-07-2008,0,12.6,2008
19-07-2008,0,12.8,2008
20-07-2008,0,8.1,2008
21-07-2008,0,12.3,2008
22-07-2008,0,13.1,2008
23-07-2008,0.4,10.1,2008
24-07-2008,0,2.3,2008
25-07-2008,0.7,2.9,2008
26-07-2008,0,9.2,2008
27-07-2008,0,10.9,2008
28-07-2008,0,6.2,2008
29-07-2008,0,12.0,2008
30-07-2008,0,11.4,2008
31-07-2008,0.2,2.1,2008
01-08-2008,0,11.0,2008
02-08-2008,0,13.0,2008
03-08-2008,0,9.9,2008
04-08-2008,0,11.1,2008
05-08-2008,0,9.5,2008
06-08-2008,0.1,2.1,2008
07-08-2008,0,3.5,2008
08-08-2008,0,12.5,2008
09-08-2008,0,12.7,2008
10-08-2008,0,9.0,2008
11-08-2008,0.7,1.6,2008
12-08-2008,0,5.6,2008
13-08-2008,0,10.0,2008
14-08-2008,0,7.2,2008
15-08-2008,3.1,9.3,2008
16-08-2008,2.6,4.8,2008
17-08-2008,0,8.1,2008
18-08-2008,0,7.5,2008
19-08-2008,0,7.4,2008
20-08-2008,0,9.8,2008
21-08-2008,0,5.9,2008
22-08-2008,0,9.5,2008
23-08-2008,0,10.7,2008
24-08-2008,0,8.0,2008
25-08-2008,0,10.6,2008
26-08-2008,0,10.6,2008
27-08-2008,1.2,10.9,2008
28-08-2008,2.4,3.3,2008
29-08-2008,11.8,7.8,2008
30-08-2008,0.2,3.0,2008
31-08-2008,0,3.5,2008
01-09-2008,0,5.9,2008
02-09-2008,0,4.6,2008
03-09-2008,2.7,0.0,2008
04-09-2008,0,3.4,2008
05-09-2008,13.8,2.7,2008
06-09-2008,0,7.4,2008
07-09-2008,0,8.9,2008
08-09-2008,1.6,6.6,2008
09-09-2008,0,6.1,2008
10-09-2008,2.2,8.3,2008
11-09-2008,0,6.3,2008
12-09-2008,0,6.5,2008
13-09-2008,0,9.6,2008
14-09-2008,0,10.8,2008
15-09-2008,0,10.8,2008
16-09-2008,0,9.1,2008
17-09-2008,0,7.1,2008
18-09-2008,0.2,3.5,2008
19-09-2008,0,8.1,2008
20-09-2008,0,6.0,2008
21-09-2008,4.6,0.2,2008
22-09-2008,0.7,1.8,2008
23-09-2008,0,4.1,2008
24-09-2008,0,10.1,2008
25-09-2008,0,10.4,2008
26-09-2008,0,10.4,2008
27-09-2008,0,10.3,2008
28-09-2008,0,10.2,2008
29-09-2008,0,10.2,2008
30-09-2008,0,7.3,2008
01-10-2008,0,8.3,2008
02-10-2008,0,5.6,2008
03-10-2008,0,9.5,2008
04-10-2008,0,6.9,2008
05-10-2008,0,5.7,2008
06-10-2008,7.6,4.0,2008
07-10-2008,27.3,2.9,2008
08-10-2008,0.2,4.0,2008
09-10-2008,0,8.5,2008
10-10-2008,0,9.7,2008
11-10-2008,0,5.6,2008
12-10-2008,0,7.4,2008
13-10-2008,0,7.4,2008
14-10-2008,0,6.2,2008
15-10-2008,0,6.1,2008
16-10-2008,0.8,0.8,2008
17-10-2008,0,4.3,2008
18-10-2008,0,5.0,2008
19-10-2008,0,7.1,2008
20-10-2008,0,5.5,2008
21-10-2008,12,0.0,2008
22-10-2008,0,9.1,2008
23-10-2008,0,9.1,2008
24-10-2008,0,8.8,2008
25-10-2008,0,9.0,2008
26-10-2008,0,6.9,2008
27-10-2008,4.6,0.4,2008
28-10-2008,0,3.9,2008
29-10-2008,2.4,4.1,2008
30-10-2008,4.6,2.3,2008
31-10-2008,0.5,3.2,2008
01-11-2008,9.3,0.0,2008
02-11-2008,0,0.4,2008
03-11-2008,8.2,0.0,2008
04-11-2008,3,0.3,2008
05-11-2008,0,5.6,2008
06-11-2008,12.3,0.4,2008
07-11-2008,0.5,0.9,2008
08-11-2008,0,0.0,2008
09-11-2008,0,0.0,2008
10-11-2008,9.6,6.1,2008
11-11-2008,2.2,3.6,2008
12-11-2008,0.3,0.2,2008
13-11-2008,0,3.2,2008
14-11-2008,0,6.6,2008
15-11-2008,0,4.8,2008
16-11-2008,0,4.8,2008
17-11-2008,0,4.5,2008
18-11-2008,0.2,0.0,2008
19-11-2008,0,8.2,2008
20-11-2008,0,7.4,2008
21-11-2008,0,5.3,2008
22-11-2008,0,0.6,2008
23-11-2008,0.5,0.5,2008
24-11-2008,3.9,0.4,2008
25-11-2008,0,5.3,2008
26-11-2008,0,7.6,2008
27-11-2008,0,5.9,2008
28-11-2008,22.7,0.1,2008
29-11-2008,6.9,0.4,2008
30-11-2008,3,1.5,2008
01-12-2008,0.2,0.6,2008
02-12-2008,2.5,0.9,2008
03-12-2008,12.9,0.8,2008
04-12-2008,2.4,0.9,2008
05-12-2008,0.2,1.9,2008
06-12-2008,17,0.0,2008
07-12-2008,7.9,2.9,2008
08-12-2008,0.6,0.6,2008
09-12-2008,0,0.4,2008
10-12-2008,0.2,3.1,2008
11-12-2008,11.7,0.4,2008
12-12-2008,3.8,1.8,2008
13-12-2008,13.2,1.5,2008
14-12-2008,5.6,0.5,2008
15-12-2008,0.1,0.6,2008
16-12-2008,0,4.8,2008
17-12-2008,0.2,0.0,2008
18-12-2008,0,2.8,2008
19-12-2008,0,8.1,2008
20-12-2008,0,4.8,2008
21-12-2008,0,5.2,2008
22-12-2008,0,4.9,2008
23-12-2008,0,6.6,2008
24-12-2008,0,5.0,2008
25-12-2008,0,4.8,2008
26-12-2008,0,6.6,2008
27-12-2008,0,0.9,2008
28-12-2008,0.2,3.1,2008
29-12-2008,0.2,0.6,2008
30-12-2008,0,0.7,2008
31-12-2008,0.2,0.0,2008
01-01-2009,0.3,0.9,2009
02-01-2009,3.1,0.0,2009
03-01-2009,0,2.5,2009
04-01-2009,0,4.8,2009
05-01-2009,0,0.1,2009
06-01-2009,0,0.5,2009
07-01-2009,0,7.4,2009
08-01-2009,0.4,8.2,2009
09-01-2009,2.2,0.0,2009
10-01-2009,0,3.8,2009
11-01-2009,0,4.1,2009
12-01-2009,7.7,2.1,2009
13-01-2009,0,3.5,2009
14-01-2009,0.9,5.2,2009
15-01-2009,2.4,0.0,2009
16-01-2009,0.2,2.8,2009
17-01-2009,0,5.4,2009
18-01-2009,2,0.9,2009
19-01-2009,11.4,2.8,2009
20-01-2009,4.1,1.2,2009
21-01-2009,9.7,0.0,2009
22-01-2009,6.8,0.0,2009
23-01-2009,6.1,0.2,2009
24-01-2009,10.3,4.0,2009
25-01-2009,28.3,0.4,2009
26-01-2009,4,2.4,2009
27-01-2009,5.5,0.0,2009
28-01-2009,22.7,0.0,2009
29-01-2009,0.1,2.2,2009
30-01-2009,16.6,2.4,2009
31-01-2009,1.2,4.7,2009
01-02-2009,0,2.6,2009
02-02-2009,0.1,0.3,2009
03-02-2009,9.2,0.6,2009
04-02-2009,28.3,1.2,2009
05-02-2009,5.4,1.4,2009
06-02-2009,1.6,0.8,2009
07-02-2009,0.2,2.3,2009
08-02-2009,0,,2009
09-02-2009,11.2,,2009
10-02-2009,0.4,4.8,2009
11-02-2009,0,2.4,2009
12-02-2009,0,6.1,2009
13-02-2009,0,7.7,2009
14-02-2009,0,6.0,2009
15-02-2009,0,7.6,2009
16-02-2009,0,6.2,2009
17-02-2009,0,7.1,2009
18-02-2009,0,9.1,2009
19-02-2009,0,6.9,2009
20-02-2009,0,5.3,2009
21-02-2009,0,8.4,2009
22-02-2009,0,9.3,2009
23-02-2009,0,6.0,2009
24-02-2009,0,6.8,2009
25-02-2009,0,8.0,2009
26-02-2009,0,9.5,2009
27-02-2009,0,9.6,2009
28-02-2009,0,7.1,2009
01-03-2009,3,1.7,2009
02-03-2009,0,4.2,2009
03-03-2009,1.8,7.4,2009
04-03-2009,6.7,0.4,2009
05-03-2009,2.6,2.9,2009
06-03-2009,0.2,0.0,2009
07-03-2009,0,0.2,2009
08-03-2009,0,5.5,2009
09-03-2009,0,7.5,2009
10-03-2009,0,10.1,2009
11-03-2009,0,10.0,2009
12-03-2009,0,10.2,2009
13-03-2009,0,10.0,2009
14-03-2009,0,8.8,2009
15-03-2009,0,9.9,2009
16-03-2009,0,8.7,2009
17-03-2009,0,10.4,2009
18-03-2009,0,10.5,2009
19-03-2009,0,10.5,2009
20-03-2009,0,10.5,2009
21-03-2009,0,10.5,2009
22-03-2009,0,10.5,2009
23-03-2009,0,9.5,2009
24-03-2009,0,10.6,2009
25-03-2009,0,10.6,2009
26-03-2009,0,10.8,2009
27-03-2009,0,10.8,2009
28-03-2009,0,5.1,2009
29-03-2009,0.1,5.8,2009
30-03-2009,0,10.9,2009
31-03-2009,0,10.7,2009
01-04-2009,0,11.0,2009
02-04-2009,0,9.1,2009
03-04-2009,0,10.8,2009
04-04-2009,0,3.9,2009
05-04-2009,0,7.8,2009
06-04-2009,2.5,2.8,2009
07-04-2009,0,5.5,2009
08-04-2009,0,4.8,2009
09-04-2009,15,2.0,2009
10-04-2009,0.7,3.3,2009
11-04-2009,0.1,3.3,2009
12-04-2009,0,5.6,2009
13-04-2009,0.5,0.5,2009
14-04-2009,0.8,1.3,2009
15-04-2009,4.7,2.1,2009
16-04-2009,9,1.6,2009
17-04-2009,3.3,3.9,2009
18-04-2009,1.4,2.3,2009
19-04-2009,0,7.8,2009
20-04-2009,0,9.9,2009
21-04-2009,0,12.0,2009
22-04-2009,0,9.3,2009
23-04-2009,0,10.8,2009
24-04-2009,0.2,4.1,2009
25-04-2009,5.4,5.0,2009
26-04-2009,0.9,4.7,2009
27-04-2009,2.3,1.2,2009
28-04-2009,0.4,1.9,2009
29-04-2009,1.1,0.1,2009
30-04-2009,0,1.6,2009
01-05-2009,0,12.6,2009
02-05-2009,0,12.7,2009
03-05-2009,0,12.7,2009
04-05-2009,0,12.8,2009
05-05-2009,0,12.8,2009
06-05-2009,0,12.9,2009
07-05-2009,0,9.0,2009
08-05-2009,0,3.5,2009
09-05-2009,0,10.2,2009
10-05-2009,7.4,4.0,2009
11-05-2009,3.1,0.6,2009
12-05-2009,2.7,0.8,2009
13-05-2009,0.2,2.4,2009
14-05-2009,0.5,3.6,2009
15-05-2009,0.5,6.5,2009
16-05-2009,12.7,0.0,2009
17-05-2009,0.3,2.0,2009
18-05-2009,0,7.9,2009
19-05-2009,0,12.2,2009
20-05-2009,0,12.1,2009
21-05-2009,0,8.0,2009
22-05-2009,0.7,5.1,2009
23-05-2009,11.4,1.6,2009
24-05-2009,0.7,1.6,2009
25-05-2009,6.1,0.0,2009
26-05-2009,0,8.5,2009
27-05-2009,0,13.6,2009
28-05-2009,0,13.5,2009
29-05-2009,0,13.7,2009
30-05-2009,0,13.7,2009
31-05-2009,0,13.8,2009
01-06-2009,0,13.8,2009
02-06-2009,0,13.2,2009
03-06-2009,0,5.6,2009
04-06-2009,6.5,0.5,2009
05-06-2009,9.7,2.9,2009
06-06-2009,7.7,1.1,2009
07-06-2009,5.3,0.0,2009
08-06-2009,9.1,4.7,2009
09-06-2009,17.5,0.8,2009
10-06-2009,0.3,3.9,2009
11-06-2009,0,14.0,2009
12-06-2009,0,9.9,2009
13-06-2009,0,11.2,2009
14-06-2009,0,2.1,2009
15-06-2009,0,10.1,2009
16-06-2009,0,4.2,2009
17-06-2009,0,14.0,2009
18-06-2009,0,11.8,2009
19-06-2009,0,13.1,2009
20-06-2009,0,14.1,2009
21-06-2009,0,14.1,2009
22-06-2009,0,13.3,2009
23-06-2009,0,2.0,2009
24-06-2009,0,4.2,2009
25-06-2009,0.4,4.3,2009
26-06-2009,0,4.8,2009
27-06-2009,0.6,7.0,2009
28-06-2009,1.3,1.8,2009
29-06-2009,0.3,0.6,2009
30-06-2009,0,10.3,2009
01-07-2009,0,6.1,2009
02-07-2009,0,9.2,2009
03-07-2009,0,2.0,2009
04-07-2009,0,10.0,2009
05-07-2009,0,9.4,2009
06-07-2009,0,9.1,2009
07-07-2009,0,13.8,2009
08-07-2009,0,13.1,2009
09-07-2009,0,8.1,2009
10-07-2009,0,9.4,2009
11-07-2009,0,13.8,2009
12-07-2009,0,6.1,2009
13-07-2009,0,10.1,2009
14-07-2009,0,7.9,2009
15-07-2009,0,11.6,2009
16-07-2009,0,8.0,2009
17-07-2009,0,8.3,2009
18-07-2009,0,12.1,2009
19-07-2009,0,10.9,2009
20-07-2009,0,11.1,2009
21-07-2009,0,4.7,2009
22-07-2009,65,0.1,2009
23-07-2009,0.1,7.3,2009
24-07-2009,0,7.7,2009
25-07-2009,0,10.6,2009
26-07-2009,0,9.0,2009
27-07-2009,0,9.5,2009
28-07-2009,0,9.8,2009
29-07-2009,0,7.0,2009
30-07-2009,0,11.9,2009
31-07-2009,4.3,6.4,2009
01-08-2009,0.1,2.4,2009
02-08-2009,0,8.7,2009
03-08-2009,0,11.9,2009
04-08-2009,0,9.0,2009
05-08-2009,0,4.9,2009
06-08-2009,0,2.3,2009
07-08-2009,0,4.8,2009
08-08-2009,0,7.1,2009
09-08-2009,0,7.3,2009
10-08-2009,0,12.7,2009
11-08-2009,0,12.6,2009
12-08-2009,0,12.5,2009
13-08-2009,0,12.4,2009
14-08-2009,0,12.3,2009
15-08-2009,0,11.5,2009
16-08-2009,0,12.4,2009
17-08-2009,0,9.1,2009
18-08-2009,0,12.3,2009
19-08-2009,0,12.3,2009
20-08-2009,0,1.7,2009
21-08-2009,0,8.9,2009
22-08-2009,0,11.3,2009
23-08-2009,0,12.0,2009
24-08-2009,0,3.0,2009
25-08-2009,0,11.3,2009
26-08-2009,0,5.3,2009
27-08-2009,0,11.8,2009
28-08-2009,0,10.5,2009
29-08-2009,0,11.8,2009
30-08-2009,0,11.7,2009
31-08-2009,0.1,11.7,2009
01-09-2009,0,9.4,2009
02-09-2009,0.2,9.2,2009
03-09-2009,0,7.4,2009
04-09-2009,0,10.8,2009
05-09-2009,0,11.3,2009
06-09-2009,0,11.3,2009
07-09-2009,0,10.7,2009
08-09-2009,0,11.1,2009
09-09-2009,0,8.9,2009
10-09-2009,0,8.3,2009
11-09-2009,0,11.0,2009
12-09-2009,0,10.1,2009
13-09-2009,0,9.7,2009
14-09-2009,0,10.7,2009
15-09-2009,0,10.4,2009
16-09-2009,0.2,4.6,2009
17-09-2009,0,0.8,2009
18-09-2009,0.1,8.5,2009
19-09-2009,0,0.1,2009
20-09-2009,0,7.0,2009
21-09-2009,0,8.7,2009
22-09-2009,0,10.5,2009
23-09-2009,0,10.5,2009
24-09-2009,0,10.2,2009
25-09-2009,0,10.4,2009
26-09-2009,0,10.4,2009
27-09-2009,0,9.1,2009
28-09-2009,2.5,8.0,2009
29-09-2009,0,8.3,2009
30-09-2009,0,1.1,2009
01-10-2009,0,7.4,2009
02-10-2009,0,5.9,2009
03-10-2009,5.8,5.1,2009
04-10-2009,0.8,0.0,2009
05-10-2009,25.8,0.2,2009
06-10-2009,17.1,1.1,2009
07-10-2009,10.2,1.7,2009
08-10-2009,0,3.4,2009
09-10-2009,0,2.5,2009
10-10-2009,0,4.1,2009
11-10-2009,0,8.7,2009
12-10-2009,0,6.2,2009
13-10-2009,0,9.2,2009
14-10-2009,0,9.5,2009
15-10-2009,0,9.3,2009
16-10-2009,0,9.5,2009
17-10-2009,0,9.4,2009
18-10-2009,0,9.3,2009
19-10-2009,15.6,1.7,2009
20-10-2009,3.6,2.2,2009
21-10-2009,25.3,0.0,2009
22-10-2009,0.5,3.0,2009
23-10-2009,0.2,0.0,2009
24-10-2009,57.7,0.0,2009
25-10-2009,1.9,5.9,2009
26-10-2009,0,8.0,2009
27-10-2009,0,2.1,2009
28-10-2009,0,7.2,2009
29-10-2009,0,7.7,2009
30-10-2009,0,0.3,2009
31-10-2009,0.1,0.5,2009
01-11-2009,11.8,0.4,2009
02-11-2009,0.1,5.2,2009
03-11-2009,0.5,1.4,2009
04-11-2009,2.1,3.3,2009
05-11-2009,4.2,0.0,2009
06-11-2009,0.4,0.0,2009
07-11-2009,2.1,1.6,2009
08-11-2009,0,2.8,2009
09-11-2009,2.2,0.4,2009
10-11-2009,0.1,0.6,2009
11-11-2009,13.6,1.8,2009
12-11-2009,1,1.9,2009
13-11-2009,6.8,1.1,2009
14-11-2009,15.6,3.5,2009
15-11-2009,30.1,0.0,2009
16-11-2009,21.2,0.0,2009
17-11-2009,0,6.3,2009
18-11-2009,0,0.0,2009
19-11-2009,0,2.8,2009
20-11-2009,5,0.0,2009
21-11-2009,6.7,0.0,2009
22-11-2009,0.8,1.9,2009
23-11-2009,0,0.7,2009
24-11-2009,0,5.4,2009
25-11-2009,9.1,0.0,2009
26-11-2009,3,4.6,2009
27-11-2009,0.9,2.2,2009
28-11-2009,19.3,1.4,2009
29-11-2009,8.6,1.6,2009
30-11-2009,3.2,3.2,2009
01-12-2009,1.3,0.0,2009
02-12-2009,6.9,0.3,2009
03-12-2009,0.3,0.9,2009
04-12-2009,1.8,0.0,2009
05-12-2009,31.1,0.4,2009
06-12-2009,15.1,0.1,2009
07-12-2009,0,0.4,2009
08-12-2009,0,0.0,2009
09-12-2009,0,1.1,2009
10-12-2009,0,2.0,2009
11-12-2009,0,6.6,2009
12-12-2009,0,3.7,2009
13-12-2009,0,7.9,2009
14-12-2009,0,6.4,2009
15-12-2009,1.6,8.1,2009
16-12-2009,21.7,0.0,2009
17-12-2009,3.6,2.1,2009
18-12-2009,0,5.2,2009
19-12-2009,0,7.7,2009
20-12-2009,6.9,5.4,2009
21-12-2009,19,0.3,2009
22-12-2009,9.9,0.4,2009
23-12-2009,10.5,0.0,2009
24-12-2009,8.3,0.2,2009
25-12-2009,0,1.7,2009
26-12-2009,0,2.2,2009
27-12-2009,11.3,0.0,2009
28-12-2009,4.4,0.4,2009
29-12-2009,18.5,2.9,2009
30-12-2009,13.6,1.4,2009
31-12-2009,29,0.7,2009
01-01-2010,2,1.5,2010
02-01-2010,13.6,0.0,2010
03-01-2010,0.9,2.4,2010
04-01-2010,0.2,0.0,2010
05-01-2010,0,0.0,2010
06-01-2010,1.4,1.3,2010
07-01-2010,0,4.7,2010
08-01-2010,0,5.9,2010
09-01-2010,0,5.3,2010
10-01-2010,0,0.0,2010
11-01-2010,14.7,3.6,2010
12-01-2010,32.5,1.0,2010
13-01-2010,21.7,0.0,2010
14-01-2010,0,1.6,2010
15-01-2010,0.7,0.0,2010
16-01-2010,7.7,0.0,2010
17-01-2010,1,0.0,2010
18-01-2010,2.4,0.0,2010
19-01-2010,6,2.7,2010
20-01-2010,4.5,0.0,2010
21-01-2010,0.1,0.6,2010
22-01-2010,3.9,0.0,2010
23-01-2010,7.8,0.5,2010
24-01-2010,0,2.6,2010
25-01-2010,0.1,6.2,2010
26-01-2010,0,8.2,2010
27-01-2010,0,8.1,2010
28-01-2010,0,8.2,2010
29-01-2010,0.4,1.7,2010
30-01-2010,0.1,3.2,2010
31-01-2010,0.1,2.9,2010
01-02-2010,0,6.1,2010
02-02-2010,0,6.3,2010
03-02-2010,0,3.6,2010
04-02-2010,10.6,0.3,2010
05-02-2010,3.1,2.9,2010
06-02-2010,0,0.1,2010
07-02-2010,3.3,1.0,2010
08-02-2010,5.8,1.8,2010
09-02-2010,0.1,3.1,2010
10-02-2010,1.2,0.0,2010
11-02-2010,0,8.5,2010
12-02-2010,0,8.8,2010
13-02-2010,0,8.7,2010
14-02-2010,0,1.9,2010
15-02-2010,0,6.6,2010
16-02-2010,0,0.0,2010
17-02-2010,1.7,1.8,2010
18-02-2010,0,5.6,2010
19-02-2010,0.7,5.6,2010
20-02-2010,0.9,3.1,2010
21-02-2010,8.8,3.7,2010
22-02-2010,15.5,1.9,2010
23-02-2010,11.4,1.5,2010
24-02-2010,46.9,0.0,2010
25-02-2010,10.8,3.8,2010
26-02-2010,3.1,3.0,2010
27-02-2010,15.8,0.4,2010
28-02-2010,13.5,1.8,2010
01-03-2010,1.6,5.8,2010
02-03-2010,1.3,2.1,2010
03-03-2010,2.1,0.1,2010
04-03-2010,0,7.3,2010
05-03-2010,0,0.0,2010
06-03-2010,1.5,2.7,2010
07-03-2010,4.8,0.0,2010
08-03-2010,0,3.1,2010
09-03-2010,0,10.0,2010
10-03-2010,0,10.1,2010
11-03-2010,0,10.0,2010
12-03-2010,0,9.6,2010
13-03-2010,0,5.7,2010
14-03-2010,0,10.3,2010
15-03-2010,0,10.3,2010
16-03-2010,0,5.7,2010
17-03-2010,2.7,8.8,2010
18-03-2010,6.7,2.2,2010
19-03-2010,10.5,0.4,2010
20-03-2010,5.7,2.1,2010
21-03-2010,0.1,6.4,2010
22-03-2010,0,8.2,2010
23-03-2010,6.7,1.8,2010
24-03-2010,13.2,3.8,2010
25-03-2010,12.8,2.5,2010
26-03-2010,10.8,2.6,2010
27-03-2010,0,4.2,2010
28-03-2010,0,3.9,2010
29-03-2010,15.4,2.0,2010
30-03-2010,2.2,2.5,2010
31-03-2010,6.3,2.8,2010
01-04-2010,0.5,4.6,2010
02-04-2010,11.3,0.3,2010
03-04-2010,11.3,3.8,2010
04-04-2010,0,6.1,2010
05-04-2010,0,9.1,2010
06-04-2010,1.8,5.1,2010
07-04-2010,0,9.9,2010
08-04-2010,0,11.4,2010
09-04-2010,0,11.5,2010
10-04-2010,0,11.6,2010
11-04-2010,0,11.7,2010
12-04-2010,0,8.1,2010
13-04-2010,0,8.4,2010
14-04-2010,4.6,9.2,2010
15-04-2010,1,3.1,2010
16-04-2010,0.2,5.9,2010
17-04-2010,8.8,1.0,2010
18-04-2010,2.4,3.9,2010
19-04-2010,0,7.6,2010
20-04-2010,2,2.9,2010
21-04-2010,3.7,1.6,2010
22-04-2010,0.1,4.9,2010
23-04-2010,0,1.6,2010
24-04-2010,0,6.7,2010
25-04-2010,0,11.0,2010
26-04-2010,0,12.3,2010
27-04-2010,0,6.2,2010
28-04-2010,3,6.6,2010
29-04-2010,0,8.7,2010
30-04-2010,1,1.8,2010
01-05-2010,0,4.1,2010
02-05-2010,0,7.1,2010
03-05-2010,0,8.3,2010
04-05-2010,0,5.4,2010
05-05-2010,0,8.5,2010
06-05-2010,0.8,11.9,2010
07-05-2010,19.9,1.5,2010
08-05-2010,12.1,0.9,2010
09-05-2010,1.8,4.2,2010
10-05-2010,7.3,0.3,2010
11-05-2010,7.6,1.6,2010
12-05-2010,0.2,4.2,2010
13-05-2010,0.9,8.0,2010
14-05-2010,1.3,1.2,2010
15-05-2010,0,3.8,2010
16-05-2010,0,13.2,2010
17-05-2010,0,13.1,2010
18-05-2010,0,12.8,2010
19-05-2010,0,13.3,2010
20-05-2010,0,13.4,2010
21-05-2010,0,13.4,2010
22-05-2010,0,13.3,2010
23-05-2010,0,10.9,2010
24-05-2010,3.6,2.5,2010
25-05-2010,1.7,1.5,2010
26-05-2010,0.3,0.2,2010
27-05-2010,0,3.8,2010
28-05-2010,0,5.7,2010
29-05-2010,0,2.0,2010
30-05-2010,0,10.0,2010
31-05-2010,0,7.0,2010
01-06-2010,0,5.7,2010
02-06-2010,0,10.3,2010
03-06-2010,0,13.8,2010
04-06-2010,0,13.8,2010
05-06-2010,0,0.4,2010
06-06-2010,0,9.0,2010
07-06-2010,0.3,7.1,2010
08-06-2010,12.6,0.0,2010
09-06-2010,15.3,0.0,2010
10-06-2010,10.8,0.1,2010
11-06-2010,0.9,0.0,2010
12-06-2010,0,2.1,2010
13-06-2010,0,5.8,2010
14-06-2010,0,10.2,2010
15-06-2010,0,7.3,2010
16-06-2010,0,4.2,2010
17-06-2010,0,14.0,2010
18-06-2010,0,13.2,2010
19-06-2010,0,10.6,2010
20-06-2010,0,14.1,2010
21-06-2010,0,14.1,2010
22-06-2010,0,14.0,2010
23-06-2010,0,12.6,2010
24-06-2010,0,11.7,2010
25-06-2010,1.7,4.5,2010
26-06-2010,0.2,8.2,2010
27-06-2010,0,8.2,2010
28-06-2010,0,12.5,2010
29-06-2010,0,13.8,2010
30-06-2010,0,13.3,2010
01-07-2010,0,13.2,2010
02-07-2010,0.2,1.4,2010
03-07-2010,0,10.0,2010
04-07-2010,0,10.1,2010
05-07-2010,0,11.4,2010
06-07-2010,0,13.3,2010
07-07-2010,1.7,9.8,2010
08-07-2010,8,6.3,2010
09-07-2010,0,9.9,2010
10-07-2010,0,9.8,2010
11-07-2010,0,5.9,2010
12-07-2010,0.4,7.2,2010
13-07-2010,0,10.6,2010
14-07-2010,0,5.1,2010
15-07-2010,0,13.4,2010
16-07-2010,0,7.0,2010
17-07-2010,0,10.8,2010
18-07-2010,0,13.4,2010
19-07-2010,0,13.5,2010
20-07-2010,0,6.8,2010
21-07-2010,0,8.6,2010
22-07-2010,0,12.9,2010
23-07-2010,0,13.4,2010
24-07-2010,0,13.1,2010
25-07-2010,0,13.3,2010
26-07-2010,0,13.2,2010
27-07-2010,0,13.2,2010
28-07-2010,0,12.4,2010
29-07-2010,0,10.5,2010
30-07-2010,0,13.1,2010
31-07-2010,0,10.6,2010
01-08-2010,0,8.4,2010
02-08-2010,0,11.1,2010
03-08-2010,0,13.0,2010
04-08-2010,0,11.9,2010
05-08-2010,0,12.8,2010
06-08-2010,0,12.9,2010
07-08-2010,0,12.8,2010
08-08-2010,0,10.3,2010
09-08-2010,0,11.3,2010
10-08-2010,0,12.4,2010
11-08-2010,0,12.6,2010
12-08-2010,0,12.2,2010
13-08-2010,0,12.3,2010
14-08-2010,0,12.5,2010
15-08-2010,0,12.5,2010
16-08-2010,0,12.4,2010
17-08-2010,0,12.1,2010
18-08-2010,0,7.9,2010
19-08-2010,0,10.0,2010
20-08-2010,0,11.5,2010
21-08-2010,0,10.8,2010
22-08-2010,0,9.2,2010
23-08-2010,0.4,4.0,2010
24-08-2010,0,10.3,2010
25-08-2010,0,12.0,2010
26-08-2010,1,6.2,2010
27-08-2010,0,10.8,2010
28-08-2010,0,9.7,2010
29-08-2010,0,11.8,2010
30-08-2010,0,11.5,2010
31-08-2010,1.1,5.5,2010
01-09-2010,0,3.3,2010
02-09-2010,0,7.5,2010
03-09-2010,0,10.3,2010
04-09-2010,0,11.4,2010
05-09-2010,0,11.4,2010
06-09-2010,0.5,0.0,2010
07-09-2010,2,4.3,2010
08-09-2010,1.4,2.2,2010
09-09-2010,0,6.8,2010
10-09-2010,0,10.4,2010
11-09-2010,0,10.9,2010
12-09-2010,0,10.9,2010
13-09-2010,0,10.9,2010
14-09-2010,0,10.6,2010
15-09-2010,0.1,2.0,2010
16-09-2010,24.1,4.6,2010
17-09-2010,0,0.4,2010
18-09-2010,0,8.4,2010
19-09-2010,0,9.7,2010
20-09-2010,0,7.6,2010
21-09-2010,0,10.5,2010
22-09-2010,0,3.0,2010
23-09-2010,0,3.2,2010
24-09-2010,0.8,1.6,2010
25-09-2010,0,8.8,2010
26-09-2010,0,10.0,2010
27-09-2010,0,9.6,2010
28-09-2010,0,10.3,2010
29-09-2010,3.2,4.2,2010
30-09-2010,0,8.3,2010
01-10-2010,0,4.5,2010
02-10-2010,58.7,4.6,2010
03-10-2010,25.7,0.9,2010
04-10-2010,0,4.6,2010
05-10-2010,12.5,0.1,2010
06-10-2010,5.5,0.0,2010
07-10-2010,6.4,2.7,2010
08-10-2010,27.4,0.3,2010
09-10-2010,1.3,6.3,2010
10-10-2010,0,6.3,2010
11-10-2010,0,4.6,2010
12-10-2010,0,6.7,2010
13-10-2010,0,9.0,2010
14-10-2010,0,3.7,2010
15-10-2010,0,8.2,2010
16-10-2010,0,8.9,2010
17-10-2010,0,9.4,2010
18-10-2010,0,9.4,2010
19-10-2010,0,8.3,2010
20-10-2010,0,6.8,2010
21-10-2010,0,8.2,2010
22-10-2010,0,2.4,2010
23-10-2010,0.1,5.6,2010
24-10-2010,0.1,0.2,2010
25-10-2010,0,7.3,2010
26-10-2010,0,8.0,2010
27-10-2010,0,3.5,2010
28-10-2010,0,4.5,2010
29-10-2010,35.4,0.4,2010
30-10-2010,21.2,1.6,2010
31-10-2010,5.9,1.1,2010
01-11-2010,0.3,0.1,2010
02-11-2010,0,2.2,2010
03-11-2010,0,4.7,2010
04-11-2010,0,5.0,2010
05-11-2010,0,4.4,2010
06-11-2010,0,3.6,2010
07-11-2010,0,2.8,2010
08-11-2010,14.3,1.0,2010
09-11-2010,8.9,1.0,2010
10-11-2010,0,4.5,2010
11-11-2010,0,0.1,2010
12-11-2010,0,0.1,2010
13-11-2010,26.5,0.7,2010
14-11-2010,9.6,2.2,2010
15-11-2010,0.9,3.3,2010
16-11-2010,4.6,1.2,2010
17-11-2010,0.2,6.0,2010
18-11-2010,1.4,1.4,2010
19-11-2010,19.2,0.1,2010
20-11-2010,8.2,4.4,2010
21-11-2010,3.4,0.4,2010
22-11-2010,1.9,1.9,2010
23-11-2010,0,0.8,2010
24-11-2010,0,4.1,2010
25-11-2010,0,0.9,2010
26-11-2010,0,5.2,2010
27-11-2010,0,5.6,2010
28-11-2010,0,4.5,2010
29-11-2010,3.6,0.1,2010
30-11-2010,1.6,2.3,2010
01-12-2010,1.4,5.2,2010
02-12-2010,4.7,0.2,2010
03-12-2010,0,1.0,2010
04-12-2010,4.4,0.2,2010
05-12-2010,25.7,0.3,2010
06-12-2010,6.2,3.6,2010
07-12-2010,10.9,0.2,2010
08-12-2010,2.2,0.6,2010
09-12-2010,1.2,0.0,2010
10-12-2010,0.1,5.2,2010
11-12-2010,0,3.9,2010
12-12-2010,0,0.0,2010
13-12-2010,0,0.0,2010
14-12-2010,0,2.5,2010
15-12-2010,0,8.1,2010
16-12-2010,0,8.2,2010
17-12-2010,0,0.1,2010
18-12-2010,0,4.9,2010
19-12-2010,1.2,0.1,2010
20-12-2010,19.5,0.0,2010
21-12-2010,23.9,0.0,2010
22-12-2010,8,0.0,2010
23-12-2010,0,2.0,2010
24-12-2010,0,2.8,2010
25-12-2010,0,6.9,2010
26-12-2010,0,6.8,2010
27-12-2010,1.8,0.0,2010
28-12-2010,2,0.0,2010
29-12-2010,0.2,0.3,2010
30-12-2010,1.4,0.1,2010
31-12-2010,0.2,2.7,2010
01-01-2011,0,0.0,2011
02-01-2011,0,4.3,2011
03-01-2011,7.4,0.0,2011
04-01-2011,16,0.0,2011
05-01-2011,10,0.0,2011
06-01-2011,30.9,0.1,2011
07-01-2011,9.4,0.9,2011
08-01-2011,16.5,0.1,2011
09-01-2011,2.7,3.9,2011
10-01-2011,0.7,0.0,2011
11-01-2011,0.6,0.0,2011
12-01-2011,0,0.1,2011
13-01-2011,0,0.7,2011
14-01-2011,0,3.9,2011
15-01-2011,0,6.0,2011
16-01-2011,6.6,0.3,2011
17-01-2011,21.3,0.4,2011
18-01-2011,2.8,0.0,2011
19-01-2011,0,4.4,2011
20-01-2011,0,6.2,2011
21-01-2011,0,8.2,2011
22-01-2011,0,8.2,2011
23-01-2011,0,8.2,2011
24-01-2011,0,8.2,2011
25-01-2011,0,8.2,2011
26-01-2011,0.2,5.1,2011
27-01-2011,0.3,0.0,2011
28-01-2011,1.8,3.9,2011
29-01-2011,0.3,0.6,2011
30-01-2011,0.1,2.5,2011
31-01-2011,0,5.4,2011
01-02-2011,0,8.0,2011
02-02-2011,0,5.6,2011
03-02-2011,0,8.3,2011
04-02-2011,0,3.2,2011
05-02-2011,0,5.2,2011
06-02-2011,0,5.7,2011
07-02-2011,0,5.5,2011
08-02-2011,0,2.5,2011
09-02-2011,0,0.1,2011
10-02-2011,0,4.7,2011
11-02-2011,0.5,4.7,2011
12-02-2011,0,6.9,2011
13-02-2011,17.1,0.1,2011
14-02-2011,15.2,0.0,2011
15-02-2011,26.1,1.2,2011
16-02-2011,18,1.0,2011
17-02-2011,3.5,2.8,2011
18-02-2011,10.6,0.0,2011
19-02-2011,0.6,4.3,2011
20-02-2011,4.4,1.2,2011
21-02-2011,1,0.0,2011
22-02-2011,0,0.9,2011
23-02-2011,0,5.9,2011
24-02-2011,0,6.4,2011
25-02-2011,0,5.0,2011
26-02-2011,0,3.1,2011
27-02-2011,0,8.9,2011
28-02-2011,0,6.5,2011
01-03-2011,0,6.3,2011
02-03-2011,0,5.3,2011
03-03-2011,0,8.2,2011
04-03-2011,0,6.8,2011
05-03-2011,0,4.2,2011
06-03-2011,0,5.7,2011
07-03-2011,0,8.6,2011
08-03-2011,0,7.6,2011
09-03-2011,0,9.8,2011
10-03-2011,0,7.5,2011
11-03-2011,2.3,0.6,2011
12-03-2011,0.3,0.5,2011
13-03-2011,1.2,2.5,2011
14-03-2011,22.3,0.0,2011
15-03-2011,12.3,0.3,2011
16-03-2011,0.3,0.0,2011
17-03-2011,0,3.4,2011
18-03-2011,0,8.0,2011
19-03-2011,0,8.1,2011
20-03-2011,0,9.4,2011
21-03-2011,0,10.5,2011
22-03-2011,0,7.9,2011
23-03-2011,0.6,3.5,2011
24-03-2011,4.1,1.9,2011
25-03-2011,12.1,2.2,2011
26-03-2011,15.7,0.8,2011
27-03-2011,5.9,0.9,2011
28-03-2011,1.5,2.2,2011
29-03-2011,1,1.4,2011
30-03-2011,0,0.5,2011
31-03-2011,0,10.9,2011
01-04-2011,0,9.7,2011
02-04-2011,0,1.2,2011
03-04-2011,0,4.7,2011
04-04-2011,0,11.2,2011
05-04-2011,0,11.2,2011
06-04-2011,0,6.6,2011
07-04-2011,0,6.5,2011
08-04-2011,0,10.9,2011
09-04-2011,0,8.8,2011
10-04-2011,0,11.0,2011
11-04-2011,0,10.4,2011
12-04-2011,0,11.7,2011
13-04-2011,0,10.6,2011
14-04-2011,0,11.4,2011
15-04-2011,0,11.9,2011
16-04-2011,0,11.9,2011
17-04-2011,0,7.2,2011
18-04-2011,9.7,2.8,2011
19-04-2011,36,0.1,2011
20-04-2011,6.4,2.8,2011
21-04-2011,0.7,4.1,2011
22-04-2011,26.2,0.2,2011
23-04-2011,0,8.9,2011
24-04-2011,0,10.5,2011
25-04-2011,0,11.1,2011
26-04-2011,0,12.2,2011
27-04-2011,0,12.4,2011
28-04-2011,0,11.6,2011
29-04-2011,0,7.0,2011
30-04-2011,1.7,0.1,2011
01-05-2011,4.5,0.3,2011
02-05-2011,7.6,4.1,2011
03-05-2011,0,9.0,2011
04-05-2011,0,5.6,2011
05-05-2011,0,8.6,2011
06-05-2011,3,2.8,2011
07-05-2011,6.7,3.4,2011
08-05-2011,0.1,1.0,2011
09-05-2011,0,10.5,2011
10-05-2011,0,12.9,2011
11-05-2011,0,8.9,2011
12-05-2011,0,9.0,2011
13-05-2011,0,11.9,2011
14-05-2011,0,9.9,2011
15-05-2011,0,13.1,2011
16-05-2011,0,13.2,2011
17-05-2011,0,3.9,2011
18-05-2011,0,7.8,2011
19-05-2011,0,8.4,2011
20-05-2011,0,5.7,2011
21-05-2011,0,9.3,2011
22-05-2011,0,11.0,2011
23-05-2011,0,12.7,2011
24-05-2011,0,7.8,2011
25-05-2011,0.9,9.3,2011
26-05-2011,0,9.8,2011
27-05-2011,0,11.2,2011
28-05-2011,1.1,9.0,2011
29-05-2011,17.7,2.0,2011
30-05-2011,0.5,3.5,2011
31-05-2011,0,11.6,2011
01-06-2011,0,13.8,2011
02-06-2011,0,13.8,2011
03-06-2011,0,13.4,2011
04-06-2011,0,11.9,2011
05-06-2011,0,7.6,2011
06-06-2011,0,1.8,2011
07-06-2011,0,2.5,2011
08-06-2011,0,7.0,2011
09-06-2011,0,3.0,2011
10-06-2011,0,7.6,2011
11-06-2011,0,8.5,2011
12-06-2011,0,5.3,2011
13-06-2011,0,4.1,2011
14-06-2011,0,9.1,2011
15-06-2011,0,5.2,2011
16-06-2011,0,2.8,2011
17-06-2011,0,3.5,2011
18-06-2011,0,10.3,2011
19-06-2011,0,14.1,2011
20-06-2011,0,14.0,2011
21-06-2011,0,8.3,2011
22-06-2011,0,13.2,2011
23-06-2011,0,13.3,2011
24-06-2011,0,14.0,2011
25-06-2011,0,13.9,2011
26-06-2011,0,10.7,2011
27-06-2011,0,11.6,2011
28-06-2011,0,1.6,2011
29-06-2011,0,14.0,2011
30-06-2011,0,14.0,2011
01-07-2011,0,12.7,2011
02-07-2011,0,11.0,2011
03-07-2011,0,6.2,2011
04-07-2011,0,13.5,2011
05-07-2011,0,2.8,2011
06-07-2011,0,9.2,2011
07-07-2011,0,1.2,2011
08-07-2011,2.1,0.1,2011
09-07-2011,0.4,3.0,2011
10-07-2011,0,6.9,2011
11-07-2011,1.6,5.7,2011
12-07-2011,0.7,4.4,2011
13-07-2011,0,6.0,2011
14-07-2011,0,10.1,2011
15-07-2011,0,6.5,2011
16-07-2011,0.2,2.0,2011
17-07-2011,0,6.9,2011
18-07-2011,0.1,0.3,2011
19-07-2011,0,8.2,2011
20-07-2011,0,7.8,2011
21-07-2011,0,8.6,2011
22-07-2011,0,13.4,2011
23-07-2011,0,13.3,2011
24-07-2011,0,11.3,2011
25-07-2011,0,8.9,2011
26-07-2011,0,10.3,2011
27-07-2011,0,13.2,2011
28-07-2011,0,13.2,2011
29-07-2011,0,9.8,2011
30-07-2011,0,9.6,2011
31-07-2011,0,9.2,2011
01-08-2011,0,7.9,2011
02-08-2011,0,3.1,2011
03-08-2011,0,12.1,2011
04-08-2011,0,5.8,2011
05-08-2011,0,4.9,2011
06-08-2011,0.3,6.3,2011
07-08-2011,0,9.2,2011
08-08-2011,0,12.8,2011
09-08-2011,0,11.0,2011
10-08-2011,0,12.5,2011
11-08-2011,0,12.4,2011
12-08-2011,0,12.6,2011
13-08-2011,0,12.0,2011
14-08-2011,0.3,3.5,2011
15-08-2011,0,9.6,2011
16-08-2011,0,12.4,2011
17-08-2011,0,8.6,2011
18-08-2011,0,8.3,2011
19-08-2011,0,11.2,2011
20-08-2011,0,8.3,2011
21-08-2011,6.8,1.5,2011
22-08-2011,9.6,0.3,2011
23-08-2011,0,0.0,2011
24-08-2011,0,7.6,2011
25-08-2011,3.6,2.5,2011
26-08-2011,0,9.9,2011
27-08-2011,0,9.8,2011
28-08-2011,0,11.7,2011
29-08-2011,0,10.0,2011
30-08-2011,0.8,5.2,2011
31-08-2011,3.3,0.2,2011
01-09-2011,0.3,5.1,2011
02-09-2011,0,6.2,2011
03-09-2011,4.7,3.7,2011
04-09-2011,0.9,5.0,2011
05-09-2011,0,8.5,2011
06-09-2011,0,11.3,2011
07-09-2011,0,10.7,2011
08-09-2011,0,7.2,2011
09-09-2011,0,8.7,2011
10-09-2011,0,2.6,2011
11-09-2011,0,0.4,2011
12-09-2011,0,11.0,2011
13-09-2011,0,9.2,2011
14-09-2011,0,10.2,2011
15-09-2011,0,10.1,2011
16-09-2011,0,7.1,2011
17-09-2011,0,5.1,2011
18-09-2011,0,7.0,2011
19-09-2011,0,10.7,2011
20-09-2011,0,10.6,2011
21-09-2011,0,7.6,2011
22-09-2011,0,8.0,2011
23-09-2011,0,6.6,2011
24-09-2011,0,7.9,2011
25-09-2011,0,10.5,2011
26-09-2011,0,9.4,2011
27-09-2011,0.1,2.0,2011
28-09-2011,1.9,0.4,2011
29-09-2011,0,7.8,2011
30-09-2011,0,5.1,2011
01-10-2011,0,9.9,2011
02-10-2011,0,9.9,2011
03-10-2011,0,9.4,2011
04-10-2011,0,9.4,2011
05-10-2011,0,8.5,2011
06-10-2011,0,7.2,2011
07-10-2011,0,8.2,2011
08-10-2011,0,9.8,2011
09-10-2011,0,9.8,2011
10-10-2011,0,9.7,2011
11-10-2011,0,9.7,2011
12-10-2011,0,9.5,2011
13-10-2011,0,9.1,2011
14-10-2011,0,9.4,2011
15-10-2011,0,7.1,2011
16-10-2011,0,6.0,2011
17-10-2011,0,8.8,2011
18-10-2011,0,7.8,2011
19-10-2011,0,4.0,2011
20-10-2011,0,9.3,2011
21-10-2011,0,9.2,2011
22-10-2011,0,7.3,2011
23-10-2011,79.7,0.6,2011
24-10-2011,15.9,4.2,2011
25-10-2011,3.2,2.5,2011
26-10-2011,43.5,0.0,2011
27-10-2011,7.2,0.7,2011
28-10-2011,0,6.3,2011
29-10-2011,0,5.0,2011
30-10-2011,0,6.0,2011
31-10-2011,13.8,0.3,2011
01-11-2011,0,3.2,2011
02-11-2011,24.7,,2011
03-11-2011,16.6,,2011
04-11-2011,0.5,,2011
05-11-2011,0.4,,2011
06-11-2011,0,,2011
07-11-2011,0,,2011
08-11-2011,0.4,,2011
09-11-2011,3,,2011
10-11-2011,16.1,,2011
11-11-2011,13.1,,2011
12-11-2011,0,,2011
13-11-2011,1.4,,2011
14-11-2011,5.1,,2011
15-11-2011,11,,2011
16-11-2011,0,,2011
17-11-2011,0,,2011
18-11-2011,1.5,0.4,2011
19-11-2011,2.1,2.3,2011
20-11-2011,0.3,2.7,2011
21-11-2011,1.6,,2011
22-11-2011,0,,2011
23-11-2011,0,6.2,2011
24-11-2011,0,6.8,2011
25-11-2011,0,4.4,2011
26-11-2011,0,4.6,2011
27-11-2011,0,6.4,2011
28-11-2011,0,3.5,2011
29-11-2011,1.5,0.2,2011
30-11-2011,0,4.0,2011
01-12-2011,12.1,0.4,2011
02-12-2011,0.6,1.7,2011
03-12-2011,1.3,0.5,2011
04-12-2011,0.3,0.1,2011
05-12-2011,0.2,0.8,2011
06-12-2011,0,0.8,2011
07-12-2011,0,1.5,2011
08-12-2011,0,1.4,2011
09-12-2011,11.8,0.1,2011
10-12-2011,1.3,0.5,2011
11-12-2011,3.8,0.4,2011
12-12-2011,0,0.3,2011
13-12-2011,3.6,0.7,2011
14-12-2011,2,4.5,2011
15-12-2011,0.4,1.4,2011
16-12-2011,4.9,0.7,2011
17-12-2011,0,4.4,2011
18-12-2011,0,3.1,2011
19-12-2011,0,0.9,2011
20-12-2011,0.4,0.0,2011
21-12-2011,0,2.0,2011
22-12-2011,0,7.3,2011
23-12-2011,0,0.0,2011
24-12-2011,0,7.8,2011
25-12-2011,0,6.4,2011
26-12-2011,0,4.8,2011
27-12-2011,0,4.0,2011
28-12-2011,0,2.0,2011
29-12-2011,0,7.9,2011
30-12-2011,0,4.5,2011
31-12-2011,0,0.0,2011
01-01-2012,11.7,0.4,2012
02-01-2012,0.4,3.0,2012
03-01-2012,0,0.5,2012
04-01-2012,0.6,0.0,2012
05-01-2012,0,0.7,2012
06-01-2012,0,7.0,2012
07-01-2012,0,8.0,2012
08-01-2012,0,6.1,2012
09-01-2012,0,6.7,2012
10-01-2012,0,4.7,2012
11-01-2012,0,4.7,2012
12-01-2012,0,4.4,2012
13-01-2012,0,4.5,2012
14-01-2012,2.1,0.3,2012
15-01-2012,6.3,1.2,2012
16-01-2012,0,1.8,2012
17-01-2012,0,0.0,2012
18-01-2012,0,2.4,2012
19-01-2012,0,8.1,2012
20-01-2012,0,7.9,2012
21-01-2012,0,3.7,2012
22-01-2012,0,5.3,2012
23-01-2012,0,5.3,2012
24-01-2012,0,6.6,2012
25-01-2012,0,3.9,2012
26-01-2012,1.1,0.0,2012
27-01-2012,0,7.6,2012
28-01-2012,0,5.7,2012
29-01-2012,0,8.0,2012
30-01-2012,0,5.8,2012
31-01-2012,0.2,0.0,2012
01-02-2012,2.6,0.8,2012
02-02-2012,0,7.6,2012
03-02-2012,0,8.2,2012
04-02-2012,0,8.2,2012
05-02-2012,0.1,0.1,2012
06-02-2012,0,1.2,2012
07-02-2012,0,0.5,2012
08-02-2012,0,7.1,2012
09-02-2012,0,8.2,2012
10-02-2012,0,6.0,2012
11-02-2012,0,8.5,2012
12-02-2012,0,8.4,2012
13-02-2012,0,5.2,2012
14-02-2012,0.8,2.6,2012
15-02-2012,0,8.5,2012
16-02-2012,0,8.6,2012
17-02-2012,0,8.8,2012
18-02-2012,0,7.9,2012
19-02-2012,0,8.2,2012
20-02-2012,0,8.9,2012
21-02-2012,0,8.5,2012
22-02-2012,0,8.5,2012
23-02-2012,0,9.0,2012
24-02-2012,0,8.3,2012
25-02-2012,0,6.6,2012
26-02-2012,0,6.9,2012
27-02-2012,0,6.9,2012
28-02-2012,0,9.3,2012
29-02-2012,0,9.3,2012
01-03-2012,0.4,5.2,2012
02-03-2012,0,9.1,2012
03-03-2012,3.4,0.9,2012
04-03-2012,0.4,4.0,2012
05-03-2012,0,9.0,2012
06-03-2012,0,6.1,2012
07-03-2012,0,1.4,2012
08-03-2012,0,9.7,2012
09-03-2012,0,9.8,2012
10-03-2012,0,9.8,2012
11-03-2012,0,9.8,2012
12-03-2012,0,9.9,2012
13-03-2012,0,9.9,2012
14-03-2012,0,9.6,2012
15-03-2012,0,8.2,2012
16-03-2012,0,7.7,2012
17-03-2012,9.4,2.7,2012
18-03-2012,2.7,5.8,2012
19-03-2012,0,8.3,2012
20-03-2012,0,10.3,2012
21-03-2012,0,9.8,2012
22-03-2012,0,10.4,2012
23-03-2012,0,9.7,2012
24-03-2012,0,6.3,2012
25-03-2012,0,10.5,2012
26-03-2012,0,10.6,2012
27-03-2012,0,10.2,2012
28-03-2012,0,10.6,2012
29-03-2012,0,8.6,2012
30-03-2012,0,8.7,2012
31-03-2012,0,9.1,2012
01-04-2012,0,9.3,2012
02-04-2012,2.1,7.4,2012
03-04-2012,0,0.7,2012
04-04-2012,0,4.5,2012
05-04-2012,0,7.2,2012
06-04-2012,9.1,0.0,2012
07-04-2012,0,0.0,2012
08-04-2012,0,9.5,2012
09-04-2012,0.3,10.3,2012
10-04-2012,7.3,5.0,2012
11-04-2012,3.4,0.2,2012
12-04-2012,0.1,4.5,2012
13-04-2012,19.4,1.6,2012
14-04-2012,5.5,3.4,2012
15-04-2012,0.1,5.3,2012
16-04-2012,0,9.5,2012
17-04-2012,2.1,2.1,2012
18-04-2012,26.7,0.0,2012
19-04-2012,5.1,3.4,2012
20-04-2012,1.8,1.6,2012
21-04-2012,0.7,5.4,2012
22-04-2012,0,7.5,2012
23-04-2012,0.8,1.8,2012
24-04-2012,7.5,4.6,2012
25-04-2012,4.4,4.4,2012
26-04-2012,0.2,8.0,2012
27-04-2012,9.2,7.4,2012
28-04-2012,2.6,3.8,2012
29-04-2012,0.2,7.2,2012
30-04-2012,0.6,4.2,2012
01-05-2012,0,1.4,2012
02-05-2012,2.1,0.1,2012
03-05-2012,12.5,2.2,2012
04-05-2012,16.9,1.0,2012
05-05-2012,2.6,5.4,2012
06-05-2012,0.7,1.9,2012
07-05-2012,5.9,0.2,2012
08-05-2012,6.1,0.7,2012
09-05-2012,0,7.0,2012
10-05-2012,0,10.8,2012
11-05-2012,0,4.1,2012
12-05-2012,0,8.7,2012
13-05-2012,0,8.1,2012
14-05-2012,0,,2012
15-05-2012,0,11.1,2012
16-05-2012,0,11.9,2012
17-05-2012,0,11.4,2012
18-05-2012,5.1,0.2,2012
19-05-2012,1.6,7.0,2012
20-05-2012,0.3,7.6,2012
21-05-2012,0,2.5,2012
22-05-2012,0,7.2,2012
23-05-2012,0,12.3,2012
24-05-2012,0,12.1,2012
25-05-2012,0.2,10.8,2012
26-05-2012,0.8,7.7,2012
27-05-2012,0,4.1,2012
28-05-2012,0,12.9,2012
29-05-2012,0,12.7,2012
30-05-2012,0,13.3,2012
31-05-2012,0.1,13.4,2012
01-06-2012,0,9.8,2012
02-06-2012,3.9,0.3,2012
03-06-2012,0,10.6,2012
04-06-2012,0,12.9,2012
05-06-2012,0,8.5,2012
06-06-2012,4.4,1.8,2012
07-06-2012,0,5.0,2012
08-06-2012,0,8.6,2012
09-06-2012,0,0.0,2012
10-06-2012,2.9,5.5,2012
11-06-2012,3,4.7,2012
12-06-2012,0.3,5.8,2012
13-06-2012,0,,2012
14-06-2012,0,7.1,2012
15-06-2012,3.4,,2012
16-06-2012,0.2,10.1,2012
17-06-2012,7.8,4.5,2012
18-06-2012,0,12.0,2012
19-06-2012,0,8.9,2012
20-06-2012,11.6,0.5,2012
21-06-2012,0,10.8,2012
22-06-2012,0,13.0,2012
23-06-2012,0,10.5,2012
24-06-2012,0,13.8,2012
25-06-2012,0,13.8,2012
26-06-2012,0,12.6,2012
27-06-2012,0,11.9,2012
28-06-2012,0,9.3,2012
29-06-2012,0.7,5.4,2012
30-06-2012,0.1,4.2,2012
01-07-2012,0,11.6,2012
02-07-2012,0,10.1,2012
03-07-2012,0,11.3,2012
04-07-2012,0,6.6,2012
05-07-2012,0,2.9,2012
06-07-2012,0.1,3.7,2012
07-07-2012,0.5,3.8,2012
08-07-2012,0,7.1,2012
09-07-2012,0,4.9,2012
10-07-2012,0,9.8,2012
11-07-2012,0,11.2,2012
12-07-2012,0,12.3,2012
13-07-2012,0.6,1.1,2012
14-07-2012,0,9.9,2012
15-07-2012,0,13.1,2012
16-07-2012,0,13.3,2012
17-07-2012,0,13.3,2012
18-07-2012,0,13.0,2012
19-07-2012,0,13.1,2012
20-07-2012,0,13.0,2012
21-07-2012,0,10.0,2012
22-07-2012,0,11.9,2012
23-07-2012,0,13.1,2012
24-07-2012,0,12.9,2012
25-07-2012,9.3,8.3,2012
26-07-2012,1,,2012
27-07-2012,0,10.0,2012
28-07-2012,0,8.0,2012
29-07-2012,0,11.3,2012
30-07-2012,0,12.8,2012
31-07-2012,0,12.6,2012
01-08-2012,0,5.1,2012
02-08-2012,0,10.9,2012
03-08-2012,0,11.0,2012
04-08-2012,0,1.2,2012
05-08-2012,0,9.1,2012
06-08-2012,0,10.3,2012
07-08-2012,0,12.5,2012
08-08-2012,0,12.4,2012
09-08-2012,0,12.4,2012
10-08-2012,0,10.5,2012
11-08-2012,0,8.8,2012
12-08-2012,0,6.5,2012
13-08-2012,3.8,5.1,2012
14-08-2012,19.7,0.0,2012
15-08-2012,0,6.7,2012
16-08-2012,0,11.8,2012
17-08-2012,0,12.0,2012
18-08-2012,0,11.1,2012
19-08-2012,0,10.2,2012
20-08-2012,0,9.9,2012
21-08-2012,0,10.0,2012
22-08-2012,0,7.7,2012
23-08-2012,0,5.3,2012
24-08-2012,0.4,2.3,2012
25-08-2012,0,8.9,2012
26-08-2012,0,11.6,2012
27-08-2012,0.1,5.8,2012
28-08-2012,0,7.4,2012
29-08-2012,0,10.7,2012
30-08-2012,0,10.8,2012
31-08-2012,0,11.4,2012
01-09-2012,0,11.2,2012
02-09-2012,0,11.2,2012
03-09-2012,0,11.2,2012
04-09-2012,0,10.6,2012
05-09-2012,0,11.0,2012
06-09-2012,0,11.0,2012
07-09-2012,0,8.5,2012
08-09-2012,0,10.7,2012
09-09-2012,0,7.2,2012
10-09-2012,0,8.5,2012
11-09-2012,0,7.4,2012
12-09-2012,0,9.3,2012
13-09-2012,0,10.7,2012
14-09-2012,0,10.6,2012
15-09-2012,0,10.6,2012
16-09-2012,0,8.0,2012
17-09-2012,0,5.3,2012
18-09-2012,0,9.7,2012
19-09-2012,0,10.4,2012
20-09-2012,0,9.8,2012
21-09-2012,0,5.4,2012
22-09-2012,6.4,7.7,2012
23-09-2012,7.9,1.2,2012
24-09-2012,3.2,2.2,2012
25-09-2012,14.5,0.1,2012
26-09-2012,6.1,3.9,2012
27-09-2012,0,8.4,2012
28-09-2012,0,8.2,2012
29-09-2012,0,9.8,2012
30-09-2012,0,9.7,2012
01-10-2012,0,7.6,2012
02-10-2012,0.3,8.3,2012
03-10-2012,0,7.3,2012
04-10-2012,0,7.5,2012
05-10-2012,0,9.4,2012
06-10-2012,0.2,1.1,2012
07-10-2012,0,8.1,2012
08-10-2012,2.3,4.0,2012
09-10-2012,0.5,5.9,2012
10-10-2012,3.5,0.6,2012
11-10-2012,0.9,1.8,2012
12-10-2012,0,7.7,2012
13-10-2012,2.1,5.5,2012
14-10-2012,1.5,2.8,2012
15-10-2012,2.3,5.6,2012
16-10-2012,19.5,0.0,2012
17-10-2012,13.2,1.5,2012
18-10-2012,0,0.6,2012
19-10-2012,0,4.3,2012
20-10-2012,0,6.9,2012
21-10-2012,0,5.1,2012
22-10-2012,0.5,3.1,2012
23-10-2012,0,6.7,2012
24-10-2012,4.8,1.3,2012
25-10-2012,5,1.2,2012
26-10-2012,0,4.9,2012
27-10-2012,0,7.7,2012
28-10-2012,0,8.6,2012
29-10-2012,4.3,6.7,2012
30-10-2012,0.1,3.1,2012
31-10-2012,3.7,1.6,2012
01-11-2012,4.3,1.6,2012
02-11-2012,3.3,3.5,2012
03-11-2012,21,1.0,2012
04-11-2012,3.3,3.1,2012
05-11-2012,1.4,3.7,2012
06-11-2012,0,6.9,2012
07-11-2012,11.2,2.6,2012
08-11-2012,14.8,0.0,2012
09-11-2012,3.9,4.6,2012
10-11-2012,8.6,2.5,2012
11-11-2012,0.2,3.0,2012
12-11-2012,0,5.1,2012
13-11-2012,0,4.8,2012
14-11-2012,0,2.7,2012
15-11-2012,6.5,4.4,2012
16-11-2012,4.7,1.4,2012
17-11-2012,4.7,0.0,2012
18-11-2012,0,7.5,2012
19-11-2012,0,,2012
20-11-2012,8.3,0.2,2012
21-11-2012,0,5.0,2012
22-11-2012,0,0.0,2012
23-11-2012,1.9,0.0,2012
24-11-2012,0.2,1.1,2012
25-11-2012,0.5,0.0,2012
26-11-2012,1.1,3.0,2012
27-11-2012,0.2,1.8,2012
28-11-2012,0.7,0.7,2012
29-11-2012,5.4,0.2,2012
30-11-2012,0.3,0.7,2012
01-12-2012,0.2,3.1,2012
02-12-2012,0,2.6,2012
03-12-2012,3.9,0.1,2012
04-12-2012,1.4,3.8,2012
05-12-2012,0.1,1.3,2012
06-12-2012,10.2,0.1,2012
07-12-2012,0,1.0,2012
08-12-2012,0,8.0,2012
09-12-2012,0,4.8,2012
10-12-2012,0,2.2,2012
11-12-2012,0,3.4,2012
12-12-2012,4,1.6,2012
13-12-2012,21,0.0,2012
14-12-2012,29.6,0.0,2012
15-12-2012,3.3,0.0,2012
16-12-2012,8.3,0.2,2012
17-12-2012,0.7,3.3,2012
18-12-2012,0.9,0.0,2012
19-12-2012,19.5,0.0,2012
20-12-2012,0.6,0.5,2012
21-12-2012,0.2,2.3,2012
22-12-2012,0,4.7,2012
23-12-2012,0,8.0,2012
24-12-2012,12,2.8,2012
25-12-2012,1.3,1.7,2012
26-12-2012,0,0.1,2012
27-12-2012,0,0.4,2012
28-12-2012,4.3,8.0,2012
29-12-2012,9.3,3.6,2012
30-12-2012,0.1,0.6,2012
31-12-2012,9.6,0.0,2012
01-01-2013,0,0.8,2013
02-01-2013,0,6.1,2013
03-01-2013,0,6.3,2013
04-01-2013,0,3.7,2013
05-01-2013,0,3.1,2013
06-01-2013,0,2.2,2013
07-01-2013,0,0.0,2013
08-01-2013,2,0.1,2013
09-01-2013,7.7,0.3,2013
10-01-2013,1,0.0,2013
11-01-2013,2.6,1.3,2013
12-01-2013,11.2,1.3,2013
13-01-2013,0.8,1.5,2013
14-01-2013,0.6,0.3,2013
15-01-2013,3.8,0.3,2013
16-01-2013,6,1.3,2013
17-01-2013,17.2,0.6,2013
18-01-2013,46.1,0.0,2013
19-01-2013,4.5,0.2,2013
20-01-2013,2.2,0.0,2013
21-01-2013,16.6,5.3,2013
22-01-2013,12.3,0.9,2013
23-01-2013,2.4,0.0,2013
24-01-2013,3.5,4.6,2013
25-01-2013,1.5,0.0,2013
26-01-2013,2.1,1.2,2013
27-01-2013,7.2,0.2,2013
28-01-2013,0,2.8,2013
29-01-2013,0,0.3,2013
30-01-2013,0,0.0,2013
31-01-2013,0,0.1,2013
01-02-2013,15,0.5,2013
02-02-2013,0.4,5.8,2013
03-02-2013,0,5.9,2013
04-02-2013,0,5.6,2013
05-02-2013,0.3,5.7,2013
06-02-2013,0.2,2.7,2013
07-02-2013,0.8,4.1,2013
08-02-2013,0,5.2,2013
09-02-2013,0,7.2,2013
10-02-2013,13.2,0.8,2013
11-02-2013,2.6,3.8,2013
12-02-2013,1.3,0.4,2013
13-02-2013,0.1,0.0,2013
14-02-2013,0,1.7,2013
15-02-2013,0,6.4,2013
16-02-2013,0,5.6,2013
17-02-2013,3.2,0.0,2013
18-02-2013,0,6.5,2013
19-02-2013,0.6,0.0,2013
20-02-2013,2.1,3.6,2013
21-02-2013,7.1,2.5,2013
22-02-2013,7.5,2.0,2013
23-02-2013,0,1.5,2013
24-02-2013,0.1,0.6,2013
25-02-2013,0,5.9,2013
26-02-2013,0,5.9,2013
27-02-2013,0,2.6,2013
28-02-2013,0,7.9,2013
01-03-2013,0,9.4,2013
02-03-2013,0,6.8,2013
03-03-2013,0,4.3,2013
04-03-2013,0,0.0,2013
05-03-2013,0,0.1,2013
06-03-2013,3.5,2.1,2013
07-03-2013,7.9,1.1,2013
08-03-2013,1.3,5.8,2013
09-03-2013,9.5,2.0,2013
10-03-2013,23,1.7,2013
11-03-2013,28.9,0.4,2013
12-03-2013,9.7,0.7,2013
13-03-2013,0,3.9,2013
14-03-2013,0,5.0,2013
15-03-2013,0.2,6.6,2013
16-03-2013,1.3,0.0,2013
17-03-2013,1.7,7.5,2013
18-03-2013,0.8,7.1,2013
19-03-2013,0,4.2,2013
20-03-2013,0.4,9.4,2013
21-03-2013,1,4.9,2013
22-03-2013,1.7,6.1,2013
23-03-2013,3.7,3.9,2013
24-03-2013,6.8,4.1,2013
25-03-2013,23.2,1.3,2013
26-03-2013,27.9,0.0,2013
27-03-2013,6.8,1.3,2013
28-03-2013,6.5,0.9,2013
29-03-2013,18.9,1.5,2013
30-03-2013,0.5,5.5,2013
31-03-2013,13,4.5,2013
01-04-2013,10.8,4.5,2013
02-04-2013,1.4,5.4,2013
03-04-2013,2.1,0.0,2013
04-04-2013,1.6,2.5,2013
05-04-2013,0,4.7,2013
06-04-2013,0,9.6,2013
07-04-2013,4.2,1.0,2013
08-04-2013,0.4,0.7,2013
09-04-2013,2.3,2.3,2013
10-04-2013,23.5,2.7,2013
11-04-2013,8.3,5.1,2013
12-04-2013,1.7,1.2,2013
13-04-2013,0,8.7,2013
14-04-2013,0,9.8,2013
15-04-2013,0,11.0,2013
16-04-2013,0,11.2,2013
17-04-2013,0,11.3,2013
18-04-2013,0,10.2,2013
19-04-2013,0,11.8,2013
20-04-2013,0,11.8,2013
21-04-2013,0,9.9,2013
22-04-2013,0,11.1,2013
23-04-2013,0,12.0,2013
24-04-2013,0,10.5,2013
25-04-2013,0,10.5,2013
26-04-2013,0,4.3,2013
27-04-2013,1.3,7.0,2013
28-04-2013,0,6.4,2013
29-04-2013,0,9.5,2013
30-04-2013,0,0.0,2013
01-05-2013,0.2,4.4,2013
02-05-2013,0,12.4,2013
03-05-2013,0,12.3,2013
04-05-2013,0,12.5,2013
05-05-2013,0,11.9,2013
06-05-2013,7.1,0.0,2013
07-05-2013,1.2,0.2,2013
08-05-2013,8.8,4.2,2013
09-05-2013,1.5,1.6,2013
10-05-2013,0,11.4,2013
11-05-2013,0,12.8,2013
12-05-2013,0,,2013
13-05-2013,0,12.8,2013
14-05-2013,5.7,7.0,2013
15-05-2013,0.2,9.9,2013
16-05-2013,8.2,2.0,2013
17-05-2013,4.6,4.8,2013
18-05-2013,0.1,4.7,2013
19-05-2013,0.3,6.8,2013
20-05-2013,0,9.6,2013
21-05-2013,0,13.2,2013
22-05-2013,0,11.0,2013
23-05-2013,0,13.2,2013
24-05-2013,0,13.2,2013
25-05-2013,0,13.3,2013
26-05-2013,0,6.0,2013
27-05-2013,1.1,8.8,2013
28-05-2013,0.8,8.0,2013
29-05-2013,1.3,0.9,2013
30-05-2013,0,,2013
31-05-2013,0,13.1,2013
01-06-2013,0,13.2,2013
02-06-2013,0,13.6,2013
03-06-2013,0,13.6,2013
04-06-2013,0,13.5,2013
05-06-2013,0,12.4,2013
06-06-2013,0,2.9,2013
07-06-2013,1.7,6.9,2013
08-06-2013,1.7,0.2,2013
09-06-2013,0,5.0,2013
10-06-2013,0,1.9,2013
11-06-2013,0,6.1,2013
12-06-2013,0.2,13.5,2013
13-06-2013,0,7.5,2013
14-06-2013,0,13.9,2013
15-06-2013,0,13.0,2013
16-06-2013,6.1,6.1,2013
17-06-2013,0.4,3.5,2013
18-06-2013,1.4,5.8,2013
19-06-2013,0,2.0,2013
20-06-2013,0.8,6.1,2013
21-06-2013,0.2,7.8,2013
22-06-2013,0,13.0,2013
23-06-2013,0,13.2,2013
24-06-2013,0,13.8,2013
25-06-2013,0,13.8,2013
26-06-2013,0,,2013
27-06-2013,0,13.5,2013
28-06-2013,0,13.8,2013
29-06-2013,0,13.8,2013
30-06-2013,0,13.8,2013
01-07-2013,0,8.6,2013
02-07-2013,0,11.1,2013
03-07-2013,0,13.2,2013
04-07-2013,0,11.6,2013
05-07-2013,0,13.8,2013
06-07-2013,0,13.7,2013
07-07-2013,0,13.6,2013
08-07-2013,0,13.4,2013
09-07-2013,0,12.5,2013
10-07-2013,0,13.4,2013
11-07-2013,0.4,9.4,2013
12-07-2013,0,11.5,2013
13-07-2013,16,8.0,2013
14-07-2013,0,11.4,2013
15-07-2013,0,10.7,2013
16-07-2013,0,10.0,2013
17-07-2013,0,13.3,2013
18-07-2013,0,12.5,2013
19-07-2013,0,11.8,2013
20-07-2013,0,8.1,2013
21-07-2013,0,9.7,2013
22-07-2013,0,5.1,2013
23-07-2013,0,11.4,2013
24-07-2013,0,10.3,2013
25-07-2013,0,8.7,2013
26-07-2013,0,8.5,2013
27-07-2013,0.6,5.9,2013
28-07-2013,4.9,2.6,2013
29-07-2013,0,9.7,2013
30-07-2013,0,12.6,2013
31-07-2013,0,12.8,2013
01-08-2013,0,11.3,2013
02-08-2013,0,11.0,2013
03-08-2013,0,12.5,2013
04-08-2013,0,12.0,2013
05-08-2013,0,10.8,2013
06-08-2013,0,5.3,2013
07-08-2013,0.3,5.0,2013
08-08-2013,0,9.5,2013
09-08-2013,0,12.4,2013
10-08-2013,0,12.4,2013
11-08-2013,0,12.3,2013
12-08-2013,0,8.1,2013
13-08-2013,0,12.3,2013
14-08-2013,0,12.0,2013
15-08-2013,0,10.8,2013
16-08-2013,0,9.0,2013
17-08-2013,0,12.1,2013
18-08-2013,0,12.0,2013
19-08-2013,0,11.8,2013
20-08-2013,0,11.9,2013
21-08-2013,0,11.7,2013
22-08-2013,0,10.8,2013
23-08-2013,0,8.7,2013
24-08-2013,0,11.7,2013
25-08-2013,0,11.6,2013
26-08-2013,0,11.6,2013
27-08-2013,0,11.2,2013
28-08-2013,0,11.5,2013
29-08-2013,0,11.5,2013
30-08-2013,0,11.4,2013
31-08-2013,0,11.4,2013
01-09-2013,0,11.3,2013
02-09-2013,0,11.2,2013
03-09-2013,0,10.8,2013
04-09-2013,4.5,8.8,2013
05-09-2013,0.2,0.8,2013
06-09-2013,0,6.1,2013
07-09-2013,0,4.8,2013
08-09-2013,0,10.7,2013
09-09-2013,0,10.8,2013
10-09-2013,0,10.7,2013
11-09-2013,0,10.7,2013
12-09-2013,0,10.7,2013
13-09-2013,0,10.7,2013
14-09-2013,0,8.5,2013
15-09-2013,0,10.6,2013
16-09-2013,0,10.5,2013
17-09-2013,0,10.5,2013
18-09-2013,0,4.5,2013
19-09-2013,0,10.3,2013
20-09-2013,0,8.6,2013
21-09-2013,0,9.9,2013
22-09-2013,0,9.7,2013
23-09-2013,0,9.6,2013
24-09-2013,0.2,3.6,2013
25-09-2013,1.6,1.9,2013
26-09-2013,16.5,3.9,2013
27-09-2013,41,0.0,2013
28-09-2013,1.6,1.0,2013
29-09-2013,4.3,0.9,2013
30-09-2013,22.4,2.8,2013
01-10-2013,0.1,6.3,2013
02-10-2013,17.9,1.0,2013
03-10-2013,1.1,4.6,2013
04-10-2013,0.2,7.2,2013
05-10-2013,0,7.6,2013
06-10-2013,0,8.6,2013
07-10-2013,0,8.5,2013
08-10-2013,0,8.0,2013
09-10-2013,0,9.2,2013
10-10-2013,0,7.4,2013
11-10-2013,0,9.4,2013
12-10-2013,0,8.3,2013
13-10-2013,11.7,0.5,2013
14-10-2013,5.3,1.3,2013
15-10-2013,0.2,2.2,2013
16-10-2013,1.2,0.0,2013
17-10-2013,0,3.4,2013
18-10-2013,56.9,0.4,2013
19-10-2013,3.6,2.0,2013
20-10-2013,5.9,2.2,2013
21-10-2013,34,0.0,2013
22-10-2013,2.4,3.4,2013
23-10-2013,2.9,4.6,2013
24-10-2013,15.6,0.1,2013
25-10-2013,6.1,2.9,2013
26-10-2013,0,5.9,2013
27-10-2013,8.2,6.8,2013
28-10-2013,1.9,2.8,2013
29-10-2013,0,4.0,2013
30-10-2013,0,4.6,2013
31-10-2013,0.1,7.2,2013
01-11-2013,8.9,0.0,2013
02-11-2013,12.3,0.0,2013
03-11-2013,2.7,3.7,2013
04-11-2013,2.2,0.0,2013
05-11-2013,0,0.0,2013
06-11-2013,0,0.7,2013
07-11-2013,6.9,1.4,2013
08-11-2013,4.2,3.3,2013
09-11-2013,0.2,0.4,2013
10-11-2013,0,2.2,2013
11-11-2013,0,7.9,2013
12-11-2013,0,0.1,2013
13-11-2013,0,7.7,2013
14-11-2013,0,8.0,2013
15-11-2013,0.5,3.5,2013
16-11-2013,0,7.2,2013
17-11-2013,0,6.1,2013
18-11-2013,0.3,0.5,2013
19-11-2013,0.1,3.4,2013
20-11-2013,0,5.8,2013
21-11-2013,0.8,0.3,2013
22-11-2013,0,6.7,2013
23-11-2013,0,6.1,2013
24-11-2013,0,7.4,2013
25-11-2013,0,8.0,2013
26-11-2013,0,5.7,2013
27-11-2013,0,8.0,2013
28-11-2013,0,7.4,2013
29-11-2013,0,7.9,2013
30-11-2013,0,2.7,2013
01-12-2013,0,8.0,2013
02-12-2013,0,6.2,2013
03-12-2013,0,5.3,2013
04-12-2013,0,5.1,2013
05-12-2013,0,4.8,2013
06-12-2013,0,5.4,2013
07-12-2013,0,4.2,2013
08-12-2013,0,3.8,2013
09-12-2013,0,5.1,2013
10-12-2013,0,4.4,2013
11-12-2013,0,0.7,2013
12-12-2013,0,0.1,2013
13-12-2013,2.3,0.2,2013
14-12-2013,0,5.3,2013
15-12-2013,0,6.0,2013
16-12-2013,0.4,3.7,2013
17-12-2013,2.6,0.0,2013
18-12-2013,25.8,0.0,2013
19-12-2013,6.1,1.5,2013
20-12-2013,0,2.0,2013
21-12-2013,0,2.4,2013
22-12-2013,0.7,0.1,2013
23-12-2013,16.8,1.9,2013
24-12-2013,37.3,0.0,2013
25-12-2013,15.9,0.6,2013
26-12-2013,0.9,0.3,2013
27-12-2013,12.2,0.8,2013
28-12-2013,4.9,4.0,2013
29-12-2013,0,0.6,2013
30-12-2013,3.5,0.0,2013
31-12-2013,3.8,0.4,2013
01-01-2014,16.5,0.1,2014
02-01-2014,15.7,0.0,2014
03-01-2014,14.4,3.5,2014
04-01-2014,8,1.3,2014
05-01-2014,16,0.0,2014
06-01-2014,7.1,0.0,2014
07-01-2014,5,0.9,2014
08-01-2014,0.4,0.5,2014
09-01-2014,0,5.2,2014
10-01-2014,0,2.4,2014
11-01-2014,0,3.8,2014
12-01-2014,4.4,0.6,2014
13-01-2014,14,0.8,2014
14-01-2014,0,0.1,2014
15-01-2014,18.8,0.3,2014
16-01-2014,4.9,2.5,2014
17-01-2014,2.8,0.3,2014
18-01-2014,6.6,2.3,2014
19-01-2014,1,4.0,2014
20-01-2014,0.7,3.2,2014
21-01-2014,8.5,0.0,2014
22-01-2014,0.1,2.8,2014
23-01-2014,0.2,1.9,2014
24-01-2014,0.8,0.4,2014
25-01-2014,0.2,0.3,2014
26-01-2014,0.8,0.6,2014
27-01-2014,2.5,1.0,2014
28-01-2014,19.1,2.5,2014
29-01-2014,2.8,2.5,2014
30-01-2014,7.3,0.0,2014
31-01-2014,11.3,0.0,2014
01-02-2014,5.6,4.3,2014
02-02-2014,7.7,0.8,2014
03-02-2014,15.9,1.0,2014
04-02-2014,13.6,0.0,2014
05-02-2014,3.4,2.2,2014
06-02-2014,24.1,1.5,2014
07-02-2014,23.4,1.9,2014
08-02-2014,10.8,2.2,2014
09-02-2014,17.7,0.6,2014
10-02-2014,2.6,4.1,2014
11-02-2014,5.7,2.2,2014
12-02-2014,3.6,0.6,2014
13-02-2014,1,3.9,2014
14-02-2014,17.5,0.5,2014
15-02-2014,2.2,2.3,2014
16-02-2014,1.2,4.1,2014
17-02-2014,4.3,0.0,2014
18-02-2014,0.1,5.3,2014
19-02-2014,0,3.5,2014
20-02-2014,3,0.8,2014
21-02-2014,2.9,3.1,2014
22-02-2014,0,4.6,2014
23-02-2014,0,8.0,2014
24-02-2014,1.9,2.6,2014
25-02-2014,16.5,1.5,2014
26-02-2014,2.3,6.2,2014
27-02-2014,0.6,7.0,2014
28-02-2014,4,0.1,2014
01-03-2014,5.7,0.0,2014
02-03-2014,5.7,1.1,2014
03-03-2014,4.5,2.5,2014
04-03-2014,0.4,0.4,2014
05-03-2014,0,6.7,2014
06-03-2014,0,7.6,2014
07-03-2014,0,7.7,2014
08-03-2014,0,9.7,2014
09-03-2014,0,7.3,2014
10-03-2014,0,9.8,2014
11-03-2014,0,9.9,2014
12-03-2014,0,9.9,2014
13-03-2014,0,9.9,2014
14-03-2014,0,9.8,2014
15-03-2014,0,10.0,2014
16-03-2014,0,8.8,2014
17-03-2014,0,10.1,2014
18-03-2014,0,5.8,2014
19-03-2014,0,10.2,2014
20-03-2014,0,9.6,2014
21-03-2014,0.6,0.5,2014
22-03-2014,0.6,6.0,2014
23-03-2014,1,8.3,2014
24-03-2014,3.1,3.6,2014
25-03-2014,5.8,1.0,2014
26-03-2014,0.8,2.5,2014
27-03-2014,0,3.0,2014
28-03-2014,1.9,1.5,2014
29-03-2014,0,3.7,2014
30-03-2014,7,0.5,2014
31-03-2014,3.1,0.4,2014
01-04-2014,10.8,0.0,2014
02-04-2014,3,3.2,2014
03-04-2014,0,4.2,2014
04-04-2014,2.1,0.0,2014
05-04-2014,0,2.9,2014
06-04-2014,0,8.7,2014
07-04-2014,0.2,1.4,2014
08-04-2014,0,11.2,2014
09-04-2014,0.9,8.7,2014
10-04-2014,0.8,6.1,2014
11-04-2014,0,9.8,2014
12-04-2014,0,11.1,2014
13-04-2014,0,11.4,2014
14-04-2014,1.4,8.0,2014
15-04-2014,0,9.5,2014
16-04-2014,0,11.3,2014
17-04-2014,0,11.6,2014
18-04-2014,0,10.9,2014
19-04-2014,0,0.0,2014
20-04-2014,0.1,3.8,2014
21-04-2014,0.7,2.3,2014
22-04-2014,3.8,3.1,2014
23-04-2014,0,9.2,2014
24-04-2014,8.8,2.2,2014
25-04-2014,8.9,1.2,2014
26-04-2014,0,6.8,2014
27-04-2014,0,4.2,2014
28-04-2014,0,5.3,2014
29-04-2014,0,1.2,2014
30-04-2014,0.1,3.8,2014
01-05-2014,0,11.9,2014
02-05-2014,0,12.0,2014
03-05-2014,0,12.4,2014
04-05-2014,0,12.3,2014
05-05-2014,0,7.9,2014
06-05-2014,0,1.2,2014
07-05-2014,0,12.0,2014
08-05-2014,0,10.9,2014
09-05-2014,0,9.9,2014
10-05-2014,0,7.3,2014
11-05-2014,0,12.6,2014
12-05-2014,0,10.8,2014
13-05-2014,0,12.8,2014
14-05-2014,0,12.9,2014
15-05-2014,0,12.9,2014
16-05-2014,0,12.9,2014
17-05-2014,0,13.0,2014
18-05-2014,0,12.4,2014
19-05-2014,3.8,3.2,2014
20-05-2014,10.5,2.8,2014
21-05-2014,12.6,1.9,2014
22-05-2014,5.3,5.4,2014
23-05-2014,1.2,5.5,2014
24-05-2014,0,7.1,2014
25-05-2014,0,6.9,2014
26-05-2014,0,4.2,2014
27-05-2014,1.2,5.9,2014
28-05-2014,1.4,4.8,2014
29-05-2014,0.2,3.8,2014
30-05-2014,0,11.3,2014
31-05-2014,0,13.5,2014
01-06-2014,0,13.5,2014
02-06-2014,0,9.0,2014
03-06-2014,0.2,8.9,2014
04-06-2014,0,7.3,2014
05-06-2014,0,7.3,2014
06-06-2014,7.4,0.4,2014
07-06-2014,1,5.0,2014
08-06-2014,0,3.6,2014
09-06-2014,0,5.9,2014
10-06-2014,0,13.1,2014
11-06-2014,0,13.8,2014
12-06-2014,0,12.8,2014
13-06-2014,0,13.9,2014
14-06-2014,0,13.8,2014
15-06-2014,0,13.9,2014
16-06-2014,0,13.9,2014
17-06-2014,0,13.9,2014
18-06-2014,0,12.0,2014
19-06-2014,0,10.5,2014
20-06-2014,0,7.6,2014
21-06-2014,12.8,6.2,2014
22-06-2014,0,9.5,2014
23-06-2014,2.9,5.2,2014
24-06-2014,5.3,4.7,2014
25-06-2014,0,0.8,2014
26-06-2014,0,11.0,2014
27-06-2014,0.2,11.0,2014
28-06-2014,1.4,4.6,2014
29-06-2014,0,7.7,2014
30-06-2014,1.1,8.6,2014
01-07-2014,5.9,1.1,2014
02-07-2014,0,9.8,2014
03-07-2014,0,9.7,2014
04-07-2014,0,8.9,2014
05-07-2014,6,3.7,2014
06-07-2014,0.6,6.6,2014
07-07-2014,0,11.3,2014
08-07-2014,0,7.2,2014
09-07-2014,0,13.7,2014
10-07-2014,0,13.6,2014
11-07-2014,0,13.6,2014
12-07-2014,0,11.6,2014
13-07-2014,0,10.3,2014
14-07-2014,0,10.5,2014
15-07-2014,0,13.4,2014
16-07-2014,0,10.2,2014
17-07-2014,0,12.9,2014
18-07-2014,4.4,2.8,2014
19-07-2014,4.8,4.8,2014
20-07-2014,0,6.9,2014
21-07-2014,0,13.2,2014
22-07-2014,0,13.1,2014
23-07-2014,0,12.6,2014
24-07-2014,0,2.9,2014
25-07-2014,0,9.9,2014
26-07-2014,0,10.4,2014
27-07-2014,0,11.2,2014
28-07-2014,0,12.4,2014
29-07-2014,0,12.9,2014
30-07-2014,0,12.8,2014
31-07-2014,0,12.8,2014
01-08-2014,5.4,5.9,2014
02-08-2014,8.2,5.7,2014
03-08-2014,0,8.2,2014
04-08-2014,0,12.3,2014
05-08-2014,0,12.3,2014
06-08-2014,0,10.2,2014
07-08-2014,0,6.7,2014
08-08-2014,3.1,2.3,2014
09-08-2014,0,8.3,2014
10-08-2014,6,0.4,2014
11-08-2014,0,12.4,2014
12-08-2014,0,0.7,2014
13-08-2014,0,8.2,2014
14-08-2014,0,12.0,2014
15-08-2014,0,11.8,2014
16-08-2014,0,12.2,2014
17-08-2014,0,12.1,2014
18-08-2014,0,11.8,2014
19-08-2014,0,9.7,2014
20-08-2014,0,9.6,2014
21-08-2014,0,11.3,2014
22-08-2014,0,7.8,2014
23-08-2014,0,9.1,2014
24-08-2014,0,11.7,2014
25-08-2014,0,8.4,2014
26-08-2014,0,4.5,2014
27-08-2014,0.7,8.3,2014
28-08-2014,0,4.8,2014
29-08-2014,0,9.9,2014
30-08-2014,0,11.1,2014
31-08-2014,0,11.4,2014
01-09-2014,0,11.3,2014
02-09-2014,0,10.6,2014
03-09-2014,0,0.4,2014
04-09-2014,0,5.8,2014
05-09-2014,0,8.0,2014
06-09-2014,4.9,2.9,2014
07-09-2014,10.5,3.5,2014
08-09-2014,10.7,6.0,2014
09-09-2014,0,7.9,2014
10-09-2014,0,5.1,2014
11-09-2014,0,6.8,2014
12-09-2014,0,6.5,2014
13-09-2014,0,8.2,2014
14-09-2014,5.8,5.9,2014
15-09-2014,7.8,3.1,2014
16-09-2014,3.4,3.0,2014
17-09-2014,1.5,4.6,2014
18-09-2014,15.9,0.0,2014
19-09-2014,2.1,2.7,2014
20-09-2014,0,6.9,2014
21-09-2014,14.8,6.6,2014
22-09-2014,1.1,1.1,2014
23-09-2014,0,3.8,2014
24-09-2014,0,7.6,2014
25-09-2014,0,10.2,2014
26-09-2014,0,8.9,2014
27-09-2014,2.2,6.3,2014
28-09-2014,0,4.3,2014
29-09-2014,0,6.4,2014
30-09-2014,0,6.7,2014
01-10-2014,0,8.1,2014
02-10-2014,0,7.9,2014
03-10-2014,0,7.8,2014
04-10-2014,0.7,3.3,2014
05-10-2014,0,7.3,2014
06-10-2014,0.6,1.2,2014
07-10-2014,4.8,4.8,2014
08-10-2014,28,2.5,2014
09-10-2014,0.2,1.8,2014
10-10-2014,0,4.1,2014
11-10-2014,0.6,3.2,2014
12-10-2014,5.7,3.1,2014
13-10-2014,8.1,1.7,2014
14-10-2014,3.2,4.2,2014
15-10-2014,15.7,0.0,2014
16-10-2014,43.2,0.2,2014
17-10-2014,3.3,2.4,2014
18-10-2014,4.7,2.7,2014
19-10-2014,0,5.9,2014
20-10-2014,0,6.7,2014
21-10-2014,0,6.5,2014
22-10-2014,0,7.0,2014
23-10-2014,0.2,7.6,2014
24-10-2014,0,5.8,2014
25-10-2014,0,7.1,2014
26-10-2014,0,6.3,2014
27-10-2014,0.1,6.3,2014
28-10-2014,0,6.6,2014
29-10-2014,0,5.9,2014
30-10-2014,0,6.1,2014
31-10-2014,10.3,4.5,2014
01-11-2014,0.2,2.9,2014
02-11-2014,6.6,2.1,2014
03-11-2014,24.8,0.0,2014
04-11-2014,6.5,1.6,2014
05-11-2014,0,2.7,2014
06-11-2014,5.9,0.0,2014
07-11-2014,0.2,5.4,2014
08-11-2014,10.9,0.5,2014
09-11-2014,0.8,3.8,2014
10-11-2014,24.6,0.0,2014
11-11-2014,7.1,3.5,2014
12-11-2014,16.9,2.5,2014
13-11-2014,6.4,5.2,2014
14-11-2014,12.7,1.5,2014
15-11-2014,9.8,1.8,2014
16-11-2014,4.9,0.0,2014
17-11-2014,0,1.2,2014
18-11-2014,3.7,1.3,2014
19-11-2014,4.4,0.0,2014
20-11-2014,0.1,2.3,2014
21-11-2014,0.8,2.1,2014
22-11-2014,13,0.0,2014
23-11-2014,5.6,0.0,2014
24-11-2014,0,1.8,2014
25-11-2014,0,0.3,2014
26-11-2014,0,3.6,2014
27-11-2014,1,2.3,2014
28-11-2014,7.6,0.5,2014
29-11-2014,0,0.9,2014
30-11-2014,0,5.1,2014
01-12-2014,0,3.7,2014
02-12-2014,0,0.3,2014
03-12-2014,0,2.7,2014
04-12-2014,0,2.5,2014
05-12-2014,0,3.8,2014
06-12-2014,0,2.3,2014
07-12-2014,0,0.8,2014
08-12-2014,0,0.9,2014
09-12-2014,0,3.4,2014
10-12-2014,0,0.0,2014
11-12-2014,0,4.6,2014
12-12-2014,23.8,0.1,2014
13-12-2014,6,0.0,2014
14-12-2014,0,0.3,2014
15-12-2014,4,0.3,2014
16-12-2014,0,0.0,2014
17-12-2014,0,0.0,2014
18-12-2014,0,3.6,2014
19-12-2014,0,0.0,2014
20-12-2014,0,1.3,2014
21-12-2014,0,7.2,2014
22-12-2014,0,7.8,2014
23-12-2014,0,0.0,2014
24-12-2014,0,0.0,2014
25-12-2014,0,4.8,2014
26-12-2014,0,0.0,2014
27-12-2014,1.1,1.0,2014
28-12-2014,0.6,4.3,2014
29-12-2014,0,8.0,2014
30-12-2014,0,8.0,2014
31-12-2014,0,6.9,2014
01-01-2015,0,8.0,2015
02-01-2015,0,6.3,2015
03-01-2015,0,5.6,2015
04-01-2015,0,4.6,2015
05-01-2015,0,4.7,2015
06-01-2015,0,7.3,2015
07-01-2015,0,4.2,2015
08-01-2015,0,1.7,2015
09-01-2015,0,5.2,2015
10-01-2015,0.1,3.6,2015
11-01-2015,0.1,5.7,2015
12-01-2015,0,5.3,2015
13-01-2015,3.7,0.0,2015
14-01-2015,0,2.6,2015
15-01-2015,30.3,0.0,2015
16-01-2015,2.7,1.3,2015
17-01-2015,2.6,0.0,2015
18-01-2015,3.1,0.0,2015
19-01-2015,1.8,4.5,2015
20-01-2015,2.5,1.0,2015
21-01-2015,6.7,0.9,2015
22-01-2015,0.6,0.0,2015
23-01-2015,0,1.7,2015
24-01-2015,0,8.0,2015
25-01-2015,0,4.1,2015
26-01-2015,0,5.3,2015
27-01-2015,0,6.6,2015
28-01-2015,0,1.3,2015
29-01-2015,2.3,0.0,2015
30-01-2015,18.4,0.0,2015
31-01-2015,3.9,2.2,2015
01-02-2015,2.7,3.1,2015
02-02-2015,7.9,0.6,2015
03-02-2015,4.1,0.9,2015
04-02-2015,0,2.1,2015
05-02-2015,0.8,3.9,2015
06-02-2015,0,3.1,2015
07-02-2015,0,2.8,2015
08-02-2015,0,8.3,2015
09-02-2015,0,8.4,2015
10-02-2015,0,8.4,2015
11-02-2015,0.8,3.3,2015
12-02-2015,1.8,0.7,2015
13-02-2015,0.3,1.1,2015
14-02-2015,2.4,0.2,2015
15-02-2015,0.1,0.3,2015
16-02-2015,0,0.5,2015
17-02-2015,0,7.3,2015
18-02-2015,0,8.8,2015
19-02-2015,0,3.6,2015
20-02-2015,4.3,0.0,2015
21-02-2015,0,6.1,2015
22-02-2015,0.8,0.0,2015
23-02-2015,3.5,2.7,2015
24-02-2015,5.7,2.2,2015
25-02-2015,0.2,0.0,2015
26-02-2015,0.1,0.6,2015
27-02-2015,0.6,7.6,2015
28-02-2015,0.1,0.7,2015
01-03-2015,0.3,0.1,2015
02-03-2015,0.1,0.0,2015
03-03-2015,0.5,2.3,2015
04-03-2015,0,9.5,2015
05-03-2015,0,9.6,2015
06-03-2015,0,9.6,2015
07-03-2015,0,9.6,2015
08-03-2015,0,9.7,2015
09-03-2015,0,9.5,2015
10-03-2015,0,9.6,2015
11-03-2015,0,5.8,2015
12-03-2015,0,0.1,2015
13-03-2015,0,9.9,2015
14-03-2015,0,10.0,2015
15-03-2015,0,7.9,2015
16-03-2015,0,9.3,2015
17-03-2015,0,0.4,2015
18-03-2015,0.1,3.7,2015
19-03-2015,0,5.0,2015
20-03-2015,0,7.3,2015
21-03-2015,0.3,9.5,2015
22-03-2015,0,9.1,2015
23-03-2015,0.2,7.0,2015
24-03-2015,0,6.6,2015
25-03-2015,0.4,8.3,2015
26-03-2015,0.2,0.0,2015
27-03-2015,0,0.6,2015
28-03-2015,0,6.2,2015
29-03-2015,0,8.0,2015
30-03-2015,0,8.5,2015
31-03-2015,0,8.2,2015
01-04-2015,0,10.8,2015
02-04-2015,0,10.4,2015
03-04-2015,0,9.8,2015
04-04-2015,0,10.9,2015
05-04-2015,0,11.0,2015
06-04-2015,0,11.1,2015
07-04-2015,0,10.3,2015
08-04-2015,0.6,8.6,2015
09-04-2015,5.2,2.7,2015
10-04-2015,0,3.2,2015
11-04-2015,0,10.2,2015
12-04-2015,0,8.4,2015
13-04-2015,0.7,7.3,2015
14-04-2015,0.2,3.8,2015
15-04-2015,2,0.0,2015
16-04-2015,1.4,0.0,2015
17-04-2015,0.9,4.8,2015
18-04-2015,6.4,3.0,2015
19-04-2015,0,6.6,2015
20-04-2015,0,10.2,2015
21-04-2015,1.4,7.8,2015
22-04-2015,5.6,3.4,2015
23-04-2015,0.6,7.8,2015
24-04-2015,5.5,0.0,2015
25-04-2015,28.3,0.7,2015
26-04-2015,2.2,6.2,2015
27-04-2015,2.9,3.2,2015
28-04-2015,0.1,4.3,2015
29-04-2015,0,7.3,2015
30-04-2015,3.3,0.2,2015
01-05-2015,2.8,0.0,2015
02-05-2015,1.4,0.6,2015
03-05-2015,12.4,2.7,2015
04-05-2015,8.7,5.2,2015
05-05-2015,0.7,3.6,2015
06-05-2015,0.5,10.6,2015
07-05-2015,12.2,6.1,2015
08-05-2015,0,4.9,2015
09-05-2015,0,12.1,2015
10-05-2015,0,12.5,2015
11-05-2015,0,10.8,2015
12-05-2015,0,12.2,2015
13-05-2015,0,12.0,2015
14-05-2015,0,8.3,2015
15-05-2015,0,12.5,2015
16-05-2015,0,12.9,2015
17-05-2015,0,13.0,2015
18-05-2015,0,9.5,2015
19-05-2015,0,8.6,2015
20-05-2015,0,5.5,2015
21-05-2015,0,13.1,2015
22-05-2015,0,13.1,2015
23-05-2015,0,13.0,2015
24-05-2015,0,13.1,2015
25-05-2015,0,13.3,2015
26-05-2015,0,13.3,2015
27-05-2015,0,13.3,2015
28-05-2015,0,13.4,2015
29-05-2015,0,12.9,2015
30-05-2015,0,12.5,2015
31-05-2015,0,4.2,2015
01-06-2015,0,11.8,2015
02-06-2015,0,13.6,2015
03-06-2015,0,9.9,2015
04-06-2015,0,12.3,2015
05-06-2015,0,11.4,2015
06-06-2015,0,9.7,2015
07-06-2015,0,10.1,2015
08-06-2015,0,7.0,2015
09-06-2015,0,5.6,2015
10-06-2015,0,5.7,2015
11-06-2015,0,10.8,2015
12-06-2015,0,3.1,2015
13-06-2015,6.3,2.2,2015
14-06-2015,3.1,5.6,2015
15-06-2015,0,10.9,2015
16-06-2015,0,11.0,2015
17-06-2015,0,13.9,2015
18-06-2015,0,13.9,2015
19-06-2015,0,13.9,2015
20-06-2015,0,13.9,2015
21-06-2015,0,13.9,2015
22-06-2015,0.1,3.6,2015
23-06-2015,0.2,0.0,2015
24-06-2015,0,10.5,2015
25-06-2015,0,12.7,2015
26-06-2015,0,12.9,2015
27-06-2015,0,13.9,2015
28-06-2015,0,13.8,2015
29-06-2015,0,13.8,2015
30-06-2015,0,13.7,2015
01-07-2015,0.2,4.8,2015
02-07-2015,0,13.0,2015
03-07-2015,0,11.4,2015
04-07-2015,0,8.4,2015
05-07-2015,0,10.7,2015
06-07-2015,0,13.8,2015
07-07-2015,0,13.5,2015
08-07-2015,0,11.7,2015
09-07-2015,0,13.6,2015
10-07-2015,0,12.9,2015
11-07-2015,0,13.5,2015
12-07-2015,0,10.1,2015
13-07-2015,0,10.7,2015
14-07-2015,0,13.4,2015
15-07-2015,0,9.3,2015
16-07-2015,0,10.3,2015
17-07-2015,0,13.1,2015
18-07-2015,0,6.7,2015
19-07-2015,0,8.5,2015
20-07-2015,0,10.2,2015
21-07-2015,0,10.2,2015
22-07-2015,0,12.4,2015
23-07-2015,0.4,13.1,2015
24-07-2015,0,6.0,2015
25-07-2015,0,12.9,2015
26-07-2015,0,8.5,2015
27-07-2015,0,11.3,2015
28-07-2015,0,10.9,2015
29-07-2015,0.4,7.4,2015
30-07-2015,1.6,4.1,2015
31-07-2015,0,6.5,2015
01-08-2015,0,12.8,2015
02-08-2015,0,12.6,2015
03-08-2015,0,9.6,2015
04-08-2015,0,10.7,2015
05-08-2015,0,12.4,2015
06-08-2015,0,10.6,2015
07-08-2015,0,10.9,2015
08-08-2015,0,12.5,2015
09-08-2015,0,12.4,2015
10-08-2015,0,11.8,2015
11-08-2015,0,9.1,2015
12-08-2015,0.4,7.4,2015
13-08-2015,0,0.1,2015
14-08-2015,0.4,0.9,2015
15-08-2015,0,1.8,2015
16-08-2015,0,1.0,2015
17-08-2015,0,6.3,2015
18-08-2015,0,10.5,2015
19-08-2015,0,12.0,2015
20-08-2015,0,12.0,2015
21-08-2015,0,11.4,2015
22-08-2015,0.2,4.8,2015
23-08-2015,2.6,1.5,2015
24-08-2015,0.2,7.1,2015
25-08-2015,0,10.0,2015
26-08-2015,0,1.2,2015
27-08-2015,0,3.9,2015
28-08-2015,0,7.1,2015
29-08-2015,0,10.9,2015
30-08-2015,0,10.5,2015
31-08-2015,0,2.3,2015
01-09-2015,0,11.0,2015
02-09-2015,0,3.8,2015
03-09-2015,0,7.5,2015
04-09-2015,0,11.2,2015
05-09-2015,0,11.1,2015
06-09-2015,0,8.3,2015
07-09-2015,0,10.8,2015
08-09-2015,0,8.7,2015
09-09-2015,0,4.4,2015
10-09-2015,0,9.9,2015
11-09-2015,0,4.8,2015
12-09-2015,0,7.2,2015
13-09-2015,12,2.8,2015
14-09-2015,0.8,3.3,2015
15-09-2015,27,0.0,2015
16-09-2015,10,3.7,2015
17-09-2015,0.4,6.3,2015
18-09-2015,0,7.5,2015
19-09-2015,0,9.6,2015
20-09-2015,0,8.7,2015
21-09-2015,0,10.4,2015
22-09-2015,0,2.7,2015
23-09-2015,0,10.3,2015
24-09-2015,0,9.5,2015
25-09-2015,0,9.1,2015
26-09-2015,0,9.9,2015
27-09-2015,0,9.6,2015
28-09-2015,0,9.9,2015
29-09-2015,0,8.4,2015
30-09-2015,0,8.0,2015
01-10-2015,0,7.9,2015
02-10-2015,0,8.2,2015
03-10-2015,9.2,2.6,2015
04-10-2015,42.2,2.5,2015
05-10-2015,23.8,3.4,2015
06-10-2015,3.8,2.0,2015
07-10-2015,0,5.2,2015
08-10-2015,0,7.7,2015
09-10-2015,0.2,8.0,2015
10-10-2015,1.2,0.4,2015
11-10-2015,13,0.4,2015
12-10-2015,0,3.1,2015
13-10-2015,0,9.3,2015
14-10-2015,0,9.3,2015
15-10-2015,0,8.9,2015
16-10-2015,0,2.2,2015
17-10-2015,2.8,3.5,2015
18-10-2015,7.6,0.0,2015
19-10-2015,1,1.0,2015
20-10-2015,0,9.0,2015
21-10-2015,0,8.9,2015
22-10-2015,0,8.9,2015
23-10-2015,0.6,4.2,2015
24-10-2015,0,0.8,2015
25-10-2015,1.4,3.9,2015
26-10-2015,12,0.7,2015
27-10-2015,16.4,3.5,2015
28-10-2015,2.2,0.4,2015
29-10-2015,0.4,0.0,2015
30-10-2015,0,0.5,2015
31-10-2015,0.2,0.2,2015
01-11-2015,0,4.9,2015
02-11-2015,2.4,0.3,2015
03-11-2015,0.4,0.3,2015
04-11-2015,2,1.1,2015
05-11-2015,15.8,0.0,2015
06-11-2015,0,1.6,2015
07-11-2015,0,8.0,2015
08-11-2015,0,8.1,2015
09-11-2015,0,5.0,2015
10-11-2015,0,5.2,2015
11-11-2015,0,3.1,2015
12-11-2015,0,0.0,2015
13-11-2015,0,5.0,2015
14-11-2015,0,4.9,2015
15-11-2015,0,2.8,2015
16-11-2015,0,3.1,2015
17-11-2015,0,0.3,2015
18-11-2015,0,6.2,2015
19-11-2015,0,1.8,2015
20-11-2015,2,4.8,2015
21-11-2015,0.8,4.1,2015
22-11-2015,1.6,0.3,2015
23-11-2015,0,4.8,2015
24-11-2015,0.2,0.0,2015
25-11-2015,0,3.3,2015
26-11-2015,0,1.7,2015
27-11-2015,0,1.0,2015
28-11-2015,0,7.8,2015
29-11-2015,0,4.2,2015
30-11-2015,0,3.0,2015
01-12-2015,0,3.4,2015
02-12-2015,0,3.3,2015
03-12-2015,1.4,3.5,2015
04-12-2015,0,3.4,2015
05-12-2015,0,3.0,2015
06-12-2015,0,3.3,2015
07-12-2015,1.8,0.7,2015
08-12-2015,0,0.7,2015
09-12-2015,0,3.3,2015
10-12-2015,0,3.8,2015
11-12-2015,0,2.7,2015
12-12-2015,0,2.3,2015
13-12-2015,3.2,2.8,2015
14-12-2015,6.6,0.0,2015
15-12-2015,0,2.7,2015
16-12-2015,0,1.5,2015
17-12-2015,0,1.5,2015
18-12-2015,0,0.0,2015
19-12-2015,5,1.5,2015
20-12-2015,0.4,5.3,2015
21-12-2015,0,3.1,2015
22-12-2015,1,0.3,2015
23-12-2015,2.8,0.0,2015
24-12-2015,0,0.4,2015
25-12-2015,0,0.6,2015
26-12-2015,0,4.8,2015
27-12-2015,0,3.3,2015
28-12-2015,11.2,0.0,2015
29-12-2015,0,5.4,2015
30-12-2015,9.6,0.1,2015
31-12-2015,0,2.1,2015
01-01-2016,7.4,1.7,2016
02-01-2016,1,4.7,2016
03-01-2016,25.2,0.0,2016
04-01-2016,23.8,0.0,2016
05-01-2016,5.2,1.6,2016
06-01-2016,5.6,0.0,2016
07-01-2016,2,0.4,2016
08-01-2016,17.8,0.0,2016
09-01-2016,33.8,0.0,2016
10-01-2016,38.8,0.0,2016
11-01-2016,10,3.5,2016
12-01-2016,0.6,3.9,2016
13-01-2016,13.8,0.0,2016
14-01-2016,1.2,0.6,2016
15-01-2016,0,6.8,2016
16-01-2016,0,8.0,2016
17-01-2016,7.2,0.0,2016
18-01-2016,1.2,1.2,2016
19-01-2016,0,1.2,2016
20-01-2016,0.6,0.4,2016
21-01-2016,3.6,0.7,2016
22-01-2016,0.8,0.1,2016
23-01-2016,0.2,3.1,2016
24-01-2016,1,4.1,2016
25-01-2016,5,0.0,2016
26-01-2016,0,3.7,2016
27-01-2016,5.4,3.4,2016
28-01-2016,2.4,0.1,2016
29-01-2016,0,3.0,2016
30-01-2016,0,0.0,2016
31-01-2016,0,0.5,2016
01-02-2016,0,0.6,2016
02-02-2016,0.4,0.0,2016
03-02-2016,0,7.6,2016
04-02-2016,0,8.3,2016
05-02-2016,0,6.8,2016
06-02-2016,19.8,0.2,2016
07-02-2016,0.2,1.7,2016
08-02-2016,1,0.8,2016
09-02-2016,10.2,0.0,2016
10-02-2016,9.4,0.3,2016
11-02-2016,20,2.6,2016
12-02-2016,27,0.0,2016
13-02-2016,16.8,0.0,2016
14-02-2016,11.8,1.1,2016
15-02-2016,0,5.4,2016
16-02-2016,0,8.7,2016
17-02-2016,11,0.3,2016
18-02-2016,0.2,4.4,2016
19-02-2016,0,5.5,2016
20-02-2016,0,8.9,2016
21-02-2016,0,6.2,2016
22-02-2016,0,2.6,2016
23-02-2016,0,0.4,2016
24-02-2016,8.6,0.7,2016
25-02-2016,1.8,1.5,2016
26-02-2016,16.2,0.0,2016
27-02-2016,7.4,1.9,2016
28-02-2016,0,0.3,2016
29-02-2016,0,9.3,2016
01-03-2016,0,7.9,2016
02-03-2016,0,3.2,2016
03-03-2016,0,0.0,2016
04-03-2016,5,3.0,2016
05-03-2016,1.4,3.3,2016
06-03-2016,4.6,2.8,2016
07-03-2016,0.2,3.5,2016
08-03-2016,0.6,1.4,2016
09-03-2016,4.4,5.8,2016
10-03-2016,0,7.4,2016
11-03-2016,0,8.7,2016
12-03-2016,0,9.9,2016
13-03-2016,0,10.0,2016
14-03-2016,0,9.8,2016
15-03-2016,0,6.9,2016
16-03-2016,0,10.1,2016
17-03-2016,0,8.9,2016
18-03-2016,14,0.0,2016
19-03-2016,21.8,4.7,2016
20-03-2016,2.8,1.5,2016
21-03-2016,0,9.9,2016
22-03-2016,0,6.3,2016
23-03-2016,0,9.3,2016
24-03-2016,0,8.4,2016
25-03-2016,1.4,2.2,2016
26-03-2016,7.2,0.8,2016
27-03-2016,9.8,6.3,2016
28-03-2016,17.4,1.6,2016
29-03-2016,0.6,0.3,2016
30-03-2016,13.2,5.6,2016
31-03-2016,0,7.2,2016
01-04-2016,0,8.5,2016
02-04-2016,16,0.2,2016
03-04-2016,8.4,6.2,2016
04-04-2016,5.2,2.9,2016
05-04-2016,0,7.4,2016
06-04-2016,0,10.8,2016
07-04-2016,0,9.6,2016
08-04-2016,0.4,8.8,2016
09-04-2016,1,4.1,2016
10-04-2016,13.2,5.0,2016
11-04-2016,1.4,7.0,2016
12-04-2016,4,4.3,2016
13-04-2016,6,5.2,2016
14-04-2016,6.2,5.8,2016
15-04-2016,24,0.7,2016
16-04-2016,11.4,1.5,2016
17-04-2016,2.4,4.6,2016
18-04-2016,0.4,4.7,2016
19-04-2016,3.8,0.0,2016
20-04-2016,0,7.5,2016
21-04-2016,1,1.9,2016
22-04-2016,0.6,6.6,2016
23-04-2016,1.8,4.2,2016
24-04-2016,0,8.2,2016
25-04-2016,0,11.0,2016
26-04-2016,0,10.8,2016
27-04-2016,0,1.3,2016
28-04-2016,0,8.2,2016
29-04-2016,0,10.1,2016
30-04-2016,0,11.8,2016
01-05-2016,0,12.4,2016
02-05-2016,0,12.4,2016
03-05-2016,0,12.5,2016
04-05-2016,0,12.2,2016
05-05-2016,9.2,0.0,2016
06-05-2016,8,0.1,2016
07-05-2016,10.4,0.6,2016
08-05-2016,7.2,4.1,2016
09-05-2016,3.8,1.4,2016
10-05-2016,0.8,0.3,2016
11-05-2016,17.4,5.7,2016
12-05-2016,5.8,0.9,2016
13-05-2016,0,0.0,2016
14-05-2016,0.2,0.3,2016
15-05-2016,0,10.8,2016
16-05-2016,0,10.2,2016
17-05-2016,0,11.1,2016
18-05-2016,0,7.4,2016
19-05-2016,0,5.4,2016
20-05-2016,0,10.7,2016
21-05-2016,5,1.1,2016
22-05-2016,0,9.6,2016
23-05-2016,0,8.2,2016
24-05-2016,6.4,2.5,2016
25-05-2016,0,7.0,2016
26-05-2016,0,9.2,2016
27-05-2016,7.2,4.9,2016
28-05-2016,9.2,1.3,2016
29-05-2016,3.4,2.7,2016
30-05-2016,0.2,7.2,2016
31-05-2016,0,11.9,2016
01-06-2016,0,13.4,2016
02-06-2016,0,12.2,2016
03-06-2016,0,13.5,2016
04-06-2016,0,7.7,2016
05-06-2016,0.4,6.8,2016
06-06-2016,0,9.8,2016
07-06-2016,0,11.8,2016
08-06-2016,0,13.0,2016
09-06-2016,0,9.0,2016
10-06-2016,0,7.0,2016
11-06-2016,0,13.4,2016
12-06-2016,0,4.4,2016
13-06-2016,0,9.9,2016
14-06-2016,1.6,1.3,2016
15-06-2016,13.6,1.4,2016
16-06-2016,6.4,3.8,2016
17-06-2016,0,1.3,2016
18-06-2016,0,8.2,2016
19-06-2016,0,13.8,2016
20-06-2016,0,12.6,2016
21-06-2016,0,13.8,2016
22-06-2016,0,12.9,2016
23-06-2016,0,10.5,2016
24-06-2016,0,7.9,2016
25-06-2016,0,8.7,2016
26-06-2016,0,13.5,2016
27-06-2016,0,13.7,2016
28-06-2016,0,9.7,2016
29-06-2016,0,12.0,2016
30-06-2016,0,12.4,2016
01-07-2016,0,7.7,2016
02-07-2016,0,12.5,2016
03-07-2016,0,13.8,2016
04-07-2016,0,13.2,2016
05-07-2016,0,10.0,2016
06-07-2016,0,8.3,2016
07-07-2016,0,13.0,2016
08-07-2016,0,13.7,2016
09-07-2016,0,13.7,2016
10-07-2016,0,13.4,2016
11-07-2016,0,5.4,2016
12-07-2016,0,10.6,2016
13-07-2016,0,13.5,2016
14-07-2016,0,13.4,2016
15-07-2016,0,13.4,2016
16-07-2016,0,13.3,2016
17-07-2016,0,13.3,2016
18-07-2016,0,11.8,2016
19-07-2016,0,13.1,2016
20-07-2016,0,9.5,2016
21-07-2016,0,9.8,2016
22-07-2016,0,9.4,2016
23-07-2016,0,12.9,2016
24-07-2016,0,13.0,2016
25-07-2016,0,13.0,2016
26-07-2016,0,11.3,2016
27-07-2016,0,11.1,2016
28-07-2016,0,12.7,2016
29-07-2016,0,12.4,2016
30-07-2016,0,6.2,2016
31-07-2016,0,9.1,2016
01-08-2016,0,10.5,2016
02-08-2016,0,12.6,2016
03-08-2016,0,12.0,2016
04-08-2016,0,8.2,2016
05-08-2016,0,11.0,2016
06-08-2016,0,12.6,2016
07-08-2016,0,12.5,2016
08-08-2016,0,11.8,2016
09-08-2016,0,9.4,2016
10-08-2016,0,12.4,2016
11-08-2016,0,12.3,2016
12-08-2016,0,11.7,2016
13-08-2016,0,11.8,2016
14-08-2016,0,11.0,2016
15-08-2016,0,11.2,2016
16-08-2016,0,7.6,2016
17-08-2016,0,4.3,2016
18-08-2016,0,9.7,2016
19-08-2016,2,2.8,2016
20-08-2016,0,11.7,2016
21-08-2016,0,11.9,2016
22-08-2016,0,11.8,2016
23-08-2016,0,11.6,2016
24-08-2016,17.2,2.9,2016
25-08-2016,0,9.8,2016
26-08-2016,0,9.4,2016
27-08-2016,0,11.5,2016
28-08-2016,0,11.5,2016
29-08-2016,0,11.4,2016
30-08-2016,0,11.2,2016
31-08-2016,0,9.5,2016
01-09-2016,0,11.2,2016
02-09-2016,0,11.0,2016
03-09-2016,0,10.9,2016
04-09-2016,0,8.5,2016
05-09-2016,0,11.0,2016
06-09-2016,0,10.1,2016
07-09-2016,0,9.9,2016
08-09-2016,0,9.0,2016
09-09-2016,0,10.8,2016
10-09-2016,0,8.4,2016
11-09-2016,0,9.2,2016
12-09-2016,24,10.3,2016
13-09-2016,7.6,3.1,2016
14-09-2016,1.4,1.5,2016
15-09-2016,0,1.6,2016
16-09-2016,0,6.3,2016
17-09-2016,0,10.1,2016
18-09-2016,0,8.8,2016
19-09-2016,0,9.2,2016
20-09-2016,0,8.9,2016
21-09-2016,0,5.9,2016
22-09-2016,0,4.5,2016
23-09-2016,0,8.0,2016
24-09-2016,9.2,5.7,2016
25-09-2016,0,7.6,2016
26-09-2016,0,4.2,2016
27-09-2016,0,7.7,2016
28-09-2016,0,10.0,2016
29-09-2016,0,9.1,2016
30-09-2016,0,5.8,2016
01-10-2016,0,6.9,2016
02-10-2016,0,7.3,2016
03-10-2016,0,9.7,2016
04-10-2016,0,4.8,2016
05-10-2016,0,2.4,2016
06-10-2016,0,6.9,2016
07-10-2016,0,9.5,2016
08-10-2016,0,8.1,2016
09-10-2016,0,7.8,2016
10-10-2016,0,9.4,2016
11-10-2016,7,1.9,2016
12-10-2016,1.2,2.8,2016
13-10-2016,7.8,0.3,2016
14-10-2016,2,5.3,2016
15-10-2016,9.6,1.7,2016
16-10-2016,2.8,2.0,2016
17-10-2016,0,0.6,2016
18-10-2016,0,1.7,2016
19-10-2016,0,3.7,2016
20-10-2016,0,6.6,2016
21-10-2016,0,5.4,2016
22-10-2016,14,3.0,2016
23-10-2016,0.6,2.3,2016
24-10-2016,0.8,6.4,2016
25-10-2016,0,6.4,2016
26-10-2016,0,8.7,2016
27-10-2016,0,7.9,2016
28-10-2016,0,6.8,2016
29-10-2016,0,6.3,2016
30-10-2016,0,5.5,2016
31-10-2016,0,6.4,2016
01-11-2016,0,4.7,2016
02-11-2016,0,5.6,2016
03-11-2016,0.6,4.5,2016
04-11-2016,8.8,0.3,2016
05-11-2016,0.2,4.3,2016
06-11-2016,1.6,2.5,2016
07-11-2016,0.4,2.5,2016
08-11-2016,7.6,0.4,2016
09-11-2016,0.6,0.3,2016
10-11-2016,1,0.7,2016
11-11-2016,0.6,1.0,2016
12-11-2016,10.2,0.0,2016
13-11-2016,0,5.2,2016
14-11-2016,0,7.8,2016
15-11-2016,0,5.8,2016
16-11-2016,0,5.1,2016
17-11-2016,0,3.3,2016
18-11-2016,0,0.1,2016
19-11-2016,3.8,0.0,2016
20-11-2016,26.4,0.2,2016
21-11-2016,8.6,1.2,2016
22-11-2016,0,3.4,2016
23-11-2016,0.4,1.7,2016
24-11-2016,21,0.0,2016
25-11-2016,2,0.8,2016
26-11-2016,0.2,0.0,2016
27-11-2016,0,2.2,2016
28-11-2016,0,0.0,2016
29-11-2016,0,5.5,2016
30-11-2016,0,1.6,2016
01-12-2016,0,3.2,2016
02-12-2016,0,3.2,2016
03-12-2016,0,1.5,2016
04-12-2016,0,4.3,2016
05-12-2016,0,5.7,2016
06-12-2016,0,4.0,2016
07-12-2016,0,1.4,2016
08-12-2016,0,3.5,2016
09-12-2016,0,8.0,2016
10-12-2016,0,6.0,2016
11-12-2016,0,4.5,2016
12-12-2016,0,1.9,2016
13-12-2016,9,2.4,2016
14-12-2016,2.6,0.9,2016
15-12-2016,17.8,0.0,2016
16-12-2016,0.2,0.0,2016
17-12-2016,0,5.2,2016
18-12-2016,0,2.4,2016
19-12-2016,0,4.1,2016
20-12-2016,0,2.1,2016
21-12-2016,0,0.0,2016
22-12-2016,0.2,0.0,2016
23-12-2016,0,2.8,2016
24-12-2016,0,6.9,2016
25-12-2016,0,3.0,2016
26-12-2016,0,0.3,2016
27-12-2016,0,5.7,2016
28-12-2016,0,4.3,2016
29-12-2016,0,3.6,2016
30-12-2016,0,3.8,2016
31-12-2016,0,4.3,2016
01-01-2017,2.2,1.9,2017
02-01-2017,0,0.0,2017
03-01-2017,0.2,0.0,2017
04-01-2017,0,1.1,2017
05-01-2017,0,4.0,2017
06-01-2017,0,4.8,2017
07-01-2017,0,4.5,2017
08-01-2017,0,4.9,2017
09-01-2017,0,5.3,2017
10-01-2017,0,0.0,2017
11-01-2017,0,1.0,2017
12-01-2017,0.4,0.0,2017
13-01-2017,0.4,3.0,2017
14-01-2017,0,3.7,2017
15-01-2017,0,2.0,2017
16-01-2017,0,4.6,2017
17-01-2017,0,7.4,2017
18-01-2017,0,8.0,2017
19-01-2017,0,8.0,2017
20-01-2017,0,4.2,2017
21-01-2017,0,7.9,2017
22-01-2017,0,4.7,2017
23-01-2017,0,2.7,2017
24-01-2017,0,2.9,2017
25-01-2017,0,4.4,2017
26-01-2017,7.6,0.0,2017
27-01-2017,7.4,1.4,2017
28-01-2017,0.6,1.6,2017
29-01-2017,1.8,1.3,2017
30-01-2017,0.4,0.0,2017
31-01-2017,9.2,0.0,2017
01-02-2017,7.6,2.9,2017
02-02-2017,22.8,1.5,2017
03-02-2017,28.8,0.4,2017
04-02-2017,34.8,0.0,2017
05-02-2017,2.4,3.3,2017
06-02-2017,9.8,2.4,2017
07-02-2017,0.2,5.1,2017
08-02-2017,0,5.5,2017
09-02-2017,0.2,1.9,2017
10-02-2017,0,6.9,2017
11-02-2017,0,2.0,2017
12-02-2017,5.8,0.2,2017
13-02-2017,2.8,3.7,2017
14-02-2017,6.2,0.8,2017
15-02-2017,0,7.0,2017
16-02-2017,0,6.2,2017
17-02-2017,2,7.6,2017
18-02-2017,0.4,1.2,2017
19-02-2017,0,8.8,2017
20-02-2017,0,6.5,2017
21-02-2017,0,7.5,2017
22-02-2017,0,7.1,2017
23-02-2017,0,9.0,2017
24-02-2017,0,7.6,2017
25-02-2017,0,9.2,2017
26-02-2017,0,3.8,2017
27-02-2017,0.6,1.7,2017
28-02-2017,1.6,0.7,2017
01-03-2017,0,2.0,2017
02-03-2017,1.6,0.3,2017
03-03-2017,9.2,0.3,2017
04-03-2017,0.8,5.7,2017
05-03-2017,2.4,0.0,2017
06-03-2017,0.4,6.9,2017
07-03-2017,0,2.3,2017
08-03-2017,0,6.4,2017
09-03-2017,0,7.4,2017
10-03-2017,0,9.8,2017
11-03-2017,0,2.9,2017
12-03-2017,2.4,4.8,2017
13-03-2017,0,8.1,2017
14-03-2017,0,10.0,2017
15-03-2017,0,8.9,2017
16-03-2017,0,8.5,2017
17-03-2017,0,10.1,2017
18-03-2017,0,7.5,2017
19-03-2017,0,10.1,2017
20-03-2017,3.2,2.0,2017
21-03-2017,10,5.2,2017
22-03-2017,10.4,2.9,2017
23-03-2017,3.6,0.8,2017
24-03-2017,0.2,6.4,2017
25-03-2017,0.2,3.1,2017
26-03-2017,1,1.2,2017
27-03-2017,0,2.7,2017
28-03-2017,0,9.2,2017
29-03-2017,0,7.8,2017
30-03-2017,6,2.0,2017
31-03-2017,1.6,6.1,2017
01-04-2017,0.4,6.3,2017
02-04-2017,0,10.9,2017
03-04-2017,0,10.9,2017
04-04-2017,0,11.0,2017
05-04-2017,0,11.0,2017
06-04-2017,0,11.1,2017
07-04-2017,0,11.1,2017
08-04-2017,0,11.2,2017
09-04-2017,0,11.3,2017
10-04-2017,0,11.2,2017
11-04-2017,0,11.4,2017
12-04-2017,0,11.4,2017
13-04-2017,0,10.9,2017
14-04-2017,0,3.7,2017
15-04-2017,0,10.5,2017
16-04-2017,0,10.9,2017
17-04-2017,0,11.5,2017
18-04-2017,0,2.6,2017
19-04-2017,0,4.8,2017
20-04-2017,0,9.8,2017
21-04-2017,0,11.9,2017
22-04-2017,0,11.9,2017
23-04-2017,0,11.8,2017
24-04-2017,0,11.6,2017
25-04-2017,1.2,0.7,2017
26-04-2017,0,12.0,2017
27-04-2017,0,12.1,2017
28-04-2017,0,12.3,2017
29-04-2017,8.8,9.0,2017
30-04-2017,5.8,6.4,2017
01-05-2017,0,7.2,2017
02-05-2017,0,10.4,2017
03-05-2017,0,11.7,2017
04-05-2017,7.2,6.4,2017
05-05-2017,3.2,2.2,2017
06-05-2017,0,7.2,2017
07-05-2017,0,12.4,2017
08-05-2017,0,10.6,2017
09-05-2017,1.6,3.8,2017
10-05-2017,6.2,2.8,2017
11-05-2017,22.2,2.1,2017
12-05-2017,1.2,3.1,2017
13-05-2017,1,3.7,2017
14-05-2017,0,6.3,2017
15-05-2017,0,9.3,2017
16-05-2017,0,11.7,2017
17-05-2017,0,5.0,2017
18-05-2017,0,5.4,2017
19-05-2017,0,9.1,2017
20-05-2017,0,12.4,2017
21-05-2017,0,5.8,2017
22-05-2017,0,13.1,2017
23-05-2017,0,13.2,2017
24-05-2017,0,12.1,2017
25-05-2017,5.8,7.0,2017
26-05-2017,23.4,2.9,2017
27-05-2017,0,4.8,2017
28-05-2017,7.6,3.4,2017
29-05-2017,0.8,8.8,2017
30-05-2017,0,6.9,2017
31-05-2017,0,11.0,2017
01-06-2017,0,12.0,2017
02-06-2017,0,6.7,2017
03-06-2017,0,1.0,2017
04-06-2017,0,9.7,2017
05-06-2017,1,7.2,2017
06-06-2017,0,10.3,2017
07-06-2017,0,13.8,2017
08-06-2017,0,7.1,2017
09-06-2017,0,11.2,2017
10-06-2017,0,13.6,2017
11-06-2017,0,11.8,2017
12-06-2017,4.4,11.1,2017
13-06-2017,7.2,7.0,2017
14-06-2017,0,10.9,2017
15-06-2017,0,9.5,2017
16-06-2017,0,13.8,2017
17-06-2017,0,12.8,2017
18-06-2017,0,13.3,2017
19-06-2017,0,6.0,2017
20-06-2017,0,13.2,2017
21-06-2017,0,13.0,2017
22-06-2017,0,6.9,2017
23-06-2017,0,12.1,2017
24-06-2017,0,13.3,2017
25-06-2017,0,7.2,2017
26-06-2017,0,5.2,2017
27-06-2017,7.2,1.8,2017
28-06-2017,2,6.2,2017
29-06-2017,2.4,6.0,2017
30-06-2017,1,5.5,2017
01-07-2017,0,12.2,2017
02-07-2017,0,13.7,2017
03-07-2017,0,13.8,2017
04-07-2017,0,11.0,2017
05-07-2017,0,6.7,2017
06-07-2017,3,5.0,2017
07-07-2017,0.4,8.3,2017
08-07-2017,0,8.6,2017
09-07-2017,0,6.1,2017
10-07-2017,0,8.5,2017
11-07-2017,0,11.6,2017
12-07-2017,0,12.3,2017
13-07-2017,0,9.0,2017
14-07-2017,0,12.3,2017
15-07-2017,0,13.4,2017
16-07-2017,0,13.1,2017
17-07-2017,0,12.7,2017
18-07-2017,0,12.1,2017
19-07-2017,0,5.5,2017
20-07-2017,0,10.7,2017
21-07-2017,0,12.6,2017
22-07-2017,0.4,8.6,2017
23-07-2017,0,10.4,2017
24-07-2017,0,9.5,2017
25-07-2017,0,12.7,2017
26-07-2017,0,13.0,2017
27-07-2017,0,12.1,2017
28-07-2017,0,10.5,2017
29-07-2017,0,10.3,2017
30-07-2017,0,8.5,2017
31-07-2017,0,9.2,2017
01-08-2017,0,12.4,2017
02-08-2017,0,12.8,2017
03-08-2017,0,10.6,2017
04-08-2017,0,8.8,2017
05-08-2017,0,11.1,2017
06-08-2017,0,12.6,2017
07-08-2017,0,3.8,2017
08-08-2017,0,11.6,2017
09-08-2017,0,10.9,2017
10-08-2017,0,12.3,2017
11-08-2017,0,12.4,2017
12-08-2017,0,12.3,2017
13-08-2017,0,12.0,2017
14-08-2017,0,8.3,2017
15-08-2017,0,10.9,2017
16-08-2017,0,12.2,2017
17-08-2017,0,8.9,2017
18-08-2017,0,10.3,2017
19-08-2017,0,9.8,2017
20-08-2017,0,12.0,2017
21-08-2017,0,11.1,2017
22-08-2017,0,11.4,2017
23-08-2017,0,11.6,2017
24-08-2017,0,10.4,2017
25-08-2017,0,10.5,2017
26-08-2017,0,7.2,2017
27-08-2017,24.6,4.3,2017
28-08-2017,22.4,6.8,2017
29-08-2017,12.2,6.0,2017
30-08-2017,0,0.4,2017
31-08-2017,0,11.1,2017
01-09-2017,0,11.4,2017
02-09-2017,0,10.8,2017
03-09-2017,0.2,8.1,2017
04-09-2017,0,5.6,2017
05-09-2017,0,7.4,2017
06-09-2017,0,10.3,2017
07-09-2017,0,8.7,2017
08-09-2017,0.2,9.8,2017
09-09-2017,0,7.3,2017
10-09-2017,0,6.8,2017
11-09-2017,0,9.3,2017
12-09-2017,0,3.8,2017
13-09-2017,0,7.3,2017
14-09-2017,0,8.8,2017
15-09-2017,0,8.0,2017
16-09-2017,0,7.6,2017
17-09-2017,4.6,5.3,2017
18-09-2017,0,3.9,2017
19-09-2017,0,7.0,2017
20-09-2017,0,8.1,2017
21-09-2017,0,4.0,2017
22-09-2017,0,7.0,2017
23-09-2017,0,7.5,2017
24-09-2017,0,3.1,2017
25-09-2017,0,8.3,2017
26-09-2017,0,8.6,2017
27-09-2017,0,9.7,2017
28-09-2017,0,9.0,2017
29-09-2017,0,5.1,2017
30-09-2017,0,7.5,2017
01-10-2017,0,8.4,2017
02-10-2017,0,9.8,2017
03-10-2017,0,7.6,2017
04-10-2017,0,8.7,2017
05-10-2017,0,8.4,2017
06-10-2017,0,9.3,2017
07-10-2017,0,9.6,2017
08-10-2017,0,9.5,2017
09-10-2017,0,9.5,2017
10-10-2017,0,9.5,2017
11-10-2017,0,9.4,2017
12-10-2017,0,9.3,2017
13-10-2017,0,8.7,2017
14-10-2017,0,8.6,2017
15-10-2017,0,0.9,2017
16-10-2017,8.8,0.0,2017
17-10-2017,9.6,6.2,2017
18-10-2017,2,3.1,2017
19-10-2017,0.8,0.0,2017
20-10-2017,2,1.7,2017
21-10-2017,0.4,4.9,2017
22-10-2017,0,6.2,2017
23-10-2017,0,6.6,2017
24-10-2017,0,8.8,2017
25-10-2017,0,8.7,2017
26-10-2017,0,8.7,2017
27-10-2017,0,8.6,2017
28-10-2017,0,8.6,2017
29-10-2017,0,8.3,2017
30-10-2017,0,8.5,2017
31-10-2017,0,8.2,2017
01-11-2017,0,0.3,2017
02-11-2017,2.2,0.1,2017
03-11-2017,9.6,0.0,2017
04-11-2017,0,2.1,2017
05-11-2017,0,3.8,2017
06-11-2017,0,7.4,2017
07-11-2017,0.2,0.0,2017
08-11-2017,0,3.1,2017
09-11-2017,0,3.7,2017
10-11-2017,0,3.8,2017
11-11-2017,0,4.7,2017
12-11-2017,0,1.2,2017
13-11-2017,0,8.0,2017
14-11-2017,0,8.0,2017
15-11-2017,0,8.1,2017
16-11-2017,0,6.7,2017
17-11-2017,0,5.2,2017
18-11-2017,0,6.2,2017
19-11-2017,0,5.5,2017
20-11-2017,0,4.5,2017
21-11-2017,0,6.0,2017
22-11-2017,13.6,1.0,2017
23-11-2017,12,3.4,2017
24-11-2017,30.2,0.0,2017
25-11-2017,0,6.8,2017
26-11-2017,0,7.3,2017
27-11-2017,0,5.9,2017
28-11-2017,0,3.8,2017
29-11-2017,0,4.7,2017
30-11-2017,0,4.9,2017
01-12-2017,0.2,2.2,2017
02-12-2017,0,3.7,2017
03-12-2017,0,4.4,2017
04-12-2017,0,5.2,2017
05-12-2017,0,5.0,2017
06-12-2017,0,1.5,2017
07-12-2017,5.8,0.6,2017
08-12-2017,1.8,0.0,2017
09-12-2017,1.4,0.1,2017
10-12-2017,63.4,0.0,2017
11-12-2017,9.4,2.2,2017
12-12-2017,0.4,0.3,2017
13-12-2017,0.8,0.0,2017
14-12-2017,7.6,0.4,2017
15-12-2017,0.2,2.3,2017
16-12-2017,0,3.5,2017
17-12-2017,0,2.4,2017
18-12-2017,0,4.3,2017
19-12-2017,0,5.9,2017
20-12-2017,0,0.0,2017
21-12-2017,0,4.5,2017
22-12-2017,0,3.2,2017
23-12-2017,0,3.5,2017
24-12-2017,0,5.1,2017
25-12-2017,5.2,0.3,2017
26-12-2017,10.2,0.0,2017
27-12-2017,4.2,0.0,2017
28-12-2017,2.4,0.0,2017
29-12-2017,0.4,1.7,2017
30-12-2017,0,0.9,2017
31-12-2017,12.2,2.0,2017
01-01-2018,0.8,0.8,2018
02-01-2018,3.2,0.7,2018
03-01-2018,0.2,2.5,2018
04-01-2018,16.2,1.2,2018
05-01-2018,4.2,0.1,2018
06-01-2018,0.2,0.4,2018
07-01-2018,1.2,0.7,2018
08-01-2018,0,4.0,2018
09-01-2018,5.4,0.0,2018
10-01-2018,14.6,2.7,2018
11-01-2018,0.2,2.2,2018
12-01-2018,11.2,1.2,2018
13-01-2018,1.8,1.2,2018
14-01-2018,0,2.6,2018
15-01-2018,0,0.0,2018
16-01-2018,0,0.5,2018
17-01-2018,0,7.1,2018
18-01-2018,0,3.8,2018
19-01-2018,0,3.7,2018
20-01-2018,0,0.1,2018
21-01-2018,0,0.0,2018
22-01-2018,0,1.0,2018
23-01-2018,0,0.4,2018
24-01-2018,8,0.7,2018
25-01-2018,4.8,0.5,2018
26-01-2018,0.4,2.4,2018
27-01-2018,0,1.1,2018
28-01-2018,0,7.9,2018
29-01-2018,0,7.0,2018
30-01-2018,0,6.0,2018
31-01-2018,0,5.1,2018
01-02-2018,1.8,1.3,2018
02-02-2018,0.2,4.1,2018
03-02-2018,4.2,0.0,2018
04-02-2018,0,1.1,2018
05-02-2018,0,4.1,2018
06-02-2018,0,0.7,2018
07-02-2018,0,6.8,2018
08-02-2018,4.4,4.3,2018
09-02-2018,1.2,1.0,2018
10-02-2018,0,0.6,2018
11-02-2018,4.4,0.8,2018
12-02-2018,0.2,4.4,2018
13-02-2018,15.8,0.0,2018
14-02-2018,0.4,0.6,2018
15-02-2018,2.2,0.0,2018
16-02-2018,1,0.0,2018
17-02-2018,0,8.4,2018
18-02-2018,0,7.8,2018
19-02-2018,0,3.6,2018
20-02-2018,0,8.9,2018
21-02-2018,0,9.0,2018
22-02-2018,0,9.0,2018
23-02-2018,0,9.1,2018
24-02-2018,0,9.2,2018
25-02-2018,0,9.2,2018
26-02-2018,0,8.6,2018
27-02-2018,11,3.3,2018
28-02-2018,9.6,0.0,2018
01-03-2018,18.4,0.0,2018
02-03-2018,14.6,0.4,2018
03-03-2018,8,0.8,2018
04-03-2018,15.7,2.1,2018
05-03-2018,12.3,,2018
06-03-2018,5.1,,2018
07-03-2018,3.8,2.3,2018
08-03-2018,8.6,0.4,2018
09-03-2018,9.8,0.3,2018
10-03-2018,28.4,3.7,2018
11-03-2018,10.6,3.5,2018
12-03-2018,1.4,3.9,2018
13-03-2018,1.4,5.2,2018
14-03-2018,20,2.2,2018
15-03-2018,15.6,1.2,2018
16-03-2018,13.6,1.5,2018
17-03-2018,1.2,4.5,2018
18-03-2018,7.2,4.6,2018
19-03-2018,0.8,4.1,2018
20-03-2018,0,2.2,2018
21-03-2018,0,10.3,2018
22-03-2018,0.2,9.3,2018
23-03-2018,10,0.8,2018
24-03-2018,4.2,2.0,2018
25-03-2018,0,6.4,2018
26-03-2018,0,1.3,2018
27-03-2018,0,8.5,2018
28-03-2018,0.6,1.4,2018
29-03-2018,14.4,2.0,2018
30-03-2018,15,0.5,2018
31-03-2018,0,5.3,2018
01-04-2018,1,2.8,2018
02-04-2018,12.6,1.9,2018
03-04-2018,15,1.8,2018
04-04-2018,11.6,1.5,2018
05-04-2018,0,9.5,2018
06-04-2018,16.4,0.0,2018
07-04-2018,1.2,4.9,2018
08-04-2018,20.4,2.2,2018
09-04-2018,9.6,4.0,2018
10-04-2018,7.4,3.3,2018
11-04-2018,7.6,2.5,2018
12-04-2018,2.2,0.4,2018
13-04-2018,3,2.0,2018
14-04-2018,0.2,5.4,2018
15-04-2018,0.2,2.2,2018
16-04-2018,0,11.1,2018
17-04-2018,0,11.5,2018
18-04-2018,0,10.6,2018
19-04-2018,0,8.0,2018
20-04-2018,0,6.5,2018
21-04-2018,0,1.6,2018
22-04-2018,5.2,6.2,2018
23-04-2018,0,9.2,2018
24-04-2018,0,11.9,2018
25-04-2018,0,10.9,2018
26-04-2018,0,10.2,2018
27-04-2018,0,4.8,2018
28-04-2018,1,9.0,2018
29-04-2018,6,1.3,2018
30-04-2018,1.6,5.4,2018
01-05-2018,0.2,9.1,2018
02-05-2018,0.2,0.0,2018
03-05-2018,0,11.7,2018
04-05-2018,0,12.5,2018
05-05-2018,0,12.4,2018
06-05-2018,0,12.1,2018
07-05-2018,0,10.7,2018
08-05-2018,0,9.5,2018
09-05-2018,0,3.8,2018
10-05-2018,0,12.7,2018
11-05-2018,0.6,1.9,2018
12-05-2018,0,7.4,2018
13-05-2018,0.2,0.7,2018
14-05-2018,0.2,6.2,2018
15-05-2018,0,12.9,2018
16-05-2018,0,12.9,2018
17-05-2018,0,12.3,2018
18-05-2018,1.8,10.9,2018
19-05-2018,0,12.6,2018
20-05-2018,0,12.2,2018
21-05-2018,0,11.6,2018
22-05-2018,0,10.8,2018
23-05-2018,0.2,7.4,2018
24-05-2018,0.8,6.3,2018
25-05-2018,17.1,,2018
26-05-2018,1.3,,2018
27-05-2018,0,,2018
28-05-2018,1.4,,2018
29-05-2018,5,,2018
30-05-2018,0,,2018
31-05-2018,0,,2018
01-06-2018,0,7.2,2018
02-06-2018,0.2,7.4,2018
03-06-2018,0.8,5.3,2018
04-06-2018,9.4,1.3,2018
05-06-2018,8.4,0.0,2018
06-06-2018,0,1.3,2018
07-06-2018,1.9,0.0,2018
08-06-2018,4.7,2.1,2018
09-06-2018,11.2,3.1,2018
10-06-2018,3.8,2.8,2018
11-06-2018,1.3,3.8,2018
12-06-2018,0,5.2,2018
13-06-2018,0,12.9,2018
14-06-2018,0,10.5,2018
15-06-2018,0,9.5,2018
16-06-2018,0,11.8,2018
17-06-2018,0,12.0,2018
18-06-2018,0,13.9,2018
19-06-2018,0,13.9,2018
20-06-2018,0,7.3,2018
21-06-2018,31.8,7.6,2018
22-06-2018,0,9.2,2018
23-06-2018,0,13.1,2018
24-06-2018,0,13.1,2018
25-06-2018,0,11.4,2018
26-06-2018,0,0.0,2018
27-06-2018,0,8.2,2018
28-06-2018,0,5.7,2018
29-06-2018,30.8,7.1,2018
30-06-2018,20.2,2.2,2018
01-07-2018,2.4,1.1,2018
02-07-2018,0.6,3.8,2018
03-07-2018,0,5.9,2018
04-07-2018,0,8.2,2018
05-07-2018,0,4.9,2018
06-07-2018,11.6,5.7,2018
07-07-2018,1,7.8,2018
08-07-2018,0,10.7,2018
09-07-2018,0,13.2,2018
10-07-2018,0,12.8,2018
11-07-2018,0,5.5,2018
12-07-2018,0,10.5,2018
13-07-2018,3.4,8.3,2018
14-07-2018,0.2,8.8,2018
15-07-2018,0,3.7,2018
16-07-2018,0,12.2,2018
17-07-2018,0,9.1,2018
18-07-2018,0,7.3,2018
19-07-2018,0,2.5,2018
20-07-2018,0,6.4,2018
21-07-2018,0,4.5,2018
22-07-2018,0,10.7,2018
23-07-2018,0,13.0,2018
24-07-2018,0,8.0,2018
25-07-2018,0,8.3,2018
26-07-2018,0,9.1,2018
27-07-2018,0,7.0,2018
28-07-2018,0,10.3,2018
29-07-2018,0,11.3,2018
30-07-2018,0,5.9,2018
31-07-2018,0,10.2,2018
01-08-2018,0,11.2,2018
02-08-2018,0,12.3,2018
03-08-2018,0,11.6,2018
04-08-2018,0,11.8,2018
05-08-2018,0,11.7,2018
06-08-2018,0,12.2,2018
07-08-2018,0,8.2,2018
08-08-2018,0.8,6.7,2018
09-08-2018,0,10.8,2018
10-08-2018,0,12.4,2018
11-08-2018,0,12.4,2018
12-08-2018,0,8.0,2018
13-08-2018,0,9.8,2018
14-08-2018,0,10.5,2018
15-08-2018,0,12.2,2018
16-08-2018,0,9.4,2018
17-08-2018,0,12.0,2018
18-08-2018,0,11.9,2018
19-08-2018,0,12.0,2018
20-08-2018,0,11.9,2018
21-08-2018,0,11.8,2018
22-08-2018,0,11.6,2018
23-08-2018,0,11.4,2018
24-08-2018,0,9.5,2018
25-08-2018,0,10.7,2018
26-08-2018,0,11.6,2018
27-08-2018,4.2,8.7,2018
28-08-2018,0,9.6,2018
29-08-2018,0,8.8,2018
30-08-2018,0,10.5,2018
31-08-2018,0,10.5,2018
01-09-2018,0,11.2,2018
02-09-2018,0,7.9,2018
03-09-2018,0,6.3,2018
04-09-2018,3.4,7.7,2018
05-09-2018,0.2,4.1,2018
06-09-2018,0,9.6,2018
07-09-2018,0,10.9,2018
08-09-2018,41,8.0,2018
09-09-2018,0,8.8,2018
10-09-2018,0,10.9,2018
11-09-2018,0,10.7,2018
12-09-2018,0,10.7,2018
13-09-2018,0,7.4,2018
14-09-2018,0,8.4,2018
15-09-2018,0,9.7,2018
16-09-2018,0,7.4,2018
17-09-2018,0,9.2,2018
18-09-2018,0,9.7,2018
19-09-2018,0,8.5,2018
20-09-2018,0,7.7,2018
21-09-2018,0,9.0,2018
22-09-2018,0,9.1,2018
23-09-2018,0,10.2,2018
24-09-2018,0,9.5,2018
25-09-2018,0,10.2,2018
26-09-2018,1.2,10.1,2018
27-09-2018,0,8.7,2018
28-09-2018,0,9.6,2018
29-09-2018,0,8.8,2018
30-09-2018,0,9.1,2018
01-10-2018,0,9.8,2018
02-10-2018,0,9.8,2018
03-10-2018,0,9.8,2018
04-10-2018,0,9.8,2018
05-10-2018,0,9.4,2018
06-10-2018,0,2.9,2018
07-10-2018,0,9.5,2018
08-10-2018,0,9.6,2018
09-10-2018,0,9.5,2018
10-10-2018,15.8,7.8,2018
11-10-2018,0,5.4,2018
12-10-2018,0,0.6,2018
13-10-2018,30.4,3.7,2018
14-10-2018,1.8,2.3,2018
15-10-2018,1.2,0.0,2018
16-10-2018,0,6.2,2018
17-10-2018,8.2,0.9,2018
18-10-2018,0,7.2,2018
19-10-2018,0,9.0,2018
20-10-2018,0,8.9,2018
21-10-2018,0,6.4,2018
22-10-2018,0,6.8,2018
23-10-2018,0,8.9,2018
24-10-2018,0,7.8,2018
25-10-2018,0,6.2,2018
26-10-2018,0,3.4,2018
27-10-2018,1.8,2.2,2018
28-10-2018,1.2,3.7,2018
29-10-2018,5.8,3.2,2018
30-10-2018,2,0.2,2018
31-10-2018,0,5.2,2018
01-11-2018,0.2,0.6,2018
02-11-2018,0,5.0,2018
03-11-2018,0,1.6,2018
04-11-2018,25.6,0.0,2018
05-11-2018,7.2,2.4,2018
06-11-2018,27.4,0.0,2018
07-11-2018,3.4,4.6,2018
08-11-2018,10.4,0.7,2018
09-11-2018,15.8,0.0,2018
10-11-2018,12,3.1,2018
11-11-2018,4.8,0.0,2018
12-11-2018,0,7.1,2018
13-11-2018,0,4.3,2018
14-11-2018,0,6.3,2018
15-11-2018,0,5.7,2018
16-11-2018,0,5.6,2018
17-11-2018,0,5.1,2018
18-11-2018,11.2,2.5,2018
19-11-2018,3,1.6,2018
20-11-2018,6.6,2.8,2018
21-11-2018,27.8,1.7,2018
22-11-2018,13.2,1.8,2018
23-11-2018,1.6,2.8,2018
24-11-2018,5,0.0,2018
25-11-2018,6.4,3.7,2018
26-11-2018,0,3.0,2018
27-11-2018,0,0.4,2018
28-11-2018,3.2,7.6,2018
29-11-2018,5,1.2,2018
30-11-2018,0,2.3,2018
01-12-2018,0,0.2,2018
02-12-2018,0.2,0.2,2018
03-12-2018,2.4,0.0,2018
04-12-2018,0,6.2,2018
05-12-2018,0,1.0,2018
06-12-2018,0,6.3,2018
07-12-2018,0.2,0.2,2018
08-12-2018,0,2.3,2018
09-12-2018,0,0.5,2018
10-12-2018,0,3.5,2018
11-12-2018,0,2.8,2018
12-12-2018,13,0.0,2018
13-12-2018,0.6,2.0,2018
14-12-2018,7.6,0.0,2018
15-12-2018,11,0.8,2018
16-12-2018,11.4,3.0,2018
17-12-2018,0.2,0.0,2018
18-12-2018,13.8,0.9,2018
19-12-2018,8,1.9,2018
20-12-2018,0,0.1,2018
21-12-2018,0,0.0,2018
22-12-2018,0,0.5,2018
23-12-2018,0,2.6,2018
24-12-2018,0,2.2,2018
25-12-2018,0,3.9,2018
26-12-2018,0,3.8,2018
27-12-2018,1.2,1.9,2018
28-12-2018,0,6.4,2018
29-12-2018,0,3.3,2018
30-12-2018,0,4.0,2018
31-12-2018,0,4.5,2018
01-01-2019,0,4.2,2019
02-01-2019,0,4.9,2019
03-01-2019,0,3.4,2019
04-01-2019,0,4.2,2019
05-01-2019,0,5.2,2019
06-01-2019,0,7.0,2019
07-01-2019,0,7.9,2019
08-01-2019,0,5.3,2019
09-01-2019,0,5.1,2019
10-01-2019,0,8.0,2019
11-01-2019,0,8.0,2019
12-01-2019,0,7.1,2019
13-01-2019,0,5.2,2019
14-01-2019,0,3.7,2019
15-01-2019,0,4.4,2019
16-01-2019,0,0.0,2019
17-01-2019,0,4.5,2019
18-01-2019,7,0.0,2019
19-01-2019,20.8,0.0,2019
20-01-2019,0.2,1.0,2019
21-01-2019,0,1.9,2019
22-01-2019,3.6,0.0,2019
23-01-2019,0,0.0,2019
24-01-2019,0,0.3,2019
25-01-2019,0,6.7,2019
26-01-2019,0.8,4.1,2019
27-01-2019,0,3.9,2019
28-01-2019,0.2,1.5,2019
29-01-2019,3.2,0.4,2019
30-01-2019,22.2,0.0,2019
31-01-2019,13.4,0.0,2019
01-02-2019,11.8,1.0,2019
02-02-2019,0.8,4.9,2019
03-02-2019,0,4.4,2019
04-02-2019,0,0.4,2019
05-02-2019,0,8.3,2019
06-02-2019,0,2.1,2019
07-02-2019,0.2,4.7,2019
08-02-2019,0,1.0,2019
09-02-2019,1.6,0.5,2019
10-02-2019,2.8,3.3,2019
11-02-2019,0,7.0,2019
12-02-2019,0,6.6,2019
13-02-2019,0,6.3,2019
14-02-2019,0,8.7,2019
15-02-2019,0,7.9,2019
16-02-2019,0,8.7,2019
17-02-2019,4.2,5.7,2019
18-02-2019,2,0.0,2019
19-02-2019,0,4.6,2019
20-02-2019,0,6.5,2019
21-02-2019,0,6.0,2019
22-02-2019,0,8.1,2019
23-02-2019,0,6.1,2019
24-02-2019,0,9.0,2019
25-02-2019,0,9.1,2019
26-02-2019,0,8.9,2019
27-02-2019,0,7.9,2019
28-02-2019,0,7.4,2019
01-03-2019,0,5.9,2019
02-03-2019,0,6.7,2019
03-03-2019,6.8,5.5,2019
04-03-2019,0,3.9,2019
05-03-2019,29.2,2.3,2019
06-03-2019,15,1.4,2019
07-03-2019,3.2,0.7,2019
08-03-2019,0,4.3,2019
09-03-2019,0,9.3,2019
10-03-2019,0,1.0,2019
11-03-2019,0,9.8,2019
12-03-2019,3.4,2.2,2019
13-03-2019,0,3.1,2019
14-03-2019,0,7.5,2019
15-03-2019,0,8.6,2019
16-03-2019,0,10.1,2019
17-03-2019,0.6,2.5,2019
18-03-2019,0,9.7,2019
19-03-2019,0,10.3,2019
20-03-2019,0,10.3,2019
21-03-2019,0,10.3,2019
22-03-2019,0,10.3,2019
23-03-2019,0,10.4,2019
24-03-2019,0,9.6,2019
25-03-2019,0,10.5,2019
26-03-2019,0,10.5,2019
27-03-2019,0,10.6,2019
28-03-2019,0,10.6,2019
29-03-2019,0,10.3,2019
30-03-2019,0,8.5,2019
31-03-2019,0,7.1,2019
01-04-2019,0,8.7,2019
02-04-2019,0,5.3,2019
03-04-2019,0,6.7,2019
04-04-2019,13.6,0.7,2019
05-04-2019,17.8,4.6,2019
06-04-2019,11.8,2.2,2019
07-04-2019,15.2,0.1,2019
08-04-2019,23.4,6.4,2019
09-04-2019,16.6,3.1,2019
10-04-2019,0.6,4.0,2019
11-04-2019,0,8.0,2019
12-04-2019,0,9.5,2019
13-04-2019,0,3.4,2019
14-04-2019,0.8,1.0,2019
15-04-2019,1.8,4.9,2019
16-04-2019,0,9.1,2019
17-04-2019,7.4,0.9,2019
18-04-2019,0.2,6.5,2019
19-04-2019,0,8.3,2019
20-04-2019,0,11.7,2019
21-04-2019,0,11.7,2019
22-04-2019,9,5.7,2019
23-04-2019,8.6,2.0,2019
24-04-2019,8.6,2.3,2019
25-04-2019,24.2,2.2,2019
26-04-2019,0,4.4,2019
27-04-2019,0,11.3,2019
28-04-2019,0,10.6,2019
29-04-2019,0,12.2,2019
30-04-2019,0,12.3,2019
01-05-2019,0,9.0,2019
02-05-2019,0,12.3,2019
03-05-2019,0,12.5,2019
04-05-2019,0,12.5,2019
05-05-2019,0,12.4,2019
06-05-2019,0.6,9.7,2019
07-05-2019,0.8,0.7,2019
08-05-2019,0,6.6,2019
09-05-2019,6.4,0.1,2019
10-05-2019,0,9.4,2019
11-05-2019,0,12.5,2019
12-05-2019,0,12.8,2019
13-05-2019,0,12.8,2019
14-05-2019,0,12.8,2019
15-05-2019,0,12.6,2019
16-05-2019,0.8,1.4,2019
17-05-2019,0.8,5.0,2019
18-05-2019,0.2,6.4,2019
19-05-2019,0,11.6,2019
20-05-2019,0,6.1,2019
21-05-2019,0,12.1,2019
22-05-2019,0,12.4,2019
23-05-2019,0,6.7,2019
24-05-2019,0,13.0,2019
25-05-2019,0,13.2,2019
26-05-2019,0,13.2,2019
27-05-2019,0,10.6,2019
28-05-2019,0,13.4,2019
29-05-2019,0,13.5,2019
30-05-2019,0,13.5,2019
31-05-2019,0,13.5,2019
01-06-2019,0,13.3,2019
02-06-2019,0,9.3,2019
03-06-2019,0,7.6,2019
04-06-2019,0.2,5.0,2019
05-06-2019,0,6.6,2019
06-06-2019,12.2,1.0,2019
07-06-2019,1.2,9.0,2019
08-06-2019,0,6.1,2019
09-06-2019,0,8.0,2019
10-06-2019,0,8.6,2019
11-06-2019,0,9.1,2019
12-06-2019,0,9.2,2019
13-06-2019,0,11.1,2019
14-06-2019,0,8.6,2019
15-06-2019,0,4.9,2019
16-06-2019,0,13.1,2019
17-06-2019,0.6,8.1,2019
18-06-2019,2.6,0.8,2019
19-06-2019,0,0.6,2019
20-06-2019,1.6,4.4,2019
21-06-2019,0,11.2,2019
22-06-2019,15,4.6,2019
23-06-2019,4,2.6,2019
24-06-2019,0.2,1.7,2019
25-06-2019,3.6,7.6,2019
26-06-2019,0,6.5,2019
27-06-2019,0,4.0,2019
28-06-2019,0,13.4,2019
29-06-2019,0,13.4,2019
30-06-2019,0,0.0,2019
01-07-2019,0,2.4,2019
02-07-2019,0,11.6,2019
03-07-2019,0,10.7,2019
04-07-2019,0,8.4,2019
05-07-2019,0,10.5,2019
06-07-2019,0,10.0,2019
07-07-2019,0,6.2,2019
08-07-2019,0,6.9,2019
09-07-2019,0,12.5,2019
10-07-2019,0,13.5,2019
11-07-2019,0,13.6,2019
12-07-2019,0,10.8,2019
13-07-2019,18,4.6,2019
14-07-2019,0,9.7,2019
15-07-2019,0,9.5,2019
16-07-2019,0,7.7,2019
17-07-2019,0,6.3,2019
18-07-2019,0,12.8,2019
19-07-2019,0,10.8,2019
20-07-2019,0,13.1,2019
21-07-2019,0,8.8,2019
22-07-2019,0,10.2,2019
23-07-2019,0,12.4,2019
24-07-2019,0,13.0,2019
25-07-2019,0.2,3.7,2019
26-07-2019,0.2,9.0,2019
27-07-2019,1.6,4.5,2019
28-07-2019,0,12.9,2019
29-07-2019,0,8.9,2019
30-07-2019,0,10.4,2019
31-07-2019,0,9.4,2019
01-08-2019,0,8.5,2019
02-08-2019,0,9.9,2019
03-08-2019,0,12.7,2019
04-08-2019,0,8.5,2019
05-08-2019,0,10.8,2019
06-08-2019,0,1.0,2019
07-08-2019,6.2,0.0,2019
08-08-2019,5.8,2.8,2019
09-08-2019,0,6.4,2019
10-08-2019,0,6.5,2019
11-08-2019,0,8.9,2019
12-08-2019,0,8.7,2019
13-08-2019,0,12.3,2019
14-08-2019,0,8.1,2019
15-08-2019,0,12.1,2019
16-08-2019,0,11.9,2019
17-08-2019,1.4,12.0,2019
18-08-2019,6.6,3.8,2019
19-08-2019,0,9.7,2019
20-08-2019,0,11.3,2019
21-08-2019,0,11.9,2019
22-08-2019,0,11.8,2019
23-08-2019,0,11.7,2019
24-08-2019,0.4,10.6,2019
25-08-2019,1.6,3.8,2019
26-08-2019,0,6.2,2019
27-08-2019,0,7.5,2019
28-08-2019,0,6.9,2019
29-08-2019,0,7.6,2019
30-08-2019,0,10.8,2019
31-08-2019,0,9.9,2019
01-09-2019,0,7.0,2019
02-09-2019,0,11.2,2019
03-09-2019,0,11.2,2019
04-09-2019,0,11.2,2019
05-09-2019,0,11.1,2019
06-09-2019,0,11.0,2019
07-09-2019,0,11.0,2019
08-09-2019,0,10.9,2019
09-09-2019,0,7.0,2019
10-09-2019,0,9.6,2019
11-09-2019,0,10.5,2019
12-09-2019,0,10.7,2019
13-09-2019,0,10.7,2019
14-09-2019,0,8.4,2019
15-09-2019,0.4,6.5,2019
16-09-2019,2.2,5.7,2019
17-09-2019,17.6,5.5,2019
18-09-2019,0,9.1,2019
19-09-2019,1.6,6.8,2019
20-09-2019,0,6.5,2019
21-09-2019,3.6,0.1,2019
22-09-2019,0,8.2,2019
23-09-2019,2,1.1,2019
24-09-2019,0.4,4.4,2019
25-09-2019,0,2.1,2019
26-09-2019,0,9.9,2019
27-09-2019,0,3.2,2019
28-09-2019,0,8.6,2019
29-09-2019,0.2,1.7,2019
30-09-2019,2.4,7.2,2019
01-10-2019,0.2,5.4,2019
02-10-2019,0,6.3,2019
03-10-2019,2,1.7,2019
04-10-2019,0.2,3.7,2019
05-10-2019,0,5.0,2019
06-10-2019,0,8.6,2019
07-10-2019,0,8.0,2019
08-10-2019,0,1.4,2019
09-10-2019,0,9.1,2019
10-10-2019,0,7.8,2019
11-10-2019,0,9.4,2019
12-10-2019,10.2,5.0,2019
13-10-2019,39.4,0.0,2019
14-10-2019,8.6,3.3,2019
15-10-2019,0.2,0.6,2019
16-10-2019,16.8,0.0,2019
17-10-2019,0,3.8,2019
18-10-2019,20.8,1.0,2019
19-10-2019,40.2,0.4,2019
20-10-2019,3.4,2.8,2019
21-10-2019,0,3.3,2019
22-10-2019,0.2,6.5,2019
23-10-2019,0,1.7,2019
24-10-2019,0.4,0.8,2019
25-10-2019,0,7.6,2019
26-10-2019,0,7.7,2019
27-10-2019,0,0.5,2019
28-10-2019,1.8,0.2,2019
29-10-2019,2.8,1.5,2019
30-10-2019,3,0.4,2019
31-10-2019,2.8,1.3,2019
01-11-2019,11,2.5,2019
02-11-2019,1.6,0.9,2019
03-11-2019,3.4,0.5,2019
04-11-2019,8.6,1.6,2019
05-11-2019,1.4,2.6,2019
06-11-2019,1.2,0.0,2019
07-11-2019,9,1.3,2019
08-11-2019,3.6,3.8,2019
09-11-2019,5.8,1.7,2019
10-11-2019,5,0.0,2019
11-11-2019,0,2.3,2019
12-11-2019,14.6,0.1,2019
13-11-2019,2,2.2,2019
14-11-2019,6.6,0.3,2019
15-11-2019,0.4,3.1,2019
16-11-2019,0.6,1.5,2019
17-11-2019,2.2,2.2,2019
18-11-2019,0,3.8,2019
19-11-2019,3.4,0.0,2019
20-11-2019,3,0.1,2019
21-11-2019,2.8,3.8,2019
22-11-2019,18.4,1.7,2019
23-11-2019,1.8,1.8,2019
24-11-2019,1.6,0.1,2019
25-11-2019,1.4,1.9,2019
26-11-2019,5.2,2.8,2019
27-11-2019,1,0.0,2019
28-11-2019,4,0.1,2019
29-11-2019,9.8,1.5,2019
30-11-2019,19.2,3.1,2019
01-12-2019,0,4.8,2019
02-12-2019,0,7.1,2019
03-12-2019,0,5.6,2019
04-12-2019,0,5.6,2019
05-12-2019,0,8.0,2019
06-12-2019,0,2.7,2019
07-12-2019,0.6,2.1,2019
08-12-2019,2.4,0.0,2019
09-12-2019,0,1.2,2019
10-12-2019,9.4,0.9,2019
11-12-2019,5,2.2,2019
12-12-2019,15.8,0.0,2019
13-12-2019,0.2,0.0,2019
14-12-2019,7.2,0.5,2019
15-12-2019,29.8,0.0,2019
16-12-2019,17.2,0.0,2019
17-12-2019,0,0.3,2019
18-12-2019,21,0.0,2019
19-12-2019,26.4,0.0,2019
20-12-2019,10.2,0.0,2019
21-12-2019,31.6,0.5,2019
22-12-2019,3.6,2.3,2019
23-12-2019,2,0.0,2019
24-12-2019,0,5.9,2019
25-12-2019,1.4,0.3,2019
26-12-2019,0,2.6,2019
27-12-2019,0,4.1,2019
28-12-2019,0,4.1,2019
29-12-2019,0,7.7,2019
30-12-2019,0,4.4,2019
31-12-2019,0,2.5,2019
01-01-2020,0,0.0,2020
02-01-2020,0,2.0,2020
03-01-2020,1.2,0.0,2020
04-01-2020,0,2.0,2020
05-01-2020,0,3.2,2020
06-01-2020,0,1.9,2020
07-01-2020,0,2.7,2020
08-01-2020,0,1.4,2020
09-01-2020,0.2,0.7,2020
10-01-2020,0,4.2,2020
11-01-2020,0,2.7,2020
12-01-2020,0,2.6,2020
13-01-2020,0,5.2,2020
14-01-2020,20.6,0.6,2020
15-01-2020,1.8,4.1,2020
16-01-2020,10.8,0.0,2020
17-01-2020,0.2,1.5,2020
18-01-2020,7.6,2.9,2020
19-01-2020,0,7.7,2020
20-01-2020,0,7.9,2020
21-01-2020,0,6.1,2020
22-01-2020,0,5.5,2020
23-01-2020,0,4.6,2020
24-01-2020,0,3.8,2020
25-01-2020,0,4.2,2020
26-01-2020,1,2.4,2020
27-01-2020,7.2,1.5,2020
28-01-2020,3.2,0.0,2020
29-01-2020,6.2,0.0,2020
30-01-2020,0,0.0,2020
31-01-2020,5.8,0.1,2020
01-02-2020,0,1.9,2020
02-02-2020,0,7.5,2020
03-02-2020,0,6.7,2020
04-02-2020,0,4.9,2020
05-02-2020,0,8.1,2020
06-02-2020,0,7.2,2020
07-02-2020,4.8,2.7,2020
08-02-2020,0.2,3.6,2020
09-02-2020,0,0.0,2020
10-02-2020,0,3.3,2020
11-02-2020,0.6,1.0,2020
12-02-2020,0,3.8,2020
13-02-2020,0,2.7,2020
14-02-2020,0,1.0,2020
15-02-2020,0,2.7,2020
16-02-2020,2,0.5,2020
17-02-2020,0,4.3,2020
18-02-2020,0,3.9,2020
19-02-2020,0,6.5,2020
20-02-2020,0,6.7,2020
21-02-2020,0,8.9,2020
22-02-2020,0,9.0,2020
23-02-2020,0,9.2,2020
24-02-2020,0,9.1,2020
25-02-2020,0,1.6,2020
26-02-2020,0,2.8,2020
27-02-2020,0,8.8,2020
28-02-2020,8.6,6.5,2020
29-02-2020,2.2,0.8,2020
01-03-2020,20.2,2.9,2020
02-03-2020,3.6,5.3,2020
03-03-2020,1.8,0.8,2020
04-03-2020,13.6,1.6,2020
05-03-2020,6.6,3.5,2020
06-03-2020,1.6,4.9,2020
07-03-2020,0,7.7,2020
08-03-2020,0,2.2,2020
09-03-2020,0,8.5,2020
10-03-2020,0,7.2,2020
11-03-2020,0,7.7,2020
12-03-2020,0,7.4,2020
13-03-2020,0,5.0,2020
14-03-2020,0,7.1,2020
15-03-2020,3.8,2.4,2020
16-03-2020,0,6.1,2020
17-03-2020,0,8.2,2020
18-03-2020,0,8.5,2020
19-03-2020,29,8.9,2020
20-03-2020,3.2,0.1,2020
21-03-2020,0,4.0,2020
22-03-2020,0,5.8,2020
23-03-2020,0,8.4,2020
24-03-2020,0,8.7,2020
25-03-2020,0,7.6,2020
26-03-2020,0,10.6,2020
27-03-2020,0,10.6,2020
28-03-2020,0,6.9,2020
29-03-2020,0,8.9,2020
30-03-2020,0,1.6,2020
31-03-2020,7,0.0,2020
01-04-2020,0.4,2.9,2020
02-04-2020,0,8.6,2020
03-04-2020,0,9.5,2020
04-04-2020,0,5.6,2020
05-04-2020,17.2,0.0,2020
06-04-2020,0.8,0.3,2020
07-04-2020,0,5.6,2020
08-04-2020,2.8,4.8,2020
09-04-2020,4.8,0.5,2020
10-04-2020,0,1.4,2020
11-04-2020,0,7.3,2020
12-04-2020,3,7.2,2020
13-04-2020,6.4,4.9,2020
14-04-2020,0.2,4.7,2020
15-04-2020,6,1.0,2020
16-04-2020,4.6,0.5,2020
17-04-2020,6.8,2.7,2020
18-04-2020,14.6,4.9,2020
19-04-2020,4,6.7,2020
20-04-2020,0,2.8,2020
21-04-2020,0,5.0,2020
22-04-2020,0,0.0,2020
23-04-2020,0,7.6,2020
24-04-2020,0,4.5,2020
25-04-2020,0,0.2,2020
26-04-2020,0.6,0.0,2020
27-04-2020,2.6,4.1,2020
28-04-2020,4,5.2,2020
29-04-2020,2.6,1.4,2020
30-04-2020,7.4,1.0,2020
01-05-2020,0,1.5,2020
02-05-2020,0,8.0,2020
03-05-2020,0,10.0,2020
04-05-2020,2.4,6.8,2020
05-05-2020,0,7.5,2020
06-05-2020,0,11.8,2020
07-05-2020,0.4,10.5,2020
08-05-2020,27.2,5.1,2020
09-05-2020,10.8,2.9,2020
10-05-2020,0,8.1,2020
11-05-2020,5.2,8.4,2020
12-05-2020,11.6,4.6,2020
13-05-2020,3.8,6.6,2020
14-05-2020,9.6,0.9,2020
15-05-2020,0,6.8,2020
16-05-2020,0,12.8,2020
17-05-2020,0,12.6,2020
18-05-2020,0,12.4,2020
19-05-2020,0,13.0,2020
20-05-2020,0,12.0,2020
21-05-2020,0,12.7,2020
22-05-2020,0,10.4,2020
23-05-2020,0,11.2,2020
24-05-2020,0,12.9,2020
25-05-2020,0,,2020
26-05-2020,0,13.3,2020
27-05-2020,0.4,,2020
28-05-2020,0,10.0,2020
29-05-2020,0,11.9,2020
30-05-2020,0,12.5,2020
31-05-2020,0,4.8,2020
01-06-2020,0,9.9,2020
02-06-2020,14,8.0,2020
03-06-2020,0.6,8.2,2020
04-06-2020,0,6.6,2020
05-06-2020,0,13.5,2020
06-06-2020,0,5.5,2020
07-06-2020,0,8.5,2020
08-06-2020,0,11.6,2020
09-06-2020,0,13.2,2020
10-06-2020,0,,2020
11-06-2020,1.4,2.7,2020
12-06-2020,5.8,1.2,2020
13-06-2020,0,1.0,2020
14-06-2020,0,0.6,2020
15-06-2020,0.2,0.9,2020
16-06-2020,0.2,6.1,2020
17-06-2020,0,6.9,2020
18-06-2020,0,13.2,2020
19-06-2020,0,13.8,2020
20-06-2020,0,13.7,2020
21-06-2020,0,7.9,2020
22-06-2020,0,12.7,2020
23-06-2020,0,13.8,2020
24-06-2020,0,12.2,2020
25-06-2020,0,4.4,2020
26-06-2020,0,4.6,2020
27-06-2020,0,3.2,2020
28-06-2020,0,1.6,2020
29-06-2020,0,11.6,2020
30-06-2020,0,12.3,2020
01-07-2020,0,5.4,2020
02-07-2020,0,7.4,2020
03-07-2020,0,13.1,2020
04-07-2020,0,12.5,2020
05-07-2020,0,13.8,2020
06-07-2020,0,12.2,2020
07-07-2020,0,13.7,2020
08-07-2020,0.2,10.0,2020
09-07-2020,0,11.3,2020
10-07-2020,0,13.2,2020
11-07-2020,0,11.0,2020
12-07-2020,0,13.3,2020
13-07-2020,0,13.3,2020
14-07-2020,0,13.2,2020
15-07-2020,0,13.4,2020
16-07-2020,0,13.3,2020
17-07-2020,0,13.3,2020
18-07-2020,0,13.1,2020
19-07-2020,0,12.0,2020
20-07-2020,0,10.6,2020
21-07-2020,0,8.3,2020
22-07-2020,0.6,11.3,2020
23-07-2020,0,12.7,2020
24-07-2020,0,11.7,2020
25-07-2020,0,11.4,2020
26-07-2020,0,12.9,2020
27-07-2020,0,12.9,2020
28-07-2020,0,10.9,2020
29-07-2020,0,11.8,2020
30-07-2020,0,12.8,2020
31-07-2020,0,9.4,2020
01-08-2020,0,8.2,2020
02-08-2020,0,10.7,2020
03-08-2020,0,12.4,2020
04-08-2020,0,11.0,2020
05-08-2020,0,12.6,2020
06-08-2020,0,12.3,2020
07-08-2020,0,11.5,2020
08-08-2020,0,11.1,2020
09-08-2020,0,10.5,2020
10-08-2020,0,6.7,2020
11-08-2020,18.4,7.6,2020
12-08-2020,3.4,2.9,2020
13-08-2020,0,11.0,2020
14-08-2020,0,10.9,2020
15-08-2020,0.2,7.3,2020
16-08-2020,3.2,1.9,2020
17-08-2020,7.8,0.6,2020
18-08-2020,2.6,3.6,2020
19-08-2020,1.8,2.1,2020
20-08-2020,0,9.8,2020
21-08-2020,0,3.4,2020
22-08-2020,0,9.9,2020
23-08-2020,0,11.6,2020
24-08-2020,0,9.5,2020
25-08-2020,0,11.6,2020
26-08-2020,0,9.1,2020
27-08-2020,0,10.1,2020
28-08-2020,0,8.2,2020
29-08-2020,0,5.7,2020
30-08-2020,0,11.4,2020
31-08-2020,0,10.1,2020
01-09-2020,0,10.9,2020
02-09-2020,0,10.7,2020
03-09-2020,0,11.2,2020
04-09-2020,0,11.1,2020
05-09-2020,0,10.9,2020
06-09-2020,0,9.7,2020
07-09-2020,0,10.9,2020
08-09-2020,0,10.9,2020
09-09-2020,0,10.9,2020
10-09-2020,0,10.7,2020
11-09-2020,0,9.4,2020
12-09-2020,0,10.0,2020
13-09-2020,0,7.5,2020
14-09-2020,0,4.9,2020
15-09-2020,0,7.3,2020
16-09-2020,0,7.3,2020
17-09-2020,5.2,5.0,2020
18-09-2020,8.4,7.3,2020
19-09-2020,12.8,2.8,2020
20-09-2020,9.6,2.0,2020
21-09-2020,0,8.1,2020
22-09-2020,7,6.4,2020
23-09-2020,0,2.8,2020
24-09-2020,2,2.4,2020
25-09-2020,0,6.1,2020
26-09-2020,0,0.0,2020
27-09-2020,0,9.3,2020
28-09-2020,0,7.9,2020
29-09-2020,0,10.0,2020
30-09-2020,0.2,7.7,2020
01-10-2020,10.4,2.6,2020
02-10-2020,3.6,4.0,2020
03-10-2020,0.2,4.0,2020
04-10-2020,8.2,3.2,2020
05-10-2020,0,0.1,2020
06-10-2020,0,2.5,2020
07-10-2020,0,6.8,2020
08-10-2020,0,6.6,2020
09-10-2020,0,5.9,2020
10-10-2020,0,6.3,2020
11-10-2020,0,9.4,2020
12-10-2020,0,5.4,2020
13-10-2020,0,1.1,2020
14-10-2020,0,3.8,2020
15-10-2020,0,5.4,2020
16-10-2020,0,8.3,2020
17-10-2020,0,3.6,2020
18-10-2020,0,6.6,2020
19-10-2020,6,0.7,2020
20-10-2020,14.8,0.0,2020
21-10-2020,4.2,1.5,2020
22-10-2020,1,4.0,2020
23-10-2020,0,3.2,2020
24-10-2020,30,0.3,2020
25-10-2020,10,2.5,2020
26-10-2020,0,4.9,2020
27-10-2020,1,0.0,2020
28-10-2020,0.2,1.7,2020
29-10-2020,0,5.2,2020
30-10-2020,0,6.5,2020
31-10-2020,0,1.2,2020
01-11-2020,0.6,0.1,2020
02-11-2020,2.6,0.4,2020
03-11-2020,0,3.8,2020
04-11-2020,0,4.6,2020
05-11-2020,0,0.5,2020
06-11-2020,3.8,0.0,2020
07-11-2020,9.4,2.1,2020
08-11-2020,4.4,1.1,2020
09-11-2020,1.4,4.0,2020
10-11-2020,0,5.7,2020
11-11-2020,0,1.5,2020
12-11-2020,0,6.3,2020
13-11-2020,0,4.1,2020
14-11-2020,0.6,1.1,2020
15-11-2020,2.4,0.1,2020
16-11-2020,0,4.4,2020
17-11-2020,0,6.8,2020
18-11-2020,0,5.1,2020
19-11-2020,0,3.5,2020
20-11-2020,0,7.8,2020
21-11-2020,0,6.2,2020
22-11-2020,0,4.3,2020
23-11-2020,0,4.6,2020
24-11-2020,14.4,,2020
25-11-2020,7.6,0.0,2020
26-11-2020,0.6,0.3,2020
27-11-2020,0,2.8,2020
28-11-2020,0.2,4.4,2020
29-11-2020,0.2,2.4,2020
30-11-2020,0,8.0,2020
01-12-2020,0,4.4,2020
02-12-2020,0,3.7,2020
03-12-2020,6.2,0.5,2020
04-12-2020,10.4,0.8,2020
05-12-2020,2,1.9,2020
06-12-2020,0.8,1.3,2020
07-12-2020,3.8,0.1,2020
08-12-2020,0.2,2.8,2020
09-12-2020,9.2,0.0,2020
10-12-2020,16,0.0,2020
11-12-2020,5.4,0.0,2020
12-12-2020,0.2,4.8,2020
13-12-2020,3.8,1.4,2020
14-12-2020,7,1.2,2020
15-12-2020,12,1.8,2020
16-12-2020,4.6,1.6,2020
17-12-2020,0,4.4,2020
18-12-2020,12.2,1.1,2020
19-12-2020,0.2,0.9,2020
20-12-2020,8.6,1.1,2020
21-12-2020,0,0.2,2020
22-12-2020,3.2,3.9,2020
23-12-2020,1.6,1.3,2020
24-12-2020,0,2.7,2020
25-12-2020,0,6.5,2020
26-12-2020,0,6.0,2020
27-12-2020,4.8,1.0,2020
28-12-2020,6.8,1.9,2020
29-12-2020,0.8,2.0,2020
30-12-2020,3.2,1.3,2020
31-12-2020,6.8,0.7,2020
01-01-2021,2.6,0.7,2021
02-01-2021,0,2.3,2021
03-01-2021,0.2,0.8,2021
04-01-2021,0,2.2,2021
05-01-2021,0,0.0,2021
06-01-2021,0,0.0,2021
07-01-2021,0,4.3,2021
08-01-2021,0,7.8,2021
09-01-2021,0,4.8,2021
10-01-2021,0,6.2,2021
11-01-2021,0,8.0,2021
12-01-2021,0,7.6,2021
13-01-2021,0,4.4,2021
14-01-2021,0.4,0.9,2021
15-01-2021,0,0.0,2021
16-01-2021,0,2.9,2021
17-01-2021,0,5.0,2021
18-01-2021,0,3.4,2021
19-01-2021,2.4,1.4,2021
20-01-2021,16,0.0,2021
21-01-2021,15.6,3.8,2021
22-01-2021,2,2.8,2021
23-01-2021,6.6,0.5,2021
24-01-2021,3.4,0.8,2021
25-01-2021,1.4,0.0,2021
26-01-2021,0.8,0.0,2021
27-01-2021,0,2.2,2021
28-01-2021,0,2.3,2021
29-01-2021,8,1.0,2021
30-01-2021,11,1.2,2021
31-01-2021,0.6,3.1,2021
01-02-2021,0.2,0.1,2021
02-02-2021,21.4,0.0,2021
03-02-2021,5.6,4.3,2021
04-02-2021,0,0.2,2021
05-02-2021,4.4,0.2,2021
06-02-2021,0,0.2,2021
07-02-2021,21.6,0.0,2021
08-02-2021,22.8,0.4,2021
09-02-2021,21.2,3.2,2021
10-02-2021,0.8,7.3,2021
11-02-2021,24.4,1.4,2021
12-02-2021,0,4.3,2021
13-02-2021,0,0.8,2021
14-02-2021,0,7.5,2021
15-02-2021,0,8.3,2021
16-02-2021,3.4,5.6,2021
17-02-2021,33.8,0.7,2021
18-02-2021,1.8,2.3,2021
19-02-2021,0,0.1,2021
20-02-2021,36.2,0.0,2021
21-02-2021,3.2,2.8,2021
22-02-2021,0,6.1,2021
23-02-2021,0,1.8,2021
24-02-2021,12.2,5.9,2021
25-02-2021,6.4,0.3,2021
26-02-2021,0.2,6.5,2021
27-02-2021,0,8.3,2021
28-02-2021,0,7.3,2021
01-03-2021,0.8,2.6,2021
02-03-2021,0,0.3,2021
03-03-2021,0.4,5.2,2021
04-03-2021,0,5.3,2021
05-03-2021,0,9.3,2021
06-03-2021,0,9.2,2021
07-03-2021,0,6.2,2021
08-03-2021,0,9.3,2021
09-03-2021,0,9.3,2021
10-03-2021,0,0.7,2021
11-03-2021,2.4,0.3,2021
12-03-2021,0.4,7.3,2021
13-03-2021,0.4,1.6,2021
14-03-2021,0,4.6,2021
15-03-2021,0,9.4,2021
16-03-2021,0,10.1,2021
17-03-2021,0,10.1,2021
18-03-2021,0,8.9,2021
19-03-2021,0,2.2,2021
20-03-2021,0,10.3,2021
21-03-2021,0,10.3,2021
22-03-2021,0,10.4,2021
23-03-2021,0,10.4,2021
24-03-2021,0,6.9,2021
25-03-2021,0,9.9,2021
26-03-2021,0,4.6,2021
27-03-2021,0,10.6,2021
28-03-2021,0,10.5,2021
29-03-2021,0,2.2,2021
30-03-2021,0,0.0,2021
31-03-2021,0,8.0,2021
01-04-2021,12.4,2.6,2021
02-04-2021,14.6,0.2,2021
03-04-2021,0,10.6,2021
04-04-2021,0,10.2,2021
05-04-2021,0,11.0,2021
06-04-2021,0,8.7,2021
07-04-2021,0,11.1,2021
08-04-2021,0,9.4,2021
09-04-2021,18.6,5.0,2021
10-04-2021,11,0.9,2021
11-04-2021,0,7.6,2021
12-04-2021,5.4,8.3,2021
13-04-2021,7.6,0.8,2021
14-04-2021,0,8.3,2021
15-04-2021,0,10.6,2021
16-04-2021,0,11.6,2021
17-04-2021,0,11.6,2021
18-04-2021,0.2,8.8,2021
19-04-2021,0,9.3,2021
20-04-2021,4.4,2.1,2021
21-04-2021,6.2,1.9,2021
22-04-2021,0.4,4.8,2021
23-04-2021,29.4,0.5,2021
24-04-2021,7.2,7.9,2021
25-04-2021,8.2,0.4,2021
26-04-2021,6.6,4.5,2021
27-04-2021,0,3.8,2021
28-04-2021,0,6.0,2021
29-04-2021,0,6.6,2021
30-04-2021,0,7.3,2021
01-05-2021,0,6.4,2021
02-05-2021,0,12.1,2021
03-05-2021,0,12.4,2021
04-05-2021,0,11.0,2021
05-05-2021,0,9.7,2021
06-05-2021,0,3.4,2021
07-05-2021,0,12.5,2021
08-05-2021,7.4,12.2,2021
09-05-2021,4.4,3.3,2021
10-05-2021,7.4,4.4,2021
11-05-2021,4.6,4.0,2021
12-05-2021,4,5.0,2021
13-05-2021,0.6,3.5,2021
14-05-2021,0,8.2,2021
15-05-2021,0.6,0.0,2021
16-05-2021,0,6.6,2021
17-05-2021,0,10.9,2021
18-05-2021,0.2,8.1,2021
19-05-2021,0.4,,2021
20-05-2021,0,12.9,2021
21-05-2021,0.6,5.8,2021
22-05-2021,0,8.3,2021
23-05-2021,0.4,10.4,2021
24-05-2021,0,7.9,2021
25-05-2021,0,11.7,2021
26-05-2021,0,13.0,2021
27-05-2021,0,10.0,2021
28-05-2021,0,12.2,2021
29-05-2021,0,9.0,2021
30-05-2021,0,11.1,2021
31-05-2021,0,8.9,2021
01-06-2021,0,10.4,2021
02-06-2021,0,3.9,2021
03-06-2021,0,10.0,2021
04-06-2021,0,13.5,2021
05-06-2021,0,13.6,2021
06-06-2021,0,12.6,2021
07-06-2021,0,12.9,2021
08-06-2021,0,13.8,2021
09-06-2021,0,11.6,2021
10-06-2021,0,12.4,2021
11-06-2021,0,11.4,2021
12-06-2021,13.2,8.9,2021
13-06-2021,27.4,7.3,2021
14-06-2021,0,6.7,2021
15-06-2021,1,12.5,2021
16-06-2021,38.8,4.2,2021
17-06-2021,6.8,1.0,2021
18-06-2021,12.4,2.2,2021
19-06-2021,4.6,4.4,2021
20-06-2021,4.2,3.0,2021
21-06-2021,0.8,1.7,2021
22-06-2021,0.8,3.6,2021
23-06-2021,0,13.8,2021
24-06-2021,0,13.8,2021
25-06-2021,0,13.8,2021
26-06-2021,0.4,8.8,2021
27-06-2021,0,8.1,2021
28-06-2021,0,2.3,2021
29-06-2021,0,13.3,2021
30-06-2021,0,10.0,2021
01-07-2021,0,9.8,2021
02-07-2021,0.4,0.3,2021
03-07-2021,0,9.1,2021
04-07-2021,0,4.1,2021
05-07-2021,0.4,8.2,2021
06-07-2021,0,3.4,2021
07-07-2021,0,5.5,2021
08-07-2021,0,12.1,2021
09-07-2021,0,10.1,2021
10-07-2021,0,13.6,2021
11-07-2021,0,11.6,2021
12-07-2021,0,5.6,2021
13-07-2021,0,4.0,2021
14-07-2021,0,11.8,2021
15-07-2021,0,13.4,2021
16-07-2021,0,13.3,2021
17-07-2021,0,13.3,2021
18-07-2021,0,13.2,2021
19-07-2021,0,9.7,2021
20-07-2021,0,7.8,2021
21-07-2021,0,8.3,2021
22-07-2021,0,7.8,2021
23-07-2021,0,7.2,2021
24-07-2021,0.2,3.4,2021
25-07-2021,0,7.1,2021
26-07-2021,0,10.9,2021
27-07-2021,0,10.0,2021
28-07-2021,0,12.9,2021
29-07-2021,0,9.1,2021
30-07-2021,0,7.1,2021
31-07-2021,0,9.2,2021
01-08-2021,15.4,4.5,2021
02-08-2021,0,10.8,2021
03-08-2021,0,6.4,2021
04-08-2021,0,9.6,2021
05-08-2021,0,4.0,2021
06-08-2021,2.4,4.1,2021
07-08-2021,0,7.7,2021
08-08-2021,0,11.2,2021
09-08-2021,0,12.3,2021
10-08-2021,0,12.4,2021
11-08-2021,0,12.4,2021
12-08-2021,0,12.3,2021
13-08-2021,0,12.2,2021
14-08-2021,0,12.2,2021
15-08-2021,0,10.7,2021
16-08-2021,0,11.2,2021
17-08-2021,0,12.0,2021
18-08-2021,0,11.0,2021
19-08-2021,0,10.5,2021
20-08-2021,0,11.8,2021
21-08-2021,0,8.7,2021
22-08-2021,0,9.1,2021
23-08-2021,0,11.4,2021
24-08-2021,0,11.6,2021
25-08-2021,0,11.3,2021
26-08-2021,0,9.4,2021
27-08-2021,0,7.9,2021
28-08-2021,0,5.5,2021
29-08-2021,0,8.1,2021
30-08-2021,0,7.5,2021
31-08-2021,16.6,8.1,2021
01-09-2021,3.4,3.2,2021
02-09-2021,0,,2021
03-09-2021,0,6.7,2021
04-09-2021,0,9.7,2021
05-09-2021,0,10.4,2021
06-09-2021,0.2,4.3,2021
07-09-2021,3.8,4.5,2021
08-09-2021,1,2.0,2021
09-09-2021,1.8,0.4,2021
10-09-2021,0,7.5,2021
11-09-2021,0,9.7,2021
12-09-2021,0,8.8,2021
13-09-2021,23.4,0.8,2021
14-09-2021,3.4,5.5,2021
15-09-2021,1,6.3,2021
16-09-2021,0,9.5,2021
17-09-2021,3,3.2,2021
18-09-2021,0,5.9,2021
19-09-2021,0,7.7,2021
20-09-2021,0,9.6,2021
21-09-2021,0,10.3,2021
22-09-2021,1,6.6,2021
23-09-2021,1.8,10.1,2021
24-09-2021,2.6,5.9,2021
25-09-2021,2.6,3.2,2021
26-09-2021,1.2,5.2,2021
27-09-2021,0.8,3.1,2021
28-09-2021,0,9.0,2021
29-09-2021,0,8.5,2021
30-09-2021,0,7.0,2021
01-10-2021,0,4.2,2021
02-10-2021,20.6,0.6,2021
03-10-2021,1.2,6.4,2021
04-10-2021,0.6,1.6,2021
05-10-2021,0,1.1,2021
06-10-2021,0,7.1,2021
07-10-2021,0,7.7,2021
08-10-2021,0,7.2,2021
09-10-2021,0,6.4,2021
10-10-2021,0,9.3,2021
11-10-2021,0,9.4,2021
12-10-2021,0,8.9,2021
13-10-2021,0,8.2,2021
14-10-2021,0,6.9,2021
15-10-2021,0,6.6,2021
16-10-2021,1,0.0,2021
17-10-2021,0.4,6.2,2021
18-10-2021,0,8.7,2021
19-10-2021,3.2,7.6,2021
20-10-2021,1.2,6.7,2021
21-10-2021,0,2.2,2021
22-10-2021,0,8.4,2021
23-10-2021,0,4.8,2021
24-10-2021,3.2,2.0,2021
25-10-2021,0,4.7,2021
26-10-2021,0,6.0,2021
27-10-2021,0,6.0,2021
28-10-2021,24,1.8,2021
29-10-2021,7,1.5,2021
30-10-2021,6.4,3.3,2021
31-10-2021,9,0.0,2021
01-11-2021,1.4,3.6,2021
02-11-2021,5.4,1.2,2021
03-11-2021,0.4,3.5,2021
04-11-2021,1.6,3.4,2021
05-11-2021,0,3.6,2021
06-11-2021,0,5.5,2021
07-11-2021,0,5.5,2021
08-11-2021,0,7.9,2021
09-11-2021,0,4.4,2021
10-11-2021,0,6.5,2021
11-11-2021,0,3.3,2021
12-11-2021,0,1.1,2021
13-11-2021,0,4.1,2021
14-11-2021,0,5.3,2021
15-11-2021,0,6.9,2021
16-11-2021,0,,2021
17-11-2021,0,8.0,2021
18-11-2021,0,6.5,2021
19-11-2021,0,5.5,2021
20-11-2021,0,5.8,2021
21-11-2021,0,4.2,2021
22-11-2021,0.2,2.2,2021
23-11-2021,0,4.2,2021
24-11-2021,0,0.1,2021
25-11-2021,0,3.7,2021
26-11-2021,1.4,4.3,2021
27-11-2021,1,3.3,2021
28-11-2021,2.2,0.4,2021
29-11-2021,0,1.0,2021
30-11-2021,0,3.9,2021
01-12-2021,4.6,1.0,2021
02-12-2021,0,3.7,2021
03-12-2021,6.2,0.0,2021
04-12-2021,0.4,4.4,2021
05-12-2021,0.2,3.7,2021
06-12-2021,9.6,0.0,2021
07-12-2021,20.2,0.8,2021
08-12-2021,5.4,0.5,2021
09-12-2021,0.6,0.2,2021
10-12-2021,0.2,3.1,2021
11-12-2021,0,1.5,2021
12-12-2021,0,4.0,2021
13-12-2021,0,6.9,2021
14-12-2021,0,4.0,2021
15-12-2021,0,3.7,2021
16-12-2021,0,3.8,2021
17-12-2021,0,3.7,2021
18-12-2021,0,4.5,2021
19-12-2021,0,5.3,2021
20-12-2021,7.6,0.2,2021
21-12-2021,0,5.6,2021
22-12-2021,4.4,4.8,2021
23-12-2021,1.8,1.1,2021
24-12-2021,23.6,0.2,2021
25-12-2021,2.8,2.8,2021
26-12-2021,6.6,0.1,2021
27-12-2021,0,3.3,2021
28-12-2021,0.2,2.1,2021
29-12-2021,0,1.6,2021
30-12-2021,0,6.3,2021
31-12-2021,0,7.9,2021
01-01-2022,1.2,3.8,2022
02-01-2022,0,6.6,2022
03-01-2022,0,4.6,2022
04-01-2022,17,0.8,2022
05-01-2022,1.4,1.3,2022
06-01-2022,0.4,0.1,2022
07-01-2022,0,4.8,2022
08-01-2022,0,0.0,2022
09-01-2022,0.2,0.4,2022
10-01-2022,0,2.3,2022
11-01-2022,0,1.8,2022
12-01-2022,0,8.0,2022
13-01-2022,0,6.3,2022
14-01-2022,0,7.8,2022
15-01-2022,0,4.8,2022
16-01-2022,0,5.0,2022
17-01-2022,0,4.5,2022
18-01-2022,0,5.1,2022
19-01-2022,0,5.0,2022
20-01-2022,0,5.6,2022
21-01-2022,0,5.7,2022
22-01-2022,0,8.0,2022
23-01-2022,0,8.0,2022
24-01-2022,0,6.7,2022
25-01-2022,0,5.6,2022
26-01-2022,0,8.0,2022
27-01-2022,0,7.9,2022
28-01-2022,0,6.7,2022
29-01-2022,0,6.0,2022
30-01-2022,0,7.9,2022
31-01-2022,0,7.9,2022
01-02-2022,0,8.0,2022
02-02-2022,0,6.5,2022
03-02-2022,0,6.4,2022
04-02-2022,0,1.2,2022
05-02-2022,0,8.2,2022
06-02-2022,0,6.4,2022
07-02-2022,0,8.4,2022
08-02-2022,0,7.6,2022
09-02-2022,0,8.2,2022
10-02-2022,0.2,2.9,2022
11-02-2022,0,6.1,2022
12-02-2022,0,3.9,2022
13-02-2022,11.8,0.5,2022
14-02-2022,3.6,3.7,2022
15-02-2022,0,0.1,2022
16-02-2022,0,0.7,2022
17-02-2022,0,2.5,2022
18-02-2022,1.6,0.5,2022
19-02-2022,0,8.6,2022
20-02-2022,0,6.0,2022
21-02-2022,0,8.8,2022
22-02-2022,0,9.0,2022
23-02-2022,0,7.0,2022
24-02-2022,0,5.3,2022
25-02-2022,0,8.9,2022
26-02-2022,0,2.7,2022
27-02-2022,0,7.5,2022
28-02-2022,0,3.0,2022
01-03-2022,3.2,0.0,2022
02-03-2022,8,0.5,2022
03-03-2022,1.6,1.2,2022
04-03-2022,0,6.4,2022
05-03-2022,0,8.5,2022
06-03-2022,0,9.0,2022
07-03-2022,5.8,7.1,2022
08-03-2022,2.8,5.4,2022
09-03-2022,2.4,0.2,2022
10-03-2022,21,2.5,2022
11-03-2022,3.2,3.4,2022
12-03-2022,5.2,0.1,2022
13-03-2022,2.2,2.6,2022
14-03-2022,0.2,1.7,2022
15-03-2022,0,0.3,2022
16-03-2022,0,0.0,2022
17-03-2022,0,4.6,2022
18-03-2022,0,10.1,2022
19-03-2022,0,2.6,2022
20-03-2022,0,1.8,2022
21-03-2022,0.6,6.3,2022
22-03-2022,17,1.1,2022
23-03-2022,0,4.0,2022
24-03-2022,0,8.2,2022
25-03-2022,0,4.8,2022
26-03-2022,0,3.3,2022
27-03-2022,0,8.1,2022
28-03-2022,0,4.4,2022
29-03-2022,0,6.7,2022
30-03-2022,2.6,4.4,2022
31-03-2022,2.2,2.3,2022
01-04-2022,0,8.8,2022
02-04-2022,0,10.8,2022
03-04-2022,0,10.1,2022
04-04-2022,0,11.0,2022
05-04-2022,0,11.0,2022
06-04-2022,0,10.2,2022
07-04-2022,0,1.6,2022
08-04-2022,3.2,1.7,2022
09-04-2022,0,10.0,2022
10-04-2022,1.4,9.5,2022
11-04-2022,5.8,1.6,2022
12-04-2022,0.6,3.8,2022
13-04-2022,0,6.6,2022
14-04-2022,0,8.3,2022
15-04-2022,0,9.8,2022
16-04-2022,0,11.3,2022
17-04-2022,0,8.3,2022
18-04-2022,0,5.6,2022
19-04-2022,0,5.4,2022
20-04-2022,0,,2022
21-04-2022,5.2,2.8,2022
22-04-2022,13,3.3,2022
23-04-2022,0.8,4.1,2022
24-04-2022,0,1.2,2022
25-04-2022,0,4.2,2022
26-04-2022,16.2,2.7,2022
27-04-2022,8.8,7.4,2022
28-04-2022,0,10.2,2022
29-04-2022,0,11.4,2022
30-04-2022,0,12.1,2022
01-05-2022,0,12.2,2022
02-05-2022,0,4.1,2022
03-05-2022,0,11.9,2022
04-05-2022,0,11.9,2022
05-05-2022,0,12.5,2022
06-05-2022,0,12.5,2022
07-05-2022,0,11.4,2022
08-05-2022,0,12.4,2022
09-05-2022,0,12.7,2022
10-05-2022,0,12.8,2022
11-05-2022,0,11.5,2022
12-05-2022,0,10.3,2022
13-05-2022,0,12.4,2022
14-05-2022,6.2,6.1,2022
15-05-2022,0,3.5,2022
16-05-2022,0,2.9,2022
17-05-2022,0,2.1,2022
18-05-2022,0,4.7,2022
19-05-2022,0,10.8,2022
20-05-2022,0,12.4,2022
21-05-2022,0.6,1.6,2022
22-05-2022,0.6,0.7,2022
23-05-2022,0,3.0,2022
24-05-2022,0,2.9,2022
25-05-2022,0,12.7,2022
26-05-2022,0,13.3,2022
27-05-2022,0,13.4,2022
28-05-2022,0,13.4,2022
29-05-2022,0,10.5,2022
30-05-2022,0,0.5,2022
31-05-2022,8.2,0.7,2022
01-06-2022,13,4.6,2022
02-06-2022,10.6,6.0,2022
03-06-2022,19.4,4.6,2022
04-06-2022,15.6,6.8,2022
05-06-2022,0,7.3,2022
06-06-2022,0.2,4.8,2022
07-06-2022,0,9.2,2022
08-06-2022,0,2.9,2022
09-06-2022,0,10.7,2022
10-06-2022,0,12.4,2022
11-06-2022,0,7.9,2022
12-06-2022,0,10.3,2022
13-06-2022,0,11.5,2022
14-06-2022,0,13.3,2022
15-06-2022,0.8,6.1,2022
16-06-2022,0,9.1,2022
17-06-2022,0,7.3,2022
18-06-2022,2.6,5.2,2022
19-06-2022,2,0.3,2022
20-06-2022,0,3.2,2022
21-06-2022,11.6,,2022
22-06-2022,1.6,6.0,2022
23-06-2022,1.4,3.6,2022
24-06-2022,0.4,0.8,2022
25-06-2022,0,8.6,2022
26-06-2022,0,8.4,2022
27-06-2022,0,13.0,2022
28-06-2022,0.6,13.9,2022
29-06-2022,0,2.3,2022
30-06-2022,0,9.7,2022
01-07-2022,0,13.8,2022
02-07-2022,0,13.1,2022
03-07-2022,3.4,3.4,2022
04-07-2022,0,12.7,2022
05-07-2022,0,12.7,2022
06-07-2022,0,13.7,2022
07-07-2022,0,13.7,2022
08-07-2022,0,13.7,2022
09-07-2022,0,13.7,2022
10-07-2022,0,13.5,2022
11-07-2022,0,13.2,2022
12-07-2022,0,13.0,2022
13-07-2022,0,11.0,2022
14-07-2022,3.6,10.0,2022
15-07-2022,0,11.6,2022
16-07-2022,0,7.9,2022
17-07-2022,0,12.0,2022
18-07-2022,0,12.7,2022
19-07-2022,0,8.0,2022
20-07-2022,0,13.1,2022
21-07-2022,0,12.1,2022
22-07-2022,0,10.4,2022
23-07-2022,0,11.6,2022
24-07-2022,0,12.9,2022
25-07-2022,0,12.5,2022
26-07-2022,0,10.8,2022
27-07-2022,0,,2022
28-07-2022,0,10.6,2022
29-07-2022,0,12.8,2022
30-07-2022,0,11.7,2022
31-07-2022,0,12.8,2022
01-08-2022,0,12.7,2022
02-08-2022,0,12.7,2022
03-08-2022,0,8.9,2022
04-08-2022,0,10.1,2022
05-08-2022,0,12.6,2022
06-08-2022,0,12.2,2022
07-08-2022,0.8,10.0,2022
08-08-2022,0,10.0,2022
09-08-2022,0,12.4,2022
10-08-2022,10.8,6.2,2022
11-08-2022,0,,2022
12-08-2022,0,9.2,2022
13-08-2022,0,12.1,2022
14-08-2022,0,7.6,2022
15-08-2022,0.6,8.9,2022
16-08-2022,3.8,4.3,2022
17-08-2022,0,5.2,2022
18-08-2022,0,12.0,2022
19-08-2022,0,12.0,2022
20-08-2022,0,11.9,2022
21-08-2022,0,11.9,2022
22-08-2022,0,11.8,2022
23-08-2022,0,11.3,2022
24-08-2022,0,10.5,2022
25-08-2022,0,8.2,2022
26-08-2022,0,11.3,2022
27-08-2022,0,11.3,2022
28-08-2022,0,10.2,2022
29-08-2022,0,11.2,2022
30-08-2022,0,8.2,2022
31-08-2022,0,10.1,2022
01-09-2022,0,6.9,2022
02-09-2022,0,4.6,2022
03-09-2022,0,11.1,2022
04-09-2022,0,2.4,2022
05-09-2022,5.6,5.7,2022
06-09-2022,0,4.9,2022
07-09-2022,0,1.1,2022
08-09-2022,0,7.9,2022
19-11-2022,1.8,0.3,2022
20-11-2022,10.6,0.7,2022
21-11-2022,6.6,3.1,2022
22-11-2022,24,0.0,2022
23-11-2022,14.2,3.5,2022
24-11-2022,19.4,1.7,2022
25-11-2022,0,4.8,2022
26-11-2022,0,4.0,2022
27-11-2022,0,0.0,2022
28-11-2022,0,1.1,2022
29-11-2022,0,1.8,2022
30-11-2022,0,0.0,2022
01-12-2022,0,4.8,2022
02-12-2022,0.2,6.8,2022
03-12-2022,0,5.1,2022
04-12-2022,1,0.4,2022
05-12-2022,0,1.9,2022
06-12-2022,0,3.4,2022
07-12-2022,4.6,1.7,2022
08-12-2022,0.2,2.6,2022
09-12-2022,0,2.1,2022
10-12-2022,5.8,3.0,2022
11-12-2022,8,0.6,2022
12-12-2022,32.8,1.2,2022
13-12-2022,2,0.0,2022
14-12-2022,7.2,2.7,2022
15-12-2022,0.4,1.8,2022
16-12-2022,0,5.2,2022
17-12-2022,0,1.5,2022
18-12-2022,0.6,1.4,2022
19-12-2022,50.2,0.0,2022
20-12-2022,1.6,5.0,2022
21-12-2022,3.6,0.6,2022
22-12-2022,0.6,0.9,2022
23-12-2022,0.8,0.0,2022
24-12-2022,13.2,0.0,2022
25-12-2022,6.8,1.0,2022
26-12-2022,0.2,2.8,2022
27-12-2022,0,0.7,2022
28-12-2022,4,0.0,2022
29-12-2022,13.2,0.0,2022
30-12-2022,0.8,0.5,2022
31-12-2022,27,1.3,2022
01-01-2023,39.2,0.0,2023
02-01-2023,0.2,3.0,2023
03-01-2023,0,2.5,2023
04-01-2023,0,3.0,2023
05-01-2023,0,1.6,2023
06-01-2023,4.4,3.3,2023
07-01-2023,28.2,0.0,2023
08-01-2023,4.6,1.6,2023
09-01-2023,0,4.2,2023
10-01-2023,10.4,0.7,2023
11-01-2023,0.2,7.1,2023
12-01-2023,0,0.0,2023
13-01-2023,0,4.2,2023
14-01-2023,5.4,2.7,2023
15-01-2023,6.2,5.5,2023
16-01-2023,14,0.0,2023
17-01-2023,10.4,1.1,2023
18-01-2023,2.8,2.8,2023
19-01-2023,7.4,0.0,2023
20-01-2023,0,0.4,2023
21-01-2023,0.2,5.1,2023
22-01-2023,0,5.9,2023
23-01-2023,0,6.8,2023
24-01-2023,0,7.3,2023
25-01-2023,0,7.7,2023
26-01-2023,2.2,1.5,2023
27-01-2023,0,6.1,2023
28-01-2023,0,7.4,2023
29-01-2023,0,7.9,2023
30-01-2023,0,7.0,2023
31-01-2023,0,6.1,2023
01-02-2023,0,6.1,2023
02-02-2023,0,6.8,2023
03-02-2023,0,7.0,2023
04-02-2023,0,8.2,2023
05-02-2023,0,7.8,2023
06-02-2023,0,6.9,2023
07-02-2023,0,8.4,2023
08-02-2023,0,8.4,2023
09-02-2023,0,8.4,2023
10-02-2023,0,8.5,2023
11-02-2023,0,8.6,2023
12-02-2023,0,8.2,2023
13-02-2023,0,1.3,2023
14-02-2023,0,7.5,2023
15-02-2023,0,8.7,2023
16-02-2023,0,8.6,2023
17-02-2023,0,8.8,2023
18-02-2023,0,8.0,2023
19-02-2023,0,7.9,2023
20-02-2023,6,2.9,2023
21-02-2023,0.4,0.6,2023
22-02-2023,8.4,0.3,2023
23-02-2023,0.2,4.3,2023
24-02-2023,8.2,4.4,2023
25-02-2023,0,0.7,2023
26-02-2023,0,4.8,2023
27-02-2023,0,9.2,2023
28-02-2023,0,9.0,2023
01-03-2023,0.4,5.2,2023
02-03-2023,0,7.5,2023
03-03-2023,0,9.5,2023
04-03-2023,0,9.5,2023
05-03-2023,3.4,0.0,2023
06-03-2023,0.4,2.9,2023
07-03-2023,1,1.3,2023
08-03-2023,9.4,3.4,2023
09-03-2023,3.8,3.0,2023
10-03-2023,0,4.1,2023
11-03-2023,0,0.1,2023
12-03-2023,0,5.3,2023
13-03-2023,5.4,6.3,2023
14-03-2023,0,6.9,2023
15-03-2023,0,8.5,2023
16-03-2023,3.8,1.5,2023
17-03-2023,7.8,3.6,2023
18-03-2023,0.2,6.3,2023
19-03-2023,0,8.2,2023
20-03-2023,0,9.5,2023
21-03-2023,0,8.7,2023
22-03-2023,0,1.0,2023
23-03-2023,5.8,0.2,2023
24-03-2023,0,7.2,2023
25-03-2023,0,2.1,2023
26-03-2023,0,8.8,2023
27-03-2023,0,10.2,2023
28-03-2023,0,5.5,2023
29-03-2023,0,6.6,2023
30-03-2023,0,7.6,2023
31-03-2023,0.4,4.3,2023
01-04-2023,0,4.6,2023
02-04-2023,0,10.8,2023
03-04-2023,0,2.9,2023
04-04-2023,0,10.8,2023
05-04-2023,0,10.8,2023
06-04-2023,0,11.1,2023
07-04-2023,0,11.1,2023
08-04-2023,0,11.1,2023
09-04-2023,0,9.4,2023
10-04-2023,0,6.2,2023
11-04-2023,2.6,9.0,2023
12-04-2023,2,3.8,2023
13-04-2023,0.4,6.1,2023
14-04-2023,1.4,6.1,2023
15-04-2023,0,9.0,2023
16-04-2023,0,11.6,2023
17-04-2023,0,11.5,2023
18-04-2023,0,11.7,2023
19-04-2023,0,11.4,2023
20-04-2023,0,9.4,2023
21-04-2023,10.8,3.7,2023
22-04-2023,1.2,5.9,2023
23-04-2023,1,1.6,2023
24-04-2023,0,3.7,2023
25-04-2023,0,9.8,2023
26-04-2023,0,10.1,2023
27-04-2023,0,9.2,2023
28-04-2023,0,9.4,2023
29-04-2023,0,8.0,2023
30-04-2023,0,9.4,2023
01-05-2023,0,11.3,2023
02-05-2023,0,12.2,2023
03-05-2023,4,1.2,2023
04-05-2023,0.2,7.5,2023
05-05-2023,12.2,8.6,2023
06-05-2023,0.4,8.3,2023
07-05-2023,0,10.5,2023
08-05-2023,0.4,11.9,2023
09-05-2023,0,9.1,2023
10-05-2023,0,,2023
11-05-2023,0,,2023
12-05-2023,0,9.2,2023
13-05-2023,0,11.8,2023
14-05-2023,0,11.3,2023
15-05-2023,0,10.1,2023
16-05-2023,0,9.7,2023
17-05-2023,0,12.9,2023
18-05-2023,0,11.8,2023
19-05-2023,0,12.3,2023
20-05-2023,0,9.6,2023
21-05-2023,0,11.8,2023
22-05-2023,0,11.1,2023
23-05-2023,0,10.9,2023
24-05-2023,0,9.6,2023
25-05-2023,0.6,13.1,2023
26-05-2023,0.4,2.9,2023
27-05-2023,10.2,7.0,2023
28-05-2023,16.2,4.8,2023
29-05-2023,19.8,4.2,2023
30-05-2023,0.2,2.7,2023
31-05-2023,2.8,4.5,2023
01-06-2023,1.8,6.1,2023
02-06-2023,3.8,7.6,2023
03-06-2023,0,5.5,2023
04-06-2023,2.2,4.8,2023
05-06-2023,0,7.9,2023
06-06-2023,10.8,9.0,2023
07-06-2023,8,1.0,2023
08-06-2023,22,6.6,2023
09-06-2023,5.4,1.8,2023
10-06-2023,0,5.9,2023
11-06-2023,0,6.5,2023
12-06-2023,23.2,5.4,2023
13-06-2023,0.6,7.1,2023
14-06-2023,0,9.8,2023
15-06-2023,0,12.1,2023
16-06-2023,0,9.9,2023
17-06-2023,0,7.6,2023
18-06-2023,4,7.5,2023
19-06-2023,5,0.7,2023
20-06-2023,0,8.9,2023
21-06-2023,1.2,4.2,2023
22-06-2023,0,11.7,2023
23-06-2023,0,13.8,2023
24-06-2023,0,13.7,2023
25-06-2023,0,12.2,2023
26-06-2023,0,8.9,2023
27-06-2023,0,10.5,2023
28-06-2023,0,10.2,2023
29-06-2023,0,8.0,2023
30-06-2023,0,13.7,2023
01-07-2023,0,13.8,2023
02-07-2023,0,11.0,2023
03-07-2023,0,10.2,2023
04-07-2023,0,12.8,2023
05-07-2023,0,8.1,2023
06-07-2023,0,8.7,2023
07-07-2023,5.4,12.2,2023
08-07-2023,0,7.1,2023
09-07-2023,0,13.4,2023
10-07-2023,0,13.6,2023
11-07-2023,0,8.9,2023
12-07-2023,0,10.3,2023
13-07-2023,0,11.4,2023
14-07-2023,0.2,6.8,2023
15-07-2023,0,9.0,2023
16-07-2023,0,13.2,2023
17-07-2023,0,12.3,2023
18-07-2023,0,13.0,2023
19-07-2023,0,10.1,2023
20-07-2023,0,7.7,2023
21-07-2023,0,10.8,2023
22-07-2023,0,9.9,2023
23-07-2023,1.2,5.9,2023
24-07-2023,0,2.5,2023
25-07-2023,0,12.3,2023
26-07-2023,0,12.0,2023
27-07-2023,0,8.1,2023
28-07-2023,0,4.7,2023
29-07-2023,0,8.2,2023
30-07-2023,0,11.4,2023
31-07-2023,0,11.5,2023
01-08-2023,0,7.3,2023
02-08-2023,0,6.1,2023
03-08-2023,0,8.3,2023
04-08-2023,0,12.3,2023
05-08-2023,0,12.6,2023
06-08-2023,0,12.1,2023
07-08-2023,0,12.5,2023
08-08-2023,0,,2023
09-08-2023,0,12.3,2023
10-08-2023,0,11.4,2023
11-08-2023,0,12.0,2023
12-08-2023,0,11.0,2023
13-08-2023,0,9.3,2023
14-08-2023,0,10.1,2023
15-08-2023,0,8.6,2023
16-08-2023,0,10.0,2023
17-08-2023,0,9.6,2023
18-08-2023,1.6,7.9,2023
19-08-2023,3.6,1.9,2023
20-08-2023,0,10.2,2023
21-08-2023,0,9.4,2023
22-08-2023,0,11.5,2023
23-08-2023,0,11.1,2023
24-08-2023,0,11.7,2023
25-08-2023,0,7.1,2023
26-08-2023,0,7.0,2023
27-08-2023,0,7.5,2023
28-08-2023,0,6.6,2023
29-08-2023,0,7.0,2023
30-08-2023,0,10.7,2023
31-08-2023,0,9.5,2023
01-09-2023,0.4,6.0,2023
02-09-2023,11.2,1.2,2023
03-09-2023,4,1.6,2023
04-09-2023,0.8,5.9,2023
05-09-2023,1,3.2,2023
06-09-2023,0,7.1,2023
07-09-2023,1.8,8.8,2023
08-09-2023,28.2,8.3,2023
09-09-2023,29.2,2.2,2023
10-09-2023,35,3.0,2023
11-09-2023,7,5.5,2023
12-09-2023,0,8.8,2023
13-09-2023,0,10.6,2023
14-09-2023,0,9.0,2023
15-09-2023,0.4,3.6,2023
16-09-2023,0.2,5.5,2023
17-09-2023,1.6,1.5,2023
18-09-2023,0,4.6,2023
19-09-2023,0,7.0,2023
20-09-2023,9.4,2.7,2023
21-09-2023,0.4,5.3,2023
22-09-2023,0,7.3,2023
23-09-2023,0,8.7,2023
24-09-2023,0,9.4,2023
25-09-2023,0,9.4,2023
26-09-2023,0,9.4,2023
27-09-2023,0,7.6,2023
28-09-2023,0,9.4,2023
29-09-2023,0,6.7,2023
30-09-2023,0,9.9,2023
01-10-2023,0,9.9,2023
02-10-2023,0,9.3,2023
03-10-2023,0,7.0,2023
04-10-2023,0,8.6,2023
05-10-2023,0,7.6,2023
06-10-2023,0,7.3,2023
07-10-2023,0,9.3,2023
08-10-2023,0,9.5,2023
09-10-2023,0,9.5,2023
10-10-2023,0,9.4,2023
11-10-2023,0,8.1,2023
12-10-2023,0,4.6,2023
13-10-2023,18.8,0.0,2023
14-10-2023,0,7.5,2023
15-10-2023,2.8,0.0,2023
16-10-2023,1,0.0,2023
17-10-2023,7.8,0.0,2023
18-10-2023,23,2.6,2023
19-10-2023,28.4,1.8,2023
20-10-2023,2,3.7,2023
21-10-2023,0,2.2,2023
22-10-2023,0,1.7,2023
23-10-2023,0,3.3,2023
24-10-2023,0,0.5,2023
25-10-2023,0,0.0,2023
26-10-2023,0,2.5,2023
27-10-2023,0,1.8,2023
28-10-2023,0,0.8,2023
29-10-2023,0,3.5,2023
30-10-2023,5.6,1.5,2023
31-10-2023,7.8,0.8,2023
01-11-2023,27,0.1,2023
02-11-2023,20.8,1.6,2023
03-11-2023,11,1.1,2023
04-11-2023,23,3.4,2023
05-11-2023,20.4,1.7,2023
06-11-2023,9.2,4.9,2023
07-11-2023,0,3.0,2023
08-11-2023,0,0.0,2023
09-11-2023,0,1.9,2023
10-11-2023,0,0.0,2023
11-11-2023,0,2.9,2023
12-11-2023,0,3.1,2023
13-11-2023,0,0.9,2023
14-11-2023,9.4,0.0,2023
15-11-2023,0,1.8,2023
16-11-2023,0.2,6.3,2023
17-11-2023,0,4.3,2023
18-11-2023,0,3.0,2023
19-11-2023,0,0.0,2023
20-11-2023,0,4.1,2023
21-11-2023,0,5.8,2023
22-11-2023,0,,2023
23-11-2023,0,7.9,2023
24-11-2023,0,5.2,2023
25-11-2023,0,3.3,2023
26-11-2023,0,0.0,2023
27-11-2023,2.2,0.4,2023
28-11-2023,7.6,0.1,2023
29-11-2023,10.8,0.4,2023
30-11-2023,10.4,0.4,2023
01-12-2023,1,2.6,2023
02-12-2023,0,2.3,2023
03-12-2023,18.2,0.0,2023
04-12-2023,1,2.0,2023
05-12-2023,0,0.0,2023
06-12-2023,3.2,0.2,2023
07-12-2023,32.6,0.0,2023
08-12-2023,1.6,2.2,2023
09-12-2023,0,0.7,2023
10-12-2023,0,0.5,2023
11-12-2023,0,0.1,2023
12-12-2023,0,0.1,2023
13-12-2023,0,3.9,2023
14-12-2023,0.2,4.8,2023
15-12-2023,0,5.1,2023
16-12-2023,0,3.2,2023
17-12-2023,0,2.4,2023
18-12-2023,0,3.4,2023
19-12-2023,2,1.5,2023
20-12-2023,0,4.0,2023
21-12-2023,0,,2023
22-12-2023,0,,2023
23-12-2023,0,5.2,2023
24-12-2023,0,3.7,2023
25-12-2023,0,2.4,2023
26-12-2023,0,,2023
27-12-2023,1.4,1.5,2023
28-12-2023,11.6,0.0,2023
29-12-2023,0,0.2,2023
30-12-2023,3.6,2.9,2023
31-12-2023,0.4,3.5,2023
01-01-2024,0.2,0.9,2024
02-01-2024,15,0.1,2024
03-01-2024,0,0.0,2024
04-01-2024,4.2,0.8,2024
05-01-2024,6.4,1.6,2024
06-01-2024,0,0.7,2024
07-01-2024,0,1.0,2024
08-01-2024,1.2,0.0,2024
09-01-2024,2.4,0.1,2024
10-01-2024,9.2,0.0,2024
11-01-2024,0,7.0,2024
12-01-2024,0,5.4,2024
13-01-2024,13.4,0.1,2024
14-01-2024,6,0.2,2024
15-01-2024,1,1.0,2024
16-01-2024,7.4,0.2,2024
17-01-2024,8.6,1.0,2024
18-01-2024,1.8,0.4,2024
19-01-2024,0,6.6,2024
20-01-2024,0,6.1,2024
21-01-2024,0,1.1,2024
22-01-2024,0,0.0,2024
23-01-2024,0,0.6,2024
24-01-2024,0,5.3,2024
25-01-2024,0,4.7,2024
26-01-2024,0,4.2,2024
27-01-2024,0,5.7,2024
28-01-2024,0,4.0,2024
29-01-2024,0,6.5,2024
30-01-2024,0,7.6,2024
31-01-2024,0,7.0,2024
01-02-2024,0,5.8,2024
02-02-2024,0,6.7,2024
03-02-2024,0,7.7,2024
04-02-2024,0,5.7,2024
05-02-2024,0,5.0,2024
06-02-2024,0,4.8,2024
07-02-2024,0.2,0.8,2024
08-02-2024,5.2,0.0,2024
09-02-2024,0,0.0,2024
10-02-2024,0,,2024
11-02-2024,2.6,1.5,2024
12-02-2024,0.2,6.0,2024
13-02-2024,0,6.9,2024
14-02-2024,0,4.7,2024
15-02-2024,3.4,0.6,2024
16-02-2024,0,4.8,2024
17-02-2024,0,6.3,2024
18-02-2024,0,7.2,2024
19-02-2024,0,8.6,2024
20-02-2024,0.4,6.4,2024
21-02-2024,0,1.4,2024
22-02-2024,10.2,4.0,2024
23-02-2024,0,3.6,2024
24-02-2024,0,4.2,2024
25-02-2024,0,0.3,2024
26-02-2024,0,3.6,2024
27-02-2024,0,5.0,2024
28-02-2024,0,5.8,2024
29-02-2024,4,5.3,2024
01-03-2024,15.2,0.3,2024
02-03-2024,21.6,1.9,2024
03-03-2024,3.4,3.5,2024
04-03-2024,6.8,3.5,2024
05-03-2024,0,4.3,2024
06-03-2024,0,5.7,2024
07-03-2024,0,1.8,2024
08-03-2024,24.2,1.9,2024
09-03-2024,11.6,3.7,2024
10-03-2024,0,2.4,2024
11-03-2024,0,2.5,2024
12-03-2024,0,8.1,2024
13-03-2024,0,9.8,2024
14-03-2024,2.4,1.8,2024
15-03-2024,0,8.1,2024
16-03-2024,0,1.2,2024
17-03-2024,0,2.9,2024
18-03-2024,0,6.5,2024
19-03-2024,0,4.2,2024
20-03-2024,0,7.2,2024
21-03-2024,0,10.2,2024
22-03-2024,0,10.2,2024
23-03-2024,0,10.4,2024
24-03-2024,0,10.5,2024
25-03-2024,2.6,1.4,2024
26-03-2024,10.2,1.7,2024
27-03-2024,23.6,0.3,2024
28-03-2024,19,0.0,2024
29-03-2024,8,2.6,2024
30-03-2024,3.6,0.0,2024
31-03-2024,8.4,6.4,2024
01-04-2024,4.6,5.8,2024
02-04-2024,5.4,0.4,2024
03-04-2024,0,1.6,2024
04-04-2024,0,7.5,2024
05-04-2024,5.4,4.9,2024
06-04-2024,1.6,0.6,2024
07-04-2024,5.4,5.6,2024
08-04-2024,10,2.7,2024
09-04-2024,0,8.5,2024
10-04-2024,0,10.7,2024
11-04-2024,0,11.2,2024
12-04-2024,0,11.4,2024
13-04-2024,0,10.7,2024
14-04-2024,0,11.2,2024
15-04-2024,0,8.8,2024
16-04-2024,0,10.9,2024
17-04-2024,0,11.6,2024
18-04-2024,0,11.8,2024
19-04-2024,0,11.8,2024
20-04-2024,0,11.8,2024
21-04-2024,0,11.9,2024
22-04-2024,0,12.0,2024
23-04-2024,0,12.0,2024
24-04-2024,0,12.1,2024
25-04-2024,2.8,5.3,2024
26-04-2024,16.2,3.2,2024
27-04-2024,5.2,1.4,2024
28-04-2024,0.2,5.2,2024
29-04-2024,0.4,9.9,2024
30-04-2024,7,3.2,2024
01-05-2024,5.8,4.3,2024
02-05-2024,1.2,5.2,2024
03-05-2024,4.2,0.0,2024
04-05-2024,9.4,4.4,2024
05-05-2024,15.8,2.4,2024
06-05-2024,0,5.5,2024
07-05-2024,0,10.1,2024
08-05-2024,0,12.3,2024
09-05-2024,0,8.8,2024
10-05-2024,4.6,9.4,2024
11-05-2024,0,12.2,2024
12-05-2024,0,7.6,2024
13-05-2024,2.8,0.8,2024
14-05-2024,2.4,4.3,2024
15-05-2024,3.4,4.2,2024
16-05-2024,7.2,0.4,2024
17-05-2024,2.4,1.7,2024
18-05-2024,7,1.8,2024
19-05-2024,4,3.6,2024
20-05-2024,3.4,3.5,2024
21-05-2024,0.4,2.9,2024
22-05-2024,0.2,5.3,2024
23-05-2024,0,12.6,2024
24-05-2024,0,11.7,2024
25-05-2024,1.6,7.4,2024
26-05-2024,0,10.5,2024
27-05-2024,0,11.4,2024
28-05-2024,0,13.3,2024
29-05-2024,0,12.9,2024
30-05-2024,0,12.5,2024
31-05-2024,0,13.4,2024
01-06-2024,0,13.4,2024
02-06-2024,0,13.4,2024
03-06-2024,0,13.5,2024
04-06-2024,0,12.3,2024
05-06-2024,0,13.1,2024
06-06-2024,0,9.7,2024
07-06-2024,2.8,8.2,2024
08-06-2024,4.2,0.1,2024
09-06-2024,0,2.1,2024
10-06-2024,0,11.3,2024
11-06-2024,0,13.8,2024
12-06-2024,0,8.4,2024
13-06-2024,0,8.2,2024
14-06-2024,0,6.0,2024
15-06-2024,0,7.0,2024
16-06-2024,0,1.0,2024
17-06-2024,15.8,0.1,2024
18-06-2024,0.6,6.9,2024
19-06-2024,5.4,4.6,2024
20-06-2024,0.8,,2024
21-06-2024,0,10.1,2024
22-06-2024,0,8.6,2024
23-06-2024,0,,2024
24-06-2024,0,12.7,2024
25-06-2024,0,9.7,2024
26-06-2024,0.8,7.6,2024
27-06-2024,0,,2024
28-06-2024,0,7.3,2024
29-06-2024,0,6.0,2024
30-06-2024,12.8,6.2,2024
01-07-2024,0,10.3,2024
02-07-2024,0,12.8,2024
03-07-2024,0,11.0,2024
04-07-2024,0,13.7,2024
05-07-2024,0,13.7,2024
06-07-2024,0,6.2,2024
07-07-2024,0,13.0,2024
08-07-2024,1.4,9.6,2024
09-07-2024,7.8,0.8,2024
10-07-2024,0,6.2,2024
11-07-2024,0,10.5,2024
12-07-2024,0,8.0,2024
13-07-2024,0,9.9,2024
14-07-2024,2.6,4.6,2024
15-07-2024,0,8.8,2024
16-07-2024,0,11.8,2024
17-07-2024,0,12.6,2024
18-07-2024,0,12.5,2024
19-07-2024,0,13.0,2024
20-07-2024,0,3.4,2024
21-07-2024,0,13.2,2024
22-07-2024,0,13.1,2024
23-07-2024,0,13.0,2024
24-07-2024,0,12.6,2024
25-07-2024,0,9.8,2024
26-07-2024,0,11.6,2024
27-07-2024,0,10.9,2024
28-07-2024,0,11.1,2024
29-07-2024,4.8,6.4,2024
30-07-2024,2.7,11.4,2024
31-07-2024,0,12.7,2024
01-08-2024,0,6.6,2024
02-08-2024,0,9.9,2024
03-08-2024,0,9.6,2024
04-08-2024,0,12.6,2024
05-08-2024,0,10.7,2024
06-08-2024,0,7.6,2024
07-08-2024,0,9.1,2024
08-08-2024,0,9.3,2024
09-08-2024,0,9.2,2024
10-08-2024,0,11.8,2024
11-08-2024,0,12.2,2024
12-08-2024,0.2,8.9,2024
13-08-2024,0,4.4,2024
14-08-2024,0,11.7,2024
15-08-2024,0,12.2,2024
16-08-2024,0,12.0,2024
17-08-2024,0,9.6,2024
18-08-2024,0,11.2,2024
19-08-2024,0,11.2,2024
20-08-2024,0,11.1,2024
21-08-2024,0,10.7,2024
22-08-2024,0,11.6,2024
23-08-2024,0,11.7,2024
24-08-2024,0.8,2.7,2024
25-08-2024,0,11.6,2024
26-08-2024,0,11.0,2024
27-08-2024,0,11.1,2024
28-08-2024,0,10.0,2024
29-08-2024,0,8.1,2024
30-08-2024,0,9.9,2024
31-08-2024,5,2.9,2024
01-09-2024,0.4,9.0,2024
02-09-2024,0.2,0.1,2024
03-09-2024,0,10.5,2024
04-09-2024,0,10.8,2024
05-09-2024,0,2.2,2024
06-09-2024,12.8,0.8,2024
07-09-2024,0,8.2,2024
08-09-2024,0,7.5,2024
09-09-2024,0,8.3,2024
10-09-2024,0,9.0,2024
11-09-2024,0,6.9,2024
12-09-2024,0,2.9,2024
13-09-2024,0,10.6,2024
14-09-2024,0,10.6,2024
15-09-2024,0,10.6,2024
16-09-2024,0,10.6,2024
17-09-2024,0,10.5,2024
18-09-2024,0,10.3,2024
19-09-2024,0,9.8,2024
20-09-2024,3.8,1.1,2024
21-09-2024,2,2.3,2024
22-09-2024,0,5.8,2024
23-09-2024,0.2,9.4,2024
24-09-2024,1,3.0,2024
25-09-2024,40,2.7,2024
26-09-2024,2.8,4.9,2024
27-09-2024,0.4,7.2,2024
28-09-2024,0,7.4,2024
29-09-2024,0,4.6,2024
30-09-2024,0.2,3.4,2024
01-10-2024,6.4,1.8,2024
02-10-2024,11,,2024
03-10-2024,0,,2024
04-10-2024,0,6.7,2024
05-10-2024,12.6,0.0,2024
06-10-2024,0,2.7,2024
07-10-2024,2.6,4.3,2024
08-10-2024,20.4,0.2,2024
09-10-2024,2.4,2.7,2024
10-10-2024,0.2,2.8,2024
11-10-2024,5.2,0.8,2024
12-10-2024,0,5.8,2024
13-10-2024,0,4.7,2024
14-10-2024,0.4,4.9,2024
15-10-2024,8.2,2.2,2024
16-10-2024,6.6,1.0,2024
17-10-2024,0.2,7.2,2024
18-10-2024,0.2,0.6,2024
19-10-2024,4.2,0.0,2024
20-10-2024,0,1.0,2024
21-10-2024,0.4,1.1,2024
22-10-2024,0,6.9,2024
23-10-2024,0,8.1,2024
24-10-2024,4.6,0.3,2024
25-10-2024,2.6,6.2,2024
26-10-2024,2.4,1.8,2024
27-10-2024,0.2,5.2,2024
28-10-2024,0,8.6,2024
29-10-2024,0,8.5,2024
30-10-2024,0,8.1,2024
31-10-2024,0,4.7,2024
01-11-2024,0,4.6,2024
02-11-2024,0,2.9,2024
03-11-2024,0,7.7,2024
04-11-2024,2,1.3,2024
05-11-2024,0.8,1.9,2024
06-11-2024,0,6.3,2024
07-11-2024,0,6.0,2024
08-11-2024,0,2.3,2024
09-11-2024,0,3.7,2024
10-11-2024,2.2,0.1,2024
11-11-2024,0,7.9,2024
12-11-2024,0,7.9,2024
13-11-2024,0.2,6.5,2024
14-11-2024,0.6,3.9,2024
15-11-2024,0.4,2.7,2024
16-11-2024,0,2.0,2024
17-11-2024,0,5.4,2024
18-11-2024,0,5.3,2024
19-11-2024,0,0.0,2024
20-11-2024,0.4,1.3,2024
21-11-2024,10.6,0.7,2024
22-11-2024,0,5.6,2024
23-11-2024,0,1.1,2024
24-11-2024,34.2,1.5,2024
25-11-2024,0.4,3.1,2024
26-11-2024,0.2,0.6,2024
27-11-2024,0,6.1,2024
28-11-2024,0,7.8,2024
29-11-2024,1,5.0,2024
30-11-2024,0.2,1.3,2024
01-12-2024,2.6,0.3,2024
02-12-2024,1.4,0.9,2024
03-12-2024,0,0.1,2024
04-12-2024,17,1.4,2024
05-12-2024,0,1.4,2024
06-12-2024,0.8,0.0,2024
07-12-2024,0,,2024
08-12-2024,0,,2024
09-12-2024,0,,2024
10-12-2024,0,,2024
11-12-2024,0,0.3,2024
12-12-2024,0,,2024
13-12-2024,0,,2024
14-12-2024,0,,2024
15-12-2024,0,3.3,2024
16-12-2024,0,6.3,2024
17-12-2024,5.2,3.8,2024
18-12-2024,10.6,0.0,2024
19-12-2024,0,1.5,2024
20-12-2024,0,4.3,2024
21-12-2024,0,3.8,2024
22-12-2024,0,1.6,2024
23-12-2024,0,7.2,2024
24-12-2024,0,7.9,2024
25-12-2024,0,4.2,2024
26-12-2024,0,2.6,2024
27-12-2024,0.2,2.7,2024
28-12-2024,0,2.4,2024
29-12-2024,0,0.0,2024
30-12-2024,0,7.5,2024
31-12-2024,0,7.7,2024
01-01-2025,0,3.8,2025
