Fecha,Precipitacion_l_m2,Horas_de_sol
01-01-2000,0,
02-01-2000,0,
03-01-2000,0,
04-01-2000,0,
05-01-2000,0,
06-01-2000,0,
07-01-2000,0,
08-01-2000,10.6,
09-01-2000,0,
10-01-2000,0,
11-01-2000,0,
12-01-2000,0,
13-01-2000,21.5,
14-01-2000,5.4,
15-01-2000,0,
16-01-2000,0,
17-01-2000,0,
18-01-2000,0,
19-01-2000,0,
20-01-2000,0,
21-01-2000,0,
22-01-2000,0,
23-01-2000,0,
24-01-2000,0,
25-01-2000,0,
26-01-2000,0,
27-01-2000,0,
28-01-2000,0,
29-01-2000,0,
30-01-2000,0,
31-01-2000,0.3,
01-02-2000,5.9,
02-02-2000,0,
03-02-2000,0,
04-02-2000,0,
05-02-2000,0,
06-02-2000,0.5,
07-02-2000,0,
08-02-2000,5.4,
09-02-2000,0.2,
10-02-2000,9.7,
11-02-2000,2.1,
12-02-2000,0,
13-02-2000,0.7,
14-02-2000,0,
15-02-2000,0.4,
16-02-2000,4,
17-02-2000,1.3,
18-02-2000,0,
19-02-2000,0.2,
20-02-2000,0,
21-02-2000,0.3,
22-02-2000,4.7,
23-02-2000,0.4,
24-02-2000,0.2,
25-02-2000,0.2,
26-02-2000,0.2,
27-02-2000,0.6,
28-02-2000,2.2,
29-02-2000,1.1,
01-03-2000,0,
02-03-2000,0,
03-03-2000,0,
04-03-2000,0,
05-03-2000,0,
06-03-2000,0,
07-03-2000,0,
08-03-2000,0,
09-03-2000,0,
10-03-2000,0,
11-03-2000,0,
12-03-2000,0,
13-03-2000,0,
14-03-2000,0,
15-03-2000,0,
16-03-2000,0,
17-03-2000,0,
18-03-2000,0,
19-03-2000,0,
20-03-2000,0,
21-03-2000,11.6,
22-03-2000,6.2,
23-03-2000,0,
24-03-2000,6.9,
25-03-2000,1,
26-03-2000,0,
27-03-2000,4.8,
28-03-2000,2,
29-03-2000,0,
30-03-2000,0.3,
31-03-2000,2.4,
01-04-2000,15.4,
02-04-2000,3.2,
03-04-2000,9.5,
04-04-2000,3.3,
05-04-2000,1.4,
06-04-2000,0,
07-04-2000,0,
08-04-2000,5.8,
09-04-2000,2.5,
10-04-2000,0,
11-04-2000,5.3,
12-04-2000,3.2,
13-04-2000,0,
14-04-2000,16,
15-04-2000,0.6,
16-04-2000,2.5,
17-04-2000,9.2,
18-04-2000,13.4,
19-04-2000,8,
20-04-2000,4.2,
21-04-2000,10.2,
22-04-2000,10.6,
23-04-2000,1.7,
24-04-2000,30.7,
25-04-2000,1.9,
26-04-2000,4.6,
27-04-2000,3.8,
28-04-2000,0.4,
29-04-2000,4.5,
30-04-2000,0.5,
01-05-2000,3.4,
02-05-2000,0.8,
03-05-2000,0,
04-05-2000,9,
05-05-2000,6.6,
06-05-2000,11.7,
07-05-2000,1.2,
08-05-2000,2.3,
09-05-2000,5.9,
10-05-2000,14.9,
11-05-2000,11.6,
12-05-2000,0,
13-05-2000,0,
14-05-2000,0,
15-05-2000,0,
16-05-2000,0,
17-05-2000,0,
18-05-2000,0,
19-05-2000,0,
20-05-2000,0,
21-05-2000,0,
22-05-2000,0,
23-05-2000,0,
24-05-2000,0.2,
25-05-2000,0.4,
26-05-2000,3.1,
27-05-2000,2.3,
28-05-2000,1.5,
29-05-2000,0,
30-05-2000,0,
31-05-2000,0,
01-06-2000,0,
02-06-2000,0,
03-06-2000,0,
04-06-2000,0,
05-06-2000,0,
06-06-2000,0,
07-06-2000,0,
08-06-2000,3,
09-06-2000,8,
10-06-2000,0.1,
11-06-2000,0.1,
12-06-2000,0,
13-06-2000,0,
14-06-2000,0,
15-06-2000,0,
16-06-2000,0,
17-06-2000,0,
18-06-2000,0,
19-06-2000,0,
20-06-2000,0.3,
21-06-2000,0.1,
22-06-2000,0,
23-06-2000,0,
24-06-2000,0,
25-06-2000,0,
26-06-2000,0,
27-06-2000,1,
28-06-2000,0,
29-06-2000,0,
30-06-2000,1,
01-01-2000,0,
02-01-2000,0,
03-01-2000,0,
04-01-2000,0,
05-01-2000,0,
06-01-2000,0,
07-01-2000,0,
08-01-2000,10.6,
09-01-2000,0,
10-01-2000,0,
11-01-2000,0,
12-01-2000,0,
13-01-2000,21.5,
14-01-2000,5.4,
15-01-2000,0,
16-01-2000,0,
17-01-2000,0,
18-01-2000,0,
19-01-2000,0,
20-01-2000,0,
21-01-2000,0,
22-01-2000,0,
23-01-2000,0,
24-01-2000,0,
25-01-2000,0,
26-01-2000,0,
27-01-2000,0,
28-01-2000,0,
29-01-2000,0,
30-01-2000,0,
31-01-2000,0.3,
01-02-2000,5.9,
02-02-2000,0,
03-02-2000,0,
04-02-2000,0,
05-02-2000,0,
06-02-2000,0.5,
07-02-2000,0,
08-02-2000,5.4,
09-02-2000,0.2,
10-02-2000,9.7,
11-02-2000,2.1,
12-02-2000,0,
13-02-2000,0.7,
14-02-2000,0,
15-02-2000,0.4,
16-02-2000,4,
17-02-2000,1.3,
18-02-2000,0,
19-02-2000,0.2,
20-02-2000,0,
21-02-2000,0.3,
22-02-2000,4.7,
23-02-2000,0.4,
24-02-2000,0.2,
25-02-2000,0.2,
26-02-2000,0.2,
27-02-2000,0.6,
28-02-2000,2.2,
29-02-2000,1.1,
01-03-2000,0,
02-03-2000,0,
03-03-2000,0,
04-03-2000,0,
05-03-2000,0,
06-03-2000,0,
07-03-2000,0,
08-03-2000,0,
09-03-2000,0,
10-03-2000,0,
11-03-2000,0,
12-03-2000,0,
13-03-2000,0,
14-03-2000,0,
15-03-2000,0,
16-03-2000,0,
17-03-2000,0,
18-03-2000,0,
19-03-2000,0,
20-03-2000,0,
21-03-2000,11.6,
22-03-2000,6.2,
23-03-2000,0,
24-03-2000,6.9,
25-03-2000,1,
26-03-2000,0,
27-03-2000,4.8,
28-03-2000,2,
29-03-2000,0,
30-03-2000,0.3,
31-03-2000,2.4,
01-04-2000,15.4,
02-04-2000,3.2,
03-04-2000,9.5,
04-04-2000,3.3,
05-04-2000,1.4,
06-04-2000,0,
07-04-2000,0,
08-04-2000,5.8,
09-04-2000,2.5,
10-04-2000,0,
11-04-2000,5.3,
12-04-2000,3.2,
13-04-2000,0,
14-04-2000,16,
15-04-2000,0.6,
16-04-2000,2.5,
17-04-2000,9.2,
18-04-2000,13.4,
19-04-2000,8,
20-04-2000,4.2,
21-04-2000,10.2,
22-04-2000,10.6,
23-04-2000,1.7,
24-04-2000,30.7,
25-04-2000,1.9,
26-04-2000,4.6,
27-04-2000,3.8,
28-04-2000,0.4,
29-04-2000,4.5,
30-04-2000,0.5,
01-05-2000,3.4,
02-05-2000,0.8,
03-05-2000,0,
04-05-2000,9,
05-05-2000,6.6,
06-05-2000,11.7,
07-05-2000,1.2,
08-05-2000,2.3,
09-05-2000,5.9,
10-05-2000,14.9,
11-05-2000,11.6,
12-05-2000,0,
13-05-2000,0,
14-05-2000,0,
15-05-2000,0,
16-05-2000,0,
17-05-2000,0,
18-05-2000,0,
19-05-2000,0,
20-05-2000,0,
21-05-2000,0,
22-05-2000,0,
23-05-2000,0,
24-05-2000,0.2,
25-05-2000,0.4,
26-05-2000,3.1,
27-05-2000,2.3,
28-05-2000,1.5,
29-05-2000,0,
30-05-2000,0,
31-05-2000,0,
01-06-2000,0,
02-06-2000,0,
03-06-2000,0,
04-06-2000,0,
05-06-2000,0,
06-06-2000,0,
07-06-2000,0,
08-06-2000,3,
09-06-2000,8,
10-06-2000,0.1,
11-06-2000,0.1,
12-06-2000,0,
13-06-2000,0,
14-06-2000,0,
15-06-2000,0,
16-06-2000,0,
17-06-2000,0,
18-06-2000,0,
19-06-2000,0,
20-06-2000,0.3,
21-06-2000,0.1,
22-06-2000,0,
23-06-2000,0,
24-06-2000,0,
25-06-2000,0,
26-06-2000,0,
27-06-2000,1,
28-06-2000,0,
29-06-2000,0,
30-06-2000,1,
01-04-2001,0,
02-04-2001,2.6,
03-04-2001,1.4,
04-04-2001,0,
05-04-2001,4,
06-04-2001,0,
07-04-2001,1.8,
08-04-2001,4.1,
09-04-2001,3.8,
10-04-2001,0,
11-04-2001,0,
12-04-2001,0,
13-04-2001,0,
14-04-2001,0,
15-04-2001,0,
16-04-2001,0,
17-04-2001,0,
18-04-2001,0,
19-04-2001,0,
20-04-2001,0,
21-04-2001,0,
22-04-2001,6.4,
23-04-2001,6.3,
24-04-2001,6.5,
25-04-2001,3.6,
26-04-2001,4.2,
27-04-2001,2.2,
28-04-2001,2.4,
29-04-2001,5.4,
30-04-2001,5.2,
01-05-2001,4.3,
02-05-2001,2.1,
03-05-2001,3.1,
04-05-2001,6.2,
05-05-2001,1.4,
06-05-2001,0,
07-05-2001,0,
08-05-2001,0,
09-05-2001,1.1,
10-05-2001,0,
11-05-2001,0,
12-05-2001,13,
13-05-2001,4.2,
14-05-2001,5.6,
15-05-2001,3.2,
16-05-2001,0,
17-05-2001,0,
18-05-2001,0,
19-05-2001,0,
20-05-2001,0,
21-05-2001,0,
22-05-2001,0,
23-05-2001,0,
24-05-2001,0,
25-05-2001,0,
26-05-2001,0,
27-05-2001,0,
28-05-2001,0,
29-05-2001,0,
30-05-2001,0,
31-05-2001,0,
01-06-2001,0,
02-06-2001,0,
03-06-2001,0,
04-06-2001,0,
05-06-2001,0,
06-06-2001,0,
07-06-2001,0,
08-06-2001,0.6,
09-06-2001,0.8,
10-06-2001,0.3,
11-06-2001,0,
12-06-2001,0.1,
13-06-2001,0,
14-06-2001,0,
15-06-2001,1.2,
16-06-2001,1,
17-06-2001,0,
18-06-2001,0,
19-06-2001,0,
20-06-2001,0,
21-06-2001,0,
22-06-2001,0,
23-06-2001,0,
24-06-2001,0,
25-06-2001,0,
26-06-2001,0,
27-06-2001,0,
28-06-2001,0,
29-06-2001,0,
30-06-2001,0,
01-09-2001,0,
02-09-2001,0,
03-09-2001,0,
04-09-2001,0,
05-09-2001,0,
06-09-2001,0,
07-09-2001,0,
08-09-2001,0,
09-09-2001,0,
10-09-2001,0,
11-09-2001,0,
12-09-2001,0,
13-09-2001,0,
14-09-2001,0,
15-09-2001,0,
16-09-2001,0,
17-09-2001,0,
18-09-2001,0,
19-09-2001,0,
20-09-2001,0.5,
21-09-2001,5.5,
22-09-2001,21.2,
23-09-2001,0,
24-09-2001,5.5,
25-09-2001,0,
26-09-2001,0,
27-09-2001,0,
28-09-2001,2.4,
29-09-2001,1.1,
30-09-2001,0,
01-10-2001,0,
02-10-2001,0,
03-10-2001,0,
04-10-2001,0,
05-10-2001,0,
06-10-2001,0,
07-10-2001,0,
08-10-2001,0,
09-10-2001,0,
10-10-2001,0,
11-10-2001,0,
12-10-2001,0,
13-10-2001,0,
14-10-2001,0,
15-10-2001,0,
16-10-2001,0,
17-10-2001,0,
18-10-2001,0,
19-10-2001,0,
20-10-2001,0,
21-10-2001,0,
22-10-2001,0,
23-10-2001,0,
24-10-2001,0,
25-10-2001,0,
26-10-2001,0,
27-10-2001,0,
28-10-2001,0,
29-10-2001,0,
30-10-2001,0,
31-10-2001,0,
01-11-2001,0,
02-11-2001,0,
03-11-2001,0,
04-11-2001,0,
05-11-2001,0,
06-11-2001,0,
07-11-2001,0.5,
08-11-2001,4.5,
09-11-2001,4.5,
10-11-2001,2.7,
11-11-2001,0,
12-11-2001,4.9,
13-11-2001,0,
14-11-2001,0,
15-11-2001,0,
16-11-2001,0,
17-11-2001,0,
18-11-2001,0,
19-11-2001,0,
20-11-2001,0,
21-11-2001,0,
22-11-2001,0,
23-11-2001,0,
24-11-2001,0,
25-11-2001,0,
26-11-2001,2.1,
27-11-2001,0,
28-11-2001,1.1,
29-11-2001,0,
30-11-2001,0,
01-04-2001,0,
02-04-2001,2.6,
03-04-2001,1.4,
04-04-2001,0,
05-04-2001,4,
06-04-2001,0,
07-04-2001,1.8,
08-04-2001,4.1,
09-04-2001,3.8,
10-04-2001,0,
11-04-2001,0,
12-04-2001,0,
13-04-2001,0,
14-04-2001,0,
15-04-2001,0,
16-04-2001,0,
17-04-2001,0,
18-04-2001,0,
19-04-2001,0,
20-04-2001,0,
21-04-2001,0,
22-04-2001,6.4,
23-04-2001,6.3,
24-04-2001,6.5,
25-04-2001,3.6,
26-04-2001,4.2,
27-04-2001,2.2,
28-04-2001,2.4,
29-04-2001,5.4,
30-04-2001,5.2,
01-05-2001,4.3,
02-05-2001,2.1,
03-05-2001,3.1,
04-05-2001,6.2,
05-05-2001,1.4,
06-05-2001,0,
07-05-2001,0,
08-05-2001,0,
09-05-2001,1.1,
10-05-2001,0,
11-05-2001,0,
12-05-2001,13,
13-05-2001,4.2,
14-05-2001,5.6,
15-05-2001,3.2,
16-05-2001,0,
17-05-2001,0,
18-05-2001,0,
19-05-2001,0,
20-05-2001,0,
21-05-2001,0,
22-05-2001,0,
23-05-2001,0,
24-05-2001,0,
25-05-2001,0,
26-05-2001,0,
27-05-2001,0,
28-05-2001,0,
29-05-2001,0,
30-05-2001,0,
31-05-2001,0,
01-06-2001,0,
02-06-2001,0,
03-06-2001,0,
04-06-2001,0,
05-06-2001,0,
06-06-2001,0,
07-06-2001,0,
08-06-2001,0.6,
09-06-2001,0.8,
10-06-2001,0.3,
11-06-2001,0,
12-06-2001,0.1,
13-06-2001,0,
14-06-2001,0,
15-06-2001,1.2,
16-06-2001,1,
17-06-2001,0,
18-06-2001,0,
19-06-2001,0,
20-06-2001,0,
21-06-2001,0,
22-06-2001,0,
23-06-2001,0,
24-06-2001,0,
25-06-2001,0,
26-06-2001,0,
27-06-2001,0,
28-06-2001,0,
29-06-2001,0,
30-06-2001,0,
01-09-2001,0,
02-09-2001,0,
03-09-2001,0,
04-09-2001,0,
05-09-2001,0,
06-09-2001,0,
07-09-2001,0,
08-09-2001,0,
09-09-2001,0,
10-09-2001,0,
11-09-2001,0,
12-09-2001,0,
13-09-2001,0,
14-09-2001,0,
15-09-2001,0,
16-09-2001,0,
17-09-2001,0,
18-09-2001,0,
19-09-2001,0,
20-09-2001,0.5,
21-09-2001,5.5,
22-09-2001,21.2,
23-09-2001,0,
24-09-2001,5.5,
25-09-2001,0,
26-09-2001,0,
27-09-2001,0,
28-09-2001,2.4,
29-09-2001,1.1,
30-09-2001,0,
01-10-2001,0,
02-10-2001,0,
03-10-2001,0,
04-10-2001,0,
05-10-2001,0,
06-10-2001,0,
07-10-2001,0,
08-10-2001,0,
09-10-2001,0,
10-10-2001,0,
11-10-2001,0,
12-10-2001,0,
13-10-2001,0,
14-10-2001,0,
15-10-2001,0,
16-10-2001,0,
17-10-2001,0,
18-10-2001,0,
19-10-2001,0,
20-10-2001,0,
21-10-2001,0,
22-10-2001,0,
23-10-2001,0,
24-10-2001,0,
25-10-2001,0,
26-10-2001,0,
27-10-2001,0,
28-10-2001,0,
29-10-2001,0,
30-10-2001,0,
31-10-2001,0,
01-11-2001,0,
02-11-2001,0,
03-11-2001,0,
04-11-2001,0,
05-11-2001,0,
06-11-2001,0,
07-11-2001,0.5,
08-11-2001,4.5,
09-11-2001,4.5,
10-11-2001,2.7,
11-11-2001,0,
12-11-2001,4.9,
13-11-2001,0,
14-11-2001,0,
15-11-2001,0,
16-11-2001,0,
17-11-2001,0,
18-11-2001,0,
19-11-2001,0,
20-11-2001,0,
21-11-2001,0,
22-11-2001,0,
23-11-2001,0,
24-11-2001,0,
25-11-2001,0,
26-11-2001,2.1,
27-11-2001,0,
28-11-2001,1.1,
29-11-2001,0,
30-11-2001,0,
01-02-2002,0,
02-02-2002,0,
03-02-2002,0,
04-02-2002,0,
05-02-2002,0,
06-02-2002,0,
07-02-2002,0,
08-02-2002,0,
09-02-2002,0,
10-02-2002,0,
11-02-2002,0,
12-02-2002,0,
13-02-2002,0,
14-02-2002,0,
15-02-2002,0,
16-02-2002,0,
17-02-2002,0,
18-02-2002,0,
19-02-2002,0,
20-02-2002,0,
21-02-2002,0,
22-02-2002,0,
23-02-2002,0,
24-02-2002,0,
25-02-2002,0,
26-02-2002,0,
27-02-2002,0,
28-02-2002,0,
01-03-2002,0,
02-03-2002,0,
03-03-2002,0,
04-03-2002,0,
05-03-2002,0,
06-03-2002,0,
07-03-2002,0,
08-03-2002,0,
09-03-2002,0,
10-03-2002,0,
11-03-2002,0,
12-03-2002,0,
13-03-2002,0,
14-03-2002,0,
15-03-2002,0,
16-03-2002,0,
17-03-2002,0,
18-03-2002,0,
19-03-2002,0,
20-03-2002,0,
21-03-2002,0,
22-03-2002,0,
23-03-2002,0,
24-03-2002,0,
25-03-2002,0,
26-03-2002,0,
27-03-2002,0,
28-03-2002,0,
29-03-2002,0,
30-03-2002,0,
31-03-2002,0,
01-04-2002,2.8,
02-04-2002,9.6,
03-04-2002,0.1,
04-04-2002,0,
05-04-2002,11.5,
06-04-2002,5.9,
07-04-2002,0,
08-04-2002,0,
09-04-2002,0,
10-04-2002,0,
11-04-2002,15.8,
12-04-2002,2.7,
13-04-2002,0,
14-04-2002,0.1,
15-04-2002,0,
16-04-2002,0,
17-04-2002,2.5,
18-04-2002,0,
19-04-2002,0,
20-04-2002,0,
21-04-2002,0,
22-04-2002,0,
23-04-2002,0,
24-04-2002,0,
25-04-2002,0,
26-04-2002,0,
27-04-2002,0,
28-04-2002,0.2,
29-04-2002,0,
30-04-2002,2,
01-05-2002,4.4,
02-05-2002,6.2,
03-05-2002,0.8,
04-05-2002,6.3,
05-05-2002,1.7,
06-05-2002,0,
07-05-2002,0.2,
08-05-2002,0,
09-05-2002,0,
10-05-2002,1.7,
11-05-2002,0.2,
12-05-2002,0.9,
13-05-2002,13,
14-05-2002,0,
15-05-2002,0,
16-05-2002,0,
17-05-2002,8.6,
18-05-2002,0,
19-05-2002,0,
20-05-2002,0,
21-05-2002,5.8,
22-05-2002,8.2,
23-05-2002,0.2,
24-05-2002,2.7,
25-05-2002,0,
26-05-2002,3.7,
27-05-2002,3.4,
28-05-2002,1.1,
29-05-2002,0,
30-05-2002,0,
31-05-2002,0,
01-06-2002,5.2,
02-06-2002,0,
03-06-2002,0,
04-06-2002,0.2,
05-06-2002,12,
06-06-2002,2.8,
07-06-2002,2.9,
08-06-2002,3.1,
09-06-2002,1.1,
10-06-2002,0,
11-06-2002,0,
12-06-2002,0,
13-06-2002,0,
14-06-2002,0,
15-06-2002,0,
16-06-2002,0,
17-06-2002,0,
18-06-2002,0,
19-06-2002,0,
20-06-2002,0,
21-06-2002,0,
22-06-2002,0,
23-06-2002,0.3,
24-06-2002,0,
25-06-2002,11.2,
26-06-2002,2.3,
27-06-2002,3.3,
28-06-2002,4.2,
29-06-2002,1.1,
30-06-2002,0,
01-07-2002,0,
02-07-2002,0,
03-07-2002,0,
04-07-2002,0,
05-07-2002,0,
06-07-2002,0,
07-07-2002,0,
08-07-2002,0,
09-07-2002,0,
10-07-2002,0,
11-07-2002,0,
12-07-2002,0,
13-07-2002,0,
14-07-2002,0,
15-07-2002,0,
16-07-2002,0,
17-07-2002,0,
18-07-2002,0,
19-07-2002,0,
20-07-2002,0,
21-07-2002,3.9,
22-07-2002,0,
23-07-2002,0,
24-07-2002,0,
25-07-2002,0,
26-07-2002,0,
27-07-2002,0,
28-07-2002,0,
29-07-2002,0,
30-07-2002,0,
31-07-2002,0,
01-08-2002,0,
02-08-2002,0,
03-08-2002,0,
04-08-2002,0,
05-08-2002,0,
06-08-2002,0,
07-08-2002,0,
08-08-2002,2.1,
09-08-2002,1.8,
10-08-2002,0,
11-08-2002,0,
12-08-2002,0,
13-08-2002,0,
14-08-2002,0,
15-08-2002,0,
16-08-2002,0,
17-08-2002,0,
18-08-2002,0,
19-08-2002,0,
20-08-2002,0.3,
21-08-2002,0,
22-08-2002,0,
23-08-2002,0,
24-08-2002,0,
25-08-2002,0,
26-08-2002,0,
27-08-2002,5,
28-08-2002,0,
29-08-2002,0,
30-08-2002,0,
31-08-2002,0,
01-09-2002,0,
02-09-2002,0,
03-09-2002,0.2,
04-09-2002,0.8,
05-09-2002,0,
06-09-2002,0,
07-09-2002,6,
08-09-2002,5.8,
09-09-2002,0.3,
10-09-2002,0,
11-09-2002,0,
12-09-2002,0,
13-09-2002,0,
14-09-2002,0,
15-09-2002,2.4,
16-09-2002,21,
17-09-2002,3.8,
18-09-2002,2.7,
19-09-2002,0.8,
20-09-2002,6.4,
21-09-2002,4.5,
22-09-2002,1.8,
23-09-2002,0,
24-09-2002,0,
25-09-2002,0,
26-09-2002,0,
27-09-2002,0,
28-09-2002,0,
29-09-2002,0,
30-09-2002,0,
01-10-2002,0,
02-10-2002,0,
03-10-2002,0,
04-10-2002,0,
05-10-2002,0,
06-10-2002,0,
07-10-2002,16,
08-10-2002,9.2,
09-10-2002,0,
10-10-2002,1.3,
11-10-2002,1.5,
12-10-2002,0,
13-10-2002,9.8,
14-10-2002,15,
15-10-2002,1.2,
16-10-2002,10.5,
17-10-2002,0.7,
18-10-2002,0,
19-10-2002,0,
20-10-2002,4.4,
21-10-2002,9.6,
22-10-2002,26.3,
23-10-2002,0.5,
24-10-2002,12.5,
25-10-2002,0.8,
26-10-2002,0,
27-10-2002,1.8,
28-10-2002,0,
29-10-2002,12.9,
30-10-2002,48,
31-10-2002,0,
01-02-2002,0,
02-02-2002,0,
03-02-2002,0,
04-02-2002,0,
05-02-2002,0,
06-02-2002,0,
07-02-2002,0,
08-02-2002,0,
09-02-2002,0,
10-02-2002,0,
11-02-2002,0,
12-02-2002,0,
13-02-2002,0,
14-02-2002,0,
15-02-2002,0,
16-02-2002,0,
17-02-2002,0,
18-02-2002,0,
19-02-2002,0,
20-02-2002,0,
21-02-2002,0,
22-02-2002,0,
23-02-2002,0,
24-02-2002,0,
25-02-2002,0,
26-02-2002,0,
27-02-2002,0,
28-02-2002,0,
01-03-2002,0,
02-03-2002,0,
03-03-2002,0,
04-03-2002,0,
05-03-2002,0,
06-03-2002,0,
07-03-2002,0,
08-03-2002,0,
09-03-2002,0,
10-03-2002,0,
11-03-2002,0,
12-03-2002,0,
13-03-2002,0,
14-03-2002,0,
15-03-2002,0,
16-03-2002,0,
17-03-2002,0,
18-03-2002,0,
19-03-2002,0,
20-03-2002,0,
21-03-2002,0,
22-03-2002,0,
23-03-2002,0,
24-03-2002,0,
25-03-2002,0,
26-03-2002,0,
27-03-2002,0,
28-03-2002,0,
29-03-2002,0,
30-03-2002,0,
31-03-2002,0,
01-04-2002,2.8,
02-04-2002,9.6,
03-04-2002,0.1,
04-04-2002,0,
05-04-2002,11.5,
06-04-2002,5.9,
07-04-2002,0,
08-04-2002,0,
09-04-2002,0,
10-04-2002,0,
11-04-2002,15.8,
12-04-2002,2.7,
13-04-2002,0,
14-04-2002,0.1,
15-04-2002,0,
16-04-2002,0,
17-04-2002,2.5,
18-04-2002,0,
19-04-2002,0,
20-04-2002,0,
21-04-2002,0,
22-04-2002,0,
23-04-2002,0,
24-04-2002,0,
25-04-2002,0,
26-04-2002,0,
27-04-2002,0,
28-04-2002,0.2,
29-04-2002,0,
30-04-2002,2,
01-05-2002,4.4,
02-05-2002,6.2,
03-05-2002,0.8,
04-05-2002,6.3,
05-05-2002,1.7,
06-05-2002,0,
07-05-2002,0.2,
08-05-2002,0,
09-05-2002,0,
10-05-2002,1.7,
11-05-2002,0.2,
12-05-2002,0.9,
13-05-2002,13,
14-05-2002,0,
15-05-2002,0,
16-05-2002,0,
17-05-2002,8.6,
18-05-2002,0,
19-05-2002,0,
20-05-2002,0,
21-05-2002,5.8,
22-05-2002,8.2,
23-05-2002,0.2,
24-05-2002,2.7,
25-05-2002,0,
26-05-2002,3.7,
27-05-2002,3.4,
28-05-2002,1.1,
29-05-2002,0,
30-05-2002,0,
31-05-2002,0,
01-06-2002,5.2,
02-06-2002,0,
03-06-2002,0,
04-06-2002,0.2,
05-06-2002,12,
06-06-2002,2.8,
07-06-2002,2.9,
08-06-2002,3.1,
09-06-2002,1.1,
10-06-2002,0,
11-06-2002,0,
12-06-2002,0,
13-06-2002,0,
14-06-2002,0,
15-06-2002,0,
16-06-2002,0,
17-06-2002,0,
18-06-2002,0,
19-06-2002,0,
20-06-2002,0,
21-06-2002,0,
22-06-2002,0,
23-06-2002,0.3,
24-06-2002,0,
25-06-2002,11.2,
26-06-2002,2.3,
27-06-2002,3.3,
28-06-2002,4.2,
29-06-2002,1.1,
30-06-2002,0,
01-07-2002,0,
02-07-2002,0,
03-07-2002,0,
04-07-2002,0,
05-07-2002,0,
06-07-2002,0,
07-07-2002,0,
08-07-2002,0,
09-07-2002,0,
10-07-2002,0,
11-07-2002,0,
12-07-2002,0,
13-07-2002,0,
14-07-2002,0,
15-07-2002,0,
16-07-2002,0,
17-07-2002,0,
18-07-2002,0,
19-07-2002,0,
20-07-2002,0,
21-07-2002,3.9,
22-07-2002,0,
23-07-2002,0,
24-07-2002,0,
25-07-2002,0,
26-07-2002,0,
27-07-2002,0,
28-07-2002,0,
29-07-2002,0,
30-07-2002,0,
31-07-2002,0,
01-08-2002,0,
02-08-2002,0,
03-08-2002,0,
04-08-2002,0,
05-08-2002,0,
06-08-2002,0,
07-08-2002,0,
08-08-2002,2.1,
09-08-2002,1.8,
10-08-2002,0,
11-08-2002,0,
12-08-2002,0,
13-08-2002,0,
14-08-2002,0,
15-08-2002,0,
16-08-2002,0,
17-08-2002,0,
18-08-2002,0,
19-08-2002,0,
20-08-2002,0.3,
21-08-2002,0,
22-08-2002,0,
23-08-2002,0,
24-08-2002,0,
25-08-2002,0,
26-08-2002,0,
27-08-2002,5,
28-08-2002,0,
29-08-2002,0,
30-08-2002,0,
31-08-2002,0,
01-09-2002,0,
02-09-2002,0,
03-09-2002,0.2,
04-09-2002,0.8,
05-09-2002,0,
06-09-2002,0,
07-09-2002,6,
08-09-2002,5.8,
09-09-2002,0.3,
10-09-2002,0,
11-09-2002,0,
12-09-2002,0,
13-09-2002,0,
14-09-2002,0,
15-09-2002,2.4,
16-09-2002,21,
17-09-2002,3.8,
18-09-2002,2.7,
19-09-2002,0.8,
20-09-2002,6.4,
21-09-2002,4.5,
22-09-2002,1.8,
23-09-2002,0,
24-09-2002,0,
25-09-2002,0,
26-09-2002,0,
27-09-2002,0,
28-09-2002,0,
29-09-2002,0,
30-09-2002,0,
01-10-2002,0,
02-10-2002,0,
03-10-2002,0,
04-10-2002,0,
05-10-2002,0,
06-10-2002,0,
07-10-2002,16,
08-10-2002,9.2,
09-10-2002,0,
10-10-2002,1.3,
11-10-2002,1.5,
12-10-2002,0,
13-10-2002,9.8,
14-10-2002,15,
15-10-2002,1.2,
16-10-2002,10.5,
17-10-2002,0.7,
18-10-2002,0,
19-10-2002,0,
20-10-2002,4.4,
21-10-2002,9.6,
22-10-2002,26.3,
23-10-2002,0.5,
24-10-2002,12.5,
25-10-2002,0.8,
26-10-2002,0,
27-10-2002,1.8,
28-10-2002,0,
29-10-2002,12.9,
30-10-2002,48,
31-10-2002,0,
01-01-2003,5.2,
02-01-2003,2.7,
03-01-2003,4.5,
04-01-2003,11.2,
05-01-2003,10.3,
06-01-2003,10.2,
07-01-2003,6.2,
08-01-2003,4,
09-01-2003,2.8,
10-01-2003,14.3,
11-01-2003,3.3,
12-01-2003,0,
13-01-2003,0.2,
14-01-2003,0.6,
15-01-2003,2.1,
16-01-2003,0.3,
17-01-2003,2,
18-01-2003,18.8,
19-01-2003,15.2,
20-01-2003,25.5,
21-01-2003,6.4,
22-01-2003,17.7,
23-01-2003,7.3,
24-01-2003,1.2,
25-01-2003,0,
26-01-2003,0,
27-01-2003,0,
28-01-2003,1.1,
29-01-2003,3.9,
30-01-2003,4.8,
31-01-2003,5.7,
01-02-2003,0.7,
02-02-2003,0.9,
03-02-2003,8.3,
04-02-2003,1.8,
05-02-2003,0.8,
06-02-2003,1.8,
07-02-2003,1.7,
08-02-2003,0,
09-02-2003,0,
10-02-2003,3,
11-02-2003,0,
12-02-2003,0,
13-02-2003,0,
14-02-2003,0,
15-02-2003,0,
16-02-2003,0,
17-02-2003,0,
18-02-2003,6.3,
19-02-2003,0,
20-02-2003,0,
21-02-2003,0,
22-02-2003,1.5,
23-02-2003,2.3,
24-02-2003,20,
25-02-2003,5.7,
26-02-2003,5.2,
27-02-2003,2.6,
28-02-2003,18.2,
01-03-2003,0,
02-03-2003,0,
03-03-2003,0,
04-03-2003,0,
05-03-2003,0,
06-03-2003,0,
07-03-2003,0,
08-03-2003,0,
09-03-2003,0,
10-03-2003,0,
11-03-2003,0,
12-03-2003,0,
13-03-2003,0,
14-03-2003,0,
15-03-2003,0,
16-03-2003,0,
17-03-2003,0,
18-03-2003,0,
19-03-2003,0,
20-03-2003,0,
21-03-2003,0,
22-03-2003,0,
23-03-2003,0,
24-03-2003,0,
25-03-2003,0,
26-03-2003,0,
27-03-2003,0,
28-03-2003,0,
29-03-2003,0,
30-03-2003,0,
31-03-2003,0,
01-04-2003,0,
02-04-2003,0,
03-04-2003,0,
04-04-2003,0,
05-04-2003,0,
06-04-2003,0,
07-04-2003,0,
08-04-2003,0,
09-04-2003,0,
10-04-2003,1.2,
11-04-2003,1.3,
12-04-2003,0.6,
13-04-2003,0.4,
14-04-2003,4.6,
15-04-2003,0,
16-04-2003,0,
17-04-2003,0,
18-04-2003,13.2,
19-04-2003,14.4,
20-04-2003,3.4,
21-04-2003,3.1,
22-04-2003,6.6,
23-04-2003,0.3,
24-04-2003,0.7,
25-04-2003,8.3,
26-04-2003,0,
27-04-2003,1.6,
28-04-2003,14,
29-04-2003,8.9,
30-04-2003,1.6,
01-06-2003,6.8,
02-06-2003,0.3,
03-06-2003,2.1,
04-06-2003,0,
05-06-2003,0,
06-06-2003,0,
07-06-2003,0,
08-06-2003,0,
09-06-2003,0,
10-06-2003,0,
11-06-2003,0,
12-06-2003,0,
13-06-2003,0,
14-06-2003,0,
15-06-2003,0,
16-06-2003,0,
17-06-2003,0,
18-06-2003,0,
19-06-2003,0,
20-06-2003,0,
21-06-2003,0,
22-06-2003,0,
23-06-2003,0,
24-06-2003,0,
25-06-2003,0,
26-06-2003,0,
27-06-2003,0,
28-06-2003,0,
29-06-2003,9.6,
30-06-2003,6.2,
01-07-2003,1.1,
02-07-2003,2.3,
03-07-2003,0,
04-07-2003,0,
05-07-2003,0,
06-07-2003,0,
07-07-2003,0,
08-07-2003,0,
09-07-2003,0,
10-07-2003,0,
11-07-2003,0,
12-07-2003,0,
13-07-2003,0,
14-07-2003,0,
15-07-2003,0,
16-07-2003,0,
17-07-2003,0,
18-07-2003,0,
19-07-2003,0,
20-07-2003,0,
21-07-2003,0,
22-07-2003,0,
23-07-2003,0,
24-07-2003,0,
25-07-2003,0,
26-07-2003,0,
27-07-2003,0,
28-07-2003,0,
29-07-2003,0,
30-07-2003,0,
31-07-2003,0,
01-08-2003,0,
02-08-2003,0,
03-08-2003,0,
04-08-2003,0,
05-08-2003,0,
06-08-2003,0,
07-08-2003,0,
08-08-2003,0,
09-08-2003,0,
10-08-2003,0,
11-08-2003,0,
12-08-2003,0,
13-08-2003,0,
14-08-2003,0,
15-08-2003,0,
16-08-2003,0,
17-08-2003,0,
18-08-2003,0,
19-08-2003,0,
20-08-2003,0,
21-08-2003,0,
22-08-2003,0,
23-08-2003,0,
24-08-2003,0,
25-08-2003,4.6,
26-08-2003,1.9,
27-08-2003,0.9,
28-08-2003,12.8,
29-08-2003,0,
30-08-2003,0,
31-08-2003,1.9,
01-09-2003,0,
02-09-2003,0,
03-09-2003,0,
04-09-2003,0,
05-09-2003,0,
06-09-2003,0,
07-09-2003,0,
08-09-2003,5.4,
09-09-2003,0,
10-09-2003,0,
11-09-2003,0,
12-09-2003,0,
13-09-2003,0,
14-09-2003,0,
15-09-2003,0,
16-09-2003,0,
17-09-2003,0,
18-09-2003,0,
19-09-2003,0,
20-09-2003,0,
21-09-2003,0,
22-09-2003,1.7,
23-09-2003,0,
24-09-2003,0,
25-09-2003,0,
26-09-2003,0.7,
27-09-2003,0.2,
28-09-2003,0,
29-09-2003,3,
30-09-2003,5.2,
01-10-2003,0,
02-10-2003,0,
03-10-2003,0.2,
04-10-2003,1.4,
05-10-2003,0,
06-10-2003,0,
07-10-2003,0,
08-10-2003,0,
09-10-2003,0,
10-10-2003,2.4,
11-10-2003,4.5,
12-10-2003,2.3,
13-10-2003,1.8,
14-10-2003,0,
15-10-2003,16.1,
16-10-2003,0,
17-10-2003,0,
18-10-2003,14.3,
19-10-2003,12.1,
20-10-2003,3.2,
21-10-2003,0,
22-10-2003,2.6,
23-10-2003,1.3,
24-10-2003,0,
25-10-2003,0,
26-10-2003,9.8,
27-10-2003,15.5,
28-10-2003,1.2,
29-10-2003,5.3,
30-10-2003,23.5,
31-10-2003,34,
01-11-2003,31,
02-11-2003,0.1,
03-11-2003,0,
04-11-2003,0,
05-11-2003,0,
06-11-2003,0,
07-11-2003,0.2,
08-11-2003,2.5,
09-11-2003,6.5,
10-11-2003,3.4,
11-11-2003,2.2,
12-11-2003,0,
13-11-2003,7.3,
14-11-2003,47.2,
15-11-2003,2,
16-11-2003,0,
17-11-2003,0,
18-11-2003,0.8,
19-11-2003,0,
20-11-2003,0,
21-11-2003,11.7,
22-11-2003,0,
23-11-2003,16.9,
24-11-2003,0.8,
25-11-2003,16.3,
26-11-2003,5.5,
27-11-2003,0.7,
28-11-2003,3.2,
29-11-2003,12.6,
30-11-2003,8.4,
01-01-2003,5.2,
02-01-2003,2.7,
03-01-2003,4.5,
04-01-2003,11.2,
05-01-2003,10.3,
06-01-2003,10.2,
07-01-2003,6.2,
08-01-2003,4,
09-01-2003,2.8,
10-01-2003,14.3,
11-01-2003,3.3,
12-01-2003,0,
13-01-2003,0.2,
14-01-2003,0.6,
15-01-2003,2.1,
16-01-2003,0.3,
17-01-2003,2,
18-01-2003,18.8,
19-01-2003,15.2,
20-01-2003,25.5,
21-01-2003,6.4,
22-01-2003,17.7,
23-01-2003,7.3,
24-01-2003,1.2,
25-01-2003,0,
26-01-2003,0,
27-01-2003,0,
28-01-2003,1.1,
29-01-2003,3.9,
30-01-2003,4.8,
31-01-2003,5.7,
01-02-2003,0.7,
02-02-2003,0.9,
03-02-2003,8.3,
04-02-2003,1.8,
05-02-2003,0.8,
06-02-2003,1.8,
07-02-2003,1.7,
08-02-2003,0,
09-02-2003,0,
10-02-2003,3,
11-02-2003,0,
12-02-2003,0,
13-02-2003,0,
14-02-2003,0,
15-02-2003,0,
16-02-2003,0,
17-02-2003,0,
18-02-2003,6.3,
19-02-2003,0,
20-02-2003,0,
21-02-2003,0,
22-02-2003,1.5,
23-02-2003,2.3,
24-02-2003,20,
25-02-2003,5.7,
26-02-2003,5.2,
27-02-2003,2.6,
28-02-2003,18.2,
01-03-2003,0,
02-03-2003,0,
03-03-2003,0,
04-03-2003,0,
05-03-2003,0,
06-03-2003,0,
07-03-2003,0,
08-03-2003,0,
09-03-2003,0,
10-03-2003,0,
11-03-2003,0,
12-03-2003,0,
13-03-2003,0,
14-03-2003,0,
15-03-2003,0,
16-03-2003,0,
17-03-2003,0,
18-03-2003,0,
19-03-2003,0,
20-03-2003,0,
21-03-2003,0,
22-03-2003,0,
23-03-2003,0,
24-03-2003,0,
25-03-2003,0,
26-03-2003,0,
27-03-2003,0,
28-03-2003,0,
29-03-2003,0,
30-03-2003,0,
31-03-2003,0,
01-04-2003,0,
02-04-2003,0,
03-04-2003,0,
04-04-2003,0,
05-04-2003,0,
06-04-2003,0,
07-04-2003,0,
08-04-2003,0,
09-04-2003,0,
10-04-2003,1.2,
11-04-2003,1.3,
12-04-2003,0.6,
13-04-2003,0.4,
14-04-2003,4.6,
15-04-2003,0,
16-04-2003,0,
17-04-2003,0,
18-04-2003,13.2,
19-04-2003,14.4,
20-04-2003,3.4,
21-04-2003,3.1,
22-04-2003,6.6,
23-04-2003,0.3,
24-04-2003,0.7,
25-04-2003,8.3,
26-04-2003,0,
27-04-2003,1.6,
28-04-2003,14,
29-04-2003,8.9,
30-04-2003,1.6,
01-06-2003,6.8,
02-06-2003,0.3,
03-06-2003,2.1,
04-06-2003,0,
05-06-2003,0,
06-06-2003,0,
07-06-2003,0,
08-06-2003,0,
09-06-2003,0,
10-06-2003,0,
11-06-2003,0,
12-06-2003,0,
13-06-2003,0,
14-06-2003,0,
15-06-2003,0,
16-06-2003,0,
17-06-2003,0,
18-06-2003,0,
19-06-2003,0,
20-06-2003,0,
21-06-2003,0,
22-06-2003,0,
23-06-2003,0,
24-06-2003,0,
25-06-2003,0,
26-06-2003,0,
27-06-2003,0,
28-06-2003,0,
29-06-2003,9.6,
30-06-2003,6.2,
01-07-2003,1.1,
02-07-2003,2.3,
03-07-2003,0,
04-07-2003,0,
05-07-2003,0,
06-07-2003,0,
07-07-2003,0,
08-07-2003,0,
09-07-2003,0,
10-07-2003,0,
11-07-2003,0,
12-07-2003,0,
13-07-2003,0,
14-07-2003,0,
15-07-2003,0,
16-07-2003,0,
17-07-2003,0,
18-07-2003,0,
19-07-2003,0,
20-07-2003,0,
21-07-2003,0,
22-07-2003,0,
23-07-2003,0,
24-07-2003,0,
25-07-2003,0,
26-07-2003,0,
27-07-2003,0,
28-07-2003,0,
29-07-2003,0,
30-07-2003,0,
31-07-2003,0,
01-08-2003,0,
02-08-2003,0,
03-08-2003,0,
04-08-2003,0,
05-08-2003,0,
06-08-2003,0,
07-08-2003,0,
08-08-2003,0,
09-08-2003,0,
10-08-2003,0,
11-08-2003,0,
12-08-2003,0,
13-08-2003,0,
14-08-2003,0,
15-08-2003,0,
16-08-2003,0,
17-08-2003,0,
18-08-2003,0,
19-08-2003,0,
20-08-2003,0,
21-08-2003,0,
22-08-2003,0,
23-08-2003,0,
24-08-2003,0,
25-08-2003,4.6,
26-08-2003,1.9,
27-08-2003,0.9,
28-08-2003,12.8,
29-08-2003,0,
30-08-2003,0,
31-08-2003,1.9,
01-09-2003,0,
02-09-2003,0,
03-09-2003,0,
04-09-2003,0,
05-09-2003,0,
06-09-2003,0,
07-09-2003,0,
08-09-2003,5.4,
09-09-2003,0,
10-09-2003,0,
11-09-2003,0,
12-09-2003,0,
13-09-2003,0,
14-09-2003,0,
15-09-2003,0,
16-09-2003,0,
17-09-2003,0,
18-09-2003,0,
19-09-2003,0,
20-09-2003,0,
21-09-2003,0,
22-09-2003,1.7,
23-09-2003,0,
24-09-2003,0,
25-09-2003,0,
26-09-2003,0.7,
27-09-2003,0.2,
28-09-2003,0,
29-09-2003,3,
30-09-2003,5.2,
01-10-2003,0,
02-10-2003,0,
03-10-2003,0.2,
04-10-2003,1.4,
05-10-2003,0,
06-10-2003,0,
07-10-2003,0,
08-10-2003,0,
09-10-2003,0,
10-10-2003,2.4,
11-10-2003,4.5,
12-10-2003,2.3,
13-10-2003,1.8,
14-10-2003,0,
15-10-2003,16.1,
16-10-2003,0,
17-10-2003,0,
18-10-2003,14.3,
19-10-2003,12.1,
20-10-2003,3.2,
21-10-2003,0,
22-10-2003,2.6,
23-10-2003,1.3,
24-10-2003,0,
25-10-2003,0,
26-10-2003,9.8,
27-10-2003,15.5,
28-10-2003,1.2,
29-10-2003,5.3,
30-10-2003,23.5,
31-10-2003,34,
01-11-2003,31,
02-11-2003,0.1,
03-11-2003,0,
04-11-2003,0,
05-11-2003,0,
06-11-2003,0,
07-11-2003,0.2,
08-11-2003,2.5,
09-11-2003,6.5,
10-11-2003,3.4,
11-11-2003,2.2,
12-11-2003,0,
13-11-2003,7.3,
14-11-2003,47.2,
15-11-2003,2,
16-11-2003,0,
17-11-2003,0,
18-11-2003,0.8,
19-11-2003,0,
20-11-2003,0,
21-11-2003,11.7,
22-11-2003,0,
23-11-2003,16.9,
24-11-2003,0.8,
25-11-2003,16.3,
26-11-2003,5.5,
27-11-2003,0.7,
28-11-2003,3.2,
29-11-2003,12.6,
30-11-2003,8.4,
01-01-2004,0,
02-01-2004,0,
03-01-2004,0,
04-01-2004,0,
05-01-2004,0,
06-01-2004,0,
07-01-2004,0,
08-01-2004,4.2,
09-01-2004,4.6,
10-01-2004,2.4,
11-01-2004,4.9,
12-01-2004,6.6,
13-01-2004,22.1,
14-01-2004,0.7,
15-01-2004,0,
16-01-2004,3.1,
17-01-2004,1.2,
18-01-2004,1,
19-01-2004,0.2,
20-01-2004,0,
21-01-2004,0.4,
22-01-2004,0.6,
23-01-2004,1.5,
24-01-2004,0.6,
25-01-2004,7.4,
26-01-2004,9.2,
27-01-2004,0,
28-01-2004,0.4,
29-01-2004,0,
30-01-2004,3.4,
31-01-2004,0.3,
01-02-2004,0,
02-02-2004,0,
03-02-2004,0,
04-02-2004,0,
05-02-2004,0,
06-02-2004,0.4,
07-02-2004,0,
08-02-2004,0.1,
09-02-2004,0.3,
10-02-2004,0.2,
11-02-2004,0.2,
12-02-2004,0,
13-02-2004,0,
14-02-2004,0,
15-02-2004,0,
16-02-2004,0,
17-02-2004,0,
18-02-2004,0,
19-02-2004,0,
20-02-2004,0.7,
21-02-2004,1.1,
22-02-2004,0.3,
23-02-2004,0,
24-02-2004,0.1,
25-02-2004,0,
26-02-2004,6.5,
27-02-2004,1.2,
28-02-2004,6.3,
29-02-2004,0.2,
01-03-2004,0,
02-03-2004,1.8,
03-03-2004,0,
04-03-2004,0,
05-03-2004,1.7,
06-03-2004,0,
07-03-2004,0,
08-03-2004,0.5,
09-03-2004,3.8,
10-03-2004,3,
11-03-2004,3.1,
12-03-2004,0.5,
13-03-2004,0.1,
14-03-2004,0,
15-03-2004,0,
16-03-2004,0.7,
17-03-2004,0.2,
18-03-2004,0,
19-03-2004,0.2,
20-03-2004,0,
21-03-2004,1.4,
22-03-2004,1.5,
23-03-2004,5.7,
24-03-2004,0,
25-03-2004,0,
26-03-2004,0,
27-03-2004,0,
28-03-2004,0.5,
29-03-2004,0,
30-03-2004,0.8,
31-03-2004,4.8,
01-05-2004,0,
02-05-2004,0,
03-05-2004,0,
04-05-2004,5.1,
05-05-2004,9.5,
06-05-2004,7,
07-05-2004,0.5,
08-05-2004,1.2,
09-05-2004,10.5,
10-05-2004,0,
11-05-2004,0,
12-05-2004,0,
13-05-2004,0,
14-05-2004,0,
15-05-2004,0,
16-05-2004,0,
17-05-2004,0,
18-05-2004,0,
19-05-2004,0.8,
20-05-2004,4.6,
21-05-2004,0,
22-05-2004,0,
23-05-2004,0,
24-05-2004,2.8,
25-05-2004,0,
26-05-2004,0,
27-05-2004,0,
28-05-2004,0,
29-05-2004,0,
30-05-2004,0,
31-05-2004,0.3,
01-06-2004,0,
02-06-2004,0,
03-06-2004,0,
04-06-2004,0,
05-06-2004,0,
06-06-2004,0,
07-06-2004,0,
08-06-2004,0,
09-06-2004,0,
10-06-2004,0,
11-06-2004,0,
12-06-2004,0,
13-06-2004,0,
14-06-2004,0,
15-06-2004,0,
16-06-2004,0,
17-06-2004,0,
18-06-2004,0,
19-06-2004,0,
20-06-2004,13,
21-06-2004,7.6,
22-06-2004,1.9,
23-06-2004,5.3,
24-06-2004,0,
25-06-2004,0,
26-06-2004,0,
27-06-2004,0,
28-06-2004,0,
29-06-2004,0,
30-06-2004,0,
01-07-2004,0,
02-07-2004,0,
03-07-2004,0,
04-07-2004,0,
05-07-2004,0,
06-07-2004,1.4,
07-07-2004,7.1,
08-07-2004,4.7,
09-07-2004,1.3,
10-07-2004,2.6,
11-07-2004,0,
12-07-2004,0,
13-07-2004,0,
14-07-2004,0,
15-07-2004,0,
16-07-2004,0,
17-07-2004,0,
18-07-2004,0,
19-07-2004,0,
20-07-2004,0,
21-07-2004,0,
22-07-2004,0,
23-07-2004,0,
24-07-2004,0,
25-07-2004,0,
26-07-2004,0,
27-07-2004,0,
28-07-2004,0,
29-07-2004,0,
30-07-2004,0,
31-07-2004,0,
01-09-2004,0,
02-09-2004,0.1,
03-09-2004,0.2,
04-09-2004,16.5,
05-09-2004,4.3,
06-09-2004,13.3,
07-09-2004,5.1,
08-09-2004,14.4,
09-09-2004,0,
10-09-2004,0,
11-09-2004,0,
12-09-2004,0,
13-09-2004,2.7,
14-09-2004,0.2,
15-09-2004,0,
16-09-2004,0,
17-09-2004,0,
18-09-2004,0,
19-09-2004,0,
20-09-2004,0,
21-09-2004,0,
22-09-2004,0,
23-09-2004,0,
24-09-2004,0,
25-09-2004,0,
26-09-2004,0,
27-09-2004,0,
28-09-2004,0,
29-09-2004,0,
30-09-2004,0,
01-10-2004,0.2,
02-10-2004,0,
03-10-2004,0,
04-10-2004,7.3,
05-10-2004,0,
06-10-2004,0.5,
07-10-2004,3.1,
08-10-2004,6.6,
09-10-2004,20.6,
10-10-2004,3.2,
11-10-2004,3.7,
12-10-2004,0,
13-10-2004,0.3,
14-10-2004,1.5,
15-10-2004,6.3,
16-10-2004,7.4,
17-10-2004,0.5,
18-10-2004,34.7,
19-10-2004,20.7,
20-10-2004,2.5,
21-10-2004,0,
22-10-2004,0,
23-10-2004,4.6,
24-10-2004,1.1,
25-10-2004,1.7,
26-10-2004,7.2,
27-10-2004,8.3,
28-10-2004,1,
29-10-2004,3.5,
30-10-2004,20,
31-10-2004,0,
01-11-2004,0,
02-11-2004,0,
03-11-2004,10,
04-11-2004,0,
05-11-2004,0,
06-11-2004,0,
07-11-2004,0,
08-11-2004,0,
09-11-2004,0,
10-11-2004,0,
11-11-2004,0,
12-11-2004,0,
13-11-2004,0,
14-11-2004,0,
15-11-2004,0,
16-11-2004,0.2,
17-11-2004,0.2,
18-11-2004,0,
19-11-2004,0.1,
20-11-2004,0.2,
21-11-2004,0.3,
22-11-2004,0.3,
23-11-2004,0.3,
24-11-2004,0.3,
25-11-2004,2.8,
26-11-2004,0.1,
27-11-2004,0.1,
28-11-2004,1.3,
29-11-2004,0,
30-11-2004,12.9,
01-12-2004,18.2,
02-12-2004,1,
03-12-2004,0,
04-12-2004,0,
05-12-2004,0,
06-12-2004,0.1,
07-12-2004,0.1,
08-12-2004,0,
09-12-2004,0,
10-12-2004,0.1,
11-12-2004,0.2,
12-12-2004,0,
13-12-2004,0,
14-12-2004,0.1,
15-12-2004,0,
16-12-2004,0,
17-12-2004,0.4,
18-12-2004,2,
19-12-2004,2.5,
20-12-2004,1.1,
21-12-2004,6.4,
22-12-2004,0,
23-12-2004,0,
24-12-2004,1.3,
25-12-2004,12.3,
26-12-2004,14.1,
27-12-2004,4.2,
28-12-2004,0.2,
29-12-2004,0.1,
30-12-2004,0.3,
31-12-2004,0,
01-01-2004,0,
02-01-2004,0,
03-01-2004,0,
04-01-2004,0,
05-01-2004,0,
06-01-2004,0,
07-01-2004,0,
08-01-2004,4.2,
09-01-2004,4.6,
10-01-2004,2.4,
11-01-2004,4.9,
12-01-2004,6.6,
13-01-2004,22.1,
14-01-2004,0.7,
15-01-2004,0,
16-01-2004,3.1,
17-01-2004,1.2,
18-01-2004,1,
19-01-2004,0.2,
20-01-2004,0,
21-01-2004,0.4,
22-01-2004,0.6,
23-01-2004,1.5,
24-01-2004,0.6,
25-01-2004,7.4,
26-01-2004,9.2,
27-01-2004,0,
28-01-2004,0.4,
29-01-2004,0,
30-01-2004,3.4,
31-01-2004,0.3,
01-02-2004,0,
02-02-2004,0,
03-02-2004,0,
04-02-2004,0,
05-02-2004,0,
06-02-2004,0.4,
07-02-2004,0,
08-02-2004,0.1,
09-02-2004,0.3,
10-02-2004,0.2,
11-02-2004,0.2,
12-02-2004,0,
13-02-2004,0,
14-02-2004,0,
15-02-2004,0,
16-02-2004,0,
17-02-2004,0,
18-02-2004,0,
19-02-2004,0,
20-02-2004,0.7,
21-02-2004,1.1,
22-02-2004,0.3,
23-02-2004,0,
24-02-2004,0.1,
25-02-2004,0,
26-02-2004,6.5,
27-02-2004,1.2,
28-02-2004,6.3,
29-02-2004,0.2,
01-03-2004,0,
02-03-2004,1.8,
03-03-2004,0,
04-03-2004,0,
05-03-2004,1.7,
06-03-2004,0,
07-03-2004,0,
08-03-2004,0.5,
09-03-2004,3.8,
10-03-2004,3,
11-03-2004,3.1,
12-03-2004,0.5,
13-03-2004,0.1,
14-03-2004,0,
15-03-2004,0,
16-03-2004,0.7,
17-03-2004,0.2,
18-03-2004,0,
19-03-2004,0.2,
20-03-2004,0,
21-03-2004,1.4,
22-03-2004,1.5,
23-03-2004,5.7,
24-03-2004,0,
25-03-2004,0,
26-03-2004,0,
27-03-2004,0,
28-03-2004,0.5,
29-03-2004,0,
30-03-2004,0.8,
31-03-2004,4.8,
01-05-2004,0,
02-05-2004,0,
03-05-2004,0,
04-05-2004,5.1,
05-05-2004,9.5,
06-05-2004,7,
07-05-2004,0.5,
08-05-2004,1.2,
09-05-2004,10.5,
10-05-2004,0,
11-05-2004,0,
12-05-2004,0,
13-05-2004,0,
14-05-2004,0,
15-05-2004,0,
16-05-2004,0,
17-05-2004,0,
18-05-2004,0,
19-05-2004,0.8,
20-05-2004,4.6,
21-05-2004,0,
22-05-2004,0,
23-05-2004,0,
24-05-2004,2.8,
25-05-2004,0,
26-05-2004,0,
27-05-2004,0,
28-05-2004,0,
29-05-2004,0,
30-05-2004,0,
31-05-2004,0.3,
01-06-2004,0,
02-06-2004,0,
03-06-2004,0,
04-06-2004,0,
05-06-2004,0,
06-06-2004,0,
07-06-2004,0,
08-06-2004,0,
09-06-2004,0,
10-06-2004,0,
11-06-2004,0,
12-06-2004,0,
13-06-2004,0,
14-06-2004,0,
15-06-2004,0,
16-06-2004,0,
17-06-2004,0,
18-06-2004,0,
19-06-2004,0,
20-06-2004,13,
21-06-2004,7.6,
22-06-2004,1.9,
23-06-2004,5.3,
24-06-2004,0,
25-06-2004,0,
26-06-2004,0,
27-06-2004,0,
28-06-2004,0,
29-06-2004,0,
30-06-2004,0,
01-07-2004,0,
02-07-2004,0,
03-07-2004,0,
04-07-2004,0,
05-07-2004,0,
06-07-2004,1.4,
07-07-2004,7.1,
08-07-2004,4.7,
09-07-2004,1.3,
10-07-2004,2.6,
11-07-2004,0,
12-07-2004,0,
13-07-2004,0,
14-07-2004,0,
15-07-2004,0,
16-07-2004,0,
17-07-2004,0,
18-07-2004,0,
19-07-2004,0,
20-07-2004,0,
21-07-2004,0,
22-07-2004,0,
23-07-2004,0,
24-07-2004,0,
25-07-2004,0,
26-07-2004,0,
27-07-2004,0,
28-07-2004,0,
29-07-2004,0,
30-07-2004,0,
31-07-2004,0,
01-09-2004,0,
02-09-2004,0.1,
03-09-2004,0.2,
04-09-2004,16.5,
05-09-2004,4.3,
06-09-2004,13.3,
07-09-2004,5.1,
08-09-2004,14.4,
09-09-2004,0,
10-09-2004,0,
11-09-2004,0,
12-09-2004,0,
13-09-2004,2.7,
14-09-2004,0.2,
15-09-2004,0,
16-09-2004,0,
17-09-2004,0,
18-09-2004,0,
19-09-2004,0,
20-09-2004,0,
21-09-2004,0,
22-09-2004,0,
23-09-2004,0,
24-09-2004,0,
25-09-2004,0,
26-09-2004,0,
27-09-2004,0,
28-09-2004,0,
29-09-2004,0,
30-09-2004,0,
01-10-2004,0.2,
02-10-2004,0,
03-10-2004,0,
04-10-2004,7.3,
05-10-2004,0,
06-10-2004,0.5,
07-10-2004,3.1,
08-10-2004,6.6,
09-10-2004,20.6,
10-10-2004,3.2,
11-10-2004,3.7,
12-10-2004,0,
13-10-2004,0.3,
14-10-2004,1.5,
15-10-2004,6.3,
16-10-2004,7.4,
17-10-2004,0.5,
18-10-2004,34.7,
19-10-2004,20.7,
20-10-2004,2.5,
21-10-2004,0,
22-10-2004,0,
23-10-2004,4.6,
24-10-2004,1.1,
25-10-2004,1.7,
26-10-2004,7.2,
27-10-2004,8.3,
28-10-2004,1,
29-10-2004,3.5,
30-10-2004,20,
31-10-2004,0,
01-11-2004,0,
02-11-2004,0,
03-11-2004,10,
04-11-2004,0,
05-11-2004,0,
06-11-2004,0,
07-11-2004,0,
08-11-2004,0,
09-11-2004,0,
10-11-2004,0,
11-11-2004,0,
12-11-2004,0,
13-11-2004,0,
14-11-2004,0,
15-11-2004,0,
16-11-2004,0.2,
17-11-2004,0.2,
18-11-2004,0,
19-11-2004,0.1,
20-11-2004,0.2,
21-11-2004,0.3,
22-11-2004,0.3,
23-11-2004,0.3,
24-11-2004,0.3,
25-11-2004,2.8,
26-11-2004,0.1,
27-11-2004,0.1,
28-11-2004,1.3,
29-11-2004,0,
30-11-2004,12.9,
01-12-2004,18.2,
02-12-2004,1,
03-12-2004,0,
04-12-2004,0,
05-12-2004,0,
06-12-2004,0.1,
07-12-2004,0.1,
08-12-2004,0,
09-12-2004,0,
10-12-2004,0.1,
11-12-2004,0.2,
12-12-2004,0,
13-12-2004,0,
14-12-2004,0.1,
15-12-2004,0,
16-12-2004,0,
17-12-2004,0.4,
18-12-2004,2,
19-12-2004,2.5,
20-12-2004,1.1,
21-12-2004,6.4,
22-12-2004,0,
23-12-2004,0,
24-12-2004,1.3,
25-12-2004,12.3,
26-12-2004,14.1,
27-12-2004,4.2,
28-12-2004,0.2,
29-12-2004,0.1,
30-12-2004,0.3,
31-12-2004,0,
01-01-2005,0,
02-01-2005,0,
03-01-2005,0.4,
04-01-2005,0,
05-01-2005,0,
06-01-2005,0.1,
07-01-2005,0,
08-01-2005,0.3,
09-01-2005,0,
10-01-2005,0,
11-01-2005,3,
12-01-2005,14,
13-01-2005,8.2,
14-01-2005,0,
15-01-2005,0.3,
16-01-2005,0,
17-01-2005,0.1,
18-01-2005,4.6,
19-01-2005,0.9,
20-01-2005,0,
21-01-2005,0,
22-01-2005,0,
23-01-2005,0,
24-01-2005,0,
25-01-2005,3.2,
26-01-2005,0,
27-01-2005,0.1,
28-01-2005,3.4,
29-01-2005,2,
30-01-2005,0,
31-01-2005,0,
01-02-2005,0,
02-02-2005,0,
03-02-2005,0,
04-02-2005,0,
05-02-2005,1.3,
06-02-2005,0.2,
07-02-2005,0.3,
08-02-2005,0,
09-02-2005,0.1,
10-02-2005,0,
11-02-2005,0,
12-02-2005,0.5,
13-02-2005,0.6,
14-02-2005,0.1,
15-02-2005,0.9,
16-02-2005,0,
17-02-2005,0,
18-02-2005,0,
19-02-2005,0.3,
20-02-2005,3.6,
21-02-2005,6.3,
22-02-2005,1.9,
23-02-2005,0.4,
24-02-2005,0.3,
25-02-2005,0.1,
26-02-2005,2.2,
27-02-2005,0,
28-02-2005,0.7,
01-03-2005,0.3,
02-03-2005,0.8,
03-03-2005,5.9,
04-03-2005,6.4,
05-03-2005,2.9,
06-03-2005,0.4,
07-03-2005,0.2,
08-03-2005,0,
09-03-2005,0,
10-03-2005,0,
11-03-2005,0,
12-03-2005,0,
13-03-2005,0,
14-03-2005,0,
15-03-2005,0,
16-03-2005,0,
17-03-2005,0,
18-03-2005,0,
19-03-2005,0,
20-03-2005,9.1,
21-03-2005,8.7,
22-03-2005,0,
23-03-2005,4,
24-03-2005,0,
25-03-2005,9.4,
26-03-2005,23.2,
27-03-2005,2.9,
28-03-2005,3.4,
29-03-2005,2.6,
30-03-2005,0.4,
31-03-2005,0,
01-04-2005,6.5,
02-04-2005,0.2,
03-04-2005,9.8,
04-04-2005,0.3,
05-04-2005,0,
06-04-2005,0.2,
07-04-2005,1.4,
08-04-2005,1.1,
09-04-2005,0,
10-04-2005,0,
11-04-2005,0,
12-04-2005,0,
13-04-2005,0.4,
14-04-2005,4.1,
15-04-2005,5.5,
16-04-2005,4.1,
17-04-2005,9.9,
18-04-2005,11.7,
19-04-2005,6.8,
20-04-2005,4.5,
21-04-2005,0,
22-04-2005,3.3,
23-04-2005,3,
24-04-2005,0.4,
25-04-2005,0,
26-04-2005,0,
27-04-2005,0,
28-04-2005,0,
29-04-2005,0,
30-04-2005,0,
01-05-2005,0.1,
02-05-2005,4.9,
03-05-2005,0.8,
04-05-2005,0,
05-05-2005,0,
06-05-2005,0,
07-05-2005,0,
08-05-2005,0,
09-05-2005,0,
10-05-2005,11,
11-05-2005,8.7,
12-05-2005,0.7,
13-05-2005,6.8,
14-05-2005,10.1,
15-05-2005,26.7,
16-05-2005,7.3,
17-05-2005,0,
18-05-2005,0,
19-05-2005,0,
20-05-2005,0.4,
21-05-2005,0.8,
22-05-2005,0.7,
23-05-2005,0,
24-05-2005,0,
25-05-2005,0,
26-05-2005,0,
27-05-2005,0,
28-05-2005,0,
29-05-2005,0,
30-05-2005,0,
31-05-2005,0,
01-06-2005,0,
02-06-2005,0,
03-06-2005,0,
04-06-2005,0,
05-06-2005,0,
06-06-2005,0,
07-06-2005,0,
08-06-2005,0,
09-06-2005,0,
10-06-2005,0,
11-06-2005,0.1,
12-06-2005,0.1,
13-06-2005,24.6,
14-06-2005,0,
15-06-2005,0.2,
16-06-2005,0,
17-06-2005,0,
18-06-2005,0,
19-06-2005,0,
20-06-2005,0,
21-06-2005,0,
22-06-2005,0,
23-06-2005,0,
24-06-2005,0,
25-06-2005,0,
26-06-2005,0,
27-06-2005,0,
28-06-2005,9.7,
29-06-2005,1.4,
30-06-2005,0.1,
01-07-2005,0,
02-07-2005,0,
03-07-2005,0.7,
04-07-2005,0,
05-07-2005,0,
06-07-2005,0,
07-07-2005,0,
08-07-2005,0,
09-07-2005,0,
10-07-2005,0,
11-07-2005,0,
12-07-2005,0,
13-07-2005,0,
14-07-2005,0,
15-07-2005,0,
16-07-2005,0,
17-07-2005,0,
18-07-2005,0,
19-07-2005,0,
20-07-2005,0,
21-07-2005,0,
22-07-2005,0,
23-07-2005,0,
24-07-2005,0.3,
25-07-2005,0,
26-07-2005,0,
27-07-2005,15.4,
28-07-2005,7.4,
29-07-2005,0,
30-07-2005,0,
31-07-2005,0,
01-08-2005,0,
02-08-2005,0,
03-08-2005,0,
04-08-2005,0,
05-08-2005,0,
06-08-2005,0,
07-08-2005,0,
08-08-2005,0,
09-08-2005,20.2,
10-08-2005,6,
11-08-2005,0,
12-08-2005,0,
13-08-2005,0,
14-08-2005,0,
15-08-2005,4.7,
16-08-2005,0,
17-08-2005,0,
18-08-2005,0,
19-08-2005,0,
20-08-2005,0,
21-08-2005,0,
22-08-2005,0,
23-08-2005,0,
24-08-2005,0,
25-08-2005,1.5,
26-08-2005,0,
27-08-2005,0.7,
28-08-2005,0,
29-08-2005,0.1,
30-08-2005,0,
31-08-2005,0,
01-09-2005,0,
02-09-2005,0,
03-09-2005,0,
04-09-2005,0.3,
05-09-2005,0.5,
06-09-2005,0,
07-09-2005,0,
08-09-2005,10.8,
09-09-2005,2.9,
10-09-2005,16.3,
11-09-2005,0,
12-09-2005,0,
13-09-2005,0,
14-09-2005,0,
15-09-2005,0,
16-09-2005,0.4,
17-09-2005,0,
18-09-2005,0,
19-09-2005,0,
20-09-2005,0,
21-09-2005,0,
22-09-2005,0,
23-09-2005,0,
24-09-2005,0,
25-09-2005,0.5,
26-09-2005,0,
27-09-2005,0.3,
28-09-2005,0,
29-09-2005,0,
30-09-2005,0,
01-10-2005,0,
02-10-2005,0,
03-10-2005,0,
04-10-2005,0,
05-10-2005,0,
06-10-2005,0,
07-10-2005,0,
08-10-2005,0,
09-10-2005,0.9,
10-10-2005,16.2,
11-10-2005,13.8,
12-10-2005,5.7,
13-10-2005,0.4,
14-10-2005,8,
15-10-2005,0,
16-10-2005,0.6,
17-10-2005,2.1,
18-10-2005,10.6,
19-10-2005,15.7,
20-10-2005,4.6,
21-10-2005,9.2,
22-10-2005,4.5,
23-10-2005,0,
24-10-2005,0,
25-10-2005,0,
26-10-2005,0,
27-10-2005,4.9,
28-10-2005,1.4,
29-10-2005,10.5,
30-10-2005,7.5,
31-10-2005,12.5,
01-11-2005,1.7,
02-11-2005,5.3,
03-11-2005,2,
04-11-2005,2.5,
05-11-2005,0,
06-11-2005,0,
07-11-2005,0,
08-11-2005,19.7,
09-11-2005,0.6,
10-11-2005,0,
11-11-2005,3.5,
12-11-2005,4.2,
13-11-2005,16.6,
14-11-2005,0,
15-11-2005,0.4,
16-11-2005,0.5,
17-11-2005,0,
18-11-2005,0,
19-11-2005,1.9,
20-11-2005,0,
21-11-2005,0,
22-11-2005,0,
23-11-2005,0,
24-11-2005,0.2,
25-11-2005,10,
26-11-2005,7.3,
27-11-2005,1.4,
28-11-2005,0.5,
29-11-2005,0.9,
30-11-2005,0.1,
01-12-2005,34.1,
02-12-2005,6.7,
03-12-2005,3.2,
04-12-2005,4.5,
05-12-2005,2.3,
06-12-2005,0.8,
07-12-2005,1.8,
08-12-2005,0.4,
09-12-2005,0.1,
10-12-2005,0.2,
11-12-2005,0,
12-12-2005,0,
13-12-2005,0,
14-12-2005,0,
15-12-2005,0,
16-12-2005,0.1,
17-12-2005,0.2,
18-12-2005,0,
19-12-2005,0.2,
20-12-2005,0,
21-12-2005,0,
22-12-2005,0,
23-12-2005,0,
24-12-2005,0.3,
25-12-2005,0,
26-12-2005,11.4,
27-12-2005,6.1,
28-12-2005,3.9,
29-12-2005,5.2,
30-12-2005,10.4,
31-12-2005,10.3,
01-01-2005,0,
02-01-2005,0,
03-01-2005,0.4,
04-01-2005,0,
05-01-2005,0,
06-01-2005,0.1,
07-01-2005,0,
08-01-2005,0.3,
09-01-2005,0,
10-01-2005,0,
11-01-2005,3,
12-01-2005,14,
13-01-2005,8.2,
14-01-2005,0,
15-01-2005,0.3,
16-01-2005,0,
17-01-2005,0.1,
18-01-2005,4.6,
19-01-2005,0.9,
20-01-2005,0,
21-01-2005,0,
22-01-2005,0,
23-01-2005,0,
24-01-2005,0,
25-01-2005,3.2,
26-01-2005,0,
27-01-2005,0.1,
28-01-2005,3.4,
29-01-2005,2,
30-01-2005,0,
31-01-2005,0,
01-02-2005,0,
02-02-2005,0,
03-02-2005,0,
04-02-2005,0,
05-02-2005,1.3,
06-02-2005,0.2,
07-02-2005,0.3,
08-02-2005,0,
09-02-2005,0.1,
10-02-2005,0,
11-02-2005,0,
12-02-2005,0.5,
13-02-2005,0.6,
14-02-2005,0.1,
15-02-2005,0.9,
16-02-2005,0,
17-02-2005,0,
18-02-2005,0,
19-02-2005,0.3,
20-02-2005,3.6,
21-02-2005,6.3,
22-02-2005,1.9,
23-02-2005,0.4,
24-02-2005,0.3,
25-02-2005,0.1,
26-02-2005,2.2,
27-02-2005,0,
28-02-2005,0.7,
01-03-2005,0.3,
02-03-2005,0.8,
03-03-2005,5.9,
04-03-2005,6.4,
05-03-2005,2.9,
06-03-2005,0.4,
07-03-2005,0.2,
08-03-2005,0,
09-03-2005,0,
10-03-2005,0,
11-03-2005,0,
12-03-2005,0,
13-03-2005,0,
14-03-2005,0,
15-03-2005,0,
16-03-2005,0,
17-03-2005,0,
18-03-2005,0,
19-03-2005,0,
20-03-2005,9.1,
21-03-2005,8.7,
22-03-2005,0,
23-03-2005,4,
24-03-2005,0,
25-03-2005,9.4,
26-03-2005,23.2,
27-03-2005,2.9,
28-03-2005,3.4,
29-03-2005,2.6,
30-03-2005,0.4,
31-03-2005,0,
01-04-2005,6.5,
02-04-2005,0.2,
03-04-2005,9.8,
04-04-2005,0.3,
05-04-2005,0,
06-04-2005,0.2,
07-04-2005,1.4,
08-04-2005,1.1,
09-04-2005,0,
10-04-2005,0,
11-04-2005,0,
12-04-2005,0,
13-04-2005,0.4,
14-04-2005,4.1,
15-04-2005,5.5,
16-04-2005,4.1,
17-04-2005,9.9,
18-04-2005,11.7,
19-04-2005,6.8,
20-04-2005,4.5,
21-04-2005,0,
22-04-2005,3.3,
23-04-2005,3,
24-04-2005,0.4,
25-04-2005,0,
26-04-2005,0,
27-04-2005,0,
28-04-2005,0,
29-04-2005,0,
30-04-2005,0,
01-05-2005,0.1,
02-05-2005,4.9,
03-05-2005,0.8,
04-05-2005,0,
05-05-2005,0,
06-05-2005,0,
07-05-2005,0,
08-05-2005,0,
09-05-2005,0,
10-05-2005,11,
11-05-2005,8.7,
12-05-2005,0.7,
13-05-2005,6.8,
14-05-2005,10.1,
15-05-2005,26.7,
16-05-2005,7.3,
17-05-2005,0,
18-05-2005,0,
19-05-2005,0,
20-05-2005,0.4,
21-05-2005,0.8,
22-05-2005,0.7,
23-05-2005,0,
24-05-2005,0,
25-05-2005,0,
26-05-2005,0,
27-05-2005,0,
28-05-2005,0,
29-05-2005,0,
30-05-2005,0,
31-05-2005,0,
01-06-2005,0,
02-06-2005,0,
03-06-2005,0,
04-06-2005,0,
05-06-2005,0,
06-06-2005,0,
07-06-2005,0,
08-06-2005,0,
09-06-2005,0,
10-06-2005,0,
11-06-2005,0.1,
12-06-2005,0.1,
13-06-2005,24.6,
14-06-2005,0,
15-06-2005,0.2,
16-06-2005,0,
17-06-2005,0,
18-06-2005,0,
19-06-2005,0,
20-06-2005,0,
21-06-2005,0,
22-06-2005,0,
23-06-2005,0,
24-06-2005,0,
25-06-2005,0,
26-06-2005,0,
27-06-2005,0,
28-06-2005,9.7,
29-06-2005,1.4,
30-06-2005,0.1,
01-07-2005,0,
02-07-2005,0,
03-07-2005,0.7,
04-07-2005,0,
05-07-2005,0,
06-07-2005,0,
07-07-2005,0,
08-07-2005,0,
09-07-2005,0,
10-07-2005,0,
11-07-2005,0,
12-07-2005,0,
13-07-2005,0,
14-07-2005,0,
15-07-2005,0,
16-07-2005,0,
17-07-2005,0,
18-07-2005,0,
19-07-2005,0,
20-07-2005,0,
21-07-2005,0,
22-07-2005,0,
23-07-2005,0,
24-07-2005,0.3,
25-07-2005,0,
26-07-2005,0,
27-07-2005,15.4,
28-07-2005,7.4,
29-07-2005,0,
30-07-2005,0,
31-07-2005,0,
01-08-2005,0,
02-08-2005,0,
03-08-2005,0,
04-08-2005,0,
05-08-2005,0,
06-08-2005,0,
07-08-2005,0,
08-08-2005,0,
09-08-2005,20.2,
10-08-2005,6,
11-08-2005,0,
12-08-2005,0,
13-08-2005,0,
14-08-2005,0,
15-08-2005,4.7,
16-08-2005,0,
17-08-2005,0,
18-08-2005,0,
19-08-2005,0,
20-08-2005,0,
21-08-2005,0,
22-08-2005,0,
23-08-2005,0,
24-08-2005,0,
25-08-2005,1.5,
26-08-2005,0,
27-08-2005,0.7,
28-08-2005,0,
29-08-2005,0.1,
30-08-2005,0,
31-08-2005,0,
01-09-2005,0,
02-09-2005,0,
03-09-2005,0,
04-09-2005,0.3,
05-09-2005,0.5,
06-09-2005,0,
07-09-2005,0,
08-09-2005,10.8,
09-09-2005,2.9,
10-09-2005,16.3,
11-09-2005,0,
12-09-2005,0,
13-09-2005,0,
14-09-2005,0,
15-09-2005,0,
16-09-2005,0.4,
17-09-2005,0,
18-09-2005,0,
19-09-2005,0,
20-09-2005,0,
21-09-2005,0,
22-09-2005,0,
23-09-2005,0,
24-09-2005,0,
25-09-2005,0.5,
26-09-2005,0,
27-09-2005,0.3,
28-09-2005,0,
29-09-2005,0,
30-09-2005,0,
01-10-2005,0,
02-10-2005,0,
03-10-2005,0,
04-10-2005,0,
05-10-2005,0,
06-10-2005,0,
07-10-2005,0,
08-10-2005,0,
09-10-2005,0.9,
10-10-2005,16.2,
11-10-2005,13.8,
12-10-2005,5.7,
13-10-2005,0.4,
14-10-2005,8,
15-10-2005,0,
16-10-2005,0.6,
17-10-2005,2.1,
18-10-2005,10.6,
19-10-2005,15.7,
20-10-2005,4.6,
21-10-2005,9.2,
22-10-2005,4.5,
23-10-2005,0,
24-10-2005,0,
25-10-2005,0,
26-10-2005,0,
27-10-2005,4.9,
28-10-2005,1.4,
29-10-2005,10.5,
30-10-2005,7.5,
31-10-2005,12.5,
01-11-2005,1.7,
02-11-2005,5.3,
03-11-2005,2,
04-11-2005,2.5,
05-11-2005,0,
06-11-2005,0,
07-11-2005,0,
08-11-2005,19.7,
09-11-2005,0.6,
10-11-2005,0,
11-11-2005,3.5,
12-11-2005,4.2,
13-11-2005,16.6,
14-11-2005,0,
15-11-2005,0.4,
16-11-2005,0.5,
17-11-2005,0,
18-11-2005,0,
19-11-2005,1.9,
20-11-2005,0,
21-11-2005,0,
22-11-2005,0,
23-11-2005,0,
24-11-2005,0.2,
25-11-2005,10,
26-11-2005,7.3,
27-11-2005,1.4,
28-11-2005,0.5,
29-11-2005,0.9,
30-11-2005,0.1,
01-12-2005,34.1,
02-12-2005,6.7,
03-12-2005,3.2,
04-12-2005,4.5,
05-12-2005,2.3,
06-12-2005,0.8,
07-12-2005,1.8,
08-12-2005,0.4,
09-12-2005,0.1,
10-12-2005,0.2,
11-12-2005,0,
12-12-2005,0,
13-12-2005,0,
14-12-2005,0,
15-12-2005,0,
16-12-2005,0.1,
17-12-2005,0.2,
18-12-2005,0,
19-12-2005,0.2,
20-12-2005,0,
21-12-2005,0,
22-12-2005,0,
23-12-2005,0,
24-12-2005,0.3,
25-12-2005,0,
26-12-2005,11.4,
27-12-2005,6.1,
28-12-2005,3.9,
29-12-2005,5.2,
30-12-2005,10.4,
31-12-2005,10.3,
01-01-2006,0,
02-01-2006,0,
03-01-2006,0,
04-01-2006,0,
05-01-2006,0,
06-01-2006,0,
07-01-2006,0,
08-01-2006,0,
09-01-2006,0,
10-01-2006,0,
11-01-2006,0,
12-01-2006,0,
13-01-2006,0,
14-01-2006,0,
15-01-2006,0,
16-01-2006,0,
17-01-2006,0,
18-01-2006,0,
19-01-2006,0,
20-01-2006,0,
21-01-2006,0,
22-01-2006,0,
23-01-2006,0,
24-01-2006,0,
25-01-2006,0,
26-01-2006,0,
27-01-2006,0,
28-01-2006,0,
29-01-2006,0,
30-01-2006,0,
31-01-2006,0,
01-02-2006,0,
02-02-2006,0,
03-02-2006,0,
04-02-2006,0,
05-02-2006,0,
06-02-2006,0,
07-02-2006,0,
08-02-2006,0,
09-02-2006,0,
10-02-2006,0,
11-02-2006,0,
12-02-2006,0,
13-02-2006,0,
14-02-2006,0,
15-02-2006,0,
16-02-2006,0,
17-02-2006,0,
18-02-2006,0,
19-02-2006,0,
20-02-2006,0,
21-02-2006,0,
22-02-2006,0,
23-02-2006,0,
24-02-2006,0,
25-02-2006,0,
26-02-2006,0,
27-02-2006,0,
28-02-2006,0,
01-03-2006,0.9,
02-03-2006,5.8,
03-03-2006,1.8,
04-03-2006,22.8,
05-03-2006,2.3,
06-03-2006,1.1,
07-03-2006,0.6,
08-03-2006,0.3,
09-03-2006,6.4,
10-03-2006,1,
11-03-2006,0,
12-03-2006,0,
13-03-2006,0,
14-03-2006,0,
15-03-2006,0,
16-03-2006,0.1,
17-03-2006,9.8,
18-03-2006,7.2,
19-03-2006,10.2,
20-03-2006,7,
21-03-2006,4.6,
22-03-2006,12.6,
23-03-2006,24.5,
24-03-2006,1.7,
25-03-2006,2.5,
26-03-2006,1.1,
27-03-2006,7.1,
28-03-2006,1.5,
29-03-2006,4.1,
30-03-2006,5.8,
31-03-2006,0,
01-04-2006,3.3,
02-04-2006,0.1,
03-04-2006,0,
04-04-2006,6,
05-04-2006,1.8,
06-04-2006,2.9,
07-04-2006,0,
08-04-2006,0.2,
09-04-2006,0.8,
10-04-2006,0,
11-04-2006,0,
12-04-2006,0,
13-04-2006,10.8,
14-04-2006,0,
15-04-2006,0,
16-04-2006,0,
17-04-2006,0,
18-04-2006,0,
19-04-2006,0,
20-04-2006,7.2,
21-04-2006,3.7,
22-04-2006,0,
23-04-2006,0,
24-04-2006,0,
25-04-2006,0,
26-04-2006,0,
27-04-2006,0,
28-04-2006,0,
29-04-2006,0,
30-04-2006,0,
01-05-2006,0,
02-05-2006,0,
03-05-2006,0,
04-05-2006,0,
05-05-2006,0,
06-05-2006,0,
07-05-2006,1.1,
08-05-2006,0,
09-05-2006,0,
10-05-2006,1,
11-05-2006,0,
12-05-2006,0,
13-05-2006,0,
14-05-2006,0,
15-05-2006,0,
16-05-2006,0,
17-05-2006,0.8,
18-05-2006,0,
19-05-2006,0.4,
20-05-2006,1.2,
21-05-2006,3.8,
22-05-2006,2.3,
23-05-2006,0,
24-05-2006,0,
25-05-2006,0,
26-05-2006,0,
27-05-2006,0,
28-05-2006,0,
29-05-2006,0,
30-05-2006,0,
31-05-2006,0,
01-06-2006,0,
02-06-2006,0,
03-06-2006,0,
04-06-2006,0,
05-06-2006,0,
06-06-2006,0,
07-06-2006,0,
08-06-2006,0,
09-06-2006,0,
10-06-2006,0,
11-06-2006,0,
12-06-2006,3,
13-06-2006,1.2,
14-06-2006,0.7,
15-06-2006,0.5,
16-06-2006,3.1,
17-06-2006,0,
18-06-2006,0.3,
19-06-2006,0,
20-06-2006,0.2,
21-06-2006,0,
22-06-2006,0,
23-06-2006,0,
24-06-2006,0,
25-06-2006,0,
26-06-2006,0,
27-06-2006,0,
28-06-2006,0,
29-06-2006,0,
30-06-2006,0,
01-07-2006,0,
02-07-2006,0,
03-07-2006,0.8,
04-07-2006,0.4,
05-07-2006,0,
06-07-2006,0,
07-07-2006,0,
08-07-2006,0,
09-07-2006,0,
10-07-2006,0,
11-07-2006,0,
12-07-2006,0,
13-07-2006,0,
14-07-2006,0,
15-07-2006,0,
16-07-2006,0,
17-07-2006,0,
18-07-2006,0,
19-07-2006,0,
20-07-2006,0,
21-07-2006,0,
22-07-2006,0,
23-07-2006,0,
24-07-2006,0,
25-07-2006,0,
26-07-2006,0.4,
27-07-2006,0,
28-07-2006,0,
29-07-2006,1.2,
30-07-2006,0,
31-07-2006,0.3,
01-08-2006,0,
02-08-2006,0.1,
03-08-2006,0,
04-08-2006,0,
05-08-2006,0,
06-08-2006,0,
07-08-2006,0,
08-08-2006,0,
09-08-2006,0,
10-08-2006,0,
11-08-2006,0,
12-08-2006,0,
13-08-2006,0,
14-08-2006,0,
15-08-2006,7.4,
16-08-2006,2.7,
17-08-2006,0.2,
18-08-2006,0.6,
19-08-2006,0.2,
20-08-2006,0,
21-08-2006,0,
22-08-2006,0,
23-08-2006,0,
24-08-2006,0,
25-08-2006,0,
26-08-2006,0,
27-08-2006,0,
28-08-2006,0,
29-08-2006,0,
30-08-2006,0,
31-08-2006,0,
01-09-2006,0,
02-09-2006,0,
03-09-2006,0,
04-09-2006,0,
05-09-2006,0,
06-09-2006,0,
07-09-2006,0,
08-09-2006,0,
09-09-2006,0,
10-09-2006,0,
11-09-2006,0,
12-09-2006,0,
13-09-2006,8.7,
14-09-2006,2.2,
15-09-2006,0.7,
16-09-2006,0.7,
17-09-2006,1.9,
18-09-2006,0,
19-09-2006,0,
20-09-2006,0,
21-09-2006,1.6,
22-09-2006,12.2,
23-09-2006,16.4,
24-09-2006,13.7,
25-09-2006,0,
26-09-2006,0,
27-09-2006,0.1,
28-09-2006,2,
29-09-2006,6.8,
30-09-2006,4.1,
01-10-2006,12,
02-10-2006,26.5,
03-10-2006,4.1,
04-10-2006,1.2,
05-10-2006,0.2,
06-10-2006,36.9,
07-10-2006,2.1,
08-10-2006,0,
09-10-2006,0.1,
10-10-2006,27.1,
11-10-2006,0,
12-10-2006,0.1,
13-10-2006,0.1,
14-10-2006,0,
15-10-2006,0.1,
16-10-2006,5.4,
17-10-2006,0.4,
18-10-2006,13.4,
19-10-2006,46.4,
20-10-2006,2,
21-10-2006,14.8,
22-10-2006,47,
23-10-2006,5,
24-10-2006,20.3,
25-10-2006,4,
26-10-2006,0,
27-10-2006,0.1,
28-10-2006,0,
29-10-2006,0.1,
30-10-2006,0.2,
31-10-2006,0,
01-11-2006,0,
02-11-2006,0,
03-11-2006,0.2,
04-11-2006,0,
05-11-2006,0.6,
06-11-2006,0,
07-11-2006,0,
08-11-2006,0,
09-11-2006,0,
10-11-2006,0,
11-11-2006,0.1,
12-11-2006,0.2,
13-11-2006,0.3,
14-11-2006,0,
15-11-2006,19.1,
16-11-2006,0.3,
17-11-2006,6.3,
18-11-2006,38.7,
19-11-2006,2.2,
20-11-2006,3.9,
21-11-2006,5.9,
22-11-2006,1.7,
23-11-2006,15.1,
24-11-2006,28.4,
25-11-2006,3.1,
26-11-2006,7.5,
27-11-2006,25.5,
28-11-2006,0.2,
29-11-2006,0.2,
30-11-2006,0,
01-12-2006,15.6,
02-12-2006,0.9,
03-12-2006,13.2,
04-12-2006,4.1,
05-12-2006,17.9,
06-12-2006,4.1,
07-12-2006,20.2,
08-12-2006,28,
09-12-2006,12.6,
10-12-2006,0.2,
11-12-2006,5.1,
12-12-2006,0.1,
13-12-2006,0,
14-12-2006,0,
15-12-2006,0.2,
16-12-2006,5,
17-12-2006,0.8,
18-12-2006,2.4,
19-12-2006,0,
20-12-2006,0.2,
21-12-2006,0.4,
22-12-2006,0,
23-12-2006,0.6,
24-12-2006,1.4,
25-12-2006,0.2,
26-12-2006,0.5,
27-12-2006,0.2,
28-12-2006,0,
29-12-2006,7,
30-12-2006,0,
31-12-2006,0,
01-01-2006,0,
02-01-2006,0,
03-01-2006,0,
04-01-2006,0,
05-01-2006,0,
06-01-2006,0,
07-01-2006,0,
08-01-2006,0,
09-01-2006,0,
10-01-2006,0,
11-01-2006,0,
12-01-2006,0,
13-01-2006,0,
14-01-2006,0,
15-01-2006,0,
16-01-2006,0,
17-01-2006,0,
18-01-2006,0,
19-01-2006,0,
20-01-2006,0,
21-01-2006,0,
22-01-2006,0,
23-01-2006,0,
24-01-2006,0,
25-01-2006,0,
26-01-2006,0,
27-01-2006,0,
28-01-2006,0,
29-01-2006,0,
30-01-2006,0,
31-01-2006,0,
01-02-2006,0,
02-02-2006,0,
03-02-2006,0,
04-02-2006,0,
05-02-2006,0,
06-02-2006,0,
07-02-2006,0,
08-02-2006,0,
09-02-2006,0,
10-02-2006,0,
11-02-2006,0,
12-02-2006,0,
13-02-2006,0,
14-02-2006,0,
15-02-2006,0,
16-02-2006,0,
17-02-2006,0,
18-02-2006,0,
19-02-2006,0,
20-02-2006,0,
21-02-2006,0,
22-02-2006,0,
23-02-2006,0,
24-02-2006,0,
25-02-2006,0,
26-02-2006,0,
27-02-2006,0,
28-02-2006,0,
01-03-2006,0.9,
02-03-2006,5.8,
03-03-2006,1.8,
04-03-2006,22.8,
05-03-2006,2.3,
06-03-2006,1.1,
07-03-2006,0.6,
08-03-2006,0.3,
09-03-2006,6.4,
10-03-2006,1,
11-03-2006,0,
12-03-2006,0,
13-03-2006,0,
14-03-2006,0,
15-03-2006,0,
16-03-2006,0.1,
17-03-2006,9.8,
18-03-2006,7.2,
19-03-2006,10.2,
20-03-2006,7,
21-03-2006,4.6,
22-03-2006,12.6,
23-03-2006,24.5,
24-03-2006,1.7,
25-03-2006,2.5,
26-03-2006,1.1,
27-03-2006,7.1,
28-03-2006,1.5,
29-03-2006,4.1,
30-03-2006,5.8,
31-03-2006,0,
01-04-2006,3.3,
02-04-2006,0.1,
03-04-2006,0,
04-04-2006,6,
05-04-2006,1.8,
06-04-2006,2.9,
07-04-2006,0,
08-04-2006,0.2,
09-04-2006,0.8,
10-04-2006,0,
11-04-2006,0,
12-04-2006,0,
13-04-2006,10.8,
14-04-2006,0,
15-04-2006,0,
16-04-2006,0,
17-04-2006,0,
18-04-2006,0,
19-04-2006,0,
20-04-2006,7.2,
21-04-2006,3.7,
22-04-2006,0,
23-04-2006,0,
24-04-2006,0,
25-04-2006,0,
26-04-2006,0,
27-04-2006,0,
28-04-2006,0,
29-04-2006,0,
30-04-2006,0,
01-05-2006,0,
02-05-2006,0,
03-05-2006,0,
04-05-2006,0,
05-05-2006,0,
06-05-2006,0,
07-05-2006,1.1,
08-05-2006,0,
09-05-2006,0,
10-05-2006,1,
11-05-2006,0,
12-05-2006,0,
13-05-2006,0,
14-05-2006,0,
15-05-2006,0,
16-05-2006,0,
17-05-2006,0.8,
18-05-2006,0,
19-05-2006,0.4,
20-05-2006,1.2,
21-05-2006,3.8,
22-05-2006,2.3,
23-05-2006,0,
24-05-2006,0,
25-05-2006,0,
26-05-2006,0,
27-05-2006,0,
28-05-2006,0,
29-05-2006,0,
30-05-2006,0,
31-05-2006,0,
01-06-2006,0,
02-06-2006,0,
03-06-2006,0,
04-06-2006,0,
05-06-2006,0,
06-06-2006,0,
07-06-2006,0,
08-06-2006,0,
09-06-2006,0,
10-06-2006,0,
11-06-2006,0,
12-06-2006,3,
13-06-2006,1.2,
14-06-2006,0.7,
15-06-2006,0.5,
16-06-2006,3.1,
17-06-2006,0,
18-06-2006,0.3,
19-06-2006,0,
20-06-2006,0.2,
21-06-2006,0,
22-06-2006,0,
23-06-2006,0,
24-06-2006,0,
25-06-2006,0,
26-06-2006,0,
27-06-2006,0,
28-06-2006,0,
29-06-2006,0,
30-06-2006,0,
01-07-2006,0,
02-07-2006,0,
03-07-2006,0.8,
04-07-2006,0.4,
05-07-2006,0,
06-07-2006,0,
07-07-2006,0,
08-07-2006,0,
09-07-2006,0,
10-07-2006,0,
11-07-2006,0,
12-07-2006,0,
13-07-2006,0,
14-07-2006,0,
15-07-2006,0,
16-07-2006,0,
17-07-2006,0,
18-07-2006,0,
19-07-2006,0,
20-07-2006,0,
21-07-2006,0,
22-07-2006,0,
23-07-2006,0,
24-07-2006,0,
25-07-2006,0,
26-07-2006,0.4,
27-07-2006,0,
28-07-2006,0,
29-07-2006,1.2,
30-07-2006,0,
31-07-2006,0.3,
01-08-2006,0,
02-08-2006,0.1,
03-08-2006,0,
04-08-2006,0,
05-08-2006,0,
06-08-2006,0,
07-08-2006,0,
08-08-2006,0,
09-08-2006,0,
10-08-2006,0,
11-08-2006,0,
12-08-2006,0,
13-08-2006,0,
14-08-2006,0,
15-08-2006,7.4,
16-08-2006,2.7,
17-08-2006,0.2,
18-08-2006,0.6,
19-08-2006,0.2,
20-08-2006,0,
21-08-2006,0,
22-08-2006,0,
23-08-2006,0,
24-08-2006,0,
25-08-2006,0,
26-08-2006,0,
27-08-2006,0,
28-08-2006,0,
29-08-2006,0,
30-08-2006,0,
31-08-2006,0,
01-09-2006,0,
02-09-2006,0,
03-09-2006,0,
04-09-2006,0,
05-09-2006,0,
06-09-2006,0,
07-09-2006,0,
08-09-2006,0,
09-09-2006,0,
10-09-2006,0,
11-09-2006,0,
12-09-2006,0,
13-09-2006,8.7,
14-09-2006,2.2,
15-09-2006,0.7,
16-09-2006,0.7,
17-09-2006,1.9,
18-09-2006,0,
19-09-2006,0,
20-09-2006,0,
21-09-2006,1.6,
22-09-2006,12.2,
23-09-2006,16.4,
24-09-2006,13.7,
25-09-2006,0,
26-09-2006,0,
27-09-2006,0.1,
28-09-2006,2,
29-09-2006,6.8,
30-09-2006,4.1,
01-10-2006,12,
02-10-2006,26.5,
03-10-2006,4.1,
04-10-2006,1.2,
05-10-2006,0.2,
06-10-2006,36.9,
07-10-2006,2.1,
08-10-2006,0,
09-10-2006,0.1,
10-10-2006,27.1,
11-10-2006,0,
12-10-2006,0.1,
13-10-2006,0.1,
14-10-2006,0,
15-10-2006,0.1,
16-10-2006,5.4,
17-10-2006,0.4,
18-10-2006,13.4,
19-10-2006,46.4,
20-10-2006,2,
21-10-2006,14.8,
22-10-2006,47,
23-10-2006,5,
24-10-2006,20.3,
25-10-2006,4,
26-10-2006,0,
27-10-2006,0.1,
28-10-2006,0,
29-10-2006,0.1,
30-10-2006,0.2,
31-10-2006,0,
01-11-2006,0,
02-11-2006,0,
03-11-2006,0.2,
04-11-2006,0,
05-11-2006,0.6,
06-11-2006,0,
07-11-2006,0,
08-11-2006,0,
09-11-2006,0,
10-11-2006,0,
11-11-2006,0.1,
12-11-2006,0.2,
13-11-2006,0.3,
14-11-2006,0,
15-11-2006,19.1,
16-11-2006,0.3,
17-11-2006,6.3,
18-11-2006,38.7,
19-11-2006,2.2,
20-11-2006,3.9,
21-11-2006,5.9,
22-11-2006,1.7,
23-11-2006,15.1,
24-11-2006,28.4,
25-11-2006,3.1,
26-11-2006,7.5,
27-11-2006,25.5,
28-11-2006,0.2,
29-11-2006,0.2,
30-11-2006,0,
01-12-2006,15.6,
02-12-2006,0.9,
03-12-2006,13.2,
04-12-2006,4.1,
05-12-2006,17.9,
06-12-2006,4.1,
07-12-2006,20.2,
08-12-2006,28,
09-12-2006,12.6,
10-12-2006,0.2,
11-12-2006,5.1,
12-12-2006,0.1,
13-12-2006,0,
14-12-2006,0,
15-12-2006,0.2,
16-12-2006,5,
17-12-2006,0.8,
18-12-2006,2.4,
19-12-2006,0,
20-12-2006,0.2,
21-12-2006,0.4,
22-12-2006,0,
23-12-2006,0.6,
24-12-2006,1.4,
25-12-2006,0.2,
26-12-2006,0.5,
27-12-2006,0.2,
28-12-2006,0,
29-12-2006,7,
30-12-2006,0,
31-12-2006,0,
01-01-2007,0,
02-01-2007,0.2,
03-01-2007,1.3,
04-01-2007,1.4,
05-01-2007,0,
06-01-2007,1.6,
07-01-2007,3.2,
08-01-2007,2,
09-01-2007,0,
10-01-2007,0.9,
11-01-2007,0.1,
12-01-2007,0.1,
13-01-2007,0.2,
14-01-2007,0.1,
15-01-2007,0.5,
16-01-2007,0,
17-01-2007,2.6,
18-01-2007,0,
19-01-2007,0,
20-01-2007,0.7,
21-01-2007,7.2,
22-01-2007,13.2,
23-01-2007,5.6,
24-01-2007,8.1,
25-01-2007,3.8,
26-01-2007,0,
27-01-2007,0.1,
28-01-2007,0.1,
29-01-2007,2.9,
30-01-2007,6.3,
31-01-2007,0.1,
01-02-2007,0.1,
02-02-2007,0,
03-02-2007,0.2,
04-02-2007,0.3,
05-02-2007,0,
06-02-2007,3.2,
07-02-2007,6.7,
08-02-2007,8.6,
09-02-2007,7.4,
10-02-2007,2.1,
11-02-2007,22.9,
12-02-2007,0,
13-02-2007,10.8,
14-02-2007,2,
15-02-2007,0.3,
16-02-2007,2.6,
17-02-2007,8.3,
18-02-2007,0.1,
19-02-2007,8.5,
20-02-2007,0.7,
21-02-2007,3.4,
22-02-2007,10,
23-02-2007,10.2,
24-02-2007,6.7,
25-02-2007,1.1,
26-02-2007,0,
27-02-2007,0.7,
28-02-2007,0,
01-03-2007,0,
02-03-2007,9.8,
03-03-2007,0.6,
04-03-2007,11.4,
05-03-2007,0,
06-03-2007,16.7,
07-03-2007,1.4,
08-03-2007,0,
09-03-2007,0.3,
10-03-2007,0,
11-03-2007,0,
12-03-2007,0,
13-03-2007,0,
14-03-2007,0,
15-03-2007,0,
16-03-2007,0,
17-03-2007,0,
18-03-2007,1.3,
19-03-2007,6.5,
20-03-2007,3.6,
21-03-2007,1,
22-03-2007,5.4,
23-03-2007,0.3,
24-03-2007,0,
25-03-2007,0.1,
26-03-2007,0.3,
27-03-2007,0.9,
28-03-2007,11.3,
29-03-2007,1,
30-03-2007,10.2,
31-03-2007,0.4,
01-04-2007,1.5,
02-04-2007,0,
03-04-2007,0.3,
04-04-2007,0.1,
05-04-2007,0,
06-04-2007,0,
07-04-2007,0.1,
08-04-2007,3.7,
09-04-2007,1.2,
10-04-2007,0,
11-04-2007,0.4,
12-04-2007,0,
13-04-2007,0,
14-04-2007,0,
15-04-2007,0,
16-04-2007,0,
17-04-2007,0,
18-04-2007,0,
19-04-2007,0,
20-04-2007,0,
21-04-2007,0,
22-04-2007,0,
23-04-2007,2.8,
24-04-2007,0.7,
25-04-2007,0,
26-04-2007,0.8,
27-04-2007,10,
28-04-2007,0.5,
29-04-2007,12.5,
30-04-2007,4,
01-05-2007,8.1,
02-05-2007,3.9,
03-05-2007,0,
04-05-2007,0,
05-05-2007,0,
06-05-2007,0.1,
07-05-2007,0,
08-05-2007,0,
09-05-2007,0,
10-05-2007,0,
11-05-2007,0,
12-05-2007,0,
13-05-2007,0,
14-05-2007,1.2,
15-05-2007,0,
16-05-2007,0,
17-05-2007,0,
18-05-2007,0,
19-05-2007,0,
20-05-2007,0.2,
21-05-2007,3.5,
22-05-2007,4.5,
23-05-2007,0.4,
24-05-2007,4.9,
25-05-2007,0.4,
26-05-2007,0,
27-05-2007,1.2,
28-05-2007,0,
29-05-2007,0.4,
30-05-2007,1.5,
31-05-2007,2.4,
01-06-2007,0,
02-06-2007,0,
03-06-2007,0,
04-06-2007,0,
05-06-2007,0,
06-06-2007,0,
07-06-2007,0,
08-06-2007,3.3,
09-06-2007,14.8,
10-06-2007,0.3,
11-06-2007,0,
12-06-2007,1.2,
13-06-2007,14.7,
14-06-2007,13.4,
15-06-2007,0,
16-06-2007,6.2,
17-06-2007,7.5,
18-06-2007,0.9,
19-06-2007,15.1,
20-06-2007,3.5,
21-06-2007,1.8,
22-06-2007,0,
23-06-2007,0,
24-06-2007,3.2,
25-06-2007,0,
26-06-2007,0,
27-06-2007,0,
28-06-2007,0,
29-06-2007,0,
30-06-2007,0.3,
01-07-2007,1.2,
02-07-2007,0,
03-07-2007,0.1,
04-07-2007,0.1,
05-07-2007,0.1,
06-07-2007,0.1,
07-07-2007,0,
08-07-2007,0.2,
09-07-2007,0,
10-07-2007,0,
11-07-2007,0.1,
12-07-2007,0,
13-07-2007,0,
14-07-2007,0,
15-07-2007,13.5,
16-07-2007,2.4,
17-07-2007,0,
18-07-2007,0,
19-07-2007,0.8,
20-07-2007,0,
21-07-2007,0,
22-07-2007,13.1,
23-07-2007,1.3,
24-07-2007,0,
25-07-2007,0,
26-07-2007,0,
27-07-2007,0,
28-07-2007,0,
29-07-2007,0,
30-07-2007,0,
31-07-2007,0.8,
01-08-2007,0,
02-08-2007,0,
03-08-2007,0,
04-08-2007,0,
05-08-2007,0,
06-08-2007,0,
07-08-2007,0,
08-08-2007,0,
09-08-2007,0,
10-08-2007,0,
11-08-2007,0,
12-08-2007,0.1,
13-08-2007,0,
14-08-2007,0.9,
15-08-2007,1.8,
16-08-2007,0,
17-08-2007,0.1,
18-08-2007,1.4,
19-08-2007,0.1,
20-08-2007,0,
21-08-2007,0.7,
22-08-2007,0,
23-08-2007,0,
24-08-2007,0,
25-08-2007,8.7,
26-08-2007,11,
27-08-2007,0.3,
28-08-2007,13.5,
29-08-2007,0.8,
30-08-2007,0,
31-08-2007,0,
01-09-2007,0,
02-09-2007,0,
03-09-2007,0,
04-09-2007,0,
05-09-2007,0,
06-09-2007,0,
07-09-2007,0,
08-09-2007,0,
09-09-2007,0,
10-09-2007,0,
11-09-2007,0,
12-09-2007,0,
13-09-2007,0,
14-09-2007,0,
15-09-2007,0,
16-09-2007,6.7,
17-09-2007,0.4,
18-09-2007,0,
19-09-2007,0,
20-09-2007,0,
21-09-2007,0,
22-09-2007,0,
23-09-2007,0,
24-09-2007,0.8,
25-09-2007,0,
26-09-2007,0,
27-09-2007,0,
28-09-2007,0,
29-09-2007,0.6,
30-09-2007,8.4,
01-10-2007,0,
02-10-2007,0,
03-10-2007,0.1,
04-10-2007,0.1,
05-10-2007,0,
06-10-2007,0,
07-10-2007,0.1,
08-10-2007,0.2,
09-10-2007,0,
10-10-2007,0,
11-10-2007,0,
12-10-2007,0.2,
13-10-2007,0,
14-10-2007,0,
15-10-2007,0,
16-10-2007,0.3,
17-10-2007,0.6,
18-10-2007,0,
19-10-2007,0.2,
20-10-2007,0.1,
21-10-2007,0.1,
22-10-2007,0.1,
23-10-2007,11.3,
24-10-2007,1.7,
25-10-2007,0,
26-10-2007,0,
27-10-2007,0.1,
28-10-2007,0.3,
29-10-2007,0,
30-10-2007,0.4,
31-10-2007,0.1,
01-11-2007,0.1,
02-11-2007,0,
03-11-2007,0.1,
04-11-2007,0.1,
05-11-2007,0,
06-11-2007,0.2,
07-11-2007,0.1,
08-11-2007,0,
09-11-2007,0,
10-11-2007,0.1,
11-11-2007,0.1,
12-11-2007,0,
13-11-2007,0.2,
14-11-2007,0.1,
15-11-2007,0.6,
16-11-2007,0.9,
17-11-2007,1.3,
18-11-2007,20.2,
19-11-2007,12.5,
20-11-2007,14.1,
21-11-2007,4.5,
22-11-2007,4.3,
23-11-2007,1.5,
24-11-2007,0.3,
25-11-2007,0,
26-11-2007,0,
27-11-2007,0.1,
28-11-2007,0.1,
29-11-2007,0,
30-11-2007,0.5,
01-12-2007,1.5,
02-12-2007,0.5,
03-12-2007,0,
04-12-2007,0,
05-12-2007,0.2,
06-12-2007,0.1,
07-12-2007,0.8,
08-12-2007,7.2,
09-12-2007,1,
10-12-2007,0.2,
11-12-2007,0,
12-12-2007,0.2,
13-12-2007,0.6,
14-12-2007,0.7,
15-12-2007,0.6,
16-12-2007,0.9,
17-12-2007,0.4,
18-12-2007,5,
19-12-2007,0,
20-12-2007,0,
21-12-2007,0,
22-12-2007,0.6,
23-12-2007,0.2,
24-12-2007,10.9,
25-12-2007,0.7,
26-12-2007,0.1,
27-12-2007,0.2,
28-12-2007,2,
29-12-2007,0,
30-12-2007,0,
31-12-2007,0,
01-01-2007,0,
02-01-2007,0.2,
03-01-2007,1.3,
04-01-2007,1.4,
05-01-2007,0,
06-01-2007,1.6,
07-01-2007,3.2,
08-01-2007,2,
09-01-2007,0,
10-01-2007,0.9,
11-01-2007,0.1,
12-01-2007,0.1,
13-01-2007,0.2,
14-01-2007,0.1,
15-01-2007,0.5,
16-01-2007,0,
17-01-2007,2.6,
18-01-2007,0,
19-01-2007,0,
20-01-2007,0.7,
21-01-2007,7.2,
22-01-2007,13.2,
23-01-2007,5.6,
24-01-2007,8.1,
25-01-2007,3.8,
26-01-2007,0,
27-01-2007,0.1,
28-01-2007,0.1,
29-01-2007,2.9,
30-01-2007,6.3,
31-01-2007,0.1,
01-02-2007,0.1,
02-02-2007,0,
03-02-2007,0.2,
04-02-2007,0.3,
05-02-2007,0,
06-02-2007,3.2,
07-02-2007,6.7,
08-02-2007,8.6,
09-02-2007,7.4,
10-02-2007,2.1,
11-02-2007,22.9,
12-02-2007,0,
13-02-2007,10.8,
14-02-2007,2,
15-02-2007,0.3,
16-02-2007,2.6,
17-02-2007,8.3,
18-02-2007,0.1,
19-02-2007,8.5,
20-02-2007,0.7,
21-02-2007,3.4,
22-02-2007,10,
23-02-2007,10.2,
24-02-2007,6.7,
25-02-2007,1.1,
26-02-2007,0,
27-02-2007,0.7,
28-02-2007,0,
01-03-2007,0,
02-03-2007,9.8,
03-03-2007,0.6,
04-03-2007,11.4,
05-03-2007,0,
06-03-2007,16.7,
07-03-2007,1.4,
08-03-2007,0,
09-03-2007,0.3,
10-03-2007,0,
11-03-2007,0,
12-03-2007,0,
13-03-2007,0,
14-03-2007,0,
15-03-2007,0,
16-03-2007,0,
17-03-2007,0,
18-03-2007,1.3,
19-03-2007,6.5,
20-03-2007,3.6,
21-03-2007,1,
22-03-2007,5.4,
23-03-2007,0.3,
24-03-2007,0,
25-03-2007,0.1,
26-03-2007,0.3,
27-03-2007,0.9,
28-03-2007,11.3,
29-03-2007,1,
30-03-2007,10.2,
31-03-2007,0.4,
01-04-2007,1.5,
02-04-2007,0,
03-04-2007,0.3,
04-04-2007,0.1,
05-04-2007,0,
06-04-2007,0,
07-04-2007,0.1,
08-04-2007,3.7,
09-04-2007,1.2,
10-04-2007,0,
11-04-2007,0.4,
12-04-2007,0,
13-04-2007,0,
14-04-2007,0,
15-04-2007,0,
16-04-2007,0,
17-04-2007,0,
18-04-2007,0,
19-04-2007,0,
20-04-2007,0,
21-04-2007,0,
22-04-2007,0,
23-04-2007,2.8,
24-04-2007,0.7,
25-04-2007,0,
26-04-2007,0.8,
27-04-2007,10,
28-04-2007,0.5,
29-04-2007,12.5,
30-04-2007,4,
01-05-2007,8.1,
02-05-2007,3.9,
03-05-2007,0,
04-05-2007,0,
05-05-2007,0,
06-05-2007,0.1,
07-05-2007,0,
08-05-2007,0,
09-05-2007,0,
10-05-2007,0,
11-05-2007,0,
12-05-2007,0,
13-05-2007,0,
14-05-2007,1.2,
15-05-2007,0,
16-05-2007,0,
17-05-2007,0,
18-05-2007,0,
19-05-2007,0,
20-05-2007,0.2,
21-05-2007,3.5,
22-05-2007,4.5,
23-05-2007,0.4,
24-05-2007,4.9,
25-05-2007,0.4,
26-05-2007,0,
27-05-2007,1.2,
28-05-2007,0,
29-05-2007,0.4,
30-05-2007,1.5,
31-05-2007,2.4,
01-06-2007,0,
02-06-2007,0,
03-06-2007,0,
04-06-2007,0,
05-06-2007,0,
06-06-2007,0,
07-06-2007,0,
08-06-2007,3.3,
09-06-2007,14.8,
10-06-2007,0.3,
11-06-2007,0,
12-06-2007,1.2,
13-06-2007,14.7,
14-06-2007,13.4,
15-06-2007,0,
16-06-2007,6.2,
17-06-2007,7.5,
18-06-2007,0.9,
19-06-2007,15.1,
20-06-2007,3.5,
21-06-2007,1.8,
22-06-2007,0,
23-06-2007,0,
24-06-2007,3.2,
25-06-2007,0,
26-06-2007,0,
27-06-2007,0,
28-06-2007,0,
29-06-2007,0,
30-06-2007,0.3,
01-07-2007,1.2,
02-07-2007,0,
03-07-2007,0.1,
04-07-2007,0.1,
05-07-2007,0.1,
06-07-2007,0.1,
07-07-2007,0,
08-07-2007,0.2,
09-07-2007,0,
10-07-2007,0,
11-07-2007,0.1,
12-07-2007,0,
13-07-2007,0,
14-07-2007,0,
15-07-2007,13.5,
16-07-2007,2.4,
17-07-2007,0,
18-07-2007,0,
19-07-2007,0.8,
20-07-2007,0,
21-07-2007,0,
22-07-2007,13.1,
23-07-2007,1.3,
24-07-2007,0,
25-07-2007,0,
26-07-2007,0,
27-07-2007,0,
28-07-2007,0,
29-07-2007,0,
30-07-2007,0,
31-07-2007,0.8,
01-08-2007,0,
02-08-2007,0,
03-08-2007,0,
04-08-2007,0,
05-08-2007,0,
06-08-2007,0,
07-08-2007,0,
08-08-2007,0,
09-08-2007,0,
10-08-2007,0,
11-08-2007,0,
12-08-2007,0.1,
13-08-2007,0,
14-08-2007,0.9,
15-08-2007,1.8,
16-08-2007,0,
17-08-2007,0.1,
18-08-2007,1.4,
19-08-2007,0.1,
20-08-2007,0,
21-08-2007,0.7,
22-08-2007,0,
23-08-2007,0,
24-08-2007,0,
25-08-2007,8.7,
26-08-2007,11,
27-08-2007,0.3,
28-08-2007,13.5,
29-08-2007,0.8,
30-08-2007,0,
31-08-2007,0,
01-09-2007,0,
02-09-2007,0,
03-09-2007,0,
04-09-2007,0,
05-09-2007,0,
06-09-2007,0,
07-09-2007,0,
08-09-2007,0,
09-09-2007,0,
10-09-2007,0,
11-09-2007,0,
12-09-2007,0,
13-09-2007,0,
14-09-2007,0,
15-09-2007,0,
16-09-2007,6.7,
17-09-2007,0.4,
18-09-2007,0,
19-09-2007,0,
20-09-2007,0,
21-09-2007,0,
22-09-2007,0,
23-09-2007,0,
24-09-2007,0.8,
25-09-2007,0,
26-09-2007,0,
27-09-2007,0,
28-09-2007,0,
29-09-2007,0.6,
30-09-2007,8.4,
01-10-2007,0,
02-10-2007,0,
03-10-2007,0.1,
04-10-2007,0.1,
05-10-2007,0,
06-10-2007,0,
07-10-2007,0.1,
08-10-2007,0.2,
09-10-2007,0,
10-10-2007,0,
11-10-2007,0,
12-10-2007,0.2,
13-10-2007,0,
14-10-2007,0,
15-10-2007,0,
16-10-2007,0.3,
17-10-2007,0.6,
18-10-2007,0,
19-10-2007,0.2,
20-10-2007,0.1,
21-10-2007,0.1,
22-10-2007,0.1,
23-10-2007,11.3,
24-10-2007,1.7,
25-10-2007,0,
26-10-2007,0,
27-10-2007,0.1,
28-10-2007,0.3,
29-10-2007,0,
30-10-2007,0.4,
31-10-2007,0.1,
01-11-2007,0.1,
02-11-2007,0,
03-11-2007,0.1,
04-11-2007,0.1,
05-11-2007,0,
06-11-2007,0.2,
07-11-2007,0.1,
08-11-2007,0,
09-11-2007,0,
10-11-2007,0.1,
11-11-2007,0.1,
12-11-2007,0,
13-11-2007,0.2,
14-11-2007,0.1,
15-11-2007,0.6,
16-11-2007,0.9,
17-11-2007,1.3,
18-11-2007,20.2,
19-11-2007,12.5,
20-11-2007,14.1,
21-11-2007,4.5,
22-11-2007,4.3,
23-11-2007,1.5,
24-11-2007,0.3,
25-11-2007,0,
26-11-2007,0,
27-11-2007,0.1,
28-11-2007,0.1,
29-11-2007,0,
30-11-2007,0.5,
01-12-2007,1.5,
02-12-2007,0.5,
03-12-2007,0,
04-12-2007,0,
05-12-2007,0.2,
06-12-2007,0.1,
07-12-2007,0.8,
08-12-2007,7.2,
09-12-2007,1,
10-12-2007,0.2,
11-12-2007,0,
12-12-2007,0.2,
13-12-2007,0.6,
14-12-2007,0.7,
15-12-2007,0.6,
16-12-2007,0.9,
17-12-2007,0.4,
18-12-2007,5,
19-12-2007,0,
20-12-2007,0,
21-12-2007,0,
22-12-2007,0.6,
23-12-2007,0.2,
24-12-2007,10.9,
25-12-2007,0.7,
26-12-2007,0.1,
27-12-2007,0.2,
28-12-2007,2,
29-12-2007,0,
30-12-2007,0,
31-12-2007,0,
01-01-2008,0,
02-01-2008,26.1,
03-01-2008,1.4,
04-01-2008,0.2,
05-01-2008,1,
06-01-2008,5,
07-01-2008,0.2,
08-01-2008,6.5,
09-01-2008,0.6,
10-01-2008,16.9,
11-01-2008,13.7,
12-01-2008,0.1,
13-01-2008,26.3,
14-01-2008,0,
15-01-2008,27.6,
16-01-2008,2.3,
17-01-2008,2.5,
18-01-2008,0,
19-01-2008,0,
20-01-2008,0.2,
21-01-2008,0,
22-01-2008,0,
23-01-2008,0,
24-01-2008,0,
25-01-2008,0,
26-01-2008,0,
27-01-2008,0,
28-01-2008,0.2,
29-01-2008,0.1,
30-01-2008,1.9,
31-01-2008,0.2,
01-02-2008,9.4,
02-02-2008,0,
03-02-2008,18.2,
04-02-2008,0.6,
05-02-2008,0,
06-02-2008,0,
07-02-2008,0,
08-02-2008,0,
09-02-2008,0,
10-02-2008,0,
11-02-2008,0,
12-02-2008,0,
13-02-2008,0,
14-02-2008,0.3,
15-02-2008,0,
16-02-2008,0,
17-02-2008,0,
18-02-2008,0,
19-02-2008,1.8,
20-02-2008,5.3,
21-02-2008,0.2,
22-02-2008,0,
23-02-2008,0.8,
24-02-2008,3.3,
25-02-2008,0.5,
26-02-2008,0.8,
27-02-2008,15.9,
28-02-2008,0,
29-02-2008,0.1,
01-03-2008,0.2,
02-03-2008,0.1,
03-03-2008,0.5,
04-03-2008,0.8,
05-03-2008,0,
06-03-2008,0.2,
07-03-2008,0,
08-03-2008,2.1,
09-03-2008,7.1,
10-03-2008,2.9,
11-03-2008,0.7,
12-03-2008,0,
13-03-2008,0,
14-03-2008,1.8,
15-03-2008,4.1,
16-03-2008,0.4,
17-03-2008,2.9,
18-03-2008,0.2,
19-03-2008,0,
20-03-2008,0,
21-03-2008,9.3,
22-03-2008,9.2,
23-03-2008,2.7,
24-03-2008,1.3,
25-03-2008,4.9,
26-03-2008,9.9,
27-03-2008,3.9,
28-03-2008,2.2,
29-03-2008,8,
30-03-2008,5.4,
31-03-2008,0,
01-04-2008,0,
02-04-2008,0,
03-04-2008,0,
04-04-2008,0,
05-04-2008,0,
06-04-2008,0,
07-04-2008,6.2,
08-04-2008,29.8,
09-04-2008,27,
10-04-2008,13.2,
11-04-2008,1,
12-04-2008,2,
13-04-2008,3.6,
14-04-2008,0,
15-04-2008,0,
16-04-2008,7.3,
17-04-2008,11,
18-04-2008,18.4,
19-04-2008,6.8,
20-04-2008,16.1,
21-04-2008,1.2,
22-04-2008,4,
23-04-2008,0.1,
24-04-2008,0,
25-04-2008,0.1,
26-04-2008,0.1,
27-04-2008,0.2,
28-04-2008,0.6,
29-04-2008,7,
30-04-2008,0.8,
01-05-2008,0.8,
02-05-2008,0,
03-05-2008,0.1,
04-05-2008,0.1,
05-05-2008,0,
06-05-2008,0,
07-05-2008,8.8,
08-05-2008,20.6,
09-05-2008,4,
10-05-2008,3.3,
11-05-2008,0,
12-05-2008,8.8,
13-05-2008,7.6,
14-05-2008,10.5,
15-05-2008,6.2,
16-05-2008,0.2,
17-05-2008,3.3,
18-05-2008,7.2,
19-05-2008,0,
20-05-2008,0,
21-05-2008,6,
22-05-2008,17,
23-05-2008,19.8,
24-05-2008,10.8,
25-05-2008,1.6,
26-05-2008,7.7,
27-05-2008,2.7,
28-05-2008,8.5,
29-05-2008,4.2,
30-05-2008,1.7,
31-05-2008,0,
01-06-2008,0,
02-06-2008,1.8,
03-06-2008,0,
04-06-2008,0,
05-06-2008,0,
06-06-2008,0,
07-06-2008,0,
08-06-2008,1.7,
09-06-2008,0,
10-06-2008,0,
11-06-2008,0,
12-06-2008,0,
13-06-2008,0,
14-06-2008,3.8,
15-06-2008,2.9,
16-06-2008,1.8,
17-06-2008,0,
18-06-2008,0,
19-06-2008,0,
20-06-2008,0,
21-06-2008,0,
22-06-2008,0,
23-06-2008,0,
24-06-2008,0,
25-06-2008,0,
26-06-2008,0,
27-06-2008,0,
28-06-2008,0,
29-06-2008,0,
30-06-2008,0,
01-07-2008,0.8,
02-07-2008,0.3,
03-07-2008,0,
04-07-2008,0,
05-07-2008,0.5,
06-07-2008,0.1,
07-07-2008,0,
08-07-2008,0,
09-07-2008,0,
10-07-2008,2.5,
11-07-2008,0.1,
12-07-2008,1,
13-07-2008,0,
14-07-2008,0,
15-07-2008,0,
16-07-2008,0,
17-07-2008,0,
18-07-2008,0,
19-07-2008,0.2,
20-07-2008,0,
21-07-2008,0,
22-07-2008,0,
23-07-2008,0,
24-07-2008,1.3,
25-07-2008,0.3,
26-07-2008,0,
27-07-2008,0,
28-07-2008,0,
29-07-2008,0,
30-07-2008,0,
31-07-2008,3.4,
01-08-2008,0,
02-08-2008,0,
03-08-2008,0,
04-08-2008,0,
05-08-2008,0.2,
06-08-2008,0.4,
07-08-2008,0.1,
08-08-2008,0,
09-08-2008,0.1,
10-08-2008,5.9,
11-08-2008,3.6,
12-08-2008,0.2,
13-08-2008,0,
14-08-2008,0.4,
15-08-2008,13.9,
16-08-2008,0.7,
17-08-2008,0.4,
18-08-2008,0,
19-08-2008,0,
20-08-2008,0,
21-08-2008,2.3,
22-08-2008,0,
23-08-2008,0,
24-08-2008,0,
25-08-2008,0,
26-08-2008,0,
27-08-2008,0,
28-08-2008,0,
29-08-2008,10.3,
30-08-2008,9.7,
31-08-2008,0.5,
01-09-2008,0,
02-09-2008,5.3,
03-09-2008,10.1,
04-09-2008,0.5,
05-09-2008,17.4,
06-09-2008,0.2,
07-09-2008,0.2,
08-09-2008,0.6,
09-09-2008,0,
10-09-2008,5.4,
11-09-2008,2,
12-09-2008,0.3,
13-09-2008,0,
14-09-2008,0.1,
15-09-2008,0.1,
16-09-2008,0.1,
17-09-2008,0,
18-09-2008,0.2,
19-09-2008,0,
20-09-2008,0,
21-09-2008,1.1,
22-09-2008,0.7,
23-09-2008,0,
24-09-2008,0,
25-09-2008,0,
26-09-2008,0,
27-09-2008,0,
28-09-2008,0,
29-09-2008,28.7,
30-09-2008,0,
01-10-2008,0,
02-10-2008,0.2,
03-10-2008,0,
04-10-2008,0,
05-10-2008,0,
06-10-2008,24.4,
07-10-2008,16.8,
08-10-2008,0.4,
09-10-2008,0,
10-10-2008,0,
11-10-2008,0,
12-10-2008,0,
13-10-2008,0,
14-10-2008,0,
15-10-2008,0,
16-10-2008,2.6,
17-10-2008,0,
18-10-2008,0,
19-10-2008,0,
20-10-2008,0,
21-10-2008,21.2,
22-10-2008,0,
23-10-2008,0,
24-10-2008,0,
25-10-2008,0,
26-10-2008,0,
27-10-2008,0,
28-10-2008,0,
29-10-2008,7.8,
30-10-2008,8.6,
31-10-2008,19.2,
01-11-2008,37.6,
02-11-2008,3.2,
04-11-2008,5.6,
05-11-2008,0,
07-11-2008,0,
08-11-2008,0.2,
09-11-2008,2,
11-11-2008,0.2,
12-11-2008,0,
13-11-2008,0,
14-11-2008,0.2,
15-11-2008,0.2,
16-11-2008,0.2,
17-11-2008,0.6,
18-11-2008,0,
19-11-2008,0,
20-11-2008,0,
21-11-2008,0,
22-11-2008,1.6,
23-11-2008,0,
24-11-2008,0,
26-11-2008,0,
28-11-2008,18.8,
29-11-2008,25.6,
30-11-2008,6.6,
01-12-2008,7.4,
03-12-2008,0,
04-12-2008,7.6,
08-12-2008,4.6,
11-12-2008,12.8,
12-12-2008,13.4,
13-12-2008,20.8,
14-12-2008,21,
15-12-2008,9,
16-12-2008,0,
17-12-2008,0,
21-12-2008,0.2,
22-12-2008,0,
23-12-2008,0,
24-12-2008,0,
25-12-2008,0,
26-12-2008,0.2,
27-12-2008,0,
28-12-2008,0,
29-12-2008,0,
30-12-2008,0.2,
31-12-2008,0.2,
01-01-2008,0,
02-01-2008,26.1,
03-01-2008,1.4,
04-01-2008,0.2,
05-01-2008,1,
06-01-2008,5,
07-01-2008,0.2,
08-01-2008,6.5,
09-01-2008,0.6,
10-01-2008,16.9,
11-01-2008,13.7,
12-01-2008,0.1,
13-01-2008,26.3,
14-01-2008,0,
15-01-2008,27.6,
16-01-2008,2.3,
17-01-2008,2.5,
18-01-2008,0,
19-01-2008,0,
20-01-2008,0.2,
21-01-2008,0,
22-01-2008,0,
23-01-2008,0,
24-01-2008,0,
25-01-2008,0,
26-01-2008,0,
27-01-2008,0,
28-01-2008,0.2,
29-01-2008,0.1,
30-01-2008,1.9,
31-01-2008,0.2,
01-02-2008,9.4,
02-02-2008,0,
03-02-2008,18.2,
04-02-2008,0.6,
05-02-2008,0,
06-02-2008,0,
07-02-2008,0,
08-02-2008,0,
09-02-2008,0,
10-02-2008,0,
11-02-2008,0,
12-02-2008,0,
13-02-2008,0,
14-02-2008,0.3,
15-02-2008,0,
16-02-2008,0,
17-02-2008,0,
18-02-2008,0,
19-02-2008,1.8,
20-02-2008,5.3,
21-02-2008,0.2,
22-02-2008,0,
23-02-2008,0.8,
24-02-2008,3.3,
25-02-2008,0.5,
26-02-2008,0.8,
27-02-2008,15.9,
28-02-2008,0,
29-02-2008,0.1,
01-03-2008,0.2,
02-03-2008,0.1,
03-03-2008,0.5,
04-03-2008,0.8,
05-03-2008,0,
06-03-2008,0.2,
07-03-2008,0,
08-03-2008,2.1,
09-03-2008,7.1,
10-03-2008,2.9,
11-03-2008,0.7,
12-03-2008,0,
13-03-2008,0,
14-03-2008,1.8,
15-03-2008,4.1,
16-03-2008,0.4,
17-03-2008,2.9,
18-03-2008,0.2,
19-03-2008,0,
20-03-2008,0,
21-03-2008,9.3,
22-03-2008,9.2,
23-03-2008,2.7,
24-03-2008,1.3,
25-03-2008,4.9,
26-03-2008,9.9,
27-03-2008,3.9,
28-03-2008,2.2,
29-03-2008,8,
30-03-2008,5.4,
31-03-2008,0,
01-04-2008,0,
02-04-2008,0,
03-04-2008,0,
04-04-2008,0,
05-04-2008,0,
06-04-2008,0,
07-04-2008,6.2,
08-04-2008,29.8,
09-04-2008,27,
10-04-2008,13.2,
11-04-2008,1,
12-04-2008,2,
13-04-2008,3.6,
14-04-2008,0,
15-04-2008,0,
16-04-2008,7.3,
17-04-2008,11,
18-04-2008,18.4,
19-04-2008,6.8,
20-04-2008,16.1,
21-04-2008,1.2,
22-04-2008,4,
23-04-2008,0.1,
24-04-2008,0,
25-04-2008,0.1,
26-04-2008,0.1,
27-04-2008,0.2,
28-04-2008,0.6,
29-04-2008,7,
30-04-2008,0.8,
01-05-2008,0.8,
02-05-2008,0,
03-05-2008,0.1,
04-05-2008,0.1,
05-05-2008,0,
06-05-2008,0,
07-05-2008,8.8,
08-05-2008,20.6,
09-05-2008,4,
10-05-2008,3.3,
11-05-2008,0,
12-05-2008,8.8,
13-05-2008,7.6,
14-05-2008,10.5,
15-05-2008,6.2,
16-05-2008,0.2,
17-05-2008,3.3,
18-05-2008,7.2,
19-05-2008,0,
20-05-2008,0,
21-05-2008,6,
22-05-2008,17,
23-05-2008,19.8,
24-05-2008,10.8,
25-05-2008,1.6,
26-05-2008,7.7,
27-05-2008,2.7,
28-05-2008,8.5,
29-05-2008,4.2,
30-05-2008,1.7,
31-05-2008,0,
01-06-2008,0,
02-06-2008,1.8,
03-06-2008,0,
04-06-2008,0,
05-06-2008,0,
06-06-2008,0,
07-06-2008,0,
08-06-2008,1.7,
09-06-2008,0,
10-06-2008,0,
11-06-2008,0,
12-06-2008,0,
13-06-2008,0,
14-06-2008,3.8,
15-06-2008,2.9,
16-06-2008,1.8,
17-06-2008,0,
18-06-2008,0,
19-06-2008,0,
20-06-2008,0,
21-06-2008,0,
22-06-2008,0,
23-06-2008,0,
24-06-2008,0,
25-06-2008,0,
26-06-2008,0,
27-06-2008,0,
28-06-2008,0,
29-06-2008,0,
30-06-2008,0,
01-07-2008,0.8,
02-07-2008,0.3,
03-07-2008,0,
04-07-2008,0,
05-07-2008,0.5,
06-07-2008,0.1,
07-07-2008,0,
08-07-2008,0,
09-07-2008,0,
10-07-2008,2.5,
11-07-2008,0.1,
12-07-2008,1,
13-07-2008,0,
14-07-2008,0,
15-07-2008,0,
16-07-2008,0,
17-07-2008,0,
18-07-2008,0,
19-07-2008,0.2,
20-07-2008,0,
21-07-2008,0,
22-07-2008,0,
23-07-2008,0,
24-07-2008,1.3,
25-07-2008,0.3,
26-07-2008,0,
27-07-2008,0,
28-07-2008,0,
29-07-2008,0,
30-07-2008,0,
31-07-2008,3.4,
01-08-2008,0,
02-08-2008,0,
03-08-2008,0,
04-08-2008,0,
05-08-2008,0.2,
06-08-2008,0.4,
07-08-2008,0.1,
08-08-2008,0,
09-08-2008,0.1,
10-08-2008,5.9,
11-08-2008,3.6,
12-08-2008,0.2,
13-08-2008,0,
14-08-2008,0.4,
15-08-2008,13.9,
16-08-2008,0.7,
17-08-2008,0.4,
18-08-2008,0,
19-08-2008,0,
20-08-2008,0,
21-08-2008,2.3,
22-08-2008,0,
23-08-2008,0,
24-08-2008,0,
25-08-2008,0,
26-08-2008,0,
27-08-2008,0,
28-08-2008,0,
29-08-2008,10.3,
30-08-2008,9.7,
31-08-2008,0.5,
01-09-2008,0,
02-09-2008,5.3,
03-09-2008,10.1,
04-09-2008,0.5,
05-09-2008,17.4,
06-09-2008,0.2,
07-09-2008,0.2,
08-09-2008,0.6,
09-09-2008,0,
10-09-2008,5.4,
11-09-2008,2,
12-09-2008,0.3,
13-09-2008,0,
14-09-2008,0.1,
15-09-2008,0.1,
16-09-2008,0.1,
17-09-2008,0,
18-09-2008,0.2,
19-09-2008,0,
20-09-2008,0,
21-09-2008,1.1,
22-09-2008,0.7,
23-09-2008,0,
24-09-2008,0,
25-09-2008,0,
26-09-2008,0,
27-09-2008,0,
28-09-2008,0,
29-09-2008,28.7,
30-09-2008,0,
01-10-2008,0,
02-10-2008,0.2,
03-10-2008,0,
04-10-2008,0,
05-10-2008,0,
06-10-2008,24.4,
07-10-2008,16.8,
08-10-2008,0.4,
09-10-2008,0,
10-10-2008,0,
11-10-2008,0,
12-10-2008,0,
13-10-2008,0,
14-10-2008,0,
15-10-2008,0,
16-10-2008,2.6,
17-10-2008,0,
18-10-2008,0,
19-10-2008,0,
20-10-2008,0,
21-10-2008,21.2,
22-10-2008,0,
23-10-2008,0,
24-10-2008,0,
25-10-2008,0,
26-10-2008,0,
27-10-2008,0,
28-10-2008,0,
29-10-2008,7.8,
30-10-2008,8.6,
31-10-2008,19.2,
01-11-2008,37.6,
02-11-2008,3.2,
04-11-2008,5.6,
05-11-2008,0,
07-11-2008,0,
08-11-2008,0.2,
09-11-2008,2,
11-11-2008,0.2,
12-11-2008,0,
13-11-2008,0,
14-11-2008,0.2,
15-11-2008,0.2,
16-11-2008,0.2,
17-11-2008,0.6,
18-11-2008,0,
19-11-2008,0,
20-11-2008,0,
21-11-2008,0,
22-11-2008,1.6,
23-11-2008,0,
24-11-2008,0,
26-11-2008,0,
28-11-2008,18.8,
29-11-2008,25.6,
30-11-2008,6.6,
01-12-2008,7.4,
03-12-2008,0,
04-12-2008,7.6,
08-12-2008,4.6,
11-12-2008,12.8,
12-12-2008,13.4,
13-12-2008,20.8,
14-12-2008,21,
15-12-2008,9,
16-12-2008,0,
17-12-2008,0,
21-12-2008,0.2,
22-12-2008,0,
23-12-2008,0,
24-12-2008,0,
25-12-2008,0,
26-12-2008,0.2,
27-12-2008,0,
28-12-2008,0,
29-12-2008,0,
30-12-2008,0.2,
31-12-2008,0.2,
01-01-2009,11,
02-01-2009,7.4,
03-01-2009,0.1,
04-01-2009,0,
05-01-2009,1,
06-01-2009,0.8,
07-01-2009,0.1,
08-01-2009,0,
09-01-2009,0.8,
10-01-2009,0.4,
11-01-2009,0.1,
12-01-2009,3.3,
13-01-2009,1,
14-01-2009,0.4,
15-01-2009,1.3,
16-01-2009,3.1,
17-01-2009,0.3,
18-01-2009,6.3,
19-01-2009,10.7,
20-01-2009,13.5,
21-01-2009,9.8,
22-01-2009,3.4,
23-01-2009,14.8,
24-01-2009,15,
25-01-2009,20.5,
26-01-2009,9.2,
27-01-2009,4.4,
28-01-2009,19.8,
29-01-2009,1,
30-01-2009,16.7,
31-01-2009,1.4,
01-02-2009,5.2,
02-02-2009,0.8,
03-02-2009,18.2,
04-02-2009,22.4,
05-02-2009,7.8,
06-02-2009,11.4,
07-02-2009,3.6,
08-02-2009,2.6,
09-02-2009,8,
10-02-2009,0.4,
11-02-2009,0.8,
12-02-2009,0,
13-02-2009,0.4,
14-02-2009,0,
15-02-2009,0,
16-02-2009,0,
17-02-2009,0.2,
18-02-2009,0,
19-02-2009,0,
20-02-2009,0,
21-02-2009,0,
22-02-2009,0,
23-02-2009,0,
24-02-2009,0,
25-02-2009,0,
26-02-2009,0,
27-02-2009,0,
28-02-2009,0,
01-03-2009,0.2,
02-03-2009,0,
03-03-2009,3.8,
04-03-2009,26.2,
05-03-2009,9.6,
06-03-2009,2.4,
07-03-2009,0.2,
08-03-2009,0,
09-03-2009,0,
10-03-2009,0,
11-03-2009,0,
12-03-2009,0,
13-03-2009,0,
14-03-2009,0,
15-03-2009,0,
16-03-2009,0,
17-03-2009,0,
18-03-2009,0,
19-03-2009,0,
20-03-2009,0,
21-03-2009,0,
22-03-2009,0,
23-03-2009,0,
24-03-2009,0,
25-03-2009,0,
26-03-2009,0,
27-03-2009,0.6,
28-03-2009,3.4,
29-03-2009,1.6,
30-03-2009,0,
31-03-2009,0,
01-04-2009,0,
02-04-2009,0,
03-04-2009,0.4,
04-04-2009,0,
05-04-2009,0,
06-04-2009,9.2,
07-04-2009,1,
08-04-2009,0,
09-04-2009,21.8,
10-04-2009,2.2,
11-04-2009,1.8,
12-04-2009,0,
13-04-2009,4.8,
14-04-2009,5.6,
15-04-2009,5,
16-04-2009,5.4,
17-04-2009,3,
18-04-2009,4,
19-04-2009,0,
20-04-2009,0,
21-04-2009,0,
22-04-2009,0,
23-04-2009,0,
24-04-2009,0.2,
25-04-2009,1.2,
26-04-2009,0.8,
27-04-2009,4.6,
28-04-2009,0.4,
29-04-2009,0.8,
30-04-2009,1.6,
01-05-2009,0,
02-05-2009,0,
03-05-2009,0,
04-05-2009,0,
05-05-2009,0,
06-05-2009,0,
07-05-2009,0,
08-05-2009,0,
09-05-2009,0,
10-05-2009,19.2,
11-05-2009,3.6,
12-05-2009,1.8,
13-05-2009,1.8,
14-05-2009,1,
15-05-2009,1,
16-05-2009,9.6,
17-05-2009,2.2,
18-05-2009,0,
19-05-2009,0,
20-05-2009,0,
21-05-2009,0,
22-05-2009,0,
23-05-2009,3.2,
24-05-2009,12.8,
25-05-2009,5.6,
26-05-2009,0,
27-05-2009,0,
28-05-2009,0,
29-05-2009,0,
30-05-2009,0,
31-05-2009,0,
01-06-2009,0,
02-06-2009,0,
03-06-2009,0,
04-06-2009,0,
05-06-2009,0,
06-06-2009,0,
07-06-2009,0,
08-06-2009,0,
09-06-2009,0,
10-06-2009,0,
11-06-2009,0,
12-06-2009,0,
13-06-2009,0,
14-06-2009,0,
15-06-2009,0,
16-06-2009,0,
17-06-2009,0,
18-06-2009,0,
19-06-2009,0,
20-06-2009,0,
21-06-2009,0,
22-06-2009,0,
23-06-2009,0,
24-06-2009,0,
25-06-2009,0,
26-06-2009,0,
27-06-2009,0,
28-06-2009,0,
29-06-2009,0,
30-06-2009,0,
01-07-2009,0,
02-07-2009,0,
03-07-2009,0,
04-07-2009,0,
05-07-2009,0,
06-07-2009,0,
07-07-2009,0,
08-07-2009,0,
09-07-2009,0,
10-07-2009,0,
11-07-2009,0,
12-07-2009,0,
13-07-2009,0,
14-07-2009,0,
15-07-2009,0,
16-07-2009,0,
17-07-2009,0.8,
18-07-2009,0,
19-07-2009,0,
20-07-2009,0,
21-07-2009,0.4,
22-07-2009,49.2,
23-07-2009,1.6,
24-07-2009,0,
25-07-2009,0,
26-07-2009,0,
27-07-2009,0,
28-07-2009,0,
29-07-2009,0,
30-07-2009,0,
31-07-2009,9.4,
01-08-2009,5.6,
02-08-2009,0,
03-08-2009,0,
04-08-2009,0,
05-08-2009,0,
06-08-2009,0.2,
07-08-2009,0,
08-08-2009,0,
09-08-2009,0,
10-08-2009,0,
11-08-2009,0,
12-08-2009,0,
13-08-2009,0,
14-08-2009,0,
15-08-2009,0,
16-08-2009,0,
17-08-2009,0,
18-08-2009,0,
19-08-2009,0,
20-08-2009,1.6,
21-08-2009,0,
22-08-2009,0,
23-08-2009,0,
24-08-2009,2.8,
25-08-2009,0,
26-08-2009,0,
27-08-2009,0.2,
28-08-2009,0.2,
29-08-2009,0,
30-08-2009,0,
31-08-2009,0,
01-09-2009,0,
02-09-2009,0,
03-09-2009,0,
04-09-2009,0,
05-09-2009,0,
06-09-2009,0,
07-09-2009,0,
08-09-2009,0,
09-09-2009,0,
10-09-2009,0,
11-09-2009,0,
12-09-2009,0,
13-09-2009,0,
14-09-2009,0,
15-09-2009,1.2,
16-09-2009,1.9,
17-09-2009,1.4,
18-09-2009,0,
19-09-2009,3.8,
20-09-2009,0.3,
21-09-2009,0,
22-09-2009,0,
23-09-2009,0,
24-09-2009,0,
25-09-2009,0,
26-09-2009,0,
27-09-2009,0,
28-09-2009,0,
29-09-2009,0.1,
30-09-2009,0,
01-10-2009,0,
02-10-2009,0,
03-10-2009,23.2,
04-10-2009,2.8,
05-10-2009,49.6,
06-10-2009,14.4,
07-10-2009,5,
08-10-2009,0,
09-10-2009,2.2,
10-10-2009,0.4,
11-10-2009,0,
12-10-2009,0.2,
13-10-2009,0,
14-10-2009,0,
15-10-2009,0,
16-10-2009,0,
17-10-2009,0,
18-10-2009,0,
19-10-2009,1.2,
20-10-2009,0,
21-10-2009,5.4,
22-10-2009,0.6,
23-10-2009,0.2,
24-10-2009,2,
25-10-2009,0,
26-10-2009,0,
27-10-2009,0,
28-10-2009,0,
29-10-2009,0.2,
30-10-2009,0,
31-10-2009,0,
01-11-2009,14.2,
02-11-2009,1.2,
03-11-2009,4.4,
04-11-2009,10.6,
05-11-2009,14,
06-11-2009,0.6,
07-11-2009,12,
08-11-2009,0.4,
09-11-2009,4,
10-11-2009,0.4,
11-11-2009,16,
12-11-2009,0,
13-11-2009,27,
14-11-2009,9.8,
15-11-2009,51.8,
16-11-2009,18,
17-11-2009,0.2,
18-11-2009,0,
19-11-2009,0,
20-11-2009,1.4,
21-11-2009,7,
22-11-2009,1.8,
23-11-2009,0.2,
24-11-2009,0,
25-11-2009,2.8,
26-11-2009,7.2,
27-11-2009,1,
28-11-2009,18.3,
29-11-2009,14.8,
30-11-2009,9.6,
01-12-2009,4.6,
02-12-2009,13.4,
03-12-2009,2.4,
04-12-2009,1.6,
05-12-2009,46.8,
06-12-2009,35.4,
07-12-2009,0.4,
08-12-2009,0.6,
09-12-2009,0,
10-12-2009,0.2,
11-12-2009,0.4,
12-12-2009,0,
13-12-2009,0.6,
14-12-2009,0.6,
15-12-2009,1.4,
16-12-2009,42.4,
17-12-2009,4.6,
18-12-2009,0,
19-12-2009,0.2,
20-12-2009,5,
21-12-2009,21.6,
22-12-2009,5.6,
23-12-2009,3.2,
24-12-2009,10.4,
25-12-2009,7.2,
26-12-2009,1.2,
27-12-2009,3,
28-12-2009,5.8,
29-12-2009,2,
30-12-2009,5.8,
31-12-2009,1.4,
01-01-2009,11,
02-01-2009,7.4,
03-01-2009,0.1,
04-01-2009,0,
05-01-2009,1,
06-01-2009,0.8,
07-01-2009,0.1,
08-01-2009,0,
09-01-2009,0.8,
10-01-2009,0.4,
11-01-2009,0.1,
12-01-2009,3.3,
13-01-2009,1,
14-01-2009,0.4,
15-01-2009,1.3,
16-01-2009,3.1,
17-01-2009,0.3,
18-01-2009,6.3,
19-01-2009,10.7,
20-01-2009,13.5,
21-01-2009,9.8,
22-01-2009,3.4,
23-01-2009,14.8,
24-01-2009,15,
25-01-2009,20.5,
26-01-2009,9.2,
27-01-2009,4.4,
28-01-2009,19.8,
29-01-2009,1,
30-01-2009,16.7,
31-01-2009,1.4,
01-02-2009,5.2,
02-02-2009,0.8,
03-02-2009,18.2,
04-02-2009,22.4,
05-02-2009,7.8,
06-02-2009,11.4,
07-02-2009,3.6,
08-02-2009,2.6,
09-02-2009,8,
10-02-2009,0.4,
11-02-2009,0.8,
12-02-2009,0,
13-02-2009,0.4,
14-02-2009,0,
15-02-2009,0,
16-02-2009,0,
17-02-2009,0.2,
18-02-2009,0,
19-02-2009,0,
20-02-2009,0,
21-02-2009,0,
22-02-2009,0,
23-02-2009,0,
24-02-2009,0,
25-02-2009,0,
26-02-2009,0,
27-02-2009,0,
28-02-2009,0,
01-03-2009,0.2,
02-03-2009,0,
03-03-2009,3.8,
04-03-2009,26.2,
05-03-2009,9.6,
06-03-2009,2.4,
07-03-2009,0.2,
08-03-2009,0,
09-03-2009,0,
10-03-2009,0,
11-03-2009,0,
12-03-2009,0,
13-03-2009,0,
14-03-2009,0,
15-03-2009,0,
16-03-2009,0,
17-03-2009,0,
18-03-2009,0,
19-03-2009,0,
20-03-2009,0,
21-03-2009,0,
22-03-2009,0,
23-03-2009,0,
24-03-2009,0,
25-03-2009,0,
26-03-2009,0,
27-03-2009,0.6,
28-03-2009,3.4,
29-03-2009,1.6,
30-03-2009,0,
31-03-2009,0,
01-04-2009,0,
02-04-2009,0,
03-04-2009,0.4,
04-04-2009,0,
05-04-2009,0,
06-04-2009,9.2,
07-04-2009,1,
08-04-2009,0,
09-04-2009,21.8,
10-04-2009,2.2,
11-04-2009,1.8,
12-04-2009,0,
13-04-2009,4.8,
14-04-2009,5.6,
15-04-2009,5,
16-04-2009,5.4,
17-04-2009,3,
18-04-2009,4,
19-04-2009,0,
20-04-2009,0,
21-04-2009,0,
22-04-2009,0,
23-04-2009,0,
24-04-2009,0.2,
25-04-2009,1.2,
26-04-2009,0.8,
27-04-2009,4.6,
28-04-2009,0.4,
29-04-2009,0.8,
30-04-2009,1.6,
01-05-2009,0,
02-05-2009,0,
03-05-2009,0,
04-05-2009,0,
05-05-2009,0,
06-05-2009,0,
07-05-2009,0,
08-05-2009,0,
09-05-2009,0,
10-05-2009,19.2,
11-05-2009,3.6,
12-05-2009,1.8,
13-05-2009,1.8,
14-05-2009,1,
15-05-2009,1,
16-05-2009,9.6,
17-05-2009,2.2,
18-05-2009,0,
19-05-2009,0,
20-05-2009,0,
21-05-2009,0,
22-05-2009,0,
23-05-2009,3.2,
24-05-2009,12.8,
25-05-2009,5.6,
26-05-2009,0,
27-05-2009,0,
28-05-2009,0,
29-05-2009,0,
30-05-2009,0,
31-05-2009,0,
01-06-2009,0,
02-06-2009,0,
03-06-2009,0,
04-06-2009,0,
05-06-2009,0,
06-06-2009,0,
07-06-2009,0,
08-06-2009,0,
09-06-2009,0,
10-06-2009,0,
11-06-2009,0,
12-06-2009,0,
13-06-2009,0,
14-06-2009,0,
15-06-2009,0,
16-06-2009,0,
17-06-2009,0,
18-06-2009,0,
19-06-2009,0,
20-06-2009,0,
21-06-2009,0,
22-06-2009,0,
23-06-2009,0,
24-06-2009,0,
25-06-2009,0,
26-06-2009,0,
27-06-2009,0,
28-06-2009,0,
29-06-2009,0,
30-06-2009,0,
01-07-2009,0,
02-07-2009,0,
03-07-2009,0,
04-07-2009,0,
05-07-2009,0,
06-07-2009,0,
07-07-2009,0,
08-07-2009,0,
09-07-2009,0,
10-07-2009,0,
11-07-2009,0,
12-07-2009,0,
13-07-2009,0,
14-07-2009,0,
15-07-2009,0,
16-07-2009,0,
17-07-2009,0.8,
18-07-2009,0,
19-07-2009,0,
20-07-2009,0,
21-07-2009,0.4,
22-07-2009,49.2,
23-07-2009,1.6,
24-07-2009,0,
25-07-2009,0,
26-07-2009,0,
27-07-2009,0,
28-07-2009,0,
29-07-2009,0,
30-07-2009,0,
31-07-2009,9.4,
01-08-2009,5.6,
02-08-2009,0,
03-08-2009,0,
04-08-2009,0,
05-08-2009,0,
06-08-2009,0.2,
07-08-2009,0,
08-08-2009,0,
09-08-2009,0,
10-08-2009,0,
11-08-2009,0,
12-08-2009,0,
13-08-2009,0,
14-08-2009,0,
15-08-2009,0,
16-08-2009,0,
17-08-2009,0,
18-08-2009,0,
19-08-2009,0,
20-08-2009,1.6,
21-08-2009,0,
22-08-2009,0,
23-08-2009,0,
24-08-2009,2.8,
25-08-2009,0,
26-08-2009,0,
27-08-2009,0.2,
28-08-2009,0.2,
29-08-2009,0,
30-08-2009,0,
31-08-2009,0,
01-09-2009,0,
02-09-2009,0,
03-09-2009,0,
04-09-2009,0,
05-09-2009,0,
06-09-2009,0,
07-09-2009,0,
08-09-2009,0,
09-09-2009,0,
10-09-2009,0,
11-09-2009,0,
12-09-2009,0,
13-09-2009,0,
14-09-2009,0,
15-09-2009,1.2,
16-09-2009,1.9,
17-09-2009,1.4,
18-09-2009,0,
19-09-2009,3.8,
20-09-2009,0.3,
21-09-2009,0,
22-09-2009,0,
23-09-2009,0,
24-09-2009,0,
25-09-2009,0,
26-09-2009,0,
27-09-2009,0,
28-09-2009,0,
29-09-2009,0.1,
30-09-2009,0,
01-10-2009,0,
02-10-2009,0,
03-10-2009,23.2,
04-10-2009,2.8,
05-10-2009,49.6,
06-10-2009,14.4,
07-10-2009,5,
08-10-2009,0,
09-10-2009,2.2,
10-10-2009,0.4,
11-10-2009,0,
12-10-2009,0.2,
13-10-2009,0,
14-10-2009,0,
15-10-2009,0,
16-10-2009,0,
17-10-2009,0,
18-10-2009,0,
19-10-2009,1.2,
20-10-2009,0,
21-10-2009,5.4,
22-10-2009,0.6,
23-10-2009,0.2,
24-10-2009,2,
25-10-2009,0,
26-10-2009,0,
27-10-2009,0,
28-10-2009,0,
29-10-2009,0.2,
30-10-2009,0,
31-10-2009,0,
01-11-2009,14.2,
02-11-2009,1.2,
03-11-2009,4.4,
04-11-2009,10.6,
05-11-2009,14,
06-11-2009,0.6,
07-11-2009,12,
08-11-2009,0.4,
09-11-2009,4,
10-11-2009,0.4,
11-11-2009,16,
12-11-2009,0,
13-11-2009,27,
14-11-2009,9.8,
15-11-2009,51.8,
16-11-2009,18,
17-11-2009,0.2,
18-11-2009,0,
19-11-2009,0,
20-11-2009,1.4,
21-11-2009,7,
22-11-2009,1.8,
23-11-2009,0.2,
24-11-2009,0,
25-11-2009,2.8,
26-11-2009,7.2,
27-11-2009,1,
28-11-2009,18.3,
29-11-2009,14.8,
30-11-2009,9.6,
01-12-2009,4.6,
02-12-2009,13.4,
03-12-2009,2.4,
04-12-2009,1.6,
05-12-2009,46.8,
06-12-2009,35.4,
07-12-2009,0.4,
08-12-2009,0.6,
09-12-2009,0,
10-12-2009,0.2,
11-12-2009,0.4,
12-12-2009,0,
13-12-2009,0.6,
14-12-2009,0.6,
15-12-2009,1.4,
16-12-2009,42.4,
17-12-2009,4.6,
18-12-2009,0,
19-12-2009,0.2,
20-12-2009,5,
21-12-2009,21.6,
22-12-2009,5.6,
23-12-2009,3.2,
24-12-2009,10.4,
25-12-2009,7.2,
26-12-2009,1.2,
27-12-2009,3,
28-12-2009,5.8,
29-12-2009,2,
30-12-2009,5.8,
31-12-2009,1.4,
01-01-2010,1.8,
02-01-2010,4.8,
03-01-2010,8,
04-01-2010,13.4,
05-01-2010,5.2,
06-01-2010,2.2,
07-01-2010,3.4,
08-01-2010,5.2,
09-01-2010,4,
10-01-2010,0.6,
11-01-2010,9,
12-01-2010,25.2,
13-01-2010,25.4,
14-01-2010,9.4,
15-01-2010,1.4,
16-01-2010,6.8,
17-01-2010,1.4,
18-01-2010,0.4,
19-01-2010,3.2,
20-01-2010,0.8,
21-01-2010,0,
22-01-2010,6.4,
23-01-2010,0.8,
24-01-2010,0,
25-01-2010,0,
26-01-2010,0.8,
27-01-2010,0,
28-01-2010,1.6,
29-01-2010,4.8,
30-01-2010,0.2,
31-01-2010,1.8,
01-02-2010,0.4,
02-02-2010,0.2,
03-02-2010,0,
04-02-2010,13.8,
05-02-2010,3.2,
06-02-2010,1.6,
07-02-2010,1.2,
08-02-2010,1,
09-02-2010,0,
10-02-2010,0.6,
11-02-2010,0,
12-02-2010,0,
13-02-2010,0,
14-02-2010,0,
15-02-2010,0,
16-02-2010,0.8,
17-02-2010,2.4,
18-02-2010,0,
19-02-2010,2,
20-02-2010,1,
21-02-2010,3.2,
22-02-2010,19.2,
23-02-2010,12.8,
24-02-2010,13.8,
25-02-2010,16,
26-02-2010,8,
27-02-2010,6.2,
28-02-2010,3.2,
01-03-2010,3.2,
02-03-2010,2.4,
03-03-2010,2,
04-03-2010,1,
05-03-2010,0.4,
06-03-2010,5.2,
07-03-2010,3.2,
08-03-2010,0,
09-03-2010,0,
10-03-2010,0,
11-03-2010,0,
12-03-2010,0,
13-03-2010,1,
14-03-2010,0,
15-03-2010,0,
16-03-2010,0,
17-03-2010,0.2,
18-03-2010,4.2,
19-03-2010,4.2,
20-03-2010,13.2,
21-03-2010,0,
22-03-2010,0,
23-03-2010,0.4,
24-03-2010,8.2,
25-03-2010,23.6,
26-03-2010,6.2,
27-03-2010,0,
28-03-2010,0,
29-03-2010,14.4,
30-03-2010,1.6,
31-03-2010,7.8,
01-04-2010,0,
02-04-2010,6.8,
05-04-2010,0,
06-04-2010,0.6,
07-04-2010,0.4,
08-04-2010,0,
09-04-2010,0,
10-04-2010,0,
11-04-2010,0,
12-04-2010,0,
13-04-2010,0,
14-04-2010,2.4,
15-04-2010,9.2,
16-04-2010,3.4,
17-04-2010,3.2,
18-04-2010,16,
19-04-2010,0.2,
20-04-2010,0.4,
21-04-2010,6,
22-04-2010,4.2,
23-04-2010,0.2,
24-04-2010,0.4,
25-04-2010,0,
26-04-2010,0,
27-04-2010,0,
28-04-2010,8.2,
29-04-2010,0,
30-04-2010,1.2,
01-05-2010,0,
02-05-2010,1.2,
03-05-2010,3.4,
04-05-2010,0.8,
05-05-2010,0,
06-05-2010,2.2,
07-05-2010,3,
08-05-2010,14,
09-05-2010,4.2,
10-05-2010,2.2,
11-05-2010,0,
12-05-2010,0,
13-05-2010,2,
14-05-2010,5,
15-05-2010,0,
16-05-2010,0,
17-05-2010,0,
18-05-2010,0,
19-05-2010,0,
20-05-2010,0,
21-05-2010,0,
22-05-2010,0,
23-05-2010,0,
24-05-2010,0.8,
25-05-2010,4,
26-05-2010,0.4,
27-05-2010,1.4,
28-05-2010,0,
29-05-2010,0,
30-05-2010,0,
31-05-2010,0,
01-06-2010,0.2,
02-06-2010,0,
03-06-2010,0,
04-06-2010,0,
05-06-2010,0,
06-06-2010,0,
07-06-2010,0,
08-06-2010,19.8,
09-06-2010,45,
10-06-2010,23.8,
11-06-2010,12.8,
12-06-2010,0.4,
13-06-2010,0,
14-06-2010,0.8,
15-06-2010,1.8,
16-06-2010,0.4,
17-06-2010,0,
18-06-2010,0,
19-06-2010,0,
20-06-2010,0,
21-06-2010,0,
22-06-2010,0,
23-06-2010,0,
24-06-2010,0,
25-06-2010,64,
26-06-2010,0,
27-06-2010,0,
28-06-2010,0,
29-06-2010,0,
30-06-2010,0,
01-07-2010,0,
02-07-2010,1.8,
03-07-2010,0,
04-07-2010,0,
05-07-2010,0,
06-07-2010,0,
07-07-2010,6.2,
08-07-2010,18.6,
09-07-2010,0,
10-07-2010,0,
11-07-2010,0,
13-07-2010,0.8,
14-07-2010,0.2,
15-07-2010,1.2,
16-07-2010,0.6,
17-07-2010,0,
18-07-2010,0,
19-07-2010,0,
20-07-2010,0,
21-07-2010,0,
22-07-2010,0,
23-07-2010,0,
24-07-2010,0,
25-07-2010,0,
26-07-2010,0,
27-07-2010,0,
28-07-2010,0,
29-07-2010,0,
30-07-2010,0,
31-07-2010,0,
01-08-2010,0,
02-08-2010,0,
03-08-2010,0,
04-08-2010,0,
05-08-2010,0,
06-08-2010,0,
07-08-2010,0,
08-08-2010,0,
09-08-2010,0,
10-08-2010,0,
11-08-2010,0,
12-08-2010,0,
13-08-2010,0,
14-08-2010,0,
15-08-2010,0,
16-08-2010,0,
17-08-2010,0,
18-08-2010,1,
19-08-2010,0,
20-08-2010,0,
21-08-2010,0,
22-08-2010,0,
23-08-2010,5.2,
24-08-2010,0,
25-08-2010,0,
26-08-2010,0.6,
27-08-2010,0,
28-08-2010,0,
29-08-2010,0,
30-08-2010,0,
31-08-2010,0,
01-09-2010,6,
02-09-2010,0.2,
03-09-2010,0,
04-09-2010,0,
05-09-2010,0,
06-09-2010,3.4,
07-09-2010,4.6,
08-09-2010,0,
09-09-2010,0,
10-09-2010,0,
11-09-2010,0,
12-09-2010,0,
13-09-2010,0,
14-09-2010,0,
15-09-2010,0.2,
16-09-2010,0,
17-09-2010,0,
18-09-2010,0,
19-09-2010,0,
20-09-2010,0,
21-09-2010,0,
22-09-2010,0,
23-09-2010,0.8,
24-09-2010,0.2,
25-09-2010,0.4,
26-09-2010,0,
27-09-2010,0,
29-09-2010,13.6,
30-09-2010,0,
01-10-2010,0,
02-10-2010,43.8,
03-10-2010,35.4,
04-10-2010,0.2,
05-10-2010,17,
06-10-2010,7.8,
07-10-2010,10.4,
08-10-2010,22.8,
09-10-2010,0.2,
10-10-2010,0.4,
11-10-2010,0.4,
12-10-2010,0,
13-10-2010,0,
14-10-2010,0,
15-10-2010,0,
16-10-2010,0,
17-10-2010,0,
18-10-2010,0,
19-10-2010,0,
20-10-2010,0.2,
21-10-2010,0,
22-10-2010,0.2,
23-10-2010,0.2,
24-10-2010,2.8,
25-10-2010,0.2,
26-10-2010,0,
27-10-2010,0,
28-10-2010,0,
29-10-2010,21.6,
30-10-2010,21.4,
31-10-2010,15.8,
01-11-2010,4.6,
02-11-2010,0,
03-11-2010,0.6,
04-11-2010,0.4,
05-11-2010,0.4,
06-11-2010,2.2,
07-11-2010,4.6,
08-11-2010,19.6,
09-11-2010,19.6,
10-11-2010,1,
11-11-2010,0.6,
12-11-2010,0.2,
13-11-2010,25.6,
14-11-2010,21,
15-11-2010,3.2,
16-11-2010,5.6,
17-11-2010,2.2,
18-11-2010,1,
19-11-2010,19.8,
20-11-2010,20.2,
21-11-2010,7.6,
22-11-2010,6.8,
23-11-2010,0,
24-11-2010,0.2,
25-11-2010,0.6,
26-11-2010,0.2,
27-11-2010,0.6,
28-11-2010,0,
29-11-2010,4.6,
30-11-2010,4.4,
01-12-2010,1.4,
02-12-2010,6.4,
03-12-2010,2.2,
04-12-2010,7.9,
05-12-2010,19.2,
06-12-2010,23.2,
07-12-2010,26.8,
08-12-2010,3.2,
09-12-2010,0,
10-12-2010,0,
11-12-2010,0,
12-12-2010,0,
13-12-2010,0,
14-12-2010,0,
15-12-2010,0,
16-12-2010,0,
17-12-2010,1.8,
18-12-2010,0,
19-12-2010,1,
20-12-2010,10,
21-12-2010,7,
22-12-2010,18.4,
23-12-2010,2,
24-12-2010,0.2,
25-12-2010,0,
26-12-2010,0,
27-12-2010,2.4,
28-12-2010,1.8,
29-12-2010,0,
30-12-2010,0,
31-12-2010,0,
01-01-2010,1.8,
02-01-2010,4.8,
03-01-2010,8,
04-01-2010,13.4,
05-01-2010,5.2,
06-01-2010,2.2,
07-01-2010,3.4,
08-01-2010,5.2,
09-01-2010,4,
10-01-2010,0.6,
11-01-2010,9,
12-01-2010,25.2,
13-01-2010,25.4,
14-01-2010,9.4,
15-01-2010,1.4,
16-01-2010,6.8,
17-01-2010,1.4,
18-01-2010,0.4,
19-01-2010,3.2,
20-01-2010,0.8,
21-01-2010,0,
22-01-2010,6.4,
23-01-2010,0.8,
24-01-2010,0,
25-01-2010,0,
26-01-2010,0.8,
27-01-2010,0,
28-01-2010,1.6,
29-01-2010,4.8,
30-01-2010,0.2,
31-01-2010,1.8,
01-02-2010,0.4,
02-02-2010,0.2,
03-02-2010,0,
04-02-2010,13.8,
05-02-2010,3.2,
06-02-2010,1.6,
07-02-2010,1.2,
08-02-2010,1,
09-02-2010,0,
10-02-2010,0.6,
11-02-2010,0,
12-02-2010,0,
13-02-2010,0,
14-02-2010,0,
15-02-2010,0,
16-02-2010,0.8,
17-02-2010,2.4,
18-02-2010,0,
19-02-2010,2,
20-02-2010,1,
21-02-2010,3.2,
22-02-2010,19.2,
23-02-2010,12.8,
24-02-2010,13.8,
25-02-2010,16,
26-02-2010,8,
27-02-2010,6.2,
28-02-2010,3.2,
01-03-2010,3.2,
02-03-2010,2.4,
03-03-2010,2,
04-03-2010,1,
05-03-2010,0.4,
06-03-2010,5.2,
07-03-2010,3.2,
08-03-2010,0,
09-03-2010,0,
10-03-2010,0,
11-03-2010,0,
12-03-2010,0,
13-03-2010,1,
14-03-2010,0,
15-03-2010,0,
16-03-2010,0,
17-03-2010,0.2,
18-03-2010,4.2,
19-03-2010,4.2,
20-03-2010,13.2,
21-03-2010,0,
22-03-2010,0,
23-03-2010,0.4,
24-03-2010,8.2,
25-03-2010,23.6,
26-03-2010,6.2,
27-03-2010,0,
28-03-2010,0,
29-03-2010,14.4,
30-03-2010,1.6,
31-03-2010,7.8,
01-04-2010,0,
02-04-2010,6.8,
05-04-2010,0,
06-04-2010,0.6,
07-04-2010,0.4,
08-04-2010,0,
09-04-2010,0,
10-04-2010,0,
11-04-2010,0,
12-04-2010,0,
13-04-2010,0,
14-04-2010,2.4,
15-04-2010,9.2,
16-04-2010,3.4,
17-04-2010,3.2,
18-04-2010,16,
19-04-2010,0.2,
20-04-2010,0.4,
21-04-2010,6,
22-04-2010,4.2,
23-04-2010,0.2,
24-04-2010,0.4,
25-04-2010,0,
26-04-2010,0,
27-04-2010,0,
28-04-2010,8.2,
29-04-2010,0,
30-04-2010,1.2,
01-05-2010,0,
02-05-2010,1.2,
03-05-2010,3.4,
04-05-2010,0.8,
05-05-2010,0,
06-05-2010,2.2,
07-05-2010,3,
08-05-2010,14,
09-05-2010,4.2,
10-05-2010,2.2,
11-05-2010,0,
12-05-2010,0,
13-05-2010,2,
14-05-2010,5,
15-05-2010,0,
16-05-2010,0,
17-05-2010,0,
18-05-2010,0,
19-05-2010,0,
20-05-2010,0,
21-05-2010,0,
22-05-2010,0,
23-05-2010,0,
24-05-2010,0.8,
25-05-2010,4,
26-05-2010,0.4,
27-05-2010,1.4,
28-05-2010,0,
29-05-2010,0,
30-05-2010,0,
31-05-2010,0,
01-06-2010,0.2,
02-06-2010,0,
03-06-2010,0,
04-06-2010,0,
05-06-2010,0,
06-06-2010,0,
07-06-2010,0,
08-06-2010,19.8,
09-06-2010,45,
10-06-2010,23.8,
11-06-2010,12.8,
12-06-2010,0.4,
13-06-2010,0,
14-06-2010,0.8,
15-06-2010,1.8,
16-06-2010,0.4,
17-06-2010,0,
18-06-2010,0,
19-06-2010,0,
20-06-2010,0,
21-06-2010,0,
22-06-2010,0,
23-06-2010,0,
24-06-2010,0,
25-06-2010,64,
26-06-2010,0,
27-06-2010,0,
28-06-2010,0,
29-06-2010,0,
30-06-2010,0,
01-07-2010,0,
02-07-2010,1.8,
03-07-2010,0,
04-07-2010,0,
05-07-2010,0,
06-07-2010,0,
07-07-2010,6.2,
08-07-2010,18.6,
09-07-2010,0,
10-07-2010,0,
11-07-2010,0,
13-07-2010,0.8,
14-07-2010,0.2,
15-07-2010,1.2,
16-07-2010,0.6,
17-07-2010,0,
18-07-2010,0,
19-07-2010,0,
20-07-2010,0,
21-07-2010,0,
22-07-2010,0,
23-07-2010,0,
24-07-2010,0,
25-07-2010,0,
26-07-2010,0,
27-07-2010,0,
28-07-2010,0,
29-07-2010,0,
30-07-2010,0,
31-07-2010,0,
01-08-2010,0,
02-08-2010,0,
03-08-2010,0,
04-08-2010,0,
05-08-2010,0,
06-08-2010,0,
07-08-2010,0,
08-08-2010,0,
09-08-2010,0,
10-08-2010,0,
11-08-2010,0,
12-08-2010,0,
13-08-2010,0,
14-08-2010,0,
15-08-2010,0,
16-08-2010,0,
17-08-2010,0,
18-08-2010,1,
19-08-2010,0,
20-08-2010,0,
21-08-2010,0,
22-08-2010,0,
23-08-2010,5.2,
24-08-2010,0,
25-08-2010,0,
26-08-2010,0.6,
27-08-2010,0,
28-08-2010,0,
29-08-2010,0,
30-08-2010,0,
31-08-2010,0,
01-09-2010,6,
02-09-2010,0.2,
03-09-2010,0,
04-09-2010,0,
05-09-2010,0,
06-09-2010,3.4,
07-09-2010,4.6,
08-09-2010,0,
09-09-2010,0,
10-09-2010,0,
11-09-2010,0,
12-09-2010,0,
13-09-2010,0,
14-09-2010,0,
15-09-2010,0.2,
16-09-2010,0,
17-09-2010,0,
18-09-2010,0,
19-09-2010,0,
20-09-2010,0,
21-09-2010,0,
22-09-2010,0,
23-09-2010,0.8,
24-09-2010,0.2,
25-09-2010,0.4,
26-09-2010,0,
27-09-2010,0,
29-09-2010,13.6,
30-09-2010,0,
01-10-2010,0,
02-10-2010,43.8,
03-10-2010,35.4,
04-10-2010,0.2,
05-10-2010,17,
06-10-2010,7.8,
07-10-2010,10.4,
08-10-2010,22.8,
09-10-2010,0.2,
10-10-2010,0.4,
11-10-2010,0.4,
12-10-2010,0,
13-10-2010,0,
14-10-2010,0,
15-10-2010,0,
16-10-2010,0,
17-10-2010,0,
18-10-2010,0,
19-10-2010,0,
20-10-2010,0.2,
21-10-2010,0,
22-10-2010,0.2,
23-10-2010,0.2,
24-10-2010,2.8,
25-10-2010,0.2,
26-10-2010,0,
27-10-2010,0,
28-10-2010,0,
29-10-2010,21.6,
30-10-2010,21.4,
31-10-2010,15.8,
01-11-2010,4.6,
02-11-2010,0,
03-11-2010,0.6,
04-11-2010,0.4,
05-11-2010,0.4,
06-11-2010,2.2,
07-11-2010,4.6,
08-11-2010,19.6,
09-11-2010,19.6,
10-11-2010,1,
11-11-2010,0.6,
12-11-2010,0.2,
13-11-2010,25.6,
14-11-2010,21,
15-11-2010,3.2,
16-11-2010,5.6,
17-11-2010,2.2,
18-11-2010,1,
19-11-2010,19.8,
20-11-2010,20.2,
21-11-2010,7.6,
22-11-2010,6.8,
23-11-2010,0,
24-11-2010,0.2,
25-11-2010,0.6,
26-11-2010,0.2,
27-11-2010,0.6,
28-11-2010,0,
29-11-2010,4.6,
30-11-2010,4.4,
01-12-2010,1.4,
02-12-2010,6.4,
03-12-2010,2.2,
04-12-2010,7.9,
05-12-2010,19.2,
06-12-2010,23.2,
07-12-2010,26.8,
08-12-2010,3.2,
09-12-2010,0,
10-12-2010,0,
11-12-2010,0,
12-12-2010,0,
13-12-2010,0,
14-12-2010,0,
15-12-2010,0,
16-12-2010,0,
17-12-2010,1.8,
18-12-2010,0,
19-12-2010,1,
20-12-2010,10,
21-12-2010,7,
22-12-2010,18.4,
23-12-2010,2,
24-12-2010,0.2,
25-12-2010,0,
26-12-2010,0,
27-12-2010,2.4,
28-12-2010,1.8,
29-12-2010,0,
30-12-2010,0,
31-12-2010,0,
01-01-2011,0,
02-01-2011,0,
03-01-2011,0,
04-01-2011,0,
05-01-2011,0,
06-01-2011,0,
07-01-2011,0,
08-01-2011,0,
09-01-2011,0,
10-01-2011,0,
11-01-2011,0,
12-01-2011,0,
13-01-2011,0,
14-01-2011,0,
15-01-2011,0,
16-01-2011,0,
17-01-2011,0,
18-01-2011,0,
19-01-2011,0,
20-01-2011,0,
21-01-2011,0,
22-01-2011,0,
23-01-2011,0,
24-01-2011,0,
25-01-2011,0,
26-01-2011,0,
27-01-2011,0,
28-01-2011,0,
29-01-2011,0,
30-01-2011,0,
31-01-2011,0,
01-02-2011,0,
02-02-2011,0,
03-02-2011,0,
04-02-2011,0,
05-02-2011,0,
06-02-2011,0,
07-02-2011,0,
08-02-2011,0,
09-02-2011,0,
11-02-2011,1,
12-02-2011,0.2,
13-02-2011,12,
14-02-2011,11,
15-02-2011,18.6,
16-02-2011,22.6,
17-02-2011,9,
18-02-2011,4.2,
19-02-2011,0,
20-02-2011,12.6,
21-02-2011,3.6,
22-02-2011,0,
23-02-2011,0,
24-02-2011,0,
25-02-2011,0,
26-02-2011,0.2,
27-02-2011,0.6,
28-02-2011,1,
01-03-2011,0.2,
02-03-2011,0,
03-03-2011,0.2,
04-03-2011,0,
05-03-2011,0,
06-03-2011,0,
07-03-2011,0,
08-03-2011,0,
09-03-2011,0,
10-03-2011,0,
11-03-2011,1.2,
12-03-2011,3.4,
13-03-2011,1.2,
14-03-2011,10.2,
15-03-2011,8.6,
16-03-2011,2.6,
17-03-2011,0,
18-03-2011,0.2,
19-03-2011,0,
20-03-2011,0,
21-03-2011,0,
22-03-2011,4,
23-03-2011,0,
24-03-2011,0.6,
25-03-2011,3.8,
26-03-2011,14.6,
27-03-2011,1.8,
28-03-2011,1,
29-03-2011,6,
30-03-2011,0,
31-03-2011,0,
01-04-2011,0,
02-04-2011,0,
03-04-2011,0,
04-04-2011,0,
05-04-2011,0,
06-04-2011,0,
07-04-2011,0,
08-04-2011,0,
09-04-2011,0,
10-04-2011,0,
11-04-2011,0,
12-04-2011,0,
13-04-2011,0,
14-04-2011,0,
15-04-2011,0,
16-04-2011,0,
17-04-2011,0,
18-04-2011,18.4,
19-04-2011,11,
20-04-2011,2.6,
21-04-2011,12.2,
22-04-2011,14,
23-04-2011,0,
24-04-2011,0,
25-04-2011,0,
26-04-2011,0,
27-04-2011,0,
28-04-2011,0,
29-04-2011,0.2,
30-04-2011,2.8,
01-05-2011,11.6,
02-05-2011,0,
03-05-2011,0,
04-05-2011,0,
05-05-2011,0,
06-05-2011,7.2,
07-05-2011,9,
08-05-2011,5,
09-05-2011,0,
10-05-2011,0,
11-05-2011,0,
12-05-2011,0,
13-05-2011,0,
14-05-2011,0,
15-05-2011,0,
16-05-2011,0,
17-05-2011,0,
18-05-2011,0,
19-05-2011,0,
20-05-2011,0,
21-05-2011,0,
22-05-2011,0,
23-05-2011,0,
24-05-2011,0,
25-05-2011,0,
26-05-2011,0,
27-05-2011,0,
28-05-2011,0,
29-05-2011,1.6,
30-05-2011,4.6,
31-05-2011,0,
01-06-2011,0,
02-06-2011,0,
03-06-2011,0,
04-06-2011,0,
05-06-2011,0,
06-06-2011,0,
07-06-2011,0,
08-06-2011,0,
09-06-2011,0,
10-06-2011,0,
11-06-2011,0,
12-06-2011,0.2,
13-06-2011,0.6,
14-06-2011,0,
15-06-2011,1.2,
16-06-2011,0,
17-06-2011,0.6,
18-06-2011,0,
19-06-2011,0,
20-06-2011,0,
21-06-2011,0,
22-06-2011,0,
23-06-2011,0,
24-06-2011,0,
25-06-2011,0,
26-06-2011,0.2,
27-06-2011,0,
28-06-2011,0.2,
29-06-2011,0,
30-06-2011,0,
01-07-2011,0,
02-07-2011,0,
03-07-2011,0,
04-07-2011,0,
05-07-2011,0.4,
06-07-2011,0,
07-07-2011,0,
08-07-2011,2.4,
09-07-2011,5,
10-07-2011,0,
11-07-2011,7.4,
12-07-2011,2.6,
13-07-2011,0,
14-07-2011,0,
15-07-2011,0,
16-07-2011,0.8,
17-07-2011,0,
18-07-2011,1.4,
19-07-2011,0,
20-07-2011,0.4,
21-07-2011,0,
22-07-2011,0,
23-07-2011,0,
24-07-2011,0.2,
25-07-2011,0.6,
26-07-2011,0,
27-07-2011,0,
28-07-2011,0,
29-07-2011,0,
30-07-2011,0,
31-07-2011,0,
01-08-2011,0,
02-08-2011,0,
03-08-2011,0,
04-08-2011,0.6,
05-08-2011,0.2,
06-08-2011,1,
07-08-2011,0.2,
08-08-2011,0,
09-08-2011,0,
10-08-2011,0,
11-08-2011,0,
12-08-2011,0,
13-08-2011,0,
14-08-2011,0.8,
15-08-2011,0,
16-08-2011,0,
17-08-2011,0,
18-08-2011,0,
19-08-2011,3.6,
20-08-2011,0,
21-08-2011,8.6,
22-08-2011,3.4,
23-08-2011,0,
24-08-2011,0,
25-08-2011,2.8,
26-08-2011,0,
27-08-2011,0,
28-08-2011,0,
29-08-2011,0,
30-08-2011,0.2,
31-08-2011,1,
01-09-2011,0.4,
02-09-2011,0,
03-09-2011,7.6,
04-09-2011,0,
05-09-2011,0,
06-09-2011,0,
07-09-2011,0,
08-09-2011,0,
09-09-2011,0,
10-09-2011,0,
11-09-2011,0.2,
12-09-2011,0,
13-09-2011,0,
14-09-2011,0,
15-09-2011,0,
16-09-2011,0,
17-09-2011,0.6,
18-09-2011,1,
19-09-2011,0,
20-09-2011,0,
21-09-2011,0,
22-09-2011,0,
23-09-2011,0,
24-09-2011,0,
25-09-2011,0,
26-09-2011,0,
27-09-2011,0,
28-09-2011,1.4,
29-09-2011,0,
30-09-2011,0,
01-10-2011,0,
02-10-2011,0,
03-10-2011,0,
04-10-2011,0,
05-10-2011,0,
06-10-2011,4.4,
07-10-2011,0,
08-10-2011,0,
09-10-2011,0,
10-10-2011,0,
11-10-2011,0,
12-10-2011,0,
13-10-2011,0,
14-10-2011,0,
15-10-2011,0,
16-10-2011,0,
17-10-2011,0,
18-10-2011,0.2,
19-10-2011,1.4,
20-10-2011,0,
21-10-2011,0,
22-10-2011,0,
23-10-2011,47.4,
24-10-2011,5.4,
25-10-2011,3.2,
26-10-2011,72.8,
27-10-2011,7.4,
28-10-2011,0,
29-10-2011,0.2,
30-10-2011,0,
31-10-2011,8.6,
01-11-2011,0.2,
02-11-2011,19.4,
03-11-2011,2.8,
04-11-2011,1.2,
05-11-2011,4.6,
06-11-2011,0.2,
07-11-2011,0,
08-11-2011,0.2,
09-11-2011,2,
10-11-2011,10.6,
11-11-2011,7.8,
12-11-2011,0,
13-11-2011,0.4,
14-11-2011,1.2,
15-11-2011,6,
16-11-2011,1.4,
17-11-2011,0.2,
18-11-2011,3.4,
19-11-2011,1.8,
20-11-2011,2.2,
21-11-2011,2.2,
22-11-2011,5.6,
23-11-2011,0.2,
24-11-2011,0.2,
25-11-2011,0.2,
26-11-2011,0.4,
27-11-2011,0.2,
28-11-2011,0.2,
29-11-2011,1.4,
30-11-2011,0,
01-12-2011,20,
02-12-2011,1.4,
03-12-2011,1.6,
04-12-2011,1,
05-12-2011,4.6,
06-12-2011,0,
07-12-2011,0,
08-12-2011,0.4,
09-12-2011,12.6,
10-12-2011,1.8,
11-12-2011,1.2,
12-12-2011,0.8,
13-12-2011,11.2,
14-12-2011,2.4,
15-12-2011,1.2,
16-12-2011,12.8,
17-12-2011,0.6,
18-12-2011,0.2,
19-12-2011,1.4,
20-12-2011,1.6,
21-12-2011,0.2,
22-12-2011,0.4,
23-12-2011,1.2,
24-12-2011,0,
25-12-2011,0,
26-12-2011,0.2,
27-12-2011,0.2,
28-12-2011,0.8,
29-12-2011,0,
30-12-2011,0,
31-12-2011,0.2,
01-01-2011,0,
02-01-2011,0,
03-01-2011,0,
04-01-2011,0,
05-01-2011,0,
06-01-2011,0,
07-01-2011,0,
08-01-2011,0,
09-01-2011,0,
10-01-2011,0,
11-01-2011,0,
12-01-2011,0,
13-01-2011,0,
14-01-2011,0,
15-01-2011,0,
16-01-2011,0,
17-01-2011,0,
18-01-2011,0,
19-01-2011,0,
20-01-2011,0,
21-01-2011,0,
22-01-2011,0,
23-01-2011,0,
24-01-2011,0,
25-01-2011,0,
26-01-2011,0,
27-01-2011,0,
28-01-2011,0,
29-01-2011,0,
30-01-2011,0,
31-01-2011,0,
01-02-2011,0,
02-02-2011,0,
03-02-2011,0,
04-02-2011,0,
05-02-2011,0,
06-02-2011,0,
07-02-2011,0,
08-02-2011,0,
09-02-2011,0,
11-02-2011,1,
12-02-2011,0.2,
13-02-2011,12,
14-02-2011,11,
15-02-2011,18.6,
16-02-2011,22.6,
17-02-2011,9,
18-02-2011,4.2,
19-02-2011,0,
20-02-2011,12.6,
21-02-2011,3.6,
22-02-2011,0,
23-02-2011,0,
24-02-2011,0,
25-02-2011,0,
26-02-2011,0.2,
27-02-2011,0.6,
28-02-2011,1,
01-03-2011,0.2,
02-03-2011,0,
03-03-2011,0.2,
04-03-2011,0,
05-03-2011,0,
06-03-2011,0,
07-03-2011,0,
08-03-2011,0,
09-03-2011,0,
10-03-2011,0,
11-03-2011,1.2,
12-03-2011,3.4,
13-03-2011,1.2,
14-03-2011,10.2,
15-03-2011,8.6,
16-03-2011,2.6,
17-03-2011,0,
18-03-2011,0.2,
19-03-2011,0,
20-03-2011,0,
21-03-2011,0,
22-03-2011,4,
23-03-2011,0,
24-03-2011,0.6,
25-03-2011,3.8,
26-03-2011,14.6,
27-03-2011,1.8,
28-03-2011,1,
29-03-2011,6,
30-03-2011,0,
31-03-2011,0,
01-04-2011,0,
02-04-2011,0,
03-04-2011,0,
04-04-2011,0,
05-04-2011,0,
06-04-2011,0,
07-04-2011,0,
08-04-2011,0,
09-04-2011,0,
10-04-2011,0,
11-04-2011,0,
12-04-2011,0,
13-04-2011,0,
14-04-2011,0,
15-04-2011,0,
16-04-2011,0,
17-04-2011,0,
18-04-2011,18.4,
19-04-2011,11,
20-04-2011,2.6,
21-04-2011,12.2,
22-04-2011,14,
23-04-2011,0,
24-04-2011,0,
25-04-2011,0,
26-04-2011,0,
27-04-2011,0,
28-04-2011,0,
29-04-2011,0.2,
30-04-2011,2.8,
01-05-2011,11.6,
02-05-2011,0,
03-05-2011,0,
04-05-2011,0,
05-05-2011,0,
06-05-2011,7.2,
07-05-2011,9,
08-05-2011,5,
09-05-2011,0,
10-05-2011,0,
11-05-2011,0,
12-05-2011,0,
13-05-2011,0,
14-05-2011,0,
15-05-2011,0,
16-05-2011,0,
17-05-2011,0,
18-05-2011,0,
19-05-2011,0,
20-05-2011,0,
21-05-2011,0,
22-05-2011,0,
23-05-2011,0,
24-05-2011,0,
25-05-2011,0,
26-05-2011,0,
27-05-2011,0,
28-05-2011,0,
29-05-2011,1.6,
30-05-2011,4.6,
31-05-2011,0,
01-06-2011,0,
02-06-2011,0,
03-06-2011,0,
04-06-2011,0,
05-06-2011,0,
06-06-2011,0,
07-06-2011,0,
08-06-2011,0,
09-06-2011,0,
10-06-2011,0,
11-06-2011,0,
12-06-2011,0.2,
13-06-2011,0.6,
14-06-2011,0,
15-06-2011,1.2,
16-06-2011,0,
17-06-2011,0.6,
18-06-2011,0,
19-06-2011,0,
20-06-2011,0,
21-06-2011,0,
22-06-2011,0,
23-06-2011,0,
24-06-2011,0,
25-06-2011,0,
26-06-2011,0.2,
27-06-2011,0,
28-06-2011,0.2,
29-06-2011,0,
30-06-2011,0,
01-07-2011,0,
02-07-2011,0,
03-07-2011,0,
04-07-2011,0,
05-07-2011,0.4,
06-07-2011,0,
07-07-2011,0,
08-07-2011,2.4,
09-07-2011,5,
10-07-2011,0,
11-07-2011,7.4,
12-07-2011,2.6,
13-07-2011,0,
14-07-2011,0,
15-07-2011,0,
16-07-2011,0.8,
17-07-2011,0,
18-07-2011,1.4,
19-07-2011,0,
20-07-2011,0.4,
21-07-2011,0,
22-07-2011,0,
23-07-2011,0,
24-07-2011,0.2,
25-07-2011,0.6,
26-07-2011,0,
27-07-2011,0,
28-07-2011,0,
29-07-2011,0,
30-07-2011,0,
31-07-2011,0,
01-08-2011,0,
02-08-2011,0,
03-08-2011,0,
04-08-2011,0.6,
05-08-2011,0.2,
06-08-2011,1,
07-08-2011,0.2,
08-08-2011,0,
09-08-2011,0,
10-08-2011,0,
11-08-2011,0,
12-08-2011,0,
13-08-2011,0,
14-08-2011,0.8,
15-08-2011,0,
16-08-2011,0,
17-08-2011,0,
18-08-2011,0,
19-08-2011,3.6,
20-08-2011,0,
21-08-2011,8.6,
22-08-2011,3.4,
23-08-2011,0,
24-08-2011,0,
25-08-2011,2.8,
26-08-2011,0,
27-08-2011,0,
28-08-2011,0,
29-08-2011,0,
30-08-2011,0.2,
31-08-2011,1,
01-09-2011,0.4,
02-09-2011,0,
03-09-2011,7.6,
04-09-2011,0,
05-09-2011,0,
06-09-2011,0,
07-09-2011,0,
08-09-2011,0,
09-09-2011,0,
10-09-2011,0,
11-09-2011,0.2,
12-09-2011,0,
13-09-2011,0,
14-09-2011,0,
15-09-2011,0,
16-09-2011,0,
17-09-2011,0.6,
18-09-2011,1,
19-09-2011,0,
20-09-2011,0,
21-09-2011,0,
22-09-2011,0,
23-09-2011,0,
24-09-2011,0,
25-09-2011,0,
26-09-2011,0,
27-09-2011,0,
28-09-2011,1.4,
29-09-2011,0,
30-09-2011,0,
01-10-2011,0,
02-10-2011,0,
03-10-2011,0,
04-10-2011,0,
05-10-2011,0,
06-10-2011,4.4,
07-10-2011,0,
08-10-2011,0,
09-10-2011,0,
10-10-2011,0,
11-10-2011,0,
12-10-2011,0,
13-10-2011,0,
14-10-2011,0,
15-10-2011,0,
16-10-2011,0,
17-10-2011,0,
18-10-2011,0.2,
19-10-2011,1.4,
20-10-2011,0,
21-10-2011,0,
22-10-2011,0,
23-10-2011,47.4,
24-10-2011,5.4,
25-10-2011,3.2,
26-10-2011,72.8,
27-10-2011,7.4,
28-10-2011,0,
29-10-2011,0.2,
30-10-2011,0,
31-10-2011,8.6,
01-11-2011,0.2,
02-11-2011,19.4,
03-11-2011,2.8,
04-11-2011,1.2,
05-11-2011,4.6,
06-11-2011,0.2,
07-11-2011,0,
08-11-2011,0.2,
09-11-2011,2,
10-11-2011,10.6,
11-11-2011,7.8,
12-11-2011,0,
13-11-2011,0.4,
14-11-2011,1.2,
15-11-2011,6,
16-11-2011,1.4,
17-11-2011,0.2,
18-11-2011,3.4,
19-11-2011,1.8,
20-11-2011,2.2,
21-11-2011,2.2,
22-11-2011,5.6,
23-11-2011,0.2,
24-11-2011,0.2,
25-11-2011,0.2,
26-11-2011,0.4,
27-11-2011,0.2,
28-11-2011,0.2,
29-11-2011,1.4,
30-11-2011,0,
01-12-2011,20,
02-12-2011,1.4,
03-12-2011,1.6,
04-12-2011,1,
05-12-2011,4.6,
06-12-2011,0,
07-12-2011,0,
08-12-2011,0.4,
09-12-2011,12.6,
10-12-2011,1.8,
11-12-2011,1.2,
12-12-2011,0.8,
13-12-2011,11.2,
14-12-2011,2.4,
15-12-2011,1.2,
16-12-2011,12.8,
17-12-2011,0.6,
18-12-2011,0.2,
19-12-2011,1.4,
20-12-2011,1.6,
21-12-2011,0.2,
22-12-2011,0.4,
23-12-2011,1.2,
24-12-2011,0,
25-12-2011,0,
26-12-2011,0.2,
27-12-2011,0.2,
28-12-2011,0.8,
29-12-2011,0,
30-12-2011,0,
31-12-2011,0.2,
01-01-2012,9.2,
02-01-2012,0,
03-01-2012,1.2,
04-01-2012,1,
05-01-2012,0,
06-01-2012,0.4,
07-01-2012,0,
08-01-2012,0.4,
09-01-2012,0.2,
10-01-2012,0.2,
11-01-2012,0.6,
12-01-2012,0.4,
13-01-2012,0,
14-01-2012,1.2,
15-01-2012,4.6,
16-01-2012,0,
17-01-2012,0,
18-01-2012,0.6,
19-01-2012,0.6,
20-01-2012,1,
21-01-2012,0.2,
22-01-2012,0,
23-01-2012,0,
24-01-2012,0.2,
25-01-2012,1.6,
26-01-2012,0.2,
27-01-2012,0.2,
28-01-2012,0,
29-01-2012,0,
30-01-2012,0,
31-01-2012,1,
01-02-2012,1.2,
02-02-2012,0,
03-02-2012,0,
04-02-2012,0,
05-02-2012,5,
06-02-2012,1.6,
07-02-2012,0.8,
08-02-2012,0.2,
09-02-2012,0,
10-02-2012,0,
11-02-2012,0,
12-02-2012,0,
13-02-2012,2,
14-02-2012,4.8,
15-02-2012,0.2,
16-02-2012,0,
17-02-2012,0,
18-02-2012,0,
19-02-2012,0.2,
20-02-2012,0,
21-02-2012,0,
22-02-2012,0,
23-02-2012,0,
24-02-2012,0,
25-02-2012,0,
26-02-2012,0,
27-02-2012,0,
28-02-2012,0,
29-02-2012,0,
01-03-2012,1.6,
02-03-2012,0.4,
03-03-2012,0.4,
04-03-2012,0,
05-03-2012,0,
06-03-2012,0.6,
07-03-2012,0,
08-03-2012,0,
09-03-2012,0,
10-03-2012,0,
11-03-2012,0,
12-03-2012,0,
13-03-2012,0,
14-03-2012,0,
15-03-2012,0,
16-03-2012,0,
17-03-2012,8,
18-03-2012,4.4,
19-03-2012,0,
20-03-2012,0,
21-03-2012,0,
22-03-2012,0,
23-03-2012,0,
24-03-2012,0,
25-03-2012,0,
26-03-2012,0,
27-03-2012,0,
28-03-2012,0,
29-03-2012,0,
30-03-2012,0,
31-03-2012,0,
01-04-2012,0,
02-04-2012,0,
03-04-2012,0,
04-04-2012,0.2,
05-04-2012,0,
06-04-2012,7.4,
07-04-2012,0.2,
08-04-2012,0,
09-04-2012,3.2,
10-04-2012,2.6,
11-04-2012,7.6,
12-04-2012,2.2,
13-04-2012,13.8,
14-04-2012,17.8,
15-04-2012,6,
16-04-2012,0.6,
17-04-2012,5,
18-04-2012,25.2,
19-04-2012,4.2,
20-04-2012,5.8,
21-04-2012,2.6,
22-04-2012,2.2,
23-04-2012,2.8,
24-04-2012,11.4,
25-04-2012,2.4,
26-04-2012,5.4,
27-04-2012,0.2,
28-04-2012,4.4,
29-04-2012,2.6,
30-04-2012,1.6,
01-05-2012,0,
02-05-2012,2.8,
03-05-2012,7.4,
04-05-2012,15.8,
05-05-2012,9.6,
06-05-2012,1.4,
07-05-2012,10.4,
08-05-2012,4,
09-05-2012,0,
10-05-2012,0,
11-05-2012,0,
12-05-2012,0,
13-05-2012,0,
14-05-2012,0,
15-05-2012,0,
16-05-2012,0,
17-05-2012,0,
18-05-2012,2.2,
19-05-2012,4.6,
20-05-2012,1.6,
21-05-2012,0,
22-05-2012,0.6,
23-05-2012,0,
24-05-2012,0,
25-05-2012,0,
26-05-2012,1,
27-05-2012,0,
28-05-2012,0,
29-05-2012,0,
30-05-2012,0,
31-05-2012,0,
01-06-2012,2,
02-06-2012,2,
03-06-2012,0,
04-06-2012,0,
05-06-2012,3.6,
06-06-2012,6.8,
07-06-2012,0.2,
08-06-2012,0,
09-06-2012,3.2,
10-06-2012,0,
11-06-2012,4.8,
12-06-2012,0.2,
13-06-2012,0,
14-06-2012,0,
15-06-2012,16.4,
16-06-2012,0.2,
17-06-2012,12,
18-06-2012,0.2,
19-06-2012,0,
20-06-2012,6.6,
21-06-2012,0,
22-06-2012,0,
23-06-2012,0,
24-06-2012,0,
25-06-2012,0,
26-06-2012,0,
27-06-2012,0,
28-06-2012,0,
29-06-2012,1.2,
30-06-2012,0.2,
01-07-2012,0,
02-07-2012,0,
03-07-2012,0.4,
04-07-2012,0.4,
05-07-2012,1.4,
06-07-2012,0.2,
07-07-2012,3.6,
08-07-2012,0.2,
09-07-2012,0,
10-07-2012,0,
11-07-2012,0,
12-07-2012,0,
13-07-2012,1.6,
14-07-2012,0,
15-07-2012,0,
16-07-2012,0,
17-07-2012,0,
18-07-2012,0,
19-07-2012,0,
20-07-2012,0,
21-07-2012,0,
22-07-2012,0,
23-07-2012,0,
24-07-2012,0,
25-07-2012,1.4,
26-07-2012,0,
27-07-2012,0,
28-07-2012,0,
29-07-2012,0,
30-07-2012,0,
31-07-2012,0,
01-08-2012,0,
02-08-2012,0,
03-08-2012,0,
04-08-2012,1.8,
05-08-2012,0,
06-08-2012,0,
07-08-2012,0,
08-08-2012,0,
09-08-2012,0,
10-08-2012,0,
11-08-2012,0,
12-08-2012,0,
13-08-2012,1.8,
14-08-2012,7,
15-08-2012,0,
16-08-2012,0,
17-08-2012,0,
18-08-2012,0,
19-08-2012,0,
20-08-2012,0,
21-08-2012,0,
22-08-2012,0,
23-08-2012,0,
24-08-2012,2.6,
25-08-2012,0.4,
26-08-2012,0,
27-08-2012,0.4,
28-08-2012,0,
29-08-2012,0,
30-08-2012,0,
31-08-2012,0,
01-09-2012,0,
02-09-2012,0,
03-09-2012,0,
04-09-2012,0,
05-09-2012,0,
06-09-2012,0,
07-09-2012,0,
08-09-2012,0,
09-09-2012,0,
10-09-2012,0,
11-09-2012,0,
12-09-2012,0,
13-09-2012,0,
14-09-2012,0,
15-09-2012,0,
16-09-2012,0,
17-09-2012,0,
18-09-2012,0,
19-09-2012,0,
20-09-2012,0,
21-09-2012,0,
22-09-2012,2,
23-09-2012,14.2,
24-09-2012,9,
25-09-2012,14.8,
26-09-2012,5.8,
27-09-2012,0.2,
28-09-2012,0,
29-09-2012,0,
30-09-2012,0,
01-10-2012,0,
02-10-2012,0.8,
03-10-2012,0,
04-10-2012,0,
05-10-2012,0,
06-10-2012,1.2,
07-10-2012,0,
08-10-2012,1.6,
09-10-2012,0.2,
10-10-2012,3.6,
11-10-2012,2.2,
12-10-2012,0,
13-10-2012,1.6,
14-10-2012,0.8,
15-10-2012,4.8,
16-10-2012,20,
17-10-2012,12.4,
18-10-2012,0,
19-10-2012,0,
20-10-2012,0,
21-10-2012,0,
22-10-2012,0,
23-10-2012,0,
24-10-2012,9.6,
25-10-2012,0.2,
26-10-2012,3.2,
27-10-2012,0.2,
28-10-2012,0,
29-10-2012,0,
30-10-2012,0,
31-10-2012,3,
01-11-2012,4.2,
02-11-2012,4.8,
03-11-2012,9.2,
04-11-2012,1.8,
05-11-2012,1.4,
06-11-2012,0.2,
07-11-2012,4,
08-11-2012,12.8,
09-11-2012,3.4,
10-11-2012,8.6,
11-11-2012,1.2,
12-11-2012,0.2,
13-11-2012,0.2,
14-11-2012,0,
15-11-2012,1.6,
16-11-2012,4.4,
17-11-2012,8,
18-11-2012,0,
19-11-2012,0,
20-11-2012,7,
21-11-2012,0,
22-11-2012,0,
23-11-2012,1.2,
24-11-2012,0.6,
25-11-2012,0.8,
26-11-2012,8.4,
27-11-2012,7.8,
28-11-2012,3.6,
29-11-2012,5,
30-11-2012,2.8,
01-12-2012,0,
02-12-2012,0,
03-12-2012,7.4,
04-12-2012,2,
05-12-2012,0,
06-12-2012,7.2,
07-12-2012,0.2,
08-12-2012,0.2,
09-12-2012,0,
10-12-2012,0,
11-12-2012,0.2,
12-12-2012,1.6,
13-12-2012,34.2,
14-12-2012,34.6,
15-12-2012,2,
16-12-2012,13.6,
17-12-2012,2,
18-12-2012,3,
19-12-2012,22.8,
20-12-2012,2.6,
21-12-2012,0.2,
22-12-2012,0,
23-12-2012,0,
24-12-2012,10.8,
25-12-2012,0.4,
26-12-2012,0.2,
27-12-2012,0.2,
28-12-2012,4.6,
29-12-2012,7.2,
30-12-2012,0.6,
31-12-2012,7.6,
01-01-2012,9.2,
02-01-2012,0,
03-01-2012,1.2,
04-01-2012,1,
05-01-2012,0,
06-01-2012,0.4,
07-01-2012,0,
08-01-2012,0.4,
09-01-2012,0.2,
10-01-2012,0.2,
11-01-2012,0.6,
12-01-2012,0.4,
13-01-2012,0,
14-01-2012,1.2,
15-01-2012,4.6,
16-01-2012,0,
17-01-2012,0,
18-01-2012,0.6,
19-01-2012,0.6,
20-01-2012,1,
21-01-2012,0.2,
22-01-2012,0,
23-01-2012,0,
24-01-2012,0.2,
25-01-2012,1.6,
26-01-2012,0.2,
27-01-2012,0.2,
28-01-2012,0,
29-01-2012,0,
30-01-2012,0,
31-01-2012,1,
01-02-2012,1.2,
02-02-2012,0,
03-02-2012,0,
04-02-2012,0,
05-02-2012,5,
06-02-2012,1.6,
07-02-2012,0.8,
08-02-2012,0.2,
09-02-2012,0,
10-02-2012,0,
11-02-2012,0,
12-02-2012,0,
13-02-2012,2,
14-02-2012,4.8,
15-02-2012,0.2,
16-02-2012,0,
17-02-2012,0,
18-02-2012,0,
19-02-2012,0.2,
20-02-2012,0,
21-02-2012,0,
22-02-2012,0,
23-02-2012,0,
24-02-2012,0,
25-02-2012,0,
26-02-2012,0,
27-02-2012,0,
28-02-2012,0,
29-02-2012,0,
01-03-2012,1.6,
02-03-2012,0.4,
03-03-2012,0.4,
04-03-2012,0,
05-03-2012,0,
06-03-2012,0.6,
07-03-2012,0,
08-03-2012,0,
09-03-2012,0,
10-03-2012,0,
11-03-2012,0,
12-03-2012,0,
13-03-2012,0,
14-03-2012,0,
15-03-2012,0,
16-03-2012,0,
17-03-2012,8,
18-03-2012,4.4,
19-03-2012,0,
20-03-2012,0,
21-03-2012,0,
22-03-2012,0,
23-03-2012,0,
24-03-2012,0,
25-03-2012,0,
26-03-2012,0,
27-03-2012,0,
28-03-2012,0,
29-03-2012,0,
30-03-2012,0,
31-03-2012,0,
01-04-2012,0,
02-04-2012,0,
03-04-2012,0,
04-04-2012,0.2,
05-04-2012,0,
06-04-2012,7.4,
07-04-2012,0.2,
08-04-2012,0,
09-04-2012,3.2,
10-04-2012,2.6,
11-04-2012,7.6,
12-04-2012,2.2,
13-04-2012,13.8,
14-04-2012,17.8,
15-04-2012,6,
16-04-2012,0.6,
17-04-2012,5,
18-04-2012,25.2,
19-04-2012,4.2,
20-04-2012,5.8,
21-04-2012,2.6,
22-04-2012,2.2,
23-04-2012,2.8,
24-04-2012,11.4,
25-04-2012,2.4,
26-04-2012,5.4,
27-04-2012,0.2,
28-04-2012,4.4,
29-04-2012,2.6,
30-04-2012,1.6,
01-05-2012,0,
02-05-2012,2.8,
03-05-2012,7.4,
04-05-2012,15.8,
05-05-2012,9.6,
06-05-2012,1.4,
07-05-2012,10.4,
08-05-2012,4,
09-05-2012,0,
10-05-2012,0,
11-05-2012,0,
12-05-2012,0,
13-05-2012,0,
14-05-2012,0,
15-05-2012,0,
16-05-2012,0,
17-05-2012,0,
18-05-2012,2.2,
19-05-2012,4.6,
20-05-2012,1.6,
21-05-2012,0,
22-05-2012,0.6,
23-05-2012,0,
24-05-2012,0,
25-05-2012,0,
26-05-2012,1,
27-05-2012,0,
28-05-2012,0,
29-05-2012,0,
30-05-2012,0,
31-05-2012,0,
01-06-2012,2,
02-06-2012,2,
03-06-2012,0,
04-06-2012,0,
05-06-2012,3.6,
06-06-2012,6.8,
07-06-2012,0.2,
08-06-2012,0,
09-06-2012,3.2,
10-06-2012,0,
11-06-2012,4.8,
12-06-2012,0.2,
13-06-2012,0,
14-06-2012,0,
15-06-2012,16.4,
16-06-2012,0.2,
17-06-2012,12,
18-06-2012,0.2,
19-06-2012,0,
20-06-2012,6.6,
21-06-2012,0,
22-06-2012,0,
23-06-2012,0,
24-06-2012,0,
25-06-2012,0,
26-06-2012,0,
27-06-2012,0,
28-06-2012,0,
29-06-2012,1.2,
30-06-2012,0.2,
01-07-2012,0,
02-07-2012,0,
03-07-2012,0.4,
04-07-2012,0.4,
05-07-2012,1.4,
06-07-2012,0.2,
07-07-2012,3.6,
08-07-2012,0.2,
09-07-2012,0,
10-07-2012,0,
11-07-2012,0,
12-07-2012,0,
13-07-2012,1.6,
14-07-2012,0,
15-07-2012,0,
16-07-2012,0,
17-07-2012,0,
18-07-2012,0,
19-07-2012,0,
20-07-2012,0,
21-07-2012,0,
22-07-2012,0,
23-07-2012,0,
24-07-2012,0,
25-07-2012,1.4,
26-07-2012,0,
27-07-2012,0,
28-07-2012,0,
29-07-2012,0,
30-07-2012,0,
31-07-2012,0,
01-08-2012,0,
02-08-2012,0,
03-08-2012,0,
04-08-2012,1.8,
05-08-2012,0,
06-08-2012,0,
07-08-2012,0,
08-08-2012,0,
09-08-2012,0,
10-08-2012,0,
11-08-2012,0,
12-08-2012,0,
13-08-2012,1.8,
14-08-2012,7,
15-08-2012,0,
16-08-2012,0,
17-08-2012,0,
18-08-2012,0,
19-08-2012,0,
20-08-2012,0,
21-08-2012,0,
22-08-2012,0,
23-08-2012,0,
24-08-2012,2.6,
25-08-2012,0.4,
26-08-2012,0,
27-08-2012,0.4,
28-08-2012,0,
29-08-2012,0,
30-08-2012,0,
31-08-2012,0,
01-09-2012,0,
02-09-2012,0,
03-09-2012,0,
04-09-2012,0,
05-09-2012,0,
06-09-2012,0,
07-09-2012,0,
08-09-2012,0,
09-09-2012,0,
10-09-2012,0,
11-09-2012,0,
12-09-2012,0,
13-09-2012,0,
14-09-2012,0,
15-09-2012,0,
16-09-2012,0,
17-09-2012,0,
18-09-2012,0,
19-09-2012,0,
20-09-2012,0,
21-09-2012,0,
22-09-2012,2,
23-09-2012,14.2,
24-09-2012,9,
25-09-2012,14.8,
26-09-2012,5.8,
27-09-2012,0.2,
28-09-2012,0,
29-09-2012,0,
30-09-2012,0,
01-10-2012,0,
02-10-2012,0.8,
03-10-2012,0,
04-10-2012,0,
05-10-2012,0,
06-10-2012,1.2,
07-10-2012,0,
08-10-2012,1.6,
09-10-2012,0.2,
10-10-2012,3.6,
11-10-2012,2.2,
12-10-2012,0,
13-10-2012,1.6,
14-10-2012,0.8,
15-10-2012,4.8,
16-10-2012,20,
17-10-2012,12.4,
18-10-2012,0,
19-10-2012,0,
20-10-2012,0,
21-10-2012,0,
22-10-2012,0,
23-10-2012,0,
24-10-2012,9.6,
25-10-2012,0.2,
26-10-2012,3.2,
27-10-2012,0.2,
28-10-2012,0,
29-10-2012,0,
30-10-2012,0,
31-10-2012,3,
01-11-2012,4.2,
02-11-2012,4.8,
03-11-2012,9.2,
04-11-2012,1.8,
05-11-2012,1.4,
06-11-2012,0.2,
07-11-2012,4,
08-11-2012,12.8,
09-11-2012,3.4,
10-11-2012,8.6,
11-11-2012,1.2,
12-11-2012,0.2,
13-11-2012,0.2,
14-11-2012,0,
15-11-2012,1.6,
16-11-2012,4.4,
17-11-2012,8,
18-11-2012,0,
19-11-2012,0,
20-11-2012,7,
21-11-2012,0,
22-11-2012,0,
23-11-2012,1.2,
24-11-2012,0.6,
25-11-2012,0.8,
26-11-2012,8.4,
27-11-2012,7.8,
28-11-2012,3.6,
29-11-2012,5,
30-11-2012,2.8,
01-12-2012,0,
02-12-2012,0,
03-12-2012,7.4,
04-12-2012,2,
05-12-2012,0,
06-12-2012,7.2,
07-12-2012,0.2,
08-12-2012,0.2,
09-12-2012,0,
10-12-2012,0,
11-12-2012,0.2,
12-12-2012,1.6,
13-12-2012,34.2,
14-12-2012,34.6,
15-12-2012,2,
16-12-2012,13.6,
17-12-2012,2,
18-12-2012,3,
19-12-2012,22.8,
20-12-2012,2.6,
21-12-2012,0.2,
22-12-2012,0,
23-12-2012,0,
24-12-2012,10.8,
25-12-2012,0.4,
26-12-2012,0.2,
27-12-2012,0.2,
28-12-2012,4.6,
29-12-2012,7.2,
30-12-2012,0.6,
31-12-2012,7.6,
01-01-2013,0.6,
02-01-2013,0,
03-01-2013,0,
04-01-2013,0.2,
05-01-2013,0.2,
06-01-2013,0,
07-01-2013,0.2,
08-01-2013,1.4,
09-01-2013,1.4,
10-01-2013,0.2,
11-01-2013,4,
12-01-2013,5.6,
13-01-2013,5.8,
14-01-2013,3.4,
15-01-2013,8,
16-01-2013,3.6,
17-01-2013,18.6,
18-01-2013,63.4,
19-01-2013,15,
20-01-2013,13.6,
21-01-2013,13.2,
22-01-2013,11,
23-01-2013,8.4,
24-01-2013,2.2,
25-01-2013,2.6,
26-01-2013,3,
27-01-2013,11.6,
28-01-2013,0,
29-01-2013,0,
30-01-2013,10.2,
31-01-2013,2.4,
01-02-2013,17.2,
02-02-2013,2.2,
03-02-2013,0,
04-02-2013,1,
05-02-2013,6.8,
06-02-2013,5.4,
07-02-2013,1,
08-02-2013,1.4,
09-02-2013,1,
10-02-2013,16.2,
11-02-2013,13,
12-02-2013,4.6,
13-02-2013,0,
14-02-2013,0,
15-02-2013,0.2,
16-02-2013,0,
17-02-2013,2,
18-02-2013,0,
19-02-2013,1.2,
20-02-2013,1.6,
21-02-2013,4.8,
22-02-2013,11.4,
23-02-2013,0,
24-02-2013,0.4,
25-02-2013,0,
26-02-2013,3,
27-02-2013,0,
28-02-2013,0,
01-03-2013,0,
02-03-2013,0,
03-03-2013,0,
04-03-2013,0,
05-03-2013,0,
06-03-2013,2,
07-03-2013,14,
08-03-2013,8.2,
09-03-2013,12.2,
10-03-2013,15.8,
11-03-2013,23.2,
12-03-2013,12.8,
13-03-2013,4.4,
14-03-2013,2.8,
15-03-2013,0.4,
16-03-2013,1.2,
17-03-2013,2.6,
18-03-2013,1.4,
19-03-2013,0.6,
20-03-2013,0.6,
21-03-2013,8.4,
22-03-2013,4.4,
23-03-2013,2.2,
24-03-2013,8.6,
25-03-2013,14.6,
26-03-2013,14.2,
27-03-2013,27,
28-03-2013,6.6,
29-03-2013,19.4,
30-03-2013,0.2,
31-03-2013,16,
01-04-2013,14.6,
02-04-2013,1,
03-04-2013,6.6,
04-04-2013,1,
05-04-2013,0.6,
06-04-2013,0,
07-04-2013,7,
08-04-2013,8.8,
09-04-2013,3.4,
10-04-2013,36.6,
11-04-2013,13,
12-04-2013,0,
13-04-2013,0,
14-04-2013,3,
15-04-2013,0,
16-04-2013,0,
17-04-2013,0,
18-04-2013,0,
19-04-2013,0,
20-04-2013,0,
21-04-2013,0,
22-04-2013,0,
23-04-2013,0,
24-04-2013,0,
25-04-2013,0,
26-04-2013,0.2,
27-04-2013,8.6,
28-04-2013,1,
29-04-2013,1.2,
30-04-2013,5.6,
01-05-2013,0.8,
02-05-2013,0,
03-05-2013,0,
04-05-2013,0,
05-05-2013,0,
06-05-2013,2.6,
07-05-2013,1,
08-05-2013,1,
09-05-2013,0.4,
10-05-2013,0,
11-05-2013,0,
12-05-2013,0,
13-05-2013,0,
14-05-2013,3,
15-05-2013,4.2,
16-05-2013,9,
17-05-2013,11.8,
18-05-2013,6.2,
19-05-2013,1.6,
20-05-2013,0,
21-05-2013,0,
22-05-2013,0,
23-05-2013,0,
24-05-2013,0,
25-05-2013,0,
26-05-2013,0,
27-05-2013,2.8,
28-05-2013,2.8,
29-05-2013,9,
30-05-2013,0,
31-05-2013,0,
01-06-2013,0,
02-06-2013,0,
03-06-2013,0,
04-06-2013,0,
05-06-2013,0,
06-06-2013,0.2,
07-06-2013,1.4,
08-06-2013,10,
09-06-2013,0,
10-06-2013,0.4,
11-06-2013,0,
12-06-2013,3.4,
13-06-2013,0.4,
14-06-2013,0,
15-06-2013,0,
16-06-2013,13,
17-06-2013,1.2,
18-06-2013,4.2,
19-06-2013,0,
20-06-2013,4,
21-06-2013,0.2,
22-06-2013,0,
23-06-2013,0,
24-06-2013,0,
25-06-2013,0,
26-06-2013,0,
27-06-2013,0,
28-06-2013,0,
29-06-2013,0,
30-06-2013,0,
01-07-2013,0,
02-07-2013,0,
03-07-2013,0,
04-07-2013,0,
05-07-2013,0,
06-07-2013,0,
07-07-2013,0,
08-07-2013,0,
09-07-2013,0,
10-07-2013,0,
11-07-2013,0,
12-07-2013,0,
13-07-2013,0,
14-07-2013,0,
15-07-2013,0,
16-07-2013,0,
17-07-2013,0,
18-07-2013,0,
19-07-2013,0,
20-07-2013,0,
21-07-2013,0,
22-07-2013,0,
23-07-2013,0,
24-07-2013,0,
25-07-2013,0,
26-07-2013,0,
27-07-2013,0.6,
28-07-2013,13.6,
29-07-2013,0,
30-07-2013,0,
31-07-2013,0,
01-08-2013,0,
02-08-2013,0,
03-08-2013,0,
04-08-2013,0,
05-08-2013,0,
06-08-2013,1.6,
07-08-2013,5.2,
08-08-2013,0.2,
09-08-2013,0,
10-08-2013,0,
11-08-2013,0,
12-08-2013,0,
13-08-2013,0,
14-08-2013,0,
15-08-2013,0,
16-08-2013,0,
17-08-2013,0,
18-08-2013,0,
19-08-2013,0,
20-08-2013,0,
21-08-2013,0,
22-08-2013,0,
23-08-2013,1.4,
24-08-2013,0,
25-08-2013,0,
26-08-2013,0,
27-08-2013,0,
28-08-2013,0,
29-08-2013,0,
30-08-2013,0,
31-08-2013,0,
01-09-2013,0,
02-09-2013,0,
03-09-2013,0,
04-09-2013,0.4,
05-09-2013,0.2,
06-09-2013,0,
07-09-2013,0,
08-09-2013,0,
09-09-2013,0,
10-09-2013,0,
11-09-2013,0,
12-09-2013,0,
13-09-2013,0,
14-09-2013,0,
15-09-2013,0,
16-09-2013,0,
17-09-2013,1,
18-09-2013,0,
19-09-2013,0,
20-09-2013,0,
21-09-2013,0,
22-09-2013,0,
23-09-2013,0,
24-09-2013,1.6,
25-09-2013,0.2,
26-09-2013,5.4,
27-09-2013,34.6,
28-09-2013,3.2,
29-09-2013,1,
30-09-2013,5.2,
01-10-2013,0.2,
02-10-2013,19,
03-10-2013,0.8,
04-10-2013,3.4,
05-10-2013,0,
06-10-2013,0,
07-10-2013,0,
08-10-2013,0,
09-10-2013,0,
10-10-2013,0,
11-10-2013,0,
12-10-2013,0,
13-10-2013,3.6,
14-10-2013,10.8,
15-10-2013,4.6,
16-10-2013,6.2,
17-10-2013,0.2,
18-10-2013,23.2,
19-10-2013,14.8,
20-10-2013,2.8,
21-10-2013,34.8,
22-10-2013,8.4,
23-10-2013,4.4,
24-10-2013,15.8,
25-10-2013,0,
26-10-2013,0.2,
27-10-2013,11.6,
28-10-2013,3,
29-10-2013,0.2,
30-10-2013,0.2,
31-10-2013,0.6,
01-11-2013,24.4,
02-11-2013,13.4,
03-11-2013,14,
04-11-2013,6,
05-11-2013,1.4,
06-11-2013,0,
07-11-2013,7.2,
08-11-2013,2.6,
09-11-2013,2,
10-11-2013,0.4,
11-11-2013,0,
12-11-2013,0.2,
13-11-2013,0.2,
14-11-2013,0,
15-11-2013,5.2,
16-11-2013,0.2,
17-11-2013,0,
18-11-2013,7.8,
19-11-2013,2.2,
20-11-2013,0.8,
21-11-2013,0.8,
22-11-2013,0,
23-11-2013,0,
24-11-2013,0,
25-11-2013,0,
26-11-2013,0,
27-11-2013,0,
28-11-2013,0,
29-11-2013,0,
30-11-2013,0.8,
01-12-2013,0,
02-12-2013,0,
03-12-2013,0,
04-12-2013,0.4,
05-12-2013,0,
06-12-2013,0.2,
07-12-2013,0.2,
08-12-2013,0,
09-12-2013,0.2,
10-12-2013,0,
11-12-2013,0,
12-12-2013,0,
13-12-2013,1.4,
14-12-2013,0,
15-12-2013,0,
16-12-2013,2.2,
17-12-2013,1.4,
18-12-2013,17.2,
19-12-2013,4.8,
20-12-2013,0,
21-12-2013,0,
22-12-2013,0,
23-12-2013,3.8,
24-12-2013,12.6,
25-12-2013,1.6,
26-12-2013,0.4,
27-12-2013,8.8,
28-12-2013,2.4,
29-12-2013,0,
30-12-2013,0.4,
31-12-2013,6.2,
01-01-2013,0.6,
02-01-2013,0,
03-01-2013,0,
04-01-2013,0.2,
05-01-2013,0.2,
06-01-2013,0,
07-01-2013,0.2,
08-01-2013,1.4,
09-01-2013,1.4,
10-01-2013,0.2,
11-01-2013,4,
12-01-2013,5.6,
13-01-2013,5.8,
14-01-2013,3.4,
15-01-2013,8,
16-01-2013,3.6,
17-01-2013,18.6,
18-01-2013,63.4,
19-01-2013,15,
20-01-2013,13.6,
21-01-2013,13.2,
22-01-2013,11,
23-01-2013,8.4,
24-01-2013,2.2,
25-01-2013,2.6,
26-01-2013,3,
27-01-2013,11.6,
28-01-2013,0,
29-01-2013,0,
30-01-2013,10.2,
31-01-2013,2.4,
01-02-2013,17.2,
02-02-2013,2.2,
03-02-2013,0,
04-02-2013,1,
05-02-2013,6.8,
06-02-2013,5.4,
07-02-2013,1,
08-02-2013,1.4,
09-02-2013,1,
10-02-2013,16.2,
11-02-2013,13,
12-02-2013,4.6,
13-02-2013,0,
14-02-2013,0,
15-02-2013,0.2,
16-02-2013,0,
17-02-2013,2,
18-02-2013,0,
19-02-2013,1.2,
20-02-2013,1.6,
21-02-2013,4.8,
22-02-2013,11.4,
23-02-2013,0,
24-02-2013,0.4,
25-02-2013,0,
26-02-2013,3,
27-02-2013,0,
28-02-2013,0,
01-03-2013,0,
02-03-2013,0,
03-03-2013,0,
04-03-2013,0,
05-03-2013,0,
06-03-2013,2,
07-03-2013,14,
08-03-2013,8.2,
09-03-2013,12.2,
10-03-2013,15.8,
11-03-2013,23.2,
12-03-2013,12.8,
13-03-2013,4.4,
14-03-2013,2.8,
15-03-2013,0.4,
16-03-2013,1.2,
17-03-2013,2.6,
18-03-2013,1.4,
19-03-2013,0.6,
20-03-2013,0.6,
21-03-2013,8.4,
22-03-2013,4.4,
23-03-2013,2.2,
24-03-2013,8.6,
25-03-2013,14.6,
26-03-2013,14.2,
27-03-2013,27,
28-03-2013,6.6,
29-03-2013,19.4,
30-03-2013,0.2,
31-03-2013,16,
01-04-2013,14.6,
02-04-2013,1,
03-04-2013,6.6,
04-04-2013,1,
05-04-2013,0.6,
06-04-2013,0,
07-04-2013,7,
08-04-2013,8.8,
09-04-2013,3.4,
10-04-2013,36.6,
11-04-2013,13,
12-04-2013,0,
13-04-2013,0,
14-04-2013,3,
15-04-2013,0,
16-04-2013,0,
17-04-2013,0,
18-04-2013,0,
19-04-2013,0,
20-04-2013,0,
21-04-2013,0,
22-04-2013,0,
23-04-2013,0,
24-04-2013,0,
25-04-2013,0,
26-04-2013,0.2,
27-04-2013,8.6,
28-04-2013,1,
29-04-2013,1.2,
30-04-2013,5.6,
01-05-2013,0.8,
02-05-2013,0,
03-05-2013,0,
04-05-2013,0,
05-05-2013,0,
06-05-2013,2.6,
07-05-2013,1,
08-05-2013,1,
09-05-2013,0.4,
10-05-2013,0,
11-05-2013,0,
12-05-2013,0,
13-05-2013,0,
14-05-2013,3,
15-05-2013,4.2,
16-05-2013,9,
17-05-2013,11.8,
18-05-2013,6.2,
19-05-2013,1.6,
20-05-2013,0,
21-05-2013,0,
22-05-2013,0,
23-05-2013,0,
24-05-2013,0,
25-05-2013,0,
26-05-2013,0,
27-05-2013,2.8,
28-05-2013,2.8,
29-05-2013,9,
30-05-2013,0,
31-05-2013,0,
01-06-2013,0,
02-06-2013,0,
03-06-2013,0,
04-06-2013,0,
05-06-2013,0,
06-06-2013,0.2,
07-06-2013,1.4,
08-06-2013,10,
09-06-2013,0,
10-06-2013,0.4,
11-06-2013,0,
12-06-2013,3.4,
13-06-2013,0.4,
14-06-2013,0,
15-06-2013,0,
16-06-2013,13,
17-06-2013,1.2,
18-06-2013,4.2,
19-06-2013,0,
20-06-2013,4,
21-06-2013,0.2,
22-06-2013,0,
23-06-2013,0,
24-06-2013,0,
25-06-2013,0,
26-06-2013,0,
27-06-2013,0,
28-06-2013,0,
29-06-2013,0,
30-06-2013,0,
01-07-2013,0,
02-07-2013,0,
03-07-2013,0,
04-07-2013,0,
05-07-2013,0,
06-07-2013,0,
07-07-2013,0,
08-07-2013,0,
09-07-2013,0,
10-07-2013,0,
11-07-2013,0,
12-07-2013,0,
13-07-2013,0,
14-07-2013,0,
15-07-2013,0,
16-07-2013,0,
17-07-2013,0,
18-07-2013,0,
19-07-2013,0,
20-07-2013,0,
21-07-2013,0,
22-07-2013,0,
23-07-2013,0,
24-07-2013,0,
25-07-2013,0,
26-07-2013,0,
27-07-2013,0.6,
28-07-2013,13.6,
29-07-2013,0,
30-07-2013,0,
31-07-2013,0,
01-08-2013,0,
02-08-2013,0,
03-08-2013,0,
04-08-2013,0,
05-08-2013,0,
06-08-2013,1.6,
07-08-2013,5.2,
08-08-2013,0.2,
09-08-2013,0,
10-08-2013,0,
11-08-2013,0,
12-08-2013,0,
13-08-2013,0,
14-08-2013,0,
15-08-2013,0,
16-08-2013,0,
17-08-2013,0,
18-08-2013,0,
19-08-2013,0,
20-08-2013,0,
21-08-2013,0,
22-08-2013,0,
23-08-2013,1.4,
24-08-2013,0,
25-08-2013,0,
26-08-2013,0,
27-08-2013,0,
28-08-2013,0,
29-08-2013,0,
30-08-2013,0,
31-08-2013,0,
01-09-2013,0,
02-09-2013,0,
03-09-2013,0,
04-09-2013,0.4,
05-09-2013,0.2,
06-09-2013,0,
07-09-2013,0,
08-09-2013,0,
09-09-2013,0,
10-09-2013,0,
11-09-2013,0,
12-09-2013,0,
13-09-2013,0,
14-09-2013,0,
15-09-2013,0,
16-09-2013,0,
17-09-2013,1,
18-09-2013,0,
19-09-2013,0,
20-09-2013,0,
21-09-2013,0,
22-09-2013,0,
23-09-2013,0,
24-09-2013,1.6,
25-09-2013,0.2,
26-09-2013,5.4,
27-09-2013,34.6,
28-09-2013,3.2,
29-09-2013,1,
30-09-2013,5.2,
01-10-2013,0.2,
02-10-2013,19,
03-10-2013,0.8,
04-10-2013,3.4,
05-10-2013,0,
06-10-2013,0,
07-10-2013,0,
08-10-2013,0,
09-10-2013,0,
10-10-2013,0,
11-10-2013,0,
12-10-2013,0,
13-10-2013,3.6,
14-10-2013,10.8,
15-10-2013,4.6,
16-10-2013,6.2,
17-10-2013,0.2,
18-10-2013,23.2,
19-10-2013,14.8,
20-10-2013,2.8,
21-10-2013,34.8,
22-10-2013,8.4,
23-10-2013,4.4,
24-10-2013,15.8,
25-10-2013,0,
26-10-2013,0.2,
27-10-2013,11.6,
28-10-2013,3,
29-10-2013,0.2,
30-10-2013,0.2,
31-10-2013,0.6,
01-11-2013,24.4,
02-11-2013,13.4,
03-11-2013,14,
04-11-2013,6,
05-11-2013,1.4,
06-11-2013,0,
07-11-2013,7.2,
08-11-2013,2.6,
09-11-2013,2,
10-11-2013,0.4,
11-11-2013,0,
12-11-2013,0.2,
13-11-2013,0.2,
14-11-2013,0,
15-11-2013,5.2,
16-11-2013,0.2,
17-11-2013,0,
18-11-2013,7.8,
19-11-2013,2.2,
20-11-2013,0.8,
21-11-2013,0.8,
22-11-2013,0,
23-11-2013,0,
24-11-2013,0,
25-11-2013,0,
26-11-2013,0,
27-11-2013,0,
28-11-2013,0,
29-11-2013,0,
30-11-2013,0.8,
01-12-2013,0,
02-12-2013,0,
03-12-2013,0,
04-12-2013,0.4,
05-12-2013,0,
06-12-2013,0.2,
07-12-2013,0.2,
08-12-2013,0,
09-12-2013,0.2,
10-12-2013,0,
11-12-2013,0,
12-12-2013,0,
13-12-2013,1.4,
14-12-2013,0,
15-12-2013,0,
16-12-2013,2.2,
17-12-2013,1.4,
18-12-2013,17.2,
19-12-2013,4.8,
20-12-2013,0,
21-12-2013,0,
22-12-2013,0,
23-12-2013,3.8,
24-12-2013,12.6,
25-12-2013,1.6,
26-12-2013,0.4,
27-12-2013,8.8,
28-12-2013,2.4,
29-12-2013,0,
30-12-2013,0.4,
31-12-2013,6.2,
01-01-2014,11.4,
02-01-2014,1.6,
03-01-2014,18.8,
04-01-2014,2.8,
05-01-2014,8.8,
06-01-2014,6.8,
07-01-2014,3.2,
08-01-2014,0.6,
09-01-2014,0,
10-01-2014,0,
11-01-2014,0,
12-01-2014,2.6,
13-01-2014,12.8,
14-01-2014,0.8,
15-01-2014,15.2,
16-01-2014,9.8,
17-01-2014,0.6,
18-01-2014,4.8,
19-01-2014,5.2,
20-01-2014,0.2,
21-01-2014,3,
22-01-2014,3.8,
23-01-2014,0.2,
24-01-2014,0.4,
25-01-2014,0,
26-01-2014,2,
27-01-2014,6,
28-01-2014,15.2,
29-01-2014,9,
30-01-2014,7.4,
31-01-2014,3.6,
01-02-2014,0.4,
02-02-2014,0.6,
03-02-2014,0.4,
04-02-2014,11.4,
05-02-2014,0.8,
06-02-2014,8,
07-02-2014,11,
08-02-2014,4.2,
09-02-2014,4.4,
10-02-2014,1.6,
11-02-2014,1.4,
12-02-2014,1.6,
13-02-2014,0.4,
14-02-2014,10,
15-02-2014,0.4,
16-02-2014,0,
17-02-2014,0.6,
18-02-2014,0,
19-02-2014,0,
20-02-2014,2.2,
21-02-2014,1.6,
22-02-2014,0,
23-02-2014,0,
24-02-2014,0,
25-02-2014,14.8,
26-02-2014,0,
27-02-2014,0.2,
28-02-2014,3.2,
01-03-2014,3.8,
02-03-2014,2,
03-03-2014,8.8,
04-03-2014,0.4,
05-03-2014,0,
06-03-2014,0.2,
07-03-2014,0,
08-03-2014,0,
09-03-2014,0,
10-03-2014,0,
11-03-2014,0,
12-03-2014,0,
13-03-2014,0,
14-03-2014,0,
15-03-2014,0,
16-03-2014,0,
17-03-2014,0,
18-03-2014,0,
19-03-2014,0,
20-03-2014,0,
21-03-2014,3.4,
22-03-2014,1,
23-03-2014,0,
24-03-2014,1.4,
25-03-2014,10.2,
26-03-2014,1,
27-03-2014,0,
28-03-2014,0.6,
29-03-2014,0,
30-03-2014,2.2,
31-03-2014,0.6,
01-04-2014,7.4,
02-04-2014,12,
03-04-2014,3,
04-04-2014,1,
05-04-2014,0,
06-04-2014,0,
07-04-2014,0.8,
08-04-2014,0,
09-04-2014,0.8,
10-04-2014,0.6,
11-04-2014,0,
12-04-2014,0,
13-04-2014,0,
14-04-2014,0,
15-04-2014,0,
16-04-2014,0,
17-04-2014,0,
18-04-2014,0,
19-04-2014,0,
20-04-2014,3.6,
21-04-2014,1,
22-04-2014,2.4,
23-04-2014,0,
24-04-2014,7.4,
25-04-2014,9.6,
26-04-2014,0,
27-04-2014,0,
28-04-2014,0.2,
29-04-2014,0,
30-04-2014,0.4,
01-05-2014,0,
02-05-2014,0,
03-05-2014,0,
04-05-2014,0,
05-05-2014,0,
06-05-2014,0.2,
07-05-2014,0,
08-05-2014,0,
09-05-2014,0,
10-05-2014,0,
11-05-2014,0,
12-05-2014,0,
13-05-2014,0,
14-05-2014,0,
15-05-2014,0,
16-05-2014,0,
17-05-2014,0,
18-05-2014,0,
19-05-2014,4,
20-05-2014,6.4,
21-05-2014,6,
22-05-2014,10.4,
23-05-2014,2.2,
24-05-2014,0,
25-05-2014,1,
26-05-2014,0,
27-05-2014,4.4,
28-05-2014,1,
29-05-2014,4.2,
30-05-2014,0.2,
31-05-2014,0,
01-06-2014,0,
02-06-2014,0,
03-06-2014,0.4,
04-06-2014,0,
05-06-2014,0,
06-06-2014,5.4,
07-06-2014,0,
08-06-2014,0,
09-06-2014,0.6,
10-06-2014,0,
11-06-2014,0,
12-06-2014,0,
13-06-2014,0,
14-06-2014,0,
15-06-2014,0,
16-06-2014,0,
17-06-2014,0,
18-06-2014,0,
19-06-2014,0,
20-06-2014,0.6,
21-06-2014,6,
22-06-2014,0.2,
23-06-2014,4.8,
24-06-2014,0,
25-06-2014,0,
26-06-2014,0,
27-06-2014,3.6,
28-06-2014,4.2,
29-06-2014,0,
30-06-2014,1.4,
01-07-2014,4.4,
02-07-2014,0,
03-07-2014,0,
04-07-2014,0,
05-07-2014,17,
06-07-2014,0,
07-07-2014,0.6,
08-07-2014,0,
09-07-2014,0,
10-07-2014,0,
11-07-2014,0,
12-07-2014,0,
13-07-2014,0,
14-07-2014,0,
15-07-2014,0,
16-07-2014,0,
17-07-2014,0,
18-07-2014,4.4,
19-07-2014,7.4,
20-07-2014,0.4,
21-07-2014,0,
22-07-2014,0,
23-07-2014,0,
24-07-2014,0,
25-07-2014,0,
26-07-2014,0,
27-07-2014,0,
28-07-2014,0,
29-07-2014,0,
30-07-2014,0,
31-07-2014,0,
01-08-2014,0,
02-08-2014,2.2,
03-08-2014,0,
04-08-2014,0,
05-08-2014,0,
06-08-2014,0,
07-08-2014,0,
08-08-2014,10.2,
09-08-2014,0,
10-08-2014,0.8,
11-08-2014,0.4,
12-08-2014,0.4,
13-08-2014,0,
14-08-2014,0,
15-08-2014,0,
16-08-2014,0,
17-08-2014,0,
18-08-2014,0,
19-08-2014,0,
20-08-2014,0,
21-08-2014,0,
22-08-2014,0,
23-08-2014,0,
24-08-2014,0,
25-08-2014,0,
26-08-2014,1.2,
27-08-2014,0.2,
28-08-2014,0,
29-08-2014,0,
30-08-2014,0,
31-08-2014,0,
01-09-2014,0,
02-09-2014,0,
03-09-2014,0,
04-09-2014,0,
05-09-2014,0,
06-09-2014,0,
07-09-2014,10.8,
08-09-2014,1,
09-09-2014,0,
10-09-2014,0,
11-09-2014,0,
12-09-2014,0,
13-09-2014,3.8,
14-09-2014,1.2,
15-09-2014,4.4,
16-09-2014,1.6,
17-09-2014,1.8,
18-09-2014,4.4,
19-09-2014,1.6,
20-09-2014,0,
21-09-2014,22.4,
22-09-2014,0,
23-09-2014,0.2,
24-09-2014,0,
25-09-2014,0,
26-09-2014,0,
27-09-2014,2.2,
28-09-2014,0.8,
29-09-2014,0.2,
30-09-2014,0,
01-10-2014,0,
02-10-2014,0,
03-10-2014,0,
04-10-2014,5.6,
05-10-2014,0,
07-10-2014,5.8,
08-10-2014,20.4,
09-10-2014,3,
10-10-2014,0,
11-10-2014,0,
12-10-2014,13.4,
13-10-2014,3.2,
14-10-2014,5.4,
15-10-2014,14.4,
16-10-2014,45,
17-10-2014,3.4,
18-10-2014,2.8,
19-10-2014,0,
20-10-2014,0.2,
21-10-2014,0,
22-10-2014,0,
23-10-2014,0,
24-10-2014,0,
25-10-2014,0,
26-10-2014,0,
27-10-2014,0,
28-10-2014,0,
29-10-2014,0,
30-10-2014,0,
31-10-2014,6.4,
01-11-2014,0,
02-11-2014,7.6,
03-11-2014,35,
04-11-2014,20.8,
05-11-2014,4.2,
06-11-2014,9.6,
07-11-2014,0,
08-11-2014,14.6,
09-11-2014,1.4,
10-11-2014,19.8,
11-11-2014,6.2,
12-11-2014,9,
13-11-2014,8.6,
14-11-2014,17.4,
15-11-2014,9,
16-11-2014,5.2,
17-11-2014,0,
18-11-2014,3.2,
19-11-2014,3,
20-11-2014,0,
21-11-2014,3.6,
22-11-2014,23.4,
23-11-2014,5.6,
24-11-2014,0.2,
25-11-2014,0,
26-11-2014,0,
27-11-2014,0.2,
28-11-2014,5.8,
29-11-2014,1.4,
30-11-2014,0.2,
01-12-2014,0.2,
02-12-2014,4,
03-12-2014,0.2,
04-12-2014,3,
05-12-2014,1,
06-12-2014,4,
07-12-2014,0.6,
08-12-2014,1,
09-12-2014,0,
10-12-2014,1.2,
11-12-2014,0,
12-12-2014,19.8,
13-12-2014,6.2,
14-12-2014,0,
15-12-2014,12.2,
16-12-2014,1.8,
17-12-2014,0.2,
18-12-2014,0,
19-12-2014,0.2,
20-12-2014,1,
21-12-2014,0,
22-12-2014,0,
23-12-2014,0,
24-12-2014,0,
25-12-2014,0.2,
26-12-2014,0.2,
27-12-2014,5,
28-12-2014,1,
29-12-2014,0,
30-12-2014,0,
31-12-2014,0,
01-01-2014,11.4,
02-01-2014,1.6,
03-01-2014,18.8,
04-01-2014,2.8,
05-01-2014,8.8,
06-01-2014,6.8,
07-01-2014,3.2,
08-01-2014,0.6,
09-01-2014,0,
10-01-2014,0,
11-01-2014,0,
12-01-2014,2.6,
13-01-2014,12.8,
14-01-2014,0.8,
15-01-2014,15.2,
16-01-2014,9.8,
17-01-2014,0.6,
18-01-2014,4.8,
19-01-2014,5.2,
20-01-2014,0.2,
21-01-2014,3,
22-01-2014,3.8,
23-01-2014,0.2,
24-01-2014,0.4,
25-01-2014,0,
26-01-2014,2,
27-01-2014,6,
28-01-2014,15.2,
29-01-2014,9,
30-01-2014,7.4,
31-01-2014,3.6,
01-02-2014,0.4,
02-02-2014,0.6,
03-02-2014,0.4,
04-02-2014,11.4,
05-02-2014,0.8,
06-02-2014,8,
07-02-2014,11,
08-02-2014,4.2,
09-02-2014,4.4,
10-02-2014,1.6,
11-02-2014,1.4,
12-02-2014,1.6,
13-02-2014,0.4,
14-02-2014,10,
15-02-2014,0.4,
16-02-2014,0,
17-02-2014,0.6,
18-02-2014,0,
19-02-2014,0,
20-02-2014,2.2,
21-02-2014,1.6,
22-02-2014,0,
23-02-2014,0,
24-02-2014,0,
25-02-2014,14.8,
26-02-2014,0,
27-02-2014,0.2,
28-02-2014,3.2,
01-03-2014,3.8,
02-03-2014,2,
03-03-2014,8.8,
04-03-2014,0.4,
05-03-2014,0,
06-03-2014,0.2,
07-03-2014,0,
08-03-2014,0,
09-03-2014,0,
10-03-2014,0,
11-03-2014,0,
12-03-2014,0,
13-03-2014,0,
14-03-2014,0,
15-03-2014,0,
16-03-2014,0,
17-03-2014,0,
18-03-2014,0,
19-03-2014,0,
20-03-2014,0,
21-03-2014,3.4,
22-03-2014,1,
23-03-2014,0,
24-03-2014,1.4,
25-03-2014,10.2,
26-03-2014,1,
27-03-2014,0,
28-03-2014,0.6,
29-03-2014,0,
30-03-2014,2.2,
31-03-2014,0.6,
01-04-2014,7.4,
02-04-2014,12,
03-04-2014,3,
04-04-2014,1,
05-04-2014,0,
06-04-2014,0,
07-04-2014,0.8,
08-04-2014,0,
09-04-2014,0.8,
10-04-2014,0.6,
11-04-2014,0,
12-04-2014,0,
13-04-2014,0,
14-04-2014,0,
15-04-2014,0,
16-04-2014,0,
17-04-2014,0,
18-04-2014,0,
19-04-2014,0,
20-04-2014,3.6,
21-04-2014,1,
22-04-2014,2.4,
23-04-2014,0,
24-04-2014,7.4,
25-04-2014,9.6,
26-04-2014,0,
27-04-2014,0,
28-04-2014,0.2,
29-04-2014,0,
30-04-2014,0.4,
01-05-2014,0,
02-05-2014,0,
03-05-2014,0,
04-05-2014,0,
05-05-2014,0,
06-05-2014,0.2,
07-05-2014,0,
08-05-2014,0,
09-05-2014,0,
10-05-2014,0,
11-05-2014,0,
12-05-2014,0,
13-05-2014,0,
14-05-2014,0,
15-05-2014,0,
16-05-2014,0,
17-05-2014,0,
18-05-2014,0,
19-05-2014,4,
20-05-2014,6.4,
21-05-2014,6,
22-05-2014,10.4,
23-05-2014,2.2,
24-05-2014,0,
25-05-2014,1,
26-05-2014,0,
27-05-2014,4.4,
28-05-2014,1,
29-05-2014,4.2,
30-05-2014,0.2,
31-05-2014,0,
01-06-2014,0,
02-06-2014,0,
03-06-2014,0.4,
04-06-2014,0,
05-06-2014,0,
06-06-2014,5.4,
07-06-2014,0,
08-06-2014,0,
09-06-2014,0.6,
10-06-2014,0,
11-06-2014,0,
12-06-2014,0,
13-06-2014,0,
14-06-2014,0,
15-06-2014,0,
16-06-2014,0,
17-06-2014,0,
18-06-2014,0,
19-06-2014,0,
20-06-2014,0.6,
21-06-2014,6,
22-06-2014,0.2,
23-06-2014,4.8,
24-06-2014,0,
25-06-2014,0,
26-06-2014,0,
27-06-2014,3.6,
28-06-2014,4.2,
29-06-2014,0,
30-06-2014,1.4,
01-07-2014,4.4,
02-07-2014,0,
03-07-2014,0,
04-07-2014,0,
05-07-2014,17,
06-07-2014,0,
07-07-2014,0.6,
08-07-2014,0,
09-07-2014,0,
10-07-2014,0,
11-07-2014,0,
12-07-2014,0,
13-07-2014,0,
14-07-2014,0,
15-07-2014,0,
16-07-2014,0,
17-07-2014,0,
18-07-2014,4.4,
19-07-2014,7.4,
20-07-2014,0.4,
21-07-2014,0,
22-07-2014,0,
23-07-2014,0,
24-07-2014,0,
25-07-2014,0,
26-07-2014,0,
27-07-2014,0,
28-07-2014,0,
29-07-2014,0,
30-07-2014,0,
31-07-2014,0,
01-08-2014,0,
02-08-2014,2.2,
03-08-2014,0,
04-08-2014,0,
05-08-2014,0,
06-08-2014,0,
07-08-2014,0,
08-08-2014,10.2,
09-08-2014,0,
10-08-2014,0.8,
11-08-2014,0.4,
12-08-2014,0.4,
13-08-2014,0,
14-08-2014,0,
15-08-2014,0,
16-08-2014,0,
17-08-2014,0,
18-08-2014,0,
19-08-2014,0,
20-08-2014,0,
21-08-2014,0,
22-08-2014,0,
23-08-2014,0,
24-08-2014,0,
25-08-2014,0,
26-08-2014,1.2,
27-08-2014,0.2,
28-08-2014,0,
29-08-2014,0,
30-08-2014,0,
31-08-2014,0,
01-09-2014,0,
02-09-2014,0,
03-09-2014,0,
04-09-2014,0,
05-09-2014,0,
06-09-2014,0,
07-09-2014,10.8,
08-09-2014,1,
09-09-2014,0,
10-09-2014,0,
11-09-2014,0,
12-09-2014,0,
13-09-2014,3.8,
14-09-2014,1.2,
15-09-2014,4.4,
16-09-2014,1.6,
17-09-2014,1.8,
18-09-2014,4.4,
19-09-2014,1.6,
20-09-2014,0,
21-09-2014,22.4,
22-09-2014,0,
23-09-2014,0.2,
24-09-2014,0,
25-09-2014,0,
26-09-2014,0,
27-09-2014,2.2,
28-09-2014,0.8,
29-09-2014,0.2,
30-09-2014,0,
01-10-2014,0,
02-10-2014,0,
03-10-2014,0,
04-10-2014,5.6,
05-10-2014,0,
07-10-2014,5.8,
08-10-2014,20.4,
09-10-2014,3,
10-10-2014,0,
11-10-2014,0,
12-10-2014,13.4,
13-10-2014,3.2,
14-10-2014,5.4,
15-10-2014,14.4,
16-10-2014,45,
17-10-2014,3.4,
18-10-2014,2.8,
19-10-2014,0,
20-10-2014,0.2,
21-10-2014,0,
22-10-2014,0,
23-10-2014,0,
24-10-2014,0,
25-10-2014,0,
26-10-2014,0,
27-10-2014,0,
28-10-2014,0,
29-10-2014,0,
30-10-2014,0,
31-10-2014,6.4,
01-11-2014,0,
02-11-2014,7.6,
03-11-2014,35,
04-11-2014,20.8,
05-11-2014,4.2,
06-11-2014,9.6,
07-11-2014,0,
08-11-2014,14.6,
09-11-2014,1.4,
10-11-2014,19.8,
11-11-2014,6.2,
12-11-2014,9,
13-11-2014,8.6,
14-11-2014,17.4,
15-11-2014,9,
16-11-2014,5.2,
17-11-2014,0,
18-11-2014,3.2,
19-11-2014,3,
20-11-2014,0,
21-11-2014,3.6,
22-11-2014,23.4,
23-11-2014,5.6,
24-11-2014,0.2,
25-11-2014,0,
26-11-2014,0,
27-11-2014,0.2,
28-11-2014,5.8,
29-11-2014,1.4,
30-11-2014,0.2,
01-12-2014,0.2,
02-12-2014,4,
03-12-2014,0.2,
04-12-2014,3,
05-12-2014,1,
06-12-2014,4,
07-12-2014,0.6,
08-12-2014,1,
09-12-2014,0,
10-12-2014,1.2,
11-12-2014,0,
12-12-2014,19.8,
13-12-2014,6.2,
14-12-2014,0,
15-12-2014,12.2,
16-12-2014,1.8,
17-12-2014,0.2,
18-12-2014,0,
19-12-2014,0.2,
20-12-2014,1,
21-12-2014,0,
22-12-2014,0,
23-12-2014,0,
24-12-2014,0,
25-12-2014,0.2,
26-12-2014,0.2,
27-12-2014,5,
28-12-2014,1,
29-12-2014,0,
30-12-2014,0,
31-12-2014,0,
01-01-2015,0,
02-01-2015,0,
03-01-2015,0,
04-01-2015,0.2,
05-01-2015,0,
06-01-2015,0,
07-01-2015,0,
08-01-2015,0.4,
09-01-2015,0,
10-01-2015,2,
11-01-2015,0.2,
12-01-2015,0,
13-01-2015,8.2,
14-01-2015,0.2,
15-01-2015,27.8,
16-01-2015,3.8,
17-01-2015,3.8,
18-01-2015,10.6,
19-01-2015,4,
20-01-2015,7.4,
21-01-2015,15.8,
22-01-2015,2.2,
23-01-2015,0.2,
24-01-2015,0.2,
25-01-2015,0,
26-01-2015,0.2,
27-01-2015,0,
28-01-2015,0.4,
29-01-2015,14.6,
30-01-2015,35.2,
31-01-2015,10.8,
01-02-2015,7.2,
02-02-2015,13.4,
03-02-2015,13.8,
04-02-2015,8.4,
05-02-2015,15.4,
06-02-2015,4.2,
07-02-2015,0,
08-02-2015,0,
09-02-2015,0,
10-02-2015,0,
11-02-2015,1.8,
12-02-2015,1.4,
13-02-2015,4.6,
14-02-2015,2.2,
15-02-2015,0.6,
16-02-2015,7.6,
17-02-2015,0.2,
18-02-2015,0,
19-02-2015,0.4,
20-02-2015,9.4,
21-02-2015,1.8,
22-02-2015,1.6,
23-02-2015,15.8,
24-02-2015,5.6,
25-02-2015,0.8,
26-02-2015,2,
27-02-2015,1.6,
28-02-2015,2.6,
01-03-2015,2.8,
02-03-2015,16.4,
03-03-2015,7,
04-03-2015,0,
05-03-2015,0,
06-03-2015,0,
07-03-2015,0,
08-03-2015,0,
09-03-2015,0,
10-03-2015,0,
11-03-2015,0,
12-03-2015,0.6,
13-03-2015,0,
14-03-2015,0,
15-03-2015,0,
16-03-2015,0,
17-03-2015,0,
18-03-2015,0,
19-03-2015,0,
20-03-2015,0,
21-03-2015,0,
22-03-2015,1.4,
23-03-2015,3,
24-03-2015,0.6,
25-03-2015,3.4,
26-03-2015,0.4,
27-03-2015,0,
28-03-2015,0,
29-03-2015,0,
30-03-2015,0,
31-03-2015,0,
01-04-2015,0,
02-04-2015,0,
03-04-2015,0,
04-04-2015,0,
05-04-2015,0,
06-04-2015,0,
07-04-2015,0,
08-04-2015,0.6,
09-04-2015,9.8,
10-04-2015,0.4,
11-04-2015,0,
12-04-2015,0,
13-04-2015,0,
14-04-2015,0.4,
15-04-2015,9.6,
16-04-2015,0.6,
17-04-2015,0.2,
18-04-2015,6.4,
19-04-2015,0.2,
20-04-2015,0,
21-04-2015,0,
22-04-2015,7.4,
23-04-2015,0,
24-04-2015,3.2,
25-04-2015,9.7,
26-04-2015,7,
27-04-2015,11,
28-04-2015,0,
29-04-2015,1.2,
30-04-2015,1.2,
01-05-2015,1,
02-05-2015,5.4,
03-05-2015,11,
04-05-2015,9.2,
05-05-2015,0.6,
06-05-2015,0.8,
07-05-2015,4.4,
08-05-2015,0,
09-05-2015,0,
10-05-2015,0,
11-05-2015,0,
12-05-2015,0,
13-05-2015,1,
14-05-2015,0,
15-05-2015,0,
16-05-2015,0,
17-05-2015,0,
18-05-2015,0,
19-05-2015,0,
20-05-2015,0,
21-05-2015,0,
22-05-2015,0,
23-05-2015,0,
24-05-2015,0,
25-05-2015,0,
26-05-2015,0,
27-05-2015,0,
28-05-2015,0,
29-05-2015,0,
30-05-2015,0,
31-05-2015,0.4,
01-06-2015,0,
02-06-2015,0,
03-06-2015,0,
04-06-2015,0.2,
05-06-2015,0,
06-06-2015,0,
07-06-2015,0,
08-06-2015,0,
09-06-2015,0.4,
10-06-2015,0,
11-06-2015,0,
12-06-2015,0,
13-06-2015,2.8,
14-06-2015,8.4,
15-06-2015,0,
16-06-2015,0,
17-06-2015,0,
18-06-2015,0,
19-06-2015,0,
20-06-2015,0,
21-06-2015,0,
22-06-2015,0,
23-06-2015,0,
24-06-2015,0,
25-06-2015,0,
26-06-2015,0,
27-06-2015,0,
28-06-2015,0,
29-06-2015,0,
30-06-2015,0,
01-07-2015,5,
02-07-2015,0.2,
03-07-2015,0,
04-07-2015,0,
05-07-2015,0,
06-07-2015,0,
07-07-2015,0,
08-07-2015,0,
09-07-2015,0,
10-07-2015,0,
11-07-2015,0,
12-07-2015,0,
13-07-2015,0,
14-07-2015,0,
15-07-2015,0,
16-07-2015,0,
17-07-2015,0,
18-07-2015,0,
19-07-2015,0,
20-07-2015,0,
21-07-2015,0,
22-07-2015,0,
23-07-2015,0,
24-07-2015,0.8,
25-07-2015,0,
26-07-2015,0,
27-07-2015,0,
28-07-2015,0.6,
29-07-2015,0.2,
30-07-2015,8,
31-07-2015,0,
01-08-2015,0,
02-08-2015,0,
03-08-2015,0,
04-08-2015,0,
05-08-2015,0,
06-08-2015,0,
07-08-2015,0,
08-08-2015,0,
09-08-2015,0,
10-08-2015,0,
11-08-2015,0,
12-08-2015,5.4,
13-08-2015,2,
14-08-2015,1,
15-08-2015,0.2,
16-08-2015,0.8,
17-08-2015,0.2,
18-08-2015,0,
19-08-2015,0,
20-08-2015,0,
21-08-2015,0,
22-08-2015,4,
23-08-2015,7,
24-08-2015,0.4,
25-08-2015,0,
26-08-2015,0.2,
27-08-2015,0.2,
28-08-2015,0,
29-08-2015,0,
30-08-2015,0,
31-08-2015,0,
01-09-2015,0,
02-09-2015,0,
03-09-2015,0,
04-09-2015,0,
05-09-2015,0,
06-09-2015,0,
07-09-2015,0,
08-09-2015,0,
09-09-2015,0,
10-09-2015,0,
11-09-2015,0,
12-09-2015,0.6,
13-09-2015,5.2,
14-09-2015,3.2,
15-09-2015,26.6,
16-09-2015,2.8,
17-09-2015,0.8,
18-09-2015,0,
19-09-2015,0,
20-09-2015,0,
21-09-2015,0,
22-09-2015,0,
23-09-2015,0,
24-09-2015,0,
25-09-2015,0,
26-09-2015,0,
27-09-2015,0,
28-09-2015,0,
29-09-2015,0,
30-09-2015,0,
01-10-2015,0,
02-10-2015,0,
03-10-2015,5.2,
04-10-2015,41,
05-10-2015,54.2,
06-10-2015,1.8,
07-10-2015,0,
08-10-2015,0,
09-10-2015,0.4,
10-10-2015,1,
11-10-2015,5.8,
12-10-2015,0.2,
13-10-2015,0,
14-10-2015,0,
15-10-2015,0,
16-10-2015,0,
17-10-2015,0.6,
18-10-2015,13.4,
19-10-2015,9.4,
20-10-2015,0,
21-10-2015,0,
22-10-2015,0,
23-10-2015,0,
24-10-2015,0.6,
25-10-2015,0.6,
26-10-2015,9,
27-10-2015,14.6,
28-10-2015,4.6,
29-10-2015,1,
30-10-2015,0,
31-10-2015,0,
01-11-2015,0,
02-11-2015,21.7,
03-11-2015,0.6,
04-11-2015,2,
05-11-2015,4,
06-11-2015,0,
07-11-2015,0,
08-11-2015,0,
09-11-2015,0.2,
10-11-2015,0.4,
11-11-2015,0,
12-11-2015,0,
13-11-2015,0,
14-11-2015,0,
15-11-2015,0.2,
16-11-2015,0,
17-11-2015,0,
18-11-2015,0,
19-11-2015,0,
20-11-2015,5.1,
21-11-2015,6.4,
22-11-2015,0,
23-11-2015,0,
24-11-2015,2.6,
25-11-2015,0.6,
26-11-2015,4,
27-11-2015,0.8,
28-11-2015,0,
29-11-2015,0.2,
30-11-2015,0,
01-12-2015,0.2,
02-12-2015,0,
03-12-2015,0.4,
04-12-2015,0.2,
05-12-2015,0.2,
06-12-2015,0,
07-12-2015,3.2,
08-12-2015,0.2,
09-12-2015,0.2,
10-12-2015,0.2,
11-12-2015,0.2,
12-12-2015,0.2,
15-12-2015,0.2,
16-12-2015,0,
17-12-2015,3.6,
18-12-2015,0,
19-12-2015,5.2,
20-12-2015,0.6,
21-12-2015,0,
22-12-2015,1.6,
23-12-2015,0.6,
24-12-2015,0,
25-12-2015,0,
26-12-2015,0,
27-12-2015,0,
28-12-2015,22.6,
29-12-2015,0.2,
30-12-2015,8,
31-12-2015,0.4,
01-01-2015,0,
02-01-2015,0,
03-01-2015,0,
04-01-2015,0.2,
05-01-2015,0,
06-01-2015,0,
07-01-2015,0,
08-01-2015,0.4,
09-01-2015,0,
10-01-2015,2,
11-01-2015,0.2,
12-01-2015,0,
13-01-2015,8.2,
14-01-2015,0.2,
15-01-2015,27.8,
16-01-2015,3.8,
17-01-2015,3.8,
18-01-2015,10.6,
19-01-2015,4,
20-01-2015,7.4,
21-01-2015,15.8,
22-01-2015,2.2,
23-01-2015,0.2,
24-01-2015,0.2,
25-01-2015,0,
26-01-2015,0.2,
27-01-2015,0,
28-01-2015,0.4,
29-01-2015,14.6,
30-01-2015,35.2,
31-01-2015,10.8,
01-02-2015,7.2,
02-02-2015,13.4,
03-02-2015,13.8,
04-02-2015,8.4,
05-02-2015,15.4,
06-02-2015,4.2,
07-02-2015,0,
08-02-2015,0,
09-02-2015,0,
10-02-2015,0,
11-02-2015,1.8,
12-02-2015,1.4,
13-02-2015,4.6,
14-02-2015,2.2,
15-02-2015,0.6,
16-02-2015,7.6,
17-02-2015,0.2,
18-02-2015,0,
19-02-2015,0.4,
20-02-2015,9.4,
21-02-2015,1.8,
22-02-2015,1.6,
23-02-2015,15.8,
24-02-2015,5.6,
25-02-2015,0.8,
26-02-2015,2,
27-02-2015,1.6,
28-02-2015,2.6,
01-03-2015,2.8,
02-03-2015,16.4,
03-03-2015,7,
04-03-2015,0,
05-03-2015,0,
06-03-2015,0,
07-03-2015,0,
08-03-2015,0,
09-03-2015,0,
10-03-2015,0,
11-03-2015,0,
12-03-2015,0.6,
13-03-2015,0,
14-03-2015,0,
15-03-2015,0,
16-03-2015,0,
17-03-2015,0,
18-03-2015,0,
19-03-2015,0,
20-03-2015,0,
21-03-2015,0,
22-03-2015,1.4,
23-03-2015,3,
24-03-2015,0.6,
25-03-2015,3.4,
26-03-2015,0.4,
27-03-2015,0,
28-03-2015,0,
29-03-2015,0,
30-03-2015,0,
31-03-2015,0,
01-04-2015,0,
02-04-2015,0,
03-04-2015,0,
04-04-2015,0,
05-04-2015,0,
06-04-2015,0,
07-04-2015,0,
08-04-2015,0.6,
09-04-2015,9.8,
10-04-2015,0.4,
11-04-2015,0,
12-04-2015,0,
13-04-2015,0,
14-04-2015,0.4,
15-04-2015,9.6,
16-04-2015,0.6,
17-04-2015,0.2,
18-04-2015,6.4,
19-04-2015,0.2,
20-04-2015,0,
21-04-2015,0,
22-04-2015,7.4,
23-04-2015,0,
24-04-2015,3.2,
25-04-2015,9.7,
26-04-2015,7,
27-04-2015,11,
28-04-2015,0,
29-04-2015,1.2,
30-04-2015,1.2,
01-05-2015,1,
02-05-2015,5.4,
03-05-2015,11,
04-05-2015,9.2,
05-05-2015,0.6,
06-05-2015,0.8,
07-05-2015,4.4,
08-05-2015,0,
09-05-2015,0,
10-05-2015,0,
11-05-2015,0,
12-05-2015,0,
13-05-2015,1,
14-05-2015,0,
15-05-2015,0,
16-05-2015,0,
17-05-2015,0,
18-05-2015,0,
19-05-2015,0,
20-05-2015,0,
21-05-2015,0,
22-05-2015,0,
23-05-2015,0,
24-05-2015,0,
25-05-2015,0,
26-05-2015,0,
27-05-2015,0,
28-05-2015,0,
29-05-2015,0,
30-05-2015,0,
31-05-2015,0.4,
01-06-2015,0,
02-06-2015,0,
03-06-2015,0,
04-06-2015,0.2,
05-06-2015,0,
06-06-2015,0,
07-06-2015,0,
08-06-2015,0,
09-06-2015,0.4,
10-06-2015,0,
11-06-2015,0,
12-06-2015,0,
13-06-2015,2.8,
14-06-2015,8.4,
15-06-2015,0,
16-06-2015,0,
17-06-2015,0,
18-06-2015,0,
19-06-2015,0,
20-06-2015,0,
21-06-2015,0,
22-06-2015,0,
23-06-2015,0,
24-06-2015,0,
25-06-2015,0,
26-06-2015,0,
27-06-2015,0,
28-06-2015,0,
29-06-2015,0,
30-06-2015,0,
01-07-2015,5,
02-07-2015,0.2,
03-07-2015,0,
04-07-2015,0,
05-07-2015,0,
06-07-2015,0,
07-07-2015,0,
08-07-2015,0,
09-07-2015,0,
10-07-2015,0,
11-07-2015,0,
12-07-2015,0,
13-07-2015,0,
14-07-2015,0,
15-07-2015,0,
16-07-2015,0,
17-07-2015,0,
18-07-2015,0,
19-07-2015,0,
20-07-2015,0,
21-07-2015,0,
22-07-2015,0,
23-07-2015,0,
24-07-2015,0.8,
25-07-2015,0,
26-07-2015,0,
27-07-2015,0,
28-07-2015,0.6,
29-07-2015,0.2,
30-07-2015,8,
31-07-2015,0,
01-08-2015,0,
02-08-2015,0,
03-08-2015,0,
04-08-2015,0,
05-08-2015,0,
06-08-2015,0,
07-08-2015,0,
08-08-2015,0,
09-08-2015,0,
10-08-2015,0,
11-08-2015,0,
12-08-2015,5.4,
13-08-2015,2,
14-08-2015,1,
15-08-2015,0.2,
16-08-2015,0.8,
17-08-2015,0.2,
18-08-2015,0,
19-08-2015,0,
20-08-2015,0,
21-08-2015,0,
22-08-2015,4,
23-08-2015,7,
24-08-2015,0.4,
25-08-2015,0,
26-08-2015,0.2,
27-08-2015,0.2,
28-08-2015,0,
29-08-2015,0,
30-08-2015,0,
31-08-2015,0,
01-09-2015,0,
02-09-2015,0,
03-09-2015,0,
04-09-2015,0,
05-09-2015,0,
06-09-2015,0,
07-09-2015,0,
08-09-2015,0,
09-09-2015,0,
10-09-2015,0,
11-09-2015,0,
12-09-2015,0.6,
13-09-2015,5.2,
14-09-2015,3.2,
15-09-2015,26.6,
16-09-2015,2.8,
17-09-2015,0.8,
18-09-2015,0,
19-09-2015,0,
20-09-2015,0,
21-09-2015,0,
22-09-2015,0,
23-09-2015,0,
24-09-2015,0,
25-09-2015,0,
26-09-2015,0,
27-09-2015,0,
28-09-2015,0,
29-09-2015,0,
30-09-2015,0,
01-10-2015,0,
02-10-2015,0,
03-10-2015,5.2,
04-10-2015,41,
05-10-2015,54.2,
06-10-2015,1.8,
07-10-2015,0,
08-10-2015,0,
09-10-2015,0.4,
10-10-2015,1,
11-10-2015,5.8,
12-10-2015,0.2,
13-10-2015,0,
14-10-2015,0,
15-10-2015,0,
16-10-2015,0,
17-10-2015,0.6,
18-10-2015,13.4,
19-10-2015,9.4,
20-10-2015,0,
21-10-2015,0,
22-10-2015,0,
23-10-2015,0,
24-10-2015,0.6,
25-10-2015,0.6,
26-10-2015,9,
27-10-2015,14.6,
28-10-2015,4.6,
29-10-2015,1,
30-10-2015,0,
31-10-2015,0,
01-11-2015,0,
02-11-2015,21.7,
03-11-2015,0.6,
04-11-2015,2,
05-11-2015,4,
06-11-2015,0,
07-11-2015,0,
08-11-2015,0,
09-11-2015,0.2,
10-11-2015,0.4,
11-11-2015,0,
12-11-2015,0,
13-11-2015,0,
14-11-2015,0,
15-11-2015,0.2,
16-11-2015,0,
17-11-2015,0,
18-11-2015,0,
19-11-2015,0,
20-11-2015,5.1,
21-11-2015,6.4,
22-11-2015,0,
23-11-2015,0,
24-11-2015,2.6,
25-11-2015,0.6,
26-11-2015,4,
27-11-2015,0.8,
28-11-2015,0,
29-11-2015,0.2,
30-11-2015,0,
01-12-2015,0.2,
02-12-2015,0,
03-12-2015,0.4,
04-12-2015,0.2,
05-12-2015,0.2,
06-12-2015,0,
07-12-2015,3.2,
08-12-2015,0.2,
09-12-2015,0.2,
10-12-2015,0.2,
11-12-2015,0.2,
12-12-2015,0.2,
15-12-2015,0.2,
16-12-2015,0,
17-12-2015,3.6,
18-12-2015,0,
19-12-2015,5.2,
20-12-2015,0.6,
21-12-2015,0,
22-12-2015,1.6,
23-12-2015,0.6,
24-12-2015,0,
25-12-2015,0,
26-12-2015,0,
27-12-2015,0,
28-12-2015,22.6,
29-12-2015,0.2,
30-12-2015,8,
31-12-2015,0.4,
01-01-2016,5.6,
02-01-2016,0,
03-01-2016,19.2,
04-01-2016,9,
05-01-2016,12,
06-01-2016,10,
07-01-2016,39,
08-01-2016,23.8,
09-01-2016,21.4,
10-01-2016,33,
11-01-2016,2,
12-01-2016,0.6,
13-01-2016,38.6,
14-01-2016,1,
15-01-2016,0.8,
16-01-2016,0,
18-01-2016,1.2,
19-01-2016,0,
20-01-2016,0,
21-01-2016,2.2,
22-01-2016,0.8,
23-01-2016,0.2,
24-01-2016,0,
25-01-2016,4.2,
26-01-2016,0,
27-01-2016,4.2,
28-01-2016,5.6,
29-01-2016,0,
30-01-2016,4,
31-01-2016,0.2,
01-02-2016,0,
02-02-2016,0.8,
03-02-2016,0,
04-02-2016,0,
05-02-2016,0,
06-02-2016,20.4,
07-02-2016,1,
08-02-2016,5,
09-02-2016,14.8,
10-02-2016,17.8,
11-02-2016,15,
12-02-2016,12.4,
13-02-2016,15.6,
14-02-2016,22.6,
15-02-2016,3.8,
16-02-2016,0.2,
17-02-2016,7.2,
18-02-2016,0.6,
19-02-2016,0.2,
20-02-2016,0,
21-02-2016,0,
22-02-2016,0.6,
23-02-2016,0,
24-02-2016,12,
25-02-2016,8,
26-02-2016,18.4,
27-02-2016,8.2,
28-02-2016,2.4,
29-02-2016,0,
01-03-2016,0.2,
02-03-2016,0,
03-03-2016,1,
04-03-2016,13,
05-03-2016,6,
06-03-2016,11.2,
07-03-2016,5.8,
08-03-2016,4,
09-03-2016,3.6,
10-03-2016,0.4,
11-03-2016,0.2,
12-03-2016,0,
13-03-2016,0,
14-03-2016,0,
15-03-2016,0,
16-03-2016,0,
17-03-2016,0,
18-03-2016,7,
19-03-2016,1.8,
20-03-2016,3,
21-03-2016,0,
22-03-2016,0,
23-03-2016,0,
24-03-2016,0,
25-03-2016,3.4,
26-03-2016,8.4,
27-03-2016,11,
28-03-2016,9.2,
29-03-2016,2.2,
30-03-2016,21.4,
31-03-2016,3.6,
01-04-2016,0,
02-04-2016,15,
03-04-2016,10,
04-04-2016,5.4,
05-04-2016,0,
06-04-2016,0,
07-04-2016,0,
08-04-2016,1.4,
09-04-2016,0.8,
10-04-2016,12.6,
11-04-2016,0.8,
12-04-2016,7.8,
13-04-2016,7.6,
14-04-2016,2.2,
15-04-2016,22.6,
16-04-2016,10.2,
17-04-2016,0,
18-04-2016,3.4,
19-04-2016,9.6,
20-04-2016,0,
21-04-2016,2.6,
22-04-2016,1.2,
23-04-2016,3.6,
24-04-2016,0.2,
25-04-2016,0,
26-04-2016,0,
27-04-2016,0,
28-04-2016,0,
29-04-2016,0,
30-04-2016,0,
01-05-2016,0,
02-05-2016,0,
03-05-2016,0,
04-05-2016,0,
05-05-2016,5,
06-05-2016,16.2,
07-05-2016,10,
08-05-2016,7,
09-05-2016,5.2,
10-05-2016,6.4,
11-05-2016,14.2,
12-05-2016,4.2,
13-05-2016,1.6,
14-05-2016,0,
15-05-2016,0,
16-05-2016,0,
01-06-2016,0,
02-06-2016,0,
03-06-2016,0,
04-06-2016,0,
05-06-2016,0.8,
06-06-2016,0,
07-06-2016,0,
08-06-2016,0,
09-06-2016,0.4,
10-06-2016,0,
11-06-2016,0,
12-06-2016,0.8,
13-06-2016,0.2,
14-06-2016,2.2,
15-06-2016,26.8,
16-06-2016,3.8,
17-06-2016,0.8,
18-06-2016,0.2,
19-06-2016,0,
20-06-2016,0,
21-06-2016,0,
22-06-2016,1,
23-06-2016,0,
24-06-2016,0,
25-06-2016,0,
26-06-2016,0,
27-06-2016,0,
28-06-2016,0,
29-06-2016,0,
30-06-2016,0,
01-07-2016,0,
02-07-2016,0,
03-07-2016,0,
04-07-2016,0,
05-07-2016,0,
06-07-2016,4.4,
07-07-2016,0.2,
08-07-2016,0,
09-07-2016,0,
10-07-2016,0,
11-07-2016,0,
12-07-2016,0,
13-07-2016,0,
14-07-2016,0,
15-07-2016,0,
16-07-2016,0,
17-07-2016,0,
18-07-2016,0,
19-07-2016,0,
20-07-2016,0,
21-07-2016,0.8,
22-07-2016,0,
23-07-2016,0,
24-07-2016,0,
25-07-2016,0,
26-07-2016,0,
27-07-2016,0,
28-07-2016,0,
29-07-2016,0,
30-07-2016,0,
31-07-2016,0,
01-08-2016,0,
02-08-2016,0,
03-08-2016,0,
04-08-2016,0.6,
05-08-2016,0,
06-08-2016,0,
07-08-2016,0,
08-08-2016,0,
09-08-2016,0,
10-08-2016,0,
11-08-2016,0,
12-08-2016,0,
13-08-2016,0,
14-08-2016,0,
15-08-2016,0,
16-08-2016,0,
17-08-2016,0.2,
18-08-2016,0,
19-08-2016,4.4,
20-08-2016,0,
21-08-2016,0,
22-08-2016,0,
23-08-2016,0,
24-08-2016,4.2,
25-08-2016,0,
26-08-2016,0,
27-08-2016,0,
28-08-2016,0,
29-08-2016,0,
30-08-2016,0,
31-08-2016,0,
01-09-2016,0,
02-09-2016,0,
03-09-2016,0,
04-09-2016,0,
05-09-2016,0,
06-09-2016,0,
07-09-2016,0,
08-09-2016,0,
09-09-2016,0,
10-09-2016,0,
11-09-2016,0,
12-09-2016,9.8,
13-09-2016,20.4,
14-09-2016,8.4,
15-09-2016,0.4,
16-09-2016,0,
17-09-2016,0,
18-09-2016,0,
19-09-2016,0,
20-09-2016,0,
21-09-2016,0,
22-09-2016,0,
23-09-2016,0,
24-09-2016,11.4,
25-09-2016,0,
26-09-2016,0.4,
27-09-2016,0.2,
28-09-2016,0,
29-09-2016,0,
30-09-2016,0,
01-10-2016,0,
02-10-2016,0.2,
03-10-2016,0,
04-10-2016,0,
05-10-2016,0,
06-10-2016,0,
07-10-2016,0,
08-10-2016,0,
09-10-2016,0,
10-10-2016,0,
11-10-2016,5,
12-10-2016,0,
13-10-2016,6.2,
14-10-2016,2.2,
15-10-2016,15.6,
16-10-2016,8.4,
17-10-2016,0.4,
18-10-2016,0,
19-10-2016,0,
20-10-2016,0,
21-10-2016,0,
22-10-2016,7.8,
23-10-2016,0.6,
24-10-2016,0,
25-10-2016,0,
26-10-2016,0,
27-10-2016,0.2,
28-10-2016,0,
29-10-2016,0,
30-10-2016,0,
31-10-2016,0,
01-11-2016,0.2,
02-11-2016,0.2,
03-11-2016,0,
04-11-2016,5,
05-11-2016,4,
06-11-2016,5.8,
07-11-2016,5.6,
08-11-2016,11,
09-11-2016,0.4,
10-11-2016,0.6,
11-11-2016,0.2,
12-11-2016,10,
13-11-2016,0.2,
14-11-2016,0,
15-11-2016,0,
16-11-2016,0.2,
17-11-2016,1,
18-11-2016,0.2,
19-11-2016,7,
20-11-2016,26.6,
21-11-2016,9.4,
22-11-2016,0.2,
23-11-2016,3.8,
24-11-2016,26,
25-11-2016,0.2,
26-11-2016,0.2,
27-11-2016,0,
28-11-2016,0.4,
29-11-2016,0.4,
30-11-2016,0,
01-12-2016,0,
02-12-2016,0,
03-12-2016,0.2,
04-12-2016,0,
05-12-2016,0,
06-12-2016,0,
07-12-2016,0.2,
08-12-2016,0,
09-12-2016,0,
10-12-2016,0,
11-12-2016,0,
12-12-2016,0,
13-12-2016,2.6,
14-12-2016,3,
15-12-2016,14.2,
16-12-2016,5.2,
17-12-2016,0,
18-12-2016,0.6,
19-12-2016,0.2,
20-12-2016,0.4,
21-12-2016,0,
22-12-2016,1.6,
23-12-2016,0,
24-12-2016,0.2,
25-12-2016,0.6,
26-12-2016,0.2,
27-12-2016,0.2,
28-12-2016,0,
29-12-2016,0.4,
30-12-2016,0.2,
31-12-2016,0.2,
01-01-2016,5.6,
02-01-2016,0,
03-01-2016,19.2,
04-01-2016,9,
05-01-2016,12,
06-01-2016,10,
07-01-2016,39,
08-01-2016,23.8,
09-01-2016,21.4,
10-01-2016,33,
11-01-2016,2,
12-01-2016,0.6,
13-01-2016,38.6,
14-01-2016,1,
15-01-2016,0.8,
16-01-2016,0,
18-01-2016,1.2,
19-01-2016,0,
20-01-2016,0,
21-01-2016,2.2,
22-01-2016,0.8,
23-01-2016,0.2,
24-01-2016,0,
25-01-2016,4.2,
26-01-2016,0,
27-01-2016,4.2,
28-01-2016,5.6,
29-01-2016,0,
30-01-2016,4,
31-01-2016,0.2,
01-02-2016,0,
02-02-2016,0.8,
03-02-2016,0,
04-02-2016,0,
05-02-2016,0,
06-02-2016,20.4,
07-02-2016,1,
08-02-2016,5,
09-02-2016,14.8,
10-02-2016,17.8,
11-02-2016,15,
12-02-2016,12.4,
13-02-2016,15.6,
14-02-2016,22.6,
15-02-2016,3.8,
16-02-2016,0.2,
17-02-2016,7.2,
18-02-2016,0.6,
19-02-2016,0.2,
20-02-2016,0,
21-02-2016,0,
22-02-2016,0.6,
23-02-2016,0,
24-02-2016,12,
25-02-2016,8,
26-02-2016,18.4,
27-02-2016,8.2,
28-02-2016,2.4,
29-02-2016,0,
01-03-2016,0.2,
02-03-2016,0,
03-03-2016,1,
04-03-2016,13,
05-03-2016,6,
06-03-2016,11.2,
07-03-2016,5.8,
08-03-2016,4,
09-03-2016,3.6,
10-03-2016,0.4,
11-03-2016,0.2,
12-03-2016,0,
13-03-2016,0,
14-03-2016,0,
15-03-2016,0,
16-03-2016,0,
17-03-2016,0,
18-03-2016,7,
19-03-2016,1.8,
20-03-2016,3,
21-03-2016,0,
22-03-2016,0,
23-03-2016,0,
24-03-2016,0,
25-03-2016,3.4,
26-03-2016,8.4,
27-03-2016,11,
28-03-2016,9.2,
29-03-2016,2.2,
30-03-2016,21.4,
31-03-2016,3.6,
01-04-2016,0,
02-04-2016,15,
03-04-2016,10,
04-04-2016,5.4,
05-04-2016,0,
06-04-2016,0,
07-04-2016,0,
08-04-2016,1.4,
09-04-2016,0.8,
10-04-2016,12.6,
11-04-2016,0.8,
12-04-2016,7.8,
13-04-2016,7.6,
14-04-2016,2.2,
15-04-2016,22.6,
16-04-2016,10.2,
17-04-2016,0,
18-04-2016,3.4,
19-04-2016,9.6,
20-04-2016,0,
21-04-2016,2.6,
22-04-2016,1.2,
23-04-2016,3.6,
24-04-2016,0.2,
25-04-2016,0,
26-04-2016,0,
27-04-2016,0,
28-04-2016,0,
29-04-2016,0,
30-04-2016,0,
01-05-2016,0,
02-05-2016,0,
03-05-2016,0,
04-05-2016,0,
05-05-2016,5,
06-05-2016,16.2,
07-05-2016,10,
08-05-2016,7,
09-05-2016,5.2,
10-05-2016,6.4,
11-05-2016,14.2,
12-05-2016,4.2,
13-05-2016,1.6,
14-05-2016,0,
15-05-2016,0,
16-05-2016,0,
01-06-2016,0,
02-06-2016,0,
03-06-2016,0,
04-06-2016,0,
05-06-2016,0.8,
06-06-2016,0,
07-06-2016,0,
08-06-2016,0,
09-06-2016,0.4,
10-06-2016,0,
11-06-2016,0,
12-06-2016,0.8,
13-06-2016,0.2,
14-06-2016,2.2,
15-06-2016,26.8,
16-06-2016,3.8,
17-06-2016,0.8,
18-06-2016,0.2,
19-06-2016,0,
20-06-2016,0,
21-06-2016,0,
22-06-2016,1,
23-06-2016,0,
24-06-2016,0,
25-06-2016,0,
26-06-2016,0,
27-06-2016,0,
28-06-2016,0,
29-06-2016,0,
30-06-2016,0,
01-07-2016,0,
02-07-2016,0,
03-07-2016,0,
04-07-2016,0,
05-07-2016,0,
06-07-2016,4.4,
07-07-2016,0.2,
08-07-2016,0,
09-07-2016,0,
10-07-2016,0,
11-07-2016,0,
12-07-2016,0,
13-07-2016,0,
14-07-2016,0,
15-07-2016,0,
16-07-2016,0,
17-07-2016,0,
18-07-2016,0,
19-07-2016,0,
20-07-2016,0,
21-07-2016,0.8,
22-07-2016,0,
23-07-2016,0,
24-07-2016,0,
25-07-2016,0,
26-07-2016,0,
27-07-2016,0,
28-07-2016,0,
29-07-2016,0,
30-07-2016,0,
31-07-2016,0,
01-08-2016,0,
02-08-2016,0,
03-08-2016,0,
04-08-2016,0.6,
05-08-2016,0,
06-08-2016,0,
07-08-2016,0,
08-08-2016,0,
09-08-2016,0,
10-08-2016,0,
11-08-2016,0,
12-08-2016,0,
13-08-2016,0,
14-08-2016,0,
15-08-2016,0,
16-08-2016,0,
17-08-2016,0.2,
18-08-2016,0,
19-08-2016,4.4,
20-08-2016,0,
21-08-2016,0,
22-08-2016,0,
23-08-2016,0,
24-08-2016,4.2,
25-08-2016,0,
26-08-2016,0,
27-08-2016,0,
28-08-2016,0,
29-08-2016,0,
30-08-2016,0,
31-08-2016,0,
01-09-2016,0,
02-09-2016,0,
03-09-2016,0,
04-09-2016,0,
05-09-2016,0,
06-09-2016,0,
07-09-2016,0,
08-09-2016,0,
09-09-2016,0,
10-09-2016,0,
11-09-2016,0,
12-09-2016,9.8,
13-09-2016,20.4,
14-09-2016,8.4,
15-09-2016,0.4,
16-09-2016,0,
17-09-2016,0,
18-09-2016,0,
19-09-2016,0,
20-09-2016,0,
21-09-2016,0,
22-09-2016,0,
23-09-2016,0,
24-09-2016,11.4,
25-09-2016,0,
26-09-2016,0.4,
27-09-2016,0.2,
28-09-2016,0,
29-09-2016,0,
30-09-2016,0,
01-10-2016,0,
02-10-2016,0.2,
03-10-2016,0,
04-10-2016,0,
05-10-2016,0,
06-10-2016,0,
07-10-2016,0,
08-10-2016,0,
09-10-2016,0,
10-10-2016,0,
11-10-2016,5,
12-10-2016,0,
13-10-2016,6.2,
14-10-2016,2.2,
15-10-2016,15.6,
16-10-2016,8.4,
17-10-2016,0.4,
18-10-2016,0,
19-10-2016,0,
20-10-2016,0,
21-10-2016,0,
22-10-2016,7.8,
23-10-2016,0.6,
24-10-2016,0,
25-10-2016,0,
26-10-2016,0,
27-10-2016,0.2,
28-10-2016,0,
29-10-2016,0,
30-10-2016,0,
31-10-2016,0,
01-11-2016,0.2,
02-11-2016,0.2,
03-11-2016,0,
04-11-2016,5,
05-11-2016,4,
06-11-2016,5.8,
07-11-2016,5.6,
08-11-2016,11,
09-11-2016,0.4,
10-11-2016,0.6,
11-11-2016,0.2,
12-11-2016,10,
13-11-2016,0.2,
14-11-2016,0,
15-11-2016,0,
16-11-2016,0.2,
17-11-2016,1,
18-11-2016,0.2,
19-11-2016,7,
20-11-2016,26.6,
21-11-2016,9.4,
22-11-2016,0.2,
23-11-2016,3.8,
24-11-2016,26,
25-11-2016,0.2,
26-11-2016,0.2,
27-11-2016,0,
28-11-2016,0.4,
29-11-2016,0.4,
30-11-2016,0,
01-12-2016,0,
02-12-2016,0,
03-12-2016,0.2,
04-12-2016,0,
05-12-2016,0,
06-12-2016,0,
07-12-2016,0.2,
08-12-2016,0,
09-12-2016,0,
10-12-2016,0,
11-12-2016,0,
12-12-2016,0,
13-12-2016,2.6,
14-12-2016,3,
15-12-2016,14.2,
16-12-2016,5.2,
17-12-2016,0,
18-12-2016,0.6,
19-12-2016,0.2,
20-12-2016,0.4,
21-12-2016,0,
22-12-2016,1.6,
23-12-2016,0,
24-12-2016,0.2,
25-12-2016,0.6,
26-12-2016,0.2,
27-12-2016,0.2,
28-12-2016,0,
29-12-2016,0.4,
30-12-2016,0.2,
31-12-2016,0.2,
01-01-2017,0.4,
02-01-2017,0.2,
03-01-2017,0.8,
04-01-2017,0.6,
05-01-2017,0.2,
06-01-2017,0.2,
07-01-2017,0.2,
08-01-2017,0,
09-01-2017,0.6,
10-01-2017,1.4,
11-01-2017,0.2,
12-01-2017,1.8,
13-01-2017,1.4,
14-01-2017,1,
15-01-2017,0.8,
16-01-2017,2,
17-01-2017,0,
18-01-2017,0,
19-01-2017,0,
20-01-2017,0,
21-01-2017,0,
22-01-2017,0.2,
23-01-2017,0.2,
24-01-2017,0,
25-01-2017,0.4,
26-01-2017,1.4,
27-01-2017,3.8,
28-01-2017,0.2,
29-01-2017,2.2,
30-01-2017,2.8,
31-01-2017,9,
01-02-2017,8.2,
02-02-2017,26.2,
03-02-2017,25.6,
04-02-2017,53.2,
05-02-2017,0.4,
06-02-2017,11.8,
07-02-2017,3,
08-02-2017,0,
09-02-2017,0.2,
10-02-2017,0,
11-02-2017,0,
12-02-2017,2.2,
13-02-2017,4.2,
14-02-2017,3.6,
15-02-2017,0.2,
16-02-2017,0,
17-02-2017,2.8,
18-02-2017,4,
19-02-2017,0,
20-02-2017,0,
21-02-2017,0,
22-02-2017,0,
23-02-2017,0,
24-02-2017,0,
25-02-2017,0.2,
26-02-2017,0,
27-02-2017,6.8,
28-02-2017,3.2,
01-03-2017,1.8,
02-03-2017,2.2,
03-03-2017,7.4,
04-03-2017,5.4,
05-03-2017,4.4,
06-03-2017,0.6,
07-03-2017,0.2,
08-03-2017,0.2,
09-03-2017,0,
10-03-2017,0,
11-03-2017,1.8,
12-03-2017,5.4,
13-03-2017,0.2,
14-03-2017,0,
15-03-2017,0,
16-03-2017,0,
17-03-2017,0,
18-03-2017,0,
19-03-2017,0,
20-03-2017,6,
21-03-2017,13,
22-03-2017,8,
23-03-2017,10.8,
24-03-2017,0,
25-03-2017,2.2,
26-03-2017,4.2,
27-03-2017,0,
28-03-2017,0,
29-03-2017,0,
30-03-2017,3.8,
31-03-2017,13.4,
01-04-2017,1,
02-04-2017,0,
03-04-2017,0,
04-04-2017,0,
05-04-2017,0,
06-04-2017,0,
07-04-2017,0,
08-04-2017,0,
09-04-2017,0,
10-04-2017,0,
11-04-2017,0,
12-04-2017,0,
13-04-2017,0,
14-04-2017,0,
15-04-2017,0,
16-04-2017,0,
17-04-2017,0,
18-04-2017,0,
19-04-2017,0,
20-04-2017,0,
21-04-2017,0,
22-04-2017,0,
23-04-2017,0,
24-04-2017,0,
25-04-2017,1.6,
26-04-2017,0,
27-04-2017,0,
28-04-2017,0,
29-04-2017,6.6,
30-04-2017,2.6,
01-05-2017,0,
02-05-2017,0,
03-05-2017,0,
04-05-2017,3.6,
05-05-2017,4,
06-05-2017,0,
07-05-2017,0,
08-05-2017,0,
09-05-2017,21,
10-05-2017,5.2,
11-05-2017,29.2,
12-05-2017,2.2,
13-05-2017,4.6,
14-05-2017,0,
15-05-2017,0,
16-05-2017,0,
17-05-2017,0.6,
18-05-2017,0,
19-05-2017,0,
20-05-2017,0,
21-05-2017,0,
22-05-2017,0,
23-05-2017,0,
24-05-2017,0,
25-05-2017,2.4,
26-05-2017,18.4,
27-05-2017,0.4,
28-05-2017,17.4,
29-05-2017,13.8,
30-05-2017,0,
31-05-2017,0,
01-06-2017,0,
02-06-2017,0.6,
03-06-2017,0.4,
04-06-2017,0,
05-06-2017,4,
06-06-2017,0,
07-06-2017,0,
08-06-2017,0,
09-06-2017,0,
10-06-2017,0,
11-06-2017,0,
12-06-2017,0,
13-06-2017,4.2,
14-06-2017,0,
15-06-2017,0,
16-06-2017,0,
17-06-2017,0,
18-06-2017,0,
19-06-2017,0,
20-06-2017,0,
21-06-2017,0,
22-06-2017,0,
23-06-2017,0,
24-06-2017,0,
25-06-2017,0,
26-06-2017,2,
27-06-2017,4,
28-06-2017,6.2,
29-06-2017,5.8,
30-06-2017,4.4,
01-07-2017,0,
02-07-2017,0,
03-07-2017,0,
04-07-2017,0,
05-07-2017,0,
06-07-2017,1.8,
07-07-2017,0,
08-07-2017,0,
09-07-2017,1.2,
10-07-2017,0.2,
11-07-2017,0,
12-07-2017,0,
13-07-2017,0,
14-07-2017,0,
15-07-2017,0,
16-07-2017,0,
17-07-2017,0,
18-07-2017,0,
19-07-2017,0.2,
20-07-2017,0,
21-07-2017,0,
22-07-2017,2.4,
23-07-2017,0,
24-07-2017,0,
25-07-2017,0,
26-07-2017,0,
27-07-2017,0,
28-07-2017,0,
29-07-2017,0,
30-07-2017,0,
31-07-2017,0,
01-08-2017,0,
02-08-2017,0,
03-08-2017,0,
04-08-2017,0,
05-08-2017,0,
06-08-2017,0,
07-08-2017,1.2,
08-08-2017,0,
09-08-2017,0,
10-08-2017,0,
11-08-2017,0,
12-08-2017,0,
13-08-2017,0,
14-08-2017,0,
15-08-2017,0,
16-08-2017,0,
17-08-2017,0.2,
18-08-2017,0,
19-08-2017,0,
20-08-2017,0,
21-08-2017,0,
22-08-2017,0,
23-08-2017,0,
24-08-2017,0,
25-08-2017,0,
26-08-2017,1.4,
27-08-2017,15.8,
28-08-2017,8.6,
29-08-2017,3.2,
30-08-2017,3,
31-08-2017,0,
01-09-2017,0,
02-09-2017,0,
03-09-2017,0.8,
04-09-2017,0.2,
05-09-2017,0,
06-09-2017,0,
07-09-2017,0,
08-09-2017,1.6,
09-09-2017,0,
10-09-2017,0,
11-09-2017,1,
12-09-2017,0.8,
13-09-2017,1.4,
14-09-2017,0.2,
15-09-2017,0,
16-09-2017,0,
17-09-2017,2.2,
18-09-2017,0,
19-09-2017,0,
20-09-2017,0,
21-09-2017,0,
22-09-2017,0,
23-09-2017,0,
24-09-2017,0.6,
25-09-2017,0,
26-09-2017,0,
27-09-2017,0,
28-09-2017,0,
29-09-2017,0,
30-09-2017,0.2,
01-10-2017,0,
02-10-2017,0,
03-10-2017,0,
04-10-2017,0,
05-10-2017,0,
06-10-2017,0,
07-10-2017,0,
08-10-2017,0,
09-10-2017,0,
10-10-2017,0,
11-10-2017,0,
12-10-2017,0,
13-10-2017,0,
14-10-2017,0,
15-10-2017,0,
16-10-2017,9,
17-10-2017,1.8,
18-10-2017,2.2,
19-10-2017,0.2,
20-10-2017,1.8,
21-10-2017,0,
22-10-2017,0,
23-10-2017,0,
24-10-2017,0,
25-10-2017,0,
26-10-2017,0,
27-10-2017,0,
28-10-2017,0,
29-10-2017,0,
30-10-2017,0,
31-10-2017,0,
01-11-2017,0,
02-11-2017,2.8,
03-11-2017,3.2,
04-11-2017,0.6,
05-11-2017,0.8,
06-11-2017,0,
07-11-2017,0.8,
08-11-2017,1.6,
09-11-2017,2.8,
10-11-2017,0,
11-11-2017,0,
12-11-2017,3.8,
13-11-2017,0.2,
14-11-2017,0,
15-11-2017,0,
16-11-2017,0,
17-11-2017,0.2,
18-11-2017,0.2,
19-11-2017,0,
20-11-2017,0,
21-11-2017,0,
22-11-2017,12.4,
23-11-2017,5.6,
24-11-2017,21.2,
25-11-2017,0.2,
26-11-2017,0,
27-11-2017,0,
28-11-2017,0,
29-11-2017,2,
30-11-2017,1.2,
01-12-2017,1.2,
02-12-2017,0.4,
03-12-2017,0,
04-12-2017,0.2,
05-12-2017,0.2,
06-12-2017,0.6,
07-12-2017,10,
08-12-2017,5.6,
09-12-2017,9.2,
10-12-2017,68.4,
11-12-2017,9.8,
12-12-2017,1,
13-12-2017,13.2,
14-12-2017,2.4,
15-12-2017,0.6,
16-12-2017,0.6,
17-12-2017,0,
18-12-2017,2,
19-12-2017,0.2,
20-12-2017,0.2,
21-12-2017,0.2,
22-12-2017,0.2,
23-12-2017,0,
24-12-2017,0,
25-12-2017,6.2,
26-12-2017,17.8,
27-12-2017,10,
28-12-2017,5.4,
29-12-2017,1.2,
30-12-2017,0,
31-12-2017,15.8,
01-01-2017,0.4,
02-01-2017,0.2,
03-01-2017,0.8,
04-01-2017,0.6,
05-01-2017,0.2,
06-01-2017,0.2,
07-01-2017,0.2,
08-01-2017,0,
09-01-2017,0.6,
10-01-2017,1.4,
11-01-2017,0.2,
12-01-2017,1.8,
13-01-2017,1.4,
14-01-2017,1,
15-01-2017,0.8,
16-01-2017,2,
17-01-2017,0,
18-01-2017,0,
19-01-2017,0,
20-01-2017,0,
21-01-2017,0,
22-01-2017,0.2,
23-01-2017,0.2,
24-01-2017,0,
25-01-2017,0.4,
26-01-2017,1.4,
27-01-2017,3.8,
28-01-2017,0.2,
29-01-2017,2.2,
30-01-2017,2.8,
31-01-2017,9,
01-02-2017,8.2,
02-02-2017,26.2,
03-02-2017,25.6,
04-02-2017,53.2,
05-02-2017,0.4,
06-02-2017,11.8,
07-02-2017,3,
08-02-2017,0,
09-02-2017,0.2,
10-02-2017,0,
11-02-2017,0,
12-02-2017,2.2,
13-02-2017,4.2,
14-02-2017,3.6,
15-02-2017,0.2,
16-02-2017,0,
17-02-2017,2.8,
18-02-2017,4,
19-02-2017,0,
20-02-2017,0,
21-02-2017,0,
22-02-2017,0,
23-02-2017,0,
24-02-2017,0,
25-02-2017,0.2,
26-02-2017,0,
27-02-2017,6.8,
28-02-2017,3.2,
01-03-2017,1.8,
02-03-2017,2.2,
03-03-2017,7.4,
04-03-2017,5.4,
05-03-2017,4.4,
06-03-2017,0.6,
07-03-2017,0.2,
08-03-2017,0.2,
09-03-2017,0,
10-03-2017,0,
11-03-2017,1.8,
12-03-2017,5.4,
13-03-2017,0.2,
14-03-2017,0,
15-03-2017,0,
16-03-2017,0,
17-03-2017,0,
18-03-2017,0,
19-03-2017,0,
20-03-2017,6,
21-03-2017,13,
22-03-2017,8,
23-03-2017,10.8,
24-03-2017,0,
25-03-2017,2.2,
26-03-2017,4.2,
27-03-2017,0,
28-03-2017,0,
29-03-2017,0,
30-03-2017,3.8,
31-03-2017,13.4,
01-04-2017,1,
02-04-2017,0,
03-04-2017,0,
04-04-2017,0,
05-04-2017,0,
06-04-2017,0,
07-04-2017,0,
08-04-2017,0,
09-04-2017,0,
10-04-2017,0,
11-04-2017,0,
12-04-2017,0,
13-04-2017,0,
14-04-2017,0,
15-04-2017,0,
16-04-2017,0,
17-04-2017,0,
18-04-2017,0,
19-04-2017,0,
20-04-2017,0,
21-04-2017,0,
22-04-2017,0,
23-04-2017,0,
24-04-2017,0,
25-04-2017,1.6,
26-04-2017,0,
27-04-2017,0,
28-04-2017,0,
29-04-2017,6.6,
30-04-2017,2.6,
01-05-2017,0,
02-05-2017,0,
03-05-2017,0,
04-05-2017,3.6,
05-05-2017,4,
06-05-2017,0,
07-05-2017,0,
08-05-2017,0,
09-05-2017,21,
10-05-2017,5.2,
11-05-2017,29.2,
12-05-2017,2.2,
13-05-2017,4.6,
14-05-2017,0,
15-05-2017,0,
16-05-2017,0,
17-05-2017,0.6,
18-05-2017,0,
19-05-2017,0,
20-05-2017,0,
21-05-2017,0,
22-05-2017,0,
23-05-2017,0,
24-05-2017,0,
25-05-2017,2.4,
26-05-2017,18.4,
27-05-2017,0.4,
28-05-2017,17.4,
29-05-2017,13.8,
30-05-2017,0,
31-05-2017,0,
01-06-2017,0,
02-06-2017,0.6,
03-06-2017,0.4,
04-06-2017,0,
05-06-2017,4,
06-06-2017,0,
07-06-2017,0,
08-06-2017,0,
09-06-2017,0,
10-06-2017,0,
11-06-2017,0,
12-06-2017,0,
13-06-2017,4.2,
14-06-2017,0,
15-06-2017,0,
16-06-2017,0,
17-06-2017,0,
18-06-2017,0,
19-06-2017,0,
20-06-2017,0,
21-06-2017,0,
22-06-2017,0,
23-06-2017,0,
24-06-2017,0,
25-06-2017,0,
26-06-2017,2,
27-06-2017,4,
28-06-2017,6.2,
29-06-2017,5.8,
30-06-2017,4.4,
01-07-2017,0,
02-07-2017,0,
03-07-2017,0,
04-07-2017,0,
05-07-2017,0,
06-07-2017,1.8,
07-07-2017,0,
08-07-2017,0,
09-07-2017,1.2,
10-07-2017,0.2,
11-07-2017,0,
12-07-2017,0,
13-07-2017,0,
14-07-2017,0,
15-07-2017,0,
16-07-2017,0,
17-07-2017,0,
18-07-2017,0,
19-07-2017,0.2,
20-07-2017,0,
21-07-2017,0,
22-07-2017,2.4,
23-07-2017,0,
24-07-2017,0,
25-07-2017,0,
26-07-2017,0,
27-07-2017,0,
28-07-2017,0,
29-07-2017,0,
30-07-2017,0,
31-07-2017,0,
01-08-2017,0,
02-08-2017,0,
03-08-2017,0,
04-08-2017,0,
05-08-2017,0,
06-08-2017,0,
07-08-2017,1.2,
08-08-2017,0,
09-08-2017,0,
10-08-2017,0,
11-08-2017,0,
12-08-2017,0,
13-08-2017,0,
14-08-2017,0,
15-08-2017,0,
16-08-2017,0,
17-08-2017,0.2,
18-08-2017,0,
19-08-2017,0,
20-08-2017,0,
21-08-2017,0,
22-08-2017,0,
23-08-2017,0,
24-08-2017,0,
25-08-2017,0,
26-08-2017,1.4,
27-08-2017,15.8,
28-08-2017,8.6,
29-08-2017,3.2,
30-08-2017,3,
31-08-2017,0,
01-09-2017,0,
02-09-2017,0,
03-09-2017,0.8,
04-09-2017,0.2,
05-09-2017,0,
06-09-2017,0,
07-09-2017,0,
08-09-2017,1.6,
09-09-2017,0,
10-09-2017,0,
11-09-2017,1,
12-09-2017,0.8,
13-09-2017,1.4,
14-09-2017,0.2,
15-09-2017,0,
16-09-2017,0,
17-09-2017,2.2,
18-09-2017,0,
19-09-2017,0,
20-09-2017,0,
21-09-2017,0,
22-09-2017,0,
23-09-2017,0,
24-09-2017,0.6,
25-09-2017,0,
26-09-2017,0,
27-09-2017,0,
28-09-2017,0,
29-09-2017,0,
30-09-2017,0.2,
01-10-2017,0,
02-10-2017,0,
03-10-2017,0,
04-10-2017,0,
05-10-2017,0,
06-10-2017,0,
07-10-2017,0,
08-10-2017,0,
09-10-2017,0,
10-10-2017,0,
11-10-2017,0,
12-10-2017,0,
13-10-2017,0,
14-10-2017,0,
15-10-2017,0,
16-10-2017,9,
17-10-2017,1.8,
18-10-2017,2.2,
19-10-2017,0.2,
20-10-2017,1.8,
21-10-2017,0,
22-10-2017,0,
23-10-2017,0,
24-10-2017,0,
25-10-2017,0,
26-10-2017,0,
27-10-2017,0,
28-10-2017,0,
29-10-2017,0,
30-10-2017,0,
31-10-2017,0,
01-11-2017,0,
02-11-2017,2.8,
03-11-2017,3.2,
04-11-2017,0.6,
05-11-2017,0.8,
06-11-2017,0,
07-11-2017,0.8,
08-11-2017,1.6,
09-11-2017,2.8,
10-11-2017,0,
11-11-2017,0,
12-11-2017,3.8,
13-11-2017,0.2,
14-11-2017,0,
15-11-2017,0,
16-11-2017,0,
17-11-2017,0.2,
18-11-2017,0.2,
19-11-2017,0,
20-11-2017,0,
21-11-2017,0,
22-11-2017,12.4,
23-11-2017,5.6,
24-11-2017,21.2,
25-11-2017,0.2,
26-11-2017,0,
27-11-2017,0,
28-11-2017,0,
29-11-2017,2,
30-11-2017,1.2,
01-12-2017,1.2,
02-12-2017,0.4,
03-12-2017,0,
04-12-2017,0.2,
05-12-2017,0.2,
06-12-2017,0.6,
07-12-2017,10,
08-12-2017,5.6,
09-12-2017,9.2,
10-12-2017,68.4,
11-12-2017,9.8,
12-12-2017,1,
13-12-2017,13.2,
14-12-2017,2.4,
15-12-2017,0.6,
16-12-2017,0.6,
17-12-2017,0,
18-12-2017,2,
19-12-2017,0.2,
20-12-2017,0.2,
21-12-2017,0.2,
22-12-2017,0.2,
23-12-2017,0,
24-12-2017,0,
25-12-2017,6.2,
26-12-2017,17.8,
27-12-2017,10,
28-12-2017,5.4,
29-12-2017,1.2,
30-12-2017,0,
31-12-2017,15.8,
01-01-2018,2.6,
02-01-2018,2.6,
03-01-2018,2,
04-01-2018,15.4,
05-01-2018,3.2,
06-01-2018,3,
07-01-2018,6.6,
08-01-2018,0.6,
09-01-2018,4.6,
10-01-2018,19.8,
11-01-2018,1,
12-01-2018,6.2,
13-01-2018,2.6,
14-01-2018,0,
15-01-2018,2,
16-01-2018,0.4,
17-01-2018,0,
18-01-2018,0.6,
19-01-2018,0,
20-01-2018,1,
21-01-2018,0.2,
22-01-2018,0.4,
23-01-2018,0,
24-01-2018,10.8,
25-01-2018,8.8,
26-01-2018,4.4,
27-01-2018,2.2,
28-01-2018,0,
29-01-2018,0.2,
30-01-2018,0.2,
31-01-2018,2,
01-02-2018,11.4,
02-02-2018,4,
03-02-2018,8.8,
04-02-2018,12.4,
05-02-2018,2.6,
06-02-2018,4.6,
07-02-2018,8.8,
08-02-2018,5,
09-02-2018,2.2,
10-02-2018,1,
11-02-2018,6.6,
12-02-2018,6.6,
13-02-2018,19.4,
14-02-2018,1,
15-02-2018,6.8,
16-02-2018,0,
17-02-2018,0,
18-02-2018,0,
19-02-2018,0,
20-02-2018,0,
21-02-2018,0,
22-02-2018,0,
23-02-2018,0,
24-02-2018,0,
25-02-2018,0,
26-02-2018,0,
27-02-2018,0,
28-02-2018,0,
01-03-2018,0,
02-03-2018,0,
03-03-2018,0,
04-03-2018,0,
05-03-2018,0,
06-03-2018,0,
07-03-2018,0,
08-03-2018,0,
09-03-2018,0,
10-03-2018,0,
11-03-2018,0,
12-03-2018,0,
13-03-2018,0,
14-03-2018,0,
15-03-2018,0,
16-03-2018,0,
17-03-2018,0,
18-03-2018,0,
19-03-2018,0,
20-03-2018,2.2,
21-03-2018,0,
22-03-2018,1.8,
23-03-2018,24.2,
24-03-2018,11.2,
25-03-2018,0.4,
26-03-2018,0,
27-03-2018,0,
28-03-2018,2.6,
29-03-2018,13.6,
30-03-2018,37.4,
31-03-2018,1,
01-04-2018,2.4,
02-04-2018,19.8,
03-04-2018,11.6,
04-04-2018,2,
05-04-2018,0,
06-04-2018,12,
07-04-2018,12.4,
08-04-2018,1.2,
09-04-2018,8.2,
10-04-2018,8.8,
11-04-2018,2.8,
12-04-2018,1.8,
13-04-2018,3.4,
14-04-2018,0.4,
15-04-2018,0.2,
16-04-2018,0,
17-04-2018,0,
18-04-2018,0,
19-04-2018,0.2,
20-04-2018,0,
21-04-2018,0,
22-04-2018,0,
23-04-2018,0,
24-04-2018,0,
25-04-2018,0,
26-04-2018,0,
27-04-2018,0,
28-04-2018,11.4,
29-04-2018,5.4,
30-04-2018,3,
01-05-2018,1.2,
02-05-2018,1.2,
03-05-2018,0,
04-05-2018,0,
05-05-2018,0,
06-05-2018,0,
07-05-2018,0,
08-05-2018,0,
09-05-2018,0,
10-05-2018,0,
11-05-2018,1.8,
12-05-2018,0.4,
13-05-2018,0.2,
14-05-2018,0.2,
15-05-2018,0,
16-05-2018,0,
17-05-2018,0,
18-05-2018,0,
19-05-2018,0,
20-05-2018,0,
21-05-2018,0.2,
22-05-2018,0,
23-05-2018,0,
24-05-2018,1.8,
25-05-2018,10,
26-05-2018,1.4,
27-05-2018,0,
28-05-2018,4.8,
29-05-2018,0.2,
30-05-2018,0,
31-05-2018,0.4,
01-06-2018,1.6,
02-06-2018,0,
03-06-2018,1,
04-06-2018,5.4,
05-06-2018,4.4,
06-06-2018,2,
07-06-2018,4.8,
08-06-2018,10.4,
09-06-2018,6.4,
10-06-2018,3.8,
11-06-2018,1.4,
12-06-2018,0,
13-06-2018,0,
14-06-2018,0,
15-06-2018,0,
16-06-2018,0,
17-06-2018,0,
18-06-2018,0,
19-06-2018,0,
20-06-2018,0,
21-06-2018,0,
22-06-2018,0,
23-06-2018,0,
24-06-2018,0,
25-06-2018,0,
26-06-2018,0,
27-06-2018,0,
28-06-2018,1,
29-06-2018,3,
30-06-2018,19.2,
01-07-2018,9,
02-07-2018,0.6,
03-07-2018,6.6,
04-07-2018,1.4,
05-07-2018,0,
06-07-2018,0,
07-07-2018,0,
08-07-2018,0,
09-07-2018,0,
10-07-2018,0,
11-07-2018,0,
12-07-2018,0,
13-07-2018,0,
14-07-2018,0,
15-07-2018,0.8,
16-07-2018,0,
17-07-2018,0,
18-07-2018,0,
19-07-2018,0,
20-07-2018,0,
21-07-2018,0,
22-07-2018,0,
23-07-2018,0,
24-07-2018,0,
25-07-2018,0,
26-07-2018,0,
27-07-2018,0,
28-07-2018,0,
29-07-2018,0,
30-07-2018,0.2,
31-07-2018,0,
01-08-2018,0,
02-08-2018,0,
03-08-2018,0,
04-08-2018,0,
05-08-2018,0,
06-08-2018,0,
07-08-2018,0,
08-08-2018,5,
09-08-2018,0,
10-08-2018,0.2,
11-08-2018,0,
12-08-2018,0,
13-08-2018,0,
14-08-2018,0,
15-08-2018,0,
16-08-2018,0.2,
17-08-2018,0.2,
18-08-2018,0,
19-08-2018,0,
20-08-2018,0,
21-08-2018,0,
22-08-2018,0,
23-08-2018,0,
24-08-2018,0,
25-08-2018,0,
26-08-2018,0,
27-08-2018,3.2,
28-08-2018,0,
29-08-2018,0,
30-08-2018,0,
03-09-2018,0,
04-09-2018,8.2,
05-09-2018,0,
06-09-2018,0.2,
07-09-2018,0,
08-09-2018,17.4,
09-09-2018,0,
10-09-2018,0,
12-09-2018,0,
14-09-2018,0,
15-09-2018,0,
16-09-2018,0,
17-09-2018,0,
18-09-2018,0,
19-09-2018,0,
20-09-2018,0,
21-09-2018,0,
22-09-2018,0,
23-09-2018,0,
24-09-2018,0,
25-09-2018,0,
26-09-2018,0,
27-09-2018,4.2,
28-09-2018,0,
29-09-2018,0,
30-09-2018,0,
01-10-2018,0,
02-10-2018,0,
03-10-2018,0,
04-10-2018,0,
05-10-2018,0,
06-10-2018,0.6,
07-10-2018,0.2,
08-10-2018,0,
09-10-2018,0,
10-10-2018,22.6,
11-10-2018,0.2,
12-10-2018,0,
16-10-2018,0,
17-10-2018,6.8,
18-10-2018,0,
19-10-2018,0,
20-10-2018,0,
21-10-2018,0,
22-10-2018,0,
23-10-2018,0,
24-10-2018,0,
25-10-2018,0,
26-10-2018,0.2,
27-10-2018,22,
28-10-2018,23.4,
29-10-2018,9,
30-10-2018,6.4,
31-10-2018,0.2,
01-11-2018,2.6,
02-11-2018,0.2,
03-11-2018,0.4,
04-11-2018,11,
05-11-2018,15.6,
06-11-2018,19.4,
07-11-2018,1.6,
08-11-2018,4,
09-11-2018,24.8,
10-11-2018,18.6,
11-11-2018,1.2,
12-11-2018,0,
13-11-2018,0.2,
14-11-2018,0,
15-11-2018,7,
16-11-2018,0,
17-11-2018,0,
18-11-2018,3.8,
19-11-2018,7.8,
20-11-2018,1.4,
21-11-2018,3.2,
22-11-2018,1,
23-11-2018,2.2,
24-11-2018,17,
25-11-2018,9.6,
26-11-2018,0,
27-11-2018,0,
28-11-2018,4.4,
29-11-2018,1.8,
30-11-2018,0.4,
01-12-2018,0,
02-12-2018,3.2,
03-12-2018,16,
04-12-2018,0,
05-12-2018,0,
06-12-2018,0,
07-12-2018,1.4,
08-12-2018,0,
09-12-2018,0.2,
10-12-2018,0,
11-12-2018,0.6,
12-12-2018,13,
13-12-2018,9.6,
14-12-2018,2.2,
15-12-2018,18.2,
16-12-2018,5.8,
17-12-2018,0,
18-12-2018,16.8,
19-12-2018,1.2,
20-12-2018,0.4,
21-12-2018,0.6,
22-12-2018,0,
23-12-2018,0,
24-12-2018,0,
25-12-2018,0,
26-12-2018,0.2,
27-12-2018,0.4,
28-12-2018,0,
29-12-2018,0,
30-12-2018,0.2,
31-12-2018,0.2,
01-01-2018,2.6,
02-01-2018,2.6,
03-01-2018,2,
04-01-2018,15.4,
05-01-2018,3.2,
06-01-2018,3,
07-01-2018,6.6,
08-01-2018,0.6,
09-01-2018,4.6,
10-01-2018,19.8,
11-01-2018,1,
12-01-2018,6.2,
13-01-2018,2.6,
14-01-2018,0,
15-01-2018,2,
16-01-2018,0.4,
17-01-2018,0,
18-01-2018,0.6,
19-01-2018,0,
20-01-2018,1,
21-01-2018,0.2,
22-01-2018,0.4,
23-01-2018,0,
24-01-2018,10.8,
25-01-2018,8.8,
26-01-2018,4.4,
27-01-2018,2.2,
28-01-2018,0,
29-01-2018,0.2,
30-01-2018,0.2,
31-01-2018,2,
01-02-2018,11.4,
02-02-2018,4,
03-02-2018,8.8,
04-02-2018,12.4,
05-02-2018,2.6,
06-02-2018,4.6,
07-02-2018,8.8,
08-02-2018,5,
09-02-2018,2.2,
10-02-2018,1,
11-02-2018,6.6,
12-02-2018,6.6,
13-02-2018,19.4,
14-02-2018,1,
15-02-2018,6.8,
16-02-2018,0,
17-02-2018,0,
18-02-2018,0,
19-02-2018,0,
20-02-2018,0,
21-02-2018,0,
22-02-2018,0,
23-02-2018,0,
24-02-2018,0,
25-02-2018,0,
26-02-2018,0,
27-02-2018,0,
28-02-2018,0,
01-03-2018,0,
02-03-2018,0,
03-03-2018,0,
04-03-2018,0,
05-03-2018,0,
06-03-2018,0,
07-03-2018,0,
08-03-2018,0,
09-03-2018,0,
10-03-2018,0,
11-03-2018,0,
12-03-2018,0,
13-03-2018,0,
14-03-2018,0,
15-03-2018,0,
16-03-2018,0,
17-03-2018,0,
18-03-2018,0,
19-03-2018,0,
20-03-2018,2.2,
21-03-2018,0,
22-03-2018,1.8,
23-03-2018,24.2,
24-03-2018,11.2,
25-03-2018,0.4,
26-03-2018,0,
27-03-2018,0,
28-03-2018,2.6,
29-03-2018,13.6,
30-03-2018,37.4,
31-03-2018,1,
01-04-2018,2.4,
02-04-2018,19.8,
03-04-2018,11.6,
04-04-2018,2,
05-04-2018,0,
06-04-2018,12,
07-04-2018,12.4,
08-04-2018,1.2,
09-04-2018,8.2,
10-04-2018,8.8,
11-04-2018,2.8,
12-04-2018,1.8,
13-04-2018,3.4,
14-04-2018,0.4,
15-04-2018,0.2,
16-04-2018,0,
17-04-2018,0,
18-04-2018,0,
19-04-2018,0.2,
20-04-2018,0,
21-04-2018,0,
22-04-2018,0,
23-04-2018,0,
24-04-2018,0,
25-04-2018,0,
26-04-2018,0,
27-04-2018,0,
28-04-2018,11.4,
29-04-2018,5.4,
30-04-2018,3,
01-05-2018,1.2,
02-05-2018,1.2,
03-05-2018,0,
04-05-2018,0,
05-05-2018,0,
06-05-2018,0,
07-05-2018,0,
08-05-2018,0,
09-05-2018,0,
10-05-2018,0,
11-05-2018,1.8,
12-05-2018,0.4,
13-05-2018,0.2,
14-05-2018,0.2,
15-05-2018,0,
16-05-2018,0,
17-05-2018,0,
18-05-2018,0,
19-05-2018,0,
20-05-2018,0,
21-05-2018,0.2,
22-05-2018,0,
23-05-2018,0,
24-05-2018,1.8,
25-05-2018,10,
26-05-2018,1.4,
27-05-2018,0,
28-05-2018,4.8,
29-05-2018,0.2,
30-05-2018,0,
31-05-2018,0.4,
01-06-2018,1.6,
02-06-2018,0,
03-06-2018,1,
04-06-2018,5.4,
05-06-2018,4.4,
06-06-2018,2,
07-06-2018,4.8,
08-06-2018,10.4,
09-06-2018,6.4,
10-06-2018,3.8,
11-06-2018,1.4,
12-06-2018,0,
13-06-2018,0,
14-06-2018,0,
15-06-2018,0,
16-06-2018,0,
17-06-2018,0,
18-06-2018,0,
19-06-2018,0,
20-06-2018,0,
21-06-2018,0,
22-06-2018,0,
23-06-2018,0,
24-06-2018,0,
25-06-2018,0,
26-06-2018,0,
27-06-2018,0,
28-06-2018,1,
29-06-2018,3,
30-06-2018,19.2,
01-07-2018,9,
02-07-2018,0.6,
03-07-2018,6.6,
04-07-2018,1.4,
05-07-2018,0,
06-07-2018,0,
07-07-2018,0,
08-07-2018,0,
09-07-2018,0,
10-07-2018,0,
11-07-2018,0,
12-07-2018,0,
13-07-2018,0,
14-07-2018,0,
15-07-2018,0.8,
16-07-2018,0,
17-07-2018,0,
18-07-2018,0,
19-07-2018,0,
20-07-2018,0,
21-07-2018,0,
22-07-2018,0,
23-07-2018,0,
24-07-2018,0,
25-07-2018,0,
26-07-2018,0,
27-07-2018,0,
28-07-2018,0,
29-07-2018,0,
30-07-2018,0.2,
31-07-2018,0,
01-08-2018,0,
02-08-2018,0,
03-08-2018,0,
04-08-2018,0,
05-08-2018,0,
06-08-2018,0,
07-08-2018,0,
08-08-2018,5,
09-08-2018,0,
10-08-2018,0.2,
11-08-2018,0,
12-08-2018,0,
13-08-2018,0,
14-08-2018,0,
15-08-2018,0,
16-08-2018,0.2,
17-08-2018,0.2,
18-08-2018,0,
19-08-2018,0,
20-08-2018,0,
21-08-2018,0,
22-08-2018,0,
23-08-2018,0,
24-08-2018,0,
25-08-2018,0,
26-08-2018,0,
27-08-2018,3.2,
28-08-2018,0,
29-08-2018,0,
30-08-2018,0,
03-09-2018,0,
04-09-2018,8.2,
05-09-2018,0,
06-09-2018,0.2,
07-09-2018,0,
08-09-2018,17.4,
09-09-2018,0,
10-09-2018,0,
12-09-2018,0,
14-09-2018,0,
15-09-2018,0,
16-09-2018,0,
17-09-2018,0,
18-09-2018,0,
19-09-2018,0,
20-09-2018,0,
21-09-2018,0,
22-09-2018,0,
23-09-2018,0,
24-09-2018,0,
25-09-2018,0,
26-09-2018,0,
27-09-2018,4.2,
28-09-2018,0,
29-09-2018,0,
30-09-2018,0,
01-10-2018,0,
02-10-2018,0,
03-10-2018,0,
04-10-2018,0,
05-10-2018,0,
06-10-2018,0.6,
07-10-2018,0.2,
08-10-2018,0,
09-10-2018,0,
10-10-2018,22.6,
11-10-2018,0.2,
12-10-2018,0,
16-10-2018,0,
17-10-2018,6.8,
18-10-2018,0,
19-10-2018,0,
20-10-2018,0,
21-10-2018,0,
22-10-2018,0,
23-10-2018,0,
24-10-2018,0,
25-10-2018,0,
26-10-2018,0.2,
27-10-2018,22,
28-10-2018,23.4,
29-10-2018,9,
30-10-2018,6.4,
31-10-2018,0.2,
01-11-2018,2.6,
02-11-2018,0.2,
03-11-2018,0.4,
04-11-2018,11,
05-11-2018,15.6,
06-11-2018,19.4,
07-11-2018,1.6,
08-11-2018,4,
09-11-2018,24.8,
10-11-2018,18.6,
11-11-2018,1.2,
12-11-2018,0,
13-11-2018,0.2,
14-11-2018,0,
15-11-2018,7,
16-11-2018,0,
17-11-2018,0,
18-11-2018,3.8,
19-11-2018,7.8,
20-11-2018,1.4,
21-11-2018,3.2,
22-11-2018,1,
23-11-2018,2.2,
24-11-2018,17,
25-11-2018,9.6,
26-11-2018,0,
27-11-2018,0,
28-11-2018,4.4,
29-11-2018,1.8,
30-11-2018,0.4,
01-12-2018,0,
02-12-2018,3.2,
03-12-2018,16,
04-12-2018,0,
05-12-2018,0,
06-12-2018,0,
07-12-2018,1.4,
08-12-2018,0,
09-12-2018,0.2,
10-12-2018,0,
11-12-2018,0.6,
12-12-2018,13,
13-12-2018,9.6,
14-12-2018,2.2,
15-12-2018,18.2,
16-12-2018,5.8,
17-12-2018,0,
18-12-2018,16.8,
19-12-2018,1.2,
20-12-2018,0.4,
21-12-2018,0.6,
22-12-2018,0,
23-12-2018,0,
24-12-2018,0,
25-12-2018,0,
26-12-2018,0.2,
27-12-2018,0.4,
28-12-2018,0,
29-12-2018,0,
30-12-2018,0.2,
31-12-2018,0.2,
01-01-2019,0,
02-01-2019,0,
03-01-2019,0.2,
04-01-2019,0.2,
05-01-2019,0,
06-01-2019,0,
07-01-2019,0.2,
08-01-2019,0,
09-01-2019,0,
10-01-2019,0.2,
11-01-2019,0,
12-01-2019,0,
13-01-2019,0,
14-01-2019,0,
15-01-2019,0,
16-01-2019,2,
17-01-2019,2,
18-01-2019,3.6,
19-01-2019,15.2,
20-01-2019,3.4,
21-01-2019,0.8,
22-01-2019,18.6,
23-01-2019,3,
24-01-2019,1.4,
25-01-2019,0,
26-01-2019,1.8,
27-01-2019,3.8,
28-01-2019,2.8,
29-01-2019,6.4,
30-01-2019,17.4,
31-01-2019,11.8,
01-02-2019,17.2,
02-02-2019,4.8,
03-02-2019,0,
04-02-2019,0,
05-02-2019,0,
06-02-2019,0.8,
07-02-2019,0.2,
08-02-2019,0,
09-02-2019,14.2,
10-02-2019,2.4,
11-02-2019,0,
12-02-2019,0,
13-02-2019,0,
14-02-2019,0,
15-02-2019,0,
16-02-2019,0,
17-02-2019,8.2,
18-02-2019,4.4,
19-02-2019,0,
20-02-2019,0.2,
21-02-2019,0,
22-02-2019,0,
23-02-2019,0,
24-02-2019,0,
25-02-2019,0,
26-02-2019,0,
27-02-2019,0,
28-02-2019,0,
01-03-2019,0,
02-03-2019,0,
03-03-2019,6,
04-03-2019,0,
05-03-2019,48.8,
06-03-2019,14.4,
07-03-2019,3.6,
08-03-2019,0,
09-03-2019,0.2,
10-03-2019,0.2,
11-03-2019,0,
12-03-2019,5.6,
13-03-2019,1,
14-03-2019,0,
15-03-2019,0,
16-03-2019,1.8,
17-03-2019,0.6,
18-03-2019,0,
19-03-2019,0,
20-03-2019,0,
21-03-2019,0,
22-03-2019,0,
23-03-2019,0,
24-03-2019,0,
25-03-2019,0,
26-03-2019,0,
27-03-2019,0,
28-03-2019,0,
29-03-2019,0,
30-03-2019,0,
31-03-2019,0.8,
01-04-2019,0,
02-04-2019,0.6,
03-04-2019,4.4,
04-04-2019,11.4,
05-04-2019,9.2,
06-04-2019,5.4,
07-04-2019,16.6,
08-04-2019,11.2,
09-04-2019,10.2,
10-04-2019,4.8,
11-04-2019,0,
12-04-2019,0,
13-04-2019,0,
14-04-2019,3.6,
15-04-2019,2,
16-04-2019,0,
17-04-2019,8,
18-04-2019,0,
19-04-2019,0,
20-04-2019,0,
21-04-2019,0,
22-04-2019,5.4,
23-04-2019,5,
24-04-2019,21.6,
25-04-2019,0,
26-04-2019,0.4,
27-04-2019,0,
28-04-2019,0,
30-04-2019,0,
01-05-2019,0,
02-05-2019,0,
03-05-2019,0,
04-05-2019,0,
05-05-2019,0,
08-05-2019,1.2,
09-05-2019,9.4,
10-05-2019,0,
11-05-2019,0,
12-05-2019,0,
13-05-2019,0.2,
14-05-2019,0,
15-05-2019,0,
16-05-2019,0,
17-05-2019,0,
18-05-2019,0,
19-05-2019,0,
20-05-2019,0,
21-05-2019,0,
22-05-2019,0,
23-05-2019,0,
24-05-2019,0,
25-05-2019,0,
26-05-2019,0,
27-05-2019,0,
28-05-2019,0,
29-05-2019,0,
30-05-2019,0,
31-05-2019,0,
01-06-2019,0,
02-06-2019,0,
03-06-2019,0,
04-06-2019,0,
05-06-2019,0,
06-06-2019,0,
07-06-2019,0,
08-06-2019,0,
09-06-2019,0,
10-06-2019,0,
11-06-2019,0.2,
12-06-2019,0,
13-06-2019,0,
14-06-2019,0,
15-06-2019,0,
16-06-2019,0,
17-06-2019,0.8,
18-06-2019,3.6,
19-06-2019,0.4,
20-06-2019,0,
21-06-2019,0,
22-06-2019,8.1,
23-06-2019,1,
24-06-2019,0.6,
25-06-2019,3.8,
26-06-2019,0,
27-06-2019,0,
28-06-2019,0,
29-06-2019,0,
30-06-2019,0,
01-07-2019,0,
02-07-2019,0,
03-07-2019,0,
04-07-2019,13.8,
05-07-2019,0,
06-07-2019,0,
07-07-2019,0,
08-07-2019,0,
09-07-2019,0,
10-07-2019,0,
11-07-2019,0,
12-07-2019,0,
13-07-2019,6.4,
14-07-2019,0,
15-07-2019,0,
16-07-2019,0,
17-07-2019,0,
18-07-2019,0,
19-07-2019,0,
20-07-2019,0,
21-07-2019,0,
22-07-2019,0,
23-07-2019,0,
24-07-2019,0,
25-07-2019,0.6,
26-07-2019,4,
27-07-2019,4.8,
28-07-2019,0.6,
29-07-2019,0.2,
30-07-2019,0,
31-07-2019,0,
01-08-2019,0,
02-08-2019,0,
03-08-2019,0,
04-08-2019,0,
05-08-2019,0,
06-08-2019,0.8,
07-08-2019,4.8,
08-08-2019,6,
09-08-2019,1,
10-08-2019,0,
11-08-2019,3.4,
12-08-2019,0,
13-08-2019,0,
14-08-2019,0,
15-08-2019,0,
16-08-2019,0,
17-08-2019,3.4,
18-08-2019,1.6,
19-08-2019,0,
20-08-2019,0,
21-08-2019,0,
22-08-2019,0,
23-08-2019,0,
24-08-2019,2.2,
25-08-2019,0.6,
26-08-2019,0,
27-08-2019,0,
28-08-2019,0,
29-08-2019,0,
30-08-2019,0,
31-08-2019,0,
01-09-2019,0,
02-09-2019,0,
03-09-2019,0,
04-09-2019,0,
05-09-2019,0,
06-09-2019,0,
07-09-2019,0,
08-09-2019,0,
09-09-2019,0.2,
10-09-2019,0,
11-09-2019,0,
12-09-2019,0,
13-09-2019,0,
14-09-2019,0,
15-09-2019,0,
16-09-2019,0,
17-09-2019,2.6,
18-09-2019,0,
19-09-2019,0,
20-09-2019,0.2,
21-09-2019,8.6,
22-09-2019,1.2,
23-09-2019,7.4,
24-09-2019,0.2,
25-09-2019,0,
26-09-2019,0,
27-09-2019,0.2,
28-09-2019,0,
29-09-2019,0.2,
30-09-2019,0,
01-10-2019,0,
02-10-2019,0.2,
03-10-2019,0.8,
04-10-2019,0,
05-10-2019,0.2,
06-10-2019,0.2,
07-10-2019,0,
08-10-2019,1,
09-10-2019,0.2,
10-10-2019,0,
11-10-2019,0,
12-10-2019,1,
13-10-2019,46.4,
14-10-2019,7.6,
15-10-2019,1.2,
16-10-2019,23.8,
17-10-2019,0,
18-10-2019,12.2,
19-10-2019,22.6,
20-10-2019,7,
21-10-2019,0,
22-10-2019,0,
23-10-2019,0,
24-10-2019,4.6,
25-10-2019,0,
26-10-2019,0,
27-10-2019,0,
28-10-2019,2.2,
29-10-2019,1.4,
30-10-2019,9.2,
31-10-2019,1.8,
01-11-2019,21.4,
02-11-2019,5.6,
03-11-2019,6.8,
04-11-2019,23.6,
05-11-2019,4.6,
06-11-2019,5,
07-11-2019,26,
08-11-2019,4.2,
09-11-2019,4,
10-11-2019,10.2,
11-11-2019,0,
12-11-2019,0,
13-11-2019,10.2,
14-11-2019,23.2,
15-11-2019,19.6,
16-11-2019,0,
17-11-2019,0,
18-11-2019,0,
19-11-2019,0,
20-11-2019,0,
21-11-2019,0,
22-11-2019,5.2,
23-11-2019,0,
24-11-2019,0,
25-11-2019,0,
26-11-2019,0,
27-11-2019,0,
28-11-2019,0,
29-11-2019,0,
30-11-2019,0,
01-12-2019,0,
02-12-2019,0,
03-12-2019,0,
04-12-2019,0,
05-12-2019,0,
06-12-2019,0,
07-12-2019,1.4,
08-12-2019,4.2,
09-12-2019,0,
10-12-2019,4.4,
11-12-2019,5.8,
12-12-2019,27.4,
13-12-2019,2.4,
14-12-2019,24.6,
15-12-2019,10.2,
16-12-2019,22,
17-12-2019,0.2,
18-12-2019,35.6,
19-12-2019,29.2,
20-12-2019,14,
21-12-2019,21.6,
22-12-2019,5.8,
23-12-2019,0.4,
24-12-2019,0.4,
25-12-2019,1.2,
26-12-2019,0,
27-12-2019,0.2,
28-12-2019,0,
29-12-2019,0,
30-12-2019,0,
31-12-2019,0.2,
01-01-2019,0,
02-01-2019,0,
03-01-2019,0.2,
04-01-2019,0.2,
05-01-2019,0,
06-01-2019,0,
07-01-2019,0.2,
08-01-2019,0,
09-01-2019,0,
10-01-2019,0.2,
11-01-2019,0,
12-01-2019,0,
13-01-2019,0,
14-01-2019,0,
15-01-2019,0,
16-01-2019,2,
17-01-2019,2,
18-01-2019,3.6,
19-01-2019,15.2,
20-01-2019,3.4,
21-01-2019,0.8,
22-01-2019,18.6,
23-01-2019,3,
24-01-2019,1.4,
25-01-2019,0,
26-01-2019,1.8,
27-01-2019,3.8,
28-01-2019,2.8,
29-01-2019,6.4,
30-01-2019,17.4,
31-01-2019,11.8,
01-02-2019,17.2,
02-02-2019,4.8,
03-02-2019,0,
04-02-2019,0,
05-02-2019,0,
06-02-2019,0.8,
07-02-2019,0.2,
08-02-2019,0,
09-02-2019,14.2,
10-02-2019,2.4,
11-02-2019,0,
12-02-2019,0,
13-02-2019,0,
14-02-2019,0,
15-02-2019,0,
16-02-2019,0,
17-02-2019,8.2,
18-02-2019,4.4,
19-02-2019,0,
20-02-2019,0.2,
21-02-2019,0,
22-02-2019,0,
23-02-2019,0,
24-02-2019,0,
25-02-2019,0,
26-02-2019,0,
27-02-2019,0,
28-02-2019,0,
01-03-2019,0,
02-03-2019,0,
03-03-2019,6,
04-03-2019,0,
05-03-2019,48.8,
06-03-2019,14.4,
07-03-2019,3.6,
08-03-2019,0,
09-03-2019,0.2,
10-03-2019,0.2,
11-03-2019,0,
12-03-2019,5.6,
13-03-2019,1,
14-03-2019,0,
15-03-2019,0,
16-03-2019,1.8,
17-03-2019,0.6,
18-03-2019,0,
19-03-2019,0,
20-03-2019,0,
21-03-2019,0,
22-03-2019,0,
23-03-2019,0,
24-03-2019,0,
25-03-2019,0,
26-03-2019,0,
27-03-2019,0,
28-03-2019,0,
29-03-2019,0,
30-03-2019,0,
31-03-2019,0.8,
01-04-2019,0,
02-04-2019,0.6,
03-04-2019,4.4,
04-04-2019,11.4,
05-04-2019,9.2,
06-04-2019,5.4,
07-04-2019,16.6,
08-04-2019,11.2,
09-04-2019,10.2,
10-04-2019,4.8,
11-04-2019,0,
12-04-2019,0,
13-04-2019,0,
14-04-2019,3.6,
15-04-2019,2,
16-04-2019,0,
17-04-2019,8,
18-04-2019,0,
19-04-2019,0,
20-04-2019,0,
21-04-2019,0,
22-04-2019,5.4,
23-04-2019,5,
24-04-2019,21.6,
25-04-2019,0,
26-04-2019,0.4,
27-04-2019,0,
28-04-2019,0,
30-04-2019,0,
01-05-2019,0,
02-05-2019,0,
03-05-2019,0,
04-05-2019,0,
05-05-2019,0,
08-05-2019,1.2,
09-05-2019,9.4,
10-05-2019,0,
11-05-2019,0,
12-05-2019,0,
13-05-2019,0.2,
14-05-2019,0,
15-05-2019,0,
16-05-2019,0,
17-05-2019,0,
18-05-2019,0,
19-05-2019,0,
20-05-2019,0,
21-05-2019,0,
22-05-2019,0,
23-05-2019,0,
24-05-2019,0,
25-05-2019,0,
26-05-2019,0,
27-05-2019,0,
28-05-2019,0,
29-05-2019,0,
30-05-2019,0,
31-05-2019,0,
01-06-2019,0,
02-06-2019,0,
03-06-2019,0,
04-06-2019,0,
05-06-2019,0,
06-06-2019,0,
07-06-2019,0,
08-06-2019,0,
09-06-2019,0,
10-06-2019,0,
11-06-2019,0.2,
12-06-2019,0,
13-06-2019,0,
14-06-2019,0,
15-06-2019,0,
16-06-2019,0,
17-06-2019,0.8,
18-06-2019,3.6,
19-06-2019,0.4,
20-06-2019,0,
21-06-2019,0,
22-06-2019,8.1,
23-06-2019,1,
24-06-2019,0.6,
25-06-2019,3.8,
26-06-2019,0,
27-06-2019,0,
28-06-2019,0,
29-06-2019,0,
30-06-2019,0,
01-07-2019,0,
02-07-2019,0,
03-07-2019,0,
04-07-2019,13.8,
05-07-2019,0,
06-07-2019,0,
07-07-2019,0,
08-07-2019,0,
09-07-2019,0,
10-07-2019,0,
11-07-2019,0,
12-07-2019,0,
13-07-2019,6.4,
14-07-2019,0,
15-07-2019,0,
16-07-2019,0,
17-07-2019,0,
18-07-2019,0,
19-07-2019,0,
20-07-2019,0,
21-07-2019,0,
22-07-2019,0,
23-07-2019,0,
24-07-2019,0,
25-07-2019,0.6,
26-07-2019,4,
27-07-2019,4.8,
28-07-2019,0.6,
29-07-2019,0.2,
30-07-2019,0,
31-07-2019,0,
01-08-2019,0,
02-08-2019,0,
03-08-2019,0,
04-08-2019,0,
05-08-2019,0,
06-08-2019,0.8,
07-08-2019,4.8,
08-08-2019,6,
09-08-2019,1,
10-08-2019,0,
11-08-2019,3.4,
12-08-2019,0,
13-08-2019,0,
14-08-2019,0,
15-08-2019,0,
16-08-2019,0,
17-08-2019,3.4,
18-08-2019,1.6,
19-08-2019,0,
20-08-2019,0,
21-08-2019,0,
22-08-2019,0,
23-08-2019,0,
24-08-2019,2.2,
25-08-2019,0.6,
26-08-2019,0,
27-08-2019,0,
28-08-2019,0,
29-08-2019,0,
30-08-2019,0,
31-08-2019,0,
01-09-2019,0,
02-09-2019,0,
03-09-2019,0,
04-09-2019,0,
05-09-2019,0,
06-09-2019,0,
07-09-2019,0,
08-09-2019,0,
09-09-2019,0.2,
10-09-2019,0,
11-09-2019,0,
12-09-2019,0,
13-09-2019,0,
14-09-2019,0,
15-09-2019,0,
16-09-2019,0,
17-09-2019,2.6,
18-09-2019,0,
19-09-2019,0,
20-09-2019,0.2,
21-09-2019,8.6,
22-09-2019,1.2,
23-09-2019,7.4,
24-09-2019,0.2,
25-09-2019,0,
26-09-2019,0,
27-09-2019,0.2,
28-09-2019,0,
29-09-2019,0.2,
30-09-2019,0,
01-10-2019,0,
02-10-2019,0.2,
03-10-2019,0.8,
04-10-2019,0,
05-10-2019,0.2,
06-10-2019,0.2,
07-10-2019,0,
08-10-2019,1,
09-10-2019,0.2,
10-10-2019,0,
11-10-2019,0,
12-10-2019,1,
13-10-2019,46.4,
14-10-2019,7.6,
15-10-2019,1.2,
16-10-2019,23.8,
17-10-2019,0,
18-10-2019,12.2,
19-10-2019,22.6,
20-10-2019,7,
21-10-2019,0,
22-10-2019,0,
23-10-2019,0,
24-10-2019,4.6,
25-10-2019,0,
26-10-2019,0,
27-10-2019,0,
28-10-2019,2.2,
29-10-2019,1.4,
30-10-2019,9.2,
31-10-2019,1.8,
01-11-2019,21.4,
02-11-2019,5.6,
03-11-2019,6.8,
04-11-2019,23.6,
05-11-2019,4.6,
06-11-2019,5,
07-11-2019,26,
08-11-2019,4.2,
09-11-2019,4,
10-11-2019,10.2,
11-11-2019,0,
12-11-2019,0,
13-11-2019,10.2,
14-11-2019,23.2,
15-11-2019,19.6,
16-11-2019,0,
17-11-2019,0,
18-11-2019,0,
19-11-2019,0,
20-11-2019,0,
21-11-2019,0,
22-11-2019,5.2,
23-11-2019,0,
24-11-2019,0,
25-11-2019,0,
26-11-2019,0,
27-11-2019,0,
28-11-2019,0,
29-11-2019,0,
30-11-2019,0,
01-12-2019,0,
02-12-2019,0,
03-12-2019,0,
04-12-2019,0,
05-12-2019,0,
06-12-2019,0,
07-12-2019,1.4,
08-12-2019,4.2,
09-12-2019,0,
10-12-2019,4.4,
11-12-2019,5.8,
12-12-2019,27.4,
13-12-2019,2.4,
14-12-2019,24.6,
15-12-2019,10.2,
16-12-2019,22,
17-12-2019,0.2,
18-12-2019,35.6,
19-12-2019,29.2,
20-12-2019,14,
21-12-2019,21.6,
22-12-2019,5.8,
23-12-2019,0.4,
24-12-2019,0.4,
25-12-2019,1.2,
26-12-2019,0,
27-12-2019,0.2,
28-12-2019,0,
29-12-2019,0,
30-12-2019,0,
31-12-2019,0.2,
01-01-2020,0,
02-01-2020,0.4,
03-01-2020,0.8,
04-01-2020,0,
05-01-2020,0,
06-01-2020,0,
07-01-2020,0.2,
08-01-2020,0,
09-01-2020,2.2,
10-01-2020,0,
11-01-2020,0,
12-01-2020,0,
13-01-2020,0.2,
14-01-2020,14.4,
15-01-2020,1.8,
16-01-2020,15.8,
17-01-2020,0.2,
18-01-2020,8.6,
19-01-2020,0,
20-01-2020,0,
21-01-2020,0,
22-01-2020,0.8,
23-01-2020,0.2,
24-01-2020,0,
25-01-2020,0,
26-01-2020,12.8,
27-01-2020,3.4,
28-01-2020,6.2,
29-01-2020,7.6,
30-01-2020,1.8,
31-01-2020,10.2,
01-02-2020,2,
02-02-2020,0,
03-02-2020,0,
04-02-2020,0,
05-02-2020,0,
06-02-2020,0,
07-02-2020,6,
08-02-2020,1,
09-02-2020,0,
10-02-2020,0.2,
11-02-2020,0.8,
12-02-2020,0.2,
13-02-2020,0.4,
14-02-2020,0,
15-02-2020,0,
16-02-2020,12.2,
17-02-2020,0.4,
18-02-2020,0,
19-02-2020,0,
20-02-2020,0,
21-02-2020,0,
22-02-2020,0,
23-02-2020,0,
24-02-2020,1.8,
25-02-2020,1.4,
26-02-2020,0.2,
27-02-2020,0,
28-02-2020,11.8,
29-02-2020,10.4,
01-03-2020,34.6,
02-03-2020,7.2,
03-03-2020,4.2,
04-03-2020,19.4,
05-03-2020,10.4,
06-03-2020,1.8,
07-03-2020,0.2,
08-03-2020,0,
09-03-2020,0,
10-03-2020,0.2,
11-03-2020,0,
12-03-2020,0,
13-03-2020,0,
14-03-2020,0,
15-03-2020,10.2,
16-03-2020,4.6,
17-03-2020,0,
18-03-2020,0,
19-03-2020,30.6,
20-03-2020,3,
21-03-2020,0.6,
22-03-2020,0,
23-03-2020,0,
24-03-2020,0,
25-03-2020,0,
26-03-2020,0,
27-03-2020,0,
28-03-2020,0,
29-03-2020,0,
30-03-2020,0,
31-03-2020,4.2,
01-04-2020,0.8,
02-04-2020,0,
03-04-2020,0,
04-04-2020,0,
05-04-2020,11.8,
06-04-2020,0,
07-04-2020,0,
08-04-2020,2.4,
09-04-2020,2.6,
10-04-2020,1.8,
11-04-2020,0,
12-04-2020,1,
13-04-2020,0,
14-04-2020,18.6,
15-04-2020,7.4,
16-04-2020,2.6,
17-04-2020,1,
18-04-2020,10,
19-04-2020,0.4,
20-04-2020,0.2,
21-04-2020,0.2,
22-04-2020,0.4,
23-04-2020,0.2,
24-04-2020,1.4,
25-04-2020,0,
26-04-2020,1,
27-04-2020,1.4,
28-04-2020,3,
29-04-2020,7.6,
30-04-2020,5.8,
01-05-2020,0.8,
02-05-2020,1.2,
03-05-2020,0,
04-05-2020,0.6,
05-05-2020,0,
06-05-2020,0,
07-05-2020,0,
08-05-2020,0.8,
09-05-2020,5.4,
10-05-2020,0,
11-05-2020,0,
12-05-2020,3.6,
13-05-2020,0.2,
14-05-2020,0.2,
15-05-2020,0,
16-05-2020,0,
17-05-2020,0,
18-05-2020,0,
19-05-2020,0,
20-05-2020,0,
21-05-2020,0,
22-05-2020,0,
23-05-2020,0,
24-05-2020,0,
25-05-2020,0,
26-05-2020,0,
27-05-2020,0,
28-05-2020,0,
29-05-2020,0,
30-05-2020,0,
31-05-2020,11.2,
01-06-2020,1.8,
02-06-2020,0,
03-06-2020,0,
04-06-2020,0,
05-06-2020,0,
06-06-2020,0.2,
07-06-2020,0,
08-06-2020,0,
09-06-2020,0,
10-06-2020,0,
11-06-2020,6,
12-06-2020,5.4,
13-06-2020,1.2,
14-06-2020,0.6,
15-06-2020,3.4,
16-06-2020,0.4,
17-06-2020,0.2,
18-06-2020,0,
19-06-2020,0,
20-06-2020,0,
21-06-2020,0,
22-06-2020,0,
23-06-2020,0,
24-06-2020,0,
25-06-2020,0,
26-06-2020,0,
27-06-2020,0,
28-06-2020,0.4,
29-06-2020,0,
30-06-2020,0,
01-07-2020,0,
02-07-2020,0,
03-07-2020,0,
04-07-2020,0,
05-07-2020,0,
06-07-2020,0,
07-07-2020,0,
08-07-2020,0.4,
09-07-2020,0,
10-07-2020,0,
11-07-2020,0,
12-07-2020,0,
13-07-2020,0,
14-07-2020,0,
15-07-2020,0,
16-07-2020,0,
17-07-2020,0,
18-07-2020,0,
19-07-2020,0,
20-07-2020,0,
21-07-2020,0,
22-07-2020,0,
23-07-2020,0,
24-07-2020,0,
25-07-2020,0,
26-07-2020,0,
27-07-2020,0,
28-07-2020,0,
29-07-2020,0,
30-07-2020,0,
31-07-2020,0,
01-08-2020,0,
02-08-2020,0,
03-08-2020,0,
04-08-2020,0,
05-08-2020,0,
06-08-2020,0,
07-08-2020,0,
08-08-2020,0,
09-08-2020,0,
10-08-2020,0,
11-08-2020,22.2,
12-08-2020,8,
13-08-2020,0,
14-08-2020,0,
15-08-2020,0.2,
16-08-2020,4.2,
17-08-2020,19.6,
18-08-2020,0.6,
19-08-2020,9,
20-08-2020,0,
21-08-2020,0,
22-08-2020,0,
23-08-2020,0,
24-08-2020,0,
25-08-2020,0,
26-08-2020,0,
27-08-2020,0,
28-08-2020,1.6,
29-08-2020,1.2,
30-08-2020,0,
31-08-2020,0,
01-09-2020,0,
02-09-2020,0,
03-09-2020,0,
04-09-2020,0,
05-09-2020,0,
06-09-2020,0,
07-09-2020,0,
08-09-2020,0,
09-09-2020,0,
10-09-2020,0,
11-09-2020,0,
12-09-2020,0,
13-09-2020,0,
14-09-2020,0,
15-09-2020,0,
16-09-2020,0.2,
17-09-2020,19.4,
18-09-2020,0,
19-09-2020,0.4,
20-09-2020,1,
21-09-2020,0,
22-09-2020,5,
23-09-2020,0,
24-09-2020,5.4,
25-09-2020,0.6,
26-09-2020,2.2,
27-09-2020,0,
28-09-2020,0,
29-09-2020,0,
30-09-2020,0.6,
01-10-2020,19,
02-10-2020,16,
03-10-2020,1.2,
04-10-2020,3.4,
05-10-2020,0,
06-10-2020,0.8,
07-10-2020,0.2,
08-10-2020,0,
09-10-2020,0.2,
10-10-2020,0,
11-10-2020,0,
12-10-2020,1.6,
13-10-2020,0.2,
14-10-2020,1.4,
15-10-2020,0,
16-10-2020,0,
17-10-2020,0,
18-10-2020,0,
19-10-2020,2.6,
20-10-2020,12,
21-10-2020,0.2,
22-10-2020,2.6,
23-10-2020,0.4,
24-10-2020,23.8,
25-10-2020,15,
26-10-2020,1.8,
27-10-2020,3,
28-10-2020,0.6,
29-10-2020,0.2,
30-10-2020,0,
31-10-2020,0,
01-11-2020,2.6,
02-11-2020,6.8,
03-11-2020,0.2,
04-11-2020,0.2,
05-11-2020,0,
06-11-2020,9.2,
07-11-2020,2.2,
08-11-2020,21.2,
09-11-2020,1.8,
10-11-2020,0,
11-11-2020,0,
12-11-2020,0,
13-11-2020,0,
14-11-2020,3.6,
15-11-2020,7,
16-11-2020,0.2,
17-11-2020,0,
18-11-2020,0,
19-11-2020,0,
20-11-2020,0,
21-11-2020,0,
22-11-2020,0,
23-11-2020,0.2,
24-11-2020,10.8,
25-11-2020,8.6,
26-11-2020,0,
27-11-2020,0,
28-11-2020,0.2,
29-11-2020,0,
30-11-2020,0,
01-12-2020,0.8,
02-12-2020,0,
03-12-2020,13,
04-12-2020,20.4,
05-12-2020,15,
06-12-2020,2.8,
07-12-2020,19.2,
08-12-2020,3.4,
09-12-2020,6.8,
10-12-2020,23.6,
11-12-2020,1.8,
12-12-2020,0,
13-12-2020,7.2,
14-12-2020,7.6,
15-12-2020,14.6,
16-12-2020,6.6,
17-12-2020,0,
18-12-2020,11.8,
19-12-2020,0.8,
20-12-2020,3.6,
21-12-2020,0,
22-12-2020,2.6,
23-12-2020,2.4,
24-12-2020,1.2,
25-12-2020,0,
26-12-2020,0,
27-12-2020,12,
28-12-2020,24,
29-12-2020,7.2,
30-12-2020,3.6,
31-12-2020,7.4,
01-01-2020,0,
02-01-2020,0.4,
03-01-2020,0.8,
04-01-2020,0,
05-01-2020,0,
06-01-2020,0,
07-01-2020,0.2,
08-01-2020,0,
09-01-2020,2.2,
10-01-2020,0,
11-01-2020,0,
12-01-2020,0,
13-01-2020,0.2,
14-01-2020,14.4,
15-01-2020,1.8,
16-01-2020,15.8,
17-01-2020,0.2,
18-01-2020,8.6,
19-01-2020,0,
20-01-2020,0,
21-01-2020,0,
22-01-2020,0.8,
23-01-2020,0.2,
24-01-2020,0,
25-01-2020,0,
26-01-2020,12.8,
27-01-2020,3.4,
28-01-2020,6.2,
29-01-2020,7.6,
30-01-2020,1.8,
31-01-2020,10.2,
01-02-2020,2,
02-02-2020,0,
03-02-2020,0,
04-02-2020,0,
05-02-2020,0,
06-02-2020,0,
07-02-2020,6,
08-02-2020,1,
09-02-2020,0,
10-02-2020,0.2,
11-02-2020,0.8,
12-02-2020,0.2,
13-02-2020,0.4,
14-02-2020,0,
15-02-2020,0,
16-02-2020,12.2,
17-02-2020,0.4,
18-02-2020,0,
19-02-2020,0,
20-02-2020,0,
21-02-2020,0,
22-02-2020,0,
23-02-2020,0,
24-02-2020,1.8,
25-02-2020,1.4,
26-02-2020,0.2,
27-02-2020,0,
28-02-2020,11.8,
29-02-2020,10.4,
01-03-2020,34.6,
02-03-2020,7.2,
03-03-2020,4.2,
04-03-2020,19.4,
05-03-2020,10.4,
06-03-2020,1.8,
07-03-2020,0.2,
08-03-2020,0,
09-03-2020,0,
10-03-2020,0.2,
11-03-2020,0,
12-03-2020,0,
13-03-2020,0,
14-03-2020,0,
15-03-2020,10.2,
16-03-2020,4.6,
17-03-2020,0,
18-03-2020,0,
19-03-2020,30.6,
20-03-2020,3,
21-03-2020,0.6,
22-03-2020,0,
23-03-2020,0,
24-03-2020,0,
25-03-2020,0,
26-03-2020,0,
27-03-2020,0,
28-03-2020,0,
29-03-2020,0,
30-03-2020,0,
31-03-2020,4.2,
01-04-2020,0.8,
02-04-2020,0,
03-04-2020,0,
04-04-2020,0,
05-04-2020,11.8,
06-04-2020,0,
07-04-2020,0,
08-04-2020,2.4,
09-04-2020,2.6,
10-04-2020,1.8,
11-04-2020,0,
12-04-2020,1,
13-04-2020,0,
14-04-2020,18.6,
15-04-2020,7.4,
16-04-2020,2.6,
17-04-2020,1,
18-04-2020,10,
19-04-2020,0.4,
20-04-2020,0.2,
21-04-2020,0.2,
22-04-2020,0.4,
23-04-2020,0.2,
24-04-2020,1.4,
25-04-2020,0,
26-04-2020,1,
27-04-2020,1.4,
28-04-2020,3,
29-04-2020,7.6,
30-04-2020,5.8,
01-05-2020,0.8,
02-05-2020,1.2,
03-05-2020,0,
04-05-2020,0.6,
05-05-2020,0,
06-05-2020,0,
07-05-2020,0,
08-05-2020,0.8,
09-05-2020,5.4,
10-05-2020,0,
11-05-2020,0,
12-05-2020,3.6,
13-05-2020,0.2,
14-05-2020,0.2,
15-05-2020,0,
16-05-2020,0,
17-05-2020,0,
18-05-2020,0,
19-05-2020,0,
20-05-2020,0,
21-05-2020,0,
22-05-2020,0,
23-05-2020,0,
24-05-2020,0,
25-05-2020,0,
26-05-2020,0,
27-05-2020,0,
28-05-2020,0,
29-05-2020,0,
30-05-2020,0,
31-05-2020,11.2,
01-06-2020,1.8,
02-06-2020,0,
03-06-2020,0,
04-06-2020,0,
05-06-2020,0,
06-06-2020,0.2,
07-06-2020,0,
08-06-2020,0,
09-06-2020,0,
10-06-2020,0,
11-06-2020,6,
12-06-2020,5.4,
13-06-2020,1.2,
14-06-2020,0.6,
15-06-2020,3.4,
16-06-2020,0.4,
17-06-2020,0.2,
18-06-2020,0,
19-06-2020,0,
20-06-2020,0,
21-06-2020,0,
22-06-2020,0,
23-06-2020,0,
24-06-2020,0,
25-06-2020,0,
26-06-2020,0,
27-06-2020,0,
28-06-2020,0.4,
29-06-2020,0,
30-06-2020,0,
01-07-2020,0,
02-07-2020,0,
03-07-2020,0,
04-07-2020,0,
05-07-2020,0,
06-07-2020,0,
07-07-2020,0,
08-07-2020,0.4,
09-07-2020,0,
10-07-2020,0,
11-07-2020,0,
12-07-2020,0,
13-07-2020,0,
14-07-2020,0,
15-07-2020,0,
16-07-2020,0,
17-07-2020,0,
18-07-2020,0,
19-07-2020,0,
20-07-2020,0,
21-07-2020,0,
22-07-2020,0,
23-07-2020,0,
24-07-2020,0,
25-07-2020,0,
26-07-2020,0,
27-07-2020,0,
28-07-2020,0,
29-07-2020,0,
30-07-2020,0,
31-07-2020,0,
01-08-2020,0,
02-08-2020,0,
03-08-2020,0,
04-08-2020,0,
05-08-2020,0,
06-08-2020,0,
07-08-2020,0,
08-08-2020,0,
09-08-2020,0,
10-08-2020,0,
11-08-2020,22.2,
12-08-2020,8,
13-08-2020,0,
14-08-2020,0,
15-08-2020,0.2,
16-08-2020,4.2,
17-08-2020,19.6,
18-08-2020,0.6,
19-08-2020,9,
20-08-2020,0,
21-08-2020,0,
22-08-2020,0,
23-08-2020,0,
24-08-2020,0,
25-08-2020,0,
26-08-2020,0,
27-08-2020,0,
28-08-2020,1.6,
29-08-2020,1.2,
30-08-2020,0,
31-08-2020,0,
01-09-2020,0,
02-09-2020,0,
03-09-2020,0,
04-09-2020,0,
05-09-2020,0,
06-09-2020,0,
07-09-2020,0,
08-09-2020,0,
09-09-2020,0,
10-09-2020,0,
11-09-2020,0,
12-09-2020,0,
13-09-2020,0,
14-09-2020,0,
15-09-2020,0,
16-09-2020,0.2,
17-09-2020,19.4,
18-09-2020,0,
19-09-2020,0.4,
20-09-2020,1,
21-09-2020,0,
22-09-2020,5,
23-09-2020,0,
24-09-2020,5.4,
25-09-2020,0.6,
26-09-2020,2.2,
27-09-2020,0,
28-09-2020,0,
29-09-2020,0,
30-09-2020,0.6,
01-10-2020,19,
02-10-2020,16,
03-10-2020,1.2,
04-10-2020,3.4,
05-10-2020,0,
06-10-2020,0.8,
07-10-2020,0.2,
08-10-2020,0,
09-10-2020,0.2,
10-10-2020,0,
11-10-2020,0,
12-10-2020,1.6,
13-10-2020,0.2,
14-10-2020,1.4,
15-10-2020,0,
16-10-2020,0,
17-10-2020,0,
18-10-2020,0,
19-10-2020,2.6,
20-10-2020,12,
21-10-2020,0.2,
22-10-2020,2.6,
23-10-2020,0.4,
24-10-2020,23.8,
25-10-2020,15,
26-10-2020,1.8,
27-10-2020,3,
28-10-2020,0.6,
29-10-2020,0.2,
30-10-2020,0,
31-10-2020,0,
01-11-2020,2.6,
02-11-2020,6.8,
03-11-2020,0.2,
04-11-2020,0.2,
05-11-2020,0,
06-11-2020,9.2,
07-11-2020,2.2,
08-11-2020,21.2,
09-11-2020,1.8,
10-11-2020,0,
11-11-2020,0,
12-11-2020,0,
13-11-2020,0,
14-11-2020,3.6,
15-11-2020,7,
16-11-2020,0.2,
17-11-2020,0,
18-11-2020,0,
19-11-2020,0,
20-11-2020,0,
21-11-2020,0,
22-11-2020,0,
23-11-2020,0.2,
24-11-2020,10.8,
25-11-2020,8.6,
26-11-2020,0,
27-11-2020,0,
28-11-2020,0.2,
29-11-2020,0,
30-11-2020,0,
01-12-2020,0.8,
02-12-2020,0,
03-12-2020,13,
04-12-2020,20.4,
05-12-2020,15,
06-12-2020,2.8,
07-12-2020,19.2,
08-12-2020,3.4,
09-12-2020,6.8,
10-12-2020,23.6,
11-12-2020,1.8,
12-12-2020,0,
13-12-2020,7.2,
14-12-2020,7.6,
15-12-2020,14.6,
16-12-2020,6.6,
17-12-2020,0,
18-12-2020,11.8,
19-12-2020,0.8,
20-12-2020,3.6,
21-12-2020,0,
22-12-2020,2.6,
23-12-2020,2.4,
24-12-2020,1.2,
25-12-2020,0,
26-12-2020,0,
27-12-2020,12,
28-12-2020,24,
29-12-2020,7.2,
30-12-2020,3.6,
31-12-2020,7.4,
01-01-2021,6.8,
02-01-2021,0.8,
03-01-2021,2.8,
04-01-2021,0.8,
05-01-2021,0.2,
06-01-2021,0,
07-01-2021,0.2,
08-01-2021,0,
09-01-2021,0.2,
10-01-2021,0,
11-01-2021,0,
12-01-2021,0,
13-01-2021,0,
14-01-2021,0.8,
15-01-2021,0,
16-01-2021,0,
17-01-2021,0.2,
18-01-2021,0,
19-01-2021,1.2,
20-01-2021,23.2,
21-01-2021,38.2,
22-01-2021,4.8,
23-01-2021,9.6,
24-01-2021,7.6,
25-01-2021,8.4,
26-01-2021,0.6,
27-01-2021,0,
28-01-2021,1,
29-01-2021,12.2,
30-01-2021,7.8,
31-01-2021,0.2,
01-02-2021,2.4,
02-02-2021,22.2,
03-02-2021,1.8,
04-02-2021,0.8,
05-02-2021,11.8,
06-02-2021,0,
07-02-2021,13.6,
08-02-2021,13.6,
09-02-2021,13,
10-02-2021,1,
11-02-2021,20.4,
12-02-2021,0,
13-02-2021,0,
14-02-2021,0,
15-02-2021,0.4,
16-02-2021,5,
17-02-2021,36.2,
18-02-2021,1.2,
19-02-2021,0,
20-02-2021,34.2,
21-02-2021,5.4,
22-02-2021,0.2,
23-02-2021,0,
24-02-2021,9.2,
25-02-2021,5.2,
26-02-2021,0,
27-02-2021,0,
28-02-2021,0,
01-03-2021,4.4,
02-03-2021,0.2,
03-03-2021,0,
04-03-2021,3.8,
05-03-2021,0,
06-03-2021,0,
07-03-2021,0,
08-03-2021,0,
09-03-2021,0,
10-03-2021,0.2,
11-03-2021,6.2,
12-03-2021,0.2,
13-03-2021,5.8,
14-03-2021,0,
15-03-2021,0.2,
16-03-2021,0,
17-03-2021,0,
18-03-2021,0,
19-03-2021,1.6,
20-03-2021,0,
21-03-2021,0,
22-03-2021,0,
23-03-2021,0,
24-03-2021,0,
25-03-2021,0,
26-03-2021,0.8,
27-03-2021,0.2,
28-03-2021,0,
29-03-2021,0,
30-03-2021,0,
31-03-2021,0,
01-04-2021,1.6,
02-04-2021,0.2,
03-04-2021,0,
04-04-2021,0,
05-04-2021,0,
06-04-2021,0,
07-04-2021,0,
08-04-2021,0,
09-04-2021,13.6,
10-04-2021,11,
11-04-2021,0,
12-04-2021,0,
13-04-2021,1.4,
14-04-2021,0,
15-04-2021,0,
16-04-2021,0,
17-04-2021,0,
18-04-2021,0.4,
19-04-2021,0.2,
20-04-2021,7.8,
21-04-2021,0.8,
22-04-2021,0,
23-04-2021,7.2,
24-04-2021,2.2,
25-04-2021,7.4,
26-04-2021,0.6,
27-04-2021,0,
28-04-2021,0,
29-04-2021,0.2,
30-04-2021,0,
01-05-2021,0,
02-05-2021,0,
03-05-2021,0,
04-05-2021,0,
05-05-2021,0,
06-05-2021,0,
07-05-2021,0,
08-05-2021,0.4,
09-05-2021,3.6,
10-05-2021,7.4,
11-05-2021,8,
12-05-2021,4,
13-05-2021,2.4,
14-05-2021,2,
15-05-2021,9.2,
16-05-2021,0,
17-05-2021,1.2,
18-05-2021,1.4,
19-05-2021,0,
20-05-2021,0.6,
21-05-2021,0,
22-05-2021,0.2,
23-05-2021,2.4,
24-05-2021,0,
25-05-2021,0.2,
26-05-2021,0,
27-05-2021,0,
28-05-2021,0,
29-05-2021,0,
30-05-2021,0,
31-05-2021,0,
01-06-2021,0,
02-06-2021,0.2,
03-06-2021,0,
04-06-2021,0.2,
05-06-2021,0,
06-06-2021,0,
07-06-2021,0.2,
08-06-2021,0,
09-06-2021,0,
10-06-2021,0,
11-06-2021,0,
12-06-2021,0,
13-06-2021,6.2,
14-06-2021,0,
15-06-2021,0,
16-06-2021,4.4,
17-06-2021,31.6,
18-06-2021,23.6,
19-06-2021,4.8,
20-06-2021,12.4,
21-06-2021,7.6,
22-06-2021,0.8,
23-06-2021,0.2,
24-06-2021,0.2,
25-06-2021,0,
26-06-2021,0.4,
27-06-2021,0.8,
28-06-2021,0,
29-06-2021,0.2,
30-06-2021,0,
01-07-2021,0,
02-07-2021,1.2,
03-07-2021,0,
04-07-2021,0,
05-07-2021,0.6,
06-07-2021,1.4,
07-07-2021,0.2,
08-07-2021,0,
09-07-2021,0,
10-07-2021,0,
11-07-2021,0,
12-07-2021,0,
13-07-2021,0,
14-07-2021,0,
15-07-2021,0,
16-07-2021,0,
17-07-2021,0,
18-07-2021,0,
19-07-2021,0,
20-07-2021,0,
21-07-2021,0.2,
22-07-2021,0,
23-07-2021,0,
24-07-2021,1.6,
25-07-2021,0,
26-07-2021,0,
27-07-2021,0,
28-07-2021,0,
29-07-2021,0,
30-07-2021,0,
31-07-2021,0,
01-08-2021,7.2,
02-08-2021,0.2,
03-08-2021,1.2,
04-08-2021,0,
05-08-2021,0,
06-08-2021,0.4,
07-08-2021,0,
08-08-2021,0,
09-08-2021,0,
10-08-2021,0,
11-08-2021,0,
12-08-2021,0,
13-08-2021,0,
14-08-2021,0,
15-08-2021,0,
16-08-2021,0,
17-08-2021,0,
18-08-2021,0,
19-08-2021,0,
20-08-2021,0,
21-08-2021,0,
22-08-2021,0,
23-08-2021,0,
24-08-2021,0,
25-08-2021,0,
26-08-2021,0,
27-08-2021,0,
28-08-2021,0,
29-08-2021,0,
30-08-2021,0,
31-08-2021,0,
01-09-2021,0,
02-09-2021,0,
03-09-2021,0,
04-09-2021,0,
05-09-2021,0,
06-09-2021,0,
07-09-2021,0,
08-09-2021,0,
09-09-2021,0,
10-09-2021,0,
11-09-2021,0,
12-09-2021,0,
13-09-2021,0,
14-09-2021,0,
15-09-2021,0,
16-09-2021,0,
17-09-2021,0,
18-09-2021,0,
19-09-2021,0,
20-09-2021,0,
21-09-2021,0,
22-09-2021,0,
23-09-2021,0,
24-09-2021,0,
25-09-2021,0,
26-09-2021,0,
27-09-2021,0,
28-09-2021,0,
29-09-2021,0,
30-09-2021,0,
01-10-2021,0,
02-10-2021,0,
03-10-2021,0,
04-10-2021,0,
05-10-2021,0,
06-10-2021,0,
07-10-2021,0.8,
08-10-2021,0,
09-10-2021,0,
10-10-2021,0,
11-10-2021,0,
12-10-2021,0,
13-10-2021,0,
14-10-2021,0,
15-10-2021,0.2,
16-10-2021,5.2,
17-10-2021,0,
18-10-2021,0,
19-10-2021,4,
20-10-2021,3,
21-10-2021,0.2,
22-10-2021,0.2,
23-10-2021,0,
24-10-2021,4,
25-10-2021,0,
26-10-2021,0,
27-10-2021,0,
28-10-2021,14.8,
29-10-2021,18.2,
30-10-2021,4.2,
31-10-2021,4.4,
01-11-2021,1.2,
02-11-2021,10.2,
03-11-2021,2.6,
04-11-2021,1.4,
05-11-2021,0.6,
06-11-2021,0,
07-11-2021,0,
08-11-2021,0,
09-11-2021,0,
10-11-2021,0,
11-11-2021,0,
12-11-2021,0,
13-11-2021,0.2,
14-11-2021,0.2,
15-11-2021,0,
16-11-2021,0,
17-11-2021,0,
18-11-2021,0,
19-11-2021,0,
20-11-2021,0,
21-11-2021,1.2,
22-11-2021,9.8,
23-11-2021,0.4,
24-11-2021,6.2,
25-11-2021,4,
26-11-2021,5,
27-11-2021,3.2,
28-11-2021,6.6,
29-11-2021,0.8,
30-11-2021,0,
01-12-2021,13.2,
02-12-2021,0.4,
03-12-2021,10.6,
04-12-2021,4.8,
05-12-2021,3.4,
06-12-2021,10.4,
07-12-2021,31.6,
08-12-2021,12.8,
09-12-2021,9.4,
10-12-2021,2.2,
11-12-2021,0.2,
12-12-2021,0.2,
13-12-2021,0,
14-12-2021,0.2,
15-12-2021,0.2,
16-12-2021,0.2,
17-12-2021,0,
18-12-2021,0.2,
19-12-2021,0,
20-12-2021,0.6,
21-12-2021,0,
22-12-2021,8.4,
23-12-2021,5,
24-12-2021,26.2,
25-12-2021,0.2,
26-12-2021,15.6,
27-12-2021,7.2,
28-12-2021,0.6,
29-12-2021,1,
30-12-2021,0,
31-12-2021,0,
01-01-2021,6.8,
02-01-2021,0.8,
03-01-2021,2.8,
04-01-2021,0.8,
05-01-2021,0.2,
06-01-2021,0,
07-01-2021,0.2,
08-01-2021,0,
09-01-2021,0.2,
10-01-2021,0,
11-01-2021,0,
12-01-2021,0,
13-01-2021,0,
14-01-2021,0.8,
15-01-2021,0,
16-01-2021,0,
17-01-2021,0.2,
18-01-2021,0,
19-01-2021,1.2,
20-01-2021,23.2,
21-01-2021,38.2,
22-01-2021,4.8,
23-01-2021,9.6,
24-01-2021,7.6,
25-01-2021,8.4,
26-01-2021,0.6,
27-01-2021,0,
28-01-2021,1,
29-01-2021,12.2,
30-01-2021,7.8,
31-01-2021,0.2,
01-02-2021,2.4,
02-02-2021,22.2,
03-02-2021,1.8,
04-02-2021,0.8,
05-02-2021,11.8,
06-02-2021,0,
07-02-2021,13.6,
08-02-2021,13.6,
09-02-2021,13,
10-02-2021,1,
11-02-2021,20.4,
12-02-2021,0,
13-02-2021,0,
14-02-2021,0,
15-02-2021,0.4,
16-02-2021,5,
17-02-2021,36.2,
18-02-2021,1.2,
19-02-2021,0,
20-02-2021,34.2,
21-02-2021,5.4,
22-02-2021,0.2,
23-02-2021,0,
24-02-2021,9.2,
25-02-2021,5.2,
26-02-2021,0,
27-02-2021,0,
28-02-2021,0,
01-03-2021,4.4,
02-03-2021,0.2,
03-03-2021,0,
04-03-2021,3.8,
05-03-2021,0,
06-03-2021,0,
07-03-2021,0,
08-03-2021,0,
09-03-2021,0,
10-03-2021,0.2,
11-03-2021,6.2,
12-03-2021,0.2,
13-03-2021,5.8,
14-03-2021,0,
15-03-2021,0.2,
16-03-2021,0,
17-03-2021,0,
18-03-2021,0,
19-03-2021,1.6,
20-03-2021,0,
21-03-2021,0,
22-03-2021,0,
23-03-2021,0,
24-03-2021,0,
25-03-2021,0,
26-03-2021,0.8,
27-03-2021,0.2,
28-03-2021,0,
29-03-2021,0,
30-03-2021,0,
31-03-2021,0,
01-04-2021,1.6,
02-04-2021,0.2,
03-04-2021,0,
04-04-2021,0,
05-04-2021,0,
06-04-2021,0,
07-04-2021,0,
08-04-2021,0,
09-04-2021,13.6,
10-04-2021,11,
11-04-2021,0,
12-04-2021,0,
13-04-2021,1.4,
14-04-2021,0,
15-04-2021,0,
16-04-2021,0,
17-04-2021,0,
18-04-2021,0.4,
19-04-2021,0.2,
20-04-2021,7.8,
21-04-2021,0.8,
22-04-2021,0,
23-04-2021,7.2,
24-04-2021,2.2,
25-04-2021,7.4,
26-04-2021,0.6,
27-04-2021,0,
28-04-2021,0,
29-04-2021,0.2,
30-04-2021,0,
01-05-2021,0,
02-05-2021,0,
03-05-2021,0,
04-05-2021,0,
05-05-2021,0,
06-05-2021,0,
07-05-2021,0,
08-05-2021,0.4,
09-05-2021,3.6,
10-05-2021,7.4,
11-05-2021,8,
12-05-2021,4,
13-05-2021,2.4,
14-05-2021,2,
15-05-2021,9.2,
16-05-2021,0,
17-05-2021,1.2,
18-05-2021,1.4,
19-05-2021,0,
20-05-2021,0.6,
21-05-2021,0,
22-05-2021,0.2,
23-05-2021,2.4,
24-05-2021,0,
25-05-2021,0.2,
26-05-2021,0,
27-05-2021,0,
28-05-2021,0,
29-05-2021,0,
30-05-2021,0,
31-05-2021,0,
01-06-2021,0,
02-06-2021,0.2,
03-06-2021,0,
04-06-2021,0.2,
05-06-2021,0,
06-06-2021,0,
07-06-2021,0.2,
08-06-2021,0,
09-06-2021,0,
10-06-2021,0,
11-06-2021,0,
12-06-2021,0,
13-06-2021,6.2,
14-06-2021,0,
15-06-2021,0,
16-06-2021,4.4,
17-06-2021,31.6,
18-06-2021,23.6,
19-06-2021,4.8,
20-06-2021,12.4,
21-06-2021,7.6,
22-06-2021,0.8,
23-06-2021,0.2,
24-06-2021,0.2,
25-06-2021,0,
26-06-2021,0.4,
27-06-2021,0.8,
28-06-2021,0,
29-06-2021,0.2,
30-06-2021,0,
01-07-2021,0,
02-07-2021,1.2,
03-07-2021,0,
04-07-2021,0,
05-07-2021,0.6,
06-07-2021,1.4,
07-07-2021,0.2,
08-07-2021,0,
09-07-2021,0,
10-07-2021,0,
11-07-2021,0,
12-07-2021,0,
13-07-2021,0,
14-07-2021,0,
15-07-2021,0,
16-07-2021,0,
17-07-2021,0,
18-07-2021,0,
19-07-2021,0,
20-07-2021,0,
21-07-2021,0.2,
22-07-2021,0,
23-07-2021,0,
24-07-2021,1.6,
25-07-2021,0,
26-07-2021,0,
27-07-2021,0,
28-07-2021,0,
29-07-2021,0,
30-07-2021,0,
31-07-2021,0,
01-08-2021,7.2,
02-08-2021,0.2,
03-08-2021,1.2,
04-08-2021,0,
05-08-2021,0,
06-08-2021,0.4,
07-08-2021,0,
08-08-2021,0,
09-08-2021,0,
10-08-2021,0,
11-08-2021,0,
12-08-2021,0,
13-08-2021,0,
14-08-2021,0,
15-08-2021,0,
16-08-2021,0,
17-08-2021,0,
18-08-2021,0,
19-08-2021,0,
20-08-2021,0,
21-08-2021,0,
22-08-2021,0,
23-08-2021,0,
24-08-2021,0,
25-08-2021,0,
26-08-2021,0,
27-08-2021,0,
28-08-2021,0,
29-08-2021,0,
30-08-2021,0,
31-08-2021,0,
01-09-2021,0,
02-09-2021,0,
03-09-2021,0,
04-09-2021,0,
05-09-2021,0,
06-09-2021,0,
07-09-2021,0,
08-09-2021,0,
09-09-2021,0,
10-09-2021,0,
11-09-2021,0,
12-09-2021,0,
13-09-2021,0,
14-09-2021,0,
15-09-2021,0,
16-09-2021,0,
17-09-2021,0,
18-09-2021,0,
19-09-2021,0,
20-09-2021,0,
21-09-2021,0,
22-09-2021,0,
23-09-2021,0,
24-09-2021,0,
25-09-2021,0,
26-09-2021,0,
27-09-2021,0,
28-09-2021,0,
29-09-2021,0,
30-09-2021,0,
01-10-2021,0,
02-10-2021,0,
03-10-2021,0,
04-10-2021,0,
05-10-2021,0,
06-10-2021,0,
07-10-2021,0.8,
08-10-2021,0,
09-10-2021,0,
10-10-2021,0,
11-10-2021,0,
12-10-2021,0,
13-10-2021,0,
14-10-2021,0,
15-10-2021,0.2,
16-10-2021,5.2,
17-10-2021,0,
18-10-2021,0,
19-10-2021,4,
20-10-2021,3,
21-10-2021,0.2,
22-10-2021,0.2,
23-10-2021,0,
24-10-2021,4,
25-10-2021,0,
26-10-2021,0,
27-10-2021,0,
28-10-2021,14.8,
29-10-2021,18.2,
30-10-2021,4.2,
31-10-2021,4.4,
01-11-2021,1.2,
02-11-2021,10.2,
03-11-2021,2.6,
04-11-2021,1.4,
05-11-2021,0.6,
06-11-2021,0,
07-11-2021,0,
08-11-2021,0,
09-11-2021,0,
10-11-2021,0,
11-11-2021,0,
12-11-2021,0,
13-11-2021,0.2,
14-11-2021,0.2,
15-11-2021,0,
16-11-2021,0,
17-11-2021,0,
18-11-2021,0,
19-11-2021,0,
20-11-2021,0,
21-11-2021,1.2,
22-11-2021,9.8,
23-11-2021,0.4,
24-11-2021,6.2,
25-11-2021,4,
26-11-2021,5,
27-11-2021,3.2,
28-11-2021,6.6,
29-11-2021,0.8,
30-11-2021,0,
01-12-2021,13.2,
02-12-2021,0.4,
03-12-2021,10.6,
04-12-2021,4.8,
05-12-2021,3.4,
06-12-2021,10.4,
07-12-2021,31.6,
08-12-2021,12.8,
09-12-2021,9.4,
10-12-2021,2.2,
11-12-2021,0.2,
12-12-2021,0.2,
13-12-2021,0,
14-12-2021,0.2,
15-12-2021,0.2,
16-12-2021,0.2,
17-12-2021,0,
18-12-2021,0.2,
19-12-2021,0,
20-12-2021,0.6,
21-12-2021,0,
22-12-2021,8.4,
23-12-2021,5,
24-12-2021,26.2,
25-12-2021,0.2,
26-12-2021,15.6,
27-12-2021,7.2,
28-12-2021,0.6,
29-12-2021,1,
30-12-2021,0,
31-12-2021,0,
01-01-2022,0.4,
02-01-2022,0,
03-01-2022,11.6,
04-01-2022,13.8,
05-01-2022,5.8,
06-01-2022,1.6,
07-01-2022,0,
08-01-2022,1.8,
09-01-2022,2,
10-01-2022,0.4,
11-01-2022,0,
12-01-2022,0,
13-01-2022,0.2,
14-01-2022,0,
15-01-2022,0,
16-01-2022,0,
17-01-2022,0,
18-01-2022,0.2,
19-01-2022,0,
20-01-2022,0,
21-01-2022,0.2,
22-01-2022,0,
23-01-2022,0,
24-01-2022,0,
25-01-2022,0,
26-01-2022,0.2,
27-01-2022,0,
28-01-2022,0,
29-01-2022,0.2,
30-01-2022,0,
31-01-2022,0,
01-02-2022,0,
02-02-2022,0.2,
03-02-2022,0,
04-02-2022,0.8,
05-02-2022,0,
06-02-2022,0.2,
07-02-2022,0,
08-02-2022,0,
09-02-2022,0,
10-02-2022,5.4,
11-02-2022,0,
12-02-2022,0,
13-02-2022,10.4,
14-02-2022,5.8,
15-02-2022,0.2,
16-02-2022,1.2,
17-02-2022,0.6,
18-02-2022,4.2,
19-02-2022,0,
20-02-2022,0.2,
21-02-2022,0,
22-02-2022,0,
23-02-2022,0,
24-02-2022,0,
25-02-2022,0,
26-02-2022,0,
27-02-2022,0,
28-02-2022,1,
01-03-2022,10.4,
02-03-2022,14.8,
03-03-2022,5.8,
04-03-2022,0,
05-03-2022,0,
06-03-2022,0,
07-03-2022,4.8,
08-03-2022,3.4,
09-03-2022,4.6,
10-03-2022,14.4,
11-03-2022,3.4,
12-03-2022,8,
13-03-2022,0.8,
14-03-2022,0,
15-03-2022,0,
16-03-2022,0.8,
17-03-2022,0,
18-03-2022,0,
19-03-2022,0,
20-03-2022,0,
21-03-2022,0,
22-03-2022,1.2,
23-03-2022,0,
24-03-2022,0,
25-03-2022,0,
26-03-2022,0,
27-03-2022,0,
28-03-2022,0,
29-03-2022,0.2,
30-03-2022,5.4,
31-03-2022,4.8,
01-04-2022,0.4,
02-04-2022,0.2,
03-04-2022,0,
04-04-2022,0,
05-04-2022,0,
06-04-2022,0,
07-04-2022,1.4,
08-04-2022,8.4,
09-04-2022,0,
10-04-2022,0.8,
11-04-2022,8.6,
12-04-2022,1.2,
13-04-2022,0.2,
14-04-2022,0,
15-04-2022,0,
16-04-2022,0,
17-04-2022,0,
18-04-2022,0.2,
19-04-2022,3.4,
20-04-2022,0.2,
21-04-2022,4,
22-04-2022,19.8,
23-04-2022,0.2,
24-04-2022,0,
25-04-2022,1.6,
26-04-2022,1,
27-04-2022,1,
28-04-2022,0.2,
29-04-2022,0,
30-04-2022,0,
01-05-2022,0,
02-05-2022,0,
03-05-2022,0,
04-05-2022,0,
05-05-2022,0,
06-05-2022,0,
07-05-2022,0,
08-05-2022,0,
09-05-2022,0,
10-05-2022,0,
11-05-2022,0,
12-05-2022,0,
13-05-2022,0,
14-05-2022,4,
15-05-2022,0.2,
16-05-2022,0,
17-05-2022,0.4,
18-05-2022,0,
19-05-2022,0,
20-05-2022,0,
21-05-2022,4.4,
22-05-2022,0.2,
23-05-2022,1.8,
24-05-2022,1.2,
25-05-2022,0,
26-05-2022,0,
27-05-2022,0,
28-05-2022,0,
29-05-2022,0,
30-05-2022,0,
31-05-2022,14.2,
01-06-2022,6.2,
02-06-2022,11.2,
03-06-2022,5.8,
04-06-2022,18.8,
05-06-2022,0,
06-06-2022,0,
07-06-2022,0,
08-06-2022,4.2,
09-06-2022,0,
10-06-2022,0,
11-06-2022,0,
12-06-2022,0,
13-06-2022,0,
14-06-2022,0,
15-06-2022,5.8,
16-06-2022,0,
17-06-2022,0,
18-06-2022,11.8,
19-06-2022,5.4,
20-06-2022,0.6,
21-06-2022,7.4,
22-06-2022,4.2,
23-06-2022,0.8,
24-06-2022,2.4,
25-06-2022,1.4,
26-06-2022,0,
27-06-2022,0,
28-06-2022,0.2,
29-06-2022,0,
30-06-2022,0,
01-07-2022,0,
02-07-2022,0,
03-07-2022,0,
04-07-2022,0,
05-07-2022,0,
06-07-2022,0,
07-07-2022,0,
08-07-2022,0,
09-07-2022,0,
10-07-2022,0,
11-07-2022,0,
12-07-2022,0,
13-07-2022,0,
14-07-2022,4.4,
15-07-2022,0,
16-07-2022,0,
17-07-2022,0,
18-07-2022,0,
19-07-2022,0.4,
20-07-2022,0,
21-07-2022,0,
22-07-2022,0,
23-07-2022,0,
24-07-2022,0,
25-07-2022,0,
26-07-2022,0,
27-07-2022,0,
28-07-2022,0,
29-07-2022,0,
30-07-2022,0,
31-07-2022,0,
01-08-2022,0,
02-08-2022,0,
03-08-2022,0,
04-08-2022,0,
05-08-2022,0,
06-08-2022,0,
07-08-2022,0,
08-08-2022,0,
09-08-2022,1,
10-08-2022,2.6,
11-08-2022,0,
12-08-2022,0,
13-08-2022,0,
14-08-2022,0,
15-08-2022,4.6,
16-08-2022,7,
17-08-2022,0.6,
18-08-2022,0,
19-08-2022,0,
20-08-2022,0,
21-08-2022,0,
22-08-2022,0,
23-08-2022,0,
24-08-2022,0,
25-08-2022,0,
26-08-2022,0,
27-08-2022,0,
28-08-2022,0,
29-08-2022,0,
30-08-2022,0,
31-08-2022,0,
01-09-2022,0.6,
02-09-2022,0,
03-09-2022,0,
04-09-2022,0,
05-09-2022,1.8,
06-09-2022,1.8,
07-09-2022,1.2,
08-09-2022,0,
09-09-2022,0,
10-09-2022,0,
11-09-2022,0,
12-09-2022,4.6,
13-09-2022,6,
14-09-2022,6.2,
15-09-2022,0,
16-09-2022,0,
17-09-2022,0,
18-09-2022,0,
19-09-2022,0,
20-09-2022,0,
21-09-2022,0,
22-09-2022,0,
23-09-2022,0.6,
24-09-2022,0.4,
25-09-2022,0,
26-09-2022,0.4,
27-09-2022,0.4,
28-09-2022,3.8,
29-09-2022,7.6,
30-09-2022,0,
01-10-2022,0,
02-10-2022,0,
03-10-2022,0,
04-10-2022,0,
05-10-2022,0,
06-10-2022,0,
07-10-2022,0,
08-10-2022,0,
09-10-2022,3.6,
10-10-2022,2.4,
11-10-2022,0,
12-10-2022,0,
13-10-2022,0.2,
14-10-2022,0,
15-10-2022,0,
16-10-2022,45,
17-10-2022,0.2,
18-10-2022,19.2,
19-10-2022,11,
20-10-2022,15.2,
21-10-2022,0.2,
22-10-2022,13.8,
23-10-2022,3.4,
24-10-2022,0.6,
25-10-2022,4.2,
26-10-2022,0.2,
27-10-2022,26.8,
28-10-2022,20.4,
29-10-2022,19.2,
30-10-2022,9,
31-10-2022,12.6,
01-11-2022,0,
02-11-2022,3,
03-11-2022,2.4,
04-11-2022,0,
05-11-2022,2.2,
06-11-2022,0.2,
07-11-2022,11.8,
08-11-2022,6,
09-11-2022,0.2,
10-11-2022,0,
11-11-2022,0,
12-11-2022,0,
13-11-2022,7.2,
14-11-2022,9.4,
15-11-2022,2.4,
16-11-2022,2,
17-11-2022,6.2,
18-11-2022,11.4,
19-11-2022,7.2,
20-11-2022,9.2,
21-11-2022,0,
22-11-2022,0,
23-11-2022,0,
24-11-2022,0,
25-11-2022,0,
26-11-2022,0,
27-11-2022,0,
28-11-2022,0,
29-11-2022,0,
30-11-2022,0,
01-12-2022,0,
02-12-2022,0,
03-12-2022,0,
04-12-2022,0.4,
05-12-2022,0,
06-12-2022,0,
07-12-2022,3.2,
08-12-2022,2.8,
09-12-2022,0,
10-12-2022,2.2,
11-12-2022,7.2,
12-12-2022,27.2,
13-12-2022,1.2,
14-12-2022,1,
15-12-2022,0.8,
16-12-2022,0,
17-12-2022,0,
18-12-2022,0,
19-12-2022,53,
20-12-2022,2,
21-12-2022,1.8,
22-12-2022,1.8,
23-12-2022,3.2,
24-12-2022,36.6,
25-12-2022,9.4,
26-12-2022,0.2,
27-12-2022,0,
28-12-2022,10.4,
29-12-2022,10.2,
30-12-2022,0,
31-12-2022,33.6,
01-01-2022,0.4,
02-01-2022,0,
03-01-2022,11.6,
04-01-2022,13.8,
05-01-2022,5.8,
06-01-2022,1.6,
07-01-2022,0,
08-01-2022,1.8,
09-01-2022,2,
10-01-2022,0.4,
11-01-2022,0,
12-01-2022,0,
13-01-2022,0.2,
14-01-2022,0,
15-01-2022,0,
16-01-2022,0,
17-01-2022,0,
18-01-2022,0.2,
19-01-2022,0,
20-01-2022,0,
21-01-2022,0.2,
22-01-2022,0,
23-01-2022,0,
24-01-2022,0,
25-01-2022,0,
26-01-2022,0.2,
27-01-2022,0,
28-01-2022,0,
29-01-2022,0.2,
30-01-2022,0,
31-01-2022,0,
01-02-2022,0,
02-02-2022,0.2,
03-02-2022,0,
04-02-2022,0.8,
05-02-2022,0,
06-02-2022,0.2,
07-02-2022,0,
08-02-2022,0,
09-02-2022,0,
10-02-2022,5.4,
11-02-2022,0,
12-02-2022,0,
13-02-2022,10.4,
14-02-2022,5.8,
15-02-2022,0.2,
16-02-2022,1.2,
17-02-2022,0.6,
18-02-2022,4.2,
19-02-2022,0,
20-02-2022,0.2,
21-02-2022,0,
22-02-2022,0,
23-02-2022,0,
24-02-2022,0,
25-02-2022,0,
26-02-2022,0,
27-02-2022,0,
28-02-2022,1,
01-03-2022,10.4,
02-03-2022,14.8,
03-03-2022,5.8,
04-03-2022,0,
05-03-2022,0,
06-03-2022,0,
07-03-2022,4.8,
08-03-2022,3.4,
09-03-2022,4.6,
10-03-2022,14.4,
11-03-2022,3.4,
12-03-2022,8,
13-03-2022,0.8,
14-03-2022,0,
15-03-2022,0,
16-03-2022,0.8,
17-03-2022,0,
18-03-2022,0,
19-03-2022,0,
20-03-2022,0,
21-03-2022,0,
22-03-2022,1.2,
23-03-2022,0,
24-03-2022,0,
25-03-2022,0,
26-03-2022,0,
27-03-2022,0,
28-03-2022,0,
29-03-2022,0.2,
30-03-2022,5.4,
31-03-2022,4.8,
01-04-2022,0.4,
02-04-2022,0.2,
03-04-2022,0,
04-04-2022,0,
05-04-2022,0,
06-04-2022,0,
07-04-2022,1.4,
08-04-2022,8.4,
09-04-2022,0,
10-04-2022,0.8,
11-04-2022,8.6,
12-04-2022,1.2,
13-04-2022,0.2,
14-04-2022,0,
15-04-2022,0,
16-04-2022,0,
17-04-2022,0,
18-04-2022,0.2,
19-04-2022,3.4,
20-04-2022,0.2,
21-04-2022,4,
22-04-2022,19.8,
23-04-2022,0.2,
24-04-2022,0,
25-04-2022,1.6,
26-04-2022,1,
27-04-2022,1,
28-04-2022,0.2,
29-04-2022,0,
30-04-2022,0,
01-05-2022,0,
02-05-2022,0,
03-05-2022,0,
04-05-2022,0,
05-05-2022,0,
06-05-2022,0,
07-05-2022,0,
08-05-2022,0,
09-05-2022,0,
10-05-2022,0,
11-05-2022,0,
12-05-2022,0,
13-05-2022,0,
14-05-2022,4,
15-05-2022,0.2,
16-05-2022,0,
17-05-2022,0.4,
18-05-2022,0,
19-05-2022,0,
20-05-2022,0,
21-05-2022,4.4,
22-05-2022,0.2,
23-05-2022,1.8,
24-05-2022,1.2,
25-05-2022,0,
26-05-2022,0,
27-05-2022,0,
28-05-2022,0,
29-05-2022,0,
30-05-2022,0,
31-05-2022,14.2,
01-06-2022,6.2,
02-06-2022,11.2,
03-06-2022,5.8,
04-06-2022,18.8,
05-06-2022,0,
06-06-2022,0,
07-06-2022,0,
08-06-2022,4.2,
09-06-2022,0,
10-06-2022,0,
11-06-2022,0,
12-06-2022,0,
13-06-2022,0,
14-06-2022,0,
15-06-2022,5.8,
16-06-2022,0,
17-06-2022,0,
18-06-2022,11.8,
19-06-2022,5.4,
20-06-2022,0.6,
21-06-2022,7.4,
22-06-2022,4.2,
23-06-2022,0.8,
24-06-2022,2.4,
25-06-2022,1.4,
26-06-2022,0,
27-06-2022,0,
28-06-2022,0.2,
29-06-2022,0,
30-06-2022,0,
01-07-2022,0,
02-07-2022,0,
03-07-2022,0,
04-07-2022,0,
05-07-2022,0,
06-07-2022,0,
07-07-2022,0,
08-07-2022,0,
09-07-2022,0,
10-07-2022,0,
11-07-2022,0,
12-07-2022,0,
13-07-2022,0,
14-07-2022,4.4,
15-07-2022,0,
16-07-2022,0,
17-07-2022,0,
18-07-2022,0,
19-07-2022,0.4,
20-07-2022,0,
21-07-2022,0,
22-07-2022,0,
23-07-2022,0,
24-07-2022,0,
25-07-2022,0,
26-07-2022,0,
27-07-2022,0,
28-07-2022,0,
29-07-2022,0,
30-07-2022,0,
31-07-2022,0,
01-08-2022,0,
02-08-2022,0,
03-08-2022,0,
04-08-2022,0,
05-08-2022,0,
06-08-2022,0,
07-08-2022,0,
08-08-2022,0,
09-08-2022,1,
10-08-2022,2.6,
11-08-2022,0,
12-08-2022,0,
13-08-2022,0,
14-08-2022,0,
15-08-2022,4.6,
16-08-2022,7,
17-08-2022,0.6,
18-08-2022,0,
19-08-2022,0,
20-08-2022,0,
21-08-2022,0,
22-08-2022,0,
23-08-2022,0,
24-08-2022,0,
25-08-2022,0,
26-08-2022,0,
27-08-2022,0,
28-08-2022,0,
29-08-2022,0,
30-08-2022,0,
31-08-2022,0,
01-09-2022,0.6,
02-09-2022,0,
03-09-2022,0,
04-09-2022,0,
05-09-2022,1.8,
06-09-2022,1.8,
07-09-2022,1.2,
08-09-2022,0,
09-09-2022,0,
10-09-2022,0,
11-09-2022,0,
12-09-2022,4.6,
13-09-2022,6,
14-09-2022,6.2,
15-09-2022,0,
16-09-2022,0,
17-09-2022,0,
18-09-2022,0,
19-09-2022,0,
20-09-2022,0,
21-09-2022,0,
22-09-2022,0,
23-09-2022,0.6,
24-09-2022,0.4,
25-09-2022,0,
26-09-2022,0.4,
27-09-2022,0.4,
28-09-2022,3.8,
29-09-2022,7.6,
30-09-2022,0,
01-10-2022,0,
02-10-2022,0,
03-10-2022,0,
04-10-2022,0,
05-10-2022,0,
06-10-2022,0,
07-10-2022,0,
08-10-2022,0,
09-10-2022,3.6,
10-10-2022,2.4,
11-10-2022,0,
12-10-2022,0,
13-10-2022,0.2,
14-10-2022,0,
15-10-2022,0,
16-10-2022,45,
17-10-2022,0.2,
18-10-2022,19.2,
19-10-2022,11,
20-10-2022,15.2,
21-10-2022,0.2,
22-10-2022,13.8,
23-10-2022,3.4,
24-10-2022,0.6,
25-10-2022,4.2,
26-10-2022,0.2,
27-10-2022,26.8,
28-10-2022,20.4,
29-10-2022,19.2,
30-10-2022,9,
31-10-2022,12.6,
01-11-2022,0,
02-11-2022,3,
03-11-2022,2.4,
04-11-2022,0,
05-11-2022,2.2,
06-11-2022,0.2,
07-11-2022,11.8,
08-11-2022,6,
09-11-2022,0.2,
10-11-2022,0,
11-11-2022,0,
12-11-2022,0,
13-11-2022,7.2,
14-11-2022,9.4,
15-11-2022,2.4,
16-11-2022,2,
17-11-2022,6.2,
18-11-2022,11.4,
19-11-2022,7.2,
20-11-2022,9.2,
21-11-2022,0,
22-11-2022,0,
23-11-2022,0,
24-11-2022,0,
25-11-2022,0,
26-11-2022,0,
27-11-2022,0,
28-11-2022,0,
29-11-2022,0,
30-11-2022,0,
01-12-2022,0,
02-12-2022,0,
03-12-2022,0,
04-12-2022,0.4,
05-12-2022,0,
06-12-2022,0,
07-12-2022,3.2,
08-12-2022,2.8,
09-12-2022,0,
10-12-2022,2.2,
11-12-2022,7.2,
12-12-2022,27.2,
13-12-2022,1.2,
14-12-2022,1,
15-12-2022,0.8,
16-12-2022,0,
17-12-2022,0,
18-12-2022,0,
19-12-2022,53,
20-12-2022,2,
21-12-2022,1.8,
22-12-2022,1.8,
23-12-2022,3.2,
24-12-2022,36.6,
25-12-2022,9.4,
26-12-2022,0.2,
27-12-2022,0,
28-12-2022,10.4,
29-12-2022,10.2,
30-12-2022,0,
31-12-2022,33.6,
01-01-2023,47.8,
02-01-2023,0,
03-01-2023,0.2,
04-01-2023,0,
05-01-2023,0.2,
06-01-2023,11,
07-01-2023,27.6,
08-01-2023,4.8,
09-01-2023,0,
10-01-2023,10,
11-01-2023,0.2,
12-01-2023,0,
13-01-2023,0,
14-01-2023,9.4,
15-01-2023,16.4,
16-01-2023,29.2,
17-01-2023,16.8,
18-01-2023,12.4,
19-01-2023,17.4,
20-01-2023,2.2,
21-01-2023,0.4,
22-01-2023,0,
23-01-2023,0,
24-01-2023,0,
25-01-2023,0.2,
26-01-2023,7.2,
27-01-2023,1.8,
28-01-2023,0.2,
29-01-2023,0,
30-01-2023,0,
31-01-2023,0,
01-02-2023,0,
02-02-2023,0.2,
03-02-2023,0,
04-02-2023,0,
05-02-2023,0,
06-02-2023,0.2,
07-02-2023,0,
08-02-2023,0,
09-02-2023,0,
10-02-2023,0.2,
11-02-2023,0,
12-02-2023,0,
13-02-2023,0,
14-02-2023,0,
15-02-2023,0,
16-02-2023,0,
17-02-2023,0,
18-02-2023,0,
19-02-2023,0,
20-02-2023,1.8,
21-02-2023,2.6,
22-02-2023,10.6,
23-02-2023,4.6,
24-02-2023,6.8,
25-02-2023,1.4,
26-02-2023,0.2,
27-02-2023,0,
28-02-2023,0,
01-03-2023,2.2,
02-03-2023,0,
03-03-2023,0,
04-03-2023,0,
05-03-2023,0.8,
06-03-2023,1.8,
07-03-2023,3,
08-03-2023,12.4,
09-03-2023,5.8,
10-03-2023,0.4,
11-03-2023,2.4,
12-03-2023,0,
13-03-2023,7.6,
14-03-2023,0,
15-03-2023,0,
16-03-2023,5.6,
17-03-2023,8.4,
18-03-2023,0.6,
19-03-2023,0,
20-03-2023,0,
21-03-2023,0,
22-03-2023,0,
23-03-2023,11.8,
24-03-2023,0,
25-03-2023,2.8,
26-03-2023,0,
27-03-2023,0,
28-03-2023,0,
29-03-2023,0.2,
30-03-2023,0.6,
31-03-2023,2.2,
01-04-2023,0.2,
02-04-2023,0,
03-04-2023,0,
04-04-2023,0,
05-04-2023,0,
06-04-2023,0,
07-04-2023,0,
08-04-2023,0,
09-04-2023,0,
10-04-2023,0.8,
11-04-2023,9,
12-04-2023,1,
13-04-2023,7.2,
14-04-2023,0.2,
15-04-2023,0,
16-04-2023,0,
17-04-2023,0,
18-04-2023,0,
19-04-2023,0,
20-04-2023,0,
21-04-2023,9.6,
22-04-2023,16.2,
23-04-2023,4.8,
24-04-2023,0.4,
25-04-2023,0,
26-04-2023,0,
27-04-2023,0,
28-04-2023,0,
29-04-2023,0,
30-04-2023,0,
01-05-2023,0,
02-05-2023,0,
03-05-2023,7,
04-05-2023,0.6,
05-05-2023,8.4,
06-05-2023,0,
07-05-2023,0,
08-05-2023,1.4,
09-05-2023,0,
10-05-2023,0,
11-05-2023,0,
12-05-2023,2.4,
13-05-2023,0,
14-05-2023,0,
15-05-2023,0,
16-05-2023,0,
17-05-2023,0,
18-05-2023,0,
19-05-2023,0,
20-05-2023,0,
21-05-2023,0,
22-05-2023,0,
23-05-2023,0,
24-05-2023,0,
25-05-2023,0,
26-05-2023,0.6,
27-05-2023,0.4,
28-05-2023,1.2,
29-05-2023,0.4,
30-05-2023,2.2,
31-05-2023,0.4,
01-06-2023,0,
02-06-2023,0,
03-06-2023,7.4,
04-06-2023,53.2,
05-06-2023,0,
06-06-2023,2.2,
07-06-2023,5.2,
08-06-2023,8,
09-06-2023,3,
10-06-2023,0,
11-06-2023,1.2,
12-06-2023,20.8,
13-06-2023,0,
14-06-2023,0,
15-06-2023,0,
16-06-2023,0,
17-06-2023,1.2,
18-06-2023,12.6,
19-06-2023,4,
20-06-2023,0,
21-06-2023,0,
22-06-2023,0,
23-06-2023,0,
24-06-2023,0,
25-06-2023,0,
26-06-2023,0,
27-06-2023,0,
28-06-2023,0,
29-06-2023,0.2,
30-06-2023,0,
01-07-2023,0,
02-07-2023,0,
03-07-2023,0,
04-07-2023,0,
05-07-2023,0,
06-07-2023,0,
07-07-2023,1.6,
08-07-2023,0.2,
09-07-2023,0,
10-07-2023,0,
11-07-2023,0.2,
12-07-2023,0,
13-07-2023,0,
14-07-2023,5,
15-07-2023,0,
16-07-2023,0,
17-07-2023,0,
18-07-2023,0,
19-07-2023,0,
20-07-2023,0,
21-07-2023,0,
22-07-2023,0,
23-07-2023,1.6,
24-07-2023,0.2,
25-07-2023,0,
26-07-2023,0,
27-07-2023,0,
28-07-2023,2.8,
29-07-2023,2.6,
30-07-2023,0,
31-07-2023,0,
01-08-2023,0.2,
02-08-2023,4.2,
03-08-2023,0,
04-08-2023,0,
05-08-2023,0,
06-08-2023,0,
07-08-2023,0,
08-08-2023,0,
09-08-2023,0,
10-08-2023,0,
11-08-2023,0,
12-08-2023,0,
13-08-2023,0,
14-08-2023,0,
15-08-2023,0,
16-08-2023,0,
17-08-2023,0,
18-08-2023,3.6,
19-08-2023,13.6,
20-08-2023,0,
21-08-2023,0,
22-08-2023,0,
23-08-2023,0,
24-08-2023,0.6,
25-08-2023,0.4,
26-08-2023,1,
27-08-2023,0.2,
28-08-2023,4,
29-08-2023,0.4,
30-08-2023,0,
31-08-2023,0,
01-09-2023,3,
02-09-2023,0.2,
03-09-2023,1.4,
04-09-2023,0.8,
05-09-2023,0,
06-09-2023,0,
07-09-2023,3.8,
08-09-2023,23.4,
09-09-2023,7,
10-09-2023,11,
11-09-2023,0.2,
12-09-2023,0,
13-09-2023,0,
14-09-2023,0,
15-09-2023,14.6,
16-09-2023,0,
17-09-2023,16.6,
18-09-2023,0.4,
19-09-2023,0,
20-09-2023,7.2,
21-09-2023,2.6,
22-09-2023,0,
23-09-2023,0,
24-09-2023,0,
25-09-2023,0,
26-09-2023,0,
27-09-2023,0,
28-09-2023,0,
29-09-2023,0,
30-09-2023,0,
01-10-2023,0,
02-10-2023,0,
03-10-2023,0,
04-10-2023,0,
05-10-2023,0,
06-10-2023,0,
07-10-2023,0,
08-10-2023,0,
09-10-2023,0,
10-10-2023,0,
11-10-2023,0,
12-10-2023,0.8,
13-10-2023,3.6,
14-10-2023,0,
15-10-2023,5.4,
16-10-2023,1,
17-10-2023,7.8,
18-10-2023,33.4,
19-10-2023,31.6,
20-10-2023,7.4,
21-10-2023,0.6,
22-10-2023,4,
23-10-2023,3.2,
24-10-2023,5.2,
25-10-2023,39.8,
26-10-2023,33.4,
27-10-2023,6.2,
28-10-2023,26.4,
29-10-2023,9,
30-10-2023,2.6,
31-10-2023,4,
01-11-2023,24.6,
02-11-2023,16.4,
03-11-2023,21.4,
04-11-2023,9.2,
05-11-2023,12.4,
06-11-2023,6.4,
07-11-2023,0.8,
08-11-2023,12.2,
09-11-2023,1.8,
10-11-2023,14.4,
11-11-2023,5.2,
12-11-2023,0.2,
13-11-2023,0.6,
14-11-2023,11.6,
15-11-2023,7.2,
16-11-2023,0,
17-11-2023,0,
18-11-2023,0,
19-11-2023,0,
20-11-2023,0.2,
21-11-2023,1.6,
22-11-2023,0.4,
23-11-2023,0,
24-11-2023,0.2,
25-11-2023,0.2,
26-11-2023,0.2,
27-11-2023,5.4,
28-11-2023,6.2,
29-11-2023,15.6,
30-11-2023,1.8,
01-12-2023,4.2,
02-12-2023,0.2,
03-12-2023,13.2,
04-12-2023,3,
05-12-2023,0.2,
06-12-2023,4.4,
07-12-2023,23.6,
08-12-2023,1.6,
09-12-2023,2.8,
10-12-2023,1.2,
11-12-2023,14,
12-12-2023,6,
13-12-2023,2.4,
14-12-2023,0.2,
15-12-2023,0.2,
16-12-2023,0.4,
17-12-2023,0.2,
18-12-2023,0,
19-12-2023,4.6,
20-12-2023,0.2,
21-12-2023,0.4,
22-12-2023,0,
23-12-2023,0,
24-12-2023,0,
25-12-2023,0.2,
26-12-2023,0,
27-12-2023,1.4,
28-12-2023,6.4,
29-12-2023,0.4,
30-12-2023,7,
31-12-2023,0.4,
01-01-2023,47.8,
02-01-2023,0,
03-01-2023,0.2,
04-01-2023,0,
05-01-2023,0.2,
06-01-2023,11,
07-01-2023,27.6,
08-01-2023,4.8,
09-01-2023,0,
10-01-2023,10,
11-01-2023,0.2,
12-01-2023,0,
13-01-2023,0,
14-01-2023,9.4,
15-01-2023,16.4,
16-01-2023,29.2,
17-01-2023,16.8,
18-01-2023,12.4,
19-01-2023,17.4,
20-01-2023,2.2,
21-01-2023,0.4,
22-01-2023,0,
23-01-2023,0,
24-01-2023,0,
25-01-2023,0.2,
26-01-2023,7.2,
27-01-2023,1.8,
28-01-2023,0.2,
29-01-2023,0,
30-01-2023,0,
31-01-2023,0,
01-02-2023,0,
02-02-2023,0.2,
03-02-2023,0,
04-02-2023,0,
05-02-2023,0,
06-02-2023,0.2,
07-02-2023,0,
08-02-2023,0,
09-02-2023,0,
10-02-2023,0.2,
11-02-2023,0,
12-02-2023,0,
13-02-2023,0,
14-02-2023,0,
15-02-2023,0,
16-02-2023,0,
17-02-2023,0,
18-02-2023,0,
19-02-2023,0,
20-02-2023,1.8,
21-02-2023,2.6,
22-02-2023,10.6,
23-02-2023,4.6,
24-02-2023,6.8,
25-02-2023,1.4,
26-02-2023,0.2,
27-02-2023,0,
28-02-2023,0,
01-03-2023,2.2,
02-03-2023,0,
03-03-2023,0,
04-03-2023,0,
05-03-2023,0.8,
06-03-2023,1.8,
07-03-2023,3,
08-03-2023,12.4,
09-03-2023,5.8,
10-03-2023,0.4,
11-03-2023,2.4,
12-03-2023,0,
13-03-2023,7.6,
14-03-2023,0,
15-03-2023,0,
16-03-2023,5.6,
17-03-2023,8.4,
18-03-2023,0.6,
19-03-2023,0,
20-03-2023,0,
21-03-2023,0,
22-03-2023,0,
23-03-2023,11.8,
24-03-2023,0,
25-03-2023,2.8,
26-03-2023,0,
27-03-2023,0,
28-03-2023,0,
29-03-2023,0.2,
30-03-2023,0.6,
31-03-2023,2.2,
01-04-2023,0.2,
02-04-2023,0,
03-04-2023,0,
04-04-2023,0,
05-04-2023,0,
06-04-2023,0,
07-04-2023,0,
08-04-2023,0,
09-04-2023,0,
10-04-2023,0.8,
11-04-2023,9,
12-04-2023,1,
13-04-2023,7.2,
14-04-2023,0.2,
15-04-2023,0,
16-04-2023,0,
17-04-2023,0,
18-04-2023,0,
19-04-2023,0,
20-04-2023,0,
21-04-2023,9.6,
22-04-2023,16.2,
23-04-2023,4.8,
24-04-2023,0.4,
25-04-2023,0,
26-04-2023,0,
27-04-2023,0,
28-04-2023,0,
29-04-2023,0,
30-04-2023,0,
01-05-2023,0,
02-05-2023,0,
03-05-2023,7,
04-05-2023,0.6,
05-05-2023,8.4,
06-05-2023,0,
07-05-2023,0,
08-05-2023,1.4,
09-05-2023,0,
10-05-2023,0,
11-05-2023,0,
12-05-2023,2.4,
13-05-2023,0,
14-05-2023,0,
15-05-2023,0,
16-05-2023,0,
17-05-2023,0,
18-05-2023,0,
19-05-2023,0,
20-05-2023,0,
21-05-2023,0,
22-05-2023,0,
23-05-2023,0,
24-05-2023,0,
25-05-2023,0,
26-05-2023,0.6,
27-05-2023,0.4,
28-05-2023,1.2,
29-05-2023,0.4,
30-05-2023,2.2,
31-05-2023,0.4,
01-06-2023,0,
02-06-2023,0,
03-06-2023,7.4,
04-06-2023,53.2,
05-06-2023,0,
06-06-2023,2.2,
07-06-2023,5.2,
08-06-2023,8,
09-06-2023,3,
10-06-2023,0,
11-06-2023,1.2,
12-06-2023,20.8,
13-06-2023,0,
14-06-2023,0,
15-06-2023,0,
16-06-2023,0,
17-06-2023,1.2,
18-06-2023,12.6,
19-06-2023,4,
20-06-2023,0,
21-06-2023,0,
22-06-2023,0,
23-06-2023,0,
24-06-2023,0,
25-06-2023,0,
26-06-2023,0,
27-06-2023,0,
28-06-2023,0,
29-06-2023,0.2,
30-06-2023,0,
01-07-2023,0,
02-07-2023,0,
03-07-2023,0,
04-07-2023,0,
05-07-2023,0,
06-07-2023,0,
07-07-2023,1.6,
08-07-2023,0.2,
09-07-2023,0,
10-07-2023,0,
11-07-2023,0.2,
12-07-2023,0,
13-07-2023,0,
14-07-2023,5,
15-07-2023,0,
16-07-2023,0,
17-07-2023,0,
18-07-2023,0,
19-07-2023,0,
20-07-2023,0,
21-07-2023,0,
22-07-2023,0,
23-07-2023,1.6,
24-07-2023,0.2,
25-07-2023,0,
26-07-2023,0,
27-07-2023,0,
28-07-2023,2.8,
29-07-2023,2.6,
30-07-2023,0,
31-07-2023,0,
01-08-2023,0.2,
02-08-2023,4.2,
03-08-2023,0,
04-08-2023,0,
05-08-2023,0,
06-08-2023,0,
07-08-2023,0,
08-08-2023,0,
09-08-2023,0,
10-08-2023,0,
11-08-2023,0,
12-08-2023,0,
13-08-2023,0,
14-08-2023,0,
15-08-2023,0,
16-08-2023,0,
17-08-2023,0,
18-08-2023,3.6,
19-08-2023,13.6,
20-08-2023,0,
21-08-2023,0,
22-08-2023,0,
23-08-2023,0,
24-08-2023,0.6,
25-08-2023,0.4,
26-08-2023,1,
27-08-2023,0.2,
28-08-2023,4,
29-08-2023,0.4,
30-08-2023,0,
31-08-2023,0,
01-09-2023,3,
02-09-2023,0.2,
03-09-2023,1.4,
04-09-2023,0.8,
05-09-2023,0,
06-09-2023,0,
07-09-2023,3.8,
08-09-2023,23.4,
09-09-2023,7,
10-09-2023,11,
11-09-2023,0.2,
12-09-2023,0,
13-09-2023,0,
14-09-2023,0,
15-09-2023,14.6,
16-09-2023,0,
17-09-2023,16.6,
18-09-2023,0.4,
19-09-2023,0,
20-09-2023,7.2,
21-09-2023,2.6,
22-09-2023,0,
23-09-2023,0,
24-09-2023,0,
25-09-2023,0,
26-09-2023,0,
27-09-2023,0,
28-09-2023,0,
29-09-2023,0,
30-09-2023,0,
01-10-2023,0,
02-10-2023,0,
03-10-2023,0,
04-10-2023,0,
05-10-2023,0,
06-10-2023,0,
07-10-2023,0,
08-10-2023,0,
09-10-2023,0,
10-10-2023,0,
11-10-2023,0,
12-10-2023,0.8,
13-10-2023,3.6,
14-10-2023,0,
15-10-2023,5.4,
16-10-2023,1,
17-10-2023,7.8,
18-10-2023,33.4,
19-10-2023,31.6,
20-10-2023,7.4,
21-10-2023,0.6,
22-10-2023,4,
23-10-2023,3.2,
24-10-2023,5.2,
25-10-2023,39.8,
26-10-2023,33.4,
27-10-2023,6.2,
28-10-2023,26.4,
29-10-2023,9,
30-10-2023,2.6,
31-10-2023,4,
01-11-2023,24.6,
02-11-2023,16.4,
03-11-2023,21.4,
04-11-2023,9.2,
05-11-2023,12.4,
06-11-2023,6.4,
07-11-2023,0.8,
08-11-2023,12.2,
09-11-2023,1.8,
10-11-2023,14.4,
11-11-2023,5.2,
12-11-2023,0.2,
13-11-2023,0.6,
14-11-2023,11.6,
15-11-2023,7.2,
16-11-2023,0,
17-11-2023,0,
18-11-2023,0,
19-11-2023,0,
20-11-2023,0.2,
21-11-2023,1.6,
22-11-2023,0.4,
23-11-2023,0,
24-11-2023,0.2,
25-11-2023,0.2,
26-11-2023,0.2,
27-11-2023,5.4,
28-11-2023,6.2,
29-11-2023,15.6,
30-11-2023,1.8,
01-12-2023,4.2,
02-12-2023,0.2,
03-12-2023,13.2,
04-12-2023,3,
05-12-2023,0.2,
06-12-2023,4.4,
07-12-2023,23.6,
08-12-2023,1.6,
09-12-2023,2.8,
10-12-2023,1.2,
11-12-2023,14,
12-12-2023,6,
13-12-2023,2.4,
14-12-2023,0.2,
15-12-2023,0.2,
16-12-2023,0.4,
17-12-2023,0.2,
18-12-2023,0,
19-12-2023,4.6,
20-12-2023,0.2,
21-12-2023,0.4,
22-12-2023,0,
23-12-2023,0,
24-12-2023,0,
25-12-2023,0.2,
26-12-2023,0,
27-12-2023,1.4,
28-12-2023,6.4,
29-12-2023,0.4,
30-12-2023,7,
31-12-2023,0.4,
01-01-2024,0,
02-01-2024,14.4,
03-01-2024,0.8,
04-01-2024,13.6,
05-01-2024,14.6,
06-01-2024,0.2,
07-01-2024,0.2,
08-01-2024,1.8,
09-01-2024,2.8,
10-01-2024,5.6,
11-01-2024,0,
12-01-2024,0.2,
13-01-2024,10.8,
14-01-2024,21.8,
15-01-2024,1.4,
16-01-2024,9,
17-01-2024,23.4,
18-01-2024,0.4,
19-01-2024,0.4,
20-01-2024,0,
21-01-2024,0,
22-01-2024,0.8,
23-01-2024,0,
24-01-2024,0,
25-01-2024,0,
26-01-2024,0,
27-01-2024,0,
28-01-2024,0,
29-01-2024,0,
30-01-2024,0,
31-01-2024,0,
01-02-2024,0,
02-02-2024,0,
03-02-2024,0.2,
04-02-2024,0,
05-02-2024,0.2,
06-02-2024,0,
07-02-2024,0.2,
08-02-2024,8.8,
09-02-2024,19.4,
10-02-2024,5.6,
11-02-2024,0.8,
12-02-2024,0.6,
13-02-2024,0,
14-02-2024,0,
15-02-2024,8.6,
16-02-2024,0.2,
17-02-2024,0,
18-02-2024,0,
19-02-2024,0,
20-02-2024,0,
21-02-2024,0,
22-02-2024,16.8,
23-02-2024,18.8,
24-02-2024,12,
25-02-2024,23.8,
26-02-2024,11.2,
27-02-2024,0.2,
28-02-2024,0,
29-02-2024,6.8,
01-03-2024,25.2,
02-03-2024,15.4,
03-03-2024,8.8,
04-03-2024,6.2,
05-03-2024,0.2,
06-03-2024,0,
07-03-2024,2,
08-03-2024,25,
09-03-2024,19.4,
10-03-2024,9.2,
11-03-2024,0,
12-03-2024,0.2,
13-03-2024,0,
14-03-2024,5.8,
15-03-2024,0,
16-03-2024,0,
17-03-2024,0.2,
18-03-2024,0.2,
19-03-2024,0,
20-03-2024,0,
21-03-2024,0,
22-03-2024,0,
23-03-2024,0,
24-03-2024,0,
25-03-2024,4.2,
26-03-2024,7.4,
27-03-2024,17.6,
28-03-2024,9.6,
29-03-2024,12.8,
30-03-2024,2,
31-03-2024,7.6,
01-04-2024,3.4,
02-04-2024,3.2,
03-04-2024,0,
04-04-2024,0,
05-04-2024,7.6,
06-04-2024,0,
07-04-2024,4,
08-04-2024,12.6,
09-04-2024,0,
10-04-2024,0,
11-04-2024,0,
12-04-2024,0,
13-04-2024,0,
14-04-2024,0,
15-04-2024,0,
16-04-2024,0,
17-04-2024,0,
18-04-2024,0,
19-04-2024,0,
20-04-2024,0,
21-04-2024,0,
22-04-2024,0,
23-04-2024,0,
24-04-2024,0,
25-04-2024,6.6,
26-04-2024,26.8,
27-04-2024,10.2,
28-04-2024,2.6,
29-04-2024,0,
30-04-2024,3,
01-05-2024,10,
02-05-2024,5.2,
03-05-2024,20.4,
04-05-2024,16.6,
05-05-2024,4,
06-05-2024,0,
07-05-2024,0,
08-05-2024,0,
09-05-2024,0,
10-05-2024,12.4,
11-05-2024,0,
12-05-2024,0,
13-05-2024,12.6,
14-05-2024,0.8,
15-05-2024,3,
16-05-2024,4.4,
17-05-2024,14.6,
18-05-2024,18,
19-05-2024,1,
20-05-2024,4.2,
21-05-2024,1.4,
22-05-2024,3.2,
23-05-2024,0,
24-05-2024,0,
25-05-2024,0,
26-05-2024,0,
27-05-2024,0,
28-05-2024,0,
29-05-2024,0,
30-05-2024,0,
31-05-2024,0,
01-06-2024,0,
02-06-2024,0,
03-06-2024,0,
04-06-2024,0,
05-06-2024,0,
06-06-2024,0,
07-06-2024,0.2,
08-06-2024,0.2,
09-06-2024,0,
10-06-2024,0,
11-06-2024,0,
12-06-2024,0,
13-06-2024,2,
14-06-2024,0.4,
15-06-2024,0,
16-06-2024,1.8,
17-06-2024,9.2,
18-06-2024,3.4,
19-06-2024,1.4,
20-06-2024,0.4,
21-06-2024,0,
22-06-2024,0,
23-06-2024,0,
24-06-2024,0,
25-06-2024,0,
26-06-2024,0,
27-06-2024,0,
28-06-2024,0,
29-06-2024,0,
30-06-2024,0,
01-07-2024,0,
02-07-2024,0,
03-07-2024,0,
04-07-2024,0,
05-07-2024,2,
06-07-2024,0.4,
07-07-2024,0,
08-07-2024,3.8,
09-07-2024,14.8,
10-07-2024,0.2,
11-07-2024,1,
12-07-2024,0,
13-07-2024,0,
14-07-2024,1.4,
15-07-2024,0,
16-07-2024,0,
17-07-2024,0,
18-07-2024,0,
19-07-2024,0,
20-07-2024,3,
21-07-2024,0,
22-07-2024,0,
23-07-2024,0,
24-07-2024,0,
25-07-2024,0,
26-07-2024,0,
27-07-2024,0,
28-07-2024,0,
29-07-2024,13.4,
30-07-2024,0,
31-07-2024,0,
01-08-2024,0,
02-08-2024,0,
03-08-2024,0,
04-08-2024,0,
05-08-2024,0,
06-08-2024,0,
07-08-2024,0,
08-08-2024,0,
09-08-2024,0,
10-08-2024,0,
11-08-2024,0,
12-08-2024,0.8,
13-08-2024,0,
14-08-2024,0,
15-08-2024,0,
16-08-2024,0,
17-08-2024,1.6,
18-08-2024,0,
19-08-2024,0,
20-08-2024,0,
21-08-2024,0,
22-08-2024,0,
23-08-2024,0,
24-08-2024,6.2,
25-08-2024,0,
26-08-2024,0,
27-08-2024,0,
28-08-2024,0,
29-08-2024,0,
30-08-2024,0,
31-08-2024,0,
01-09-2024,2.6,
02-09-2024,2.8,
03-09-2024,0,
04-09-2024,0.4,
05-09-2024,2.2,
06-09-2024,46.8,
07-09-2024,0,
08-09-2024,0,
09-09-2024,0,
10-09-2024,0,
11-09-2024,1.2,
12-09-2024,2.8,
13-09-2024,0,
14-09-2024,0,
15-09-2024,0,
16-09-2024,0,
17-09-2024,0,
18-09-2024,0,
19-09-2024,0,
20-09-2024,0.8,
21-09-2024,0.2,
22-09-2024,0,
23-09-2024,10.2,
24-09-2024,1.8,
25-09-2024,53.2,
26-09-2024,1.8,
27-09-2024,2.4,
28-09-2024,0,
29-09-2024,0,
30-09-2024,0,
01-10-2024,6.6,
02-10-2024,20.8,
03-10-2024,0.2,
04-10-2024,0.2,
05-10-2024,20,
06-10-2024,3.2,
07-10-2024,4.6,
08-10-2024,39.8,
09-10-2024,17.4,
10-10-2024,0.8,
11-10-2024,6,
12-10-2024,0,
13-10-2024,0,
14-10-2024,0,
15-10-2024,6.6,
16-10-2024,5.8,
17-10-2024,0.4,
18-10-2024,1.8,
19-10-2024,5.4,
20-10-2024,0,
21-10-2024,1.8,
22-10-2024,0,
23-10-2024,0,
24-10-2024,7.4,
25-10-2024,1.8,
26-10-2024,5.6,
27-10-2024,0.2,
28-10-2024,0.2,
29-10-2024,0,
30-10-2024,0,
31-10-2024,0,
01-11-2024,0,
02-11-2024,0,
03-11-2024,0,
04-11-2024,1,
05-11-2024,0,
06-11-2024,0,
07-11-2024,0,
08-11-2024,5.8,
09-11-2024,15.8,
10-11-2024,6.2,
11-11-2024,0,
12-11-2024,0,
13-11-2024,0.2,
14-11-2024,2,
15-11-2024,0.4,
16-11-2024,0.6,
17-11-2024,0.2,
18-11-2024,0.2,
19-11-2024,1,
20-11-2024,2.8,
21-11-2024,22.6,
22-11-2024,0,
23-11-2024,0,
24-11-2024,21.4,
25-11-2024,1.8,
26-11-2024,0,
27-11-2024,0,
28-11-2024,0,
29-11-2024,0.2,
30-11-2024,0.6,
01-12-2024,5,
02-12-2024,0,
03-12-2024,5.6,
04-12-2024,0.8,
05-12-2024,0.2,
06-12-2024,2.2,
07-12-2024,2.8,
08-12-2024,3.6,
09-12-2024,5.2,
10-12-2024,0,
11-12-2024,0,
12-12-2024,0,
13-12-2024,0,
14-12-2024,0,
15-12-2024,0,
16-12-2024,0,
17-12-2024,0,
18-12-2024,19.2,
19-12-2024,1.2,
20-12-2024,0,
21-12-2024,0.8,
22-12-2024,1,
23-12-2024,0.2,
24-12-2024,0,
25-12-2024,0.2,
26-12-2024,0,
27-12-2024,0,
28-12-2024,0,
29-12-2024,0,
30-12-2024,0,
31-12-2024,0,
01-01-2024,0,
02-01-2024,14.4,
03-01-2024,0.8,
04-01-2024,13.6,
05-01-2024,14.6,
06-01-2024,0.2,
07-01-2024,0.2,
08-01-2024,1.8,
09-01-2024,2.8,
10-01-2024,5.6,
11-01-2024,0,
12-01-2024,0.2,
13-01-2024,10.8,
14-01-2024,21.8,
15-01-2024,1.4,
16-01-2024,9,
17-01-2024,23.4,
18-01-2024,0.4,
19-01-2024,0.4,
20-01-2024,0,
21-01-2024,0,
22-01-2024,0.8,
23-01-2024,0,
24-01-2024,0,
25-01-2024,0,
26-01-2024,0,
27-01-2024,0,
28-01-2024,0,
29-01-2024,0,
30-01-2024,0,
31-01-2024,0,
01-02-2024,0,
02-02-2024,0,
03-02-2024,0.2,
04-02-2024,0,
05-02-2024,0.2,
06-02-2024,0,
07-02-2024,0.2,
08-02-2024,8.8,
09-02-2024,19.4,
10-02-2024,5.6,
11-02-2024,0.8,
12-02-2024,0.6,
13-02-2024,0,
14-02-2024,0,
15-02-2024,8.6,
16-02-2024,0.2,
17-02-2024,0,
18-02-2024,0,
19-02-2024,0,
20-02-2024,0,
21-02-2024,0,
22-02-2024,16.8,
23-02-2024,18.8,
24-02-2024,12,
25-02-2024,23.8,
26-02-2024,11.2,
27-02-2024,0.2,
28-02-2024,0,
29-02-2024,6.8,
01-03-2024,25.2,
02-03-2024,15.4,
03-03-2024,8.8,
04-03-2024,6.2,
05-03-2024,0.2,
06-03-2024,0,
07-03-2024,2,
08-03-2024,25,
09-03-2024,19.4,
10-03-2024,9.2,
11-03-2024,0,
12-03-2024,0.2,
13-03-2024,0,
14-03-2024,5.8,
15-03-2024,0,
16-03-2024,0,
17-03-2024,0.2,
18-03-2024,0.2,
19-03-2024,0,
20-03-2024,0,
21-03-2024,0,
22-03-2024,0,
23-03-2024,0,
24-03-2024,0,
25-03-2024,4.2,
26-03-2024,7.4,
27-03-2024,17.6,
28-03-2024,9.6,
29-03-2024,12.8,
30-03-2024,2,
31-03-2024,7.6,
01-04-2024,3.4,
02-04-2024,3.2,
03-04-2024,0,
04-04-2024,0,
05-04-2024,7.6,
06-04-2024,0,
07-04-2024,4,
08-04-2024,12.6,
09-04-2024,0,
10-04-2024,0,
11-04-2024,0,
12-04-2024,0,
13-04-2024,0,
14-04-2024,0,
15-04-2024,0,
16-04-2024,0,
17-04-2024,0,
18-04-2024,0,
19-04-2024,0,
20-04-2024,0,
21-04-2024,0,
22-04-2024,0,
23-04-2024,0,
24-04-2024,0,
25-04-2024,6.6,
26-04-2024,26.8,
27-04-2024,10.2,
28-04-2024,2.6,
29-04-2024,0,
30-04-2024,3,
01-05-2024,10,
02-05-2024,5.2,
03-05-2024,20.4,
04-05-2024,16.6,
05-05-2024,4,
06-05-2024,0,
07-05-2024,0,
08-05-2024,0,
09-05-2024,0,
10-05-2024,12.4,
11-05-2024,0,
12-05-2024,0,
13-05-2024,12.6,
14-05-2024,0.8,
15-05-2024,3,
16-05-2024,4.4,
17-05-2024,14.6,
18-05-2024,18,
19-05-2024,1,
20-05-2024,4.2,
21-05-2024,1.4,
22-05-2024,3.2,
23-05-2024,0,
24-05-2024,0,
25-05-2024,0,
26-05-2024,0,
27-05-2024,0,
28-05-2024,0,
29-05-2024,0,
30-05-2024,0,
31-05-2024,0,
01-06-2024,0,
02-06-2024,0,
03-06-2024,0,
04-06-2024,0,
05-06-2024,0,
06-06-2024,0,
07-06-2024,0.2,
08-06-2024,0.2,
09-06-2024,0,
10-06-2024,0,
11-06-2024,0,
12-06-2024,0,
13-06-2024,2,
14-06-2024,0.4,
15-06-2024,0,
16-06-2024,1.8,
17-06-2024,9.2,
18-06-2024,3.4,
19-06-2024,1.4,
20-06-2024,0.4,
21-06-2024,0,
22-06-2024,0,
23-06-2024,0,
24-06-2024,0,
25-06-2024,0,
26-06-2024,0,
27-06-2024,0,
28-06-2024,0,
29-06-2024,0,
30-06-2024,0,
01-07-2024,0,
02-07-2024,0,
03-07-2024,0,
04-07-2024,0,
05-07-2024,2,
06-07-2024,0.4,
07-07-2024,0,
08-07-2024,3.8,
09-07-2024,14.8,
10-07-2024,0.2,
11-07-2024,1,
12-07-2024,0,
13-07-2024,0,
14-07-2024,1.4,
15-07-2024,0,
16-07-2024,0,
17-07-2024,0,
18-07-2024,0,
19-07-2024,0,
20-07-2024,3,
21-07-2024,0,
22-07-2024,0,
23-07-2024,0,
24-07-2024,0,
25-07-2024,0,
26-07-2024,0,
27-07-2024,0,
28-07-2024,0,
29-07-2024,13.4,
30-07-2024,0,
31-07-2024,0,
01-08-2024,0,
02-08-2024,0,
03-08-2024,0,
04-08-2024,0,
05-08-2024,0,
06-08-2024,0,
07-08-2024,0,
08-08-2024,0,
09-08-2024,0,
10-08-2024,0,
11-08-2024,0,
12-08-2024,0.8,
13-08-2024,0,
14-08-2024,0,
15-08-2024,0,
16-08-2024,0,
17-08-2024,1.6,
18-08-2024,0,
19-08-2024,0,
20-08-2024,0,
21-08-2024,0,
22-08-2024,0,
23-08-2024,0,
24-08-2024,6.2,
25-08-2024,0,
26-08-2024,0,
27-08-2024,0,
28-08-2024,0,
29-08-2024,0,
30-08-2024,0,
31-08-2024,0,
01-09-2024,2.6,
02-09-2024,2.8,
03-09-2024,0,
04-09-2024,0.4,
05-09-2024,2.2,
06-09-2024,46.8,
07-09-2024,0,
08-09-2024,0,
09-09-2024,0,
10-09-2024,0,
11-09-2024,1.2,
12-09-2024,2.8,
13-09-2024,0,
14-09-2024,0,
15-09-2024,0,
16-09-2024,0,
17-09-2024,0,
18-09-2024,0,
19-09-2024,0,
20-09-2024,0.8,
21-09-2024,0.2,
22-09-2024,0,
23-09-2024,10.2,
24-09-2024,1.8,
25-09-2024,53.2,
26-09-2024,1.8,
27-09-2024,2.4,
28-09-2024,0,
29-09-2024,0,
30-09-2024,0,
01-10-2024,6.6,
02-10-2024,20.8,
03-10-2024,0.2,
04-10-2024,0.2,
05-10-2024,20,
06-10-2024,3.2,
07-10-2024,4.6,
08-10-2024,39.8,
09-10-2024,17.4,
10-10-2024,0.8,
11-10-2024,6,
12-10-2024,0,
13-10-2024,0,
14-10-2024,0,
15-10-2024,6.6,
16-10-2024,5.8,
17-10-2024,0.4,
18-10-2024,1.8,
19-10-2024,5.4,
20-10-2024,0,
21-10-2024,1.8,
22-10-2024,0,
23-10-2024,0,
24-10-2024,7.4,
25-10-2024,1.8,
26-10-2024,5.6,
27-10-2024,0.2,
28-10-2024,0.2,
29-10-2024,0,
30-10-2024,0,
31-10-2024,0,
01-11-2024,0,
02-11-2024,0,
03-11-2024,0,
04-11-2024,1,
05-11-2024,0,
06-11-2024,0,
07-11-2024,0,
08-11-2024,5.8,
09-11-2024,15.8,
10-11-2024,6.2,
11-11-2024,0,
12-11-2024,0,
13-11-2024,0.2,
14-11-2024,2,
15-11-2024,0.4,
16-11-2024,0.6,
17-11-2024,0.2,
18-11-2024,0.2,
19-11-2024,1,
20-11-2024,2.8,
21-11-2024,22.6,
22-11-2024,0,
23-11-2024,0,
24-11-2024,21.4,
25-11-2024,1.8,
26-11-2024,0,
27-11-2024,0,
28-11-2024,0,
29-11-2024,0.2,
30-11-2024,0.6,
01-12-2024,5,
02-12-2024,0,
03-12-2024,5.6,
04-12-2024,0.8,
05-12-2024,0.2,
06-12-2024,2.2,
07-12-2024,2.8,
08-12-2024,3.6,
09-12-2024,5.2,
10-12-2024,0,
11-12-2024,0,
12-12-2024,0,
13-12-2024,0,
14-12-2024,0,
15-12-2024,0,
16-12-2024,0,
17-12-2024,0,
18-12-2024,19.2,
19-12-2024,1.2,
20-12-2024,0,
21-12-2024,0.8,
22-12-2024,1,
23-12-2024,0.2,
24-12-2024,0,
25-12-2024,0.2,
26-12-2024,0,
27-12-2024,0,
28-12-2024,0,
29-12-2024,0,
30-12-2024,0,
31-12-2024,0,
01-01-2025,0,
01-01-2025,0,
