Fecha,Racha_Max_Km_h,Hora_Racha,Velocidad_Media_Km_h,Año
01-01-2000,14.04,08:18,2.16,2000
02-01-2000,12.96,09:56,2.16,2000
03-01-2000,10.08,07:40,2.16,2000
04-01-2000,7.92,13:00,1.08,2000
05-01-2000,39.96,13:59,9,2000
06-01-2000,38.16,11:59,9,2000
07-01-2000,7.92,09:24,1.08,2000
08-01-2000,10.08,06:04,0,2000
09-01-2000,23.04,14:11,5.04,2000
10-01-2000,18,13:57,2.16,2000
11-01-2000,11.16,14:37,1.08,2000
12-01-2000,10.08,19:35,1.08,2000
13-01-2000,24.84,16:27,2.16,2000
14-01-2000,16.92,10:46,2.16,2000
15-01-2000,27,14:09,5.04,2000
16-01-2000,15.12,19:16,0,2000
17-01-2000,10.08,16:25,1.08,2000
18-01-2000,10.08,10:18,1.08,2000
19-01-2000,14.04,09:47,5.04,2000
20-01-2000,14.04,14:27,2.16,2000
21-01-2000,11.88,09:24,2.16,2000
22-01-2000,19.08,15:48,1.08,2000
23-01-2000,15.12,16:49,1.08,2000
24-01-2000,18,15:04,2.88,2000
25-01-2000,14.04,14:34,2.16,2000
26-01-2000,38.16,12:56,7.92,2000
27-01-2000,36,13:19,6.12,2000
28-01-2000,7.92,11:50,1.08,2000
29-01-2000,9,13:35,2.16,2000
30-01-2000,21.96,15:33,2.16,2000
31-01-2000,33.84,14:36,2.88,2000
01-02-2000,34.92,06:55,5.04,2000
02-02-2000,21.96,10:44,2.88,2000
03-02-2000,10.08,14:10,2.88,2000
04-02-2000,7.92,17:41,1.08,2000
05-02-2000,24.84,16:19,1.08,2000
06-02-2000,24.12,16:15,2.16,2000
07-02-2000,24.84,14:11,6.12,2000
08-02-2000,29.16,14:46,6.12,2000
09-02-2000,15.12,15:17,2.16,2000
10-02-2000,32.04,11:59,5.04,2000
11-02-2000,14.04,21:22,2.16,2000
12-02-2000,12.96,12:32,3.96,2000
13-02-2000,12.96,17:09,1.08,2000
14-02-2000,14.04,14:53,2.16,2000
15-02-2000,16.92,18:24,1.08,2000
16-02-2000,33.12,14:08,6.84,2000
17-02-2000,21.96,14:00,0,2000
18-02-2000,9,17:38,1.08,2000
19-02-2000,24.12,14:08,3.96,2000
20-02-2000,11.16,Varias,1.08,2000
21-02-2000,18,20:59,2.88,2000
22-02-2000,9,00:44,0,2000
23-02-2000,11.88,16:24,1.08,2000
24-02-2000,11.88,11:44,2.16,2000
25-02-2000,11.16,12:44,2.16,2000
26-02-2000,18,16:46,2.88,2000
27-02-2000,20.16,17:22,2.88,2000
28-02-2000,14.04,16:26,1.08,2000
29-02-2000,21.96,14:07,2.88,2000
01-03-2000,24.84,13:47,2.88,2000
02-03-2000,15.12,15:51,2.16,2000
03-03-2000,23.04,14:03,2.88,2000
04-03-2000,20.16,20:48,2.16,2000
05-03-2000,20.16,15:31,2.16,2000
06-03-2000,10.08,15:57,2.16,2000
07-03-2000,14.04,15:20,2.16,2000
08-03-2000,23.04,13:27,2.16,2000
09-03-2000,11.88,14:01,2.16,2000
10-03-2000,15.12,13:55,2.88,2000
11-03-2000,15.12,20:47,1.08,2000
12-03-2000,24.84,00:22,3.96,2000
13-03-2000,18,21:25,3.96,2000
14-03-2000,20.88,14:46,2.88,2000
15-03-2000,19.08,14:34,3.96,2000
16-03-2000,19.08,19:14,2.88,2000
17-03-2000,21.96,19:09,2.88,2000
18-03-2000,21.96,19:34,3.96,2000
19-03-2000,28.08,16:33,3.96,2000
20-03-2000,25.92,14:47,2.16,2000
21-03-2000,25.92,13:10,3.96,2000
22-03-2000,29.16,13:32,5.04,2000
23-03-2000,21.96,17:29,5.04,2000
24-03-2000,23.04,11:45,2.16,2000
25-03-2000,29.88,13:25,2.16,2000
26-03-2000,11.16,03:14,2.16,2000
27-03-2000,28.08,15:50,5.04,2000
28-03-2000,33.84,13:03,5.04,2000
29-03-2000,20.88,16:23,2.88,2000
30-03-2000,21.96,14:39,3.96,2000
31-03-2000,20.16,16:04,2.88,2000
01-04-2000,48.96,20:42,3.96,2000
02-04-2000,36,00:53,5.04,2000
03-04-2000,27,07:33,6.84,2000
04-04-2000,33.84,13:22,6.12,2000
05-04-2000,21.96,15:14,3.96,2000
06-04-2000,28.08,14:49,3.96,2000
07-04-2000,16.92,21:13,2.16,2000
08-04-2000,18,15:40,5.04,2000
09-04-2000,24.12,22:37,2.88,2000
10-04-2000,24.84,16:35,6.84,2000
11-04-2000,36,14:34,6.84,2000
12-04-2000,32.04,14:47,6.12,2000
13-04-2000,27,17:07,2.16,2000
14-04-2000,46.08,13:08,6.84,2000
15-04-2000,41.04,12:17,9,2000
16-04-2000,39.96,12:26,6.12,2000
17-04-2000,42.12,14:23,11.16,2000
18-04-2000,42.12,06:56,10.08,2000
19-04-2000,37.08,15:36,11.88,2000
20-04-2000,46.08,16:10,11.16,2000
21-04-2000,45,14:20,15.12,2000
22-04-2000,46.08,12:10,5.04,2000
23-04-2000,41.04,13:37,7.92,2000
24-04-2000,36,14:18,11.88,2000
25-04-2000,41.04,15:06,5.04,2000
26-04-2000,32.04,14:41,2.88,2000
27-04-2000,36,17:06,6.84,2000
28-04-2000,23.04,11:11,2.88,2000
29-04-2000,42.84,15:50,7.92,2000
30-04-2000,25.92,08:43,2.16,2000
01-05-2000,23.04,14:25,1.08,2000
02-05-2000,28.08,11:11,3.96,2000
03-05-2000,37.08,14:48,5.04,2000
04-05-2000,34.92,15:08,3.96,2000
05-05-2000,36,16:03,1.08,2000
06-05-2000,20.88,14:48,1.08,2000
07-05-2000,27,12:35,5.04,2000
08-05-2000,32.04,11:30,2.88,2000
09-05-2000,21.96,12:09,0,2000
10-05-2000,20.88,14:33,5.04,2000
11-05-2000,24.12,14:49,2.88,2000
12-05-2000,21.96,16:47,3.96,2000
13-05-2000,29.88,15:01,6.12,2000
14-05-2000,21.96,16:25,5.04,2000
15-05-2000,20.88,18:46,2.88,2000
16-05-2000,23.04,18:28,5.04,2000
17-05-2000,23.04,17:13,5.04,2000
18-05-2000,27,16:44,6.84,2000
19-05-2000,29.16,17:50,7.92,2000
20-05-2000,29.16,16:38,5.04,2000
21-05-2000,29.88,16:14,6.84,2000
22-05-2000,24.12,19:45,6.12,2000
23-05-2000,30.96,16:35,3.96,2000
24-05-2000,24.84,14:08,6.84,2000
25-05-2000,30.96,16:30,5.04,2000
26-05-2000,38.16,12:06,6.12,2000
27-05-2000,33.84,14:21,9,2000
28-05-2000,29.88,15:28,5.04,2000
29-05-2000,23.04,15:14,6.84,2000
30-05-2000,23.04,16:32,3.96,2000
31-05-2000,16.92,18:43,3.96,2000
01-06-2000,24.84,14:51,3.96,2000
02-06-2000,25.92,15:08,5.04,2000
03-06-2000,27,18:50,6.12,2000
04-06-2000,25.92,15:57,5.04,2000
05-06-2000,24.12,13:02,6.12,2000
06-06-2000,24.84,18:46,3.96,2000
07-06-2000,25.92,18:12,6.12,2000
08-06-2000,42.84,16:50,7.92,2000
09-06-2000,30.96,11:02,5.04,2000
10-06-2000,28.08,14:01,5.04,2000
11-06-2000,29.16,15:04,3.96,2000
12-06-2000,20.88,17:54,5.04,2000
13-06-2000,21.96,17:17,3.96,2000
14-06-2000,25.92,18:21,2.88,2000
15-06-2000,25.92,14:03,2.88,2000
16-06-2000,33.12,13:56,5.04,2000
17-06-2000,30.96,15:02,6.12,2000
18-06-2000,38.88,14:33,7.92,2000
19-06-2000,36,13:44,7.92,2000
20-06-2000,33.84,12:26,6.84,2000
21-06-2000,29.16,13:57,9,2000
22-06-2000,29.88,16:07,6.12,2000
23-06-2000,32.04,13:13,6.84,2000
24-06-2000,29.88,21:28,6.12,2000
25-06-2000,23.04,19:22,5.04,2000
26-06-2000,29.88,16:55,6.12,2000
27-06-2000,34.92,15:58,9,2000
28-06-2000,24.12,14:50,3.96,2000
29-06-2000,24.84,18:13,6.84,2000
30-06-2000,29.16,14:17,5.04,2000
01-07-2000,29.16,15:04,6.12,2000
02-07-2000,39.96,12:49,11.16,2000
03-07-2000,34.92,15:47,6.12,2000
04-07-2000,23.04,15:55,5.04,2000
05-07-2000,24.12,16:14,6.12,2000
06-07-2000,38.16,16:45,7.92,2000
07-07-2000,32.04,20:19,3.96,2000
08-07-2000,27,17:28,6.12,2000
09-07-2000,27,17:23,6.84,2000
10-07-2000,29.16,10:22,10.08,2000
11-07-2000,32.04,18:09,6.12,2000
12-07-2000,28.08,15:03,5.04,2000
13-07-2000,29.88,17:13,5.04,2000
14-07-2000,29.88,17:27,6.12,2000
15-07-2000,33.84,17:47,6.84,2000
16-07-2000,25.92,16:34,6.84,2000
17-07-2000,25.92,17:18,5.04,2000
18-07-2000,24.84,15:55,6.84,2000
19-07-2000,19.08,19:15,5.04,2000
20-07-2000,25.92,16:26,5.04,2000
21-07-2000,30.96,17:40,6.12,2000
22-07-2000,32.04,15:27,7.92,2000
23-07-2000,24.12,13:13,3.96,2000
24-07-2000,29.16,12:09,6.12,2000
25-07-2000,42.84,14:25,11.16,2000
26-07-2000,27,13:42,6.84,2000
27-07-2000,24.12,16:46,5.04,2000
28-07-2000,21.96,15:05,5.04,2000
29-07-2000,23.04,18:40,5.04,2000
30-07-2000,20.88,15:33,5.04,2000
31-07-2000,25.92,16:04,3.96,2000
01-08-2000,23.04,20:22,5.04,2000
02-08-2000,32.04,16:48,6.12,2000
03-08-2000,29.88,17:12,5.04,2000
04-08-2000,30.96,15:28,5.04,2000
05-08-2000,28.08,15:48,5.04,2000
06-08-2000,29.88,19:26,5.04,2000
07-08-2000,21.96,15:58,3.96,2000
08-08-2000,25.92,13:55,5.04,2000
09-08-2000,34.92,18:32,5.04,2000
10-08-2000,24.12,13:17,6.12,2000
11-08-2000,20.16,15:04,3.96,2000
12-08-2000,24.12,17:28,6.12,2000
13-08-2000,32.04,14:10,6.12,2000
14-08-2000,20.88,11:22,5.04,2000
15-08-2000,19.08,13:08,5.04,2000
16-08-2000,29.88,15:33,6.12,2000
17-08-2000,23.04,16:20,5.04,2000
18-08-2000,25.92,14:00,6.12,2000
19-08-2000,37.08,12:59,7.92,2000
20-08-2000,33.84,16:11,6.12,2000
21-08-2000,32.04,15:17,7.92,2000
22-08-2000,52.92,12:53,11.88,2000
23-08-2000,45,13:53,9,2000
24-08-2000,36,13:23,7.92,2000
25-08-2000,23.04,15:21,3.96,2000
26-08-2000,24.84,17:03,3.96,2000
27-08-2000,24.12,20:29,2.88,2000
28-08-2000,20.88,14:38,3.96,2000
29-08-2000,24.12,15:00,5.04,2000
30-08-2000,23.04,17:06,5.04,2000
31-08-2000,23.04,18:08,2.88,2000
01-09-2000,25.92,10:28,3.96,2000
02-09-2000,25.92,14:40,5.04,2000
03-09-2000,20.88,11:46,5.04,2000
04-09-2000,23.04,20:23,5.04,2000
05-09-2000,19.08,14:46,2.88,2000
06-09-2000,23.04,18:04,3.96,2000
07-09-2000,20.88,16:49,3.96,2000
08-09-2000,19.08,15:01,3.96,2000
09-09-2000,21.96,13:53,2.88,2000
10-09-2000,19.08,16:50,2.16,2000
11-09-2000,24.12,15:08,5.04,2000
12-09-2000,18,13:26,2.16,2000
13-09-2000,24.12,17:08,5.04,2000
14-09-2000,19.08,15:43,5.04,2000
15-09-2000,25.92,15:36,5.04,2000
16-09-2000,28.08,16:31,6.12,2000
17-09-2000,18,17:09,2.88,2000
18-09-2000,32.04,14:40,6.12,2000
19-09-2000,38.88,11:05,2.88,2000
20-09-2000,34.92,16:25,6.12,2000
21-09-2000,25.92,15:29,2.88,2000
22-09-2000,21.96,15:20,3.96,2000
23-09-2000,29.88,13:23,5.04,2000
24-09-2000,14.04,16:42,2.88,2000
25-09-2000,23.04,20:29,2.88,2000
26-09-2000,21.96,16:04,2.88,2000
27-09-2000,25.92,15:36,5.04,2000
28-09-2000,39.96,14:36,3.96,2000
29-09-2000,37.08,13:54,2.16,2000
30-09-2000,27,16:24,6.84,2000
01-10-2000,21.96,15:13,0,2000
02-10-2000,14.04,14:01,1.08,2000
03-10-2000,11.88,06:24,2.88,2000
04-10-2000,19.08,16:36,3.96,2000
05-10-2000,24.84,15:20,3.96,2000
06-10-2000,21.96,13:05,3.96,2000
07-10-2000,14.04,10:45,1.08,2000
08-10-2000,21.96,16:31,2.88,2000
09-10-2000,20.88,14:04,2.16,2000
10-10-2000,37.08,16:36,7.92,2000
11-10-2000,52.92,01:34,6.12,2000
12-10-2000,21.96,13:55,2.88,2000
13-10-2000,20.16,15:36,0,2000
14-10-2000,7.92,08:14,1.08,2000
15-10-2000,6.84,Varias,0,2000
16-10-2000,11.16,16:08,2.88,2000
17-10-2000,16.92,15:23,2.16,2000
18-10-2000,20.88,17:10,2.88,2000
19-10-2000,19.08,13:33,2.88,2000
20-10-2000,21.96,14:52,2.88,2000
21-10-2000,25.92,15:32,3.96,2000
22-10-2000,11.16,03:17,2.16,2000
23-10-2000,20.16,15:07,1.08,2000
24-10-2000,9,06:54,2.16,2000
25-10-2000,15.84,16:34,1.08,2000
26-10-2000,9,12:44,1.08,2000
27-10-2000,12.96,12:53,3.96,2000
28-10-2000,33.12,13:32,5.04,2000
29-10-2000,11.88,18:33,2.88,2000
30-10-2000,46.08,11:24,11.16,2000
31-10-2000,29.88,11:42,3.96,2000
01-11-2000,25.92,19:22,2.88,2000
02-11-2000,28.08,15:34,6.84,2000
03-11-2000,34.92,01:09,2.16,2000
04-11-2000,19.08,19:42,1.08,2000
05-11-2000,55.08,19:19,11.88,2000
06-11-2000,51.84,12:53,10.08,2000
07-11-2000,41.04,14:19,6.84,2000
08-11-2000,23.04,12:38,3.96,2000
09-11-2000,18,14:01,2.16,2000
10-11-2000,11.88,07:59,2.88,2000
11-11-2000,14.04,05:52,2.88,2000
12-11-2000,37.08,11:28,9,2000
13-11-2000,27,14:30,1.08,2000
14-11-2000,19.08,14:51,2.16,2000
15-11-2000,11.16,05:30,2.16,2000
16-11-2000,24.84,17:50,2.88,2000
17-11-2000,7.92,15:33,1.08,2000
18-11-2000,9,18:42,2.16,2000
19-11-2000,21.96,13:55,3.96,2000
20-11-2000,14.04,12:48,2.88,2000
21-11-2000,23.04,21:11,5.04,2000
22-11-2000,29.16,23:44,1.08,2000
23-11-2000,29.88,12:24,2.16,2000
24-11-2000,30.96,09:56,1.08,2000
25-11-2000,34.92,13:04,9,2000
26-11-2000,29.88,17:34,5.04,2000
27-11-2000,36,22:35,6.84,2000
28-11-2000,56.16,09:33,15.84,2000
29-11-2000,36,00:27,6.84,2000
30-11-2000,54,12:36,15.84,2000
01-12-2000,36,12:08,6.84,2000
02-12-2000,33.84,13:05,3.96,2000
03-12-2000,34.92,20:44,11.16,2000
04-12-2000,29.88,Varias,1.08,2000
05-12-2000,47.88,08:36,9,2000
06-12-2000,43.92,23:52,10.08,2000
07-12-2000,69.12,06:18,9,2000
08-12-2000,0,,0,2000
09-12-2000,0,,0,2000
10-12-2000,27,22:59,5.04,2000
11-12-2000,36,05:23,6.12,2000
12-12-2000,51.12,14:32,14.04,2000
13-12-2000,23.04,14:20,2.16,2000
14-12-2000,15.12,12:04,1.08,2000
15-12-2000,11.88,16:15,1.08,2000
16-12-2000,11.16,11:32,1.08,2000
17-12-2000,32.04,09:56,5.04,2000
18-12-2000,37.08,23:46,9,2000
19-12-2000,54,21:12,11.88,2000
20-12-2000,34.92,03:45,2.88,2000
21-12-2000,65.88,19:40,14.04,2000
22-12-2000,61.92,02:20,6.84,2000
23-12-2000,45,11:23,11.16,2000
24-12-2000,29.16,05:01,6.12,2000
25-12-2000,43.92,19:10,3.96,2000
26-12-2000,50.04,11:35,7.92,2000
27-12-2000,28.08,16:21,2.88,2000
28-12-2000,46.08,12:14,10.08,2000
29-12-2000,50.04,19:00,9,2000
30-12-2000,56.88,00:16,3.96,2000
31-12-2000,47.16,19:03,6.84,2000
01-01-2000,14.04,08:18,2.16,2000
02-01-2000,12.96,09:56,2.16,2000
03-01-2000,10.08,07:40,2.16,2000
04-01-2000,7.92,13:00,1.08,2000
05-01-2000,39.96,13:59,9,2000
06-01-2000,38.16,11:59,9,2000
07-01-2000,7.92,09:24,1.08,2000
08-01-2000,10.08,06:04,0,2000
09-01-2000,23.04,14:11,5.04,2000
10-01-2000,18,13:57,2.16,2000
11-01-2000,11.16,14:37,1.08,2000
12-01-2000,10.08,19:35,1.08,2000
13-01-2000,24.84,16:27,2.16,2000
14-01-2000,16.92,10:46,2.16,2000
15-01-2000,27,14:09,5.04,2000
16-01-2000,15.12,19:16,0,2000
17-01-2000,10.08,16:25,1.08,2000
18-01-2000,10.08,10:18,1.08,2000
19-01-2000,14.04,09:47,5.04,2000
20-01-2000,14.04,14:27,2.16,2000
21-01-2000,11.88,09:24,2.16,2000
22-01-2000,19.08,15:48,1.08,2000
23-01-2000,15.12,16:49,1.08,2000
24-01-2000,18,15:04,2.88,2000
25-01-2000,14.04,14:34,2.16,2000
26-01-2000,38.16,12:56,7.92,2000
27-01-2000,36,13:19,6.12,2000
28-01-2000,7.92,11:50,1.08,2000
29-01-2000,9,13:35,2.16,2000
30-01-2000,21.96,15:33,2.16,2000
31-01-2000,33.84,14:36,2.88,2000
01-02-2000,34.92,06:55,5.04,2000
02-02-2000,21.96,10:44,2.88,2000
03-02-2000,10.08,14:10,2.88,2000
04-02-2000,7.92,17:41,1.08,2000
05-02-2000,24.84,16:19,1.08,2000
06-02-2000,24.12,16:15,2.16,2000
07-02-2000,24.84,14:11,6.12,2000
08-02-2000,29.16,14:46,6.12,2000
09-02-2000,15.12,15:17,2.16,2000
10-02-2000,32.04,11:59,5.04,2000
11-02-2000,14.04,21:22,2.16,2000
12-02-2000,12.96,12:32,3.96,2000
13-02-2000,12.96,17:09,1.08,2000
14-02-2000,14.04,14:53,2.16,2000
15-02-2000,16.92,18:24,1.08,2000
16-02-2000,33.12,14:08,6.84,2000
17-02-2000,21.96,14:00,0,2000
18-02-2000,9,17:38,1.08,2000
19-02-2000,24.12,14:08,3.96,2000
20-02-2000,11.16,Varias,1.08,2000
21-02-2000,18,20:59,2.88,2000
22-02-2000,9,00:44,0,2000
23-02-2000,11.88,16:24,1.08,2000
24-02-2000,11.88,11:44,2.16,2000
25-02-2000,11.16,12:44,2.16,2000
26-02-2000,18,16:46,2.88,2000
27-02-2000,20.16,17:22,2.88,2000
28-02-2000,14.04,16:26,1.08,2000
29-02-2000,21.96,14:07,2.88,2000
01-03-2000,24.84,13:47,2.88,2000
02-03-2000,15.12,15:51,2.16,2000
03-03-2000,23.04,14:03,2.88,2000
04-03-2000,20.16,20:48,2.16,2000
05-03-2000,20.16,15:31,2.16,2000
06-03-2000,10.08,15:57,2.16,2000
07-03-2000,14.04,15:20,2.16,2000
08-03-2000,23.04,13:27,2.16,2000
09-03-2000,11.88,14:01,2.16,2000
10-03-2000,15.12,13:55,2.88,2000
11-03-2000,15.12,20:47,1.08,2000
12-03-2000,24.84,00:22,3.96,2000
13-03-2000,18,21:25,3.96,2000
14-03-2000,20.88,14:46,2.88,2000
15-03-2000,19.08,14:34,3.96,2000
16-03-2000,19.08,19:14,2.88,2000
17-03-2000,21.96,19:09,2.88,2000
18-03-2000,21.96,19:34,3.96,2000
19-03-2000,28.08,16:33,3.96,2000
20-03-2000,25.92,14:47,2.16,2000
21-03-2000,25.92,13:10,3.96,2000
22-03-2000,29.16,13:32,5.04,2000
23-03-2000,21.96,17:29,5.04,2000
24-03-2000,23.04,11:45,2.16,2000
25-03-2000,29.88,13:25,2.16,2000
26-03-2000,11.16,03:14,2.16,2000
27-03-2000,28.08,15:50,5.04,2000
28-03-2000,33.84,13:03,5.04,2000
29-03-2000,20.88,16:23,2.88,2000
30-03-2000,21.96,14:39,3.96,2000
31-03-2000,20.16,16:04,2.88,2000
01-04-2000,48.96,20:42,3.96,2000
02-04-2000,36,00:53,5.04,2000
03-04-2000,27,07:33,6.84,2000
04-04-2000,33.84,13:22,6.12,2000
05-04-2000,21.96,15:14,3.96,2000
06-04-2000,28.08,14:49,3.96,2000
07-04-2000,16.92,21:13,2.16,2000
08-04-2000,18,15:40,5.04,2000
09-04-2000,24.12,22:37,2.88,2000
10-04-2000,24.84,16:35,6.84,2000
11-04-2000,36,14:34,6.84,2000
12-04-2000,32.04,14:47,6.12,2000
13-04-2000,27,17:07,2.16,2000
14-04-2000,46.08,13:08,6.84,2000
15-04-2000,41.04,12:17,9,2000
16-04-2000,39.96,12:26,6.12,2000
17-04-2000,42.12,14:23,11.16,2000
18-04-2000,42.12,06:56,10.08,2000
19-04-2000,37.08,15:36,11.88,2000
20-04-2000,46.08,16:10,11.16,2000
21-04-2000,45,14:20,15.12,2000
22-04-2000,46.08,12:10,5.04,2000
23-04-2000,41.04,13:37,7.92,2000
24-04-2000,36,14:18,11.88,2000
25-04-2000,41.04,15:06,5.04,2000
26-04-2000,32.04,14:41,2.88,2000
27-04-2000,36,17:06,6.84,2000
28-04-2000,23.04,11:11,2.88,2000
29-04-2000,42.84,15:50,7.92,2000
30-04-2000,25.92,08:43,2.16,2000
01-05-2000,23.04,14:25,1.08,2000
02-05-2000,28.08,11:11,3.96,2000
03-05-2000,37.08,14:48,5.04,2000
04-05-2000,34.92,15:08,3.96,2000
05-05-2000,36,16:03,1.08,2000
06-05-2000,20.88,14:48,1.08,2000
07-05-2000,27,12:35,5.04,2000
08-05-2000,32.04,11:30,2.88,2000
09-05-2000,21.96,12:09,0,2000
10-05-2000,20.88,14:33,5.04,2000
11-05-2000,24.12,14:49,2.88,2000
12-05-2000,21.96,16:47,3.96,2000
13-05-2000,29.88,15:01,6.12,2000
14-05-2000,21.96,16:25,5.04,2000
15-05-2000,20.88,18:46,2.88,2000
16-05-2000,23.04,18:28,5.04,2000
17-05-2000,23.04,17:13,5.04,2000
18-05-2000,27,16:44,6.84,2000
19-05-2000,29.16,17:50,7.92,2000
20-05-2000,29.16,16:38,5.04,2000
21-05-2000,29.88,16:14,6.84,2000
22-05-2000,24.12,19:45,6.12,2000
23-05-2000,30.96,16:35,3.96,2000
24-05-2000,24.84,14:08,6.84,2000
25-05-2000,30.96,16:30,5.04,2000
26-05-2000,38.16,12:06,6.12,2000
27-05-2000,33.84,14:21,9,2000
28-05-2000,29.88,15:28,5.04,2000
29-05-2000,23.04,15:14,6.84,2000
30-05-2000,23.04,16:32,3.96,2000
31-05-2000,16.92,18:43,3.96,2000
01-06-2000,24.84,14:51,3.96,2000
02-06-2000,25.92,15:08,5.04,2000
03-06-2000,27,18:50,6.12,2000
04-06-2000,25.92,15:57,5.04,2000
05-06-2000,24.12,13:02,6.12,2000
06-06-2000,24.84,18:46,3.96,2000
07-06-2000,25.92,18:12,6.12,2000
08-06-2000,42.84,16:50,7.92,2000
09-06-2000,30.96,11:02,5.04,2000
10-06-2000,28.08,14:01,5.04,2000
11-06-2000,29.16,15:04,3.96,2000
12-06-2000,20.88,17:54,5.04,2000
13-06-2000,21.96,17:17,3.96,2000
14-06-2000,25.92,18:21,2.88,2000
15-06-2000,25.92,14:03,2.88,2000
16-06-2000,33.12,13:56,5.04,2000
17-06-2000,30.96,15:02,6.12,2000
18-06-2000,38.88,14:33,7.92,2000
19-06-2000,36,13:44,7.92,2000
20-06-2000,33.84,12:26,6.84,2000
21-06-2000,29.16,13:57,9,2000
22-06-2000,29.88,16:07,6.12,2000
23-06-2000,32.04,13:13,6.84,2000
24-06-2000,29.88,21:28,6.12,2000
25-06-2000,23.04,19:22,5.04,2000
26-06-2000,29.88,16:55,6.12,2000
27-06-2000,34.92,15:58,9,2000
28-06-2000,24.12,14:50,3.96,2000
29-06-2000,24.84,18:13,6.84,2000
30-06-2000,29.16,14:17,5.04,2000
01-07-2000,29.16,15:04,6.12,2000
02-07-2000,39.96,12:49,11.16,2000
03-07-2000,34.92,15:47,6.12,2000
04-07-2000,23.04,15:55,5.04,2000
05-07-2000,24.12,16:14,6.12,2000
06-07-2000,38.16,16:45,7.92,2000
07-07-2000,32.04,20:19,3.96,2000
08-07-2000,27,17:28,6.12,2000
09-07-2000,27,17:23,6.84,2000
10-07-2000,29.16,10:22,10.08,2000
11-07-2000,32.04,18:09,6.12,2000
12-07-2000,28.08,15:03,5.04,2000
13-07-2000,29.88,17:13,5.04,2000
14-07-2000,29.88,17:27,6.12,2000
15-07-2000,33.84,17:47,6.84,2000
16-07-2000,25.92,16:34,6.84,2000
17-07-2000,25.92,17:18,5.04,2000
18-07-2000,24.84,15:55,6.84,2000
19-07-2000,19.08,19:15,5.04,2000
20-07-2000,25.92,16:26,5.04,2000
21-07-2000,30.96,17:40,6.12,2000
22-07-2000,32.04,15:27,7.92,2000
23-07-2000,24.12,13:13,3.96,2000
24-07-2000,29.16,12:09,6.12,2000
25-07-2000,42.84,14:25,11.16,2000
26-07-2000,27,13:42,6.84,2000
27-07-2000,24.12,16:46,5.04,2000
28-07-2000,21.96,15:05,5.04,2000
29-07-2000,23.04,18:40,5.04,2000
30-07-2000,20.88,15:33,5.04,2000
31-07-2000,25.92,16:04,3.96,2000
01-08-2000,23.04,20:22,5.04,2000
02-08-2000,32.04,16:48,6.12,2000
03-08-2000,29.88,17:12,5.04,2000
04-08-2000,30.96,15:28,5.04,2000
05-08-2000,28.08,15:48,5.04,2000
06-08-2000,29.88,19:26,5.04,2000
07-08-2000,21.96,15:58,3.96,2000
08-08-2000,25.92,13:55,5.04,2000
09-08-2000,34.92,18:32,5.04,2000
10-08-2000,24.12,13:17,6.12,2000
11-08-2000,20.16,15:04,3.96,2000
12-08-2000,24.12,17:28,6.12,2000
13-08-2000,32.04,14:10,6.12,2000
14-08-2000,20.88,11:22,5.04,2000
15-08-2000,19.08,13:08,5.04,2000
16-08-2000,29.88,15:33,6.12,2000
17-08-2000,23.04,16:20,5.04,2000
18-08-2000,25.92,14:00,6.12,2000
19-08-2000,37.08,12:59,7.92,2000
20-08-2000,33.84,16:11,6.12,2000
21-08-2000,32.04,15:17,7.92,2000
22-08-2000,52.92,12:53,11.88,2000
23-08-2000,45,13:53,9,2000
24-08-2000,36,13:23,7.92,2000
25-08-2000,23.04,15:21,3.96,2000
26-08-2000,24.84,17:03,3.96,2000
27-08-2000,24.12,20:29,2.88,2000
28-08-2000,20.88,14:38,3.96,2000
29-08-2000,24.12,15:00,5.04,2000
30-08-2000,23.04,17:06,5.04,2000
31-08-2000,23.04,18:08,2.88,2000
01-09-2000,25.92,10:28,3.96,2000
02-09-2000,25.92,14:40,5.04,2000
03-09-2000,20.88,11:46,5.04,2000
04-09-2000,23.04,20:23,5.04,2000
05-09-2000,19.08,14:46,2.88,2000
06-09-2000,23.04,18:04,3.96,2000
07-09-2000,20.88,16:49,3.96,2000
08-09-2000,19.08,15:01,3.96,2000
09-09-2000,21.96,13:53,2.88,2000
10-09-2000,19.08,16:50,2.16,2000
11-09-2000,24.12,15:08,5.04,2000
12-09-2000,18,13:26,2.16,2000
13-09-2000,24.12,17:08,5.04,2000
14-09-2000,19.08,15:43,5.04,2000
15-09-2000,25.92,15:36,5.04,2000
16-09-2000,28.08,16:31,6.12,2000
17-09-2000,18,17:09,2.88,2000
18-09-2000,32.04,14:40,6.12,2000
19-09-2000,38.88,11:05,2.88,2000
20-09-2000,34.92,16:25,6.12,2000
21-09-2000,25.92,15:29,2.88,2000
22-09-2000,21.96,15:20,3.96,2000
23-09-2000,29.88,13:23,5.04,2000
24-09-2000,14.04,16:42,2.88,2000
25-09-2000,23.04,20:29,2.88,2000
26-09-2000,21.96,16:04,2.88,2000
27-09-2000,25.92,15:36,5.04,2000
28-09-2000,39.96,14:36,3.96,2000
29-09-2000,37.08,13:54,2.16,2000
30-09-2000,27,16:24,6.84,2000
01-10-2000,21.96,15:13,0,2000
02-10-2000,14.04,14:01,1.08,2000
03-10-2000,11.88,06:24,2.88,2000
04-10-2000,19.08,16:36,3.96,2000
05-10-2000,24.84,15:20,3.96,2000
06-10-2000,21.96,13:05,3.96,2000
07-10-2000,14.04,10:45,1.08,2000
08-10-2000,21.96,16:31,2.88,2000
09-10-2000,20.88,14:04,2.16,2000
10-10-2000,37.08,16:36,7.92,2000
11-10-2000,52.92,01:34,6.12,2000
12-10-2000,21.96,13:55,2.88,2000
13-10-2000,20.16,15:36,0,2000
14-10-2000,7.92,08:14,1.08,2000
15-10-2000,6.84,Varias,0,2000
16-10-2000,11.16,16:08,2.88,2000
17-10-2000,16.92,15:23,2.16,2000
18-10-2000,20.88,17:10,2.88,2000
19-10-2000,19.08,13:33,2.88,2000
20-10-2000,21.96,14:52,2.88,2000
21-10-2000,25.92,15:32,3.96,2000
22-10-2000,11.16,03:17,2.16,2000
23-10-2000,20.16,15:07,1.08,2000
24-10-2000,9,06:54,2.16,2000
25-10-2000,15.84,16:34,1.08,2000
26-10-2000,9,12:44,1.08,2000
27-10-2000,12.96,12:53,3.96,2000
28-10-2000,33.12,13:32,5.04,2000
29-10-2000,11.88,18:33,2.88,2000
30-10-2000,46.08,11:24,11.16,2000
31-10-2000,29.88,11:42,3.96,2000
01-11-2000,25.92,19:22,2.88,2000
02-11-2000,28.08,15:34,6.84,2000
03-11-2000,34.92,01:09,2.16,2000
04-11-2000,19.08,19:42,1.08,2000
05-11-2000,55.08,19:19,11.88,2000
06-11-2000,51.84,12:53,10.08,2000
07-11-2000,41.04,14:19,6.84,2000
08-11-2000,23.04,12:38,3.96,2000
09-11-2000,18,14:01,2.16,2000
10-11-2000,11.88,07:59,2.88,2000
11-11-2000,14.04,05:52,2.88,2000
12-11-2000,37.08,11:28,9,2000
13-11-2000,27,14:30,1.08,2000
14-11-2000,19.08,14:51,2.16,2000
15-11-2000,11.16,05:30,2.16,2000
16-11-2000,24.84,17:50,2.88,2000
17-11-2000,7.92,15:33,1.08,2000
18-11-2000,9,18:42,2.16,2000
19-11-2000,21.96,13:55,3.96,2000
20-11-2000,14.04,12:48,2.88,2000
21-11-2000,23.04,21:11,5.04,2000
22-11-2000,29.16,23:44,1.08,2000
23-11-2000,29.88,12:24,2.16,2000
24-11-2000,30.96,09:56,1.08,2000
25-11-2000,34.92,13:04,9,2000
26-11-2000,29.88,17:34,5.04,2000
27-11-2000,36,22:35,6.84,2000
28-11-2000,56.16,09:33,15.84,2000
29-11-2000,36,00:27,6.84,2000
30-11-2000,54,12:36,15.84,2000
01-12-2000,36,12:08,6.84,2000
02-12-2000,33.84,13:05,3.96,2000
03-12-2000,34.92,20:44,11.16,2000
04-12-2000,29.88,Varias,1.08,2000
05-12-2000,47.88,08:36,9,2000
06-12-2000,43.92,23:52,10.08,2000
07-12-2000,69.12,06:18,9,2000
08-12-2000,0,,0,2000
09-12-2000,0,,0,2000
10-12-2000,27,22:59,5.04,2000
11-12-2000,36,05:23,6.12,2000
12-12-2000,51.12,14:32,14.04,2000
13-12-2000,23.04,14:20,2.16,2000
14-12-2000,15.12,12:04,1.08,2000
15-12-2000,11.88,16:15,1.08,2000
16-12-2000,11.16,11:32,1.08,2000
17-12-2000,32.04,09:56,5.04,2000
18-12-2000,37.08,23:46,9,2000
19-12-2000,54,21:12,11.88,2000
20-12-2000,34.92,03:45,2.88,2000
21-12-2000,65.88,19:40,14.04,2000
22-12-2000,61.92,02:20,6.84,2000
23-12-2000,45,11:23,11.16,2000
24-12-2000,29.16,05:01,6.12,2000
25-12-2000,43.92,19:10,3.96,2000
26-12-2000,50.04,11:35,7.92,2000
27-12-2000,28.08,16:21,2.88,2000
28-12-2000,46.08,12:14,10.08,2000
29-12-2000,50.04,19:00,9,2000
30-12-2000,56.88,00:16,3.96,2000
31-12-2000,47.16,19:03,6.84,2000
01-01-2001,0,,14.04,2001
02-01-2001,0,,12.96,2001
03-01-2001,51.12,23:34,6.84,2001
04-01-2001,50.04,22:26,6.84,2001
05-01-2001,54,09:33,15.12,2001
06-01-2001,20.16,16:20,1.08,2001
07-01-2001,18,15:04,2.16,2001
08-01-2001,50.04,23:02,6.12,2001
09-01-2001,57.96,05:19,10.08,2001
10-01-2001,28.08,07:19,9,2001
11-01-2001,29.16,12:17,5.04,2001
12-01-2001,12.96,06:58,2.88,2001
13-01-2001,9,Varias,1.08,2001
14-01-2001,16.92,17:03,1.08,2001
15-01-2001,9,12:17,1.08,2001
16-01-2001,14.04,21:20,0,2001
17-01-2001,30.96,19:54,2.88,2001
18-01-2001,21.96,14:15,2.16,2001
19-01-2001,19.08,14:07,1.08,2001
20-01-2001,9,14:29,1.08,2001
21-01-2001,28.08,15:20,9,2001
22-01-2001,48.96,11:26,7.92,2001
23-01-2001,50.04,12:01,11.88,2001
24-01-2001,46.08,13:34,11.88,2001
25-01-2001,55.08,05:18,6.84,2001
26-01-2001,33.12,12:02,6.84,2001
27-01-2001,51.12,21:12,6.12,2001
28-01-2001,56.88,01:47,15.12,2001
29-01-2001,24.12,14:35,1.08,2001
30-01-2001,10.08,11:26,2.88,2001
31-01-2001,7.92,15:08,0,2001
01-02-2001,7.92,16:37,1.08,2001
02-02-2001,9,12:59,1.08,2001
03-02-2001,20.88,18:59,2.16,2001
04-02-2001,32.04,09:52,7.92,2001
05-02-2001,48.96,12:27,11.88,2001
06-02-2001,47.16,02:56,3.96,2001
07-02-2001,34.92,13:34,9,2001
08-02-2001,0,,0,2001
09-02-2001,0,,0,2001
10-02-2001,0,,0,2001
11-02-2001,0,,0,2001
12-02-2001,0,,0,2001
13-02-2001,0,,0,2001
14-02-2001,0,,0,2001
15-02-2001,0,,0,2001
16-02-2001,0,,0,2001
17-02-2001,0,,0,2001
18-02-2001,0,,0,2001
19-02-2001,0,,0,2001
20-02-2001,0,,0,2001
21-02-2001,0,,0,2001
22-02-2001,0,,0,2001
23-02-2001,0,,0,2001
24-02-2001,0,,0,2001
25-02-2001,0,,0,2001
26-02-2001,0,,0,2001
27-02-2001,0,,0,2001
28-02-2001,0,,0,2001
01-03-2001,0,,0,2001
02-03-2001,0,,0,2001
03-03-2001,0,,0,2001
04-03-2001,0,,0,2001
05-03-2001,0,,0,2001
06-03-2001,0,,0,2001
07-03-2001,0,,0,2001
08-03-2001,0,,0,2001
09-03-2001,0,,0,2001
10-03-2001,0,,0,2001
11-03-2001,0,,0,2001
12-03-2001,0,,0,2001
13-03-2001,0,,0,2001
14-03-2001,0,,0,2001
15-03-2001,0,,0,2001
16-03-2001,0,,0,2001
17-03-2001,0,,0,2001
18-03-2001,0,,0,2001
19-03-2001,0,,0,2001
20-03-2001,0,,0,2001
21-03-2001,0,,0,2001
22-03-2001,0,,0,2001
23-03-2001,0,,0,2001
24-03-2001,0,,0,2001
25-03-2001,0,,0,2001
26-03-2001,0,,0,2001
27-03-2001,0,,0,2001
28-03-2001,0,,0,2001
29-03-2001,0,,0,2001
30-03-2001,0,,0,2001
31-03-2001,0,,0,2001
01-04-2001,0,,0,2001
02-04-2001,0,,0,2001
03-04-2001,0,,0,2001
04-04-2001,0,,0,2001
05-04-2001,0,,0,2001
06-04-2001,0,,0,2001
07-04-2001,0,,0,2001
08-04-2001,0,,0,2001
09-04-2001,0,,0,2001
10-04-2001,0,,0,2001
11-04-2001,0,,0,2001
12-04-2001,0,,0,2001
13-04-2001,0,,0,2001
14-04-2001,0,,0,2001
15-04-2001,0,,0,2001
16-04-2001,0,,0,2001
17-04-2001,0,,0,2001
18-04-2001,0,,0,2001
19-04-2001,0,,0,2001
20-04-2001,0,,0,2001
21-04-2001,0,,0,2001
22-04-2001,0,,0,2001
23-04-2001,0,,0,2001
24-04-2001,0,,0,2001
25-04-2001,0,,0,2001
26-04-2001,0,,0,2001
27-04-2001,0,,0,2001
28-04-2001,0,,0,2001
29-04-2001,0,,0,2001
30-04-2001,0,,0,2001
01-05-2001,0,,0,2001
02-05-2001,0,,0,2001
03-05-2001,0,,0,2001
04-05-2001,0,,0,2001
05-05-2001,0,,0,2001
06-05-2001,0,,0,2001
07-05-2001,0,,0,2001
08-05-2001,0,,0,2001
09-05-2001,29.16,14:18,6.12,2001
10-05-2001,24.84,17:48,6.12,2001
11-05-2001,34.92,12:06,6.84,2001
12-05-2001,46.08,15:44,6.12,2001
13-05-2001,42.12,16:29,5.04,2001
14-05-2001,47.16,16:41,2.88,2001
15-05-2001,34.92,15:10,9,2001
16-05-2001,12.96,04:05,2.16,2001
17-05-2001,21.96,18:09,3.96,2001
18-05-2001,28.08,18:18,6.12,2001
19-05-2001,25.92,18:19,6.12,2001
20-05-2001,20.88,18:17,5.04,2001
21-05-2001,29.88,15:27,6.12,2001
22-05-2001,23.04,16:47,6.12,2001
23-05-2001,19.08,18:14,5.04,2001
24-05-2001,24.84,17:48,6.84,2001
25-05-2001,24.12,17:21,5.04,2001
26-05-2001,18,16:40,2.88,2001
27-05-2001,19.08,18:12,3.96,2001
28-05-2001,28.08,17:40,3.96,2001
29-05-2001,19.08,16:25,3.96,2001
30-05-2001,27,17:09,3.96,2001
31-05-2001,29.88,15:32,6.12,2001
01-06-2001,29.88,22:02,6.84,2001
02-06-2001,27,21:35,3.96,2001
03-06-2001,28.08,16:53,6.12,2001
04-06-2001,24.84,17:34,6.12,2001
05-06-2001,32.04,16:24,6.84,2001
06-06-2001,23.04,17:21,6.12,2001
07-06-2001,27,16:44,3.96,2001
08-06-2001,18,15:26,2.16,2001
09-06-2001,36,15:22,7.92,2001
10-06-2001,33.12,09:36,6.84,2001
11-06-2001,20.16,11:30,2.88,2001
12-06-2001,29.16,Varias,6.12,2001
13-06-2001,24.84,17:45,6.12,2001
14-06-2001,32.04,12:07,9,2001
15-06-2001,42.84,11:30,11.16,2001
16-06-2001,36,12:40,10.08,2001
17-06-2001,27,15:14,3.96,2001
18-06-2001,21.96,19:12,3.96,2001
19-06-2001,18,17:04,3.96,2001
20-06-2001,23.04,16:10,5.04,2001
21-06-2001,20.88,16:26,3.96,2001
22-06-2001,29.88,16:53,6.84,2001
23-06-2001,24.84,18:28,5.04,2001
24-06-2001,24.12,16:43,6.12,2001
25-06-2001,29.88,13:35,7.92,2001
26-06-2001,29.16,14:16,3.96,2001
27-06-2001,28.08,17:02,6.84,2001
28-06-2001,24.84,15:12,6.84,2001
29-06-2001,29.88,17:47,5.04,2001
30-06-2001,27,16:04,6.12,2001
01-07-2001,18,00:20,5.04,2001
02-07-2001,27,16:08,6.12,2001
03-07-2001,29.16,13:42,6.12,2001
04-07-2001,41.04,11:06,7.92,2001
05-07-2001,29.88,15:36,6.84,2001
06-07-2001,19.08,18:47,2.88,2001
07-07-2001,23.04,17:03,5.04,2001
08-07-2001,24.12,13:02,6.12,2001
09-07-2001,23.04,16:33,5.04,2001
10-07-2001,28.08,14:58,6.84,2001
11-07-2001,25.92,16:43,6.12,2001
12-07-2001,25.92,15:12,6.84,2001
13-07-2001,34.92,12:37,11.16,2001
14-07-2001,24.12,03:03,3.96,2001
15-07-2001,19.08,11:32,3.96,2001
16-07-2001,30.96,16:09,5.04,2001
17-07-2001,39.96,11:32,11.16,2001
18-07-2001,33.12,12:41,7.92,2001
19-07-2001,25.92,11:45,5.04,2001
20-07-2001,25.92,15:05,1.08,2001
21-07-2001,25.92,16:16,5.04,2001
22-07-2001,24.12,17:32,3.96,2001
23-07-2001,29.16,21:11,6.12,2001
24-07-2001,24.84,18:34,6.12,2001
25-07-2001,21.96,16:53,6.84,2001
26-07-2001,24.84,16:44,6.12,2001
27-07-2001,27,17:03,3.96,2001
28-07-2001,27,14:31,5.04,2001
29-07-2001,37.08,16:42,3.96,2001
30-07-2001,81,15:55,2.88,2001
31-07-2001,37.08,17:56,6.12,2001
01-08-2001,32.04,14:48,9,2001
02-08-2001,18,18:03,2.88,2001
03-08-2001,28.08,15:22,6.12,2001
04-08-2001,27,17:01,3.96,2001
05-08-2001,29.16,16:16,6.12,2001
06-08-2001,24.12,16:54,3.96,2001
07-08-2001,37.08,12:37,9,2001
08-08-2001,29.16,14:30,6.12,2001
09-08-2001,27,17:16,3.96,2001
10-08-2001,28.08,22:39,5.04,2001
11-08-2001,24.12,19:32,5.04,2001
12-08-2001,21.96,19:03,3.96,2001
13-08-2001,28.08,15:58,6.84,2001
14-08-2001,28.08,15:08,6.12,2001
15-08-2001,24.12,15:19,2.88,2001
16-08-2001,28.08,18:01,6.12,2001
17-08-2001,30.96,14:11,5.04,2001
18-08-2001,33.84,13:04,7.92,2001
19-08-2001,30.96,11:37,3.96,2001
20-08-2001,20.88,14:04,3.96,2001
21-08-2001,24.84,14:39,5.04,2001
22-08-2001,21.96,17:28,5.04,2001
23-08-2001,28.08,16:18,5.04,2001
24-08-2001,24.12,16:14,5.04,2001
25-08-2001,37.08,13:14,9,2001
26-08-2001,42.84,14:52,3.96,2001
27-08-2001,39.96,16:39,2.88,2001
28-08-2001,27,13:43,5.04,2001
29-08-2001,20.88,15:25,1.08,2001
30-08-2001,18,15:52,2.16,2001
31-08-2001,25.92,17:28,3.96,2001
01-09-2001,24.84,12:42,2.88,2001
02-09-2001,19.08,13:19,2.88,2001
03-09-2001,24.84,12:48,6.12,2001
04-09-2001,25.92,17:04,3.96,2001
05-09-2001,27,18:14,3.96,2001
06-09-2001,25.92,16:00,5.04,2001
07-09-2001,30.96,18:38,3.96,2001
08-09-2001,24.12,19:40,5.04,2001
09-09-2001,25.92,17:44,3.96,2001
10-09-2001,25.92,18:02,3.96,2001
11-09-2001,21.96,21:33,3.96,2001
12-09-2001,16.92,17:15,3.96,2001
13-09-2001,20.88,17:12,5.04,2001
14-09-2001,27,16:45,3.96,2001
15-09-2001,23.04,17:53,5.04,2001
16-09-2001,27,16:27,2.88,2001
17-09-2001,27,17:29,5.04,2001
18-09-2001,24.12,17:43,5.04,2001
19-09-2001,18,15:05,2.88,2001
20-09-2001,11.88,17:52,2.16,2001
21-09-2001,33.12,17:32,6.12,2001
22-09-2001,20.16,02:32,1.08,2001
23-09-2001,20.88,11:02,2.88,2001
24-09-2001,30.96,15:00,5.04,2001
25-09-2001,20.88,14:31,2.88,2001
26-09-2001,24.12,13:43,3.96,2001
27-09-2001,30.96,15:09,2.88,2001
28-09-2001,43.92,11:24,2.16,2001
29-09-2001,30.96,14:00,3.96,2001
30-09-2001,33.12,11:45,7.92,2001
01-10-2001,36,14:48,9,2001
02-10-2001,43.92,12:47,11.16,2001
03-10-2001,15.84,14:01,2.88,2001
04-10-2001,14.04,15:12,2.16,2001
05-10-2001,38.88,14:31,10.08,2001
06-10-2001,39.96,11:17,9,2001
07-10-2001,63,14:22,11.16,2001
08-10-2001,29.88,14:11,5.04,2001
09-10-2001,16.92,14:01,1.08,2001
10-10-2001,20.88,10:59,2.88,2001
11-10-2001,24.84,11:14,2.16,2001
12-10-2001,20.88,13:12,2.16,2001
13-10-2001,15.84,14:00,1.08,2001
14-10-2001,27,10:27,3.96,2001
15-10-2001,20.16,11:18,5.04,2001
16-10-2001,29.16,14:39,2.16,2001
17-10-2001,30.96,08:39,6.84,2001
18-10-2001,39.96,21:53,10.08,2001
19-10-2001,28.08,00:02,6.12,2001
20-10-2001,30.96,15:37,3.96,2001
21-10-2001,23.04,09:59,3.96,2001
22-10-2001,23.04,15:09,3.96,2001
23-10-2001,33.12,14:08,3.96,2001
24-10-2001,14.04,13:20,2.88,2001
25-10-2001,10.08,07:03,2.16,2001
26-10-2001,16.92,16:28,2.16,2001
27-10-2001,37.08,10:36,6.12,2001
28-10-2001,42.84,13:49,3.96,2001
29-10-2001,29.16,23:03,5.04,2001
30-10-2001,33.84,11:49,5.04,2001
31-10-2001,27,12:59,3.96,2001
01-11-2001,18,10:43,1.08,2001
02-11-2001,12.96,15:31,1.08,2001
03-11-2001,10.08,15:13,1.08,2001
04-11-2001,11.16,20:03,2.16,2001
05-11-2001,16.92,18:44,2.88,2001
06-11-2001,15.84,13:21,1.08,2001
07-11-2001,15.12,14:12,1.08,2001
08-11-2001,29.16,22:05,2.16,2001
09-11-2001,34.92,14:10,3.96,2001
10-11-2001,33.12,12:38,5.04,2001
11-11-2001,37.08,15:57,3.96,2001
12-11-2001,20.16,14:47,0,2001
13-11-2001,29.88,15:16,0,2001
14-11-2001,38.88,13:33,6.12,2001
15-11-2001,41.04,09:47,5.04,2001
16-11-2001,21.96,15:08,2.88,2001
17-11-2001,25.92,14:09,3.96,2001
18-11-2001,10.08,14:17,1.08,2001
19-11-2001,11.16,06:35,2.16,2001
20-11-2001,15.12,15:26,2.16,2001
21-11-2001,20.16,15:04,1.08,2001
22-11-2001,15.84,14:55,2.16,2001
23-11-2001,11.88,12:12,1.08,2001
24-11-2001,10.08,09:08,1.08,2001
25-11-2001,11.88,05:38,2.16,2001
26-11-2001,7.92,11:55,0,2001
27-11-2001,14.04,15:16,1.08,2001
28-11-2001,7.92,13:50,1.08,2001
29-11-2001,7.92,11:02,1.08,2001
30-11-2001,15.84,12:06,2.16,2001
01-12-2001,19.08,14:08,2.16,2001
02-12-2001,27,05:59,6.12,2001
03-12-2001,15.12,18:17,5.04,2001
04-12-2001,11.88,16:28,1.08,2001
05-12-2001,9,13:18,2.16,2001
06-12-2001,9,15:25,1.08,2001
07-12-2001,11.16,13:06,1.08,2001
08-12-2001,9,14:12,2.16,2001
09-12-2001,9,13:47,2.16,2001
10-12-2001,24.84,15:09,1.08,2001
11-12-2001,23.04,14:27,2.88,2001
12-12-2001,7.92,15:08,1.08,2001
13-12-2001,7.92,11:29,1.08,2001
14-12-2001,16.92,17:18,0,2001
15-12-2001,15.12,11:35,2.88,2001
16-12-2001,16.92,13:15,2.16,2001
17-12-2001,7.92,13:21,2.16,2001
18-12-2001,6.12,13:29,1.08,2001
19-12-2001,0,,0,2001
20-12-2001,0,,0,2001
21-12-2001,11.88,,1.08,2001
22-12-2001,7.92,14:37,1.08,2001
23-12-2001,32.04,14:40,2.88,2001
24-12-2001,11.16,12:52,1.08,2001
25-12-2001,7.92,12:57,1.08,2001
26-12-2001,9,10:17,0,2001
27-12-2001,11.88,15:40,2.16,2001
28-12-2001,11.16,14:42,2.16,2001
29-12-2001,9,08:15,2.16,2001
30-12-2001,11.88,22:33,0,2001
31-12-2001,9,17:23,2.16,2001
01-01-2001,0,,14.04,2001
02-01-2001,0,,12.96,2001
03-01-2001,51.12,23:34,6.84,2001
04-01-2001,50.04,22:26,6.84,2001
05-01-2001,54,09:33,15.12,2001
06-01-2001,20.16,16:20,1.08,2001
07-01-2001,18,15:04,2.16,2001
08-01-2001,50.04,23:02,6.12,2001
09-01-2001,57.96,05:19,10.08,2001
10-01-2001,28.08,07:19,9,2001
11-01-2001,29.16,12:17,5.04,2001
12-01-2001,12.96,06:58,2.88,2001
13-01-2001,9,Varias,1.08,2001
14-01-2001,16.92,17:03,1.08,2001
15-01-2001,9,12:17,1.08,2001
16-01-2001,14.04,21:20,0,2001
17-01-2001,30.96,19:54,2.88,2001
18-01-2001,21.96,14:15,2.16,2001
19-01-2001,19.08,14:07,1.08,2001
20-01-2001,9,14:29,1.08,2001
21-01-2001,28.08,15:20,9,2001
22-01-2001,48.96,11:26,7.92,2001
23-01-2001,50.04,12:01,11.88,2001
24-01-2001,46.08,13:34,11.88,2001
25-01-2001,55.08,05:18,6.84,2001
26-01-2001,33.12,12:02,6.84,2001
27-01-2001,51.12,21:12,6.12,2001
28-01-2001,56.88,01:47,15.12,2001
29-01-2001,24.12,14:35,1.08,2001
30-01-2001,10.08,11:26,2.88,2001
31-01-2001,7.92,15:08,0,2001
01-02-2001,7.92,16:37,1.08,2001
02-02-2001,9,12:59,1.08,2001
03-02-2001,20.88,18:59,2.16,2001
04-02-2001,32.04,09:52,7.92,2001
05-02-2001,48.96,12:27,11.88,2001
06-02-2001,47.16,02:56,3.96,2001
07-02-2001,34.92,13:34,9,2001
08-02-2001,0,,0,2001
09-02-2001,0,,0,2001
10-02-2001,0,,0,2001
11-02-2001,0,,0,2001
12-02-2001,0,,0,2001
13-02-2001,0,,0,2001
14-02-2001,0,,0,2001
15-02-2001,0,,0,2001
16-02-2001,0,,0,2001
17-02-2001,0,,0,2001
18-02-2001,0,,0,2001
19-02-2001,0,,0,2001
20-02-2001,0,,0,2001
21-02-2001,0,,0,2001
22-02-2001,0,,0,2001
23-02-2001,0,,0,2001
24-02-2001,0,,0,2001
25-02-2001,0,,0,2001
26-02-2001,0,,0,2001
27-02-2001,0,,0,2001
28-02-2001,0,,0,2001
01-03-2001,0,,0,2001
02-03-2001,0,,0,2001
03-03-2001,0,,0,2001
04-03-2001,0,,0,2001
05-03-2001,0,,0,2001
06-03-2001,0,,0,2001
07-03-2001,0,,0,2001
08-03-2001,0,,0,2001
09-03-2001,0,,0,2001
10-03-2001,0,,0,2001
11-03-2001,0,,0,2001
12-03-2001,0,,0,2001
13-03-2001,0,,0,2001
14-03-2001,0,,0,2001
15-03-2001,0,,0,2001
16-03-2001,0,,0,2001
17-03-2001,0,,0,2001
18-03-2001,0,,0,2001
19-03-2001,0,,0,2001
20-03-2001,0,,0,2001
21-03-2001,0,,0,2001
22-03-2001,0,,0,2001
23-03-2001,0,,0,2001
24-03-2001,0,,0,2001
25-03-2001,0,,0,2001
26-03-2001,0,,0,2001
27-03-2001,0,,0,2001
28-03-2001,0,,0,2001
29-03-2001,0,,0,2001
30-03-2001,0,,0,2001
31-03-2001,0,,0,2001
01-04-2001,0,,0,2001
02-04-2001,0,,0,2001
03-04-2001,0,,0,2001
04-04-2001,0,,0,2001
05-04-2001,0,,0,2001
06-04-2001,0,,0,2001
07-04-2001,0,,0,2001
08-04-2001,0,,0,2001
09-04-2001,0,,0,2001
10-04-2001,0,,0,2001
11-04-2001,0,,0,2001
12-04-2001,0,,0,2001
13-04-2001,0,,0,2001
14-04-2001,0,,0,2001
15-04-2001,0,,0,2001
16-04-2001,0,,0,2001
17-04-2001,0,,0,2001
18-04-2001,0,,0,2001
19-04-2001,0,,0,2001
20-04-2001,0,,0,2001
21-04-2001,0,,0,2001
22-04-2001,0,,0,2001
23-04-2001,0,,0,2001
24-04-2001,0,,0,2001
25-04-2001,0,,0,2001
26-04-2001,0,,0,2001
27-04-2001,0,,0,2001
28-04-2001,0,,0,2001
29-04-2001,0,,0,2001
30-04-2001,0,,0,2001
01-05-2001,0,,0,2001
02-05-2001,0,,0,2001
03-05-2001,0,,0,2001
04-05-2001,0,,0,2001
05-05-2001,0,,0,2001
06-05-2001,0,,0,2001
07-05-2001,0,,0,2001
08-05-2001,0,,0,2001
09-05-2001,29.16,14:18,6.12,2001
10-05-2001,24.84,17:48,6.12,2001
11-05-2001,34.92,12:06,6.84,2001
12-05-2001,46.08,15:44,6.12,2001
13-05-2001,42.12,16:29,5.04,2001
14-05-2001,47.16,16:41,2.88,2001
15-05-2001,34.92,15:10,9,2001
16-05-2001,12.96,04:05,2.16,2001
17-05-2001,21.96,18:09,3.96,2001
18-05-2001,28.08,18:18,6.12,2001
19-05-2001,25.92,18:19,6.12,2001
20-05-2001,20.88,18:17,5.04,2001
21-05-2001,29.88,15:27,6.12,2001
22-05-2001,23.04,16:47,6.12,2001
23-05-2001,19.08,18:14,5.04,2001
24-05-2001,24.84,17:48,6.84,2001
25-05-2001,24.12,17:21,5.04,2001
26-05-2001,18,16:40,2.88,2001
27-05-2001,19.08,18:12,3.96,2001
28-05-2001,28.08,17:40,3.96,2001
29-05-2001,19.08,16:25,3.96,2001
30-05-2001,27,17:09,3.96,2001
31-05-2001,29.88,15:32,6.12,2001
01-06-2001,29.88,22:02,6.84,2001
02-06-2001,27,21:35,3.96,2001
03-06-2001,28.08,16:53,6.12,2001
04-06-2001,24.84,17:34,6.12,2001
05-06-2001,32.04,16:24,6.84,2001
06-06-2001,23.04,17:21,6.12,2001
07-06-2001,27,16:44,3.96,2001
08-06-2001,18,15:26,2.16,2001
09-06-2001,36,15:22,7.92,2001
10-06-2001,33.12,09:36,6.84,2001
11-06-2001,20.16,11:30,2.88,2001
12-06-2001,29.16,Varias,6.12,2001
13-06-2001,24.84,17:45,6.12,2001
14-06-2001,32.04,12:07,9,2001
15-06-2001,42.84,11:30,11.16,2001
16-06-2001,36,12:40,10.08,2001
17-06-2001,27,15:14,3.96,2001
18-06-2001,21.96,19:12,3.96,2001
19-06-2001,18,17:04,3.96,2001
20-06-2001,23.04,16:10,5.04,2001
21-06-2001,20.88,16:26,3.96,2001
22-06-2001,29.88,16:53,6.84,2001
23-06-2001,24.84,18:28,5.04,2001
24-06-2001,24.12,16:43,6.12,2001
25-06-2001,29.88,13:35,7.92,2001
26-06-2001,29.16,14:16,3.96,2001
27-06-2001,28.08,17:02,6.84,2001
28-06-2001,24.84,15:12,6.84,2001
29-06-2001,29.88,17:47,5.04,2001
30-06-2001,27,16:04,6.12,2001
01-07-2001,18,00:20,5.04,2001
02-07-2001,27,16:08,6.12,2001
03-07-2001,29.16,13:42,6.12,2001
04-07-2001,41.04,11:06,7.92,2001
05-07-2001,29.88,15:36,6.84,2001
06-07-2001,19.08,18:47,2.88,2001
07-07-2001,23.04,17:03,5.04,2001
08-07-2001,24.12,13:02,6.12,2001
09-07-2001,23.04,16:33,5.04,2001
10-07-2001,28.08,14:58,6.84,2001
11-07-2001,25.92,16:43,6.12,2001
12-07-2001,25.92,15:12,6.84,2001
13-07-2001,34.92,12:37,11.16,2001
14-07-2001,24.12,03:03,3.96,2001
15-07-2001,19.08,11:32,3.96,2001
16-07-2001,30.96,16:09,5.04,2001
17-07-2001,39.96,11:32,11.16,2001
18-07-2001,33.12,12:41,7.92,2001
19-07-2001,25.92,11:45,5.04,2001
20-07-2001,25.92,15:05,1.08,2001
21-07-2001,25.92,16:16,5.04,2001
22-07-2001,24.12,17:32,3.96,2001
23-07-2001,29.16,21:11,6.12,2001
24-07-2001,24.84,18:34,6.12,2001
25-07-2001,21.96,16:53,6.84,2001
26-07-2001,24.84,16:44,6.12,2001
27-07-2001,27,17:03,3.96,2001
28-07-2001,27,14:31,5.04,2001
29-07-2001,37.08,16:42,3.96,2001
30-07-2001,81,15:55,2.88,2001
31-07-2001,37.08,17:56,6.12,2001
01-08-2001,32.04,14:48,9,2001
02-08-2001,18,18:03,2.88,2001
03-08-2001,28.08,15:22,6.12,2001
04-08-2001,27,17:01,3.96,2001
05-08-2001,29.16,16:16,6.12,2001
06-08-2001,24.12,16:54,3.96,2001
07-08-2001,37.08,12:37,9,2001
08-08-2001,29.16,14:30,6.12,2001
09-08-2001,27,17:16,3.96,2001
10-08-2001,28.08,22:39,5.04,2001
11-08-2001,24.12,19:32,5.04,2001
12-08-2001,21.96,19:03,3.96,2001
13-08-2001,28.08,15:58,6.84,2001
14-08-2001,28.08,15:08,6.12,2001
15-08-2001,24.12,15:19,2.88,2001
16-08-2001,28.08,18:01,6.12,2001
17-08-2001,30.96,14:11,5.04,2001
18-08-2001,33.84,13:04,7.92,2001
19-08-2001,30.96,11:37,3.96,2001
20-08-2001,20.88,14:04,3.96,2001
21-08-2001,24.84,14:39,5.04,2001
22-08-2001,21.96,17:28,5.04,2001
23-08-2001,28.08,16:18,5.04,2001
24-08-2001,24.12,16:14,5.04,2001
25-08-2001,37.08,13:14,9,2001
26-08-2001,42.84,14:52,3.96,2001
27-08-2001,39.96,16:39,2.88,2001
28-08-2001,27,13:43,5.04,2001
29-08-2001,20.88,15:25,1.08,2001
30-08-2001,18,15:52,2.16,2001
31-08-2001,25.92,17:28,3.96,2001
01-09-2001,24.84,12:42,2.88,2001
02-09-2001,19.08,13:19,2.88,2001
03-09-2001,24.84,12:48,6.12,2001
04-09-2001,25.92,17:04,3.96,2001
05-09-2001,27,18:14,3.96,2001
06-09-2001,25.92,16:00,5.04,2001
07-09-2001,30.96,18:38,3.96,2001
08-09-2001,24.12,19:40,5.04,2001
09-09-2001,25.92,17:44,3.96,2001
10-09-2001,25.92,18:02,3.96,2001
11-09-2001,21.96,21:33,3.96,2001
12-09-2001,16.92,17:15,3.96,2001
13-09-2001,20.88,17:12,5.04,2001
14-09-2001,27,16:45,3.96,2001
15-09-2001,23.04,17:53,5.04,2001
16-09-2001,27,16:27,2.88,2001
17-09-2001,27,17:29,5.04,2001
18-09-2001,24.12,17:43,5.04,2001
19-09-2001,18,15:05,2.88,2001
20-09-2001,11.88,17:52,2.16,2001
21-09-2001,33.12,17:32,6.12,2001
22-09-2001,20.16,02:32,1.08,2001
23-09-2001,20.88,11:02,2.88,2001
24-09-2001,30.96,15:00,5.04,2001
25-09-2001,20.88,14:31,2.88,2001
26-09-2001,24.12,13:43,3.96,2001
27-09-2001,30.96,15:09,2.88,2001
28-09-2001,43.92,11:24,2.16,2001
29-09-2001,30.96,14:00,3.96,2001
30-09-2001,33.12,11:45,7.92,2001
01-10-2001,36,14:48,9,2001
02-10-2001,43.92,12:47,11.16,2001
03-10-2001,15.84,14:01,2.88,2001
04-10-2001,14.04,15:12,2.16,2001
05-10-2001,38.88,14:31,10.08,2001
06-10-2001,39.96,11:17,9,2001
07-10-2001,63,14:22,11.16,2001
08-10-2001,29.88,14:11,5.04,2001
09-10-2001,16.92,14:01,1.08,2001
10-10-2001,20.88,10:59,2.88,2001
11-10-2001,24.84,11:14,2.16,2001
12-10-2001,20.88,13:12,2.16,2001
13-10-2001,15.84,14:00,1.08,2001
14-10-2001,27,10:27,3.96,2001
15-10-2001,20.16,11:18,5.04,2001
16-10-2001,29.16,14:39,2.16,2001
17-10-2001,30.96,08:39,6.84,2001
18-10-2001,39.96,21:53,10.08,2001
19-10-2001,28.08,00:02,6.12,2001
20-10-2001,30.96,15:37,3.96,2001
21-10-2001,23.04,09:59,3.96,2001
22-10-2001,23.04,15:09,3.96,2001
23-10-2001,33.12,14:08,3.96,2001
24-10-2001,14.04,13:20,2.88,2001
25-10-2001,10.08,07:03,2.16,2001
26-10-2001,16.92,16:28,2.16,2001
27-10-2001,37.08,10:36,6.12,2001
28-10-2001,42.84,13:49,3.96,2001
29-10-2001,29.16,23:03,5.04,2001
30-10-2001,33.84,11:49,5.04,2001
31-10-2001,27,12:59,3.96,2001
01-11-2001,18,10:43,1.08,2001
02-11-2001,12.96,15:31,1.08,2001
03-11-2001,10.08,15:13,1.08,2001
04-11-2001,11.16,20:03,2.16,2001
05-11-2001,16.92,18:44,2.88,2001
06-11-2001,15.84,13:21,1.08,2001
07-11-2001,15.12,14:12,1.08,2001
08-11-2001,29.16,22:05,2.16,2001
09-11-2001,34.92,14:10,3.96,2001
10-11-2001,33.12,12:38,5.04,2001
11-11-2001,37.08,15:57,3.96,2001
12-11-2001,20.16,14:47,0,2001
13-11-2001,29.88,15:16,0,2001
14-11-2001,38.88,13:33,6.12,2001
15-11-2001,41.04,09:47,5.04,2001
16-11-2001,21.96,15:08,2.88,2001
17-11-2001,25.92,14:09,3.96,2001
18-11-2001,10.08,14:17,1.08,2001
19-11-2001,11.16,06:35,2.16,2001
20-11-2001,15.12,15:26,2.16,2001
21-11-2001,20.16,15:04,1.08,2001
22-11-2001,15.84,14:55,2.16,2001
23-11-2001,11.88,12:12,1.08,2001
24-11-2001,10.08,09:08,1.08,2001
25-11-2001,11.88,05:38,2.16,2001
26-11-2001,7.92,11:55,0,2001
27-11-2001,14.04,15:16,1.08,2001
28-11-2001,7.92,13:50,1.08,2001
29-11-2001,7.92,11:02,1.08,2001
30-11-2001,15.84,12:06,2.16,2001
01-12-2001,19.08,14:08,2.16,2001
02-12-2001,27,05:59,6.12,2001
03-12-2001,15.12,18:17,5.04,2001
04-12-2001,11.88,16:28,1.08,2001
05-12-2001,9,13:18,2.16,2001
06-12-2001,9,15:25,1.08,2001
07-12-2001,11.16,13:06,1.08,2001
08-12-2001,9,14:12,2.16,2001
09-12-2001,9,13:47,2.16,2001
10-12-2001,24.84,15:09,1.08,2001
11-12-2001,23.04,14:27,2.88,2001
12-12-2001,7.92,15:08,1.08,2001
13-12-2001,7.92,11:29,1.08,2001
14-12-2001,16.92,17:18,0,2001
15-12-2001,15.12,11:35,2.88,2001
16-12-2001,16.92,13:15,2.16,2001
17-12-2001,7.92,13:21,2.16,2001
18-12-2001,6.12,13:29,1.08,2001
19-12-2001,0,,0,2001
20-12-2001,0,,0,2001
21-12-2001,11.88,,1.08,2001
22-12-2001,7.92,14:37,1.08,2001
23-12-2001,32.04,14:40,2.88,2001
24-12-2001,11.16,12:52,1.08,2001
25-12-2001,7.92,12:57,1.08,2001
26-12-2001,9,10:17,0,2001
27-12-2001,11.88,15:40,2.16,2001
28-12-2001,11.16,14:42,2.16,2001
29-12-2001,9,08:15,2.16,2001
30-12-2001,11.88,22:33,0,2001
31-12-2001,9,17:23,2.16,2001
01-01-2002,16.92,16:02,1.08,2002
02-01-2002,51.84,10:46,12.96,2002
03-01-2002,27,01:46,2.88,2002
04-01-2002,12.96,06:22,3.96,2002
05-01-2002,7.92,03:22,2.16,2002
06-01-2002,10.08,11:57,2.16,2002
07-01-2002,9,08:39,2.16,2002
08-01-2002,9,08:19,2.16,2002
09-01-2002,10.08,14:11,1.08,2002
10-01-2002,9,13:14,1.08,2002
11-01-2002,38.88,16:07,3.96,2002
12-01-2002,48.96,10:55,5.04,2002
13-01-2002,21.96,14:06,2.88,2002
14-01-2002,10.08,14:32,1.08,2002
15-01-2002,18,17:22,3.96,2002
16-01-2002,11.16,14:37,1.08,2002
17-01-2002,9,14:40,0,2002
18-01-2002,11.16,14:18,2.16,2002
19-01-2002,12.96,13:50,2.16,2002
20-01-2002,32.04,14:37,3.96,2002
21-01-2002,52.92,09:44,11.16,2002
22-01-2002,39.96,14:26,11.16,2002
23-01-2002,47.88,16:09,11.88,2002
24-01-2002,32.04,13:01,5.04,2002
25-01-2002,34.92,11:21,11.16,2002
26-01-2002,33.84,15:29,7.92,2002
27-01-2002,18,11:31,3.96,2002
28-01-2002,29.88,13:10,6.12,2002
29-01-2002,34.92,15:55,7.92,2002
30-01-2002,28.08,15:47,1.08,2002
31-01-2002,28.08,12:54,2.88,2002
01-02-2002,38.88,11:36,11.16,2002
02-02-2002,42.12,10:52,9,2002
03-02-2002,45,10:34,7.92,2002
04-02-2002,24.12,16:13,5.04,2002
05-02-2002,46.08,13:13,11.16,2002
06-02-2002,27,14:40,2.88,2002
07-02-2002,16.92,14:53,1.08,2002
08-02-2002,14.04,13:43,2.16,2002
09-02-2002,21.96,14:43,3.96,2002
10-02-2002,23.04,14:10,1.08,2002
11-02-2002,18,13:21,3.96,2002
12-02-2002,21.96,12:55,3.96,2002
13-02-2002,27,15:38,2.88,2002
14-02-2002,36,13:51,3.96,2002
15-02-2002,28.08,15:19,3.96,2002
16-02-2002,20.88,20:07,2.88,2002
17-02-2002,23.04,13:53,5.04,2002
18-02-2002,33.12,16:34,3.96,2002
19-02-2002,21.96,11:49,3.96,2002
20-02-2002,9,14:58,0,2002
21-02-2002,23.04,16:24,3.96,2002
22-02-2002,20.88,16:36,2.88,2002
23-02-2002,21.96,16:31,3.96,2002
24-02-2002,18,15:56,2.88,2002
25-02-2002,28.08,13:11,6.12,2002
26-02-2002,23.04,10:23,2.16,2002
27-02-2002,25.92,16:23,6.12,2002
28-02-2002,18,10:52,2.88,2002
01-03-2002,28.08,12:36,3.96,2002
02-03-2002,24.84,17:00,3.96,2002
03-03-2002,34.92,12:14,6.84,2002
04-03-2002,20.88,16:11,2.16,2002
05-03-2002,32.04,11:54,3.96,2002
06-03-2002,29.16,11:44,3.96,2002
07-03-2002,21.96,18:27,3.96,2002
08-03-2002,15.12,17:59,2.16,2002
09-03-2002,25.92,12:55,3.96,2002
10-03-2002,30.96,16:31,2.88,2002
11-03-2002,15.84,15:47,0,2002
12-03-2002,42.12,11:48,9,2002
13-03-2002,41.04,16:48,11.88,2002
14-03-2002,32.04,00:01,6.12,2002
15-03-2002,19.08,08:38,1.08,2002
16-03-2002,42.12,14:47,9,2002
17-03-2002,39.96,10:16,10.08,2002
18-03-2002,39.96,17:17,10.08,2002
19-03-2002,0,,6.12,2002
20-03-2002,21.96,16:10,5.04,2002
21-03-2002,25.92,14:36,2.88,2002
22-03-2002,11.88,14:34,2.16,2002
23-03-2002,14.04,14:26,2.16,2002
24-03-2002,18,16:12,1.08,2002
25-03-2002,29.88,13:26,6.12,2002
26-03-2002,21.96,19:07,2.88,2002
27-03-2002,27,18:56,2.88,2002
28-03-2002,20.88,18:33,2.88,2002
29-03-2002,34.92,14:10,6.12,2002
30-03-2002,19.08,15:24,2.16,2002
31-03-2002,23.04,17:39,6.12,2002
01-04-2002,20.88,17:50,3.96,2002
02-04-2002,38.88,12:02,10.08,2002
03-04-2002,38.16,13:38,3.96,2002
04-04-2002,15.12,16:33,3.96,2002
05-04-2002,32.04,14:40,5.04,2002
06-04-2002,32.04,14:44,6.12,2002
07-04-2002,30.96,14:46,3.96,2002
08-04-2002,37.08,00:51,5.04,2002
09-04-2002,21.96,18:20,1.08,2002
10-04-2002,34.92,15:47,6.12,2002
11-04-2002,30.96,11:08,2.88,2002
12-04-2002,30.96,09:46,6.84,2002
13-04-2002,33.12,15:22,3.96,2002
14-04-2002,28.08,12:46,3.96,2002
15-04-2002,21.96,15:44,3.96,2002
16-04-2002,27,16:09,6.12,2002
17-04-2002,15.84,14:31,3.96,2002
18-04-2002,24.84,14:24,3.96,2002
19-04-2002,21.96,16:51,5.04,2002
20-04-2002,20.88,17:57,5.04,2002
21-04-2002,15.84,13:48,2.88,2002
22-04-2002,20.88,20:03,2.88,2002
23-04-2002,28.08,17:59,5.04,2002
24-04-2002,28.08,16:52,5.04,2002
25-04-2002,24.12,17:37,3.96,2002
26-04-2002,28.08,17:02,5.04,2002
27-04-2002,20.88,17:29,3.96,2002
28-04-2002,30.96,14:57,6.12,2002
29-04-2002,27,16:01,3.96,2002
30-04-2002,45,14:54,7.92,2002
01-05-2002,45,13:57,7.92,2002
02-05-2002,47.16,09:50,9,2002
03-05-2002,34.92,16:48,7.92,2002
04-05-2002,24.12,12:47,6.12,2002
05-05-2002,37.08,19:47,9,2002
06-05-2002,34.92,11:04,6.84,2002
07-05-2002,33.12,18:39,7.92,2002
08-05-2002,34.92,09:33,7.92,2002
09-05-2002,30.96,13:27,7.92,2002
10-05-2002,24.12,16:47,5.04,2002
11-05-2002,23.04,Varias,7.92,2002
12-05-2002,37.08,17:37,6.12,2002
13-05-2002,56.16,09:48,12.96,2002
14-05-2002,29.88,16:29,6.84,2002
15-05-2002,51.12,14:23,9,2002
16-05-2002,47.88,15:31,11.16,2002
17-05-2002,46.08,08:58,6.84,2002
18-05-2002,25.92,13:49,3.96,2002
19-05-2002,32.04,15:44,11.16,2002
20-05-2002,37.08,15:33,11.16,2002
21-05-2002,50.04,13:07,11.16,2002
22-05-2002,42.12,11:55,12.96,2002
23-05-2002,38.16,16:56,9,2002
24-05-2002,42.12,19:44,11.16,2002
25-05-2002,36,16:47,11.16,2002
26-05-2002,42.12,15:42,12.96,2002
27-05-2002,33.12,15:18,6.12,2002
28-05-2002,33.84,16:27,7.92,2002
29-05-2002,29.88,20:56,7.92,2002
30-05-2002,28.08,18:01,7.92,2002
31-05-2002,29.16,17:19,7.92,2002
01-06-2002,38.88,16:05,10.08,2002
02-06-2002,28.08,14:13,7.92,2002
03-06-2002,23.04,17:55,7.92,2002
04-06-2002,27,21:52,5.04,2002
05-06-2002,36,13:26,6.84,2002
06-06-2002,24.12,13:03,5.04,2002
07-06-2002,41.04,14:25,14.04,2002
08-06-2002,28.08,11:25,10.08,2002
09-06-2002,37.08,15:52,10.08,2002
10-06-2002,20.16,11:16,5.04,2002
11-06-2002,33.12,16:19,9,2002
12-06-2002,24.12,22:12,6.12,2002
13-06-2002,33.12,20:13,7.92,2002
14-06-2002,24.12,16:46,6.84,2002
15-06-2002,23.04,17:45,7.92,2002
16-06-2002,29.16,15:23,10.08,2002
17-06-2002,36,15:39,11.16,2002
18-06-2002,28.08,19:16,7.92,2002
19-06-2002,28.08,18:13,7.92,2002
20-06-2002,24.12,15:24,11.16,2002
21-06-2002,23.04,18:19,7.92,2002
22-06-2002,33.12,15:21,9,2002
23-06-2002,34.92,17:32,9,2002
24-06-2002,51.12,13:40,10.08,2002
25-06-2002,42.12,15:09,9,2002
26-06-2002,30.96,14:45,7.92,2002
27-06-2002,21.96,17:42,6.84,2002
28-06-2002,32.04,17:17,7.92,2002
29-06-2002,30.96,20:20,7.92,2002
30-06-2002,38.88,10:55,9,2002
01-07-2002,27,15:08,7.92,2002
02-07-2002,33.12,17:03,10.08,2002
03-07-2002,33.12,14:32,10.08,2002
04-07-2002,30.96,16:53,7.92,2002
05-07-2002,32.04,17:03,6.84,2002
06-07-2002,29.16,15:55,6.12,2002
07-07-2002,25.92,18:02,9,2002
08-07-2002,38.88,15:30,10.08,2002
09-07-2002,33.12,12:00,9,2002
10-07-2002,29.88,17:05,7.92,2002
11-07-2002,29.88,17:02,9,2002
12-07-2002,29.16,13:24,10.08,2002
13-07-2002,27,13:45,6.12,2002
14-07-2002,32.04,15:06,7.92,2002
15-07-2002,29.88,17:24,6.84,2002
16-07-2002,33.12,17:25,10.08,2002
17-07-2002,24.12,18:28,3.96,2002
18-07-2002,34.92,15:06,11.88,2002
19-07-2002,30.96,15:35,6.84,2002
20-07-2002,34.92,13:12,9,2002
21-07-2002,42.84,16:57,6.84,2002
22-07-2002,25.92,15:00,6.84,2002
23-07-2002,25.92,17:37,6.84,2002
24-07-2002,29.88,19:35,7.92,2002
25-07-2002,30.96,17:31,6.84,2002
26-07-2002,27,18:53,7.92,2002
27-07-2002,23.04,18:33,6.12,2002
28-07-2002,29.88,18:09,9,2002
29-07-2002,0,,7.92,2002
30-07-2002,0,,0,2002
31-07-2002,39.96,14:50,7.92,2002
01-08-2002,32.04,15:19,7.92,2002
02-08-2002,27,18:51,7.92,2002
03-08-2002,27,15:19,6.84,2002
04-08-2002,30.96,17:13,7.92,2002
05-08-2002,28.08,18:53,6.84,2002
06-08-2002,24.84,18:56,7.92,2002
07-08-2002,32.04,17:10,6.84,2002
08-08-2002,36,16:38,6.84,2002
09-08-2002,42.12,15:09,10.08,2002
10-08-2002,27,12:07,6.84,2002
11-08-2002,30.96,15:13,6.12,2002
12-08-2002,27,14:39,7.92,2002
13-08-2002,21.96,17:45,7.92,2002
14-08-2002,34.92,16:57,7.92,2002
15-08-2002,30.96,16:51,9,2002
16-08-2002,33.12,15:28,9,2002
17-08-2002,32.04,16:20,10.08,2002
18-08-2002,33.12,15:15,10.08,2002
19-08-2002,29.16,15:40,7.92,2002
20-08-2002,32.04,14:34,6.12,2002
21-08-2002,29.88,16:19,7.92,2002
22-08-2002,29.88,14:30,6.12,2002
23-08-2002,30.96,15:38,10.08,2002
24-08-2002,29.88,16:36,6.12,2002
25-08-2002,33.84,12:59,9,2002
26-08-2002,29.88,15:13,6.12,2002
27-08-2002,38.16,16:40,7.92,2002
28-08-2002,29.16,09:48,6.84,2002
29-08-2002,27,19:08,3.96,2002
30-08-2002,34.92,13:24,7.92,2002
31-08-2002,29.16,17:14,6.84,2002
01-09-2002,33.12,17:52,7.92,2002
02-09-2002,30.96,16:20,6.12,2002
03-09-2002,34.92,17:12,6.84,2002
04-09-2002,39.96,13:43,12.96,2002
05-09-2002,24.84,20:56,6.12,2002
06-09-2002,36,17:18,7.92,2002
07-09-2002,36,16:32,6.84,2002
08-09-2002,24.12,13:21,5.04,2002
09-09-2002,30.96,13:45,9,2002
10-09-2002,19.08,14:45,7.92,2002
11-09-2002,21.96,14:25,6.12,2002
12-09-2002,27,17:33,6.12,2002
13-09-2002,25.92,15:18,7.92,2002
14-09-2002,33.12,Varias,9,2002
15-09-2002,33.12,10:58,3.96,2002
16-09-2002,43.92,18:26,7.92,2002
17-09-2002,38.16,12:29,7.92,2002
18-09-2002,29.88,18:26,5.04,2002
19-09-2002,54,20:12,6.84,2002
20-09-2002,30.96,13:43,3.96,2002
21-09-2002,28.08,13:16,3.96,2002
22-09-2002,27,15:34,5.04,2002
23-09-2002,15.84,10:56,5.04,2002
24-09-2002,24.12,14:55,6.12,2002
25-09-2002,24.84,12:28,5.04,2002
26-09-2002,19.08,14:41,2.88,2002
27-09-2002,21.96,13:46,3.96,2002
28-09-2002,21.96,16:24,3.96,2002
29-09-2002,15.84,14:24,5.04,2002
30-09-2002,24.84,15:20,2.16,2002
01-10-2002,24.12,13:50,5.04,2002
02-10-2002,18,16:10,5.04,2002
03-10-2002,20.16,21:43,3.96,2002
04-10-2002,16.92,14:31,5.04,2002
05-10-2002,19.08,11:42,3.96,2002
06-10-2002,15.12,14:21,3.96,2002
07-10-2002,16.92,16:23,2.88,2002
08-10-2002,32.04,21:01,6.12,2002
09-10-2002,34.92,12:26,7.92,2002
10-10-2002,10.08,02:50,5.04,2002
11-10-2002,11.16,12:38,2.16,2002
12-10-2002,24.12,15:47,5.04,2002
13-10-2002,28.08,15:43,9,2002
14-10-2002,43.92,15:45,14.04,2002
15-10-2002,38.16,20:05,9,2002
16-10-2002,33.12,10:32,9,2002
17-10-2002,18,16:33,3.96,2002
18-10-2002,20.88,15:15,6.12,2002
19-10-2002,63,20:27,10.08,2002
20-10-2002,69.12,00:44,14.04,2002
21-10-2002,55.08,13:58,14.04,2002
22-10-2002,60.84,01:38,12.96,2002
23-10-2002,24.12,13:58,3.96,2002
24-10-2002,30.96,14:32,2.88,2002
25-10-2002,43.92,12:51,15.12,2002
26-10-2002,24.84,15:56,5.04,2002
27-10-2002,20.88,17:21,3.96,2002
28-10-2002,32.04,14:14,6.84,2002
29-10-2002,42.12,13:36,7.92,2002
30-10-2002,20.16,15:07,6.12,2002
31-10-2002,15.84,14:05,5.04,2002
01-11-2002,20.88,00:40,2.88,2002
02-11-2002,16.92,12:26,2.88,2002
03-11-2002,16.92,02:52,2.88,2002
04-11-2002,11.16,05:18,3.96,2002
05-11-2002,9,14:01,2.88,2002
06-11-2002,28.08,16:12,6.12,2002
07-11-2002,24.84,13:04,3.96,2002
08-11-2002,0,,0,2002
09-11-2002,0,,0,2002
10-11-2002,0,,0,2002
11-11-2002,19.08,13:49,5.04,2002
12-11-2002,39.96,14:27,11.16,2002
13-11-2002,78.12,11:57,12.96,2002
14-11-2002,28.08,12:31,5.04,2002
15-11-2002,16.92,14:43,5.04,2002
16-11-2002,32.04,13:01,5.04,2002
17-11-2002,19.08,15:33,2.88,2002
18-11-2002,21.96,21:17,3.96,2002
19-11-2002,33.12,16:21,6.12,2002
20-11-2002,46.08,20:24,14.04,2002
21-11-2002,47.88,06:20,9,2002
22-11-2002,33.12,14:56,6.12,2002
23-11-2002,38.88,12:38,11.88,2002
24-11-2002,9,00:43,2.16,2002
25-11-2002,10.08,06:59,2.88,2002
26-11-2002,56.88,12:49,14.04,2002
27-11-2002,42.12,12:48,15.12,2002
28-11-2002,28.08,11:27,6.84,2002
29-11-2002,33.84,00:16,1.08,2002
30-11-2002,15.12,23:38,5.04,2002
01-12-2002,33.12,17:14,6.84,2002
02-12-2002,21.96,13:09,6.12,2002
03-12-2002,11.16,13:06,5.04,2002
04-12-2002,24.84,16:19,2.88,2002
05-12-2002,30.96,11:31,5.04,2002
06-12-2002,18,15:49,5.04,2002
07-12-2002,10.08,14:04,2.88,2002
08-12-2002,14.04,07:51,5.04,2002
09-12-2002,37.08,14:15,5.04,2002
10-12-2002,15.12,22:26,3.96,2002
11-12-2002,15.84,15:35,5.04,2002
12-12-2002,29.88,12:47,7.92,2002
13-12-2002,45,22:52,5.04,2002
14-12-2002,55.08,04:31,15.12,2002
15-12-2002,24.84,14:27,9,2002
16-12-2002,41.04,16:02,11.16,2002
17-12-2002,33.12,03:55,6.12,2002
18-12-2002,33.12,12:18,6.12,2002
19-12-2002,29.88,12:04,5.04,2002
20-12-2002,9,12:08,2.16,2002
21-12-2002,37.08,12:05,12.96,2002
22-12-2002,47.88,19:16,10.08,2002
23-12-2002,60.12,00:27,10.08,2002
24-12-2002,39.96,09:24,10.08,2002
25-12-2002,51.84,23:09,6.12,2002
26-12-2002,51.12,00:38,9,2002
27-12-2002,65.88,04:49,6.84,2002
28-12-2002,28.08,13:41,5.04,2002
29-12-2002,47.16,22:56,7.92,2002
30-12-2002,42.12,12:06,6.12,2002
31-12-2002,29.88,16:01,7.92,2002
01-01-2002,16.92,16:02,1.08,2002
02-01-2002,51.84,10:46,12.96,2002
03-01-2002,27,01:46,2.88,2002
04-01-2002,12.96,06:22,3.96,2002
05-01-2002,7.92,03:22,2.16,2002
06-01-2002,10.08,11:57,2.16,2002
07-01-2002,9,08:39,2.16,2002
08-01-2002,9,08:19,2.16,2002
09-01-2002,10.08,14:11,1.08,2002
10-01-2002,9,13:14,1.08,2002
11-01-2002,38.88,16:07,3.96,2002
12-01-2002,48.96,10:55,5.04,2002
13-01-2002,21.96,14:06,2.88,2002
14-01-2002,10.08,14:32,1.08,2002
15-01-2002,18,17:22,3.96,2002
16-01-2002,11.16,14:37,1.08,2002
17-01-2002,9,14:40,0,2002
18-01-2002,11.16,14:18,2.16,2002
19-01-2002,12.96,13:50,2.16,2002
20-01-2002,32.04,14:37,3.96,2002
21-01-2002,52.92,09:44,11.16,2002
22-01-2002,39.96,14:26,11.16,2002
23-01-2002,47.88,16:09,11.88,2002
24-01-2002,32.04,13:01,5.04,2002
25-01-2002,34.92,11:21,11.16,2002
26-01-2002,33.84,15:29,7.92,2002
27-01-2002,18,11:31,3.96,2002
28-01-2002,29.88,13:10,6.12,2002
29-01-2002,34.92,15:55,7.92,2002
30-01-2002,28.08,15:47,1.08,2002
31-01-2002,28.08,12:54,2.88,2002
01-02-2002,38.88,11:36,11.16,2002
02-02-2002,42.12,10:52,9,2002
03-02-2002,45,10:34,7.92,2002
04-02-2002,24.12,16:13,5.04,2002
05-02-2002,46.08,13:13,11.16,2002
06-02-2002,27,14:40,2.88,2002
07-02-2002,16.92,14:53,1.08,2002
08-02-2002,14.04,13:43,2.16,2002
09-02-2002,21.96,14:43,3.96,2002
10-02-2002,23.04,14:10,1.08,2002
11-02-2002,18,13:21,3.96,2002
12-02-2002,21.96,12:55,3.96,2002
13-02-2002,27,15:38,2.88,2002
14-02-2002,36,13:51,3.96,2002
15-02-2002,28.08,15:19,3.96,2002
16-02-2002,20.88,20:07,2.88,2002
17-02-2002,23.04,13:53,5.04,2002
18-02-2002,33.12,16:34,3.96,2002
19-02-2002,21.96,11:49,3.96,2002
20-02-2002,9,14:58,0,2002
21-02-2002,23.04,16:24,3.96,2002
22-02-2002,20.88,16:36,2.88,2002
23-02-2002,21.96,16:31,3.96,2002
24-02-2002,18,15:56,2.88,2002
25-02-2002,28.08,13:11,6.12,2002
26-02-2002,23.04,10:23,2.16,2002
27-02-2002,25.92,16:23,6.12,2002
28-02-2002,18,10:52,2.88,2002
01-03-2002,28.08,12:36,3.96,2002
02-03-2002,24.84,17:00,3.96,2002
03-03-2002,34.92,12:14,6.84,2002
04-03-2002,20.88,16:11,2.16,2002
05-03-2002,32.04,11:54,3.96,2002
06-03-2002,29.16,11:44,3.96,2002
07-03-2002,21.96,18:27,3.96,2002
08-03-2002,15.12,17:59,2.16,2002
09-03-2002,25.92,12:55,3.96,2002
10-03-2002,30.96,16:31,2.88,2002
11-03-2002,15.84,15:47,0,2002
12-03-2002,42.12,11:48,9,2002
13-03-2002,41.04,16:48,11.88,2002
14-03-2002,32.04,00:01,6.12,2002
15-03-2002,19.08,08:38,1.08,2002
16-03-2002,42.12,14:47,9,2002
17-03-2002,39.96,10:16,10.08,2002
18-03-2002,39.96,17:17,10.08,2002
19-03-2002,0,,6.12,2002
20-03-2002,21.96,16:10,5.04,2002
21-03-2002,25.92,14:36,2.88,2002
22-03-2002,11.88,14:34,2.16,2002
23-03-2002,14.04,14:26,2.16,2002
24-03-2002,18,16:12,1.08,2002
25-03-2002,29.88,13:26,6.12,2002
26-03-2002,21.96,19:07,2.88,2002
27-03-2002,27,18:56,2.88,2002
28-03-2002,20.88,18:33,2.88,2002
29-03-2002,34.92,14:10,6.12,2002
30-03-2002,19.08,15:24,2.16,2002
31-03-2002,23.04,17:39,6.12,2002
01-04-2002,20.88,17:50,3.96,2002
02-04-2002,38.88,12:02,10.08,2002
03-04-2002,38.16,13:38,3.96,2002
04-04-2002,15.12,16:33,3.96,2002
05-04-2002,32.04,14:40,5.04,2002
06-04-2002,32.04,14:44,6.12,2002
07-04-2002,30.96,14:46,3.96,2002
08-04-2002,37.08,00:51,5.04,2002
09-04-2002,21.96,18:20,1.08,2002
10-04-2002,34.92,15:47,6.12,2002
11-04-2002,30.96,11:08,2.88,2002
12-04-2002,30.96,09:46,6.84,2002
13-04-2002,33.12,15:22,3.96,2002
14-04-2002,28.08,12:46,3.96,2002
15-04-2002,21.96,15:44,3.96,2002
16-04-2002,27,16:09,6.12,2002
17-04-2002,15.84,14:31,3.96,2002
18-04-2002,24.84,14:24,3.96,2002
19-04-2002,21.96,16:51,5.04,2002
20-04-2002,20.88,17:57,5.04,2002
21-04-2002,15.84,13:48,2.88,2002
22-04-2002,20.88,20:03,2.88,2002
23-04-2002,28.08,17:59,5.04,2002
24-04-2002,28.08,16:52,5.04,2002
25-04-2002,24.12,17:37,3.96,2002
26-04-2002,28.08,17:02,5.04,2002
27-04-2002,20.88,17:29,3.96,2002
28-04-2002,30.96,14:57,6.12,2002
29-04-2002,27,16:01,3.96,2002
30-04-2002,45,14:54,7.92,2002
01-05-2002,45,13:57,7.92,2002
02-05-2002,47.16,09:50,9,2002
03-05-2002,34.92,16:48,7.92,2002
04-05-2002,24.12,12:47,6.12,2002
05-05-2002,37.08,19:47,9,2002
06-05-2002,34.92,11:04,6.84,2002
07-05-2002,33.12,18:39,7.92,2002
08-05-2002,34.92,09:33,7.92,2002
09-05-2002,30.96,13:27,7.92,2002
10-05-2002,24.12,16:47,5.04,2002
11-05-2002,23.04,Varias,7.92,2002
12-05-2002,37.08,17:37,6.12,2002
13-05-2002,56.16,09:48,12.96,2002
14-05-2002,29.88,16:29,6.84,2002
15-05-2002,51.12,14:23,9,2002
16-05-2002,47.88,15:31,11.16,2002
17-05-2002,46.08,08:58,6.84,2002
18-05-2002,25.92,13:49,3.96,2002
19-05-2002,32.04,15:44,11.16,2002
20-05-2002,37.08,15:33,11.16,2002
21-05-2002,50.04,13:07,11.16,2002
22-05-2002,42.12,11:55,12.96,2002
23-05-2002,38.16,16:56,9,2002
24-05-2002,42.12,19:44,11.16,2002
25-05-2002,36,16:47,11.16,2002
26-05-2002,42.12,15:42,12.96,2002
27-05-2002,33.12,15:18,6.12,2002
28-05-2002,33.84,16:27,7.92,2002
29-05-2002,29.88,20:56,7.92,2002
30-05-2002,28.08,18:01,7.92,2002
31-05-2002,29.16,17:19,7.92,2002
01-06-2002,38.88,16:05,10.08,2002
02-06-2002,28.08,14:13,7.92,2002
03-06-2002,23.04,17:55,7.92,2002
04-06-2002,27,21:52,5.04,2002
05-06-2002,36,13:26,6.84,2002
06-06-2002,24.12,13:03,5.04,2002
07-06-2002,41.04,14:25,14.04,2002
08-06-2002,28.08,11:25,10.08,2002
09-06-2002,37.08,15:52,10.08,2002
10-06-2002,20.16,11:16,5.04,2002
11-06-2002,33.12,16:19,9,2002
12-06-2002,24.12,22:12,6.12,2002
13-06-2002,33.12,20:13,7.92,2002
14-06-2002,24.12,16:46,6.84,2002
15-06-2002,23.04,17:45,7.92,2002
16-06-2002,29.16,15:23,10.08,2002
17-06-2002,36,15:39,11.16,2002
18-06-2002,28.08,19:16,7.92,2002
19-06-2002,28.08,18:13,7.92,2002
20-06-2002,24.12,15:24,11.16,2002
21-06-2002,23.04,18:19,7.92,2002
22-06-2002,33.12,15:21,9,2002
23-06-2002,34.92,17:32,9,2002
24-06-2002,51.12,13:40,10.08,2002
25-06-2002,42.12,15:09,9,2002
26-06-2002,30.96,14:45,7.92,2002
27-06-2002,21.96,17:42,6.84,2002
28-06-2002,32.04,17:17,7.92,2002
29-06-2002,30.96,20:20,7.92,2002
30-06-2002,38.88,10:55,9,2002
01-07-2002,27,15:08,7.92,2002
02-07-2002,33.12,17:03,10.08,2002
03-07-2002,33.12,14:32,10.08,2002
04-07-2002,30.96,16:53,7.92,2002
05-07-2002,32.04,17:03,6.84,2002
06-07-2002,29.16,15:55,6.12,2002
07-07-2002,25.92,18:02,9,2002
08-07-2002,38.88,15:30,10.08,2002
09-07-2002,33.12,12:00,9,2002
10-07-2002,29.88,17:05,7.92,2002
11-07-2002,29.88,17:02,9,2002
12-07-2002,29.16,13:24,10.08,2002
13-07-2002,27,13:45,6.12,2002
14-07-2002,32.04,15:06,7.92,2002
15-07-2002,29.88,17:24,6.84,2002
16-07-2002,33.12,17:25,10.08,2002
17-07-2002,24.12,18:28,3.96,2002
18-07-2002,34.92,15:06,11.88,2002
19-07-2002,30.96,15:35,6.84,2002
20-07-2002,34.92,13:12,9,2002
21-07-2002,42.84,16:57,6.84,2002
22-07-2002,25.92,15:00,6.84,2002
23-07-2002,25.92,17:37,6.84,2002
24-07-2002,29.88,19:35,7.92,2002
25-07-2002,30.96,17:31,6.84,2002
26-07-2002,27,18:53,7.92,2002
27-07-2002,23.04,18:33,6.12,2002
28-07-2002,29.88,18:09,9,2002
29-07-2002,0,,7.92,2002
30-07-2002,0,,0,2002
31-07-2002,39.96,14:50,7.92,2002
01-08-2002,32.04,15:19,7.92,2002
02-08-2002,27,18:51,7.92,2002
03-08-2002,27,15:19,6.84,2002
04-08-2002,30.96,17:13,7.92,2002
05-08-2002,28.08,18:53,6.84,2002
06-08-2002,24.84,18:56,7.92,2002
07-08-2002,32.04,17:10,6.84,2002
08-08-2002,36,16:38,6.84,2002
09-08-2002,42.12,15:09,10.08,2002
10-08-2002,27,12:07,6.84,2002
11-08-2002,30.96,15:13,6.12,2002
12-08-2002,27,14:39,7.92,2002
13-08-2002,21.96,17:45,7.92,2002
14-08-2002,34.92,16:57,7.92,2002
15-08-2002,30.96,16:51,9,2002
16-08-2002,33.12,15:28,9,2002
17-08-2002,32.04,16:20,10.08,2002
18-08-2002,33.12,15:15,10.08,2002
19-08-2002,29.16,15:40,7.92,2002
20-08-2002,32.04,14:34,6.12,2002
21-08-2002,29.88,16:19,7.92,2002
22-08-2002,29.88,14:30,6.12,2002
23-08-2002,30.96,15:38,10.08,2002
24-08-2002,29.88,16:36,6.12,2002
25-08-2002,33.84,12:59,9,2002
26-08-2002,29.88,15:13,6.12,2002
27-08-2002,38.16,16:40,7.92,2002
28-08-2002,29.16,09:48,6.84,2002
29-08-2002,27,19:08,3.96,2002
30-08-2002,34.92,13:24,7.92,2002
31-08-2002,29.16,17:14,6.84,2002
01-09-2002,33.12,17:52,7.92,2002
02-09-2002,30.96,16:20,6.12,2002
03-09-2002,34.92,17:12,6.84,2002
04-09-2002,39.96,13:43,12.96,2002
05-09-2002,24.84,20:56,6.12,2002
06-09-2002,36,17:18,7.92,2002
07-09-2002,36,16:32,6.84,2002
08-09-2002,24.12,13:21,5.04,2002
09-09-2002,30.96,13:45,9,2002
10-09-2002,19.08,14:45,7.92,2002
11-09-2002,21.96,14:25,6.12,2002
12-09-2002,27,17:33,6.12,2002
13-09-2002,25.92,15:18,7.92,2002
14-09-2002,33.12,Varias,9,2002
15-09-2002,33.12,10:58,3.96,2002
16-09-2002,43.92,18:26,7.92,2002
17-09-2002,38.16,12:29,7.92,2002
18-09-2002,29.88,18:26,5.04,2002
19-09-2002,54,20:12,6.84,2002
20-09-2002,30.96,13:43,3.96,2002
21-09-2002,28.08,13:16,3.96,2002
22-09-2002,27,15:34,5.04,2002
23-09-2002,15.84,10:56,5.04,2002
24-09-2002,24.12,14:55,6.12,2002
25-09-2002,24.84,12:28,5.04,2002
26-09-2002,19.08,14:41,2.88,2002
27-09-2002,21.96,13:46,3.96,2002
28-09-2002,21.96,16:24,3.96,2002
29-09-2002,15.84,14:24,5.04,2002
30-09-2002,24.84,15:20,2.16,2002
01-10-2002,24.12,13:50,5.04,2002
02-10-2002,18,16:10,5.04,2002
03-10-2002,20.16,21:43,3.96,2002
04-10-2002,16.92,14:31,5.04,2002
05-10-2002,19.08,11:42,3.96,2002
06-10-2002,15.12,14:21,3.96,2002
07-10-2002,16.92,16:23,2.88,2002
08-10-2002,32.04,21:01,6.12,2002
09-10-2002,34.92,12:26,7.92,2002
10-10-2002,10.08,02:50,5.04,2002
11-10-2002,11.16,12:38,2.16,2002
12-10-2002,24.12,15:47,5.04,2002
13-10-2002,28.08,15:43,9,2002
14-10-2002,43.92,15:45,14.04,2002
15-10-2002,38.16,20:05,9,2002
16-10-2002,33.12,10:32,9,2002
17-10-2002,18,16:33,3.96,2002
18-10-2002,20.88,15:15,6.12,2002
19-10-2002,63,20:27,10.08,2002
20-10-2002,69.12,00:44,14.04,2002
21-10-2002,55.08,13:58,14.04,2002
22-10-2002,60.84,01:38,12.96,2002
23-10-2002,24.12,13:58,3.96,2002
24-10-2002,30.96,14:32,2.88,2002
25-10-2002,43.92,12:51,15.12,2002
26-10-2002,24.84,15:56,5.04,2002
27-10-2002,20.88,17:21,3.96,2002
28-10-2002,32.04,14:14,6.84,2002
29-10-2002,42.12,13:36,7.92,2002
30-10-2002,20.16,15:07,6.12,2002
31-10-2002,15.84,14:05,5.04,2002
01-11-2002,20.88,00:40,2.88,2002
02-11-2002,16.92,12:26,2.88,2002
03-11-2002,16.92,02:52,2.88,2002
04-11-2002,11.16,05:18,3.96,2002
05-11-2002,9,14:01,2.88,2002
06-11-2002,28.08,16:12,6.12,2002
07-11-2002,24.84,13:04,3.96,2002
08-11-2002,0,,0,2002
09-11-2002,0,,0,2002
10-11-2002,0,,0,2002
11-11-2002,19.08,13:49,5.04,2002
12-11-2002,39.96,14:27,11.16,2002
13-11-2002,78.12,11:57,12.96,2002
14-11-2002,28.08,12:31,5.04,2002
15-11-2002,16.92,14:43,5.04,2002
16-11-2002,32.04,13:01,5.04,2002
17-11-2002,19.08,15:33,2.88,2002
18-11-2002,21.96,21:17,3.96,2002
19-11-2002,33.12,16:21,6.12,2002
20-11-2002,46.08,20:24,14.04,2002
21-11-2002,47.88,06:20,9,2002
22-11-2002,33.12,14:56,6.12,2002
23-11-2002,38.88,12:38,11.88,2002
24-11-2002,9,00:43,2.16,2002
25-11-2002,10.08,06:59,2.88,2002
26-11-2002,56.88,12:49,14.04,2002
27-11-2002,42.12,12:48,15.12,2002
28-11-2002,28.08,11:27,6.84,2002
29-11-2002,33.84,00:16,1.08,2002
30-11-2002,15.12,23:38,5.04,2002
01-12-2002,33.12,17:14,6.84,2002
02-12-2002,21.96,13:09,6.12,2002
03-12-2002,11.16,13:06,5.04,2002
04-12-2002,24.84,16:19,2.88,2002
05-12-2002,30.96,11:31,5.04,2002
06-12-2002,18,15:49,5.04,2002
07-12-2002,10.08,14:04,2.88,2002
08-12-2002,14.04,07:51,5.04,2002
09-12-2002,37.08,14:15,5.04,2002
10-12-2002,15.12,22:26,3.96,2002
11-12-2002,15.84,15:35,5.04,2002
12-12-2002,29.88,12:47,7.92,2002
13-12-2002,45,22:52,5.04,2002
14-12-2002,55.08,04:31,15.12,2002
15-12-2002,24.84,14:27,9,2002
16-12-2002,41.04,16:02,11.16,2002
17-12-2002,33.12,03:55,6.12,2002
18-12-2002,33.12,12:18,6.12,2002
19-12-2002,29.88,12:04,5.04,2002
20-12-2002,9,12:08,2.16,2002
21-12-2002,37.08,12:05,12.96,2002
22-12-2002,47.88,19:16,10.08,2002
23-12-2002,60.12,00:27,10.08,2002
24-12-2002,39.96,09:24,10.08,2002
25-12-2002,51.84,23:09,6.12,2002
26-12-2002,51.12,00:38,9,2002
27-12-2002,65.88,04:49,6.84,2002
28-12-2002,28.08,13:41,5.04,2002
29-12-2002,47.16,22:56,7.92,2002
30-12-2002,42.12,12:06,6.12,2002
31-12-2002,29.88,16:01,7.92,2002
01-01-2003,45,20:13,7.92,2003
02-01-2003,41.04,06:13,9,2003
03-01-2003,48.96,07:05,10.08,2003
04-01-2003,19.08,01:11,2.88,2003
05-01-2003,37.08,11:59,9,2003
06-01-2003,28.08,13:34,5.04,2003
07-01-2003,33.12,04:43,7.92,2003
08-01-2003,20.88,19:42,5.04,2003
09-01-2003,47.88,14:45,7.92,2003
10-01-2003,34.92,20:06,6.84,2003
11-01-2003,29.88,15:47,5.04,2003
12-01-2003,29.88,15:06,6.84,2003
13-01-2003,9,13:43,3.96,2003
14-01-2003,10.08,09:56,2.16,2003
15-01-2003,14.04,11:22,1.08,2003
16-01-2003,11.16,09:44,3.96,2003
17-01-2003,7.92,19:31,2.16,2003
18-01-2003,39.96,21:48,7.92,2003
19-01-2003,34.92,14:49,5.04,2003
20-01-2003,47.88,09:22,14.04,2003
21-01-2003,47.88,06:50,12.96,2003
22-01-2003,27,12:16,3.96,2003
23-01-2003,14.04,09:29,2.88,2003
24-01-2003,11.16,05:45,5.04,2003
25-01-2003,16.92,08:00,6.12,2003
26-01-2003,12.96,13:20,2.88,2003
27-01-2003,11.16,15:00,3.96,2003
28-01-2003,36,15:06,6.12,2003
29-01-2003,46.08,15:48,6.12,2003
30-01-2003,39.96,13:32,6.84,2003
31-01-2003,34.92,10:33,9,2003
01-02-2003,9,12:31,2.88,2003
02-02-2003,18,15:47,5.04,2003
03-02-2003,36,13:04,7.92,2003
04-02-2003,29.16,01:15,11.88,2003
05-02-2003,12.96,16:10,5.04,2003
06-02-2003,15.84,18:25,6.12,2003
07-02-2003,18,12:28,5.04,2003
08-02-2003,12.96,12:12,3.96,2003
09-02-2003,14.04,18:55,3.96,2003
10-02-2003,15.12,16:35,5.04,2003
11-02-2003,15.12,20:39,3.96,2003
12-02-2003,24.84,15:11,5.04,2003
13-02-2003,10.08,17:32,2.88,2003
14-02-2003,27,11:45,6.12,2003
15-02-2003,24.12,15:52,7.92,2003
16-02-2003,18,15:05,2.88,2003
17-02-2003,11.88,12:07,3.96,2003
18-02-2003,46.08,13:47,11.88,2003
19-02-2003,32.04,15:40,7.92,2003
20-02-2003,36,15:49,11.16,2003
21-02-2003,56.88,23:33,12.96,2003
22-02-2003,64.08,01:04,11.88,2003
23-02-2003,34.92,14:36,6.12,2003
24-02-2003,42.84,08:58,11.88,2003
25-02-2003,38.88,03:42,2.88,2003
26-02-2003,50.04,11:25,10.08,2003
27-02-2003,19.08,11:19,3.96,2003
28-02-2003,43.92,21:50,10.08,2003
01-03-2003,46.08,12:29,11.88,2003
02-03-2003,27,01:27,5.04,2003
03-03-2003,32.04,10:51,10.08,2003
04-03-2003,14.04,13:47,2.16,2003
05-03-2003,20.88,14:41,5.04,2003
06-03-2003,32.04,12:43,10.08,2003
07-03-2003,20.88,19:16,6.12,2003
08-03-2003,20.88,14:24,3.96,2003
09-03-2003,32.04,14:42,5.04,2003
10-03-2003,29.16,14:44,5.04,2003
11-03-2003,38.88,11:13,6.84,2003
12-03-2003,33.12,12:53,6.84,2003
13-03-2003,24.84,19:28,5.04,2003
14-03-2003,24.12,15:18,6.12,2003
15-03-2003,12.96,14:28,3.96,2003
16-03-2003,36,13:35,10.08,2003
17-03-2003,37.08,15:46,6.84,2003
18-03-2003,14.04,14:11,5.04,2003
19-03-2003,19.08,17:49,6.84,2003
20-03-2003,23.04,18:07,6.12,2003
21-03-2003,24.12,18:20,3.96,2003
22-03-2003,29.88,16:19,2.88,2003
23-03-2003,33.84,12:25,9,2003
24-03-2003,43.92,15:20,9,2003
25-03-2003,23.04,12:52,7.92,2003
26-03-2003,32.04,16:13,7.92,2003
27-03-2003,37.08,12:10,7.92,2003
28-03-2003,11.16,15:16,5.04,2003
29-03-2003,20.88,13:36,2.16,2003
30-03-2003,32.04,16:27,3.96,2003
31-03-2003,19.08,18:20,5.04,2003
01-04-2003,24.12,21:47,5.04,2003
02-04-2003,38.88,14:50,7.92,2003
03-04-2003,41.04,10:41,7.92,2003
04-04-2003,29.88,18:22,6.84,2003
05-04-2003,20.16,12:42,3.96,2003
06-04-2003,14.04,10:20,2.88,2003
07-04-2003,20.88,19:41,5.04,2003
08-04-2003,29.16,15:34,7.92,2003
09-04-2003,30.96,13:22,6.84,2003
10-04-2003,29.88,11:50,5.04,2003
11-04-2003,43.92,11:53,11.16,2003
12-04-2003,37.08,11:14,12.96,2003
13-04-2003,55.08,21:52,18,2003
14-04-2003,38.88,10:16,10.08,2003
15-04-2003,21.96,18:19,6.84,2003
16-04-2003,41.04,13:21,9,2003
17-04-2003,24.12,11:47,5.04,2003
18-04-2003,25.92,16:59,5.04,2003
19-04-2003,29.16,15:25,7.92,2003
20-04-2003,20.88,19:11,2.88,2003
21-04-2003,29.88,09:08,7.92,2003
22-04-2003,30.96,17:24,9,2003
23-04-2003,38.16,14:08,6.12,2003
24-04-2003,42.12,10:05,10.08,2003
25-04-2003,36,10:24,6.12,2003
26-04-2003,39.96,15:44,10.08,2003
27-04-2003,39.96,14:35,7.92,2003
28-04-2003,75.96,12:18,19.08,2003
29-04-2003,42.12,12:41,11.16,2003
30-04-2003,47.88,15:08,11.16,2003
01-05-2003,42.12,18:09,11.88,2003
02-05-2003,25.92,12:05,7.92,2003
03-05-2003,34.92,14:28,9,2003
04-05-2003,38.88,14:20,9,2003
05-05-2003,37.08,18:27,11.16,2003
06-05-2003,47.16,15:22,7.92,2003
07-05-2003,41.04,11:02,10.08,2003
08-05-2003,25.92,15:50,9,2003
09-05-2003,23.04,13:12,7.92,2003
10-05-2003,27,17:30,7.92,2003
11-05-2003,25.92,20:13,7.92,2003
12-05-2003,29.16,18:01,6.84,2003
13-05-2003,27,20:51,7.92,2003
14-05-2003,27,16:49,7.92,2003
15-05-2003,29.16,18:08,7.92,2003
16-05-2003,25.92,15:50,6.84,2003
17-05-2003,29.88,17:08,6.12,2003
18-05-2003,33.12,14:55,10.08,2003
19-05-2003,32.04,13:11,11.16,2003
20-05-2003,24.84,18:06,6.84,2003
21-05-2003,23.04,13:44,6.12,2003
22-05-2003,23.04,18:35,5.04,2003
23-05-2003,37.08,16:12,6.84,2003
24-05-2003,45,14:55,11.88,2003
25-05-2003,27,10:49,6.84,2003
26-05-2003,27,19:11,6.84,2003
27-05-2003,16.92,14:35,3.96,2003
28-05-2003,30.96,18:01,7.92,2003
29-05-2003,29.16,15:25,6.84,2003
30-05-2003,23.04,16:40,3.96,2003
31-05-2003,28.08,16:16,9,2003
01-06-2003,24.12,12:18,5.04,2003
02-06-2003,27,13:56,7.92,2003
03-06-2003,43.92,15:35,11.16,2003
04-06-2003,23.04,19:57,5.04,2003
05-06-2003,21.96,14:59,5.04,2003
06-06-2003,23.04,18:50,6.84,2003
07-06-2003,29.88,15:06,9,2003
08-06-2003,24.12,17:51,9,2003
09-06-2003,36,15:09,6.12,2003
10-06-2003,33.84,11:47,9,2003
11-06-2003,25.92,16:17,6.12,2003
12-06-2003,30.96,18:40,7.92,2003
13-06-2003,28.08,11:05,6.84,2003
14-06-2003,33.12,15:22,7.92,2003
15-06-2003,30.96,14:57,10.08,2003
16-06-2003,32.04,19:25,7.92,2003
17-06-2003,28.08,18:26,7.92,2003
18-06-2003,28.08,18:02,9,2003
19-06-2003,24.12,18:15,5.04,2003
20-06-2003,20.88,17:25,6.12,2003
21-06-2003,27,16:45,9,2003
22-06-2003,39.96,13:41,9,2003
23-06-2003,25.92,18:52,6.84,2003
24-06-2003,33.84,14:31,9,2003
25-06-2003,28.08,14:37,9,2003
26-06-2003,29.16,18:55,11.88,2003
27-06-2003,29.16,18:17,7.92,2003
28-06-2003,38.16,15:32,11.16,2003
29-06-2003,29.16,08:04,6.84,2003
30-06-2003,47.88,14:22,15.12,2003
01-07-2003,41.04,14:04,12.96,2003
02-07-2003,24.12,12:35,9,2003
03-07-2003,36,16:00,6.12,2003
04-07-2003,25.92,21:19,6.12,2003
05-07-2003,28.08,16:33,6.12,2003
06-07-2003,23.04,18:18,6.84,2003
07-07-2003,23.04,20:29,6.12,2003
08-07-2003,27,16:47,5.04,2003
09-07-2003,21.96,17:37,5.04,2003
10-07-2003,21.96,18:21,6.12,2003
11-07-2003,28.08,17:42,6.84,2003
12-07-2003,24.12,15:56,7.92,2003
13-07-2003,20.88,16:26,6.84,2003
14-07-2003,25.92,16:37,6.84,2003
15-07-2003,24.84,12:34,6.84,2003
16-07-2003,21.96,15:28,6.12,2003
17-07-2003,29.16,15:45,10.08,2003
18-07-2003,36,14:57,11.16,2003
19-07-2003,37.08,15:17,10.08,2003
20-07-2003,29.88,15:22,7.92,2003
21-07-2003,24.12,18:24,7.92,2003
22-07-2003,24.12,18:10,7.92,2003
23-07-2003,29.88,16:31,7.92,2003
24-07-2003,25.92,16:45,6.84,2003
25-07-2003,37.08,15:55,11.16,2003
26-07-2003,41.04,12:31,15.12,2003
27-07-2003,24.84,16:26,9,2003
28-07-2003,21.96,17:51,7.92,2003
29-07-2003,25.92,15:23,6.12,2003
30-07-2003,32.04,17:35,6.12,2003
31-07-2003,20.88,18:45,6.12,2003
01-08-2003,18,17:00,6.12,2003
02-08-2003,32.04,23:31,3.96,2003
03-08-2003,38.16,14:03,10.08,2003
04-08-2003,28.08,15:52,6.84,2003
05-08-2003,24.84,13:38,7.92,2003
06-08-2003,20.88,00:17,6.84,2003
07-08-2003,43.92,18:34,3.96,2003
08-08-2003,29.16,16:17,5.04,2003
09-08-2003,24.12,17:29,5.04,2003
10-08-2003,20.88,21:02,6.84,2003
11-08-2003,25.92,14:03,6.12,2003
12-08-2003,46.08,14:26,6.12,2003
13-08-2003,24.12,17:02,5.04,2003
14-08-2003,29.88,13:18,11.88,2003
15-08-2003,27,11:46,9,2003
16-08-2003,29.88,17:29,6.84,2003
17-08-2003,24.84,17:07,6.84,2003
18-08-2003,28.08,16:38,9,2003
19-08-2003,38.16,13:35,7.92,2003
20-08-2003,24.84,17:14,7.92,2003
21-08-2003,41.04,17:28,7.92,2003
22-08-2003,23.04,18:45,6.12,2003
23-08-2003,28.08,15:29,6.84,2003
24-08-2003,36,16:47,10.08,2003
25-08-2003,28.08,19:40,6.84,2003
26-08-2003,25.92,13:56,6.84,2003
27-08-2003,34.92,15:19,11.16,2003
28-08-2003,38.88,22:55,14.04,2003
29-08-2003,32.04,10:52,11.88,2003
30-08-2003,23.04,15:26,5.04,2003
31-08-2003,21.96,16:33,5.04,2003
01-09-2003,25.92,15:06,6.12,2003
02-09-2003,29.88,18:23,5.04,2003
03-09-2003,19.08,18:43,5.04,2003
04-09-2003,23.04,15:54,7.92,2003
05-09-2003,28.08,13:24,9,2003
06-09-2003,21.96,16:59,6.84,2003
07-09-2003,38.88,15:04,9,2003
08-09-2003,42.84,11:44,14.04,2003
09-09-2003,28.08,12:24,6.84,2003
10-09-2003,20.88,14:34,6.12,2003
11-09-2003,20.88,14:12,6.12,2003
12-09-2003,19.08,01:23,3.96,2003
13-09-2003,15.12,12:03,5.04,2003
14-09-2003,18,17:25,6.84,2003
15-09-2003,33.12,11:05,6.12,2003
16-09-2003,27,15:33,9,2003
17-09-2003,30.96,15:24,6.84,2003
18-09-2003,24.12,14:43,6.12,2003
19-09-2003,33.12,14:58,6.84,2003
20-09-2003,39.96,12:47,9,2003
21-09-2003,42.84,15:34,11.16,2003
22-09-2003,29.88,12:35,6.12,2003
23-09-2003,29.88,17:42,6.84,2003
24-09-2003,27,13:19,6.84,2003
25-09-2003,24.12,16:15,6.84,2003
26-09-2003,10.08,12:12,3.96,2003
27-09-2003,24.12,16:15,9,2003
28-09-2003,19.08,16:18,6.12,2003
29-09-2003,24.84,16:32,6.12,2003
30-09-2003,21.96,17:37,3.96,2003
01-10-2003,19.08,13:02,5.04,2003
02-10-2003,39.96,14:01,6.12,2003
03-10-2003,21.96,13:48,3.96,2003
04-10-2003,21.96,17:54,6.12,2003
05-10-2003,39.96,17:42,9,2003
06-10-2003,24.84,12:36,6.12,2003
07-10-2003,24.12,21:53,5.04,2003
08-10-2003,23.04,15:41,6.12,2003
09-10-2003,23.04,11:56,5.04,2003
10-10-2003,14.04,15:52,2.88,2003
11-10-2003,21.96,15:49,2.16,2003
12-10-2003,15.84,15:36,2.16,2003
13-10-2003,12.96,13:46,2.88,2003
14-10-2003,16.92,12:54,5.04,2003
15-10-2003,14.04,14:02,5.04,2003
16-10-2003,18,15:55,3.96,2003
17-10-2003,12.96,18:03,5.04,2003
18-10-2003,37.08,13:01,7.92,2003
19-10-2003,25.92,16:14,2.88,2003
20-10-2003,24.84,15:50,5.04,2003
21-10-2003,23.04,16:02,6.12,2003
22-10-2003,28.08,14:24,5.04,2003
23-10-2003,29.88,12:43,6.12,2003
24-10-2003,33.84,21:28,3.96,2003
25-10-2003,32.04,13:15,6.84,2003
26-10-2003,20.16,17:23,5.04,2003
27-10-2003,23.04,16:23,5.04,2003
28-10-2003,15.12,21:19,3.96,2003
29-10-2003,28.08,19:00,2.88,2003
30-10-2003,65.88,15:15,18,2003
31-10-2003,46.08,08:57,6.84,2003
01-11-2003,29.16,14:14,6.84,2003
02-11-2003,29.16,13:02,6.12,2003
03-11-2003,18,01:41,3.96,2003
04-11-2003,28.08,23:50,3.96,2003
05-11-2003,39.96,20:36,11.88,2003
06-11-2003,51.84,12:31,11.16,2003
07-11-2003,37.08,13:05,7.92,2003
08-11-2003,33.12,13:50,6.84,2003
09-11-2003,36,13:18,11.88,2003
10-11-2003,20.88,12:19,2.16,2003
11-11-2003,23.04,12:33,3.96,2003
12-11-2003,14.04,16:08,2.16,2003
13-11-2003,24.12,21:21,5.04,2003
14-11-2003,16.92,05:47,3.96,2003
15-11-2003,25.92,05:14,5.04,2003
16-11-2003,47.16,14:56,7.92,2003
17-11-2003,25.92,11:16,3.96,2003
18-11-2003,11.16,10:03,5.04,2003
19-11-2003,7.92,11:54,1.08,2003
20-11-2003,11.88,08:41,3.96,2003
21-11-2003,29.16,13:39,9,2003
22-11-2003,11.16,03:22,1.08,2003
23-11-2003,16.92,21:14,5.04,2003
24-11-2003,24.12,14:11,3.96,2003
25-11-2003,10.08,20:48,3.96,2003
26-11-2003,36,20:35,9,2003
27-11-2003,23.04,13:22,6.12,2003
28-11-2003,23.04,16:09,6.84,2003
29-11-2003,30.96,10:02,9,2003
30-11-2003,41.04,13:31,6.12,2003
01-12-2003,19.08,15:59,5.04,2003
02-12-2003,11.88,10:06,5.04,2003
03-12-2003,19.08,17:55,6.12,2003
04-12-2003,10.08,23:54,3.96,2003
05-12-2003,46.08,13:31,6.84,2003
06-12-2003,19.08,14:32,3.96,2003
07-12-2003,33.12,05:39,6.12,2003
08-12-2003,30.96,11:59,9,2003
09-12-2003,41.04,10:06,6.84,2003
10-12-2003,15.12,15:44,2.88,2003
11-12-2003,7.92,17:44,2.16,2003
12-12-2003,15.12,14:24,3.96,2003
13-12-2003,7.92,00:01,2.88,2003
14-12-2003,7.92,09:55,2.88,2003
15-12-2003,20.16,16:11,3.96,2003
16-12-2003,9,13:49,2.88,2003
17-12-2003,45,17:40,6.12,2003
18-12-2003,25.92,05:21,7.92,2003
19-12-2003,9,08:28,2.88,2003
20-12-2003,27,12:30,6.12,2003
21-12-2003,21.96,19:19,3.96,2003
22-12-2003,33.84,12:55,6.12,2003
23-12-2003,20.88,15:07,5.04,2003
24-12-2003,12.96,14:43,2.88,2003
25-12-2003,21.96,19:31,3.96,2003
26-12-2003,28.08,12:15,5.04,2003
27-12-2003,48.96,20:54,12.96,2003
28-12-2003,29.16,00:09,3.96,2003
29-12-2003,15.84,21:53,2.88,2003
30-12-2003,25.92,13:10,6.12,2003
31-12-2003,10.08,12:26,1.08,2003
01-01-2003,45,20:13,7.92,2003
02-01-2003,41.04,06:13,9,2003
03-01-2003,48.96,07:05,10.08,2003
04-01-2003,19.08,01:11,2.88,2003
05-01-2003,37.08,11:59,9,2003
06-01-2003,28.08,13:34,5.04,2003
07-01-2003,33.12,04:43,7.92,2003
08-01-2003,20.88,19:42,5.04,2003
09-01-2003,47.88,14:45,7.92,2003
10-01-2003,34.92,20:06,6.84,2003
11-01-2003,29.88,15:47,5.04,2003
12-01-2003,29.88,15:06,6.84,2003
13-01-2003,9,13:43,3.96,2003
14-01-2003,10.08,09:56,2.16,2003
15-01-2003,14.04,11:22,1.08,2003
16-01-2003,11.16,09:44,3.96,2003
17-01-2003,7.92,19:31,2.16,2003
18-01-2003,39.96,21:48,7.92,2003
19-01-2003,34.92,14:49,5.04,2003
20-01-2003,47.88,09:22,14.04,2003
21-01-2003,47.88,06:50,12.96,2003
22-01-2003,27,12:16,3.96,2003
23-01-2003,14.04,09:29,2.88,2003
24-01-2003,11.16,05:45,5.04,2003
25-01-2003,16.92,08:00,6.12,2003
26-01-2003,12.96,13:20,2.88,2003
27-01-2003,11.16,15:00,3.96,2003
28-01-2003,36,15:06,6.12,2003
29-01-2003,46.08,15:48,6.12,2003
30-01-2003,39.96,13:32,6.84,2003
31-01-2003,34.92,10:33,9,2003
01-02-2003,9,12:31,2.88,2003
02-02-2003,18,15:47,5.04,2003
03-02-2003,36,13:04,7.92,2003
04-02-2003,29.16,01:15,11.88,2003
05-02-2003,12.96,16:10,5.04,2003
06-02-2003,15.84,18:25,6.12,2003
07-02-2003,18,12:28,5.04,2003
08-02-2003,12.96,12:12,3.96,2003
09-02-2003,14.04,18:55,3.96,2003
10-02-2003,15.12,16:35,5.04,2003
11-02-2003,15.12,20:39,3.96,2003
12-02-2003,24.84,15:11,5.04,2003
13-02-2003,10.08,17:32,2.88,2003
14-02-2003,27,11:45,6.12,2003
15-02-2003,24.12,15:52,7.92,2003
16-02-2003,18,15:05,2.88,2003
17-02-2003,11.88,12:07,3.96,2003
18-02-2003,46.08,13:47,11.88,2003
19-02-2003,32.04,15:40,7.92,2003
20-02-2003,36,15:49,11.16,2003
21-02-2003,56.88,23:33,12.96,2003
22-02-2003,64.08,01:04,11.88,2003
23-02-2003,34.92,14:36,6.12,2003
24-02-2003,42.84,08:58,11.88,2003
25-02-2003,38.88,03:42,2.88,2003
26-02-2003,50.04,11:25,10.08,2003
27-02-2003,19.08,11:19,3.96,2003
28-02-2003,43.92,21:50,10.08,2003
01-03-2003,46.08,12:29,11.88,2003
02-03-2003,27,01:27,5.04,2003
03-03-2003,32.04,10:51,10.08,2003
04-03-2003,14.04,13:47,2.16,2003
05-03-2003,20.88,14:41,5.04,2003
06-03-2003,32.04,12:43,10.08,2003
07-03-2003,20.88,19:16,6.12,2003
08-03-2003,20.88,14:24,3.96,2003
09-03-2003,32.04,14:42,5.04,2003
10-03-2003,29.16,14:44,5.04,2003
11-03-2003,38.88,11:13,6.84,2003
12-03-2003,33.12,12:53,6.84,2003
13-03-2003,24.84,19:28,5.04,2003
14-03-2003,24.12,15:18,6.12,2003
15-03-2003,12.96,14:28,3.96,2003
16-03-2003,36,13:35,10.08,2003
17-03-2003,37.08,15:46,6.84,2003
18-03-2003,14.04,14:11,5.04,2003
19-03-2003,19.08,17:49,6.84,2003
20-03-2003,23.04,18:07,6.12,2003
21-03-2003,24.12,18:20,3.96,2003
22-03-2003,29.88,16:19,2.88,2003
23-03-2003,33.84,12:25,9,2003
24-03-2003,43.92,15:20,9,2003
25-03-2003,23.04,12:52,7.92,2003
26-03-2003,32.04,16:13,7.92,2003
27-03-2003,37.08,12:10,7.92,2003
28-03-2003,11.16,15:16,5.04,2003
29-03-2003,20.88,13:36,2.16,2003
30-03-2003,32.04,16:27,3.96,2003
31-03-2003,19.08,18:20,5.04,2003
01-04-2003,24.12,21:47,5.04,2003
02-04-2003,38.88,14:50,7.92,2003
03-04-2003,41.04,10:41,7.92,2003
04-04-2003,29.88,18:22,6.84,2003
05-04-2003,20.16,12:42,3.96,2003
06-04-2003,14.04,10:20,2.88,2003
07-04-2003,20.88,19:41,5.04,2003
08-04-2003,29.16,15:34,7.92,2003
09-04-2003,30.96,13:22,6.84,2003
10-04-2003,29.88,11:50,5.04,2003
11-04-2003,43.92,11:53,11.16,2003
12-04-2003,37.08,11:14,12.96,2003
13-04-2003,55.08,21:52,18,2003
14-04-2003,38.88,10:16,10.08,2003
15-04-2003,21.96,18:19,6.84,2003
16-04-2003,41.04,13:21,9,2003
17-04-2003,24.12,11:47,5.04,2003
18-04-2003,25.92,16:59,5.04,2003
19-04-2003,29.16,15:25,7.92,2003
20-04-2003,20.88,19:11,2.88,2003
21-04-2003,29.88,09:08,7.92,2003
22-04-2003,30.96,17:24,9,2003
23-04-2003,38.16,14:08,6.12,2003
24-04-2003,42.12,10:05,10.08,2003
25-04-2003,36,10:24,6.12,2003
26-04-2003,39.96,15:44,10.08,2003
27-04-2003,39.96,14:35,7.92,2003
28-04-2003,75.96,12:18,19.08,2003
29-04-2003,42.12,12:41,11.16,2003
30-04-2003,47.88,15:08,11.16,2003
01-05-2003,42.12,18:09,11.88,2003
02-05-2003,25.92,12:05,7.92,2003
03-05-2003,34.92,14:28,9,2003
04-05-2003,38.88,14:20,9,2003
05-05-2003,37.08,18:27,11.16,2003
06-05-2003,47.16,15:22,7.92,2003
07-05-2003,41.04,11:02,10.08,2003
08-05-2003,25.92,15:50,9,2003
09-05-2003,23.04,13:12,7.92,2003
10-05-2003,27,17:30,7.92,2003
11-05-2003,25.92,20:13,7.92,2003
12-05-2003,29.16,18:01,6.84,2003
13-05-2003,27,20:51,7.92,2003
14-05-2003,27,16:49,7.92,2003
15-05-2003,29.16,18:08,7.92,2003
16-05-2003,25.92,15:50,6.84,2003
17-05-2003,29.88,17:08,6.12,2003
18-05-2003,33.12,14:55,10.08,2003
19-05-2003,32.04,13:11,11.16,2003
20-05-2003,24.84,18:06,6.84,2003
21-05-2003,23.04,13:44,6.12,2003
22-05-2003,23.04,18:35,5.04,2003
23-05-2003,37.08,16:12,6.84,2003
24-05-2003,45,14:55,11.88,2003
25-05-2003,27,10:49,6.84,2003
26-05-2003,27,19:11,6.84,2003
27-05-2003,16.92,14:35,3.96,2003
28-05-2003,30.96,18:01,7.92,2003
29-05-2003,29.16,15:25,6.84,2003
30-05-2003,23.04,16:40,3.96,2003
31-05-2003,28.08,16:16,9,2003
01-06-2003,24.12,12:18,5.04,2003
02-06-2003,27,13:56,7.92,2003
03-06-2003,43.92,15:35,11.16,2003
04-06-2003,23.04,19:57,5.04,2003
05-06-2003,21.96,14:59,5.04,2003
06-06-2003,23.04,18:50,6.84,2003
07-06-2003,29.88,15:06,9,2003
08-06-2003,24.12,17:51,9,2003
09-06-2003,36,15:09,6.12,2003
10-06-2003,33.84,11:47,9,2003
11-06-2003,25.92,16:17,6.12,2003
12-06-2003,30.96,18:40,7.92,2003
13-06-2003,28.08,11:05,6.84,2003
14-06-2003,33.12,15:22,7.92,2003
15-06-2003,30.96,14:57,10.08,2003
16-06-2003,32.04,19:25,7.92,2003
17-06-2003,28.08,18:26,7.92,2003
18-06-2003,28.08,18:02,9,2003
19-06-2003,24.12,18:15,5.04,2003
20-06-2003,20.88,17:25,6.12,2003
21-06-2003,27,16:45,9,2003
22-06-2003,39.96,13:41,9,2003
23-06-2003,25.92,18:52,6.84,2003
24-06-2003,33.84,14:31,9,2003
25-06-2003,28.08,14:37,9,2003
26-06-2003,29.16,18:55,11.88,2003
27-06-2003,29.16,18:17,7.92,2003
28-06-2003,38.16,15:32,11.16,2003
29-06-2003,29.16,08:04,6.84,2003
30-06-2003,47.88,14:22,15.12,2003
01-07-2003,41.04,14:04,12.96,2003
02-07-2003,24.12,12:35,9,2003
03-07-2003,36,16:00,6.12,2003
04-07-2003,25.92,21:19,6.12,2003
05-07-2003,28.08,16:33,6.12,2003
06-07-2003,23.04,18:18,6.84,2003
07-07-2003,23.04,20:29,6.12,2003
08-07-2003,27,16:47,5.04,2003
09-07-2003,21.96,17:37,5.04,2003
10-07-2003,21.96,18:21,6.12,2003
11-07-2003,28.08,17:42,6.84,2003
12-07-2003,24.12,15:56,7.92,2003
13-07-2003,20.88,16:26,6.84,2003
14-07-2003,25.92,16:37,6.84,2003
15-07-2003,24.84,12:34,6.84,2003
16-07-2003,21.96,15:28,6.12,2003
17-07-2003,29.16,15:45,10.08,2003
18-07-2003,36,14:57,11.16,2003
19-07-2003,37.08,15:17,10.08,2003
20-07-2003,29.88,15:22,7.92,2003
21-07-2003,24.12,18:24,7.92,2003
22-07-2003,24.12,18:10,7.92,2003
23-07-2003,29.88,16:31,7.92,2003
24-07-2003,25.92,16:45,6.84,2003
25-07-2003,37.08,15:55,11.16,2003
26-07-2003,41.04,12:31,15.12,2003
27-07-2003,24.84,16:26,9,2003
28-07-2003,21.96,17:51,7.92,2003
29-07-2003,25.92,15:23,6.12,2003
30-07-2003,32.04,17:35,6.12,2003
31-07-2003,20.88,18:45,6.12,2003
01-08-2003,18,17:00,6.12,2003
02-08-2003,32.04,23:31,3.96,2003
03-08-2003,38.16,14:03,10.08,2003
04-08-2003,28.08,15:52,6.84,2003
05-08-2003,24.84,13:38,7.92,2003
06-08-2003,20.88,00:17,6.84,2003
07-08-2003,43.92,18:34,3.96,2003
08-08-2003,29.16,16:17,5.04,2003
09-08-2003,24.12,17:29,5.04,2003
10-08-2003,20.88,21:02,6.84,2003
11-08-2003,25.92,14:03,6.12,2003
12-08-2003,46.08,14:26,6.12,2003
13-08-2003,24.12,17:02,5.04,2003
14-08-2003,29.88,13:18,11.88,2003
15-08-2003,27,11:46,9,2003
16-08-2003,29.88,17:29,6.84,2003
17-08-2003,24.84,17:07,6.84,2003
18-08-2003,28.08,16:38,9,2003
19-08-2003,38.16,13:35,7.92,2003
20-08-2003,24.84,17:14,7.92,2003
21-08-2003,41.04,17:28,7.92,2003
22-08-2003,23.04,18:45,6.12,2003
23-08-2003,28.08,15:29,6.84,2003
24-08-2003,36,16:47,10.08,2003
25-08-2003,28.08,19:40,6.84,2003
26-08-2003,25.92,13:56,6.84,2003
27-08-2003,34.92,15:19,11.16,2003
28-08-2003,38.88,22:55,14.04,2003
29-08-2003,32.04,10:52,11.88,2003
30-08-2003,23.04,15:26,5.04,2003
31-08-2003,21.96,16:33,5.04,2003
01-09-2003,25.92,15:06,6.12,2003
02-09-2003,29.88,18:23,5.04,2003
03-09-2003,19.08,18:43,5.04,2003
04-09-2003,23.04,15:54,7.92,2003
05-09-2003,28.08,13:24,9,2003
06-09-2003,21.96,16:59,6.84,2003
07-09-2003,38.88,15:04,9,2003
08-09-2003,42.84,11:44,14.04,2003
09-09-2003,28.08,12:24,6.84,2003
10-09-2003,20.88,14:34,6.12,2003
11-09-2003,20.88,14:12,6.12,2003
12-09-2003,19.08,01:23,3.96,2003
13-09-2003,15.12,12:03,5.04,2003
14-09-2003,18,17:25,6.84,2003
15-09-2003,33.12,11:05,6.12,2003
16-09-2003,27,15:33,9,2003
17-09-2003,30.96,15:24,6.84,2003
18-09-2003,24.12,14:43,6.12,2003
19-09-2003,33.12,14:58,6.84,2003
20-09-2003,39.96,12:47,9,2003
21-09-2003,42.84,15:34,11.16,2003
22-09-2003,29.88,12:35,6.12,2003
23-09-2003,29.88,17:42,6.84,2003
24-09-2003,27,13:19,6.84,2003
25-09-2003,24.12,16:15,6.84,2003
26-09-2003,10.08,12:12,3.96,2003
27-09-2003,24.12,16:15,9,2003
28-09-2003,19.08,16:18,6.12,2003
29-09-2003,24.84,16:32,6.12,2003
30-09-2003,21.96,17:37,3.96,2003
01-10-2003,19.08,13:02,5.04,2003
02-10-2003,39.96,14:01,6.12,2003
03-10-2003,21.96,13:48,3.96,2003
04-10-2003,21.96,17:54,6.12,2003
05-10-2003,39.96,17:42,9,2003
06-10-2003,24.84,12:36,6.12,2003
07-10-2003,24.12,21:53,5.04,2003
08-10-2003,23.04,15:41,6.12,2003
09-10-2003,23.04,11:56,5.04,2003
10-10-2003,14.04,15:52,2.88,2003
11-10-2003,21.96,15:49,2.16,2003
12-10-2003,15.84,15:36,2.16,2003
13-10-2003,12.96,13:46,2.88,2003
14-10-2003,16.92,12:54,5.04,2003
15-10-2003,14.04,14:02,5.04,2003
16-10-2003,18,15:55,3.96,2003
17-10-2003,12.96,18:03,5.04,2003
18-10-2003,37.08,13:01,7.92,2003
19-10-2003,25.92,16:14,2.88,2003
20-10-2003,24.84,15:50,5.04,2003
21-10-2003,23.04,16:02,6.12,2003
22-10-2003,28.08,14:24,5.04,2003
23-10-2003,29.88,12:43,6.12,2003
24-10-2003,33.84,21:28,3.96,2003
25-10-2003,32.04,13:15,6.84,2003
26-10-2003,20.16,17:23,5.04,2003
27-10-2003,23.04,16:23,5.04,2003
28-10-2003,15.12,21:19,3.96,2003
29-10-2003,28.08,19:00,2.88,2003
30-10-2003,65.88,15:15,18,2003
31-10-2003,46.08,08:57,6.84,2003
01-11-2003,29.16,14:14,6.84,2003
02-11-2003,29.16,13:02,6.12,2003
03-11-2003,18,01:41,3.96,2003
04-11-2003,28.08,23:50,3.96,2003
05-11-2003,39.96,20:36,11.88,2003
06-11-2003,51.84,12:31,11.16,2003
07-11-2003,37.08,13:05,7.92,2003
08-11-2003,33.12,13:50,6.84,2003
09-11-2003,36,13:18,11.88,2003
10-11-2003,20.88,12:19,2.16,2003
11-11-2003,23.04,12:33,3.96,2003
12-11-2003,14.04,16:08,2.16,2003
13-11-2003,24.12,21:21,5.04,2003
14-11-2003,16.92,05:47,3.96,2003
15-11-2003,25.92,05:14,5.04,2003
16-11-2003,47.16,14:56,7.92,2003
17-11-2003,25.92,11:16,3.96,2003
18-11-2003,11.16,10:03,5.04,2003
19-11-2003,7.92,11:54,1.08,2003
20-11-2003,11.88,08:41,3.96,2003
21-11-2003,29.16,13:39,9,2003
22-11-2003,11.16,03:22,1.08,2003
23-11-2003,16.92,21:14,5.04,2003
24-11-2003,24.12,14:11,3.96,2003
25-11-2003,10.08,20:48,3.96,2003
26-11-2003,36,20:35,9,2003
27-11-2003,23.04,13:22,6.12,2003
28-11-2003,23.04,16:09,6.84,2003
29-11-2003,30.96,10:02,9,2003
30-11-2003,41.04,13:31,6.12,2003
01-12-2003,19.08,15:59,5.04,2003
02-12-2003,11.88,10:06,5.04,2003
03-12-2003,19.08,17:55,6.12,2003
04-12-2003,10.08,23:54,3.96,2003
05-12-2003,46.08,13:31,6.84,2003
06-12-2003,19.08,14:32,3.96,2003
07-12-2003,33.12,05:39,6.12,2003
08-12-2003,30.96,11:59,9,2003
09-12-2003,41.04,10:06,6.84,2003
10-12-2003,15.12,15:44,2.88,2003
11-12-2003,7.92,17:44,2.16,2003
12-12-2003,15.12,14:24,3.96,2003
13-12-2003,7.92,00:01,2.88,2003
14-12-2003,7.92,09:55,2.88,2003
15-12-2003,20.16,16:11,3.96,2003
16-12-2003,9,13:49,2.88,2003
17-12-2003,45,17:40,6.12,2003
18-12-2003,25.92,05:21,7.92,2003
19-12-2003,9,08:28,2.88,2003
20-12-2003,27,12:30,6.12,2003
21-12-2003,21.96,19:19,3.96,2003
22-12-2003,33.84,12:55,6.12,2003
23-12-2003,20.88,15:07,5.04,2003
24-12-2003,12.96,14:43,2.88,2003
25-12-2003,21.96,19:31,3.96,2003
26-12-2003,28.08,12:15,5.04,2003
27-12-2003,48.96,20:54,12.96,2003
28-12-2003,29.16,00:09,3.96,2003
29-12-2003,15.84,21:53,2.88,2003
30-12-2003,25.92,13:10,6.12,2003
31-12-2003,10.08,12:26,1.08,2003
01-01-2004,32.04,17:34,3.96,2004
02-01-2004,30.96,13:40,6.12,2004
03-01-2004,14.04,08:48,3.96,2004
04-01-2004,14.04,15:29,3.96,2004
05-01-2004,12.96,08:00,3.96,2004
06-01-2004,11.16,12:07,3.96,2004
07-01-2004,36,23:18,11.88,2004
08-01-2004,39.96,03:20,12.96,2004
09-01-2004,23.04,17:52,7.92,2004
10-01-2004,27,01:22,7.92,2004
11-01-2004,25.92,20:34,7.92,2004
12-01-2004,41.04,09:34,12.96,2004
13-01-2004,41.04,12:02,11.88,2004
14-01-2004,33.12,02:36,5.04,2004
15-01-2004,19.08,06:56,6.84,2004
16-01-2004,21.96,12:53,7.92,2004
17-01-2004,38.88,17:31,6.12,2004
18-01-2004,36,13:11,6.84,2004
19-01-2004,11.88,12:58,3.96,2004
20-01-2004,10.08,12:44,3.96,2004
21-01-2004,10.08,10:39,3.96,2004
22-01-2004,10.08,15:50,3.96,2004
23-01-2004,7.92,21:03,1.08,2004
24-01-2004,9,10:27,1.08,2004
25-01-2004,27,11:12,9,2004
26-01-2004,32.04,18:59,6.12,2004
27-01-2004,37.08,02:57,7.92,2004
28-01-2004,15.84,14:13,2.88,2004
29-01-2004,21.96,23:48,5.04,2004
30-01-2004,36,22:42,6.12,2004
31-01-2004,39.96,04:45,10.08,2004
01-02-2004,25.92,15:15,3.96,2004
02-02-2004,34.92,16:46,11.88,2004
03-02-2004,33.84,11:10,10.08,2004
04-02-2004,37.08,14:58,9,2004
05-02-2004,30.96,13:25,6.12,2004
06-02-2004,20.16,15:58,3.96,2004
07-02-2004,18,15:05,6.84,2004
08-02-2004,11.16,12:08,3.96,2004
09-02-2004,14.04,17:01,3.96,2004
10-02-2004,10.08,08:37,2.88,2004
11-02-2004,15.84,22:33,2.16,2004
12-02-2004,9,13:53,2.88,2004
13-02-2004,11.16,14:13,3.96,2004
14-02-2004,10.08,11:06,2.16,2004
15-02-2004,14.04,13:39,5.04,2004
16-02-2004,14.04,13:57,5.04,2004
17-02-2004,16.92,12:19,5.04,2004
18-02-2004,16.92,11:31,6.84,2004
19-02-2004,46.08,17:01,10.08,2004
20-02-2004,25.92,16:50,7.92,2004
21-02-2004,16.92,17:22,6.12,2004
22-02-2004,36,10:50,11.16,2004
23-02-2004,38.88,16:00,6.84,2004
24-02-2004,24.12,22:52,2.88,2004
25-02-2004,30.96,17:12,9,2004
26-02-2004,36,11:23,6.12,2004
27-02-2004,43.92,15:57,6.84,2004
28-02-2004,32.04,14:58,6.12,2004
29-02-2004,21.96,12:07,3.96,2004
01-03-2004,32.04,12:48,11.16,2004
02-03-2004,21.96,12:58,6.84,2004
03-03-2004,18,12:25,3.96,2004
04-03-2004,24.12,18:25,6.12,2004
05-03-2004,24.12,11:18,3.96,2004
06-03-2004,21.96,15:12,6.84,2004
07-03-2004,15.12,14:19,3.96,2004
08-03-2004,20.16,14:47,5.04,2004
09-03-2004,15.12,13:42,2.16,2004
10-03-2004,33.84,15:29,6.84,2004
11-03-2004,43.92,21:11,6.12,2004
12-03-2004,27,13:05,7.92,2004
13-03-2004,21.96,18:08,6.12,2004
14-03-2004,20.88,15:29,6.12,2004
15-03-2004,11.88,13:29,3.96,2004
16-03-2004,28.08,16:33,6.12,2004
17-03-2004,21.96,16:18,3.96,2004
18-03-2004,28.08,18:12,7.92,2004
19-03-2004,27,16:07,6.84,2004
20-03-2004,20.88,13:37,7.92,2004
21-03-2004,32.04,13:26,9,2004
22-03-2004,36,14:57,11.16,2004
23-03-2004,28.08,17:41,6.12,2004
24-03-2004,41.04,16:17,9,2004
25-03-2004,34.92,16:31,7.92,2004
26-03-2004,48.96,17:58,14.04,2004
27-03-2004,48.96,17:25,11.16,2004
28-03-2004,36,12:49,11.88,2004
29-03-2004,18,00:03,3.96,2004
30-03-2004,29.88,17:23,6.12,2004
31-03-2004,43.92,13:40,15.12,2004
01-04-2004,45,13:01,14.04,2004
02-04-2004,43.92,14:19,9,2004
03-04-2004,33.12,15:38,7.92,2004
04-04-2004,21.96,14:52,3.96,2004
05-04-2004,24.12,23:12,6.84,2004
06-04-2004,30.96,18:19,10.08,2004
07-04-2004,30.96,12:16,9,2004
08-04-2004,47.16,19:39,12.96,2004
09-04-2004,38.16,16:41,7.92,2004
10-04-2004,33.84,16:27,7.92,2004
11-04-2004,28.08,17:57,6.84,2004
12-04-2004,29.16,14:14,6.84,2004
13-04-2004,33.12,18:41,10.08,2004
14-04-2004,21.96,18:57,5.04,2004
15-04-2004,36,18:08,11.16,2004
16-04-2004,21.96,14:43,3.96,2004
17-04-2004,33.12,16:39,7.92,2004
18-04-2004,51.12,17:27,16.92,2004
19-04-2004,50.04,13:36,14.04,2004
20-04-2004,37.08,08:45,11.88,2004
21-04-2004,42.12,02:46,6.12,2004
22-04-2004,20.16,14:56,6.12,2004
23-04-2004,15.12,09:54,5.04,2004
24-04-2004,15.12,12:23,5.04,2004
25-04-2004,15.84,14:24,5.04,2004
26-04-2004,30.96,17:21,6.12,2004
27-04-2004,36,18:47,6.84,2004
28-04-2004,41.04,15:24,10.08,2004
29-04-2004,38.88,14:55,6.12,2004
30-04-2004,34.92,12:18,5.04,2004
01-05-2004,30.96,15:32,6.84,2004
02-05-2004,23.04,15:01,6.12,2004
03-05-2004,47.88,16:04,10.08,2004
04-05-2004,33.84,15:25,6.84,2004
05-05-2004,37.08,14:24,11.16,2004
06-05-2004,39.96,12:39,9,2004
07-05-2004,33.84,15:06,10.08,2004
08-05-2004,32.04,16:02,7.92,2004
09-05-2004,28.08,15:55,6.12,2004
10-05-2004,30.96,14:22,6.84,2004
11-05-2004,33.12,17:11,9,2004
12-05-2004,29.16,10:55,6.84,2004
13-05-2004,33.12,17:52,6.12,2004
14-05-2004,33.12,19:34,9,2004
15-05-2004,20.88,19:07,5.04,2004
16-05-2004,23.04,12:48,6.84,2004
17-05-2004,27,18:09,5.04,2004
18-05-2004,36,16:24,3.96,2004
19-05-2004,34.92,14:57,6.84,2004
20-05-2004,33.12,17:58,6.12,2004
21-05-2004,33.12,15:42,5.04,2004
22-05-2004,42.12,16:47,6.12,2004
23-05-2004,20.88,17:54,6.12,2004
24-05-2004,24.84,15:54,5.04,2004
25-05-2004,24.12,15:25,7.92,2004
26-05-2004,21.96,15:16,3.96,2004
27-05-2004,29.88,15:42,9,2004
28-05-2004,20.88,17:02,6.12,2004
29-05-2004,32.04,16:20,10.08,2004
30-05-2004,21.96,18:28,6.12,2004
31-05-2004,28.08,14:17,9,2004
01-06-2004,29.16,18:12,6.84,2004
02-06-2004,30.96,16:09,7.92,2004
03-06-2004,27,17:47,7.92,2004
04-06-2004,16.92,15:21,5.04,2004
05-06-2004,30.96,16:58,7.92,2004
06-06-2004,23.04,16:39,6.12,2004
07-06-2004,24.84,16:08,5.04,2004
08-06-2004,32.04,15:04,6.84,2004
09-06-2004,33.12,15:16,9,2004
10-06-2004,33.84,16:46,10.08,2004
11-06-2004,28.08,16:47,7.92,2004
12-06-2004,34.92,16:04,7.92,2004
13-06-2004,30.96,16:15,7.92,2004
14-06-2004,27,20:48,7.92,2004
15-06-2004,30.96,12:18,7.92,2004
16-06-2004,0,,5.04,2004
17-06-2004,0,,0,2004
18-06-2004,34.92,17:18,11.16,2004
19-06-2004,36,16:03,9,2004
20-06-2004,30.96,16:18,9,2004
21-06-2004,0,,0,2004
22-06-2004,0,,0,2004
23-06-2004,42.12,16:37,0,2004
24-06-2004,38.88,13:24,9,2004
25-06-2004,25.92,16:42,7.92,2004
26-06-2004,32.04,16:41,6.84,2004
27-06-2004,30.96,22:03,6.84,2004
28-06-2004,29.16,19:16,6.84,2004
29-06-2004,24.12,14:32,7.92,2004
30-06-2004,30.96,16:34,7.92,2004
01-07-2004,33.12,16:22,9,2004
02-07-2004,28.08,21:15,7.92,2004
03-07-2004,24.12,20:37,6.84,2004
04-07-2004,30.96,13:30,9,2004
05-07-2004,34.92,15:20,7.92,2004
06-07-2004,25.92,17:05,7.92,2004
07-07-2004,33.84,10:11,6.84,2004
08-07-2004,34.92,15:01,6.84,2004
09-07-2004,21.96,14:28,6.84,2004
10-07-2004,29.16,14:45,9,2004
11-07-2004,29.88,18:15,6.84,2004
12-07-2004,27,17:57,7.92,2004
13-07-2004,27,16:08,6.84,2004
14-07-2004,29.16,17:26,7.92,2004
15-07-2004,33.12,16:14,7.92,2004
16-07-2004,33.84,15:17,10.08,2004
17-07-2004,34.92,16:15,9,2004
18-07-2004,28.08,18:34,10.08,2004
19-07-2004,33.84,15:46,9,2004
20-07-2004,32.04,13:57,9,2004
21-07-2004,24.84,16:07,9,2004
22-07-2004,30.96,15:25,6.12,2004
23-07-2004,23.04,13:41,6.84,2004
24-07-2004,29.16,14:03,6.12,2004
25-07-2004,34.92,15:46,6.84,2004
26-07-2004,28.08,18:54,6.12,2004
27-07-2004,29.16,14:07,9,2004
28-07-2004,30.96,14:09,7.92,2004
29-07-2004,27,18:26,7.92,2004
30-07-2004,27,17:34,7.92,2004
31-07-2004,36,14:41,7.92,2004
01-08-2004,34.92,13:09,7.92,2004
02-08-2004,32.04,15:05,11.88,2004
03-08-2004,33.12,16:17,9,2004
04-08-2004,28.08,14:27,7.92,2004
05-08-2004,27,16:16,6.84,2004
06-08-2004,27,17:16,6.84,2004
07-08-2004,34.92,16:25,10.08,2004
08-08-2004,32.04,08:38,10.08,2004
09-08-2004,24.12,17:14,6.84,2004
10-08-2004,42.12,12:02,11.16,2004
11-08-2004,50.04,16:09,14.04,2004
12-08-2004,39.96,11:53,14.04,2004
13-08-2004,27,14:24,5.04,2004
14-08-2004,29.16,16:06,6.84,2004
15-08-2004,41.04,15:04,9,2004
16-08-2004,43.92,11:57,16.92,2004
17-08-2004,36,15:35,9,2004
18-08-2004,63,14:32,15.84,2004
19-08-2004,47.88,12:15,9,2004
20-08-2004,29.88,13:13,7.92,2004
21-08-2004,24.12,12:37,5.04,2004
22-08-2004,32.04,14:28,7.92,2004
23-08-2004,33.84,14:26,6.84,2004
24-08-2004,24.12,14:44,6.12,2004
25-08-2004,24.84,15:12,6.12,2004
26-08-2004,23.04,15:43,6.12,2004
27-08-2004,24.12,17:39,6.84,2004
28-08-2004,23.04,14:45,5.04,2004
29-08-2004,27,15:59,7.92,2004
30-08-2004,23.04,17:48,6.12,2004
31-08-2004,23.04,17:43,6.84,2004
01-09-2004,29.16,16:39,6.12,2004
02-09-2004,28.08,16:49,6.84,2004
03-09-2004,29.16,17:15,6.84,2004
04-09-2004,45,15:49,7.92,2004
05-09-2004,21.96,12:15,5.04,2004
06-09-2004,19.08,15:19,2.88,2004
07-09-2004,32.04,16:03,6.84,2004
08-09-2004,15.84,16:49,5.04,2004
09-09-2004,28.08,14:02,6.84,2004
10-09-2004,18,13:56,6.12,2004
11-09-2004,14.04,14:49,6.12,2004
12-09-2004,23.04,12:24,6.84,2004
13-09-2004,25.92,14:16,7.92,2004
14-09-2004,32.04,15:06,5.04,2004
15-09-2004,29.88,16:20,6.84,2004
16-09-2004,16.92,12:44,3.96,2004
17-09-2004,19.08,15:59,3.96,2004
18-09-2004,23.04,15:57,5.04,2004
19-09-2004,28.08,17:18,6.12,2004
20-09-2004,24.84,15:22,5.04,2004
21-09-2004,24.12,22:36,6.84,2004
22-09-2004,24.12,19:04,6.12,2004
23-09-2004,25.92,20:31,6.84,2004
24-09-2004,25.92,16:10,6.84,2004
25-09-2004,32.04,16:05,7.92,2004
26-09-2004,20.16,15:21,5.04,2004
27-09-2004,21.96,13:00,5.04,2004
28-09-2004,15.84,16:52,3.96,2004
29-09-2004,24.12,14:17,5.04,2004
30-09-2004,23.04,14:12,3.96,2004
01-10-2004,24.12,15:54,6.12,2004
02-10-2004,14.04,12:03,5.04,2004
03-10-2004,18,16:21,2.88,2004
04-10-2004,24.12,14:39,5.04,2004
05-10-2004,15.12,18:45,3.96,2004
06-10-2004,19.08,11:18,2.88,2004
07-10-2004,14.04,12:31,2.88,2004
08-10-2004,51.12,17:05,15.84,2004
09-10-2004,46.08,09:37,14.04,2004
10-10-2004,33.84,12:48,9,2004
11-10-2004,24.12,14:13,5.04,2004
12-10-2004,20.88,14:16,2.88,2004
13-10-2004,16.92,19:33,5.04,2004
14-10-2004,29.88,13:14,5.04,2004
15-10-2004,24.12,15:14,6.12,2004
16-10-2004,32.04,12:08,6.84,2004
17-10-2004,20.16,13:16,5.04,2004
18-10-2004,11.88,15:34,1.08,2004
19-10-2004,30.96,06:34,6.84,2004
20-10-2004,73.08,14:19,16.92,2004
21-10-2004,16.92,14:37,2.88,2004
22-10-2004,32.04,15:12,7.92,2004
23-10-2004,47.16,20:27,11.16,2004
24-10-2004,43.92,12:50,10.08,2004
25-10-2004,19.08,16:08,2.16,2004
26-10-2004,52.92,22:37,6.84,2004
27-10-2004,63,11:36,16.92,2004
28-10-2004,42.12,15:46,6.84,2004
29-10-2004,38.16,15:06,6.84,2004
30-10-2004,21.96,15:32,5.04,2004
31-10-2004,34.92,15:34,6.12,2004
01-11-2004,16.92,13:55,3.96,2004
02-11-2004,30.96,21:40,9,2004
03-11-2004,29.88,00:46,2.88,2004
04-11-2004,24.12,13:19,3.96,2004
05-11-2004,34.92,12:18,9,2004
06-11-2004,15.84,18:52,2.88,2004
07-11-2004,20.16,21:05,3.96,2004
08-11-2004,15.12,18:20,3.96,2004
09-11-2004,28.08,15:44,5.04,2004
10-11-2004,37.08,14:55,5.04,2004
11-11-2004,34.92,09:23,6.12,2004
12-11-2004,33.12,12:21,5.04,2004
13-11-2004,29.88,18:45,5.04,2004
14-11-2004,33.12,19:43,6.12,2004
15-11-2004,15.12,13:02,3.96,2004
16-11-2004,16.92,15:12,3.96,2004
17-11-2004,12.96,08:31,2.88,2004
18-11-2004,15.12,07:37,5.04,2004
19-11-2004,19.08,15:38,2.88,2004
20-11-2004,19.08,14:15,3.96,2004
21-11-2004,10.08,08:17,2.88,2004
22-11-2004,11.16,09:00,2.88,2004
23-11-2004,10.08,11:55,2.88,2004
24-11-2004,10.08,05:49,2.88,2004
25-11-2004,12.96,08:45,2.88,2004
26-11-2004,10.08,04:46,2.88,2004
27-11-2004,21.96,14:33,3.96,2004
28-11-2004,12.96,10:14,1.08,2004
29-11-2004,15.84,12:01,2.88,2004
30-11-2004,29.16,15:56,2.16,2004
01-12-2004,9,00:33,0,2004
02-12-2004,7.92,22:07,2.88,2004
03-12-2004,18,10:31,5.04,2004
04-12-2004,10.08,09:08,3.96,2004
05-12-2004,12.96,08:37,3.96,2004
06-12-2004,11.88,15:01,5.04,2004
07-12-2004,18,00:11,5.04,2004
08-12-2004,15.12,14:45,0,2004
09-12-2004,14.04,05:38,3.96,2004
10-12-2004,11.88,13:54,3.96,2004
11-12-2004,9,06:45,2.88,2004
12-12-2004,10.08,15:42,2.88,2004
13-12-2004,9,01:15,2.88,2004
14-12-2004,9,11:55,2.88,2004
15-12-2004,11.88,09:41,2.88,2004
16-12-2004,11.16,07:23,2.88,2004
17-12-2004,9,10:50,1.08,2004
18-12-2004,16.92,18:13,2.16,2004
19-12-2004,29.16,09:07,6.12,2004
20-12-2004,16.92,16:05,2.88,2004
21-12-2004,32.04,15:59,5.04,2004
22-12-2004,19.08,14:46,2.16,2004
23-12-2004,11.88,14:30,2.16,2004
24-12-2004,11.88,19:10,3.96,2004
25-12-2004,38.88,12:51,7.92,2004
26-12-2004,57.96,15:09,6.12,2004
27-12-2004,14.04,14:24,2.16,2004
28-12-2004,11.88,18:03,2.16,2004
29-12-2004,11.88,12:35,5.04,2004
30-12-2004,12.96,12:27,3.96,2004
31-12-2004,12.96,05:25,3.96,2004
01-01-2004,32.04,17:34,3.96,2004
02-01-2004,30.96,13:40,6.12,2004
03-01-2004,14.04,08:48,3.96,2004
04-01-2004,14.04,15:29,3.96,2004
05-01-2004,12.96,08:00,3.96,2004
06-01-2004,11.16,12:07,3.96,2004
07-01-2004,36,23:18,11.88,2004
08-01-2004,39.96,03:20,12.96,2004
09-01-2004,23.04,17:52,7.92,2004
10-01-2004,27,01:22,7.92,2004
11-01-2004,25.92,20:34,7.92,2004
12-01-2004,41.04,09:34,12.96,2004
13-01-2004,41.04,12:02,11.88,2004
14-01-2004,33.12,02:36,5.04,2004
15-01-2004,19.08,06:56,6.84,2004
16-01-2004,21.96,12:53,7.92,2004
17-01-2004,38.88,17:31,6.12,2004
18-01-2004,36,13:11,6.84,2004
19-01-2004,11.88,12:58,3.96,2004
20-01-2004,10.08,12:44,3.96,2004
21-01-2004,10.08,10:39,3.96,2004
22-01-2004,10.08,15:50,3.96,2004
23-01-2004,7.92,21:03,1.08,2004
24-01-2004,9,10:27,1.08,2004
25-01-2004,27,11:12,9,2004
26-01-2004,32.04,18:59,6.12,2004
27-01-2004,37.08,02:57,7.92,2004
28-01-2004,15.84,14:13,2.88,2004
29-01-2004,21.96,23:48,5.04,2004
30-01-2004,36,22:42,6.12,2004
31-01-2004,39.96,04:45,10.08,2004
01-02-2004,25.92,15:15,3.96,2004
02-02-2004,34.92,16:46,11.88,2004
03-02-2004,33.84,11:10,10.08,2004
04-02-2004,37.08,14:58,9,2004
05-02-2004,30.96,13:25,6.12,2004
06-02-2004,20.16,15:58,3.96,2004
07-02-2004,18,15:05,6.84,2004
08-02-2004,11.16,12:08,3.96,2004
09-02-2004,14.04,17:01,3.96,2004
10-02-2004,10.08,08:37,2.88,2004
11-02-2004,15.84,22:33,2.16,2004
12-02-2004,9,13:53,2.88,2004
13-02-2004,11.16,14:13,3.96,2004
14-02-2004,10.08,11:06,2.16,2004
15-02-2004,14.04,13:39,5.04,2004
16-02-2004,14.04,13:57,5.04,2004
17-02-2004,16.92,12:19,5.04,2004
18-02-2004,16.92,11:31,6.84,2004
19-02-2004,46.08,17:01,10.08,2004
20-02-2004,25.92,16:50,7.92,2004
21-02-2004,16.92,17:22,6.12,2004
22-02-2004,36,10:50,11.16,2004
23-02-2004,38.88,16:00,6.84,2004
24-02-2004,24.12,22:52,2.88,2004
25-02-2004,30.96,17:12,9,2004
26-02-2004,36,11:23,6.12,2004
27-02-2004,43.92,15:57,6.84,2004
28-02-2004,32.04,14:58,6.12,2004
29-02-2004,21.96,12:07,3.96,2004
01-03-2004,32.04,12:48,11.16,2004
02-03-2004,21.96,12:58,6.84,2004
03-03-2004,18,12:25,3.96,2004
04-03-2004,24.12,18:25,6.12,2004
05-03-2004,24.12,11:18,3.96,2004
06-03-2004,21.96,15:12,6.84,2004
07-03-2004,15.12,14:19,3.96,2004
08-03-2004,20.16,14:47,5.04,2004
09-03-2004,15.12,13:42,2.16,2004
10-03-2004,33.84,15:29,6.84,2004
11-03-2004,43.92,21:11,6.12,2004
12-03-2004,27,13:05,7.92,2004
13-03-2004,21.96,18:08,6.12,2004
14-03-2004,20.88,15:29,6.12,2004
15-03-2004,11.88,13:29,3.96,2004
16-03-2004,28.08,16:33,6.12,2004
17-03-2004,21.96,16:18,3.96,2004
18-03-2004,28.08,18:12,7.92,2004
19-03-2004,27,16:07,6.84,2004
20-03-2004,20.88,13:37,7.92,2004
21-03-2004,32.04,13:26,9,2004
22-03-2004,36,14:57,11.16,2004
23-03-2004,28.08,17:41,6.12,2004
24-03-2004,41.04,16:17,9,2004
25-03-2004,34.92,16:31,7.92,2004
26-03-2004,48.96,17:58,14.04,2004
27-03-2004,48.96,17:25,11.16,2004
28-03-2004,36,12:49,11.88,2004
29-03-2004,18,00:03,3.96,2004
30-03-2004,29.88,17:23,6.12,2004
31-03-2004,43.92,13:40,15.12,2004
01-04-2004,45,13:01,14.04,2004
02-04-2004,43.92,14:19,9,2004
03-04-2004,33.12,15:38,7.92,2004
04-04-2004,21.96,14:52,3.96,2004
05-04-2004,24.12,23:12,6.84,2004
06-04-2004,30.96,18:19,10.08,2004
07-04-2004,30.96,12:16,9,2004
08-04-2004,47.16,19:39,12.96,2004
09-04-2004,38.16,16:41,7.92,2004
10-04-2004,33.84,16:27,7.92,2004
11-04-2004,28.08,17:57,6.84,2004
12-04-2004,29.16,14:14,6.84,2004
13-04-2004,33.12,18:41,10.08,2004
14-04-2004,21.96,18:57,5.04,2004
15-04-2004,36,18:08,11.16,2004
16-04-2004,21.96,14:43,3.96,2004
17-04-2004,33.12,16:39,7.92,2004
18-04-2004,51.12,17:27,16.92,2004
19-04-2004,50.04,13:36,14.04,2004
20-04-2004,37.08,08:45,11.88,2004
21-04-2004,42.12,02:46,6.12,2004
22-04-2004,20.16,14:56,6.12,2004
23-04-2004,15.12,09:54,5.04,2004
24-04-2004,15.12,12:23,5.04,2004
25-04-2004,15.84,14:24,5.04,2004
26-04-2004,30.96,17:21,6.12,2004
27-04-2004,36,18:47,6.84,2004
28-04-2004,41.04,15:24,10.08,2004
29-04-2004,38.88,14:55,6.12,2004
30-04-2004,34.92,12:18,5.04,2004
01-05-2004,30.96,15:32,6.84,2004
02-05-2004,23.04,15:01,6.12,2004
03-05-2004,47.88,16:04,10.08,2004
04-05-2004,33.84,15:25,6.84,2004
05-05-2004,37.08,14:24,11.16,2004
06-05-2004,39.96,12:39,9,2004
07-05-2004,33.84,15:06,10.08,2004
08-05-2004,32.04,16:02,7.92,2004
09-05-2004,28.08,15:55,6.12,2004
10-05-2004,30.96,14:22,6.84,2004
11-05-2004,33.12,17:11,9,2004
12-05-2004,29.16,10:55,6.84,2004
13-05-2004,33.12,17:52,6.12,2004
14-05-2004,33.12,19:34,9,2004
15-05-2004,20.88,19:07,5.04,2004
16-05-2004,23.04,12:48,6.84,2004
17-05-2004,27,18:09,5.04,2004
18-05-2004,36,16:24,3.96,2004
19-05-2004,34.92,14:57,6.84,2004
20-05-2004,33.12,17:58,6.12,2004
21-05-2004,33.12,15:42,5.04,2004
22-05-2004,42.12,16:47,6.12,2004
23-05-2004,20.88,17:54,6.12,2004
24-05-2004,24.84,15:54,5.04,2004
25-05-2004,24.12,15:25,7.92,2004
26-05-2004,21.96,15:16,3.96,2004
27-05-2004,29.88,15:42,9,2004
28-05-2004,20.88,17:02,6.12,2004
29-05-2004,32.04,16:20,10.08,2004
30-05-2004,21.96,18:28,6.12,2004
31-05-2004,28.08,14:17,9,2004
01-06-2004,29.16,18:12,6.84,2004
02-06-2004,30.96,16:09,7.92,2004
03-06-2004,27,17:47,7.92,2004
04-06-2004,16.92,15:21,5.04,2004
05-06-2004,30.96,16:58,7.92,2004
06-06-2004,23.04,16:39,6.12,2004
07-06-2004,24.84,16:08,5.04,2004
08-06-2004,32.04,15:04,6.84,2004
09-06-2004,33.12,15:16,9,2004
10-06-2004,33.84,16:46,10.08,2004
11-06-2004,28.08,16:47,7.92,2004
12-06-2004,34.92,16:04,7.92,2004
13-06-2004,30.96,16:15,7.92,2004
14-06-2004,27,20:48,7.92,2004
15-06-2004,30.96,12:18,7.92,2004
16-06-2004,0,,5.04,2004
17-06-2004,0,,0,2004
18-06-2004,34.92,17:18,11.16,2004
19-06-2004,36,16:03,9,2004
20-06-2004,30.96,16:18,9,2004
21-06-2004,0,,0,2004
22-06-2004,0,,0,2004
23-06-2004,42.12,16:37,0,2004
24-06-2004,38.88,13:24,9,2004
25-06-2004,25.92,16:42,7.92,2004
26-06-2004,32.04,16:41,6.84,2004
27-06-2004,30.96,22:03,6.84,2004
28-06-2004,29.16,19:16,6.84,2004
29-06-2004,24.12,14:32,7.92,2004
30-06-2004,30.96,16:34,7.92,2004
01-07-2004,33.12,16:22,9,2004
02-07-2004,28.08,21:15,7.92,2004
03-07-2004,24.12,20:37,6.84,2004
04-07-2004,30.96,13:30,9,2004
05-07-2004,34.92,15:20,7.92,2004
06-07-2004,25.92,17:05,7.92,2004
07-07-2004,33.84,10:11,6.84,2004
08-07-2004,34.92,15:01,6.84,2004
09-07-2004,21.96,14:28,6.84,2004
10-07-2004,29.16,14:45,9,2004
11-07-2004,29.88,18:15,6.84,2004
12-07-2004,27,17:57,7.92,2004
13-07-2004,27,16:08,6.84,2004
14-07-2004,29.16,17:26,7.92,2004
15-07-2004,33.12,16:14,7.92,2004
16-07-2004,33.84,15:17,10.08,2004
17-07-2004,34.92,16:15,9,2004
18-07-2004,28.08,18:34,10.08,2004
19-07-2004,33.84,15:46,9,2004
20-07-2004,32.04,13:57,9,2004
21-07-2004,24.84,16:07,9,2004
22-07-2004,30.96,15:25,6.12,2004
23-07-2004,23.04,13:41,6.84,2004
24-07-2004,29.16,14:03,6.12,2004
25-07-2004,34.92,15:46,6.84,2004
26-07-2004,28.08,18:54,6.12,2004
27-07-2004,29.16,14:07,9,2004
28-07-2004,30.96,14:09,7.92,2004
29-07-2004,27,18:26,7.92,2004
30-07-2004,27,17:34,7.92,2004
31-07-2004,36,14:41,7.92,2004
01-08-2004,34.92,13:09,7.92,2004
02-08-2004,32.04,15:05,11.88,2004
03-08-2004,33.12,16:17,9,2004
04-08-2004,28.08,14:27,7.92,2004
05-08-2004,27,16:16,6.84,2004
06-08-2004,27,17:16,6.84,2004
07-08-2004,34.92,16:25,10.08,2004
08-08-2004,32.04,08:38,10.08,2004
09-08-2004,24.12,17:14,6.84,2004
10-08-2004,42.12,12:02,11.16,2004
11-08-2004,50.04,16:09,14.04,2004
12-08-2004,39.96,11:53,14.04,2004
13-08-2004,27,14:24,5.04,2004
14-08-2004,29.16,16:06,6.84,2004
15-08-2004,41.04,15:04,9,2004
16-08-2004,43.92,11:57,16.92,2004
17-08-2004,36,15:35,9,2004
18-08-2004,63,14:32,15.84,2004
19-08-2004,47.88,12:15,9,2004
20-08-2004,29.88,13:13,7.92,2004
21-08-2004,24.12,12:37,5.04,2004
22-08-2004,32.04,14:28,7.92,2004
23-08-2004,33.84,14:26,6.84,2004
24-08-2004,24.12,14:44,6.12,2004
25-08-2004,24.84,15:12,6.12,2004
26-08-2004,23.04,15:43,6.12,2004
27-08-2004,24.12,17:39,6.84,2004
28-08-2004,23.04,14:45,5.04,2004
29-08-2004,27,15:59,7.92,2004
30-08-2004,23.04,17:48,6.12,2004
31-08-2004,23.04,17:43,6.84,2004
01-09-2004,29.16,16:39,6.12,2004
02-09-2004,28.08,16:49,6.84,2004
03-09-2004,29.16,17:15,6.84,2004
04-09-2004,45,15:49,7.92,2004
05-09-2004,21.96,12:15,5.04,2004
06-09-2004,19.08,15:19,2.88,2004
07-09-2004,32.04,16:03,6.84,2004
08-09-2004,15.84,16:49,5.04,2004
09-09-2004,28.08,14:02,6.84,2004
10-09-2004,18,13:56,6.12,2004
11-09-2004,14.04,14:49,6.12,2004
12-09-2004,23.04,12:24,6.84,2004
13-09-2004,25.92,14:16,7.92,2004
14-09-2004,32.04,15:06,5.04,2004
15-09-2004,29.88,16:20,6.84,2004
16-09-2004,16.92,12:44,3.96,2004
17-09-2004,19.08,15:59,3.96,2004
18-09-2004,23.04,15:57,5.04,2004
19-09-2004,28.08,17:18,6.12,2004
20-09-2004,24.84,15:22,5.04,2004
21-09-2004,24.12,22:36,6.84,2004
22-09-2004,24.12,19:04,6.12,2004
23-09-2004,25.92,20:31,6.84,2004
24-09-2004,25.92,16:10,6.84,2004
25-09-2004,32.04,16:05,7.92,2004
26-09-2004,20.16,15:21,5.04,2004
27-09-2004,21.96,13:00,5.04,2004
28-09-2004,15.84,16:52,3.96,2004
29-09-2004,24.12,14:17,5.04,2004
30-09-2004,23.04,14:12,3.96,2004
01-10-2004,24.12,15:54,6.12,2004
02-10-2004,14.04,12:03,5.04,2004
03-10-2004,18,16:21,2.88,2004
04-10-2004,24.12,14:39,5.04,2004
05-10-2004,15.12,18:45,3.96,2004
06-10-2004,19.08,11:18,2.88,2004
07-10-2004,14.04,12:31,2.88,2004
08-10-2004,51.12,17:05,15.84,2004
09-10-2004,46.08,09:37,14.04,2004
10-10-2004,33.84,12:48,9,2004
11-10-2004,24.12,14:13,5.04,2004
12-10-2004,20.88,14:16,2.88,2004
13-10-2004,16.92,19:33,5.04,2004
14-10-2004,29.88,13:14,5.04,2004
15-10-2004,24.12,15:14,6.12,2004
16-10-2004,32.04,12:08,6.84,2004
17-10-2004,20.16,13:16,5.04,2004
18-10-2004,11.88,15:34,1.08,2004
19-10-2004,30.96,06:34,6.84,2004
20-10-2004,73.08,14:19,16.92,2004
21-10-2004,16.92,14:37,2.88,2004
22-10-2004,32.04,15:12,7.92,2004
23-10-2004,47.16,20:27,11.16,2004
24-10-2004,43.92,12:50,10.08,2004
25-10-2004,19.08,16:08,2.16,2004
26-10-2004,52.92,22:37,6.84,2004
27-10-2004,63,11:36,16.92,2004
28-10-2004,42.12,15:46,6.84,2004
29-10-2004,38.16,15:06,6.84,2004
30-10-2004,21.96,15:32,5.04,2004
31-10-2004,34.92,15:34,6.12,2004
01-11-2004,16.92,13:55,3.96,2004
02-11-2004,30.96,21:40,9,2004
03-11-2004,29.88,00:46,2.88,2004
04-11-2004,24.12,13:19,3.96,2004
05-11-2004,34.92,12:18,9,2004
06-11-2004,15.84,18:52,2.88,2004
07-11-2004,20.16,21:05,3.96,2004
08-11-2004,15.12,18:20,3.96,2004
09-11-2004,28.08,15:44,5.04,2004
10-11-2004,37.08,14:55,5.04,2004
11-11-2004,34.92,09:23,6.12,2004
12-11-2004,33.12,12:21,5.04,2004
13-11-2004,29.88,18:45,5.04,2004
14-11-2004,33.12,19:43,6.12,2004
15-11-2004,15.12,13:02,3.96,2004
16-11-2004,16.92,15:12,3.96,2004
17-11-2004,12.96,08:31,2.88,2004
18-11-2004,15.12,07:37,5.04,2004
19-11-2004,19.08,15:38,2.88,2004
20-11-2004,19.08,14:15,3.96,2004
21-11-2004,10.08,08:17,2.88,2004
22-11-2004,11.16,09:00,2.88,2004
23-11-2004,10.08,11:55,2.88,2004
24-11-2004,10.08,05:49,2.88,2004
25-11-2004,12.96,08:45,2.88,2004
26-11-2004,10.08,04:46,2.88,2004
27-11-2004,21.96,14:33,3.96,2004
28-11-2004,12.96,10:14,1.08,2004
29-11-2004,15.84,12:01,2.88,2004
30-11-2004,29.16,15:56,2.16,2004
01-12-2004,9,00:33,0,2004
02-12-2004,7.92,22:07,2.88,2004
03-12-2004,18,10:31,5.04,2004
04-12-2004,10.08,09:08,3.96,2004
05-12-2004,12.96,08:37,3.96,2004
06-12-2004,11.88,15:01,5.04,2004
07-12-2004,18,00:11,5.04,2004
08-12-2004,15.12,14:45,0,2004
09-12-2004,14.04,05:38,3.96,2004
10-12-2004,11.88,13:54,3.96,2004
11-12-2004,9,06:45,2.88,2004
12-12-2004,10.08,15:42,2.88,2004
13-12-2004,9,01:15,2.88,2004
14-12-2004,9,11:55,2.88,2004
15-12-2004,11.88,09:41,2.88,2004
16-12-2004,11.16,07:23,2.88,2004
17-12-2004,9,10:50,1.08,2004
18-12-2004,16.92,18:13,2.16,2004
19-12-2004,29.16,09:07,6.12,2004
20-12-2004,16.92,16:05,2.88,2004
21-12-2004,32.04,15:59,5.04,2004
22-12-2004,19.08,14:46,2.16,2004
23-12-2004,11.88,14:30,2.16,2004
24-12-2004,11.88,19:10,3.96,2004
25-12-2004,38.88,12:51,7.92,2004
26-12-2004,57.96,15:09,6.12,2004
27-12-2004,14.04,14:24,2.16,2004
28-12-2004,11.88,18:03,2.16,2004
29-12-2004,11.88,12:35,5.04,2004
30-12-2004,12.96,12:27,3.96,2004
31-12-2004,12.96,05:25,3.96,2004
01-01-2005,12.96,02:37,2.88,2005
02-01-2005,24.12,16:09,2.88,2005
03-01-2005,25.92,14:52,3.96,2005
04-01-2005,10.08,08:31,3.96,2005
05-01-2005,11.16,07:58,2.88,2005
06-01-2005,24.84,16:35,5.04,2005
07-01-2005,24.84,16:02,6.12,2005
08-01-2005,24.12,20:15,6.84,2005
09-01-2005,27,14:33,5.04,2005
10-01-2005,30.96,12:18,10.08,2005
11-01-2005,24.12,23:09,9,2005
12-01-2005,21.96,00:07,3.96,2005
13-01-2005,7.92,14:48,0,2005
14-01-2005,38.88,15:53,7.92,2005
15-01-2005,43.92,11:57,15.84,2005
16-01-2005,21.96,13:01,5.04,2005
17-01-2005,11.16,13:35,3.96,2005
18-01-2005,24.84,15:22,2.88,2005
19-01-2005,11.88,11:49,2.16,2005
20-01-2005,16.92,13:18,6.12,2005
21-01-2005,11.16,07:43,2.16,2005
22-01-2005,19.08,12:23,6.84,2005
23-01-2005,14.04,15:35,5.04,2005
24-01-2005,25.92,21:12,6.12,2005
25-01-2005,32.04,15:36,6.84,2005
26-01-2005,50.04,13:59,11.88,2005
27-01-2005,34.92,10:57,6.84,2005
28-01-2005,19.08,12:34,5.04,2005
29-01-2005,23.04,13:56,3.96,2005
30-01-2005,36,10:26,6.12,2005
31-01-2005,24.84,23:44,6.84,2005
01-02-2005,24.12,16:29,5.04,2005
02-02-2005,29.16,21:02,6.12,2005
03-02-2005,27,17:38,6.12,2005
04-02-2005,11.16,00:24,3.96,2005
05-02-2005,19.08,16:23,3.96,2005
06-02-2005,20.88,16:36,5.04,2005
07-02-2005,15.84,13:12,2.88,2005
08-02-2005,18,14:19,3.96,2005
09-02-2005,21.96,12:50,3.96,2005
10-02-2005,15.12,15:51,3.96,2005
11-02-2005,9,14:30,2.16,2005
12-02-2005,7.92,13:04,2.16,2005
13-02-2005,45,23:25,6.84,2005
14-02-2005,38.16,11:42,6.12,2005
15-02-2005,38.16,16:51,0,2005
16-02-2005,42.84,17:40,10.08,2005
17-02-2005,42.12,12:36,9,2005
18-02-2005,29.88,18:38,5.04,2005
19-02-2005,34.92,12:51,7.92,2005
20-02-2005,33.84,16:33,5.04,2005
21-02-2005,24.12,15:40,7.92,2005
22-02-2005,24.12,10:01,5.04,2005
23-02-2005,23.04,15:41,5.04,2005
24-02-2005,27,20:11,6.12,2005
25-02-2005,23.04,17:32,6.12,2005
26-02-2005,34.92,17:21,7.92,2005
27-02-2005,37.08,14:09,11.88,2005
28-02-2005,51.84,15:01,11.88,2005
01-03-2005,37.08,00:59,3.96,2005
02-03-2005,29.88,15:38,6.84,2005
03-03-2005,36,19:01,7.92,2005
04-03-2005,34.92,12:50,9,2005
05-03-2005,29.88,16:31,6.12,2005
06-03-2005,39.96,15:59,9,2005
07-03-2005,18,15:30,6.12,2005
08-03-2005,19.08,13:33,3.96,2005
09-03-2005,15.12,12:57,3.96,2005
10-03-2005,18,12:45,5.04,2005
11-03-2005,15.12,18:06,3.96,2005
12-03-2005,23.04,14:59,5.04,2005
13-03-2005,27,16:18,5.04,2005
14-03-2005,29.88,17:54,6.84,2005
15-03-2005,29.88,15:56,6.12,2005
16-03-2005,30.96,14:02,5.04,2005
17-03-2005,20.88,17:20,5.04,2005
18-03-2005,36,13:56,9,2005
19-03-2005,42.84,13:14,15.12,2005
20-03-2005,29.16,11:11,5.04,2005
21-03-2005,48.96,16:26,12.96,2005
22-03-2005,51.84,01:10,12.96,2005
23-03-2005,32.04,06:35,9,2005
24-03-2005,37.08,14:52,10.08,2005
25-03-2005,48.96,15:33,11.88,2005
26-03-2005,42.12,02:03,9,2005
27-03-2005,39.96,14:11,11.88,2005
28-03-2005,46.08,14:46,10.08,2005
29-03-2005,29.88,01:15,11.16,2005
30-03-2005,16.92,16:49,2.88,2005
31-03-2005,38.16,15:17,10.08,2005
01-04-2005,48.96,14:46,10.08,2005
02-04-2005,38.88,15:41,5.04,2005
03-04-2005,19.08,11:56,2.88,2005
04-04-2005,25.92,14:56,5.04,2005
05-04-2005,24.12,18:00,7.92,2005
06-04-2005,27,13:26,7.92,2005
07-04-2005,29.16,14:08,7.92,2005
08-04-2005,47.88,16:59,11.16,2005
09-04-2005,46.08,10:10,10.08,2005
10-04-2005,24.12,18:58,6.12,2005
11-04-2005,32.04,19:10,7.92,2005
12-04-2005,29.16,17:56,7.92,2005
13-04-2005,27,16:56,6.84,2005
14-04-2005,36,15:41,9,2005
15-04-2005,39.96,14:22,11.16,2005
16-04-2005,28.08,13:03,6.12,2005
17-04-2005,42.12,16:10,11.16,2005
18-04-2005,39.96,13:51,11.88,2005
19-04-2005,38.16,12:38,9,2005
20-04-2005,29.16,14:52,9,2005
21-04-2005,34.92,11:51,10.08,2005
22-04-2005,38.16,13:02,10.08,2005
23-04-2005,46.08,14:19,11.88,2005
24-04-2005,41.04,15:47,6.84,2005
25-04-2005,33.12,13:21,7.92,2005
26-04-2005,32.04,14:30,10.08,2005
27-04-2005,25.92,15:06,6.84,2005
28-04-2005,25.92,14:38,6.12,2005
29-04-2005,27,15:58,3.96,2005
30-04-2005,42.12,14:43,10.08,2005
01-05-2005,41.04,10:58,14.04,2005
02-05-2005,46.08,12:07,9,2005
03-05-2005,38.88,15:50,11.16,2005
04-05-2005,33.84,18:17,6.84,2005
05-05-2005,29.88,17:26,7.92,2005
06-05-2005,29.88,13:10,3.96,2005
07-05-2005,23.04,14:21,6.12,2005
08-05-2005,36,15:50,6.84,2005
09-05-2005,29.88,14:32,5.04,2005
10-05-2005,28.08,12:23,7.92,2005
11-05-2005,23.04,12:48,5.04,2005
12-05-2005,34.92,15:55,6.84,2005
13-05-2005,41.04,11:42,10.08,2005
14-05-2005,39.96,11:02,6.12,2005
15-05-2005,47.88,12:01,9,2005
16-05-2005,23.04,13:13,5.04,2005
17-05-2005,24.12,12:37,5.04,2005
18-05-2005,24.12,13:16,10.08,2005
19-05-2005,32.04,14:45,6.12,2005
20-05-2005,38.88,15:43,11.16,2005
21-05-2005,37.08,15:40,9,2005
22-05-2005,34.92,16:35,11.16,2005
23-05-2005,24.12,14:45,6.84,2005
24-05-2005,20.88,13:45,6.12,2005
25-05-2005,25.92,14:13,6.84,2005
26-05-2005,38.88,14:47,9,2005
27-05-2005,39.96,11:18,9,2005
28-05-2005,32.04,16:18,6.84,2005
29-05-2005,27,19:00,6.84,2005
30-05-2005,33.12,16:59,10.08,2005
31-05-2005,24.84,17:23,7.92,2005
01-06-2005,23.04,17:43,5.04,2005
02-06-2005,29.16,13:07,7.92,2005
03-06-2005,28.08,16:39,11.16,2005
04-06-2005,23.04,15:28,6.12,2005
05-06-2005,25.92,15:12,6.84,2005
06-06-2005,25.92,16:47,6.84,2005
07-06-2005,25.92,17:08,6.12,2005
08-06-2005,23.04,19:54,5.04,2005
09-06-2005,33.12,16:57,7.92,2005
10-06-2005,23.04,16:57,6.12,2005
11-06-2005,28.08,14:19,9,2005
12-06-2005,27,17:59,10.08,2005
13-06-2005,25.92,13:46,7.92,2005
14-06-2005,33.84,16:17,9,2005
15-06-2005,33.12,15:27,9,2005
16-06-2005,24.12,17:58,5.04,2005
17-06-2005,20.16,13:51,6.12,2005
18-06-2005,32.04,16:09,7.92,2005
19-06-2005,48.96,18:30,6.84,2005
20-06-2005,28.08,17:51,7.92,2005
21-06-2005,24.12,18:50,6.84,2005
22-06-2005,19.08,16:57,7.92,2005
23-06-2005,39.96,15:05,6.12,2005
24-06-2005,24.12,16:42,6.84,2005
25-06-2005,33.12,15:37,9,2005
26-06-2005,34.92,17:33,10.08,2005
27-06-2005,37.08,12:48,9,2005
28-06-2005,30.96,09:09,6.84,2005
29-06-2005,27,17:20,6.84,2005
30-06-2005,25.92,18:05,7.92,2005
01-07-2005,24.12,14:09,6.12,2005
02-07-2005,27,16:44,6.84,2005
03-07-2005,32.04,16:33,6.84,2005
04-07-2005,28.08,09:55,11.16,2005
05-07-2005,24.12,17:17,7.92,2005
06-07-2005,30.96,17:26,7.92,2005
07-07-2005,33.12,16:14,9,2005
08-07-2005,33.84,14:11,7.92,2005
09-07-2005,28.08,19:09,6.12,2005
10-07-2005,25.92,11:52,6.84,2005
11-07-2005,20.88,12:54,5.04,2005
12-07-2005,25.92,20:55,6.12,2005
13-07-2005,30.96,15:51,9,2005
14-07-2005,27,14:25,7.92,2005
15-07-2005,32.04,14:34,9,2005
16-07-2005,30.96,13:35,7.92,2005
17-07-2005,30.96,14:05,10.08,2005
18-07-2005,27,14:15,7.92,2005
19-07-2005,33.12,18:19,7.92,2005
20-07-2005,33.12,18:05,7.92,2005
21-07-2005,27,15:53,9,2005
22-07-2005,28.08,18:26,7.92,2005
23-07-2005,33.12,17:01,10.08,2005
24-07-2005,33.84,11:54,10.08,2005
25-07-2005,32.04,14:11,11.88,2005
26-07-2005,39.96,15:30,11.88,2005
27-07-2005,45,13:01,14.04,2005
28-07-2005,38.16,11:25,11.88,2005
29-07-2005,28.08,17:32,7.92,2005
30-07-2005,28.08,16:54,6.12,2005
31-07-2005,29.88,16:38,6.12,2005
01-08-2005,33.84,15:44,6.12,2005
02-08-2005,27,19:03,6.12,2005
03-08-2005,32.04,17:41,6.12,2005
04-08-2005,25.92,18:27,6.84,2005
05-08-2005,25.92,22:21,5.04,2005
06-08-2005,24.12,18:49,6.12,2005
07-08-2005,27,15:29,6.12,2005
08-08-2005,20.88,13:15,6.12,2005
09-08-2005,33.12,14:25,10.08,2005
10-08-2005,23.04,20:15,3.96,2005
11-08-2005,0,,0,2005
12-08-2005,0,,0,2005
13-08-2005,0,,0,2005
14-08-2005,0,,0,2005
15-08-2005,0,,0,2005
16-08-2005,0,,0,2005
17-08-2005,25.92,16:55,6.84,2005
18-08-2005,36,18:15,9,2005
19-08-2005,46.08,16:15,9,2005
20-08-2005,36,11:35,6.12,2005
21-08-2005,32.04,14:15,6.12,2005
22-08-2005,30.96,21:05,6.12,2005
23-08-2005,27,16:45,6.84,2005
24-08-2005,27,18:05,6.84,2005
25-08-2005,23.04,14:25,9,2005
26-08-2005,30.96,15:45,6.12,2005
27-08-2005,24.84,16:45,7.92,2005
28-08-2005,24.12,18:15,3.96,2005
29-08-2005,28.08,17:05,6.84,2005
30-08-2005,38.88,14:15,7.92,2005
31-08-2005,28.08,15:15,7.92,2005
01-09-2005,30.96,17:15,6.12,2005
02-09-2005,27,16:05,6.84,2005
03-09-2005,32.04,15:05,6.84,2005
04-09-2005,33.12,16:35,11.16,2005
05-09-2005,41.04,15:09,5.04,2005
06-09-2005,32.04,13:43,6.12,2005
07-09-2005,19.08,17:11,3.96,2005
08-09-2005,28.08,17:39,9,2005
09-09-2005,37.08,15:58,10.08,2005
10-09-2005,34.92,11:16,6.84,2005
11-09-2005,18,16:36,3.96,2005
12-09-2005,24.84,13:00,6.84,2005
13-09-2005,23.04,14:27,3.96,2005
14-09-2005,15.84,16:07,3.96,2005
15-09-2005,24.12,13:32,6.84,2005
16-09-2005,32.04,17:31,6.12,2005
17-09-2005,47.88,15:53,11.88,2005
18-09-2005,18,11:52,5.04,2005
19-09-2005,15.84,15:00,3.96,2005
20-09-2005,18,18:51,3.96,2005
21-09-2005,23.04,15:50,6.12,2005
22-09-2005,21.96,16:20,6.12,2005
23-09-2005,21.96,18:01,5.04,2005
24-09-2005,32.04,15:25,9,2005
25-09-2005,24.84,12:52,6.12,2005
26-09-2005,21.96,13:50,5.04,2005
27-09-2005,29.88,16:52,3.96,2005
28-09-2005,28.08,16:28,5.04,2005
29-09-2005,23.04,12:44,6.84,2005
30-09-2005,15.12,12:41,6.12,2005
01-10-2005,36,16:55,6.12,2005
02-10-2005,34.92,15:49,6.12,2005
03-10-2005,28.08,10:23,6.12,2005
04-10-2005,15.12,14:06,3.96,2005
05-10-2005,12.96,12:16,2.88,2005
06-10-2005,15.12,14:44,2.88,2005
07-10-2005,20.88,15:01,3.96,2005
08-10-2005,15.12,17:48,3.96,2005
09-10-2005,25.92,17:21,5.04,2005
10-10-2005,34.92,12:35,6.84,2005
11-10-2005,19.08,02:18,3.96,2005
12-10-2005,29.16,17:00,5.04,2005
13-10-2005,28.08,12:14,6.12,2005
14-10-2005,15.12,13:22,3.96,2005
15-10-2005,32.04,12:58,9,2005
16-10-2005,33.84,11:01,6.12,2005
17-10-2005,27,13:43,5.04,2005
18-10-2005,25.92,14:59,6.12,2005
19-10-2005,39.96,11:45,11.16,2005
20-10-2005,24.12,10:13,6.84,2005
21-10-2005,32.04,11:41,6.84,2005
22-10-2005,33.12,14:10,5.04,2005
23-10-2005,19.08,14:31,2.16,2005
24-10-2005,28.08,13:49,3.96,2005
25-10-2005,29.88,04:56,7.92,2005
26-10-2005,59.04,11:15,11.88,2005
27-10-2005,60.12,08:21,11.16,2005
28-10-2005,33.12,12:39,7.92,2005
29-10-2005,42.84,10:06,14.04,2005
30-10-2005,23.04,01:51,5.04,2005
31-10-2005,38.88,13:28,6.84,2005
01-11-2005,34.92,13:34,6.84,2005
02-11-2005,56.16,09:13,10.08,2005
03-11-2005,33.12,15:54,3.96,2005
04-11-2005,32.04,15:01,3.96,2005
05-11-2005,14.04,12:54,6.12,2005
06-11-2005,11.88,09:31,3.96,2005
07-11-2005,10.08,13:03,3.96,2005
08-11-2005,55.08,12:33,6.84,2005
09-11-2005,14.04,14:47,5.04,2005
10-11-2005,25.92,13:32,5.04,2005
11-11-2005,11.88,12:54,5.04,2005
12-11-2005,28.08,15:26,3.96,2005
13-11-2005,41.04,15:46,7.92,2005
14-11-2005,23.04,13:57,6.12,2005
15-11-2005,36,14:54,6.84,2005
16-11-2005,11.88,00:05,1.08,2005
17-11-2005,15.12,14:31,2.88,2005
18-11-2005,43.92,13:40,10.08,2005
19-11-2005,37.08,07:29,9,2005
20-11-2005,42.12,01:13,5.04,2005
21-11-2005,14.04,05:53,2.88,2005
22-11-2005,21.96,18:03,3.96,2005
23-11-2005,24.12,23:35,3.96,2005
24-11-2005,18,16:08,3.96,2005
25-11-2005,23.04,20:22,2.16,2005
26-11-2005,15.84,07:04,3.96,2005
27-11-2005,24.84,17:12,3.96,2005
28-11-2005,11.88,16:32,2.16,2005
29-11-2005,12.96,09:27,3.96,2005
30-11-2005,11.88,06:05,3.96,2005
01-12-2005,41.04,11:23,15.12,2005
02-12-2005,36,02:50,5.04,2005
03-12-2005,30.96,13:27,7.92,2005
04-12-2005,37.08,03:49,10.08,2005
05-12-2005,28.08,13:09,6.12,2005
06-12-2005,7.92,16:37,2.88,2005
07-12-2005,11.16,17:09,2.88,2005
08-12-2005,10.08,22:55,2.16,2005
09-12-2005,11.88,16:36,3.96,2005
10-12-2005,15.84,12:02,5.04,2005
11-12-2005,14.04,12:21,2.88,2005
12-12-2005,14.04,13:33,3.96,2005
13-12-2005,33.84,16:19,5.04,2005
14-12-2005,33.12,17:57,10.08,2005
15-12-2005,14.04,15:46,3.96,2005
16-12-2005,12.96,15:22,2.16,2005
17-12-2005,12.96,16:42,3.96,2005
18-12-2005,18,13:36,2.88,2005
19-12-2005,15.12,15:08,3.96,2005
20-12-2005,11.88,05:29,3.96,2005
21-12-2005,11.16,08:32,2.88,2005
22-12-2005,10.08,09:03,5.04,2005
23-12-2005,10.08,10:29,2.16,2005
24-12-2005,7.92,13:33,2.16,2005
25-12-2005,9,05:10,2.88,2005
26-12-2005,6.84,14:20,3.96,2005
27-12-2005,34.92,12:45,6.84,2005
28-12-2005,20.88,01:46,3.96,2005
29-12-2005,7.92,13:51,0,2005
30-12-2005,27,12:54,7.92,2005
31-12-2005,32.04,01:06,6.84,2005
01-01-2005,12.96,02:37,2.88,2005
02-01-2005,24.12,16:09,2.88,2005
03-01-2005,25.92,14:52,3.96,2005
04-01-2005,10.08,08:31,3.96,2005
05-01-2005,11.16,07:58,2.88,2005
06-01-2005,24.84,16:35,5.04,2005
07-01-2005,24.84,16:02,6.12,2005
08-01-2005,24.12,20:15,6.84,2005
09-01-2005,27,14:33,5.04,2005
10-01-2005,30.96,12:18,10.08,2005
11-01-2005,24.12,23:09,9,2005
12-01-2005,21.96,00:07,3.96,2005
13-01-2005,7.92,14:48,0,2005
14-01-2005,38.88,15:53,7.92,2005
15-01-2005,43.92,11:57,15.84,2005
16-01-2005,21.96,13:01,5.04,2005
17-01-2005,11.16,13:35,3.96,2005
18-01-2005,24.84,15:22,2.88,2005
19-01-2005,11.88,11:49,2.16,2005
20-01-2005,16.92,13:18,6.12,2005
21-01-2005,11.16,07:43,2.16,2005
22-01-2005,19.08,12:23,6.84,2005
23-01-2005,14.04,15:35,5.04,2005
24-01-2005,25.92,21:12,6.12,2005
25-01-2005,32.04,15:36,6.84,2005
26-01-2005,50.04,13:59,11.88,2005
27-01-2005,34.92,10:57,6.84,2005
28-01-2005,19.08,12:34,5.04,2005
29-01-2005,23.04,13:56,3.96,2005
30-01-2005,36,10:26,6.12,2005
31-01-2005,24.84,23:44,6.84,2005
01-02-2005,24.12,16:29,5.04,2005
02-02-2005,29.16,21:02,6.12,2005
03-02-2005,27,17:38,6.12,2005
04-02-2005,11.16,00:24,3.96,2005
05-02-2005,19.08,16:23,3.96,2005
06-02-2005,20.88,16:36,5.04,2005
07-02-2005,15.84,13:12,2.88,2005
08-02-2005,18,14:19,3.96,2005
09-02-2005,21.96,12:50,3.96,2005
10-02-2005,15.12,15:51,3.96,2005
11-02-2005,9,14:30,2.16,2005
12-02-2005,7.92,13:04,2.16,2005
13-02-2005,45,23:25,6.84,2005
14-02-2005,38.16,11:42,6.12,2005
15-02-2005,38.16,16:51,0,2005
16-02-2005,42.84,17:40,10.08,2005
17-02-2005,42.12,12:36,9,2005
18-02-2005,29.88,18:38,5.04,2005
19-02-2005,34.92,12:51,7.92,2005
20-02-2005,33.84,16:33,5.04,2005
21-02-2005,24.12,15:40,7.92,2005
22-02-2005,24.12,10:01,5.04,2005
23-02-2005,23.04,15:41,5.04,2005
24-02-2005,27,20:11,6.12,2005
25-02-2005,23.04,17:32,6.12,2005
26-02-2005,34.92,17:21,7.92,2005
27-02-2005,37.08,14:09,11.88,2005
28-02-2005,51.84,15:01,11.88,2005
01-03-2005,37.08,00:59,3.96,2005
02-03-2005,29.88,15:38,6.84,2005
03-03-2005,36,19:01,7.92,2005
04-03-2005,34.92,12:50,9,2005
05-03-2005,29.88,16:31,6.12,2005
06-03-2005,39.96,15:59,9,2005
07-03-2005,18,15:30,6.12,2005
08-03-2005,19.08,13:33,3.96,2005
09-03-2005,15.12,12:57,3.96,2005
10-03-2005,18,12:45,5.04,2005
11-03-2005,15.12,18:06,3.96,2005
12-03-2005,23.04,14:59,5.04,2005
13-03-2005,27,16:18,5.04,2005
14-03-2005,29.88,17:54,6.84,2005
15-03-2005,29.88,15:56,6.12,2005
16-03-2005,30.96,14:02,5.04,2005
17-03-2005,20.88,17:20,5.04,2005
18-03-2005,36,13:56,9,2005
19-03-2005,42.84,13:14,15.12,2005
20-03-2005,29.16,11:11,5.04,2005
21-03-2005,48.96,16:26,12.96,2005
22-03-2005,51.84,01:10,12.96,2005
23-03-2005,32.04,06:35,9,2005
24-03-2005,37.08,14:52,10.08,2005
25-03-2005,48.96,15:33,11.88,2005
26-03-2005,42.12,02:03,9,2005
27-03-2005,39.96,14:11,11.88,2005
28-03-2005,46.08,14:46,10.08,2005
29-03-2005,29.88,01:15,11.16,2005
30-03-2005,16.92,16:49,2.88,2005
31-03-2005,38.16,15:17,10.08,2005
01-04-2005,48.96,14:46,10.08,2005
02-04-2005,38.88,15:41,5.04,2005
03-04-2005,19.08,11:56,2.88,2005
04-04-2005,25.92,14:56,5.04,2005
05-04-2005,24.12,18:00,7.92,2005
06-04-2005,27,13:26,7.92,2005
07-04-2005,29.16,14:08,7.92,2005
08-04-2005,47.88,16:59,11.16,2005
09-04-2005,46.08,10:10,10.08,2005
10-04-2005,24.12,18:58,6.12,2005
11-04-2005,32.04,19:10,7.92,2005
12-04-2005,29.16,17:56,7.92,2005
13-04-2005,27,16:56,6.84,2005
14-04-2005,36,15:41,9,2005
15-04-2005,39.96,14:22,11.16,2005
16-04-2005,28.08,13:03,6.12,2005
17-04-2005,42.12,16:10,11.16,2005
18-04-2005,39.96,13:51,11.88,2005
19-04-2005,38.16,12:38,9,2005
20-04-2005,29.16,14:52,9,2005
21-04-2005,34.92,11:51,10.08,2005
22-04-2005,38.16,13:02,10.08,2005
23-04-2005,46.08,14:19,11.88,2005
24-04-2005,41.04,15:47,6.84,2005
25-04-2005,33.12,13:21,7.92,2005
26-04-2005,32.04,14:30,10.08,2005
27-04-2005,25.92,15:06,6.84,2005
28-04-2005,25.92,14:38,6.12,2005
29-04-2005,27,15:58,3.96,2005
30-04-2005,42.12,14:43,10.08,2005
01-05-2005,41.04,10:58,14.04,2005
02-05-2005,46.08,12:07,9,2005
03-05-2005,38.88,15:50,11.16,2005
04-05-2005,33.84,18:17,6.84,2005
05-05-2005,29.88,17:26,7.92,2005
06-05-2005,29.88,13:10,3.96,2005
07-05-2005,23.04,14:21,6.12,2005
08-05-2005,36,15:50,6.84,2005
09-05-2005,29.88,14:32,5.04,2005
10-05-2005,28.08,12:23,7.92,2005
11-05-2005,23.04,12:48,5.04,2005
12-05-2005,34.92,15:55,6.84,2005
13-05-2005,41.04,11:42,10.08,2005
14-05-2005,39.96,11:02,6.12,2005
15-05-2005,47.88,12:01,9,2005
16-05-2005,23.04,13:13,5.04,2005
17-05-2005,24.12,12:37,5.04,2005
18-05-2005,24.12,13:16,10.08,2005
19-05-2005,32.04,14:45,6.12,2005
20-05-2005,38.88,15:43,11.16,2005
21-05-2005,37.08,15:40,9,2005
22-05-2005,34.92,16:35,11.16,2005
23-05-2005,24.12,14:45,6.84,2005
24-05-2005,20.88,13:45,6.12,2005
25-05-2005,25.92,14:13,6.84,2005
26-05-2005,38.88,14:47,9,2005
27-05-2005,39.96,11:18,9,2005
28-05-2005,32.04,16:18,6.84,2005
29-05-2005,27,19:00,6.84,2005
30-05-2005,33.12,16:59,10.08,2005
31-05-2005,24.84,17:23,7.92,2005
01-06-2005,23.04,17:43,5.04,2005
02-06-2005,29.16,13:07,7.92,2005
03-06-2005,28.08,16:39,11.16,2005
04-06-2005,23.04,15:28,6.12,2005
05-06-2005,25.92,15:12,6.84,2005
06-06-2005,25.92,16:47,6.84,2005
07-06-2005,25.92,17:08,6.12,2005
08-06-2005,23.04,19:54,5.04,2005
09-06-2005,33.12,16:57,7.92,2005
10-06-2005,23.04,16:57,6.12,2005
11-06-2005,28.08,14:19,9,2005
12-06-2005,27,17:59,10.08,2005
13-06-2005,25.92,13:46,7.92,2005
14-06-2005,33.84,16:17,9,2005
15-06-2005,33.12,15:27,9,2005
16-06-2005,24.12,17:58,5.04,2005
17-06-2005,20.16,13:51,6.12,2005
18-06-2005,32.04,16:09,7.92,2005
19-06-2005,48.96,18:30,6.84,2005
20-06-2005,28.08,17:51,7.92,2005
21-06-2005,24.12,18:50,6.84,2005
22-06-2005,19.08,16:57,7.92,2005
23-06-2005,39.96,15:05,6.12,2005
24-06-2005,24.12,16:42,6.84,2005
25-06-2005,33.12,15:37,9,2005
26-06-2005,34.92,17:33,10.08,2005
27-06-2005,37.08,12:48,9,2005
28-06-2005,30.96,09:09,6.84,2005
29-06-2005,27,17:20,6.84,2005
30-06-2005,25.92,18:05,7.92,2005
01-07-2005,24.12,14:09,6.12,2005
02-07-2005,27,16:44,6.84,2005
03-07-2005,32.04,16:33,6.84,2005
04-07-2005,28.08,09:55,11.16,2005
05-07-2005,24.12,17:17,7.92,2005
06-07-2005,30.96,17:26,7.92,2005
07-07-2005,33.12,16:14,9,2005
08-07-2005,33.84,14:11,7.92,2005
09-07-2005,28.08,19:09,6.12,2005
10-07-2005,25.92,11:52,6.84,2005
11-07-2005,20.88,12:54,5.04,2005
12-07-2005,25.92,20:55,6.12,2005
13-07-2005,30.96,15:51,9,2005
14-07-2005,27,14:25,7.92,2005
15-07-2005,32.04,14:34,9,2005
16-07-2005,30.96,13:35,7.92,2005
17-07-2005,30.96,14:05,10.08,2005
18-07-2005,27,14:15,7.92,2005
19-07-2005,33.12,18:19,7.92,2005
20-07-2005,33.12,18:05,7.92,2005
21-07-2005,27,15:53,9,2005
22-07-2005,28.08,18:26,7.92,2005
23-07-2005,33.12,17:01,10.08,2005
24-07-2005,33.84,11:54,10.08,2005
25-07-2005,32.04,14:11,11.88,2005
26-07-2005,39.96,15:30,11.88,2005
27-07-2005,45,13:01,14.04,2005
28-07-2005,38.16,11:25,11.88,2005
29-07-2005,28.08,17:32,7.92,2005
30-07-2005,28.08,16:54,6.12,2005
31-07-2005,29.88,16:38,6.12,2005
01-08-2005,33.84,15:44,6.12,2005
02-08-2005,27,19:03,6.12,2005
03-08-2005,32.04,17:41,6.12,2005
04-08-2005,25.92,18:27,6.84,2005
05-08-2005,25.92,22:21,5.04,2005
06-08-2005,24.12,18:49,6.12,2005
07-08-2005,27,15:29,6.12,2005
08-08-2005,20.88,13:15,6.12,2005
09-08-2005,33.12,14:25,10.08,2005
10-08-2005,23.04,20:15,3.96,2005
11-08-2005,0,,0,2005
12-08-2005,0,,0,2005
13-08-2005,0,,0,2005
14-08-2005,0,,0,2005
15-08-2005,0,,0,2005
16-08-2005,0,,0,2005
17-08-2005,25.92,16:55,6.84,2005
18-08-2005,36,18:15,9,2005
19-08-2005,46.08,16:15,9,2005
20-08-2005,36,11:35,6.12,2005
21-08-2005,32.04,14:15,6.12,2005
22-08-2005,30.96,21:05,6.12,2005
23-08-2005,27,16:45,6.84,2005
24-08-2005,27,18:05,6.84,2005
25-08-2005,23.04,14:25,9,2005
26-08-2005,30.96,15:45,6.12,2005
27-08-2005,24.84,16:45,7.92,2005
28-08-2005,24.12,18:15,3.96,2005
29-08-2005,28.08,17:05,6.84,2005
30-08-2005,38.88,14:15,7.92,2005
31-08-2005,28.08,15:15,7.92,2005
01-09-2005,30.96,17:15,6.12,2005
02-09-2005,27,16:05,6.84,2005
03-09-2005,32.04,15:05,6.84,2005
04-09-2005,33.12,16:35,11.16,2005
05-09-2005,41.04,15:09,5.04,2005
06-09-2005,32.04,13:43,6.12,2005
07-09-2005,19.08,17:11,3.96,2005
08-09-2005,28.08,17:39,9,2005
09-09-2005,37.08,15:58,10.08,2005
10-09-2005,34.92,11:16,6.84,2005
11-09-2005,18,16:36,3.96,2005
12-09-2005,24.84,13:00,6.84,2005
13-09-2005,23.04,14:27,3.96,2005
14-09-2005,15.84,16:07,3.96,2005
15-09-2005,24.12,13:32,6.84,2005
16-09-2005,32.04,17:31,6.12,2005
17-09-2005,47.88,15:53,11.88,2005
18-09-2005,18,11:52,5.04,2005
19-09-2005,15.84,15:00,3.96,2005
20-09-2005,18,18:51,3.96,2005
21-09-2005,23.04,15:50,6.12,2005
22-09-2005,21.96,16:20,6.12,2005
23-09-2005,21.96,18:01,5.04,2005
24-09-2005,32.04,15:25,9,2005
25-09-2005,24.84,12:52,6.12,2005
26-09-2005,21.96,13:50,5.04,2005
27-09-2005,29.88,16:52,3.96,2005
28-09-2005,28.08,16:28,5.04,2005
29-09-2005,23.04,12:44,6.84,2005
30-09-2005,15.12,12:41,6.12,2005
01-10-2005,36,16:55,6.12,2005
02-10-2005,34.92,15:49,6.12,2005
03-10-2005,28.08,10:23,6.12,2005
04-10-2005,15.12,14:06,3.96,2005
05-10-2005,12.96,12:16,2.88,2005
06-10-2005,15.12,14:44,2.88,2005
07-10-2005,20.88,15:01,3.96,2005
08-10-2005,15.12,17:48,3.96,2005
09-10-2005,25.92,17:21,5.04,2005
10-10-2005,34.92,12:35,6.84,2005
11-10-2005,19.08,02:18,3.96,2005
12-10-2005,29.16,17:00,5.04,2005
13-10-2005,28.08,12:14,6.12,2005
14-10-2005,15.12,13:22,3.96,2005
15-10-2005,32.04,12:58,9,2005
16-10-2005,33.84,11:01,6.12,2005
17-10-2005,27,13:43,5.04,2005
18-10-2005,25.92,14:59,6.12,2005
19-10-2005,39.96,11:45,11.16,2005
20-10-2005,24.12,10:13,6.84,2005
21-10-2005,32.04,11:41,6.84,2005
22-10-2005,33.12,14:10,5.04,2005
23-10-2005,19.08,14:31,2.16,2005
24-10-2005,28.08,13:49,3.96,2005
25-10-2005,29.88,04:56,7.92,2005
26-10-2005,59.04,11:15,11.88,2005
27-10-2005,60.12,08:21,11.16,2005
28-10-2005,33.12,12:39,7.92,2005
29-10-2005,42.84,10:06,14.04,2005
30-10-2005,23.04,01:51,5.04,2005
31-10-2005,38.88,13:28,6.84,2005
01-11-2005,34.92,13:34,6.84,2005
02-11-2005,56.16,09:13,10.08,2005
03-11-2005,33.12,15:54,3.96,2005
04-11-2005,32.04,15:01,3.96,2005
05-11-2005,14.04,12:54,6.12,2005
06-11-2005,11.88,09:31,3.96,2005
07-11-2005,10.08,13:03,3.96,2005
08-11-2005,55.08,12:33,6.84,2005
09-11-2005,14.04,14:47,5.04,2005
10-11-2005,25.92,13:32,5.04,2005
11-11-2005,11.88,12:54,5.04,2005
12-11-2005,28.08,15:26,3.96,2005
13-11-2005,41.04,15:46,7.92,2005
14-11-2005,23.04,13:57,6.12,2005
15-11-2005,36,14:54,6.84,2005
16-11-2005,11.88,00:05,1.08,2005
17-11-2005,15.12,14:31,2.88,2005
18-11-2005,43.92,13:40,10.08,2005
19-11-2005,37.08,07:29,9,2005
20-11-2005,42.12,01:13,5.04,2005
21-11-2005,14.04,05:53,2.88,2005
22-11-2005,21.96,18:03,3.96,2005
23-11-2005,24.12,23:35,3.96,2005
24-11-2005,18,16:08,3.96,2005
25-11-2005,23.04,20:22,2.16,2005
26-11-2005,15.84,07:04,3.96,2005
27-11-2005,24.84,17:12,3.96,2005
28-11-2005,11.88,16:32,2.16,2005
29-11-2005,12.96,09:27,3.96,2005
30-11-2005,11.88,06:05,3.96,2005
01-12-2005,41.04,11:23,15.12,2005
02-12-2005,36,02:50,5.04,2005
03-12-2005,30.96,13:27,7.92,2005
04-12-2005,37.08,03:49,10.08,2005
05-12-2005,28.08,13:09,6.12,2005
06-12-2005,7.92,16:37,2.88,2005
07-12-2005,11.16,17:09,2.88,2005
08-12-2005,10.08,22:55,2.16,2005
09-12-2005,11.88,16:36,3.96,2005
10-12-2005,15.84,12:02,5.04,2005
11-12-2005,14.04,12:21,2.88,2005
12-12-2005,14.04,13:33,3.96,2005
13-12-2005,33.84,16:19,5.04,2005
14-12-2005,33.12,17:57,10.08,2005
15-12-2005,14.04,15:46,3.96,2005
16-12-2005,12.96,15:22,2.16,2005
17-12-2005,12.96,16:42,3.96,2005
18-12-2005,18,13:36,2.88,2005
19-12-2005,15.12,15:08,3.96,2005
20-12-2005,11.88,05:29,3.96,2005
21-12-2005,11.16,08:32,2.88,2005
22-12-2005,10.08,09:03,5.04,2005
23-12-2005,10.08,10:29,2.16,2005
24-12-2005,7.92,13:33,2.16,2005
25-12-2005,9,05:10,2.88,2005
26-12-2005,6.84,14:20,3.96,2005
27-12-2005,34.92,12:45,6.84,2005
28-12-2005,20.88,01:46,3.96,2005
29-12-2005,7.92,13:51,0,2005
30-12-2005,27,12:54,7.92,2005
31-12-2005,32.04,01:06,6.84,2005
01-01-2006,34.92,13:49,7.92,2006
02-01-2006,7.92,15:25,2.16,2006
03-01-2006,20.88,13:27,3.96,2006
04-01-2006,14.04,11:47,2.88,2006
05-01-2006,10.08,23:14,2.16,2006
06-01-2006,12.96,08:16,2.88,2006
07-01-2006,20.88,14:38,2.88,2006
08-01-2006,11.88,07:55,2.88,2006
09-01-2006,24.12,17:31,6.12,2006
10-01-2006,11.88,09:19,5.04,2006
11-01-2006,7.92,07:22,3.96,2006
12-01-2006,7.92,13:10,2.16,2006
13-01-2006,36,13:23,10.08,2006
14-01-2006,11.88,06:43,2.88,2006
15-01-2006,41.04,09:39,6.84,2006
16-01-2006,10.08,10:39,2.16,2006
17-01-2006,10.08,01:01,0,2006
18-01-2006,15.84,15:34,2.16,2006
19-01-2006,11.88,12:24,2.88,2006
20-01-2006,14.04,04:38,3.96,2006
21-01-2006,18,13:09,3.96,2006
22-01-2006,12.96,15:08,2.88,2006
23-01-2006,10.08,08:59,2.88,2006
24-01-2006,33.84,16:03,6.12,2006
25-01-2006,11.88,12:35,2.88,2006
26-01-2006,19.08,21:59,3.96,2006
27-01-2006,39.96,14:44,9,2006
28-01-2006,11.16,17:48,3.96,2006
29-01-2006,23.04,11:57,6.12,2006
30-01-2006,12.96,13:36,2.88,2006
31-01-2006,10.08,14:34,2.88,2006
01-02-2006,10.08,13:33,2.16,2006
02-02-2006,29.88,13:53,3.96,2006
03-02-2006,18,15:48,3.96,2006
04-02-2006,24.12,19:27,5.04,2006
05-02-2006,16.92,13:01,5.04,2006
06-02-2006,11.88,14:46,2.88,2006
07-02-2006,12.96,13:45,2.88,2006
08-02-2006,12.96,22:02,2.88,2006
09-02-2006,9,13:20,2.16,2006
10-02-2006,10.08,13:28,2.88,2006
11-02-2006,25.92,12:25,6.12,2006
12-02-2006,11.16,14:12,2.88,2006
13-02-2006,16.92,15:46,2.88,2006
14-02-2006,10.08,14:53,1.08,2006
15-02-2006,32.04,23:02,2.16,2006
16-02-2006,48.96,14:23,14.04,2006
17-02-2006,60.84,10:12,15.12,2006
18-02-2006,56.16,17:28,14.04,2006
19-02-2006,61.92,13:03,12.96,2006
20-02-2006,28.08,14:05,7.92,2006
21-02-2006,41.04,14:26,6.84,2006
22-02-2006,24.12,16:03,5.04,2006
23-02-2006,24.12,16:25,6.12,2006
24-02-2006,25.92,13:43,3.96,2006
25-02-2006,25.92,12:49,9,2006
26-02-2006,36,12:28,9,2006
27-02-2006,14.04,13:27,3.96,2006
28-02-2006,25.92,18:22,6.12,2006
01-03-2006,25.92,13:27,5.04,2006
02-03-2006,34.92,16:21,10.08,2006
03-03-2006,43.92,12:25,14.04,2006
04-03-2006,59.04,08:14,14.04,2006
05-03-2006,37.08,00:43,6.84,2006
06-03-2006,11.88,16:42,2.88,2006
07-03-2006,27,16:19,5.04,2006
08-03-2006,28.08,13:47,7.92,2006
09-03-2006,37.08,13:17,10.08,2006
10-03-2006,29.88,12:33,7.92,2006
11-03-2006,14.04,01:56,1.08,2006
12-03-2006,15.12,15:34,2.88,2006
13-03-2006,19.08,13:18,2.88,2006
14-03-2006,16.92,16:16,3.96,2006
15-03-2006,27,14:36,6.12,2006
16-03-2006,19.08,14:59,6.84,2006
17-03-2006,39.96,13:30,6.84,2006
18-03-2006,32.04,13:14,6.84,2006
19-03-2006,39.96,13:02,7.92,2006
20-03-2006,39.96,11:59,9,2006
21-03-2006,33.12,17:51,11.16,2006
22-03-2006,34.92,13:34,6.12,2006
23-03-2006,59.04,15:38,7.92,2006
24-03-2006,54,04:15,15.84,2006
25-03-2006,42.12,10:25,16.92,2006
26-03-2006,65.88,13:35,21.96,2006
27-03-2006,51.84,14:27,16.92,2006
28-03-2006,42.12,14:48,11.88,2006
29-03-2006,33.12,12:24,7.92,2006
30-03-2006,39.96,15:21,11.16,2006
31-03-2006,43.92,15:56,9,2006
01-04-2006,32.04,15:29,7.92,2006
02-04-2006,29.88,14:24,10.08,2006
03-04-2006,29.16,14:16,9,2006
04-04-2006,46.08,15:38,15.12,2006
05-04-2006,36,11:52,5.04,2006
06-04-2006,21.96,16:34,3.96,2006
07-04-2006,30.96,15:16,6.84,2006
08-04-2006,28.08,17:08,6.84,2006
09-04-2006,34.92,16:32,5.04,2006
10-04-2006,37.08,15:58,11.16,2006
11-04-2006,24.84,21:41,3.96,2006
12-04-2006,28.08,18:06,7.92,2006
13-04-2006,16.92,15:42,5.04,2006
14-04-2006,42.12,11:37,10.08,2006
15-04-2006,43.92,11:02,10.08,2006
16-04-2006,30.96,11:50,3.96,2006
17-04-2006,25.92,13:31,6.84,2006
18-04-2006,19.08,14:29,3.96,2006
19-04-2006,29.88,17:03,6.84,2006
20-04-2006,34.92,14:18,9,2006
21-04-2006,45,00:53,10.08,2006
22-04-2006,29.88,11:44,7.92,2006
23-04-2006,28.08,18:56,5.04,2006
24-04-2006,32.04,17:56,6.12,2006
25-04-2006,25.92,00:42,6.12,2006
26-04-2006,24.84,21:01,5.04,2006
27-04-2006,34.92,15:32,7.92,2006
28-04-2006,33.12,15:07,9,2006
29-04-2006,28.08,17:48,6.84,2006
30-04-2006,21.96,21:21,3.96,2006
01-05-2006,32.04,14:37,11.16,2006
02-05-2006,34.92,15:03,6.12,2006
03-05-2006,27,19:46,3.96,2006
04-05-2006,37.08,14:41,10.08,2006
05-05-2006,29.16,16:21,6.84,2006
06-05-2006,24.84,16:36,6.12,2006
07-05-2006,39.96,15:59,10.08,2006
08-05-2006,30.96,12:58,10.08,2006
09-05-2006,27,18:17,5.04,2006
10-05-2006,38.88,17:06,6.84,2006
11-05-2006,30.96,18:43,6.84,2006
12-05-2006,24.12,17:36,6.12,2006
13-05-2006,20.88,11:12,3.96,2006
14-05-2006,29.16,14:35,2.16,2006
15-05-2006,29.88,16:21,6.84,2006
16-05-2006,21.96,17:31,6.12,2006
17-05-2006,38.88,15:21,11.16,2006
18-05-2006,38.88,14:25,10.08,2006
19-05-2006,30.96,14:25,6.84,2006
20-05-2006,48.96,13:54,12.96,2006
21-05-2006,46.08,14:23,20.16,2006
22-05-2006,45,12:22,14.04,2006
23-05-2006,21.96,21:24,7.92,2006
24-05-2006,25.92,16:18,9,2006
25-05-2006,24.12,19:55,6.12,2006
26-05-2006,29.88,16:52,6.12,2006
27-05-2006,32.04,18:20,6.12,2006
28-05-2006,33.84,15:37,6.12,2006
29-05-2006,28.08,13:19,7.92,2006
30-05-2006,32.04,17:58,10.08,2006
31-05-2006,34.92,17:15,9,2006
01-06-2006,32.04,15:37,6.84,2006
02-06-2006,23.04,12:19,3.96,2006
03-06-2006,28.08,18:23,6.84,2006
04-06-2006,21.96,15:56,3.96,2006
05-06-2006,21.96,19:05,5.04,2006
06-06-2006,25.92,13:47,5.04,2006
07-06-2006,46.08,12:34,9,2006
08-06-2006,34.92,13:38,7.92,2006
09-06-2006,38.88,15:22,7.92,2006
10-06-2006,28.08,11:11,6.84,2006
11-06-2006,28.08,15:03,7.92,2006
12-06-2006,29.88,16:25,7.92,2006
13-06-2006,29.88,18:28,6.12,2006
14-06-2006,24.12,12:30,6.12,2006
15-06-2006,36,12:03,5.04,2006
16-06-2006,36,14:54,3.96,2006
17-06-2006,20.88,22:56,5.04,2006
18-06-2006,29.16,15:42,6.12,2006
19-06-2006,33.12,17:19,7.92,2006
20-06-2006,25.92,17:54,7.92,2006
21-06-2006,25.92,16:18,6.12,2006
22-06-2006,27,17:01,6.12,2006
23-06-2006,33.12,15:13,11.16,2006
24-06-2006,25.92,15:34,6.84,2006
25-06-2006,27,16:02,6.84,2006
26-06-2006,24.12,10:49,6.12,2006
27-06-2006,29.16,08:01,3.96,2006
28-06-2006,30.96,16:31,6.84,2006
29-06-2006,25.92,19:58,5.04,2006
30-06-2006,32.04,16:16,9,2006
01-07-2006,33.12,16:21,9,2006
02-07-2006,30.96,17:02,6.84,2006
03-07-2006,27,17:22,7.92,2006
04-07-2006,33.84,11:58,10.08,2006
05-07-2006,27,17:16,6.12,2006
06-07-2006,36,17:11,6.84,2006
07-07-2006,28.08,16:53,7.92,2006
08-07-2006,27,16:41,9,2006
09-07-2006,30.96,17:22,5.04,2006
10-07-2006,28.08,14:12,10.08,2006
11-07-2006,33.84,16:09,7.92,2006
12-07-2006,33.12,16:55,7.92,2006
13-07-2006,30.96,17:39,6.84,2006
14-07-2006,23.04,16:00,6.12,2006
15-07-2006,28.08,15:40,5.04,2006
16-07-2006,19.08,13:37,5.04,2006
17-07-2006,30.96,17:35,6.84,2006
18-07-2006,20.88,15:10,3.96,2006
19-07-2006,28.08,03:59,6.84,2006
20-07-2006,29.88,15:24,7.92,2006
21-07-2006,38.16,13:42,7.92,2006
22-07-2006,30.96,17:27,7.92,2006
23-07-2006,23.04,18:53,6.84,2006
24-07-2006,27,15:14,9,2006
25-07-2006,23.04,18:57,6.12,2006
26-07-2006,25.92,15:40,3.96,2006
27-07-2006,24.84,17:44,6.12,2006
28-07-2006,24.12,18:20,6.84,2006
29-07-2006,34.92,14:54,11.16,2006
30-07-2006,28.08,16:13,6.84,2006
31-07-2006,28.08,13:30,7.92,2006
01-08-2006,29.88,15:11,6.12,2006
02-08-2006,36,16:26,7.92,2006
03-08-2006,34.92,15:27,7.92,2006
04-08-2006,30.96,18:45,6.84,2006
05-08-2006,30.96,19:39,6.84,2006
06-08-2006,25.92,16:52,6.84,2006
07-08-2006,39.96,18:32,7.92,2006
08-08-2006,36,18:59,6.12,2006
09-08-2006,28.08,17:08,7.92,2006
10-08-2006,30.96,17:35,7.92,2006
11-08-2006,29.88,18:46,5.04,2006
12-08-2006,33.84,17:51,7.92,2006
13-08-2006,33.12,21:20,6.84,2006
14-08-2006,25.92,18:48,5.04,2006
15-08-2006,32.04,16:24,7.92,2006
16-08-2006,36,12:55,11.88,2006
17-08-2006,42.84,13:13,14.04,2006
18-08-2006,33.84,15:51,10.08,2006
19-08-2006,24.12,15:49,5.04,2006
20-08-2006,20.16,18:08,5.04,2006
21-08-2006,18,13:13,6.12,2006
22-08-2006,27,14:24,6.12,2006
23-08-2006,25.92,17:26,6.12,2006
24-08-2006,28.08,14:26,9,2006
25-08-2006,27,18:00,6.12,2006
26-08-2006,24.84,15:33,5.04,2006
27-08-2006,25.92,16:55,6.12,2006
28-08-2006,24.84,15:13,3.96,2006
29-08-2006,27,14:07,6.84,2006
30-08-2006,27,20:39,6.84,2006
31-08-2006,32.04,16:31,6.84,2006
01-09-2006,23.04,14:47,5.04,2006
02-09-2006,24.12,18:15,6.12,2006
03-09-2006,20.16,18:05,5.04,2006
04-09-2006,15.84,15:53,5.04,2006
05-09-2006,24.12,18:07,6.84,2006
06-09-2006,25.92,16:00,6.84,2006
07-09-2006,24.84,16:07,5.04,2006
08-09-2006,23.04,15:52,6.84,2006
09-09-2006,25.92,15:16,7.92,2006
10-09-2006,27,14:55,6.84,2006
11-09-2006,20.88,13:50,3.96,2006
12-09-2006,23.04,15:55,9,2006
13-09-2006,32.04,14:51,6.12,2006
14-09-2006,33.12,14:12,7.92,2006
15-09-2006,33.12,11:43,6.84,2006
16-09-2006,20.88,14:15,5.04,2006
17-09-2006,23.04,16:03,6.84,2006
18-09-2006,19.08,18:48,3.96,2006
19-09-2006,19.08,14:57,3.96,2006
20-09-2006,37.08,14:59,6.12,2006
21-09-2006,51.12,06:45,15.84,2006
22-09-2006,42.84,11:24,3.96,2006
23-09-2006,32.04,14:25,7.92,2006
24-09-2006,42.84,13:42,11.16,2006
25-09-2006,10.08,09:37,2.16,2006
26-09-2006,15.12,06:25,5.04,2006
27-09-2006,32.04,14:06,3.96,2006
28-09-2006,29.88,15:32,5.04,2006
29-09-2006,32.04,16:56,7.92,2006
30-09-2006,33.84,12:43,10.08,2006
01-10-2006,23.04,13:12,2.88,2006
02-10-2006,56.88,15:49,6.84,2006
03-10-2006,20.88,16:54,6.12,2006
04-10-2006,24.84,14:51,5.04,2006
05-10-2006,15.84,15:11,5.04,2006
06-10-2006,11.88,18:43,2.88,2006
07-10-2006,11.88,12:54,3.96,2006
08-10-2006,24.12,14:33,3.96,2006
09-10-2006,16.92,14:19,2.88,2006
10-10-2006,30.96,17:05,6.12,2006
11-10-2006,32.04,15:44,9,2006
12-10-2006,16.92,14:01,5.04,2006
13-10-2006,15.12,13:58,2.16,2006
14-10-2006,24.12,15:51,5.04,2006
15-10-2006,43.92,11:27,10.08,2006
16-10-2006,63,11:28,11.88,2006
17-10-2006,43.92,15:11,9,2006
18-10-2006,48.96,14:37,11.88,2006
19-10-2006,33.12,12:16,9,2006
20-10-2006,33.84,16:09,9,2006
21-10-2006,24.12,00:24,3.96,2006
22-10-2006,33.12,15:31,6.12,2006
23-10-2006,55.08,13:06,15.84,2006
24-10-2006,38.88,11:43,9,2006
25-10-2006,37.08,17:10,12.96,2006
26-10-2006,42.12,11:02,7.92,2006
27-10-2006,11.88,12:50,2.88,2006
28-10-2006,16.92,14:56,2.88,2006
29-10-2006,9,11:03,1.08,2006
30-10-2006,7.92,19:54,1.08,2006
31-10-2006,11.88,12:13,2.16,2006
01-11-2006,15.12,17:54,3.96,2006
02-11-2006,29.16,13:54,5.04,2006
03-11-2006,15.84,14:07,3.96,2006
04-11-2006,21.96,13:42,5.04,2006
05-11-2006,25.92,15:45,5.04,2006
06-11-2006,30.96,11:34,6.84,2006
07-11-2006,9,14:47,2.16,2006
08-11-2006,10.08,11:10,2.16,2006
09-11-2006,11.16,13:56,2.16,2006
10-11-2006,11.88,08:07,2.16,2006
11-11-2006,15.12,08:07,3.96,2006
12-11-2006,11.88,13:13,2.88,2006
13-11-2006,14.04,14:50,3.96,2006
14-11-2006,11.88,06:09,2.88,2006
15-11-2006,57.96,11:45,15.84,2006
16-11-2006,30.96,11:39,2.16,2006
17-11-2006,38.88,13:39,6.84,2006
18-11-2006,24.12,18:52,3.96,2006
19-11-2006,18,08:47,2.16,2006
20-11-2006,25.92,12:58,6.84,2006
21-11-2006,24.84,14:51,3.96,2006
22-11-2006,33.84,14:36,5.04,2006
23-11-2006,28.08,01:21,6.84,2006
24-11-2006,57.96,21:20,5.04,2006
25-11-2006,47.16,01:31,6.12,2006
26-11-2006,36,20:59,10.08,2006
27-11-2006,34.92,01:50,11.16,2006
28-11-2006,29.88,13:48,6.84,2006
29-11-2006,18,05:34,5.04,2006
30-11-2006,39.96,12:24,9,2006
01-12-2006,36,11:28,10.08,2006
02-12-2006,12.96,00:56,2.16,2006
03-12-2006,32.04,11:50,11.16,2006
04-12-2006,33.12,15:29,6.84,2006
05-12-2006,36,05:42,6.84,2006
06-12-2006,15.12,21:59,5.04,2006
07-12-2006,57.96,23:13,10.08,2006
08-12-2006,83.16,00:14,7.92,2006
09-12-2006,25.92,15:09,6.12,2006
10-12-2006,12.96,09:01,3.96,2006
11-12-2006,11.88,10:26,5.04,2006
12-12-2006,10.08,13:30,2.16,2006
13-12-2006,12.96,06:27,3.96,2006
14-12-2006,11.88,08:36,2.88,2006
15-12-2006,11.88,11:51,3.96,2006
16-12-2006,12.96,11:26,3.96,2006
17-12-2006,11.16,23:52,1.08,2006
18-12-2006,11.88,00:19,2.88,2006
19-12-2006,20.16,12:41,5.04,2006
20-12-2006,15.84,15:30,3.96,2006
21-12-2006,14.04,15:44,2.16,2006
22-12-2006,10.08,08:50,3.96,2006
23-12-2006,11.88,09:07,2.16,2006
24-12-2006,10.08,09:26,5.04,2006
25-12-2006,11.88,08:13,3.96,2006
26-12-2006,9,14:15,1.08,2006
27-12-2006,29.88,15:23,2.16,2006
28-12-2006,42.12,13:32,9,2006
29-12-2006,38.88,07:52,11.88,2006
30-12-2006,42.12,01:40,11.88,2006
31-12-2006,24.84,13:47,5.04,2006
01-01-2006,34.92,13:49,7.92,2006
02-01-2006,7.92,15:25,2.16,2006
03-01-2006,20.88,13:27,3.96,2006
04-01-2006,14.04,11:47,2.88,2006
05-01-2006,10.08,23:14,2.16,2006
06-01-2006,12.96,08:16,2.88,2006
07-01-2006,20.88,14:38,2.88,2006
08-01-2006,11.88,07:55,2.88,2006
09-01-2006,24.12,17:31,6.12,2006
10-01-2006,11.88,09:19,5.04,2006
11-01-2006,7.92,07:22,3.96,2006
12-01-2006,7.92,13:10,2.16,2006
13-01-2006,36,13:23,10.08,2006
14-01-2006,11.88,06:43,2.88,2006
15-01-2006,41.04,09:39,6.84,2006
16-01-2006,10.08,10:39,2.16,2006
17-01-2006,10.08,01:01,0,2006
18-01-2006,15.84,15:34,2.16,2006
19-01-2006,11.88,12:24,2.88,2006
20-01-2006,14.04,04:38,3.96,2006
21-01-2006,18,13:09,3.96,2006
22-01-2006,12.96,15:08,2.88,2006
23-01-2006,10.08,08:59,2.88,2006
24-01-2006,33.84,16:03,6.12,2006
25-01-2006,11.88,12:35,2.88,2006
26-01-2006,19.08,21:59,3.96,2006
27-01-2006,39.96,14:44,9,2006
28-01-2006,11.16,17:48,3.96,2006
29-01-2006,23.04,11:57,6.12,2006
30-01-2006,12.96,13:36,2.88,2006
31-01-2006,10.08,14:34,2.88,2006
01-02-2006,10.08,13:33,2.16,2006
02-02-2006,29.88,13:53,3.96,2006
03-02-2006,18,15:48,3.96,2006
04-02-2006,24.12,19:27,5.04,2006
05-02-2006,16.92,13:01,5.04,2006
06-02-2006,11.88,14:46,2.88,2006
07-02-2006,12.96,13:45,2.88,2006
08-02-2006,12.96,22:02,2.88,2006
09-02-2006,9,13:20,2.16,2006
10-02-2006,10.08,13:28,2.88,2006
11-02-2006,25.92,12:25,6.12,2006
12-02-2006,11.16,14:12,2.88,2006
13-02-2006,16.92,15:46,2.88,2006
14-02-2006,10.08,14:53,1.08,2006
15-02-2006,32.04,23:02,2.16,2006
16-02-2006,48.96,14:23,14.04,2006
17-02-2006,60.84,10:12,15.12,2006
18-02-2006,56.16,17:28,14.04,2006
19-02-2006,61.92,13:03,12.96,2006
20-02-2006,28.08,14:05,7.92,2006
21-02-2006,41.04,14:26,6.84,2006
22-02-2006,24.12,16:03,5.04,2006
23-02-2006,24.12,16:25,6.12,2006
24-02-2006,25.92,13:43,3.96,2006
25-02-2006,25.92,12:49,9,2006
26-02-2006,36,12:28,9,2006
27-02-2006,14.04,13:27,3.96,2006
28-02-2006,25.92,18:22,6.12,2006
01-03-2006,25.92,13:27,5.04,2006
02-03-2006,34.92,16:21,10.08,2006
03-03-2006,43.92,12:25,14.04,2006
04-03-2006,59.04,08:14,14.04,2006
05-03-2006,37.08,00:43,6.84,2006
06-03-2006,11.88,16:42,2.88,2006
07-03-2006,27,16:19,5.04,2006
08-03-2006,28.08,13:47,7.92,2006
09-03-2006,37.08,13:17,10.08,2006
10-03-2006,29.88,12:33,7.92,2006
11-03-2006,14.04,01:56,1.08,2006
12-03-2006,15.12,15:34,2.88,2006
13-03-2006,19.08,13:18,2.88,2006
14-03-2006,16.92,16:16,3.96,2006
15-03-2006,27,14:36,6.12,2006
16-03-2006,19.08,14:59,6.84,2006
17-03-2006,39.96,13:30,6.84,2006
18-03-2006,32.04,13:14,6.84,2006
19-03-2006,39.96,13:02,7.92,2006
20-03-2006,39.96,11:59,9,2006
21-03-2006,33.12,17:51,11.16,2006
22-03-2006,34.92,13:34,6.12,2006
23-03-2006,59.04,15:38,7.92,2006
24-03-2006,54,04:15,15.84,2006
25-03-2006,42.12,10:25,16.92,2006
26-03-2006,65.88,13:35,21.96,2006
27-03-2006,51.84,14:27,16.92,2006
28-03-2006,42.12,14:48,11.88,2006
29-03-2006,33.12,12:24,7.92,2006
30-03-2006,39.96,15:21,11.16,2006
31-03-2006,43.92,15:56,9,2006
01-04-2006,32.04,15:29,7.92,2006
02-04-2006,29.88,14:24,10.08,2006
03-04-2006,29.16,14:16,9,2006
04-04-2006,46.08,15:38,15.12,2006
05-04-2006,36,11:52,5.04,2006
06-04-2006,21.96,16:34,3.96,2006
07-04-2006,30.96,15:16,6.84,2006
08-04-2006,28.08,17:08,6.84,2006
09-04-2006,34.92,16:32,5.04,2006
10-04-2006,37.08,15:58,11.16,2006
11-04-2006,24.84,21:41,3.96,2006
12-04-2006,28.08,18:06,7.92,2006
13-04-2006,16.92,15:42,5.04,2006
14-04-2006,42.12,11:37,10.08,2006
15-04-2006,43.92,11:02,10.08,2006
16-04-2006,30.96,11:50,3.96,2006
17-04-2006,25.92,13:31,6.84,2006
18-04-2006,19.08,14:29,3.96,2006
19-04-2006,29.88,17:03,6.84,2006
20-04-2006,34.92,14:18,9,2006
21-04-2006,45,00:53,10.08,2006
22-04-2006,29.88,11:44,7.92,2006
23-04-2006,28.08,18:56,5.04,2006
24-04-2006,32.04,17:56,6.12,2006
25-04-2006,25.92,00:42,6.12,2006
26-04-2006,24.84,21:01,5.04,2006
27-04-2006,34.92,15:32,7.92,2006
28-04-2006,33.12,15:07,9,2006
29-04-2006,28.08,17:48,6.84,2006
30-04-2006,21.96,21:21,3.96,2006
01-05-2006,32.04,14:37,11.16,2006
02-05-2006,34.92,15:03,6.12,2006
03-05-2006,27,19:46,3.96,2006
04-05-2006,37.08,14:41,10.08,2006
05-05-2006,29.16,16:21,6.84,2006
06-05-2006,24.84,16:36,6.12,2006
07-05-2006,39.96,15:59,10.08,2006
08-05-2006,30.96,12:58,10.08,2006
09-05-2006,27,18:17,5.04,2006
10-05-2006,38.88,17:06,6.84,2006
11-05-2006,30.96,18:43,6.84,2006
12-05-2006,24.12,17:36,6.12,2006
13-05-2006,20.88,11:12,3.96,2006
14-05-2006,29.16,14:35,2.16,2006
15-05-2006,29.88,16:21,6.84,2006
16-05-2006,21.96,17:31,6.12,2006
17-05-2006,38.88,15:21,11.16,2006
18-05-2006,38.88,14:25,10.08,2006
19-05-2006,30.96,14:25,6.84,2006
20-05-2006,48.96,13:54,12.96,2006
21-05-2006,46.08,14:23,20.16,2006
22-05-2006,45,12:22,14.04,2006
23-05-2006,21.96,21:24,7.92,2006
24-05-2006,25.92,16:18,9,2006
25-05-2006,24.12,19:55,6.12,2006
26-05-2006,29.88,16:52,6.12,2006
27-05-2006,32.04,18:20,6.12,2006
28-05-2006,33.84,15:37,6.12,2006
29-05-2006,28.08,13:19,7.92,2006
30-05-2006,32.04,17:58,10.08,2006
31-05-2006,34.92,17:15,9,2006
01-06-2006,32.04,15:37,6.84,2006
02-06-2006,23.04,12:19,3.96,2006
03-06-2006,28.08,18:23,6.84,2006
04-06-2006,21.96,15:56,3.96,2006
05-06-2006,21.96,19:05,5.04,2006
06-06-2006,25.92,13:47,5.04,2006
07-06-2006,46.08,12:34,9,2006
08-06-2006,34.92,13:38,7.92,2006
09-06-2006,38.88,15:22,7.92,2006
10-06-2006,28.08,11:11,6.84,2006
11-06-2006,28.08,15:03,7.92,2006
12-06-2006,29.88,16:25,7.92,2006
13-06-2006,29.88,18:28,6.12,2006
14-06-2006,24.12,12:30,6.12,2006
15-06-2006,36,12:03,5.04,2006
16-06-2006,36,14:54,3.96,2006
17-06-2006,20.88,22:56,5.04,2006
18-06-2006,29.16,15:42,6.12,2006
19-06-2006,33.12,17:19,7.92,2006
20-06-2006,25.92,17:54,7.92,2006
21-06-2006,25.92,16:18,6.12,2006
22-06-2006,27,17:01,6.12,2006
23-06-2006,33.12,15:13,11.16,2006
24-06-2006,25.92,15:34,6.84,2006
25-06-2006,27,16:02,6.84,2006
26-06-2006,24.12,10:49,6.12,2006
27-06-2006,29.16,08:01,3.96,2006
28-06-2006,30.96,16:31,6.84,2006
29-06-2006,25.92,19:58,5.04,2006
30-06-2006,32.04,16:16,9,2006
01-07-2006,33.12,16:21,9,2006
02-07-2006,30.96,17:02,6.84,2006
03-07-2006,27,17:22,7.92,2006
04-07-2006,33.84,11:58,10.08,2006
05-07-2006,27,17:16,6.12,2006
06-07-2006,36,17:11,6.84,2006
07-07-2006,28.08,16:53,7.92,2006
08-07-2006,27,16:41,9,2006
09-07-2006,30.96,17:22,5.04,2006
10-07-2006,28.08,14:12,10.08,2006
11-07-2006,33.84,16:09,7.92,2006
12-07-2006,33.12,16:55,7.92,2006
13-07-2006,30.96,17:39,6.84,2006
14-07-2006,23.04,16:00,6.12,2006
15-07-2006,28.08,15:40,5.04,2006
16-07-2006,19.08,13:37,5.04,2006
17-07-2006,30.96,17:35,6.84,2006
18-07-2006,20.88,15:10,3.96,2006
19-07-2006,28.08,03:59,6.84,2006
20-07-2006,29.88,15:24,7.92,2006
21-07-2006,38.16,13:42,7.92,2006
22-07-2006,30.96,17:27,7.92,2006
23-07-2006,23.04,18:53,6.84,2006
24-07-2006,27,15:14,9,2006
25-07-2006,23.04,18:57,6.12,2006
26-07-2006,25.92,15:40,3.96,2006
27-07-2006,24.84,17:44,6.12,2006
28-07-2006,24.12,18:20,6.84,2006
29-07-2006,34.92,14:54,11.16,2006
30-07-2006,28.08,16:13,6.84,2006
31-07-2006,28.08,13:30,7.92,2006
01-08-2006,29.88,15:11,6.12,2006
02-08-2006,36,16:26,7.92,2006
03-08-2006,34.92,15:27,7.92,2006
04-08-2006,30.96,18:45,6.84,2006
05-08-2006,30.96,19:39,6.84,2006
06-08-2006,25.92,16:52,6.84,2006
07-08-2006,39.96,18:32,7.92,2006
08-08-2006,36,18:59,6.12,2006
09-08-2006,28.08,17:08,7.92,2006
10-08-2006,30.96,17:35,7.92,2006
11-08-2006,29.88,18:46,5.04,2006
12-08-2006,33.84,17:51,7.92,2006
13-08-2006,33.12,21:20,6.84,2006
14-08-2006,25.92,18:48,5.04,2006
15-08-2006,32.04,16:24,7.92,2006
16-08-2006,36,12:55,11.88,2006
17-08-2006,42.84,13:13,14.04,2006
18-08-2006,33.84,15:51,10.08,2006
19-08-2006,24.12,15:49,5.04,2006
20-08-2006,20.16,18:08,5.04,2006
21-08-2006,18,13:13,6.12,2006
22-08-2006,27,14:24,6.12,2006
23-08-2006,25.92,17:26,6.12,2006
24-08-2006,28.08,14:26,9,2006
25-08-2006,27,18:00,6.12,2006
26-08-2006,24.84,15:33,5.04,2006
27-08-2006,25.92,16:55,6.12,2006
28-08-2006,24.84,15:13,3.96,2006
29-08-2006,27,14:07,6.84,2006
30-08-2006,27,20:39,6.84,2006
31-08-2006,32.04,16:31,6.84,2006
01-09-2006,23.04,14:47,5.04,2006
02-09-2006,24.12,18:15,6.12,2006
03-09-2006,20.16,18:05,5.04,2006
04-09-2006,15.84,15:53,5.04,2006
05-09-2006,24.12,18:07,6.84,2006
06-09-2006,25.92,16:00,6.84,2006
07-09-2006,24.84,16:07,5.04,2006
08-09-2006,23.04,15:52,6.84,2006
09-09-2006,25.92,15:16,7.92,2006
10-09-2006,27,14:55,6.84,2006
11-09-2006,20.88,13:50,3.96,2006
12-09-2006,23.04,15:55,9,2006
13-09-2006,32.04,14:51,6.12,2006
14-09-2006,33.12,14:12,7.92,2006
15-09-2006,33.12,11:43,6.84,2006
16-09-2006,20.88,14:15,5.04,2006
17-09-2006,23.04,16:03,6.84,2006
18-09-2006,19.08,18:48,3.96,2006
19-09-2006,19.08,14:57,3.96,2006
20-09-2006,37.08,14:59,6.12,2006
21-09-2006,51.12,06:45,15.84,2006
22-09-2006,42.84,11:24,3.96,2006
23-09-2006,32.04,14:25,7.92,2006
24-09-2006,42.84,13:42,11.16,2006
25-09-2006,10.08,09:37,2.16,2006
26-09-2006,15.12,06:25,5.04,2006
27-09-2006,32.04,14:06,3.96,2006
28-09-2006,29.88,15:32,5.04,2006
29-09-2006,32.04,16:56,7.92,2006
30-09-2006,33.84,12:43,10.08,2006
01-10-2006,23.04,13:12,2.88,2006
02-10-2006,56.88,15:49,6.84,2006
03-10-2006,20.88,16:54,6.12,2006
04-10-2006,24.84,14:51,5.04,2006
05-10-2006,15.84,15:11,5.04,2006
06-10-2006,11.88,18:43,2.88,2006
07-10-2006,11.88,12:54,3.96,2006
08-10-2006,24.12,14:33,3.96,2006
09-10-2006,16.92,14:19,2.88,2006
10-10-2006,30.96,17:05,6.12,2006
11-10-2006,32.04,15:44,9,2006
12-10-2006,16.92,14:01,5.04,2006
13-10-2006,15.12,13:58,2.16,2006
14-10-2006,24.12,15:51,5.04,2006
15-10-2006,43.92,11:27,10.08,2006
16-10-2006,63,11:28,11.88,2006
17-10-2006,43.92,15:11,9,2006
18-10-2006,48.96,14:37,11.88,2006
19-10-2006,33.12,12:16,9,2006
20-10-2006,33.84,16:09,9,2006
21-10-2006,24.12,00:24,3.96,2006
22-10-2006,33.12,15:31,6.12,2006
23-10-2006,55.08,13:06,15.84,2006
24-10-2006,38.88,11:43,9,2006
25-10-2006,37.08,17:10,12.96,2006
26-10-2006,42.12,11:02,7.92,2006
27-10-2006,11.88,12:50,2.88,2006
28-10-2006,16.92,14:56,2.88,2006
29-10-2006,9,11:03,1.08,2006
30-10-2006,7.92,19:54,1.08,2006
31-10-2006,11.88,12:13,2.16,2006
01-11-2006,15.12,17:54,3.96,2006
02-11-2006,29.16,13:54,5.04,2006
03-11-2006,15.84,14:07,3.96,2006
04-11-2006,21.96,13:42,5.04,2006
05-11-2006,25.92,15:45,5.04,2006
06-11-2006,30.96,11:34,6.84,2006
07-11-2006,9,14:47,2.16,2006
08-11-2006,10.08,11:10,2.16,2006
09-11-2006,11.16,13:56,2.16,2006
10-11-2006,11.88,08:07,2.16,2006
11-11-2006,15.12,08:07,3.96,2006
12-11-2006,11.88,13:13,2.88,2006
13-11-2006,14.04,14:50,3.96,2006
14-11-2006,11.88,06:09,2.88,2006
15-11-2006,57.96,11:45,15.84,2006
16-11-2006,30.96,11:39,2.16,2006
17-11-2006,38.88,13:39,6.84,2006
18-11-2006,24.12,18:52,3.96,2006
19-11-2006,18,08:47,2.16,2006
20-11-2006,25.92,12:58,6.84,2006
21-11-2006,24.84,14:51,3.96,2006
22-11-2006,33.84,14:36,5.04,2006
23-11-2006,28.08,01:21,6.84,2006
24-11-2006,57.96,21:20,5.04,2006
25-11-2006,47.16,01:31,6.12,2006
26-11-2006,36,20:59,10.08,2006
27-11-2006,34.92,01:50,11.16,2006
28-11-2006,29.88,13:48,6.84,2006
29-11-2006,18,05:34,5.04,2006
30-11-2006,39.96,12:24,9,2006
01-12-2006,36,11:28,10.08,2006
02-12-2006,12.96,00:56,2.16,2006
03-12-2006,32.04,11:50,11.16,2006
04-12-2006,33.12,15:29,6.84,2006
05-12-2006,36,05:42,6.84,2006
06-12-2006,15.12,21:59,5.04,2006
07-12-2006,57.96,23:13,10.08,2006
08-12-2006,83.16,00:14,7.92,2006
09-12-2006,25.92,15:09,6.12,2006
10-12-2006,12.96,09:01,3.96,2006
11-12-2006,11.88,10:26,5.04,2006
12-12-2006,10.08,13:30,2.16,2006
13-12-2006,12.96,06:27,3.96,2006
14-12-2006,11.88,08:36,2.88,2006
15-12-2006,11.88,11:51,3.96,2006
16-12-2006,12.96,11:26,3.96,2006
17-12-2006,11.16,23:52,1.08,2006
18-12-2006,11.88,00:19,2.88,2006
19-12-2006,20.16,12:41,5.04,2006
20-12-2006,15.84,15:30,3.96,2006
21-12-2006,14.04,15:44,2.16,2006
22-12-2006,10.08,08:50,3.96,2006
23-12-2006,11.88,09:07,2.16,2006
24-12-2006,10.08,09:26,5.04,2006
25-12-2006,11.88,08:13,3.96,2006
26-12-2006,9,14:15,1.08,2006
27-12-2006,29.88,15:23,2.16,2006
28-12-2006,42.12,13:32,9,2006
29-12-2006,38.88,07:52,11.88,2006
30-12-2006,42.12,01:40,11.88,2006
31-12-2006,24.84,13:47,5.04,2006
01-01-2007,24.12,15:03,5.04,2007
02-01-2007,11.88,13:36,5.04,2007
03-01-2007,11.88,14:34,3.96,2007
04-01-2007,9,14:31,2.16,2007
05-01-2007,16.92,15:01,2.88,2007
06-01-2007,16.92,14:45,2.16,2007
07-01-2007,33.84,14:17,7.92,2007
08-01-2007,30.96,16:35,9,2007
09-01-2007,29.88,13:39,11.16,2007
10-01-2007,24.12,13:04,7.92,2007
11-01-2007,11.16,15:56,2.88,2007
12-01-2007,11.16,09:45,3.96,2007
13-01-2007,10.08,08:32,3.96,2007
14-01-2007,12.96,11:07,5.04,2007
15-01-2007,9,11:44,2.88,2007
16-01-2007,12.96,22:51,2.16,2007
17-01-2007,33.84,14:31,6.12,2007
18-01-2007,33.12,12:04,7.92,2007
19-01-2007,12.96,16:17,2.88,2007
20-01-2007,12.96,06:40,2.88,2007
21-01-2007,18,23:41,2.16,2007
22-01-2007,29.88,15:22,6.12,2007
23-01-2007,18,16:08,3.96,2007
24-01-2007,11.88,19:30,3.96,2007
25-01-2007,45,16:11,10.08,2007
26-01-2007,38.88,15:34,9,2007
27-01-2007,25.92,18:12,6.12,2007
28-01-2007,18,16:48,3.96,2007
29-01-2007,7.92,10:16,3.96,2007
30-01-2007,15.84,15:06,2.88,2007
31-01-2007,10.08,13:55,2.16,2007
01-02-2007,15.12,08:15,5.04,2007
02-02-2007,20.88,15:06,5.04,2007
03-02-2007,7.92,09:09,3.96,2007
04-02-2007,9,12:20,2.16,2007
05-02-2007,11.16,09:17,2.88,2007
06-02-2007,19.08,17:29,5.04,2007
07-02-2007,23.04,12:34,5.04,2007
08-02-2007,45,21:39,6.12,2007
09-02-2007,59.04,01:32,12.96,2007
10-02-2007,42.12,00:59,12.96,2007
11-02-2007,47.16,18:15,15.12,2007
12-02-2007,38.88,01:32,6.84,2007
13-02-2007,42.12,17:17,6.12,2007
14-02-2007,69.84,04:03,7.92,2007
15-02-2007,57.96,10:16,19.08,2007
16-02-2007,51.84,15:26,19.08,2007
17-02-2007,33.12,20:05,7.92,2007
18-02-2007,19.08,01:35,2.88,2007
19-02-2007,38.16,13:06,11.16,2007
20-02-2007,33.12,14:41,6.12,2007
21-02-2007,30.96,15:56,6.12,2007
22-02-2007,45,16:11,11.88,2007
23-02-2007,37.08,06:06,10.08,2007
24-02-2007,42.12,12:57,11.16,2007
25-02-2007,32.04,14:11,6.84,2007
26-02-2007,15.12,14:30,5.04,2007
27-02-2007,33.84,14:53,6.12,2007
28-02-2007,29.88,12:04,9,2007
01-03-2007,43.92,10:39,12.96,2007
02-03-2007,37.08,15:36,10.08,2007
03-03-2007,32.04,00:03,10.08,2007
04-03-2007,38.88,10:41,14.04,2007
05-03-2007,28.08,14:04,6.84,2007
06-03-2007,34.92,04:40,11.16,2007
07-03-2007,60.12,12:38,19.08,2007
08-03-2007,18,16:59,5.04,2007
09-03-2007,23.04,16:23,3.96,2007
10-03-2007,15.12,12:08,2.88,2007
11-03-2007,14.04,13:08,2.16,2007
12-03-2007,10.08,19:18,5.04,2007
13-03-2007,29.16,13:45,7.92,2007
14-03-2007,21.96,19:02,5.04,2007
15-03-2007,24.12,20:06,2.88,2007
16-03-2007,32.04,16:15,6.12,2007
17-03-2007,20.16,12:28,5.04,2007
18-03-2007,29.88,17:41,6.12,2007
19-03-2007,50.04,17:20,11.88,2007
20-03-2007,48.96,12:24,9,2007
21-03-2007,42.84,16:29,9,2007
22-03-2007,18,17:42,5.04,2007
23-03-2007,23.04,18:29,6.12,2007
24-03-2007,28.08,18:10,6.84,2007
25-03-2007,20.88,21:41,3.96,2007
26-03-2007,25.92,17:22,6.84,2007
27-03-2007,20.16,17:39,5.04,2007
28-03-2007,15.12,14:53,3.96,2007
29-03-2007,21.96,14:57,5.04,2007
30-03-2007,39.96,14:50,9,2007
31-03-2007,30.96,15:03,6.12,2007
01-04-2007,27,16:31,5.04,2007
02-04-2007,38.88,12:09,6.84,2007
03-04-2007,29.88,19:28,6.12,2007
04-04-2007,39.96,14:38,6.12,2007
05-04-2007,30.96,15:35,6.84,2007
06-04-2007,29.88,15:29,5.04,2007
07-04-2007,32.04,18:55,5.04,2007
08-04-2007,23.04,16:50,3.96,2007
09-04-2007,25.92,13:50,3.96,2007
10-04-2007,28.08,13:01,3.96,2007
11-04-2007,52.92,13:57,6.84,2007
12-04-2007,32.04,16:55,7.92,2007
13-04-2007,29.88,15:04,0,2007
14-04-2007,28.08,18:23,6.12,2007
15-04-2007,24.84,18:48,3.96,2007
16-04-2007,24.84,18:09,6.84,2007
17-04-2007,30.96,15:48,6.12,2007
18-04-2007,29.16,17:16,6.12,2007
19-04-2007,42.84,16:53,5.04,2007
20-04-2007,21.96,18:31,5.04,2007
21-04-2007,24.84,17:29,3.96,2007
22-04-2007,24.12,17:14,6.12,2007
23-04-2007,33.12,13:55,6.84,2007
24-04-2007,25.92,15:01,5.04,2007
25-04-2007,23.04,13:50,5.04,2007
26-04-2007,30.96,12:55,7.92,2007
27-04-2007,28.08,15:15,3.96,2007
28-04-2007,24.12,16:47,5.04,2007
29-04-2007,30.96,15:10,6.12,2007
30-04-2007,38.88,09:23,5.04,2007
01-05-2007,28.08,21:24,6.84,2007
02-05-2007,29.88,13:40,3.96,2007
03-05-2007,30.96,15:49,5.04,2007
04-05-2007,29.88,18:04,5.04,2007
05-05-2007,29.88,13:29,7.92,2007
06-05-2007,24.84,17:46,6.12,2007
07-05-2007,19.08,19:10,3.96,2007
08-05-2007,25.92,17:07,7.92,2007
09-05-2007,38.16,16:34,7.92,2007
10-05-2007,36,18:34,10.08,2007
11-05-2007,37.08,15:15,11.88,2007
12-05-2007,42.12,19:40,9,2007
13-05-2007,46.08,11:06,14.04,2007
14-05-2007,34.92,11:19,6.12,2007
15-05-2007,25.92,16:40,6.84,2007
16-05-2007,32.04,11:47,5.04,2007
17-05-2007,23.04,18:24,6.84,2007
18-05-2007,29.16,19:52,3.96,2007
19-05-2007,30.96,14:03,7.92,2007
20-05-2007,33.12,22:23,6.84,2007
21-05-2007,29.16,18:13,6.84,2007
22-05-2007,38.88,16:22,5.04,2007
23-05-2007,25.92,17:33,6.84,2007
24-05-2007,34.92,16:34,5.04,2007
25-05-2007,30.96,15:25,6.12,2007
26-05-2007,28.08,19:16,5.04,2007
27-05-2007,37.08,16:57,10.08,2007
28-05-2007,27,18:43,9,2007
29-05-2007,29.88,18:47,7.92,2007
30-05-2007,46.08,14:44,10.08,2007
31-05-2007,39.96,13:08,12.96,2007
01-06-2007,18,11:40,3.96,2007
02-06-2007,18,14:23,5.04,2007
03-06-2007,21.96,19:40,3.96,2007
04-06-2007,28.08,14:14,6.12,2007
05-06-2007,28.08,17:59,7.92,2007
06-06-2007,29.88,13:22,7.92,2007
07-06-2007,24.12,16:17,6.12,2007
08-06-2007,16.92,15:57,2.88,2007
09-06-2007,30.96,17:34,6.84,2007
10-06-2007,37.08,17:22,10.08,2007
11-06-2007,29.88,15:50,7.92,2007
12-06-2007,36,15:16,3.96,2007
13-06-2007,42.84,14:52,11.16,2007
14-06-2007,47.16,13:07,14.04,2007
15-06-2007,36,14:35,14.04,2007
16-06-2007,33.12,16:53,6.12,2007
17-06-2007,47.88,13:08,10.08,2007
18-06-2007,43.92,15:03,11.88,2007
19-06-2007,38.88,14:52,11.88,2007
20-06-2007,36,16:04,9,2007
21-06-2007,33.12,16:02,10.08,2007
22-06-2007,25.92,16:19,9,2007
23-06-2007,24.12,21:28,6.12,2007
24-06-2007,38.88,16:15,10.08,2007
25-06-2007,28.08,17:20,6.12,2007
26-06-2007,27,14:22,5.04,2007
27-06-2007,24.84,13:49,7.92,2007
28-06-2007,25.92,20:37,6.12,2007
29-06-2007,19.08,13:41,6.12,2007
30-06-2007,41.04,14:04,11.16,2007
01-07-2007,33.12,16:06,9,2007
02-07-2007,33.84,15:31,11.16,2007
03-07-2007,33.12,11:12,9,2007
04-07-2007,24.12,10:33,5.04,2007
05-07-2007,25.92,18:49,5.04,2007
06-07-2007,29.88,19:00,5.04,2007
07-07-2007,25.92,18:15,7.92,2007
08-07-2007,32.04,21:56,6.84,2007
09-07-2007,28.08,14:38,6.12,2007
10-07-2007,24.12,12:43,6.12,2007
11-07-2007,28.08,11:31,6.84,2007
12-07-2007,24.12,16:03,9,2007
13-07-2007,32.04,16:57,10.08,2007
14-07-2007,33.12,15:28,6.84,2007
15-07-2007,29.88,16:27,7.92,2007
16-07-2007,32.04,15:28,6.12,2007
17-07-2007,30.96,14:16,7.92,2007
18-07-2007,29.88,17:16,7.92,2007
19-07-2007,41.04,13:55,9,2007
20-07-2007,29.88,14:50,5.04,2007
21-07-2007,23.04,18:25,6.12,2007
22-07-2007,33.12,13:09,3.96,2007
23-07-2007,30.96,13:32,11.16,2007
24-07-2007,21.96,13:40,7.92,2007
25-07-2007,25.92,14:31,6.84,2007
26-07-2007,23.04,16:26,7.92,2007
27-07-2007,24.12,17:03,6.12,2007
28-07-2007,24.84,14:52,6.12,2007
29-07-2007,23.04,16:19,6.12,2007
30-07-2007,16.92,18:34,2.88,2007
31-07-2007,38.16,14:58,9,2007
01-08-2007,29.88,13:37,9,2007
02-08-2007,30.96,17:44,5.04,2007
03-08-2007,20.16,19:09,2.88,2007
04-08-2007,33.84,15:58,6.12,2007
05-08-2007,30.96,14:40,9,2007
06-08-2007,33.12,19:34,10.08,2007
07-08-2007,38.16,13:17,7.92,2007
08-08-2007,24.84,15:40,3.96,2007
09-08-2007,27,18:55,3.96,2007
10-08-2007,21.96,18:20,3.96,2007
11-08-2007,29.16,18:00,7.92,2007
12-08-2007,29.88,13:25,5.04,2007
13-08-2007,29.88,17:04,7.92,2007
14-08-2007,38.16,16:13,6.84,2007
15-08-2007,39.96,10:50,10.08,2007
16-08-2007,30.96,15:04,5.04,2007
17-08-2007,19.08,19:17,3.96,2007
18-08-2007,30.96,15:34,6.84,2007
19-08-2007,36,14:52,6.84,2007
20-08-2007,33.12,15:00,7.92,2007
21-08-2007,41.04,13:14,6.84,2007
22-08-2007,34.92,15:54,6.84,2007
23-08-2007,33.84,14:53,6.84,2007
24-08-2007,33.12,13:43,6.84,2007
25-08-2007,64.08,17:20,6.84,2007
26-08-2007,33.12,19:59,5.04,2007
27-08-2007,29.88,15:38,6.84,2007
28-08-2007,36,14:20,0,2007
29-08-2007,34.92,17:30,6.12,2007
30-08-2007,29.88,17:56,3.96,2007
31-08-2007,23.04,21:39,5.04,2007
01-09-2007,20.88,20:33,3.96,2007
02-09-2007,27,21:00,6.12,2007
03-09-2007,25.92,20:46,7.92,2007
04-09-2007,29.16,21:01,7.92,2007
05-09-2007,24.84,16:42,6.84,2007
06-09-2007,23.04,14:59,3.96,2007
07-09-2007,25.92,18:26,3.96,2007
08-09-2007,19.08,18:42,3.96,2007
09-09-2007,18,22:21,5.04,2007
10-09-2007,25.92,16:03,6.12,2007
11-09-2007,25.92,14:54,6.12,2007
12-09-2007,20.88,19:29,3.96,2007
13-09-2007,23.04,16:11,6.84,2007
14-09-2007,21.96,18:12,5.04,2007
15-09-2007,16.92,12:00,5.04,2007
16-09-2007,27,13:47,3.96,2007
17-09-2007,32.04,14:54,6.84,2007
18-09-2007,30.96,16:09,6.84,2007
19-09-2007,20.16,18:39,5.04,2007
20-09-2007,16.92,13:55,2.88,2007
21-09-2007,33.12,16:09,7.92,2007
22-09-2007,27,13:04,5.04,2007
23-09-2007,15.84,18:05,3.96,2007
24-09-2007,36,17:07,3.96,2007
25-09-2007,33.12,11:04,6.12,2007
26-09-2007,32.04,11:46,6.84,2007
27-09-2007,33.12,09:53,6.12,2007
28-09-2007,34.92,10:50,6.84,2007
29-09-2007,38.16,17:08,11.16,2007
30-09-2007,38.88,08:15,10.08,2007
01-10-2007,36,12:19,6.84,2007
02-10-2007,37.08,18:47,5.04,2007
03-10-2007,15.12,16:56,3.96,2007
04-10-2007,28.08,12:23,6.84,2007
05-10-2007,20.88,16:12,3.96,2007
06-10-2007,18,17:10,3.96,2007
07-10-2007,12.96,15:29,5.04,2007
08-10-2007,15.12,15:50,3.96,2007
09-10-2007,23.04,13:57,5.04,2007
10-10-2007,29.88,17:34,6.12,2007
11-10-2007,24.84,11:50,5.04,2007
12-10-2007,15.12,11:39,3.96,2007
13-10-2007,18,14:57,2.16,2007
14-10-2007,16.92,14:32,3.96,2007
15-10-2007,21.96,14:49,2.88,2007
16-10-2007,0,,0,2007
17-10-2007,0,,0,2007
18-10-2007,0,,0,2007
19-10-2007,0,,0,2007
20-10-2007,0,,0,2007
21-10-2007,0,,0,2007
22-10-2007,0,,0,2007
23-10-2007,15.12,14:56,2.88,2007
24-10-2007,20.88,15:56,5.04,2007
25-10-2007,18,17:28,5.04,2007
26-10-2007,0,,0,2007
27-10-2007,0,,0,2007
28-10-2007,0,,0,2007
29-10-2007,0,,0,2007
30-10-2007,0,,0,2007
31-10-2007,0,,0,2007
01-11-2007,0,,0,2007
02-11-2007,0,,0,2007
03-11-2007,0,,0,2007
04-11-2007,0,,0,2007
05-11-2007,0,,0,2007
06-11-2007,0,,0,2007
07-11-2007,0,,0,2007
08-11-2007,0,,0,2007
09-11-2007,0,,0,2007
10-11-2007,0,,0,2007
11-11-2007,0,,0,2007
12-11-2007,0,,0,2007
13-11-2007,0,,0,2007
14-11-2007,0,,0,2007
15-11-2007,0,,0,2007
16-11-2007,0,,0,2007
17-11-2007,0,,0,2007
18-11-2007,0,,0,2007
19-11-2007,0,,0,2007
20-11-2007,0,,0,2007
21-11-2007,0,,0,2007
22-11-2007,0,,0,2007
23-11-2007,0,,0,2007
24-11-2007,0,,0,2007
25-11-2007,0,,0,2007
26-11-2007,0,,0,2007
27-11-2007,0,,0,2007
28-11-2007,0,,0,2007
29-11-2007,0,,0,2007
30-11-2007,0,,0,2007
01-12-2007,0,,0,2007
02-12-2007,0,,0,2007
03-12-2007,0,,0,2007
04-12-2007,0,,0,2007
05-12-2007,0,,0,2007
06-12-2007,0,,0,2007
07-12-2007,0,,0,2007
08-12-2007,0,,0,2007
09-12-2007,0,,0,2007
10-12-2007,0,,0,2007
11-12-2007,0,,0,2007
12-12-2007,0,,0,2007
13-12-2007,0,,0,2007
14-12-2007,0,,0,2007
15-12-2007,0,,0,2007
16-12-2007,0,,0,2007
17-12-2007,0,,0,2007
18-12-2007,0,,0,2007
19-12-2007,0,,0,2007
20-12-2007,0,,0,2007
21-12-2007,0,,0,2007
22-12-2007,0,,0,2007
23-12-2007,0,,0,2007
24-12-2007,0,,0,2007
25-12-2007,0,,0,2007
26-12-2007,0,,0,2007
27-12-2007,0,,0,2007
28-12-2007,0,,0,2007
29-12-2007,0,,0,2007
30-12-2007,0,,0,2007
31-12-2007,0,,0,2007
01-01-2007,24.12,15:03,5.04,2007
02-01-2007,11.88,13:36,5.04,2007
03-01-2007,11.88,14:34,3.96,2007
04-01-2007,9,14:31,2.16,2007
05-01-2007,16.92,15:01,2.88,2007
06-01-2007,16.92,14:45,2.16,2007
07-01-2007,33.84,14:17,7.92,2007
08-01-2007,30.96,16:35,9,2007
09-01-2007,29.88,13:39,11.16,2007
10-01-2007,24.12,13:04,7.92,2007
11-01-2007,11.16,15:56,2.88,2007
12-01-2007,11.16,09:45,3.96,2007
13-01-2007,10.08,08:32,3.96,2007
14-01-2007,12.96,11:07,5.04,2007
15-01-2007,9,11:44,2.88,2007
16-01-2007,12.96,22:51,2.16,2007
17-01-2007,33.84,14:31,6.12,2007
18-01-2007,33.12,12:04,7.92,2007
19-01-2007,12.96,16:17,2.88,2007
20-01-2007,12.96,06:40,2.88,2007
21-01-2007,18,23:41,2.16,2007
22-01-2007,29.88,15:22,6.12,2007
23-01-2007,18,16:08,3.96,2007
24-01-2007,11.88,19:30,3.96,2007
25-01-2007,45,16:11,10.08,2007
26-01-2007,38.88,15:34,9,2007
27-01-2007,25.92,18:12,6.12,2007
28-01-2007,18,16:48,3.96,2007
29-01-2007,7.92,10:16,3.96,2007
30-01-2007,15.84,15:06,2.88,2007
31-01-2007,10.08,13:55,2.16,2007
01-02-2007,15.12,08:15,5.04,2007
02-02-2007,20.88,15:06,5.04,2007
03-02-2007,7.92,09:09,3.96,2007
04-02-2007,9,12:20,2.16,2007
05-02-2007,11.16,09:17,2.88,2007
06-02-2007,19.08,17:29,5.04,2007
07-02-2007,23.04,12:34,5.04,2007
08-02-2007,45,21:39,6.12,2007
09-02-2007,59.04,01:32,12.96,2007
10-02-2007,42.12,00:59,12.96,2007
11-02-2007,47.16,18:15,15.12,2007
12-02-2007,38.88,01:32,6.84,2007
13-02-2007,42.12,17:17,6.12,2007
14-02-2007,69.84,04:03,7.92,2007
15-02-2007,57.96,10:16,19.08,2007
16-02-2007,51.84,15:26,19.08,2007
17-02-2007,33.12,20:05,7.92,2007
18-02-2007,19.08,01:35,2.88,2007
19-02-2007,38.16,13:06,11.16,2007
20-02-2007,33.12,14:41,6.12,2007
21-02-2007,30.96,15:56,6.12,2007
22-02-2007,45,16:11,11.88,2007
23-02-2007,37.08,06:06,10.08,2007
24-02-2007,42.12,12:57,11.16,2007
25-02-2007,32.04,14:11,6.84,2007
26-02-2007,15.12,14:30,5.04,2007
27-02-2007,33.84,14:53,6.12,2007
28-02-2007,29.88,12:04,9,2007
01-03-2007,43.92,10:39,12.96,2007
02-03-2007,37.08,15:36,10.08,2007
03-03-2007,32.04,00:03,10.08,2007
04-03-2007,38.88,10:41,14.04,2007
05-03-2007,28.08,14:04,6.84,2007
06-03-2007,34.92,04:40,11.16,2007
07-03-2007,60.12,12:38,19.08,2007
08-03-2007,18,16:59,5.04,2007
09-03-2007,23.04,16:23,3.96,2007
10-03-2007,15.12,12:08,2.88,2007
11-03-2007,14.04,13:08,2.16,2007
12-03-2007,10.08,19:18,5.04,2007
13-03-2007,29.16,13:45,7.92,2007
14-03-2007,21.96,19:02,5.04,2007
15-03-2007,24.12,20:06,2.88,2007
16-03-2007,32.04,16:15,6.12,2007
17-03-2007,20.16,12:28,5.04,2007
18-03-2007,29.88,17:41,6.12,2007
19-03-2007,50.04,17:20,11.88,2007
20-03-2007,48.96,12:24,9,2007
21-03-2007,42.84,16:29,9,2007
22-03-2007,18,17:42,5.04,2007
23-03-2007,23.04,18:29,6.12,2007
24-03-2007,28.08,18:10,6.84,2007
25-03-2007,20.88,21:41,3.96,2007
26-03-2007,25.92,17:22,6.84,2007
27-03-2007,20.16,17:39,5.04,2007
28-03-2007,15.12,14:53,3.96,2007
29-03-2007,21.96,14:57,5.04,2007
30-03-2007,39.96,14:50,9,2007
31-03-2007,30.96,15:03,6.12,2007
01-04-2007,27,16:31,5.04,2007
02-04-2007,38.88,12:09,6.84,2007
03-04-2007,29.88,19:28,6.12,2007
04-04-2007,39.96,14:38,6.12,2007
05-04-2007,30.96,15:35,6.84,2007
06-04-2007,29.88,15:29,5.04,2007
07-04-2007,32.04,18:55,5.04,2007
08-04-2007,23.04,16:50,3.96,2007
09-04-2007,25.92,13:50,3.96,2007
10-04-2007,28.08,13:01,3.96,2007
11-04-2007,52.92,13:57,6.84,2007
12-04-2007,32.04,16:55,7.92,2007
13-04-2007,29.88,15:04,0,2007
14-04-2007,28.08,18:23,6.12,2007
15-04-2007,24.84,18:48,3.96,2007
16-04-2007,24.84,18:09,6.84,2007
17-04-2007,30.96,15:48,6.12,2007
18-04-2007,29.16,17:16,6.12,2007
19-04-2007,42.84,16:53,5.04,2007
20-04-2007,21.96,18:31,5.04,2007
21-04-2007,24.84,17:29,3.96,2007
22-04-2007,24.12,17:14,6.12,2007
23-04-2007,33.12,13:55,6.84,2007
24-04-2007,25.92,15:01,5.04,2007
25-04-2007,23.04,13:50,5.04,2007
26-04-2007,30.96,12:55,7.92,2007
27-04-2007,28.08,15:15,3.96,2007
28-04-2007,24.12,16:47,5.04,2007
29-04-2007,30.96,15:10,6.12,2007
30-04-2007,38.88,09:23,5.04,2007
01-05-2007,28.08,21:24,6.84,2007
02-05-2007,29.88,13:40,3.96,2007
03-05-2007,30.96,15:49,5.04,2007
04-05-2007,29.88,18:04,5.04,2007
05-05-2007,29.88,13:29,7.92,2007
06-05-2007,24.84,17:46,6.12,2007
07-05-2007,19.08,19:10,3.96,2007
08-05-2007,25.92,17:07,7.92,2007
09-05-2007,38.16,16:34,7.92,2007
10-05-2007,36,18:34,10.08,2007
11-05-2007,37.08,15:15,11.88,2007
12-05-2007,42.12,19:40,9,2007
13-05-2007,46.08,11:06,14.04,2007
14-05-2007,34.92,11:19,6.12,2007
15-05-2007,25.92,16:40,6.84,2007
16-05-2007,32.04,11:47,5.04,2007
17-05-2007,23.04,18:24,6.84,2007
18-05-2007,29.16,19:52,3.96,2007
19-05-2007,30.96,14:03,7.92,2007
20-05-2007,33.12,22:23,6.84,2007
21-05-2007,29.16,18:13,6.84,2007
22-05-2007,38.88,16:22,5.04,2007
23-05-2007,25.92,17:33,6.84,2007
24-05-2007,34.92,16:34,5.04,2007
25-05-2007,30.96,15:25,6.12,2007
26-05-2007,28.08,19:16,5.04,2007
27-05-2007,37.08,16:57,10.08,2007
28-05-2007,27,18:43,9,2007
29-05-2007,29.88,18:47,7.92,2007
30-05-2007,46.08,14:44,10.08,2007
31-05-2007,39.96,13:08,12.96,2007
01-06-2007,18,11:40,3.96,2007
02-06-2007,18,14:23,5.04,2007
03-06-2007,21.96,19:40,3.96,2007
04-06-2007,28.08,14:14,6.12,2007
05-06-2007,28.08,17:59,7.92,2007
06-06-2007,29.88,13:22,7.92,2007
07-06-2007,24.12,16:17,6.12,2007
08-06-2007,16.92,15:57,2.88,2007
09-06-2007,30.96,17:34,6.84,2007
10-06-2007,37.08,17:22,10.08,2007
11-06-2007,29.88,15:50,7.92,2007
12-06-2007,36,15:16,3.96,2007
13-06-2007,42.84,14:52,11.16,2007
14-06-2007,47.16,13:07,14.04,2007
15-06-2007,36,14:35,14.04,2007
16-06-2007,33.12,16:53,6.12,2007
17-06-2007,47.88,13:08,10.08,2007
18-06-2007,43.92,15:03,11.88,2007
19-06-2007,38.88,14:52,11.88,2007
20-06-2007,36,16:04,9,2007
21-06-2007,33.12,16:02,10.08,2007
22-06-2007,25.92,16:19,9,2007
23-06-2007,24.12,21:28,6.12,2007
24-06-2007,38.88,16:15,10.08,2007
25-06-2007,28.08,17:20,6.12,2007
26-06-2007,27,14:22,5.04,2007
27-06-2007,24.84,13:49,7.92,2007
28-06-2007,25.92,20:37,6.12,2007
29-06-2007,19.08,13:41,6.12,2007
30-06-2007,41.04,14:04,11.16,2007
01-07-2007,33.12,16:06,9,2007
02-07-2007,33.84,15:31,11.16,2007
03-07-2007,33.12,11:12,9,2007
04-07-2007,24.12,10:33,5.04,2007
05-07-2007,25.92,18:49,5.04,2007
06-07-2007,29.88,19:00,5.04,2007
07-07-2007,25.92,18:15,7.92,2007
08-07-2007,32.04,21:56,6.84,2007
09-07-2007,28.08,14:38,6.12,2007
10-07-2007,24.12,12:43,6.12,2007
11-07-2007,28.08,11:31,6.84,2007
12-07-2007,24.12,16:03,9,2007
13-07-2007,32.04,16:57,10.08,2007
14-07-2007,33.12,15:28,6.84,2007
15-07-2007,29.88,16:27,7.92,2007
16-07-2007,32.04,15:28,6.12,2007
17-07-2007,30.96,14:16,7.92,2007
18-07-2007,29.88,17:16,7.92,2007
19-07-2007,41.04,13:55,9,2007
20-07-2007,29.88,14:50,5.04,2007
21-07-2007,23.04,18:25,6.12,2007
22-07-2007,33.12,13:09,3.96,2007
23-07-2007,30.96,13:32,11.16,2007
24-07-2007,21.96,13:40,7.92,2007
25-07-2007,25.92,14:31,6.84,2007
26-07-2007,23.04,16:26,7.92,2007
27-07-2007,24.12,17:03,6.12,2007
28-07-2007,24.84,14:52,6.12,2007
29-07-2007,23.04,16:19,6.12,2007
30-07-2007,16.92,18:34,2.88,2007
31-07-2007,38.16,14:58,9,2007
01-08-2007,29.88,13:37,9,2007
02-08-2007,30.96,17:44,5.04,2007
03-08-2007,20.16,19:09,2.88,2007
04-08-2007,33.84,15:58,6.12,2007
05-08-2007,30.96,14:40,9,2007
06-08-2007,33.12,19:34,10.08,2007
07-08-2007,38.16,13:17,7.92,2007
08-08-2007,24.84,15:40,3.96,2007
09-08-2007,27,18:55,3.96,2007
10-08-2007,21.96,18:20,3.96,2007
11-08-2007,29.16,18:00,7.92,2007
12-08-2007,29.88,13:25,5.04,2007
13-08-2007,29.88,17:04,7.92,2007
14-08-2007,38.16,16:13,6.84,2007
15-08-2007,39.96,10:50,10.08,2007
16-08-2007,30.96,15:04,5.04,2007
17-08-2007,19.08,19:17,3.96,2007
18-08-2007,30.96,15:34,6.84,2007
19-08-2007,36,14:52,6.84,2007
20-08-2007,33.12,15:00,7.92,2007
21-08-2007,41.04,13:14,6.84,2007
22-08-2007,34.92,15:54,6.84,2007
23-08-2007,33.84,14:53,6.84,2007
24-08-2007,33.12,13:43,6.84,2007
25-08-2007,64.08,17:20,6.84,2007
26-08-2007,33.12,19:59,5.04,2007
27-08-2007,29.88,15:38,6.84,2007
28-08-2007,36,14:20,0,2007
29-08-2007,34.92,17:30,6.12,2007
30-08-2007,29.88,17:56,3.96,2007
31-08-2007,23.04,21:39,5.04,2007
01-09-2007,20.88,20:33,3.96,2007
02-09-2007,27,21:00,6.12,2007
03-09-2007,25.92,20:46,7.92,2007
04-09-2007,29.16,21:01,7.92,2007
05-09-2007,24.84,16:42,6.84,2007
06-09-2007,23.04,14:59,3.96,2007
07-09-2007,25.92,18:26,3.96,2007
08-09-2007,19.08,18:42,3.96,2007
09-09-2007,18,22:21,5.04,2007
10-09-2007,25.92,16:03,6.12,2007
11-09-2007,25.92,14:54,6.12,2007
12-09-2007,20.88,19:29,3.96,2007
13-09-2007,23.04,16:11,6.84,2007
14-09-2007,21.96,18:12,5.04,2007
15-09-2007,16.92,12:00,5.04,2007
16-09-2007,27,13:47,3.96,2007
17-09-2007,32.04,14:54,6.84,2007
18-09-2007,30.96,16:09,6.84,2007
19-09-2007,20.16,18:39,5.04,2007
20-09-2007,16.92,13:55,2.88,2007
21-09-2007,33.12,16:09,7.92,2007
22-09-2007,27,13:04,5.04,2007
23-09-2007,15.84,18:05,3.96,2007
24-09-2007,36,17:07,3.96,2007
25-09-2007,33.12,11:04,6.12,2007
26-09-2007,32.04,11:46,6.84,2007
27-09-2007,33.12,09:53,6.12,2007
28-09-2007,34.92,10:50,6.84,2007
29-09-2007,38.16,17:08,11.16,2007
30-09-2007,38.88,08:15,10.08,2007
01-10-2007,36,12:19,6.84,2007
02-10-2007,37.08,18:47,5.04,2007
03-10-2007,15.12,16:56,3.96,2007
04-10-2007,28.08,12:23,6.84,2007
05-10-2007,20.88,16:12,3.96,2007
06-10-2007,18,17:10,3.96,2007
07-10-2007,12.96,15:29,5.04,2007
08-10-2007,15.12,15:50,3.96,2007
09-10-2007,23.04,13:57,5.04,2007
10-10-2007,29.88,17:34,6.12,2007
11-10-2007,24.84,11:50,5.04,2007
12-10-2007,15.12,11:39,3.96,2007
13-10-2007,18,14:57,2.16,2007
14-10-2007,16.92,14:32,3.96,2007
15-10-2007,21.96,14:49,2.88,2007
16-10-2007,0,,0,2007
17-10-2007,0,,0,2007
18-10-2007,0,,0,2007
19-10-2007,0,,0,2007
20-10-2007,0,,0,2007
21-10-2007,0,,0,2007
22-10-2007,0,,0,2007
23-10-2007,15.12,14:56,2.88,2007
24-10-2007,20.88,15:56,5.04,2007
25-10-2007,18,17:28,5.04,2007
26-10-2007,0,,0,2007
27-10-2007,0,,0,2007
28-10-2007,0,,0,2007
29-10-2007,0,,0,2007
30-10-2007,0,,0,2007
31-10-2007,0,,0,2007
01-11-2007,0,,0,2007
02-11-2007,0,,0,2007
03-11-2007,0,,0,2007
04-11-2007,0,,0,2007
05-11-2007,0,,0,2007
06-11-2007,0,,0,2007
07-11-2007,0,,0,2007
08-11-2007,0,,0,2007
09-11-2007,0,,0,2007
10-11-2007,0,,0,2007
11-11-2007,0,,0,2007
12-11-2007,0,,0,2007
13-11-2007,0,,0,2007
14-11-2007,0,,0,2007
15-11-2007,0,,0,2007
16-11-2007,0,,0,2007
17-11-2007,0,,0,2007
18-11-2007,0,,0,2007
19-11-2007,0,,0,2007
20-11-2007,0,,0,2007
21-11-2007,0,,0,2007
22-11-2007,0,,0,2007
23-11-2007,0,,0,2007
24-11-2007,0,,0,2007
25-11-2007,0,,0,2007
26-11-2007,0,,0,2007
27-11-2007,0,,0,2007
28-11-2007,0,,0,2007
29-11-2007,0,,0,2007
30-11-2007,0,,0,2007
01-12-2007,0,,0,2007
02-12-2007,0,,0,2007
03-12-2007,0,,0,2007
04-12-2007,0,,0,2007
05-12-2007,0,,0,2007
06-12-2007,0,,0,2007
07-12-2007,0,,0,2007
08-12-2007,0,,0,2007
09-12-2007,0,,0,2007
10-12-2007,0,,0,2007
11-12-2007,0,,0,2007
12-12-2007,0,,0,2007
13-12-2007,0,,0,2007
14-12-2007,0,,0,2007
15-12-2007,0,,0,2007
16-12-2007,0,,0,2007
17-12-2007,0,,0,2007
18-12-2007,0,,0,2007
19-12-2007,0,,0,2007
20-12-2007,0,,0,2007
21-12-2007,0,,0,2007
22-12-2007,0,,0,2007
23-12-2007,0,,0,2007
24-12-2007,0,,0,2007
25-12-2007,0,,0,2007
26-12-2007,0,,0,2007
27-12-2007,0,,0,2007
28-12-2007,0,,0,2007
29-12-2007,0,,0,2007
30-12-2007,0,,0,2007
31-12-2007,0,,0,2007
01-01-2008,0,,0,2008
02-01-2008,0,,0,2008
03-01-2008,0,,0,2008
04-01-2008,0,,0,2008
05-01-2008,0,,0,2008
06-01-2008,0,,0,2008
07-01-2008,0,,0,2008
08-01-2008,0,,0,2008
09-01-2008,0,,0,2008
10-01-2008,0,,0,2008
11-01-2008,0,,0,2008
12-01-2008,0,,0,2008
13-01-2008,0,,0,2008
14-01-2008,0,,0,2008
15-01-2008,0,,0,2008
16-01-2008,0,,0,2008
17-01-2008,0,,0,2008
18-01-2008,0,,0,2008
19-01-2008,0,,0,2008
20-01-2008,0,,0,2008
21-01-2008,0,,0,2008
22-01-2008,0,,0,2008
23-01-2008,0,,0,2008
24-01-2008,0,,0,2008
25-01-2008,0,,0,2008
26-01-2008,0,,0,2008
27-01-2008,0,,0,2008
28-01-2008,0,,0,2008
29-01-2008,0,,0,2008
30-01-2008,0,,0,2008
31-01-2008,0,,0,2008
01-02-2008,0,,0,2008
02-02-2008,0,,0,2008
03-02-2008,0,,0,2008
04-02-2008,0,,0,2008
05-02-2008,0,,0,2008
06-02-2008,0,,0,2008
07-02-2008,0,,0,2008
08-02-2008,0,,0,2008
09-02-2008,0,,0,2008
10-02-2008,0,,0,2008
11-02-2008,0,,0,2008
12-02-2008,0,,0,2008
13-02-2008,0,,0,2008
14-02-2008,0,,0,2008
15-02-2008,0,,0,2008
16-02-2008,0,,0,2008
17-02-2008,0,,0,2008
18-02-2008,0,,0,2008
19-02-2008,0,,0,2008
20-02-2008,0,,0,2008
21-02-2008,0,,0,2008
22-02-2008,0,,0,2008
23-02-2008,0,,0,2008
24-02-2008,0,,0,2008
25-02-2008,0,,0,2008
26-02-2008,0,,0,2008
27-02-2008,0,,0,2008
28-02-2008,0,,0,2008
29-02-2008,16.92,18:23,5.04,2008
01-03-2008,18,13:17,5.04,2008
02-03-2008,33.84,17:37,3.96,2008
03-03-2008,36,15:13,6.84,2008
04-03-2008,42.12,14:02,7.92,2008
05-03-2008,42.84,16:25,9,2008
06-03-2008,20.88,03:02,3.96,2008
07-03-2008,23.04,16:15,5.04,2008
08-03-2008,24.12,14:46,5.04,2008
09-03-2008,37.08,16:43,7.92,2008
10-03-2008,51.12,11:04,12.96,2008
11-03-2008,29.16,12:03,7.92,2008
12-03-2008,23.04,09:58,6.84,2008
13-03-2008,24.12,10:41,5.04,2008
14-03-2008,27,13:52,3.96,2008
15-03-2008,46.08,13:10,11.88,2008
16-03-2008,27,14:18,6.12,2008
17-03-2008,29.88,10:15,3.96,2008
18-03-2008,21.96,14:29,6.12,2008
19-03-2008,37.08,17:51,9,2008
20-03-2008,42.12,13:25,6.84,2008
21-03-2008,27,17:59,6.84,2008
22-03-2008,43.92,14:57,5.04,2008
23-03-2008,42.12,18:05,9,2008
24-03-2008,20.16,13:44,5.04,2008
25-03-2008,24.12,16:40,6.12,2008
26-03-2008,41.04,10:15,7.92,2008
27-03-2008,39.96,11:50,9,2008
28-03-2008,25.92,10:54,6.84,2008
29-03-2008,41.04,17:05,9,2008
30-03-2008,50.04,12:38,9,2008
31-03-2008,27,16:40,6.12,2008
01-04-2008,23.04,13:11,6.12,2008
02-04-2008,24.12,19:51,3.96,2008
03-04-2008,18,19:27,2.88,2008
04-04-2008,14.04,12:32,3.96,2008
05-04-2008,21.96,18:36,2.16,2008
06-04-2008,33.84,17:24,6.84,2008
07-04-2008,32.04,14:07,6.84,2008
08-04-2008,33.84,13:57,6.84,2008
09-04-2008,43.92,09:31,9,2008
10-04-2008,36,16:05,6.84,2008
11-04-2008,33.84,13:41,6.84,2008
12-04-2008,43.92,12:53,10.08,2008
13-04-2008,37.08,12:54,12.96,2008
14-04-2008,21.96,11:42,6.12,2008
15-04-2008,21.96,17:12,6.12,2008
16-04-2008,51.12,17:02,11.16,2008
17-04-2008,59.04,23:58,9,2008
18-04-2008,57.96,02:27,11.16,2008
19-04-2008,33.84,13:01,6.84,2008
20-04-2008,25.92,15:04,6.84,2008
21-04-2008,36,13:39,9,2008
22-04-2008,11.16,12:10,3.96,2008
23-04-2008,37.08,13:25,10.08,2008
24-04-2008,15.84,18:23,3.96,2008
25-04-2008,28.08,12:18,6.12,2008
26-04-2008,24.12,17:55,6.84,2008
27-04-2008,32.04,13:27,10.08,2008
28-04-2008,36,16:58,11.16,2008
29-04-2008,43.92,14:42,10.08,2008
30-04-2008,37.08,17:28,12.96,2008
01-05-2008,29.16,12:16,6.12,2008
02-05-2008,33.84,13:10,7.92,2008
03-05-2008,36,09:42,5.04,2008
04-05-2008,23.04,16:09,7.92,2008
05-05-2008,15.84,17:01,5.04,2008
06-05-2008,25.92,17:08,7.92,2008
07-05-2008,33.12,12:44,9,2008
08-05-2008,28.08,12:24,5.04,2008
09-05-2008,20.16,14:37,5.04,2008
10-05-2008,28.08,16:55,6.12,2008
11-05-2008,27,08:23,5.04,2008
12-05-2008,27,18:09,7.92,2008
13-05-2008,33.84,15:42,10.08,2008
14-05-2008,30.96,13:46,2.88,2008
15-05-2008,37.08,13:37,6.84,2008
16-05-2008,32.04,15:18,6.84,2008
17-05-2008,29.88,14:19,6.12,2008
18-05-2008,27,11:52,6.84,2008
19-05-2008,20.88,17:53,6.12,2008
20-05-2008,19.08,12:51,5.04,2008
21-05-2008,29.88,17:05,9,2008
22-05-2008,21.96,13:02,6.12,2008
23-05-2008,36,13:57,9,2008
24-05-2008,30.96,13:08,6.12,2008
25-05-2008,33.12,14:06,6.12,2008
26-05-2008,33.12,16:16,5.04,2008
27-05-2008,38.88,12:33,5.04,2008
28-05-2008,38.16,12:46,7.92,2008
29-05-2008,36,13:44,11.88,2008
30-05-2008,29.88,12:27,9,2008
31-05-2008,24.12,16:24,6.12,2008
01-06-2008,24.12,15:43,6.84,2008
02-06-2008,19.08,13:52,6.12,2008
03-06-2008,24.12,13:04,6.84,2008
04-06-2008,23.04,16:37,6.12,2008
05-06-2008,24.12,18:50,5.04,2008
06-06-2008,25.92,17:17,6.12,2008
07-06-2008,29.16,18:56,6.84,2008
08-06-2008,38.88,20:52,6.84,2008
09-06-2008,32.04,14:50,6.84,2008
10-06-2008,37.08,16:45,6.84,2008
11-06-2008,29.16,16:17,7.92,2008
12-06-2008,24.12,18:14,6.84,2008
13-06-2008,27,18:46,7.92,2008
14-06-2008,23.04,18:39,7.92,2008
15-06-2008,28.08,15:40,5.04,2008
16-06-2008,33.12,17:16,6.12,2008
17-06-2008,20.88,11:55,6.84,2008
18-06-2008,30.96,17:07,10.08,2008
19-06-2008,23.04,15:57,7.92,2008
20-06-2008,28.08,13:42,7.92,2008
21-06-2008,28.08,14:15,9,2008
22-06-2008,28.08,17:24,6.84,2008
23-06-2008,24.84,18:04,7.92,2008
24-06-2008,29.16,18:05,9,2008
25-06-2008,29.88,18:46,7.92,2008
26-06-2008,25.92,16:32,7.92,2008
27-06-2008,24.84,16:22,7.92,2008
28-06-2008,25.92,21:31,6.12,2008
29-06-2008,23.04,12:21,5.04,2008
30-06-2008,21.96,18:19,6.84,2008
01-07-2008,29.16,13:51,7.92,2008
02-07-2008,36,14:52,12.96,2008
03-07-2008,23.04,17:49,7.92,2008
04-07-2008,27,09:41,6.12,2008
05-07-2008,27,17:50,7.92,2008
06-07-2008,34.92,17:19,6.84,2008
07-07-2008,30.96,15:12,7.92,2008
08-07-2008,20.88,19:05,5.04,2008
09-07-2008,29.88,13:45,10.08,2008
10-07-2008,41.04,17:15,9,2008
11-07-2008,29.16,15:09,7.92,2008
12-07-2008,29.16,17:30,5.04,2008
13-07-2008,20.16,16:58,5.04,2008
14-07-2008,25.92,18:25,6.12,2008
15-07-2008,27,15:35,6.12,2008
16-07-2008,32.04,17:46,6.84,2008
17-07-2008,28.08,15:46,6.84,2008
18-07-2008,21.96,16:29,6.84,2008
19-07-2008,29.88,18:49,6.12,2008
20-07-2008,28.08,16:43,6.12,2008
21-07-2008,27,16:48,6.84,2008
22-07-2008,28.08,18:50,6.84,2008
23-07-2008,36,17:55,14.04,2008
24-07-2008,27,16:37,10.08,2008
25-07-2008,38.88,13:11,11.88,2008
26-07-2008,25.92,14:27,6.84,2008
27-07-2008,36,14:16,9,2008
28-07-2008,34.92,11:55,10.08,2008
29-07-2008,28.08,16:59,6.12,2008
30-07-2008,33.12,14:59,11.16,2008
31-07-2008,37.08,10:58,10.08,2008
01-08-2008,28.08,15:11,9,2008
02-08-2008,24.84,18:15,6.12,2008
03-08-2008,30.96,16:45,9,2008
04-08-2008,24.84,17:37,9,2008
05-08-2008,27,16:35,6.84,2008
06-08-2008,24.12,18:17,9,2008
07-08-2008,28.08,14:28,6.84,2008
08-08-2008,27,13:10,5.04,2008
09-08-2008,24.84,18:27,7.92,2008
10-08-2008,25.92,15:56,6.84,2008
11-08-2008,45,13:56,10.08,2008
12-08-2008,34.92,17:48,11.88,2008
13-08-2008,29.88,18:09,7.92,2008
14-08-2008,34.92,15:42,10.08,2008
15-08-2008,29.16,14:49,6.84,2008
16-08-2008,38.88,12:15,9,2008
17-08-2008,30.96,14:55,9,2008
18-08-2008,29.16,16:05,11.16,2008
19-08-2008,28.08,18:26,7.92,2008
20-08-2008,21.96,17:41,6.84,2008
21-08-2008,27,13:06,7.92,2008
22-08-2008,30.96,17:18,7.92,2008
23-08-2008,27,18:24,7.92,2008
24-08-2008,30.96,15:35,6.84,2008
25-08-2008,23.04,16:39,6.84,2008
26-08-2008,25.92,17:43,6.12,2008
27-08-2008,29.16,15:55,5.04,2008
28-08-2008,38.88,21:09,3.96,2008
29-08-2008,27,18:15,6.84,2008
30-08-2008,33.84,13:15,6.12,2008
31-08-2008,23.04,15:18,6.12,2008
01-09-2008,24.12,17:57,7.92,2008
02-09-2008,27,16:43,7.92,2008
03-09-2008,20.16,14:07,3.96,2008
04-09-2008,32.04,15:19,9,2008
05-09-2008,45,07:38,14.04,2008
06-09-2008,27,13:08,9,2008
07-09-2008,23.04,17:30,6.84,2008
08-09-2008,34.92,15:51,5.04,2008
09-09-2008,25.92,15:57,6.84,2008
10-09-2008,36,14:50,7.92,2008
11-09-2008,37.08,14:36,7.92,2008
12-09-2008,23.04,15:54,5.04,2008
13-09-2008,20.88,15:04,5.04,2008
14-09-2008,16.92,13:40,3.96,2008
15-09-2008,19.08,16:25,5.04,2008
16-09-2008,23.04,18:36,6.12,2008
17-09-2008,21.96,15:09,6.12,2008
18-09-2008,21.96,12:42,3.96,2008
19-09-2008,20.88,14:57,3.96,2008
20-09-2008,27,14:34,3.96,2008
21-09-2008,12.96,23:33,3.96,2008
22-09-2008,24.84,12:47,3.96,2008
23-09-2008,23.04,17:12,6.12,2008
24-09-2008,21.96,20:02,6.12,2008
25-09-2008,20.88,14:37,6.12,2008
26-09-2008,20.16,10:12,5.04,2008
27-09-2008,20.16,11:22,5.04,2008
28-09-2008,23.04,14:35,5.04,2008
29-09-2008,24.12,15:18,5.04,2008
30-09-2008,23.04,16:40,6.84,2008
01-10-2008,24.12,10:54,5.04,2008
02-10-2008,29.16,17:11,7.92,2008
03-10-2008,32.04,12:22,6.12,2008
04-10-2008,21.96,13:37,5.04,2008
05-10-2008,33.12,14:06,9,2008
06-10-2008,32.04,14:10,6.84,2008
07-10-2008,29.88,03:05,6.84,2008
08-10-2008,20.88,17:16,5.04,2008
09-10-2008,20.88,15:20,3.96,2008
10-10-2008,15.12,13:21,3.96,2008
11-10-2008,24.12,14:28,3.96,2008
12-10-2008,30.96,11:14,3.96,2008
13-10-2008,18,10:33,6.84,2008
14-10-2008,16.92,13:37,3.96,2008
15-10-2008,19.08,16:08,3.96,2008
16-10-2008,21.96,14:54,3.96,2008
17-10-2008,18,12:33,5.04,2008
18-10-2008,16.92,17:42,3.96,2008
19-10-2008,14.04,14:39,3.96,2008
20-10-2008,20.16,15:46,3.96,2008
21-10-2008,24.84,20:13,5.04,2008
22-10-2008,39.96,12:07,5.04,2008
23-10-2008,16.92,01:44,2.88,2008
24-10-2008,15.12,14:14,2.88,2008
25-10-2008,15.12,14:23,3.96,2008
26-10-2008,11.88,13:29,2.88,2008
27-10-2008,19.08,17:30,2.88,2008
28-10-2008,38.88,13:40,6.84,2008
29-10-2008,33.12,16:06,5.04,2008
30-10-2008,37.08,14:16,10.08,2008
31-10-2008,20.16,14:41,3.96,2008
01-11-2008,16.92,13:31,3.96,2008
02-11-2008,25.92,13:50,5.04,2008
03-11-2008,14.04,16:27,2.88,2008
04-11-2008,15.84,15:31,3.96,2008
05-11-2008,15.84,14:20,2.88,2008
06-11-2008,11.16,23:23,2.16,2008
07-11-2008,11.88,14:57,3.96,2008
08-11-2008,24.12,15:40,3.96,2008
09-11-2008,24.84,11:38,2.16,2008
10-11-2008,30.96,14:36,6.84,2008
11-11-2008,23.04,03:37,2.88,2008
12-11-2008,16.92,15:39,2.88,2008
13-11-2008,14.04,12:32,5.04,2008
14-11-2008,14.04,16:35,3.96,2008
15-11-2008,15.84,06:13,3.96,2008
16-11-2008,11.16,12:30,2.88,2008
17-11-2008,12.96,12:42,3.96,2008
18-11-2008,16.92,16:32,2.88,2008
19-11-2008,25.92,14:57,6.12,2008
20-11-2008,23.04,12:33,3.96,2008
21-11-2008,15.84,16:54,3.96,2008
22-11-2008,29.88,10:52,5.04,2008
23-11-2008,11.88,20:41,2.16,2008
24-11-2008,38.88,14:46,6.84,2008
25-11-2008,32.04,13:17,6.12,2008
26-11-2008,21.96,15:10,3.96,2008
27-11-2008,11.88,13:31,3.96,2008
28-11-2008,24.12,18:14,3.96,2008
29-11-2008,29.16,14:24,6.12,2008
30-11-2008,24.84,14:46,0,2008
01-12-2008,23.04,15:13,6.12,2008
02-12-2008,11.88,07:17,2.88,2008
03-12-2008,33.12,06:18,6.84,2008
04-12-2008,30.96,14:35,6.12,2008
05-12-2008,45,02:15,3.96,2008
06-12-2008,25.92,16:41,6.12,2008
07-12-2008,20.88,00:56,2.16,2008
08-12-2008,19.08,13:12,3.96,2008
09-12-2008,32.04,15:30,9,2008
10-12-2008,25.92,13:54,2.88,2008
11-12-2008,36,16:24,3.96,2008
12-12-2008,20.88,00:23,3.96,2008
13-12-2008,43.92,08:59,10.08,2008
14-12-2008,43.92,10:53,6.12,2008
15-12-2008,25.92,13:28,3.96,2008
16-12-2008,16.92,16:01,3.96,2008
17-12-2008,7.92,13:52,2.16,2008
18-12-2008,14.04,12:46,3.96,2008
19-12-2008,14.04,14:02,3.96,2008
20-12-2008,10.08,12:04,2.88,2008
21-12-2008,10.08,10:09,2.88,2008
22-12-2008,10.08,08:15,3.96,2008
23-12-2008,9,13:42,2.88,2008
24-12-2008,10.08,09:49,3.96,2008
25-12-2008,11.16,07:37,3.96,2008
26-12-2008,33.84,20:49,3.96,2008
27-12-2008,42.84,16:03,6.84,2008
28-12-2008,33.12,14:44,6.12,2008
29-12-2008,34.92,10:20,9,2008
30-12-2008,36,11:03,7.92,2008
31-12-2008,47.88,03:26,12.96,2008
01-01-2008,0,,0,2008
02-01-2008,0,,0,2008
03-01-2008,0,,0,2008
04-01-2008,0,,0,2008
05-01-2008,0,,0,2008
06-01-2008,0,,0,2008
07-01-2008,0,,0,2008
08-01-2008,0,,0,2008
09-01-2008,0,,0,2008
10-01-2008,0,,0,2008
11-01-2008,0,,0,2008
12-01-2008,0,,0,2008
13-01-2008,0,,0,2008
14-01-2008,0,,0,2008
15-01-2008,0,,0,2008
16-01-2008,0,,0,2008
17-01-2008,0,,0,2008
18-01-2008,0,,0,2008
19-01-2008,0,,0,2008
20-01-2008,0,,0,2008
21-01-2008,0,,0,2008
22-01-2008,0,,0,2008
23-01-2008,0,,0,2008
24-01-2008,0,,0,2008
25-01-2008,0,,0,2008
26-01-2008,0,,0,2008
27-01-2008,0,,0,2008
28-01-2008,0,,0,2008
29-01-2008,0,,0,2008
30-01-2008,0,,0,2008
31-01-2008,0,,0,2008
01-02-2008,0,,0,2008
02-02-2008,0,,0,2008
03-02-2008,0,,0,2008
04-02-2008,0,,0,2008
05-02-2008,0,,0,2008
06-02-2008,0,,0,2008
07-02-2008,0,,0,2008
08-02-2008,0,,0,2008
09-02-2008,0,,0,2008
10-02-2008,0,,0,2008
11-02-2008,0,,0,2008
12-02-2008,0,,0,2008
13-02-2008,0,,0,2008
14-02-2008,0,,0,2008
15-02-2008,0,,0,2008
16-02-2008,0,,0,2008
17-02-2008,0,,0,2008
18-02-2008,0,,0,2008
19-02-2008,0,,0,2008
20-02-2008,0,,0,2008
21-02-2008,0,,0,2008
22-02-2008,0,,0,2008
23-02-2008,0,,0,2008
24-02-2008,0,,0,2008
25-02-2008,0,,0,2008
26-02-2008,0,,0,2008
27-02-2008,0,,0,2008
28-02-2008,0,,0,2008
29-02-2008,16.92,18:23,5.04,2008
01-03-2008,18,13:17,5.04,2008
02-03-2008,33.84,17:37,3.96,2008
03-03-2008,36,15:13,6.84,2008
04-03-2008,42.12,14:02,7.92,2008
05-03-2008,42.84,16:25,9,2008
06-03-2008,20.88,03:02,3.96,2008
07-03-2008,23.04,16:15,5.04,2008
08-03-2008,24.12,14:46,5.04,2008
09-03-2008,37.08,16:43,7.92,2008
10-03-2008,51.12,11:04,12.96,2008
11-03-2008,29.16,12:03,7.92,2008
12-03-2008,23.04,09:58,6.84,2008
13-03-2008,24.12,10:41,5.04,2008
14-03-2008,27,13:52,3.96,2008
15-03-2008,46.08,13:10,11.88,2008
16-03-2008,27,14:18,6.12,2008
17-03-2008,29.88,10:15,3.96,2008
18-03-2008,21.96,14:29,6.12,2008
19-03-2008,37.08,17:51,9,2008
20-03-2008,42.12,13:25,6.84,2008
21-03-2008,27,17:59,6.84,2008
22-03-2008,43.92,14:57,5.04,2008
23-03-2008,42.12,18:05,9,2008
24-03-2008,20.16,13:44,5.04,2008
25-03-2008,24.12,16:40,6.12,2008
26-03-2008,41.04,10:15,7.92,2008
27-03-2008,39.96,11:50,9,2008
28-03-2008,25.92,10:54,6.84,2008
29-03-2008,41.04,17:05,9,2008
30-03-2008,50.04,12:38,9,2008
31-03-2008,27,16:40,6.12,2008
01-04-2008,23.04,13:11,6.12,2008
02-04-2008,24.12,19:51,3.96,2008
03-04-2008,18,19:27,2.88,2008
04-04-2008,14.04,12:32,3.96,2008
05-04-2008,21.96,18:36,2.16,2008
06-04-2008,33.84,17:24,6.84,2008
07-04-2008,32.04,14:07,6.84,2008
08-04-2008,33.84,13:57,6.84,2008
09-04-2008,43.92,09:31,9,2008
10-04-2008,36,16:05,6.84,2008
11-04-2008,33.84,13:41,6.84,2008
12-04-2008,43.92,12:53,10.08,2008
13-04-2008,37.08,12:54,12.96,2008
14-04-2008,21.96,11:42,6.12,2008
15-04-2008,21.96,17:12,6.12,2008
16-04-2008,51.12,17:02,11.16,2008
17-04-2008,59.04,23:58,9,2008
18-04-2008,57.96,02:27,11.16,2008
19-04-2008,33.84,13:01,6.84,2008
20-04-2008,25.92,15:04,6.84,2008
21-04-2008,36,13:39,9,2008
22-04-2008,11.16,12:10,3.96,2008
23-04-2008,37.08,13:25,10.08,2008
24-04-2008,15.84,18:23,3.96,2008
25-04-2008,28.08,12:18,6.12,2008
26-04-2008,24.12,17:55,6.84,2008
27-04-2008,32.04,13:27,10.08,2008
28-04-2008,36,16:58,11.16,2008
29-04-2008,43.92,14:42,10.08,2008
30-04-2008,37.08,17:28,12.96,2008
01-05-2008,29.16,12:16,6.12,2008
02-05-2008,33.84,13:10,7.92,2008
03-05-2008,36,09:42,5.04,2008
04-05-2008,23.04,16:09,7.92,2008
05-05-2008,15.84,17:01,5.04,2008
06-05-2008,25.92,17:08,7.92,2008
07-05-2008,33.12,12:44,9,2008
08-05-2008,28.08,12:24,5.04,2008
09-05-2008,20.16,14:37,5.04,2008
10-05-2008,28.08,16:55,6.12,2008
11-05-2008,27,08:23,5.04,2008
12-05-2008,27,18:09,7.92,2008
13-05-2008,33.84,15:42,10.08,2008
14-05-2008,30.96,13:46,2.88,2008
15-05-2008,37.08,13:37,6.84,2008
16-05-2008,32.04,15:18,6.84,2008
17-05-2008,29.88,14:19,6.12,2008
18-05-2008,27,11:52,6.84,2008
19-05-2008,20.88,17:53,6.12,2008
20-05-2008,19.08,12:51,5.04,2008
21-05-2008,29.88,17:05,9,2008
22-05-2008,21.96,13:02,6.12,2008
23-05-2008,36,13:57,9,2008
24-05-2008,30.96,13:08,6.12,2008
25-05-2008,33.12,14:06,6.12,2008
26-05-2008,33.12,16:16,5.04,2008
27-05-2008,38.88,12:33,5.04,2008
28-05-2008,38.16,12:46,7.92,2008
29-05-2008,36,13:44,11.88,2008
30-05-2008,29.88,12:27,9,2008
31-05-2008,24.12,16:24,6.12,2008
01-06-2008,24.12,15:43,6.84,2008
02-06-2008,19.08,13:52,6.12,2008
03-06-2008,24.12,13:04,6.84,2008
04-06-2008,23.04,16:37,6.12,2008
05-06-2008,24.12,18:50,5.04,2008
06-06-2008,25.92,17:17,6.12,2008
07-06-2008,29.16,18:56,6.84,2008
08-06-2008,38.88,20:52,6.84,2008
09-06-2008,32.04,14:50,6.84,2008
10-06-2008,37.08,16:45,6.84,2008
11-06-2008,29.16,16:17,7.92,2008
12-06-2008,24.12,18:14,6.84,2008
13-06-2008,27,18:46,7.92,2008
14-06-2008,23.04,18:39,7.92,2008
15-06-2008,28.08,15:40,5.04,2008
16-06-2008,33.12,17:16,6.12,2008
17-06-2008,20.88,11:55,6.84,2008
18-06-2008,30.96,17:07,10.08,2008
19-06-2008,23.04,15:57,7.92,2008
20-06-2008,28.08,13:42,7.92,2008
21-06-2008,28.08,14:15,9,2008
22-06-2008,28.08,17:24,6.84,2008
23-06-2008,24.84,18:04,7.92,2008
24-06-2008,29.16,18:05,9,2008
25-06-2008,29.88,18:46,7.92,2008
26-06-2008,25.92,16:32,7.92,2008
27-06-2008,24.84,16:22,7.92,2008
28-06-2008,25.92,21:31,6.12,2008
29-06-2008,23.04,12:21,5.04,2008
30-06-2008,21.96,18:19,6.84,2008
01-07-2008,29.16,13:51,7.92,2008
02-07-2008,36,14:52,12.96,2008
03-07-2008,23.04,17:49,7.92,2008
04-07-2008,27,09:41,6.12,2008
05-07-2008,27,17:50,7.92,2008
06-07-2008,34.92,17:19,6.84,2008
07-07-2008,30.96,15:12,7.92,2008
08-07-2008,20.88,19:05,5.04,2008
09-07-2008,29.88,13:45,10.08,2008
10-07-2008,41.04,17:15,9,2008
11-07-2008,29.16,15:09,7.92,2008
12-07-2008,29.16,17:30,5.04,2008
13-07-2008,20.16,16:58,5.04,2008
14-07-2008,25.92,18:25,6.12,2008
15-07-2008,27,15:35,6.12,2008
16-07-2008,32.04,17:46,6.84,2008
17-07-2008,28.08,15:46,6.84,2008
18-07-2008,21.96,16:29,6.84,2008
19-07-2008,29.88,18:49,6.12,2008
20-07-2008,28.08,16:43,6.12,2008
21-07-2008,27,16:48,6.84,2008
22-07-2008,28.08,18:50,6.84,2008
23-07-2008,36,17:55,14.04,2008
24-07-2008,27,16:37,10.08,2008
25-07-2008,38.88,13:11,11.88,2008
26-07-2008,25.92,14:27,6.84,2008
27-07-2008,36,14:16,9,2008
28-07-2008,34.92,11:55,10.08,2008
29-07-2008,28.08,16:59,6.12,2008
30-07-2008,33.12,14:59,11.16,2008
31-07-2008,37.08,10:58,10.08,2008
01-08-2008,28.08,15:11,9,2008
02-08-2008,24.84,18:15,6.12,2008
03-08-2008,30.96,16:45,9,2008
04-08-2008,24.84,17:37,9,2008
05-08-2008,27,16:35,6.84,2008
06-08-2008,24.12,18:17,9,2008
07-08-2008,28.08,14:28,6.84,2008
08-08-2008,27,13:10,5.04,2008
09-08-2008,24.84,18:27,7.92,2008
10-08-2008,25.92,15:56,6.84,2008
11-08-2008,45,13:56,10.08,2008
12-08-2008,34.92,17:48,11.88,2008
13-08-2008,29.88,18:09,7.92,2008
14-08-2008,34.92,15:42,10.08,2008
15-08-2008,29.16,14:49,6.84,2008
16-08-2008,38.88,12:15,9,2008
17-08-2008,30.96,14:55,9,2008
18-08-2008,29.16,16:05,11.16,2008
19-08-2008,28.08,18:26,7.92,2008
20-08-2008,21.96,17:41,6.84,2008
21-08-2008,27,13:06,7.92,2008
22-08-2008,30.96,17:18,7.92,2008
23-08-2008,27,18:24,7.92,2008
24-08-2008,30.96,15:35,6.84,2008
25-08-2008,23.04,16:39,6.84,2008
26-08-2008,25.92,17:43,6.12,2008
27-08-2008,29.16,15:55,5.04,2008
28-08-2008,38.88,21:09,3.96,2008
29-08-2008,27,18:15,6.84,2008
30-08-2008,33.84,13:15,6.12,2008
31-08-2008,23.04,15:18,6.12,2008
01-09-2008,24.12,17:57,7.92,2008
02-09-2008,27,16:43,7.92,2008
03-09-2008,20.16,14:07,3.96,2008
04-09-2008,32.04,15:19,9,2008
05-09-2008,45,07:38,14.04,2008
06-09-2008,27,13:08,9,2008
07-09-2008,23.04,17:30,6.84,2008
08-09-2008,34.92,15:51,5.04,2008
09-09-2008,25.92,15:57,6.84,2008
10-09-2008,36,14:50,7.92,2008
11-09-2008,37.08,14:36,7.92,2008
12-09-2008,23.04,15:54,5.04,2008
13-09-2008,20.88,15:04,5.04,2008
14-09-2008,16.92,13:40,3.96,2008
15-09-2008,19.08,16:25,5.04,2008
16-09-2008,23.04,18:36,6.12,2008
17-09-2008,21.96,15:09,6.12,2008
18-09-2008,21.96,12:42,3.96,2008
19-09-2008,20.88,14:57,3.96,2008
20-09-2008,27,14:34,3.96,2008
21-09-2008,12.96,23:33,3.96,2008
22-09-2008,24.84,12:47,3.96,2008
23-09-2008,23.04,17:12,6.12,2008
24-09-2008,21.96,20:02,6.12,2008
25-09-2008,20.88,14:37,6.12,2008
26-09-2008,20.16,10:12,5.04,2008
27-09-2008,20.16,11:22,5.04,2008
28-09-2008,23.04,14:35,5.04,2008
29-09-2008,24.12,15:18,5.04,2008
30-09-2008,23.04,16:40,6.84,2008
01-10-2008,24.12,10:54,5.04,2008
02-10-2008,29.16,17:11,7.92,2008
03-10-2008,32.04,12:22,6.12,2008
04-10-2008,21.96,13:37,5.04,2008
05-10-2008,33.12,14:06,9,2008
06-10-2008,32.04,14:10,6.84,2008
07-10-2008,29.88,03:05,6.84,2008
08-10-2008,20.88,17:16,5.04,2008
09-10-2008,20.88,15:20,3.96,2008
10-10-2008,15.12,13:21,3.96,2008
11-10-2008,24.12,14:28,3.96,2008
12-10-2008,30.96,11:14,3.96,2008
13-10-2008,18,10:33,6.84,2008
14-10-2008,16.92,13:37,3.96,2008
15-10-2008,19.08,16:08,3.96,2008
16-10-2008,21.96,14:54,3.96,2008
17-10-2008,18,12:33,5.04,2008
18-10-2008,16.92,17:42,3.96,2008
19-10-2008,14.04,14:39,3.96,2008
20-10-2008,20.16,15:46,3.96,2008
21-10-2008,24.84,20:13,5.04,2008
22-10-2008,39.96,12:07,5.04,2008
23-10-2008,16.92,01:44,2.88,2008
24-10-2008,15.12,14:14,2.88,2008
25-10-2008,15.12,14:23,3.96,2008
26-10-2008,11.88,13:29,2.88,2008
27-10-2008,19.08,17:30,2.88,2008
28-10-2008,38.88,13:40,6.84,2008
29-10-2008,33.12,16:06,5.04,2008
30-10-2008,37.08,14:16,10.08,2008
31-10-2008,20.16,14:41,3.96,2008
01-11-2008,16.92,13:31,3.96,2008
02-11-2008,25.92,13:50,5.04,2008
03-11-2008,14.04,16:27,2.88,2008
04-11-2008,15.84,15:31,3.96,2008
05-11-2008,15.84,14:20,2.88,2008
06-11-2008,11.16,23:23,2.16,2008
07-11-2008,11.88,14:57,3.96,2008
08-11-2008,24.12,15:40,3.96,2008
09-11-2008,24.84,11:38,2.16,2008
10-11-2008,30.96,14:36,6.84,2008
11-11-2008,23.04,03:37,2.88,2008
12-11-2008,16.92,15:39,2.88,2008
13-11-2008,14.04,12:32,5.04,2008
14-11-2008,14.04,16:35,3.96,2008
15-11-2008,15.84,06:13,3.96,2008
16-11-2008,11.16,12:30,2.88,2008
17-11-2008,12.96,12:42,3.96,2008
18-11-2008,16.92,16:32,2.88,2008
19-11-2008,25.92,14:57,6.12,2008
20-11-2008,23.04,12:33,3.96,2008
21-11-2008,15.84,16:54,3.96,2008
22-11-2008,29.88,10:52,5.04,2008
23-11-2008,11.88,20:41,2.16,2008
24-11-2008,38.88,14:46,6.84,2008
25-11-2008,32.04,13:17,6.12,2008
26-11-2008,21.96,15:10,3.96,2008
27-11-2008,11.88,13:31,3.96,2008
28-11-2008,24.12,18:14,3.96,2008
29-11-2008,29.16,14:24,6.12,2008
30-11-2008,24.84,14:46,0,2008
01-12-2008,23.04,15:13,6.12,2008
02-12-2008,11.88,07:17,2.88,2008
03-12-2008,33.12,06:18,6.84,2008
04-12-2008,30.96,14:35,6.12,2008
05-12-2008,45,02:15,3.96,2008
06-12-2008,25.92,16:41,6.12,2008
07-12-2008,20.88,00:56,2.16,2008
08-12-2008,19.08,13:12,3.96,2008
09-12-2008,32.04,15:30,9,2008
10-12-2008,25.92,13:54,2.88,2008
11-12-2008,36,16:24,3.96,2008
12-12-2008,20.88,00:23,3.96,2008
13-12-2008,43.92,08:59,10.08,2008
14-12-2008,43.92,10:53,6.12,2008
15-12-2008,25.92,13:28,3.96,2008
16-12-2008,16.92,16:01,3.96,2008
17-12-2008,7.92,13:52,2.16,2008
18-12-2008,14.04,12:46,3.96,2008
19-12-2008,14.04,14:02,3.96,2008
20-12-2008,10.08,12:04,2.88,2008
21-12-2008,10.08,10:09,2.88,2008
22-12-2008,10.08,08:15,3.96,2008
23-12-2008,9,13:42,2.88,2008
24-12-2008,10.08,09:49,3.96,2008
25-12-2008,11.16,07:37,3.96,2008
26-12-2008,33.84,20:49,3.96,2008
27-12-2008,42.84,16:03,6.84,2008
28-12-2008,33.12,14:44,6.12,2008
29-12-2008,34.92,10:20,9,2008
30-12-2008,36,11:03,7.92,2008
31-12-2008,47.88,03:26,12.96,2008
01-01-2009,24.12,14:29,2.88,2009
02-01-2009,9,19:57,2.88,2009
03-01-2009,15.12,06:17,5.04,2009
04-01-2009,15.84,16:52,5.04,2009
05-01-2009,9,06:56,3.96,2009
06-01-2009,21.96,16:56,2.88,2009
07-01-2009,29.88,14:37,5.04,2009
08-01-2009,12.96,14:34,3.96,2009
09-01-2009,10.08,14:18,2.88,2009
10-01-2009,14.04,11:53,2.88,2009
11-01-2009,11.16,09:39,5.04,2009
12-01-2009,33.12,22:46,3.96,2009
13-01-2009,33.84,00:47,3.96,2009
14-01-2009,41.04,23:56,11.16,2009
15-01-2009,43.92,03:30,7.92,2009
16-01-2009,15.84,17:16,6.12,2009
17-01-2009,24.12,16:01,6.12,2009
18-01-2009,33.12,23:18,6.12,2009
19-01-2009,51.12,17:03,10.08,2009
20-01-2009,33.84,13:26,7.92,2009
21-01-2009,18,20:37,5.04,2009
22-01-2009,32.04,13:44,9,2009
23-01-2009,74.88,23:07,15.84,2009
24-01-2009,70.92,00:22,11.88,2009
25-01-2009,65.16,03:36,7.92,2009
26-01-2009,29.16,14:37,3.96,2009
27-01-2009,15.12,12:22,5.04,2009
28-01-2009,29.88,22:30,1.08,2009
29-01-2009,38.88,23:55,6.84,2009
30-01-2009,56.88,11:11,12.96,2009
31-01-2009,48.96,22:08,9,2009
01-02-2009,60.12,03:55,0,2009
02-02-2009,33.12,16:30,5.04,2009
03-02-2009,38.16,17:29,9,2009
04-02-2009,54,18:25,15.84,2009
05-02-2009,25.92,14:37,3.96,2009
06-02-2009,32.04,17:18,6.12,2009
07-02-2009,24.84,17:17,6.12,2009
08-02-2009,21.96,22:46,0,2009
09-02-2009,75.96,16:22,11.16,2009
10-02-2009,30.96,16:31,5.04,2009
11-02-2009,11.88,17:50,3.96,2009
12-02-2009,34.92,14:39,3.96,2009
13-02-2009,23.04,13:51,5.04,2009
14-02-2009,11.88,13:38,2.16,2009
15-02-2009,23.04,18:00,3.96,2009
16-02-2009,11.16,18:30,3.96,2009
17-02-2009,11.16,13:33,3.96,2009
18-02-2009,11.16,14:20,2.88,2009
19-02-2009,19.08,16:02,5.04,2009
20-02-2009,18,14:50,3.96,2009
21-02-2009,14.04,16:41,3.96,2009
22-02-2009,21.96,20:48,3.96,2009
23-02-2009,12.96,13:35,3.96,2009
24-02-2009,10.08,09:13,2.16,2009
25-02-2009,11.88,12:11,2.16,2009
26-02-2009,12.96,15:57,3.96,2009
27-02-2009,16.92,16:17,2.16,2009
28-02-2009,24.84,15:32,5.04,2009
01-03-2009,21.96,17:54,7.92,2009
02-03-2009,25.92,13:50,6.12,2009
03-03-2009,25.92,16:42,5.04,2009
04-03-2009,42.84,13:16,14.04,2009
05-03-2009,51.12,13:22,14.04,2009
06-03-2009,37.08,12:38,6.12,2009
07-03-2009,14.04,14:10,3.96,2009
08-03-2009,27,19:34,5.04,2009
09-03-2009,20.16,17:38,6.12,2009
10-03-2009,12.96,18:58,2.88,2009
11-03-2009,15.12,18:08,3.96,2009
12-03-2009,14.04,15:17,3.96,2009
13-03-2009,30.96,15:15,5.04,2009
14-03-2009,28.08,19:08,3.96,2009
15-03-2009,15.84,15:42,3.96,2009
16-03-2009,15.12,15:48,2.88,2009
17-03-2009,11.88,15:24,2.88,2009
18-03-2009,14.04,14:51,2.88,2009
19-03-2009,20.16,20:03,5.04,2009
20-03-2009,18,16:25,5.04,2009
21-03-2009,24.12,20:36,6.12,2009
22-03-2009,27,17:56,6.12,2009
23-03-2009,18,22:18,3.96,2009
24-03-2009,33.12,16:08,6.84,2009
25-03-2009,21.96,22:11,3.96,2009
26-03-2009,23.04,18:05,5.04,2009
27-03-2009,30.96,16:44,7.92,2009
28-03-2009,42.84,12:02,6.84,2009
29-03-2009,43.92,09:49,7.92,2009
30-03-2009,25.92,14:56,6.84,2009
31-03-2009,28.08,19:04,3.96,2009
01-04-2009,23.04,17:14,6.12,2009
02-04-2009,21.96,18:52,5.04,2009
03-04-2009,29.88,15:45,6.84,2009
04-04-2009,25.92,14:15,3.96,2009
05-04-2009,25.92,13:57,7.92,2009
06-04-2009,33.12,12:50,11.16,2009
07-04-2009,30.96,14:50,10.08,2009
08-04-2009,21.96,16:45,7.92,2009
09-04-2009,29.16,21:19,7.92,2009
10-04-2009,39.96,15:10,7.92,2009
11-04-2009,39.96,14:53,6.12,2009
12-04-2009,28.08,16:33,5.04,2009
13-04-2009,29.16,15:49,6.12,2009
14-04-2009,42.12,16:18,5.04,2009
15-04-2009,33.12,13:43,10.08,2009
16-04-2009,30.96,16:41,6.12,2009
17-04-2009,39.96,13:55,6.84,2009
18-04-2009,33.84,14:44,5.04,2009
19-04-2009,23.04,15:38,6.12,2009
20-04-2009,21.96,17:22,5.04,2009
21-04-2009,24.84,18:44,3.96,2009
22-04-2009,24.12,18:06,6.12,2009
23-04-2009,33.12,16:06,6.84,2009
24-04-2009,33.12,12:54,7.92,2009
25-04-2009,28.08,15:06,6.84,2009
26-04-2009,32.04,15:05,9,2009
27-04-2009,32.04,15:26,6.12,2009
28-04-2009,30.96,13:09,6.84,2009
29-04-2009,29.88,14:22,7.92,2009
30-04-2009,36,12:34,7.92,2009
01-05-2009,24.12,11:26,5.04,2009
02-05-2009,20.88,17:04,3.96,2009
03-05-2009,33.84,19:43,6.84,2009
04-05-2009,32.04,16:58,6.84,2009
05-05-2009,24.84,18:24,3.96,2009
06-05-2009,33.12,16:22,9,2009
07-05-2009,28.08,14:52,6.84,2009
08-05-2009,21.96,11:31,6.12,2009
09-05-2009,29.16,17:37,9,2009
10-05-2009,36,10:30,6.12,2009
11-05-2009,21.96,18:24,6.12,2009
12-05-2009,24.84,10:14,2.88,2009
13-05-2009,33.84,13:22,6.84,2009
14-05-2009,41.04,12:37,10.08,2009
15-05-2009,29.16,16:19,7.92,2009
16-05-2009,29.88,16:39,6.12,2009
17-05-2009,36,13:06,10.08,2009
18-05-2009,27,15:54,7.92,2009
19-05-2009,23.04,18:18,6.12,2009
20-05-2009,27,18:14,6.12,2009
21-05-2009,24.84,21:44,6.12,2009
22-05-2009,25.92,15:49,7.92,2009
23-05-2009,24.12,12:49,6.84,2009
24-05-2009,23.04,14:18,2.88,2009
25-05-2009,20.16,18:40,3.96,2009
26-05-2009,30.96,15:04,5.04,2009
27-05-2009,25.92,18:29,5.04,2009
28-05-2009,20.16,14:27,3.96,2009
29-05-2009,18,16:48,3.96,2009
30-05-2009,29.16,15:45,3.96,2009
31-05-2009,29.16,17:37,7.92,2009
01-06-2009,29.88,15:30,6.84,2009
02-06-2009,33.84,17:18,6.84,2009
03-06-2009,28.08,14:52,7.92,2009
04-06-2009,20.16,16:21,5.04,2009
05-06-2009,33.84,10:40,5.04,2009
06-06-2009,33.84,10:00,3.96,2009
07-06-2009,28.08,23:18,2.88,2009
08-06-2009,50.04,11:31,11.16,2009
09-06-2009,27,13:20,6.12,2009
10-06-2009,43.92,13:06,10.08,2009
11-06-2009,20.16,15:27,6.12,2009
12-06-2009,23.04,18:11,6.12,2009
13-06-2009,21.96,16:19,6.12,2009
14-06-2009,16.92,19:31,5.04,2009
15-06-2009,28.08,18:35,6.84,2009
16-06-2009,15.12,04:10,6.12,2009
17-06-2009,24.84,15:38,6.84,2009
18-06-2009,21.96,18:15,6.84,2009
19-06-2009,30.96,19:20,9,2009
20-06-2009,34.92,18:19,7.92,2009
21-06-2009,20.88,19:38,5.04,2009
22-06-2009,27,17:12,6.12,2009
23-06-2009,20.88,17:46,7.92,2009
24-06-2009,29.88,15:20,9,2009
25-06-2009,41.04,14:35,9,2009
26-06-2009,29.16,17:04,7.92,2009
27-06-2009,32.04,14:38,6.84,2009
28-06-2009,34.92,11:52,7.92,2009
29-06-2009,24.84,17:03,6.12,2009
30-06-2009,30.96,12:33,6.12,2009
01-07-2009,30.96,13:52,9,2009
02-07-2009,27,13:49,10.08,2009
03-07-2009,28.08,13:25,10.08,2009
04-07-2009,30.96,16:30,10.08,2009
05-07-2009,34.92,16:47,11.88,2009
06-07-2009,32.04,15:06,9,2009
07-07-2009,30.96,17:00,6.12,2009
08-07-2009,33.84,11:48,6.84,2009
09-07-2009,24.84,15:43,6.12,2009
10-07-2009,28.08,19:24,7.92,2009
11-07-2009,28.08,16:09,6.84,2009
12-07-2009,34.92,15:25,11.16,2009
13-07-2009,33.12,13:49,11.88,2009
14-07-2009,38.88,13:47,12.96,2009
15-07-2009,25.92,17:13,6.84,2009
16-07-2009,37.08,13:47,7.92,2009
17-07-2009,29.88,14:39,6.84,2009
18-07-2009,29.88,17:19,6.84,2009
19-07-2009,23.04,15:26,6.84,2009
20-07-2009,33.84,14:54,7.92,2009
21-07-2009,39.96,13:17,10.08,2009
22-07-2009,29.16,19:14,6.84,2009
23-07-2009,38.88,12:51,14.04,2009
24-07-2009,24.84,14:14,6.84,2009
25-07-2009,21.96,18:56,6.12,2009
26-07-2009,27,16:43,6.84,2009
27-07-2009,25.92,18:34,7.92,2009
28-07-2009,24.12,13:20,9,2009
29-07-2009,32.04,13:40,7.92,2009
30-07-2009,21.96,15:37,7.92,2009
31-07-2009,28.08,13:51,7.92,2009
01-08-2009,33.84,14:24,10.08,2009
02-08-2009,23.04,18:43,6.12,2009
03-08-2009,25.92,14:33,6.84,2009
04-08-2009,20.88,14:06,6.12,2009
05-08-2009,23.04,15:06,6.84,2009
06-08-2009,23.04,16:58,6.12,2009
07-08-2009,27,19:04,6.12,2009
08-08-2009,33.12,16:01,7.92,2009
09-08-2009,27,13:52,6.12,2009
10-08-2009,23.04,14:03,6.12,2009
11-08-2009,20.88,17:55,6.12,2009
12-08-2009,24.12,18:14,5.04,2009
13-08-2009,20.16,20:21,5.04,2009
14-08-2009,25.92,14:36,6.12,2009
15-08-2009,24.84,17:53,7.92,2009
16-08-2009,30.96,13:14,7.92,2009
17-08-2009,24.12,17:51,6.84,2009
18-08-2009,25.92,15:48,6.84,2009
19-08-2009,33.12,16:23,9,2009
20-08-2009,25.92,14:39,6.12,2009
21-08-2009,28.08,18:07,9,2009
22-08-2009,21.96,17:05,3.96,2009
23-08-2009,29.88,14:11,7.92,2009
24-08-2009,29.88,17:06,7.92,2009
25-08-2009,27,16:28,6.84,2009
26-08-2009,29.16,16:39,6.84,2009
27-08-2009,27,12:06,7.92,2009
28-08-2009,30.96,16:56,9,2009
29-08-2009,24.12,18:17,6.12,2009
30-08-2009,18,13:20,5.04,2009
31-08-2009,34.92,11:46,9,2009
01-09-2009,25.92,13:20,7.92,2009
02-09-2009,33.12,16:38,11.16,2009
03-09-2009,32.04,15:36,7.92,2009
04-09-2009,28.08,16:09,6.12,2009
05-09-2009,20.88,09:39,6.12,2009
06-09-2009,24.84,17:37,6.12,2009
07-09-2009,16.92,15:11,5.04,2009
08-09-2009,27,18:13,5.04,2009
09-09-2009,25.92,18:37,6.84,2009
10-09-2009,21.96,17:46,5.04,2009
11-09-2009,29.88,17:48,7.92,2009
12-09-2009,25.92,13:49,6.84,2009
13-09-2009,24.12,16:48,5.04,2009
14-09-2009,29.88,17:57,6.12,2009
15-09-2009,36,19:54,10.08,2009
16-09-2009,33.84,14:32,6.84,2009
17-09-2009,19.08,17:16,3.96,2009
18-09-2009,24.12,17:54,7.92,2009
19-09-2009,24.12,10:40,6.12,2009
20-09-2009,24.84,17:22,6.12,2009
21-09-2009,18,16:32,6.12,2009
22-09-2009,18,16:10,5.04,2009
23-09-2009,18,15:14,3.96,2009
24-09-2009,21.96,17:02,3.96,2009
25-09-2009,23.04,11:59,6.12,2009
26-09-2009,19.08,19:14,3.96,2009
27-09-2009,20.16,18:45,5.04,2009
28-09-2009,46.08,17:12,5.04,2009
29-09-2009,15.84,15:35,3.96,2009
30-09-2009,20.88,16:31,5.04,2009
01-10-2009,20.88,17:06,3.96,2009
02-10-2009,19.08,14:56,6.12,2009
03-10-2009,23.04,14:28,5.04,2009
04-10-2009,20.88,16:11,3.96,2009
05-10-2009,36,12:38,6.84,2009
06-10-2009,0,,0,2009
07-10-2009,0,,0,2009
08-10-2009,16.92,13:49,2.88,2009
09-10-2009,20.16,15:58,2.88,2009
10-10-2009,15.12,13:21,2.88,2009
11-10-2009,19.08,16:35,3.96,2009
12-10-2009,18,19:57,5.04,2009
13-10-2009,14.04,12:27,3.96,2009
14-10-2009,14.04,14:29,2.88,2009
15-10-2009,20.88,17:03,2.88,2009
16-10-2009,20.88,10:19,5.04,2009
17-10-2009,15.12,18:11,3.96,2009
18-10-2009,15.12,15:02,5.04,2009
19-10-2009,27,14:02,3.96,2009
20-10-2009,29.88,17:10,6.84,2009
21-10-2009,23.04,14:49,5.04,2009
22-10-2009,41.04,12:32,6.12,2009
23-10-2009,16.92,19:00,3.96,2009
24-10-2009,19.08,04:37,5.04,2009
25-10-2009,18,15:50,3.96,2009
26-10-2009,33.12,11:04,6.12,2009
27-10-2009,15.84,12:50,6.12,2009
28-10-2009,33.12,14:08,6.84,2009
29-10-2009,27,12:10,6.12,2009
30-10-2009,10.08,09:06,5.04,2009
31-10-2009,11.16,13:29,3.96,2009
01-11-2009,41.04,14:44,5.04,2009
02-11-2009,23.04,15:04,3.96,2009
03-11-2009,33.12,18:42,6.12,2009
04-11-2009,34.92,12:07,6.84,2009
05-11-2009,28.08,15:17,5.04,2009
06-11-2009,18,23:16,2.16,2009
07-11-2009,33.84,12:21,5.04,2009
08-11-2009,30.96,13:53,6.84,2009
09-11-2009,16.92,12:58,2.88,2009
10-11-2009,21.96,14:40,6.12,2009
11-11-2009,34.92,16:43,9,2009
12-11-2009,24.84,05:46,5.04,2009
13-11-2009,54,19:37,15.12,2009
14-11-2009,34.92,13:59,3.96,2009
15-11-2009,25.92,17:45,6.84,2009
16-11-2009,14.04,02:20,3.96,2009
17-11-2009,11.88,12:52,2.16,2009
18-11-2009,15.12,05:46,5.04,2009
19-11-2009,29.16,14:18,7.92,2009
20-11-2009,37.08,11:34,11.88,2009
21-11-2009,48.96,06:24,12.96,2009
22-11-2009,34.92,12:59,10.08,2009
23-11-2009,21.96,15:34,3.96,2009
24-11-2009,24.12,21:02,5.04,2009
25-11-2009,33.12,01:53,6.84,2009
26-11-2009,18,16:27,6.12,2009
27-11-2009,24.12,14:01,6.12,2009
28-11-2009,55.08,21:26,11.88,2009
29-11-2009,32.04,07:46,3.96,2009
30-11-2009,43.92,16:31,5.04,2009
01-12-2009,7.92,12:04,2.16,2009
02-12-2009,36,14:24,10.08,2009
03-12-2009,21.96,14:13,2.88,2009
04-12-2009,16.92,16:05,2.88,2009
05-12-2009,20.88,17:03,2.88,2009
06-12-2009,43.92,03:27,9,2009
07-12-2009,28.08,13:29,7.92,2009
08-12-2009,20.88,12:57,5.04,2009
09-12-2009,19.08,12:15,6.12,2009
10-12-2009,12.96,06:42,5.04,2009
11-12-2009,29.88,13:04,5.04,2009
12-12-2009,12.96,09:31,2.88,2009
13-12-2009,34.92,16:31,6.12,2009
14-12-2009,38.16,14:55,6.12,2009
15-12-2009,11.88,12:54,5.04,2009
16-12-2009,43.92,05:22,7.92,2009
17-12-2009,39.96,03:01,5.04,2009
18-12-2009,32.04,15:40,7.92,2009
19-12-2009,24.84,14:50,3.96,2009
20-12-2009,52.92,23:13,9,2009
21-12-2009,60.12,14:54,9,2009
22-12-2009,21.96,17:20,6.84,2009
23-12-2009,25.92,19:08,3.96,2009
24-12-2009,38.16,07:45,11.16,2009
25-12-2009,11.88,22:14,5.04,2009
26-12-2009,11.88,04:33,2.88,2009
27-12-2009,42.12,19:08,6.84,2009
28-12-2009,36,00:25,5.04,2009
29-12-2009,37.08,00:45,6.84,2009
30-12-2009,37.08,05:59,11.16,2009
31-12-2009,47.88,14:35,5.04,2009
01-01-2009,24.12,14:29,2.88,2009
02-01-2009,9,19:57,2.88,2009
03-01-2009,15.12,06:17,5.04,2009
04-01-2009,15.84,16:52,5.04,2009
05-01-2009,9,06:56,3.96,2009
06-01-2009,21.96,16:56,2.88,2009
07-01-2009,29.88,14:37,5.04,2009
08-01-2009,12.96,14:34,3.96,2009
09-01-2009,10.08,14:18,2.88,2009
10-01-2009,14.04,11:53,2.88,2009
11-01-2009,11.16,09:39,5.04,2009
12-01-2009,33.12,22:46,3.96,2009
13-01-2009,33.84,00:47,3.96,2009
14-01-2009,41.04,23:56,11.16,2009
15-01-2009,43.92,03:30,7.92,2009
16-01-2009,15.84,17:16,6.12,2009
17-01-2009,24.12,16:01,6.12,2009
18-01-2009,33.12,23:18,6.12,2009
19-01-2009,51.12,17:03,10.08,2009
20-01-2009,33.84,13:26,7.92,2009
21-01-2009,18,20:37,5.04,2009
22-01-2009,32.04,13:44,9,2009
23-01-2009,74.88,23:07,15.84,2009
24-01-2009,70.92,00:22,11.88,2009
25-01-2009,65.16,03:36,7.92,2009
26-01-2009,29.16,14:37,3.96,2009
27-01-2009,15.12,12:22,5.04,2009
28-01-2009,29.88,22:30,1.08,2009
29-01-2009,38.88,23:55,6.84,2009
30-01-2009,56.88,11:11,12.96,2009
31-01-2009,48.96,22:08,9,2009
01-02-2009,60.12,03:55,0,2009
02-02-2009,33.12,16:30,5.04,2009
03-02-2009,38.16,17:29,9,2009
04-02-2009,54,18:25,15.84,2009
05-02-2009,25.92,14:37,3.96,2009
06-02-2009,32.04,17:18,6.12,2009
07-02-2009,24.84,17:17,6.12,2009
08-02-2009,21.96,22:46,0,2009
09-02-2009,75.96,16:22,11.16,2009
10-02-2009,30.96,16:31,5.04,2009
11-02-2009,11.88,17:50,3.96,2009
12-02-2009,34.92,14:39,3.96,2009
13-02-2009,23.04,13:51,5.04,2009
14-02-2009,11.88,13:38,2.16,2009
15-02-2009,23.04,18:00,3.96,2009
16-02-2009,11.16,18:30,3.96,2009
17-02-2009,11.16,13:33,3.96,2009
18-02-2009,11.16,14:20,2.88,2009
19-02-2009,19.08,16:02,5.04,2009
20-02-2009,18,14:50,3.96,2009
21-02-2009,14.04,16:41,3.96,2009
22-02-2009,21.96,20:48,3.96,2009
23-02-2009,12.96,13:35,3.96,2009
24-02-2009,10.08,09:13,2.16,2009
25-02-2009,11.88,12:11,2.16,2009
26-02-2009,12.96,15:57,3.96,2009
27-02-2009,16.92,16:17,2.16,2009
28-02-2009,24.84,15:32,5.04,2009
01-03-2009,21.96,17:54,7.92,2009
02-03-2009,25.92,13:50,6.12,2009
03-03-2009,25.92,16:42,5.04,2009
04-03-2009,42.84,13:16,14.04,2009
05-03-2009,51.12,13:22,14.04,2009
06-03-2009,37.08,12:38,6.12,2009
07-03-2009,14.04,14:10,3.96,2009
08-03-2009,27,19:34,5.04,2009
09-03-2009,20.16,17:38,6.12,2009
10-03-2009,12.96,18:58,2.88,2009
11-03-2009,15.12,18:08,3.96,2009
12-03-2009,14.04,15:17,3.96,2009
13-03-2009,30.96,15:15,5.04,2009
14-03-2009,28.08,19:08,3.96,2009
15-03-2009,15.84,15:42,3.96,2009
16-03-2009,15.12,15:48,2.88,2009
17-03-2009,11.88,15:24,2.88,2009
18-03-2009,14.04,14:51,2.88,2009
19-03-2009,20.16,20:03,5.04,2009
20-03-2009,18,16:25,5.04,2009
21-03-2009,24.12,20:36,6.12,2009
22-03-2009,27,17:56,6.12,2009
23-03-2009,18,22:18,3.96,2009
24-03-2009,33.12,16:08,6.84,2009
25-03-2009,21.96,22:11,3.96,2009
26-03-2009,23.04,18:05,5.04,2009
27-03-2009,30.96,16:44,7.92,2009
28-03-2009,42.84,12:02,6.84,2009
29-03-2009,43.92,09:49,7.92,2009
30-03-2009,25.92,14:56,6.84,2009
31-03-2009,28.08,19:04,3.96,2009
01-04-2009,23.04,17:14,6.12,2009
02-04-2009,21.96,18:52,5.04,2009
03-04-2009,29.88,15:45,6.84,2009
04-04-2009,25.92,14:15,3.96,2009
05-04-2009,25.92,13:57,7.92,2009
06-04-2009,33.12,12:50,11.16,2009
07-04-2009,30.96,14:50,10.08,2009
08-04-2009,21.96,16:45,7.92,2009
09-04-2009,29.16,21:19,7.92,2009
10-04-2009,39.96,15:10,7.92,2009
11-04-2009,39.96,14:53,6.12,2009
12-04-2009,28.08,16:33,5.04,2009
13-04-2009,29.16,15:49,6.12,2009
14-04-2009,42.12,16:18,5.04,2009
15-04-2009,33.12,13:43,10.08,2009
16-04-2009,30.96,16:41,6.12,2009
17-04-2009,39.96,13:55,6.84,2009
18-04-2009,33.84,14:44,5.04,2009
19-04-2009,23.04,15:38,6.12,2009
20-04-2009,21.96,17:22,5.04,2009
21-04-2009,24.84,18:44,3.96,2009
22-04-2009,24.12,18:06,6.12,2009
23-04-2009,33.12,16:06,6.84,2009
24-04-2009,33.12,12:54,7.92,2009
25-04-2009,28.08,15:06,6.84,2009
26-04-2009,32.04,15:05,9,2009
27-04-2009,32.04,15:26,6.12,2009
28-04-2009,30.96,13:09,6.84,2009
29-04-2009,29.88,14:22,7.92,2009
30-04-2009,36,12:34,7.92,2009
01-05-2009,24.12,11:26,5.04,2009
02-05-2009,20.88,17:04,3.96,2009
03-05-2009,33.84,19:43,6.84,2009
04-05-2009,32.04,16:58,6.84,2009
05-05-2009,24.84,18:24,3.96,2009
06-05-2009,33.12,16:22,9,2009
07-05-2009,28.08,14:52,6.84,2009
08-05-2009,21.96,11:31,6.12,2009
09-05-2009,29.16,17:37,9,2009
10-05-2009,36,10:30,6.12,2009
11-05-2009,21.96,18:24,6.12,2009
12-05-2009,24.84,10:14,2.88,2009
13-05-2009,33.84,13:22,6.84,2009
14-05-2009,41.04,12:37,10.08,2009
15-05-2009,29.16,16:19,7.92,2009
16-05-2009,29.88,16:39,6.12,2009
17-05-2009,36,13:06,10.08,2009
18-05-2009,27,15:54,7.92,2009
19-05-2009,23.04,18:18,6.12,2009
20-05-2009,27,18:14,6.12,2009
21-05-2009,24.84,21:44,6.12,2009
22-05-2009,25.92,15:49,7.92,2009
23-05-2009,24.12,12:49,6.84,2009
24-05-2009,23.04,14:18,2.88,2009
25-05-2009,20.16,18:40,3.96,2009
26-05-2009,30.96,15:04,5.04,2009
27-05-2009,25.92,18:29,5.04,2009
28-05-2009,20.16,14:27,3.96,2009
29-05-2009,18,16:48,3.96,2009
30-05-2009,29.16,15:45,3.96,2009
31-05-2009,29.16,17:37,7.92,2009
01-06-2009,29.88,15:30,6.84,2009
02-06-2009,33.84,17:18,6.84,2009
03-06-2009,28.08,14:52,7.92,2009
04-06-2009,20.16,16:21,5.04,2009
05-06-2009,33.84,10:40,5.04,2009
06-06-2009,33.84,10:00,3.96,2009
07-06-2009,28.08,23:18,2.88,2009
08-06-2009,50.04,11:31,11.16,2009
09-06-2009,27,13:20,6.12,2009
10-06-2009,43.92,13:06,10.08,2009
11-06-2009,20.16,15:27,6.12,2009
12-06-2009,23.04,18:11,6.12,2009
13-06-2009,21.96,16:19,6.12,2009
14-06-2009,16.92,19:31,5.04,2009
15-06-2009,28.08,18:35,6.84,2009
16-06-2009,15.12,04:10,6.12,2009
17-06-2009,24.84,15:38,6.84,2009
18-06-2009,21.96,18:15,6.84,2009
19-06-2009,30.96,19:20,9,2009
20-06-2009,34.92,18:19,7.92,2009
21-06-2009,20.88,19:38,5.04,2009
22-06-2009,27,17:12,6.12,2009
23-06-2009,20.88,17:46,7.92,2009
24-06-2009,29.88,15:20,9,2009
25-06-2009,41.04,14:35,9,2009
26-06-2009,29.16,17:04,7.92,2009
27-06-2009,32.04,14:38,6.84,2009
28-06-2009,34.92,11:52,7.92,2009
29-06-2009,24.84,17:03,6.12,2009
30-06-2009,30.96,12:33,6.12,2009
01-07-2009,30.96,13:52,9,2009
02-07-2009,27,13:49,10.08,2009
03-07-2009,28.08,13:25,10.08,2009
04-07-2009,30.96,16:30,10.08,2009
05-07-2009,34.92,16:47,11.88,2009
06-07-2009,32.04,15:06,9,2009
07-07-2009,30.96,17:00,6.12,2009
08-07-2009,33.84,11:48,6.84,2009
09-07-2009,24.84,15:43,6.12,2009
10-07-2009,28.08,19:24,7.92,2009
11-07-2009,28.08,16:09,6.84,2009
12-07-2009,34.92,15:25,11.16,2009
13-07-2009,33.12,13:49,11.88,2009
14-07-2009,38.88,13:47,12.96,2009
15-07-2009,25.92,17:13,6.84,2009
16-07-2009,37.08,13:47,7.92,2009
17-07-2009,29.88,14:39,6.84,2009
18-07-2009,29.88,17:19,6.84,2009
19-07-2009,23.04,15:26,6.84,2009
20-07-2009,33.84,14:54,7.92,2009
21-07-2009,39.96,13:17,10.08,2009
22-07-2009,29.16,19:14,6.84,2009
23-07-2009,38.88,12:51,14.04,2009
24-07-2009,24.84,14:14,6.84,2009
25-07-2009,21.96,18:56,6.12,2009
26-07-2009,27,16:43,6.84,2009
27-07-2009,25.92,18:34,7.92,2009
28-07-2009,24.12,13:20,9,2009
29-07-2009,32.04,13:40,7.92,2009
30-07-2009,21.96,15:37,7.92,2009
31-07-2009,28.08,13:51,7.92,2009
01-08-2009,33.84,14:24,10.08,2009
02-08-2009,23.04,18:43,6.12,2009
03-08-2009,25.92,14:33,6.84,2009
04-08-2009,20.88,14:06,6.12,2009
05-08-2009,23.04,15:06,6.84,2009
06-08-2009,23.04,16:58,6.12,2009
07-08-2009,27,19:04,6.12,2009
08-08-2009,33.12,16:01,7.92,2009
09-08-2009,27,13:52,6.12,2009
10-08-2009,23.04,14:03,6.12,2009
11-08-2009,20.88,17:55,6.12,2009
12-08-2009,24.12,18:14,5.04,2009
13-08-2009,20.16,20:21,5.04,2009
14-08-2009,25.92,14:36,6.12,2009
15-08-2009,24.84,17:53,7.92,2009
16-08-2009,30.96,13:14,7.92,2009
17-08-2009,24.12,17:51,6.84,2009
18-08-2009,25.92,15:48,6.84,2009
19-08-2009,33.12,16:23,9,2009
20-08-2009,25.92,14:39,6.12,2009
21-08-2009,28.08,18:07,9,2009
22-08-2009,21.96,17:05,3.96,2009
23-08-2009,29.88,14:11,7.92,2009
24-08-2009,29.88,17:06,7.92,2009
25-08-2009,27,16:28,6.84,2009
26-08-2009,29.16,16:39,6.84,2009
27-08-2009,27,12:06,7.92,2009
28-08-2009,30.96,16:56,9,2009
29-08-2009,24.12,18:17,6.12,2009
30-08-2009,18,13:20,5.04,2009
31-08-2009,34.92,11:46,9,2009
01-09-2009,25.92,13:20,7.92,2009
02-09-2009,33.12,16:38,11.16,2009
03-09-2009,32.04,15:36,7.92,2009
04-09-2009,28.08,16:09,6.12,2009
05-09-2009,20.88,09:39,6.12,2009
06-09-2009,24.84,17:37,6.12,2009
07-09-2009,16.92,15:11,5.04,2009
08-09-2009,27,18:13,5.04,2009
09-09-2009,25.92,18:37,6.84,2009
10-09-2009,21.96,17:46,5.04,2009
11-09-2009,29.88,17:48,7.92,2009
12-09-2009,25.92,13:49,6.84,2009
13-09-2009,24.12,16:48,5.04,2009
14-09-2009,29.88,17:57,6.12,2009
15-09-2009,36,19:54,10.08,2009
16-09-2009,33.84,14:32,6.84,2009
17-09-2009,19.08,17:16,3.96,2009
18-09-2009,24.12,17:54,7.92,2009
19-09-2009,24.12,10:40,6.12,2009
20-09-2009,24.84,17:22,6.12,2009
21-09-2009,18,16:32,6.12,2009
22-09-2009,18,16:10,5.04,2009
23-09-2009,18,15:14,3.96,2009
24-09-2009,21.96,17:02,3.96,2009
25-09-2009,23.04,11:59,6.12,2009
26-09-2009,19.08,19:14,3.96,2009
27-09-2009,20.16,18:45,5.04,2009
28-09-2009,46.08,17:12,5.04,2009
29-09-2009,15.84,15:35,3.96,2009
30-09-2009,20.88,16:31,5.04,2009
01-10-2009,20.88,17:06,3.96,2009
02-10-2009,19.08,14:56,6.12,2009
03-10-2009,23.04,14:28,5.04,2009
04-10-2009,20.88,16:11,3.96,2009
05-10-2009,36,12:38,6.84,2009
06-10-2009,0,,0,2009
07-10-2009,0,,0,2009
08-10-2009,16.92,13:49,2.88,2009
09-10-2009,20.16,15:58,2.88,2009
10-10-2009,15.12,13:21,2.88,2009
11-10-2009,19.08,16:35,3.96,2009
12-10-2009,18,19:57,5.04,2009
13-10-2009,14.04,12:27,3.96,2009
14-10-2009,14.04,14:29,2.88,2009
15-10-2009,20.88,17:03,2.88,2009
16-10-2009,20.88,10:19,5.04,2009
17-10-2009,15.12,18:11,3.96,2009
18-10-2009,15.12,15:02,5.04,2009
19-10-2009,27,14:02,3.96,2009
20-10-2009,29.88,17:10,6.84,2009
21-10-2009,23.04,14:49,5.04,2009
22-10-2009,41.04,12:32,6.12,2009
23-10-2009,16.92,19:00,3.96,2009
24-10-2009,19.08,04:37,5.04,2009
25-10-2009,18,15:50,3.96,2009
26-10-2009,33.12,11:04,6.12,2009
27-10-2009,15.84,12:50,6.12,2009
28-10-2009,33.12,14:08,6.84,2009
29-10-2009,27,12:10,6.12,2009
30-10-2009,10.08,09:06,5.04,2009
31-10-2009,11.16,13:29,3.96,2009
01-11-2009,41.04,14:44,5.04,2009
02-11-2009,23.04,15:04,3.96,2009
03-11-2009,33.12,18:42,6.12,2009
04-11-2009,34.92,12:07,6.84,2009
05-11-2009,28.08,15:17,5.04,2009
06-11-2009,18,23:16,2.16,2009
07-11-2009,33.84,12:21,5.04,2009
08-11-2009,30.96,13:53,6.84,2009
09-11-2009,16.92,12:58,2.88,2009
10-11-2009,21.96,14:40,6.12,2009
11-11-2009,34.92,16:43,9,2009
12-11-2009,24.84,05:46,5.04,2009
13-11-2009,54,19:37,15.12,2009
14-11-2009,34.92,13:59,3.96,2009
15-11-2009,25.92,17:45,6.84,2009
16-11-2009,14.04,02:20,3.96,2009
17-11-2009,11.88,12:52,2.16,2009
18-11-2009,15.12,05:46,5.04,2009
19-11-2009,29.16,14:18,7.92,2009
20-11-2009,37.08,11:34,11.88,2009
21-11-2009,48.96,06:24,12.96,2009
22-11-2009,34.92,12:59,10.08,2009
23-11-2009,21.96,15:34,3.96,2009
24-11-2009,24.12,21:02,5.04,2009
25-11-2009,33.12,01:53,6.84,2009
26-11-2009,18,16:27,6.12,2009
27-11-2009,24.12,14:01,6.12,2009
28-11-2009,55.08,21:26,11.88,2009
29-11-2009,32.04,07:46,3.96,2009
30-11-2009,43.92,16:31,5.04,2009
01-12-2009,7.92,12:04,2.16,2009
02-12-2009,36,14:24,10.08,2009
03-12-2009,21.96,14:13,2.88,2009
04-12-2009,16.92,16:05,2.88,2009
05-12-2009,20.88,17:03,2.88,2009
06-12-2009,43.92,03:27,9,2009
07-12-2009,28.08,13:29,7.92,2009
08-12-2009,20.88,12:57,5.04,2009
09-12-2009,19.08,12:15,6.12,2009
10-12-2009,12.96,06:42,5.04,2009
11-12-2009,29.88,13:04,5.04,2009
12-12-2009,12.96,09:31,2.88,2009
13-12-2009,34.92,16:31,6.12,2009
14-12-2009,38.16,14:55,6.12,2009
15-12-2009,11.88,12:54,5.04,2009
16-12-2009,43.92,05:22,7.92,2009
17-12-2009,39.96,03:01,5.04,2009
18-12-2009,32.04,15:40,7.92,2009
19-12-2009,24.84,14:50,3.96,2009
20-12-2009,52.92,23:13,9,2009
21-12-2009,60.12,14:54,9,2009
22-12-2009,21.96,17:20,6.84,2009
23-12-2009,25.92,19:08,3.96,2009
24-12-2009,38.16,07:45,11.16,2009
25-12-2009,11.88,22:14,5.04,2009
26-12-2009,11.88,04:33,2.88,2009
27-12-2009,42.12,19:08,6.84,2009
28-12-2009,36,00:25,5.04,2009
29-12-2009,37.08,00:45,6.84,2009
30-12-2009,37.08,05:59,11.16,2009
31-12-2009,47.88,14:35,5.04,2009
01-01-2010,27,02:54,3.96,2010
02-01-2010,41.04,17:04,10.08,2010
03-01-2010,30.96,00:18,6.12,2010
04-01-2010,11.88,17:48,3.96,2010
05-01-2010,24.12,11:41,6.84,2010
06-01-2010,14.04,13:26,2.88,2010
07-01-2010,33.12,19:22,6.12,2010
08-01-2010,29.88,14:59,3.96,2010
09-01-2010,15.84,14:48,3.96,2010
10-01-2010,47.16,12:37,7.92,2010
11-01-2010,30.96,23:07,6.84,2010
12-01-2010,36,02:38,9,2010
13-01-2010,38.88,21:51,3.96,2010
14-01-2010,63,02:22,6.84,2010
15-01-2010,42.84,19:20,11.16,2010
16-01-2010,38.16,03:15,5.04,2010
17-01-2010,19.08,12:11,3.96,2010
18-01-2010,33.12,14:47,6.12,2010
19-01-2010,32.04,12:10,9,2010
20-01-2010,16.92,13:27,2.16,2010
21-01-2010,28.08,21:44,5.04,2010
22-01-2010,24.12,03:37,3.96,2010
23-01-2010,11.88,16:12,2.88,2010
24-01-2010,30.96,11:47,6.84,2010
25-01-2010,28.08,15:35,2.88,2010
26-01-2010,38.16,10:21,6.84,2010
27-01-2010,42.12,20:52,9,2010
28-01-2010,15.84,16:41,5.04,2010
29-01-2010,29.16,15:36,6.12,2010
30-01-2010,33.12,15:19,7.92,2010
31-01-2010,29.88,12:54,6.84,2010
01-02-2010,18,14:49,3.96,2010
02-02-2010,11.88,15:42,3.96,2010
03-02-2010,25.92,14:11,5.04,2010
04-02-2010,52.92,17:14,14.04,2010
05-02-2010,41.04,03:26,9,2010
06-02-2010,18,11:48,5.04,2010
07-02-2010,39.96,14:14,9,2010
08-02-2010,29.88,15:49,2.16,2010
09-02-2010,20.88,12:38,6.12,2010
10-02-2010,16.92,14:42,3.96,2010
11-02-2010,38.88,18:17,7.92,2010
12-02-2010,27,18:29,6.12,2010
13-02-2010,30.96,13:12,6.84,2010
14-02-2010,18,18:36,5.04,2010
15-02-2010,20.88,16:26,6.12,2010
16-02-2010,20.16,17:14,6.84,2010
17-02-2010,24.12,15:29,5.04,2010
18-02-2010,24.12,15:43,5.04,2010
19-02-2010,41.04,15:06,5.04,2010
20-02-2010,37.08,23:31,7.92,2010
21-02-2010,46.08,05:23,16.92,2010
22-02-2010,51.12,15:05,11.88,2010
23-02-2010,43.92,16:36,12.96,2010
24-02-2010,56.16,16:59,6.12,2010
25-02-2010,77.04,11:59,15.12,2010
26-02-2010,28.08,12:04,6.12,2010
27-02-2010,75.96,17:58,12.96,2010
28-02-2010,33.12,12:35,6.84,2010
01-03-2010,50.04,11:18,7.92,2010
02-03-2010,27,16:29,2.88,2010
03-03-2010,11.16,15:20,2.88,2010
04-03-2010,24.84,20:57,6.12,2010
05-03-2010,19.08,12:53,6.84,2010
06-03-2010,29.88,12:35,6.12,2010
07-03-2010,23.04,20:16,5.04,2010
08-03-2010,20.88,16:37,5.04,2010
09-03-2010,28.08,16:14,6.12,2010
10-03-2010,27,17:02,6.84,2010
11-03-2010,23.04,18:38,5.04,2010
12-03-2010,25.92,15:14,6.12,2010
13-03-2010,30.96,17:09,6.12,2010
14-03-2010,21.96,10:55,6.84,2010
15-03-2010,23.04,13:24,6.84,2010
16-03-2010,24.12,14:06,3.96,2010
17-03-2010,43.92,13:41,9,2010
18-03-2010,34.92,16:40,6.84,2010
19-03-2010,42.12,16:04,9,2010
20-03-2010,33.84,13:25,5.04,2010
21-03-2010,20.88,17:53,6.12,2010
22-03-2010,18,16:23,6.12,2010
23-03-2010,27,22:27,3.96,2010
24-03-2010,33.84,15:50,9,2010
25-03-2010,48.96,10:53,12.96,2010
26-03-2010,64.08,11:06,11.88,2010
27-03-2010,27,12:12,6.84,2010
28-03-2010,32.04,18:21,7.92,2010
29-03-2010,56.88,15:51,11.16,2010
30-03-2010,39.96,13:27,11.16,2010
31-03-2010,45,11:46,10.08,2010
01-04-2010,32.04,14:29,11.16,2010
02-04-2010,42.12,11:42,6.84,2010
03-04-2010,47.16,13:14,6.84,2010
04-04-2010,16.92,16:02,6.12,2010
05-04-2010,20.88,16:26,6.84,2010
06-04-2010,36,13:24,7.92,2010
07-04-2010,24.84,12:53,7.92,2010
08-04-2010,15.12,19:39,2.88,2010
09-04-2010,18,10:21,2.88,2010
10-04-2010,15.12,14:46,3.96,2010
11-04-2010,29.16,20:40,6.84,2010
12-04-2010,32.04,16:31,7.92,2010
13-04-2010,27,13:55,6.84,2010
14-04-2010,29.88,16:44,7.92,2010
15-04-2010,37.08,12:11,6.84,2010
16-04-2010,38.88,11:14,10.08,2010
17-04-2010,24.84,17:48,6.84,2010
18-04-2010,41.04,14:52,5.04,2010
19-04-2010,28.08,18:10,6.12,2010
20-04-2010,24.12,12:31,7.92,2010
21-04-2010,16.92,17:05,5.04,2010
22-04-2010,29.16,16:00,6.84,2010
23-04-2010,21.96,16:01,6.84,2010
24-04-2010,28.08,13:44,6.12,2010
25-04-2010,20.16,20:08,5.04,2010
26-04-2010,23.04,18:07,6.12,2010
27-04-2010,19.08,14:27,3.96,2010
28-04-2010,39.96,20:57,6.12,2010
29-04-2010,25.92,17:38,6.12,2010
30-04-2010,24.12,17:23,5.04,2010
01-05-2010,23.04,16:41,6.12,2010
02-05-2010,33.84,15:16,9,2010
03-05-2010,43.92,16:22,10.08,2010
04-05-2010,43.92,13:28,9,2010
05-05-2010,36,16:12,6.84,2010
06-05-2010,25.92,17:17,6.12,2010
07-05-2010,25.92,13:50,3.96,2010
08-05-2010,20.16,14:03,3.96,2010
09-05-2010,50.04,13:00,11.88,2010
10-05-2010,28.08,15:52,6.12,2010
11-05-2010,24.12,13:29,3.96,2010
12-05-2010,25.92,11:26,7.92,2010
13-05-2010,36,15:32,6.84,2010
14-05-2010,38.88,16:56,6.12,2010
15-05-2010,27,17:08,3.96,2010
16-05-2010,24.84,14:43,5.04,2010
17-05-2010,19.08,19:34,3.96,2010
18-05-2010,21.96,18:54,3.96,2010
19-05-2010,25.92,18:33,6.12,2010
20-05-2010,20.16,12:30,5.04,2010
21-05-2010,21.96,14:50,3.96,2010
22-05-2010,23.04,17:49,6.12,2010
23-05-2010,28.08,17:07,6.12,2010
24-05-2010,39.96,12:22,6.84,2010
25-05-2010,33.84,12:09,9,2010
26-05-2010,15.12,11:28,3.96,2010
27-05-2010,27,17:17,6.84,2010
28-05-2010,25.92,18:32,6.12,2010
29-05-2010,27,12:29,6.12,2010
30-05-2010,23.04,17:58,6.84,2010
31-05-2010,20.16,17:57,5.04,2010
01-06-2010,24.12,16:53,3.96,2010
02-06-2010,23.04,15:45,6.12,2010
03-06-2010,33.84,16:13,9,2010
04-06-2010,23.04,17:14,6.84,2010
05-06-2010,23.04,21:42,5.04,2010
06-06-2010,27,19:14,6.84,2010
07-06-2010,38.88,13:40,12.96,2010
08-06-2010,29.16,13:44,6.84,2010
09-06-2010,27,14:19,6.12,2010
10-06-2010,23.04,14:22,6.84,2010
11-06-2010,24.84,16:04,6.84,2010
12-06-2010,21.96,23:30,6.84,2010
13-06-2010,27,17:53,6.84,2010
14-06-2010,36,10:57,11.16,2010
15-06-2010,42.12,11:41,9,2010
16-06-2010,29.16,15:51,6.84,2010
17-06-2010,25.92,17:10,6.84,2010
18-06-2010,33.12,16:27,6.84,2010
19-06-2010,27,15:50,6.84,2010
20-06-2010,27,17:51,6.84,2010
21-06-2010,23.04,19:07,6.84,2010
22-06-2010,19.08,14:53,6.12,2010
23-06-2010,20.16,14:27,6.12,2010
24-06-2010,23.04,19:58,5.04,2010
25-06-2010,36,14:48,5.04,2010
26-06-2010,36,16:28,6.12,2010
27-06-2010,24.84,15:44,6.12,2010
28-06-2010,23.04,16:31,6.12,2010
29-06-2010,24.12,17:10,6.12,2010
30-06-2010,23.04,14:46,7.92,2010
01-07-2010,28.08,16:25,9,2010
02-07-2010,27,15:46,7.92,2010
03-07-2010,34.92,20:45,6.84,2010
04-07-2010,28.08,14:19,6.12,2010
05-07-2010,29.16,10:56,6.84,2010
06-07-2010,28.08,16:32,6.84,2010
07-07-2010,19.08,15:41,6.12,2010
08-07-2010,47.88,16:02,2.88,2010
09-07-2010,25.92,18:00,7.92,2010
10-07-2010,25.92,14:02,6.84,2010
11-07-2010,25.92,17:26,6.84,2010
12-07-2010,32.04,17:16,7.92,2010
13-07-2010,33.12,13:33,9,2010
14-07-2010,33.84,12:47,11.16,2010
15-07-2010,36,15:06,9,2010
16-07-2010,24.84,17:15,6.84,2010
17-07-2010,27,14:23,6.12,2010
18-07-2010,25.92,17:52,7.92,2010
19-07-2010,24.12,17:41,6.12,2010
20-07-2010,37.08,13:59,9,2010
21-07-2010,29.16,16:54,9,2010
22-07-2010,30.96,15:16,6.84,2010
23-07-2010,29.16,14:18,6.12,2010
24-07-2010,29.88,16:18,6.84,2010
25-07-2010,28.08,16:04,6.84,2010
26-07-2010,25.92,18:06,6.84,2010
27-07-2010,25.92,17:57,6.84,2010
28-07-2010,28.08,17:30,6.84,2010
29-07-2010,28.08,13:58,7.92,2010
30-07-2010,27,17:52,6.12,2010
31-07-2010,24.84,14:59,6.84,2010
01-08-2010,28.08,18:47,6.84,2010
02-08-2010,32.04,17:46,6.84,2010
03-08-2010,30.96,16:34,6.84,2010
04-08-2010,32.04,16:33,7.92,2010
05-08-2010,28.08,13:18,6.12,2010
06-08-2010,25.92,17:59,6.12,2010
07-08-2010,29.88,16:43,6.12,2010
08-08-2010,21.96,16:47,6.84,2010
09-08-2010,20.88,18:19,5.04,2010
10-08-2010,34.92,14:11,7.92,2010
11-08-2010,29.88,16:45,6.84,2010
12-08-2010,33.12,15:40,6.12,2010
13-08-2010,36,14:20,7.92,2010
14-08-2010,29.88,15:58,7.92,2010
15-08-2010,28.08,16:58,6.84,2010
16-08-2010,23.04,15:04,6.12,2010
17-08-2010,29.16,16:27,7.92,2010
18-08-2010,32.04,14:28,7.92,2010
19-08-2010,24.12,18:36,6.84,2010
20-08-2010,24.12,15:32,6.84,2010
21-08-2010,28.08,15:17,7.92,2010
22-08-2010,33.12,15:32,6.12,2010
23-08-2010,41.04,13:42,10.08,2010
24-08-2010,27,18:13,7.92,2010
25-08-2010,29.16,16:33,6.12,2010
26-08-2010,48.96,15:40,9,2010
27-08-2010,24.12,13:03,10.08,2010
28-08-2010,24.12,21:27,6.12,2010
29-08-2010,23.04,18:21,6.12,2010
30-08-2010,24.12,18:20,5.04,2010
31-08-2010,30.96,16:55,5.04,2010
01-09-2010,19.08,13:03,2.88,2010
02-09-2010,28.08,16:39,7.92,2010
03-09-2010,24.84,18:50,5.04,2010
04-09-2010,23.04,17:18,6.84,2010
05-09-2010,32.04,16:37,9,2010
06-09-2010,24.12,09:45,6.84,2010
07-09-2010,42.84,13:12,11.88,2010
08-09-2010,33.12,13:03,7.92,2010
09-09-2010,15.84,14:17,5.04,2010
10-09-2010,16.92,15:33,5.04,2010
11-09-2010,30.96,16:29,6.84,2010
12-09-2010,30.96,15:38,6.84,2010
13-09-2010,20.88,10:18,5.04,2010
14-09-2010,15.12,15:00,3.96,2010
15-09-2010,37.08,14:01,6.84,2010
16-09-2010,24.12,15:40,5.04,2010
17-09-2010,20.88,16:53,5.04,2010
18-09-2010,18,12:56,5.04,2010
19-09-2010,18,13:55,6.12,2010
20-09-2010,28.08,17:24,5.04,2010
21-09-2010,21.96,13:55,6.12,2010
22-09-2010,14.04,22:16,3.96,2010
23-09-2010,28.08,15:28,6.12,2010
24-09-2010,23.04,16:22,6.84,2010
25-09-2010,32.04,16:54,6.84,2010
26-09-2010,18,11:04,3.96,2010
27-09-2010,19.08,13:41,6.12,2010
28-09-2010,20.16,14:07,3.96,2010
29-09-2010,24.12,16:26,7.92,2010
30-09-2010,19.08,17:35,6.12,2010
01-10-2010,32.04,15:55,6.84,2010
02-10-2010,41.04,14:08,9,2010
03-10-2010,68.04,16:37,18,2010
04-10-2010,29.88,16:51,5.04,2010
05-10-2010,38.88,19:12,10.08,2010
06-10-2010,14.04,18:18,2.88,2010
07-10-2010,37.08,10:59,5.04,2010
08-10-2010,61.92,09:13,15.12,2010
09-10-2010,38.16,01:30,5.04,2010
10-10-2010,18,15:48,5.04,2010
11-10-2010,23.04,16:52,5.04,2010
12-10-2010,14.04,21:12,3.96,2010
13-10-2010,18,15:40,3.96,2010
14-10-2010,12.96,14:06,2.88,2010
15-10-2010,20.88,10:45,5.04,2010
16-10-2010,24.84,11:40,5.04,2010
17-10-2010,21.96,20:20,6.12,2010
18-10-2010,18,13:55,3.96,2010
19-10-2010,15.12,11:51,5.04,2010
20-10-2010,15.84,14:28,3.96,2010
21-10-2010,15.84,14:46,5.04,2010
22-10-2010,7.92,07:33,2.88,2010
23-10-2010,19.08,16:39,2.88,2010
24-10-2010,21.96,12:47,5.04,2010
25-10-2010,16.92,08:47,5.04,2010
26-10-2010,11.88,14:24,2.88,2010
27-10-2010,9,11:19,2.88,2010
28-10-2010,12.96,13:42,5.04,2010
29-10-2010,39.96,06:24,9,2010
30-10-2010,47.88,10:50,10.08,2010
31-10-2010,27,13:38,7.92,2010
01-11-2010,19.08,14:43,2.88,2010
02-11-2010,12.96,16:22,2.88,2010
03-11-2010,10.08,08:22,2.16,2010
04-11-2010,11.16,08:25,3.96,2010
05-11-2010,11.88,10:41,3.96,2010
06-11-2010,24.12,16:18,6.12,2010
07-11-2010,23.04,16:07,2.88,2010
08-11-2010,47.88,14:13,12.96,2010
09-11-2010,38.88,12:51,9,2010
10-11-2010,30.96,13:52,5.04,2010
11-11-2010,30.96,13:08,6.84,2010
12-11-2010,18,02:59,3.96,2010
13-11-2010,48.96,18:35,15.12,2010
14-11-2010,32.04,10:52,6.84,2010
15-11-2010,21.96,13:46,2.16,2010
16-11-2010,28.08,22:59,6.12,2010
17-11-2010,29.88,11:58,6.84,2010
18-11-2010,18,14:55,3.96,2010
19-11-2010,29.88,18:43,6.12,2010
20-11-2010,38.88,14:13,9,2010
21-11-2010,23.04,14:18,5.04,2010
22-11-2010,15.84,14:41,3.96,2010
23-11-2010,12.96,05:10,3.96,2010
24-11-2010,12.96,15:34,5.04,2010
25-11-2010,12.96,08:43,3.96,2010
26-11-2010,16.92,13:54,5.04,2010
27-11-2010,14.04,06:48,5.04,2010
28-11-2010,11.16,09:14,3.96,2010
29-11-2010,27,22:55,5.04,2010
30-11-2010,38.88,09:17,11.16,2010
01-12-2010,36,17:37,6.12,2010
02-12-2010,21.96,17:03,5.04,2010
03-12-2010,11.88,12:38,3.96,2010
04-12-2010,42.12,13:38,10.08,2010
05-12-2010,47.88,04:45,15.84,2010
06-12-2010,38.88,10:26,6.12,2010
07-12-2010,28.08,13:03,6.84,2010
08-12-2010,34.92,02:11,6.12,2010
09-12-2010,20.88,00:15,2.88,2010
10-12-2010,10.08,07:30,3.96,2010
11-12-2010,28.08,15:40,3.96,2010
12-12-2010,10.08,07:52,2.16,2010
13-12-2010,11.88,07:16,3.96,2010
14-12-2010,11.88,03:35,2.88,2010
15-12-2010,27,17:24,5.04,2010
16-12-2010,14.04,12:19,5.04,2010
17-12-2010,9,07:49,2.88,2010
18-12-2010,14.04,09:18,3.96,2010
19-12-2010,11.16,09:43,3.96,2010
20-12-2010,16.92,19:26,2.88,2010
21-12-2010,12.96,14:41,3.96,2010
22-12-2010,24.12,22:53,3.96,2010
23-12-2010,29.16,13:54,6.84,2010
24-12-2010,10.08,07:36,3.96,2010
25-12-2010,24.84,15:39,6.84,2010
26-12-2010,23.04,16:26,6.12,2010
27-12-2010,37.08,20:30,6.84,2010
28-12-2010,29.88,11:26,5.04,2010
29-12-2010,51.12,11:50,11.16,2010
30-12-2010,39.96,13:13,9,2010
31-12-2010,21.96,13:55,3.96,2010
01-01-2010,27,02:54,3.96,2010
02-01-2010,41.04,17:04,10.08,2010
03-01-2010,30.96,00:18,6.12,2010
04-01-2010,11.88,17:48,3.96,2010
05-01-2010,24.12,11:41,6.84,2010
06-01-2010,14.04,13:26,2.88,2010
07-01-2010,33.12,19:22,6.12,2010
08-01-2010,29.88,14:59,3.96,2010
09-01-2010,15.84,14:48,3.96,2010
10-01-2010,47.16,12:37,7.92,2010
11-01-2010,30.96,23:07,6.84,2010
12-01-2010,36,02:38,9,2010
13-01-2010,38.88,21:51,3.96,2010
14-01-2010,63,02:22,6.84,2010
15-01-2010,42.84,19:20,11.16,2010
16-01-2010,38.16,03:15,5.04,2010
17-01-2010,19.08,12:11,3.96,2010
18-01-2010,33.12,14:47,6.12,2010
19-01-2010,32.04,12:10,9,2010
20-01-2010,16.92,13:27,2.16,2010
21-01-2010,28.08,21:44,5.04,2010
22-01-2010,24.12,03:37,3.96,2010
23-01-2010,11.88,16:12,2.88,2010
24-01-2010,30.96,11:47,6.84,2010
25-01-2010,28.08,15:35,2.88,2010
26-01-2010,38.16,10:21,6.84,2010
27-01-2010,42.12,20:52,9,2010
28-01-2010,15.84,16:41,5.04,2010
29-01-2010,29.16,15:36,6.12,2010
30-01-2010,33.12,15:19,7.92,2010
31-01-2010,29.88,12:54,6.84,2010
01-02-2010,18,14:49,3.96,2010
02-02-2010,11.88,15:42,3.96,2010
03-02-2010,25.92,14:11,5.04,2010
04-02-2010,52.92,17:14,14.04,2010
05-02-2010,41.04,03:26,9,2010
06-02-2010,18,11:48,5.04,2010
07-02-2010,39.96,14:14,9,2010
08-02-2010,29.88,15:49,2.16,2010
09-02-2010,20.88,12:38,6.12,2010
10-02-2010,16.92,14:42,3.96,2010
11-02-2010,38.88,18:17,7.92,2010
12-02-2010,27,18:29,6.12,2010
13-02-2010,30.96,13:12,6.84,2010
14-02-2010,18,18:36,5.04,2010
15-02-2010,20.88,16:26,6.12,2010
16-02-2010,20.16,17:14,6.84,2010
17-02-2010,24.12,15:29,5.04,2010
18-02-2010,24.12,15:43,5.04,2010
19-02-2010,41.04,15:06,5.04,2010
20-02-2010,37.08,23:31,7.92,2010
21-02-2010,46.08,05:23,16.92,2010
22-02-2010,51.12,15:05,11.88,2010
23-02-2010,43.92,16:36,12.96,2010
24-02-2010,56.16,16:59,6.12,2010
25-02-2010,77.04,11:59,15.12,2010
26-02-2010,28.08,12:04,6.12,2010
27-02-2010,75.96,17:58,12.96,2010
28-02-2010,33.12,12:35,6.84,2010
01-03-2010,50.04,11:18,7.92,2010
02-03-2010,27,16:29,2.88,2010
03-03-2010,11.16,15:20,2.88,2010
04-03-2010,24.84,20:57,6.12,2010
05-03-2010,19.08,12:53,6.84,2010
06-03-2010,29.88,12:35,6.12,2010
07-03-2010,23.04,20:16,5.04,2010
08-03-2010,20.88,16:37,5.04,2010
09-03-2010,28.08,16:14,6.12,2010
10-03-2010,27,17:02,6.84,2010
11-03-2010,23.04,18:38,5.04,2010
12-03-2010,25.92,15:14,6.12,2010
13-03-2010,30.96,17:09,6.12,2010
14-03-2010,21.96,10:55,6.84,2010
15-03-2010,23.04,13:24,6.84,2010
16-03-2010,24.12,14:06,3.96,2010
17-03-2010,43.92,13:41,9,2010
18-03-2010,34.92,16:40,6.84,2010
19-03-2010,42.12,16:04,9,2010
20-03-2010,33.84,13:25,5.04,2010
21-03-2010,20.88,17:53,6.12,2010
22-03-2010,18,16:23,6.12,2010
23-03-2010,27,22:27,3.96,2010
24-03-2010,33.84,15:50,9,2010
25-03-2010,48.96,10:53,12.96,2010
26-03-2010,64.08,11:06,11.88,2010
27-03-2010,27,12:12,6.84,2010
28-03-2010,32.04,18:21,7.92,2010
29-03-2010,56.88,15:51,11.16,2010
30-03-2010,39.96,13:27,11.16,2010
31-03-2010,45,11:46,10.08,2010
01-04-2010,32.04,14:29,11.16,2010
02-04-2010,42.12,11:42,6.84,2010
03-04-2010,47.16,13:14,6.84,2010
04-04-2010,16.92,16:02,6.12,2010
05-04-2010,20.88,16:26,6.84,2010
06-04-2010,36,13:24,7.92,2010
07-04-2010,24.84,12:53,7.92,2010
08-04-2010,15.12,19:39,2.88,2010
09-04-2010,18,10:21,2.88,2010
10-04-2010,15.12,14:46,3.96,2010
11-04-2010,29.16,20:40,6.84,2010
12-04-2010,32.04,16:31,7.92,2010
13-04-2010,27,13:55,6.84,2010
14-04-2010,29.88,16:44,7.92,2010
15-04-2010,37.08,12:11,6.84,2010
16-04-2010,38.88,11:14,10.08,2010
17-04-2010,24.84,17:48,6.84,2010
18-04-2010,41.04,14:52,5.04,2010
19-04-2010,28.08,18:10,6.12,2010
20-04-2010,24.12,12:31,7.92,2010
21-04-2010,16.92,17:05,5.04,2010
22-04-2010,29.16,16:00,6.84,2010
23-04-2010,21.96,16:01,6.84,2010
24-04-2010,28.08,13:44,6.12,2010
25-04-2010,20.16,20:08,5.04,2010
26-04-2010,23.04,18:07,6.12,2010
27-04-2010,19.08,14:27,3.96,2010
28-04-2010,39.96,20:57,6.12,2010
29-04-2010,25.92,17:38,6.12,2010
30-04-2010,24.12,17:23,5.04,2010
01-05-2010,23.04,16:41,6.12,2010
02-05-2010,33.84,15:16,9,2010
03-05-2010,43.92,16:22,10.08,2010
04-05-2010,43.92,13:28,9,2010
05-05-2010,36,16:12,6.84,2010
06-05-2010,25.92,17:17,6.12,2010
07-05-2010,25.92,13:50,3.96,2010
08-05-2010,20.16,14:03,3.96,2010
09-05-2010,50.04,13:00,11.88,2010
10-05-2010,28.08,15:52,6.12,2010
11-05-2010,24.12,13:29,3.96,2010
12-05-2010,25.92,11:26,7.92,2010
13-05-2010,36,15:32,6.84,2010
14-05-2010,38.88,16:56,6.12,2010
15-05-2010,27,17:08,3.96,2010
16-05-2010,24.84,14:43,5.04,2010
17-05-2010,19.08,19:34,3.96,2010
18-05-2010,21.96,18:54,3.96,2010
19-05-2010,25.92,18:33,6.12,2010
20-05-2010,20.16,12:30,5.04,2010
21-05-2010,21.96,14:50,3.96,2010
22-05-2010,23.04,17:49,6.12,2010
23-05-2010,28.08,17:07,6.12,2010
24-05-2010,39.96,12:22,6.84,2010
25-05-2010,33.84,12:09,9,2010
26-05-2010,15.12,11:28,3.96,2010
27-05-2010,27,17:17,6.84,2010
28-05-2010,25.92,18:32,6.12,2010
29-05-2010,27,12:29,6.12,2010
30-05-2010,23.04,17:58,6.84,2010
31-05-2010,20.16,17:57,5.04,2010
01-06-2010,24.12,16:53,3.96,2010
02-06-2010,23.04,15:45,6.12,2010
03-06-2010,33.84,16:13,9,2010
04-06-2010,23.04,17:14,6.84,2010
05-06-2010,23.04,21:42,5.04,2010
06-06-2010,27,19:14,6.84,2010
07-06-2010,38.88,13:40,12.96,2010
08-06-2010,29.16,13:44,6.84,2010
09-06-2010,27,14:19,6.12,2010
10-06-2010,23.04,14:22,6.84,2010
11-06-2010,24.84,16:04,6.84,2010
12-06-2010,21.96,23:30,6.84,2010
13-06-2010,27,17:53,6.84,2010
14-06-2010,36,10:57,11.16,2010
15-06-2010,42.12,11:41,9,2010
16-06-2010,29.16,15:51,6.84,2010
17-06-2010,25.92,17:10,6.84,2010
18-06-2010,33.12,16:27,6.84,2010
19-06-2010,27,15:50,6.84,2010
20-06-2010,27,17:51,6.84,2010
21-06-2010,23.04,19:07,6.84,2010
22-06-2010,19.08,14:53,6.12,2010
23-06-2010,20.16,14:27,6.12,2010
24-06-2010,23.04,19:58,5.04,2010
25-06-2010,36,14:48,5.04,2010
26-06-2010,36,16:28,6.12,2010
27-06-2010,24.84,15:44,6.12,2010
28-06-2010,23.04,16:31,6.12,2010
29-06-2010,24.12,17:10,6.12,2010
30-06-2010,23.04,14:46,7.92,2010
01-07-2010,28.08,16:25,9,2010
02-07-2010,27,15:46,7.92,2010
03-07-2010,34.92,20:45,6.84,2010
04-07-2010,28.08,14:19,6.12,2010
05-07-2010,29.16,10:56,6.84,2010
06-07-2010,28.08,16:32,6.84,2010
07-07-2010,19.08,15:41,6.12,2010
08-07-2010,47.88,16:02,2.88,2010
09-07-2010,25.92,18:00,7.92,2010
10-07-2010,25.92,14:02,6.84,2010
11-07-2010,25.92,17:26,6.84,2010
12-07-2010,32.04,17:16,7.92,2010
13-07-2010,33.12,13:33,9,2010
14-07-2010,33.84,12:47,11.16,2010
15-07-2010,36,15:06,9,2010
16-07-2010,24.84,17:15,6.84,2010
17-07-2010,27,14:23,6.12,2010
18-07-2010,25.92,17:52,7.92,2010
19-07-2010,24.12,17:41,6.12,2010
20-07-2010,37.08,13:59,9,2010
21-07-2010,29.16,16:54,9,2010
22-07-2010,30.96,15:16,6.84,2010
23-07-2010,29.16,14:18,6.12,2010
24-07-2010,29.88,16:18,6.84,2010
25-07-2010,28.08,16:04,6.84,2010
26-07-2010,25.92,18:06,6.84,2010
27-07-2010,25.92,17:57,6.84,2010
28-07-2010,28.08,17:30,6.84,2010
29-07-2010,28.08,13:58,7.92,2010
30-07-2010,27,17:52,6.12,2010
31-07-2010,24.84,14:59,6.84,2010
01-08-2010,28.08,18:47,6.84,2010
02-08-2010,32.04,17:46,6.84,2010
03-08-2010,30.96,16:34,6.84,2010
04-08-2010,32.04,16:33,7.92,2010
05-08-2010,28.08,13:18,6.12,2010
06-08-2010,25.92,17:59,6.12,2010
07-08-2010,29.88,16:43,6.12,2010
08-08-2010,21.96,16:47,6.84,2010
09-08-2010,20.88,18:19,5.04,2010
10-08-2010,34.92,14:11,7.92,2010
11-08-2010,29.88,16:45,6.84,2010
12-08-2010,33.12,15:40,6.12,2010
13-08-2010,36,14:20,7.92,2010
14-08-2010,29.88,15:58,7.92,2010
15-08-2010,28.08,16:58,6.84,2010
16-08-2010,23.04,15:04,6.12,2010
17-08-2010,29.16,16:27,7.92,2010
18-08-2010,32.04,14:28,7.92,2010
19-08-2010,24.12,18:36,6.84,2010
20-08-2010,24.12,15:32,6.84,2010
21-08-2010,28.08,15:17,7.92,2010
22-08-2010,33.12,15:32,6.12,2010
23-08-2010,41.04,13:42,10.08,2010
24-08-2010,27,18:13,7.92,2010
25-08-2010,29.16,16:33,6.12,2010
26-08-2010,48.96,15:40,9,2010
27-08-2010,24.12,13:03,10.08,2010
28-08-2010,24.12,21:27,6.12,2010
29-08-2010,23.04,18:21,6.12,2010
30-08-2010,24.12,18:20,5.04,2010
31-08-2010,30.96,16:55,5.04,2010
01-09-2010,19.08,13:03,2.88,2010
02-09-2010,28.08,16:39,7.92,2010
03-09-2010,24.84,18:50,5.04,2010
04-09-2010,23.04,17:18,6.84,2010
05-09-2010,32.04,16:37,9,2010
06-09-2010,24.12,09:45,6.84,2010
07-09-2010,42.84,13:12,11.88,2010
08-09-2010,33.12,13:03,7.92,2010
09-09-2010,15.84,14:17,5.04,2010
10-09-2010,16.92,15:33,5.04,2010
11-09-2010,30.96,16:29,6.84,2010
12-09-2010,30.96,15:38,6.84,2010
13-09-2010,20.88,10:18,5.04,2010
14-09-2010,15.12,15:00,3.96,2010
15-09-2010,37.08,14:01,6.84,2010
16-09-2010,24.12,15:40,5.04,2010
17-09-2010,20.88,16:53,5.04,2010
18-09-2010,18,12:56,5.04,2010
19-09-2010,18,13:55,6.12,2010
20-09-2010,28.08,17:24,5.04,2010
21-09-2010,21.96,13:55,6.12,2010
22-09-2010,14.04,22:16,3.96,2010
23-09-2010,28.08,15:28,6.12,2010
24-09-2010,23.04,16:22,6.84,2010
25-09-2010,32.04,16:54,6.84,2010
26-09-2010,18,11:04,3.96,2010
27-09-2010,19.08,13:41,6.12,2010
28-09-2010,20.16,14:07,3.96,2010
29-09-2010,24.12,16:26,7.92,2010
30-09-2010,19.08,17:35,6.12,2010
01-10-2010,32.04,15:55,6.84,2010
02-10-2010,41.04,14:08,9,2010
03-10-2010,68.04,16:37,18,2010
04-10-2010,29.88,16:51,5.04,2010
05-10-2010,38.88,19:12,10.08,2010
06-10-2010,14.04,18:18,2.88,2010
07-10-2010,37.08,10:59,5.04,2010
08-10-2010,61.92,09:13,15.12,2010
09-10-2010,38.16,01:30,5.04,2010
10-10-2010,18,15:48,5.04,2010
11-10-2010,23.04,16:52,5.04,2010
12-10-2010,14.04,21:12,3.96,2010
13-10-2010,18,15:40,3.96,2010
14-10-2010,12.96,14:06,2.88,2010
15-10-2010,20.88,10:45,5.04,2010
16-10-2010,24.84,11:40,5.04,2010
17-10-2010,21.96,20:20,6.12,2010
18-10-2010,18,13:55,3.96,2010
19-10-2010,15.12,11:51,5.04,2010
20-10-2010,15.84,14:28,3.96,2010
21-10-2010,15.84,14:46,5.04,2010
22-10-2010,7.92,07:33,2.88,2010
23-10-2010,19.08,16:39,2.88,2010
24-10-2010,21.96,12:47,5.04,2010
25-10-2010,16.92,08:47,5.04,2010
26-10-2010,11.88,14:24,2.88,2010
27-10-2010,9,11:19,2.88,2010
28-10-2010,12.96,13:42,5.04,2010
29-10-2010,39.96,06:24,9,2010
30-10-2010,47.88,10:50,10.08,2010
31-10-2010,27,13:38,7.92,2010
01-11-2010,19.08,14:43,2.88,2010
02-11-2010,12.96,16:22,2.88,2010
03-11-2010,10.08,08:22,2.16,2010
04-11-2010,11.16,08:25,3.96,2010
05-11-2010,11.88,10:41,3.96,2010
06-11-2010,24.12,16:18,6.12,2010
07-11-2010,23.04,16:07,2.88,2010
08-11-2010,47.88,14:13,12.96,2010
09-11-2010,38.88,12:51,9,2010
10-11-2010,30.96,13:52,5.04,2010
11-11-2010,30.96,13:08,6.84,2010
12-11-2010,18,02:59,3.96,2010
13-11-2010,48.96,18:35,15.12,2010
14-11-2010,32.04,10:52,6.84,2010
15-11-2010,21.96,13:46,2.16,2010
16-11-2010,28.08,22:59,6.12,2010
17-11-2010,29.88,11:58,6.84,2010
18-11-2010,18,14:55,3.96,2010
19-11-2010,29.88,18:43,6.12,2010
20-11-2010,38.88,14:13,9,2010
21-11-2010,23.04,14:18,5.04,2010
22-11-2010,15.84,14:41,3.96,2010
23-11-2010,12.96,05:10,3.96,2010
24-11-2010,12.96,15:34,5.04,2010
25-11-2010,12.96,08:43,3.96,2010
26-11-2010,16.92,13:54,5.04,2010
27-11-2010,14.04,06:48,5.04,2010
28-11-2010,11.16,09:14,3.96,2010
29-11-2010,27,22:55,5.04,2010
30-11-2010,38.88,09:17,11.16,2010
01-12-2010,36,17:37,6.12,2010
02-12-2010,21.96,17:03,5.04,2010
03-12-2010,11.88,12:38,3.96,2010
04-12-2010,42.12,13:38,10.08,2010
05-12-2010,47.88,04:45,15.84,2010
06-12-2010,38.88,10:26,6.12,2010
07-12-2010,28.08,13:03,6.84,2010
08-12-2010,34.92,02:11,6.12,2010
09-12-2010,20.88,00:15,2.88,2010
10-12-2010,10.08,07:30,3.96,2010
11-12-2010,28.08,15:40,3.96,2010
12-12-2010,10.08,07:52,2.16,2010
13-12-2010,11.88,07:16,3.96,2010
14-12-2010,11.88,03:35,2.88,2010
15-12-2010,27,17:24,5.04,2010
16-12-2010,14.04,12:19,5.04,2010
17-12-2010,9,07:49,2.88,2010
18-12-2010,14.04,09:18,3.96,2010
19-12-2010,11.16,09:43,3.96,2010
20-12-2010,16.92,19:26,2.88,2010
21-12-2010,12.96,14:41,3.96,2010
22-12-2010,24.12,22:53,3.96,2010
23-12-2010,29.16,13:54,6.84,2010
24-12-2010,10.08,07:36,3.96,2010
25-12-2010,24.84,15:39,6.84,2010
26-12-2010,23.04,16:26,6.12,2010
27-12-2010,37.08,20:30,6.84,2010
28-12-2010,29.88,11:26,5.04,2010
29-12-2010,51.12,11:50,11.16,2010
30-12-2010,39.96,13:13,9,2010
31-12-2010,21.96,13:55,3.96,2010
01-01-2011,6.84,13:57,2.16,2011
02-01-2011,11.88,15:03,3.96,2011
03-01-2011,11.88,09:21,3.96,2011
04-01-2011,15.84,14:06,2.88,2011
05-01-2011,28.08,17:21,5.04,2011
06-01-2011,27,00:36,5.04,2011
07-01-2011,51.12,11:06,11.88,2011
08-01-2011,28.08,12:04,6.12,2011
09-01-2011,11.88,14:06,3.96,2011
10-01-2011,19.08,22:00,2.88,2011
11-01-2011,16.92,00:07,3.96,2011
12-01-2011,14.04,18:33,6.12,2011
13-01-2011,28.08,11:47,6.12,2011
14-01-2011,12.96,14:19,3.96,2011
15-01-2011,43.92,16:45,9,2011
16-01-2011,41.04,12:08,11.16,2011
17-01-2011,18,00:12,3.96,2011
18-01-2011,10.08,06:36,2.88,2011
19-01-2011,20.88,13:56,3.96,2011
20-01-2011,19.08,14:21,6.12,2011
21-01-2011,19.08,14:46,3.96,2011
22-01-2011,23.04,15:41,5.04,2011
23-01-2011,29.88,18:22,6.84,2011
24-01-2011,19.08,15:38,5.04,2011
25-01-2011,15.84,12:27,2.88,2011
26-01-2011,18,15:22,3.96,2011
27-01-2011,33.12,13:24,6.12,2011
28-01-2011,15.84,18:00,5.04,2011
29-01-2011,18,16:10,2.88,2011
30-01-2011,33.12,13:35,6.12,2011
31-01-2011,28.08,14:10,3.96,2011
01-02-2011,19.08,15:18,5.04,2011
02-02-2011,11.88,13:10,2.88,2011
03-02-2011,20.88,17:47,5.04,2011
04-02-2011,11.16,09:35,3.96,2011
05-02-2011,11.16,07:42,3.96,2011
06-02-2011,10.08,14:56,3.96,2011
07-02-2011,12.96,15:20,3.96,2011
08-02-2011,33.84,14:23,5.04,2011
09-02-2011,39.96,11:52,11.88,2011
10-02-2011,32.04,11:00,7.92,2011
11-02-2011,42.12,10:55,7.92,2011
12-02-2011,21.96,17:06,6.12,2011
13-02-2011,38.88,09:54,6.12,2011
14-02-2011,39.96,17:20,9,2011
15-02-2011,42.84,14:50,5.04,2011
16-02-2011,83.88,14:09,10.08,2011
17-02-2011,34.92,09:53,5.04,2011
18-02-2011,33.84,12:35,6.84,2011
19-02-2011,11.88,15:45,2.88,2011
20-02-2011,41.04,12:57,9,2011
21-02-2011,29.88,13:30,6.84,2011
22-02-2011,16.92,12:17,2.88,2011
23-02-2011,16.92,14:40,5.04,2011
24-02-2011,12.96,11:20,2.88,2011
25-02-2011,15.84,08:13,3.96,2011
26-02-2011,11.88,15:31,3.96,2011
27-02-2011,42.12,14:04,7.92,2011
28-02-2011,36,12:05,9,2011
01-03-2011,34.92,14:11,7.92,2011
02-03-2011,36,16:47,6.84,2011
03-03-2011,32.04,20:57,6.84,2011
04-03-2011,28.08,14:47,5.04,2011
05-03-2011,32.04,17:55,10.08,2011
06-03-2011,37.08,15:04,5.04,2011
07-03-2011,21.96,14:41,5.04,2011
08-03-2011,41.04,13:43,5.04,2011
09-03-2011,33.12,14:34,6.84,2011
10-03-2011,18,16:11,2.88,2011
11-03-2011,20.88,22:21,3.96,2011
12-03-2011,30.96,14:58,6.84,2011
13-03-2011,19.08,14:36,2.88,2011
14-03-2011,11.88,00:14,3.96,2011
15-03-2011,23.04,15:48,6.12,2011
16-03-2011,20.88,14:49,3.96,2011
17-03-2011,15.12,17:16,6.12,2011
18-03-2011,20.88,11:51,6.84,2011
19-03-2011,19.08,17:25,5.04,2011
20-03-2011,24.12,18:57,6.12,2011
21-03-2011,30.96,18:18,6.12,2011
22-03-2011,24.12,12:41,6.12,2011
23-03-2011,39.96,13:54,3.96,2011
24-03-2011,38.88,13:25,7.92,2011
25-03-2011,36,09:32,6.12,2011
26-03-2011,47.88,15:13,7.92,2011
27-03-2011,37.08,11:10,9,2011
28-03-2011,28.08,15:59,6.12,2011
29-03-2011,32.04,15:56,7.92,2011
30-03-2011,28.08,14:36,9,2011
31-03-2011,20.88,15:14,6.12,2011
01-04-2011,54,15:03,11.88,2011
02-04-2011,21.96,17:03,6.12,2011
03-04-2011,29.16,13:32,6.12,2011
04-04-2011,20.88,22:07,6.12,2011
05-04-2011,27,13:47,6.12,2011
06-04-2011,19.08,15:06,5.04,2011
07-04-2011,12.96,12:10,3.96,2011
08-04-2011,34.92,12:57,7.92,2011
09-04-2011,30.96,14:11,11.16,2011
10-04-2011,32.04,13:14,6.12,2011
11-04-2011,34.92,18:58,6.84,2011
12-04-2011,23.04,18:57,6.12,2011
13-04-2011,24.12,17:40,6.84,2011
14-04-2011,27,15:32,3.96,2011
15-04-2011,27,19:31,6.84,2011
16-04-2011,21.96,19:18,5.04,2011
17-04-2011,23.04,13:42,7.92,2011
18-04-2011,37.08,13:40,6.12,2011
19-04-2011,29.88,16:13,2.88,2011
20-04-2011,30.96,11:42,5.04,2011
21-04-2011,32.04,15:40,6.84,2011
22-04-2011,27,17:58,6.12,2011
23-04-2011,30.96,17:19,6.84,2011
24-04-2011,45,16:47,6.84,2011
25-04-2011,28.08,15:22,6.12,2011
26-04-2011,29.88,16:39,6.84,2011
27-04-2011,23.04,18:27,2.88,2011
28-04-2011,23.04,17:59,6.84,2011
29-04-2011,37.08,14:35,2.88,2011
30-04-2011,18,11:35,3.96,2011
01-05-2011,20.88,13:13,3.96,2011
02-05-2011,34.92,15:43,5.04,2011
03-05-2011,25.92,17:35,6.84,2011
04-05-2011,21.96,13:00,6.12,2011
05-05-2011,29.88,14:34,6.12,2011
06-05-2011,37.08,14:46,7.92,2011
07-05-2011,46.08,15:46,10.08,2011
08-05-2011,46.08,12:35,10.08,2011
09-05-2011,23.04,13:14,6.84,2011
10-05-2011,24.84,20:25,5.04,2011
11-05-2011,28.08,17:30,7.92,2011
12-05-2011,25.92,16:37,6.84,2011
13-05-2011,33.12,15:52,7.92,2011
14-05-2011,39.96,13:39,9,2011
15-05-2011,28.08,17:50,6.84,2011
16-05-2011,21.96,20:24,5.04,2011
17-05-2011,20.16,22:23,3.96,2011
18-05-2011,33.12,14:59,5.04,2011
19-05-2011,28.08,17:58,7.92,2011
20-05-2011,24.84,16:14,5.04,2011
21-05-2011,34.92,14:15,9,2011
22-05-2011,25.92,17:58,7.92,2011
23-05-2011,25.92,17:03,6.84,2011
24-05-2011,24.12,16:27,5.04,2011
25-05-2011,33.12,15:27,3.96,2011
26-05-2011,30.96,16:48,6.84,2011
27-05-2011,27,18:01,6.84,2011
28-05-2011,27,15:44,5.04,2011
29-05-2011,41.04,14:53,6.12,2011
30-05-2011,33.12,14:07,7.92,2011
31-05-2011,36,16:47,7.92,2011
01-06-2011,29.16,17:26,7.92,2011
02-06-2011,27,11:27,6.12,2011
03-06-2011,21.96,19:27,6.84,2011
04-06-2011,27,15:32,6.12,2011
05-06-2011,33.12,14:39,2.88,2011
06-06-2011,30.96,17:33,6.12,2011
07-06-2011,24.84,19:40,6.12,2011
08-06-2011,24.12,12:51,6.12,2011
09-06-2011,28.08,15:09,6.12,2011
10-06-2011,25.92,17:28,7.92,2011
11-06-2011,23.04,15:42,7.92,2011
12-06-2011,29.88,13:08,9,2011
13-06-2011,30.96,14:07,9,2011
14-06-2011,30.96,12:17,9,2011
15-06-2011,32.04,15:38,9,2011
16-06-2011,20.16,18:58,6.12,2011
17-06-2011,41.04,15:46,12.96,2011
18-06-2011,25.92,16:50,6.84,2011
19-06-2011,23.04,14:28,6.12,2011
20-06-2011,33.12,13:04,7.92,2011
21-06-2011,32.04,14:22,7.92,2011
22-06-2011,27,19:27,9,2011
23-06-2011,27,15:58,6.84,2011
24-06-2011,25.92,22:11,5.04,2011
25-06-2011,24.84,15:03,6.84,2011
26-06-2011,27,14:53,6.84,2011
27-06-2011,33.84,15:12,10.08,2011
28-06-2011,36,14:35,7.92,2011
29-06-2011,33.12,16:49,7.92,2011
30-06-2011,28.08,16:42,6.12,2011
01-07-2011,27,18:14,7.92,2011
02-07-2011,30.96,13:52,7.92,2011
03-07-2011,32.04,16:56,7.92,2011
04-07-2011,27,19:35,7.92,2011
05-07-2011,29.88,13:40,11.88,2011
06-07-2011,32.04,19:23,10.08,2011
07-07-2011,36,15:15,9,2011
08-07-2011,36,15:06,9,2011
09-07-2011,27,12:23,5.04,2011
10-07-2011,21.96,19:55,7.92,2011
11-07-2011,23.04,12:06,7.92,2011
12-07-2011,29.16,16:05,6.84,2011
13-07-2011,24.84,15:09,5.04,2011
14-07-2011,21.96,17:21,6.84,2011
15-07-2011,27,18:09,6.84,2011
16-07-2011,30.96,15:15,7.92,2011
17-07-2011,33.84,16:18,11.16,2011
18-07-2011,32.04,17:10,9,2011
19-07-2011,29.16,18:26,6.84,2011
20-07-2011,29.88,17:41,6.84,2011
21-07-2011,33.12,13:53,6.84,2011
22-07-2011,32.04,16:36,6.12,2011
23-07-2011,25.92,12:58,6.84,2011
24-07-2011,29.88,16:57,5.04,2011
25-07-2011,30.96,11:16,5.04,2011
26-07-2011,28.08,14:14,6.84,2011
27-07-2011,37.08,15:36,6.84,2011
28-07-2011,30.96,22:06,5.04,2011
29-07-2011,29.88,15:37,5.04,2011
30-07-2011,24.12,18:14,6.12,2011
31-07-2011,23.04,18:35,6.12,2011
01-08-2011,30.96,15:39,6.84,2011
02-08-2011,29.88,16:43,7.92,2011
03-08-2011,24.12,15:32,6.12,2011
04-08-2011,33.12,14:34,10.08,2011
05-08-2011,28.08,16:36,6.12,2011
06-08-2011,36,11:22,9,2011
07-08-2011,37.08,14:16,9,2011
08-08-2011,29.88,17:02,6.12,2011
09-08-2011,27,14:06,6.12,2011
10-08-2011,23.04,18:32,5.04,2011
11-08-2011,25.92,13:52,6.12,2011
12-08-2011,25.92,18:08,6.84,2011
13-08-2011,37.08,14:36,11.16,2011
14-08-2011,29.88,15:37,7.92,2011
15-08-2011,21.96,12:10,5.04,2011
16-08-2011,33.12,16:22,5.04,2011
17-08-2011,24.84,18:40,7.92,2011
18-08-2011,24.12,18:44,6.12,2011
19-08-2011,20.88,14:38,5.04,2011
20-08-2011,33.84,14:47,5.04,2011
21-08-2011,47.88,20:38,9,2011
22-08-2011,16.92,15:52,5.04,2011
23-08-2011,23.04,14:27,6.84,2011
24-08-2011,19.08,15:25,6.12,2011
25-08-2011,41.04,15:52,6.12,2011
26-08-2011,29.88,12:43,7.92,2011
27-08-2011,20.88,20:41,3.96,2011
28-08-2011,27,15:30,7.92,2011
29-08-2011,23.04,17:03,6.84,2011
30-08-2011,38.88,15:57,9,2011
31-08-2011,36,12:35,6.84,2011
01-09-2011,33.12,12:37,9,2011
02-09-2011,29.88,10:24,6.12,2011
03-09-2011,34.92,15:52,10.08,2011
04-09-2011,32.04,15:35,6.84,2011
05-09-2011,18,13:53,5.04,2011
06-09-2011,27,15:25,6.84,2011
07-09-2011,20.88,Varias,6.12,2011
08-09-2011,16.92,13:07,3.96,2011
09-09-2011,33.12,13:54,9,2011
10-09-2011,36,13:26,9,2011
11-09-2011,30.96,15:13,6.84,2011
12-09-2011,21.96,19:50,5.04,2011
13-09-2011,30.96,18:18,6.84,2011
14-09-2011,20.88,16:14,3.96,2011
15-09-2011,27,14:07,6.12,2011
16-09-2011,21.96,19:21,3.96,2011
17-09-2011,27,17:02,7.92,2011
18-09-2011,32.04,13:29,5.04,2011
19-09-2011,21.96,Varias,5.04,2011
20-09-2011,29.88,18:44,6.12,2011
21-09-2011,23.04,18:17,2.88,2011
22-09-2011,20.88,19:21,6.12,2011
23-09-2011,32.04,13:43,6.12,2011
24-09-2011,27,16:53,6.12,2011
25-09-2011,21.96,16:38,6.12,2011
26-09-2011,27,14:59,5.04,2011
27-09-2011,10.08,17:51,2.88,2011
28-09-2011,11.16,11:06,2.88,2011
29-09-2011,28.08,15:07,5.04,2011
30-09-2011,23.04,13:07,6.12,2011
01-10-2011,33.84,12:19,6.12,2011
02-10-2011,18,12:27,2.16,2011
03-10-2011,20.88,18:19,3.96,2011
04-10-2011,21.96,17:16,5.04,2011
05-10-2011,19.08,17:15,6.12,2011
06-10-2011,29.16,15:35,3.96,2011
07-10-2011,33.84,14:20,6.12,2011
08-10-2011,25.92,16:37,2.88,2011
09-10-2011,15.12,10:57,3.96,2011
10-10-2011,18,13:55,2.88,2011
11-10-2011,11.88,11:53,2.88,2011
12-10-2011,11.88,15:46,5.04,2011
13-10-2011,11.16,13:22,2.88,2011
14-10-2011,11.88,13:14,2.16,2011
15-10-2011,9,11:57,2.16,2011
16-10-2011,7.92,14:15,2.16,2011
17-10-2011,11.88,11:50,3.96,2011
18-10-2011,16.92,17:56,6.84,2011
19-10-2011,20.16,20:05,3.96,2011
20-10-2011,20.16,11:30,3.96,2011
21-10-2011,20.16,12:12,2.88,2011
22-10-2011,23.04,16:37,3.96,2011
23-10-2011,51.12,13:15,15.84,2011
24-10-2011,46.08,13:43,7.92,2011
25-10-2011,29.88,14:00,6.84,2011
26-10-2011,55.08,14:46,11.16,2011
27-10-2011,30.96,15:25,0,2011
28-10-2011,14.04,14:16,5.04,2011
29-10-2011,12.96,05:01,3.96,2011
30-10-2011,12.96,16:59,2.88,2011
31-10-2011,24.84,13:54,2.88,2011
01-11-2011,15.12,12:44,6.12,2011
02-11-2011,0,,0,2011
03-11-2011,0,,0,2011
04-11-2011,0,,0,2011
05-11-2011,0,,0,2011
06-11-2011,0,,0,2011
07-11-2011,0,,0,2011
08-11-2011,0,,0,2011
09-11-2011,0,,0,2011
10-11-2011,0,,0,2011
11-11-2011,0,,0,2011
12-11-2011,0,,0,2011
13-11-2011,0,,0,2011
14-11-2011,0,,0,2011
15-11-2011,0,,0,2011
16-11-2011,0,,0,2011
17-11-2011,0,,0,2011
18-11-2011,33.84,14:00,5.04,2011
19-11-2011,11.88,12:30,1.08,2011
20-11-2011,11.88,14:50,2.16,2011
21-11-2011,0,,0,2011
22-11-2011,0,,0,2011
23-11-2011,24.84,11:30,3.96,2011
24-11-2011,11.16,16:40,2.16,2011
25-11-2011,15.12,07:10,3.96,2011
26-11-2011,10.08,07:00,2.88,2011
27-11-2011,14.04,10:10,2.88,2011
28-11-2011,12.96,03:40,2.88,2011
29-11-2011,14.04,17:40,2.88,2011
30-11-2011,33.84,17:20,7.92,2011
01-12-2011,36,12:50,11.88,2011
02-12-2011,23.04,00:00,2.88,2011
03-12-2011,11.16,01:50,2.88,2011
04-12-2011,15.12,14:30,2.16,2011
05-12-2011,19.08,15:00,2.88,2011
06-12-2011,14.04,06:00,3.96,2011
07-12-2011,14.04,12:50,5.04,2011
08-12-2011,10.08,13:40,2.16,2011
09-12-2011,18,16:30,2.16,2011
10-12-2011,33.12,04:10,5.04,2011
11-12-2011,10.08,01:30,2.88,2011
12-12-2011,18,16:10,3.96,2011
13-12-2011,38.16,20:50,9,2011
14-12-2011,45,00:20,9,2011
15-12-2011,45,23:50,10.08,2011
16-12-2011,47.88,08:00,12.96,2011
17-12-2011,16.92,13:30,2.88,2011
18-12-2011,11.16,16:10,1.08,2011
19-12-2011,11.88,08:10,2.88,2011
20-12-2011,9,16:40,1.08,2011
21-12-2011,11.16,15:10,2.88,2011
22-12-2011,15.12,17:50,3.96,2011
23-12-2011,12.96,08:00,2.88,2011
24-12-2011,16.92,15:20,2.88,2011
25-12-2011,11.88,04:50,2.16,2011
26-12-2011,11.88,07:30,2.88,2011
27-12-2011,10.08,07:40,2.16,2011
28-12-2011,14.04,13:40,5.04,2011
29-12-2011,16.92,14:20,2.16,2011
30-12-2011,11.16,09:20,2.88,2011
31-12-2011,9,13:20,1.08,2011
01-01-2011,6.84,13:57,2.16,2011
02-01-2011,11.88,15:03,3.96,2011
03-01-2011,11.88,09:21,3.96,2011
04-01-2011,15.84,14:06,2.88,2011
05-01-2011,28.08,17:21,5.04,2011
06-01-2011,27,00:36,5.04,2011
07-01-2011,51.12,11:06,11.88,2011
08-01-2011,28.08,12:04,6.12,2011
09-01-2011,11.88,14:06,3.96,2011
10-01-2011,19.08,22:00,2.88,2011
11-01-2011,16.92,00:07,3.96,2011
12-01-2011,14.04,18:33,6.12,2011
13-01-2011,28.08,11:47,6.12,2011
14-01-2011,12.96,14:19,3.96,2011
15-01-2011,43.92,16:45,9,2011
16-01-2011,41.04,12:08,11.16,2011
17-01-2011,18,00:12,3.96,2011
18-01-2011,10.08,06:36,2.88,2011
19-01-2011,20.88,13:56,3.96,2011
20-01-2011,19.08,14:21,6.12,2011
21-01-2011,19.08,14:46,3.96,2011
22-01-2011,23.04,15:41,5.04,2011
23-01-2011,29.88,18:22,6.84,2011
24-01-2011,19.08,15:38,5.04,2011
25-01-2011,15.84,12:27,2.88,2011
26-01-2011,18,15:22,3.96,2011
27-01-2011,33.12,13:24,6.12,2011
28-01-2011,15.84,18:00,5.04,2011
29-01-2011,18,16:10,2.88,2011
30-01-2011,33.12,13:35,6.12,2011
31-01-2011,28.08,14:10,3.96,2011
01-02-2011,19.08,15:18,5.04,2011
02-02-2011,11.88,13:10,2.88,2011
03-02-2011,20.88,17:47,5.04,2011
04-02-2011,11.16,09:35,3.96,2011
05-02-2011,11.16,07:42,3.96,2011
06-02-2011,10.08,14:56,3.96,2011
07-02-2011,12.96,15:20,3.96,2011
08-02-2011,33.84,14:23,5.04,2011
09-02-2011,39.96,11:52,11.88,2011
10-02-2011,32.04,11:00,7.92,2011
11-02-2011,42.12,10:55,7.92,2011
12-02-2011,21.96,17:06,6.12,2011
13-02-2011,38.88,09:54,6.12,2011
14-02-2011,39.96,17:20,9,2011
15-02-2011,42.84,14:50,5.04,2011
16-02-2011,83.88,14:09,10.08,2011
17-02-2011,34.92,09:53,5.04,2011
18-02-2011,33.84,12:35,6.84,2011
19-02-2011,11.88,15:45,2.88,2011
20-02-2011,41.04,12:57,9,2011
21-02-2011,29.88,13:30,6.84,2011
22-02-2011,16.92,12:17,2.88,2011
23-02-2011,16.92,14:40,5.04,2011
24-02-2011,12.96,11:20,2.88,2011
25-02-2011,15.84,08:13,3.96,2011
26-02-2011,11.88,15:31,3.96,2011
27-02-2011,42.12,14:04,7.92,2011
28-02-2011,36,12:05,9,2011
01-03-2011,34.92,14:11,7.92,2011
02-03-2011,36,16:47,6.84,2011
03-03-2011,32.04,20:57,6.84,2011
04-03-2011,28.08,14:47,5.04,2011
05-03-2011,32.04,17:55,10.08,2011
06-03-2011,37.08,15:04,5.04,2011
07-03-2011,21.96,14:41,5.04,2011
08-03-2011,41.04,13:43,5.04,2011
09-03-2011,33.12,14:34,6.84,2011
10-03-2011,18,16:11,2.88,2011
11-03-2011,20.88,22:21,3.96,2011
12-03-2011,30.96,14:58,6.84,2011
13-03-2011,19.08,14:36,2.88,2011
14-03-2011,11.88,00:14,3.96,2011
15-03-2011,23.04,15:48,6.12,2011
16-03-2011,20.88,14:49,3.96,2011
17-03-2011,15.12,17:16,6.12,2011
18-03-2011,20.88,11:51,6.84,2011
19-03-2011,19.08,17:25,5.04,2011
20-03-2011,24.12,18:57,6.12,2011
21-03-2011,30.96,18:18,6.12,2011
22-03-2011,24.12,12:41,6.12,2011
23-03-2011,39.96,13:54,3.96,2011
24-03-2011,38.88,13:25,7.92,2011
25-03-2011,36,09:32,6.12,2011
26-03-2011,47.88,15:13,7.92,2011
27-03-2011,37.08,11:10,9,2011
28-03-2011,28.08,15:59,6.12,2011
29-03-2011,32.04,15:56,7.92,2011
30-03-2011,28.08,14:36,9,2011
31-03-2011,20.88,15:14,6.12,2011
01-04-2011,54,15:03,11.88,2011
02-04-2011,21.96,17:03,6.12,2011
03-04-2011,29.16,13:32,6.12,2011
04-04-2011,20.88,22:07,6.12,2011
05-04-2011,27,13:47,6.12,2011
06-04-2011,19.08,15:06,5.04,2011
07-04-2011,12.96,12:10,3.96,2011
08-04-2011,34.92,12:57,7.92,2011
09-04-2011,30.96,14:11,11.16,2011
10-04-2011,32.04,13:14,6.12,2011
11-04-2011,34.92,18:58,6.84,2011
12-04-2011,23.04,18:57,6.12,2011
13-04-2011,24.12,17:40,6.84,2011
14-04-2011,27,15:32,3.96,2011
15-04-2011,27,19:31,6.84,2011
16-04-2011,21.96,19:18,5.04,2011
17-04-2011,23.04,13:42,7.92,2011
18-04-2011,37.08,13:40,6.12,2011
19-04-2011,29.88,16:13,2.88,2011
20-04-2011,30.96,11:42,5.04,2011
21-04-2011,32.04,15:40,6.84,2011
22-04-2011,27,17:58,6.12,2011
23-04-2011,30.96,17:19,6.84,2011
24-04-2011,45,16:47,6.84,2011
25-04-2011,28.08,15:22,6.12,2011
26-04-2011,29.88,16:39,6.84,2011
27-04-2011,23.04,18:27,2.88,2011
28-04-2011,23.04,17:59,6.84,2011
29-04-2011,37.08,14:35,2.88,2011
30-04-2011,18,11:35,3.96,2011
01-05-2011,20.88,13:13,3.96,2011
02-05-2011,34.92,15:43,5.04,2011
03-05-2011,25.92,17:35,6.84,2011
04-05-2011,21.96,13:00,6.12,2011
05-05-2011,29.88,14:34,6.12,2011
06-05-2011,37.08,14:46,7.92,2011
07-05-2011,46.08,15:46,10.08,2011
08-05-2011,46.08,12:35,10.08,2011
09-05-2011,23.04,13:14,6.84,2011
10-05-2011,24.84,20:25,5.04,2011
11-05-2011,28.08,17:30,7.92,2011
12-05-2011,25.92,16:37,6.84,2011
13-05-2011,33.12,15:52,7.92,2011
14-05-2011,39.96,13:39,9,2011
15-05-2011,28.08,17:50,6.84,2011
16-05-2011,21.96,20:24,5.04,2011
17-05-2011,20.16,22:23,3.96,2011
18-05-2011,33.12,14:59,5.04,2011
19-05-2011,28.08,17:58,7.92,2011
20-05-2011,24.84,16:14,5.04,2011
21-05-2011,34.92,14:15,9,2011
22-05-2011,25.92,17:58,7.92,2011
23-05-2011,25.92,17:03,6.84,2011
24-05-2011,24.12,16:27,5.04,2011
25-05-2011,33.12,15:27,3.96,2011
26-05-2011,30.96,16:48,6.84,2011
27-05-2011,27,18:01,6.84,2011
28-05-2011,27,15:44,5.04,2011
29-05-2011,41.04,14:53,6.12,2011
30-05-2011,33.12,14:07,7.92,2011
31-05-2011,36,16:47,7.92,2011
01-06-2011,29.16,17:26,7.92,2011
02-06-2011,27,11:27,6.12,2011
03-06-2011,21.96,19:27,6.84,2011
04-06-2011,27,15:32,6.12,2011
05-06-2011,33.12,14:39,2.88,2011
06-06-2011,30.96,17:33,6.12,2011
07-06-2011,24.84,19:40,6.12,2011
08-06-2011,24.12,12:51,6.12,2011
09-06-2011,28.08,15:09,6.12,2011
10-06-2011,25.92,17:28,7.92,2011
11-06-2011,23.04,15:42,7.92,2011
12-06-2011,29.88,13:08,9,2011
13-06-2011,30.96,14:07,9,2011
14-06-2011,30.96,12:17,9,2011
15-06-2011,32.04,15:38,9,2011
16-06-2011,20.16,18:58,6.12,2011
17-06-2011,41.04,15:46,12.96,2011
18-06-2011,25.92,16:50,6.84,2011
19-06-2011,23.04,14:28,6.12,2011
20-06-2011,33.12,13:04,7.92,2011
21-06-2011,32.04,14:22,7.92,2011
22-06-2011,27,19:27,9,2011
23-06-2011,27,15:58,6.84,2011
24-06-2011,25.92,22:11,5.04,2011
25-06-2011,24.84,15:03,6.84,2011
26-06-2011,27,14:53,6.84,2011
27-06-2011,33.84,15:12,10.08,2011
28-06-2011,36,14:35,7.92,2011
29-06-2011,33.12,16:49,7.92,2011
30-06-2011,28.08,16:42,6.12,2011
01-07-2011,27,18:14,7.92,2011
02-07-2011,30.96,13:52,7.92,2011
03-07-2011,32.04,16:56,7.92,2011
04-07-2011,27,19:35,7.92,2011
05-07-2011,29.88,13:40,11.88,2011
06-07-2011,32.04,19:23,10.08,2011
07-07-2011,36,15:15,9,2011
08-07-2011,36,15:06,9,2011
09-07-2011,27,12:23,5.04,2011
10-07-2011,21.96,19:55,7.92,2011
11-07-2011,23.04,12:06,7.92,2011
12-07-2011,29.16,16:05,6.84,2011
13-07-2011,24.84,15:09,5.04,2011
14-07-2011,21.96,17:21,6.84,2011
15-07-2011,27,18:09,6.84,2011
16-07-2011,30.96,15:15,7.92,2011
17-07-2011,33.84,16:18,11.16,2011
18-07-2011,32.04,17:10,9,2011
19-07-2011,29.16,18:26,6.84,2011
20-07-2011,29.88,17:41,6.84,2011
21-07-2011,33.12,13:53,6.84,2011
22-07-2011,32.04,16:36,6.12,2011
23-07-2011,25.92,12:58,6.84,2011
24-07-2011,29.88,16:57,5.04,2011
25-07-2011,30.96,11:16,5.04,2011
26-07-2011,28.08,14:14,6.84,2011
27-07-2011,37.08,15:36,6.84,2011
28-07-2011,30.96,22:06,5.04,2011
29-07-2011,29.88,15:37,5.04,2011
30-07-2011,24.12,18:14,6.12,2011
31-07-2011,23.04,18:35,6.12,2011
01-08-2011,30.96,15:39,6.84,2011
02-08-2011,29.88,16:43,7.92,2011
03-08-2011,24.12,15:32,6.12,2011
04-08-2011,33.12,14:34,10.08,2011
05-08-2011,28.08,16:36,6.12,2011
06-08-2011,36,11:22,9,2011
07-08-2011,37.08,14:16,9,2011
08-08-2011,29.88,17:02,6.12,2011
09-08-2011,27,14:06,6.12,2011
10-08-2011,23.04,18:32,5.04,2011
11-08-2011,25.92,13:52,6.12,2011
12-08-2011,25.92,18:08,6.84,2011
13-08-2011,37.08,14:36,11.16,2011
14-08-2011,29.88,15:37,7.92,2011
15-08-2011,21.96,12:10,5.04,2011
16-08-2011,33.12,16:22,5.04,2011
17-08-2011,24.84,18:40,7.92,2011
18-08-2011,24.12,18:44,6.12,2011
19-08-2011,20.88,14:38,5.04,2011
20-08-2011,33.84,14:47,5.04,2011
21-08-2011,47.88,20:38,9,2011
22-08-2011,16.92,15:52,5.04,2011
23-08-2011,23.04,14:27,6.84,2011
24-08-2011,19.08,15:25,6.12,2011
25-08-2011,41.04,15:52,6.12,2011
26-08-2011,29.88,12:43,7.92,2011
27-08-2011,20.88,20:41,3.96,2011
28-08-2011,27,15:30,7.92,2011
29-08-2011,23.04,17:03,6.84,2011
30-08-2011,38.88,15:57,9,2011
31-08-2011,36,12:35,6.84,2011
01-09-2011,33.12,12:37,9,2011
02-09-2011,29.88,10:24,6.12,2011
03-09-2011,34.92,15:52,10.08,2011
04-09-2011,32.04,15:35,6.84,2011
05-09-2011,18,13:53,5.04,2011
06-09-2011,27,15:25,6.84,2011
07-09-2011,20.88,Varias,6.12,2011
08-09-2011,16.92,13:07,3.96,2011
09-09-2011,33.12,13:54,9,2011
10-09-2011,36,13:26,9,2011
11-09-2011,30.96,15:13,6.84,2011
12-09-2011,21.96,19:50,5.04,2011
13-09-2011,30.96,18:18,6.84,2011
14-09-2011,20.88,16:14,3.96,2011
15-09-2011,27,14:07,6.12,2011
16-09-2011,21.96,19:21,3.96,2011
17-09-2011,27,17:02,7.92,2011
18-09-2011,32.04,13:29,5.04,2011
19-09-2011,21.96,Varias,5.04,2011
20-09-2011,29.88,18:44,6.12,2011
21-09-2011,23.04,18:17,2.88,2011
22-09-2011,20.88,19:21,6.12,2011
23-09-2011,32.04,13:43,6.12,2011
24-09-2011,27,16:53,6.12,2011
25-09-2011,21.96,16:38,6.12,2011
26-09-2011,27,14:59,5.04,2011
27-09-2011,10.08,17:51,2.88,2011
28-09-2011,11.16,11:06,2.88,2011
29-09-2011,28.08,15:07,5.04,2011
30-09-2011,23.04,13:07,6.12,2011
01-10-2011,33.84,12:19,6.12,2011
02-10-2011,18,12:27,2.16,2011
03-10-2011,20.88,18:19,3.96,2011
04-10-2011,21.96,17:16,5.04,2011
05-10-2011,19.08,17:15,6.12,2011
06-10-2011,29.16,15:35,3.96,2011
07-10-2011,33.84,14:20,6.12,2011
08-10-2011,25.92,16:37,2.88,2011
09-10-2011,15.12,10:57,3.96,2011
10-10-2011,18,13:55,2.88,2011
11-10-2011,11.88,11:53,2.88,2011
12-10-2011,11.88,15:46,5.04,2011
13-10-2011,11.16,13:22,2.88,2011
14-10-2011,11.88,13:14,2.16,2011
15-10-2011,9,11:57,2.16,2011
16-10-2011,7.92,14:15,2.16,2011
17-10-2011,11.88,11:50,3.96,2011
18-10-2011,16.92,17:56,6.84,2011
19-10-2011,20.16,20:05,3.96,2011
20-10-2011,20.16,11:30,3.96,2011
21-10-2011,20.16,12:12,2.88,2011
22-10-2011,23.04,16:37,3.96,2011
23-10-2011,51.12,13:15,15.84,2011
24-10-2011,46.08,13:43,7.92,2011
25-10-2011,29.88,14:00,6.84,2011
26-10-2011,55.08,14:46,11.16,2011
27-10-2011,30.96,15:25,0,2011
28-10-2011,14.04,14:16,5.04,2011
29-10-2011,12.96,05:01,3.96,2011
30-10-2011,12.96,16:59,2.88,2011
31-10-2011,24.84,13:54,2.88,2011
01-11-2011,15.12,12:44,6.12,2011
02-11-2011,0,,0,2011
03-11-2011,0,,0,2011
04-11-2011,0,,0,2011
05-11-2011,0,,0,2011
06-11-2011,0,,0,2011
07-11-2011,0,,0,2011
08-11-2011,0,,0,2011
09-11-2011,0,,0,2011
10-11-2011,0,,0,2011
11-11-2011,0,,0,2011
12-11-2011,0,,0,2011
13-11-2011,0,,0,2011
14-11-2011,0,,0,2011
15-11-2011,0,,0,2011
16-11-2011,0,,0,2011
17-11-2011,0,,0,2011
18-11-2011,33.84,14:00,5.04,2011
19-11-2011,11.88,12:30,1.08,2011
20-11-2011,11.88,14:50,2.16,2011
21-11-2011,0,,0,2011
22-11-2011,0,,0,2011
23-11-2011,24.84,11:30,3.96,2011
24-11-2011,11.16,16:40,2.16,2011
25-11-2011,15.12,07:10,3.96,2011
26-11-2011,10.08,07:00,2.88,2011
27-11-2011,14.04,10:10,2.88,2011
28-11-2011,12.96,03:40,2.88,2011
29-11-2011,14.04,17:40,2.88,2011
30-11-2011,33.84,17:20,7.92,2011
01-12-2011,36,12:50,11.88,2011
02-12-2011,23.04,00:00,2.88,2011
03-12-2011,11.16,01:50,2.88,2011
04-12-2011,15.12,14:30,2.16,2011
05-12-2011,19.08,15:00,2.88,2011
06-12-2011,14.04,06:00,3.96,2011
07-12-2011,14.04,12:50,5.04,2011
08-12-2011,10.08,13:40,2.16,2011
09-12-2011,18,16:30,2.16,2011
10-12-2011,33.12,04:10,5.04,2011
11-12-2011,10.08,01:30,2.88,2011
12-12-2011,18,16:10,3.96,2011
13-12-2011,38.16,20:50,9,2011
14-12-2011,45,00:20,9,2011
15-12-2011,45,23:50,10.08,2011
16-12-2011,47.88,08:00,12.96,2011
17-12-2011,16.92,13:30,2.88,2011
18-12-2011,11.16,16:10,1.08,2011
19-12-2011,11.88,08:10,2.88,2011
20-12-2011,9,16:40,1.08,2011
21-12-2011,11.16,15:10,2.88,2011
22-12-2011,15.12,17:50,3.96,2011
23-12-2011,12.96,08:00,2.88,2011
24-12-2011,16.92,15:20,2.88,2011
25-12-2011,11.88,04:50,2.16,2011
26-12-2011,11.88,07:30,2.88,2011
27-12-2011,10.08,07:40,2.16,2011
28-12-2011,14.04,13:40,5.04,2011
29-12-2011,16.92,14:20,2.16,2011
30-12-2011,11.16,09:20,2.88,2011
31-12-2011,9,13:20,1.08,2011
01-01-2012,30.96,16:30,5.04,2012
02-01-2012,20.88,05:30,5.04,2012
03-01-2012,21.96,13:40,2.88,2012
04-01-2012,11.88,01:20,1.08,2012
05-01-2012,11.88,04:40,2.88,2012
06-01-2012,15.84,16:20,5.04,2012
07-01-2012,18,16:20,2.88,2012
08-01-2012,12.96,14:30,3.96,2012
09-01-2012,11.16,00:00,3.96,2012
10-01-2012,10.08,08:20,2.88,2012
11-01-2012,11.16,09:40,2.88,2012
12-01-2012,11.16,08:00,2.88,2012
13-01-2012,11.16,06:10,3.96,2012
14-01-2012,10.08,09:30,2.16,2012
15-01-2012,45,15:10,2.16,2012
16-01-2012,12.96,02:10,2.88,2012
17-01-2012,10.08,10:10,2.88,2012
18-01-2012,10.08,02:10,1.08,2012
19-01-2012,14.04,14:20,3.96,2012
20-01-2012,20.88,17:10,3.96,2012
21-01-2012,16.92,17:10,3.96,2012
22-01-2012,24.12,13:50,5.04,2012
23-01-2012,11.88,16:40,2.88,2012
24-01-2012,15.12,14:20,3.96,2012
25-01-2012,10.08,09:30,3.96,2012
26-01-2012,15.12,18:50,2.88,2012
27-01-2012,25.92,13:50,5.04,2012
28-01-2012,16.92,15:20,2.88,2012
29-01-2012,20.16,14:10,3.96,2012
30-01-2012,11.16,12:20,3.96,2012
31-01-2012,10.08,17:50,2.16,2012
01-02-2012,21.96,21:10,3.96,2012
02-02-2012,34.92,17:00,5.04,2012
03-02-2012,29.88,13:40,5.04,2012
04-02-2012,24.84,14:20,2.88,2012
05-02-2012,12.96,21:20,2.88,2012
06-02-2012,29.88,14:50,5.04,2012
07-02-2012,25.92,15:00,3.96,2012
08-02-2012,33.12,13:00,9,2012
09-02-2012,19.08,12:30,5.04,2012
10-02-2012,20.16,16:50,5.04,2012
11-02-2012,28.08,22:00,5.04,2012
12-02-2012,24.12,12:40,5.04,2012
13-02-2012,20.88,17:00,3.96,2012
14-02-2012,28.08,15:40,3.96,2012
15-02-2012,30.96,13:40,6.12,2012
16-02-2012,24.84,15:10,6.12,2012
17-02-2012,15.84,11:50,3.96,2012
18-02-2012,21.96,15:00,2.88,2012
19-02-2012,20.88,17:20,5.04,2012
20-02-2012,14.04,10:50,2.16,2012
21-02-2012,11.16,11:40,2.16,2012
22-02-2012,11.16,13:20,2.16,2012
23-02-2012,11.88,14:00,2.16,2012
24-02-2012,12.96,17:20,3.96,2012
25-02-2012,18,15:10,3.96,2012
26-02-2012,11.88,18:20,1.08,2012
27-02-2012,11.88,17:40,3.96,2012
28-02-2012,19.08,16:40,2.88,2012
29-02-2012,24.12,16:40,3.96,2012
01-03-2012,29.88,16:50,2.88,2012
02-03-2012,37.08,16:20,5.04,2012
03-03-2012,20.16,09:20,3.96,2012
04-03-2012,33.12,13:30,6.12,2012
05-03-2012,15.84,22:20,2.88,2012
06-03-2012,25.92,16:20,5.04,2012
07-03-2012,11.88,17:40,3.96,2012
08-03-2012,27,15:30,3.96,2012
09-03-2012,15.12,13:50,3.96,2012
10-03-2012,20.16,20:00,3.96,2012
11-03-2012,14.04,11:00,3.96,2012
12-03-2012,14.04,11:50,3.96,2012
13-03-2012,16.92,17:20,2.88,2012
14-03-2012,29.88,14:30,2.88,2012
15-03-2012,27,16:10,2.88,2012
16-03-2012,34.92,14:00,6.84,2012
17-03-2012,33.84,14:40,11.88,2012
18-03-2012,37.08,15:50,7.92,2012
19-03-2012,36,18:00,6.12,2012
20-03-2012,23.04,19:30,5.04,2012
21-03-2012,16.92,16:40,5.04,2012
22-03-2012,23.04,12:40,5.04,2012
23-03-2012,41.04,15:20,10.08,2012
24-03-2012,20.88,17:20,2.88,2012
25-03-2012,29.88,18:10,5.04,2012
26-03-2012,24.12,18:20,2.88,2012
27-03-2012,25.92,12:40,6.12,2012
28-03-2012,23.04,17:20,6.12,2012
29-03-2012,36,17:20,3.96,2012
30-03-2012,24.12,13:30,3.96,2012
31-03-2012,16.92,18:20,3.96,2012
01-04-2012,28.08,17:30,2.88,2012
02-04-2012,29.16,15:20,2.88,2012
03-04-2012,21.96,13:00,6.12,2012
04-04-2012,29.16,17:50,5.04,2012
05-04-2012,28.08,09:40,6.12,2012
06-04-2012,11.16,17:00,2.88,2012
07-04-2012,11.88,13:10,2.16,2012
08-04-2012,15.84,12:10,2.88,2012
09-04-2012,37.08,17:50,9,2012
10-04-2012,39.96,13:40,7.92,2012
11-04-2012,41.04,14:20,5.04,2012
12-04-2012,33.84,17:20,6.12,2012
13-04-2012,27,11:40,5.04,2012
14-04-2012,47.16,13:20,6.84,2012
15-04-2012,45,15:40,5.04,2012
16-04-2012,25.92,14:40,3.96,2012
17-04-2012,36,13:20,9,2012
18-04-2012,27,13:00,9,2012
19-04-2012,41.04,14:20,6.84,2012
20-04-2012,29.88,12:40,7.92,2012
21-04-2012,33.84,16:00,9,2012
22-04-2012,29.16,13:30,6.84,2012
23-04-2012,37.08,17:00,9,2012
24-04-2012,34.92,16:50,3.96,2012
25-04-2012,54,15:40,19.08,2012
26-04-2012,41.04,11:30,11.16,2012
27-04-2012,23.04,15:00,3.96,2012
28-04-2012,24.12,14:40,3.96,2012
29-04-2012,32.04,14:40,6.84,2012
30-04-2012,47.88,16:30,7.92,2012
01-05-2012,37.08,10:30,10.08,2012
02-05-2012,46.08,12:00,11.88,2012
03-05-2012,33.84,19:00,6.12,2012
04-05-2012,33.12,17:30,3.96,2012
05-05-2012,25.92,14:00,7.92,2012
06-05-2012,38.16,16:20,2.88,2012
07-05-2012,51.84,11:10,11.16,2012
08-05-2012,43.92,15:10,2.88,2012
09-05-2012,34.92,16:40,7.92,2012
10-05-2012,32.04,13:50,6.84,2012
11-05-2012,19.08,18:20,5.04,2012
12-05-2012,19.08,22:00,3.96,2012
13-05-2012,24.84,18:10,5.04,2012
14-05-2012,29.88,13:30,6.12,2012
15-05-2012,21.96,21:00,5.04,2012
16-05-2012,33.84,14:50,7.92,2012
17-05-2012,42.12,14:50,11.16,2012
18-05-2012,16.92,12:40,6.12,2012
19-05-2012,37.08,13:30,6.12,2012
20-05-2012,28.08,19:00,7.92,2012
21-05-2012,21.96,15:00,3.96,2012
22-05-2012,15.84,15:20,2.88,2012
23-05-2012,18,14:50,5.04,2012
24-05-2012,32.04,17:40,6.84,2012
25-05-2012,38.16,16:10,10.08,2012
26-05-2012,41.04,12:30,6.12,2012
27-05-2012,30.96,16:10,5.04,2012
28-05-2012,20.16,15:00,5.04,2012
29-05-2012,29.88,15:00,7.92,2012
30-05-2012,18,15:50,3.96,2012
31-05-2012,24.12,16:00,5.04,2012
01-06-2012,34.92,16:50,6.12,2012
02-06-2012,24.12,08:30,5.04,2012
03-06-2012,24.12,18:20,6.12,2012
04-06-2012,24.12,18:20,6.12,2012
05-06-2012,41.04,14:10,9,2012
06-06-2012,32.04,15:50,7.92,2012
07-06-2012,36,13:00,12.96,2012
08-06-2012,24.84,20:10,5.04,2012
09-06-2012,20.88,12:10,3.96,2012
10-06-2012,34.92,11:00,11.88,2012
11-06-2012,45,12:20,10.08,2012
12-06-2012,25.92,14:00,6.12,2012
13-06-2012,15.84,14:30,3.96,2012
14-06-2012,38.16,13:40,10.08,2012
15-06-2012,38.88,12:40,9,2012
16-06-2012,36,13:20,10.08,2012
17-06-2012,48.96,17:20,5.04,2012
18-06-2012,23.04,18:40,3.96,2012
19-06-2012,24.84,14:30,6.12,2012
20-06-2012,33.84,10:40,5.04,2012
21-06-2012,38.88,03:10,9,2012
22-06-2012,23.04,19:50,3.96,2012
23-06-2012,20.16,18:30,5.04,2012
24-06-2012,32.04,15:40,6.12,2012
25-06-2012,24.12,19:30,2.88,2012
26-06-2012,15.12,16:00,2.88,2012
27-06-2012,32.04,13:40,7.92,2012
28-06-2012,38.88,14:00,9,2012
29-06-2012,39.96,14:00,11.88,2012
30-06-2012,32.04,15:30,6.12,2012
01-07-2012,24.84,17:20,7.92,2012
02-07-2012,20.88,15:00,6.12,2012
03-07-2012,29.88,15:30,7.92,2012
04-07-2012,33.12,14:00,7.92,2012
05-07-2012,29.16,13:30,10.08,2012
06-07-2012,23.04,16:30,5.04,2012
07-07-2012,33.12,16:20,6.84,2012
08-07-2012,20.16,11:40,5.04,2012
09-07-2012,24.12,18:40,6.84,2012
10-07-2012,23.04,18:00,6.84,2012
11-07-2012,24.12,13:00,5.04,2012
12-07-2012,33.84,17:40,7.92,2012
13-07-2012,39.96,13:40,10.08,2012
14-07-2012,30.96,13:10,11.16,2012
15-07-2012,24.12,14:20,3.96,2012
16-07-2012,20.88,17:30,5.04,2012
17-07-2012,27,17:40,6.12,2012
18-07-2012,29.88,16:40,6.12,2012
19-07-2012,28.08,15:40,6.84,2012
20-07-2012,30.96,16:30,7.92,2012
21-07-2012,23.04,18:50,5.04,2012
22-07-2012,21.96,21:00,5.04,2012
23-07-2012,24.12,18:00,6.12,2012
24-07-2012,27,17:10,9,2012
25-07-2012,41.04,15:30,3.96,2012
26-07-2012,29.88,09:40,6.12,2012
27-07-2012,25.92,14:20,6.12,2012
28-07-2012,21.96,12:40,3.96,2012
29-07-2012,23.04,18:10,5.04,2012
30-07-2012,20.88,11:40,3.96,2012
31-07-2012,32.04,15:10,9,2012
01-08-2012,37.08,15:50,6.84,2012
02-08-2012,25.92,18:10,6.84,2012
03-08-2012,29.88,17:00,6.84,2012
04-08-2012,30.96,15:50,5.04,2012
05-08-2012,33.12,17:10,7.92,2012
06-08-2012,20.88,15:00,6.84,2012
07-08-2012,25.92,15:30,5.04,2012
08-08-2012,33.12,16:40,6.84,2012
09-08-2012,24.84,17:10,6.84,2012
10-08-2012,27,13:20,3.96,2012
11-08-2012,32.04,14:30,7.92,2012
12-08-2012,32.04,16:40,7.92,2012
13-08-2012,25.92,16:00,5.04,2012
14-08-2012,30.96,21:30,2.16,2012
15-08-2012,38.16,14:00,10.08,2012
16-08-2012,27,14:10,3.96,2012
17-08-2012,29.88,14:40,6.12,2012
18-08-2012,24.84,15:30,3.96,2012
19-08-2012,24.84,14:50,6.12,2012
20-08-2012,20.88,16:00,5.04,2012
21-08-2012,20.88,18:00,6.84,2012
22-08-2012,24.12,13:20,3.96,2012
23-08-2012,32.04,16:20,6.84,2012
24-08-2012,30.96,13:30,7.92,2012
25-08-2012,24.84,18:10,6.12,2012
26-08-2012,24.84,13:40,6.12,2012
27-08-2012,33.84,15:50,6.12,2012
28-08-2012,32.04,13:50,6.84,2012
29-08-2012,28.08,16:10,6.84,2012
30-08-2012,29.88,14:50,5.04,2012
31-08-2012,25.92,19:10,5.04,2012
01-09-2012,20.88,21:30,2.88,2012
02-09-2012,24.84,20:50,3.96,2012
03-09-2012,24.12,20:20,3.96,2012
04-09-2012,21.96,16:00,3.96,2012
05-09-2012,20.88,13:00,5.04,2012
06-09-2012,20.16,15:30,2.88,2012
07-09-2012,29.88,14:00,2.88,2012
08-09-2012,28.08,19:50,6.12,2012
09-09-2012,24.84,16:10,6.12,2012
10-09-2012,28.08,15:20,5.04,2012
11-09-2012,21.96,18:00,6.12,2012
12-09-2012,29.88,19:30,5.04,2012
13-09-2012,24.12,16:20,5.04,2012
14-09-2012,18,11:40,2.88,2012
15-09-2012,29.88,16:30,6.84,2012
16-09-2012,25.92,16:00,5.04,2012
17-09-2012,20.88,16:50,3.96,2012
18-09-2012,25.92,20:10,6.12,2012
19-09-2012,23.04,15:00,3.96,2012
20-09-2012,30.96,16:50,6.12,2012
21-09-2012,32.04,16:00,3.96,2012
22-09-2012,38.88,14:10,9,2012
23-09-2012,52.92,16:10,14.04,2012
24-09-2012,41.04,14:40,7.92,2012
25-09-2012,29.88,11:00,6.84,2012
26-09-2012,27,14:10,2.88,2012
27-09-2012,20.88,14:20,3.96,2012
28-09-2012,23.04,16:30,3.96,2012
29-09-2012,34.92,16:50,5.04,2012
30-09-2012,16.92,13:30,2.88,2012
01-10-2012,19.08,14:40,2.88,2012
02-10-2012,24.12,14:40,3.96,2012
03-10-2012,24.12,12:10,6.12,2012
04-10-2012,12.96,13:00,3.96,2012
05-10-2012,24.12,15:40,5.04,2012
06-10-2012,11.88,13:00,3.96,2012
07-10-2012,27,15:10,6.12,2012
08-10-2012,30.96,13:20,6.84,2012
09-10-2012,28.08,13:10,6.12,2012
10-10-2012,15.84,22:30,2.88,2012
11-10-2012,28.08,16:00,3.96,2012
12-10-2012,18,11:40,5.04,2012
13-10-2012,12.96,15:40,2.88,2012
14-10-2012,33.84,15:40,6.12,2012
15-10-2012,20.88,17:00,3.96,2012
16-10-2012,38.16,14:20,6.84,2012
17-10-2012,29.88,13:10,6.84,2012
18-10-2012,11.16,13:00,2.88,2012
19-10-2012,15.12,13:20,2.88,2012
20-10-2012,14.04,15:10,3.96,2012
21-10-2012,20.88,15:10,2.88,2012
22-10-2012,24.84,13:10,5.04,2012
23-10-2012,30.96,13:40,6.12,2012
24-10-2012,32.04,11:30,3.96,2012
25-10-2012,34.92,10:50,6.84,2012
26-10-2012,16.92,14:10,2.88,2012
27-10-2012,30.96,15:10,6.12,2012
28-10-2012,19.08,16:20,3.96,2012
29-10-2012,19.08,16:10,5.04,2012
30-10-2012,9,11:10,2.88,2012
31-10-2012,19.08,00:00,3.96,2012
01-11-2012,29.88,13:40,6.84,2012
02-11-2012,34.92,14:10,10.08,2012
03-11-2012,20.16,15:40,2.88,2012
04-11-2012,28.08,15:50,5.04,2012
05-11-2012,23.04,16:30,2.16,2012
06-11-2012,21.96,15:00,2.88,2012
07-11-2012,11.88,12:10,2.16,2012
08-11-2012,15.84,19:30,2.16,2012
09-11-2012,11.88,13:10,2.88,2012
10-11-2012,33.12,16:50,3.96,2012
11-11-2012,14.04,16:40,2.88,2012
12-11-2012,12.96,12:00,2.16,2012
13-11-2012,11.88,07:40,2.88,2012
14-11-2012,11.88,08:20,2.88,2012
15-11-2012,25.92,15:10,2.88,2012
16-11-2012,28.08,12:30,5.04,2012
17-11-2012,24.84,23:10,2.88,2012
18-11-2012,21.96,11:20,3.96,2012
19-11-2012,20.88,21:00,2.88,2012
20-11-2012,37.08,12:50,11.88,2012
21-11-2012,14.04,00:00,1.08,2012
22-11-2012,16.92,03:20,2.16,2012
23-11-2012,36,14:50,7.92,2012
24-11-2012,51.12,01:50,6.12,2012
25-11-2012,9,23:40,2.16,2012
26-11-2012,23.04,14:20,3.96,2012
27-11-2012,20.88,13:50,2.88,2012
28-11-2012,16.92,13:50,2.16,2012
29-11-2012,10.08,04:40,2.88,2012
30-11-2012,15.84,14:20,2.88,2012
01-12-2012,19.08,14:00,2.16,2012
02-12-2012,11.16,10:20,2.16,2012
03-12-2012,24.84,22:50,2.88,2012
04-12-2012,23.04,12:30,2.16,2012
05-12-2012,10.08,14:10,2.88,2012
06-12-2012,33.84,14:20,6.12,2012
07-12-2012,11.88,00:20,3.96,2012
08-12-2012,12.96,15:20,2.88,2012
09-12-2012,11.88,12:00,2.88,2012
10-12-2012,11.88,05:00,2.16,2012
11-12-2012,11.88,07:40,2.88,2012
12-12-2012,12.96,18:00,5.04,2012
13-12-2012,20.88,08:20,3.96,2012
14-12-2012,38.16,09:30,7.92,2012
15-12-2012,39.96,10:30,7.92,2012
16-12-2012,37.08,15:50,7.92,2012
17-12-2012,16.92,15:30,1.08,2012
18-12-2012,23.04,15:50,3.96,2012
19-12-2012,27,10:20,9,2012
20-12-2012,24.12,13:50,7.92,2012
21-12-2012,29.88,02:30,3.96,2012
22-12-2012,27,11:40,6.12,2012
23-12-2012,41.04,11:50,11.16,2012
24-12-2012,39.96,15:50,11.88,2012
25-12-2012,10.08,03:40,2.16,2012
26-12-2012,14.04,22:00,2.88,2012
27-12-2012,20.88,14:10,2.88,2012
28-12-2012,37.08,19:30,9,2012
29-12-2012,34.92,07:20,10.08,2012
30-12-2012,11.88,14:10,2.16,2012
31-12-2012,30.96,14:50,6.12,2012
01-01-2012,30.96,16:30,5.04,2012
02-01-2012,20.88,05:30,5.04,2012
03-01-2012,21.96,13:40,2.88,2012
04-01-2012,11.88,01:20,1.08,2012
05-01-2012,11.88,04:40,2.88,2012
06-01-2012,15.84,16:20,5.04,2012
07-01-2012,18,16:20,2.88,2012
08-01-2012,12.96,14:30,3.96,2012
09-01-2012,11.16,00:00,3.96,2012
10-01-2012,10.08,08:20,2.88,2012
11-01-2012,11.16,09:40,2.88,2012
12-01-2012,11.16,08:00,2.88,2012
13-01-2012,11.16,06:10,3.96,2012
14-01-2012,10.08,09:30,2.16,2012
15-01-2012,45,15:10,2.16,2012
16-01-2012,12.96,02:10,2.88,2012
17-01-2012,10.08,10:10,2.88,2012
18-01-2012,10.08,02:10,1.08,2012
19-01-2012,14.04,14:20,3.96,2012
20-01-2012,20.88,17:10,3.96,2012
21-01-2012,16.92,17:10,3.96,2012
22-01-2012,24.12,13:50,5.04,2012
23-01-2012,11.88,16:40,2.88,2012
24-01-2012,15.12,14:20,3.96,2012
25-01-2012,10.08,09:30,3.96,2012
26-01-2012,15.12,18:50,2.88,2012
27-01-2012,25.92,13:50,5.04,2012
28-01-2012,16.92,15:20,2.88,2012
29-01-2012,20.16,14:10,3.96,2012
30-01-2012,11.16,12:20,3.96,2012
31-01-2012,10.08,17:50,2.16,2012
01-02-2012,21.96,21:10,3.96,2012
02-02-2012,34.92,17:00,5.04,2012
03-02-2012,29.88,13:40,5.04,2012
04-02-2012,24.84,14:20,2.88,2012
05-02-2012,12.96,21:20,2.88,2012
06-02-2012,29.88,14:50,5.04,2012
07-02-2012,25.92,15:00,3.96,2012
08-02-2012,33.12,13:00,9,2012
09-02-2012,19.08,12:30,5.04,2012
10-02-2012,20.16,16:50,5.04,2012
11-02-2012,28.08,22:00,5.04,2012
12-02-2012,24.12,12:40,5.04,2012
13-02-2012,20.88,17:00,3.96,2012
14-02-2012,28.08,15:40,3.96,2012
15-02-2012,30.96,13:40,6.12,2012
16-02-2012,24.84,15:10,6.12,2012
17-02-2012,15.84,11:50,3.96,2012
18-02-2012,21.96,15:00,2.88,2012
19-02-2012,20.88,17:20,5.04,2012
20-02-2012,14.04,10:50,2.16,2012
21-02-2012,11.16,11:40,2.16,2012
22-02-2012,11.16,13:20,2.16,2012
23-02-2012,11.88,14:00,2.16,2012
24-02-2012,12.96,17:20,3.96,2012
25-02-2012,18,15:10,3.96,2012
26-02-2012,11.88,18:20,1.08,2012
27-02-2012,11.88,17:40,3.96,2012
28-02-2012,19.08,16:40,2.88,2012
29-02-2012,24.12,16:40,3.96,2012
01-03-2012,29.88,16:50,2.88,2012
02-03-2012,37.08,16:20,5.04,2012
03-03-2012,20.16,09:20,3.96,2012
04-03-2012,33.12,13:30,6.12,2012
05-03-2012,15.84,22:20,2.88,2012
06-03-2012,25.92,16:20,5.04,2012
07-03-2012,11.88,17:40,3.96,2012
08-03-2012,27,15:30,3.96,2012
09-03-2012,15.12,13:50,3.96,2012
10-03-2012,20.16,20:00,3.96,2012
11-03-2012,14.04,11:00,3.96,2012
12-03-2012,14.04,11:50,3.96,2012
13-03-2012,16.92,17:20,2.88,2012
14-03-2012,29.88,14:30,2.88,2012
15-03-2012,27,16:10,2.88,2012
16-03-2012,34.92,14:00,6.84,2012
17-03-2012,33.84,14:40,11.88,2012
18-03-2012,37.08,15:50,7.92,2012
19-03-2012,36,18:00,6.12,2012
20-03-2012,23.04,19:30,5.04,2012
21-03-2012,16.92,16:40,5.04,2012
22-03-2012,23.04,12:40,5.04,2012
23-03-2012,41.04,15:20,10.08,2012
24-03-2012,20.88,17:20,2.88,2012
25-03-2012,29.88,18:10,5.04,2012
26-03-2012,24.12,18:20,2.88,2012
27-03-2012,25.92,12:40,6.12,2012
28-03-2012,23.04,17:20,6.12,2012
29-03-2012,36,17:20,3.96,2012
30-03-2012,24.12,13:30,3.96,2012
31-03-2012,16.92,18:20,3.96,2012
01-04-2012,28.08,17:30,2.88,2012
02-04-2012,29.16,15:20,2.88,2012
03-04-2012,21.96,13:00,6.12,2012
04-04-2012,29.16,17:50,5.04,2012
05-04-2012,28.08,09:40,6.12,2012
06-04-2012,11.16,17:00,2.88,2012
07-04-2012,11.88,13:10,2.16,2012
08-04-2012,15.84,12:10,2.88,2012
09-04-2012,37.08,17:50,9,2012
10-04-2012,39.96,13:40,7.92,2012
11-04-2012,41.04,14:20,5.04,2012
12-04-2012,33.84,17:20,6.12,2012
13-04-2012,27,11:40,5.04,2012
14-04-2012,47.16,13:20,6.84,2012
15-04-2012,45,15:40,5.04,2012
16-04-2012,25.92,14:40,3.96,2012
17-04-2012,36,13:20,9,2012
18-04-2012,27,13:00,9,2012
19-04-2012,41.04,14:20,6.84,2012
20-04-2012,29.88,12:40,7.92,2012
21-04-2012,33.84,16:00,9,2012
22-04-2012,29.16,13:30,6.84,2012
23-04-2012,37.08,17:00,9,2012
24-04-2012,34.92,16:50,3.96,2012
25-04-2012,54,15:40,19.08,2012
26-04-2012,41.04,11:30,11.16,2012
27-04-2012,23.04,15:00,3.96,2012
28-04-2012,24.12,14:40,3.96,2012
29-04-2012,32.04,14:40,6.84,2012
30-04-2012,47.88,16:30,7.92,2012
01-05-2012,37.08,10:30,10.08,2012
02-05-2012,46.08,12:00,11.88,2012
03-05-2012,33.84,19:00,6.12,2012
04-05-2012,33.12,17:30,3.96,2012
05-05-2012,25.92,14:00,7.92,2012
06-05-2012,38.16,16:20,2.88,2012
07-05-2012,51.84,11:10,11.16,2012
08-05-2012,43.92,15:10,2.88,2012
09-05-2012,34.92,16:40,7.92,2012
10-05-2012,32.04,13:50,6.84,2012
11-05-2012,19.08,18:20,5.04,2012
12-05-2012,19.08,22:00,3.96,2012
13-05-2012,24.84,18:10,5.04,2012
14-05-2012,29.88,13:30,6.12,2012
15-05-2012,21.96,21:00,5.04,2012
16-05-2012,33.84,14:50,7.92,2012
17-05-2012,42.12,14:50,11.16,2012
18-05-2012,16.92,12:40,6.12,2012
19-05-2012,37.08,13:30,6.12,2012
20-05-2012,28.08,19:00,7.92,2012
21-05-2012,21.96,15:00,3.96,2012
22-05-2012,15.84,15:20,2.88,2012
23-05-2012,18,14:50,5.04,2012
24-05-2012,32.04,17:40,6.84,2012
25-05-2012,38.16,16:10,10.08,2012
26-05-2012,41.04,12:30,6.12,2012
27-05-2012,30.96,16:10,5.04,2012
28-05-2012,20.16,15:00,5.04,2012
29-05-2012,29.88,15:00,7.92,2012
30-05-2012,18,15:50,3.96,2012
31-05-2012,24.12,16:00,5.04,2012
01-06-2012,34.92,16:50,6.12,2012
02-06-2012,24.12,08:30,5.04,2012
03-06-2012,24.12,18:20,6.12,2012
04-06-2012,24.12,18:20,6.12,2012
05-06-2012,41.04,14:10,9,2012
06-06-2012,32.04,15:50,7.92,2012
07-06-2012,36,13:00,12.96,2012
08-06-2012,24.84,20:10,5.04,2012
09-06-2012,20.88,12:10,3.96,2012
10-06-2012,34.92,11:00,11.88,2012
11-06-2012,45,12:20,10.08,2012
12-06-2012,25.92,14:00,6.12,2012
13-06-2012,15.84,14:30,3.96,2012
14-06-2012,38.16,13:40,10.08,2012
15-06-2012,38.88,12:40,9,2012
16-06-2012,36,13:20,10.08,2012
17-06-2012,48.96,17:20,5.04,2012
18-06-2012,23.04,18:40,3.96,2012
19-06-2012,24.84,14:30,6.12,2012
20-06-2012,33.84,10:40,5.04,2012
21-06-2012,38.88,03:10,9,2012
22-06-2012,23.04,19:50,3.96,2012
23-06-2012,20.16,18:30,5.04,2012
24-06-2012,32.04,15:40,6.12,2012
25-06-2012,24.12,19:30,2.88,2012
26-06-2012,15.12,16:00,2.88,2012
27-06-2012,32.04,13:40,7.92,2012
28-06-2012,38.88,14:00,9,2012
29-06-2012,39.96,14:00,11.88,2012
30-06-2012,32.04,15:30,6.12,2012
01-07-2012,24.84,17:20,7.92,2012
02-07-2012,20.88,15:00,6.12,2012
03-07-2012,29.88,15:30,7.92,2012
04-07-2012,33.12,14:00,7.92,2012
05-07-2012,29.16,13:30,10.08,2012
06-07-2012,23.04,16:30,5.04,2012
07-07-2012,33.12,16:20,6.84,2012
08-07-2012,20.16,11:40,5.04,2012
09-07-2012,24.12,18:40,6.84,2012
10-07-2012,23.04,18:00,6.84,2012
11-07-2012,24.12,13:00,5.04,2012
12-07-2012,33.84,17:40,7.92,2012
13-07-2012,39.96,13:40,10.08,2012
14-07-2012,30.96,13:10,11.16,2012
15-07-2012,24.12,14:20,3.96,2012
16-07-2012,20.88,17:30,5.04,2012
17-07-2012,27,17:40,6.12,2012
18-07-2012,29.88,16:40,6.12,2012
19-07-2012,28.08,15:40,6.84,2012
20-07-2012,30.96,16:30,7.92,2012
21-07-2012,23.04,18:50,5.04,2012
22-07-2012,21.96,21:00,5.04,2012
23-07-2012,24.12,18:00,6.12,2012
24-07-2012,27,17:10,9,2012
25-07-2012,41.04,15:30,3.96,2012
26-07-2012,29.88,09:40,6.12,2012
27-07-2012,25.92,14:20,6.12,2012
28-07-2012,21.96,12:40,3.96,2012
29-07-2012,23.04,18:10,5.04,2012
30-07-2012,20.88,11:40,3.96,2012
31-07-2012,32.04,15:10,9,2012
01-08-2012,37.08,15:50,6.84,2012
02-08-2012,25.92,18:10,6.84,2012
03-08-2012,29.88,17:00,6.84,2012
04-08-2012,30.96,15:50,5.04,2012
05-08-2012,33.12,17:10,7.92,2012
06-08-2012,20.88,15:00,6.84,2012
07-08-2012,25.92,15:30,5.04,2012
08-08-2012,33.12,16:40,6.84,2012
09-08-2012,24.84,17:10,6.84,2012
10-08-2012,27,13:20,3.96,2012
11-08-2012,32.04,14:30,7.92,2012
12-08-2012,32.04,16:40,7.92,2012
13-08-2012,25.92,16:00,5.04,2012
14-08-2012,30.96,21:30,2.16,2012
15-08-2012,38.16,14:00,10.08,2012
16-08-2012,27,14:10,3.96,2012
17-08-2012,29.88,14:40,6.12,2012
18-08-2012,24.84,15:30,3.96,2012
19-08-2012,24.84,14:50,6.12,2012
20-08-2012,20.88,16:00,5.04,2012
21-08-2012,20.88,18:00,6.84,2012
22-08-2012,24.12,13:20,3.96,2012
23-08-2012,32.04,16:20,6.84,2012
24-08-2012,30.96,13:30,7.92,2012
25-08-2012,24.84,18:10,6.12,2012
26-08-2012,24.84,13:40,6.12,2012
27-08-2012,33.84,15:50,6.12,2012
28-08-2012,32.04,13:50,6.84,2012
29-08-2012,28.08,16:10,6.84,2012
30-08-2012,29.88,14:50,5.04,2012
31-08-2012,25.92,19:10,5.04,2012
01-09-2012,20.88,21:30,2.88,2012
02-09-2012,24.84,20:50,3.96,2012
03-09-2012,24.12,20:20,3.96,2012
04-09-2012,21.96,16:00,3.96,2012
05-09-2012,20.88,13:00,5.04,2012
06-09-2012,20.16,15:30,2.88,2012
07-09-2012,29.88,14:00,2.88,2012
08-09-2012,28.08,19:50,6.12,2012
09-09-2012,24.84,16:10,6.12,2012
10-09-2012,28.08,15:20,5.04,2012
11-09-2012,21.96,18:00,6.12,2012
12-09-2012,29.88,19:30,5.04,2012
13-09-2012,24.12,16:20,5.04,2012
14-09-2012,18,11:40,2.88,2012
15-09-2012,29.88,16:30,6.84,2012
16-09-2012,25.92,16:00,5.04,2012
17-09-2012,20.88,16:50,3.96,2012
18-09-2012,25.92,20:10,6.12,2012
19-09-2012,23.04,15:00,3.96,2012
20-09-2012,30.96,16:50,6.12,2012
21-09-2012,32.04,16:00,3.96,2012
22-09-2012,38.88,14:10,9,2012
23-09-2012,52.92,16:10,14.04,2012
24-09-2012,41.04,14:40,7.92,2012
25-09-2012,29.88,11:00,6.84,2012
26-09-2012,27,14:10,2.88,2012
27-09-2012,20.88,14:20,3.96,2012
28-09-2012,23.04,16:30,3.96,2012
29-09-2012,34.92,16:50,5.04,2012
30-09-2012,16.92,13:30,2.88,2012
01-10-2012,19.08,14:40,2.88,2012
02-10-2012,24.12,14:40,3.96,2012
03-10-2012,24.12,12:10,6.12,2012
04-10-2012,12.96,13:00,3.96,2012
05-10-2012,24.12,15:40,5.04,2012
06-10-2012,11.88,13:00,3.96,2012
07-10-2012,27,15:10,6.12,2012
08-10-2012,30.96,13:20,6.84,2012
09-10-2012,28.08,13:10,6.12,2012
10-10-2012,15.84,22:30,2.88,2012
11-10-2012,28.08,16:00,3.96,2012
12-10-2012,18,11:40,5.04,2012
13-10-2012,12.96,15:40,2.88,2012
14-10-2012,33.84,15:40,6.12,2012
15-10-2012,20.88,17:00,3.96,2012
16-10-2012,38.16,14:20,6.84,2012
17-10-2012,29.88,13:10,6.84,2012
18-10-2012,11.16,13:00,2.88,2012
19-10-2012,15.12,13:20,2.88,2012
20-10-2012,14.04,15:10,3.96,2012
21-10-2012,20.88,15:10,2.88,2012
22-10-2012,24.84,13:10,5.04,2012
23-10-2012,30.96,13:40,6.12,2012
24-10-2012,32.04,11:30,3.96,2012
25-10-2012,34.92,10:50,6.84,2012
26-10-2012,16.92,14:10,2.88,2012
27-10-2012,30.96,15:10,6.12,2012
28-10-2012,19.08,16:20,3.96,2012
29-10-2012,19.08,16:10,5.04,2012
30-10-2012,9,11:10,2.88,2012
31-10-2012,19.08,00:00,3.96,2012
01-11-2012,29.88,13:40,6.84,2012
02-11-2012,34.92,14:10,10.08,2012
03-11-2012,20.16,15:40,2.88,2012
04-11-2012,28.08,15:50,5.04,2012
05-11-2012,23.04,16:30,2.16,2012
06-11-2012,21.96,15:00,2.88,2012
07-11-2012,11.88,12:10,2.16,2012
08-11-2012,15.84,19:30,2.16,2012
09-11-2012,11.88,13:10,2.88,2012
10-11-2012,33.12,16:50,3.96,2012
11-11-2012,14.04,16:40,2.88,2012
12-11-2012,12.96,12:00,2.16,2012
13-11-2012,11.88,07:40,2.88,2012
14-11-2012,11.88,08:20,2.88,2012
15-11-2012,25.92,15:10,2.88,2012
16-11-2012,28.08,12:30,5.04,2012
17-11-2012,24.84,23:10,2.88,2012
18-11-2012,21.96,11:20,3.96,2012
19-11-2012,20.88,21:00,2.88,2012
20-11-2012,37.08,12:50,11.88,2012
21-11-2012,14.04,00:00,1.08,2012
22-11-2012,16.92,03:20,2.16,2012
23-11-2012,36,14:50,7.92,2012
24-11-2012,51.12,01:50,6.12,2012
25-11-2012,9,23:40,2.16,2012
26-11-2012,23.04,14:20,3.96,2012
27-11-2012,20.88,13:50,2.88,2012
28-11-2012,16.92,13:50,2.16,2012
29-11-2012,10.08,04:40,2.88,2012
30-11-2012,15.84,14:20,2.88,2012
01-12-2012,19.08,14:00,2.16,2012
02-12-2012,11.16,10:20,2.16,2012
03-12-2012,24.84,22:50,2.88,2012
04-12-2012,23.04,12:30,2.16,2012
05-12-2012,10.08,14:10,2.88,2012
06-12-2012,33.84,14:20,6.12,2012
07-12-2012,11.88,00:20,3.96,2012
08-12-2012,12.96,15:20,2.88,2012
09-12-2012,11.88,12:00,2.88,2012
10-12-2012,11.88,05:00,2.16,2012
11-12-2012,11.88,07:40,2.88,2012
12-12-2012,12.96,18:00,5.04,2012
13-12-2012,20.88,08:20,3.96,2012
14-12-2012,38.16,09:30,7.92,2012
15-12-2012,39.96,10:30,7.92,2012
16-12-2012,37.08,15:50,7.92,2012
17-12-2012,16.92,15:30,1.08,2012
18-12-2012,23.04,15:50,3.96,2012
19-12-2012,27,10:20,9,2012
20-12-2012,24.12,13:50,7.92,2012
21-12-2012,29.88,02:30,3.96,2012
22-12-2012,27,11:40,6.12,2012
23-12-2012,41.04,11:50,11.16,2012
24-12-2012,39.96,15:50,11.88,2012
25-12-2012,10.08,03:40,2.16,2012
26-12-2012,14.04,22:00,2.88,2012
27-12-2012,20.88,14:10,2.88,2012
28-12-2012,37.08,19:30,9,2012
29-12-2012,34.92,07:20,10.08,2012
30-12-2012,11.88,14:10,2.16,2012
31-12-2012,30.96,14:50,6.12,2012
01-01-2013,9,12:10,2.16,2013
02-01-2013,15.12,15:40,2.88,2013
03-01-2013,11.16,14:20,2.88,2013
04-01-2013,9,05:20,2.16,2013
05-01-2013,10.08,04:10,2.88,2013
06-01-2013,12.96,06:30,3.96,2013
07-01-2013,12.96,04:40,2.88,2013
08-01-2013,10.08,03:20,2.88,2013
09-01-2013,12.96,14:10,2.88,2013
10-01-2013,11.88,15:10,2.88,2013
11-01-2013,16.92,22:40,2.88,2013
12-01-2013,34.92,16:00,3.96,2013
13-01-2013,15.84,16:10,2.88,2013
14-01-2013,9,14:00,2.88,2013
15-01-2013,15.12,14:30,2.16,2013
16-01-2013,36,14:10,7.92,2013
17-01-2013,18,23:59,1.08,2013
18-01-2013,42.84,14:30,9,2013
19-01-2013,38.16,17:30,9,2013
20-01-2013,34.92,18:40,3.96,2013
21-01-2013,28.08,13:50,3.96,2013
22-01-2013,42.12,04:40,6.12,2013
23-01-2013,14.04,13:50,3.96,2013
24-01-2013,15.84,03:00,3.96,2013
25-01-2013,10.08,10:10,1.08,2013
26-01-2013,11.16,02:20,2.16,2013
27-01-2013,36,15:30,3.96,2013
28-01-2013,28.08,14:10,3.96,2013
29-01-2013,36,12:40,11.88,2013
30-01-2013,29.16,03:20,6.12,2013
31-01-2013,23.04,17:10,5.04,2013
01-02-2013,50.04,12:50,11.16,2013
02-02-2013,32.04,15:10,5.04,2013
03-02-2013,11.88,15:30,2.88,2013
04-02-2013,18,17:50,3.96,2013
05-02-2013,24.12,16:30,5.04,2013
06-02-2013,33.12,15:50,7.92,2013
07-02-2013,24.84,14:50,2.88,2013
08-02-2013,34.92,16:40,6.84,2013
09-02-2013,16.92,13:30,2.88,2013
10-02-2013,56.88,13:50,10.08,2013
11-02-2013,42.12,14:20,6.12,2013
12-02-2013,10.08,14:40,2.16,2013
13-02-2013,9,09:40,2.88,2013
14-02-2013,14.04,14:50,3.96,2013
15-02-2013,14.04,15:10,2.16,2013
16-02-2013,16.92,14:50,2.88,2013
17-02-2013,30.96,16:10,5.04,2013
18-02-2013,34.92,13:40,6.84,2013
19-02-2013,11.16,01:40,1.08,2013
20-02-2013,32.04,13:20,7.92,2013
21-02-2013,34.92,15:40,6.12,2013
22-02-2013,24.12,11:30,2.16,2013
23-02-2013,25.92,01:00,6.12,2013
24-02-2013,23.04,15:50,3.96,2013
25-02-2013,24.12,16:00,3.96,2013
26-02-2013,23.04,16:40,5.04,2013
27-02-2013,34.92,13:00,9,2013
28-02-2013,29.16,16:40,5.04,2013
01-03-2013,14.04,16:10,2.16,2013
02-03-2013,29.16,15:10,5.04,2013
03-03-2013,38.88,13:00,9,2013
04-03-2013,38.16,19:10,6.12,2013
05-03-2013,34.92,16:50,6.12,2013
06-03-2013,33.84,12:50,9,2013
07-03-2013,54,13:00,11.16,2013
08-03-2013,37.08,14:50,11.16,2013
09-03-2013,47.88,15:30,10.08,2013
10-03-2013,39.96,15:20,6.12,2013
11-03-2013,36,15:00,9,2013
12-03-2013,27,14:20,5.04,2013
13-03-2013,25.92,11:10,6.12,2013
14-03-2013,29.88,15:20,2.88,2013
15-03-2013,20.88,14:30,6.12,2013
16-03-2013,20.16,18:30,2.88,2013
17-03-2013,30.96,14:00,6.12,2013
18-03-2013,29.88,16:50,7.92,2013
19-03-2013,24.12,17:50,6.12,2013
20-03-2013,24.12,16:00,6.12,2013
21-03-2013,52.92,15:10,12.96,2013
22-03-2013,46.08,13:40,10.08,2013
23-03-2013,32.04,12:20,9,2013
24-03-2013,33.12,16:30,6.12,2013
25-03-2013,50.04,14:40,9,2013
26-03-2013,20.16,00:00,2.16,2013
27-03-2013,25.92,16:40,2.88,2013
28-03-2013,29.16,18:00,9,2013
29-03-2013,42.12,14:30,6.84,2013
30-03-2013,32.04,11:00,9,2013
31-03-2013,42.12,15:00,11.16,2013
01-04-2013,47.88,13:10,9,2013
02-04-2013,29.88,13:20,6.84,2013
03-04-2013,39.96,11:30,6.84,2013
04-04-2013,28.08,17:30,6.12,2013
05-04-2013,33.12,12:00,6.12,2013
06-04-2013,24.12,13:10,5.04,2013
07-04-2013,30.96,16:50,5.04,2013
08-04-2013,41.04,16:00,9,2013
09-04-2013,38.88,12:50,11.88,2013
10-04-2013,57.96,15:20,10.08,2013
11-04-2013,41.04,15:00,7.92,2013
12-04-2013,32.04,11:10,11.88,2013
13-04-2013,37.08,13:30,10.08,2013
14-04-2013,42.12,12:20,7.92,2013
15-04-2013,33.84,17:20,6.84,2013
16-04-2013,18,12:10,3.96,2013
17-04-2013,30.96,15:30,10.08,2013
18-04-2013,25.92,20:00,6.12,2013
19-04-2013,29.88,14:30,6.84,2013
20-04-2013,19.08,15:30,2.88,2013
21-04-2013,27,16:20,5.04,2013
22-04-2013,24.12,13:00,6.12,2013
23-04-2013,16.92,17:20,5.04,2013
24-04-2013,20.88,17:10,6.12,2013
25-04-2013,33.12,16:20,6.12,2013
26-04-2013,33.12,17:50,6.84,2013
27-04-2013,46.08,13:00,7.92,2013
28-04-2013,42.12,15:10,5.04,2013
29-04-2013,38.16,12:10,6.12,2013
30-04-2013,27,13:40,5.04,2013
01-05-2013,24.12,16:10,5.04,2013
02-05-2013,24.12,15:00,5.04,2013
03-05-2013,19.08,19:00,3.96,2013
04-05-2013,29.88,17:00,6.84,2013
05-05-2013,38.88,15:20,7.92,2013
06-05-2013,14.04,16:50,6.12,2013
07-05-2013,24.12,14:00,6.84,2013
08-05-2013,27,16:30,6.84,2013
09-05-2013,20.16,12:50,5.04,2013
10-05-2013,23.04,18:10,6.84,2013
11-05-2013,27,15:40,5.04,2013
12-05-2013,23.04,15:50,5.04,2013
13-05-2013,24.12,17:30,5.04,2013
14-05-2013,29.88,14:50,7.92,2013
15-05-2013,33.84,16:30,7.92,2013
16-05-2013,29.16,13:50,5.04,2013
17-05-2013,33.12,14:40,3.96,2013
18-05-2013,43.92,14:00,10.08,2013
19-05-2013,29.88,15:50,6.12,2013
20-05-2013,24.12,19:10,6.84,2013
21-05-2013,24.84,17:00,3.96,2013
22-05-2013,29.16,14:40,5.04,2013
23-05-2013,28.08,16:40,6.12,2013
24-05-2013,29.88,14:00,6.12,2013
25-05-2013,24.84,17:20,5.04,2013
26-05-2013,24.12,16:00,3.96,2013
27-05-2013,32.04,18:10,10.08,2013
28-05-2013,37.08,11:40,10.08,2013
29-05-2013,38.88,17:50,6.12,2013
30-05-2013,21.96,12:20,5.04,2013
31-05-2013,30.96,13:30,5.04,2013
01-06-2013,27,19:50,5.04,2013
02-06-2013,30.96,18:00,6.12,2013
03-06-2013,24.84,19:20,5.04,2013
04-06-2013,24.12,18:30,5.04,2013
05-06-2013,32.04,14:40,7.92,2013
06-06-2013,34.92,15:40,6.84,2013
07-06-2013,33.84,13:10,6.12,2013
08-06-2013,16.92,15:40,2.88,2013
09-06-2013,27,16:00,6.12,2013
10-06-2013,27,14:10,6.12,2013
11-06-2013,25.92,13:50,7.92,2013
12-06-2013,30.96,13:20,9,2013
13-06-2013,21.96,15:40,3.96,2013
14-06-2013,32.04,13:50,6.84,2013
15-06-2013,24.12,18:30,5.04,2013
16-06-2013,27,12:20,6.12,2013
17-06-2013,32.04,13:20,9,2013
18-06-2013,29.88,15:10,7.92,2013
19-06-2013,32.04,15:00,9,2013
20-06-2013,21.96,14:10,5.04,2013
21-06-2013,27,15:30,6.12,2013
22-06-2013,27,17:20,9,2013
23-06-2013,28.08,11:40,6.84,2013
24-06-2013,24.84,23:00,6.12,2013
25-06-2013,27,17:50,6.12,2013
26-06-2013,30.96,22:20,5.04,2013
27-06-2013,25.92,18:00,6.12,2013
28-06-2013,30.96,20:00,6.12,2013
29-06-2013,25.92,18:30,6.12,2013
30-06-2013,20.88,17:00,5.04,2013
01-07-2013,24.12,11:40,5.04,2013
02-07-2013,32.04,16:30,6.12,2013
03-07-2013,24.12,16:20,5.04,2013
04-07-2013,19.08,16:10,5.04,2013
05-07-2013,16.92,18:20,3.96,2013
06-07-2013,20.16,21:00,6.12,2013
07-07-2013,23.04,18:30,5.04,2013
08-07-2013,19.08,16:40,5.04,2013
09-07-2013,24.12,15:40,7.92,2013
10-07-2013,20.88,22:40,3.96,2013
11-07-2013,33.12,16:40,5.04,2013
12-07-2013,28.08,16:50,6.84,2013
13-07-2013,51.12,18:20,3.96,2013
14-07-2013,38.16,18:00,6.84,2013
15-07-2013,20.16,16:40,3.96,2013
16-07-2013,20.16,15:20,3.96,2013
17-07-2013,23.04,17:20,5.04,2013
18-07-2013,20.16,15:30,3.96,2013
19-07-2013,24.84,15:30,6.12,2013
20-07-2013,29.16,14:30,6.12,2013
21-07-2013,23.04,17:10,7.92,2013
22-07-2013,21.96,13:40,6.84,2013
23-07-2013,29.88,13:30,7.92,2013
24-07-2013,30.96,15:20,7.92,2013
25-07-2013,33.12,15:50,7.92,2013
26-07-2013,29.88,16:10,6.84,2013
27-07-2013,39.96,14:40,9,2013
28-07-2013,29.88,11:40,6.84,2013
29-07-2013,25.92,14:20,6.84,2013
30-07-2013,18,13:50,5.04,2013
31-07-2013,28.08,14:30,6.12,2013
01-08-2013,33.12,14:00,7.92,2013
02-08-2013,39.96,14:00,12.96,2013
03-08-2013,24.12,12:30,5.04,2013
04-08-2013,25.92,16:00,6.12,2013
05-08-2013,27,17:30,6.84,2013
06-08-2013,30.96,16:50,6.12,2013
07-08-2013,33.12,15:50,10.08,2013
08-08-2013,27,14:00,5.04,2013
09-08-2013,28.08,17:50,6.12,2013
10-08-2013,21.96,18:20,5.04,2013
11-08-2013,24.12,17:10,3.96,2013
12-08-2013,27,17:00,5.04,2013
13-08-2013,24.12,13:50,5.04,2013
14-08-2013,23.04,19:30,6.12,2013
15-08-2013,27,15:30,6.12,2013
16-08-2013,25.92,18:40,5.04,2013
17-08-2013,24.84,18:20,7.92,2013
18-08-2013,24.84,16:10,6.84,2013
19-08-2013,24.84,18:50,6.12,2013
20-08-2013,19.08,10:20,3.96,2013
21-08-2013,30.96,15:20,6.84,2013
22-08-2013,28.08,12:40,7.92,2013
23-08-2013,32.04,16:10,9,2013
24-08-2013,28.08,12:30,6.12,2013
25-08-2013,27,21:00,5.04,2013
26-08-2013,29.16,15:20,5.04,2013
27-08-2013,27,17:20,3.96,2013
28-08-2013,28.08,16:50,5.04,2013
29-08-2013,24.12,18:20,5.04,2013
30-08-2013,20.88,19:40,2.88,2013
31-08-2013,27,17:10,3.96,2013
01-09-2013,29.16,19:30,2.88,2013
02-09-2013,21.96,18:40,6.12,2013
03-09-2013,27,17:20,3.96,2013
04-09-2013,24.84,15:20,6.12,2013
05-09-2013,20.88,01:00,5.04,2013
06-09-2013,29.88,15:10,5.04,2013
07-09-2013,25.92,14:30,5.04,2013
08-09-2013,18,16:50,3.96,2013
09-09-2013,20.88,16:40,2.88,2013
10-09-2013,24.12,16:50,3.96,2013
11-09-2013,29.88,16:00,5.04,2013
12-09-2013,18,14:50,2.88,2013
13-09-2013,18,17:20,2.88,2013
14-09-2013,33.12,15:50,3.96,2013
15-09-2013,25.92,14:20,3.96,2013
16-09-2013,23.04,20:40,5.04,2013
17-09-2013,25.92,10:40,5.04,2013
18-09-2013,24.12,10:40,5.04,2013
19-09-2013,28.08,17:20,3.96,2013
20-09-2013,19.08,18:10,2.88,2013
21-09-2013,18,12:50,5.04,2013
22-09-2013,16.92,15:10,3.96,2013
23-09-2013,25.92,13:30,5.04,2013
24-09-2013,23.04,15:10,7.92,2013
25-09-2013,29.16,13:00,5.04,2013
26-09-2013,32.04,10:30,6.84,2013
27-09-2013,36,16:50,2.88,2013
28-09-2013,25.92,11:30,6.12,2013
29-09-2013,24.84,11:00,5.04,2013
30-09-2013,30.96,15:10,6.12,2013
01-10-2013,34.92,13:50,6.84,2013
02-10-2013,30.96,17:40,6.84,2013
03-10-2013,37.08,10:50,6.12,2013
04-10-2013,28.08,14:50,6.12,2013
05-10-2013,16.92,13:00,3.96,2013
06-10-2013,15.12,16:10,5.04,2013
07-10-2013,14.04,12:00,5.04,2013
08-10-2013,18,15:50,5.04,2013
09-10-2013,19.08,20:30,2.16,2013
10-10-2013,19.08,14:00,2.88,2013
11-10-2013,23.04,18:10,5.04,2013
12-10-2013,21.96,14:20,3.96,2013
13-10-2013,15.12,13:30,1.08,2013
14-10-2013,16.92,14:50,2.88,2013
15-10-2013,37.08,12:40,6.84,2013
16-10-2013,12.96,04:40,1.08,2013
17-10-2013,15.12,11:40,2.88,2013
18-10-2013,29.88,09:30,5.04,2013
19-10-2013,23.04,15:20,5.04,2013
20-10-2013,20.16,21:10,2.88,2013
21-10-2013,33.12,12:50,9,2013
22-10-2013,45,14:40,6.84,2013
23-10-2013,28.08,13:20,5.04,2013
24-10-2013,28.08,06:10,3.96,2013
25-10-2013,15.12,06:20,2.88,2013
26-10-2013,21.96,14:30,5.04,2013
27-10-2013,27,10:50,6.12,2013
28-10-2013,28.08,00:30,6.84,2013
29-10-2013,11.88,12:30,1.08,2013
30-10-2013,14.04,06:30,3.96,2013
31-10-2013,12.96,07:50,3.96,2013
01-11-2013,24.12,16:10,2.88,2013
02-11-2013,32.04,10:10,5.04,2013
03-11-2013,20.16,14:50,3.96,2013
04-11-2013,29.88,05:30,6.12,2013
05-11-2013,21.96,11:10,7.92,2013
06-11-2013,27,15:00,5.04,2013
07-11-2013,21.96,17:50,6.84,2013
08-11-2013,23.04,15:10,5.04,2013
09-11-2013,19.08,13:00,5.04,2013
10-11-2013,12.96,14:50,2.16,2013
11-11-2013,21.96,15:20,6.12,2013
12-11-2013,11.88,15:30,2.88,2013
13-11-2013,21.96,15:20,2.16,2013
14-11-2013,23.04,14:40,2.16,2013
15-11-2013,36,12:10,3.96,2013
16-11-2013,28.08,10:20,3.96,2013
17-11-2013,27,12:40,5.04,2013
18-11-2013,9,14:10,2.16,2013
19-11-2013,33.12,11:30,2.88,2013
20-11-2013,19.08,14:00,2.88,2013
21-11-2013,11.88,12:10,2.16,2013
22-11-2013,18,13:50,3.96,2013
23-11-2013,15.12,13:30,2.16,2013
24-11-2013,27,16:30,2.88,2013
25-11-2013,20.88,15:40,2.88,2013
26-11-2013,11.88,15:50,2.88,2013
27-11-2013,18,17:10,2.88,2013
28-11-2013,11.88,15:20,2.16,2013
29-11-2013,10.08,16:00,2.88,2013
30-11-2013,21.96,20:10,2.16,2013
01-12-2013,15.12,01:50,2.16,2013
02-12-2013,10.08,10:40,2.16,2013
03-12-2013,11.16,14:30,2.88,2013
04-12-2013,9,09:10,2.88,2013
05-12-2013,11.16,11:40,2.16,2013
06-12-2013,11.88,13:10,2.88,2013
07-12-2013,10.08,08:40,2.16,2013
08-12-2013,11.16,06:40,3.96,2013
09-12-2013,12.96,15:30,3.96,2013
10-12-2013,24.12,14:20,2.88,2013
11-12-2013,43.92,13:00,11.88,2013
12-12-2013,36,14:00,11.88,2013
13-12-2013,24.12,00:50,2.88,2013
14-12-2013,21.96,15:20,3.96,2013
15-12-2013,24.84,15:00,3.96,2013
16-12-2013,24.84,12:50,3.96,2013
17-12-2013,23.04,00:50,2.16,2013
18-12-2013,25.92,17:00,3.96,2013
19-12-2013,34.92,14:20,5.04,2013
20-12-2013,11.88,12:30,3.96,2013
21-12-2013,12.96,00:10,2.16,2013
22-12-2013,19.08,03:00,3.96,2013
23-12-2013,42.84,13:10,10.08,2013
24-12-2013,55.08,10:50,12.96,2013
25-12-2013,42.12,06:40,10.08,2013
26-12-2013,30.96,22:10,5.04,2013
27-12-2013,51.12,15:40,11.16,2013
28-12-2013,50.04,00:00,5.04,2013
29-12-2013,16.92,23:59,3.96,2013
30-12-2013,33.12,09:40,11.16,2013
31-12-2013,36,12:30,5.04,2013
01-01-2013,9,12:10,2.16,2013
02-01-2013,15.12,15:40,2.88,2013
03-01-2013,11.16,14:20,2.88,2013
04-01-2013,9,05:20,2.16,2013
05-01-2013,10.08,04:10,2.88,2013
06-01-2013,12.96,06:30,3.96,2013
07-01-2013,12.96,04:40,2.88,2013
08-01-2013,10.08,03:20,2.88,2013
09-01-2013,12.96,14:10,2.88,2013
10-01-2013,11.88,15:10,2.88,2013
11-01-2013,16.92,22:40,2.88,2013
12-01-2013,34.92,16:00,3.96,2013
13-01-2013,15.84,16:10,2.88,2013
14-01-2013,9,14:00,2.88,2013
15-01-2013,15.12,14:30,2.16,2013
16-01-2013,36,14:10,7.92,2013
17-01-2013,18,23:59,1.08,2013
18-01-2013,42.84,14:30,9,2013
19-01-2013,38.16,17:30,9,2013
20-01-2013,34.92,18:40,3.96,2013
21-01-2013,28.08,13:50,3.96,2013
22-01-2013,42.12,04:40,6.12,2013
23-01-2013,14.04,13:50,3.96,2013
24-01-2013,15.84,03:00,3.96,2013
25-01-2013,10.08,10:10,1.08,2013
26-01-2013,11.16,02:20,2.16,2013
27-01-2013,36,15:30,3.96,2013
28-01-2013,28.08,14:10,3.96,2013
29-01-2013,36,12:40,11.88,2013
30-01-2013,29.16,03:20,6.12,2013
31-01-2013,23.04,17:10,5.04,2013
01-02-2013,50.04,12:50,11.16,2013
02-02-2013,32.04,15:10,5.04,2013
03-02-2013,11.88,15:30,2.88,2013
04-02-2013,18,17:50,3.96,2013
05-02-2013,24.12,16:30,5.04,2013
06-02-2013,33.12,15:50,7.92,2013
07-02-2013,24.84,14:50,2.88,2013
08-02-2013,34.92,16:40,6.84,2013
09-02-2013,16.92,13:30,2.88,2013
10-02-2013,56.88,13:50,10.08,2013
11-02-2013,42.12,14:20,6.12,2013
12-02-2013,10.08,14:40,2.16,2013
13-02-2013,9,09:40,2.88,2013
14-02-2013,14.04,14:50,3.96,2013
15-02-2013,14.04,15:10,2.16,2013
16-02-2013,16.92,14:50,2.88,2013
17-02-2013,30.96,16:10,5.04,2013
18-02-2013,34.92,13:40,6.84,2013
19-02-2013,11.16,01:40,1.08,2013
20-02-2013,32.04,13:20,7.92,2013
21-02-2013,34.92,15:40,6.12,2013
22-02-2013,24.12,11:30,2.16,2013
23-02-2013,25.92,01:00,6.12,2013
24-02-2013,23.04,15:50,3.96,2013
25-02-2013,24.12,16:00,3.96,2013
26-02-2013,23.04,16:40,5.04,2013
27-02-2013,34.92,13:00,9,2013
28-02-2013,29.16,16:40,5.04,2013
01-03-2013,14.04,16:10,2.16,2013
02-03-2013,29.16,15:10,5.04,2013
03-03-2013,38.88,13:00,9,2013
04-03-2013,38.16,19:10,6.12,2013
05-03-2013,34.92,16:50,6.12,2013
06-03-2013,33.84,12:50,9,2013
07-03-2013,54,13:00,11.16,2013
08-03-2013,37.08,14:50,11.16,2013
09-03-2013,47.88,15:30,10.08,2013
10-03-2013,39.96,15:20,6.12,2013
11-03-2013,36,15:00,9,2013
12-03-2013,27,14:20,5.04,2013
13-03-2013,25.92,11:10,6.12,2013
14-03-2013,29.88,15:20,2.88,2013
15-03-2013,20.88,14:30,6.12,2013
16-03-2013,20.16,18:30,2.88,2013
17-03-2013,30.96,14:00,6.12,2013
18-03-2013,29.88,16:50,7.92,2013
19-03-2013,24.12,17:50,6.12,2013
20-03-2013,24.12,16:00,6.12,2013
21-03-2013,52.92,15:10,12.96,2013
22-03-2013,46.08,13:40,10.08,2013
23-03-2013,32.04,12:20,9,2013
24-03-2013,33.12,16:30,6.12,2013
25-03-2013,50.04,14:40,9,2013
26-03-2013,20.16,00:00,2.16,2013
27-03-2013,25.92,16:40,2.88,2013
28-03-2013,29.16,18:00,9,2013
29-03-2013,42.12,14:30,6.84,2013
30-03-2013,32.04,11:00,9,2013
31-03-2013,42.12,15:00,11.16,2013
01-04-2013,47.88,13:10,9,2013
02-04-2013,29.88,13:20,6.84,2013
03-04-2013,39.96,11:30,6.84,2013
04-04-2013,28.08,17:30,6.12,2013
05-04-2013,33.12,12:00,6.12,2013
06-04-2013,24.12,13:10,5.04,2013
07-04-2013,30.96,16:50,5.04,2013
08-04-2013,41.04,16:00,9,2013
09-04-2013,38.88,12:50,11.88,2013
10-04-2013,57.96,15:20,10.08,2013
11-04-2013,41.04,15:00,7.92,2013
12-04-2013,32.04,11:10,11.88,2013
13-04-2013,37.08,13:30,10.08,2013
14-04-2013,42.12,12:20,7.92,2013
15-04-2013,33.84,17:20,6.84,2013
16-04-2013,18,12:10,3.96,2013
17-04-2013,30.96,15:30,10.08,2013
18-04-2013,25.92,20:00,6.12,2013
19-04-2013,29.88,14:30,6.84,2013
20-04-2013,19.08,15:30,2.88,2013
21-04-2013,27,16:20,5.04,2013
22-04-2013,24.12,13:00,6.12,2013
23-04-2013,16.92,17:20,5.04,2013
24-04-2013,20.88,17:10,6.12,2013
25-04-2013,33.12,16:20,6.12,2013
26-04-2013,33.12,17:50,6.84,2013
27-04-2013,46.08,13:00,7.92,2013
28-04-2013,42.12,15:10,5.04,2013
29-04-2013,38.16,12:10,6.12,2013
30-04-2013,27,13:40,5.04,2013
01-05-2013,24.12,16:10,5.04,2013
02-05-2013,24.12,15:00,5.04,2013
03-05-2013,19.08,19:00,3.96,2013
04-05-2013,29.88,17:00,6.84,2013
05-05-2013,38.88,15:20,7.92,2013
06-05-2013,14.04,16:50,6.12,2013
07-05-2013,24.12,14:00,6.84,2013
08-05-2013,27,16:30,6.84,2013
09-05-2013,20.16,12:50,5.04,2013
10-05-2013,23.04,18:10,6.84,2013
11-05-2013,27,15:40,5.04,2013
12-05-2013,23.04,15:50,5.04,2013
13-05-2013,24.12,17:30,5.04,2013
14-05-2013,29.88,14:50,7.92,2013
15-05-2013,33.84,16:30,7.92,2013
16-05-2013,29.16,13:50,5.04,2013
17-05-2013,33.12,14:40,3.96,2013
18-05-2013,43.92,14:00,10.08,2013
19-05-2013,29.88,15:50,6.12,2013
20-05-2013,24.12,19:10,6.84,2013
21-05-2013,24.84,17:00,3.96,2013
22-05-2013,29.16,14:40,5.04,2013
23-05-2013,28.08,16:40,6.12,2013
24-05-2013,29.88,14:00,6.12,2013
25-05-2013,24.84,17:20,5.04,2013
26-05-2013,24.12,16:00,3.96,2013
27-05-2013,32.04,18:10,10.08,2013
28-05-2013,37.08,11:40,10.08,2013
29-05-2013,38.88,17:50,6.12,2013
30-05-2013,21.96,12:20,5.04,2013
31-05-2013,30.96,13:30,5.04,2013
01-06-2013,27,19:50,5.04,2013
02-06-2013,30.96,18:00,6.12,2013
03-06-2013,24.84,19:20,5.04,2013
04-06-2013,24.12,18:30,5.04,2013
05-06-2013,32.04,14:40,7.92,2013
06-06-2013,34.92,15:40,6.84,2013
07-06-2013,33.84,13:10,6.12,2013
08-06-2013,16.92,15:40,2.88,2013
09-06-2013,27,16:00,6.12,2013
10-06-2013,27,14:10,6.12,2013
11-06-2013,25.92,13:50,7.92,2013
12-06-2013,30.96,13:20,9,2013
13-06-2013,21.96,15:40,3.96,2013
14-06-2013,32.04,13:50,6.84,2013
15-06-2013,24.12,18:30,5.04,2013
16-06-2013,27,12:20,6.12,2013
17-06-2013,32.04,13:20,9,2013
18-06-2013,29.88,15:10,7.92,2013
19-06-2013,32.04,15:00,9,2013
20-06-2013,21.96,14:10,5.04,2013
21-06-2013,27,15:30,6.12,2013
22-06-2013,27,17:20,9,2013
23-06-2013,28.08,11:40,6.84,2013
24-06-2013,24.84,23:00,6.12,2013
25-06-2013,27,17:50,6.12,2013
26-06-2013,30.96,22:20,5.04,2013
27-06-2013,25.92,18:00,6.12,2013
28-06-2013,30.96,20:00,6.12,2013
29-06-2013,25.92,18:30,6.12,2013
30-06-2013,20.88,17:00,5.04,2013
01-07-2013,24.12,11:40,5.04,2013
02-07-2013,32.04,16:30,6.12,2013
03-07-2013,24.12,16:20,5.04,2013
04-07-2013,19.08,16:10,5.04,2013
05-07-2013,16.92,18:20,3.96,2013
06-07-2013,20.16,21:00,6.12,2013
07-07-2013,23.04,18:30,5.04,2013
08-07-2013,19.08,16:40,5.04,2013
09-07-2013,24.12,15:40,7.92,2013
10-07-2013,20.88,22:40,3.96,2013
11-07-2013,33.12,16:40,5.04,2013
12-07-2013,28.08,16:50,6.84,2013
13-07-2013,51.12,18:20,3.96,2013
14-07-2013,38.16,18:00,6.84,2013
15-07-2013,20.16,16:40,3.96,2013
16-07-2013,20.16,15:20,3.96,2013
17-07-2013,23.04,17:20,5.04,2013
18-07-2013,20.16,15:30,3.96,2013
19-07-2013,24.84,15:30,6.12,2013
20-07-2013,29.16,14:30,6.12,2013
21-07-2013,23.04,17:10,7.92,2013
22-07-2013,21.96,13:40,6.84,2013
23-07-2013,29.88,13:30,7.92,2013
24-07-2013,30.96,15:20,7.92,2013
25-07-2013,33.12,15:50,7.92,2013
26-07-2013,29.88,16:10,6.84,2013
27-07-2013,39.96,14:40,9,2013
28-07-2013,29.88,11:40,6.84,2013
29-07-2013,25.92,14:20,6.84,2013
30-07-2013,18,13:50,5.04,2013
31-07-2013,28.08,14:30,6.12,2013
01-08-2013,33.12,14:00,7.92,2013
02-08-2013,39.96,14:00,12.96,2013
03-08-2013,24.12,12:30,5.04,2013
04-08-2013,25.92,16:00,6.12,2013
05-08-2013,27,17:30,6.84,2013
06-08-2013,30.96,16:50,6.12,2013
07-08-2013,33.12,15:50,10.08,2013
08-08-2013,27,14:00,5.04,2013
09-08-2013,28.08,17:50,6.12,2013
10-08-2013,21.96,18:20,5.04,2013
11-08-2013,24.12,17:10,3.96,2013
12-08-2013,27,17:00,5.04,2013
13-08-2013,24.12,13:50,5.04,2013
14-08-2013,23.04,19:30,6.12,2013
15-08-2013,27,15:30,6.12,2013
16-08-2013,25.92,18:40,5.04,2013
17-08-2013,24.84,18:20,7.92,2013
18-08-2013,24.84,16:10,6.84,2013
19-08-2013,24.84,18:50,6.12,2013
20-08-2013,19.08,10:20,3.96,2013
21-08-2013,30.96,15:20,6.84,2013
22-08-2013,28.08,12:40,7.92,2013
23-08-2013,32.04,16:10,9,2013
24-08-2013,28.08,12:30,6.12,2013
25-08-2013,27,21:00,5.04,2013
26-08-2013,29.16,15:20,5.04,2013
27-08-2013,27,17:20,3.96,2013
28-08-2013,28.08,16:50,5.04,2013
29-08-2013,24.12,18:20,5.04,2013
30-08-2013,20.88,19:40,2.88,2013
31-08-2013,27,17:10,3.96,2013
01-09-2013,29.16,19:30,2.88,2013
02-09-2013,21.96,18:40,6.12,2013
03-09-2013,27,17:20,3.96,2013
04-09-2013,24.84,15:20,6.12,2013
05-09-2013,20.88,01:00,5.04,2013
06-09-2013,29.88,15:10,5.04,2013
07-09-2013,25.92,14:30,5.04,2013
08-09-2013,18,16:50,3.96,2013
09-09-2013,20.88,16:40,2.88,2013
10-09-2013,24.12,16:50,3.96,2013
11-09-2013,29.88,16:00,5.04,2013
12-09-2013,18,14:50,2.88,2013
13-09-2013,18,17:20,2.88,2013
14-09-2013,33.12,15:50,3.96,2013
15-09-2013,25.92,14:20,3.96,2013
16-09-2013,23.04,20:40,5.04,2013
17-09-2013,25.92,10:40,5.04,2013
18-09-2013,24.12,10:40,5.04,2013
19-09-2013,28.08,17:20,3.96,2013
20-09-2013,19.08,18:10,2.88,2013
21-09-2013,18,12:50,5.04,2013
22-09-2013,16.92,15:10,3.96,2013
23-09-2013,25.92,13:30,5.04,2013
24-09-2013,23.04,15:10,7.92,2013
25-09-2013,29.16,13:00,5.04,2013
26-09-2013,32.04,10:30,6.84,2013
27-09-2013,36,16:50,2.88,2013
28-09-2013,25.92,11:30,6.12,2013
29-09-2013,24.84,11:00,5.04,2013
30-09-2013,30.96,15:10,6.12,2013
01-10-2013,34.92,13:50,6.84,2013
02-10-2013,30.96,17:40,6.84,2013
03-10-2013,37.08,10:50,6.12,2013
04-10-2013,28.08,14:50,6.12,2013
05-10-2013,16.92,13:00,3.96,2013
06-10-2013,15.12,16:10,5.04,2013
07-10-2013,14.04,12:00,5.04,2013
08-10-2013,18,15:50,5.04,2013
09-10-2013,19.08,20:30,2.16,2013
10-10-2013,19.08,14:00,2.88,2013
11-10-2013,23.04,18:10,5.04,2013
12-10-2013,21.96,14:20,3.96,2013
13-10-2013,15.12,13:30,1.08,2013
14-10-2013,16.92,14:50,2.88,2013
15-10-2013,37.08,12:40,6.84,2013
16-10-2013,12.96,04:40,1.08,2013
17-10-2013,15.12,11:40,2.88,2013
18-10-2013,29.88,09:30,5.04,2013
19-10-2013,23.04,15:20,5.04,2013
20-10-2013,20.16,21:10,2.88,2013
21-10-2013,33.12,12:50,9,2013
22-10-2013,45,14:40,6.84,2013
23-10-2013,28.08,13:20,5.04,2013
24-10-2013,28.08,06:10,3.96,2013
25-10-2013,15.12,06:20,2.88,2013
26-10-2013,21.96,14:30,5.04,2013
27-10-2013,27,10:50,6.12,2013
28-10-2013,28.08,00:30,6.84,2013
29-10-2013,11.88,12:30,1.08,2013
30-10-2013,14.04,06:30,3.96,2013
31-10-2013,12.96,07:50,3.96,2013
01-11-2013,24.12,16:10,2.88,2013
02-11-2013,32.04,10:10,5.04,2013
03-11-2013,20.16,14:50,3.96,2013
04-11-2013,29.88,05:30,6.12,2013
05-11-2013,21.96,11:10,7.92,2013
06-11-2013,27,15:00,5.04,2013
07-11-2013,21.96,17:50,6.84,2013
08-11-2013,23.04,15:10,5.04,2013
09-11-2013,19.08,13:00,5.04,2013
10-11-2013,12.96,14:50,2.16,2013
11-11-2013,21.96,15:20,6.12,2013
12-11-2013,11.88,15:30,2.88,2013
13-11-2013,21.96,15:20,2.16,2013
14-11-2013,23.04,14:40,2.16,2013
15-11-2013,36,12:10,3.96,2013
16-11-2013,28.08,10:20,3.96,2013
17-11-2013,27,12:40,5.04,2013
18-11-2013,9,14:10,2.16,2013
19-11-2013,33.12,11:30,2.88,2013
20-11-2013,19.08,14:00,2.88,2013
21-11-2013,11.88,12:10,2.16,2013
22-11-2013,18,13:50,3.96,2013
23-11-2013,15.12,13:30,2.16,2013
24-11-2013,27,16:30,2.88,2013
25-11-2013,20.88,15:40,2.88,2013
26-11-2013,11.88,15:50,2.88,2013
27-11-2013,18,17:10,2.88,2013
28-11-2013,11.88,15:20,2.16,2013
29-11-2013,10.08,16:00,2.88,2013
30-11-2013,21.96,20:10,2.16,2013
01-12-2013,15.12,01:50,2.16,2013
02-12-2013,10.08,10:40,2.16,2013
03-12-2013,11.16,14:30,2.88,2013
04-12-2013,9,09:10,2.88,2013
05-12-2013,11.16,11:40,2.16,2013
06-12-2013,11.88,13:10,2.88,2013
07-12-2013,10.08,08:40,2.16,2013
08-12-2013,11.16,06:40,3.96,2013
09-12-2013,12.96,15:30,3.96,2013
10-12-2013,24.12,14:20,2.88,2013
11-12-2013,43.92,13:00,11.88,2013
12-12-2013,36,14:00,11.88,2013
13-12-2013,24.12,00:50,2.88,2013
14-12-2013,21.96,15:20,3.96,2013
15-12-2013,24.84,15:00,3.96,2013
16-12-2013,24.84,12:50,3.96,2013
17-12-2013,23.04,00:50,2.16,2013
18-12-2013,25.92,17:00,3.96,2013
19-12-2013,34.92,14:20,5.04,2013
20-12-2013,11.88,12:30,3.96,2013
21-12-2013,12.96,00:10,2.16,2013
22-12-2013,19.08,03:00,3.96,2013
23-12-2013,42.84,13:10,10.08,2013
24-12-2013,55.08,10:50,12.96,2013
25-12-2013,42.12,06:40,10.08,2013
26-12-2013,30.96,22:10,5.04,2013
27-12-2013,51.12,15:40,11.16,2013
28-12-2013,50.04,00:00,5.04,2013
29-12-2013,16.92,23:59,3.96,2013
30-12-2013,33.12,09:40,11.16,2013
31-12-2013,36,12:30,5.04,2013
01-01-2014,42.12,19:10,7.92,2014
02-01-2014,23.04,21:40,5.04,2014
03-01-2014,32.04,23:59,6.84,2014
04-01-2014,73.08,04:30,7.92,2014
05-01-2014,45,23:40,5.04,2014
06-01-2014,43.92,00:20,6.84,2014
07-01-2014,28.08,00:00,2.88,2014
08-01-2014,36,11:50,7.92,2014
09-01-2014,16.92,00:50,2.88,2014
10-01-2014,12.96,16:20,2.16,2014
11-01-2014,11.16,13:30,2.16,2014
12-01-2014,33.84,13:10,6.12,2014
13-01-2014,39.96,13:20,6.12,2014
14-01-2014,15.12,04:50,3.96,2014
15-01-2014,36,12:45,7.92,2014
16-01-2014,29.16,13:30,7.92,2014
17-01-2014,38.16,05:27,11.16,2014
18-01-2014,27,13:14,6.84,2014
19-01-2014,28.08,15:02,3.96,2014
20-01-2014,16.92,15:29,2.88,2014
21-01-2014,11.16,Varias,2.16,2014
22-01-2014,28.08,11:54,3.96,2014
23-01-2014,11.88,16:09,2.88,2014
24-01-2014,11.16,16:48,2.16,2014
25-01-2014,11.88,10:54,2.16,2014
26-01-2014,30.96,16:07,6.12,2014
27-01-2014,37.08,13:12,3.96,2014
28-01-2014,54,13:12,9,2014
29-01-2014,32.04,16:23,6.12,2014
30-01-2014,11.88,18:13,3.96,2014
31-01-2014,25.92,14:30,3.96,2014
01-02-2014,41.04,01:19,6.12,2014
02-02-2014,29.88,23:50,5.04,2014
03-02-2014,41.04,04:30,10.08,2014
04-02-2014,47.88,17:57,11.88,2014
05-02-2014,43.92,Varias,7.92,2014
06-02-2014,59.04,16:46,11.88,2014
07-02-2014,38.88,11:54,9,2014
08-02-2014,59.04,09:10,11.88,2014
09-02-2014,54,15:48,7.92,2014
10-02-2014,42.84,12:16,5.04,2014
11-02-2014,38.88,04:34,6.84,2014
12-02-2014,39.96,14:44,5.04,2014
13-02-2014,43.92,20:21,7.92,2014
14-02-2014,61.92,10:32,11.88,2014
15-02-2014,51.84,15:11,6.84,2014
16-02-2014,20.16,23:10,5.04,2014
17-02-2014,37.08,02:52,7.92,2014
18-02-2014,15.84,17:00,3.96,2014
19-02-2014,16.92,Varias,2.88,2014
20-02-2014,33.12,15:44,6.84,2014
21-02-2014,33.12,Varias,6.84,2014
22-02-2014,27,14:50,6.12,2014
23-02-2014,50.04,09:39,11.16,2014
24-02-2014,38.16,14:24,6.12,2014
25-02-2014,51.12,10:35,7.92,2014
26-02-2014,29.16,00:06,6.12,2014
27-02-2014,28.08,23:48,5.04,2014
28-02-2014,30.96,09:56,6.84,2014
01-03-2014,28.08,12:44,6.12,2014
02-03-2014,38.88,19:31,9,2014
03-03-2014,39.96,11:54,6.84,2014
04-03-2014,30.96,14:20,2.88,2014
05-03-2014,23.04,16:30,6.12,2014
06-03-2014,11.88,15:30,2.88,2014
07-03-2014,15.84,17:18,5.04,2014
08-03-2014,25.92,13:46,6.12,2014
09-03-2014,46.08,11:48,9,2014
10-03-2014,28.08,17:31,5.04,2014
11-03-2014,14.04,14:37,2.88,2014
12-03-2014,14.04,12:18,2.88,2014
13-03-2014,14.04,Varias,2.16,2014
14-03-2014,21.96,Varias,5.04,2014
15-03-2014,20.88,20:16,2.16,2014
16-03-2014,14.04,15:19,2.88,2014
17-03-2014,23.04,16:40,3.96,2014
18-03-2014,27,13:09,5.04,2014
19-03-2014,15.84,10:47,3.96,2014
20-03-2014,38.16,14:40,5.04,2014
21-03-2014,33.12,13:53,6.12,2014
22-03-2014,42.12,14:47,10.08,2014
23-03-2014,18,16:46,5.04,2014
24-03-2014,43.92,16:04,9,2014
25-03-2014,41.04,16:10,9,2014
26-03-2014,29.16,15:11,3.96,2014
27-03-2014,15.84,17:08,5.04,2014
28-03-2014,15.12,19:23,2.88,2014
29-03-2014,19.08,16:06,3.96,2014
30-03-2014,43.92,12:48,10.08,2014
31-03-2014,34.92,23:05,6.84,2014
01-04-2014,32.04,01:27,2.88,2014
02-04-2014,30.96,14:09,6.12,2014
03-04-2014,38.88,15:25,5.04,2014
04-04-2014,25.92,10:20,5.04,2014
05-04-2014,24.84,14:55,6.84,2014
06-04-2014,33.12,14:20,6.84,2014
07-04-2014,24.12,13:18,3.96,2014
08-04-2014,23.04,17:25,6.12,2014
09-04-2014,21.96,Varias,3.96,2014
10-04-2014,33.12,16:09,3.96,2014
11-04-2014,24.84,11:17,5.04,2014
12-04-2014,24.12,09:57,6.12,2014
13-04-2014,20.16,18:59,2.88,2014
14-04-2014,23.04,19:50,3.96,2014
15-04-2014,20.16,15:09,3.96,2014
16-04-2014,25.92,Varias,5.04,2014
17-04-2014,24.12,18:41,3.96,2014
18-04-2014,23.04,16:40,6.84,2014
19-04-2014,19.08,20:30,2.88,2014
20-04-2014,24.12,18:02,6.84,2014
21-04-2014,21.96,15:24,3.96,2014
22-04-2014,25.92,13:55,6.12,2014
23-04-2014,34.92,13:34,6.12,2014
24-04-2014,50.04,15:08,2.16,2014
25-04-2014,24.84,11:03,2.88,2014
26-04-2014,39.96,14:06,10.08,2014
27-04-2014,27,13:59,6.84,2014
28-04-2014,33.12,15:58,7.92,2014
29-04-2014,24.12,14:45,5.04,2014
30-04-2014,27,16:58,5.04,2014
01-05-2014,21.96,15:33,2.88,2014
02-05-2014,25.92,Varias,6.12,2014
03-05-2014,18,20:02,2.88,2014
04-05-2014,23.04,14:22,3.96,2014
05-05-2014,32.04,14:11,6.12,2014
06-05-2014,20.88,13:19,5.04,2014
07-05-2014,24.12,Varias,9,2014
08-05-2014,25.92,17:50,6.12,2014
09-05-2014,24.84,16:44,6.12,2014
10-05-2014,29.88,17:34,7.92,2014
11-05-2014,24.12,13:16,5.04,2014
12-05-2014,28.08,14:22,5.04,2014
13-05-2014,29.88,16:33,3.96,2014
14-05-2014,25.92,Varias,6.12,2014
15-05-2014,21.96,18:35,2.88,2014
16-05-2014,24.84,17:14,5.04,2014
17-05-2014,27,18:47,3.96,2014
18-05-2014,38.88,14:47,9,2014
19-05-2014,38.16,16:24,3.96,2014
20-05-2014,34.92,10:29,3.96,2014
21-05-2014,33.84,12:19,7.92,2014
22-05-2014,43.92,13:16,10.08,2014
23-05-2014,38.88,00:39,6.12,2014
24-05-2014,25.92,12:59,7.92,2014
25-05-2014,29.88,16:05,6.12,2014
26-05-2014,25.92,16:31,6.12,2014
27-05-2014,21.96,14:18,2.88,2014
28-05-2014,28.08,16:57,6.12,2014
29-05-2014,34.92,Varias,7.92,2014
30-05-2014,24.12,15:17,2.88,2014
31-05-2014,25.92,14:24,5.04,2014
01-06-2014,27,18:47,3.96,2014
02-06-2014,24.12,16:35,5.04,2014
03-06-2014,34.92,17:52,11.16,2014
04-06-2014,23.04,18:11,6.12,2014
05-06-2014,29.88,Varias,6.12,2014
06-06-2014,52.92,Varias,5.04,2014
07-06-2014,48.96,10:44,12.96,2014
08-06-2014,30.96,16:05,5.04,2014
09-06-2014,33.84,14:48,7.92,2014
10-06-2014,20.88,18:46,5.04,2014
11-06-2014,16.92,13:58,5.04,2014
12-06-2014,27,17:29,6.84,2014
13-06-2014,23.04,16:25,3.96,2014
14-06-2014,25.92,Varias,5.04,2014
15-06-2014,27,16:27,5.04,2014
16-06-2014,24.12,19:54,6.12,2014
17-06-2014,20.16,19:06,5.04,2014
18-06-2014,28.08,Varias,6.84,2014
19-06-2014,33.12,15:54,6.12,2014
20-06-2014,38.16,11:43,6.84,2014
21-06-2014,30.96,13:41,2.88,2014
22-06-2014,32.04,16:52,6.84,2014
23-06-2014,20.16,18:00,6.12,2014
24-06-2014,20.16,18:13,2.88,2014
25-06-2014,21.96,16:26,6.12,2014
26-06-2014,27,13:20,7.92,2014
27-06-2014,28.08,17:21,7.92,2014
28-06-2014,32.04,09:16,11.88,2014
29-06-2014,24.12,18:06,6.12,2014
30-06-2014,37.08,13:28,7.92,2014
01-07-2014,33.84,16:44,7.92,2014
02-07-2014,29.16,14:58,5.04,2014
03-07-2014,29.16,16:53,6.12,2014
04-07-2014,27,14:25,6.84,2014
05-07-2014,32.04,14:20,6.84,2014
06-07-2014,24.12,17:48,6.84,2014
07-07-2014,25.92,15:02,6.12,2014
08-07-2014,25.92,16:54,6.12,2014
09-07-2014,32.04,14:26,6.12,2014
10-07-2014,27,15:29,5.04,2014
11-07-2014,21.96,17:55,5.04,2014
12-07-2014,23.04,13:04,3.96,2014
13-07-2014,30.96,15:44,6.84,2014
14-07-2014,24.12,14:32,6.12,2014
15-07-2014,28.08,16:39,6.12,2014
16-07-2014,25.92,16:04,6.84,2014
17-07-2014,32.04,14:21,9,2014
18-07-2014,30.96,14:10,7.92,2014
19-07-2014,33.84,13:40,5.04,2014
20-07-2014,27,10:12,6.12,2014
21-07-2014,19.08,20:07,2.88,2014
22-07-2014,23.04,19:12,5.04,2014
23-07-2014,29.88,14:50,6.84,2014
24-07-2014,21.96,17:19,3.96,2014
25-07-2014,20.16,Varias,5.04,2014
26-07-2014,28.08,15:11,3.96,2014
27-07-2014,23.04,17:06,3.96,2014
28-07-2014,29.16,14:42,6.84,2014
29-07-2014,25.92,16:19,5.04,2014
30-07-2014,21.96,Varias,2.88,2014
31-07-2014,30.96,13:25,10.08,2014
01-08-2014,37.08,15:44,10.08,2014
02-08-2014,33.12,15:13,7.92,2014
03-08-2014,28.08,16:06,6.12,2014
04-08-2014,27,17:25,6.12,2014
05-08-2014,29.16,17:17,6.84,2014
06-08-2014,29.16,15:50,6.84,2014
07-08-2014,28.08,15:59,7.92,2014
08-08-2014,24.12,10:46,6.84,2014
09-08-2014,32.04,16:44,7.92,2014
10-08-2014,16.92,21:44,2.16,2014
11-08-2014,23.04,Varias,7.92,2014
12-08-2014,29.16,Varias,6.12,2014
13-08-2014,28.08,13:55,6.12,2014
14-08-2014,24.84,16:46,3.96,2014
15-08-2014,24.12,15:40,5.04,2014
16-08-2014,25.92,18:03,3.96,2014
17-08-2014,20.88,15:20,5.04,2014
18-08-2014,28.08,19:04,6.12,2014
19-08-2014,30.96,16:47,5.04,2014
20-08-2014,18,19:19,3.96,2014
21-08-2014,24.84,17:29,5.04,2014
22-08-2014,21.96,14:40,2.88,2014
23-08-2014,20.16,Varias,3.96,2014
24-08-2014,28.08,15:35,6.12,2014
25-08-2014,38.16,13:53,10.08,2014
26-08-2014,46.08,11:33,11.16,2014
27-08-2014,29.88,12:45,7.92,2014
28-08-2014,25.92,17:49,7.92,2014
29-08-2014,21.96,13:16,2.88,2014
30-08-2014,20.88,14:16,2.88,2014
31-08-2014,20.16,15:23,2.88,2014
01-09-2014,24.84,Varias,6.84,2014
02-09-2014,30.96,15:19,6.12,2014
03-09-2014,18,16:48,5.04,2014
04-09-2014,21.96,Varias,6.84,2014
05-09-2014,23.04,17:00,5.04,2014
06-09-2014,14.04,13:14,2.88,2014
07-09-2014,20.88,Varias,3.96,2014
08-09-2014,28.08,12:23,3.96,2014
09-09-2014,20.16,Varias,6.12,2014
10-09-2014,24.12,13:34,5.04,2014
11-09-2014,25.92,18:29,5.04,2014
12-09-2014,30.96,16:07,5.04,2014
13-09-2014,25.92,Varias,6.12,2014
14-09-2014,20.88,10:14,3.96,2014
15-09-2014,34.92,Varias,5.04,2014
16-09-2014,39.96,10:15,7.92,2014
17-09-2014,38.88,12:41,7.92,2014
18-09-2014,33.12,05:16,6.12,2014
19-09-2014,32.04,13:04,5.04,2014
20-09-2014,27,Varias,5.04,2014
21-09-2014,38.16,14:15,2.16,2014
22-09-2014,15.12,13:05,2.88,2014
23-09-2014,21.96,14:22,2.88,2014
24-09-2014,21.96,12:38,3.96,2014
25-09-2014,14.04,Varias,2.16,2014
26-09-2014,15.12,Varias,3.96,2014
27-09-2014,24.84,17:36,2.88,2014
28-09-2014,16.92,Varias,3.96,2014
29-09-2014,14.04,18:11,3.96,2014
30-09-2014,12.96,14:58,3.96,2014
01-10-2014,19.08,15:17,3.96,2014
02-10-2014,15.84,15:41,2.16,2014
03-10-2014,15.12,Varias,2.88,2014
04-10-2014,18,16:40,2.88,2014
05-10-2014,16.92,Varias,3.96,2014
06-10-2014,24.12,16:48,5.04,2014
07-10-2014,29.16,15:22,10.08,2014
08-10-2014,42.84,12:34,6.12,2014
09-10-2014,24.84,11:58,3.96,2014
10-10-2014,15.12,14:00,2.88,2014
11-10-2014,25.92,14:17,5.04,2014
12-10-2014,15.84,13:18,2.88,2014
13-10-2014,23.04,19:09,3.96,2014
14-10-2014,21.96,21:41,2.88,2014
15-10-2014,24.84,17:24,3.96,2014
16-10-2014,39.96,13:37,6.12,2014
17-10-2014,41.04,10:33,7.92,2014
18-10-2014,24.84,14:00,3.96,2014
19-10-2014,23.04,15:00,6.12,2014
20-10-2014,10.08,13:27,2.88,2014
21-10-2014,10.08,13:47,3.96,2014
22-10-2014,11.88,12:12,2.88,2014
23-10-2014,7.92,18:35,1.08,2014
24-10-2014,11.88,08:16,2.16,2014
25-10-2014,9,Varias,2.16,2014
26-10-2014,10.08,Varias,2.88,2014
27-10-2014,10.08,15:17,2.88,2014
28-10-2014,29.88,12:55,6.12,2014
29-10-2014,12.96,14:46,2.16,2014
30-10-2014,11.88,15:59,2.16,2014
31-10-2014,24.12,12:39,5.04,2014
01-11-2014,14.04,16:34,2.16,2014
02-11-2014,15.12,13:03,3.96,2014
03-11-2014,29.88,13:32,6.84,2014
04-11-2014,20.16,Varias,5.04,2014
05-11-2014,11.16,13:58,3.96,2014
06-11-2014,23.04,23:06,2.88,2014
07-11-2014,25.92,00:50,3.96,2014
08-11-2014,19.08,14:10,2.88,2014
09-11-2014,24.12,15:11,2.16,2014
10-11-2014,42.12,13:27,5.04,2014
11-11-2014,33.12,12:34,7.92,2014
12-11-2014,29.88,10:55,6.12,2014
13-11-2014,46.08,14:56,11.16,2014
14-11-2014,25.92,06:19,5.04,2014
15-11-2014,27,09:34,5.04,2014
16-11-2014,24.12,11:02,5.04,2014
17-11-2014,16.92,00:39,2.16,2014
18-11-2014,33.84,14:55,6.84,2014
19-11-2014,20.16,14:23,2.16,2014
20-11-2014,24.84,14:44,5.04,2014
21-11-2014,10.08,10:30,2.16,2014
22-11-2014,10.08,18:14,1.08,2014
23-11-2014,19.08,13:53,3.96,2014
24-11-2014,16.92,19:44,2.88,2014
25-11-2014,16.92,19:45,2.16,2014
26-11-2014,24.84,14:52,2.88,2014
27-11-2014,47.16,13:50,9,2014
28-11-2014,48.96,03:08,3.96,2014
29-11-2014,12.96,04:32,3.96,2014
30-11-2014,38.16,13:22,2.88,2014
01-12-2014,24.84,11:47,2.88,2014
02-12-2014,16.92,Varias,3.96,2014
03-12-2014,21.96,04:56,5.04,2014
04-12-2014,16.92,17:42,3.96,2014
05-12-2014,18,14:34,2.16,2014
06-12-2014,15.12,16:34,2.16,2014
07-12-2014,15.12,14:19,2.16,2014
08-12-2014,11.16,10:08,2.16,2014
09-12-2014,18,16:09,2.88,2014
10-12-2014,9,Varias,3.96,2014
11-12-2014,10.08,13:53,1.08,2014
12-12-2014,30.96,18:29,6.84,2014
13-12-2014,33.12,19:22,3.96,2014
14-12-2014,24.12,11:01,5.04,2014
15-12-2014,7.92,12:59,2.16,2014
16-12-2014,9,10:53,1.08,2014
17-12-2014,7.92,01:57,2.16,2014
18-12-2014,12.96,13:29,2.88,2014
19-12-2014,12.96,08:20,2.88,2014
20-12-2014,7.92,Varias,2.16,2014
21-12-2014,11.88,15:27,2.88,2014
22-12-2014,11.88,Varias,2.16,2014
23-12-2014,7.92,Varias,2.16,2014
24-12-2014,10.08,11:33,2.16,2014
25-12-2014,10.08,14:19,2.16,2014
26-12-2014,10.08,Varias,2.88,2014
27-12-2014,10.08,11:55,2.16,2014
28-12-2014,28.08,14:14,3.96,2014
29-12-2014,12.96,13:15,2.16,2014
30-12-2014,10.08,Varias,2.16,2014
31-12-2014,7.92,12:44,2.16,2014
01-01-2014,42.12,19:10,7.92,2014
02-01-2014,23.04,21:40,5.04,2014
03-01-2014,32.04,23:59,6.84,2014
04-01-2014,73.08,04:30,7.92,2014
05-01-2014,45,23:40,5.04,2014
06-01-2014,43.92,00:20,6.84,2014
07-01-2014,28.08,00:00,2.88,2014
08-01-2014,36,11:50,7.92,2014
09-01-2014,16.92,00:50,2.88,2014
10-01-2014,12.96,16:20,2.16,2014
11-01-2014,11.16,13:30,2.16,2014
12-01-2014,33.84,13:10,6.12,2014
13-01-2014,39.96,13:20,6.12,2014
14-01-2014,15.12,04:50,3.96,2014
15-01-2014,36,12:45,7.92,2014
16-01-2014,29.16,13:30,7.92,2014
17-01-2014,38.16,05:27,11.16,2014
18-01-2014,27,13:14,6.84,2014
19-01-2014,28.08,15:02,3.96,2014
20-01-2014,16.92,15:29,2.88,2014
21-01-2014,11.16,Varias,2.16,2014
22-01-2014,28.08,11:54,3.96,2014
23-01-2014,11.88,16:09,2.88,2014
24-01-2014,11.16,16:48,2.16,2014
25-01-2014,11.88,10:54,2.16,2014
26-01-2014,30.96,16:07,6.12,2014
27-01-2014,37.08,13:12,3.96,2014
28-01-2014,54,13:12,9,2014
29-01-2014,32.04,16:23,6.12,2014
30-01-2014,11.88,18:13,3.96,2014
31-01-2014,25.92,14:30,3.96,2014
01-02-2014,41.04,01:19,6.12,2014
02-02-2014,29.88,23:50,5.04,2014
03-02-2014,41.04,04:30,10.08,2014
04-02-2014,47.88,17:57,11.88,2014
05-02-2014,43.92,Varias,7.92,2014
06-02-2014,59.04,16:46,11.88,2014
07-02-2014,38.88,11:54,9,2014
08-02-2014,59.04,09:10,11.88,2014
09-02-2014,54,15:48,7.92,2014
10-02-2014,42.84,12:16,5.04,2014
11-02-2014,38.88,04:34,6.84,2014
12-02-2014,39.96,14:44,5.04,2014
13-02-2014,43.92,20:21,7.92,2014
14-02-2014,61.92,10:32,11.88,2014
15-02-2014,51.84,15:11,6.84,2014
16-02-2014,20.16,23:10,5.04,2014
17-02-2014,37.08,02:52,7.92,2014
18-02-2014,15.84,17:00,3.96,2014
19-02-2014,16.92,Varias,2.88,2014
20-02-2014,33.12,15:44,6.84,2014
21-02-2014,33.12,Varias,6.84,2014
22-02-2014,27,14:50,6.12,2014
23-02-2014,50.04,09:39,11.16,2014
24-02-2014,38.16,14:24,6.12,2014
25-02-2014,51.12,10:35,7.92,2014
26-02-2014,29.16,00:06,6.12,2014
27-02-2014,28.08,23:48,5.04,2014
28-02-2014,30.96,09:56,6.84,2014
01-03-2014,28.08,12:44,6.12,2014
02-03-2014,38.88,19:31,9,2014
03-03-2014,39.96,11:54,6.84,2014
04-03-2014,30.96,14:20,2.88,2014
05-03-2014,23.04,16:30,6.12,2014
06-03-2014,11.88,15:30,2.88,2014
07-03-2014,15.84,17:18,5.04,2014
08-03-2014,25.92,13:46,6.12,2014
09-03-2014,46.08,11:48,9,2014
10-03-2014,28.08,17:31,5.04,2014
11-03-2014,14.04,14:37,2.88,2014
12-03-2014,14.04,12:18,2.88,2014
13-03-2014,14.04,Varias,2.16,2014
14-03-2014,21.96,Varias,5.04,2014
15-03-2014,20.88,20:16,2.16,2014
16-03-2014,14.04,15:19,2.88,2014
17-03-2014,23.04,16:40,3.96,2014
18-03-2014,27,13:09,5.04,2014
19-03-2014,15.84,10:47,3.96,2014
20-03-2014,38.16,14:40,5.04,2014
21-03-2014,33.12,13:53,6.12,2014
22-03-2014,42.12,14:47,10.08,2014
23-03-2014,18,16:46,5.04,2014
24-03-2014,43.92,16:04,9,2014
25-03-2014,41.04,16:10,9,2014
26-03-2014,29.16,15:11,3.96,2014
27-03-2014,15.84,17:08,5.04,2014
28-03-2014,15.12,19:23,2.88,2014
29-03-2014,19.08,16:06,3.96,2014
30-03-2014,43.92,12:48,10.08,2014
31-03-2014,34.92,23:05,6.84,2014
01-04-2014,32.04,01:27,2.88,2014
02-04-2014,30.96,14:09,6.12,2014
03-04-2014,38.88,15:25,5.04,2014
04-04-2014,25.92,10:20,5.04,2014
05-04-2014,24.84,14:55,6.84,2014
06-04-2014,33.12,14:20,6.84,2014
07-04-2014,24.12,13:18,3.96,2014
08-04-2014,23.04,17:25,6.12,2014
09-04-2014,21.96,Varias,3.96,2014
10-04-2014,33.12,16:09,3.96,2014
11-04-2014,24.84,11:17,5.04,2014
12-04-2014,24.12,09:57,6.12,2014
13-04-2014,20.16,18:59,2.88,2014
14-04-2014,23.04,19:50,3.96,2014
15-04-2014,20.16,15:09,3.96,2014
16-04-2014,25.92,Varias,5.04,2014
17-04-2014,24.12,18:41,3.96,2014
18-04-2014,23.04,16:40,6.84,2014
19-04-2014,19.08,20:30,2.88,2014
20-04-2014,24.12,18:02,6.84,2014
21-04-2014,21.96,15:24,3.96,2014
22-04-2014,25.92,13:55,6.12,2014
23-04-2014,34.92,13:34,6.12,2014
24-04-2014,50.04,15:08,2.16,2014
25-04-2014,24.84,11:03,2.88,2014
26-04-2014,39.96,14:06,10.08,2014
27-04-2014,27,13:59,6.84,2014
28-04-2014,33.12,15:58,7.92,2014
29-04-2014,24.12,14:45,5.04,2014
30-04-2014,27,16:58,5.04,2014
01-05-2014,21.96,15:33,2.88,2014
02-05-2014,25.92,Varias,6.12,2014
03-05-2014,18,20:02,2.88,2014
04-05-2014,23.04,14:22,3.96,2014
05-05-2014,32.04,14:11,6.12,2014
06-05-2014,20.88,13:19,5.04,2014
07-05-2014,24.12,Varias,9,2014
08-05-2014,25.92,17:50,6.12,2014
09-05-2014,24.84,16:44,6.12,2014
10-05-2014,29.88,17:34,7.92,2014
11-05-2014,24.12,13:16,5.04,2014
12-05-2014,28.08,14:22,5.04,2014
13-05-2014,29.88,16:33,3.96,2014
14-05-2014,25.92,Varias,6.12,2014
15-05-2014,21.96,18:35,2.88,2014
16-05-2014,24.84,17:14,5.04,2014
17-05-2014,27,18:47,3.96,2014
18-05-2014,38.88,14:47,9,2014
19-05-2014,38.16,16:24,3.96,2014
20-05-2014,34.92,10:29,3.96,2014
21-05-2014,33.84,12:19,7.92,2014
22-05-2014,43.92,13:16,10.08,2014
23-05-2014,38.88,00:39,6.12,2014
24-05-2014,25.92,12:59,7.92,2014
25-05-2014,29.88,16:05,6.12,2014
26-05-2014,25.92,16:31,6.12,2014
27-05-2014,21.96,14:18,2.88,2014
28-05-2014,28.08,16:57,6.12,2014
29-05-2014,34.92,Varias,7.92,2014
30-05-2014,24.12,15:17,2.88,2014
31-05-2014,25.92,14:24,5.04,2014
01-06-2014,27,18:47,3.96,2014
02-06-2014,24.12,16:35,5.04,2014
03-06-2014,34.92,17:52,11.16,2014
04-06-2014,23.04,18:11,6.12,2014
05-06-2014,29.88,Varias,6.12,2014
06-06-2014,52.92,Varias,5.04,2014
07-06-2014,48.96,10:44,12.96,2014
08-06-2014,30.96,16:05,5.04,2014
09-06-2014,33.84,14:48,7.92,2014
10-06-2014,20.88,18:46,5.04,2014
11-06-2014,16.92,13:58,5.04,2014
12-06-2014,27,17:29,6.84,2014
13-06-2014,23.04,16:25,3.96,2014
14-06-2014,25.92,Varias,5.04,2014
15-06-2014,27,16:27,5.04,2014
16-06-2014,24.12,19:54,6.12,2014
17-06-2014,20.16,19:06,5.04,2014
18-06-2014,28.08,Varias,6.84,2014
19-06-2014,33.12,15:54,6.12,2014
20-06-2014,38.16,11:43,6.84,2014
21-06-2014,30.96,13:41,2.88,2014
22-06-2014,32.04,16:52,6.84,2014
23-06-2014,20.16,18:00,6.12,2014
24-06-2014,20.16,18:13,2.88,2014
25-06-2014,21.96,16:26,6.12,2014
26-06-2014,27,13:20,7.92,2014
27-06-2014,28.08,17:21,7.92,2014
28-06-2014,32.04,09:16,11.88,2014
29-06-2014,24.12,18:06,6.12,2014
30-06-2014,37.08,13:28,7.92,2014
01-07-2014,33.84,16:44,7.92,2014
02-07-2014,29.16,14:58,5.04,2014
03-07-2014,29.16,16:53,6.12,2014
04-07-2014,27,14:25,6.84,2014
05-07-2014,32.04,14:20,6.84,2014
06-07-2014,24.12,17:48,6.84,2014
07-07-2014,25.92,15:02,6.12,2014
08-07-2014,25.92,16:54,6.12,2014
09-07-2014,32.04,14:26,6.12,2014
10-07-2014,27,15:29,5.04,2014
11-07-2014,21.96,17:55,5.04,2014
12-07-2014,23.04,13:04,3.96,2014
13-07-2014,30.96,15:44,6.84,2014
14-07-2014,24.12,14:32,6.12,2014
15-07-2014,28.08,16:39,6.12,2014
16-07-2014,25.92,16:04,6.84,2014
17-07-2014,32.04,14:21,9,2014
18-07-2014,30.96,14:10,7.92,2014
19-07-2014,33.84,13:40,5.04,2014
20-07-2014,27,10:12,6.12,2014
21-07-2014,19.08,20:07,2.88,2014
22-07-2014,23.04,19:12,5.04,2014
23-07-2014,29.88,14:50,6.84,2014
24-07-2014,21.96,17:19,3.96,2014
25-07-2014,20.16,Varias,5.04,2014
26-07-2014,28.08,15:11,3.96,2014
27-07-2014,23.04,17:06,3.96,2014
28-07-2014,29.16,14:42,6.84,2014
29-07-2014,25.92,16:19,5.04,2014
30-07-2014,21.96,Varias,2.88,2014
31-07-2014,30.96,13:25,10.08,2014
01-08-2014,37.08,15:44,10.08,2014
02-08-2014,33.12,15:13,7.92,2014
03-08-2014,28.08,16:06,6.12,2014
04-08-2014,27,17:25,6.12,2014
05-08-2014,29.16,17:17,6.84,2014
06-08-2014,29.16,15:50,6.84,2014
07-08-2014,28.08,15:59,7.92,2014
08-08-2014,24.12,10:46,6.84,2014
09-08-2014,32.04,16:44,7.92,2014
10-08-2014,16.92,21:44,2.16,2014
11-08-2014,23.04,Varias,7.92,2014
12-08-2014,29.16,Varias,6.12,2014
13-08-2014,28.08,13:55,6.12,2014
14-08-2014,24.84,16:46,3.96,2014
15-08-2014,24.12,15:40,5.04,2014
16-08-2014,25.92,18:03,3.96,2014
17-08-2014,20.88,15:20,5.04,2014
18-08-2014,28.08,19:04,6.12,2014
19-08-2014,30.96,16:47,5.04,2014
20-08-2014,18,19:19,3.96,2014
21-08-2014,24.84,17:29,5.04,2014
22-08-2014,21.96,14:40,2.88,2014
23-08-2014,20.16,Varias,3.96,2014
24-08-2014,28.08,15:35,6.12,2014
25-08-2014,38.16,13:53,10.08,2014
26-08-2014,46.08,11:33,11.16,2014
27-08-2014,29.88,12:45,7.92,2014
28-08-2014,25.92,17:49,7.92,2014
29-08-2014,21.96,13:16,2.88,2014
30-08-2014,20.88,14:16,2.88,2014
31-08-2014,20.16,15:23,2.88,2014
01-09-2014,24.84,Varias,6.84,2014
02-09-2014,30.96,15:19,6.12,2014
03-09-2014,18,16:48,5.04,2014
04-09-2014,21.96,Varias,6.84,2014
05-09-2014,23.04,17:00,5.04,2014
06-09-2014,14.04,13:14,2.88,2014
07-09-2014,20.88,Varias,3.96,2014
08-09-2014,28.08,12:23,3.96,2014
09-09-2014,20.16,Varias,6.12,2014
10-09-2014,24.12,13:34,5.04,2014
11-09-2014,25.92,18:29,5.04,2014
12-09-2014,30.96,16:07,5.04,2014
13-09-2014,25.92,Varias,6.12,2014
14-09-2014,20.88,10:14,3.96,2014
15-09-2014,34.92,Varias,5.04,2014
16-09-2014,39.96,10:15,7.92,2014
17-09-2014,38.88,12:41,7.92,2014
18-09-2014,33.12,05:16,6.12,2014
19-09-2014,32.04,13:04,5.04,2014
20-09-2014,27,Varias,5.04,2014
21-09-2014,38.16,14:15,2.16,2014
22-09-2014,15.12,13:05,2.88,2014
23-09-2014,21.96,14:22,2.88,2014
24-09-2014,21.96,12:38,3.96,2014
25-09-2014,14.04,Varias,2.16,2014
26-09-2014,15.12,Varias,3.96,2014
27-09-2014,24.84,17:36,2.88,2014
28-09-2014,16.92,Varias,3.96,2014
29-09-2014,14.04,18:11,3.96,2014
30-09-2014,12.96,14:58,3.96,2014
01-10-2014,19.08,15:17,3.96,2014
02-10-2014,15.84,15:41,2.16,2014
03-10-2014,15.12,Varias,2.88,2014
04-10-2014,18,16:40,2.88,2014
05-10-2014,16.92,Varias,3.96,2014
06-10-2014,24.12,16:48,5.04,2014
07-10-2014,29.16,15:22,10.08,2014
08-10-2014,42.84,12:34,6.12,2014
09-10-2014,24.84,11:58,3.96,2014
10-10-2014,15.12,14:00,2.88,2014
11-10-2014,25.92,14:17,5.04,2014
12-10-2014,15.84,13:18,2.88,2014
13-10-2014,23.04,19:09,3.96,2014
14-10-2014,21.96,21:41,2.88,2014
15-10-2014,24.84,17:24,3.96,2014
16-10-2014,39.96,13:37,6.12,2014
17-10-2014,41.04,10:33,7.92,2014
18-10-2014,24.84,14:00,3.96,2014
19-10-2014,23.04,15:00,6.12,2014
20-10-2014,10.08,13:27,2.88,2014
21-10-2014,10.08,13:47,3.96,2014
22-10-2014,11.88,12:12,2.88,2014
23-10-2014,7.92,18:35,1.08,2014
24-10-2014,11.88,08:16,2.16,2014
25-10-2014,9,Varias,2.16,2014
26-10-2014,10.08,Varias,2.88,2014
27-10-2014,10.08,15:17,2.88,2014
28-10-2014,29.88,12:55,6.12,2014
29-10-2014,12.96,14:46,2.16,2014
30-10-2014,11.88,15:59,2.16,2014
31-10-2014,24.12,12:39,5.04,2014
01-11-2014,14.04,16:34,2.16,2014
02-11-2014,15.12,13:03,3.96,2014
03-11-2014,29.88,13:32,6.84,2014
04-11-2014,20.16,Varias,5.04,2014
05-11-2014,11.16,13:58,3.96,2014
06-11-2014,23.04,23:06,2.88,2014
07-11-2014,25.92,00:50,3.96,2014
08-11-2014,19.08,14:10,2.88,2014
09-11-2014,24.12,15:11,2.16,2014
10-11-2014,42.12,13:27,5.04,2014
11-11-2014,33.12,12:34,7.92,2014
12-11-2014,29.88,10:55,6.12,2014
13-11-2014,46.08,14:56,11.16,2014
14-11-2014,25.92,06:19,5.04,2014
15-11-2014,27,09:34,5.04,2014
16-11-2014,24.12,11:02,5.04,2014
17-11-2014,16.92,00:39,2.16,2014
18-11-2014,33.84,14:55,6.84,2014
19-11-2014,20.16,14:23,2.16,2014
20-11-2014,24.84,14:44,5.04,2014
21-11-2014,10.08,10:30,2.16,2014
22-11-2014,10.08,18:14,1.08,2014
23-11-2014,19.08,13:53,3.96,2014
24-11-2014,16.92,19:44,2.88,2014
25-11-2014,16.92,19:45,2.16,2014
26-11-2014,24.84,14:52,2.88,2014
27-11-2014,47.16,13:50,9,2014
28-11-2014,48.96,03:08,3.96,2014
29-11-2014,12.96,04:32,3.96,2014
30-11-2014,38.16,13:22,2.88,2014
01-12-2014,24.84,11:47,2.88,2014
02-12-2014,16.92,Varias,3.96,2014
03-12-2014,21.96,04:56,5.04,2014
04-12-2014,16.92,17:42,3.96,2014
05-12-2014,18,14:34,2.16,2014
06-12-2014,15.12,16:34,2.16,2014
07-12-2014,15.12,14:19,2.16,2014
08-12-2014,11.16,10:08,2.16,2014
09-12-2014,18,16:09,2.88,2014
10-12-2014,9,Varias,3.96,2014
11-12-2014,10.08,13:53,1.08,2014
12-12-2014,30.96,18:29,6.84,2014
13-12-2014,33.12,19:22,3.96,2014
14-12-2014,24.12,11:01,5.04,2014
15-12-2014,7.92,12:59,2.16,2014
16-12-2014,9,10:53,1.08,2014
17-12-2014,7.92,01:57,2.16,2014
18-12-2014,12.96,13:29,2.88,2014
19-12-2014,12.96,08:20,2.88,2014
20-12-2014,7.92,Varias,2.16,2014
21-12-2014,11.88,15:27,2.88,2014
22-12-2014,11.88,Varias,2.16,2014
23-12-2014,7.92,Varias,2.16,2014
24-12-2014,10.08,11:33,2.16,2014
25-12-2014,10.08,14:19,2.16,2014
26-12-2014,10.08,Varias,2.88,2014
27-12-2014,10.08,11:55,2.16,2014
28-12-2014,28.08,14:14,3.96,2014
29-12-2014,12.96,13:15,2.16,2014
30-12-2014,10.08,Varias,2.16,2014
31-12-2014,7.92,12:44,2.16,2014
01-01-2015,6.84,Varias,2.16,2015
02-01-2015,9,Varias,2.16,2015
03-01-2015,7.92,Varias,1.08,2015
04-01-2015,6.84,Varias,2.88,2015
05-01-2015,14.04,17:46,2.16,2015
06-01-2015,10.08,Varias,1.08,2015
07-01-2015,11.88,Varias,2.88,2015
08-01-2015,11.88,12:44,2.88,2015
09-01-2015,7.92,Varias,2.16,2015
10-01-2015,9,08:21,2.88,2015
11-01-2015,11.88,Varias,2.16,2015
12-01-2015,11.88,12:47,3.96,2015
13-01-2015,24.12,10:31,2.88,2015
14-01-2015,32.04,22:42,2.88,2015
15-01-2015,41.04,04:41,6.12,2015
16-01-2015,28.08,00:22,3.96,2015
17-01-2015,25.92,22:18,1.08,2015
18-01-2015,28.08,Varias,2.88,2015
19-01-2015,15.84,16:17,2.16,2015
20-01-2015,21.96,Varias,2.16,2015
21-01-2015,29.88,15:03,5.04,2015
22-01-2015,23.04,14:06,6.12,2015
23-01-2015,11.88,15:22,2.88,2015
24-01-2015,19.08,14:14,2.88,2015
25-01-2015,19.08,14:42,1.08,2015
26-01-2015,15.12,15:28,2.88,2015
27-01-2015,15.84,16:18,2.16,2015
28-01-2015,10.08,Varias,2.88,2015
29-01-2015,29.88,14:06,3.96,2015
30-01-2015,38.88,21:36,3.96,2015
31-01-2015,56.88,14:10,3.96,2015
01-02-2015,37.08,14:04,2.88,2015
02-02-2015,29.88,13:32,5.04,2015
03-02-2015,57.96,15:58,5.04,2015
04-02-2015,28.08,16:53,3.96,2015
05-02-2015,21.96,16:15,2.88,2015
06-02-2015,27,12:59,5.04,2015
07-02-2015,20.16,12:58,5.04,2015
08-02-2015,21.96,Varias,5.04,2015
09-02-2015,16.92,16:17,1.08,2015
10-02-2015,21.96,13:38,2.88,2015
11-02-2015,10.08,14:37,2.88,2015
12-02-2015,18,15:40,3.96,2015
13-02-2015,39.96,14:20,5.04,2015
14-02-2015,36,16:20,7.92,2015
15-02-2015,21.96,04:00,3.96,2015
16-02-2015,28.08,17:30,5.04,2015
17-02-2015,36,13:00,9,2015
18-02-2015,23.04,18:00,5.04,2015
19-02-2015,11.16,03:23,2.16,2015
20-02-2015,10.08,08:02,2.16,2015
21-02-2015,30.96,13:31,6.84,2015
22-02-2015,15.84,23:39,2.88,2015
23-02-2015,43.92,13:41,10.08,2015
24-02-2015,23.04,15:35,5.04,2015
25-02-2015,6.84,12:48,2.88,2015
26-02-2015,18,15:39,3.96,2015
27-02-2015,20.88,20:29,5.04,2015
28-02-2015,18,Varias,2.88,2015
01-03-2015,30.96,18:31,6.84,2015
02-03-2015,23.04,11:33,6.12,2015
03-03-2015,27,14:47,6.84,2015
04-03-2015,29.88,15:13,6.84,2015
05-03-2015,32.04,12:13,5.04,2015
06-03-2015,12.96,Varias,2.88,2015
07-03-2015,15.12,15:39,2.16,2015
08-03-2015,12.96,13:43,3.96,2015
09-03-2015,14.04,17:30,2.88,2015
10-03-2015,20.88,14:32,2.16,2015
11-03-2015,12.96,12:36,3.96,2015
12-03-2015,25.92,23:05,3.96,2015
13-03-2015,29.88,10:37,6.12,2015
14-03-2015,28.08,16:01,3.96,2015
15-03-2015,28.08,13:18,6.84,2015
16-03-2015,29.88,12:39,7.92,2015
17-03-2015,27,11:12,5.04,2015
18-03-2015,23.04,13:32,3.96,2015
19-03-2015,37.08,16:30,3.96,2015
20-03-2015,34.92,07:25,7.92,2015
21-03-2015,30.96,12:42,6.84,2015
22-03-2015,34.92,15:49,6.84,2015
23-03-2015,33.12,18:13,5.04,2015
24-03-2015,42.12,14:33,7.92,2015
25-03-2015,33.84,12:05,5.04,2015
26-03-2015,15.84,16:53,3.96,2015
27-03-2015,20.16,17:39,3.96,2015
28-03-2015,24.12,19:22,3.96,2015
29-03-2015,24.12,17:46,6.12,2015
30-03-2015,23.04,Varias,5.04,2015
31-03-2015,24.12,18:10,5.04,2015
01-04-2015,24.84,16:23,5.04,2015
02-04-2015,16.92,19:15,5.04,2015
03-04-2015,25.92,14:42,3.96,2015
04-04-2015,24.12,19:07,6.12,2015
05-04-2015,21.96,18:54,3.96,2015
06-04-2015,25.92,17:40,3.96,2015
07-04-2015,20.88,18:20,3.96,2015
08-04-2015,33.12,16:35,10.08,2015
09-04-2015,21.96,12:52,6.12,2015
10-04-2015,20.88,16:40,5.04,2015
11-04-2015,15.84,13:25,2.88,2015
12-04-2015,16.92,16:48,2.88,2015
13-04-2015,28.08,15:29,3.96,2015
14-04-2015,11.16,15:35,2.88,2015
15-04-2015,25.92,13:13,3.96,2015
16-04-2015,19.08,16:24,3.96,2015
17-04-2015,34.92,18:28,7.92,2015
18-04-2015,24.84,12:14,2.88,2015
19-04-2015,16.92,13:51,5.04,2015
20-04-2015,16.92,Varias,2.88,2015
21-04-2015,33.12,17:41,9,2015
22-04-2015,27,16:55,5.04,2015
23-04-2015,29.16,18:04,6.12,2015
24-04-2015,15.12,14:35,2.16,2015
25-04-2015,18,17:26,3.96,2015
26-04-2015,32.04,11:09,7.92,2015
27-04-2015,28.08,11:31,2.88,2015
28-04-2015,24.12,15:07,5.04,2015
29-04-2015,20.16,14:19,5.04,2015
30-04-2015,25.92,20:00,3.96,2015
01-05-2015,23.04,14:01,5.04,2015
02-05-2015,28.08,Varias,7.92,2015
03-05-2015,28.08,14:08,6.84,2015
04-05-2015,61.92,15:54,11.88,2015
05-05-2015,37.08,14:16,9,2015
06-05-2015,18,15:23,3.96,2015
07-05-2015,38.88,16:32,5.04,2015
08-05-2015,29.16,15:18,7.92,2015
09-05-2015,15.84,15:30,3.96,2015
10-05-2015,30.96,15:32,5.04,2015
11-05-2015,23.04,15:45,3.96,2015
12-05-2015,24.84,17:46,6.84,2015
13-05-2015,32.04,14:29,5.04,2015
14-05-2015,32.04,16:54,6.12,2015
15-05-2015,28.08,Varias,6.12,2015
16-05-2015,24.12,14:53,5.04,2015
17-05-2015,24.12,18:30,3.96,2015
18-05-2015,30.96,14:59,6.12,2015
19-05-2015,34.92,08:09,6.12,2015
20-05-2015,33.12,17:12,2.88,2015
21-05-2015,28.08,14:29,5.04,2015
22-05-2015,32.04,17:35,3.96,2015
23-05-2015,25.92,21:16,3.96,2015
24-05-2015,24.84,12:03,5.04,2015
25-05-2015,29.88,Varias,5.04,2015
26-05-2015,29.88,16:29,6.12,2015
27-05-2015,21.96,18:31,3.96,2015
28-05-2015,28.08,16:51,3.96,2015
29-05-2015,28.08,12:37,5.04,2015
30-05-2015,23.04,17:15,6.84,2015
31-05-2015,20.16,17:16,5.04,2015
01-06-2015,24.84,12:41,5.04,2015
02-06-2015,21.96,18:30,3.96,2015
03-06-2015,20.88,12:08,3.96,2015
04-06-2015,32.04,14:34,5.04,2015
05-06-2015,29.88,18:32,3.96,2015
06-06-2015,29.88,17:53,6.12,2015
07-06-2015,42.12,16:54,3.96,2015
08-06-2015,21.96,16:00,5.04,2015
09-06-2015,29.16,Varias,6.12,2015
10-06-2015,24.12,14:17,6.12,2015
11-06-2015,33.12,Varias,6.84,2015
12-06-2015,33.12,11:40,9,2015
13-06-2015,24.84,13:11,9,2015
14-06-2015,32.04,12:30,5.04,2015
15-06-2015,29.88,18:41,5.04,2015
16-06-2015,24.12,19:16,3.96,2015
17-06-2015,24.12,17:45,5.04,2015
18-06-2015,20.88,Varias,5.04,2015
19-06-2015,25.92,15:20,5.04,2015
20-06-2015,25.92,19:00,2.88,2015
21-06-2015,20.88,17:00,6.12,2015
22-06-2015,20.16,16:40,3.96,2015
23-06-2015,27,15:10,5.04,2015
24-06-2015,23.04,17:50,6.12,2015
25-06-2015,33.12,15:50,9,2015
26-06-2015,27,18:32,6.12,2015
27-06-2015,28.08,16:45,6.12,2015
28-06-2015,27,19:06,6.12,2015
29-06-2015,24.12,14:50,6.12,2015
30-06-2015,29.88,14:20,6.84,2015
01-07-2015,29.88,13:10,6.12,2015
02-07-2015,20.16,19:30,6.12,2015
03-07-2015,37.08,16:30,9,2015
04-07-2015,28.08,16:10,3.96,2015
05-07-2015,23.04,18:40,6.84,2015
06-07-2015,27,18:40,6.84,2015
07-07-2015,28.08,15:10,6.12,2015
08-07-2015,23.04,19:10,5.04,2015
09-07-2015,24.84,18:40,6.12,2015
10-07-2015,32.04,10:10,7.92,2015
11-07-2015,29.16,19:50,5.04,2015
12-07-2015,25.92,17:50,6.12,2015
13-07-2015,23.04,Varias,5.04,2015
14-07-2015,24.84,17:20,5.04,2015
15-07-2015,20.16,08:20,6.12,2015
16-07-2015,27,17:10,7.92,2015
17-07-2015,27,16:50,6.84,2015
18-07-2015,34.92,13:30,9,2015
19-07-2015,30.96,15:50,9,2015
20-07-2015,29.88,17:20,6.84,2015
21-07-2015,32.04,12:40,10.08,2015
22-07-2015,29.88,16:30,5.04,2015
23-07-2015,32.04,15:40,7.92,2015
24-07-2015,29.88,10:50,6.84,2015
25-07-2015,18,15:30,3.96,2015
26-07-2015,36,15:40,10.08,2015
27-07-2015,28.08,15:00,6.12,2015
28-07-2015,33.84,14:20,7.92,2015
29-07-2015,24.12,14:20,7.92,2015
30-07-2015,23.04,13:40,6.12,2015
31-07-2015,24.84,12:30,3.96,2015
01-08-2015,24.12,15:00,3.96,2015
02-08-2015,32.04,13:50,6.84,2015
03-08-2015,33.84,15:20,5.04,2015
04-08-2015,20.88,14:20,6.12,2015
05-08-2015,29.88,14:30,6.84,2015
06-08-2015,30.96,15:10,5.04,2015
07-08-2015,28.08,17:00,5.04,2015
08-08-2015,29.16,Varias,3.96,2015
09-08-2015,23.04,19:20,2.88,2015
10-08-2015,28.08,14:00,5.04,2015
11-08-2015,33.84,16:50,6.12,2015
12-08-2015,42.12,15:50,11.16,2015
13-08-2015,33.12,11:50,6.84,2015
14-08-2015,16.92,00:30,3.96,2015
15-08-2015,27,16:50,5.04,2015
16-08-2015,23.04,14:40,3.96,2015
17-08-2015,21.96,19:30,5.04,2015
18-08-2015,24.84,11:50,5.04,2015
19-08-2015,23.04,17:50,2.88,2015
20-08-2015,27,15:30,5.04,2015
21-08-2015,32.04,15:40,5.04,2015
22-08-2015,39.96,12:40,11.16,2015
23-08-2015,47.88,13:10,11.16,2015
24-08-2015,27,15:40,7.92,2015
25-08-2015,32.04,14:30,6.84,2015
26-08-2015,30.96,12:40,10.08,2015
27-08-2015,42.84,13:10,11.88,2015
28-08-2015,25.92,16:30,5.04,2015
29-08-2015,24.84,14:10,6.12,2015
30-08-2015,34.92,Varias,7.92,2015
31-08-2015,20.88,19:10,6.12,2015
01-09-2015,21.96,Varias,5.04,2015
02-09-2015,21.96,16:20,5.04,2015
03-09-2015,29.88,17:00,5.04,2015
04-09-2015,23.04,18:00,5.04,2015
05-09-2015,24.12,16:00,3.96,2015
06-09-2015,21.96,16:50,3.96,2015
07-09-2015,24.12,16:52,3.96,2015
08-09-2015,36,15:50,5.04,2015
09-09-2015,33.84,14:50,5.04,2015
10-09-2015,21.96,14:10,5.04,2015
11-09-2015,24.84,15:10,5.04,2015
12-09-2015,28.08,Varias,6.84,2015
13-09-2015,37.08,13:30,10.08,2015
14-09-2015,33.12,13:50,7.92,2015
15-09-2015,42.84,22:40,11.16,2015
16-09-2015,42.12,06:20,9,2015
17-09-2015,24.12,13:30,5.04,2015
18-09-2015,16.92,16:40,3.96,2015
19-09-2015,18,15:00,2.88,2015
20-09-2015,20.16,14:10,3.96,2015
21-09-2015,21.96,Varias,5.04,2015
22-09-2015,21.96,13:50,3.96,2015
23-09-2015,21.96,10:20,3.96,2015
24-09-2015,14.04,19:20,2.16,2015
25-09-2015,15.12,15:20,2.88,2015
26-09-2015,20.88,14:30,3.96,2015
27-09-2015,20.16,15:20,2.88,2015
28-09-2015,12.96,15:00,2.88,2015
29-09-2015,14.04,17:40,2.88,2015
30-09-2015,24.12,13:00,6.12,2015
01-10-2015,20.88,15:30,3.96,2015
02-10-2015,24.12,14:40,5.04,2015
03-10-2015,11.16,13:20,2.16,2015
04-10-2015,46.08,10:30,9,2015
05-10-2015,41.04,14:10,6.84,2015
06-10-2015,29.88,13:30,6.84,2015
07-10-2015,16.92,14:20,2.16,2015
08-10-2015,12.96,10:30,2.16,2015
09-10-2015,33.84,12:20,5.04,2015
10-10-2015,37.08,12:20,6.84,2015
11-10-2015,29.16,11:40,6.12,2015
12-10-2015,24.84,13:20,3.96,2015
13-10-2015,18,00:30,5.04,2015
14-10-2015,16.92,10:40,3.96,2015
15-10-2015,15.12,15:30,3.96,2015
16-10-2015,14.04,15:30,2.16,2015
17-10-2015,56.88,15:00,7.92,2015
18-10-2015,10.08,01:10,2.88,2015
19-10-2015,25.92,22:50,2.88,2015
20-10-2015,24.84,17:50,5.04,2015
21-10-2015,16.92,Varias,2.88,2015
22-10-2015,11.16,13:10,2.16,2015
23-10-2015,25.92,14:10,2.88,2015
24-10-2015,14.04,16:00,1.08,2015
25-10-2015,24.12,15:00,2.88,2015
26-10-2015,19.08,16:40,3.96,2015
27-10-2015,29.88,14:20,6.12,2015
28-10-2015,29.88,15:00,6.12,2015
29-10-2015,25.92,Varias,6.12,2015
30-10-2015,36,11:10,6.84,2015
31-10-2015,48.96,08:30,7.92,2015
01-11-2015,24.12,15:20,3.96,2015
02-11-2015,18,21:30,1.08,2015
03-11-2015,24.84,09:30,5.04,2015
04-11-2015,30.96,12:10,5.04,2015
05-11-2015,24.12,08:10,5.04,2015
06-11-2015,21.96,12:30,5.04,2015
07-11-2015,19.08,15:20,2.88,2015
08-11-2015,33.12,11:10,5.04,2015
09-11-2015,14.04,07:30,2.88,2015
10-11-2015,10.08,06:50,3.96,2015
11-11-2015,12.96,07:50,2.88,2015
12-11-2015,12.96,05:20,3.96,2015
13-11-2015,11.88,12:10,2.88,2015
14-11-2015,10.08,12:20,2.16,2015
15-11-2015,9,04:20,2.88,2015
16-11-2015,11.16,04:40,2.88,2015
17-11-2015,9,Varias,2.88,2015
18-11-2015,20.16,10:30,3.96,2015
19-11-2015,11.88,Varias,2.16,2015
20-11-2015,27,23:40,5.04,2015
21-11-2015,33.12,11:40,3.96,2015
22-11-2015,15.84,14:40,2.88,2015
23-11-2015,14.04,02:10,2.88,2015
24-11-2015,7.92,08:50,2.88,2015
25-11-2015,20.16,15:20,1.08,2015
26-11-2015,9,12:10,2.16,2015
27-11-2015,14.04,17:10,2.16,2015
28-11-2015,20.16,12:00,2.88,2015
29-11-2015,11.88,09:40,2.88,2015
30-11-2015,12.96,08:30,2.88,2015
01-12-2015,11.88,06:20,2.88,2015
02-12-2015,12.96,13:10,2.16,2015
03-12-2015,45,15:20,5.04,2015
04-12-2015,9,00:40,2.16,2015
05-12-2015,9,02:10,2.16,2015
06-12-2015,11.88,04:50,2.88,2015
07-12-2015,34.92,14:20,7.92,2015
08-12-2015,10.08,00:10,1.08,2015
09-12-2015,18,Varias,2.88,2015
10-12-2015,9,Varias,2.88,2015
11-12-2015,12.96,11:20,2.16,2015
12-12-2015,9,08:40,2.16,2015
13-12-2015,50.04,13:40,11.88,2015
14-12-2015,34.92,18:30,10.08,2015
15-12-2015,50.04,14:10,11.16,2015
16-12-2015,30.96,Varias,6.84,2015
17-12-2015,30.96,14:30,7.92,2015
18-12-2015,29.88,17:00,6.84,2015
19-12-2015,47.88,14:50,9,2015
20-12-2015,24.84,14:00,6.12,2015
21-12-2015,16.92,14:00,2.88,2015
22-12-2015,25.92,13:00,6.12,2015
23-12-2015,18,17:00,2.88,2015
24-12-2015,24.84,16:10,2.88,2015
25-12-2015,27,Varias,10.08,2015
26-12-2015,38.88,12:20,9,2015
27-12-2015,42.12,20:20,6.12,2015
28-12-2015,48.96,03:00,11.16,2015
29-12-2015,27,Varias,6.84,2015
30-12-2015,46.08,08:40,11.16,2015
31-12-2015,14.04,15:00,2.88,2015
01-01-2015,6.84,Varias,2.16,2015
02-01-2015,9,Varias,2.16,2015
03-01-2015,7.92,Varias,1.08,2015
04-01-2015,6.84,Varias,2.88,2015
05-01-2015,14.04,17:46,2.16,2015
06-01-2015,10.08,Varias,1.08,2015
07-01-2015,11.88,Varias,2.88,2015
08-01-2015,11.88,12:44,2.88,2015
09-01-2015,7.92,Varias,2.16,2015
10-01-2015,9,08:21,2.88,2015
11-01-2015,11.88,Varias,2.16,2015
12-01-2015,11.88,12:47,3.96,2015
13-01-2015,24.12,10:31,2.88,2015
14-01-2015,32.04,22:42,2.88,2015
15-01-2015,41.04,04:41,6.12,2015
16-01-2015,28.08,00:22,3.96,2015
17-01-2015,25.92,22:18,1.08,2015
18-01-2015,28.08,Varias,2.88,2015
19-01-2015,15.84,16:17,2.16,2015
20-01-2015,21.96,Varias,2.16,2015
21-01-2015,29.88,15:03,5.04,2015
22-01-2015,23.04,14:06,6.12,2015
23-01-2015,11.88,15:22,2.88,2015
24-01-2015,19.08,14:14,2.88,2015
25-01-2015,19.08,14:42,1.08,2015
26-01-2015,15.12,15:28,2.88,2015
27-01-2015,15.84,16:18,2.16,2015
28-01-2015,10.08,Varias,2.88,2015
29-01-2015,29.88,14:06,3.96,2015
30-01-2015,38.88,21:36,3.96,2015
31-01-2015,56.88,14:10,3.96,2015
01-02-2015,37.08,14:04,2.88,2015
02-02-2015,29.88,13:32,5.04,2015
03-02-2015,57.96,15:58,5.04,2015
04-02-2015,28.08,16:53,3.96,2015
05-02-2015,21.96,16:15,2.88,2015
06-02-2015,27,12:59,5.04,2015
07-02-2015,20.16,12:58,5.04,2015
08-02-2015,21.96,Varias,5.04,2015
09-02-2015,16.92,16:17,1.08,2015
10-02-2015,21.96,13:38,2.88,2015
11-02-2015,10.08,14:37,2.88,2015
12-02-2015,18,15:40,3.96,2015
13-02-2015,39.96,14:20,5.04,2015
14-02-2015,36,16:20,7.92,2015
15-02-2015,21.96,04:00,3.96,2015
16-02-2015,28.08,17:30,5.04,2015
17-02-2015,36,13:00,9,2015
18-02-2015,23.04,18:00,5.04,2015
19-02-2015,11.16,03:23,2.16,2015
20-02-2015,10.08,08:02,2.16,2015
21-02-2015,30.96,13:31,6.84,2015
22-02-2015,15.84,23:39,2.88,2015
23-02-2015,43.92,13:41,10.08,2015
24-02-2015,23.04,15:35,5.04,2015
25-02-2015,6.84,12:48,2.88,2015
26-02-2015,18,15:39,3.96,2015
27-02-2015,20.88,20:29,5.04,2015
28-02-2015,18,Varias,2.88,2015
01-03-2015,30.96,18:31,6.84,2015
02-03-2015,23.04,11:33,6.12,2015
03-03-2015,27,14:47,6.84,2015
04-03-2015,29.88,15:13,6.84,2015
05-03-2015,32.04,12:13,5.04,2015
06-03-2015,12.96,Varias,2.88,2015
07-03-2015,15.12,15:39,2.16,2015
08-03-2015,12.96,13:43,3.96,2015
09-03-2015,14.04,17:30,2.88,2015
10-03-2015,20.88,14:32,2.16,2015
11-03-2015,12.96,12:36,3.96,2015
12-03-2015,25.92,23:05,3.96,2015
13-03-2015,29.88,10:37,6.12,2015
14-03-2015,28.08,16:01,3.96,2015
15-03-2015,28.08,13:18,6.84,2015
16-03-2015,29.88,12:39,7.92,2015
17-03-2015,27,11:12,5.04,2015
18-03-2015,23.04,13:32,3.96,2015
19-03-2015,37.08,16:30,3.96,2015
20-03-2015,34.92,07:25,7.92,2015
21-03-2015,30.96,12:42,6.84,2015
22-03-2015,34.92,15:49,6.84,2015
23-03-2015,33.12,18:13,5.04,2015
24-03-2015,42.12,14:33,7.92,2015
25-03-2015,33.84,12:05,5.04,2015
26-03-2015,15.84,16:53,3.96,2015
27-03-2015,20.16,17:39,3.96,2015
28-03-2015,24.12,19:22,3.96,2015
29-03-2015,24.12,17:46,6.12,2015
30-03-2015,23.04,Varias,5.04,2015
31-03-2015,24.12,18:10,5.04,2015
01-04-2015,24.84,16:23,5.04,2015
02-04-2015,16.92,19:15,5.04,2015
03-04-2015,25.92,14:42,3.96,2015
04-04-2015,24.12,19:07,6.12,2015
05-04-2015,21.96,18:54,3.96,2015
06-04-2015,25.92,17:40,3.96,2015
07-04-2015,20.88,18:20,3.96,2015
08-04-2015,33.12,16:35,10.08,2015
09-04-2015,21.96,12:52,6.12,2015
10-04-2015,20.88,16:40,5.04,2015
11-04-2015,15.84,13:25,2.88,2015
12-04-2015,16.92,16:48,2.88,2015
13-04-2015,28.08,15:29,3.96,2015
14-04-2015,11.16,15:35,2.88,2015
15-04-2015,25.92,13:13,3.96,2015
16-04-2015,19.08,16:24,3.96,2015
17-04-2015,34.92,18:28,7.92,2015
18-04-2015,24.84,12:14,2.88,2015
19-04-2015,16.92,13:51,5.04,2015
20-04-2015,16.92,Varias,2.88,2015
21-04-2015,33.12,17:41,9,2015
22-04-2015,27,16:55,5.04,2015
23-04-2015,29.16,18:04,6.12,2015
24-04-2015,15.12,14:35,2.16,2015
25-04-2015,18,17:26,3.96,2015
26-04-2015,32.04,11:09,7.92,2015
27-04-2015,28.08,11:31,2.88,2015
28-04-2015,24.12,15:07,5.04,2015
29-04-2015,20.16,14:19,5.04,2015
30-04-2015,25.92,20:00,3.96,2015
01-05-2015,23.04,14:01,5.04,2015
02-05-2015,28.08,Varias,7.92,2015
03-05-2015,28.08,14:08,6.84,2015
04-05-2015,61.92,15:54,11.88,2015
05-05-2015,37.08,14:16,9,2015
06-05-2015,18,15:23,3.96,2015
07-05-2015,38.88,16:32,5.04,2015
08-05-2015,29.16,15:18,7.92,2015
09-05-2015,15.84,15:30,3.96,2015
10-05-2015,30.96,15:32,5.04,2015
11-05-2015,23.04,15:45,3.96,2015
12-05-2015,24.84,17:46,6.84,2015
13-05-2015,32.04,14:29,5.04,2015
14-05-2015,32.04,16:54,6.12,2015
15-05-2015,28.08,Varias,6.12,2015
16-05-2015,24.12,14:53,5.04,2015
17-05-2015,24.12,18:30,3.96,2015
18-05-2015,30.96,14:59,6.12,2015
19-05-2015,34.92,08:09,6.12,2015
20-05-2015,33.12,17:12,2.88,2015
21-05-2015,28.08,14:29,5.04,2015
22-05-2015,32.04,17:35,3.96,2015
23-05-2015,25.92,21:16,3.96,2015
24-05-2015,24.84,12:03,5.04,2015
25-05-2015,29.88,Varias,5.04,2015
26-05-2015,29.88,16:29,6.12,2015
27-05-2015,21.96,18:31,3.96,2015
28-05-2015,28.08,16:51,3.96,2015
29-05-2015,28.08,12:37,5.04,2015
30-05-2015,23.04,17:15,6.84,2015
31-05-2015,20.16,17:16,5.04,2015
01-06-2015,24.84,12:41,5.04,2015
02-06-2015,21.96,18:30,3.96,2015
03-06-2015,20.88,12:08,3.96,2015
04-06-2015,32.04,14:34,5.04,2015
05-06-2015,29.88,18:32,3.96,2015
06-06-2015,29.88,17:53,6.12,2015
07-06-2015,42.12,16:54,3.96,2015
08-06-2015,21.96,16:00,5.04,2015
09-06-2015,29.16,Varias,6.12,2015
10-06-2015,24.12,14:17,6.12,2015
11-06-2015,33.12,Varias,6.84,2015
12-06-2015,33.12,11:40,9,2015
13-06-2015,24.84,13:11,9,2015
14-06-2015,32.04,12:30,5.04,2015
15-06-2015,29.88,18:41,5.04,2015
16-06-2015,24.12,19:16,3.96,2015
17-06-2015,24.12,17:45,5.04,2015
18-06-2015,20.88,Varias,5.04,2015
19-06-2015,25.92,15:20,5.04,2015
20-06-2015,25.92,19:00,2.88,2015
21-06-2015,20.88,17:00,6.12,2015
22-06-2015,20.16,16:40,3.96,2015
23-06-2015,27,15:10,5.04,2015
24-06-2015,23.04,17:50,6.12,2015
25-06-2015,33.12,15:50,9,2015
26-06-2015,27,18:32,6.12,2015
27-06-2015,28.08,16:45,6.12,2015
28-06-2015,27,19:06,6.12,2015
29-06-2015,24.12,14:50,6.12,2015
30-06-2015,29.88,14:20,6.84,2015
01-07-2015,29.88,13:10,6.12,2015
02-07-2015,20.16,19:30,6.12,2015
03-07-2015,37.08,16:30,9,2015
04-07-2015,28.08,16:10,3.96,2015
05-07-2015,23.04,18:40,6.84,2015
06-07-2015,27,18:40,6.84,2015
07-07-2015,28.08,15:10,6.12,2015
08-07-2015,23.04,19:10,5.04,2015
09-07-2015,24.84,18:40,6.12,2015
10-07-2015,32.04,10:10,7.92,2015
11-07-2015,29.16,19:50,5.04,2015
12-07-2015,25.92,17:50,6.12,2015
13-07-2015,23.04,Varias,5.04,2015
14-07-2015,24.84,17:20,5.04,2015
15-07-2015,20.16,08:20,6.12,2015
16-07-2015,27,17:10,7.92,2015
17-07-2015,27,16:50,6.84,2015
18-07-2015,34.92,13:30,9,2015
19-07-2015,30.96,15:50,9,2015
20-07-2015,29.88,17:20,6.84,2015
21-07-2015,32.04,12:40,10.08,2015
22-07-2015,29.88,16:30,5.04,2015
23-07-2015,32.04,15:40,7.92,2015
24-07-2015,29.88,10:50,6.84,2015
25-07-2015,18,15:30,3.96,2015
26-07-2015,36,15:40,10.08,2015
27-07-2015,28.08,15:00,6.12,2015
28-07-2015,33.84,14:20,7.92,2015
29-07-2015,24.12,14:20,7.92,2015
30-07-2015,23.04,13:40,6.12,2015
31-07-2015,24.84,12:30,3.96,2015
01-08-2015,24.12,15:00,3.96,2015
02-08-2015,32.04,13:50,6.84,2015
03-08-2015,33.84,15:20,5.04,2015
04-08-2015,20.88,14:20,6.12,2015
05-08-2015,29.88,14:30,6.84,2015
06-08-2015,30.96,15:10,5.04,2015
07-08-2015,28.08,17:00,5.04,2015
08-08-2015,29.16,Varias,3.96,2015
09-08-2015,23.04,19:20,2.88,2015
10-08-2015,28.08,14:00,5.04,2015
11-08-2015,33.84,16:50,6.12,2015
12-08-2015,42.12,15:50,11.16,2015
13-08-2015,33.12,11:50,6.84,2015
14-08-2015,16.92,00:30,3.96,2015
15-08-2015,27,16:50,5.04,2015
16-08-2015,23.04,14:40,3.96,2015
17-08-2015,21.96,19:30,5.04,2015
18-08-2015,24.84,11:50,5.04,2015
19-08-2015,23.04,17:50,2.88,2015
20-08-2015,27,15:30,5.04,2015
21-08-2015,32.04,15:40,5.04,2015
22-08-2015,39.96,12:40,11.16,2015
23-08-2015,47.88,13:10,11.16,2015
24-08-2015,27,15:40,7.92,2015
25-08-2015,32.04,14:30,6.84,2015
26-08-2015,30.96,12:40,10.08,2015
27-08-2015,42.84,13:10,11.88,2015
28-08-2015,25.92,16:30,5.04,2015
29-08-2015,24.84,14:10,6.12,2015
30-08-2015,34.92,Varias,7.92,2015
31-08-2015,20.88,19:10,6.12,2015
01-09-2015,21.96,Varias,5.04,2015
02-09-2015,21.96,16:20,5.04,2015
03-09-2015,29.88,17:00,5.04,2015
04-09-2015,23.04,18:00,5.04,2015
05-09-2015,24.12,16:00,3.96,2015
06-09-2015,21.96,16:50,3.96,2015
07-09-2015,24.12,16:52,3.96,2015
08-09-2015,36,15:50,5.04,2015
09-09-2015,33.84,14:50,5.04,2015
10-09-2015,21.96,14:10,5.04,2015
11-09-2015,24.84,15:10,5.04,2015
12-09-2015,28.08,Varias,6.84,2015
13-09-2015,37.08,13:30,10.08,2015
14-09-2015,33.12,13:50,7.92,2015
15-09-2015,42.84,22:40,11.16,2015
16-09-2015,42.12,06:20,9,2015
17-09-2015,24.12,13:30,5.04,2015
18-09-2015,16.92,16:40,3.96,2015
19-09-2015,18,15:00,2.88,2015
20-09-2015,20.16,14:10,3.96,2015
21-09-2015,21.96,Varias,5.04,2015
22-09-2015,21.96,13:50,3.96,2015
23-09-2015,21.96,10:20,3.96,2015
24-09-2015,14.04,19:20,2.16,2015
25-09-2015,15.12,15:20,2.88,2015
26-09-2015,20.88,14:30,3.96,2015
27-09-2015,20.16,15:20,2.88,2015
28-09-2015,12.96,15:00,2.88,2015
29-09-2015,14.04,17:40,2.88,2015
30-09-2015,24.12,13:00,6.12,2015
01-10-2015,20.88,15:30,3.96,2015
02-10-2015,24.12,14:40,5.04,2015
03-10-2015,11.16,13:20,2.16,2015
04-10-2015,46.08,10:30,9,2015
05-10-2015,41.04,14:10,6.84,2015
06-10-2015,29.88,13:30,6.84,2015
07-10-2015,16.92,14:20,2.16,2015
08-10-2015,12.96,10:30,2.16,2015
09-10-2015,33.84,12:20,5.04,2015
10-10-2015,37.08,12:20,6.84,2015
11-10-2015,29.16,11:40,6.12,2015
12-10-2015,24.84,13:20,3.96,2015
13-10-2015,18,00:30,5.04,2015
14-10-2015,16.92,10:40,3.96,2015
15-10-2015,15.12,15:30,3.96,2015
16-10-2015,14.04,15:30,2.16,2015
17-10-2015,56.88,15:00,7.92,2015
18-10-2015,10.08,01:10,2.88,2015
19-10-2015,25.92,22:50,2.88,2015
20-10-2015,24.84,17:50,5.04,2015
21-10-2015,16.92,Varias,2.88,2015
22-10-2015,11.16,13:10,2.16,2015
23-10-2015,25.92,14:10,2.88,2015
24-10-2015,14.04,16:00,1.08,2015
25-10-2015,24.12,15:00,2.88,2015
26-10-2015,19.08,16:40,3.96,2015
27-10-2015,29.88,14:20,6.12,2015
28-10-2015,29.88,15:00,6.12,2015
29-10-2015,25.92,Varias,6.12,2015
30-10-2015,36,11:10,6.84,2015
31-10-2015,48.96,08:30,7.92,2015
01-11-2015,24.12,15:20,3.96,2015
02-11-2015,18,21:30,1.08,2015
03-11-2015,24.84,09:30,5.04,2015
04-11-2015,30.96,12:10,5.04,2015
05-11-2015,24.12,08:10,5.04,2015
06-11-2015,21.96,12:30,5.04,2015
07-11-2015,19.08,15:20,2.88,2015
08-11-2015,33.12,11:10,5.04,2015
09-11-2015,14.04,07:30,2.88,2015
10-11-2015,10.08,06:50,3.96,2015
11-11-2015,12.96,07:50,2.88,2015
12-11-2015,12.96,05:20,3.96,2015
13-11-2015,11.88,12:10,2.88,2015
14-11-2015,10.08,12:20,2.16,2015
15-11-2015,9,04:20,2.88,2015
16-11-2015,11.16,04:40,2.88,2015
17-11-2015,9,Varias,2.88,2015
18-11-2015,20.16,10:30,3.96,2015
19-11-2015,11.88,Varias,2.16,2015
20-11-2015,27,23:40,5.04,2015
21-11-2015,33.12,11:40,3.96,2015
22-11-2015,15.84,14:40,2.88,2015
23-11-2015,14.04,02:10,2.88,2015
24-11-2015,7.92,08:50,2.88,2015
25-11-2015,20.16,15:20,1.08,2015
26-11-2015,9,12:10,2.16,2015
27-11-2015,14.04,17:10,2.16,2015
28-11-2015,20.16,12:00,2.88,2015
29-11-2015,11.88,09:40,2.88,2015
30-11-2015,12.96,08:30,2.88,2015
01-12-2015,11.88,06:20,2.88,2015
02-12-2015,12.96,13:10,2.16,2015
03-12-2015,45,15:20,5.04,2015
04-12-2015,9,00:40,2.16,2015
05-12-2015,9,02:10,2.16,2015
06-12-2015,11.88,04:50,2.88,2015
07-12-2015,34.92,14:20,7.92,2015
08-12-2015,10.08,00:10,1.08,2015
09-12-2015,18,Varias,2.88,2015
10-12-2015,9,Varias,2.88,2015
11-12-2015,12.96,11:20,2.16,2015
12-12-2015,9,08:40,2.16,2015
13-12-2015,50.04,13:40,11.88,2015
14-12-2015,34.92,18:30,10.08,2015
15-12-2015,50.04,14:10,11.16,2015
16-12-2015,30.96,Varias,6.84,2015
17-12-2015,30.96,14:30,7.92,2015
18-12-2015,29.88,17:00,6.84,2015
19-12-2015,47.88,14:50,9,2015
20-12-2015,24.84,14:00,6.12,2015
21-12-2015,16.92,14:00,2.88,2015
22-12-2015,25.92,13:00,6.12,2015
23-12-2015,18,17:00,2.88,2015
24-12-2015,24.84,16:10,2.88,2015
25-12-2015,27,Varias,10.08,2015
26-12-2015,38.88,12:20,9,2015
27-12-2015,42.12,20:20,6.12,2015
28-12-2015,48.96,03:00,11.16,2015
29-12-2015,27,Varias,6.84,2015
30-12-2015,46.08,08:40,11.16,2015
31-12-2015,14.04,15:00,2.88,2015
01-01-2016,41.04,08:30,11.16,2016
02-01-2016,21.96,01:30,5.04,2016
03-01-2016,46.08,17:20,6.84,2016
04-01-2016,16.92,00:40,2.16,2016
05-01-2016,25.92,13:30,3.96,2016
06-01-2016,36,16:40,3.96,2016
07-01-2016,52.92,02:50,18,2016
08-01-2016,36,03:57,5.04,2016
09-01-2016,38.88,15:38,9,2016
10-01-2016,39.96,Varias,9,2016
11-01-2016,56.88,14:38,9,2016
12-01-2016,14.04,16:10,3.96,2016
13-01-2016,30.96,21:11,5.04,2016
14-01-2016,24.12,15:20,2.88,2016
15-01-2016,21.96,12:20,5.04,2016
16-01-2016,20.88,15:40,2.16,2016
17-01-2016,29.16,11:40,5.04,2016
18-01-2016,29.88,12:50,2.88,2016
19-01-2016,10.08,23:40,2.88,2016
20-01-2016,27,13:20,5.04,2016
21-01-2016,20.16,14:40,2.88,2016
22-01-2016,15.12,13:50,2.16,2016
23-01-2016,25.92,13:30,2.88,2016
24-01-2016,50.04,12:10,10.08,2016
25-01-2016,28.08,00:10,3.96,2016
26-01-2016,10.08,Varias,2.88,2016
27-01-2016,27,23:10,5.04,2016
28-01-2016,27,01:20,2.88,2016
29-01-2016,10.08,01:50,2.88,2016
30-01-2016,25.92,23:00,6.12,2016
31-01-2016,25.92,12:40,6.84,2016
01-02-2016,10.08,Varias,3.96,2016
02-02-2016,12.96,11:50,2.88,2016
03-02-2016,23.04,14:20,3.96,2016
04-02-2016,20.88,Varias,5.04,2016
05-02-2016,19.08,16:20,2.88,2016
06-02-2016,48.96,16:40,9,2016
07-02-2016,30.96,21:40,6.12,2016
08-02-2016,39.96,11:40,10.08,2016
09-02-2016,46.08,06:00,11.88,2016
10-02-2016,39.96,10:00,11.16,2016
11-02-2016,30.96,15:50,7.92,2016
12-02-2016,28.08,Varias,6.84,2016
13-02-2016,46.08,18:00,11.16,2016
14-02-2016,52.92,08:10,11.16,2016
15-02-2016,36,11:00,6.12,2016
16-02-2016,20.88,14:10,5.04,2016
17-02-2016,16.92,16:40,2.16,2016
18-02-2016,15.12,18:50,2.88,2016
19-02-2016,10.08,12:00,2.88,2016
20-02-2016,21.96,17:20,3.96,2016
21-02-2016,15.84,14:20,3.96,2016
22-02-2016,14.04,11:30,2.88,2016
23-02-2016,23.04,13:40,3.96,2016
24-02-2016,21.96,15:20,6.12,2016
25-02-2016,21.96,16:00,3.96,2016
26-02-2016,28.08,09:00,5.04,2016
27-02-2016,29.16,14:40,5.04,2016
28-02-2016,25.92,15:40,3.96,2016
29-02-2016,23.04,12:20,6.12,2016
01-03-2016,16.92,17:40,3.96,2016
02-03-2016,24.12,14:40,3.96,2016
03-03-2016,14.04,14:30,2.16,2016
04-03-2016,47.16,15:50,14.04,2016
05-03-2016,29.16,13:40,5.04,2016
06-03-2016,20.88,Varias,3.96,2016
07-03-2016,36,12:30,5.04,2016
08-03-2016,12.96,19:10,2.88,2016
09-03-2016,24.84,14:20,6.12,2016
10-03-2016,34.92,13:50,6.12,2016
11-03-2016,24.12,16:00,5.04,2016
12-03-2016,16.92,21:20,2.88,2016
13-03-2016,20.88,17:00,3.96,2016
14-03-2016,28.08,10:30,6.84,2016
15-03-2016,23.04,13:00,3.96,2016
16-03-2016,25.92,14:30,5.04,2016
17-03-2016,28.08,17:20,3.96,2016
18-03-2016,11.88,12:20,3.96,2016
19-03-2016,24.12,18:10,5.04,2016
20-03-2016,20.88,16:10,2.88,2016
21-03-2016,29.88,15:40,6.12,2016
22-03-2016,16.92,17:20,2.16,2016
23-03-2016,25.92,18:10,6.12,2016
24-03-2016,23.04,Varias,3.96,2016
25-03-2016,21.96,15:00,2.88,2016
26-03-2016,46.08,16:10,9,2016
27-03-2016,45,16:10,11.16,2016
28-03-2016,33.12,16:20,5.04,2016
29-03-2016,36,14:20,6.12,2016
30-03-2016,38.16,11:20,9,2016
31-03-2016,29.16,13:20,6.84,2016
01-04-2016,18,14:00,3.96,2016
02-04-2016,37.08,22:40,2.88,2016
03-04-2016,46.08,13:30,11.88,2016
04-04-2016,28.08,11:10,3.96,2016
05-04-2016,23.04,12:50,5.04,2016
06-04-2016,28.08,13:40,5.04,2016
07-04-2016,27,14:30,6.12,2016
08-04-2016,25.92,20:10,3.96,2016
09-04-2016,29.88,15:40,5.04,2016
10-04-2016,59.04,13:40,16.92,2016
11-04-2016,42.84,17:30,11.88,2016
12-04-2016,55.08,17:30,7.92,2016
13-04-2016,51.84,10:30,10.08,2016
14-04-2016,42.12,12:40,9,2016
15-04-2016,18,18:00,5.04,2016
16-04-2016,27,14:10,5.04,2016
17-04-2016,27,13:30,3.96,2016
18-04-2016,27,15:00,2.88,2016
19-04-2016,28.08,13:30,2.88,2016
20-04-2016,34.92,16:50,6.84,2016
21-04-2016,29.88,14:30,5.04,2016
22-04-2016,25.92,12:40,6.12,2016
23-04-2016,29.16,10:30,3.96,2016
24-04-2016,20.88,20:00,3.96,2016
25-04-2016,23.04,17:50,3.96,2016
26-04-2016,20.16,14:20,5.04,2016
27-04-2016,16.92,17:00,2.88,2016
28-04-2016,23.04,16:10,5.04,2016
29-04-2016,28.08,18:20,5.04,2016
30-04-2016,27,18:20,6.12,2016
01-05-2016,21.96,16:40,2.88,2016
02-05-2016,28.08,19:00,5.04,2016
03-05-2016,20.16,18:20,5.04,2016
04-05-2016,19.08,15:40,2.88,2016
05-05-2016,15.12,14:30,2.88,2016
06-05-2016,20.88,18:10,3.96,2016
07-05-2016,47.16,14:50,10.08,2016
08-05-2016,38.88,13:00,9,2016
09-05-2016,43.92,14:30,2.88,2016
10-05-2016,37.08,10:20,6.84,2016
11-05-2016,27,Varias,5.04,2016
12-05-2016,20.16,17:20,2.16,2016
13-05-2016,19.08,Varias,5.04,2016
14-05-2016,18,15:00,2.16,2016
15-05-2016,20.16,10:00,3.96,2016
16-05-2016,21.96,15:20,5.04,2016
17-05-2016,20.88,18:10,5.04,2016
18-05-2016,25.92,15:10,5.04,2016
19-05-2016,16.92,17:00,3.96,2016
20-05-2016,32.04,17:20,6.84,2016
21-05-2016,41.04,17:10,5.04,2016
22-05-2016,28.08,13:50,5.04,2016
23-05-2016,21.96,13:40,6.12,2016
24-05-2016,23.04,14:10,3.96,2016
25-05-2016,30.96,11:30,6.84,2016
26-05-2016,24.12,16:00,6.12,2016
27-05-2016,33.84,14:30,6.84,2016
28-05-2016,36,14:20,3.96,2016
29-05-2016,30.96,13:30,7.92,2016
30-05-2016,20.88,14:30,5.04,2016
31-05-2016,20.16,15:30,3.96,2016
01-06-2016,19.08,17:00,3.96,2016
02-06-2016,24.84,13:30,3.96,2016
03-06-2016,29.16,19:00,6.12,2016
04-06-2016,20.16,19:20,2.88,2016
05-06-2016,18,17:50,2.88,2016
06-06-2016,25.92,17:00,5.04,2016
07-06-2016,25.92,13:20,5.04,2016
08-06-2016,24.12,14:50,6.12,2016
09-06-2016,27,16:30,5.04,2016
10-06-2016,21.96,Varias,5.04,2016
11-06-2016,24.84,18:00,7.92,2016
12-06-2016,24.84,Varias,7.92,2016
13-06-2016,38.88,14:00,9,2016
14-06-2016,36,18:40,9,2016
15-06-2016,30.96,11:20,6.84,2016
16-06-2016,34.92,15:30,6.12,2016
17-06-2016,20.88,17:10,3.96,2016
18-06-2016,20.88,18:10,3.96,2016
19-06-2016,15.12,11:30,2.88,2016
20-06-2016,19.08,18:40,3.96,2016
21-06-2016,24.12,16:10,5.04,2016
22-06-2016,25.92,15:20,3.96,2016
23-06-2016,27,13:50,5.04,2016
24-06-2016,33.12,17:30,3.96,2016
25-06-2016,28.08,18:50,6.12,2016
26-06-2016,24.12,Varias,6.12,2016
27-06-2016,23.04,17:00,3.96,2016
28-06-2016,24.12,17:40,3.96,2016
29-06-2016,28.08,16:00,5.04,2016
30-06-2016,27,14:40,6.84,2016
01-07-2016,21.96,16:10,3.96,2016
02-07-2016,21.96,10:40,6.12,2016
03-07-2016,27,13:40,5.04,2016
04-07-2016,27,17:50,5.04,2016
05-07-2016,25.92,15:00,5.04,2016
06-07-2016,21.96,17:10,2.88,2016
07-07-2016,27,16:00,6.12,2016
08-07-2016,23.04,18:10,3.96,2016
09-07-2016,25.92,17:00,6.12,2016
10-07-2016,29.88,16:20,6.12,2016
11-07-2016,23.04,15:50,5.04,2016
12-07-2016,25.92,15:20,3.96,2016
13-07-2016,28.08,17:40,3.96,2016
14-07-2016,23.04,17:30,3.96,2016
15-07-2016,20.88,11:30,3.96,2016
16-07-2016,16.92,Varias,2.88,2016
17-07-2016,16.92,16:30,2.88,2016
18-07-2016,29.88,16:00,6.12,2016
19-07-2016,28.08,Varias,6.12,2016
20-07-2016,24.12,17:20,6.12,2016
21-07-2016,29.16,18:40,6.84,2016
22-07-2016,25.92,17:20,3.96,2016
23-07-2016,27,18:00,5.04,2016
24-07-2016,20.16,17:30,3.96,2016
25-07-2016,24.12,17:20,5.04,2016
26-07-2016,25.92,17:20,3.96,2016
27-07-2016,25.92,23:20,3.96,2016
28-07-2016,21.96,13:50,5.04,2016
29-07-2016,21.96,18:30,5.04,2016
30-07-2016,24.12,15:00,5.04,2016
31-07-2016,23.04,18:40,3.96,2016
01-08-2016,23.04,17:10,5.04,2016
02-08-2016,21.96,14:50,2.88,2016
03-08-2016,29.16,16:10,3.96,2016
04-08-2016,34.92,Varias,9,2016
05-08-2016,24.12,16:20,2.88,2016
06-08-2016,20.88,20:10,2.88,2016
07-08-2016,19.08,16:40,3.96,2016
08-08-2016,25.92,11:40,3.96,2016
09-08-2016,34.92,17:10,5.04,2016
10-08-2016,29.88,17:20,5.04,2016
11-08-2016,19.08,19:30,3.96,2016
12-08-2016,19.08,18:30,6.12,2016
13-08-2016,20.88,15:50,3.96,2016
14-08-2016,15.84,16:40,2.88,2016
15-08-2016,33.12,16:20,3.96,2016
16-08-2016,27,16:00,6.84,2016
17-08-2016,23.04,Varias,3.96,2016
18-08-2016,25.92,14:20,5.04,2016
19-08-2016,28.08,18:20,5.04,2016
20-08-2016,25.92,14:30,3.96,2016
21-08-2016,16.92,17:00,2.88,2016
22-08-2016,24.12,18:10,5.04,2016
23-08-2016,24.12,15:30,5.04,2016
24-08-2016,15.84,09:10,2.16,2016
25-08-2016,25.92,13:50,6.12,2016
26-08-2016,30.96,13:50,6.12,2016
27-08-2016,28.08,16:10,2.88,2016
28-08-2016,20.88,18:00,6.12,2016
29-08-2016,23.04,19:20,5.04,2016
30-08-2016,18,15:10,2.88,2016
31-08-2016,21.96,16:00,2.88,2016
01-09-2016,18,17:10,5.04,2016
02-09-2016,25.92,16:10,3.96,2016
03-09-2016,27,Varias,3.96,2016
04-09-2016,28.08,13:50,2.88,2016
05-09-2016,20.88,13:40,2.88,2016
06-09-2016,36,14:20,5.04,2016
07-09-2016,30.96,16:40,5.04,2016
08-09-2016,21.96,16:20,5.04,2016
09-09-2016,25.92,16:40,5.04,2016
10-09-2016,20.16,17:00,2.88,2016
11-09-2016,23.04,19:20,5.04,2016
12-09-2016,36,15:10,6.12,2016
13-09-2016,30.96,01:50,3.96,2016
14-09-2016,23.04,12:40,6.12,2016
15-09-2016,29.16,13:20,7.92,2016
16-09-2016,20.88,12:00,3.96,2016
17-09-2016,19.08,11:50,2.88,2016
18-09-2016,20.88,Varias,2.88,2016
19-09-2016,19.08,15:30,2.88,2016
20-09-2016,20.88,20:00,2.88,2016
21-09-2016,20.16,17:00,2.88,2016
22-09-2016,15.12,12:30,3.96,2016
23-09-2016,18,15:50,3.96,2016
24-09-2016,28.08,16:00,3.96,2016
25-09-2016,18,13:30,2.16,2016
26-09-2016,11.88,Varias,3.96,2016
27-09-2016,23.04,15:30,2.88,2016
28-09-2016,20.16,16:20,2.88,2016
29-09-2016,23.04,Varias,3.96,2016
30-09-2016,24.84,15:50,2.88,2016
01-10-2016,15.84,12:50,2.88,2016
02-10-2016,11.88,12:20,2.88,2016
03-10-2016,16.92,14:50,2.88,2016
04-10-2016,18,14:20,2.88,2016
05-10-2016,12.96,18:00,2.88,2016
06-10-2016,11.88,11:30,2.16,2016
07-10-2016,11.16,17:20,2.88,2016
08-10-2016,23.04,17:40,2.16,2016
09-10-2016,19.08,03:00,2.88,2016
10-10-2016,18,16:00,2.88,2016
11-10-2016,11.88,Varias,3.96,2016
12-10-2016,12.96,15:40,2.88,2016
13-10-2016,14.04,Varias,2.88,2016
14-10-2016,21.96,13:30,5.04,2016
15-10-2016,21.96,14:00,3.96,2016
16-10-2016,15.84,13:20,2.16,2016
17-10-2016,9,14:30,1.08,2016
18-10-2016,15.12,11:00,1.08,2016
19-10-2016,23.04,21:10,2.16,2016
20-10-2016,18,18:20,2.88,2016
21-10-2016,27,13:30,2.88,2016
22-10-2016,48.96,23:30,3.96,2016
23-10-2016,34.92,11:40,7.92,2016
24-10-2016,38.88,11:30,2.88,2016
25-10-2016,27,16:20,2.88,2016
26-10-2016,10.08,13:20,2.16,2016
27-10-2016,11.88,14:30,2.88,2016
28-10-2016,10.08,14:10,1.08,2016
29-10-2016,7.92,12:20,2.16,2016
30-10-2016,10.08,07:40,2.88,2016
31-10-2016,11.16,16:20,2.16,2016
01-11-2016,15.12,16:00,2.88,2016
02-11-2016,11.88,Varias,2.16,2016
03-11-2016,19.08,13:50,2.16,2016
04-11-2016,7.92,10:20,1.08,2016
05-11-2016,23.04,14:20,2.88,2016
06-11-2016,27,16:30,3.96,2016
07-11-2016,12.96,17:30,2.88,2016
08-11-2016,16.92,16:20,5.04,2016
09-11-2016,11.88,02:10,1.08,2016
10-11-2016,9,13:00,2.16,2016
11-11-2016,12.96,13:50,2.16,2016
12-11-2016,15.12,14:30,1.08,2016
13-11-2016,19.08,11:50,5.04,2016
14-11-2016,16.92,Varias,1.08,2016
15-11-2016,10.08,10:00,1.08,2016
16-11-2016,11.88,06:20,2.88,2016
17-11-2016,10.08,06:40,2.88,2016
18-11-2016,19.08,16:10,5.04,2016
19-11-2016,25.92,11:40,5.04,2016
20-11-2016,52.92,23:30,6.12,2016
21-11-2016,47.16,00:00,3.96,2016
22-11-2016,12.96,09:00,2.88,2016
23-11-2016,23.04,15:10,2.88,2016
24-11-2016,34.92,18:00,6.84,2016
25-11-2016,28.08,13:50,3.96,2016
26-11-2016,10.08,01:10,0,2016
27-11-2016,9,10:40,2.16,2016
28-11-2016,15.12,04:50,3.96,2016
29-11-2016,12.96,00:30,3.96,2016
30-11-2016,11.16,04:10,3.96,2016
01-12-2016,7.92,Varias,2.88,2016
02-12-2016,20.16,16:00,2.16,2016
03-12-2016,33.12,Varias,2.88,2016
04-12-2016,27,13:40,2.88,2016
05-12-2016,9,14:50,3.96,2016
06-12-2016,10.08,12:50,2.16,2016
07-12-2016,9,13:00,2.16,2016
08-12-2016,33.12,22:30,6.12,2016
09-12-2016,41.04,13:20,10.08,2016
10-12-2016,37.08,10:40,6.12,2016
11-12-2016,7.92,15:50,2.16,2016
12-12-2016,11.88,Varias,3.96,2016
13-12-2016,12.96,Varias,2.88,2016
14-12-2016,30.96,03:30,5.04,2016
15-12-2016,30.96,17:30,6.12,2016
16-12-2016,10.08,18:50,2.88,2016
17-12-2016,11.16,12:50,5.04,2016
18-12-2016,11.88,08:40,3.96,2016
19-12-2016,12.96,02:20,3.96,2016
20-12-2016,7.92,04:50,2.16,2016
21-12-2016,7.92,Varias,2.88,2016
22-12-2016,6.84,07:20,2.16,2016
23-12-2016,14.04,09:40,2.88,2016
24-12-2016,20.16,18:40,3.96,2016
25-12-2016,7.92,Varias,2.16,2016
26-12-2016,14.04,13:10,3.96,2016
27-12-2016,11.16,03:50,2.88,2016
28-12-2016,12.96,08:40,3.96,2016
29-12-2016,11.88,Varias,2.88,2016
30-12-2016,14.04,08:50,2.88,2016
31-12-2016,11.16,07:40,2.88,2016
01-01-2016,41.04,08:30,11.16,2016
02-01-2016,21.96,01:30,5.04,2016
03-01-2016,46.08,17:20,6.84,2016
04-01-2016,16.92,00:40,2.16,2016
05-01-2016,25.92,13:30,3.96,2016
06-01-2016,36,16:40,3.96,2016
07-01-2016,52.92,02:50,18,2016
08-01-2016,36,03:57,5.04,2016
09-01-2016,38.88,15:38,9,2016
10-01-2016,39.96,Varias,9,2016
11-01-2016,56.88,14:38,9,2016
12-01-2016,14.04,16:10,3.96,2016
13-01-2016,30.96,21:11,5.04,2016
14-01-2016,24.12,15:20,2.88,2016
15-01-2016,21.96,12:20,5.04,2016
16-01-2016,20.88,15:40,2.16,2016
17-01-2016,29.16,11:40,5.04,2016
18-01-2016,29.88,12:50,2.88,2016
19-01-2016,10.08,23:40,2.88,2016
20-01-2016,27,13:20,5.04,2016
21-01-2016,20.16,14:40,2.88,2016
22-01-2016,15.12,13:50,2.16,2016
23-01-2016,25.92,13:30,2.88,2016
24-01-2016,50.04,12:10,10.08,2016
25-01-2016,28.08,00:10,3.96,2016
26-01-2016,10.08,Varias,2.88,2016
27-01-2016,27,23:10,5.04,2016
28-01-2016,27,01:20,2.88,2016
29-01-2016,10.08,01:50,2.88,2016
30-01-2016,25.92,23:00,6.12,2016
31-01-2016,25.92,12:40,6.84,2016
01-02-2016,10.08,Varias,3.96,2016
02-02-2016,12.96,11:50,2.88,2016
03-02-2016,23.04,14:20,3.96,2016
04-02-2016,20.88,Varias,5.04,2016
05-02-2016,19.08,16:20,2.88,2016
06-02-2016,48.96,16:40,9,2016
07-02-2016,30.96,21:40,6.12,2016
08-02-2016,39.96,11:40,10.08,2016
09-02-2016,46.08,06:00,11.88,2016
10-02-2016,39.96,10:00,11.16,2016
11-02-2016,30.96,15:50,7.92,2016
12-02-2016,28.08,Varias,6.84,2016
13-02-2016,46.08,18:00,11.16,2016
14-02-2016,52.92,08:10,11.16,2016
15-02-2016,36,11:00,6.12,2016
16-02-2016,20.88,14:10,5.04,2016
17-02-2016,16.92,16:40,2.16,2016
18-02-2016,15.12,18:50,2.88,2016
19-02-2016,10.08,12:00,2.88,2016
20-02-2016,21.96,17:20,3.96,2016
21-02-2016,15.84,14:20,3.96,2016
22-02-2016,14.04,11:30,2.88,2016
23-02-2016,23.04,13:40,3.96,2016
24-02-2016,21.96,15:20,6.12,2016
25-02-2016,21.96,16:00,3.96,2016
26-02-2016,28.08,09:00,5.04,2016
27-02-2016,29.16,14:40,5.04,2016
28-02-2016,25.92,15:40,3.96,2016
29-02-2016,23.04,12:20,6.12,2016
01-03-2016,16.92,17:40,3.96,2016
02-03-2016,24.12,14:40,3.96,2016
03-03-2016,14.04,14:30,2.16,2016
04-03-2016,47.16,15:50,14.04,2016
05-03-2016,29.16,13:40,5.04,2016
06-03-2016,20.88,Varias,3.96,2016
07-03-2016,36,12:30,5.04,2016
08-03-2016,12.96,19:10,2.88,2016
09-03-2016,24.84,14:20,6.12,2016
10-03-2016,34.92,13:50,6.12,2016
11-03-2016,24.12,16:00,5.04,2016
12-03-2016,16.92,21:20,2.88,2016
13-03-2016,20.88,17:00,3.96,2016
14-03-2016,28.08,10:30,6.84,2016
15-03-2016,23.04,13:00,3.96,2016
16-03-2016,25.92,14:30,5.04,2016
17-03-2016,28.08,17:20,3.96,2016
18-03-2016,11.88,12:20,3.96,2016
19-03-2016,24.12,18:10,5.04,2016
20-03-2016,20.88,16:10,2.88,2016
21-03-2016,29.88,15:40,6.12,2016
22-03-2016,16.92,17:20,2.16,2016
23-03-2016,25.92,18:10,6.12,2016
24-03-2016,23.04,Varias,3.96,2016
25-03-2016,21.96,15:00,2.88,2016
26-03-2016,46.08,16:10,9,2016
27-03-2016,45,16:10,11.16,2016
28-03-2016,33.12,16:20,5.04,2016
29-03-2016,36,14:20,6.12,2016
30-03-2016,38.16,11:20,9,2016
31-03-2016,29.16,13:20,6.84,2016
01-04-2016,18,14:00,3.96,2016
02-04-2016,37.08,22:40,2.88,2016
03-04-2016,46.08,13:30,11.88,2016
04-04-2016,28.08,11:10,3.96,2016
05-04-2016,23.04,12:50,5.04,2016
06-04-2016,28.08,13:40,5.04,2016
07-04-2016,27,14:30,6.12,2016
08-04-2016,25.92,20:10,3.96,2016
09-04-2016,29.88,15:40,5.04,2016
10-04-2016,59.04,13:40,16.92,2016
11-04-2016,42.84,17:30,11.88,2016
12-04-2016,55.08,17:30,7.92,2016
13-04-2016,51.84,10:30,10.08,2016
14-04-2016,42.12,12:40,9,2016
15-04-2016,18,18:00,5.04,2016
16-04-2016,27,14:10,5.04,2016
17-04-2016,27,13:30,3.96,2016
18-04-2016,27,15:00,2.88,2016
19-04-2016,28.08,13:30,2.88,2016
20-04-2016,34.92,16:50,6.84,2016
21-04-2016,29.88,14:30,5.04,2016
22-04-2016,25.92,12:40,6.12,2016
23-04-2016,29.16,10:30,3.96,2016
24-04-2016,20.88,20:00,3.96,2016
25-04-2016,23.04,17:50,3.96,2016
26-04-2016,20.16,14:20,5.04,2016
27-04-2016,16.92,17:00,2.88,2016
28-04-2016,23.04,16:10,5.04,2016
29-04-2016,28.08,18:20,5.04,2016
30-04-2016,27,18:20,6.12,2016
01-05-2016,21.96,16:40,2.88,2016
02-05-2016,28.08,19:00,5.04,2016
03-05-2016,20.16,18:20,5.04,2016
04-05-2016,19.08,15:40,2.88,2016
05-05-2016,15.12,14:30,2.88,2016
06-05-2016,20.88,18:10,3.96,2016
07-05-2016,47.16,14:50,10.08,2016
08-05-2016,38.88,13:00,9,2016
09-05-2016,43.92,14:30,2.88,2016
10-05-2016,37.08,10:20,6.84,2016
11-05-2016,27,Varias,5.04,2016
12-05-2016,20.16,17:20,2.16,2016
13-05-2016,19.08,Varias,5.04,2016
14-05-2016,18,15:00,2.16,2016
15-05-2016,20.16,10:00,3.96,2016
16-05-2016,21.96,15:20,5.04,2016
17-05-2016,20.88,18:10,5.04,2016
18-05-2016,25.92,15:10,5.04,2016
19-05-2016,16.92,17:00,3.96,2016
20-05-2016,32.04,17:20,6.84,2016
21-05-2016,41.04,17:10,5.04,2016
22-05-2016,28.08,13:50,5.04,2016
23-05-2016,21.96,13:40,6.12,2016
24-05-2016,23.04,14:10,3.96,2016
25-05-2016,30.96,11:30,6.84,2016
26-05-2016,24.12,16:00,6.12,2016
27-05-2016,33.84,14:30,6.84,2016
28-05-2016,36,14:20,3.96,2016
29-05-2016,30.96,13:30,7.92,2016
30-05-2016,20.88,14:30,5.04,2016
31-05-2016,20.16,15:30,3.96,2016
01-06-2016,19.08,17:00,3.96,2016
02-06-2016,24.84,13:30,3.96,2016
03-06-2016,29.16,19:00,6.12,2016
04-06-2016,20.16,19:20,2.88,2016
05-06-2016,18,17:50,2.88,2016
06-06-2016,25.92,17:00,5.04,2016
07-06-2016,25.92,13:20,5.04,2016
08-06-2016,24.12,14:50,6.12,2016
09-06-2016,27,16:30,5.04,2016
10-06-2016,21.96,Varias,5.04,2016
11-06-2016,24.84,18:00,7.92,2016
12-06-2016,24.84,Varias,7.92,2016
13-06-2016,38.88,14:00,9,2016
14-06-2016,36,18:40,9,2016
15-06-2016,30.96,11:20,6.84,2016
16-06-2016,34.92,15:30,6.12,2016
17-06-2016,20.88,17:10,3.96,2016
18-06-2016,20.88,18:10,3.96,2016
19-06-2016,15.12,11:30,2.88,2016
20-06-2016,19.08,18:40,3.96,2016
21-06-2016,24.12,16:10,5.04,2016
22-06-2016,25.92,15:20,3.96,2016
23-06-2016,27,13:50,5.04,2016
24-06-2016,33.12,17:30,3.96,2016
25-06-2016,28.08,18:50,6.12,2016
26-06-2016,24.12,Varias,6.12,2016
27-06-2016,23.04,17:00,3.96,2016
28-06-2016,24.12,17:40,3.96,2016
29-06-2016,28.08,16:00,5.04,2016
30-06-2016,27,14:40,6.84,2016
01-07-2016,21.96,16:10,3.96,2016
02-07-2016,21.96,10:40,6.12,2016
03-07-2016,27,13:40,5.04,2016
04-07-2016,27,17:50,5.04,2016
05-07-2016,25.92,15:00,5.04,2016
06-07-2016,21.96,17:10,2.88,2016
07-07-2016,27,16:00,6.12,2016
08-07-2016,23.04,18:10,3.96,2016
09-07-2016,25.92,17:00,6.12,2016
10-07-2016,29.88,16:20,6.12,2016
11-07-2016,23.04,15:50,5.04,2016
12-07-2016,25.92,15:20,3.96,2016
13-07-2016,28.08,17:40,3.96,2016
14-07-2016,23.04,17:30,3.96,2016
15-07-2016,20.88,11:30,3.96,2016
16-07-2016,16.92,Varias,2.88,2016
17-07-2016,16.92,16:30,2.88,2016
18-07-2016,29.88,16:00,6.12,2016
19-07-2016,28.08,Varias,6.12,2016
20-07-2016,24.12,17:20,6.12,2016
21-07-2016,29.16,18:40,6.84,2016
22-07-2016,25.92,17:20,3.96,2016
23-07-2016,27,18:00,5.04,2016
24-07-2016,20.16,17:30,3.96,2016
25-07-2016,24.12,17:20,5.04,2016
26-07-2016,25.92,17:20,3.96,2016
27-07-2016,25.92,23:20,3.96,2016
28-07-2016,21.96,13:50,5.04,2016
29-07-2016,21.96,18:30,5.04,2016
30-07-2016,24.12,15:00,5.04,2016
31-07-2016,23.04,18:40,3.96,2016
01-08-2016,23.04,17:10,5.04,2016
02-08-2016,21.96,14:50,2.88,2016
03-08-2016,29.16,16:10,3.96,2016
04-08-2016,34.92,Varias,9,2016
05-08-2016,24.12,16:20,2.88,2016
06-08-2016,20.88,20:10,2.88,2016
07-08-2016,19.08,16:40,3.96,2016
08-08-2016,25.92,11:40,3.96,2016
09-08-2016,34.92,17:10,5.04,2016
10-08-2016,29.88,17:20,5.04,2016
11-08-2016,19.08,19:30,3.96,2016
12-08-2016,19.08,18:30,6.12,2016
13-08-2016,20.88,15:50,3.96,2016
14-08-2016,15.84,16:40,2.88,2016
15-08-2016,33.12,16:20,3.96,2016
16-08-2016,27,16:00,6.84,2016
17-08-2016,23.04,Varias,3.96,2016
18-08-2016,25.92,14:20,5.04,2016
19-08-2016,28.08,18:20,5.04,2016
20-08-2016,25.92,14:30,3.96,2016
21-08-2016,16.92,17:00,2.88,2016
22-08-2016,24.12,18:10,5.04,2016
23-08-2016,24.12,15:30,5.04,2016
24-08-2016,15.84,09:10,2.16,2016
25-08-2016,25.92,13:50,6.12,2016
26-08-2016,30.96,13:50,6.12,2016
27-08-2016,28.08,16:10,2.88,2016
28-08-2016,20.88,18:00,6.12,2016
29-08-2016,23.04,19:20,5.04,2016
30-08-2016,18,15:10,2.88,2016
31-08-2016,21.96,16:00,2.88,2016
01-09-2016,18,17:10,5.04,2016
02-09-2016,25.92,16:10,3.96,2016
03-09-2016,27,Varias,3.96,2016
04-09-2016,28.08,13:50,2.88,2016
05-09-2016,20.88,13:40,2.88,2016
06-09-2016,36,14:20,5.04,2016
07-09-2016,30.96,16:40,5.04,2016
08-09-2016,21.96,16:20,5.04,2016
09-09-2016,25.92,16:40,5.04,2016
10-09-2016,20.16,17:00,2.88,2016
11-09-2016,23.04,19:20,5.04,2016
12-09-2016,36,15:10,6.12,2016
13-09-2016,30.96,01:50,3.96,2016
14-09-2016,23.04,12:40,6.12,2016
15-09-2016,29.16,13:20,7.92,2016
16-09-2016,20.88,12:00,3.96,2016
17-09-2016,19.08,11:50,2.88,2016
18-09-2016,20.88,Varias,2.88,2016
19-09-2016,19.08,15:30,2.88,2016
20-09-2016,20.88,20:00,2.88,2016
21-09-2016,20.16,17:00,2.88,2016
22-09-2016,15.12,12:30,3.96,2016
23-09-2016,18,15:50,3.96,2016
24-09-2016,28.08,16:00,3.96,2016
25-09-2016,18,13:30,2.16,2016
26-09-2016,11.88,Varias,3.96,2016
27-09-2016,23.04,15:30,2.88,2016
28-09-2016,20.16,16:20,2.88,2016
29-09-2016,23.04,Varias,3.96,2016
30-09-2016,24.84,15:50,2.88,2016
01-10-2016,15.84,12:50,2.88,2016
02-10-2016,11.88,12:20,2.88,2016
03-10-2016,16.92,14:50,2.88,2016
04-10-2016,18,14:20,2.88,2016
05-10-2016,12.96,18:00,2.88,2016
06-10-2016,11.88,11:30,2.16,2016
07-10-2016,11.16,17:20,2.88,2016
08-10-2016,23.04,17:40,2.16,2016
09-10-2016,19.08,03:00,2.88,2016
10-10-2016,18,16:00,2.88,2016
11-10-2016,11.88,Varias,3.96,2016
12-10-2016,12.96,15:40,2.88,2016
13-10-2016,14.04,Varias,2.88,2016
14-10-2016,21.96,13:30,5.04,2016
15-10-2016,21.96,14:00,3.96,2016
16-10-2016,15.84,13:20,2.16,2016
17-10-2016,9,14:30,1.08,2016
18-10-2016,15.12,11:00,1.08,2016
19-10-2016,23.04,21:10,2.16,2016
20-10-2016,18,18:20,2.88,2016
21-10-2016,27,13:30,2.88,2016
22-10-2016,48.96,23:30,3.96,2016
23-10-2016,34.92,11:40,7.92,2016
24-10-2016,38.88,11:30,2.88,2016
25-10-2016,27,16:20,2.88,2016
26-10-2016,10.08,13:20,2.16,2016
27-10-2016,11.88,14:30,2.88,2016
28-10-2016,10.08,14:10,1.08,2016
29-10-2016,7.92,12:20,2.16,2016
30-10-2016,10.08,07:40,2.88,2016
31-10-2016,11.16,16:20,2.16,2016
01-11-2016,15.12,16:00,2.88,2016
02-11-2016,11.88,Varias,2.16,2016
03-11-2016,19.08,13:50,2.16,2016
04-11-2016,7.92,10:20,1.08,2016
05-11-2016,23.04,14:20,2.88,2016
06-11-2016,27,16:30,3.96,2016
07-11-2016,12.96,17:30,2.88,2016
08-11-2016,16.92,16:20,5.04,2016
09-11-2016,11.88,02:10,1.08,2016
10-11-2016,9,13:00,2.16,2016
11-11-2016,12.96,13:50,2.16,2016
12-11-2016,15.12,14:30,1.08,2016
13-11-2016,19.08,11:50,5.04,2016
14-11-2016,16.92,Varias,1.08,2016
15-11-2016,10.08,10:00,1.08,2016
16-11-2016,11.88,06:20,2.88,2016
17-11-2016,10.08,06:40,2.88,2016
18-11-2016,19.08,16:10,5.04,2016
19-11-2016,25.92,11:40,5.04,2016
20-11-2016,52.92,23:30,6.12,2016
21-11-2016,47.16,00:00,3.96,2016
22-11-2016,12.96,09:00,2.88,2016
23-11-2016,23.04,15:10,2.88,2016
24-11-2016,34.92,18:00,6.84,2016
25-11-2016,28.08,13:50,3.96,2016
26-11-2016,10.08,01:10,0,2016
27-11-2016,9,10:40,2.16,2016
28-11-2016,15.12,04:50,3.96,2016
29-11-2016,12.96,00:30,3.96,2016
30-11-2016,11.16,04:10,3.96,2016
01-12-2016,7.92,Varias,2.88,2016
02-12-2016,20.16,16:00,2.16,2016
03-12-2016,33.12,Varias,2.88,2016
04-12-2016,27,13:40,2.88,2016
05-12-2016,9,14:50,3.96,2016
06-12-2016,10.08,12:50,2.16,2016
07-12-2016,9,13:00,2.16,2016
08-12-2016,33.12,22:30,6.12,2016
09-12-2016,41.04,13:20,10.08,2016
10-12-2016,37.08,10:40,6.12,2016
11-12-2016,7.92,15:50,2.16,2016
12-12-2016,11.88,Varias,3.96,2016
13-12-2016,12.96,Varias,2.88,2016
14-12-2016,30.96,03:30,5.04,2016
15-12-2016,30.96,17:30,6.12,2016
16-12-2016,10.08,18:50,2.88,2016
17-12-2016,11.16,12:50,5.04,2016
18-12-2016,11.88,08:40,3.96,2016
19-12-2016,12.96,02:20,3.96,2016
20-12-2016,7.92,04:50,2.16,2016
21-12-2016,7.92,Varias,2.88,2016
22-12-2016,6.84,07:20,2.16,2016
23-12-2016,14.04,09:40,2.88,2016
24-12-2016,20.16,18:40,3.96,2016
25-12-2016,7.92,Varias,2.16,2016
26-12-2016,14.04,13:10,3.96,2016
27-12-2016,11.16,03:50,2.88,2016
28-12-2016,12.96,08:40,3.96,2016
29-12-2016,11.88,Varias,2.88,2016
30-12-2016,14.04,08:50,2.88,2016
31-12-2016,11.16,07:40,2.88,2016
01-01-2017,10.08,10:50,2.88,2017
02-01-2017,42.12,05:40,9,2017
03-01-2017,30.96,01:10,6.84,2017
04-01-2017,9,14:20,2.88,2017
05-01-2017,10.08,Varias,2.16,2017
06-01-2017,10.08,08:10,2.88,2017
07-01-2017,14.04,07:50,2.88,2017
08-01-2017,12.96,08:50,2.88,2017
09-01-2017,10.08,13:20,2.88,2017
10-01-2017,7.92,04:50,2.88,2017
11-01-2017,11.16,10:20,2.88,2017
12-01-2017,15.84,21:40,2.88,2017
13-01-2017,19.08,15:40,3.96,2017
14-01-2017,18,15:30,2.88,2017
15-01-2017,11.88,13:50,2.88,2017
16-01-2017,16.92,14:10,2.88,2017
17-01-2017,33.12,15:40,2.88,2017
18-01-2017,23.04,13:00,5.04,2017
19-01-2017,14.04,14:20,2.88,2017
20-01-2017,7.92,Varias,2.88,2017
21-01-2017,9,10:20,2.16,2017
22-01-2017,9,15:00,2.16,2017
23-01-2017,11.16,13:50,2.16,2017
24-01-2017,12.96,05:00,3.96,2017
25-01-2017,11.16,07:50,3.96,2017
26-01-2017,42.84,11:00,6.84,2017
27-01-2017,20.16,16:10,3.96,2017
28-01-2017,20.88,13:40,1.08,2017
29-01-2017,29.16,15:30,7.92,2017
30-01-2017,33.12,18:30,7.92,2017
31-01-2017,27,01:50,5.04,2017
01-02-2017,33.84,12:30,10.08,2017
02-02-2017,51.84,07:40,7.92,2017
03-02-2017,69.12,04:40,14.04,2017
04-02-2017,50.04,14:50,9,2017
05-02-2017,51.12,02:30,6.84,2017
06-02-2017,37.08,13:40,6.84,2017
07-02-2017,27,14:50,6.12,2017
08-02-2017,12.96,14:20,3.96,2017
09-02-2017,41.04,12:40,11.16,2017
10-02-2017,39.96,13:20,7.92,2017
11-02-2017,20.88,18:10,2.88,2017
12-02-2017,18,19:10,2.88,2017
13-02-2017,42.12,13:30,6.12,2017
14-02-2017,33.12,12:10,6.84,2017
15-02-2017,27,12:40,6.12,2017
16-02-2017,10.08,Varias,2.16,2017
17-02-2017,15.12,16:10,2.16,2017
18-02-2017,15.12,15:00,3.96,2017
19-02-2017,20.88,15:40,3.96,2017
20-02-2017,15.84,21:30,3.96,2017
21-02-2017,11.88,13:00,3.96,2017
22-02-2017,10.08,06:50,2.88,2017
23-02-2017,25.92,15:20,2.88,2017
24-02-2017,21.96,02:40,5.04,2017
25-02-2017,24.12,15:40,5.04,2017
26-02-2017,24.84,15:20,5.04,2017
27-02-2017,38.88,13:40,10.08,2017
28-02-2017,25.92,03:30,6.12,2017
01-03-2017,33.12,14:10,6.84,2017
02-03-2017,36,15:00,6.84,2017
03-03-2017,29.88,06:20,5.04,2017
04-03-2017,33.12,14:10,5.04,2017
05-03-2017,25.92,16:50,2.16,2017
06-03-2017,20.88,Varias,6.12,2017
07-03-2017,19.08,17:10,3.96,2017
08-03-2017,10.08,Varias,3.96,2017
09-03-2017,15.84,15:30,1.08,2017
10-03-2017,25.92,14:30,2.88,2017
11-03-2017,29.88,11:00,7.92,2017
12-03-2017,34.92,11:10,3.96,2017
13-03-2017,37.08,12:40,7.92,2017
14-03-2017,33.84,11:10,6.84,2017
15-03-2017,15.84,13:30,2.88,2017
16-03-2017,15.12,14:20,1.08,2017
17-03-2017,20.88,20:30,3.96,2017
18-03-2017,23.04,16:00,2.88,2017
19-03-2017,24.12,16:50,5.04,2017
20-03-2017,19.08,16:30,5.04,2017
21-03-2017,34.92,17:00,6.84,2017
22-03-2017,42.12,14:40,6.12,2017
23-03-2017,23.04,15:20,3.96,2017
24-03-2017,32.04,13:10,5.04,2017
25-03-2017,19.08,13:50,5.04,2017
26-03-2017,42.12,14:00,6.84,2017
27-03-2017,33.84,13:00,9,2017
28-03-2017,30.96,13:30,9,2017
29-03-2017,27,15:20,5.04,2017
30-03-2017,43.92,15:30,10.08,2017
31-03-2017,51.12,13:50,9,2017
01-04-2017,29.16,16:10,7.92,2017
02-04-2017,18,15:30,2.88,2017
03-04-2017,21.96,17:30,3.96,2017
04-04-2017,20.88,13:20,5.04,2017
05-04-2017,24.12,16:40,6.12,2017
06-04-2017,15.84,10:20,2.16,2017
07-04-2017,15.12,16:00,3.96,2017
08-04-2017,30.96,16:20,5.04,2017
09-04-2017,30.96,15:40,5.04,2017
10-04-2017,18,18:10,2.88,2017
11-04-2017,21.96,17:10,2.88,2017
12-04-2017,28.08,15:50,3.96,2017
13-04-2017,27,15:10,3.96,2017
14-04-2017,21.96,17:40,5.04,2017
15-04-2017,18,19:20,2.88,2017
16-04-2017,20.88,17:00,2.88,2017
17-04-2017,25.92,17:20,5.04,2017
18-04-2017,21.96,21:40,3.96,2017
19-04-2017,27,19:00,3.96,2017
20-04-2017,15.84,13:10,3.96,2017
21-04-2017,21.96,16:50,5.04,2017
22-04-2017,24.84,18:40,5.04,2017
23-04-2017,20.88,15:00,2.88,2017
24-04-2017,27,16:40,5.04,2017
25-04-2017,19.08,17:50,5.04,2017
26-04-2017,37.08,19:10,6.84,2017
27-04-2017,33.12,18:40,6.12,2017
28-04-2017,24.84,18:50,2.88,2017
29-04-2017,37.08,15:50,10.08,2017
30-04-2017,46.08,10:30,7.92,2017
01-05-2017,29.16,13:30,6.84,2017
02-05-2017,19.08,15:20,2.16,2017
03-05-2017,23.04,17:40,5.04,2017
04-05-2017,34.92,17:10,6.84,2017
05-05-2017,56.16,15:10,6.84,2017
06-05-2017,29.88,10:40,7.92,2017
07-05-2017,15.84,15:00,3.96,2017
08-05-2017,19.08,14:30,2.16,2017
09-05-2017,34.92,13:50,6.84,2017
10-05-2017,27,09:30,6.84,2017
11-05-2017,42.12,12:40,7.92,2017
12-05-2017,33.12,15:20,6.84,2017
13-05-2017,32.04,13:30,7.92,2017
14-05-2017,27,10:40,6.12,2017
15-05-2017,28.08,11:40,6.84,2017
16-05-2017,24.12,17:30,5.04,2017
17-05-2017,38.88,15:40,6.12,2017
18-05-2017,23.04,13:30,3.96,2017
19-05-2017,23.04,14:10,6.12,2017
20-05-2017,18,11:30,3.96,2017
21-05-2017,25.92,16:10,6.84,2017
22-05-2017,27,18:10,3.96,2017
23-05-2017,20.16,18:00,5.04,2017
24-05-2017,24.12,17:40,5.04,2017
25-05-2017,43.92,10:40,3.96,2017
26-05-2017,20.16,07:20,5.04,2017
27-05-2017,25.92,14:10,3.96,2017
28-05-2017,30.96,16:00,6.84,2017
29-05-2017,24.12,17:20,5.04,2017
30-05-2017,16.92,Varias,3.96,2017
31-05-2017,21.96,14:30,6.12,2017
01-06-2017,21.96,14:10,6.12,2017
02-06-2017,21.96,15:50,6.12,2017
03-06-2017,24.12,15:20,5.04,2017
04-06-2017,25.92,16:40,3.96,2017
05-06-2017,33.84,13:40,6.84,2017
06-06-2017,21.96,16:40,5.04,2017
07-06-2017,18,15:30,2.88,2017
08-06-2017,27,12:00,5.04,2017
09-06-2017,25.92,15:10,2.88,2017
10-06-2017,21.96,14:30,5.04,2017
11-06-2017,24.84,15:50,6.12,2017
12-06-2017,19.08,11:30,5.04,2017
13-06-2017,24.12,09:00,5.04,2017
14-06-2017,21.96,16:30,3.96,2017
15-06-2017,24.84,13:20,3.96,2017
16-06-2017,19.08,01:20,3.96,2017
17-06-2017,19.08,15:50,3.96,2017
18-06-2017,21.96,18:50,5.04,2017
19-06-2017,38.88,12:20,6.84,2017
20-06-2017,18,13:20,2.88,2017
21-06-2017,25.92,11:50,6.12,2017
22-06-2017,25.92,14:30,6.12,2017
23-06-2017,29.88,17:00,7.92,2017
24-06-2017,20.88,16:00,5.04,2017
25-06-2017,18,15:00,2.88,2017
26-06-2017,24.12,19:30,5.04,2017
27-06-2017,34.92,16:20,9,2017
28-06-2017,42.12,12:50,11.88,2017
29-06-2017,36,13:50,6.12,2017
30-06-2017,30.96,14:20,5.04,2017
01-07-2017,23.04,13:40,6.12,2017
02-07-2017,21.96,18:30,5.04,2017
03-07-2017,19.08,15:10,2.88,2017
04-07-2017,30.96,11:40,7.92,2017
05-07-2017,25.92,13:20,5.04,2017
06-07-2017,32.04,13:10,7.92,2017
07-07-2017,45,17:00,3.96,2017
08-07-2017,20.88,10:40,3.96,2017
09-07-2017,30.96,11:20,6.84,2017
10-07-2017,24.12,18:20,5.04,2017
11-07-2017,21.96,16:20,5.04,2017
12-07-2017,20.16,Varias,5.04,2017
13-07-2017,25.92,15:10,5.04,2017
14-07-2017,25.92,16:50,5.04,2017
15-07-2017,23.04,Varias,3.96,2017
16-07-2017,21.96,16:30,3.96,2017
17-07-2017,29.16,15:40,6.84,2017
18-07-2017,32.04,14:00,9,2017
19-07-2017,29.88,12:20,10.08,2017
20-07-2017,24.84,16:50,3.96,2017
21-07-2017,32.04,15:40,6.12,2017
22-07-2017,24.12,18:50,6.84,2017
23-07-2017,27,16:50,3.96,2017
24-07-2017,25.92,15:40,5.04,2017
25-07-2017,24.84,12:20,5.04,2017
26-07-2017,25.92,17:10,6.84,2017
27-07-2017,30.96,14:40,6.12,2017
28-07-2017,28.08,18:20,6.12,2017
29-07-2017,39.96,16:40,9,2017
30-07-2017,28.08,13:00,9,2017
31-07-2017,24.84,17:20,5.04,2017
01-08-2017,24.12,17:10,6.12,2017
02-08-2017,28.08,17:20,6.84,2017
03-08-2017,29.88,14:10,6.84,2017
04-08-2017,33.84,16:00,6.84,2017
05-08-2017,29.16,17:40,6.12,2017
06-08-2017,21.96,16:10,3.96,2017
07-08-2017,25.92,16:20,3.96,2017
08-08-2017,25.92,16:40,6.12,2017
09-08-2017,36,15:10,5.04,2017
10-08-2017,28.08,10:00,5.04,2017
11-08-2017,24.12,18:10,2.88,2017
12-08-2017,24.84,18:20,5.04,2017
13-08-2017,33.84,15:20,5.04,2017
14-08-2017,30.96,16:50,5.04,2017
15-08-2017,27,Varias,6.84,2017
16-08-2017,25.92,17:10,2.88,2017
17-08-2017,25.92,14:40,6.12,2017
18-08-2017,25.92,14:00,5.04,2017
19-08-2017,24.12,16:00,5.04,2017
20-08-2017,20.88,18:30,3.96,2017
21-08-2017,28.08,15:30,6.12,2017
22-08-2017,24.84,17:00,5.04,2017
23-08-2017,24.84,14:20,6.12,2017
24-08-2017,30.96,14:50,6.12,2017
25-08-2017,24.12,15:00,5.04,2017
26-08-2017,15.84,13:10,3.96,2017
27-08-2017,29.88,15:30,2.88,2017
28-08-2017,27,20:00,5.04,2017
29-08-2017,25.92,18:30,3.96,2017
30-08-2017,21.96,17:20,2.88,2017
31-08-2017,24.12,19:30,3.96,2017
01-09-2017,29.88,17:00,3.96,2017
02-09-2017,18,12:20,2.88,2017
03-09-2017,29.16,14:30,5.04,2017
04-09-2017,16.92,01:40,6.12,2017
05-09-2017,18,17:00,2.88,2017
06-09-2017,29.16,14:10,3.96,2017
07-09-2017,18,18:40,2.88,2017
08-09-2017,28.08,17:10,5.04,2017
09-09-2017,28.08,Varias,6.84,2017
10-09-2017,20.16,16:20,5.04,2017
11-09-2017,29.16,12:20,6.12,2017
12-09-2017,20.88,16:10,5.04,2017
13-09-2017,24.84,19:00,3.96,2017
14-09-2017,24.84,19:40,5.04,2017
15-09-2017,25.92,16:30,3.96,2017
16-09-2017,25.92,13:50,3.96,2017
17-09-2017,24.12,13:00,6.12,2017
18-09-2017,18,14:40,2.88,2017
19-09-2017,14.04,11:20,2.88,2017
20-09-2017,19.08,Varias,2.88,2017
21-09-2017,23.04,14:40,5.04,2017
22-09-2017,20.88,17:30,5.04,2017
23-09-2017,32.04,14:40,2.88,2017
24-09-2017,23.04,Varias,3.96,2017
25-09-2017,20.16,14:40,2.88,2017
26-09-2017,18,14:10,2.88,2017
27-09-2017,18,15:50,2.88,2017
28-09-2017,25.92,16:20,3.96,2017
29-09-2017,21.96,14:20,2.88,2017
30-09-2017,29.16,14:50,3.96,2017
01-10-2017,18,Varias,3.96,2017
02-10-2017,12.96,17:00,2.16,2017
03-10-2017,20.88,21:10,3.96,2017
04-10-2017,20.88,16:40,3.96,2017
05-10-2017,18,22:10,2.88,2017
06-10-2017,20.88,18:50,3.96,2017
07-10-2017,14.04,11:20,2.88,2017
08-10-2017,11.16,12:20,2.88,2017
09-10-2017,10.08,17:40,2.88,2017
10-10-2017,11.88,16:30,1.08,2017
11-10-2017,20.88,Varias,2.16,2017
12-10-2017,20.16,15:40,2.16,2017
13-10-2017,18,15:00,2.88,2017
14-10-2017,9,13:10,1.08,2017
15-10-2017,38.88,15:30,6.12,2017
16-10-2017,28.08,01:20,3.96,2017
17-10-2017,25.92,15:00,6.12,2017
18-10-2017,30.96,13:50,2.88,2017
19-10-2017,9,11:20,2.16,2017
20-10-2017,34.92,15:30,2.88,2017
21-10-2017,27,12:20,2.88,2017
22-10-2017,11.88,15:00,3.96,2017
23-10-2017,9,08:10,2.16,2017
24-10-2017,16.92,15:20,2.16,2017
25-10-2017,25.92,15:00,2.16,2017
26-10-2017,11.88,01:40,2.16,2017
27-10-2017,9,14:40,1.08,2017
28-10-2017,19.08,18:40,3.96,2017
29-10-2017,23.04,21:00,2.88,2017
30-10-2017,19.08,17:10,3.96,2017
31-10-2017,24.12,11:00,3.96,2017
01-11-2017,10.08,11:40,1.08,2017
02-11-2017,23.04,10:00,2.16,2017
03-11-2017,7.92,09:00,2.88,2017
04-11-2017,15.84,17:10,3.96,2017
05-11-2017,12.96,Varias,2.16,2017
06-11-2017,14.04,11:50,2.88,2017
07-11-2017,11.88,05:30,2.88,2017
08-11-2017,19.08,14:50,2.88,2017
09-11-2017,12.96,14:30,2.16,2017
10-11-2017,20.16,15:50,2.88,2017
11-11-2017,21.96,14:40,2.88,2017
12-11-2017,9,08:40,2.16,2017
13-11-2017,29.88,13:20,3.96,2017
14-11-2017,11.88,12:00,1.08,2017
15-11-2017,11.16,15:10,1.08,2017
16-11-2017,9,Varias,1.08,2017
17-11-2017,10.08,10:30,2.88,2017
18-11-2017,9,Varias,1.08,2017
19-11-2017,10.08,08:10,2.16,2017
20-11-2017,9,14:50,2.16,2017
21-11-2017,11.16,21:00,2.88,2017
22-11-2017,48.96,Varias,10.08,2017
23-11-2017,24.12,12:30,3.96,2017
24-11-2017,7.92,01:20,2.16,2017
25-11-2017,27,16:00,3.96,2017
26-11-2017,24.12,13:00,3.96,2017
27-11-2017,11.88,13:20,2.88,2017
28-11-2017,11.16,09:20,2.16,2017
29-11-2017,28.08,14:10,3.96,2017
30-11-2017,10.08,Varias,2.88,2017
01-12-2017,25.92,14:20,2.88,2017
02-12-2017,14.04,15:20,2.88,2017
03-12-2017,10.08,11:20,2.16,2017
04-12-2017,12.96,Varias,2.88,2017
05-12-2017,11.16,15:00,2.88,2017
06-12-2017,10.08,Varias,2.16,2017
07-12-2017,10.08,10:30,2.88,2017
08-12-2017,6.12,11:00,1.08,2017
09-12-2017,16.92,15:20,2.88,2017
10-12-2017,69.12,18:00,18,2017
11-12-2017,25.92,15:20,5.04,2017
12-12-2017,9,06:30,2.88,2017
13-12-2017,18,11:50,3.96,2017
14-12-2017,24.84,16:10,5.04,2017
15-12-2017,16.92,13:20,2.88,2017
16-12-2017,10.08,16:00,2.88,2017
17-12-2017,15.12,09:20,2.88,2017
18-12-2017,10.08,Varias,2.88,2017
19-12-2017,24.12,13:20,3.96,2017
20-12-2017,12.96,23:00,3.96,2017
21-12-2017,14.04,00:30,5.04,2017
22-12-2017,11.16,07:30,2.88,2017
23-12-2017,11.16,Varias,2.88,2017
24-12-2017,10.08,Varias,2.88,2017
25-12-2017,25.92,16:40,3.96,2017
26-12-2017,45,22:10,6.12,2017
27-12-2017,20.88,00:10,3.96,2017
28-12-2017,11.88,11:00,2.16,2017
29-12-2017,21.96,21:50,6.12,2017
30-12-2017,29.88,12:00,6.12,2017
31-12-2017,42.84,10:00,6.12,2017
01-01-2017,10.08,10:50,2.88,2017
02-01-2017,42.12,05:40,9,2017
03-01-2017,30.96,01:10,6.84,2017
04-01-2017,9,14:20,2.88,2017
05-01-2017,10.08,Varias,2.16,2017
06-01-2017,10.08,08:10,2.88,2017
07-01-2017,14.04,07:50,2.88,2017
08-01-2017,12.96,08:50,2.88,2017
09-01-2017,10.08,13:20,2.88,2017
10-01-2017,7.92,04:50,2.88,2017
11-01-2017,11.16,10:20,2.88,2017
12-01-2017,15.84,21:40,2.88,2017
13-01-2017,19.08,15:40,3.96,2017
14-01-2017,18,15:30,2.88,2017
15-01-2017,11.88,13:50,2.88,2017
16-01-2017,16.92,14:10,2.88,2017
17-01-2017,33.12,15:40,2.88,2017
18-01-2017,23.04,13:00,5.04,2017
19-01-2017,14.04,14:20,2.88,2017
20-01-2017,7.92,Varias,2.88,2017
21-01-2017,9,10:20,2.16,2017
22-01-2017,9,15:00,2.16,2017
23-01-2017,11.16,13:50,2.16,2017
24-01-2017,12.96,05:00,3.96,2017
25-01-2017,11.16,07:50,3.96,2017
26-01-2017,42.84,11:00,6.84,2017
27-01-2017,20.16,16:10,3.96,2017
28-01-2017,20.88,13:40,1.08,2017
29-01-2017,29.16,15:30,7.92,2017
30-01-2017,33.12,18:30,7.92,2017
31-01-2017,27,01:50,5.04,2017
01-02-2017,33.84,12:30,10.08,2017
02-02-2017,51.84,07:40,7.92,2017
03-02-2017,69.12,04:40,14.04,2017
04-02-2017,50.04,14:50,9,2017
05-02-2017,51.12,02:30,6.84,2017
06-02-2017,37.08,13:40,6.84,2017
07-02-2017,27,14:50,6.12,2017
08-02-2017,12.96,14:20,3.96,2017
09-02-2017,41.04,12:40,11.16,2017
10-02-2017,39.96,13:20,7.92,2017
11-02-2017,20.88,18:10,2.88,2017
12-02-2017,18,19:10,2.88,2017
13-02-2017,42.12,13:30,6.12,2017
14-02-2017,33.12,12:10,6.84,2017
15-02-2017,27,12:40,6.12,2017
16-02-2017,10.08,Varias,2.16,2017
17-02-2017,15.12,16:10,2.16,2017
18-02-2017,15.12,15:00,3.96,2017
19-02-2017,20.88,15:40,3.96,2017
20-02-2017,15.84,21:30,3.96,2017
21-02-2017,11.88,13:00,3.96,2017
22-02-2017,10.08,06:50,2.88,2017
23-02-2017,25.92,15:20,2.88,2017
24-02-2017,21.96,02:40,5.04,2017
25-02-2017,24.12,15:40,5.04,2017
26-02-2017,24.84,15:20,5.04,2017
27-02-2017,38.88,13:40,10.08,2017
28-02-2017,25.92,03:30,6.12,2017
01-03-2017,33.12,14:10,6.84,2017
02-03-2017,36,15:00,6.84,2017
03-03-2017,29.88,06:20,5.04,2017
04-03-2017,33.12,14:10,5.04,2017
05-03-2017,25.92,16:50,2.16,2017
06-03-2017,20.88,Varias,6.12,2017
07-03-2017,19.08,17:10,3.96,2017
08-03-2017,10.08,Varias,3.96,2017
09-03-2017,15.84,15:30,1.08,2017
10-03-2017,25.92,14:30,2.88,2017
11-03-2017,29.88,11:00,7.92,2017
12-03-2017,34.92,11:10,3.96,2017
13-03-2017,37.08,12:40,7.92,2017
14-03-2017,33.84,11:10,6.84,2017
15-03-2017,15.84,13:30,2.88,2017
16-03-2017,15.12,14:20,1.08,2017
17-03-2017,20.88,20:30,3.96,2017
18-03-2017,23.04,16:00,2.88,2017
19-03-2017,24.12,16:50,5.04,2017
20-03-2017,19.08,16:30,5.04,2017
21-03-2017,34.92,17:00,6.84,2017
22-03-2017,42.12,14:40,6.12,2017
23-03-2017,23.04,15:20,3.96,2017
24-03-2017,32.04,13:10,5.04,2017
25-03-2017,19.08,13:50,5.04,2017
26-03-2017,42.12,14:00,6.84,2017
27-03-2017,33.84,13:00,9,2017
28-03-2017,30.96,13:30,9,2017
29-03-2017,27,15:20,5.04,2017
30-03-2017,43.92,15:30,10.08,2017
31-03-2017,51.12,13:50,9,2017
01-04-2017,29.16,16:10,7.92,2017
02-04-2017,18,15:30,2.88,2017
03-04-2017,21.96,17:30,3.96,2017
04-04-2017,20.88,13:20,5.04,2017
05-04-2017,24.12,16:40,6.12,2017
06-04-2017,15.84,10:20,2.16,2017
07-04-2017,15.12,16:00,3.96,2017
08-04-2017,30.96,16:20,5.04,2017
09-04-2017,30.96,15:40,5.04,2017
10-04-2017,18,18:10,2.88,2017
11-04-2017,21.96,17:10,2.88,2017
12-04-2017,28.08,15:50,3.96,2017
13-04-2017,27,15:10,3.96,2017
14-04-2017,21.96,17:40,5.04,2017
15-04-2017,18,19:20,2.88,2017
16-04-2017,20.88,17:00,2.88,2017
17-04-2017,25.92,17:20,5.04,2017
18-04-2017,21.96,21:40,3.96,2017
19-04-2017,27,19:00,3.96,2017
20-04-2017,15.84,13:10,3.96,2017
21-04-2017,21.96,16:50,5.04,2017
22-04-2017,24.84,18:40,5.04,2017
23-04-2017,20.88,15:00,2.88,2017
24-04-2017,27,16:40,5.04,2017
25-04-2017,19.08,17:50,5.04,2017
26-04-2017,37.08,19:10,6.84,2017
27-04-2017,33.12,18:40,6.12,2017
28-04-2017,24.84,18:50,2.88,2017
29-04-2017,37.08,15:50,10.08,2017
30-04-2017,46.08,10:30,7.92,2017
01-05-2017,29.16,13:30,6.84,2017
02-05-2017,19.08,15:20,2.16,2017
03-05-2017,23.04,17:40,5.04,2017
04-05-2017,34.92,17:10,6.84,2017
05-05-2017,56.16,15:10,6.84,2017
06-05-2017,29.88,10:40,7.92,2017
07-05-2017,15.84,15:00,3.96,2017
08-05-2017,19.08,14:30,2.16,2017
09-05-2017,34.92,13:50,6.84,2017
10-05-2017,27,09:30,6.84,2017
11-05-2017,42.12,12:40,7.92,2017
12-05-2017,33.12,15:20,6.84,2017
13-05-2017,32.04,13:30,7.92,2017
14-05-2017,27,10:40,6.12,2017
15-05-2017,28.08,11:40,6.84,2017
16-05-2017,24.12,17:30,5.04,2017
17-05-2017,38.88,15:40,6.12,2017
18-05-2017,23.04,13:30,3.96,2017
19-05-2017,23.04,14:10,6.12,2017
20-05-2017,18,11:30,3.96,2017
21-05-2017,25.92,16:10,6.84,2017
22-05-2017,27,18:10,3.96,2017
23-05-2017,20.16,18:00,5.04,2017
24-05-2017,24.12,17:40,5.04,2017
25-05-2017,43.92,10:40,3.96,2017
26-05-2017,20.16,07:20,5.04,2017
27-05-2017,25.92,14:10,3.96,2017
28-05-2017,30.96,16:00,6.84,2017
29-05-2017,24.12,17:20,5.04,2017
30-05-2017,16.92,Varias,3.96,2017
31-05-2017,21.96,14:30,6.12,2017
01-06-2017,21.96,14:10,6.12,2017
02-06-2017,21.96,15:50,6.12,2017
03-06-2017,24.12,15:20,5.04,2017
04-06-2017,25.92,16:40,3.96,2017
05-06-2017,33.84,13:40,6.84,2017
06-06-2017,21.96,16:40,5.04,2017
07-06-2017,18,15:30,2.88,2017
08-06-2017,27,12:00,5.04,2017
09-06-2017,25.92,15:10,2.88,2017
10-06-2017,21.96,14:30,5.04,2017
11-06-2017,24.84,15:50,6.12,2017
12-06-2017,19.08,11:30,5.04,2017
13-06-2017,24.12,09:00,5.04,2017
14-06-2017,21.96,16:30,3.96,2017
15-06-2017,24.84,13:20,3.96,2017
16-06-2017,19.08,01:20,3.96,2017
17-06-2017,19.08,15:50,3.96,2017
18-06-2017,21.96,18:50,5.04,2017
19-06-2017,38.88,12:20,6.84,2017
20-06-2017,18,13:20,2.88,2017
21-06-2017,25.92,11:50,6.12,2017
22-06-2017,25.92,14:30,6.12,2017
23-06-2017,29.88,17:00,7.92,2017
24-06-2017,20.88,16:00,5.04,2017
25-06-2017,18,15:00,2.88,2017
26-06-2017,24.12,19:30,5.04,2017
27-06-2017,34.92,16:20,9,2017
28-06-2017,42.12,12:50,11.88,2017
29-06-2017,36,13:50,6.12,2017
30-06-2017,30.96,14:20,5.04,2017
01-07-2017,23.04,13:40,6.12,2017
02-07-2017,21.96,18:30,5.04,2017
03-07-2017,19.08,15:10,2.88,2017
04-07-2017,30.96,11:40,7.92,2017
05-07-2017,25.92,13:20,5.04,2017
06-07-2017,32.04,13:10,7.92,2017
07-07-2017,45,17:00,3.96,2017
08-07-2017,20.88,10:40,3.96,2017
09-07-2017,30.96,11:20,6.84,2017
10-07-2017,24.12,18:20,5.04,2017
11-07-2017,21.96,16:20,5.04,2017
12-07-2017,20.16,Varias,5.04,2017
13-07-2017,25.92,15:10,5.04,2017
14-07-2017,25.92,16:50,5.04,2017
15-07-2017,23.04,Varias,3.96,2017
16-07-2017,21.96,16:30,3.96,2017
17-07-2017,29.16,15:40,6.84,2017
18-07-2017,32.04,14:00,9,2017
19-07-2017,29.88,12:20,10.08,2017
20-07-2017,24.84,16:50,3.96,2017
21-07-2017,32.04,15:40,6.12,2017
22-07-2017,24.12,18:50,6.84,2017
23-07-2017,27,16:50,3.96,2017
24-07-2017,25.92,15:40,5.04,2017
25-07-2017,24.84,12:20,5.04,2017
26-07-2017,25.92,17:10,6.84,2017
27-07-2017,30.96,14:40,6.12,2017
28-07-2017,28.08,18:20,6.12,2017
29-07-2017,39.96,16:40,9,2017
30-07-2017,28.08,13:00,9,2017
31-07-2017,24.84,17:20,5.04,2017
01-08-2017,24.12,17:10,6.12,2017
02-08-2017,28.08,17:20,6.84,2017
03-08-2017,29.88,14:10,6.84,2017
04-08-2017,33.84,16:00,6.84,2017
05-08-2017,29.16,17:40,6.12,2017
06-08-2017,21.96,16:10,3.96,2017
07-08-2017,25.92,16:20,3.96,2017
08-08-2017,25.92,16:40,6.12,2017
09-08-2017,36,15:10,5.04,2017
10-08-2017,28.08,10:00,5.04,2017
11-08-2017,24.12,18:10,2.88,2017
12-08-2017,24.84,18:20,5.04,2017
13-08-2017,33.84,15:20,5.04,2017
14-08-2017,30.96,16:50,5.04,2017
15-08-2017,27,Varias,6.84,2017
16-08-2017,25.92,17:10,2.88,2017
17-08-2017,25.92,14:40,6.12,2017
18-08-2017,25.92,14:00,5.04,2017
19-08-2017,24.12,16:00,5.04,2017
20-08-2017,20.88,18:30,3.96,2017
21-08-2017,28.08,15:30,6.12,2017
22-08-2017,24.84,17:00,5.04,2017
23-08-2017,24.84,14:20,6.12,2017
24-08-2017,30.96,14:50,6.12,2017
25-08-2017,24.12,15:00,5.04,2017
26-08-2017,15.84,13:10,3.96,2017
27-08-2017,29.88,15:30,2.88,2017
28-08-2017,27,20:00,5.04,2017
29-08-2017,25.92,18:30,3.96,2017
30-08-2017,21.96,17:20,2.88,2017
31-08-2017,24.12,19:30,3.96,2017
01-09-2017,29.88,17:00,3.96,2017
02-09-2017,18,12:20,2.88,2017
03-09-2017,29.16,14:30,5.04,2017
04-09-2017,16.92,01:40,6.12,2017
05-09-2017,18,17:00,2.88,2017
06-09-2017,29.16,14:10,3.96,2017
07-09-2017,18,18:40,2.88,2017
08-09-2017,28.08,17:10,5.04,2017
09-09-2017,28.08,Varias,6.84,2017
10-09-2017,20.16,16:20,5.04,2017
11-09-2017,29.16,12:20,6.12,2017
12-09-2017,20.88,16:10,5.04,2017
13-09-2017,24.84,19:00,3.96,2017
14-09-2017,24.84,19:40,5.04,2017
15-09-2017,25.92,16:30,3.96,2017
16-09-2017,25.92,13:50,3.96,2017
17-09-2017,24.12,13:00,6.12,2017
18-09-2017,18,14:40,2.88,2017
19-09-2017,14.04,11:20,2.88,2017
20-09-2017,19.08,Varias,2.88,2017
21-09-2017,23.04,14:40,5.04,2017
22-09-2017,20.88,17:30,5.04,2017
23-09-2017,32.04,14:40,2.88,2017
24-09-2017,23.04,Varias,3.96,2017
25-09-2017,20.16,14:40,2.88,2017
26-09-2017,18,14:10,2.88,2017
27-09-2017,18,15:50,2.88,2017
28-09-2017,25.92,16:20,3.96,2017
29-09-2017,21.96,14:20,2.88,2017
30-09-2017,29.16,14:50,3.96,2017
01-10-2017,18,Varias,3.96,2017
02-10-2017,12.96,17:00,2.16,2017
03-10-2017,20.88,21:10,3.96,2017
04-10-2017,20.88,16:40,3.96,2017
05-10-2017,18,22:10,2.88,2017
06-10-2017,20.88,18:50,3.96,2017
07-10-2017,14.04,11:20,2.88,2017
08-10-2017,11.16,12:20,2.88,2017
09-10-2017,10.08,17:40,2.88,2017
10-10-2017,11.88,16:30,1.08,2017
11-10-2017,20.88,Varias,2.16,2017
12-10-2017,20.16,15:40,2.16,2017
13-10-2017,18,15:00,2.88,2017
14-10-2017,9,13:10,1.08,2017
15-10-2017,38.88,15:30,6.12,2017
16-10-2017,28.08,01:20,3.96,2017
17-10-2017,25.92,15:00,6.12,2017
18-10-2017,30.96,13:50,2.88,2017
19-10-2017,9,11:20,2.16,2017
20-10-2017,34.92,15:30,2.88,2017
21-10-2017,27,12:20,2.88,2017
22-10-2017,11.88,15:00,3.96,2017
23-10-2017,9,08:10,2.16,2017
24-10-2017,16.92,15:20,2.16,2017
25-10-2017,25.92,15:00,2.16,2017
26-10-2017,11.88,01:40,2.16,2017
27-10-2017,9,14:40,1.08,2017
28-10-2017,19.08,18:40,3.96,2017
29-10-2017,23.04,21:00,2.88,2017
30-10-2017,19.08,17:10,3.96,2017
31-10-2017,24.12,11:00,3.96,2017
01-11-2017,10.08,11:40,1.08,2017
02-11-2017,23.04,10:00,2.16,2017
03-11-2017,7.92,09:00,2.88,2017
04-11-2017,15.84,17:10,3.96,2017
05-11-2017,12.96,Varias,2.16,2017
06-11-2017,14.04,11:50,2.88,2017
07-11-2017,11.88,05:30,2.88,2017
08-11-2017,19.08,14:50,2.88,2017
09-11-2017,12.96,14:30,2.16,2017
10-11-2017,20.16,15:50,2.88,2017
11-11-2017,21.96,14:40,2.88,2017
12-11-2017,9,08:40,2.16,2017
13-11-2017,29.88,13:20,3.96,2017
14-11-2017,11.88,12:00,1.08,2017
15-11-2017,11.16,15:10,1.08,2017
16-11-2017,9,Varias,1.08,2017
17-11-2017,10.08,10:30,2.88,2017
18-11-2017,9,Varias,1.08,2017
19-11-2017,10.08,08:10,2.16,2017
20-11-2017,9,14:50,2.16,2017
21-11-2017,11.16,21:00,2.88,2017
22-11-2017,48.96,Varias,10.08,2017
23-11-2017,24.12,12:30,3.96,2017
24-11-2017,7.92,01:20,2.16,2017
25-11-2017,27,16:00,3.96,2017
26-11-2017,24.12,13:00,3.96,2017
27-11-2017,11.88,13:20,2.88,2017
28-11-2017,11.16,09:20,2.16,2017
29-11-2017,28.08,14:10,3.96,2017
30-11-2017,10.08,Varias,2.88,2017
01-12-2017,25.92,14:20,2.88,2017
02-12-2017,14.04,15:20,2.88,2017
03-12-2017,10.08,11:20,2.16,2017
04-12-2017,12.96,Varias,2.88,2017
05-12-2017,11.16,15:00,2.88,2017
06-12-2017,10.08,Varias,2.16,2017
07-12-2017,10.08,10:30,2.88,2017
08-12-2017,6.12,11:00,1.08,2017
09-12-2017,16.92,15:20,2.88,2017
10-12-2017,69.12,18:00,18,2017
11-12-2017,25.92,15:20,5.04,2017
12-12-2017,9,06:30,2.88,2017
13-12-2017,18,11:50,3.96,2017
14-12-2017,24.84,16:10,5.04,2017
15-12-2017,16.92,13:20,2.88,2017
16-12-2017,10.08,16:00,2.88,2017
17-12-2017,15.12,09:20,2.88,2017
18-12-2017,10.08,Varias,2.88,2017
19-12-2017,24.12,13:20,3.96,2017
20-12-2017,12.96,23:00,3.96,2017
21-12-2017,14.04,00:30,5.04,2017
22-12-2017,11.16,07:30,2.88,2017
23-12-2017,11.16,Varias,2.88,2017
24-12-2017,10.08,Varias,2.88,2017
25-12-2017,25.92,16:40,3.96,2017
26-12-2017,45,22:10,6.12,2017
27-12-2017,20.88,00:10,3.96,2017
28-12-2017,11.88,11:00,2.16,2017
29-12-2017,21.96,21:50,6.12,2017
30-12-2017,29.88,12:00,6.12,2017
31-12-2017,42.84,10:00,6.12,2017
01-01-2018,34.92,13:00,7.92,2018
02-01-2018,29.16,13:30,6.84,2018
03-01-2018,33.12,14:20,7.92,2018
04-01-2018,36,10:40,12.96,2018
05-01-2018,29.88,04:20,2.88,2018
06-01-2018,12.96,04:30,2.88,2018
07-01-2018,24.12,15:40,3.96,2018
08-01-2018,14.04,06:20,2.88,2018
09-01-2018,29.88,06:50,9,2018
10-01-2018,38.16,14:40,5.04,2018
11-01-2018,34.92,01:30,2.16,2018
12-01-2018,29.88,21:10,3.96,2018
13-01-2018,24.12,00:10,2.88,2018
14-01-2018,11.16,08:10,2.88,2018
15-01-2018,16.92,23:20,2.88,2018
16-01-2018,20.88,15:20,5.04,2018
17-01-2018,21.96,13:50,2.88,2018
18-01-2018,10.08,06:00,2.88,2018
19-01-2018,14.04,14:20,2.88,2018
20-01-2018,10.08,07:20,2.16,2018
21-01-2018,9,16:20,1.08,2018
22-01-2018,10.08,09:40,2.88,2018
23-01-2018,12.96,11:40,2.16,2018
24-01-2018,25.92,23:20,5.04,2018
25-01-2018,25.92,00:20,3.96,2018
26-01-2018,18,14:50,2.88,2018
27-01-2018,18,15:30,2.16,2018
28-01-2018,12.96,00:20,2.16,2018
29-01-2018,16.92,16:10,3.96,2018
30-01-2018,10.08,10:10,2.16,2018
31-01-2018,12.96,18:30,2.88,2018
01-02-2018,25.92,13:00,5.04,2018
02-02-2018,20.88,17:00,3.96,2018
03-02-2018,15.12,22:10,2.88,2018
04-02-2018,18,16:40,2.88,2018
05-02-2018,36,10:20,6.84,2018
06-02-2018,21.96,18:10,2.88,2018
07-02-2018,29.88,15:40,5.04,2018
08-02-2018,11.16,21:00,2.88,2018
09-02-2018,28.08,16:50,3.96,2018
10-02-2018,7.92,09:10,1.08,2018
11-02-2018,23.04,11:50,2.88,2018
12-02-2018,14.04,15:40,3.96,2018
13-02-2018,24.12,09:00,3.96,2018
14-02-2018,37.08,12:20,7.92,2018
15-02-2018,21.96,13:40,2.16,2018
16-02-2018,21.96,14:40,2.88,2018
17-02-2018,24.84,12:40,3.96,2018
18-02-2018,18,17:00,2.88,2018
19-02-2018,19.08,13:50,3.96,2018
20-02-2018,30.96,15:50,6.12,2018
21-02-2018,29.16,16:20,6.12,2018
22-02-2018,18,18:20,5.04,2018
23-02-2018,24.12,11:20,6.12,2018
24-02-2018,11.88,16:00,2.16,2018
25-02-2018,20.88,13:30,2.88,2018
26-02-2018,29.16,19:40,2.88,2018
27-02-2018,25.92,16:40,5.04,2018
28-02-2018,15.12,11:30,2.88,2018
01-03-2018,34.92,16:50,9,2018
02-03-2018,48.96,18:10,7.92,2018
03-03-2018,51.84,04:20,2.88,2018
04-03-2018,45,15:50,7.92,2018
05-03-2018,0,,0,2018
06-03-2018,0,,0,2018
07-03-2018,0,,0,2018
08-03-2018,38.88,10:40,9,2018
09-03-2018,32.04,03:00,6.84,2018
10-03-2018,47.88,12:50,12.96,2018
11-03-2018,54,12:00,12.96,2018
12-03-2018,34.92,13:40,6.84,2018
13-03-2018,34.92,12:10,6.84,2018
14-03-2018,63,14:40,9,2018
15-03-2018,33.84,12:40,5.04,2018
16-03-2018,33.84,16:10,6.12,2018
17-03-2018,30.96,14:10,3.96,2018
18-03-2018,38.16,13:10,5.04,2018
19-03-2018,34.92,12:40,3.96,2018
20-03-2018,36,13:50,5.04,2018
21-03-2018,24.84,15:30,2.88,2018
22-03-2018,27,15:00,3.96,2018
23-03-2018,43.92,18:20,6.84,2018
24-03-2018,42.84,13:20,6.84,2018
25-03-2018,28.08,14:10,5.04,2018
26-03-2018,18,17:20,2.88,2018
27-03-2018,20.88,22:30,3.96,2018
28-03-2018,28.08,09:50,6.84,2018
29-03-2018,41.04,13:20,9,2018
30-03-2018,42.12,15:20,10.08,2018
31-03-2018,28.08,14:10,6.84,2018
01-04-2018,38.16,13:30,10.08,2018
02-04-2018,46.08,14:30,6.84,2018
03-04-2018,59.04,13:50,11.88,2018
04-04-2018,38.88,10:50,6.12,2018
05-04-2018,38.16,13:00,9,2018
06-04-2018,21.96,00:20,5.04,2018
07-04-2018,29.88,14:10,3.96,2018
08-04-2018,37.08,13:00,9,2018
09-04-2018,29.16,17:00,5.04,2018
10-04-2018,34.92,12:50,9,2018
11-04-2018,20.88,13:50,2.88,2018
12-04-2018,36,14:00,6.84,2018
13-04-2018,15.12,15:20,2.88,2018
14-04-2018,30.96,17:30,6.12,2018
15-04-2018,28.08,Varias,9,2018
16-04-2018,33.12,16:00,6.12,2018
17-04-2018,36,14:30,7.92,2018
18-04-2018,32.04,13:40,6.12,2018
19-04-2018,24.84,16:00,2.88,2018
20-04-2018,23.04,16:00,2.88,2018
21-04-2018,24.84,15:20,5.04,2018
22-04-2018,29.88,16:50,2.88,2018
23-04-2018,23.04,17:50,5.04,2018
24-04-2018,27,Varias,3.96,2018
25-04-2018,28.08,15:50,6.12,2018
26-04-2018,21.96,18:10,5.04,2018
27-04-2018,24.84,18:00,5.04,2018
28-04-2018,42.12,16:10,6.12,2018
29-04-2018,30.96,11:50,2.88,2018
30-04-2018,24.84,14:50,3.96,2018
01-05-2018,29.88,16:20,5.04,2018
02-05-2018,18,17:40,3.96,2018
03-05-2018,29.88,15:30,6.12,2018
04-05-2018,28.08,14:10,3.96,2018
05-05-2018,23.04,18:30,5.04,2018
06-05-2018,23.04,18:20,3.96,2018
07-05-2018,23.04,14:40,3.96,2018
08-05-2018,25.92,13:00,6.12,2018
09-05-2018,23.04,19:10,6.12,2018
10-05-2018,20.88,08:00,6.12,2018
11-05-2018,30.96,16:00,6.12,2018
12-05-2018,38.88,13:00,6.84,2018
13-05-2018,24.84,17:00,5.04,2018
14-05-2018,25.92,18:10,3.96,2018
15-05-2018,27,16:20,5.04,2018
16-05-2018,24.12,17:20,3.96,2018
17-05-2018,28.08,16:10,5.04,2018
18-05-2018,25.92,18:20,5.04,2018
19-05-2018,28.08,16:20,3.96,2018
20-05-2018,29.16,Varias,3.96,2018
21-05-2018,30.96,15:30,6.84,2018
22-05-2018,21.96,16:00,3.96,2018
23-05-2018,33.12,14:30,5.04,2018
24-05-2018,32.04,13:20,6.84,2018
25-05-2018,0,,0,2018
26-05-2018,0,,0,2018
27-05-2018,0,,0,2018
28-05-2018,0,,0,2018
29-05-2018,0,,0,2018
30-05-2018,0,,0,2018
31-05-2018,0,,0,2018
01-06-2018,21.96,18:40,5.04,2018
02-06-2018,29.16,16:40,6.12,2018
03-06-2018,30.96,15:10,10.08,2018
04-06-2018,29.88,12:10,5.04,2018
05-06-2018,11.88,13:50,2.16,2018
06-06-2018,11.88,17:10,2.88,2018
07-06-2018,28.08,12:30,3.96,2018
08-06-2018,21.96,15:50,3.96,2018
09-06-2018,23.04,15:30,6.12,2018
10-06-2018,24.84,15:20,2.88,2018
11-06-2018,21.96,12:30,2.88,2018
12-06-2018,23.04,16:20,3.96,2018
13-06-2018,21.96,14:40,3.96,2018
14-06-2018,19.08,18:40,6.12,2018
15-06-2018,21.96,16:40,5.04,2018
16-06-2018,21.96,14:20,3.96,2018
17-06-2018,29.16,13:20,6.12,2018
18-06-2018,27,18:00,5.04,2018
19-06-2018,21.96,19:50,3.96,2018
20-06-2018,23.04,15:00,2.88,2018
21-06-2018,29.88,22:30,3.96,2018
22-06-2018,27,18:40,5.04,2018
23-06-2018,16.92,17:20,3.96,2018
24-06-2018,23.04,17:10,3.96,2018
25-06-2018,21.96,Varias,7.92,2018
26-06-2018,20.88,15:30,3.96,2018
27-06-2018,19.08,17:40,5.04,2018
28-06-2018,21.96,16:10,3.96,2018
29-06-2018,42.84,14:20,3.96,2018
30-06-2018,28.08,13:10,2.16,2018
01-07-2018,27,13:00,5.04,2018
02-07-2018,34.92,14:40,6.12,2018
03-07-2018,23.04,16:30,3.96,2018
04-07-2018,27,18:00,6.84,2018
05-07-2018,21.96,17:10,3.96,2018
06-07-2018,23.04,17:30,2.88,2018
07-07-2018,27,18:50,2.88,2018
08-07-2018,20.16,17:40,3.96,2018
09-07-2018,19.08,19:20,3.96,2018
10-07-2018,24.12,20:40,3.96,2018
11-07-2018,28.08,16:00,3.96,2018
12-07-2018,20.88,19:30,3.96,2018
13-07-2018,21.96,14:40,2.88,2018
14-07-2018,36,16:00,2.88,2018
15-07-2018,27,16:20,6.84,2018
16-07-2018,20.88,14:00,3.96,2018
17-07-2018,19.08,16:30,3.96,2018
18-07-2018,28.08,15:40,6.12,2018
19-07-2018,20.88,14:10,5.04,2018
20-07-2018,29.88,16:50,6.12,2018
21-07-2018,15.84,17:20,3.96,2018
22-07-2018,20.16,14:10,3.96,2018
23-07-2018,32.04,15:30,6.12,2018
24-07-2018,19.08,17:10,3.96,2018
25-07-2018,24.84,15:00,6.12,2018
26-07-2018,21.96,Varias,6.12,2018
27-07-2018,28.08,16:00,6.84,2018
28-07-2018,27,15:20,6.12,2018
29-07-2018,32.04,15:40,6.84,2018
30-07-2018,37.08,16:10,7.92,2018
31-07-2018,21.96,19:40,5.04,2018
01-08-2018,21.96,19:40,5.04,2018
02-08-2018,16.92,15:00,2.88,2018
03-08-2018,14.04,15:00,2.88,2018
04-08-2018,16.92,16:00,3.96,2018
05-08-2018,14.04,16:20,3.96,2018
06-08-2018,29.88,17:40,5.04,2018
07-08-2018,32.04,16:20,5.04,2018
08-08-2018,33.12,Varias,6.12,2018
09-08-2018,25.92,14:30,5.04,2018
10-08-2018,23.04,18:50,2.88,2018
11-08-2018,21.96,14:30,5.04,2018
12-08-2018,29.88,15:10,6.84,2018
13-08-2018,21.96,13:00,5.04,2018
14-08-2018,28.08,19:10,3.96,2018
15-08-2018,21.96,16:00,5.04,2018
16-08-2018,25.92,15:40,5.04,2018
17-08-2018,29.16,12:40,5.04,2018
18-08-2018,20.88,21:10,5.04,2018
19-08-2018,23.04,Varias,5.04,2018
20-08-2018,19.08,13:50,2.88,2018
21-08-2018,16.92,14:50,2.88,2018
22-08-2018,21.96,16:30,2.88,2018
23-08-2018,20.88,15:10,3.96,2018
24-08-2018,24.84,17:10,3.96,2018
25-08-2018,23.04,14:20,5.04,2018
26-08-2018,21.96,18:00,3.96,2018
27-08-2018,32.04,23:00,2.16,2018
28-08-2018,29.88,03:10,6.12,2018
29-08-2018,27,17:30,6.12,2018
30-08-2018,23.04,13:30,3.96,2018
31-08-2018,21.96,Varias,3.96,2018
01-09-2018,23.04,19:10,3.96,2018
02-09-2018,21.96,18:00,3.96,2018
03-09-2018,25.92,17:10,3.96,2018
04-09-2018,21.96,13:30,5.04,2018
05-09-2018,20.88,20:20,2.88,2018
06-09-2018,24.12,14:50,5.04,2018
07-09-2018,21.96,17:50,3.96,2018
08-09-2018,54,17:20,5.04,2018
09-09-2018,15.84,15:10,3.96,2018
10-09-2018,15.84,16:40,2.88,2018
11-09-2018,19.08,18:20,2.16,2018
12-09-2018,21.96,14:30,2.88,2018
13-09-2018,21.96,18:20,3.96,2018
14-09-2018,19.08,18:00,3.96,2018
15-09-2018,16.92,17:30,5.04,2018
16-09-2018,12.96,11:50,3.96,2018
17-09-2018,28.08,15:10,6.12,2018
18-09-2018,19.08,13:30,3.96,2018
19-09-2018,15.12,13:30,3.96,2018
20-09-2018,28.08,17:10,3.96,2018
21-09-2018,15.84,15:10,3.96,2018
22-09-2018,14.04,14:10,3.96,2018
23-09-2018,20.16,17:00,2.88,2018
24-09-2018,25.92,16:50,5.04,2018
25-09-2018,19.08,18:20,5.04,2018
26-09-2018,23.04,16:50,3.96,2018
27-09-2018,20.88,15:00,5.04,2018
28-09-2018,15.84,14:50,2.16,2018
29-09-2018,14.04,12:20,2.88,2018
30-09-2018,20.16,16:00,3.96,2018
01-10-2018,24.12,14:30,3.96,2018
02-10-2018,16.92,00:20,3.96,2018
03-10-2018,14.04,Varias,2.88,2018
04-10-2018,11.88,15:40,2.16,2018
05-10-2018,21.96,Varias,3.96,2018
06-10-2018,21.96,12:30,3.96,2018
07-10-2018,27,Varias,5.04,2018
08-10-2018,15.12,13:20,2.88,2018
09-10-2018,16.92,16:20,2.16,2018
10-10-2018,39.96,14:30,6.12,2018
11-10-2018,42.12,00:40,6.84,2018
12-10-2018,37.08,10:10,10.08,2018
13-10-2018,33.84,13:10,7.92,2018
14-10-2018,25.92,11:50,2.88,2018
15-10-2018,27,05:20,5.04,2018
16-10-2018,10.08,05:40,2.16,2018
17-10-2018,14.04,14:30,2.88,2018
18-10-2018,20.16,13:50,2.88,2018
19-10-2018,24.84,13:30,3.96,2018
20-10-2018,30.96,14:30,3.96,2018
21-10-2018,16.92,14:30,2.88,2018
22-10-2018,20.16,13:20,2.88,2018
23-10-2018,14.04,16:30,2.16,2018
24-10-2018,11.88,Varias,2.88,2018
25-10-2018,9,10:30,2.88,2018
26-10-2018,24.12,20:50,3.96,2018
27-10-2018,29.88,12:10,3.96,2018
28-10-2018,25.92,11:40,3.96,2018
29-10-2018,25.92,16:10,3.96,2018
30-10-2018,20.88,01:50,2.16,2018
31-10-2018,16.92,13:40,2.88,2018
01-11-2018,19.08,15:10,2.16,2018
02-11-2018,11.88,16:10,2.16,2018
03-11-2018,12.96,11:00,2.16,2018
04-11-2018,30.96,17:40,7.92,2018
05-11-2018,25.92,15:00,6.12,2018
06-11-2018,42.12,18:30,5.04,2018
07-11-2018,38.16,01:40,3.96,2018
08-11-2018,41.04,13:40,7.92,2018
09-11-2018,30.96,12:00,3.96,2018
10-11-2018,43.92,11:40,7.92,2018
11-11-2018,18,03:40,2.88,2018
12-11-2018,10.08,Varias,2.88,2018
13-11-2018,11.88,05:40,2.16,2018
14-11-2018,29.88,17:20,3.96,2018
15-11-2018,9,15:00,2.88,2018
16-11-2018,25.92,15:40,2.88,2018
17-11-2018,34.92,11:30,6.12,2018
18-11-2018,12.96,00:40,2.16,2018
19-11-2018,10.08,12:10,2.16,2018
20-11-2018,21.96,Varias,3.96,2018
21-11-2018,34.92,17:00,5.04,2018
22-11-2018,29.88,15:00,7.92,2018
23-11-2018,27,13:40,6.12,2018
24-11-2018,24.12,19:20,5.04,2018
25-11-2018,43.92,21:40,2.88,2018
26-11-2018,24.12,05:10,2.88,2018
27-11-2018,20.16,18:50,2.88,2018
28-11-2018,33.84,14:50,10.08,2018
29-11-2018,33.84,02:40,5.04,2018
30-11-2018,10.08,12:40,2.16,2018
01-12-2018,25.92,13:50,2.88,2018
02-12-2018,25.92,Varias,6.84,2018
03-12-2018,20.88,06:00,2.88,2018
04-12-2018,29.88,11:20,5.04,2018
05-12-2018,15.84,16:20,2.88,2018
06-12-2018,11.16,13:10,1.08,2018
07-12-2018,19.08,15:10,2.16,2018
08-12-2018,9,06:40,2.88,2018
09-12-2018,10.08,Varias,2.16,2018
10-12-2018,11.16,08:40,2.88,2018
11-12-2018,9,10:00,2.88,2018
12-12-2018,29.16,21:00,2.88,2018
13-12-2018,29.88,14:50,5.04,2018
14-12-2018,11.16,23:30,2.88,2018
15-12-2018,33.84,14:10,3.96,2018
16-12-2018,30.96,08:40,3.96,2018
17-12-2018,30.96,23:50,5.04,2018
18-12-2018,47.88,06:50,9,2018
19-12-2018,27,13:17,6.12,2018
20-12-2018,19.08,Varias,5.04,2018
21-12-2018,21.96,04:26,5.04,2018
22-12-2018,24.84,15:55,2.16,2018
23-12-2018,25.92,13:16,2.88,2018
24-12-2018,10.08,12:09,2.16,2018
25-12-2018,7.92,13:15,2.88,2018
26-12-2018,10.08,07:14,2.88,2018
27-12-2018,12.96,12:49,2.88,2018
28-12-2018,15.12,11:24,2.88,2018
29-12-2018,10.08,15:32,2.88,2018
30-12-2018,11.16,12:37,2.16,2018
31-12-2018,11.88,Varias,2.88,2018
01-01-2018,34.92,13:00,7.92,2018
02-01-2018,29.16,13:30,6.84,2018
03-01-2018,33.12,14:20,7.92,2018
04-01-2018,36,10:40,12.96,2018
05-01-2018,29.88,04:20,2.88,2018
06-01-2018,12.96,04:30,2.88,2018
07-01-2018,24.12,15:40,3.96,2018
08-01-2018,14.04,06:20,2.88,2018
09-01-2018,29.88,06:50,9,2018
10-01-2018,38.16,14:40,5.04,2018
11-01-2018,34.92,01:30,2.16,2018
12-01-2018,29.88,21:10,3.96,2018
13-01-2018,24.12,00:10,2.88,2018
14-01-2018,11.16,08:10,2.88,2018
15-01-2018,16.92,23:20,2.88,2018
16-01-2018,20.88,15:20,5.04,2018
17-01-2018,21.96,13:50,2.88,2018
18-01-2018,10.08,06:00,2.88,2018
19-01-2018,14.04,14:20,2.88,2018
20-01-2018,10.08,07:20,2.16,2018
21-01-2018,9,16:20,1.08,2018
22-01-2018,10.08,09:40,2.88,2018
23-01-2018,12.96,11:40,2.16,2018
24-01-2018,25.92,23:20,5.04,2018
25-01-2018,25.92,00:20,3.96,2018
26-01-2018,18,14:50,2.88,2018
27-01-2018,18,15:30,2.16,2018
28-01-2018,12.96,00:20,2.16,2018
29-01-2018,16.92,16:10,3.96,2018
30-01-2018,10.08,10:10,2.16,2018
31-01-2018,12.96,18:30,2.88,2018
01-02-2018,25.92,13:00,5.04,2018
02-02-2018,20.88,17:00,3.96,2018
03-02-2018,15.12,22:10,2.88,2018
04-02-2018,18,16:40,2.88,2018
05-02-2018,36,10:20,6.84,2018
06-02-2018,21.96,18:10,2.88,2018
07-02-2018,29.88,15:40,5.04,2018
08-02-2018,11.16,21:00,2.88,2018
09-02-2018,28.08,16:50,3.96,2018
10-02-2018,7.92,09:10,1.08,2018
11-02-2018,23.04,11:50,2.88,2018
12-02-2018,14.04,15:40,3.96,2018
13-02-2018,24.12,09:00,3.96,2018
14-02-2018,37.08,12:20,7.92,2018
15-02-2018,21.96,13:40,2.16,2018
16-02-2018,21.96,14:40,2.88,2018
17-02-2018,24.84,12:40,3.96,2018
18-02-2018,18,17:00,2.88,2018
19-02-2018,19.08,13:50,3.96,2018
20-02-2018,30.96,15:50,6.12,2018
21-02-2018,29.16,16:20,6.12,2018
22-02-2018,18,18:20,5.04,2018
23-02-2018,24.12,11:20,6.12,2018
24-02-2018,11.88,16:00,2.16,2018
25-02-2018,20.88,13:30,2.88,2018
26-02-2018,29.16,19:40,2.88,2018
27-02-2018,25.92,16:40,5.04,2018
28-02-2018,15.12,11:30,2.88,2018
01-03-2018,34.92,16:50,9,2018
02-03-2018,48.96,18:10,7.92,2018
03-03-2018,51.84,04:20,2.88,2018
04-03-2018,45,15:50,7.92,2018
05-03-2018,0,,0,2018
06-03-2018,0,,0,2018
07-03-2018,0,,0,2018
08-03-2018,38.88,10:40,9,2018
09-03-2018,32.04,03:00,6.84,2018
10-03-2018,47.88,12:50,12.96,2018
11-03-2018,54,12:00,12.96,2018
12-03-2018,34.92,13:40,6.84,2018
13-03-2018,34.92,12:10,6.84,2018
14-03-2018,63,14:40,9,2018
15-03-2018,33.84,12:40,5.04,2018
16-03-2018,33.84,16:10,6.12,2018
17-03-2018,30.96,14:10,3.96,2018
18-03-2018,38.16,13:10,5.04,2018
19-03-2018,34.92,12:40,3.96,2018
20-03-2018,36,13:50,5.04,2018
21-03-2018,24.84,15:30,2.88,2018
22-03-2018,27,15:00,3.96,2018
23-03-2018,43.92,18:20,6.84,2018
24-03-2018,42.84,13:20,6.84,2018
25-03-2018,28.08,14:10,5.04,2018
26-03-2018,18,17:20,2.88,2018
27-03-2018,20.88,22:30,3.96,2018
28-03-2018,28.08,09:50,6.84,2018
29-03-2018,41.04,13:20,9,2018
30-03-2018,42.12,15:20,10.08,2018
31-03-2018,28.08,14:10,6.84,2018
01-04-2018,38.16,13:30,10.08,2018
02-04-2018,46.08,14:30,6.84,2018
03-04-2018,59.04,13:50,11.88,2018
04-04-2018,38.88,10:50,6.12,2018
05-04-2018,38.16,13:00,9,2018
06-04-2018,21.96,00:20,5.04,2018
07-04-2018,29.88,14:10,3.96,2018
08-04-2018,37.08,13:00,9,2018
09-04-2018,29.16,17:00,5.04,2018
10-04-2018,34.92,12:50,9,2018
11-04-2018,20.88,13:50,2.88,2018
12-04-2018,36,14:00,6.84,2018
13-04-2018,15.12,15:20,2.88,2018
14-04-2018,30.96,17:30,6.12,2018
15-04-2018,28.08,Varias,9,2018
16-04-2018,33.12,16:00,6.12,2018
17-04-2018,36,14:30,7.92,2018
18-04-2018,32.04,13:40,6.12,2018
19-04-2018,24.84,16:00,2.88,2018
20-04-2018,23.04,16:00,2.88,2018
21-04-2018,24.84,15:20,5.04,2018
22-04-2018,29.88,16:50,2.88,2018
23-04-2018,23.04,17:50,5.04,2018
24-04-2018,27,Varias,3.96,2018
25-04-2018,28.08,15:50,6.12,2018
26-04-2018,21.96,18:10,5.04,2018
27-04-2018,24.84,18:00,5.04,2018
28-04-2018,42.12,16:10,6.12,2018
29-04-2018,30.96,11:50,2.88,2018
30-04-2018,24.84,14:50,3.96,2018
01-05-2018,29.88,16:20,5.04,2018
02-05-2018,18,17:40,3.96,2018
03-05-2018,29.88,15:30,6.12,2018
04-05-2018,28.08,14:10,3.96,2018
05-05-2018,23.04,18:30,5.04,2018
06-05-2018,23.04,18:20,3.96,2018
07-05-2018,23.04,14:40,3.96,2018
08-05-2018,25.92,13:00,6.12,2018
09-05-2018,23.04,19:10,6.12,2018
10-05-2018,20.88,08:00,6.12,2018
11-05-2018,30.96,16:00,6.12,2018
12-05-2018,38.88,13:00,6.84,2018
13-05-2018,24.84,17:00,5.04,2018
14-05-2018,25.92,18:10,3.96,2018
15-05-2018,27,16:20,5.04,2018
16-05-2018,24.12,17:20,3.96,2018
17-05-2018,28.08,16:10,5.04,2018
18-05-2018,25.92,18:20,5.04,2018
19-05-2018,28.08,16:20,3.96,2018
20-05-2018,29.16,Varias,3.96,2018
21-05-2018,30.96,15:30,6.84,2018
22-05-2018,21.96,16:00,3.96,2018
23-05-2018,33.12,14:30,5.04,2018
24-05-2018,32.04,13:20,6.84,2018
25-05-2018,0,,0,2018
26-05-2018,0,,0,2018
27-05-2018,0,,0,2018
28-05-2018,0,,0,2018
29-05-2018,0,,0,2018
30-05-2018,0,,0,2018
31-05-2018,0,,0,2018
01-06-2018,21.96,18:40,5.04,2018
02-06-2018,29.16,16:40,6.12,2018
03-06-2018,30.96,15:10,10.08,2018
04-06-2018,29.88,12:10,5.04,2018
05-06-2018,11.88,13:50,2.16,2018
06-06-2018,11.88,17:10,2.88,2018
07-06-2018,28.08,12:30,3.96,2018
08-06-2018,21.96,15:50,3.96,2018
09-06-2018,23.04,15:30,6.12,2018
10-06-2018,24.84,15:20,2.88,2018
11-06-2018,21.96,12:30,2.88,2018
12-06-2018,23.04,16:20,3.96,2018
13-06-2018,21.96,14:40,3.96,2018
14-06-2018,19.08,18:40,6.12,2018
15-06-2018,21.96,16:40,5.04,2018
16-06-2018,21.96,14:20,3.96,2018
17-06-2018,29.16,13:20,6.12,2018
18-06-2018,27,18:00,5.04,2018
19-06-2018,21.96,19:50,3.96,2018
20-06-2018,23.04,15:00,2.88,2018
21-06-2018,29.88,22:30,3.96,2018
22-06-2018,27,18:40,5.04,2018
23-06-2018,16.92,17:20,3.96,2018
24-06-2018,23.04,17:10,3.96,2018
25-06-2018,21.96,Varias,7.92,2018
26-06-2018,20.88,15:30,3.96,2018
27-06-2018,19.08,17:40,5.04,2018
28-06-2018,21.96,16:10,3.96,2018
29-06-2018,42.84,14:20,3.96,2018
30-06-2018,28.08,13:10,2.16,2018
01-07-2018,27,13:00,5.04,2018
02-07-2018,34.92,14:40,6.12,2018
03-07-2018,23.04,16:30,3.96,2018
04-07-2018,27,18:00,6.84,2018
05-07-2018,21.96,17:10,3.96,2018
06-07-2018,23.04,17:30,2.88,2018
07-07-2018,27,18:50,2.88,2018
08-07-2018,20.16,17:40,3.96,2018
09-07-2018,19.08,19:20,3.96,2018
10-07-2018,24.12,20:40,3.96,2018
11-07-2018,28.08,16:00,3.96,2018
12-07-2018,20.88,19:30,3.96,2018
13-07-2018,21.96,14:40,2.88,2018
14-07-2018,36,16:00,2.88,2018
15-07-2018,27,16:20,6.84,2018
16-07-2018,20.88,14:00,3.96,2018
17-07-2018,19.08,16:30,3.96,2018
18-07-2018,28.08,15:40,6.12,2018
19-07-2018,20.88,14:10,5.04,2018
20-07-2018,29.88,16:50,6.12,2018
21-07-2018,15.84,17:20,3.96,2018
22-07-2018,20.16,14:10,3.96,2018
23-07-2018,32.04,15:30,6.12,2018
24-07-2018,19.08,17:10,3.96,2018
25-07-2018,24.84,15:00,6.12,2018
26-07-2018,21.96,Varias,6.12,2018
27-07-2018,28.08,16:00,6.84,2018
28-07-2018,27,15:20,6.12,2018
29-07-2018,32.04,15:40,6.84,2018
30-07-2018,37.08,16:10,7.92,2018
31-07-2018,21.96,19:40,5.04,2018
01-08-2018,21.96,19:40,5.04,2018
02-08-2018,16.92,15:00,2.88,2018
03-08-2018,14.04,15:00,2.88,2018
04-08-2018,16.92,16:00,3.96,2018
05-08-2018,14.04,16:20,3.96,2018
06-08-2018,29.88,17:40,5.04,2018
07-08-2018,32.04,16:20,5.04,2018
08-08-2018,33.12,Varias,6.12,2018
09-08-2018,25.92,14:30,5.04,2018
10-08-2018,23.04,18:50,2.88,2018
11-08-2018,21.96,14:30,5.04,2018
12-08-2018,29.88,15:10,6.84,2018
13-08-2018,21.96,13:00,5.04,2018
14-08-2018,28.08,19:10,3.96,2018
15-08-2018,21.96,16:00,5.04,2018
16-08-2018,25.92,15:40,5.04,2018
17-08-2018,29.16,12:40,5.04,2018
18-08-2018,20.88,21:10,5.04,2018
19-08-2018,23.04,Varias,5.04,2018
20-08-2018,19.08,13:50,2.88,2018
21-08-2018,16.92,14:50,2.88,2018
22-08-2018,21.96,16:30,2.88,2018
23-08-2018,20.88,15:10,3.96,2018
24-08-2018,24.84,17:10,3.96,2018
25-08-2018,23.04,14:20,5.04,2018
26-08-2018,21.96,18:00,3.96,2018
27-08-2018,32.04,23:00,2.16,2018
28-08-2018,29.88,03:10,6.12,2018
29-08-2018,27,17:30,6.12,2018
30-08-2018,23.04,13:30,3.96,2018
31-08-2018,21.96,Varias,3.96,2018
01-09-2018,23.04,19:10,3.96,2018
02-09-2018,21.96,18:00,3.96,2018
03-09-2018,25.92,17:10,3.96,2018
04-09-2018,21.96,13:30,5.04,2018
05-09-2018,20.88,20:20,2.88,2018
06-09-2018,24.12,14:50,5.04,2018
07-09-2018,21.96,17:50,3.96,2018
08-09-2018,54,17:20,5.04,2018
09-09-2018,15.84,15:10,3.96,2018
10-09-2018,15.84,16:40,2.88,2018
11-09-2018,19.08,18:20,2.16,2018
12-09-2018,21.96,14:30,2.88,2018
13-09-2018,21.96,18:20,3.96,2018
14-09-2018,19.08,18:00,3.96,2018
15-09-2018,16.92,17:30,5.04,2018
16-09-2018,12.96,11:50,3.96,2018
17-09-2018,28.08,15:10,6.12,2018
18-09-2018,19.08,13:30,3.96,2018
19-09-2018,15.12,13:30,3.96,2018
20-09-2018,28.08,17:10,3.96,2018
21-09-2018,15.84,15:10,3.96,2018
22-09-2018,14.04,14:10,3.96,2018
23-09-2018,20.16,17:00,2.88,2018
24-09-2018,25.92,16:50,5.04,2018
25-09-2018,19.08,18:20,5.04,2018
26-09-2018,23.04,16:50,3.96,2018
27-09-2018,20.88,15:00,5.04,2018
28-09-2018,15.84,14:50,2.16,2018
29-09-2018,14.04,12:20,2.88,2018
30-09-2018,20.16,16:00,3.96,2018
01-10-2018,24.12,14:30,3.96,2018
02-10-2018,16.92,00:20,3.96,2018
03-10-2018,14.04,Varias,2.88,2018
04-10-2018,11.88,15:40,2.16,2018
05-10-2018,21.96,Varias,3.96,2018
06-10-2018,21.96,12:30,3.96,2018
07-10-2018,27,Varias,5.04,2018
08-10-2018,15.12,13:20,2.88,2018
09-10-2018,16.92,16:20,2.16,2018
10-10-2018,39.96,14:30,6.12,2018
11-10-2018,42.12,00:40,6.84,2018
12-10-2018,37.08,10:10,10.08,2018
13-10-2018,33.84,13:10,7.92,2018
14-10-2018,25.92,11:50,2.88,2018
15-10-2018,27,05:20,5.04,2018
16-10-2018,10.08,05:40,2.16,2018
17-10-2018,14.04,14:30,2.88,2018
18-10-2018,20.16,13:50,2.88,2018
19-10-2018,24.84,13:30,3.96,2018
20-10-2018,30.96,14:30,3.96,2018
21-10-2018,16.92,14:30,2.88,2018
22-10-2018,20.16,13:20,2.88,2018
23-10-2018,14.04,16:30,2.16,2018
24-10-2018,11.88,Varias,2.88,2018
25-10-2018,9,10:30,2.88,2018
26-10-2018,24.12,20:50,3.96,2018
27-10-2018,29.88,12:10,3.96,2018
28-10-2018,25.92,11:40,3.96,2018
29-10-2018,25.92,16:10,3.96,2018
30-10-2018,20.88,01:50,2.16,2018
31-10-2018,16.92,13:40,2.88,2018
01-11-2018,19.08,15:10,2.16,2018
02-11-2018,11.88,16:10,2.16,2018
03-11-2018,12.96,11:00,2.16,2018
04-11-2018,30.96,17:40,7.92,2018
05-11-2018,25.92,15:00,6.12,2018
06-11-2018,42.12,18:30,5.04,2018
07-11-2018,38.16,01:40,3.96,2018
08-11-2018,41.04,13:40,7.92,2018
09-11-2018,30.96,12:00,3.96,2018
10-11-2018,43.92,11:40,7.92,2018
11-11-2018,18,03:40,2.88,2018
12-11-2018,10.08,Varias,2.88,2018
13-11-2018,11.88,05:40,2.16,2018
14-11-2018,29.88,17:20,3.96,2018
15-11-2018,9,15:00,2.88,2018
16-11-2018,25.92,15:40,2.88,2018
17-11-2018,34.92,11:30,6.12,2018
18-11-2018,12.96,00:40,2.16,2018
19-11-2018,10.08,12:10,2.16,2018
20-11-2018,21.96,Varias,3.96,2018
21-11-2018,34.92,17:00,5.04,2018
22-11-2018,29.88,15:00,7.92,2018
23-11-2018,27,13:40,6.12,2018
24-11-2018,24.12,19:20,5.04,2018
25-11-2018,43.92,21:40,2.88,2018
26-11-2018,24.12,05:10,2.88,2018
27-11-2018,20.16,18:50,2.88,2018
28-11-2018,33.84,14:50,10.08,2018
29-11-2018,33.84,02:40,5.04,2018
30-11-2018,10.08,12:40,2.16,2018
01-12-2018,25.92,13:50,2.88,2018
02-12-2018,25.92,Varias,6.84,2018
03-12-2018,20.88,06:00,2.88,2018
04-12-2018,29.88,11:20,5.04,2018
05-12-2018,15.84,16:20,2.88,2018
06-12-2018,11.16,13:10,1.08,2018
07-12-2018,19.08,15:10,2.16,2018
08-12-2018,9,06:40,2.88,2018
09-12-2018,10.08,Varias,2.16,2018
10-12-2018,11.16,08:40,2.88,2018
11-12-2018,9,10:00,2.88,2018
12-12-2018,29.16,21:00,2.88,2018
13-12-2018,29.88,14:50,5.04,2018
14-12-2018,11.16,23:30,2.88,2018
15-12-2018,33.84,14:10,3.96,2018
16-12-2018,30.96,08:40,3.96,2018
17-12-2018,30.96,23:50,5.04,2018
18-12-2018,47.88,06:50,9,2018
19-12-2018,27,13:17,6.12,2018
20-12-2018,19.08,Varias,5.04,2018
21-12-2018,21.96,04:26,5.04,2018
22-12-2018,24.84,15:55,2.16,2018
23-12-2018,25.92,13:16,2.88,2018
24-12-2018,10.08,12:09,2.16,2018
25-12-2018,7.92,13:15,2.88,2018
26-12-2018,10.08,07:14,2.88,2018
27-12-2018,12.96,12:49,2.88,2018
28-12-2018,15.12,11:24,2.88,2018
29-12-2018,10.08,15:32,2.88,2018
30-12-2018,11.16,12:37,2.16,2018
31-12-2018,11.88,Varias,2.88,2018
01-01-2019,7.92,Varias,2.88,2019
02-01-2019,12.96,09:08,5.04,2019
03-01-2019,12.96,07:06,3.96,2019
04-01-2019,14.04,Varias,2.88,2019
05-01-2019,9,Varias,2.16,2019
06-01-2019,7.92,13:20,1.08,2019
07-01-2019,6.84,14:30,2.16,2019
08-01-2019,10.08,10:40,1.08,2019
09-01-2019,15.84,22:20,2.16,2019
10-01-2019,15.12,Varias,5.04,2019
11-01-2019,16.92,12:50,2.88,2019
12-01-2019,23.04,14:10,1.08,2019
13-01-2019,15.12,14:40,2.16,2019
14-01-2019,15.12,13:10,3.96,2019
15-01-2019,11.88,04:50,2.16,2019
16-01-2019,7.92,03:20,2.16,2019
17-01-2019,16.92,14:10,3.96,2019
18-01-2019,6.84,16:10,1.08,2019
19-01-2019,21.96,15:30,2.16,2019
20-01-2019,18,15:20,2.16,2019
21-01-2019,10.08,11:30,2.88,2019
22-01-2019,20.16,16:20,2.88,2019
23-01-2019,24.12,03:50,3.96,2019
24-01-2019,20.16,11:20,3.96,2019
25-01-2019,20.88,12:10,3.96,2019
26-01-2019,12.96,11:10,2.88,2019
27-01-2019,23.04,14:00,3.96,2019
28-01-2019,23.04,14:20,3.96,2019
29-01-2019,33.12,10:20,6.12,2019
30-01-2019,21.96,23:50,2.16,2019
31-01-2019,48.96,13:00,11.16,2019
01-02-2019,46.08,03:40,9,2019
02-02-2019,29.16,13:20,3.96,2019
03-02-2019,9,Varias,2.88,2019
04-02-2019,9,13:00,2.88,2019
05-02-2019,10.08,Varias,2.16,2019
06-02-2019,15.84,19:40,2.88,2019
07-02-2019,18,Varias,2.88,2019
08-02-2019,28.08,15:40,6.12,2019
09-02-2019,32.04,12:20,7.92,2019
10-02-2019,24.12,03:20,3.96,2019
11-02-2019,14.04,Varias,2.88,2019
12-02-2019,10.08,13:10,2.16,2019
13-02-2019,10.08,13:40,3.96,2019
14-02-2019,42.84,15:30,9,2019
15-02-2019,12.96,14:20,2.88,2019
16-02-2019,27,15:50,2.88,2019
17-02-2019,36,13:20,6.12,2019
18-02-2019,15.84,00:20,2.16,2019
19-02-2019,12.96,14:40,3.96,2019
20-02-2019,11.16,05:30,3.96,2019
21-02-2019,38.16,13:20,7.92,2019
22-02-2019,42.12,14:50,7.92,2019
23-02-2019,12.96,14:00,2.16,2019
24-02-2019,14.04,15:30,2.88,2019
25-02-2019,11.16,13:20,2.88,2019
26-02-2019,34.92,13:30,6.12,2019
27-02-2019,38.88,13:00,6.84,2019
28-02-2019,15.84,14:20,2.88,2019
01-03-2019,36,15:50,2.88,2019
02-03-2019,24.84,15:50,3.96,2019
03-03-2019,45,15:10,9,2019
04-03-2019,28.08,12:40,7.92,2019
05-03-2019,46.08,20:20,6.84,2019
06-03-2019,39.96,12:30,7.92,2019
07-03-2019,30.96,12:30,6.12,2019
08-03-2019,14.04,15:20,3.96,2019
09-03-2019,20.16,14:00,3.96,2019
10-03-2019,18,00:00,2.16,2019
11-03-2019,21.96,00:30,3.96,2019
12-03-2019,28.08,11:50,5.04,2019
13-03-2019,23.04,14:40,3.96,2019
14-03-2019,19.08,18:40,3.96,2019
15-03-2019,11.88,14:30,2.16,2019
16-03-2019,30.96,14:10,6.12,2019
17-03-2019,24.84,16:50,5.04,2019
18-03-2019,24.12,17:30,2.88,2019
19-03-2019,28.08,10:20,5.04,2019
20-03-2019,20.16,20:20,5.04,2019
21-03-2019,15.12,19:20,3.96,2019
22-03-2019,15.12,13:50,2.88,2019
23-03-2019,24.12,14:40,2.88,2019
24-03-2019,21.96,17:20,3.96,2019
25-03-2019,23.04,Varias,5.04,2019
26-03-2019,29.88,17:10,3.96,2019
27-03-2019,24.84,17:40,3.96,2019
28-03-2019,16.92,18:00,3.96,2019
29-03-2019,27,16:40,5.04,2019
30-03-2019,24.12,14:20,2.88,2019
31-03-2019,27,13:20,5.04,2019
01-04-2019,28.08,14:50,3.96,2019
02-04-2019,20.88,16:00,3.96,2019
03-04-2019,30.96,Varias,3.96,2019
04-04-2019,28.08,17:20,7.92,2019
05-04-2019,41.04,11:50,6.12,2019
06-04-2019,29.88,15:50,6.84,2019
07-04-2019,21.96,16:40,5.04,2019
08-04-2019,42.12,13:00,10.08,2019
09-04-2019,38.88,14:20,5.04,2019
10-04-2019,25.92,15:20,3.96,2019
11-04-2019,20.88,14:30,2.88,2019
12-04-2019,19.08,18:10,6.12,2019
13-04-2019,27,15:40,2.88,2019
14-04-2019,16.92,14:10,2.88,2019
15-04-2019,42.84,09:00,6.84,2019
16-04-2019,38.88,16:20,9,2019
17-04-2019,36,10:20,3.96,2019
18-04-2019,20.16,16:50,5.04,2019
19-04-2019,34.92,16:10,3.96,2019
20-04-2019,27,16:40,3.96,2019
21-04-2019,29.16,16:40,3.96,2019
22-04-2019,33.12,14:00,6.84,2019
23-04-2019,33.12,15:10,2.88,2019
24-04-2019,45,16:10,10.08,2019
25-04-2019,45,13:40,10.08,2019
26-04-2019,24.12,10:20,5.04,2019
27-04-2019,19.08,22:30,3.96,2019
28-04-2019,18,00:30,3.96,2019
29-04-2019,27,16:20,6.12,2019
30-04-2019,21.96,18:10,5.04,2019
01-05-2019,29.88,17:20,5.04,2019
02-05-2019,27,17:20,3.96,2019
03-05-2019,28.08,16:50,5.04,2019
04-05-2019,24.84,20:50,3.96,2019
05-05-2019,23.04,17:50,5.04,2019
06-05-2019,34.92,15:50,5.04,2019
07-05-2019,33.12,Varias,9,2019
08-05-2019,50.04,09:40,11.88,2019
09-05-2019,30.96,17:20,5.04,2019
10-05-2019,33.12,12:30,6.84,2019
11-05-2019,20.88,15:10,3.96,2019
12-05-2019,25.92,11:40,6.12,2019
13-05-2019,14.04,12:50,2.88,2019
14-05-2019,21.96,19:00,5.04,2019
15-05-2019,25.92,16:40,5.04,2019
16-05-2019,24.84,18:20,5.04,2019
17-05-2019,33.84,13:30,6.84,2019
18-05-2019,25.92,15:00,6.12,2019
19-05-2019,21.96,13:10,2.88,2019
20-05-2019,19.08,16:20,5.04,2019
21-05-2019,21.96,13:40,2.88,2019
22-05-2019,29.16,15:20,7.92,2019
23-05-2019,25.92,17:30,5.04,2019
24-05-2019,30.96,12:00,5.04,2019
25-05-2019,24.12,15:10,5.04,2019
26-05-2019,23.04,14:10,3.96,2019
27-05-2019,27,16:30,6.12,2019
28-05-2019,27,17:20,3.96,2019
29-05-2019,20.88,15:40,5.04,2019
30-05-2019,20.16,18:40,2.88,2019
31-05-2019,27,17:20,6.12,2019
01-06-2019,29.88,15:50,6.84,2019
02-06-2019,27,13:20,7.92,2019
03-06-2019,29.88,15:20,6.84,2019
04-06-2019,32.04,14:10,7.92,2019
05-06-2019,32.04,13:20,7.92,2019
06-06-2019,46.08,10:40,11.88,2019
07-06-2019,28.08,16:50,3.96,2019
08-06-2019,21.96,16:30,3.96,2019
09-06-2019,24.84,17:10,3.96,2019
10-06-2019,21.96,16:50,2.88,2019
11-06-2019,25.92,16:20,6.12,2019
12-06-2019,19.08,18:40,3.96,2019
13-06-2019,23.04,17:10,3.96,2019
14-06-2019,28.08,14:30,5.04,2019
15-06-2019,24.12,15:00,6.12,2019
16-06-2019,28.08,17:10,3.96,2019
17-06-2019,18,11:30,3.96,2019
18-06-2019,38.88,12:50,6.84,2019
19-06-2019,19.08,12:20,6.12,2019
20-06-2019,19.08,13:20,2.16,2019
21-06-2019,20.88,14:30,3.96,2019
22-06-2019,27,13:30,6.12,2019
23-06-2019,24.12,16:30,5.04,2019
24-06-2019,18,17:10,3.96,2019
25-06-2019,21.96,18:10,3.96,2019
26-06-2019,23.04,Varias,5.04,2019
27-06-2019,20.16,17:50,3.96,2019
28-06-2019,21.96,19:20,5.04,2019
29-06-2019,24.12,15:20,5.04,2019
30-06-2019,15.84,15:20,3.96,2019
01-07-2019,21.96,17:10,3.96,2019
02-07-2019,23.04,16:20,5.04,2019
03-07-2019,21.96,20:30,5.04,2019
04-07-2019,36,12:40,6.84,2019
05-07-2019,30.96,15:30,6.12,2019
06-07-2019,27,15:20,2.88,2019
07-07-2019,24.12,18:10,5.04,2019
08-07-2019,29.16,15:50,5.04,2019
09-07-2019,20.88,16:00,5.04,2019
10-07-2019,28.08,17:20,5.04,2019
11-07-2019,24.12,17:40,6.12,2019
12-07-2019,21.96,20:10,3.96,2019
13-07-2019,24.12,14:10,3.96,2019
14-07-2019,19.08,15:00,2.88,2019
15-07-2019,19.08,15:00,3.96,2019
16-07-2019,24.84,15:40,3.96,2019
17-07-2019,25.92,15:30,3.96,2019
18-07-2019,23.04,14:50,3.96,2019
19-07-2019,21.96,18:10,6.12,2019
20-07-2019,24.84,19:40,5.04,2019
21-07-2019,21.96,18:20,3.96,2019
22-07-2019,19.08,15:40,3.96,2019
23-07-2019,32.04,14:30,6.12,2019
24-07-2019,32.04,15:10,5.04,2019
25-07-2019,36,12:50,6.12,2019
26-07-2019,28.08,16:00,6.12,2019
27-07-2019,20.16,17:20,3.96,2019
28-07-2019,24.12,16:40,6.12,2019
29-07-2019,33.84,12:10,10.08,2019
30-07-2019,27,14:10,2.88,2019
31-07-2019,24.84,15:40,3.96,2019
01-08-2019,24.12,19:20,3.96,2019
02-08-2019,19.08,Varias,5.04,2019
03-08-2019,25.92,16:40,5.04,2019
04-08-2019,27,17:00,5.04,2019
05-08-2019,29.88,17:50,6.84,2019
06-08-2019,20.16,15:10,3.96,2019
07-08-2019,14.04,17:50,2.88,2019
08-08-2019,41.04,16:20,6.84,2019
09-08-2019,46.08,11:50,9,2019
10-08-2019,20.88,15:10,5.04,2019
11-08-2019,29.16,Varias,5.04,2019
12-08-2019,20.88,10:40,2.88,2019
13-08-2019,20.16,18:00,5.04,2019
14-08-2019,18,13:50,2.88,2019
15-08-2019,21.96,17:00,3.96,2019
16-08-2019,28.08,15:10,6.84,2019
17-08-2019,29.88,14:30,6.12,2019
18-08-2019,20.88,13:10,6.12,2019
19-08-2019,27,16:20,5.04,2019
20-08-2019,23.04,20:30,5.04,2019
21-08-2019,24.84,20:00,5.04,2019
22-08-2019,28.08,15:10,5.04,2019
23-08-2019,30.96,13:40,6.84,2019
24-08-2019,27,15:40,3.96,2019
25-08-2019,20.16,22:00,3.96,2019
26-08-2019,20.88,15:20,3.96,2019
27-08-2019,18,17:10,5.04,2019
28-08-2019,18,15:20,5.04,2019
29-08-2019,20.88,20:40,3.96,2019
30-08-2019,24.12,14:10,5.04,2019
31-08-2019,21.96,16:50,3.96,2019
01-09-2019,33.12,14:00,3.96,2019
02-09-2019,24.12,13:50,3.96,2019
03-09-2019,18,19:10,2.88,2019
04-09-2019,25.92,10:30,3.96,2019
05-09-2019,28.08,11:20,6.12,2019
06-09-2019,24.84,17:20,5.04,2019
07-09-2019,28.08,13:50,5.04,2019
08-09-2019,20.16,12:20,3.96,2019
09-09-2019,24.84,15:20,3.96,2019
10-09-2019,38.16,15:30,3.96,2019
11-09-2019,25.92,11:40,6.12,2019
12-09-2019,19.08,15:00,2.88,2019
13-09-2019,23.04,15:20,5.04,2019
14-09-2019,20.88,19:10,3.96,2019
15-09-2019,24.12,15:10,3.96,2019
16-09-2019,27,12:30,6.12,2019
17-09-2019,29.88,16:40,5.04,2019
18-09-2019,14.04,14:00,2.88,2019
19-09-2019,24.12,14:50,3.96,2019
20-09-2019,21.96,Varias,3.96,2019
21-09-2019,33.12,15:40,6.84,2019
22-09-2019,34.92,15:40,6.84,2019
23-09-2019,29.88,23:10,3.96,2019
24-09-2019,32.04,14:10,9,2019
25-09-2019,15.12,Varias,3.96,2019
26-09-2019,20.16,14:50,3.96,2019
27-09-2019,21.96,16:00,3.96,2019
28-09-2019,14.04,11:20,3.96,2019
29-09-2019,28.08,15:40,2.88,2019
30-09-2019,28.08,16:40,3.96,2019
01-10-2019,28.08,13:40,6.84,2019
02-10-2019,15.12,16:00,2.16,2019
03-10-2019,14.04,19:00,2.88,2019
04-10-2019,14.04,16:20,3.96,2019
05-10-2019,15.84,14:20,2.88,2019
06-10-2019,15.12,15:20,1.08,2019
07-10-2019,11.88,14:20,3.96,2019
08-10-2019,19.08,13:50,2.88,2019
09-10-2019,20.88,16:10,2.88,2019
10-10-2019,14.04,10:10,2.88,2019
11-10-2019,21.96,14:20,2.88,2019
12-10-2019,39.96,14:20,7.92,2019
13-10-2019,25.92,04:00,2.16,2019
14-10-2019,47.88,11:30,5.04,2019
15-10-2019,27,15:00,5.04,2019
16-10-2019,33.84,11:20,11.16,2019
17-10-2019,24.84,11:30,3.96,2019
18-10-2019,28.08,14:40,5.04,2019
19-10-2019,11.88,10:30,2.88,2019
20-10-2019,25.92,13:50,2.16,2019
21-10-2019,21.96,15:00,2.88,2019
22-10-2019,20.88,15:10,3.96,2019
23-10-2019,21.96,15:10,2.16,2019
24-10-2019,28.08,14:10,2.88,2019
25-10-2019,27,Varias,2.88,2019
26-10-2019,27,15:20,2.88,2019
27-10-2019,15.12,13:00,2.88,2019
28-10-2019,19.08,14:10,2.16,2019
29-10-2019,11.88,14:10,1.08,2019
30-10-2019,15.12,09:30,5.04,2019
31-10-2019,18,22:00,3.96,2019
01-11-2019,36,13:00,9,2019
02-11-2019,30.96,14:30,6.12,2019
03-11-2019,36,Varias,9,2019
04-11-2019,38.88,04:20,7.92,2019
05-11-2019,23.04,Varias,3.96,2019
06-11-2019,24.84,22:20,3.96,2019
07-11-2019,29.88,15:50,6.84,2019
08-11-2019,15.12,Varias,2.88,2019
09-11-2019,15.84,17:20,2.16,2019
10-11-2019,10.08,Varias,2.16,2019
11-11-2019,20.88,14:10,1.08,2019
12-11-2019,24.84,15:20,3.96,2019
13-11-2019,32.04,23:30,2.16,2019
14-11-2019,39.96,13:40,6.84,2019
15-11-2019,29.88,17:10,6.12,2019
16-11-2019,18,15:10,2.16,2019
17-11-2019,27,14:50,2.16,2019
18-11-2019,12.96,13:50,2.88,2019
19-11-2019,18,15:20,2.88,2019
20-11-2019,21.96,14:20,2.16,2019
21-11-2019,27,13:20,5.04,2019
22-11-2019,38.16,10:20,9,2019
23-11-2019,23.04,12:20,2.88,2019
24-11-2019,24.12,16:50,2.88,2019
25-11-2019,27,13:40,7.92,2019
26-11-2019,47.88,19:10,11.88,2019
27-11-2019,32.04,00:30,7.92,2019
28-11-2019,32.04,18:00,3.96,2019
29-11-2019,10.08,05:20,2.16,2019
30-11-2019,27,05:00,6.84,2019
01-12-2019,28.08,00:30,5.04,2019
02-12-2019,24.84,17:00,5.04,2019
03-12-2019,15.12,13:30,2.88,2019
04-12-2019,10.08,10:30,3.96,2019
05-12-2019,10.08,15:40,1.08,2019
06-12-2019,15.12,07:30,2.16,2019
07-12-2019,10.08,05:20,2.88,2019
08-12-2019,7.92,Varias,1.08,2019
09-12-2019,11.88,02:50,2.88,2019
10-12-2019,11.88,16:30,3.96,2019
11-12-2019,23.04,14:00,3.96,2019
12-12-2019,25.92,13:40,6.12,2019
13-12-2019,25.92,Varias,6.84,2019
14-12-2019,39.96,14:30,7.92,2019
15-12-2019,19.08,08:30,1.08,2019
16-12-2019,14.04,13:50,2.16,2019
17-12-2019,20.88,23:59,2.88,2019
18-12-2019,47.88,19:40,15.84,2019
19-12-2019,72,03:10,6.84,2019
20-12-2019,23.04,03:10,6.84,2019
21-12-2019,66.96,08:30,11.16,2019
22-12-2019,47.16,14:40,7.92,2019
23-12-2019,10.08,13:10,2.16,2019
24-12-2019,24.12,12:20,5.04,2019
25-12-2019,33.84,18:10,7.92,2019
26-12-2019,9,Varias,2.16,2019
27-12-2019,10.08,Varias,2.88,2019
28-12-2019,10.08,08:00,2.16,2019
29-12-2019,6.12,Varias,1.08,2019
30-12-2019,10.08,21:36,2.16,2019
31-12-2019,14.04,10:03,2.88,2019
01-01-2019,7.92,Varias,2.88,2019
02-01-2019,12.96,09:08,5.04,2019
03-01-2019,12.96,07:06,3.96,2019
04-01-2019,14.04,Varias,2.88,2019
05-01-2019,9,Varias,2.16,2019
06-01-2019,7.92,13:20,1.08,2019
07-01-2019,6.84,14:30,2.16,2019
08-01-2019,10.08,10:40,1.08,2019
09-01-2019,15.84,22:20,2.16,2019
10-01-2019,15.12,Varias,5.04,2019
11-01-2019,16.92,12:50,2.88,2019
12-01-2019,23.04,14:10,1.08,2019
13-01-2019,15.12,14:40,2.16,2019
14-01-2019,15.12,13:10,3.96,2019
15-01-2019,11.88,04:50,2.16,2019
16-01-2019,7.92,03:20,2.16,2019
17-01-2019,16.92,14:10,3.96,2019
18-01-2019,6.84,16:10,1.08,2019
19-01-2019,21.96,15:30,2.16,2019
20-01-2019,18,15:20,2.16,2019
21-01-2019,10.08,11:30,2.88,2019
22-01-2019,20.16,16:20,2.88,2019
23-01-2019,24.12,03:50,3.96,2019
24-01-2019,20.16,11:20,3.96,2019
25-01-2019,20.88,12:10,3.96,2019
26-01-2019,12.96,11:10,2.88,2019
27-01-2019,23.04,14:00,3.96,2019
28-01-2019,23.04,14:20,3.96,2019
29-01-2019,33.12,10:20,6.12,2019
30-01-2019,21.96,23:50,2.16,2019
31-01-2019,48.96,13:00,11.16,2019
01-02-2019,46.08,03:40,9,2019
02-02-2019,29.16,13:20,3.96,2019
03-02-2019,9,Varias,2.88,2019
04-02-2019,9,13:00,2.88,2019
05-02-2019,10.08,Varias,2.16,2019
06-02-2019,15.84,19:40,2.88,2019
07-02-2019,18,Varias,2.88,2019
08-02-2019,28.08,15:40,6.12,2019
09-02-2019,32.04,12:20,7.92,2019
10-02-2019,24.12,03:20,3.96,2019
11-02-2019,14.04,Varias,2.88,2019
12-02-2019,10.08,13:10,2.16,2019
13-02-2019,10.08,13:40,3.96,2019
14-02-2019,42.84,15:30,9,2019
15-02-2019,12.96,14:20,2.88,2019
16-02-2019,27,15:50,2.88,2019
17-02-2019,36,13:20,6.12,2019
18-02-2019,15.84,00:20,2.16,2019
19-02-2019,12.96,14:40,3.96,2019
20-02-2019,11.16,05:30,3.96,2019
21-02-2019,38.16,13:20,7.92,2019
22-02-2019,42.12,14:50,7.92,2019
23-02-2019,12.96,14:00,2.16,2019
24-02-2019,14.04,15:30,2.88,2019
25-02-2019,11.16,13:20,2.88,2019
26-02-2019,34.92,13:30,6.12,2019
27-02-2019,38.88,13:00,6.84,2019
28-02-2019,15.84,14:20,2.88,2019
01-03-2019,36,15:50,2.88,2019
02-03-2019,24.84,15:50,3.96,2019
03-03-2019,45,15:10,9,2019
04-03-2019,28.08,12:40,7.92,2019
05-03-2019,46.08,20:20,6.84,2019
06-03-2019,39.96,12:30,7.92,2019
07-03-2019,30.96,12:30,6.12,2019
08-03-2019,14.04,15:20,3.96,2019
09-03-2019,20.16,14:00,3.96,2019
10-03-2019,18,00:00,2.16,2019
11-03-2019,21.96,00:30,3.96,2019
12-03-2019,28.08,11:50,5.04,2019
13-03-2019,23.04,14:40,3.96,2019
14-03-2019,19.08,18:40,3.96,2019
15-03-2019,11.88,14:30,2.16,2019
16-03-2019,30.96,14:10,6.12,2019
17-03-2019,24.84,16:50,5.04,2019
18-03-2019,24.12,17:30,2.88,2019
19-03-2019,28.08,10:20,5.04,2019
20-03-2019,20.16,20:20,5.04,2019
21-03-2019,15.12,19:20,3.96,2019
22-03-2019,15.12,13:50,2.88,2019
23-03-2019,24.12,14:40,2.88,2019
24-03-2019,21.96,17:20,3.96,2019
25-03-2019,23.04,Varias,5.04,2019
26-03-2019,29.88,17:10,3.96,2019
27-03-2019,24.84,17:40,3.96,2019
28-03-2019,16.92,18:00,3.96,2019
29-03-2019,27,16:40,5.04,2019
30-03-2019,24.12,14:20,2.88,2019
31-03-2019,27,13:20,5.04,2019
01-04-2019,28.08,14:50,3.96,2019
02-04-2019,20.88,16:00,3.96,2019
03-04-2019,30.96,Varias,3.96,2019
04-04-2019,28.08,17:20,7.92,2019
05-04-2019,41.04,11:50,6.12,2019
06-04-2019,29.88,15:50,6.84,2019
07-04-2019,21.96,16:40,5.04,2019
08-04-2019,42.12,13:00,10.08,2019
09-04-2019,38.88,14:20,5.04,2019
10-04-2019,25.92,15:20,3.96,2019
11-04-2019,20.88,14:30,2.88,2019
12-04-2019,19.08,18:10,6.12,2019
13-04-2019,27,15:40,2.88,2019
14-04-2019,16.92,14:10,2.88,2019
15-04-2019,42.84,09:00,6.84,2019
16-04-2019,38.88,16:20,9,2019
17-04-2019,36,10:20,3.96,2019
18-04-2019,20.16,16:50,5.04,2019
19-04-2019,34.92,16:10,3.96,2019
20-04-2019,27,16:40,3.96,2019
21-04-2019,29.16,16:40,3.96,2019
22-04-2019,33.12,14:00,6.84,2019
23-04-2019,33.12,15:10,2.88,2019
24-04-2019,45,16:10,10.08,2019
25-04-2019,45,13:40,10.08,2019
26-04-2019,24.12,10:20,5.04,2019
27-04-2019,19.08,22:30,3.96,2019
28-04-2019,18,00:30,3.96,2019
29-04-2019,27,16:20,6.12,2019
30-04-2019,21.96,18:10,5.04,2019
01-05-2019,29.88,17:20,5.04,2019
02-05-2019,27,17:20,3.96,2019
03-05-2019,28.08,16:50,5.04,2019
04-05-2019,24.84,20:50,3.96,2019
05-05-2019,23.04,17:50,5.04,2019
06-05-2019,34.92,15:50,5.04,2019
07-05-2019,33.12,Varias,9,2019
08-05-2019,50.04,09:40,11.88,2019
09-05-2019,30.96,17:20,5.04,2019
10-05-2019,33.12,12:30,6.84,2019
11-05-2019,20.88,15:10,3.96,2019
12-05-2019,25.92,11:40,6.12,2019
13-05-2019,14.04,12:50,2.88,2019
14-05-2019,21.96,19:00,5.04,2019
15-05-2019,25.92,16:40,5.04,2019
16-05-2019,24.84,18:20,5.04,2019
17-05-2019,33.84,13:30,6.84,2019
18-05-2019,25.92,15:00,6.12,2019
19-05-2019,21.96,13:10,2.88,2019
20-05-2019,19.08,16:20,5.04,2019
21-05-2019,21.96,13:40,2.88,2019
22-05-2019,29.16,15:20,7.92,2019
23-05-2019,25.92,17:30,5.04,2019
24-05-2019,30.96,12:00,5.04,2019
25-05-2019,24.12,15:10,5.04,2019
26-05-2019,23.04,14:10,3.96,2019
27-05-2019,27,16:30,6.12,2019
28-05-2019,27,17:20,3.96,2019
29-05-2019,20.88,15:40,5.04,2019
30-05-2019,20.16,18:40,2.88,2019
31-05-2019,27,17:20,6.12,2019
01-06-2019,29.88,15:50,6.84,2019
02-06-2019,27,13:20,7.92,2019
03-06-2019,29.88,15:20,6.84,2019
04-06-2019,32.04,14:10,7.92,2019
05-06-2019,32.04,13:20,7.92,2019
06-06-2019,46.08,10:40,11.88,2019
07-06-2019,28.08,16:50,3.96,2019
08-06-2019,21.96,16:30,3.96,2019
09-06-2019,24.84,17:10,3.96,2019
10-06-2019,21.96,16:50,2.88,2019
11-06-2019,25.92,16:20,6.12,2019
12-06-2019,19.08,18:40,3.96,2019
13-06-2019,23.04,17:10,3.96,2019
14-06-2019,28.08,14:30,5.04,2019
15-06-2019,24.12,15:00,6.12,2019
16-06-2019,28.08,17:10,3.96,2019
17-06-2019,18,11:30,3.96,2019
18-06-2019,38.88,12:50,6.84,2019
19-06-2019,19.08,12:20,6.12,2019
20-06-2019,19.08,13:20,2.16,2019
21-06-2019,20.88,14:30,3.96,2019
22-06-2019,27,13:30,6.12,2019
23-06-2019,24.12,16:30,5.04,2019
24-06-2019,18,17:10,3.96,2019
25-06-2019,21.96,18:10,3.96,2019
26-06-2019,23.04,Varias,5.04,2019
27-06-2019,20.16,17:50,3.96,2019
28-06-2019,21.96,19:20,5.04,2019
29-06-2019,24.12,15:20,5.04,2019
30-06-2019,15.84,15:20,3.96,2019
01-07-2019,21.96,17:10,3.96,2019
02-07-2019,23.04,16:20,5.04,2019
03-07-2019,21.96,20:30,5.04,2019
04-07-2019,36,12:40,6.84,2019
05-07-2019,30.96,15:30,6.12,2019
06-07-2019,27,15:20,2.88,2019
07-07-2019,24.12,18:10,5.04,2019
08-07-2019,29.16,15:50,5.04,2019
09-07-2019,20.88,16:00,5.04,2019
10-07-2019,28.08,17:20,5.04,2019
11-07-2019,24.12,17:40,6.12,2019
12-07-2019,21.96,20:10,3.96,2019
13-07-2019,24.12,14:10,3.96,2019
14-07-2019,19.08,15:00,2.88,2019
15-07-2019,19.08,15:00,3.96,2019
16-07-2019,24.84,15:40,3.96,2019
17-07-2019,25.92,15:30,3.96,2019
18-07-2019,23.04,14:50,3.96,2019
19-07-2019,21.96,18:10,6.12,2019
20-07-2019,24.84,19:40,5.04,2019
21-07-2019,21.96,18:20,3.96,2019
22-07-2019,19.08,15:40,3.96,2019
23-07-2019,32.04,14:30,6.12,2019
24-07-2019,32.04,15:10,5.04,2019
25-07-2019,36,12:50,6.12,2019
26-07-2019,28.08,16:00,6.12,2019
27-07-2019,20.16,17:20,3.96,2019
28-07-2019,24.12,16:40,6.12,2019
29-07-2019,33.84,12:10,10.08,2019
30-07-2019,27,14:10,2.88,2019
31-07-2019,24.84,15:40,3.96,2019
01-08-2019,24.12,19:20,3.96,2019
02-08-2019,19.08,Varias,5.04,2019
03-08-2019,25.92,16:40,5.04,2019
04-08-2019,27,17:00,5.04,2019
05-08-2019,29.88,17:50,6.84,2019
06-08-2019,20.16,15:10,3.96,2019
07-08-2019,14.04,17:50,2.88,2019
08-08-2019,41.04,16:20,6.84,2019
09-08-2019,46.08,11:50,9,2019
10-08-2019,20.88,15:10,5.04,2019
11-08-2019,29.16,Varias,5.04,2019
12-08-2019,20.88,10:40,2.88,2019
13-08-2019,20.16,18:00,5.04,2019
14-08-2019,18,13:50,2.88,2019
15-08-2019,21.96,17:00,3.96,2019
16-08-2019,28.08,15:10,6.84,2019
17-08-2019,29.88,14:30,6.12,2019
18-08-2019,20.88,13:10,6.12,2019
19-08-2019,27,16:20,5.04,2019
20-08-2019,23.04,20:30,5.04,2019
21-08-2019,24.84,20:00,5.04,2019
22-08-2019,28.08,15:10,5.04,2019
23-08-2019,30.96,13:40,6.84,2019
24-08-2019,27,15:40,3.96,2019
25-08-2019,20.16,22:00,3.96,2019
26-08-2019,20.88,15:20,3.96,2019
27-08-2019,18,17:10,5.04,2019
28-08-2019,18,15:20,5.04,2019
29-08-2019,20.88,20:40,3.96,2019
30-08-2019,24.12,14:10,5.04,2019
31-08-2019,21.96,16:50,3.96,2019
01-09-2019,33.12,14:00,3.96,2019
02-09-2019,24.12,13:50,3.96,2019
03-09-2019,18,19:10,2.88,2019
04-09-2019,25.92,10:30,3.96,2019
05-09-2019,28.08,11:20,6.12,2019
06-09-2019,24.84,17:20,5.04,2019
07-09-2019,28.08,13:50,5.04,2019
08-09-2019,20.16,12:20,3.96,2019
09-09-2019,24.84,15:20,3.96,2019
10-09-2019,38.16,15:30,3.96,2019
11-09-2019,25.92,11:40,6.12,2019
12-09-2019,19.08,15:00,2.88,2019
13-09-2019,23.04,15:20,5.04,2019
14-09-2019,20.88,19:10,3.96,2019
15-09-2019,24.12,15:10,3.96,2019
16-09-2019,27,12:30,6.12,2019
17-09-2019,29.88,16:40,5.04,2019
18-09-2019,14.04,14:00,2.88,2019
19-09-2019,24.12,14:50,3.96,2019
20-09-2019,21.96,Varias,3.96,2019
21-09-2019,33.12,15:40,6.84,2019
22-09-2019,34.92,15:40,6.84,2019
23-09-2019,29.88,23:10,3.96,2019
24-09-2019,32.04,14:10,9,2019
25-09-2019,15.12,Varias,3.96,2019
26-09-2019,20.16,14:50,3.96,2019
27-09-2019,21.96,16:00,3.96,2019
28-09-2019,14.04,11:20,3.96,2019
29-09-2019,28.08,15:40,2.88,2019
30-09-2019,28.08,16:40,3.96,2019
01-10-2019,28.08,13:40,6.84,2019
02-10-2019,15.12,16:00,2.16,2019
03-10-2019,14.04,19:00,2.88,2019
04-10-2019,14.04,16:20,3.96,2019
05-10-2019,15.84,14:20,2.88,2019
06-10-2019,15.12,15:20,1.08,2019
07-10-2019,11.88,14:20,3.96,2019
08-10-2019,19.08,13:50,2.88,2019
09-10-2019,20.88,16:10,2.88,2019
10-10-2019,14.04,10:10,2.88,2019
11-10-2019,21.96,14:20,2.88,2019
12-10-2019,39.96,14:20,7.92,2019
13-10-2019,25.92,04:00,2.16,2019
14-10-2019,47.88,11:30,5.04,2019
15-10-2019,27,15:00,5.04,2019
16-10-2019,33.84,11:20,11.16,2019
17-10-2019,24.84,11:30,3.96,2019
18-10-2019,28.08,14:40,5.04,2019
19-10-2019,11.88,10:30,2.88,2019
20-10-2019,25.92,13:50,2.16,2019
21-10-2019,21.96,15:00,2.88,2019
22-10-2019,20.88,15:10,3.96,2019
23-10-2019,21.96,15:10,2.16,2019
24-10-2019,28.08,14:10,2.88,2019
25-10-2019,27,Varias,2.88,2019
26-10-2019,27,15:20,2.88,2019
27-10-2019,15.12,13:00,2.88,2019
28-10-2019,19.08,14:10,2.16,2019
29-10-2019,11.88,14:10,1.08,2019
30-10-2019,15.12,09:30,5.04,2019
31-10-2019,18,22:00,3.96,2019
01-11-2019,36,13:00,9,2019
02-11-2019,30.96,14:30,6.12,2019
03-11-2019,36,Varias,9,2019
04-11-2019,38.88,04:20,7.92,2019
05-11-2019,23.04,Varias,3.96,2019
06-11-2019,24.84,22:20,3.96,2019
07-11-2019,29.88,15:50,6.84,2019
08-11-2019,15.12,Varias,2.88,2019
09-11-2019,15.84,17:20,2.16,2019
10-11-2019,10.08,Varias,2.16,2019
11-11-2019,20.88,14:10,1.08,2019
12-11-2019,24.84,15:20,3.96,2019
13-11-2019,32.04,23:30,2.16,2019
14-11-2019,39.96,13:40,6.84,2019
15-11-2019,29.88,17:10,6.12,2019
16-11-2019,18,15:10,2.16,2019
17-11-2019,27,14:50,2.16,2019
18-11-2019,12.96,13:50,2.88,2019
19-11-2019,18,15:20,2.88,2019
20-11-2019,21.96,14:20,2.16,2019
21-11-2019,27,13:20,5.04,2019
22-11-2019,38.16,10:20,9,2019
23-11-2019,23.04,12:20,2.88,2019
24-11-2019,24.12,16:50,2.88,2019
25-11-2019,27,13:40,7.92,2019
26-11-2019,47.88,19:10,11.88,2019
27-11-2019,32.04,00:30,7.92,2019
28-11-2019,32.04,18:00,3.96,2019
29-11-2019,10.08,05:20,2.16,2019
30-11-2019,27,05:00,6.84,2019
01-12-2019,28.08,00:30,5.04,2019
02-12-2019,24.84,17:00,5.04,2019
03-12-2019,15.12,13:30,2.88,2019
04-12-2019,10.08,10:30,3.96,2019
05-12-2019,10.08,15:40,1.08,2019
06-12-2019,15.12,07:30,2.16,2019
07-12-2019,10.08,05:20,2.88,2019
08-12-2019,7.92,Varias,1.08,2019
09-12-2019,11.88,02:50,2.88,2019
10-12-2019,11.88,16:30,3.96,2019
11-12-2019,23.04,14:00,3.96,2019
12-12-2019,25.92,13:40,6.12,2019
13-12-2019,25.92,Varias,6.84,2019
14-12-2019,39.96,14:30,7.92,2019
15-12-2019,19.08,08:30,1.08,2019
16-12-2019,14.04,13:50,2.16,2019
17-12-2019,20.88,23:59,2.88,2019
18-12-2019,47.88,19:40,15.84,2019
19-12-2019,72,03:10,6.84,2019
20-12-2019,23.04,03:10,6.84,2019
21-12-2019,66.96,08:30,11.16,2019
22-12-2019,47.16,14:40,7.92,2019
23-12-2019,10.08,13:10,2.16,2019
24-12-2019,24.12,12:20,5.04,2019
25-12-2019,33.84,18:10,7.92,2019
26-12-2019,9,Varias,2.16,2019
27-12-2019,10.08,Varias,2.88,2019
28-12-2019,10.08,08:00,2.16,2019
29-12-2019,6.12,Varias,1.08,2019
30-12-2019,10.08,21:36,2.16,2019
31-12-2019,14.04,10:03,2.88,2019
01-01-2020,12.96,03:50,3.96,2020
02-01-2020,11.88,04:10,2.88,2020
03-01-2020,6.84,20:10,1.08,2020
04-01-2020,15.84,13:00,3.96,2020
05-01-2020,11.16,08:10,2.88,2020
06-01-2020,11.16,05:50,2.16,2020
07-01-2020,14.04,03:00,2.88,2020
08-01-2020,7.92,14:40,2.16,2020
09-01-2020,51.12,13:10,7.92,2020
10-01-2020,14.04,16:20,3.96,2020
11-01-2020,10.08,08:40,2.88,2020
12-01-2020,11.88,08:30,2.88,2020
13-01-2020,34.92,18:30,6.12,2020
14-01-2020,41.04,14:20,10.08,2020
15-01-2020,46.08,03:20,3.96,2020
16-01-2020,51.12,17:20,6.84,2020
17-01-2020,11.88,00:40,2.88,2020
18-01-2020,39.96,13:30,9,2020
19-01-2020,27,Varias,6.12,2020
20-01-2020,33.12,13:50,6.84,2020
21-01-2020,30.96,14:20,5.04,2020
22-01-2020,34.92,14:00,7.92,2020
23-01-2020,9,14:50,2.88,2020
24-01-2020,14.04,15:20,2.88,2020
25-01-2020,7.92,12:40,2.88,2020
26-01-2020,20.88,23:20,2.88,2020
27-01-2020,33.84,15:00,5.04,2020
28-01-2020,14.04,00:20,1.08,2020
29-01-2020,15.12,20:40,2.16,2020
30-01-2020,28.08,14:20,6.84,2020
31-01-2020,29.16,23:10,6.12,2020
01-02-2020,25.92,16:20,3.96,2020
02-02-2020,24.12,12:40,6.12,2020
03-02-2020,20.16,16:20,2.16,2020
04-02-2020,19.08,14:20,2.88,2020
05-02-2020,23.04,15:50,3.96,2020
06-02-2020,16.92,12:50,2.88,2020
07-02-2020,15.84,14:00,2.16,2020
08-02-2020,28.08,04:20,3.96,2020
09-02-2020,11.16,21:50,2.16,2020
10-02-2020,42.12,13:30,7.92,2020
11-02-2020,7.92,00:20,2.88,2020
12-02-2020,25.92,21:30,3.96,2020
13-02-2020,30.96,12:10,6.84,2020
14-02-2020,16.92,15:10,2.88,2020
15-02-2020,28.08,16:50,6.12,2020
16-02-2020,45,11:50,11.88,2020
17-02-2020,32.04,03:10,5.04,2020
18-02-2020,23.04,16:20,2.88,2020
19-02-2020,11.16,07:30,2.88,2020
20-02-2020,11.88,16:00,3.96,2020
21-02-2020,11.16,Varias,2.16,2020
22-02-2020,14.04,11:50,2.88,2020
23-02-2020,9,Varias,2.88,2020
24-02-2020,23.04,16:30,3.96,2020
25-02-2020,20.88,17:20,2.88,2020
26-02-2020,24.12,15:00,5.04,2020
27-02-2020,33.84,10:50,9,2020
28-02-2020,30.96,16:00,3.96,2020
29-02-2020,41.04,12:20,11.16,2020
01-03-2020,51.84,21:30,11.16,2020
02-03-2020,51.12,00:50,7.92,2020
03-03-2020,32.04,Varias,9,2020
04-03-2020,37.08,15:50,11.16,2020
05-03-2020,36,03:30,5.04,2020
06-03-2020,32.04,15:10,5.04,2020
07-03-2020,15.84,13:40,3.96,2020
08-03-2020,27,14:00,6.12,2020
09-03-2020,14.04,12:40,1.08,2020
10-03-2020,24.12,15:10,3.96,2020
11-03-2020,24.12,15:30,2.88,2020
12-03-2020,23.04,Varias,5.04,2020
13-03-2020,23.04,15:00,5.04,2020
14-03-2020,11.88,08:40,3.96,2020
15-03-2020,24.12,12:50,3.96,2020
16-03-2020,38.88,16:10,9,2020
17-03-2020,23.04,15:20,5.04,2020
18-03-2020,9,12:50,2.88,2020
19-03-2020,19.08,15:10,2.88,2020
20-03-2020,15.12,14:20,2.88,2020
21-03-2020,19.08,13:10,5.04,2020
22-03-2020,16.92,13:10,5.04,2020
23-03-2020,20.88,18:30,5.04,2020
24-03-2020,15.84,13:40,3.96,2020
25-03-2020,29.88,16:50,3.96,2020
26-03-2020,27,14:30,6.12,2020
27-03-2020,28.08,16:30,6.12,2020
28-03-2020,15.84,14:50,3.96,2020
29-03-2020,23.04,19:00,3.96,2020
30-03-2020,33.84,18:30,5.04,2020
31-03-2020,20.88,09:30,2.88,2020
01-04-2020,19.08,14:20,2.88,2020
02-04-2020,23.04,17:30,3.96,2020
03-04-2020,15.12,13:20,3.96,2020
04-04-2020,42.84,13:10,10.08,2020
05-04-2020,42.84,09:40,7.92,2020
06-04-2020,18,16:40,2.16,2020
07-04-2020,21.96,10:50,3.96,2020
08-04-2020,19.08,16:40,2.88,2020
09-04-2020,15.84,19:40,3.96,2020
10-04-2020,24.84,16:50,3.96,2020
11-04-2020,18,14:00,2.88,2020
12-04-2020,27,16:20,3.96,2020
13-04-2020,20.88,03:30,2.88,2020
14-04-2020,21.96,13:50,2.16,2020
15-04-2020,33.84,12:10,6.84,2020
16-04-2020,30.96,12:20,7.92,2020
17-04-2020,27,15:00,5.04,2020
18-04-2020,18,17:20,2.88,2020
19-04-2020,25.92,17:20,3.96,2020
20-04-2020,21.96,16:50,5.04,2020
21-04-2020,24.12,17:30,3.96,2020
22-04-2020,14.04,Varias,2.88,2020
23-04-2020,23.04,17:40,5.04,2020
24-04-2020,30.96,15:30,5.04,2020
25-04-2020,18,18:30,5.04,2020
26-04-2020,24.84,15:30,3.96,2020
27-04-2020,32.04,14:30,7.92,2020
28-04-2020,42.12,12:10,9,2020
29-04-2020,41.04,13:00,10.08,2020
30-04-2020,38.88,11:10,11.16,2020
01-05-2020,37.08,14:20,10.08,2020
02-05-2020,27,11:50,6.12,2020
03-05-2020,34.92,16:20,6.84,2020
04-05-2020,55.08,14:00,7.92,2020
05-05-2020,37.08,11:00,9,2020
06-05-2020,23.04,13:30,5.04,2020
07-05-2020,20.88,18:20,5.04,2020
08-05-2020,29.88,12:50,5.04,2020
09-05-2020,42.12,12:50,6.84,2020
10-05-2020,20.88,14:50,3.96,2020
11-05-2020,25.92,15:30,5.04,2020
12-05-2020,39.96,15:20,3.96,2020
13-05-2020,28.08,17:30,5.04,2020
14-05-2020,24.12,12:10,2.88,2020
15-05-2020,24.84,Varias,5.04,2020
16-05-2020,24.84,18:50,5.04,2020
17-05-2020,16.92,17:40,3.96,2020
18-05-2020,25.92,16:30,5.04,2020
19-05-2020,20.88,18:40,5.04,2020
20-05-2020,30.96,15:40,2.88,2020
21-05-2020,32.04,16:40,6.12,2020
22-05-2020,25.92,18:00,6.12,2020
23-05-2020,25.92,21:00,5.04,2020
24-05-2020,18,16:10,3.96,2020
25-05-2020,28.08,14:20,5.04,2020
26-05-2020,23.04,17:30,5.04,2020
27-05-2020,27,16:00,3.96,2020
28-05-2020,25.92,16:10,3.96,2020
29-05-2020,20.16,12:30,3.96,2020
30-05-2020,21.96,14:10,5.04,2020
31-05-2020,24.84,21:50,5.04,2020
01-06-2020,29.88,15:40,5.04,2020
02-06-2020,38.16,18:10,5.04,2020
03-06-2020,28.08,16:40,7.92,2020
04-06-2020,23.04,15:30,3.96,2020
05-06-2020,21.96,17:00,5.04,2020
06-06-2020,24.84,15:50,3.96,2020
07-06-2020,28.08,16:50,5.04,2020
08-06-2020,27,12:00,5.04,2020
09-06-2020,20.88,13:30,3.96,2020
10-06-2020,21.96,17:10,3.96,2020
11-06-2020,37.08,14:30,6.12,2020
12-06-2020,27,14:30,2.88,2020
13-06-2020,32.04,17:30,6.84,2020
14-06-2020,24.12,12:20,6.12,2020
15-06-2020,23.04,15:00,5.04,2020
16-06-2020,27,16:20,6.84,2020
17-06-2020,24.12,17:10,5.04,2020
18-06-2020,25.92,16:50,5.04,2020
19-06-2020,25.92,17:00,6.12,2020
20-06-2020,29.16,14:30,6.12,2020
21-06-2020,24.84,18:40,6.12,2020
22-06-2020,18,17:20,2.88,2020
23-06-2020,27,15:50,3.96,2020
24-06-2020,25.92,14:50,6.12,2020
25-06-2020,24.84,17:10,6.12,2020
26-06-2020,25.92,13:10,6.12,2020
27-06-2020,32.04,14:00,9,2020
28-06-2020,24.84,18:40,3.96,2020
29-06-2020,24.12,13:10,3.96,2020
30-06-2020,28.08,17:20,5.04,2020
01-07-2020,29.16,14:40,6.84,2020
02-07-2020,24.84,17:30,6.12,2020
03-07-2020,28.08,13:50,3.96,2020
04-07-2020,20.16,15:30,3.96,2020
05-07-2020,25.92,18:00,3.96,2020
06-07-2020,28.08,21:30,5.04,2020
07-07-2020,21.96,20:00,5.04,2020
08-07-2020,30.96,18:40,6.12,2020
09-07-2020,28.08,15:20,5.04,2020
10-07-2020,29.16,12:50,5.04,2020
11-07-2020,29.16,20:40,3.96,2020
12-07-2020,27,17:30,5.04,2020
13-07-2020,24.84,16:10,6.12,2020
14-07-2020,32.04,18:10,6.12,2020
15-07-2020,27,16:20,5.04,2020
16-07-2020,24.84,16:00,5.04,2020
17-07-2020,29.16,20:20,5.04,2020
18-07-2020,24.12,18:00,6.84,2020
19-07-2020,27,17:00,3.96,2020
20-07-2020,27,17:00,5.04,2020
21-07-2020,24.84,17:10,3.96,2020
22-07-2020,25.92,16:50,2.88,2020
23-07-2020,27,17:50,6.12,2020
24-07-2020,24.12,14:30,3.96,2020
25-07-2020,28.08,15:50,5.04,2020
26-07-2020,21.96,17:40,3.96,2020
27-07-2020,24.12,17:30,6.12,2020
28-07-2020,24.12,16:20,5.04,2020
29-07-2020,21.96,19:50,5.04,2020
30-07-2020,33.84,15:40,5.04,2020
31-07-2020,25.92,15:00,6.84,2020
01-08-2020,28.08,18:40,3.96,2020
02-08-2020,21.96,Varias,3.96,2020
03-08-2020,24.84,16:10,5.04,2020
04-08-2020,18,10:10,5.04,2020
05-08-2020,25.92,17:00,5.04,2020
06-08-2020,30.96,16:00,2.88,2020
07-08-2020,21.96,16:00,3.96,2020
08-08-2020,20.88,13:50,5.04,2020
09-08-2020,25.92,17:30,6.12,2020
10-08-2020,29.16,18:50,5.04,2020
11-08-2020,36,16:40,6.12,2020
12-08-2020,14.04,Varias,3.96,2020
13-08-2020,16.92,18:10,3.96,2020
14-08-2020,24.84,14:00,5.04,2020
15-08-2020,33.12,16:20,6.84,2020
16-08-2020,25.92,14:50,3.96,2020
17-08-2020,24.12,16:10,2.88,2020
18-08-2020,24.12,15:10,6.12,2020
19-08-2020,37.08,12:20,11.16,2020
20-08-2020,36,15:50,6.12,2020
21-08-2020,30.96,13:30,5.04,2020
22-08-2020,19.08,17:50,3.96,2020
23-08-2020,20.88,16:10,3.96,2020
24-08-2020,19.08,16:20,3.96,2020
25-08-2020,23.04,18:00,6.12,2020
26-08-2020,23.04,18:50,5.04,2020
27-08-2020,24.84,15:40,6.84,2020
28-08-2020,29.88,10:30,5.04,2020
29-08-2020,34.92,13:30,5.04,2020
30-08-2020,23.04,13:30,3.96,2020
31-08-2020,23.04,13:00,6.84,2020
01-09-2020,24.12,14:00,5.04,2020
02-09-2020,19.08,14:00,3.96,2020
03-09-2020,16.92,13:50,2.88,2020
04-09-2020,29.16,13:50,5.04,2020
05-09-2020,24.12,13:30,5.04,2020
06-09-2020,24.12,Varias,5.04,2020
07-09-2020,21.96,19:00,5.04,2020
08-09-2020,16.92,09:10,2.16,2020
09-09-2020,16.92,18:40,2.88,2020
10-09-2020,16.92,14:40,5.04,2020
11-09-2020,20.88,17:20,3.96,2020
12-09-2020,19.08,15:20,2.88,2020
13-09-2020,32.04,15:10,5.04,2020
14-09-2020,25.92,17:30,5.04,2020
15-09-2020,23.04,12:00,6.12,2020
16-09-2020,29.16,13:20,5.04,2020
17-09-2020,36,12:10,6.84,2020
18-09-2020,37.08,18:50,6.12,2020
19-09-2020,12.96,19:00,2.88,2020
20-09-2020,15.84,15:20,2.88,2020
21-09-2020,23.04,16:30,5.04,2020
22-09-2020,29.16,15:20,2.88,2020
23-09-2020,24.12,14:30,6.12,2020
24-09-2020,33.84,13:00,6.84,2020
25-09-2020,28.08,13:20,3.96,2020
26-09-2020,14.04,16:00,2.88,2020
27-09-2020,21.96,10:10,2.88,2020
28-09-2020,15.84,16:00,2.88,2020
29-09-2020,15.12,17:40,2.16,2020
30-09-2020,25.92,14:20,5.04,2020
01-10-2020,36,22:10,9,2020
02-10-2020,42.84,13:50,6.12,2020
03-10-2020,27,16:10,6.84,2020
04-10-2020,28.08,14:30,3.96,2020
05-10-2020,24.84,15:00,2.88,2020
06-10-2020,33.12,12:40,5.04,2020
07-10-2020,15.12,14:20,2.16,2020
08-10-2020,15.84,18:30,3.96,2020
09-10-2020,14.04,12:20,2.88,2020
10-10-2020,27,14:40,3.96,2020
11-10-2020,23.04,14:10,5.04,2020
12-10-2020,14.04,15:00,2.88,2020
13-10-2020,24.12,13:40,3.96,2020
14-10-2020,24.12,15:50,3.96,2020
15-10-2020,18,17:00,2.88,2020
16-10-2020,15.84,12:00,2.88,2020
17-10-2020,12.96,15:00,2.16,2020
18-10-2020,27,14:40,6.12,2020
19-10-2020,50.04,10:10,6.12,2020
20-10-2020,34.92,11:50,3.96,2020
21-10-2020,18,14:10,2.88,2020
22-10-2020,25.92,13:40,3.96,2020
23-10-2020,24.84,14:40,2.88,2020
24-10-2020,36,21:10,3.96,2020
25-10-2020,34.92,12:30,5.04,2020
26-10-2020,28.08,14:00,3.96,2020
27-10-2020,23.04,03:40,2.16,2020
28-10-2020,20.88,14:30,3.96,2020
29-10-2020,23.04,16:00,3.96,2020
30-10-2020,25.92,13:10,3.96,2020
31-10-2020,18,12:40,3.96,2020
01-11-2020,24.84,22:20,1.08,2020
02-11-2020,28.08,12:00,2.88,2020
03-11-2020,25.92,14:10,3.96,2020
04-11-2020,29.16,18:00,5.04,2020
05-11-2020,32.04,08:30,6.12,2020
06-11-2020,34.92,15:30,6.12,2020
07-11-2020,21.96,13:20,2.88,2020
08-11-2020,29.88,04:00,6.84,2020
09-11-2020,20.88,13:20,2.88,2020
10-11-2020,14.04,13:10,3.96,2020
11-11-2020,38.16,09:40,9,2020
12-11-2020,24.84,14:50,3.96,2020
13-11-2020,20.16,18:20,3.96,2020
14-11-2020,29.88,10:10,7.92,2020
15-11-2020,32.04,12:40,6.12,2020
16-11-2020,10.08,11:50,2.88,2020
17-11-2020,33.12,14:00,5.04,2020
18-11-2020,30.96,11:00,6.84,2020
19-11-2020,21.96,16:30,3.96,2020
20-11-2020,15.12,Varias,3.96,2020
21-11-2020,10.08,13:30,2.88,2020
22-11-2020,10.08,06:20,2.16,2020
23-11-2020,11.16,12:10,2.88,2020
24-11-2020,15.84,20:40,2.16,2020
25-11-2020,12.96,03:00,2.88,2020
26-11-2020,21.96,16:20,2.16,2020
27-11-2020,11.88,18:20,2.88,2020
28-11-2020,29.16,14:20,2.88,2020
29-11-2020,21.96,13:00,5.04,2020
30-11-2020,11.88,00:40,2.88,2020
01-12-2020,11.88,08:50,2.88,2020
02-12-2020,19.08,13:20,2.16,2020
03-12-2020,30.96,23:00,6.12,2020
04-12-2020,32.04,01:30,5.04,2020
05-12-2020,18,15:10,2.16,2020
06-12-2020,15.12,21:20,2.88,2020
07-12-2020,33.84,15:00,6.84,2020
08-12-2020,24.12,14:30,3.96,2020
09-12-2020,12.96,08:40,2.88,2020
10-12-2020,19.08,21:10,2.88,2020
11-12-2020,39.96,13:30,7.92,2020
12-12-2020,18,Varias,3.96,2020
13-12-2020,27,19:50,6.12,2020
14-12-2020,29.88,11:30,5.04,2020
15-12-2020,33.12,21:20,9,2020
16-12-2020,32.04,01:40,2.88,2020
17-12-2020,18,21:30,2.88,2020
18-12-2020,37.08,10:10,10.08,2020
19-12-2020,14.04,13:40,1.08,2020
20-12-2020,20.16,11:50,3.96,2020
21-12-2020,16.92,16:30,1.08,2020
22-12-2020,27,14:40,7.92,2020
23-12-2020,20.88,Varias,3.96,2020
24-12-2020,10.08,03:20,2.88,2020
25-12-2020,19.08,Varias,5.04,2020
26-12-2020,15.12,15:50,2.88,2020
27-12-2020,50.04,17:30,9,2020
28-12-2020,39.96,01:10,5.04,2020
29-12-2020,25.92,15:20,3.96,2020
30-12-2020,15.12,16:50,2.88,2020
31-12-2020,23.04,13:00,6.12,2020
01-01-2020,12.96,03:50,3.96,2020
02-01-2020,11.88,04:10,2.88,2020
03-01-2020,6.84,20:10,1.08,2020
04-01-2020,15.84,13:00,3.96,2020
05-01-2020,11.16,08:10,2.88,2020
06-01-2020,11.16,05:50,2.16,2020
07-01-2020,14.04,03:00,2.88,2020
08-01-2020,7.92,14:40,2.16,2020
09-01-2020,51.12,13:10,7.92,2020
10-01-2020,14.04,16:20,3.96,2020
11-01-2020,10.08,08:40,2.88,2020
12-01-2020,11.88,08:30,2.88,2020
13-01-2020,34.92,18:30,6.12,2020
14-01-2020,41.04,14:20,10.08,2020
15-01-2020,46.08,03:20,3.96,2020
16-01-2020,51.12,17:20,6.84,2020
17-01-2020,11.88,00:40,2.88,2020
18-01-2020,39.96,13:30,9,2020
19-01-2020,27,Varias,6.12,2020
20-01-2020,33.12,13:50,6.84,2020
21-01-2020,30.96,14:20,5.04,2020
22-01-2020,34.92,14:00,7.92,2020
23-01-2020,9,14:50,2.88,2020
24-01-2020,14.04,15:20,2.88,2020
25-01-2020,7.92,12:40,2.88,2020
26-01-2020,20.88,23:20,2.88,2020
27-01-2020,33.84,15:00,5.04,2020
28-01-2020,14.04,00:20,1.08,2020
29-01-2020,15.12,20:40,2.16,2020
30-01-2020,28.08,14:20,6.84,2020
31-01-2020,29.16,23:10,6.12,2020
01-02-2020,25.92,16:20,3.96,2020
02-02-2020,24.12,12:40,6.12,2020
03-02-2020,20.16,16:20,2.16,2020
04-02-2020,19.08,14:20,2.88,2020
05-02-2020,23.04,15:50,3.96,2020
06-02-2020,16.92,12:50,2.88,2020
07-02-2020,15.84,14:00,2.16,2020
08-02-2020,28.08,04:20,3.96,2020
09-02-2020,11.16,21:50,2.16,2020
10-02-2020,42.12,13:30,7.92,2020
11-02-2020,7.92,00:20,2.88,2020
12-02-2020,25.92,21:30,3.96,2020
13-02-2020,30.96,12:10,6.84,2020
14-02-2020,16.92,15:10,2.88,2020
15-02-2020,28.08,16:50,6.12,2020
16-02-2020,45,11:50,11.88,2020
17-02-2020,32.04,03:10,5.04,2020
18-02-2020,23.04,16:20,2.88,2020
19-02-2020,11.16,07:30,2.88,2020
20-02-2020,11.88,16:00,3.96,2020
21-02-2020,11.16,Varias,2.16,2020
22-02-2020,14.04,11:50,2.88,2020
23-02-2020,9,Varias,2.88,2020
24-02-2020,23.04,16:30,3.96,2020
25-02-2020,20.88,17:20,2.88,2020
26-02-2020,24.12,15:00,5.04,2020
27-02-2020,33.84,10:50,9,2020
28-02-2020,30.96,16:00,3.96,2020
29-02-2020,41.04,12:20,11.16,2020
01-03-2020,51.84,21:30,11.16,2020
02-03-2020,51.12,00:50,7.92,2020
03-03-2020,32.04,Varias,9,2020
04-03-2020,37.08,15:50,11.16,2020
05-03-2020,36,03:30,5.04,2020
06-03-2020,32.04,15:10,5.04,2020
07-03-2020,15.84,13:40,3.96,2020
08-03-2020,27,14:00,6.12,2020
09-03-2020,14.04,12:40,1.08,2020
10-03-2020,24.12,15:10,3.96,2020
11-03-2020,24.12,15:30,2.88,2020
12-03-2020,23.04,Varias,5.04,2020
13-03-2020,23.04,15:00,5.04,2020
14-03-2020,11.88,08:40,3.96,2020
15-03-2020,24.12,12:50,3.96,2020
16-03-2020,38.88,16:10,9,2020
17-03-2020,23.04,15:20,5.04,2020
18-03-2020,9,12:50,2.88,2020
19-03-2020,19.08,15:10,2.88,2020
20-03-2020,15.12,14:20,2.88,2020
21-03-2020,19.08,13:10,5.04,2020
22-03-2020,16.92,13:10,5.04,2020
23-03-2020,20.88,18:30,5.04,2020
24-03-2020,15.84,13:40,3.96,2020
25-03-2020,29.88,16:50,3.96,2020
26-03-2020,27,14:30,6.12,2020
27-03-2020,28.08,16:30,6.12,2020
28-03-2020,15.84,14:50,3.96,2020
29-03-2020,23.04,19:00,3.96,2020
30-03-2020,33.84,18:30,5.04,2020
31-03-2020,20.88,09:30,2.88,2020
01-04-2020,19.08,14:20,2.88,2020
02-04-2020,23.04,17:30,3.96,2020
03-04-2020,15.12,13:20,3.96,2020
04-04-2020,42.84,13:10,10.08,2020
05-04-2020,42.84,09:40,7.92,2020
06-04-2020,18,16:40,2.16,2020
07-04-2020,21.96,10:50,3.96,2020
08-04-2020,19.08,16:40,2.88,2020
09-04-2020,15.84,19:40,3.96,2020
10-04-2020,24.84,16:50,3.96,2020
11-04-2020,18,14:00,2.88,2020
12-04-2020,27,16:20,3.96,2020
13-04-2020,20.88,03:30,2.88,2020
14-04-2020,21.96,13:50,2.16,2020
15-04-2020,33.84,12:10,6.84,2020
16-04-2020,30.96,12:20,7.92,2020
17-04-2020,27,15:00,5.04,2020
18-04-2020,18,17:20,2.88,2020
19-04-2020,25.92,17:20,3.96,2020
20-04-2020,21.96,16:50,5.04,2020
21-04-2020,24.12,17:30,3.96,2020
22-04-2020,14.04,Varias,2.88,2020
23-04-2020,23.04,17:40,5.04,2020
24-04-2020,30.96,15:30,5.04,2020
25-04-2020,18,18:30,5.04,2020
26-04-2020,24.84,15:30,3.96,2020
27-04-2020,32.04,14:30,7.92,2020
28-04-2020,42.12,12:10,9,2020
29-04-2020,41.04,13:00,10.08,2020
30-04-2020,38.88,11:10,11.16,2020
01-05-2020,37.08,14:20,10.08,2020
02-05-2020,27,11:50,6.12,2020
03-05-2020,34.92,16:20,6.84,2020
04-05-2020,55.08,14:00,7.92,2020
05-05-2020,37.08,11:00,9,2020
06-05-2020,23.04,13:30,5.04,2020
07-05-2020,20.88,18:20,5.04,2020
08-05-2020,29.88,12:50,5.04,2020
09-05-2020,42.12,12:50,6.84,2020
10-05-2020,20.88,14:50,3.96,2020
11-05-2020,25.92,15:30,5.04,2020
12-05-2020,39.96,15:20,3.96,2020
13-05-2020,28.08,17:30,5.04,2020
14-05-2020,24.12,12:10,2.88,2020
15-05-2020,24.84,Varias,5.04,2020
16-05-2020,24.84,18:50,5.04,2020
17-05-2020,16.92,17:40,3.96,2020
18-05-2020,25.92,16:30,5.04,2020
19-05-2020,20.88,18:40,5.04,2020
20-05-2020,30.96,15:40,2.88,2020
21-05-2020,32.04,16:40,6.12,2020
22-05-2020,25.92,18:00,6.12,2020
23-05-2020,25.92,21:00,5.04,2020
24-05-2020,18,16:10,3.96,2020
25-05-2020,28.08,14:20,5.04,2020
26-05-2020,23.04,17:30,5.04,2020
27-05-2020,27,16:00,3.96,2020
28-05-2020,25.92,16:10,3.96,2020
29-05-2020,20.16,12:30,3.96,2020
30-05-2020,21.96,14:10,5.04,2020
31-05-2020,24.84,21:50,5.04,2020
01-06-2020,29.88,15:40,5.04,2020
02-06-2020,38.16,18:10,5.04,2020
03-06-2020,28.08,16:40,7.92,2020
04-06-2020,23.04,15:30,3.96,2020
05-06-2020,21.96,17:00,5.04,2020
06-06-2020,24.84,15:50,3.96,2020
07-06-2020,28.08,16:50,5.04,2020
08-06-2020,27,12:00,5.04,2020
09-06-2020,20.88,13:30,3.96,2020
10-06-2020,21.96,17:10,3.96,2020
11-06-2020,37.08,14:30,6.12,2020
12-06-2020,27,14:30,2.88,2020
13-06-2020,32.04,17:30,6.84,2020
14-06-2020,24.12,12:20,6.12,2020
15-06-2020,23.04,15:00,5.04,2020
16-06-2020,27,16:20,6.84,2020
17-06-2020,24.12,17:10,5.04,2020
18-06-2020,25.92,16:50,5.04,2020
19-06-2020,25.92,17:00,6.12,2020
20-06-2020,29.16,14:30,6.12,2020
21-06-2020,24.84,18:40,6.12,2020
22-06-2020,18,17:20,2.88,2020
23-06-2020,27,15:50,3.96,2020
24-06-2020,25.92,14:50,6.12,2020
25-06-2020,24.84,17:10,6.12,2020
26-06-2020,25.92,13:10,6.12,2020
27-06-2020,32.04,14:00,9,2020
28-06-2020,24.84,18:40,3.96,2020
29-06-2020,24.12,13:10,3.96,2020
30-06-2020,28.08,17:20,5.04,2020
01-07-2020,29.16,14:40,6.84,2020
02-07-2020,24.84,17:30,6.12,2020
03-07-2020,28.08,13:50,3.96,2020
04-07-2020,20.16,15:30,3.96,2020
05-07-2020,25.92,18:00,3.96,2020
06-07-2020,28.08,21:30,5.04,2020
07-07-2020,21.96,20:00,5.04,2020
08-07-2020,30.96,18:40,6.12,2020
09-07-2020,28.08,15:20,5.04,2020
10-07-2020,29.16,12:50,5.04,2020
11-07-2020,29.16,20:40,3.96,2020
12-07-2020,27,17:30,5.04,2020
13-07-2020,24.84,16:10,6.12,2020
14-07-2020,32.04,18:10,6.12,2020
15-07-2020,27,16:20,5.04,2020
16-07-2020,24.84,16:00,5.04,2020
17-07-2020,29.16,20:20,5.04,2020
18-07-2020,24.12,18:00,6.84,2020
19-07-2020,27,17:00,3.96,2020
20-07-2020,27,17:00,5.04,2020
21-07-2020,24.84,17:10,3.96,2020
22-07-2020,25.92,16:50,2.88,2020
23-07-2020,27,17:50,6.12,2020
24-07-2020,24.12,14:30,3.96,2020
25-07-2020,28.08,15:50,5.04,2020
26-07-2020,21.96,17:40,3.96,2020
27-07-2020,24.12,17:30,6.12,2020
28-07-2020,24.12,16:20,5.04,2020
29-07-2020,21.96,19:50,5.04,2020
30-07-2020,33.84,15:40,5.04,2020
31-07-2020,25.92,15:00,6.84,2020
01-08-2020,28.08,18:40,3.96,2020
02-08-2020,21.96,Varias,3.96,2020
03-08-2020,24.84,16:10,5.04,2020
04-08-2020,18,10:10,5.04,2020
05-08-2020,25.92,17:00,5.04,2020
06-08-2020,30.96,16:00,2.88,2020
07-08-2020,21.96,16:00,3.96,2020
08-08-2020,20.88,13:50,5.04,2020
09-08-2020,25.92,17:30,6.12,2020
10-08-2020,29.16,18:50,5.04,2020
11-08-2020,36,16:40,6.12,2020
12-08-2020,14.04,Varias,3.96,2020
13-08-2020,16.92,18:10,3.96,2020
14-08-2020,24.84,14:00,5.04,2020
15-08-2020,33.12,16:20,6.84,2020
16-08-2020,25.92,14:50,3.96,2020
17-08-2020,24.12,16:10,2.88,2020
18-08-2020,24.12,15:10,6.12,2020
19-08-2020,37.08,12:20,11.16,2020
20-08-2020,36,15:50,6.12,2020
21-08-2020,30.96,13:30,5.04,2020
22-08-2020,19.08,17:50,3.96,2020
23-08-2020,20.88,16:10,3.96,2020
24-08-2020,19.08,16:20,3.96,2020
25-08-2020,23.04,18:00,6.12,2020
26-08-2020,23.04,18:50,5.04,2020
27-08-2020,24.84,15:40,6.84,2020
28-08-2020,29.88,10:30,5.04,2020
29-08-2020,34.92,13:30,5.04,2020
30-08-2020,23.04,13:30,3.96,2020
31-08-2020,23.04,13:00,6.84,2020
01-09-2020,24.12,14:00,5.04,2020
02-09-2020,19.08,14:00,3.96,2020
03-09-2020,16.92,13:50,2.88,2020
04-09-2020,29.16,13:50,5.04,2020
05-09-2020,24.12,13:30,5.04,2020
06-09-2020,24.12,Varias,5.04,2020
07-09-2020,21.96,19:00,5.04,2020
08-09-2020,16.92,09:10,2.16,2020
09-09-2020,16.92,18:40,2.88,2020
10-09-2020,16.92,14:40,5.04,2020
11-09-2020,20.88,17:20,3.96,2020
12-09-2020,19.08,15:20,2.88,2020
13-09-2020,32.04,15:10,5.04,2020
14-09-2020,25.92,17:30,5.04,2020
15-09-2020,23.04,12:00,6.12,2020
16-09-2020,29.16,13:20,5.04,2020
17-09-2020,36,12:10,6.84,2020
18-09-2020,37.08,18:50,6.12,2020
19-09-2020,12.96,19:00,2.88,2020
20-09-2020,15.84,15:20,2.88,2020
21-09-2020,23.04,16:30,5.04,2020
22-09-2020,29.16,15:20,2.88,2020
23-09-2020,24.12,14:30,6.12,2020
24-09-2020,33.84,13:00,6.84,2020
25-09-2020,28.08,13:20,3.96,2020
26-09-2020,14.04,16:00,2.88,2020
27-09-2020,21.96,10:10,2.88,2020
28-09-2020,15.84,16:00,2.88,2020
29-09-2020,15.12,17:40,2.16,2020
30-09-2020,25.92,14:20,5.04,2020
01-10-2020,36,22:10,9,2020
02-10-2020,42.84,13:50,6.12,2020
03-10-2020,27,16:10,6.84,2020
04-10-2020,28.08,14:30,3.96,2020
05-10-2020,24.84,15:00,2.88,2020
06-10-2020,33.12,12:40,5.04,2020
07-10-2020,15.12,14:20,2.16,2020
08-10-2020,15.84,18:30,3.96,2020
09-10-2020,14.04,12:20,2.88,2020
10-10-2020,27,14:40,3.96,2020
11-10-2020,23.04,14:10,5.04,2020
12-10-2020,14.04,15:00,2.88,2020
13-10-2020,24.12,13:40,3.96,2020
14-10-2020,24.12,15:50,3.96,2020
15-10-2020,18,17:00,2.88,2020
16-10-2020,15.84,12:00,2.88,2020
17-10-2020,12.96,15:00,2.16,2020
18-10-2020,27,14:40,6.12,2020
19-10-2020,50.04,10:10,6.12,2020
20-10-2020,34.92,11:50,3.96,2020
21-10-2020,18,14:10,2.88,2020
22-10-2020,25.92,13:40,3.96,2020
23-10-2020,24.84,14:40,2.88,2020
24-10-2020,36,21:10,3.96,2020
25-10-2020,34.92,12:30,5.04,2020
26-10-2020,28.08,14:00,3.96,2020
27-10-2020,23.04,03:40,2.16,2020
28-10-2020,20.88,14:30,3.96,2020
29-10-2020,23.04,16:00,3.96,2020
30-10-2020,25.92,13:10,3.96,2020
31-10-2020,18,12:40,3.96,2020
01-11-2020,24.84,22:20,1.08,2020
02-11-2020,28.08,12:00,2.88,2020
03-11-2020,25.92,14:10,3.96,2020
04-11-2020,29.16,18:00,5.04,2020
05-11-2020,32.04,08:30,6.12,2020
06-11-2020,34.92,15:30,6.12,2020
07-11-2020,21.96,13:20,2.88,2020
08-11-2020,29.88,04:00,6.84,2020
09-11-2020,20.88,13:20,2.88,2020
10-11-2020,14.04,13:10,3.96,2020
11-11-2020,38.16,09:40,9,2020
12-11-2020,24.84,14:50,3.96,2020
13-11-2020,20.16,18:20,3.96,2020
14-11-2020,29.88,10:10,7.92,2020
15-11-2020,32.04,12:40,6.12,2020
16-11-2020,10.08,11:50,2.88,2020
17-11-2020,33.12,14:00,5.04,2020
18-11-2020,30.96,11:00,6.84,2020
19-11-2020,21.96,16:30,3.96,2020
20-11-2020,15.12,Varias,3.96,2020
21-11-2020,10.08,13:30,2.88,2020
22-11-2020,10.08,06:20,2.16,2020
23-11-2020,11.16,12:10,2.88,2020
24-11-2020,15.84,20:40,2.16,2020
25-11-2020,12.96,03:00,2.88,2020
26-11-2020,21.96,16:20,2.16,2020
27-11-2020,11.88,18:20,2.88,2020
28-11-2020,29.16,14:20,2.88,2020
29-11-2020,21.96,13:00,5.04,2020
30-11-2020,11.88,00:40,2.88,2020
01-12-2020,11.88,08:50,2.88,2020
02-12-2020,19.08,13:20,2.16,2020
03-12-2020,30.96,23:00,6.12,2020
04-12-2020,32.04,01:30,5.04,2020
05-12-2020,18,15:10,2.16,2020
06-12-2020,15.12,21:20,2.88,2020
07-12-2020,33.84,15:00,6.84,2020
08-12-2020,24.12,14:30,3.96,2020
09-12-2020,12.96,08:40,2.88,2020
10-12-2020,19.08,21:10,2.88,2020
11-12-2020,39.96,13:30,7.92,2020
12-12-2020,18,Varias,3.96,2020
13-12-2020,27,19:50,6.12,2020
14-12-2020,29.88,11:30,5.04,2020
15-12-2020,33.12,21:20,9,2020
16-12-2020,32.04,01:40,2.88,2020
17-12-2020,18,21:30,2.88,2020
18-12-2020,37.08,10:10,10.08,2020
19-12-2020,14.04,13:40,1.08,2020
20-12-2020,20.16,11:50,3.96,2020
21-12-2020,16.92,16:30,1.08,2020
22-12-2020,27,14:40,7.92,2020
23-12-2020,20.88,Varias,3.96,2020
24-12-2020,10.08,03:20,2.88,2020
25-12-2020,19.08,Varias,5.04,2020
26-12-2020,15.12,15:50,2.88,2020
27-12-2020,50.04,17:30,9,2020
28-12-2020,39.96,01:10,5.04,2020
29-12-2020,25.92,15:20,3.96,2020
30-12-2020,15.12,16:50,2.88,2020
31-12-2020,23.04,13:00,6.12,2020
01-01-2021,10.08,14:30,2.16,2021
02-01-2021,9,13:10,3.96,2021
03-01-2021,11.16,17:30,2.88,2021
04-01-2021,10.08,Varias,3.96,2021
05-01-2021,11.88,Varias,3.96,2021
06-01-2021,15.12,01:50,3.96,2021
07-01-2021,15.12,17:20,3.96,2021
08-01-2021,21.96,13:20,5.04,2021
09-01-2021,34.92,16:00,2.88,2021
10-01-2021,38.16,13:00,6.84,2021
11-01-2021,11.88,15:40,2.16,2021
12-01-2021,9,14:00,1.08,2021
13-01-2021,10.08,07:50,2.16,2021
14-01-2021,7.92,Varias,2.16,2021
15-01-2021,14.04,19:40,2.88,2021
16-01-2021,11.88,04:10,2.88,2021
17-01-2021,11.88,08:10,2.16,2021
18-01-2021,11.88,14:00,1.08,2021
19-01-2021,42.12,21:40,11.16,2021
20-01-2021,41.04,14:00,11.16,2021
21-01-2021,65.88,23:30,9,2021
22-01-2021,47.88,00:50,6.84,2021
23-01-2021,42.12,17:00,9,2021
24-01-2021,23.04,01:00,6.84,2021
25-01-2021,19.08,13:20,5.04,2021
26-01-2021,18,15:10,3.96,2021
27-01-2021,23.04,13:40,3.96,2021
28-01-2021,29.16,17:10,3.96,2021
29-01-2021,43.92,22:50,5.04,2021
30-01-2021,37.08,12:10,9,2021
31-01-2021,38.88,14:30,9,2021
01-02-2021,33.12,12:20,7.92,2021
02-02-2021,32.04,23:59,3.96,2021
03-02-2021,43.92,00:10,3.96,2021
04-02-2021,24.12,13:40,2.16,2021
05-02-2021,19.08,23:00,2.88,2021
06-02-2021,38.88,13:00,6.12,2021
07-02-2021,19.08,21:20,2.88,2021
08-02-2021,25.92,07:00,7.92,2021
09-02-2021,47.88,07:20,12.96,2021
10-02-2021,14.04,00:30,2.88,2021
11-02-2021,24.84,18:00,6.12,2021
12-02-2021,23.04,02:00,2.16,2021
13-02-2021,15.84,15:00,2.16,2021
14-02-2021,33.84,14:50,6.12,2021
15-02-2021,45,12:50,10.08,2021
16-02-2021,34.92,06:10,10.08,2021
17-02-2021,36,16:50,3.96,2021
18-02-2021,33.12,05:40,6.12,2021
19-02-2021,38.16,15:40,7.92,2021
20-02-2021,59.04,06:30,15.84,2021
21-02-2021,21.96,07:20,2.88,2021
22-02-2021,18,16:20,5.04,2021
23-02-2021,45,12:20,12.96,2021
24-02-2021,43.92,Varias,12.96,2021
25-02-2021,15.12,16:30,2.88,2021
26-02-2021,14.04,19:40,2.16,2021
27-02-2021,20.16,19:40,3.96,2021
28-02-2021,19.08,16:50,3.96,2021
01-03-2021,36,15:10,5.04,2021
02-03-2021,21.96,12:20,2.88,2021
03-03-2021,14.04,22:40,3.96,2021
04-03-2021,21.96,16:10,2.88,2021
05-03-2021,24.12,15:50,5.04,2021
06-03-2021,19.08,Varias,5.04,2021
07-03-2021,23.04,17:00,2.88,2021
08-03-2021,25.92,18:40,6.12,2021
09-03-2021,15.12,Varias,6.12,2021
10-03-2021,20.16,17:10,5.04,2021
11-03-2021,29.88,Varias,7.92,2021
12-03-2021,28.08,14:00,6.84,2021
13-03-2021,24.12,13:20,5.04,2021
14-03-2021,16.92,14:40,3.96,2021
15-03-2021,19.08,Varias,3.96,2021
16-03-2021,20.16,16:30,3.96,2021
17-03-2021,24.12,14:30,6.12,2021
18-03-2021,30.96,18:40,6.12,2021
19-03-2021,38.88,11:30,6.12,2021
20-03-2021,27,00:30,5.04,2021
21-03-2021,21.96,21:30,2.88,2021
22-03-2021,15.12,13:30,3.96,2021
23-03-2021,23.04,Varias,6.84,2021
24-03-2021,18,18:20,5.04,2021
25-03-2021,27,18:20,5.04,2021
26-03-2021,28.08,15:10,2.88,2021
27-03-2021,15.12,13:30,3.96,2021
28-03-2021,28.08,14:10,6.12,2021
29-03-2021,25.92,13:50,2.88,2021
30-03-2021,18,14:20,2.16,2021
31-03-2021,33.84,12:30,6.12,2021
01-04-2021,34.92,11:20,3.96,2021
02-04-2021,18,19:20,3.96,2021
03-04-2021,24.12,13:40,3.96,2021
04-04-2021,20.88,20:20,5.04,2021
05-04-2021,18,20:00,2.16,2021
06-04-2021,24.84,21:50,5.04,2021
07-04-2021,25.92,11:50,6.84,2021
08-04-2021,36,16:30,6.12,2021
09-04-2021,30.96,13:30,2.88,2021
10-04-2021,16.92,13:20,2.16,2021
11-04-2021,27,12:40,5.04,2021
12-04-2021,29.88,10:40,6.84,2021
13-04-2021,19.08,15:20,2.88,2021
14-04-2021,23.04,18:10,2.88,2021
15-04-2021,24.84,18:40,3.96,2021
16-04-2021,24.84,17:30,5.04,2021
17-04-2021,15.84,18:30,3.96,2021
18-04-2021,20.88,17:10,3.96,2021
19-04-2021,29.88,14:50,5.04,2021
20-04-2021,21.96,12:50,3.96,2021
21-04-2021,19.08,14:10,2.16,2021
22-04-2021,15.12,18:20,2.88,2021
23-04-2021,37.08,14:40,6.12,2021
24-04-2021,32.04,14:00,7.92,2021
25-04-2021,15.12,08:00,2.88,2021
26-04-2021,20.88,12:30,2.16,2021
27-04-2021,20.16,15:40,2.88,2021
28-04-2021,29.16,16:10,6.12,2021
29-04-2021,19.08,17:00,3.96,2021
30-04-2021,23.04,15:40,3.96,2021
01-05-2021,19.08,14:10,5.04,2021
02-05-2021,20.88,18:10,2.88,2021
03-05-2021,27,18:10,3.96,2021
04-05-2021,27,16:30,5.04,2021
05-05-2021,29.88,16:10,6.12,2021
06-05-2021,29.88,18:30,7.92,2021
07-05-2021,29.88,13:50,3.96,2021
08-05-2021,42.12,13:30,9,2021
09-05-2021,47.88,13:50,7.92,2021
10-05-2021,39.96,15:10,3.96,2021
11-05-2021,34.92,14:00,6.84,2021
12-05-2021,33.12,17:10,7.92,2021
13-05-2021,36,14:00,6.84,2021
14-05-2021,29.88,15:00,7.92,2021
15-05-2021,34.92,10:30,9,2021
16-05-2021,29.88,13:00,7.92,2021
17-05-2021,21.96,16:30,6.12,2021
18-05-2021,30.96,10:50,6.12,2021
19-05-2021,20.16,09:50,3.96,2021
20-05-2021,27,Varias,5.04,2021
21-05-2021,27,18:20,7.92,2021
22-05-2021,24.84,13:00,7.92,2021
23-05-2021,33.84,16:00,7.92,2021
24-05-2021,25.92,12:30,6.12,2021
25-05-2021,24.12,13:50,3.96,2021
26-05-2021,19.08,16:40,5.04,2021
27-05-2021,20.88,15:40,2.88,2021
28-05-2021,27,17:00,5.04,2021
29-05-2021,23.04,17:40,5.04,2021
30-05-2021,20.16,17:50,5.04,2021
31-05-2021,32.04,16:50,5.04,2021
01-06-2021,33.84,14:50,10.08,2021
02-06-2021,29.88,17:20,9,2021
03-06-2021,24.12,13:40,5.04,2021
04-06-2021,20.88,15:30,5.04,2021
05-06-2021,24.12,18:20,2.88,2021
06-06-2021,21.96,08:50,3.96,2021
07-06-2021,23.04,17:10,3.96,2021
08-06-2021,21.96,16:40,3.96,2021
09-06-2021,24.12,17:10,3.96,2021
10-06-2021,21.96,17:20,3.96,2021
11-06-2021,28.08,16:40,5.04,2021
12-06-2021,47.88,15:00,5.04,2021
13-06-2021,60.84,17:40,7.92,2021
14-06-2021,16.92,13:40,3.96,2021
15-06-2021,56.16,20:00,5.04,2021
16-06-2021,61.92,16:10,3.96,2021
17-06-2021,18,11:30,3.96,2021
18-06-2021,20.88,16:00,3.96,2021
19-06-2021,34.92,16:50,6.84,2021
20-06-2021,42.84,14:10,7.92,2021
21-06-2021,24.12,16:00,6.12,2021
22-06-2021,24.12,16:30,2.88,2021
23-06-2021,24.12,10:50,3.96,2021
24-06-2021,19.08,13:50,3.96,2021
25-06-2021,16.92,21:40,3.96,2021
26-06-2021,28.08,13:20,6.12,2021
27-06-2021,33.84,18:30,7.92,2021
28-06-2021,20.88,17:50,2.88,2021
29-06-2021,21.96,12:50,3.96,2021
30-06-2021,21.96,14:50,3.96,2021
01-07-2021,20.88,13:20,3.96,2021
02-07-2021,19.08,15:10,3.96,2021
03-07-2021,33.12,16:50,6.12,2021
04-07-2021,28.08,18:20,7.92,2021
05-07-2021,34.92,15:10,6.12,2021
06-07-2021,25.92,15:30,6.84,2021
07-07-2021,21.96,17:40,3.96,2021
08-07-2021,19.08,Varias,2.88,2021
09-07-2021,21.96,16:50,5.04,2021
10-07-2021,15.84,14:20,2.88,2021
11-07-2021,32.04,16:40,9,2021
12-07-2021,30.96,11:30,6.12,2021
13-07-2021,19.08,16:00,2.88,2021
14-07-2021,24.12,15:30,3.96,2021
15-07-2021,23.04,20:30,5.04,2021
16-07-2021,16.92,10:10,3.96,2021
17-07-2021,21.96,17:00,3.96,2021
18-07-2021,23.04,15:40,3.96,2021
19-07-2021,20.88,17:40,6.12,2021
20-07-2021,18,16:40,6.12,2021
21-07-2021,18,17:30,3.96,2021
22-07-2021,19.08,15:10,6.12,2021
23-07-2021,34.92,15:10,9,2021
24-07-2021,23.04,10:30,5.04,2021
25-07-2021,21.96,17:50,5.04,2021
26-07-2021,21.96,18:30,5.04,2021
27-07-2021,25.92,15:20,5.04,2021
28-07-2021,27,18:10,5.04,2021
29-07-2021,23.04,16:40,5.04,2021
30-07-2021,25.92,14:30,3.96,2021
31-07-2021,32.04,16:50,3.96,2021
01-08-2021,20.16,12:20,3.96,2021
02-08-2021,20.88,09:00,3.96,2021
03-08-2021,21.96,15:50,6.12,2021
04-08-2021,27,14:30,6.84,2021
05-08-2021,30.96,14:00,7.92,2021
06-08-2021,24.84,Varias,6.12,2021
07-08-2021,25.92,14:50,5.04,2021
08-08-2021,20.88,15:50,5.04,2021
09-08-2021,20.88,16:10,2.88,2021
10-08-2021,19.08,20:50,5.04,2021
11-08-2021,23.04,18:00,5.04,2021
12-08-2021,20.16,18:00,5.04,2021
13-08-2021,18,14:20,2.88,2021
14-08-2021,24.12,16:50,3.96,2021
15-08-2021,24.12,19:20,5.04,2021
16-08-2021,24.12,16:20,6.12,2021
17-08-2021,24.12,15:00,5.04,2021
18-08-2021,23.04,09:20,5.04,2021
19-08-2021,19.08,12:40,2.88,2021
20-08-2021,24.84,Varias,5.04,2021
21-08-2021,21.96,14:40,5.04,2021
22-08-2021,20.16,21:00,3.96,2021
23-08-2021,28.08,20:40,3.96,2021
24-08-2021,20.16,18:40,3.96,2021
25-08-2021,25.92,16:10,5.04,2021
26-08-2021,27,18:50,5.04,2021
27-08-2021,29.16,17:30,5.04,2021
28-08-2021,24.12,17:10,6.12,2021
29-08-2021,24.12,14:40,5.04,2021
30-08-2021,20.16,13:10,3.96,2021
31-08-2021,47.88,16:20,2.88,2021
01-09-2021,16.92,15:20,2.88,2021
02-09-2021,27,17:20,0,2021
03-09-2021,19.08,17:30,5.04,2021
04-09-2021,18,Varias,3.96,2021
05-09-2021,33.12,13:30,6.12,2021
06-09-2021,38.88,12:40,6.12,2021
07-09-2021,33.12,16:00,5.04,2021
08-09-2021,24.84,10:30,3.96,2021
09-09-2021,32.04,13:10,3.96,2021
10-09-2021,18,16:00,2.88,2021
11-09-2021,15.84,15:20,2.88,2021
12-09-2021,28.08,14:40,5.04,2021
13-09-2021,27,15:10,3.96,2021
14-09-2021,27,12:30,6.12,2021
15-09-2021,20.16,15:00,2.16,2021
16-09-2021,19.08,11:50,2.88,2021
17-09-2021,18,14:50,2.88,2021
18-09-2021,20.16,16:00,5.04,2021
19-09-2021,18,22:20,3.96,2021
20-09-2021,28.08,15:20,3.96,2021
21-09-2021,27,11:00,2.88,2021
22-09-2021,34.92,16:50,2.88,2021
23-09-2021,27,14:50,5.04,2021
24-09-2021,24.12,14:10,3.96,2021
25-09-2021,24.84,14:50,3.96,2021
26-09-2021,27,11:40,5.04,2021
27-09-2021,14.04,21:20,2.88,2021
28-09-2021,18,Varias,3.96,2021
29-09-2021,16.92,14:20,2.88,2021
30-09-2021,11.88,10:40,2.16,2021
01-10-2021,14.04,14:40,3.96,2021
02-10-2021,38.88,23:40,5.04,2021
03-10-2021,30.96,02:50,5.04,2021
04-10-2021,30.96,13:50,5.04,2021
05-10-2021,21.96,14:00,2.16,2021
06-10-2021,14.04,15:10,2.88,2021
07-10-2021,11.16,15:10,3.96,2021
08-10-2021,15.12,15:00,2.88,2021
09-10-2021,20.16,15:20,2.88,2021
10-10-2021,16.92,14:00,3.96,2021
11-10-2021,11.16,11:50,2.88,2021
12-10-2021,12.96,16:00,2.16,2021
13-10-2021,11.88,12:20,2.16,2021
14-10-2021,7.92,09:10,2.16,2021
15-10-2021,15.12,16:20,2.88,2021
16-10-2021,10.08,06:40,2.88,2021
17-10-2021,20.16,15:50,2.16,2021
18-10-2021,27,12:30,3.96,2021
19-10-2021,36,15:00,6.84,2021
20-10-2021,42.84,14:00,6.12,2021
21-10-2021,16.92,15:10,2.88,2021
22-10-2021,19.08,12:30,2.88,2021
23-10-2021,12.96,12:10,2.88,2021
24-10-2021,12.96,06:30,2.88,2021
25-10-2021,14.04,16:50,3.96,2021
26-10-2021,11.88,13:50,2.88,2021
27-10-2021,9,11:30,2.88,2021
28-10-2021,24.84,16:00,2.88,2021
29-10-2021,27,19:40,2.88,2021
30-10-2021,33.12,01:50,3.96,2021
31-10-2021,24.12,06:10,6.84,2021
01-11-2021,25.92,14:30,5.04,2021
02-11-2021,34.92,13:30,6.12,2021
03-11-2021,23.04,15:10,2.16,2021
04-11-2021,16.92,13:50,2.88,2021
05-11-2021,19.08,14:30,2.88,2021
06-11-2021,12.96,11:40,3.96,2021
07-11-2021,12.96,15:10,2.88,2021
08-11-2021,11.88,06:10,2.88,2021
09-11-2021,15.84,11:00,2.16,2021
10-11-2021,11.88,08:40,3.96,2021
11-11-2021,11.16,Varias,2.88,2021
12-11-2021,11.88,13:10,2.88,2021
13-11-2021,11.88,06:20,2.88,2021
14-11-2021,12.96,03:40,2.88,2021
15-11-2021,20.88,14:20,2.88,2021
16-11-2021,15.12,20:30,2.16,2021
17-11-2021,19.08,18:10,5.04,2021
18-11-2021,11.88,14:00,2.16,2021
19-11-2021,11.16,20:00,2.88,2021
20-11-2021,7.92,13:00,2.16,2021
21-11-2021,18,18:20,2.16,2021
22-11-2021,20.88,10:40,3.96,2021
23-11-2021,29.88,13:30,3.96,2021
24-11-2021,20.88,14:20,2.88,2021
25-11-2021,21.96,17:00,3.96,2021
26-11-2021,15.12,15:30,2.88,2021
27-11-2021,27,13:00,5.04,2021
28-11-2021,10.08,00:10,2.16,2021
29-11-2021,15.84,03:00,2.16,2021
30-11-2021,14.04,09:00,2.88,2021
01-12-2021,19.08,16:10,2.16,2021
02-12-2021,18,16:30,2.16,2021
03-12-2021,20.88,Varias,3.96,2021
04-12-2021,24.84,02:20,2.88,2021
05-12-2021,32.04,14:00,3.96,2021
06-12-2021,14.04,09:50,1.08,2021
07-12-2021,38.88,10:20,7.92,2021
08-12-2021,38.88,15:10,3.96,2021
09-12-2021,25.92,13:00,5.04,2021
10-12-2021,23.04,09:40,2.16,2021
11-12-2021,7.92,Varias,1.08,2021
12-12-2021,10.08,Varias,2.88,2021
13-12-2021,27,12:00,6.12,2021
14-12-2021,9,13:00,2.88,2021
15-12-2021,11.88,Varias,2.88,2021
16-12-2021,10.08,Varias,2.88,2021
17-12-2021,10.08,09:00,2.16,2021
18-12-2021,10.08,10:00,2.16,2021
19-12-2021,21.96,15:40,3.96,2021
20-12-2021,39.96,13:30,7.92,2021
21-12-2021,46.08,15:10,9,2021
22-12-2021,33.84,03:00,6.84,2021
23-12-2021,33.84,01:20,2.88,2021
24-12-2021,28.08,04:50,7.92,2021
25-12-2021,11.88,00:40,3.96,2021
26-12-2021,38.88,20:20,5.04,2021
27-12-2021,42.12,19:40,11.88,2021
28-12-2021,33.12,11:30,7.92,2021
29-12-2021,21.96,12:40,5.04,2021
30-12-2021,34.92,12:20,10.08,2021
31-12-2021,41.04,13:40,9,2021
01-01-2021,10.08,14:30,2.16,2021
02-01-2021,9,13:10,3.96,2021
03-01-2021,11.16,17:30,2.88,2021
04-01-2021,10.08,Varias,3.96,2021
05-01-2021,11.88,Varias,3.96,2021
06-01-2021,15.12,01:50,3.96,2021
07-01-2021,15.12,17:20,3.96,2021
08-01-2021,21.96,13:20,5.04,2021
09-01-2021,34.92,16:00,2.88,2021
10-01-2021,38.16,13:00,6.84,2021
11-01-2021,11.88,15:40,2.16,2021
12-01-2021,9,14:00,1.08,2021
13-01-2021,10.08,07:50,2.16,2021
14-01-2021,7.92,Varias,2.16,2021
15-01-2021,14.04,19:40,2.88,2021
16-01-2021,11.88,04:10,2.88,2021
17-01-2021,11.88,08:10,2.16,2021
18-01-2021,11.88,14:00,1.08,2021
19-01-2021,42.12,21:40,11.16,2021
20-01-2021,41.04,14:00,11.16,2021
21-01-2021,65.88,23:30,9,2021
22-01-2021,47.88,00:50,6.84,2021
23-01-2021,42.12,17:00,9,2021
24-01-2021,23.04,01:00,6.84,2021
25-01-2021,19.08,13:20,5.04,2021
26-01-2021,18,15:10,3.96,2021
27-01-2021,23.04,13:40,3.96,2021
28-01-2021,29.16,17:10,3.96,2021
29-01-2021,43.92,22:50,5.04,2021
30-01-2021,37.08,12:10,9,2021
31-01-2021,38.88,14:30,9,2021
01-02-2021,33.12,12:20,7.92,2021
02-02-2021,32.04,23:59,3.96,2021
03-02-2021,43.92,00:10,3.96,2021
04-02-2021,24.12,13:40,2.16,2021
05-02-2021,19.08,23:00,2.88,2021
06-02-2021,38.88,13:00,6.12,2021
07-02-2021,19.08,21:20,2.88,2021
08-02-2021,25.92,07:00,7.92,2021
09-02-2021,47.88,07:20,12.96,2021
10-02-2021,14.04,00:30,2.88,2021
11-02-2021,24.84,18:00,6.12,2021
12-02-2021,23.04,02:00,2.16,2021
13-02-2021,15.84,15:00,2.16,2021
14-02-2021,33.84,14:50,6.12,2021
15-02-2021,45,12:50,10.08,2021
16-02-2021,34.92,06:10,10.08,2021
17-02-2021,36,16:50,3.96,2021
18-02-2021,33.12,05:40,6.12,2021
19-02-2021,38.16,15:40,7.92,2021
20-02-2021,59.04,06:30,15.84,2021
21-02-2021,21.96,07:20,2.88,2021
22-02-2021,18,16:20,5.04,2021
23-02-2021,45,12:20,12.96,2021
24-02-2021,43.92,Varias,12.96,2021
25-02-2021,15.12,16:30,2.88,2021
26-02-2021,14.04,19:40,2.16,2021
27-02-2021,20.16,19:40,3.96,2021
28-02-2021,19.08,16:50,3.96,2021
01-03-2021,36,15:10,5.04,2021
02-03-2021,21.96,12:20,2.88,2021
03-03-2021,14.04,22:40,3.96,2021
04-03-2021,21.96,16:10,2.88,2021
05-03-2021,24.12,15:50,5.04,2021
06-03-2021,19.08,Varias,5.04,2021
07-03-2021,23.04,17:00,2.88,2021
08-03-2021,25.92,18:40,6.12,2021
09-03-2021,15.12,Varias,6.12,2021
10-03-2021,20.16,17:10,5.04,2021
11-03-2021,29.88,Varias,7.92,2021
12-03-2021,28.08,14:00,6.84,2021
13-03-2021,24.12,13:20,5.04,2021
14-03-2021,16.92,14:40,3.96,2021
15-03-2021,19.08,Varias,3.96,2021
16-03-2021,20.16,16:30,3.96,2021
17-03-2021,24.12,14:30,6.12,2021
18-03-2021,30.96,18:40,6.12,2021
19-03-2021,38.88,11:30,6.12,2021
20-03-2021,27,00:30,5.04,2021
21-03-2021,21.96,21:30,2.88,2021
22-03-2021,15.12,13:30,3.96,2021
23-03-2021,23.04,Varias,6.84,2021
24-03-2021,18,18:20,5.04,2021
25-03-2021,27,18:20,5.04,2021
26-03-2021,28.08,15:10,2.88,2021
27-03-2021,15.12,13:30,3.96,2021
28-03-2021,28.08,14:10,6.12,2021
29-03-2021,25.92,13:50,2.88,2021
30-03-2021,18,14:20,2.16,2021
31-03-2021,33.84,12:30,6.12,2021
01-04-2021,34.92,11:20,3.96,2021
02-04-2021,18,19:20,3.96,2021
03-04-2021,24.12,13:40,3.96,2021
04-04-2021,20.88,20:20,5.04,2021
05-04-2021,18,20:00,2.16,2021
06-04-2021,24.84,21:50,5.04,2021
07-04-2021,25.92,11:50,6.84,2021
08-04-2021,36,16:30,6.12,2021
09-04-2021,30.96,13:30,2.88,2021
10-04-2021,16.92,13:20,2.16,2021
11-04-2021,27,12:40,5.04,2021
12-04-2021,29.88,10:40,6.84,2021
13-04-2021,19.08,15:20,2.88,2021
14-04-2021,23.04,18:10,2.88,2021
15-04-2021,24.84,18:40,3.96,2021
16-04-2021,24.84,17:30,5.04,2021
17-04-2021,15.84,18:30,3.96,2021
18-04-2021,20.88,17:10,3.96,2021
19-04-2021,29.88,14:50,5.04,2021
20-04-2021,21.96,12:50,3.96,2021
21-04-2021,19.08,14:10,2.16,2021
22-04-2021,15.12,18:20,2.88,2021
23-04-2021,37.08,14:40,6.12,2021
24-04-2021,32.04,14:00,7.92,2021
25-04-2021,15.12,08:00,2.88,2021
26-04-2021,20.88,12:30,2.16,2021
27-04-2021,20.16,15:40,2.88,2021
28-04-2021,29.16,16:10,6.12,2021
29-04-2021,19.08,17:00,3.96,2021
30-04-2021,23.04,15:40,3.96,2021
01-05-2021,19.08,14:10,5.04,2021
02-05-2021,20.88,18:10,2.88,2021
03-05-2021,27,18:10,3.96,2021
04-05-2021,27,16:30,5.04,2021
05-05-2021,29.88,16:10,6.12,2021
06-05-2021,29.88,18:30,7.92,2021
07-05-2021,29.88,13:50,3.96,2021
08-05-2021,42.12,13:30,9,2021
09-05-2021,47.88,13:50,7.92,2021
10-05-2021,39.96,15:10,3.96,2021
11-05-2021,34.92,14:00,6.84,2021
12-05-2021,33.12,17:10,7.92,2021
13-05-2021,36,14:00,6.84,2021
14-05-2021,29.88,15:00,7.92,2021
15-05-2021,34.92,10:30,9,2021
16-05-2021,29.88,13:00,7.92,2021
17-05-2021,21.96,16:30,6.12,2021
18-05-2021,30.96,10:50,6.12,2021
19-05-2021,20.16,09:50,3.96,2021
20-05-2021,27,Varias,5.04,2021
21-05-2021,27,18:20,7.92,2021
22-05-2021,24.84,13:00,7.92,2021
23-05-2021,33.84,16:00,7.92,2021
24-05-2021,25.92,12:30,6.12,2021
25-05-2021,24.12,13:50,3.96,2021
26-05-2021,19.08,16:40,5.04,2021
27-05-2021,20.88,15:40,2.88,2021
28-05-2021,27,17:00,5.04,2021
29-05-2021,23.04,17:40,5.04,2021
30-05-2021,20.16,17:50,5.04,2021
31-05-2021,32.04,16:50,5.04,2021
01-06-2021,33.84,14:50,10.08,2021
02-06-2021,29.88,17:20,9,2021
03-06-2021,24.12,13:40,5.04,2021
04-06-2021,20.88,15:30,5.04,2021
05-06-2021,24.12,18:20,2.88,2021
06-06-2021,21.96,08:50,3.96,2021
07-06-2021,23.04,17:10,3.96,2021
08-06-2021,21.96,16:40,3.96,2021
09-06-2021,24.12,17:10,3.96,2021
10-06-2021,21.96,17:20,3.96,2021
11-06-2021,28.08,16:40,5.04,2021
12-06-2021,47.88,15:00,5.04,2021
13-06-2021,60.84,17:40,7.92,2021
14-06-2021,16.92,13:40,3.96,2021
15-06-2021,56.16,20:00,5.04,2021
16-06-2021,61.92,16:10,3.96,2021
17-06-2021,18,11:30,3.96,2021
18-06-2021,20.88,16:00,3.96,2021
19-06-2021,34.92,16:50,6.84,2021
20-06-2021,42.84,14:10,7.92,2021
21-06-2021,24.12,16:00,6.12,2021
22-06-2021,24.12,16:30,2.88,2021
23-06-2021,24.12,10:50,3.96,2021
24-06-2021,19.08,13:50,3.96,2021
25-06-2021,16.92,21:40,3.96,2021
26-06-2021,28.08,13:20,6.12,2021
27-06-2021,33.84,18:30,7.92,2021
28-06-2021,20.88,17:50,2.88,2021
29-06-2021,21.96,12:50,3.96,2021
30-06-2021,21.96,14:50,3.96,2021
01-07-2021,20.88,13:20,3.96,2021
02-07-2021,19.08,15:10,3.96,2021
03-07-2021,33.12,16:50,6.12,2021
04-07-2021,28.08,18:20,7.92,2021
05-07-2021,34.92,15:10,6.12,2021
06-07-2021,25.92,15:30,6.84,2021
07-07-2021,21.96,17:40,3.96,2021
08-07-2021,19.08,Varias,2.88,2021
09-07-2021,21.96,16:50,5.04,2021
10-07-2021,15.84,14:20,2.88,2021
11-07-2021,32.04,16:40,9,2021
12-07-2021,30.96,11:30,6.12,2021
13-07-2021,19.08,16:00,2.88,2021
14-07-2021,24.12,15:30,3.96,2021
15-07-2021,23.04,20:30,5.04,2021
16-07-2021,16.92,10:10,3.96,2021
17-07-2021,21.96,17:00,3.96,2021
18-07-2021,23.04,15:40,3.96,2021
19-07-2021,20.88,17:40,6.12,2021
20-07-2021,18,16:40,6.12,2021
21-07-2021,18,17:30,3.96,2021
22-07-2021,19.08,15:10,6.12,2021
23-07-2021,34.92,15:10,9,2021
24-07-2021,23.04,10:30,5.04,2021
25-07-2021,21.96,17:50,5.04,2021
26-07-2021,21.96,18:30,5.04,2021
27-07-2021,25.92,15:20,5.04,2021
28-07-2021,27,18:10,5.04,2021
29-07-2021,23.04,16:40,5.04,2021
30-07-2021,25.92,14:30,3.96,2021
31-07-2021,32.04,16:50,3.96,2021
01-08-2021,20.16,12:20,3.96,2021
02-08-2021,20.88,09:00,3.96,2021
03-08-2021,21.96,15:50,6.12,2021
04-08-2021,27,14:30,6.84,2021
05-08-2021,30.96,14:00,7.92,2021
06-08-2021,24.84,Varias,6.12,2021
07-08-2021,25.92,14:50,5.04,2021
08-08-2021,20.88,15:50,5.04,2021
09-08-2021,20.88,16:10,2.88,2021
10-08-2021,19.08,20:50,5.04,2021
11-08-2021,23.04,18:00,5.04,2021
12-08-2021,20.16,18:00,5.04,2021
13-08-2021,18,14:20,2.88,2021
14-08-2021,24.12,16:50,3.96,2021
15-08-2021,24.12,19:20,5.04,2021
16-08-2021,24.12,16:20,6.12,2021
17-08-2021,24.12,15:00,5.04,2021
18-08-2021,23.04,09:20,5.04,2021
19-08-2021,19.08,12:40,2.88,2021
20-08-2021,24.84,Varias,5.04,2021
21-08-2021,21.96,14:40,5.04,2021
22-08-2021,20.16,21:00,3.96,2021
23-08-2021,28.08,20:40,3.96,2021
24-08-2021,20.16,18:40,3.96,2021
25-08-2021,25.92,16:10,5.04,2021
26-08-2021,27,18:50,5.04,2021
27-08-2021,29.16,17:30,5.04,2021
28-08-2021,24.12,17:10,6.12,2021
29-08-2021,24.12,14:40,5.04,2021
30-08-2021,20.16,13:10,3.96,2021
31-08-2021,47.88,16:20,2.88,2021
01-09-2021,16.92,15:20,2.88,2021
02-09-2021,27,17:20,0,2021
03-09-2021,19.08,17:30,5.04,2021
04-09-2021,18,Varias,3.96,2021
05-09-2021,33.12,13:30,6.12,2021
06-09-2021,38.88,12:40,6.12,2021
07-09-2021,33.12,16:00,5.04,2021
08-09-2021,24.84,10:30,3.96,2021
09-09-2021,32.04,13:10,3.96,2021
10-09-2021,18,16:00,2.88,2021
11-09-2021,15.84,15:20,2.88,2021
12-09-2021,28.08,14:40,5.04,2021
13-09-2021,27,15:10,3.96,2021
14-09-2021,27,12:30,6.12,2021
15-09-2021,20.16,15:00,2.16,2021
16-09-2021,19.08,11:50,2.88,2021
17-09-2021,18,14:50,2.88,2021
18-09-2021,20.16,16:00,5.04,2021
19-09-2021,18,22:20,3.96,2021
20-09-2021,28.08,15:20,3.96,2021
21-09-2021,27,11:00,2.88,2021
22-09-2021,34.92,16:50,2.88,2021
23-09-2021,27,14:50,5.04,2021
24-09-2021,24.12,14:10,3.96,2021
25-09-2021,24.84,14:50,3.96,2021
26-09-2021,27,11:40,5.04,2021
27-09-2021,14.04,21:20,2.88,2021
28-09-2021,18,Varias,3.96,2021
29-09-2021,16.92,14:20,2.88,2021
30-09-2021,11.88,10:40,2.16,2021
01-10-2021,14.04,14:40,3.96,2021
02-10-2021,38.88,23:40,5.04,2021
03-10-2021,30.96,02:50,5.04,2021
04-10-2021,30.96,13:50,5.04,2021
05-10-2021,21.96,14:00,2.16,2021
06-10-2021,14.04,15:10,2.88,2021
07-10-2021,11.16,15:10,3.96,2021
08-10-2021,15.12,15:00,2.88,2021
09-10-2021,20.16,15:20,2.88,2021
10-10-2021,16.92,14:00,3.96,2021
11-10-2021,11.16,11:50,2.88,2021
12-10-2021,12.96,16:00,2.16,2021
13-10-2021,11.88,12:20,2.16,2021
14-10-2021,7.92,09:10,2.16,2021
15-10-2021,15.12,16:20,2.88,2021
16-10-2021,10.08,06:40,2.88,2021
17-10-2021,20.16,15:50,2.16,2021
18-10-2021,27,12:30,3.96,2021
19-10-2021,36,15:00,6.84,2021
20-10-2021,42.84,14:00,6.12,2021
21-10-2021,16.92,15:10,2.88,2021
22-10-2021,19.08,12:30,2.88,2021
23-10-2021,12.96,12:10,2.88,2021
24-10-2021,12.96,06:30,2.88,2021
25-10-2021,14.04,16:50,3.96,2021
26-10-2021,11.88,13:50,2.88,2021
27-10-2021,9,11:30,2.88,2021
28-10-2021,24.84,16:00,2.88,2021
29-10-2021,27,19:40,2.88,2021
30-10-2021,33.12,01:50,3.96,2021
31-10-2021,24.12,06:10,6.84,2021
01-11-2021,25.92,14:30,5.04,2021
02-11-2021,34.92,13:30,6.12,2021
03-11-2021,23.04,15:10,2.16,2021
04-11-2021,16.92,13:50,2.88,2021
05-11-2021,19.08,14:30,2.88,2021
06-11-2021,12.96,11:40,3.96,2021
07-11-2021,12.96,15:10,2.88,2021
08-11-2021,11.88,06:10,2.88,2021
09-11-2021,15.84,11:00,2.16,2021
10-11-2021,11.88,08:40,3.96,2021
11-11-2021,11.16,Varias,2.88,2021
12-11-2021,11.88,13:10,2.88,2021
13-11-2021,11.88,06:20,2.88,2021
14-11-2021,12.96,03:40,2.88,2021
15-11-2021,20.88,14:20,2.88,2021
16-11-2021,15.12,20:30,2.16,2021
17-11-2021,19.08,18:10,5.04,2021
18-11-2021,11.88,14:00,2.16,2021
19-11-2021,11.16,20:00,2.88,2021
20-11-2021,7.92,13:00,2.16,2021
21-11-2021,18,18:20,2.16,2021
22-11-2021,20.88,10:40,3.96,2021
23-11-2021,29.88,13:30,3.96,2021
24-11-2021,20.88,14:20,2.88,2021
25-11-2021,21.96,17:00,3.96,2021
26-11-2021,15.12,15:30,2.88,2021
27-11-2021,27,13:00,5.04,2021
28-11-2021,10.08,00:10,2.16,2021
29-11-2021,15.84,03:00,2.16,2021
30-11-2021,14.04,09:00,2.88,2021
01-12-2021,19.08,16:10,2.16,2021
02-12-2021,18,16:30,2.16,2021
03-12-2021,20.88,Varias,3.96,2021
04-12-2021,24.84,02:20,2.88,2021
05-12-2021,32.04,14:00,3.96,2021
06-12-2021,14.04,09:50,1.08,2021
07-12-2021,38.88,10:20,7.92,2021
08-12-2021,38.88,15:10,3.96,2021
09-12-2021,25.92,13:00,5.04,2021
10-12-2021,23.04,09:40,2.16,2021
11-12-2021,7.92,Varias,1.08,2021
12-12-2021,10.08,Varias,2.88,2021
13-12-2021,27,12:00,6.12,2021
14-12-2021,9,13:00,2.88,2021
15-12-2021,11.88,Varias,2.88,2021
16-12-2021,10.08,Varias,2.88,2021
17-12-2021,10.08,09:00,2.16,2021
18-12-2021,10.08,10:00,2.16,2021
19-12-2021,21.96,15:40,3.96,2021
20-12-2021,39.96,13:30,7.92,2021
21-12-2021,46.08,15:10,9,2021
22-12-2021,33.84,03:00,6.84,2021
23-12-2021,33.84,01:20,2.88,2021
24-12-2021,28.08,04:50,7.92,2021
25-12-2021,11.88,00:40,3.96,2021
26-12-2021,38.88,20:20,5.04,2021
27-12-2021,42.12,19:40,11.88,2021
28-12-2021,33.12,11:30,7.92,2021
29-12-2021,21.96,12:40,5.04,2021
30-12-2021,34.92,12:20,10.08,2021
31-12-2021,41.04,13:40,9,2021
01-01-2022,36,21:50,7.92,2022
02-01-2022,20.16,15:40,3.96,2022
03-01-2022,25.92,16:20,2.88,2022
04-01-2022,37.08,04:50,2.88,2022
05-01-2022,21.96,14:20,2.88,2022
06-01-2022,11.16,04:40,2.16,2022
07-01-2022,19.08,13:10,3.96,2022
08-01-2022,19.08,20:00,2.88,2022
09-01-2022,18,14:00,3.96,2022
10-01-2022,11.88,12:40,2.16,2022
11-01-2022,18,13:10,2.16,2022
12-01-2022,12.96,11:40,2.16,2022
13-01-2022,20.88,16:00,2.88,2022
14-01-2022,12.96,16:20,2.16,2022
15-01-2022,9,13:50,1.08,2022
16-01-2022,10.08,15:40,2.16,2022
17-01-2022,11.16,09:20,2.16,2022
18-01-2022,10.08,13:30,1.08,2022
19-01-2022,11.88,Varias,2.88,2022
20-01-2022,14.04,15:40,2.88,2022
21-01-2022,11.16,14:10,2.16,2022
22-01-2022,14.04,15:20,3.96,2022
23-01-2022,10.08,13:20,2.16,2022
24-01-2022,10.08,13:00,2.16,2022
25-01-2022,10.08,14:20,2.88,2022
26-01-2022,11.16,13:50,2.16,2022
27-01-2022,12.96,16:40,3.96,2022
28-01-2022,12.96,11:30,2.16,2022
29-01-2022,10.08,07:30,2.16,2022
30-01-2022,7.92,12:50,2.16,2022
31-01-2022,25.92,17:40,6.12,2022
01-02-2022,21.96,16:20,3.96,2022
02-02-2022,11.88,14:00,2.88,2022
03-02-2022,24.12,14:40,2.88,2022
04-02-2022,19.08,15:30,2.16,2022
05-02-2022,20.88,20:50,3.96,2022
06-02-2022,15.12,17:30,2.88,2022
07-02-2022,18,16:10,3.96,2022
08-02-2022,20.16,14:20,2.88,2022
09-02-2022,24.84,15:20,2.88,2022
10-02-2022,18,16:40,2.88,2022
11-02-2022,14.04,13:50,2.88,2022
12-02-2022,16.92,16:00,2.88,2022
13-02-2022,36,18:00,9,2022
14-02-2022,39.96,14:10,2.88,2022
15-02-2022,15.84,23:30,3.96,2022
16-02-2022,29.16,Varias,6.12,2022
17-02-2022,21.96,16:50,2.88,2022
18-02-2022,21.96,11:20,5.04,2022
19-02-2022,23.04,12:10,5.04,2022
20-02-2022,15.84,17:10,3.96,2022
21-02-2022,20.16,15:20,3.96,2022
22-02-2022,15.84,18:30,3.96,2022
23-02-2022,10.08,13:30,2.88,2022
24-02-2022,28.08,17:10,3.96,2022
25-02-2022,14.04,Varias,2.16,2022
26-02-2022,20.88,13:50,3.96,2022
27-02-2022,23.04,15:00,3.96,2022
28-02-2022,18,15:30,2.88,2022
01-03-2022,30.96,12:10,6.84,2022
02-03-2022,28.08,12:20,6.12,2022
03-03-2022,25.92,15:00,3.96,2022
04-03-2022,20.88,15:40,2.88,2022
05-03-2022,21.96,18:10,3.96,2022
06-03-2022,27,18:20,5.04,2022
07-03-2022,27,16:30,5.04,2022
08-03-2022,28.08,01:30,5.04,2022
09-03-2022,38.88,12:20,10.08,2022
10-03-2022,32.04,18:50,3.96,2022
11-03-2022,34.92,14:50,6.84,2022
12-03-2022,32.04,12:10,6.84,2022
13-03-2022,33.12,12:50,5.04,2022
14-03-2022,27,15:30,3.96,2022
15-03-2022,7.92,00:50,1.08,2022
16-03-2022,29.88,15:00,5.04,2022
17-03-2022,24.12,10:40,6.12,2022
18-03-2022,23.04,15:50,5.04,2022
19-03-2022,33.84,11:50,6.12,2022
20-03-2022,16.92,16:00,2.88,2022
21-03-2022,36,16:20,6.12,2022
22-03-2022,36,14:40,6.12,2022
23-03-2022,25.92,16:20,3.96,2022
24-03-2022,29.88,14:40,2.88,2022
25-03-2022,14.04,Varias,3.96,2022
26-03-2022,15.84,14:10,2.16,2022
27-03-2022,20.88,14:40,3.96,2022
28-03-2022,14.04,13:20,1.08,2022
29-03-2022,28.08,16:20,2.88,2022
30-03-2022,23.04,16:40,5.04,2022
31-03-2022,33.84,13:10,5.04,2022
01-04-2022,25.92,10:30,5.04,2022
02-04-2022,25.92,17:10,5.04,2022
03-04-2022,36,16:50,6.12,2022
04-04-2022,32.04,19:00,6.12,2022
05-04-2022,23.04,11:50,6.12,2022
06-04-2022,29.16,18:50,5.04,2022
07-04-2022,43.92,12:50,11.88,2022
08-04-2022,28.08,13:50,9,2022
09-04-2022,16.92,15:20,6.12,2022
10-04-2022,45,13:00,10.08,2022
11-04-2022,29.16,10:50,3.96,2022
12-04-2022,36,14:20,6.84,2022
13-04-2022,16.92,Varias,2.88,2022
14-04-2022,21.96,20:00,2.88,2022
15-04-2022,20.88,14:10,2.88,2022
16-04-2022,32.04,18:00,6.12,2022
17-04-2022,24.12,19:10,2.88,2022
18-04-2022,32.04,15:00,3.96,2022
19-04-2022,32.04,18:20,3.96,2022
20-04-2022,32.04,14:50,5.04,2022
21-04-2022,25.92,16:50,3.96,2022
22-04-2022,29.16,14:10,5.04,2022
23-04-2022,37.08,15:50,6.84,2022
24-04-2022,16.92,15:20,2.88,2022
25-04-2022,19.08,15:20,3.96,2022
26-04-2022,32.04,13:20,3.96,2022
27-04-2022,30.96,13:10,2.88,2022
28-04-2022,23.04,12:40,2.88,2022
29-04-2022,20.88,19:10,2.88,2022
30-04-2022,25.92,15:20,6.84,2022
01-05-2022,29.88,16:30,5.04,2022
02-05-2022,24.12,16:30,3.96,2022
03-05-2022,27,Varias,3.96,2022
04-05-2022,21.96,17:50,3.96,2022
05-05-2022,21.96,19:20,3.96,2022
06-05-2022,20.88,21:20,5.04,2022
07-05-2022,20.88,18:40,3.96,2022
08-05-2022,18,17:40,2.88,2022
09-05-2022,23.04,16:30,6.12,2022
10-05-2022,23.04,15:40,6.12,2022
11-05-2022,24.84,17:10,3.96,2022
12-05-2022,21.96,19:40,5.04,2022
13-05-2022,27,15:30,6.12,2022
14-05-2022,28.08,18:50,2.88,2022
15-05-2022,46.08,11:50,11.16,2022
16-05-2022,42.84,14:50,9,2022
17-05-2022,42.12,10:30,9,2022
18-05-2022,29.88,14:00,7.92,2022
19-05-2022,18,16:40,3.96,2022
20-05-2022,21.96,16:30,3.96,2022
21-05-2022,56.16,19:30,5.04,2022
22-05-2022,20.88,14:10,1.08,2022
23-05-2022,21.96,16:50,6.84,2022
24-05-2022,23.04,13:20,5.04,2022
25-05-2022,25.92,12:30,3.96,2022
26-05-2022,21.96,17:50,3.96,2022
27-05-2022,23.04,17:00,3.96,2022
28-05-2022,24.12,17:30,3.96,2022
29-05-2022,32.04,16:00,6.84,2022
30-05-2022,20.16,14:20,3.96,2022
31-05-2022,24.84,12:50,5.04,2022
01-06-2022,28.08,08:00,3.96,2022
02-06-2022,29.16,16:40,3.96,2022
03-06-2022,30.96,11:40,2.88,2022
04-06-2022,25.92,13:40,2.88,2022
05-06-2022,23.04,13:50,5.04,2022
06-06-2022,25.92,15:20,5.04,2022
07-06-2022,24.12,16:40,5.04,2022
08-06-2022,28.08,11:20,7.92,2022
09-06-2022,23.04,15:50,3.96,2022
10-06-2022,24.84,19:20,5.04,2022
11-06-2022,29.16,21:40,5.04,2022
12-06-2022,30.96,15:30,6.12,2022
13-06-2022,21.96,18:00,5.04,2022
14-06-2022,28.08,16:00,5.04,2022
15-06-2022,42.84,18:50,2.88,2022
16-06-2022,24.12,12:40,5.04,2022
17-06-2022,20.88,Varias,6.12,2022
18-06-2022,30.96,17:00,6.12,2022
19-06-2022,25.92,12:20,3.96,2022
20-06-2022,27,12:30,3.96,2022
21-06-2022,19.08,12:00,2.16,2022
22-06-2022,29.16,13:40,5.04,2022
23-06-2022,28.08,Varias,6.12,2022
24-06-2022,28.08,16:40,5.04,2022
25-06-2022,29.16,16:50,6.12,2022
26-06-2022,27,15:40,3.96,2022
27-06-2022,20.88,13:50,3.96,2022
28-06-2022,24.12,16:50,6.12,2022
29-06-2022,24.84,17:50,2.88,2022
30-06-2022,20.16,14:40,5.04,2022
01-07-2022,16.92,14:40,2.88,2022
02-07-2022,27,16:20,5.04,2022
03-07-2022,29.16,15:30,3.96,2022
04-07-2022,24.84,08:00,5.04,2022
05-07-2022,27,16:30,5.04,2022
06-07-2022,27,17:00,5.04,2022
07-07-2022,24.12,21:30,3.96,2022
08-07-2022,19.08,21:40,3.96,2022
09-07-2022,24.84,19:10,3.96,2022
10-07-2022,24.12,16:40,3.96,2022
11-07-2022,21.96,16:20,5.04,2022
12-07-2022,29.88,17:30,3.96,2022
13-07-2022,21.96,13:50,3.96,2022
14-07-2022,36,18:10,5.04,2022
15-07-2022,33.12,17:20,5.04,2022
16-07-2022,19.08,16:10,2.88,2022
17-07-2022,27,16:40,6.12,2022
18-07-2022,33.84,14:20,9,2022
19-07-2022,30.96,Varias,9,2022
20-07-2022,23.04,23:10,5.04,2022
21-07-2022,25.92,14:30,3.96,2022
22-07-2022,25.92,18:00,5.04,2022
23-07-2022,18,Varias,5.04,2022
24-07-2022,32.04,12:30,6.84,2022
25-07-2022,25.92,17:10,6.12,2022
26-07-2022,24.12,18:40,3.96,2022
27-07-2022,24.12,16:50,5.04,2022
28-07-2022,24.84,16:50,5.04,2022
29-07-2022,27,14:00,3.96,2022
30-07-2022,23.04,Varias,5.04,2022
31-07-2022,24.84,19:00,3.96,2022
01-08-2022,20.88,15:10,5.04,2022
02-08-2022,29.16,15:50,5.04,2022
03-08-2022,30.96,16:20,5.04,2022
04-08-2022,27,17:20,5.04,2022
05-08-2022,29.16,17:10,5.04,2022
06-08-2022,21.96,19:10,5.04,2022
07-08-2022,33.12,15:40,3.96,2022
08-08-2022,24.84,17:10,3.96,2022
09-08-2022,29.88,16:20,6.12,2022
10-08-2022,48.96,17:20,6.12,2022
11-08-2022,30.96,17:20,6.84,2022
12-08-2022,27,16:40,5.04,2022
13-08-2022,29.88,16:00,7.92,2022
14-08-2022,27,16:10,6.12,2022
15-08-2022,36,16:40,7.92,2022
16-08-2022,34.92,11:00,6.12,2022
17-08-2022,24.84,16:10,5.04,2022
18-08-2022,29.88,17:50,5.04,2022
19-08-2022,19.08,15:10,3.96,2022
20-08-2022,25.92,16:10,3.96,2022
21-08-2022,25.92,15:30,3.96,2022
22-08-2022,24.12,17:40,6.12,2022
23-08-2022,24.12,13:00,5.04,2022
24-08-2022,42.12,15:30,3.96,2022
25-08-2022,32.04,14:30,5.04,2022
26-08-2022,28.08,20:00,3.96,2022
27-08-2022,24.84,14:50,5.04,2022
28-08-2022,24.84,14:10,3.96,2022
29-08-2022,27,Varias,6.84,2022
30-08-2022,23.04,14:40,6.12,2022
31-08-2022,27,13:50,5.04,2022
01-09-2022,27,14:40,5.04,2022
02-09-2022,20.88,17:10,5.04,2022
03-09-2022,29.16,14:40,6.12,2022
04-09-2022,36,Varias,6.84,2022
05-09-2022,38.88,14:20,7.92,2022
06-09-2022,39.96,12:30,10.08,2022
07-09-2022,34.92,14:20,6.12,2022
08-09-2022,25.92,14:10,6.84,2022
19-11-2022,11.16,21:00,3.96,2022
20-11-2022,23.04,23:50,2.16,2022
21-11-2022,39.96,12:30,7.92,2022
22-11-2022,45,19:50,3.96,2022
23-11-2022,47.16,05:10,3.96,2022
24-11-2022,15.12,17:20,2.88,2022
25-11-2022,10.08,08:10,2.16,2022
26-11-2022,11.88,10:40,2.16,2022
27-11-2022,18,12:10,2.16,2022
28-11-2022,14.04,16:00,2.88,2022
29-11-2022,7.92,03:50,2.88,2022
30-11-2022,15.84,12:00,1.08,2022
01-12-2022,12.96,14:10,2.16,2022
02-12-2022,14.04,14:00,2.88,2022
03-12-2022,10.08,03:20,2.16,2022
04-12-2022,11.88,05:50,2.88,2022
05-12-2022,9,01:20,2.16,2022
06-12-2022,9,13:10,2.16,2022
07-12-2022,11.88,16:10,2.16,2022
08-12-2022,29.88,12:00,5.04,2022
09-12-2022,19.08,16:10,3.96,2022
10-12-2022,11.88,01:10,2.16,2022
11-12-2022,11.88,11:00,2.88,2022
12-12-2022,45,14:20,7.92,2022
13-12-2022,24.84,22:50,2.88,2022
14-12-2022,25.92,10:40,6.84,2022
15-12-2022,15.12,12:00,2.16,2022
16-12-2022,14.04,13:50,3.96,2022
17-12-2022,11.88,16:00,1.08,2022
18-12-2022,46.08,22:40,12.96,2022
19-12-2022,38.88,02:00,12.96,2022
20-12-2022,30.96,15:30,6.84,2022
21-12-2022,29.88,15:30,5.04,2022
22-12-2022,28.08,11:00,6.84,2022
23-12-2022,42.84,14:40,6.84,2022
24-12-2022,33.12,01:10,6.12,2022
25-12-2022,33.12,01:50,3.96,2022
26-12-2022,11.88,11:40,2.16,2022
27-12-2022,11.16,16:50,2.88,2022
28-12-2022,33.84,13:30,5.04,2022
29-12-2022,24.84,05:20,3.96,2022
30-12-2022,41.04,17:50,9,2022
31-12-2022,65.88,14:00,11.88,2022
01-01-2022,36,21:50,7.92,2022
02-01-2022,20.16,15:40,3.96,2022
03-01-2022,25.92,16:20,2.88,2022
04-01-2022,37.08,04:50,2.88,2022
05-01-2022,21.96,14:20,2.88,2022
06-01-2022,11.16,04:40,2.16,2022
07-01-2022,19.08,13:10,3.96,2022
08-01-2022,19.08,20:00,2.88,2022
09-01-2022,18,14:00,3.96,2022
10-01-2022,11.88,12:40,2.16,2022
11-01-2022,18,13:10,2.16,2022
12-01-2022,12.96,11:40,2.16,2022
13-01-2022,20.88,16:00,2.88,2022
14-01-2022,12.96,16:20,2.16,2022
15-01-2022,9,13:50,1.08,2022
16-01-2022,10.08,15:40,2.16,2022
17-01-2022,11.16,09:20,2.16,2022
18-01-2022,10.08,13:30,1.08,2022
19-01-2022,11.88,Varias,2.88,2022
20-01-2022,14.04,15:40,2.88,2022
21-01-2022,11.16,14:10,2.16,2022
22-01-2022,14.04,15:20,3.96,2022
23-01-2022,10.08,13:20,2.16,2022
24-01-2022,10.08,13:00,2.16,2022
25-01-2022,10.08,14:20,2.88,2022
26-01-2022,11.16,13:50,2.16,2022
27-01-2022,12.96,16:40,3.96,2022
28-01-2022,12.96,11:30,2.16,2022
29-01-2022,10.08,07:30,2.16,2022
30-01-2022,7.92,12:50,2.16,2022
31-01-2022,25.92,17:40,6.12,2022
01-02-2022,21.96,16:20,3.96,2022
02-02-2022,11.88,14:00,2.88,2022
03-02-2022,24.12,14:40,2.88,2022
04-02-2022,19.08,15:30,2.16,2022
05-02-2022,20.88,20:50,3.96,2022
06-02-2022,15.12,17:30,2.88,2022
07-02-2022,18,16:10,3.96,2022
08-02-2022,20.16,14:20,2.88,2022
09-02-2022,24.84,15:20,2.88,2022
10-02-2022,18,16:40,2.88,2022
11-02-2022,14.04,13:50,2.88,2022
12-02-2022,16.92,16:00,2.88,2022
13-02-2022,36,18:00,9,2022
14-02-2022,39.96,14:10,2.88,2022
15-02-2022,15.84,23:30,3.96,2022
16-02-2022,29.16,Varias,6.12,2022
17-02-2022,21.96,16:50,2.88,2022
18-02-2022,21.96,11:20,5.04,2022
19-02-2022,23.04,12:10,5.04,2022
20-02-2022,15.84,17:10,3.96,2022
21-02-2022,20.16,15:20,3.96,2022
22-02-2022,15.84,18:30,3.96,2022
23-02-2022,10.08,13:30,2.88,2022
24-02-2022,28.08,17:10,3.96,2022
25-02-2022,14.04,Varias,2.16,2022
26-02-2022,20.88,13:50,3.96,2022
27-02-2022,23.04,15:00,3.96,2022
28-02-2022,18,15:30,2.88,2022
01-03-2022,30.96,12:10,6.84,2022
02-03-2022,28.08,12:20,6.12,2022
03-03-2022,25.92,15:00,3.96,2022
04-03-2022,20.88,15:40,2.88,2022
05-03-2022,21.96,18:10,3.96,2022
06-03-2022,27,18:20,5.04,2022
07-03-2022,27,16:30,5.04,2022
08-03-2022,28.08,01:30,5.04,2022
09-03-2022,38.88,12:20,10.08,2022
10-03-2022,32.04,18:50,3.96,2022
11-03-2022,34.92,14:50,6.84,2022
12-03-2022,32.04,12:10,6.84,2022
13-03-2022,33.12,12:50,5.04,2022
14-03-2022,27,15:30,3.96,2022
15-03-2022,7.92,00:50,1.08,2022
16-03-2022,29.88,15:00,5.04,2022
17-03-2022,24.12,10:40,6.12,2022
18-03-2022,23.04,15:50,5.04,2022
19-03-2022,33.84,11:50,6.12,2022
20-03-2022,16.92,16:00,2.88,2022
21-03-2022,36,16:20,6.12,2022
22-03-2022,36,14:40,6.12,2022
23-03-2022,25.92,16:20,3.96,2022
24-03-2022,29.88,14:40,2.88,2022
25-03-2022,14.04,Varias,3.96,2022
26-03-2022,15.84,14:10,2.16,2022
27-03-2022,20.88,14:40,3.96,2022
28-03-2022,14.04,13:20,1.08,2022
29-03-2022,28.08,16:20,2.88,2022
30-03-2022,23.04,16:40,5.04,2022
31-03-2022,33.84,13:10,5.04,2022
01-04-2022,25.92,10:30,5.04,2022
02-04-2022,25.92,17:10,5.04,2022
03-04-2022,36,16:50,6.12,2022
04-04-2022,32.04,19:00,6.12,2022
05-04-2022,23.04,11:50,6.12,2022
06-04-2022,29.16,18:50,5.04,2022
07-04-2022,43.92,12:50,11.88,2022
08-04-2022,28.08,13:50,9,2022
09-04-2022,16.92,15:20,6.12,2022
10-04-2022,45,13:00,10.08,2022
11-04-2022,29.16,10:50,3.96,2022
12-04-2022,36,14:20,6.84,2022
13-04-2022,16.92,Varias,2.88,2022
14-04-2022,21.96,20:00,2.88,2022
15-04-2022,20.88,14:10,2.88,2022
16-04-2022,32.04,18:00,6.12,2022
17-04-2022,24.12,19:10,2.88,2022
18-04-2022,32.04,15:00,3.96,2022
19-04-2022,32.04,18:20,3.96,2022
20-04-2022,32.04,14:50,5.04,2022
21-04-2022,25.92,16:50,3.96,2022
22-04-2022,29.16,14:10,5.04,2022
23-04-2022,37.08,15:50,6.84,2022
24-04-2022,16.92,15:20,2.88,2022
25-04-2022,19.08,15:20,3.96,2022
26-04-2022,32.04,13:20,3.96,2022
27-04-2022,30.96,13:10,2.88,2022
28-04-2022,23.04,12:40,2.88,2022
29-04-2022,20.88,19:10,2.88,2022
30-04-2022,25.92,15:20,6.84,2022
01-05-2022,29.88,16:30,5.04,2022
02-05-2022,24.12,16:30,3.96,2022
03-05-2022,27,Varias,3.96,2022
04-05-2022,21.96,17:50,3.96,2022
05-05-2022,21.96,19:20,3.96,2022
06-05-2022,20.88,21:20,5.04,2022
07-05-2022,20.88,18:40,3.96,2022
08-05-2022,18,17:40,2.88,2022
09-05-2022,23.04,16:30,6.12,2022
10-05-2022,23.04,15:40,6.12,2022
11-05-2022,24.84,17:10,3.96,2022
12-05-2022,21.96,19:40,5.04,2022
13-05-2022,27,15:30,6.12,2022
14-05-2022,28.08,18:50,2.88,2022
15-05-2022,46.08,11:50,11.16,2022
16-05-2022,42.84,14:50,9,2022
17-05-2022,42.12,10:30,9,2022
18-05-2022,29.88,14:00,7.92,2022
19-05-2022,18,16:40,3.96,2022
20-05-2022,21.96,16:30,3.96,2022
21-05-2022,56.16,19:30,5.04,2022
22-05-2022,20.88,14:10,1.08,2022
23-05-2022,21.96,16:50,6.84,2022
24-05-2022,23.04,13:20,5.04,2022
25-05-2022,25.92,12:30,3.96,2022
26-05-2022,21.96,17:50,3.96,2022
27-05-2022,23.04,17:00,3.96,2022
28-05-2022,24.12,17:30,3.96,2022
29-05-2022,32.04,16:00,6.84,2022
30-05-2022,20.16,14:20,3.96,2022
31-05-2022,24.84,12:50,5.04,2022
01-06-2022,28.08,08:00,3.96,2022
02-06-2022,29.16,16:40,3.96,2022
03-06-2022,30.96,11:40,2.88,2022
04-06-2022,25.92,13:40,2.88,2022
05-06-2022,23.04,13:50,5.04,2022
06-06-2022,25.92,15:20,5.04,2022
07-06-2022,24.12,16:40,5.04,2022
08-06-2022,28.08,11:20,7.92,2022
09-06-2022,23.04,15:50,3.96,2022
10-06-2022,24.84,19:20,5.04,2022
11-06-2022,29.16,21:40,5.04,2022
12-06-2022,30.96,15:30,6.12,2022
13-06-2022,21.96,18:00,5.04,2022
14-06-2022,28.08,16:00,5.04,2022
15-06-2022,42.84,18:50,2.88,2022
16-06-2022,24.12,12:40,5.04,2022
17-06-2022,20.88,Varias,6.12,2022
18-06-2022,30.96,17:00,6.12,2022
19-06-2022,25.92,12:20,3.96,2022
20-06-2022,27,12:30,3.96,2022
21-06-2022,19.08,12:00,2.16,2022
22-06-2022,29.16,13:40,5.04,2022
23-06-2022,28.08,Varias,6.12,2022
24-06-2022,28.08,16:40,5.04,2022
25-06-2022,29.16,16:50,6.12,2022
26-06-2022,27,15:40,3.96,2022
27-06-2022,20.88,13:50,3.96,2022
28-06-2022,24.12,16:50,6.12,2022
29-06-2022,24.84,17:50,2.88,2022
30-06-2022,20.16,14:40,5.04,2022
01-07-2022,16.92,14:40,2.88,2022
02-07-2022,27,16:20,5.04,2022
03-07-2022,29.16,15:30,3.96,2022
04-07-2022,24.84,08:00,5.04,2022
05-07-2022,27,16:30,5.04,2022
06-07-2022,27,17:00,5.04,2022
07-07-2022,24.12,21:30,3.96,2022
08-07-2022,19.08,21:40,3.96,2022
09-07-2022,24.84,19:10,3.96,2022
10-07-2022,24.12,16:40,3.96,2022
11-07-2022,21.96,16:20,5.04,2022
12-07-2022,29.88,17:30,3.96,2022
13-07-2022,21.96,13:50,3.96,2022
14-07-2022,36,18:10,5.04,2022
15-07-2022,33.12,17:20,5.04,2022
16-07-2022,19.08,16:10,2.88,2022
17-07-2022,27,16:40,6.12,2022
18-07-2022,33.84,14:20,9,2022
19-07-2022,30.96,Varias,9,2022
20-07-2022,23.04,23:10,5.04,2022
21-07-2022,25.92,14:30,3.96,2022
22-07-2022,25.92,18:00,5.04,2022
23-07-2022,18,Varias,5.04,2022
24-07-2022,32.04,12:30,6.84,2022
25-07-2022,25.92,17:10,6.12,2022
26-07-2022,24.12,18:40,3.96,2022
27-07-2022,24.12,16:50,5.04,2022
28-07-2022,24.84,16:50,5.04,2022
29-07-2022,27,14:00,3.96,2022
30-07-2022,23.04,Varias,5.04,2022
31-07-2022,24.84,19:00,3.96,2022
01-08-2022,20.88,15:10,5.04,2022
02-08-2022,29.16,15:50,5.04,2022
03-08-2022,30.96,16:20,5.04,2022
04-08-2022,27,17:20,5.04,2022
05-08-2022,29.16,17:10,5.04,2022
06-08-2022,21.96,19:10,5.04,2022
07-08-2022,33.12,15:40,3.96,2022
08-08-2022,24.84,17:10,3.96,2022
09-08-2022,29.88,16:20,6.12,2022
10-08-2022,48.96,17:20,6.12,2022
11-08-2022,30.96,17:20,6.84,2022
12-08-2022,27,16:40,5.04,2022
13-08-2022,29.88,16:00,7.92,2022
14-08-2022,27,16:10,6.12,2022
15-08-2022,36,16:40,7.92,2022
16-08-2022,34.92,11:00,6.12,2022
17-08-2022,24.84,16:10,5.04,2022
18-08-2022,29.88,17:50,5.04,2022
19-08-2022,19.08,15:10,3.96,2022
20-08-2022,25.92,16:10,3.96,2022
21-08-2022,25.92,15:30,3.96,2022
22-08-2022,24.12,17:40,6.12,2022
23-08-2022,24.12,13:00,5.04,2022
24-08-2022,42.12,15:30,3.96,2022
25-08-2022,32.04,14:30,5.04,2022
26-08-2022,28.08,20:00,3.96,2022
27-08-2022,24.84,14:50,5.04,2022
28-08-2022,24.84,14:10,3.96,2022
29-08-2022,27,Varias,6.84,2022
30-08-2022,23.04,14:40,6.12,2022
31-08-2022,27,13:50,5.04,2022
01-09-2022,27,14:40,5.04,2022
02-09-2022,20.88,17:10,5.04,2022
03-09-2022,29.16,14:40,6.12,2022
04-09-2022,36,Varias,6.84,2022
05-09-2022,38.88,14:20,7.92,2022
06-09-2022,39.96,12:30,10.08,2022
07-09-2022,34.92,14:20,6.12,2022
08-09-2022,25.92,14:10,6.84,2022
19-11-2022,11.16,21:00,3.96,2022
20-11-2022,23.04,23:50,2.16,2022
21-11-2022,39.96,12:30,7.92,2022
22-11-2022,45,19:50,3.96,2022
23-11-2022,47.16,05:10,3.96,2022
24-11-2022,15.12,17:20,2.88,2022
25-11-2022,10.08,08:10,2.16,2022
26-11-2022,11.88,10:40,2.16,2022
27-11-2022,18,12:10,2.16,2022
28-11-2022,14.04,16:00,2.88,2022
29-11-2022,7.92,03:50,2.88,2022
30-11-2022,15.84,12:00,1.08,2022
01-12-2022,12.96,14:10,2.16,2022
02-12-2022,14.04,14:00,2.88,2022
03-12-2022,10.08,03:20,2.16,2022
04-12-2022,11.88,05:50,2.88,2022
05-12-2022,9,01:20,2.16,2022
06-12-2022,9,13:10,2.16,2022
07-12-2022,11.88,16:10,2.16,2022
08-12-2022,29.88,12:00,5.04,2022
09-12-2022,19.08,16:10,3.96,2022
10-12-2022,11.88,01:10,2.16,2022
11-12-2022,11.88,11:00,2.88,2022
12-12-2022,45,14:20,7.92,2022
13-12-2022,24.84,22:50,2.88,2022
14-12-2022,25.92,10:40,6.84,2022
15-12-2022,15.12,12:00,2.16,2022
16-12-2022,14.04,13:50,3.96,2022
17-12-2022,11.88,16:00,1.08,2022
18-12-2022,46.08,22:40,12.96,2022
19-12-2022,38.88,02:00,12.96,2022
20-12-2022,30.96,15:30,6.84,2022
21-12-2022,29.88,15:30,5.04,2022
22-12-2022,28.08,11:00,6.84,2022
23-12-2022,42.84,14:40,6.84,2022
24-12-2022,33.12,01:10,6.12,2022
25-12-2022,33.12,01:50,3.96,2022
26-12-2022,11.88,11:40,2.16,2022
27-12-2022,11.16,16:50,2.88,2022
28-12-2022,33.84,13:30,5.04,2022
29-12-2022,24.84,05:20,3.96,2022
30-12-2022,41.04,17:50,9,2022
31-12-2022,65.88,14:00,11.88,2022
01-01-2023,39.96,09:50,2.16,2023
02-01-2023,10.08,07:30,2.16,2023
03-01-2023,12.96,07:50,2.88,2023
04-01-2023,12.96,04:30,2.88,2023
05-01-2023,11.88,06:20,2.88,2023
06-01-2023,28.08,21:10,5.04,2023
07-01-2023,36,Varias,11.16,2023
08-01-2023,42.12,08:50,6.84,2023
09-01-2023,16.92,14:50,2.16,2023
10-01-2023,27,15:00,2.88,2023
11-01-2023,10.08,Varias,2.88,2023
12-01-2023,11.16,06:00,2.88,2023
13-01-2023,11.88,13:30,3.96,2023
14-01-2023,38.88,23:20,5.04,2023
15-01-2023,33.84,23:59,5.04,2023
16-01-2023,37.08,19:10,10.08,2023
17-01-2023,45,13:50,6.12,2023
18-01-2023,24.12,04:30,2.16,2023
19-01-2023,25.92,14:30,3.96,2023
20-01-2023,15.12,15:00,2.88,2023
21-01-2023,20.16,15:30,2.88,2023
22-01-2023,15.12,15:30,3.96,2023
23-01-2023,24.12,12:50,3.96,2023
24-01-2023,27,12:40,5.04,2023
25-01-2023,14.04,16:40,2.88,2023
26-01-2023,10.08,14:50,2.88,2023
27-01-2023,28.08,13:20,5.04,2023
28-01-2023,29.16,16:30,5.04,2023
29-01-2023,19.08,14:40,2.88,2023
30-01-2023,11.16,15:20,2.16,2023
31-01-2023,14.04,17:20,2.16,2023
01-02-2023,15.84,16:30,2.88,2023
02-02-2023,14.04,15:20,2.88,2023
03-02-2023,7.92,12:20,2.16,2023
04-02-2023,9,23:30,1.08,2023
05-02-2023,15.84,14:10,2.16,2023
06-02-2023,24.84,13:20,2.16,2023
07-02-2023,29.88,18:50,6.12,2023
08-02-2023,20.16,14:20,5.04,2023
09-02-2023,16.92,14:50,1.08,2023
10-02-2023,14.04,13:50,2.88,2023
11-02-2023,25.92,14:20,3.96,2023
12-02-2023,33.84,12:50,9,2023
13-02-2023,36,14:40,6.84,2023
14-02-2023,39.96,16:10,7.92,2023
15-02-2023,11.88,13:50,2.16,2023
16-02-2023,14.04,15:40,2.88,2023
17-02-2023,11.88,16:10,2.16,2023
18-02-2023,14.04,13:40,2.88,2023
19-02-2023,14.04,14:40,3.96,2023
20-02-2023,9,15:30,2.16,2023
21-02-2023,24.12,17:10,2.16,2023
22-02-2023,24.84,16:40,2.16,2023
23-02-2023,24.84,14:00,3.96,2023
24-02-2023,14.04,15:00,3.96,2023
25-02-2023,11.16,16:50,3.96,2023
26-02-2023,21.96,14:00,5.04,2023
27-02-2023,28.08,14:40,5.04,2023
28-02-2023,28.08,13:20,6.12,2023
01-03-2023,38.16,14:10,2.88,2023
02-03-2023,11.16,13:20,2.16,2023
03-03-2023,18,21:30,2.16,2023
04-03-2023,15.12,13:10,2.88,2023
05-03-2023,12.96,16:20,2.16,2023
06-03-2023,24.12,13:40,2.16,2023
07-03-2023,36,06:00,7.92,2023
08-03-2023,56.16,12:50,12.96,2023
09-03-2023,38.88,09:10,10.08,2023
10-03-2023,37.08,13:10,9,2023
11-03-2023,34.92,01:40,9,2023
12-03-2023,24.12,13:00,5.04,2023
13-03-2023,54,11:40,10.08,2023
14-03-2023,32.04,14:30,5.04,2023
15-03-2023,23.04,16:40,2.88,2023
16-03-2023,33.84,12:30,6.84,2023
17-03-2023,43.92,13:50,10.08,2023
18-03-2023,29.16,13:50,10.08,2023
19-03-2023,15.12,15:50,3.96,2023
20-03-2023,29.88,13:50,6.84,2023
21-03-2023,21.96,14:00,3.96,2023
22-03-2023,25.92,14:10,5.04,2023
23-03-2023,34.92,12:20,11.16,2023
24-03-2023,32.04,14:40,7.92,2023
25-03-2023,38.16,14:50,5.04,2023
26-03-2023,30.96,12:20,7.92,2023
27-03-2023,18,12:10,3.96,2023
28-03-2023,19.08,14:50,2.16,2023
29-03-2023,51.84,14:50,11.16,2023
30-03-2023,45,17:30,9,2023
31-03-2023,39.96,14:40,11.88,2023
01-04-2023,24.12,16:10,3.96,2023
02-04-2023,18,16:30,3.96,2023
03-04-2023,10.08,13:10,2.88,2023
04-04-2023,20.16,18:50,5.04,2023
05-04-2023,15.12,14:50,2.88,2023
06-04-2023,20.16,18:30,2.88,2023
07-04-2023,32.04,15:10,5.04,2023
08-04-2023,24.12,14:00,3.96,2023
09-04-2023,24.12,18:10,2.88,2023
10-04-2023,29.16,15:50,6.12,2023
11-04-2023,32.04,15:10,6.84,2023
12-04-2023,33.12,15:30,7.92,2023
13-04-2023,36,11:40,6.84,2023
14-04-2023,37.08,15:50,9,2023
15-04-2023,20.88,15:50,3.96,2023
16-04-2023,20.16,18:40,2.88,2023
17-04-2023,28.08,17:20,3.96,2023
18-04-2023,23.04,11:30,5.04,2023
19-04-2023,32.04,14:10,5.04,2023
20-04-2023,28.08,15:20,6.12,2023
21-04-2023,28.08,12:00,2.88,2023
22-04-2023,38.16,13:50,7.92,2023
23-04-2023,41.04,14:20,7.92,2023
24-04-2023,23.04,15:40,5.04,2023
25-04-2023,29.88,15:40,3.96,2023
26-04-2023,19.08,12:20,3.96,2023
27-04-2023,25.92,14:50,2.88,2023
28-04-2023,28.08,15:40,6.12,2023
29-04-2023,33.12,16:50,3.96,2023
30-04-2023,0,,3.96,2023
01-05-2023,0,,5.04,2023
02-05-2023,33.12,11:50,6.84,2023
03-05-2023,50.04,15:20,6.12,2023
04-05-2023,41.04,14:10,9,2023
05-05-2023,27,14:20,6.12,2023
06-05-2023,25.92,15:50,2.88,2023
07-05-2023,20.88,18:40,3.96,2023
08-05-2023,0,,6.12,2023
09-05-2023,25.92,09:00,5.04,2023
10-05-2023,20.16,18:30,3.96,2023
11-05-2023,0,,5.04,2023
12-05-2023,33.84,10:40,6.84,2023
13-05-2023,29.16,13:40,3.96,2023
14-05-2023,27,11:10,3.96,2023
15-05-2023,27,16:40,3.96,2023
16-05-2023,23.04,18:30,5.04,2023
17-05-2023,27,16:40,5.04,2023
18-05-2023,25.92,20:00,5.04,2023
19-05-2023,34.92,16:50,3.96,2023
20-05-2023,39.96,15:40,3.96,2023
21-05-2023,27,15:30,3.96,2023
22-05-2023,24.84,15:20,5.04,2023
23-05-2023,28.08,Varias,5.04,2023
24-05-2023,24.84,14:40,3.96,2023
25-05-2023,29.16,15:30,3.96,2023
26-05-2023,33.84,13:50,5.04,2023
27-05-2023,28.08,11:40,2.16,2023
28-05-2023,24.12,15:00,2.88,2023
29-05-2023,42.12,16:20,3.96,2023
30-05-2023,24.84,17:20,2.88,2023
31-05-2023,20.88,15:20,2.88,2023
01-06-2023,33.12,15:30,2.88,2023
02-06-2023,18,11:30,3.96,2023
03-06-2023,28.08,15:00,2.88,2023
04-06-2023,25.92,16:20,3.96,2023
05-06-2023,20.88,15:40,2.88,2023
06-06-2023,39.96,18:50,3.96,2023
07-06-2023,19.08,00:50,2.88,2023
08-06-2023,41.04,13:10,6.84,2023
09-06-2023,33.12,13:10,6.12,2023
10-06-2023,20.16,16:50,2.88,2023
11-06-2023,28.08,15:50,5.04,2023
12-06-2023,37.08,15:50,6.12,2023
13-06-2023,21.96,18:00,6.12,2023
14-06-2023,20.16,16:10,3.96,2023
15-06-2023,15.84,15:50,5.04,2023
16-06-2023,23.04,15:00,5.04,2023
17-06-2023,27,16:10,3.96,2023
18-06-2023,24.84,15:10,2.88,2023
19-06-2023,19.08,14:30,5.04,2023
20-06-2023,24.12,17:10,5.04,2023
21-06-2023,16.92,15:30,3.96,2023
22-06-2023,16.92,19:10,3.96,2023
23-06-2023,15.84,16:20,2.88,2023
24-06-2023,24.12,16:20,5.04,2023
25-06-2023,20.88,19:50,5.04,2023
26-06-2023,20.16,20:40,3.96,2023
27-06-2023,25.92,17:20,5.04,2023
28-06-2023,23.04,16:00,3.96,2023
29-06-2023,34.92,16:40,5.04,2023
30-06-2023,24.12,12:10,3.96,2023
01-07-2023,21.96,14:00,2.88,2023
02-07-2023,23.04,14:00,5.04,2023
03-07-2023,19.08,16:40,5.04,2023
04-07-2023,23.04,14:50,3.96,2023
05-07-2023,18,14:50,3.96,2023
06-07-2023,21.96,Varias,5.04,2023
07-07-2023,38.88,14:40,10.08,2023
08-07-2023,28.08,13:40,6.84,2023
09-07-2023,18,12:10,5.04,2023
10-07-2023,19.08,16:10,5.04,2023
11-07-2023,25.92,13:20,5.04,2023
12-07-2023,23.04,18:40,5.04,2023
13-07-2023,21.96,17:40,6.12,2023
14-07-2023,32.04,17:00,10.08,2023
15-07-2023,30.96,14:00,6.84,2023
16-07-2023,20.16,15:30,3.96,2023
17-07-2023,21.96,19:30,5.04,2023
18-07-2023,19.08,17:00,2.88,2023
19-07-2023,20.88,17:30,3.96,2023
20-07-2023,25.92,17:20,6.12,2023
21-07-2023,20.88,Varias,3.96,2023
22-07-2023,20.88,19:00,5.04,2023
23-07-2023,30.96,14:40,5.04,2023
24-07-2023,20.16,17:10,3.96,2023
25-07-2023,19.08,10:50,3.96,2023
26-07-2023,18,Varias,6.12,2023
27-07-2023,28.08,16:20,6.12,2023
28-07-2023,36,16:20,6.12,2023
29-07-2023,24.12,15:10,6.12,2023
30-07-2023,23.04,16:50,2.88,2023
31-07-2023,28.08,17:50,6.84,2023
01-08-2023,25.92,15:50,5.04,2023
02-08-2023,30.96,13:40,6.84,2023
03-08-2023,24.84,13:50,3.96,2023
04-08-2023,24.12,Varias,3.96,2023
05-08-2023,23.04,19:10,2.88,2023
06-08-2023,21.96,21:20,5.04,2023
07-08-2023,19.08,01:20,3.96,2023
08-08-2023,20.16,18:40,5.04,2023
09-08-2023,34.92,17:20,6.12,2023
10-08-2023,20.16,13:00,5.04,2023
11-08-2023,28.08,14:10,5.04,2023
12-08-2023,21.96,16:20,3.96,2023
13-08-2023,20.88,18:10,3.96,2023
14-08-2023,24.12,16:50,3.96,2023
15-08-2023,19.08,16:50,3.96,2023
16-08-2023,20.16,18:10,3.96,2023
17-08-2023,32.04,14:20,3.96,2023
18-08-2023,37.08,12:50,9,2023
19-08-2023,28.08,15:00,2.88,2023
20-08-2023,23.04,21:50,2.88,2023
21-08-2023,15.12,15:20,3.96,2023
22-08-2023,20.88,15:40,3.96,2023
23-08-2023,27,11:30,5.04,2023
24-08-2023,28.08,14:50,6.12,2023
25-08-2023,21.96,16:10,3.96,2023
26-08-2023,25.92,15:20,5.04,2023
27-08-2023,27,15:00,3.96,2023
28-08-2023,25.92,14:10,5.04,2023
29-08-2023,20.88,15:00,3.96,2023
30-08-2023,24.84,12:50,3.96,2023
31-08-2023,24.12,17:20,5.04,2023
01-09-2023,24.12,13:30,5.04,2023
02-09-2023,28.08,17:30,2.16,2023
03-09-2023,24.12,18:20,2.16,2023
04-09-2023,42.12,13:20,7.92,2023
05-09-2023,36,10:00,5.04,2023
06-09-2023,0,,6.12,2023
07-09-2023,27,19:10,3.96,2023
08-09-2023,29.88,Varias,6.12,2023
09-09-2023,45,12:10,2.88,2023
10-09-2023,15.12,15:50,2.16,2023
11-09-2023,38.16,16:10,3.96,2023
12-09-2023,20.16,15:20,2.88,2023
13-09-2023,16.92,19:30,2.88,2023
14-09-2023,16.92,14:20,3.96,2023
15-09-2023,33.84,15:10,2.88,2023
16-09-2023,38.16,14:50,9,2023
17-09-2023,46.08,12:00,9,2023
18-09-2023,18,00:10,3.96,2023
19-09-2023,20.16,16:00,3.96,2023
20-09-2023,37.08,23:50,6.84,2023
21-09-2023,32.04,13:50,6.12,2023
22-09-2023,28.08,11:00,3.96,2023
23-09-2023,16.92,14:20,3.96,2023
24-09-2023,24.84,15:10,2.16,2023
25-09-2023,19.08,15:40,3.96,2023
26-09-2023,14.04,13:50,3.96,2023
27-09-2023,25.92,14:10,3.96,2023
28-09-2023,29.16,14:50,3.96,2023
29-09-2023,11.16,13:10,2.16,2023
30-09-2023,21.96,15:00,2.16,2023
01-10-2023,18,15:30,2.16,2023
02-10-2023,32.04,13:20,6.12,2023
03-10-2023,20.88,15:40,2.88,2023
04-10-2023,12.96,15:10,2.88,2023
05-10-2023,18,15:10,3.96,2023
06-10-2023,10.08,07:40,2.16,2023
07-10-2023,20.88,15:40,2.16,2023
08-10-2023,10.08,14:10,1.08,2023
09-10-2023,11.88,15:10,2.16,2023
10-10-2023,10.08,13:30,2.16,2023
11-10-2023,16.92,16:20,2.16,2023
12-10-2023,11.88,12:10,1.08,2023
13-10-2023,28.08,09:10,3.96,2023
14-10-2023,15.12,19:30,2.16,2023
15-10-2023,15.12,15:10,1.08,2023
16-10-2023,42.12,23:50,3.96,2023
17-10-2023,57.96,03:10,12.96,2023
18-10-2023,37.08,10:30,7.92,2023
19-10-2023,34.92,13:10,6.12,2023
20-10-2023,30.96,13:30,7.92,2023
21-10-2023,9,Varias,2.16,2023
22-10-2023,23.04,14:10,2.16,2023
23-10-2023,34.92,14:50,2.16,2023
24-10-2023,23.04,07:20,6.12,2023
25-10-2023,30.96,16:20,5.04,2023
26-10-2023,29.16,13:30,6.84,2023
27-10-2023,34.92,04:40,6.12,2023
28-10-2023,39.96,13:10,9,2023
29-10-2023,37.08,10:50,6.12,2023
30-10-2023,27,14:20,5.04,2023
31-10-2023,30.96,23:59,2.16,2023
01-11-2023,47.88,20:40,5.04,2023
02-11-2023,55.08,15:30,6.84,2023
03-11-2023,38.88,22:50,6.84,2023
04-11-2023,52.92,10:00,16.92,2023
05-11-2023,33.12,12:40,6.84,2023
06-11-2023,27,11:10,2.88,2023
07-11-2023,19.08,15:20,3.96,2023
08-11-2023,29.16,11:40,3.96,2023
09-11-2023,20.88,14:50,2.88,2023
10-11-2023,16.92,23:40,2.16,2023
11-11-2023,38.16,12:30,6.84,2023
12-11-2023,32.04,17:30,6.12,2023
13-11-2023,23.04,10:20,2.88,2023
14-11-2023,23.04,00:30,3.96,2023
15-11-2023,20.16,17:20,2.88,2023
16-11-2023,16.92,14:00,5.04,2023
17-11-2023,11.88,13:40,2.16,2023
18-11-2023,10.08,11:50,2.88,2023
19-11-2023,10.08,09:40,2.16,2023
20-11-2023,23.04,14:20,3.96,2023
21-11-2023,21.96,12:10,2.88,2023
22-11-2023,23.04,18:20,2.88,2023
23-11-2023,19.08,00:50,2.88,2023
24-11-2023,14.04,05:10,2.16,2023
25-11-2023,15.84,05:50,2.88,2023
26-11-2023,11.16,10:20,2.16,2023
27-11-2023,10.08,13:00,2.16,2023
28-11-2023,11.88,23:59,2.16,2023
29-11-2023,27,14:30,5.04,2023
30-11-2023,19.08,02:30,2.88,2023
01-12-2023,20.88,14:00,2.16,2023
02-12-2023,9,Varias,2.88,2023
03-12-2023,28.08,11:50,6.84,2023
04-12-2023,21.96,14:30,5.04,2023
05-12-2023,11.16,06:50,2.88,2023
06-12-2023,27,23:30,2.16,2023
07-12-2023,30.96,14:10,2.16,2023
08-12-2023,34.92,00:30,2.88,2023
09-12-2023,34.92,11:30,6.84,2023
10-12-2023,28.08,15:30,3.96,2023
11-12-2023,23.04,18:00,5.04,2023
12-12-2023,25.92,00:10,3.96,2023
13-12-2023,24.12,13:50,5.04,2023
14-12-2023,10.08,13:30,2.16,2023
15-12-2023,10.08,09:30,2.16,2023
16-12-2023,11.16,08:30,1.08,2023
17-12-2023,14.04,06:40,3.96,2023
18-12-2023,11.88,Varias,3.96,2023
19-12-2023,11.88,04:00,3.96,2023
20-12-2023,24.84,13:30,2.88,2023
21-12-2023,0,,2.16,2023
22-12-2023,0,,3.96,2023
23-12-2023,15.12,10:10,2.16,2023
24-12-2023,11.88,05:30,2.88,2023
25-12-2023,11.88,05:00,2.88,2023
26-12-2023,20.16,23:20,5.04,2023
27-12-2023,0,,10.08,2023
28-12-2023,29.88,08:00,2.88,2023
29-12-2023,9,06:20,2.16,2023
30-12-2023,39.96,23:50,3.96,2023
31-12-2023,34.92,00:50,2.16,2023
01-01-2023,39.96,09:50,2.16,2023
02-01-2023,10.08,07:30,2.16,2023
03-01-2023,12.96,07:50,2.88,2023
04-01-2023,12.96,04:30,2.88,2023
05-01-2023,11.88,06:20,2.88,2023
06-01-2023,28.08,21:10,5.04,2023
07-01-2023,36,Varias,11.16,2023
08-01-2023,42.12,08:50,6.84,2023
09-01-2023,16.92,14:50,2.16,2023
10-01-2023,27,15:00,2.88,2023
11-01-2023,10.08,Varias,2.88,2023
12-01-2023,11.16,06:00,2.88,2023
13-01-2023,11.88,13:30,3.96,2023
14-01-2023,38.88,23:20,5.04,2023
15-01-2023,33.84,23:59,5.04,2023
16-01-2023,37.08,19:10,10.08,2023
17-01-2023,45,13:50,6.12,2023
18-01-2023,24.12,04:30,2.16,2023
19-01-2023,25.92,14:30,3.96,2023
20-01-2023,15.12,15:00,2.88,2023
21-01-2023,20.16,15:30,2.88,2023
22-01-2023,15.12,15:30,3.96,2023
23-01-2023,24.12,12:50,3.96,2023
24-01-2023,27,12:40,5.04,2023
25-01-2023,14.04,16:40,2.88,2023
26-01-2023,10.08,14:50,2.88,2023
27-01-2023,28.08,13:20,5.04,2023
28-01-2023,29.16,16:30,5.04,2023
29-01-2023,19.08,14:40,2.88,2023
30-01-2023,11.16,15:20,2.16,2023
31-01-2023,14.04,17:20,2.16,2023
01-02-2023,15.84,16:30,2.88,2023
02-02-2023,14.04,15:20,2.88,2023
03-02-2023,7.92,12:20,2.16,2023
04-02-2023,9,23:30,1.08,2023
05-02-2023,15.84,14:10,2.16,2023
06-02-2023,24.84,13:20,2.16,2023
07-02-2023,29.88,18:50,6.12,2023
08-02-2023,20.16,14:20,5.04,2023
09-02-2023,16.92,14:50,1.08,2023
10-02-2023,14.04,13:50,2.88,2023
11-02-2023,25.92,14:20,3.96,2023
12-02-2023,33.84,12:50,9,2023
13-02-2023,36,14:40,6.84,2023
14-02-2023,39.96,16:10,7.92,2023
15-02-2023,11.88,13:50,2.16,2023
16-02-2023,14.04,15:40,2.88,2023
17-02-2023,11.88,16:10,2.16,2023
18-02-2023,14.04,13:40,2.88,2023
19-02-2023,14.04,14:40,3.96,2023
20-02-2023,9,15:30,2.16,2023
21-02-2023,24.12,17:10,2.16,2023
22-02-2023,24.84,16:40,2.16,2023
23-02-2023,24.84,14:00,3.96,2023
24-02-2023,14.04,15:00,3.96,2023
25-02-2023,11.16,16:50,3.96,2023
26-02-2023,21.96,14:00,5.04,2023
27-02-2023,28.08,14:40,5.04,2023
28-02-2023,28.08,13:20,6.12,2023
01-03-2023,38.16,14:10,2.88,2023
02-03-2023,11.16,13:20,2.16,2023
03-03-2023,18,21:30,2.16,2023
04-03-2023,15.12,13:10,2.88,2023
05-03-2023,12.96,16:20,2.16,2023
06-03-2023,24.12,13:40,2.16,2023
07-03-2023,36,06:00,7.92,2023
08-03-2023,56.16,12:50,12.96,2023
09-03-2023,38.88,09:10,10.08,2023
10-03-2023,37.08,13:10,9,2023
11-03-2023,34.92,01:40,9,2023
12-03-2023,24.12,13:00,5.04,2023
13-03-2023,54,11:40,10.08,2023
14-03-2023,32.04,14:30,5.04,2023
15-03-2023,23.04,16:40,2.88,2023
16-03-2023,33.84,12:30,6.84,2023
17-03-2023,43.92,13:50,10.08,2023
18-03-2023,29.16,13:50,10.08,2023
19-03-2023,15.12,15:50,3.96,2023
20-03-2023,29.88,13:50,6.84,2023
21-03-2023,21.96,14:00,3.96,2023
22-03-2023,25.92,14:10,5.04,2023
23-03-2023,34.92,12:20,11.16,2023
24-03-2023,32.04,14:40,7.92,2023
25-03-2023,38.16,14:50,5.04,2023
26-03-2023,30.96,12:20,7.92,2023
27-03-2023,18,12:10,3.96,2023
28-03-2023,19.08,14:50,2.16,2023
29-03-2023,51.84,14:50,11.16,2023
30-03-2023,45,17:30,9,2023
31-03-2023,39.96,14:40,11.88,2023
01-04-2023,24.12,16:10,3.96,2023
02-04-2023,18,16:30,3.96,2023
03-04-2023,10.08,13:10,2.88,2023
04-04-2023,20.16,18:50,5.04,2023
05-04-2023,15.12,14:50,2.88,2023
06-04-2023,20.16,18:30,2.88,2023
07-04-2023,32.04,15:10,5.04,2023
08-04-2023,24.12,14:00,3.96,2023
09-04-2023,24.12,18:10,2.88,2023
10-04-2023,29.16,15:50,6.12,2023
11-04-2023,32.04,15:10,6.84,2023
12-04-2023,33.12,15:30,7.92,2023
13-04-2023,36,11:40,6.84,2023
14-04-2023,37.08,15:50,9,2023
15-04-2023,20.88,15:50,3.96,2023
16-04-2023,20.16,18:40,2.88,2023
17-04-2023,28.08,17:20,3.96,2023
18-04-2023,23.04,11:30,5.04,2023
19-04-2023,32.04,14:10,5.04,2023
20-04-2023,28.08,15:20,6.12,2023
21-04-2023,28.08,12:00,2.88,2023
22-04-2023,38.16,13:50,7.92,2023
23-04-2023,41.04,14:20,7.92,2023
24-04-2023,23.04,15:40,5.04,2023
25-04-2023,29.88,15:40,3.96,2023
26-04-2023,19.08,12:20,3.96,2023
27-04-2023,25.92,14:50,2.88,2023
28-04-2023,28.08,15:40,6.12,2023
29-04-2023,33.12,16:50,3.96,2023
30-04-2023,0,,3.96,2023
01-05-2023,0,,5.04,2023
02-05-2023,33.12,11:50,6.84,2023
03-05-2023,50.04,15:20,6.12,2023
04-05-2023,41.04,14:10,9,2023
05-05-2023,27,14:20,6.12,2023
06-05-2023,25.92,15:50,2.88,2023
07-05-2023,20.88,18:40,3.96,2023
08-05-2023,0,,6.12,2023
09-05-2023,25.92,09:00,5.04,2023
10-05-2023,20.16,18:30,3.96,2023
11-05-2023,0,,5.04,2023
12-05-2023,33.84,10:40,6.84,2023
13-05-2023,29.16,13:40,3.96,2023
14-05-2023,27,11:10,3.96,2023
15-05-2023,27,16:40,3.96,2023
16-05-2023,23.04,18:30,5.04,2023
17-05-2023,27,16:40,5.04,2023
18-05-2023,25.92,20:00,5.04,2023
19-05-2023,34.92,16:50,3.96,2023
20-05-2023,39.96,15:40,3.96,2023
21-05-2023,27,15:30,3.96,2023
22-05-2023,24.84,15:20,5.04,2023
23-05-2023,28.08,Varias,5.04,2023
24-05-2023,24.84,14:40,3.96,2023
25-05-2023,29.16,15:30,3.96,2023
26-05-2023,33.84,13:50,5.04,2023
27-05-2023,28.08,11:40,2.16,2023
28-05-2023,24.12,15:00,2.88,2023
29-05-2023,42.12,16:20,3.96,2023
30-05-2023,24.84,17:20,2.88,2023
31-05-2023,20.88,15:20,2.88,2023
01-06-2023,33.12,15:30,2.88,2023
02-06-2023,18,11:30,3.96,2023
03-06-2023,28.08,15:00,2.88,2023
04-06-2023,25.92,16:20,3.96,2023
05-06-2023,20.88,15:40,2.88,2023
06-06-2023,39.96,18:50,3.96,2023
07-06-2023,19.08,00:50,2.88,2023
08-06-2023,41.04,13:10,6.84,2023
09-06-2023,33.12,13:10,6.12,2023
10-06-2023,20.16,16:50,2.88,2023
11-06-2023,28.08,15:50,5.04,2023
12-06-2023,37.08,15:50,6.12,2023
13-06-2023,21.96,18:00,6.12,2023
14-06-2023,20.16,16:10,3.96,2023
15-06-2023,15.84,15:50,5.04,2023
16-06-2023,23.04,15:00,5.04,2023
17-06-2023,27,16:10,3.96,2023
18-06-2023,24.84,15:10,2.88,2023
19-06-2023,19.08,14:30,5.04,2023
20-06-2023,24.12,17:10,5.04,2023
21-06-2023,16.92,15:30,3.96,2023
22-06-2023,16.92,19:10,3.96,2023
23-06-2023,15.84,16:20,2.88,2023
24-06-2023,24.12,16:20,5.04,2023
25-06-2023,20.88,19:50,5.04,2023
26-06-2023,20.16,20:40,3.96,2023
27-06-2023,25.92,17:20,5.04,2023
28-06-2023,23.04,16:00,3.96,2023
29-06-2023,34.92,16:40,5.04,2023
30-06-2023,24.12,12:10,3.96,2023
01-07-2023,21.96,14:00,2.88,2023
02-07-2023,23.04,14:00,5.04,2023
03-07-2023,19.08,16:40,5.04,2023
04-07-2023,23.04,14:50,3.96,2023
05-07-2023,18,14:50,3.96,2023
06-07-2023,21.96,Varias,5.04,2023
07-07-2023,38.88,14:40,10.08,2023
08-07-2023,28.08,13:40,6.84,2023
09-07-2023,18,12:10,5.04,2023
10-07-2023,19.08,16:10,5.04,2023
11-07-2023,25.92,13:20,5.04,2023
12-07-2023,23.04,18:40,5.04,2023
13-07-2023,21.96,17:40,6.12,2023
14-07-2023,32.04,17:00,10.08,2023
15-07-2023,30.96,14:00,6.84,2023
16-07-2023,20.16,15:30,3.96,2023
17-07-2023,21.96,19:30,5.04,2023
18-07-2023,19.08,17:00,2.88,2023
19-07-2023,20.88,17:30,3.96,2023
20-07-2023,25.92,17:20,6.12,2023
21-07-2023,20.88,Varias,3.96,2023
22-07-2023,20.88,19:00,5.04,2023
23-07-2023,30.96,14:40,5.04,2023
24-07-2023,20.16,17:10,3.96,2023
25-07-2023,19.08,10:50,3.96,2023
26-07-2023,18,Varias,6.12,2023
27-07-2023,28.08,16:20,6.12,2023
28-07-2023,36,16:20,6.12,2023
29-07-2023,24.12,15:10,6.12,2023
30-07-2023,23.04,16:50,2.88,2023
31-07-2023,28.08,17:50,6.84,2023
01-08-2023,25.92,15:50,5.04,2023
02-08-2023,30.96,13:40,6.84,2023
03-08-2023,24.84,13:50,3.96,2023
04-08-2023,24.12,Varias,3.96,2023
05-08-2023,23.04,19:10,2.88,2023
06-08-2023,21.96,21:20,5.04,2023
07-08-2023,19.08,01:20,3.96,2023
08-08-2023,20.16,18:40,5.04,2023
09-08-2023,34.92,17:20,6.12,2023
10-08-2023,20.16,13:00,5.04,2023
11-08-2023,28.08,14:10,5.04,2023
12-08-2023,21.96,16:20,3.96,2023
13-08-2023,20.88,18:10,3.96,2023
14-08-2023,24.12,16:50,3.96,2023
15-08-2023,19.08,16:50,3.96,2023
16-08-2023,20.16,18:10,3.96,2023
17-08-2023,32.04,14:20,3.96,2023
18-08-2023,37.08,12:50,9,2023
19-08-2023,28.08,15:00,2.88,2023
20-08-2023,23.04,21:50,2.88,2023
21-08-2023,15.12,15:20,3.96,2023
22-08-2023,20.88,15:40,3.96,2023
23-08-2023,27,11:30,5.04,2023
24-08-2023,28.08,14:50,6.12,2023
25-08-2023,21.96,16:10,3.96,2023
26-08-2023,25.92,15:20,5.04,2023
27-08-2023,27,15:00,3.96,2023
28-08-2023,25.92,14:10,5.04,2023
29-08-2023,20.88,15:00,3.96,2023
30-08-2023,24.84,12:50,3.96,2023
31-08-2023,24.12,17:20,5.04,2023
01-09-2023,24.12,13:30,5.04,2023
02-09-2023,28.08,17:30,2.16,2023
03-09-2023,24.12,18:20,2.16,2023
04-09-2023,42.12,13:20,7.92,2023
05-09-2023,36,10:00,5.04,2023
06-09-2023,0,,6.12,2023
07-09-2023,27,19:10,3.96,2023
08-09-2023,29.88,Varias,6.12,2023
09-09-2023,45,12:10,2.88,2023
10-09-2023,15.12,15:50,2.16,2023
11-09-2023,38.16,16:10,3.96,2023
12-09-2023,20.16,15:20,2.88,2023
13-09-2023,16.92,19:30,2.88,2023
14-09-2023,16.92,14:20,3.96,2023
15-09-2023,33.84,15:10,2.88,2023
16-09-2023,38.16,14:50,9,2023
17-09-2023,46.08,12:00,9,2023
18-09-2023,18,00:10,3.96,2023
19-09-2023,20.16,16:00,3.96,2023
20-09-2023,37.08,23:50,6.84,2023
21-09-2023,32.04,13:50,6.12,2023
22-09-2023,28.08,11:00,3.96,2023
23-09-2023,16.92,14:20,3.96,2023
24-09-2023,24.84,15:10,2.16,2023
25-09-2023,19.08,15:40,3.96,2023
26-09-2023,14.04,13:50,3.96,2023
27-09-2023,25.92,14:10,3.96,2023
28-09-2023,29.16,14:50,3.96,2023
29-09-2023,11.16,13:10,2.16,2023
30-09-2023,21.96,15:00,2.16,2023
01-10-2023,18,15:30,2.16,2023
02-10-2023,32.04,13:20,6.12,2023
03-10-2023,20.88,15:40,2.88,2023
04-10-2023,12.96,15:10,2.88,2023
05-10-2023,18,15:10,3.96,2023
06-10-2023,10.08,07:40,2.16,2023
07-10-2023,20.88,15:40,2.16,2023
08-10-2023,10.08,14:10,1.08,2023
09-10-2023,11.88,15:10,2.16,2023
10-10-2023,10.08,13:30,2.16,2023
11-10-2023,16.92,16:20,2.16,2023
12-10-2023,11.88,12:10,1.08,2023
13-10-2023,28.08,09:10,3.96,2023
14-10-2023,15.12,19:30,2.16,2023
15-10-2023,15.12,15:10,1.08,2023
16-10-2023,42.12,23:50,3.96,2023
17-10-2023,57.96,03:10,12.96,2023
18-10-2023,37.08,10:30,7.92,2023
19-10-2023,34.92,13:10,6.12,2023
20-10-2023,30.96,13:30,7.92,2023
21-10-2023,9,Varias,2.16,2023
22-10-2023,23.04,14:10,2.16,2023
23-10-2023,34.92,14:50,2.16,2023
24-10-2023,23.04,07:20,6.12,2023
25-10-2023,30.96,16:20,5.04,2023
26-10-2023,29.16,13:30,6.84,2023
27-10-2023,34.92,04:40,6.12,2023
28-10-2023,39.96,13:10,9,2023
29-10-2023,37.08,10:50,6.12,2023
30-10-2023,27,14:20,5.04,2023
31-10-2023,30.96,23:59,2.16,2023
01-11-2023,47.88,20:40,5.04,2023
02-11-2023,55.08,15:30,6.84,2023
03-11-2023,38.88,22:50,6.84,2023
04-11-2023,52.92,10:00,16.92,2023
05-11-2023,33.12,12:40,6.84,2023
06-11-2023,27,11:10,2.88,2023
07-11-2023,19.08,15:20,3.96,2023
08-11-2023,29.16,11:40,3.96,2023
09-11-2023,20.88,14:50,2.88,2023
10-11-2023,16.92,23:40,2.16,2023
11-11-2023,38.16,12:30,6.84,2023
12-11-2023,32.04,17:30,6.12,2023
13-11-2023,23.04,10:20,2.88,2023
14-11-2023,23.04,00:30,3.96,2023
15-11-2023,20.16,17:20,2.88,2023
16-11-2023,16.92,14:00,5.04,2023
17-11-2023,11.88,13:40,2.16,2023
18-11-2023,10.08,11:50,2.88,2023
19-11-2023,10.08,09:40,2.16,2023
20-11-2023,23.04,14:20,3.96,2023
21-11-2023,21.96,12:10,2.88,2023
22-11-2023,23.04,18:20,2.88,2023
23-11-2023,19.08,00:50,2.88,2023
24-11-2023,14.04,05:10,2.16,2023
25-11-2023,15.84,05:50,2.88,2023
26-11-2023,11.16,10:20,2.16,2023
27-11-2023,10.08,13:00,2.16,2023
28-11-2023,11.88,23:59,2.16,2023
29-11-2023,27,14:30,5.04,2023
30-11-2023,19.08,02:30,2.88,2023
01-12-2023,20.88,14:00,2.16,2023
02-12-2023,9,Varias,2.88,2023
03-12-2023,28.08,11:50,6.84,2023
04-12-2023,21.96,14:30,5.04,2023
05-12-2023,11.16,06:50,2.88,2023
06-12-2023,27,23:30,2.16,2023
07-12-2023,30.96,14:10,2.16,2023
08-12-2023,34.92,00:30,2.88,2023
09-12-2023,34.92,11:30,6.84,2023
10-12-2023,28.08,15:30,3.96,2023
11-12-2023,23.04,18:00,5.04,2023
12-12-2023,25.92,00:10,3.96,2023
13-12-2023,24.12,13:50,5.04,2023
14-12-2023,10.08,13:30,2.16,2023
15-12-2023,10.08,09:30,2.16,2023
16-12-2023,11.16,08:30,1.08,2023
17-12-2023,14.04,06:40,3.96,2023
18-12-2023,11.88,Varias,3.96,2023
19-12-2023,11.88,04:00,3.96,2023
20-12-2023,24.84,13:30,2.88,2023
21-12-2023,0,,2.16,2023
22-12-2023,0,,3.96,2023
23-12-2023,15.12,10:10,2.16,2023
24-12-2023,11.88,05:30,2.88,2023
25-12-2023,11.88,05:00,2.88,2023
26-12-2023,20.16,23:20,5.04,2023
27-12-2023,0,,10.08,2023
28-12-2023,29.88,08:00,2.88,2023
29-12-2023,9,06:20,2.16,2023
30-12-2023,39.96,23:50,3.96,2023
31-12-2023,34.92,00:50,2.16,2023
01-01-2024,23.04,21:10,2.16,2024
02-01-2024,29.88,01:30,2.88,2024
03-01-2024,21.96,04:30,5.04,2024
04-01-2024,29.16,12:10,6.12,2024
05-01-2024,15.12,13:50,2.88,2024
06-01-2024,11.16,Varias,2.16,2024
07-01-2024,11.88,00:10,3.96,2024
08-01-2024,11.16,10:10,2.88,2024
09-01-2024,7.92,01:20,2.88,2024
10-01-2024,11.88,11:40,1.08,2024
11-01-2024,21.96,14:30,5.04,2024
12-01-2024,32.04,20:30,3.96,2024
13-01-2024,41.04,11:30,9,2024
14-01-2024,15.12,10:30,2.16,2024
15-01-2024,21.96,12:30,3.96,2024
16-01-2024,33.12,20:20,5.04,2024
17-01-2024,48.96,20:10,11.16,2024
18-01-2024,42.84,01:50,6.12,2024
19-01-2024,21.96,16:00,3.96,2024
20-01-2024,10.08,14:20,2.88,2024
21-01-2024,12.96,23:00,2.16,2024
22-01-2024,24.12,02:20,3.96,2024
23-01-2024,16.92,10:50,3.96,2024
24-01-2024,10.08,14:00,2.88,2024
25-01-2024,0,,2.88,2024
26-01-2024,12.96,07:40,2.88,2024
27-01-2024,7.92,Varias,2.88,2024
28-01-2024,29.16,16:50,2.88,2024
29-01-2024,0,,2.88,2024
30-01-2024,12.96,16:20,2.88,2024
31-01-2024,11.16,14:00,2.16,2024
01-02-2024,9,10:40,2.16,2024
02-02-2024,0,,2.16,2024
03-02-2024,11.16,13:10,2.88,2024
04-02-2024,7.92,Varias,1.08,2024
05-02-2024,10.08,15:30,2.16,2024
06-02-2024,15.84,16:50,3.96,2024
07-02-2024,29.88,14:40,2.88,2024
08-02-2024,47.16,07:00,16.92,2024
09-02-2024,27,13:10,2.88,2024
10-02-2024,0,,6.12,2024
11-02-2024,36,13:50,7.92,2024
12-02-2024,33.12,02:40,3.96,2024
13-02-2024,27,12:10,5.04,2024
14-02-2024,37.08,12:10,9,2024
15-02-2024,34.92,00:10,6.84,2024
16-02-2024,16.92,14:30,3.96,2024
17-02-2024,15.12,11:20,2.88,2024
18-02-2024,10.08,16:20,2.16,2024
19-02-2024,21.96,17:40,3.96,2024
20-02-2024,14.04,11:40,2.88,2024
21-02-2024,24.12,13:50,3.96,2024
22-02-2024,47.88,05:50,15.12,2024
23-02-2024,41.04,13:50,6.84,2024
24-02-2024,29.88,13:30,6.84,2024
25-02-2024,51.12,16:40,12.96,2024
26-02-2024,32.04,14:10,6.12,2024
27-02-2024,23.04,15:30,5.04,2024
28-02-2024,20.16,12:10,2.88,2024
29-02-2024,0,,9,2024
01-03-2024,27,12:50,6.12,2024
02-03-2024,41.04,14:30,7.92,2024
03-03-2024,25.92,13:00,6.12,2024
04-03-2024,43.92,14:10,6.12,2024
05-03-2024,14.04,14:40,2.88,2024
06-03-2024,33.12,14:00,6.12,2024
07-03-2024,46.08,06:30,12.96,2024
08-03-2024,43.92,10:50,11.16,2024
09-03-2024,36,03:20,6.84,2024
10-03-2024,27,02:30,5.04,2024
11-03-2024,24.12,14:30,6.12,2024
12-03-2024,32.04,16:30,9,2024
13-03-2024,32.04,13:50,5.04,2024
14-03-2024,30.96,14:00,2.88,2024
15-03-2024,21.96,16:30,3.96,2024
16-03-2024,25.92,12:20,3.96,2024
17-03-2024,19.08,14:40,2.88,2024
18-03-2024,19.08,16:10,3.96,2024
19-03-2024,12.96,17:30,2.88,2024
20-03-2024,34.92,13:00,6.84,2024
21-03-2024,23.04,16:20,2.88,2024
22-03-2024,27,17:30,5.04,2024
23-03-2024,29.88,18:50,6.12,2024
24-03-2024,20.88,13:20,5.04,2024
25-03-2024,37.08,14:40,6.84,2024
26-03-2024,33.12,13:30,5.04,2024
27-03-2024,46.08,13:50,9,2024
28-03-2024,41.04,03:50,2.88,2024
29-03-2024,25.92,13:10,3.96,2024
30-03-2024,28.08,17:00,2.16,2024
31-03-2024,39.96,12:10,6.12,2024
01-04-2024,47.88,12:20,10.08,2024
02-04-2024,47.16,16:20,11.16,2024
03-04-2024,37.08,12:00,6.84,2024
04-04-2024,41.04,16:00,11.16,2024
05-04-2024,42.84,21:10,9,2024
06-04-2024,41.04,13:50,9,2024
07-04-2024,30.96,15:50,7.92,2024
08-04-2024,30.96,08:40,6.84,2024
09-04-2024,0,,6.12,2024
10-04-2024,18,15:00,5.04,2024
11-04-2024,11.88,13:30,2.88,2024
12-04-2024,19.08,17:30,3.96,2024
13-04-2024,21.96,16:30,3.96,2024
14-04-2024,28.08,14:20,2.88,2024
15-04-2024,0,,3.96,2024
16-04-2024,25.92,12:00,3.96,2024
17-04-2024,23.04,20:20,3.96,2024
18-04-2024,19.08,15:50,3.96,2024
19-04-2024,20.16,18:40,2.16,2024
20-04-2024,23.04,18:30,5.04,2024
21-04-2024,20.88,16:20,3.96,2024
22-04-2024,27,13:50,5.04,2024
23-04-2024,29.88,15:20,5.04,2024
24-04-2024,21.96,16:20,3.96,2024
25-04-2024,42.84,14:10,6.12,2024
26-04-2024,33.12,13:50,2.88,2024
27-04-2024,27,15:40,2.88,2024
28-04-2024,21.96,12:40,3.96,2024
29-04-2024,23.04,17:40,6.12,2024
30-04-2024,37.08,14:30,5.04,2024
01-05-2024,34.92,13:20,6.12,2024
02-05-2024,41.04,15:20,7.92,2024
03-05-2024,20.16,13:20,5.04,2024
04-05-2024,45,14:40,9,2024
05-05-2024,36,15:10,5.04,2024
06-05-2024,19.08,17:40,2.88,2024
07-05-2024,15.84,18:50,3.96,2024
08-05-2024,21.96,14:10,5.04,2024
09-05-2024,11.16,11:20,2.16,2024
10-05-2024,33.12,18:10,2.88,2024
11-05-2024,24.12,14:20,5.04,2024
12-05-2024,18,15:10,3.96,2024
13-05-2024,25.92,14:10,5.04,2024
14-05-2024,36,15:10,6.12,2024
15-05-2024,29.88,13:50,5.04,2024
16-05-2024,24.12,12:30,3.96,2024
17-05-2024,18,14:00,2.88,2024
18-05-2024,28.08,13:50,6.84,2024
19-05-2024,16.92,17:20,3.96,2024
20-05-2024,25.92,16:50,3.96,2024
21-05-2024,28.08,16:40,6.84,2024
22-05-2024,25.92,10:30,5.04,2024
23-05-2024,23.04,16:20,3.96,2024
24-05-2024,23.04,18:40,5.04,2024
25-05-2024,30.96,13:40,6.12,2024
26-05-2024,20.88,14:20,3.96,2024
27-05-2024,23.04,09:20,2.88,2024
28-05-2024,18,19:10,3.96,2024
29-05-2024,16.92,13:20,2.88,2024
30-05-2024,25.92,Varias,5.04,2024
31-05-2024,29.88,17:10,6.12,2024
01-06-2024,25.92,17:40,3.96,2024
02-06-2024,24.12,21:00,3.96,2024
03-06-2024,16.92,00:50,5.04,2024
04-06-2024,23.04,15:50,5.04,2024
05-06-2024,21.96,16:50,6.12,2024
06-06-2024,24.12,19:40,5.04,2024
07-06-2024,37.08,15:40,3.96,2024
08-06-2024,21.96,11:10,3.96,2024
09-06-2024,27,17:20,5.04,2024
10-06-2024,23.04,18:30,3.96,2024
11-06-2024,24.84,17:30,3.96,2024
12-06-2024,24.12,19:00,3.96,2024
13-06-2024,27,Varias,6.12,2024
14-06-2024,30.96,11:30,9,2024
15-06-2024,25.92,15:50,3.96,2024
16-06-2024,37.08,13:30,7.92,2024
17-06-2024,20.88,14:50,2.88,2024
18-06-2024,32.04,17:30,6.12,2024
19-06-2024,28.08,12:00,3.96,2024
20-06-2024,0,,3.96,2024
21-06-2024,23.04,14:30,6.12,2024
22-06-2024,20.16,14:10,3.96,2024
23-06-2024,0,,5.04,2024
24-06-2024,18,15:20,5.04,2024
25-06-2024,25.92,Varias,6.84,2024
26-06-2024,28.08,15:50,3.96,2024
27-06-2024,0,,6.12,2024
28-06-2024,27,20:00,3.96,2024
29-06-2024,24.84,15:20,5.04,2024
30-06-2024,29.88,17:00,6.12,2024
01-07-2024,25.92,76:20,3.96,2024
02-07-2024,21.96,14:10,5.04,2024
03-07-2024,24.84,17:20,6.12,2024
04-07-2024,23.04,76:30,5.04,2024
05-07-2024,28.08,18:20,5.04,2024
06-07-2024,20.16,13:40,3.96,2024
07-07-2024,24.84,13:00,6.12,2024
08-07-2024,32.04,16:20,6.12,2024
09-07-2024,15.12,13:10,3.96,2024
10-07-2024,29.16,16:30,6.12,2024
11-07-2024,29.88,76:20,7.92,2024
12-07-2024,24.12,15:30,5.04,2024
13-07-2024,24.84,17:40,6.12,2024
14-07-2024,28.08,18:50,5.04,2024
15-07-2024,34.92,70:50,0,2024
16-07-2024,20.88,13:00,3.96,2024
17-07-2024,23.04,15:40,5.04,2024
18-07-2024,20.88,13:20,3.96,2024
19-07-2024,27,16:40,5.04,2024
20-07-2024,29.16,11:40,9,2024
21-07-2024,27,10:20,3.96,2024
22-07-2024,19.08,14:00,3.96,2024
23-07-2024,23.04,19:50,5.04,2024
24-07-2024,21.96,16:20,5.04,2024
25-07-2024,29.88,78:00,5.04,2024
26-07-2024,20.16,76:50,5.04,2024
27-07-2024,20.88,19:20,5.04,2024
28-07-2024,21.96,17:50,5.04,2024
29-07-2024,33.84,74:00,0,2024
30-07-2024,29.16,18:10,6.12,2024
31-07-2024,24.84,Varias,5.04,2024
01-08-2024,24.12,18:10,3.96,2024
02-08-2024,20.88,Varias,5.04,2024
03-08-2024,20.88,17:10,3.96,2024
04-08-2024,21.96,16:40,3.96,2024
05-08-2024,23.04,77:20,3.96,2024
06-08-2024,28.08,18:20,2.88,2024
07-08-2024,24.84,17:50,5.04,2024
08-08-2024,28.08,77:10,3.96,2024
09-08-2024,21.96,17:00,5.04,2024
10-08-2024,20.88,18:50,3.96,2024
11-08-2024,38.88,15:40,6.12,2024
12-08-2024,30.96,77:50,7.92,2024
13-08-2024,29.16,14:00,3.96,2024
14-08-2024,27,13:00,6.12,2024
15-08-2024,20.16,13:50,3.96,2024
16-08-2024,20.88,76:10,3.96,2024
17-08-2024,20.88,13:20,6.12,2024
18-08-2024,25.92,18:30,5.04,2024
19-08-2024,27,16:20,5.04,2024
20-08-2024,21.96,78:40,5.04,2024
21-08-2024,15.84,11:40,3.96,2024
22-08-2024,25.92,15:10,5.04,2024
23-08-2024,20.88,78:00,6.12,2024
24-08-2024,21.96,17:00,3.96,2024
25-08-2024,20.88,19:10,3.96,2024
26-08-2024,16.92,08:40,2.88,2024
27-08-2024,21.96,14:50,6.12,2024
28-08-2024,18,17:40,2.88,2024
29-08-2024,25.92,08:00,3.96,2024
30-08-2024,24.84,18:20,2.88,2024
31-08-2024,27,17:40,3.96,2024
01-09-2024,28.08,76:50,6.12,2024
02-09-2024,19.08,17:50,2.88,2024
03-09-2024,24.84,17:20,5.04,2024
04-09-2024,25.92,11:40,3.96,2024
05-09-2024,21.96,15:10,2.88,2024
06-09-2024,29.16,14:10,3.96,2024
07-09-2024,18,Varias,3.96,2024
08-09-2024,20.88,16:20,3.96,2024
09-09-2024,23.04,13:40,2.88,2024
10-09-2024,24.12,16:20,3.96,2024
11-09-2024,19.08,16:10,3.96,2024
12-09-2024,23.04,19:50,2.16,2024
13-09-2024,20.88,14:20,3.96,2024
14-09-2024,14.04,10:00,2.88,2024
15-09-2024,20.88,20:00,2.88,2024
16-09-2024,19.08,21:00,2.88,2024
17-09-2024,23.04,15:10,3.96,2024
18-09-2024,18,11:40,3.96,2024
19-09-2024,16.92,16:50,3.96,2024
20-09-2024,12.96,15:20,1.08,2024
21-09-2024,18,13:00,3.96,2024
22-09-2024,24.84,16:30,3.96,2024
23-09-2024,25.92,16:20,5.04,2024
24-09-2024,20.88,16:10,3.96,2024
25-09-2024,56.16,14:30,6.12,2024
26-09-2024,39.96,11:10,10.08,2024
27-09-2024,24.12,11:30,6.12,2024
28-09-2024,15.84,15:50,2.88,2024
29-09-2024,19.08,16:10,5.04,2024
30-09-2024,20.16,16:30,2.16,2024
01-10-2024,24.12,15:20,2.88,2024
02-10-2024,0,,5.04,2024
03-10-2024,25.92,16:30,2.16,2024
04-10-2024,12.96,Varias,3.96,2024
05-10-2024,42.12,13:50,6.12,2024
06-10-2024,29.88,12:10,6.84,2024
07-10-2024,33.12,13:50,5.04,2024
08-10-2024,34.92,11:30,7.92,2024
09-10-2024,69.12,08:00,9,2024
10-10-2024,23.04,13:00,5.04,2024
11-10-2024,54,11:20,6.84,2024
12-10-2024,25.92,04:20,2.88,2024
13-10-2024,25.92,14:50,2.88,2024
14-10-2024,19.08,13:00,2.88,2024
15-10-2024,12.96,22:40,1.08,2024
16-10-2024,30.96,11:30,6.12,2024
17-10-2024,27,Varias,5.04,2024
18-10-2024,21.96,15:30,5.04,2024
19-10-2024,25.92,16:00,2.16,2024
20-10-2024,29.88,11:40,2.88,2024
21-10-2024,11.16,07:10,3.96,2024
22-10-2024,15.84,17:50,2.88,2024
23-10-2024,19.08,16:40,2.88,2024
24-10-2024,27,18:40,3.96,2024
25-10-2024,24.12,13:20,2.16,2024
26-10-2024,9,10:40,1.08,2024
27-10-2024,25.92,14:30,2.16,2024
28-10-2024,20.88,16:50,2.88,2024
29-10-2024,20.88,17:50,3.96,2024
30-10-2024,23.04,18:20,3.96,2024
31-10-2024,29.88,14:30,6.12,2024
01-11-2024,18,15:50,2.16,2024
02-11-2024,10.08,Varias,2.88,2024
03-11-2024,23.04,14:30,2.16,2024
04-11-2024,11.88,12:40,2.16,2024
05-11-2024,29.16,13:50,2.88,2024
06-11-2024,24.84,13:40,2.88,2024
07-11-2024,20.88,15:00,1.08,2024
08-11-2024,15.84,15:50,2.16,2024
09-11-2024,10.08,12:00,2.16,2024
10-11-2024,7.92,18:00,1.08,2024
11-11-2024,20.16,12:40,2.88,2024
12-11-2024,28.08,17:00,2.88,2024
13-11-2024,30.96,12:50,3.96,2024
14-11-2024,15.12,01:40,2.16,2024
15-11-2024,11.88,03:40,2.16,2024
16-11-2024,11.88,02:30,2.16,2024
17-11-2024,11.16,05:50,2.88,2024
18-11-2024,10.08,08:10,2.16,2024
19-11-2024,11.16,15:10,1.08,2024
20-11-2024,23.04,13:10,5.04,2024
21-11-2024,34.92,12:50,10.08,2024
22-11-2024,11.88,15:00,2.16,2024
23-11-2024,41.04,15:10,14.04,2024
24-11-2024,54,05:50,14.04,2024
25-11-2024,28.08,12:40,2.88,2024
26-11-2024,20.88,12:40,3.96,2024
27-11-2024,23.04,14:10,3.96,2024
28-11-2024,43.92,13:20,7.92,2024
29-11-2024,23.04,06:30,3.96,2024
30-11-2024,25.92,12:30,5.04,2024
01-12-2024,10.08,00:20,1.08,2024
02-12-2024,11.88,15:40,2.16,2024
03-12-2024,12.96,15:50,2.88,2024
04-12-2024,11.16,13:30,2.16,2024
05-12-2024,16.92,16:10,2.16,2024
06-12-2024,18,11:50,3.96,2024
07-12-2024,33.84,13:30,3.96,2024
08-12-2024,24.84,13:10,5.04,2024
09-12-2024,20.88,14:20,2.88,2024
10-12-2024,21.96,14:20,2.16,2024
11-12-2024,10.08,10:10,2.88,2024
12-12-2024,23.04,14:30,5.04,2024
13-12-2024,11.16,14:30,2.16,2024
14-12-2024,11.88,07:40,2.88,2024
15-12-2024,11.88,07:10,2.88,2024
16-12-2024,33.12,14:50,3.96,2024
17-12-2024,41.04,11:00,10.08,2024
18-12-2024,42.12,15:50,10.08,2024
19-12-2024,38.88,Varias,3.96,2024
20-12-2024,11.88,14:00,2.88,2024
21-12-2024,7.92,Varias,1.08,2024
22-12-2024,7.92,Varias,1.08,2024
23-12-2024,28.08,12:30,2.88,2024
24-12-2024,11.16,13:50,1.08,2024
25-12-2024,9,09:30,1.08,2024
26-12-2024,7.92,Varias,2.16,2024
27-12-2024,11.88,07:10,2.16,2024
28-12-2024,7.92,10:00,2.16,2024
29-12-2024,20.88,08:20,5.04,2024
30-12-2024,14.04,14:30,3.96,2024
31-12-2024,20.88,14:40,2.88,2024
01-01-2024,23.04,21:10,2.16,2024
02-01-2024,29.88,01:30,2.88,2024
03-01-2024,21.96,04:30,5.04,2024
04-01-2024,29.16,12:10,6.12,2024
05-01-2024,15.12,13:50,2.88,2024
06-01-2024,11.16,Varias,2.16,2024
07-01-2024,11.88,00:10,3.96,2024
08-01-2024,11.16,10:10,2.88,2024
09-01-2024,7.92,01:20,2.88,2024
10-01-2024,11.88,11:40,1.08,2024
11-01-2024,21.96,14:30,5.04,2024
12-01-2024,32.04,20:30,3.96,2024
13-01-2024,41.04,11:30,9,2024
14-01-2024,15.12,10:30,2.16,2024
15-01-2024,21.96,12:30,3.96,2024
16-01-2024,33.12,20:20,5.04,2024
17-01-2024,48.96,20:10,11.16,2024
18-01-2024,42.84,01:50,6.12,2024
19-01-2024,21.96,16:00,3.96,2024
20-01-2024,10.08,14:20,2.88,2024
21-01-2024,12.96,23:00,2.16,2024
22-01-2024,24.12,02:20,3.96,2024
23-01-2024,16.92,10:50,3.96,2024
24-01-2024,10.08,14:00,2.88,2024
25-01-2024,0,,2.88,2024
26-01-2024,12.96,07:40,2.88,2024
27-01-2024,7.92,Varias,2.88,2024
28-01-2024,29.16,16:50,2.88,2024
29-01-2024,0,,2.88,2024
30-01-2024,12.96,16:20,2.88,2024
31-01-2024,11.16,14:00,2.16,2024
01-02-2024,9,10:40,2.16,2024
02-02-2024,0,,2.16,2024
03-02-2024,11.16,13:10,2.88,2024
04-02-2024,7.92,Varias,1.08,2024
05-02-2024,10.08,15:30,2.16,2024
06-02-2024,15.84,16:50,3.96,2024
07-02-2024,29.88,14:40,2.88,2024
08-02-2024,47.16,07:00,16.92,2024
09-02-2024,27,13:10,2.88,2024
10-02-2024,0,,6.12,2024
11-02-2024,36,13:50,7.92,2024
12-02-2024,33.12,02:40,3.96,2024
13-02-2024,27,12:10,5.04,2024
14-02-2024,37.08,12:10,9,2024
15-02-2024,34.92,00:10,6.84,2024
16-02-2024,16.92,14:30,3.96,2024
17-02-2024,15.12,11:20,2.88,2024
18-02-2024,10.08,16:20,2.16,2024
19-02-2024,21.96,17:40,3.96,2024
20-02-2024,14.04,11:40,2.88,2024
21-02-2024,24.12,13:50,3.96,2024
22-02-2024,47.88,05:50,15.12,2024
23-02-2024,41.04,13:50,6.84,2024
24-02-2024,29.88,13:30,6.84,2024
25-02-2024,51.12,16:40,12.96,2024
26-02-2024,32.04,14:10,6.12,2024
27-02-2024,23.04,15:30,5.04,2024
28-02-2024,20.16,12:10,2.88,2024
29-02-2024,0,,9,2024
01-03-2024,27,12:50,6.12,2024
02-03-2024,41.04,14:30,7.92,2024
03-03-2024,25.92,13:00,6.12,2024
04-03-2024,43.92,14:10,6.12,2024
05-03-2024,14.04,14:40,2.88,2024
06-03-2024,33.12,14:00,6.12,2024
07-03-2024,46.08,06:30,12.96,2024
08-03-2024,43.92,10:50,11.16,2024
09-03-2024,36,03:20,6.84,2024
10-03-2024,27,02:30,5.04,2024
11-03-2024,24.12,14:30,6.12,2024
12-03-2024,32.04,16:30,9,2024
13-03-2024,32.04,13:50,5.04,2024
14-03-2024,30.96,14:00,2.88,2024
15-03-2024,21.96,16:30,3.96,2024
16-03-2024,25.92,12:20,3.96,2024
17-03-2024,19.08,14:40,2.88,2024
18-03-2024,19.08,16:10,3.96,2024
19-03-2024,12.96,17:30,2.88,2024
20-03-2024,34.92,13:00,6.84,2024
21-03-2024,23.04,16:20,2.88,2024
22-03-2024,27,17:30,5.04,2024
23-03-2024,29.88,18:50,6.12,2024
24-03-2024,20.88,13:20,5.04,2024
25-03-2024,37.08,14:40,6.84,2024
26-03-2024,33.12,13:30,5.04,2024
27-03-2024,46.08,13:50,9,2024
28-03-2024,41.04,03:50,2.88,2024
29-03-2024,25.92,13:10,3.96,2024
30-03-2024,28.08,17:00,2.16,2024
31-03-2024,39.96,12:10,6.12,2024
01-04-2024,47.88,12:20,10.08,2024
02-04-2024,47.16,16:20,11.16,2024
03-04-2024,37.08,12:00,6.84,2024
04-04-2024,41.04,16:00,11.16,2024
05-04-2024,42.84,21:10,9,2024
06-04-2024,41.04,13:50,9,2024
07-04-2024,30.96,15:50,7.92,2024
08-04-2024,30.96,08:40,6.84,2024
09-04-2024,0,,6.12,2024
10-04-2024,18,15:00,5.04,2024
11-04-2024,11.88,13:30,2.88,2024
12-04-2024,19.08,17:30,3.96,2024
13-04-2024,21.96,16:30,3.96,2024
14-04-2024,28.08,14:20,2.88,2024
15-04-2024,0,,3.96,2024
16-04-2024,25.92,12:00,3.96,2024
17-04-2024,23.04,20:20,3.96,2024
18-04-2024,19.08,15:50,3.96,2024
19-04-2024,20.16,18:40,2.16,2024
20-04-2024,23.04,18:30,5.04,2024
21-04-2024,20.88,16:20,3.96,2024
22-04-2024,27,13:50,5.04,2024
23-04-2024,29.88,15:20,5.04,2024
24-04-2024,21.96,16:20,3.96,2024
25-04-2024,42.84,14:10,6.12,2024
26-04-2024,33.12,13:50,2.88,2024
27-04-2024,27,15:40,2.88,2024
28-04-2024,21.96,12:40,3.96,2024
29-04-2024,23.04,17:40,6.12,2024
30-04-2024,37.08,14:30,5.04,2024
01-05-2024,34.92,13:20,6.12,2024
02-05-2024,41.04,15:20,7.92,2024
03-05-2024,20.16,13:20,5.04,2024
04-05-2024,45,14:40,9,2024
05-05-2024,36,15:10,5.04,2024
06-05-2024,19.08,17:40,2.88,2024
07-05-2024,15.84,18:50,3.96,2024
08-05-2024,21.96,14:10,5.04,2024
09-05-2024,11.16,11:20,2.16,2024
10-05-2024,33.12,18:10,2.88,2024
11-05-2024,24.12,14:20,5.04,2024
12-05-2024,18,15:10,3.96,2024
13-05-2024,25.92,14:10,5.04,2024
14-05-2024,36,15:10,6.12,2024
15-05-2024,29.88,13:50,5.04,2024
16-05-2024,24.12,12:30,3.96,2024
17-05-2024,18,14:00,2.88,2024
18-05-2024,28.08,13:50,6.84,2024
19-05-2024,16.92,17:20,3.96,2024
20-05-2024,25.92,16:50,3.96,2024
21-05-2024,28.08,16:40,6.84,2024
22-05-2024,25.92,10:30,5.04,2024
23-05-2024,23.04,16:20,3.96,2024
24-05-2024,23.04,18:40,5.04,2024
25-05-2024,30.96,13:40,6.12,2024
26-05-2024,20.88,14:20,3.96,2024
27-05-2024,23.04,09:20,2.88,2024
28-05-2024,18,19:10,3.96,2024
29-05-2024,16.92,13:20,2.88,2024
30-05-2024,25.92,Varias,5.04,2024
31-05-2024,29.88,17:10,6.12,2024
01-06-2024,25.92,17:40,3.96,2024
02-06-2024,24.12,21:00,3.96,2024
03-06-2024,16.92,00:50,5.04,2024
04-06-2024,23.04,15:50,5.04,2024
05-06-2024,21.96,16:50,6.12,2024
06-06-2024,24.12,19:40,5.04,2024
07-06-2024,37.08,15:40,3.96,2024
08-06-2024,21.96,11:10,3.96,2024
09-06-2024,27,17:20,5.04,2024
10-06-2024,23.04,18:30,3.96,2024
11-06-2024,24.84,17:30,3.96,2024
12-06-2024,24.12,19:00,3.96,2024
13-06-2024,27,Varias,6.12,2024
14-06-2024,30.96,11:30,9,2024
15-06-2024,25.92,15:50,3.96,2024
16-06-2024,37.08,13:30,7.92,2024
17-06-2024,20.88,14:50,2.88,2024
18-06-2024,32.04,17:30,6.12,2024
19-06-2024,28.08,12:00,3.96,2024
20-06-2024,0,,3.96,2024
21-06-2024,23.04,14:30,6.12,2024
22-06-2024,20.16,14:10,3.96,2024
23-06-2024,0,,5.04,2024
24-06-2024,18,15:20,5.04,2024
25-06-2024,25.92,Varias,6.84,2024
26-06-2024,28.08,15:50,3.96,2024
27-06-2024,0,,6.12,2024
28-06-2024,27,20:00,3.96,2024
29-06-2024,24.84,15:20,5.04,2024
30-06-2024,29.88,17:00,6.12,2024
01-07-2024,25.92,76:20,3.96,2024
02-07-2024,21.96,14:10,5.04,2024
03-07-2024,24.84,17:20,6.12,2024
04-07-2024,23.04,76:30,5.04,2024
05-07-2024,28.08,18:20,5.04,2024
06-07-2024,20.16,13:40,3.96,2024
07-07-2024,24.84,13:00,6.12,2024
08-07-2024,32.04,16:20,6.12,2024
09-07-2024,15.12,13:10,3.96,2024
10-07-2024,29.16,16:30,6.12,2024
11-07-2024,29.88,76:20,7.92,2024
12-07-2024,24.12,15:30,5.04,2024
13-07-2024,24.84,17:40,6.12,2024
14-07-2024,28.08,18:50,5.04,2024
15-07-2024,34.92,70:50,0,2024
16-07-2024,20.88,13:00,3.96,2024
17-07-2024,23.04,15:40,5.04,2024
18-07-2024,20.88,13:20,3.96,2024
19-07-2024,27,16:40,5.04,2024
20-07-2024,29.16,11:40,9,2024
21-07-2024,27,10:20,3.96,2024
22-07-2024,19.08,14:00,3.96,2024
23-07-2024,23.04,19:50,5.04,2024
24-07-2024,21.96,16:20,5.04,2024
25-07-2024,29.88,78:00,5.04,2024
26-07-2024,20.16,76:50,5.04,2024
27-07-2024,20.88,19:20,5.04,2024
28-07-2024,21.96,17:50,5.04,2024
29-07-2024,33.84,74:00,0,2024
30-07-2024,29.16,18:10,6.12,2024
31-07-2024,24.84,Varias,5.04,2024
01-08-2024,24.12,18:10,3.96,2024
02-08-2024,20.88,Varias,5.04,2024
03-08-2024,20.88,17:10,3.96,2024
04-08-2024,21.96,16:40,3.96,2024
05-08-2024,23.04,77:20,3.96,2024
06-08-2024,28.08,18:20,2.88,2024
07-08-2024,24.84,17:50,5.04,2024
08-08-2024,28.08,77:10,3.96,2024
09-08-2024,21.96,17:00,5.04,2024
10-08-2024,20.88,18:50,3.96,2024
11-08-2024,38.88,15:40,6.12,2024
12-08-2024,30.96,77:50,7.92,2024
13-08-2024,29.16,14:00,3.96,2024
14-08-2024,27,13:00,6.12,2024
15-08-2024,20.16,13:50,3.96,2024
16-08-2024,20.88,76:10,3.96,2024
17-08-2024,20.88,13:20,6.12,2024
18-08-2024,25.92,18:30,5.04,2024
19-08-2024,27,16:20,5.04,2024
20-08-2024,21.96,78:40,5.04,2024
21-08-2024,15.84,11:40,3.96,2024
22-08-2024,25.92,15:10,5.04,2024
23-08-2024,20.88,78:00,6.12,2024
24-08-2024,21.96,17:00,3.96,2024
25-08-2024,20.88,19:10,3.96,2024
26-08-2024,16.92,08:40,2.88,2024
27-08-2024,21.96,14:50,6.12,2024
28-08-2024,18,17:40,2.88,2024
29-08-2024,25.92,08:00,3.96,2024
30-08-2024,24.84,18:20,2.88,2024
31-08-2024,27,17:40,3.96,2024
01-09-2024,28.08,76:50,6.12,2024
02-09-2024,19.08,17:50,2.88,2024
03-09-2024,24.84,17:20,5.04,2024
04-09-2024,25.92,11:40,3.96,2024
05-09-2024,21.96,15:10,2.88,2024
06-09-2024,29.16,14:10,3.96,2024
07-09-2024,18,Varias,3.96,2024
08-09-2024,20.88,16:20,3.96,2024
09-09-2024,23.04,13:40,2.88,2024
10-09-2024,24.12,16:20,3.96,2024
11-09-2024,19.08,16:10,3.96,2024
12-09-2024,23.04,19:50,2.16,2024
13-09-2024,20.88,14:20,3.96,2024
14-09-2024,14.04,10:00,2.88,2024
15-09-2024,20.88,20:00,2.88,2024
16-09-2024,19.08,21:00,2.88,2024
17-09-2024,23.04,15:10,3.96,2024
18-09-2024,18,11:40,3.96,2024
19-09-2024,16.92,16:50,3.96,2024
20-09-2024,12.96,15:20,1.08,2024
21-09-2024,18,13:00,3.96,2024
22-09-2024,24.84,16:30,3.96,2024
23-09-2024,25.92,16:20,5.04,2024
24-09-2024,20.88,16:10,3.96,2024
25-09-2024,56.16,14:30,6.12,2024
26-09-2024,39.96,11:10,10.08,2024
27-09-2024,24.12,11:30,6.12,2024
28-09-2024,15.84,15:50,2.88,2024
29-09-2024,19.08,16:10,5.04,2024
30-09-2024,20.16,16:30,2.16,2024
01-10-2024,24.12,15:20,2.88,2024
02-10-2024,0,,5.04,2024
03-10-2024,25.92,16:30,2.16,2024
04-10-2024,12.96,Varias,3.96,2024
05-10-2024,42.12,13:50,6.12,2024
06-10-2024,29.88,12:10,6.84,2024
07-10-2024,33.12,13:50,5.04,2024
08-10-2024,34.92,11:30,7.92,2024
09-10-2024,69.12,08:00,9,2024
10-10-2024,23.04,13:00,5.04,2024
11-10-2024,54,11:20,6.84,2024
12-10-2024,25.92,04:20,2.88,2024
13-10-2024,25.92,14:50,2.88,2024
14-10-2024,19.08,13:00,2.88,2024
15-10-2024,12.96,22:40,1.08,2024
16-10-2024,30.96,11:30,6.12,2024
17-10-2024,27,Varias,5.04,2024
18-10-2024,21.96,15:30,5.04,2024
19-10-2024,25.92,16:00,2.16,2024
20-10-2024,29.88,11:40,2.88,2024
21-10-2024,11.16,07:10,3.96,2024
22-10-2024,15.84,17:50,2.88,2024
23-10-2024,19.08,16:40,2.88,2024
24-10-2024,27,18:40,3.96,2024
25-10-2024,24.12,13:20,2.16,2024
26-10-2024,9,10:40,1.08,2024
27-10-2024,25.92,14:30,2.16,2024
28-10-2024,20.88,16:50,2.88,2024
29-10-2024,20.88,17:50,3.96,2024
30-10-2024,23.04,18:20,3.96,2024
31-10-2024,29.88,14:30,6.12,2024
01-11-2024,18,15:50,2.16,2024
02-11-2024,10.08,Varias,2.88,2024
03-11-2024,23.04,14:30,2.16,2024
04-11-2024,11.88,12:40,2.16,2024
05-11-2024,29.16,13:50,2.88,2024
06-11-2024,24.84,13:40,2.88,2024
07-11-2024,20.88,15:00,1.08,2024
08-11-2024,15.84,15:50,2.16,2024
09-11-2024,10.08,12:00,2.16,2024
10-11-2024,7.92,18:00,1.08,2024
11-11-2024,20.16,12:40,2.88,2024
12-11-2024,28.08,17:00,2.88,2024
13-11-2024,30.96,12:50,3.96,2024
14-11-2024,15.12,01:40,2.16,2024
15-11-2024,11.88,03:40,2.16,2024
16-11-2024,11.88,02:30,2.16,2024
17-11-2024,11.16,05:50,2.88,2024
18-11-2024,10.08,08:10,2.16,2024
19-11-2024,11.16,15:10,1.08,2024
20-11-2024,23.04,13:10,5.04,2024
21-11-2024,34.92,12:50,10.08,2024
22-11-2024,11.88,15:00,2.16,2024
23-11-2024,41.04,15:10,14.04,2024
24-11-2024,54,05:50,14.04,2024
25-11-2024,28.08,12:40,2.88,2024
26-11-2024,20.88,12:40,3.96,2024
27-11-2024,23.04,14:10,3.96,2024
28-11-2024,43.92,13:20,7.92,2024
29-11-2024,23.04,06:30,3.96,2024
30-11-2024,25.92,12:30,5.04,2024
01-12-2024,10.08,00:20,1.08,2024
02-12-2024,11.88,15:40,2.16,2024
03-12-2024,12.96,15:50,2.88,2024
04-12-2024,11.16,13:30,2.16,2024
05-12-2024,16.92,16:10,2.16,2024
06-12-2024,18,11:50,3.96,2024
07-12-2024,33.84,13:30,3.96,2024
08-12-2024,24.84,13:10,5.04,2024
09-12-2024,20.88,14:20,2.88,2024
10-12-2024,21.96,14:20,2.16,2024
11-12-2024,10.08,10:10,2.88,2024
12-12-2024,23.04,14:30,5.04,2024
13-12-2024,11.16,14:30,2.16,2024
14-12-2024,11.88,07:40,2.88,2024
15-12-2024,11.88,07:10,2.88,2024
16-12-2024,33.12,14:50,3.96,2024
17-12-2024,41.04,11:00,10.08,2024
18-12-2024,42.12,15:50,10.08,2024
19-12-2024,38.88,Varias,3.96,2024
20-12-2024,11.88,14:00,2.88,2024
21-12-2024,7.92,Varias,1.08,2024
22-12-2024,7.92,Varias,1.08,2024
23-12-2024,28.08,12:30,2.88,2024
24-12-2024,11.16,13:50,1.08,2024
25-12-2024,9,09:30,1.08,2024
26-12-2024,7.92,Varias,2.16,2024
27-12-2024,11.88,07:10,2.16,2024
28-12-2024,7.92,10:00,2.16,2024
29-12-2024,20.88,08:20,5.04,2024
30-12-2024,14.04,14:30,3.96,2024
31-12-2024,20.88,14:40,2.88,2024
01-01-2025,16.92,15:20,5.04,2025
02-01-2025,20.88,20:20,1.08,2025
03-01-2025,14.04,02:10,2.16,2025
04-01-2025,34.92,21:30,9,2025
05-01-2025,38.88,01:50,7.92,2025
06-01-2025,23.04,Varias,3.96,2025
07-01-2025,27,16:10,3.96,2025
08-01-2025,42.84,05:50,11.16,2025
09-01-2025,29.88,15:20,3.96,2025
10-01-2025,23.04,14:30,3.96,2025
11-01-2025,10.08,00:30,1.08,2025
12-01-2025,11.88,Varias,2.16,2025
13-01-2025,12.96,11:00,2.88,2025
14-01-2025,11.88,05:50,2.88,2025
15-01-2025,12.96,09:30,2.88,2025
16-01-2025,9,06:40,3.96,2025
17-01-2025,24.12,15:00,2.88,2025
18-01-2025,9,08:50,2.16,2025
19-01-2025,19.08,15:30,2.88,2025
20-01-2025,28.08,15:20,3.96,2025
21-01-2025,24.84,15:00,6.12,2025
22-01-2025,16.92,20:40,2.16,2025
23-01-2025,0,,2.16,2025
24-01-2025,51.12,14:20,11.88,2025
25-01-2025,34.92,11:50,6.12,2025
26-01-2025,0,,0,2025
27-01-2025,47.16,21:20,7.92,2025
28-01-2025,41.04,13:10,6.84,2025
29-01-2025,43.92,08:10,7.92,2025
30-01-2025,0,,3.96,2025
31-01-2025,11.88,13:40,2.88,2025
01-02-2025,7.92,09:40,1.08,2025
02-02-2025,28.08,15:30,3.96,2025
03-02-2025,11.88,72:40,0,2025
04-02-2025,10.08,07:40,2.88,2025
05-02-2025,18,17:00,2.16,2025
06-02-2025,12.96,17:20,2.88,2025
07-02-2025,21.96,77:40,6.84,2025
08-02-2025,10.08,08:10,2.16,2025
09-02-2025,10.08,14:50,2.16,2025
10-02-2025,15.12,16:30,2.88,2025
11-02-2025,38.16,14:00,5.04,2025
12-02-2025,18,14:50,2.16,2025
13-02-2025,28.08,15:30,3.96,2025
14-02-2025,33.84,73:50,0,2025
15-02-2025,45,12:20,6.84,2025
16-02-2025,11.16,00:30,1.08,2025
17-02-2025,30.96,75:30,5.04,2025
18-02-2025,38.88,72:00,0,2025
19-02-2025,29.88,14:30,2.16,2025
20-02-2025,29.88,17:10,6.84,2025
21-02-2025,46.08,12:10,7.92,2025
22-02-2025,20.16,16:30,2.16,2025
23-02-2025,16.92,17:20,5.04,2025
24-02-2025,27,11:00,5.04,2025
25-02-2025,20.88,15:30,6.12,2025
26-02-2025,11.88,13:40,2.88,2025
27-02-2025,32.04,14:10,5.04,2025
28-02-2025,18,19:10,3.96,2025
01-03-2025,33.84,15:30,6.12,2025
02-03-2025,24.84,16:00,6.12,2025
03-03-2025,23.04,17:30,2.88,2025
04-03-2025,21.96,17:00,2.88,2025
05-03-2025,20.16,18:10,2.16,2025
06-03-2025,25.92,13:00,3.96,2025
07-03-2025,64.08,15:30,11.16,2025
08-03-2025,41.04,13:50,10.08,2025
09-03-2025,41.04,15:10,11.88,2025
10-03-2025,33.84,12:50,10.08,2025
11-03-2025,28.08,15:40,2.88,2025
12-03-2025,15.84,14:30,2.16,2025
13-03-2025,29.88,18:20,6.12,2025
14-03-2025,29.88,15:10,3.96,2025
15-03-2025,16.92,20:20,5.04,2025
16-03-2025,15.84,13:50,3.96,2025
17-03-2025,30.96,13:00,7.92,2025
18-03-2025,27,12:20,6.12,2025
19-03-2025,56.88,Varias,11.16,2025
20-03-2025,68.04,04:30,15.12,2025
21-03-2025,38.88,10:30,7.92,2025
22-03-2025,29.88,12:50,3.96,2025
23-03-2025,24.12,15:40,3.96,2025
24-03-2025,23.04,17:20,5.04,2025
25-03-2025,19.08,Varias,6.12,2025
26-03-2025,18,21:20,3.96,2025
27-03-2025,21.96,18:00,5.04,2025
28-03-2025,23.04,14:40,5.04,2025
29-03-2025,21.96,13:20,2.88,2025
30-03-2025,14.04,16:10,2.88,2025
31-03-2025,27,13:20,3.96,2025
01-04-2025,28.08,16:50,3.96,2025
02-04-2025,33.84,17:20,7.92,2025
03-04-2025,33.84,09:30,6.84,2025
04-04-2025,39.96,12:20,7.92,2025
05-04-2025,27,11:40,6.12,2025
06-04-2025,28.08,12:30,6.84,2025
07-04-2025,27,14:20,6.84,2025
08-04-2025,25.92,13:10,6.84,2025
09-04-2025,14.04,14:30,1.08,2025
10-04-2025,30.96,15:50,2.16,2025
11-04-2025,29.88,14:30,2.88,2025
12-04-2025,29.88,13:30,3.96,2025
13-04-2025,24.84,15:10,5.04,2025
14-04-2025,41.04,Varias,9,2025
15-04-2025,27,14:40,3.96,2025
16-04-2025,33.12,14:00,7.92,2025
17-04-2025,33.12,16:00,2.88,2025
18-04-2025,42.84,16:30,6.12,2025
19-04-2025,37.08,15:20,6.84,2025
20-04-2025,27,16:00,5.04,2025
21-04-2025,18,19:00,2.88,2025
22-04-2025,21.96,15:40,5.04,2025
23-04-2025,28.08,16:50,3.96,2025
24-04-2025,20.88,18:00,3.96,2025
25-04-2025,33.84,15:40,6.12,2025
26-04-2025,27,12:40,5.04,2025
27-04-2025,20.88,11:10,2.88,2025
28-04-2025,23.04,14:30,6.84,2025
29-04-2025,33.84,14:10,7.92,2025
30-04-2025,20.88,09:50,3.96,2025
01-05-2025,32.04,12:30,6.84,2025
02-05-2025,24.84,14:20,2.16,2025
03-05-2025,42.12,15:30,3.96,2025
04-05-2025,15.12,15:40,3.96,2025
05-05-2025,25.92,17:10,3.96,2025
06-05-2025,24.12,18:40,5.04,2025
07-05-2025,20.88,14:50,2.88,2025
08-05-2025,25.92,16:30,2.88,2025
09-05-2025,19.08,12:50,5.04,2025
10-05-2025,24.84,10:50,2.88,2025
11-05-2025,20.16,12:00,2.88,2025
12-05-2025,20.16,Varias,2.88,2025
13-05-2025,23.04,11:10,2.88,2025
14-05-2025,29.16,18:20,6.12,2025
15-05-2025,28.08,15:40,3.96,2025
16-05-2025,20.16,19:10,2.88,2025
17-05-2025,24.12,12:10,3.96,2025
18-05-2025,33.12,17:10,6.12,2025
19-05-2025,25.92,11:30,6.12,2025
20-05-2025,18,14:40,3.96,2025
21-05-2025,24.84,19:50,3.96,2025
22-05-2025,23.04,18:30,3.96,2025
23-05-2025,24.12,16:00,6.12,2025
24-05-2025,23.04,18:20,5.04,2025
25-05-2025,20.88,14:00,2.88,2025
26-05-2025,20.16,19:00,5.04,2025
27-05-2025,21.96,17:30,6.12,2025
28-05-2025,15.12,16:20,2.88,2025
29-05-2025,20.88,13:10,5.04,2025
30-05-2025,28.08,14:50,5.04,2025
31-05-2025,20.16,15:50,5.04,2025
01-06-2025,29.88,11:00,6.12,2025
02-06-2025,23.04,09:00,5.04,2025
03-06-2025,23.04,13:50,5.04,2025
04-06-2025,27,16:00,6.84,2025
05-06-2025,30.96,15:20,6.84,2025
06-06-2025,36,16:00,7.92,2025
07-06-2025,23.04,18:40,6.12,2025
08-06-2025,21.96,08:40,2.88,2025
09-06-2025,15.84,14:00,2.88,2025
10-06-2025,27,15:50,6.12,2025
11-06-2025,38.16,14:50,7.92,2025
12-06-2025,28.08,10:50,3.96,2025
13-06-2025,38.88,16:00,6.12,2025
14-06-2025,16.92,17:40,3.96,2025
15-06-2025,21.96,18:40,5.04,2025
16-06-2025,18,20:30,3.96,2025
17-06-2025,16.92,18:40,3.96,2025
18-06-2025,25.92,12:30,6.84,2025
19-06-2025,37.08,14:30,6.12,2025
20-06-2025,27,13:00,9,2025
21-06-2025,23.04,15:10,6.12,2025
22-06-2025,23.04,14:00,6.12,2025
23-06-2025,36,20:20,5.04,2025
24-06-2025,37.08,12:40,6.84,2025
25-06-2025,33.12,17:50,6.84,2025
26-06-2025,19.08,15:20,5.04,2025
27-06-2025,15.84,17:30,3.96,2025
28-06-2025,18,15:40,3.96,2025
29-06-2025,36,14:50,3.96,2025
30-06-2025,25.92,16:30,6.12,2025
01-07-2025,28.08,15:00,5.04,2025
02-07-2025,27,13:40,6.12,2025
03-07-2025,29.88,16:20,5.04,2025
04-07-2025,21.96,13:50,3.96,2025
05-07-2025,27,16:40,5.04,2025
06-07-2025,30.96,16:40,5.04,2025
07-07-2025,30.96,21:50,5.04,2025
08-07-2025,23.04,20:50,5.04,2025
09-07-2025,29.88,16:30,6.84,2025
10-07-2025,27,14:30,6.12,2025
11-07-2025,18,21:30,5.04,2025
12-07-2025,29.88,16:30,6.12,2025
13-07-2025,29.88,17:00,6.12,2025
14-07-2025,23.04,17:50,5.04,2025
15-07-2025,19.08,21:40,2.88,2025
16-07-2025,24.12,15:00,5.04,2025
17-07-2025,25.92,18:30,5.04,2025
18-07-2025,29.88,17:50,6.12,2025
19-07-2025,41.04,17:00,7.92,2025
20-07-2025,30.96,13:10,7.92,2025
21-07-2025,16.92,13:40,5.04,2025
22-07-2025,27,15:50,3.96,2025
23-07-2025,25.92,14:50,5.04,2025
24-07-2025,29.88,17:40,5.04,2025
25-07-2025,29.16,15:50,3.96,2025
26-07-2025,20.88,16:50,3.96,2025
27-07-2025,24.12,17:10,3.96,2025
28-07-2025,29.88,19:10,3.96,2025
29-07-2025,28.08,20:20,5.04,2025
30-07-2025,27,16:50,5.04,2025
31-07-2025,25.92,18:00,3.96,2025
01-08-2025,23.04,12:40,5.04,2025
02-08-2025,29.16,17:00,3.96,2025
03-08-2025,24.84,16:30,3.96,2025
04-08-2025,21.96,15:40,2.88,2025
05-08-2025,27,18:50,3.96,2025
06-08-2025,23.04,16:40,5.04,2025
07-08-2025,24.84,18:20,3.96,2025
08-08-2025,24.12,14:10,5.04,2025
09-08-2025,30.96,17:30,3.96,2025
10-08-2025,33.84,15:20,5.04,2025
11-08-2025,24.84,15:00,5.04,2025
12-08-2025,24.12,17:50,3.96,2025
13-08-2025,24.84,14:50,3.96,2025
14-08-2025,20.16,15:10,3.96,2025
15-08-2025,33.12,18:20,7.92,2025
16-08-2025,23.04,16:50,3.96,2025
17-08-2025,27,16:50,5.04,2025
18-08-2025,25.92,18:00,6.12,2025
19-08-2025,21.96,15:00,3.96,2025
20-08-2025,30.96,17:10,3.96,2025
21-08-2025,25.92,19:20,3.96,2025
22-08-2025,21.96,18:10,5.04,2025
23-08-2025,25.92,18:00,5.04,2025
24-08-2025,25.92,15:20,3.96,2025
25-08-2025,29.88,16:10,5.04,2025
26-08-2025,20.16,14:20,2.88,2025
27-08-2025,28.08,16:30,6.12,2025
28-08-2025,32.04,14:50,6.12,2025
29-08-2025,33.12,15:30,9,2025
30-08-2025,28.08,14:30,6.12,2025
31-08-2025,33.84,14:40,5.04,2025
01-09-2025,29.88,16:00,2.88,2025
02-09-2025,33.12,11:30,9,2025
03-09-2025,30.96,16:10,6.84,2025
04-09-2025,25.92,12:50,3.96,2025
05-09-2025,19.08,16:00,3.96,2025
06-09-2025,45,14:30,7.92,2025
07-09-2025,29.16,16:00,6.84,2025
08-09-2025,29.88,12:10,5.04,2025
09-09-2025,27,15:10,3.96,2025
10-09-2025,36,15:20,10.08,2025
11-09-2025,36,12:50,7.92,2025
12-09-2025,25.92,16:10,5.04,2025
13-09-2025,29.16,15:30,5.04,2025
14-09-2025,27,15:50,3.96,2025
15-09-2025,21.96,17:10,2.88,2025
16-09-2025,15.12,14:00,5.04,2025
17-09-2025,20.16,16:00,3.96,2025
18-09-2025,21.96,14:10,3.96,2025
19-09-2025,39.96,16:00,6.12,2025
20-09-2025,20.88,17:10,3.96,2025
21-09-2025,33.12,15:00,5.04,2025
22-09-2025,36,15:10,3.96,2025
23-09-2025,21.96,18:20,2.88,2025
24-09-2025,19.08,16:00,2.16,2025
25-09-2025,20.16,15:40,2.88,2025
26-09-2025,24.12,16:50,5.04,2025
27-09-2025,38.88,16:00,2.88,2025
28-09-2025,29.88,15:20,2.88,2025
29-09-2025,20.16,18:00,3.96,2025
30-09-2025,14.04,14:40,2.88,2025
01-01-2025,16.92,15:20,5.04,2025
02-01-2025,20.88,20:20,1.08,2025
03-01-2025,14.04,02:10,2.16,2025
04-01-2025,34.92,21:30,9,2025
05-01-2025,38.88,01:50,7.92,2025
06-01-2025,23.04,Varias,3.96,2025
07-01-2025,27,16:10,3.96,2025
08-01-2025,42.84,05:50,11.16,2025
09-01-2025,29.88,15:20,3.96,2025
10-01-2025,23.04,14:30,3.96,2025
11-01-2025,10.08,00:30,1.08,2025
12-01-2025,11.88,Varias,2.16,2025
13-01-2025,12.96,11:00,2.88,2025
14-01-2025,11.88,05:50,2.88,2025
15-01-2025,12.96,09:30,2.88,2025
16-01-2025,9,06:40,3.96,2025
17-01-2025,24.12,15:00,2.88,2025
18-01-2025,9,08:50,2.16,2025
19-01-2025,19.08,15:30,2.88,2025
20-01-2025,28.08,15:20,3.96,2025
21-01-2025,24.84,15:00,6.12,2025
22-01-2025,16.92,20:40,2.16,2025
23-01-2025,0,,2.16,2025
24-01-2025,51.12,14:20,11.88,2025
25-01-2025,34.92,11:50,6.12,2025
26-01-2025,0,,0,2025
27-01-2025,47.16,21:20,7.92,2025
28-01-2025,41.04,13:10,6.84,2025
29-01-2025,43.92,08:10,7.92,2025
30-01-2025,0,,3.96,2025
31-01-2025,11.88,13:40,2.88,2025
01-02-2025,7.92,09:40,1.08,2025
02-02-2025,28.08,15:30,3.96,2025
03-02-2025,11.88,72:40,0,2025
04-02-2025,10.08,07:40,2.88,2025
05-02-2025,18,17:00,2.16,2025
06-02-2025,12.96,17:20,2.88,2025
07-02-2025,21.96,77:40,6.84,2025
08-02-2025,10.08,08:10,2.16,2025
09-02-2025,10.08,14:50,2.16,2025
10-02-2025,15.12,16:30,2.88,2025
11-02-2025,38.16,14:00,5.04,2025
12-02-2025,18,14:50,2.16,2025
13-02-2025,28.08,15:30,3.96,2025
14-02-2025,33.84,73:50,0,2025
15-02-2025,45,12:20,6.84,2025
16-02-2025,11.16,00:30,1.08,2025
17-02-2025,30.96,75:30,5.04,2025
18-02-2025,38.88,72:00,0,2025
19-02-2025,29.88,14:30,2.16,2025
20-02-2025,29.88,17:10,6.84,2025
21-02-2025,46.08,12:10,7.92,2025
22-02-2025,20.16,16:30,2.16,2025
23-02-2025,16.92,17:20,5.04,2025
24-02-2025,27,11:00,5.04,2025
25-02-2025,20.88,15:30,6.12,2025
26-02-2025,11.88,13:40,2.88,2025
27-02-2025,32.04,14:10,5.04,2025
28-02-2025,18,19:10,3.96,2025
01-03-2025,33.84,15:30,6.12,2025
02-03-2025,24.84,16:00,6.12,2025
03-03-2025,23.04,17:30,2.88,2025
04-03-2025,21.96,17:00,2.88,2025
05-03-2025,20.16,18:10,2.16,2025
06-03-2025,25.92,13:00,3.96,2025
07-03-2025,64.08,15:30,11.16,2025
08-03-2025,41.04,13:50,10.08,2025
09-03-2025,41.04,15:10,11.88,2025
10-03-2025,33.84,12:50,10.08,2025
11-03-2025,28.08,15:40,2.88,2025
12-03-2025,15.84,14:30,2.16,2025
13-03-2025,29.88,18:20,6.12,2025
14-03-2025,29.88,15:10,3.96,2025
15-03-2025,16.92,20:20,5.04,2025
16-03-2025,15.84,13:50,3.96,2025
17-03-2025,30.96,13:00,7.92,2025
18-03-2025,27,12:20,6.12,2025
19-03-2025,56.88,Varias,11.16,2025
20-03-2025,68.04,04:30,15.12,2025
21-03-2025,38.88,10:30,7.92,2025
22-03-2025,29.88,12:50,3.96,2025
23-03-2025,24.12,15:40,3.96,2025
24-03-2025,23.04,17:20,5.04,2025
25-03-2025,19.08,Varias,6.12,2025
26-03-2025,18,21:20,3.96,2025
27-03-2025,21.96,18:00,5.04,2025
28-03-2025,23.04,14:40,5.04,2025
29-03-2025,21.96,13:20,2.88,2025
30-03-2025,14.04,16:10,2.88,2025
31-03-2025,27,13:20,3.96,2025
01-04-2025,28.08,16:50,3.96,2025
02-04-2025,33.84,17:20,7.92,2025
03-04-2025,33.84,09:30,6.84,2025
04-04-2025,39.96,12:20,7.92,2025
05-04-2025,27,11:40,6.12,2025
06-04-2025,28.08,12:30,6.84,2025
07-04-2025,27,14:20,6.84,2025
08-04-2025,25.92,13:10,6.84,2025
09-04-2025,14.04,14:30,1.08,2025
10-04-2025,30.96,15:50,2.16,2025
11-04-2025,29.88,14:30,2.88,2025
12-04-2025,29.88,13:30,3.96,2025
13-04-2025,24.84,15:10,5.04,2025
14-04-2025,41.04,Varias,9,2025
15-04-2025,27,14:40,3.96,2025
16-04-2025,33.12,14:00,7.92,2025
17-04-2025,33.12,16:00,2.88,2025
18-04-2025,42.84,16:30,6.12,2025
19-04-2025,37.08,15:20,6.84,2025
20-04-2025,27,16:00,5.04,2025
21-04-2025,18,19:00,2.88,2025
22-04-2025,21.96,15:40,5.04,2025
23-04-2025,28.08,16:50,3.96,2025
24-04-2025,20.88,18:00,3.96,2025
25-04-2025,33.84,15:40,6.12,2025
26-04-2025,27,12:40,5.04,2025
27-04-2025,20.88,11:10,2.88,2025
28-04-2025,23.04,14:30,6.84,2025
29-04-2025,33.84,14:10,7.92,2025
30-04-2025,20.88,09:50,3.96,2025
01-05-2025,32.04,12:30,6.84,2025
02-05-2025,24.84,14:20,2.16,2025
03-05-2025,42.12,15:30,3.96,2025
04-05-2025,15.12,15:40,3.96,2025
05-05-2025,25.92,17:10,3.96,2025
06-05-2025,24.12,18:40,5.04,2025
07-05-2025,20.88,14:50,2.88,2025
08-05-2025,25.92,16:30,2.88,2025
09-05-2025,19.08,12:50,5.04,2025
10-05-2025,24.84,10:50,2.88,2025
11-05-2025,20.16,12:00,2.88,2025
12-05-2025,20.16,Varias,2.88,2025
13-05-2025,23.04,11:10,2.88,2025
14-05-2025,29.16,18:20,6.12,2025
15-05-2025,28.08,15:40,3.96,2025
16-05-2025,20.16,19:10,2.88,2025
17-05-2025,24.12,12:10,3.96,2025
18-05-2025,33.12,17:10,6.12,2025
19-05-2025,25.92,11:30,6.12,2025
20-05-2025,18,14:40,3.96,2025
21-05-2025,24.84,19:50,3.96,2025
22-05-2025,23.04,18:30,3.96,2025
23-05-2025,24.12,16:00,6.12,2025
24-05-2025,23.04,18:20,5.04,2025
25-05-2025,20.88,14:00,2.88,2025
26-05-2025,20.16,19:00,5.04,2025
27-05-2025,21.96,17:30,6.12,2025
28-05-2025,15.12,16:20,2.88,2025
29-05-2025,20.88,13:10,5.04,2025
30-05-2025,28.08,14:50,5.04,2025
31-05-2025,20.16,15:50,5.04,2025
01-06-2025,29.88,11:00,6.12,2025
02-06-2025,23.04,09:00,5.04,2025
03-06-2025,23.04,13:50,5.04,2025
04-06-2025,27,16:00,6.84,2025
05-06-2025,30.96,15:20,6.84,2025
06-06-2025,36,16:00,7.92,2025
07-06-2025,23.04,18:40,6.12,2025
08-06-2025,21.96,08:40,2.88,2025
09-06-2025,15.84,14:00,2.88,2025
10-06-2025,27,15:50,6.12,2025
11-06-2025,38.16,14:50,7.92,2025
12-06-2025,28.08,10:50,3.96,2025
13-06-2025,38.88,16:00,6.12,2025
14-06-2025,16.92,17:40,3.96,2025
15-06-2025,21.96,18:40,5.04,2025
16-06-2025,18,20:30,3.96,2025
17-06-2025,16.92,18:40,3.96,2025
18-06-2025,25.92,12:30,6.84,2025
19-06-2025,37.08,14:30,6.12,2025
20-06-2025,27,13:00,9,2025
21-06-2025,23.04,15:10,6.12,2025
22-06-2025,23.04,14:00,6.12,2025
23-06-2025,36,20:20,5.04,2025
24-06-2025,37.08,12:40,6.84,2025
25-06-2025,33.12,17:50,6.84,2025
26-06-2025,19.08,15:20,5.04,2025
27-06-2025,15.84,17:30,3.96,2025
28-06-2025,18,15:40,3.96,2025
29-06-2025,36,14:50,3.96,2025
30-06-2025,25.92,16:30,6.12,2025
01-07-2025,28.08,15:00,5.04,2025
02-07-2025,27,13:40,6.12,2025
03-07-2025,29.88,16:20,5.04,2025
04-07-2025,21.96,13:50,3.96,2025
05-07-2025,27,16:40,5.04,2025
06-07-2025,30.96,16:40,5.04,2025
07-07-2025,30.96,21:50,5.04,2025
08-07-2025,23.04,20:50,5.04,2025
09-07-2025,29.88,16:30,6.84,2025
10-07-2025,27,14:30,6.12,2025
11-07-2025,18,21:30,5.04,2025
12-07-2025,29.88,16:30,6.12,2025
13-07-2025,29.88,17:00,6.12,2025
14-07-2025,23.04,17:50,5.04,2025
15-07-2025,19.08,21:40,2.88,2025
16-07-2025,24.12,15:00,5.04,2025
17-07-2025,25.92,18:30,5.04,2025
18-07-2025,29.88,17:50,6.12,2025
19-07-2025,41.04,17:00,7.92,2025
20-07-2025,30.96,13:10,7.92,2025
21-07-2025,16.92,13:40,5.04,2025
22-07-2025,27,15:50,3.96,2025
23-07-2025,25.92,14:50,5.04,2025
24-07-2025,29.88,17:40,5.04,2025
25-07-2025,29.16,15:50,3.96,2025
26-07-2025,20.88,16:50,3.96,2025
27-07-2025,24.12,17:10,3.96,2025
28-07-2025,29.88,19:10,3.96,2025
29-07-2025,28.08,20:20,5.04,2025
30-07-2025,27,16:50,5.04,2025
31-07-2025,25.92,18:00,3.96,2025
01-08-2025,23.04,12:40,5.04,2025
02-08-2025,29.16,17:00,3.96,2025
03-08-2025,24.84,16:30,3.96,2025
04-08-2025,21.96,15:40,2.88,2025
05-08-2025,27,18:50,3.96,2025
06-08-2025,23.04,16:40,5.04,2025
07-08-2025,24.84,18:20,3.96,2025
08-08-2025,24.12,14:10,5.04,2025
09-08-2025,30.96,17:30,3.96,2025
10-08-2025,33.84,15:20,5.04,2025
11-08-2025,24.84,15:00,5.04,2025
12-08-2025,24.12,17:50,3.96,2025
13-08-2025,24.84,14:50,3.96,2025
14-08-2025,20.16,15:10,3.96,2025
15-08-2025,33.12,18:20,7.92,2025
16-08-2025,23.04,16:50,3.96,2025
17-08-2025,27,16:50,5.04,2025
18-08-2025,25.92,18:00,6.12,2025
19-08-2025,21.96,15:00,3.96,2025
20-08-2025,30.96,17:10,3.96,2025
21-08-2025,25.92,19:20,3.96,2025
22-08-2025,21.96,18:10,5.04,2025
23-08-2025,25.92,18:00,5.04,2025
24-08-2025,25.92,15:20,3.96,2025
25-08-2025,29.88,16:10,5.04,2025
26-08-2025,20.16,14:20,2.88,2025
27-08-2025,28.08,16:30,6.12,2025
28-08-2025,32.04,14:50,6.12,2025
29-08-2025,33.12,15:30,9,2025
30-08-2025,28.08,14:30,6.12,2025
31-08-2025,33.84,14:40,5.04,2025
01-09-2025,29.88,16:00,2.88,2025
02-09-2025,33.12,11:30,9,2025
03-09-2025,30.96,16:10,6.84,2025
04-09-2025,25.92,12:50,3.96,2025
05-09-2025,19.08,16:00,3.96,2025
06-09-2025,45,14:30,7.92,2025
07-09-2025,29.16,16:00,6.84,2025
08-09-2025,29.88,12:10,5.04,2025
09-09-2025,27,15:10,3.96,2025
10-09-2025,36,15:20,10.08,2025
11-09-2025,36,12:50,7.92,2025
12-09-2025,25.92,16:10,5.04,2025
13-09-2025,29.16,15:30,5.04,2025
14-09-2025,27,15:50,3.96,2025
15-09-2025,21.96,17:10,2.88,2025
16-09-2025,15.12,14:00,5.04,2025
17-09-2025,20.16,16:00,3.96,2025
18-09-2025,21.96,14:10,3.96,2025
19-09-2025,39.96,16:00,6.12,2025
20-09-2025,20.88,17:10,3.96,2025
21-09-2025,33.12,15:00,5.04,2025
22-09-2025,36,15:10,3.96,2025
23-09-2025,21.96,18:20,2.88,2025
24-09-2025,19.08,16:00,2.16,2025
25-09-2025,20.16,15:40,2.88,2025
26-09-2025,24.12,16:50,5.04,2025
27-09-2025,38.88,16:00,2.88,2025
28-09-2025,29.88,15:20,2.88,2025
29-09-2025,20.16,18:00,3.96,2025
30-09-2025,14.04,14:40,2.88,2025
