Fecha,Precipitacion_l_m2
01-01-2000,0
02-01-2000,0
03-01-2000,4.4
04-01-2000,1
05-01-2000,0
06-01-2000,0
07-01-2000,3.5
08-01-2000,8.7
09-01-2000,0.2
10-01-2000,0
11-01-2000,0
12-01-2000,0
13-01-2000,25.3
14-01-2000,4.7
15-01-2000,0
16-01-2000,0
17-01-2000,0
18-01-2000,0
19-01-2000,0
20-01-2000,0
21-01-2000,0.8
22-01-2000,0
23-01-2000,0
24-01-2000,0
25-01-2000,0
26-01-2000,0
27-01-2000,3.2
28-01-2000,0.3
29-01-2000,0.3
30-01-2000,0
31-01-2000,0
01-02-2000,0.6
02-02-2000,0.6
03-02-2000,0
04-02-2000,0
05-02-2000,0
06-02-2000,0.6
07-02-2000,0
08-02-2000,4
09-02-2000,0
10-02-2000,15.9
11-02-2000,0
12-02-2000,0
13-02-2000,5.3
14-02-2000,0
15-02-2000,2.1
16-02-2000,1.6
17-02-2000,3.3
18-02-2000,0.6
19-02-2000,0.1
20-02-2000,0
21-02-2000,0
22-02-2000,7.3
23-02-2000,0.5
24-02-2000,0
25-02-2000,0.1
26-02-2000,0
27-02-2000,3.4
28-02-2000,2.5
29-02-2000,2.4
01-03-2000,0.2
02-03-2000,0
03-03-2000,0
04-03-2000,0
05-03-2000,0
06-03-2000,0
07-03-2000,0
08-03-2000,0
09-03-2000,0
10-03-2000,0
11-03-2000,0
12-03-2000,0
13-03-2000,0
14-03-2000,0
15-03-2000,0
16-03-2000,0
17-03-2000,0
18-03-2000,0
19-03-2000,0
20-03-2000,0
21-03-2000,1.6
22-03-2000,0
23-03-2000,0
24-03-2000,10
25-03-2000,2.4
26-03-2000,0
27-03-2000,6
28-03-2000,0
29-03-2000,0
30-03-2000,0
31-03-2000,0
01-04-2000,3.7
02-04-2000,14
03-04-2000,17.8
04-04-2000,21.4
05-04-2000,0
06-04-2000,0
07-04-2000,0
08-04-2000,2.1
09-04-2000,4.4
10-04-2000,3.2
11-04-2000,6.8
12-04-2000,5.2
13-04-2000,23.6
14-04-2000,10.7
15-04-2000,3.2
16-04-2000,4.2
17-04-2000,6.4
18-04-2000,5.1
19-04-2000,15.6
20-04-2000,0.8
21-04-2000,10.4
22-04-2000,8.4
23-04-2000,7
24-04-2000,7.4
25-04-2000,2.4
26-04-2000,12.5
27-04-2000,0.7
28-04-2000,1.3
29-04-2000,8.5
30-04-2000,0.2
01-05-2000,0
FECHA,Precipitación: l/m2
02-05-2000,0.1
03-05-2000,1.9
04-05-2000,1.5
05-05-2000,5.1
06-05-2000,0
07-05-2000,0
08-05-2000,4.1
09-05-2000,0.3
10-05-2000,0.8
11-05-2000,0
12-05-2000,0
13-05-2000,0
14-05-2000,0
15-05-2000,0
16-05-2000,0.9
17-05-2000,0
18-05-2000,0
19-05-2000,0
20-05-2000,0
21-05-2000,0
22-05-2000,0
23-05-2000,0
24-05-2000,1.4
25-05-2000,0
26-05-2000,3.3
27-05-2000,10.9
28-05-2000,4.4
29-05-2000,0.2
30-05-2000,0
31-05-2000,0
01-06-2000,0
02-06-2000,0
03-06-2000,0
04-06-2000,0
05-06-2000,0
06-06-2000,0
07-06-2000,0
08-06-2000,4.7
09-06-2000,0
10-06-2000,0
11-06-2000,0
12-06-2000,0
13-06-2000,0
14-06-2000,0
15-06-2000,0
16-06-2000,0
17-06-2000,0
18-06-2000,0
19-06-2000,0
20-06-2000,0.7
21-06-2000,0
22-06-2000,0
23-06-2000,0
24-06-2000,0
25-06-2000,0
26-06-2000,0
27-06-2000,0
28-06-2000,0
29-06-2000,0
30-06-2000,4.5
01-07-2000,3.5
02-07-2000,2.3
03-07-2000,1.3
04-07-2000,0.5
05-07-2000,0
06-07-2000,10
07-07-2000,0
08-07-2000,0
09-07-2000,11.8
10-07-2000,0
11-07-2000,0
12-07-2000,1
13-07-2000,0
14-07-2000,0.1
15-07-2000,0.1
16-07-2000,0
17-07-2000,0
18-07-2000,0
19-07-2000,0
20-07-2000,0
21-07-2000,0
22-07-2000,2.8
23-07-2000,10.2
24-07-2000,2.3
25-07-2000,0.4
26-07-2000,0.7
27-07-2000,0
28-07-2000,0
29-07-2000,0
30-07-2000,0
31-07-2000,0
01-08-2000,0
02-08-2000,0
03-08-2000,0
04-08-2000,0
05-08-2000,0
06-08-2000,0
07-08-2000,0
08-08-2000,0
09-08-2000,0
10-08-2000,0
11-08-2000,0
12-08-2000,0
13-08-2000,1.3
14-08-2000,0.1
15-08-2000,0
16-08-2000,0
17-08-2000,0
18-08-2000,22.2
19-08-2000,39.9
20-08-2000,0
21-08-2000,0
22-08-2000,17.1
23-08-2000,0
24-08-2000,0
25-08-2000,0
26-08-2000,0
27-08-2000,0
28-08-2000,0
29-08-2000,0
30-08-2000,0
31-08-2000,0.9
FECHA,Precipitación: l/m2
01-09-2000,0
02-09-2000,0
03-09-2000,0
04-09-2000,0
05-09-2000,0
06-09-2000,0
07-09-2000,0
08-09-2000,0
09-09-2000,0.1
10-09-2000,0
11-09-2000,0
12-09-2000,0
13-09-2000,0
14-09-2000,0
15-09-2000,0
16-09-2000,0
17-09-2000,0
18-09-2000,23.8
19-09-2000,9.6
20-09-2000,0.6
21-09-2000,0
22-09-2000,0
23-09-2000,4
24-09-2000,2.5
25-09-2000,5.4
26-09-2000,0
27-09-2000,28.2
28-09-2000,11.6
29-09-2000,2.9
30-09-2000,0.1
01-10-2000,2.2
02-10-2000,0
03-10-2000,0
04-10-2000,1.1
05-10-2000,0
06-10-2000,0
07-10-2000,0
08-10-2000,0
09-10-2000,4.1
10-10-2000,8.1
11-10-2000,35.6
12-10-2000,8.7
13-10-2000,1.7
14-10-2000,8
15-10-2000,1.1
16-10-2000,1.4
17-10-2000,5
18-10-2000,13.9
19-10-2000,5.9
20-10-2000,12.9
21-10-2000,0
22-10-2000,0
23-10-2000,0
24-10-2000,0
25-10-2000,4.5
26-10-2000,0
27-10-2000,0
28-10-2000,5.3
29-10-2000,0.1
30-10-2000,36
31-10-2000,9.4
01-11-2000,6.4
02-11-2000,11.9
03-11-2000,16.6
04-11-2000,17.8
05-11-2000,24.6
06-11-2000,5.9
07-11-2000,8.3
08-11-2000,13.1
09-11-2000,7
10-11-2000,0
11-11-2000,5.7
12-11-2000,44
13-11-2000,5.6
14-11-2000,0
15-11-2000,4.2
16-11-2000,4.3
17-11-2000,0.4
18-11-2000,7.6
19-11-2000,4.1
20-11-2000,5.2
21-11-2000,15.7
22-11-2000,6
23-11-2000,4.8
24-11-2000,6.4
25-11-2000,0.7
26-11-2000,6.9
27-11-2000,0
28-11-2000,4.4
29-11-2000,0
30-11-2000,35.4
01-12-2000,5.1
02-12-2000,8.2
03-12-2000,29.4
04-12-2000,9.2
05-12-2000,0.9
06-12-2000,24
07-12-2000,25
08-12-2000,4.2
09-12-2000,3.8
10-12-2000,3.6
11-12-2000,0
12-12-2000,3.8
13-12-2000,16.4
14-12-2000,6.5
15-12-2000,4.6
16-12-2000,0
17-12-2000,14.9
18-12-2000,1.2
19-12-2000,0
20-12-2000,0
21-12-2000,0.1
22-12-2000,0.9
23-12-2000,0
24-12-2000,1.9
25-12-2000,21.2
26-12-2000,18.7
27-12-2000,8.1
28-12-2000,14.3
29-12-2000,3.4
30-12-2000,4.3
31-12-2000,11.8
01-01-2000,0
02-01-2000,0
03-01-2000,4.4
04-01-2000,1
05-01-2000,0
06-01-2000,0
07-01-2000,3.5
08-01-2000,8.7
09-01-2000,0.2
10-01-2000,0
11-01-2000,0
12-01-2000,0
13-01-2000,25.3
14-01-2000,4.7
15-01-2000,0
16-01-2000,0
17-01-2000,0
18-01-2000,0
19-01-2000,0
20-01-2000,0
21-01-2000,0.8
22-01-2000,0
23-01-2000,0
24-01-2000,0
25-01-2000,0
26-01-2000,0
27-01-2000,3.2
28-01-2000,0.3
29-01-2000,0.3
30-01-2000,0
31-01-2000,0
01-02-2000,0.6
02-02-2000,0.6
03-02-2000,0
04-02-2000,0
05-02-2000,0
06-02-2000,0.6
07-02-2000,0
08-02-2000,4
09-02-2000,0
10-02-2000,15.9
11-02-2000,0
12-02-2000,0
13-02-2000,5.3
14-02-2000,0
15-02-2000,2.1
16-02-2000,1.6
17-02-2000,3.3
18-02-2000,0.6
19-02-2000,0.1
20-02-2000,0
21-02-2000,0
22-02-2000,7.3
23-02-2000,0.5
24-02-2000,0
25-02-2000,0.1
26-02-2000,0
27-02-2000,3.4
28-02-2000,2.5
29-02-2000,2.4
01-03-2000,0.2
02-03-2000,0
03-03-2000,0
04-03-2000,0
05-03-2000,0
06-03-2000,0
07-03-2000,0
08-03-2000,0
09-03-2000,0
10-03-2000,0
11-03-2000,0
12-03-2000,0
13-03-2000,0
14-03-2000,0
15-03-2000,0
16-03-2000,0
17-03-2000,0
18-03-2000,0
19-03-2000,0
20-03-2000,0
21-03-2000,1.6
22-03-2000,0
23-03-2000,0
24-03-2000,10
25-03-2000,2.4
26-03-2000,0
27-03-2000,6
28-03-2000,0
29-03-2000,0
30-03-2000,0
31-03-2000,0
01-04-2000,3.7
02-04-2000,14
03-04-2000,17.8
04-04-2000,21.4
05-04-2000,0
06-04-2000,0
07-04-2000,0
08-04-2000,2.1
09-04-2000,4.4
10-04-2000,3.2
11-04-2000,6.8
12-04-2000,5.2
13-04-2000,23.6
14-04-2000,10.7
15-04-2000,3.2
16-04-2000,4.2
17-04-2000,6.4
18-04-2000,5.1
19-04-2000,15.6
20-04-2000,0.8
21-04-2000,10.4
22-04-2000,8.4
23-04-2000,7
24-04-2000,7.4
25-04-2000,2.4
26-04-2000,12.5
27-04-2000,0.7
28-04-2000,1.3
29-04-2000,8.5
30-04-2000,0.2
01-05-2000,0
02-05-2000,0.1
03-05-2000,1.9
04-05-2000,1.5
05-05-2000,5.1
06-05-2000,0
07-05-2000,0
08-05-2000,4.1
09-05-2000,0.3
10-05-2000,0.8
11-05-2000,0
12-05-2000,0
13-05-2000,0
14-05-2000,0
15-05-2000,0
16-05-2000,0.9
17-05-2000,0
18-05-2000,0
19-05-2000,0
20-05-2000,0
21-05-2000,0
22-05-2000,0
23-05-2000,0
24-05-2000,1.4
25-05-2000,0
26-05-2000,3.3
27-05-2000,10.9
28-05-2000,4.4
29-05-2000,0.2
30-05-2000,0
31-05-2000,0
01-06-2000,0
02-06-2000,0
03-06-2000,0
04-06-2000,0
05-06-2000,0
06-06-2000,0
07-06-2000,0
08-06-2000,4.7
09-06-2000,0
10-06-2000,0
11-06-2000,0
12-06-2000,0
13-06-2000,0
14-06-2000,0
15-06-2000,0
16-06-2000,0
17-06-2000,0
18-06-2000,0
19-06-2000,0
20-06-2000,0.7
21-06-2000,0
22-06-2000,0
23-06-2000,0
24-06-2000,0
25-06-2000,0
26-06-2000,0
27-06-2000,0
28-06-2000,0
29-06-2000,0
30-06-2000,4.5
01-07-2000,3.5
02-07-2000,2.3
03-07-2000,1.3
04-07-2000,0.5
05-07-2000,0
06-07-2000,10
07-07-2000,0
08-07-2000,0
09-07-2000,11.8
10-07-2000,0
11-07-2000,0
12-07-2000,1
13-07-2000,0
14-07-2000,0.1
15-07-2000,0.1
16-07-2000,0
17-07-2000,0
18-07-2000,0
19-07-2000,0
20-07-2000,0
21-07-2000,0
22-07-2000,2.8
23-07-2000,10.2
24-07-2000,2.3
25-07-2000,0.4
26-07-2000,0.7
27-07-2000,0
28-07-2000,0
29-07-2000,0
30-07-2000,0
31-07-2000,0
01-08-2000,0
02-08-2000,0
03-08-2000,0
04-08-2000,0
05-08-2000,0
06-08-2000,0
07-08-2000,0
08-08-2000,0
09-08-2000,0
10-08-2000,0
11-08-2000,0
12-08-2000,0
13-08-2000,1.3
14-08-2000,0.1
15-08-2000,0
16-08-2000,0
17-08-2000,0
18-08-2000,22.2
19-08-2000,39.9
20-08-2000,0
21-08-2000,0
22-08-2000,17.1
23-08-2000,0
24-08-2000,0
25-08-2000,0
26-08-2000,0
27-08-2000,0
28-08-2000,0
29-08-2000,0
30-08-2000,0
31-08-2000,0.9
01-09-2000,0
02-09-2000,0
03-09-2000,0
04-09-2000,0
05-09-2000,0
06-09-2000,0
07-09-2000,0
08-09-2000,0
09-09-2000,0.1
10-09-2000,0
11-09-2000,0
12-09-2000,0
13-09-2000,0
14-09-2000,0
15-09-2000,0
16-09-2000,0
17-09-2000,0
18-09-2000,23.8
19-09-2000,9.6
20-09-2000,0.6
21-09-2000,0
22-09-2000,0
23-09-2000,4
24-09-2000,2.5
25-09-2000,5.4
26-09-2000,0
27-09-2000,28.2
28-09-2000,11.6
29-09-2000,2.9
30-09-2000,0.1
01-10-2000,2.2
02-10-2000,0
03-10-2000,0
04-10-2000,1.1
05-10-2000,0
06-10-2000,0
07-10-2000,0
08-10-2000,0
09-10-2000,4.1
10-10-2000,8.1
11-10-2000,35.6
12-10-2000,8.7
13-10-2000,1.7
14-10-2000,8
15-10-2000,1.1
16-10-2000,1.4
17-10-2000,5
18-10-2000,13.9
19-10-2000,5.9
20-10-2000,12.9
21-10-2000,0
22-10-2000,0
23-10-2000,0
24-10-2000,0
25-10-2000,4.5
26-10-2000,0
27-10-2000,0
28-10-2000,5.3
29-10-2000,0.1
30-10-2000,36
31-10-2000,9.4
01-11-2000,6.4
02-11-2000,11.9
03-11-2000,16.6
04-11-2000,17.8
05-11-2000,24.6
06-11-2000,5.9
07-11-2000,8.3
08-11-2000,13.1
09-11-2000,7
10-11-2000,0
11-11-2000,5.7
12-11-2000,44
13-11-2000,5.6
14-11-2000,0
15-11-2000,4.2
16-11-2000,4.3
17-11-2000,0.4
18-11-2000,7.6
19-11-2000,4.1
20-11-2000,5.2
21-11-2000,15.7
22-11-2000,6
23-11-2000,4.8
24-11-2000,6.4
25-11-2000,0.7
26-11-2000,6.9
27-11-2000,0
28-11-2000,4.4
29-11-2000,0
30-11-2000,35.4
01-12-2000,5.1
02-12-2000,8.2
03-12-2000,29.4
04-12-2000,9.2
05-12-2000,0.9
06-12-2000,24
07-12-2000,25
08-12-2000,4.2
09-12-2000,3.8
10-12-2000,3.6
11-12-2000,0
12-12-2000,3.8
13-12-2000,16.4
14-12-2000,6.5
15-12-2000,4.6
16-12-2000,0
17-12-2000,14.9
18-12-2000,1.2
19-12-2000,0
20-12-2000,0
21-12-2000,0.1
22-12-2000,0.9
23-12-2000,0
24-12-2000,1.9
25-12-2000,21.2
26-12-2000,18.7
27-12-2000,8.1
28-12-2000,14.3
29-12-2000,3.4
30-12-2000,4.3
31-12-2000,11.8
FECHA,Precipitación: l/m2
01-01-2001,11.4
02-01-2001,9.8
03-01-2001,27.1
04-01-2001,36.9
05-01-2001,6.7
06-01-2001,5.2
07-01-2001,1.6
08-01-2001,2.8
09-01-2001,2.9
10-01-2001,10.8
11-01-2001,0.7
12-01-2001,0
13-01-2001,0.9
14-01-2001,1
15-01-2001,3.6
16-01-2001,6.3
17-01-2001,3
18-01-2001,2.6
19-01-2001,0.2
20-01-2001,0
21-01-2001,4
22-01-2001,4.9
23-01-2001,7.7
24-01-2001,7.2
25-01-2001,13.6
26-01-2001,8.7
27-01-2001,5.7
28-01-2001,8.8
29-01-2001,0.2
30-01-2001,2.2
31-01-2001,6.3
01-02-2001,0.4
02-02-2001,0.8
03-02-2001,0.2
04-02-2001,3.8
05-02-2001,17.7
06-02-2001,4.2
07-02-2001,14.9
08-02-2001,3.5
09-02-2001,11
10-02-2001,0
11-02-2001,0
12-02-2001,0
13-02-2001,0
14-02-2001,0
15-02-2001,0
16-02-2001,0
17-02-2001,0
18-02-2001,0
19-02-2001,0
20-02-2001,0
21-02-2001,0
22-02-2001,0
23-02-2001,0
24-02-2001,0
25-02-2001,0
26-02-2001,12.8
27-02-2001,6.4
28-02-2001,9.2
01-03-2001,24.1
02-03-2001,49.3
03-03-2001,11.2
04-03-2001,2.7
05-03-2001,0.8
06-03-2001,6.7
07-03-2001,10.8
08-03-2001,7.1
09-03-2001,6
10-03-2001,2.5
11-03-2001,24.7
12-03-2001,0.9
13-03-2001,3
14-03-2001,0
15-03-2001,2.3
16-03-2001,5.4
17-03-2001,3.1
18-03-2001,1.5
19-03-2001,14.1
20-03-2001,19.6
21-03-2001,7.6
22-03-2001,8.9
23-03-2001,15.1
24-03-2001,0.9
25-03-2001,3.9
26-03-2001,1.3
27-03-2001,7.8
28-03-2001,11.4
29-03-2001,8.6
30-03-2001,1
31-03-2001,0
01-04-2001,2.9
02-04-2001,1.1
03-04-2001,4.9
04-04-2001,0.1
05-04-2001,0
06-04-2001,4.7
07-04-2001,2.2
08-04-2001,0
09-04-2001,0
10-04-2001,0
11-04-2001,0
12-04-2001,0
13-04-2001,0
14-04-2001,0
15-04-2001,0
16-04-2001,0
17-04-2001,0
18-04-2001,1.4
19-04-2001,0.3
20-04-2001,1
21-04-2001,0.7
22-04-2001,1.3
23-04-2001,9.6
24-04-2001,4
25-04-2001,0.8
26-04-2001,7
27-04-2001,0
28-04-2001,0.7
29-04-2001,10.4
30-04-2001,3.5
01-05-2001,34.2
02-05-2001,17.3
FECHA,Precipitación: l/m2
03-05-2001,4.7
04-05-2001,0
05-05-2001,0
06-05-2001,0
07-05-2001,0
08-05-2001,0
09-05-2001,0
10-05-2001,0
11-05-2001,0
12-05-2001,3.4
13-05-2001,6.2
14-05-2001,5
15-05-2001,1.6
16-05-2001,0.4
17-05-2001,0
18-05-2001,0
19-05-2001,0
20-05-2001,0
21-05-2001,0
22-05-2001,0
23-05-2001,0
24-05-2001,0
25-05-2001,0
26-05-2001,0
27-05-2001,0
28-05-2001,0
29-05-2001,0.2
30-05-2001,0
31-05-2001,0
01-06-2001,0
02-06-2001,0
03-06-2001,0
04-06-2001,0
05-06-2001,0
06-06-2001,0
07-06-2001,0.2
08-06-2001,5.8
09-06-2001,1.2
10-06-2001,0
11-06-2001,0
12-06-2001,0
13-06-2001,0
14-06-2001,1
15-06-2001,3
16-06-2001,0.3
17-06-2001,0
18-06-2001,0
19-06-2001,0
20-06-2001,0
21-06-2001,0
22-06-2001,0
23-06-2001,0
24-06-2001,0
25-06-2001,0
26-06-2001,7
27-06-2001,0
28-06-2001,0
29-06-2001,0
30-06-2001,0
01-07-2001,0
02-07-2001,0
03-07-2001,2.3
04-07-2001,18
05-07-2001,0
06-07-2001,1.4
07-07-2001,0.4
08-07-2001,2.1
09-07-2001,1.1
10-07-2001,0
11-07-2001,0
12-07-2001,0
13-07-2001,38.6
14-07-2001,0
15-07-2001,0
16-07-2001,0.7
17-07-2001,3.8
18-07-2001,5.5
19-07-2001,0
20-07-2001,0
21-07-2001,0
22-07-2001,0
23-07-2001,0
24-07-2001,0
25-07-2001,0.3
26-07-2001,0.2
27-07-2001,0
28-07-2001,0
29-07-2001,0
30-07-2001,0
31-07-2001,0
01-08-2001,0.1
02-08-2001,0.3
03-08-2001,0
04-08-2001,0
05-08-2001,0
06-08-2001,0
07-08-2001,5.8
08-08-2001,0.1
09-08-2001,0
10-08-2001,0
11-08-2001,0
12-08-2001,0
13-08-2001,0.1
14-08-2001,0
15-08-2001,10
16-08-2001,0
17-08-2001,8
18-08-2001,2.5
19-08-2001,3.8
20-08-2001,0
21-08-2001,0
22-08-2001,0
23-08-2001,0
24-08-2001,0
25-08-2001,0
26-08-2001,12.3
27-08-2001,16.8
28-08-2001,0
29-08-2001,0
30-08-2001,0
31-08-2001,0
01-09-2001,0
FECHA,Precipitación: l/m2
02-09-2001,0
03-09-2001,0
04-09-2001,0
05-09-2001,0
06-09-2001,0
07-09-2001,0
08-09-2001,0
09-09-2001,0
10-09-2001,0
11-09-2001,0
12-09-2001,0
13-09-2001,1.9
14-09-2001,0
15-09-2001,0
16-09-2001,0
17-09-2001,0
18-09-2001,0
19-09-2001,0
20-09-2001,1.4
21-09-2001,6.1
22-09-2001,31.1
23-09-2001,0
24-09-2001,0
25-09-2001,0
26-09-2001,0
27-09-2001,0
28-09-2001,7.9
29-09-2001,0.2
30-09-2001,0
01-10-2001,0.5
02-10-2001,38.9
03-10-2001,0
04-10-2001,3.6
05-10-2001,2.3
06-10-2001,3
07-10-2001,10.5
08-10-2001,8.7
09-10-2001,0
10-10-2001,0
11-10-2001,0
12-10-2001,37.9
13-10-2001,0
14-10-2001,2
15-10-2001,0
16-10-2001,0
17-10-2001,4.5
18-10-2001,4.7
19-10-2001,0
20-10-2001,5.5
21-10-2001,14.2
22-10-2001,1.8
23-10-2001,0
24-10-2001,0
25-10-2001,0
26-10-2001,0
27-10-2001,0.1
28-10-2001,0
29-10-2001,0
30-10-2001,0
31-10-2001,0
01-11-2001,0
02-11-2001,0
03-11-2001,0
04-11-2001,0
05-11-2001,0
06-11-2001,0
07-11-2001,0
08-11-2001,2.4
09-11-2001,2.7
10-11-2001,0.5
11-11-2001,0
12-11-2001,4.3
13-11-2001,1.5
14-11-2001,0
15-11-2001,0
16-11-2001,0
17-11-2001,0
18-11-2001,0.2
19-11-2001,1.9
20-11-2001,0
21-11-2001,0
22-11-2001,0
23-11-2001,0
24-11-2001,0
25-11-2001,1.5
26-11-2001,4.8
27-11-2001,0
28-11-2001,0.5
29-11-2001,0
30-11-2001,0.2
01-12-2001,17.8
02-12-2001,1.7
03-12-2001,0
04-12-2001,0
05-12-2001,0.1
06-12-2001,0
07-12-2001,0
08-12-2001,0
09-12-2001,0
10-12-2001,0
11-12-2001,0
12-12-2001,0
13-12-2001,0
14-12-2001,0
15-12-2001,0
16-12-2001,0
17-12-2001,0
18-12-2001,0
19-12-2001,0
20-12-2001,0
21-12-2001,0
22-12-2001,0
23-12-2001,0
24-12-2001,0
25-12-2001,3.8
26-12-2001,0.1
27-12-2001,0
28-12-2001,0
29-12-2001,0.2
30-12-2001,5.8
31-12-2001,13.7
01-01-2001,11.4
02-01-2001,9.8
03-01-2001,27.1
04-01-2001,36.9
05-01-2001,6.7
06-01-2001,5.2
07-01-2001,1.6
08-01-2001,2.8
09-01-2001,2.9
10-01-2001,10.8
11-01-2001,0.7
12-01-2001,0
13-01-2001,0.9
14-01-2001,1
15-01-2001,3.6
16-01-2001,6.3
17-01-2001,3
18-01-2001,2.6
19-01-2001,0.2
20-01-2001,0
21-01-2001,4
22-01-2001,4.9
23-01-2001,7.7
24-01-2001,7.2
25-01-2001,13.6
26-01-2001,8.7
27-01-2001,5.7
28-01-2001,8.8
29-01-2001,0.2
30-01-2001,2.2
31-01-2001,6.3
01-02-2001,0.4
02-02-2001,0.8
03-02-2001,0.2
04-02-2001,3.8
05-02-2001,17.7
06-02-2001,4.2
07-02-2001,14.9
08-02-2001,3.5
09-02-2001,11
10-02-2001,0
11-02-2001,0
12-02-2001,0
13-02-2001,0
14-02-2001,0
15-02-2001,0
16-02-2001,0
17-02-2001,0
18-02-2001,0
19-02-2001,0
20-02-2001,0
21-02-2001,0
22-02-2001,0
23-02-2001,0
24-02-2001,0
25-02-2001,0
26-02-2001,12.8
27-02-2001,6.4
28-02-2001,9.2
01-03-2001,24.1
02-03-2001,49.3
03-03-2001,11.2
04-03-2001,2.7
05-03-2001,0.8
06-03-2001,6.7
07-03-2001,10.8
08-03-2001,7.1
09-03-2001,6
10-03-2001,2.5
11-03-2001,24.7
12-03-2001,0.9
13-03-2001,3
14-03-2001,0
15-03-2001,2.3
16-03-2001,5.4
17-03-2001,3.1
18-03-2001,1.5
19-03-2001,14.1
20-03-2001,19.6
21-03-2001,7.6
22-03-2001,8.9
23-03-2001,15.1
24-03-2001,0.9
25-03-2001,3.9
26-03-2001,1.3
27-03-2001,7.8
28-03-2001,11.4
29-03-2001,8.6
30-03-2001,1
31-03-2001,0
01-04-2001,2.9
02-04-2001,1.1
03-04-2001,4.9
04-04-2001,0.1
05-04-2001,0
06-04-2001,4.7
07-04-2001,2.2
08-04-2001,0
09-04-2001,0
10-04-2001,0
11-04-2001,0
12-04-2001,0
13-04-2001,0
14-04-2001,0
15-04-2001,0
16-04-2001,0
17-04-2001,0
18-04-2001,1.4
19-04-2001,0.3
20-04-2001,1
21-04-2001,0.7
22-04-2001,1.3
23-04-2001,9.6
24-04-2001,4
25-04-2001,0.8
26-04-2001,7
27-04-2001,0
28-04-2001,0.7
29-04-2001,10.4
30-04-2001,3.5
01-05-2001,34.2
02-05-2001,17.3
03-05-2001,4.7
04-05-2001,0
05-05-2001,0
06-05-2001,0
07-05-2001,0
08-05-2001,0
09-05-2001,0
10-05-2001,0
11-05-2001,0
12-05-2001,3.4
13-05-2001,6.2
14-05-2001,5
15-05-2001,1.6
16-05-2001,0.4
17-05-2001,0
18-05-2001,0
19-05-2001,0
20-05-2001,0
21-05-2001,0
22-05-2001,0
23-05-2001,0
24-05-2001,0
25-05-2001,0
26-05-2001,0
27-05-2001,0
28-05-2001,0
29-05-2001,0.2
30-05-2001,0
31-05-2001,0
01-06-2001,0
02-06-2001,0
03-06-2001,0
04-06-2001,0
05-06-2001,0
06-06-2001,0
07-06-2001,0.2
08-06-2001,5.8
09-06-2001,1.2
10-06-2001,0
11-06-2001,0
12-06-2001,0
13-06-2001,0
14-06-2001,1
15-06-2001,3
16-06-2001,0.3
17-06-2001,0
18-06-2001,0
19-06-2001,0
20-06-2001,0
21-06-2001,0
22-06-2001,0
23-06-2001,0
24-06-2001,0
25-06-2001,0
26-06-2001,7
27-06-2001,0
28-06-2001,0
29-06-2001,0
30-06-2001,0
01-07-2001,0
02-07-2001,0
03-07-2001,2.3
04-07-2001,18
05-07-2001,0
06-07-2001,1.4
07-07-2001,0.4
08-07-2001,2.1
09-07-2001,1.1
10-07-2001,0
11-07-2001,0
12-07-2001,0
13-07-2001,38.6
14-07-2001,0
15-07-2001,0
16-07-2001,0.7
17-07-2001,3.8
18-07-2001,5.5
19-07-2001,0
20-07-2001,0
21-07-2001,0
22-07-2001,0
23-07-2001,0
24-07-2001,0
25-07-2001,0.3
26-07-2001,0.2
27-07-2001,0
28-07-2001,0
29-07-2001,0
30-07-2001,0
31-07-2001,0
01-08-2001,0.1
02-08-2001,0.3
03-08-2001,0
04-08-2001,0
05-08-2001,0
06-08-2001,0
07-08-2001,5.8
08-08-2001,0.1
09-08-2001,0
10-08-2001,0
11-08-2001,0
12-08-2001,0
13-08-2001,0.1
14-08-2001,0
15-08-2001,10
16-08-2001,0
17-08-2001,8
18-08-2001,2.5
19-08-2001,3.8
20-08-2001,0
21-08-2001,0
22-08-2001,0
23-08-2001,0
24-08-2001,0
25-08-2001,0
26-08-2001,12.3
27-08-2001,16.8
28-08-2001,0
29-08-2001,0
30-08-2001,0
31-08-2001,0
01-09-2001,0
02-09-2001,0
03-09-2001,0
04-09-2001,0
05-09-2001,0
06-09-2001,0
07-09-2001,0
08-09-2001,0
09-09-2001,0
10-09-2001,0
11-09-2001,0
12-09-2001,0
13-09-2001,1.9
14-09-2001,0
15-09-2001,0
16-09-2001,0
17-09-2001,0
18-09-2001,0
19-09-2001,0
20-09-2001,1.4
21-09-2001,6.1
22-09-2001,31.1
23-09-2001,0
24-09-2001,0
25-09-2001,0
26-09-2001,0
27-09-2001,0
28-09-2001,7.9
29-09-2001,0.2
30-09-2001,0
01-10-2001,0.5
02-10-2001,38.9
03-10-2001,0
04-10-2001,3.6
05-10-2001,2.3
06-10-2001,3
07-10-2001,10.5
08-10-2001,8.7
09-10-2001,0
10-10-2001,0
11-10-2001,0
12-10-2001,37.9
13-10-2001,0
14-10-2001,2
15-10-2001,0
16-10-2001,0
17-10-2001,4.5
18-10-2001,4.7
19-10-2001,0
20-10-2001,5.5
21-10-2001,14.2
22-10-2001,1.8
23-10-2001,0
24-10-2001,0
25-10-2001,0
26-10-2001,0
27-10-2001,0.1
28-10-2001,0
29-10-2001,0
30-10-2001,0
31-10-2001,0
01-11-2001,0
02-11-2001,0
03-11-2001,0
04-11-2001,0
05-11-2001,0
06-11-2001,0
07-11-2001,0
08-11-2001,2.4
09-11-2001,2.7
10-11-2001,0.5
11-11-2001,0
12-11-2001,4.3
13-11-2001,1.5
14-11-2001,0
15-11-2001,0
16-11-2001,0
17-11-2001,0
18-11-2001,0.2
19-11-2001,1.9
20-11-2001,0
21-11-2001,0
22-11-2001,0
23-11-2001,0
24-11-2001,0
25-11-2001,1.5
26-11-2001,4.8
27-11-2001,0
28-11-2001,0.5
29-11-2001,0
30-11-2001,0.2
01-12-2001,17.8
02-12-2001,1.7
03-12-2001,0
04-12-2001,0
05-12-2001,0.1
06-12-2001,0
07-12-2001,0
08-12-2001,0
09-12-2001,0
10-12-2001,0
11-12-2001,0
12-12-2001,0
13-12-2001,0
14-12-2001,0
15-12-2001,0
16-12-2001,0
17-12-2001,0
18-12-2001,0
19-12-2001,0
20-12-2001,0
21-12-2001,0
22-12-2001,0
23-12-2001,0
24-12-2001,0
25-12-2001,3.8
26-12-2001,0.1
27-12-2001,0
28-12-2001,0
29-12-2001,0.2
30-12-2001,5.8
31-12-2001,13.7
FECHA,Precipitación: l/m2
01-01-2002,1.7
02-01-2002,4.3
03-01-2002,2.4
04-01-2002,0
05-01-2002,0
06-01-2002,0
07-01-2002,0
08-01-2002,2.4
09-01-2002,0
10-01-2002,0
11-01-2002,0
12-01-2002,0.4
13-01-2002,0.9
14-01-2002,7
15-01-2002,0.9
16-01-2002,0
17-01-2002,6.2
18-01-2002,3.9
19-01-2002,0
20-01-2002,0
21-01-2002,11.8
22-01-2002,10.1
23-01-2002,3.9
24-01-2002,0
25-01-2002,0.3
26-01-2002,0
27-01-2002,0
28-01-2002,0
29-01-2002,0
30-01-2002,12.8
31-01-2002,0
01-02-2002,0
02-02-2002,21.9
03-02-2002,3.5
04-02-2002,3.5
05-02-2002,6.6
06-02-2002,5.7
07-02-2002,0.2
08-02-2002,0
09-02-2002,4.4
10-02-2002,0
11-02-2002,0
12-02-2002,0
13-02-2002,2.4
14-02-2002,0.8
15-02-2002,0
16-02-2002,0
17-02-2002,0
18-02-2002,1.5
19-02-2002,0
20-02-2002,6
21-02-2002,0.4
22-02-2002,0.7
23-02-2002,0
24-02-2002,0
25-02-2002,0
26-02-2002,20.8
27-02-2002,2.5
28-02-2002,17.5
01-03-2002,1.7
02-03-2002,0
03-03-2002,0
04-03-2002,0
05-03-2002,0
06-03-2002,0
07-03-2002,0
08-03-2002,0
09-03-2002,0
10-03-2002,0
11-03-2002,1
12-03-2002,1.4
13-03-2002,1
14-03-2002,7.1
15-03-2002,4.5
16-03-2002,0.1
17-03-2002,6.7
18-03-2002,5.6
19-03-2002,0
20-03-2002,0
21-03-2002,0
22-03-2002,0
23-03-2002,0
24-03-2002,0
25-03-2002,0
26-03-2002,0
27-03-2002,0
28-03-2002,0
29-03-2002,0
30-03-2002,0
31-03-2002,0
01-04-2002,0
02-04-2002,10.3
03-04-2002,2.3
04-04-2002,0.3
05-04-2002,6.5
06-04-2002,5.3
07-04-2002,0.6
08-04-2002,0
09-04-2002,0
10-04-2002,2.6
11-04-2002,13.6
12-04-2002,0.6
13-04-2002,0.6
14-04-2002,0
15-04-2002,0
16-04-2002,3.5
17-04-2002,1.3
18-04-2002,0
19-04-2002,0
20-04-2002,0
21-04-2002,0
22-04-2002,0
23-04-2002,0
24-04-2002,0
25-04-2002,0
26-04-2002,0
27-04-2002,0
28-04-2002,1.2
29-04-2002,0
30-04-2002,8.6
01-05-2002,4.4
02-05-2002,4.7
FECHA,Precipitación: l/m2
03-05-2002,0.2
04-05-2002,15.7
05-05-2002,0
06-05-2002,0.1
07-05-2002,0
08-05-2002,0.4
09-05-2002,0
10-05-2002,5.3
11-05-2002,1.1
12-05-2002,15.7
13-05-2002,8.1
14-05-2002,0.3
15-05-2002,0
16-05-2002,3.2
17-05-2002,3
18-05-2002,0
19-05-2002,0
20-05-2002,0.4
21-05-2002,4
22-05-2002,7.1
23-05-2002,0.7
24-05-2002,5.7
25-05-2002,0.5
26-05-2002,4.3
27-05-2002,0.8
28-05-2002,4
29-05-2002,0
30-05-2002,0
31-05-2002,0
01-06-2002,0
02-06-2002,0
03-06-2002,0
04-06-2002,14.8
05-06-2002,10.8
06-06-2002,9
07-06-2002,7.3
08-06-2002,0.5
09-06-2002,2
10-06-2002,0
11-06-2002,0
12-06-2002,0
13-06-2002,0
14-06-2002,0.6
15-06-2002,0
16-06-2002,0
17-06-2002,0.9
18-06-2002,0.1
19-06-2002,0
20-06-2002,0
21-06-2002,0
22-06-2002,0
23-06-2002,0
24-06-2002,0
25-06-2002,0
26-06-2002,35.2
27-06-2002,2.7
28-06-2002,0
29-06-2002,0
30-06-2002,0
01-07-2002,4.2
02-07-2002,0.7
03-07-2002,0.5
04-07-2002,0
05-07-2002,1.2
06-07-2002,0
07-07-2002,0
08-07-2002,4.3
09-07-2002,3.8
10-07-2002,0
11-07-2002,0
12-07-2002,0.6
13-07-2002,0.9
14-07-2002,0
15-07-2002,0
16-07-2002,0
17-07-2002,0
18-07-2002,0
19-07-2002,0
20-07-2002,0
21-07-2002,0
22-07-2002,0
23-07-2002,0
24-07-2002,0.2
25-07-2002,0.4
26-07-2002,0.4
27-07-2002,0
28-07-2002,0
29-07-2002,0
30-07-2002,2.1
31-07-2002,0.4
01-08-2002,0.8
02-08-2002,1.7
03-08-2002,0
04-08-2002,0
05-08-2002,0
06-08-2002,0
07-08-2002,0
08-08-2002,0
09-08-2002,8.6
10-08-2002,0.7
11-08-2002,0.6
12-08-2002,0
13-08-2002,0
14-08-2002,0
15-08-2002,0
16-08-2002,0
17-08-2002,7.8
18-08-2002,0.1
19-08-2002,0
20-08-2002,0
21-08-2002,0
22-08-2002,0
23-08-2002,0
24-08-2002,0
25-08-2002,0
26-08-2002,0
27-08-2002,0
28-08-2002,0
29-08-2002,0
30-08-2002,0
31-08-2002,0
01-09-2002,0
FECHA,Precipitación: l/m2
02-09-2002,0
03-09-2002,0
04-09-2002,1.3
05-09-2002,0
06-09-2002,0.1
07-09-2002,9.8
08-09-2002,0.9
09-09-2002,0
10-09-2002,0
11-09-2002,0
12-09-2002,0
13-09-2002,0
14-09-2002,0
15-09-2002,1.6
16-09-2002,9.5
17-09-2002,0.7
18-09-2002,2.5
19-09-2002,10.8
20-09-2002,3.5
21-09-2002,5.8
22-09-2002,1.9
23-09-2002,0
24-09-2002,0
25-09-2002,0
26-09-2002,0
27-09-2002,0
28-09-2002,0
29-09-2002,0
30-09-2002,0.9
01-10-2002,0
02-10-2002,0
03-10-2002,0
04-10-2002,0
05-10-2002,0
06-10-2002,0
07-10-2002,0
08-10-2002,28.4
09-10-2002,23.5
10-10-2002,0.2
11-10-2002,3.4
12-10-2002,12.2
13-10-2002,30
14-10-2002,15.9
15-10-2002,34.6
16-10-2002,9.1
17-10-2002,0
18-10-2002,0
19-10-2002,0
20-10-2002,13.2
21-10-2002,9.3
22-10-2002,6.8
23-10-2002,9.1
24-10-2002,6.9
25-10-2002,28.6
26-10-2002,10.7
27-10-2002,0
28-10-2002,0
29-10-2002,27.1
30-10-2002,0
31-10-2002,0
01-11-2002,0
02-11-2002,15.9
03-11-2002,0.8
04-11-2002,1.1
05-11-2002,5
06-11-2002,2
07-11-2002,0
08-11-2002,2.9
09-11-2002,4.4
10-11-2002,5.2
11-11-2002,0.3
12-11-2002,9.2
13-11-2002,26.9
14-11-2002,1.3
15-11-2002,16.3
16-11-2002,21.1
17-11-2002,3.3
18-11-2002,17.5
19-11-2002,11.4
20-11-2002,21.1
21-11-2002,13
22-11-2002,2.9
23-11-2002,7.3
24-11-2002,0
25-11-2002,0
26-11-2002,0
27-11-2002,13.9
28-11-2002,13
29-11-2002,0.5
30-11-2002,12.5
01-12-2002,21.6
02-12-2002,2.1
03-12-2002,2.7
04-12-2002,2.3
05-12-2002,0
06-12-2002,0
07-12-2002,0
08-12-2002,0
09-12-2002,9.2
10-12-2002,13.9
11-12-2002,2.7
12-12-2002,0
13-12-2002,2.4
14-12-2002,2.6
15-12-2002,0
16-12-2002,0.2
17-12-2002,2.5
18-12-2002,0.5
19-12-2002,0
20-12-2002,0.5
21-12-2002,0
22-12-2002,3.7
23-12-2002,4
24-12-2002,8.7
25-12-2002,5.7
26-12-2002,11.2
27-12-2002,12.8
28-12-2002,0
29-12-2002,5
30-12-2002,6.9
31-12-2002,6.8
01-01-2002,1.7
02-01-2002,4.3
03-01-2002,2.4
04-01-2002,0
05-01-2002,0
06-01-2002,0
07-01-2002,0
08-01-2002,2.4
09-01-2002,0
10-01-2002,0
11-01-2002,0
12-01-2002,0.4
13-01-2002,0.9
14-01-2002,7
15-01-2002,0.9
16-01-2002,0
17-01-2002,6.2
18-01-2002,3.9
19-01-2002,0
20-01-2002,0
21-01-2002,11.8
22-01-2002,10.1
23-01-2002,3.9
24-01-2002,0
25-01-2002,0.3
26-01-2002,0
27-01-2002,0
28-01-2002,0
29-01-2002,0
30-01-2002,12.8
31-01-2002,0
01-02-2002,0
02-02-2002,21.9
03-02-2002,3.5
04-02-2002,3.5
05-02-2002,6.6
06-02-2002,5.7
07-02-2002,0.2
08-02-2002,0
09-02-2002,4.4
10-02-2002,0
11-02-2002,0
12-02-2002,0
13-02-2002,2.4
14-02-2002,0.8
15-02-2002,0
16-02-2002,0
17-02-2002,0
18-02-2002,1.5
19-02-2002,0
20-02-2002,6
21-02-2002,0.4
22-02-2002,0.7
23-02-2002,0
24-02-2002,0
25-02-2002,0
26-02-2002,20.8
27-02-2002,2.5
28-02-2002,17.5
01-03-2002,1.7
02-03-2002,0
03-03-2002,0
04-03-2002,0
05-03-2002,0
06-03-2002,0
07-03-2002,0
08-03-2002,0
09-03-2002,0
10-03-2002,0
11-03-2002,1
12-03-2002,1.4
13-03-2002,1
14-03-2002,7.1
15-03-2002,4.5
16-03-2002,0.1
17-03-2002,6.7
18-03-2002,5.6
19-03-2002,0
20-03-2002,0
21-03-2002,0
22-03-2002,0
23-03-2002,0
24-03-2002,0
25-03-2002,0
26-03-2002,0
27-03-2002,0
28-03-2002,0
29-03-2002,0
30-03-2002,0
31-03-2002,0
01-04-2002,0
02-04-2002,10.3
03-04-2002,2.3
04-04-2002,0.3
05-04-2002,6.5
06-04-2002,5.3
07-04-2002,0.6
08-04-2002,0
09-04-2002,0
10-04-2002,2.6
11-04-2002,13.6
12-04-2002,0.6
13-04-2002,0.6
14-04-2002,0
15-04-2002,0
16-04-2002,3.5
17-04-2002,1.3
18-04-2002,0
19-04-2002,0
20-04-2002,0
21-04-2002,0
22-04-2002,0
23-04-2002,0
24-04-2002,0
25-04-2002,0
26-04-2002,0
27-04-2002,0
28-04-2002,1.2
29-04-2002,0
30-04-2002,8.6
01-05-2002,4.4
02-05-2002,4.7
03-05-2002,0.2
04-05-2002,15.7
05-05-2002,0
06-05-2002,0.1
07-05-2002,0
08-05-2002,0.4
09-05-2002,0
10-05-2002,5.3
11-05-2002,1.1
12-05-2002,15.7
13-05-2002,8.1
14-05-2002,0.3
15-05-2002,0
16-05-2002,3.2
17-05-2002,3
18-05-2002,0
19-05-2002,0
20-05-2002,0.4
21-05-2002,4
22-05-2002,7.1
23-05-2002,0.7
24-05-2002,5.7
25-05-2002,0.5
26-05-2002,4.3
27-05-2002,0.8
28-05-2002,4
29-05-2002,0
30-05-2002,0
31-05-2002,0
01-06-2002,0
02-06-2002,0
03-06-2002,0
04-06-2002,14.8
05-06-2002,10.8
06-06-2002,9
07-06-2002,7.3
08-06-2002,0.5
09-06-2002,2
10-06-2002,0
11-06-2002,0
12-06-2002,0
13-06-2002,0
14-06-2002,0.6
15-06-2002,0
16-06-2002,0
17-06-2002,0.9
18-06-2002,0.1
19-06-2002,0
20-06-2002,0
21-06-2002,0
22-06-2002,0
23-06-2002,0
24-06-2002,0
25-06-2002,0
26-06-2002,35.2
27-06-2002,2.7
28-06-2002,0
29-06-2002,0
30-06-2002,0
01-07-2002,4.2
02-07-2002,0.7
03-07-2002,0.5
04-07-2002,0
05-07-2002,1.2
06-07-2002,0
07-07-2002,0
08-07-2002,4.3
09-07-2002,3.8
10-07-2002,0
11-07-2002,0
12-07-2002,0.6
13-07-2002,0.9
14-07-2002,0
15-07-2002,0
16-07-2002,0
17-07-2002,0
18-07-2002,0
19-07-2002,0
20-07-2002,0
21-07-2002,0
22-07-2002,0
23-07-2002,0
24-07-2002,0.2
25-07-2002,0.4
26-07-2002,0.4
27-07-2002,0
28-07-2002,0
29-07-2002,0
30-07-2002,2.1
31-07-2002,0.4
01-08-2002,0.8
02-08-2002,1.7
03-08-2002,0
04-08-2002,0
05-08-2002,0
06-08-2002,0
07-08-2002,0
08-08-2002,0
09-08-2002,8.6
10-08-2002,0.7
11-08-2002,0.6
12-08-2002,0
13-08-2002,0
14-08-2002,0
15-08-2002,0
16-08-2002,0
17-08-2002,7.8
18-08-2002,0.1
19-08-2002,0
20-08-2002,0
21-08-2002,0
22-08-2002,0
23-08-2002,0
24-08-2002,0
25-08-2002,0
26-08-2002,0
27-08-2002,0
28-08-2002,0
29-08-2002,0
30-08-2002,0
31-08-2002,0
01-09-2002,0
02-09-2002,0
03-09-2002,0
04-09-2002,1.3
05-09-2002,0
06-09-2002,0.1
07-09-2002,9.8
08-09-2002,0.9
09-09-2002,0
10-09-2002,0
11-09-2002,0
12-09-2002,0
13-09-2002,0
14-09-2002,0
15-09-2002,1.6
16-09-2002,9.5
17-09-2002,0.7
18-09-2002,2.5
19-09-2002,10.8
20-09-2002,3.5
21-09-2002,5.8
22-09-2002,1.9
23-09-2002,0
24-09-2002,0
25-09-2002,0
26-09-2002,0
27-09-2002,0
28-09-2002,0
29-09-2002,0
30-09-2002,0.9
01-10-2002,0
02-10-2002,0
03-10-2002,0
04-10-2002,0
05-10-2002,0
06-10-2002,0
07-10-2002,0
08-10-2002,28.4
09-10-2002,23.5
10-10-2002,0.2
11-10-2002,3.4
12-10-2002,12.2
13-10-2002,30
14-10-2002,15.9
15-10-2002,34.6
16-10-2002,9.1
17-10-2002,0
18-10-2002,0
19-10-2002,0
20-10-2002,13.2
21-10-2002,9.3
22-10-2002,6.8
23-10-2002,9.1
24-10-2002,6.9
25-10-2002,28.6
26-10-2002,10.7
27-10-2002,0
28-10-2002,0
29-10-2002,27.1
30-10-2002,0
31-10-2002,0
01-11-2002,0
02-11-2002,15.9
03-11-2002,0.8
04-11-2002,1.1
05-11-2002,5
06-11-2002,2
07-11-2002,0
08-11-2002,2.9
09-11-2002,4.4
10-11-2002,5.2
11-11-2002,0.3
12-11-2002,9.2
13-11-2002,26.9
14-11-2002,1.3
15-11-2002,16.3
16-11-2002,21.1
17-11-2002,3.3
18-11-2002,17.5
19-11-2002,11.4
20-11-2002,21.1
21-11-2002,13
22-11-2002,2.9
23-11-2002,7.3
24-11-2002,0
25-11-2002,0
26-11-2002,0
27-11-2002,13.9
28-11-2002,13
29-11-2002,0.5
30-11-2002,12.5
01-12-2002,21.6
02-12-2002,2.1
03-12-2002,2.7
04-12-2002,2.3
05-12-2002,0
06-12-2002,0
07-12-2002,0
08-12-2002,0
09-12-2002,9.2
10-12-2002,13.9
11-12-2002,2.7
12-12-2002,0
13-12-2002,2.4
14-12-2002,2.6
15-12-2002,0
16-12-2002,0.2
17-12-2002,2.5
18-12-2002,0.5
19-12-2002,0
20-12-2002,0.5
21-12-2002,0
22-12-2002,3.7
23-12-2002,4
24-12-2002,8.7
25-12-2002,5.7
26-12-2002,11.2
27-12-2002,12.8
28-12-2002,0
29-12-2002,5
30-12-2002,6.9
31-12-2002,6.8
FECHA,Precipitación: l/m2
01-01-2003,3.3
02-01-2003,1.3
03-01-2003,4.6
04-01-2003,3.8
05-01-2003,18.3
06-01-2003,4.4
07-01-2003,28.4
08-01-2003,21
09-01-2003,2.6
10-01-2003,0.6
11-01-2003,1.1
12-01-2003,0
13-01-2003,0
14-01-2003,0
15-01-2003,0
16-01-2003,0
17-01-2003,0.2
18-01-2003,31.1
19-01-2003,6.5
20-01-2003,15.7
21-01-2003,4.8
22-01-2003,10.7
23-01-2003,0
24-01-2003,0
25-01-2003,0
26-01-2003,0
27-01-2003,0.6
28-01-2003,1.9
29-01-2003,6.1
30-01-2003,2.3
31-01-2003,0.4
01-02-2003,3.5
02-02-2003,1.9
03-02-2003,5.1
04-02-2003,1.6
05-02-2003,3.9
06-02-2003,0
07-02-2003,0
08-02-2003,0
09-02-2003,0
10-02-2003,8.6
11-02-2003,0
12-02-2003,0
13-02-2003,0.5
14-02-2003,4.1
15-02-2003,0
16-02-2003,0
17-02-2003,1.4
18-02-2003,11.5
19-02-2003,0
20-02-2003,0
21-02-2003,0
22-02-2003,0.5
23-02-2003,0
24-02-2003,1.5
25-02-2003,0.2
26-02-2003,4.2
27-02-2003,0.2
28-02-2003,24.5
01-03-2003,1.4
02-03-2003,8.1
03-03-2003,0
04-03-2003,0
05-03-2003,12.2
06-03-2003,0
07-03-2003,0.7
08-03-2003,0
09-03-2003,0
10-03-2003,0
11-03-2003,0
12-03-2003,0
13-03-2003,6.6
14-03-2003,0
15-03-2003,0
16-03-2003,0
17-03-2003,0
18-03-2003,0
19-03-2003,0
20-03-2003,0
21-03-2003,0
22-03-2003,0
23-03-2003,4.5
24-03-2003,5.8
25-03-2003,2.5
26-03-2003,2.2
27-03-2003,0
28-03-2003,1.7
29-03-2003,5
30-03-2003,0.9
31-03-2003,0
01-04-2003,0.5
02-04-2003,0.1
03-04-2003,0
04-04-2003,0
05-04-2003,0
06-04-2003,0
07-04-2003,0
08-04-2003,0
09-04-2003,0
10-04-2003,5.2
11-04-2003,4.2
12-04-2003,0.2
13-04-2003,0.7
14-04-2003,0.8
15-04-2003,0
16-04-2003,0
17-04-2003,16.5
18-04-2003,11.8
19-04-2003,14.7
20-04-2003,1
21-04-2003,0
22-04-2003,2.6
23-04-2003,0.8
24-04-2003,6.3
25-04-2003,5.1
26-04-2003,0
27-04-2003,0.1
28-04-2003,15.7
29-04-2003,15.9
30-04-2003,1.6
01-05-2003,3.7
02-05-2003,4.6
FECHA,Precipitación: l/m2
03-05-2003,0
04-05-2003,1.3
05-05-2003,6.8
06-05-2003,0
07-05-2003,0
08-05-2003,0.2
09-05-2003,0
10-05-2003,0
11-05-2003,0
12-05-2003,0.2
13-05-2003,0
14-05-2003,0
15-05-2003,0.1
16-05-2003,0.1
17-05-2003,0
18-05-2003,12.8
19-05-2003,0
20-05-2003,0
21-05-2003,0
22-05-2003,0
23-05-2003,5.5
24-05-2003,1.2
25-05-2003,0
26-05-2003,0
27-05-2003,0
28-05-2003,0
29-05-2003,0
30-05-2003,0
31-05-2003,0
01-06-2003,12.2
02-06-2003,2.9
03-06-2003,11
04-06-2003,0
05-06-2003,0
06-06-2003,0
07-06-2003,0.2
08-06-2003,0
09-06-2003,0
10-06-2003,0
11-06-2003,0
12-06-2003,0
13-06-2003,3
14-06-2003,0
15-06-2003,0.5
16-06-2003,0.7
17-06-2003,0
18-06-2003,0
19-06-2003,0
20-06-2003,0
21-06-2003,0
22-06-2003,0
23-06-2003,0
24-06-2003,4.8
25-06-2003,0
26-06-2003,1.8
27-06-2003,0.4
28-06-2003,17.2
29-06-2003,10.1
30-06-2003,5.3
01-07-2003,1.6
02-07-2003,1.7
03-07-2003,0
04-07-2003,0
05-07-2003,0
06-07-2003,0
07-07-2003,0
08-07-2003,0
09-07-2003,0
10-07-2003,0
11-07-2003,0
12-07-2003,0.3
13-07-2003,0.2
14-07-2003,10
15-07-2003,49.1
16-07-2003,0
17-07-2003,0
18-07-2003,0
19-07-2003,0
20-07-2003,0
21-07-2003,0
22-07-2003,0
23-07-2003,2.8
24-07-2003,0
25-07-2003,3.8
26-07-2003,22.3
27-07-2003,0
28-07-2003,0
29-07-2003,0
30-07-2003,0
31-07-2003,0
01-08-2003,0
02-08-2003,0
03-08-2003,0
04-08-2003,0
05-08-2003,0
06-08-2003,0
07-08-2003,0
08-08-2003,0.3
09-08-2003,0
10-08-2003,0
11-08-2003,0
12-08-2003,0
13-08-2003,0
14-08-2003,0.1
15-08-2003,0.8
16-08-2003,0
17-08-2003,0
18-08-2003,0
19-08-2003,0
20-08-2003,0
21-08-2003,0
22-08-2003,0
23-08-2003,0
24-08-2003,3
25-08-2003,0
26-08-2003,5
27-08-2003,1.2
28-08-2003,10.5
29-08-2003,1.7
30-08-2003,0
31-08-2003,1.1
01-09-2003,0
FECHA,Precipitación: l/m2
02-09-2003,0
03-09-2003,0
04-09-2003,0
05-09-2003,0.7
06-09-2003,0
07-09-2003,0.3
08-09-2003,7.2
09-09-2003,0
10-09-2003,0
11-09-2003,0
12-09-2003,0
13-09-2003,0
14-09-2003,0
15-09-2003,0
16-09-2003,0
17-09-2003,0
18-09-2003,0
19-09-2003,0
20-09-2003,0.5
21-09-2003,3.1
22-09-2003,0.4
23-09-2003,0
24-09-2003,0
25-09-2003,0
26-09-2003,0
27-09-2003,0.1
28-09-2003,0
29-09-2003,0.5
30-09-2003,1.3
01-10-2003,4.4
02-10-2003,9.2
03-10-2003,2.6
04-10-2003,1.2
05-10-2003,0
06-10-2003,0
07-10-2003,0.5
08-10-2003,0
09-10-2003,0
10-10-2003,0
11-10-2003,6.8
12-10-2003,1.4
13-10-2003,0
14-10-2003,0
15-10-2003,0.5
16-10-2003,0
17-10-2003,0
18-10-2003,10.1
19-10-2003,11
20-10-2003,0.3
21-10-2003,4.6
22-10-2003,5
23-10-2003,0.4
24-10-2003,0
25-10-2003,0.9
26-10-2003,8.8
27-10-2003,4.2
28-10-2003,9.5
29-10-2003,6.9
30-10-2003,24
31-10-2003,12.3
01-11-2003,0
02-11-2003,25.4
03-11-2003,4.2
04-11-2003,0
05-11-2003,0
06-11-2003,0
07-11-2003,0.1
08-11-2003,2.7
09-11-2003,5.2
10-11-2003,0.1
11-11-2003,9.6
12-11-2003,0
13-11-2003,6.8
14-11-2003,28.2
15-11-2003,10.7
16-11-2003,0.4
17-11-2003,0
18-11-2003,0
19-11-2003,0
20-11-2003,0
21-11-2003,26.2
22-11-2003,95.6
23-11-2003,5.5
24-11-2003,0
25-11-2003,2.2
26-11-2003,17.5
27-11-2003,0.6
28-11-2003,0.6
29-11-2003,32.1
30-11-2003,23.2
01-12-2003,11.2
02-12-2003,12.3
03-12-2003,14.9
04-12-2003,19.9
05-12-2003,0
06-12-2003,3.4
07-12-2003,0.4
08-12-2003,7.3
09-12-2003,3.4
10-12-2003,0.2
11-12-2003,0
12-12-2003,0
13-12-2003,0
14-12-2003,1.1
15-12-2003,0
16-12-2003,0
17-12-2003,0
18-12-2003,2.4
19-12-2003,4
20-12-2003,0
21-12-2003,1.4
22-12-2003,0.1
23-12-2003,0
24-12-2003,0
25-12-2003,0
26-12-2003,2
27-12-2003,8.8
28-12-2003,2.5
29-12-2003,9.8
30-12-2003,7.5
31-12-2003,13.5
01-01-2003,3.3
02-01-2003,1.3
03-01-2003,4.6
04-01-2003,3.8
05-01-2003,18.3
06-01-2003,4.4
07-01-2003,28.4
08-01-2003,21
09-01-2003,2.6
10-01-2003,0.6
11-01-2003,1.1
12-01-2003,0
13-01-2003,0
14-01-2003,0
15-01-2003,0
16-01-2003,0
17-01-2003,0.2
18-01-2003,31.1
19-01-2003,6.5
20-01-2003,15.7
21-01-2003,4.8
22-01-2003,10.7
23-01-2003,0
24-01-2003,0
25-01-2003,0
26-01-2003,0
27-01-2003,0.6
28-01-2003,1.9
29-01-2003,6.1
30-01-2003,2.3
31-01-2003,0.4
01-02-2003,3.5
02-02-2003,1.9
03-02-2003,5.1
04-02-2003,1.6
05-02-2003,3.9
06-02-2003,0
07-02-2003,0
08-02-2003,0
09-02-2003,0
10-02-2003,8.6
11-02-2003,0
12-02-2003,0
13-02-2003,0.5
14-02-2003,4.1
15-02-2003,0
16-02-2003,0
17-02-2003,1.4
18-02-2003,11.5
19-02-2003,0
20-02-2003,0
21-02-2003,0
22-02-2003,0.5
23-02-2003,0
24-02-2003,1.5
25-02-2003,0.2
26-02-2003,4.2
27-02-2003,0.2
28-02-2003,24.5
01-03-2003,1.4
02-03-2003,8.1
03-03-2003,0
04-03-2003,0
05-03-2003,12.2
06-03-2003,0
07-03-2003,0.7
08-03-2003,0
09-03-2003,0
10-03-2003,0
11-03-2003,0
12-03-2003,0
13-03-2003,6.6
14-03-2003,0
15-03-2003,0
16-03-2003,0
17-03-2003,0
18-03-2003,0
19-03-2003,0
20-03-2003,0
21-03-2003,0
22-03-2003,0
23-03-2003,4.5
24-03-2003,5.8
25-03-2003,2.5
26-03-2003,2.2
27-03-2003,0
28-03-2003,1.7
29-03-2003,5
30-03-2003,0.9
31-03-2003,0
01-04-2003,0.5
02-04-2003,0.1
03-04-2003,0
04-04-2003,0
05-04-2003,0
06-04-2003,0
07-04-2003,0
08-04-2003,0
09-04-2003,0
10-04-2003,5.2
11-04-2003,4.2
12-04-2003,0.2
13-04-2003,0.7
14-04-2003,0.8
15-04-2003,0
16-04-2003,0
17-04-2003,16.5
18-04-2003,11.8
19-04-2003,14.7
20-04-2003,1
21-04-2003,0
22-04-2003,2.6
23-04-2003,0.8
24-04-2003,6.3
25-04-2003,5.1
26-04-2003,0
27-04-2003,0.1
28-04-2003,15.7
29-04-2003,15.9
30-04-2003,1.6
01-05-2003,3.7
02-05-2003,4.6
03-05-2003,0
04-05-2003,1.3
05-05-2003,6.8
06-05-2003,0
07-05-2003,0
08-05-2003,0.2
09-05-2003,0
10-05-2003,0
11-05-2003,0
12-05-2003,0.2
13-05-2003,0
14-05-2003,0
15-05-2003,0.1
16-05-2003,0.1
17-05-2003,0
18-05-2003,12.8
19-05-2003,0
20-05-2003,0
21-05-2003,0
22-05-2003,0
23-05-2003,5.5
24-05-2003,1.2
25-05-2003,0
26-05-2003,0
27-05-2003,0
28-05-2003,0
29-05-2003,0
30-05-2003,0
31-05-2003,0
01-06-2003,12.2
02-06-2003,2.9
03-06-2003,11
04-06-2003,0
05-06-2003,0
06-06-2003,0
07-06-2003,0.2
08-06-2003,0
09-06-2003,0
10-06-2003,0
11-06-2003,0
12-06-2003,0
13-06-2003,3
14-06-2003,0
15-06-2003,0.5
16-06-2003,0.7
17-06-2003,0
18-06-2003,0
19-06-2003,0
20-06-2003,0
21-06-2003,0
22-06-2003,0
23-06-2003,0
24-06-2003,4.8
25-06-2003,0
26-06-2003,1.8
27-06-2003,0.4
28-06-2003,17.2
29-06-2003,10.1
30-06-2003,5.3
01-07-2003,1.6
02-07-2003,1.7
03-07-2003,0
04-07-2003,0
05-07-2003,0
06-07-2003,0
07-07-2003,0
08-07-2003,0
09-07-2003,0
10-07-2003,0
11-07-2003,0
12-07-2003,0.3
13-07-2003,0.2
14-07-2003,10
15-07-2003,49.1
16-07-2003,0
17-07-2003,0
18-07-2003,0
19-07-2003,0
20-07-2003,0
21-07-2003,0
22-07-2003,0
23-07-2003,2.8
24-07-2003,0
25-07-2003,3.8
26-07-2003,22.3
27-07-2003,0
28-07-2003,0
29-07-2003,0
30-07-2003,0
31-07-2003,0
01-08-2003,0
02-08-2003,0
03-08-2003,0
04-08-2003,0
05-08-2003,0
06-08-2003,0
07-08-2003,0
08-08-2003,0.3
09-08-2003,0
10-08-2003,0
11-08-2003,0
12-08-2003,0
13-08-2003,0
14-08-2003,0.1
15-08-2003,0.8
16-08-2003,0
17-08-2003,0
18-08-2003,0
19-08-2003,0
20-08-2003,0
21-08-2003,0
22-08-2003,0
23-08-2003,0
24-08-2003,3
25-08-2003,0
26-08-2003,5
27-08-2003,1.2
28-08-2003,10.5
29-08-2003,1.7
30-08-2003,0
31-08-2003,1.1
01-09-2003,0
02-09-2003,0
03-09-2003,0
04-09-2003,0
05-09-2003,0.7
06-09-2003,0
07-09-2003,0.3
08-09-2003,7.2
09-09-2003,0
10-09-2003,0
11-09-2003,0
12-09-2003,0
13-09-2003,0
14-09-2003,0
15-09-2003,0
16-09-2003,0
17-09-2003,0
18-09-2003,0
19-09-2003,0
20-09-2003,0.5
21-09-2003,3.1
22-09-2003,0.4
23-09-2003,0
24-09-2003,0
25-09-2003,0
26-09-2003,0
27-09-2003,0.1
28-09-2003,0
29-09-2003,0.5
30-09-2003,1.3
01-10-2003,4.4
02-10-2003,9.2
03-10-2003,2.6
04-10-2003,1.2
05-10-2003,0
06-10-2003,0
07-10-2003,0.5
08-10-2003,0
09-10-2003,0
10-10-2003,0
11-10-2003,6.8
12-10-2003,1.4
13-10-2003,0
14-10-2003,0
15-10-2003,0.5
16-10-2003,0
17-10-2003,0
18-10-2003,10.1
19-10-2003,11
20-10-2003,0.3
21-10-2003,4.6
22-10-2003,5
23-10-2003,0.4
24-10-2003,0
25-10-2003,0.9
26-10-2003,8.8
27-10-2003,4.2
28-10-2003,9.5
29-10-2003,6.9
30-10-2003,24
31-10-2003,12.3
01-11-2003,0
02-11-2003,25.4
03-11-2003,4.2
04-11-2003,0
05-11-2003,0
06-11-2003,0
07-11-2003,0.1
08-11-2003,2.7
09-11-2003,5.2
10-11-2003,0.1
11-11-2003,9.6
12-11-2003,0
13-11-2003,6.8
14-11-2003,28.2
15-11-2003,10.7
16-11-2003,0.4
17-11-2003,0
18-11-2003,0
19-11-2003,0
20-11-2003,0
21-11-2003,26.2
22-11-2003,95.6
23-11-2003,5.5
24-11-2003,0
25-11-2003,2.2
26-11-2003,17.5
27-11-2003,0.6
28-11-2003,0.6
29-11-2003,32.1
30-11-2003,23.2
01-12-2003,11.2
02-12-2003,12.3
03-12-2003,14.9
04-12-2003,19.9
05-12-2003,0
06-12-2003,3.4
07-12-2003,0.4
08-12-2003,7.3
09-12-2003,3.4
10-12-2003,0.2
11-12-2003,0
12-12-2003,0
13-12-2003,0
14-12-2003,1.1
15-12-2003,0
16-12-2003,0
17-12-2003,0
18-12-2003,2.4
19-12-2003,4
20-12-2003,0
21-12-2003,1.4
22-12-2003,0.1
23-12-2003,0
24-12-2003,0
25-12-2003,0
26-12-2003,2
27-12-2003,8.8
28-12-2003,2.5
29-12-2003,9.8
30-12-2003,7.5
31-12-2003,13.5
FECHA,Precipitación: l/m2
01-01-2004,1.4
02-01-2004,0
03-01-2004,0.7
04-01-2004,0
05-01-2004,0
06-01-2004,0
07-01-2004,0.1
08-01-2004,2.7
09-01-2004,0.6
10-01-2004,3.4
11-01-2004,0.2
12-01-2004,0.3
13-01-2004,6.3
14-01-2004,1.4
15-01-2004,0
16-01-2004,8.8
17-01-2004,1.4
18-01-2004,0
19-01-2004,0
20-01-2004,0
21-01-2004,0
22-01-2004,1.9
23-01-2004,7.4
24-01-2004,1.7
25-01-2004,11.9
26-01-2004,10.4
27-01-2004,1.2
28-01-2004,0
29-01-2004,1.1
30-01-2004,3.9
31-01-2004,0
01-02-2004,0
02-02-2004,0
03-02-2004,0
04-02-2004,0
05-02-2004,0
06-02-2004,1.7
07-02-2004,0
08-02-2004,0
09-02-2004,0
10-02-2004,0
11-02-2004,0
12-02-2004,0
13-02-2004,0
14-02-2004,0
15-02-2004,0
16-02-2004,0
17-02-2004,0
18-02-2004,0
19-02-2004,0
20-02-2004,0
21-02-2004,0
22-02-2004,0
23-02-2004,0
24-02-2004,0
25-02-2004,0
26-02-2004,4.4
27-02-2004,2.8
28-02-2004,7.3
29-02-2004,2.1
01-03-2004,0
02-03-2004,0
03-03-2004,1.5
04-03-2004,0.3
05-03-2004,3.3
06-03-2004,0
07-03-2004,0
08-03-2004,1.2
09-03-2004,2.8
10-03-2004,1.2
11-03-2004,3.6
12-03-2004,1.9
13-03-2004,0
14-03-2004,0
15-03-2004,0
16-03-2004,0
17-03-2004,1.3
18-03-2004,0.1
19-03-2004,0.1
20-03-2004,0.7
21-03-2004,1.1
22-03-2004,1.8
23-03-2004,12.5
24-03-2004,0
25-03-2004,0
26-03-2004,0
27-03-2004,0
28-03-2004,1.1
29-03-2004,0.2
30-03-2004,2.2
31-03-2004,9.4
01-04-2004,9.5
02-04-2004,2.1
03-04-2004,0
04-04-2004,0
05-04-2004,0.1
06-04-2004,0.2
07-04-2004,0
08-04-2004,0.3
09-04-2004,0.2
10-04-2004,0
11-04-2004,0
12-04-2004,0
13-04-2004,0
14-04-2004,0
15-04-2004,0.4
16-04-2004,1.3
17-04-2004,2.9
18-04-2004,12.1
19-04-2004,7.6
20-04-2004,5
21-04-2004,2.5
22-04-2004,0
23-04-2004,0
24-04-2004,0
25-04-2004,0
26-04-2004,0
27-04-2004,0
28-04-2004,3.2
29-04-2004,5.1
30-04-2004,1.1
01-05-2004,0.1
FECHA,Precipitación: l/m2
02-05-2004,0.9
03-05-2004,0
04-05-2004,8.5
05-05-2004,16.1
06-05-2004,1.8
07-05-2004,4
08-05-2004,8.8
09-05-2004,12.8
10-05-2004,0
11-05-2004,0
12-05-2004,0
13-05-2004,0
14-05-2004,0
15-05-2004,0
16-05-2004,0
17-05-2004,0
18-05-2004,0
19-05-2004,0
20-05-2004,0
21-05-2004,0
22-05-2004,0
23-05-2004,0
24-05-2004,0
25-05-2004,0
26-05-2004,0
27-05-2004,1.3
28-05-2004,1.3
29-05-2004,0.3
30-05-2004,0
31-05-2004,1.7
01-06-2004,0
02-06-2004,0
03-06-2004,0
04-06-2004,0
05-06-2004,0
06-06-2004,0
07-06-2004,0
08-06-2004,0
09-06-2004,0
10-06-2004,0
11-06-2004,0
12-06-2004,0
13-06-2004,0
14-06-2004,0
15-06-2004,0
16-06-2004,0
17-06-2004,0
18-06-2004,0
19-06-2004,0
20-06-2004,15.1
21-06-2004,0
22-06-2004,0
23-06-2004,9.4
24-06-2004,0.5
25-06-2004,0
26-06-2004,0
27-06-2004,0
28-06-2004,0
29-06-2004,0
30-06-2004,0
01-07-2004,0
02-07-2004,0
03-07-2004,0
04-07-2004,0
05-07-2004,0
06-07-2004,1.1
07-07-2004,10.1
08-07-2004,0
09-07-2004,0.2
10-07-2004,0.1
11-07-2004,0
12-07-2004,0
13-07-2004,0
14-07-2004,0
15-07-2004,0
16-07-2004,0
17-07-2004,0
18-07-2004,0.1
19-07-2004,0
20-07-2004,2
21-07-2004,0
22-07-2004,0
23-07-2004,0
24-07-2004,0
25-07-2004,0
26-07-2004,0
27-07-2004,0
28-07-2004,0
29-07-2004,0
30-07-2004,0
31-07-2004,0
01-08-2004,0
02-08-2004,0
03-08-2004,10
04-08-2004,0.8
05-08-2004,1.5
06-08-2004,0
07-08-2004,3.9
08-08-2004,11.7
09-08-2004,5
10-08-2004,9.3
11-08-2004,5.8
12-08-2004,0
13-08-2004,0
14-08-2004,0
15-08-2004,2.4
16-08-2004,2.1
17-08-2004,4.1
18-08-2004,0.4
19-08-2004,3.1
20-08-2004,0.7
21-08-2004,0
22-08-2004,0.4
23-08-2004,0
24-08-2004,1.4
25-08-2004,0
26-08-2004,0
27-08-2004,0
28-08-2004,0
29-08-2004,0.7
30-08-2004,0
31-08-2004,0
FECHA,Precipitación: l/m2
01-09-2004,0
02-09-2004,0
03-09-2004,0.2
04-09-2004,2.5
05-09-2004,0.3
06-09-2004,0
07-09-2004,2.7
08-09-2004,6.8
09-09-2004,0.6
10-09-2004,0
11-09-2004,0
12-09-2004,0
13-09-2004,9.3
14-09-2004,1.3
15-09-2004,0
16-09-2004,0
17-09-2004,0
18-09-2004,1.4
19-09-2004,0
20-09-2004,0
21-09-2004,0
22-09-2004,0
23-09-2004,0
24-09-2004,0
25-09-2004,0
26-09-2004,0
27-09-2004,0
28-09-2004,0
29-09-2004,0.9
30-09-2004,0.1
01-10-2004,0
02-10-2004,0
03-10-2004,0
04-10-2004,10.9
05-10-2004,0
06-10-2004,0
07-10-2004,2.7
08-10-2004,9.9
09-10-2004,11.8
10-10-2004,14.4
11-10-2004,3.5
12-10-2004,0
13-10-2004,7.1
14-10-2004,4.8
15-10-2004,6.8
16-10-2004,14.1
17-10-2004,0
18-10-2004,0.4
19-10-2004,9.3
20-10-2004,20
21-10-2004,0
22-10-2004,0
23-10-2004,39.6
24-10-2004,0.4
25-10-2004,0
26-10-2004,0.7
27-10-2004,10.9
28-10-2004,1.3
29-10-2004,16.3
30-10-2004,13.2
31-10-2004,0
01-11-2004,0
02-11-2004,8.2
03-11-2004,22.8
04-11-2004,0.5
05-11-2004,0
06-11-2004,0
07-11-2004,0
08-11-2004,0.2
09-11-2004,0.5
10-11-2004,1
11-11-2004,0.9
12-11-2004,0
13-11-2004,0.4
14-11-2004,0
15-11-2004,0
16-11-2004,0
17-11-2004,0
18-11-2004,0.4
19-11-2004,1.1
20-11-2004,0
21-11-2004,0
22-11-2004,0
23-11-2004,0
24-11-2004,0
25-11-2004,0
26-11-2004,0
27-11-2004,0.1
28-11-2004,0.6
29-11-2004,0
30-11-2004,18.8
01-12-2004,6.7
02-12-2004,1.4
03-12-2004,0
04-12-2004,0
05-12-2004,0
06-12-2004,0
07-12-2004,0
08-12-2004,0
09-12-2004,0
10-12-2004,0
11-12-2004,0
12-12-2004,0
13-12-2004,0.2
14-12-2004,0
15-12-2004,1
16-12-2004,1.2
17-12-2004,3.3
18-12-2004,3.4
19-12-2004,2
20-12-2004,1.7
21-12-2004,1.1
22-12-2004,0
23-12-2004,0
24-12-2004,4.7
25-12-2004,2.7
26-12-2004,2.1
27-12-2004,4.7
28-12-2004,11.9
29-12-2004,0
30-12-2004,0
31-12-2004,0
01-01-2004,1.4
02-01-2004,0
03-01-2004,0.7
04-01-2004,0
05-01-2004,0
06-01-2004,0
07-01-2004,0.1
08-01-2004,2.7
09-01-2004,0.6
10-01-2004,3.4
11-01-2004,0.2
12-01-2004,0.3
13-01-2004,6.3
14-01-2004,1.4
15-01-2004,0
16-01-2004,8.8
17-01-2004,1.4
18-01-2004,0
19-01-2004,0
20-01-2004,0
21-01-2004,0
22-01-2004,1.9
23-01-2004,7.4
24-01-2004,1.7
25-01-2004,11.9
26-01-2004,10.4
27-01-2004,1.2
28-01-2004,0
29-01-2004,1.1
30-01-2004,3.9
31-01-2004,0
01-02-2004,0
02-02-2004,0
03-02-2004,0
04-02-2004,0
05-02-2004,0
06-02-2004,1.7
07-02-2004,0
08-02-2004,0
09-02-2004,0
10-02-2004,0
11-02-2004,0
12-02-2004,0
13-02-2004,0
14-02-2004,0
15-02-2004,0
16-02-2004,0
17-02-2004,0
18-02-2004,0
19-02-2004,0
20-02-2004,0
21-02-2004,0
22-02-2004,0
23-02-2004,0
24-02-2004,0
25-02-2004,0
26-02-2004,4.4
27-02-2004,2.8
28-02-2004,7.3
29-02-2004,2.1
01-03-2004,0
02-03-2004,0
03-03-2004,1.5
04-03-2004,0.3
05-03-2004,3.3
06-03-2004,0
07-03-2004,0
08-03-2004,1.2
09-03-2004,2.8
10-03-2004,1.2
11-03-2004,3.6
12-03-2004,1.9
13-03-2004,0
14-03-2004,0
15-03-2004,0
16-03-2004,0
17-03-2004,1.3
18-03-2004,0.1
19-03-2004,0.1
20-03-2004,0.7
21-03-2004,1.1
22-03-2004,1.8
23-03-2004,12.5
24-03-2004,0
25-03-2004,0
26-03-2004,0
27-03-2004,0
28-03-2004,1.1
29-03-2004,0.2
30-03-2004,2.2
31-03-2004,9.4
01-04-2004,9.5
02-04-2004,2.1
03-04-2004,0
04-04-2004,0
05-04-2004,0.1
06-04-2004,0.2
07-04-2004,0
08-04-2004,0.3
09-04-2004,0.2
10-04-2004,0
11-04-2004,0
12-04-2004,0
13-04-2004,0
14-04-2004,0
15-04-2004,0.4
16-04-2004,1.3
17-04-2004,2.9
18-04-2004,12.1
19-04-2004,7.6
20-04-2004,5
21-04-2004,2.5
22-04-2004,0
23-04-2004,0
24-04-2004,0
25-04-2004,0
26-04-2004,0
27-04-2004,0
28-04-2004,3.2
29-04-2004,5.1
30-04-2004,1.1
01-05-2004,0.1
02-05-2004,0.9
03-05-2004,0
04-05-2004,8.5
05-05-2004,16.1
06-05-2004,1.8
07-05-2004,4
08-05-2004,8.8
09-05-2004,12.8
10-05-2004,0
11-05-2004,0
12-05-2004,0
13-05-2004,0
14-05-2004,0
15-05-2004,0
16-05-2004,0
17-05-2004,0
18-05-2004,0
19-05-2004,0
20-05-2004,0
21-05-2004,0
22-05-2004,0
23-05-2004,0
24-05-2004,0
25-05-2004,0
26-05-2004,0
27-05-2004,1.3
28-05-2004,1.3
29-05-2004,0.3
30-05-2004,0
31-05-2004,1.7
01-06-2004,0
02-06-2004,0
03-06-2004,0
04-06-2004,0
05-06-2004,0
06-06-2004,0
07-06-2004,0
08-06-2004,0
09-06-2004,0
10-06-2004,0
11-06-2004,0
12-06-2004,0
13-06-2004,0
14-06-2004,0
15-06-2004,0
16-06-2004,0
17-06-2004,0
18-06-2004,0
19-06-2004,0
20-06-2004,15.1
21-06-2004,0
22-06-2004,0
23-06-2004,9.4
24-06-2004,0.5
25-06-2004,0
26-06-2004,0
27-06-2004,0
28-06-2004,0
29-06-2004,0
30-06-2004,0
01-07-2004,0
02-07-2004,0
03-07-2004,0
04-07-2004,0
05-07-2004,0
06-07-2004,1.1
07-07-2004,10.1
08-07-2004,0
09-07-2004,0.2
10-07-2004,0.1
11-07-2004,0
12-07-2004,0
13-07-2004,0
14-07-2004,0
15-07-2004,0
16-07-2004,0
17-07-2004,0
18-07-2004,0.1
19-07-2004,0
20-07-2004,2
21-07-2004,0
22-07-2004,0
23-07-2004,0
24-07-2004,0
25-07-2004,0
26-07-2004,0
27-07-2004,0
28-07-2004,0
29-07-2004,0
30-07-2004,0
31-07-2004,0
01-08-2004,0
02-08-2004,0
03-08-2004,10
04-08-2004,0.8
05-08-2004,1.5
06-08-2004,0
07-08-2004,3.9
08-08-2004,11.7
09-08-2004,5
10-08-2004,9.3
11-08-2004,5.8
12-08-2004,0
13-08-2004,0
14-08-2004,0
15-08-2004,2.4
16-08-2004,2.1
17-08-2004,4.1
18-08-2004,0.4
19-08-2004,3.1
20-08-2004,0.7
21-08-2004,0
22-08-2004,0.4
23-08-2004,0
24-08-2004,1.4
25-08-2004,0
26-08-2004,0
27-08-2004,0
28-08-2004,0
29-08-2004,0.7
30-08-2004,0
31-08-2004,0
01-09-2004,0
02-09-2004,0
03-09-2004,0.2
04-09-2004,2.5
05-09-2004,0.3
06-09-2004,0
07-09-2004,2.7
08-09-2004,6.8
09-09-2004,0.6
10-09-2004,0
11-09-2004,0
12-09-2004,0
13-09-2004,9.3
14-09-2004,1.3
15-09-2004,0
16-09-2004,0
17-09-2004,0
18-09-2004,1.4
19-09-2004,0
20-09-2004,0
21-09-2004,0
22-09-2004,0
23-09-2004,0
24-09-2004,0
25-09-2004,0
26-09-2004,0
27-09-2004,0
28-09-2004,0
29-09-2004,0.9
30-09-2004,0.1
01-10-2004,0
02-10-2004,0
03-10-2004,0
04-10-2004,10.9
05-10-2004,0
06-10-2004,0
07-10-2004,2.7
08-10-2004,9.9
09-10-2004,11.8
10-10-2004,14.4
11-10-2004,3.5
12-10-2004,0
13-10-2004,7.1
14-10-2004,4.8
15-10-2004,6.8
16-10-2004,14.1
17-10-2004,0
18-10-2004,0.4
19-10-2004,9.3
20-10-2004,20
21-10-2004,0
22-10-2004,0
23-10-2004,39.6
24-10-2004,0.4
25-10-2004,0
26-10-2004,0.7
27-10-2004,10.9
28-10-2004,1.3
29-10-2004,16.3
30-10-2004,13.2
31-10-2004,0
01-11-2004,0
02-11-2004,8.2
03-11-2004,22.8
04-11-2004,0.5
05-11-2004,0
06-11-2004,0
07-11-2004,0
08-11-2004,0.2
09-11-2004,0.5
10-11-2004,1
11-11-2004,0.9
12-11-2004,0
13-11-2004,0.4
14-11-2004,0
15-11-2004,0
16-11-2004,0
17-11-2004,0
18-11-2004,0.4
19-11-2004,1.1
20-11-2004,0
21-11-2004,0
22-11-2004,0
23-11-2004,0
24-11-2004,0
25-11-2004,0
26-11-2004,0
27-11-2004,0.1
28-11-2004,0.6
29-11-2004,0
30-11-2004,18.8
01-12-2004,6.7
02-12-2004,1.4
03-12-2004,0
04-12-2004,0
05-12-2004,0
06-12-2004,0
07-12-2004,0
08-12-2004,0
09-12-2004,0
10-12-2004,0
11-12-2004,0
12-12-2004,0
13-12-2004,0.2
14-12-2004,0
15-12-2004,1
16-12-2004,1.2
17-12-2004,3.3
18-12-2004,3.4
19-12-2004,2
20-12-2004,1.7
21-12-2004,1.1
22-12-2004,0
23-12-2004,0
24-12-2004,4.7
25-12-2004,2.7
26-12-2004,2.1
27-12-2004,4.7
28-12-2004,11.9
29-12-2004,0
30-12-2004,0
31-12-2004,0
FECHA,Precipitación: l/m2
01-01-2005,1.9
02-01-2005,0
03-01-2005,0
04-01-2005,0
05-01-2005,0
06-01-2005,0
07-01-2005,0
08-01-2005,0
09-01-2005,0
10-01-2005,0
11-01-2005,8.5
12-01-2005,7.9
13-01-2005,5.1
14-01-2005,0
15-01-2005,1.6
16-01-2005,0
17-01-2005,1.1
18-01-2005,0.6
19-01-2005,1.6
20-01-2005,0
21-01-2005,0
22-01-2005,0
23-01-2005,0
24-01-2005,0
25-01-2005,0
26-01-2005,0.2
27-01-2005,0.1
28-01-2005,4
29-01-2005,0.9
30-01-2005,0
31-01-2005,0
01-02-2005,0
02-02-2005,0
03-02-2005,0
04-02-2005,0
05-02-2005,7.2
06-02-2005,0.5
07-02-2005,0
08-02-2005,0
09-02-2005,0
10-02-2005,0
11-02-2005,0
12-02-2005,2.1
13-02-2005,0.1
14-02-2005,0.9
15-02-2005,0.6
16-02-2005,0
17-02-2005,0
18-02-2005,0
19-02-2005,1.7
20-02-2005,3.7
21-02-2005,3.8
22-02-2005,0.1
23-02-2005,0
24-02-2005,0.5
25-02-2005,8.3
26-02-2005,4.9
27-02-2005,0
28-02-2005,0
01-03-2005,0
02-03-2005,7.9
03-03-2005,1.1
04-03-2005,1.7
05-03-2005,3.9
06-03-2005,0.7
07-03-2005,0
08-03-2005,0
09-03-2005,0
10-03-2005,0
11-03-2005,0
12-03-2005,0
13-03-2005,0
14-03-2005,0
15-03-2005,0
16-03-2005,0.1
17-03-2005,0
18-03-2005,0
19-03-2005,0
20-03-2005,0.9
21-03-2005,3.4
22-03-2005,0
23-03-2005,1.5
24-03-2005,0
25-03-2005,4.5
26-03-2005,11
27-03-2005,0.4
28-03-2005,2.9
29-03-2005,0.1
30-03-2005,0.1
31-03-2005,0
01-04-2005,11.1
02-04-2005,1
03-04-2005,0
04-04-2005,0.2
05-04-2005,0
06-04-2005,0
07-04-2005,0.4
08-04-2005,0
09-04-2005,0
10-04-2005,0
11-04-2005,0
12-04-2005,0
13-04-2005,19
14-04-2005,4.9
15-04-2005,7.4
16-04-2005,5.9
17-04-2005,6.2
18-04-2005,8
19-04-2005,3
20-04-2005,8.5
21-04-2005,5.1
22-04-2005,3.3
23-04-2005,4.6
24-04-2005,1.7
25-04-2005,3.5
26-04-2005,4.7
27-04-2005,0
28-04-2005,0
29-04-2005,0
30-04-2005,1
01-05-2005,1.3
02-05-2005,7.1
FECHA,Precipitación: l/m2
03-05-2005,3.1
04-05-2005,1.1
05-05-2005,0
06-05-2005,0
07-05-2005,0
08-05-2005,0
09-05-2005,9.4
10-05-2005,5.1
11-05-2005,1.5
12-05-2005,7.7
13-05-2005,21.2
14-05-2005,9.3
15-05-2005,17.8
16-05-2005,5.8
17-05-2005,0
18-05-2005,0
19-05-2005,0
20-05-2005,0.1
21-05-2005,2.1
22-05-2005,0.2
23-05-2005,0
24-05-2005,0
25-05-2005,0
26-05-2005,0
27-05-2005,0
28-05-2005,0
29-05-2005,0
30-05-2005,0
31-05-2005,0
01-06-2005,0
02-06-2005,0
03-06-2005,0.1
04-06-2005,0
05-06-2005,0
06-06-2005,0
07-06-2005,0
08-06-2005,0
09-06-2005,0
10-06-2005,0
11-06-2005,0
12-06-2005,31.1
13-06-2005,0.9
14-06-2005,0
15-06-2005,0.2
16-06-2005,0
17-06-2005,0
18-06-2005,0
19-06-2005,0
20-06-2005,0
21-06-2005,0
22-06-2005,0
23-06-2005,0
24-06-2005,0
25-06-2005,0
26-06-2005,0
27-06-2005,2.6
28-06-2005,6
29-06-2005,0.9
30-06-2005,0
01-07-2005,0
02-07-2005,0
03-07-2005,1.6
04-07-2005,0.8
05-07-2005,1.2
06-07-2005,0
07-07-2005,0
08-07-2005,0
09-07-2005,0
10-07-2005,0
11-07-2005,0
12-07-2005,0
13-07-2005,0
14-07-2005,0
15-07-2005,0
16-07-2005,0
17-07-2005,2.3
18-07-2005,0
19-07-2005,0
20-07-2005,0
21-07-2005,0
22-07-2005,0
23-07-2005,4
24-07-2005,0
25-07-2005,0
26-07-2005,2.9
27-07-2005,4.8
28-07-2005,1.2
29-07-2005,0
30-07-2005,0
31-07-2005,0
01-08-2005,0
02-08-2005,0
03-08-2005,0
04-08-2005,0
05-08-2005,0
06-08-2005,0
07-08-2005,0
08-08-2005,0
09-08-2005,6.2
10-08-2005,0
11-08-2005,0
12-08-2005,0
13-08-2005,0
14-08-2005,0
15-08-2005,0
16-08-2005,0
17-08-2005,0
18-08-2005,0.1
19-08-2005,0
20-08-2005,0
21-08-2005,0
22-08-2005,0
23-08-2005,0
24-08-2005,0.4
25-08-2005,4.8
26-08-2005,0
27-08-2005,3.4
28-08-2005,0
29-08-2005,0
30-08-2005,0
31-08-2005,0
01-09-2005,0
FECHA,Precipitación: l/m2
02-09-2005,0
03-09-2005,0
04-09-2005,1.7
05-09-2005,1
06-09-2005,7.6
07-09-2005,0
08-09-2005,0
09-09-2005,11.7
10-09-2005,6.5
11-09-2005,0.3
12-09-2005,0
13-09-2005,0
14-09-2005,0
15-09-2005,0
16-09-2005,0.8
17-09-2005,0
18-09-2005,0
19-09-2005,0
20-09-2005,0
21-09-2005,0
22-09-2005,0
23-09-2005,4.2
24-09-2005,3.9
25-09-2005,0
26-09-2005,0
27-09-2005,1.7
28-09-2005,0
29-09-2005,0
30-09-2005,0
01-10-2005,0.8
02-10-2005,0
03-10-2005,0
04-10-2005,0
05-10-2005,0
06-10-2005,0
07-10-2005,0
08-10-2005,0
09-10-2005,5.7
10-10-2005,25
11-10-2005,2.5
12-10-2005,11
13-10-2005,0
14-10-2005,4.2
15-10-2005,0.2
16-10-2005,9.7
17-10-2005,0.7
18-10-2005,9.1
19-10-2005,42.4
20-10-2005,0
21-10-2005,0.8
22-10-2005,0
23-10-2005,0
24-10-2005,0
25-10-2005,0
26-10-2005,0
27-10-2005,6.3
28-10-2005,2.5
29-10-2005,25
30-10-2005,4.9
31-10-2005,16.6
01-11-2005,5.6
02-11-2005,17.1
03-11-2005,10.4
04-11-2005,5.3
05-11-2005,0
06-11-2005,2.8
07-11-2005,0
08-11-2005,22.8
09-11-2005,0
10-11-2005,0
11-11-2005,8
12-11-2005,15.9
13-11-2005,8.1
14-11-2005,0.3
15-11-2005,0.3
16-11-2005,0.4
17-11-2005,0
18-11-2005,0
19-11-2005,1.7
20-11-2005,1.2
21-11-2005,0
22-11-2005,0
23-11-2005,0
24-11-2005,2.3
25-11-2005,11.4
26-11-2005,17.4
27-11-2005,6.9
28-11-2005,3.5
29-11-2005,2.2
30-11-2005,0.4
01-12-2005,33.3
02-12-2005,22.1
03-12-2005,4.6
04-12-2005,11.1
05-12-2005,1.2
06-12-2005,4.6
07-12-2005,1.1
08-12-2005,2.5
09-12-2005,0
10-12-2005,0
11-12-2005,0
12-12-2005,0
13-12-2005,0
14-12-2005,0
15-12-2005,0
16-12-2005,0
17-12-2005,0
18-12-2005,0
19-12-2005,0
20-12-2005,0
21-12-2005,0
22-12-2005,0
23-12-2005,0
24-12-2005,0
25-12-2005,0.1
26-12-2005,3.9
27-12-2005,0.8
28-12-2005,6
29-12-2005,14.3
30-12-2005,14.3
31-12-2005,5.1
01-01-2005,1.9
02-01-2005,0
03-01-2005,0
04-01-2005,0
05-01-2005,0
06-01-2005,0
07-01-2005,0
08-01-2005,0
09-01-2005,0
10-01-2005,0
11-01-2005,8.5
12-01-2005,7.9
13-01-2005,5.1
14-01-2005,0
15-01-2005,1.6
16-01-2005,0
17-01-2005,1.1
18-01-2005,0.6
19-01-2005,1.6
20-01-2005,0
21-01-2005,0
22-01-2005,0
23-01-2005,0
24-01-2005,0
25-01-2005,0
26-01-2005,0.2
27-01-2005,0.1
28-01-2005,4
29-01-2005,0.9
30-01-2005,0
31-01-2005,0
01-02-2005,0
02-02-2005,0
03-02-2005,0
04-02-2005,0
05-02-2005,7.2
06-02-2005,0.5
07-02-2005,0
08-02-2005,0
09-02-2005,0
10-02-2005,0
11-02-2005,0
12-02-2005,2.1
13-02-2005,0.1
14-02-2005,0.9
15-02-2005,0.6
16-02-2005,0
17-02-2005,0
18-02-2005,0
19-02-2005,1.7
20-02-2005,3.7
21-02-2005,3.8
22-02-2005,0.1
23-02-2005,0
24-02-2005,0.5
25-02-2005,8.3
26-02-2005,4.9
27-02-2005,0
28-02-2005,0
01-03-2005,0
02-03-2005,7.9
03-03-2005,1.1
04-03-2005,1.7
05-03-2005,3.9
06-03-2005,0.7
07-03-2005,0
08-03-2005,0
09-03-2005,0
10-03-2005,0
11-03-2005,0
12-03-2005,0
13-03-2005,0
14-03-2005,0
15-03-2005,0
16-03-2005,0.1
17-03-2005,0
18-03-2005,0
19-03-2005,0
20-03-2005,0.9
21-03-2005,3.4
22-03-2005,0
23-03-2005,1.5
24-03-2005,0
25-03-2005,4.5
26-03-2005,11
27-03-2005,0.4
28-03-2005,2.9
29-03-2005,0.1
30-03-2005,0.1
31-03-2005,0
01-04-2005,11.1
02-04-2005,1
03-04-2005,0
04-04-2005,0.2
05-04-2005,0
06-04-2005,0
07-04-2005,0.4
08-04-2005,0
09-04-2005,0
10-04-2005,0
11-04-2005,0
12-04-2005,0
13-04-2005,19
14-04-2005,4.9
15-04-2005,7.4
16-04-2005,5.9
17-04-2005,6.2
18-04-2005,8
19-04-2005,3
20-04-2005,8.5
21-04-2005,5.1
22-04-2005,3.3
23-04-2005,4.6
24-04-2005,1.7
25-04-2005,3.5
26-04-2005,4.7
27-04-2005,0
28-04-2005,0
29-04-2005,0
30-04-2005,1
01-05-2005,1.3
02-05-2005,7.1
03-05-2005,3.1
04-05-2005,1.1
05-05-2005,0
06-05-2005,0
07-05-2005,0
08-05-2005,0
09-05-2005,9.4
10-05-2005,5.1
11-05-2005,1.5
12-05-2005,7.7
13-05-2005,21.2
14-05-2005,9.3
15-05-2005,17.8
16-05-2005,5.8
17-05-2005,0
18-05-2005,0
19-05-2005,0
20-05-2005,0.1
21-05-2005,2.1
22-05-2005,0.2
23-05-2005,0
24-05-2005,0
25-05-2005,0
26-05-2005,0
27-05-2005,0
28-05-2005,0
29-05-2005,0
30-05-2005,0
31-05-2005,0
01-06-2005,0
02-06-2005,0
03-06-2005,0.1
04-06-2005,0
05-06-2005,0
06-06-2005,0
07-06-2005,0
08-06-2005,0
09-06-2005,0
10-06-2005,0
11-06-2005,0
12-06-2005,31.1
13-06-2005,0.9
14-06-2005,0
15-06-2005,0.2
16-06-2005,0
17-06-2005,0
18-06-2005,0
19-06-2005,0
20-06-2005,0
21-06-2005,0
22-06-2005,0
23-06-2005,0
24-06-2005,0
25-06-2005,0
26-06-2005,0
27-06-2005,2.6
28-06-2005,6
29-06-2005,0.9
30-06-2005,0
01-07-2005,0
02-07-2005,0
03-07-2005,1.6
04-07-2005,0.8
05-07-2005,1.2
06-07-2005,0
07-07-2005,0
08-07-2005,0
09-07-2005,0
10-07-2005,0
11-07-2005,0
12-07-2005,0
13-07-2005,0
14-07-2005,0
15-07-2005,0
16-07-2005,0
17-07-2005,2.3
18-07-2005,0
19-07-2005,0
20-07-2005,0
21-07-2005,0
22-07-2005,0
23-07-2005,4
24-07-2005,0
25-07-2005,0
26-07-2005,2.9
27-07-2005,4.8
28-07-2005,1.2
29-07-2005,0
30-07-2005,0
31-07-2005,0
01-08-2005,0
02-08-2005,0
03-08-2005,0
04-08-2005,0
05-08-2005,0
06-08-2005,0
07-08-2005,0
08-08-2005,0
09-08-2005,6.2
10-08-2005,0
11-08-2005,0
12-08-2005,0
13-08-2005,0
14-08-2005,0
15-08-2005,0
16-08-2005,0
17-08-2005,0
18-08-2005,0.1
19-08-2005,0
20-08-2005,0
21-08-2005,0
22-08-2005,0
23-08-2005,0
24-08-2005,0.4
25-08-2005,4.8
26-08-2005,0
27-08-2005,3.4
28-08-2005,0
29-08-2005,0
30-08-2005,0
31-08-2005,0
01-09-2005,0
02-09-2005,0
03-09-2005,0
04-09-2005,1.7
05-09-2005,1
06-09-2005,7.6
07-09-2005,0
08-09-2005,0
09-09-2005,11.7
10-09-2005,6.5
11-09-2005,0.3
12-09-2005,0
13-09-2005,0
14-09-2005,0
15-09-2005,0
16-09-2005,0.8
17-09-2005,0
18-09-2005,0
19-09-2005,0
20-09-2005,0
21-09-2005,0
22-09-2005,0
23-09-2005,4.2
24-09-2005,3.9
25-09-2005,0
26-09-2005,0
27-09-2005,1.7
28-09-2005,0
29-09-2005,0
30-09-2005,0
01-10-2005,0.8
02-10-2005,0
03-10-2005,0
04-10-2005,0
05-10-2005,0
06-10-2005,0
07-10-2005,0
08-10-2005,0
09-10-2005,5.7
10-10-2005,25
11-10-2005,2.5
12-10-2005,11
13-10-2005,0
14-10-2005,4.2
15-10-2005,0.2
16-10-2005,9.7
17-10-2005,0.7
18-10-2005,9.1
19-10-2005,42.4
20-10-2005,0
21-10-2005,0.8
22-10-2005,0
23-10-2005,0
24-10-2005,0
25-10-2005,0
26-10-2005,0
27-10-2005,6.3
28-10-2005,2.5
29-10-2005,25
30-10-2005,4.9
31-10-2005,16.6
01-11-2005,5.6
02-11-2005,17.1
03-11-2005,10.4
04-11-2005,5.3
05-11-2005,0
06-11-2005,2.8
07-11-2005,0
08-11-2005,22.8
09-11-2005,0
10-11-2005,0
11-11-2005,8
12-11-2005,15.9
13-11-2005,8.1
14-11-2005,0.3
15-11-2005,0.3
16-11-2005,0.4
17-11-2005,0
18-11-2005,0
19-11-2005,1.7
20-11-2005,1.2
21-11-2005,0
22-11-2005,0
23-11-2005,0
24-11-2005,2.3
25-11-2005,11.4
26-11-2005,17.4
27-11-2005,6.9
28-11-2005,3.5
29-11-2005,2.2
30-11-2005,0.4
01-12-2005,33.3
02-12-2005,22.1
03-12-2005,4.6
04-12-2005,11.1
05-12-2005,1.2
06-12-2005,4.6
07-12-2005,1.1
08-12-2005,2.5
09-12-2005,0
10-12-2005,0
11-12-2005,0
12-12-2005,0
13-12-2005,0
14-12-2005,0
15-12-2005,0
16-12-2005,0
17-12-2005,0
18-12-2005,0
19-12-2005,0
20-12-2005,0
21-12-2005,0
22-12-2005,0
23-12-2005,0
24-12-2005,0
25-12-2005,0.1
26-12-2005,3.9
27-12-2005,0.8
28-12-2005,6
29-12-2005,14.3
30-12-2005,14.3
31-12-2005,5.1
FECHA,Precipitación: l/m2
01-01-2006,2.3
02-01-2006,0
03-01-2006,0
04-01-2006,2.5
05-01-2006,16.6
06-01-2006,0.6
07-01-2006,0
08-01-2006,0
09-01-2006,0
10-01-2006,0
11-01-2006,0
12-01-2006,0
13-01-2006,4.9
14-01-2006,0.8
15-01-2006,25.1
16-01-2006,9.6
17-01-2006,2.4
18-01-2006,0.6
19-01-2006,0
20-01-2006,0
21-01-2006,0
22-01-2006,0
23-01-2006,0
24-01-2006,0
25-01-2006,0
26-01-2006,0
27-01-2006,0.8
28-01-2006,9
29-01-2006,0
30-01-2006,0
31-01-2006,0
01-02-2006,0
02-02-2006,0
03-02-2006,0
04-02-2006,0
05-02-2006,0
06-02-2006,0
07-02-2006,0
08-02-2006,0
09-02-2006,0
10-02-2006,0
11-02-2006,0
12-02-2006,0
13-02-2006,0.3
14-02-2006,0.6
15-02-2006,14
16-02-2006,8.1
17-02-2006,35.6
18-02-2006,30.4
19-02-2006,6.7
20-02-2006,13.2
21-02-2006,4.5
22-02-2006,0.5
23-02-2006,0
24-02-2006,15.3
25-02-2006,4.2
26-02-2006,0.9
27-02-2006,0
28-02-2006,0
01-03-2006,0.6
02-03-2006,0.9
03-03-2006,2.6
04-03-2006,10.3
05-03-2006,1.8
06-03-2006,1.9
07-03-2006,2
08-03-2006,4.4
09-03-2006,2.8
10-03-2006,0.5
11-03-2006,0.9
12-03-2006,0
13-03-2006,0
14-03-2006,0
15-03-2006,0
16-03-2006,1.3
17-03-2006,19.1
18-03-2006,11.9
19-03-2006,32
20-03-2006,14.7
21-03-2006,4
22-03-2006,13.4
23-03-2006,10.6
24-03-2006,0.3
25-03-2006,0.4
26-03-2006,0.6
27-03-2006,1.9
28-03-2006,0.8
29-03-2006,2
30-03-2006,0.8
31-03-2006,2.1
01-04-2006,0.1
02-04-2006,0.1
03-04-2006,0
04-04-2006,19.2
05-04-2006,2.4
06-04-2006,0
07-04-2006,0
08-04-2006,0
09-04-2006,0
10-04-2006,0
11-04-2006,0
12-04-2006,0
13-04-2006,0
14-04-2006,3.7
15-04-2006,3
16-04-2006,6.9
17-04-2006,0
18-04-2006,0
19-04-2006,0
20-04-2006,16
21-04-2006,27.4
22-04-2006,0
23-04-2006,0
24-04-2006,0
25-04-2006,0
26-04-2006,0
27-04-2006,0
28-04-2006,0
29-04-2006,0
30-04-2006,0
01-05-2006,0
02-05-2006,0
FECHA,Precipitación: l/m2
03-05-2006,0
04-05-2006,0
05-05-2006,0
06-05-2006,0
07-05-2006,3.9
08-05-2006,0
09-05-2006,0
10-05-2006,0
11-05-2006,0
12-05-2006,0.1
13-05-2006,0
14-05-2006,0
15-05-2006,0.1
16-05-2006,0
17-05-2006,4.4
18-05-2006,0
19-05-2006,14.3
20-05-2006,1.8
21-05-2006,6.1
22-05-2006,5.4
23-05-2006,0
24-05-2006,0
25-05-2006,0
26-05-2006,0
27-05-2006,0
28-05-2006,0
29-05-2006,0
30-05-2006,0
31-05-2006,0
01-06-2006,0
02-06-2006,0
03-06-2006,0
04-06-2006,0
05-06-2006,0
06-06-2006,0
07-06-2006,0
08-06-2006,0
09-06-2006,0
10-06-2006,3
11-06-2006,0
12-06-2006,1
13-06-2006,0.4
14-06-2006,3
15-06-2006,11.4
16-06-2006,0
17-06-2006,0
18-06-2006,0
19-06-2006,0
20-06-2006,0
21-06-2006,0
22-06-2006,0
23-06-2006,0.3
24-06-2006,0
25-06-2006,1.4
26-06-2006,0
27-06-2006,0
28-06-2006,0
29-06-2006,0
30-06-2006,0
01-07-2006,0
02-07-2006,0
03-07-2006,0
04-07-2006,4.4
05-07-2006,0
06-07-2006,0
07-07-2006,0
08-07-2006,0
09-07-2006,0
10-07-2006,0
11-07-2006,0
12-07-2006,0
13-07-2006,0
14-07-2006,0
15-07-2006,0
16-07-2006,0
17-07-2006,12.4
18-07-2006,0.6
19-07-2006,0.3
20-07-2006,0
21-07-2006,0
22-07-2006,0
23-07-2006,0
24-07-2006,0
25-07-2006,0
26-07-2006,0
27-07-2006,0
28-07-2006,0
29-07-2006,1.4
30-07-2006,0
31-07-2006,3.7
01-08-2006,0
02-08-2006,1.5
03-08-2006,0
04-08-2006,0
05-08-2006,0
06-08-2006,0
07-08-2006,0
08-08-2006,0
09-08-2006,0
10-08-2006,0
11-08-2006,0
12-08-2006,0
13-08-2006,0
14-08-2006,0
15-08-2006,0.2
16-08-2006,12.8
17-08-2006,0
18-08-2006,1
19-08-2006,0.1
20-08-2006,0
21-08-2006,0
22-08-2006,0
23-08-2006,0.2
24-08-2006,2.1
25-08-2006,1.1
26-08-2006,0
27-08-2006,0
28-08-2006,0
29-08-2006,0.2
30-08-2006,0
31-08-2006,0
01-09-2006,0
FECHA,Precipitación: l/m2
02-09-2006,0
03-09-2006,0
04-09-2006,0
05-09-2006,0
06-09-2006,0
07-09-2006,0
08-09-2006,0
09-09-2006,0
10-09-2006,0
11-09-2006,0.4
12-09-2006,0
13-09-2006,6.1
14-09-2006,5.6
15-09-2006,3.5
16-09-2006,5.4
17-09-2006,0
18-09-2006,0
19-09-2006,0
20-09-2006,0
21-09-2006,2.5
22-09-2006,6.4
23-09-2006,9.6
24-09-2006,3.9
25-09-2006,0.1
26-09-2006,0
27-09-2006,2.6
28-09-2006,1.8
29-09-2006,4.5
30-09-2006,1.7
01-10-2006,10.6
02-10-2006,64.1
03-10-2006,11.5
04-10-2006,0
05-10-2006,0.1
06-10-2006,33.3
07-10-2006,0
08-10-2006,4
09-10-2006,1.1
10-10-2006,29.7
11-10-2006,0
12-10-2006,0
13-10-2006,0
14-10-2006,0
15-10-2006,1.1
16-10-2006,11
17-10-2006,0.1
18-10-2006,7.2
19-10-2006,22.6
20-10-2006,0.8
21-10-2006,22.3
22-10-2006,8.3
23-10-2006,4.4
24-10-2006,26
25-10-2006,1.7
26-10-2006,0.3
27-10-2006,0
28-10-2006,0
29-10-2006,0
30-10-2006,0
31-10-2006,0.1
01-11-2006,0
02-11-2006,0
03-11-2006,0.2
04-11-2006,0
05-11-2006,0
06-11-2006,0.1
07-11-2006,0
08-11-2006,0
09-11-2006,0
10-11-2006,0
11-11-2006,0
12-11-2006,0
13-11-2006,0
14-11-2006,0
15-11-2006,30.6
16-11-2006,6.2
17-11-2006,36
18-11-2006,32
19-11-2006,0
20-11-2006,7.5
21-11-2006,11.7
22-11-2006,12.7
23-11-2006,17.1
24-11-2006,37
25-11-2006,2.9
26-11-2006,12
27-11-2006,10.9
28-11-2006,0.8
29-11-2006,0
30-11-2006,0
01-12-2006,29
02-12-2006,2.8
03-12-2006,14.8
04-12-2006,0.7
05-12-2006,49.3
06-12-2006,17.6
07-12-2006,14.3
08-12-2006,13.6
09-12-2006,5.6
10-12-2006,0
11-12-2006,6.1
12-12-2006,0
13-12-2006,0
14-12-2006,0
15-12-2006,0
16-12-2006,9.8
17-12-2006,0
18-12-2006,7.8
19-12-2006,0
20-12-2006,0
21-12-2006,0
22-12-2006,0
23-12-2006,0
24-12-2006,0
25-12-2006,0
26-12-2006,0
27-12-2006,0
28-12-2006,0
29-12-2006,0
30-12-2006,3.4
31-12-2006,6.9
01-01-2006,2.3
02-01-2006,0
03-01-2006,0
04-01-2006,2.5
05-01-2006,16.6
06-01-2006,0.6
07-01-2006,0
08-01-2006,0
09-01-2006,0
10-01-2006,0
11-01-2006,0
12-01-2006,0
13-01-2006,4.9
14-01-2006,0.8
15-01-2006,25.1
16-01-2006,9.6
17-01-2006,2.4
18-01-2006,0.6
19-01-2006,0
20-01-2006,0
21-01-2006,0
22-01-2006,0
23-01-2006,0
24-01-2006,0
25-01-2006,0
26-01-2006,0
27-01-2006,0.8
28-01-2006,9
29-01-2006,0
30-01-2006,0
31-01-2006,0
01-02-2006,0
02-02-2006,0
03-02-2006,0
04-02-2006,0
05-02-2006,0
06-02-2006,0
07-02-2006,0
08-02-2006,0
09-02-2006,0
10-02-2006,0
11-02-2006,0
12-02-2006,0
13-02-2006,0.3
14-02-2006,0.6
15-02-2006,14
16-02-2006,8.1
17-02-2006,35.6
18-02-2006,30.4
19-02-2006,6.7
20-02-2006,13.2
21-02-2006,4.5
22-02-2006,0.5
23-02-2006,0
24-02-2006,15.3
25-02-2006,4.2
26-02-2006,0.9
27-02-2006,0
28-02-2006,0
01-03-2006,0.6
02-03-2006,0.9
03-03-2006,2.6
04-03-2006,10.3
05-03-2006,1.8
06-03-2006,1.9
07-03-2006,2
08-03-2006,4.4
09-03-2006,2.8
10-03-2006,0.5
11-03-2006,0.9
12-03-2006,0
13-03-2006,0
14-03-2006,0
15-03-2006,0
16-03-2006,1.3
17-03-2006,19.1
18-03-2006,11.9
19-03-2006,32
20-03-2006,14.7
21-03-2006,4
22-03-2006,13.4
23-03-2006,10.6
24-03-2006,0.3
25-03-2006,0.4
26-03-2006,0.6
27-03-2006,1.9
28-03-2006,0.8
29-03-2006,2
30-03-2006,0.8
31-03-2006,2.1
01-04-2006,0.1
02-04-2006,0.1
03-04-2006,0
04-04-2006,19.2
05-04-2006,2.4
06-04-2006,0
07-04-2006,0
08-04-2006,0
09-04-2006,0
10-04-2006,0
11-04-2006,0
12-04-2006,0
13-04-2006,0
14-04-2006,3.7
15-04-2006,3
16-04-2006,6.9
17-04-2006,0
18-04-2006,0
19-04-2006,0
20-04-2006,16
21-04-2006,27.4
22-04-2006,0
23-04-2006,0
24-04-2006,0
25-04-2006,0
26-04-2006,0
27-04-2006,0
28-04-2006,0
29-04-2006,0
30-04-2006,0
01-05-2006,0
02-05-2006,0
03-05-2006,0
04-05-2006,0
05-05-2006,0
06-05-2006,0
07-05-2006,3.9
08-05-2006,0
09-05-2006,0
10-05-2006,0
11-05-2006,0
12-05-2006,0.1
13-05-2006,0
14-05-2006,0
15-05-2006,0.1
16-05-2006,0
17-05-2006,4.4
18-05-2006,0
19-05-2006,14.3
20-05-2006,1.8
21-05-2006,6.1
22-05-2006,5.4
23-05-2006,0
24-05-2006,0
25-05-2006,0
26-05-2006,0
27-05-2006,0
28-05-2006,0
29-05-2006,0
30-05-2006,0
31-05-2006,0
01-06-2006,0
02-06-2006,0
03-06-2006,0
04-06-2006,0
05-06-2006,0
06-06-2006,0
07-06-2006,0
08-06-2006,0
09-06-2006,0
10-06-2006,3
11-06-2006,0
12-06-2006,1
13-06-2006,0.4
14-06-2006,3
15-06-2006,11.4
16-06-2006,0
17-06-2006,0
18-06-2006,0
19-06-2006,0
20-06-2006,0
21-06-2006,0
22-06-2006,0
23-06-2006,0.3
24-06-2006,0
25-06-2006,1.4
26-06-2006,0
27-06-2006,0
28-06-2006,0
29-06-2006,0
30-06-2006,0
01-07-2006,0
02-07-2006,0
03-07-2006,0
04-07-2006,4.4
05-07-2006,0
06-07-2006,0
07-07-2006,0
08-07-2006,0
09-07-2006,0
10-07-2006,0
11-07-2006,0
12-07-2006,0
13-07-2006,0
14-07-2006,0
15-07-2006,0
16-07-2006,0
17-07-2006,12.4
18-07-2006,0.6
19-07-2006,0.3
20-07-2006,0
21-07-2006,0
22-07-2006,0
23-07-2006,0
24-07-2006,0
25-07-2006,0
26-07-2006,0
27-07-2006,0
28-07-2006,0
29-07-2006,1.4
30-07-2006,0
31-07-2006,3.7
01-08-2006,0
02-08-2006,1.5
03-08-2006,0
04-08-2006,0
05-08-2006,0
06-08-2006,0
07-08-2006,0
08-08-2006,0
09-08-2006,0
10-08-2006,0
11-08-2006,0
12-08-2006,0
13-08-2006,0
14-08-2006,0
15-08-2006,0.2
16-08-2006,12.8
17-08-2006,0
18-08-2006,1
19-08-2006,0.1
20-08-2006,0
21-08-2006,0
22-08-2006,0
23-08-2006,0.2
24-08-2006,2.1
25-08-2006,1.1
26-08-2006,0
27-08-2006,0
28-08-2006,0
29-08-2006,0.2
30-08-2006,0
31-08-2006,0
01-09-2006,0
02-09-2006,0
03-09-2006,0
04-09-2006,0
05-09-2006,0
06-09-2006,0
07-09-2006,0
08-09-2006,0
09-09-2006,0
10-09-2006,0
11-09-2006,0.4
12-09-2006,0
13-09-2006,6.1
14-09-2006,5.6
15-09-2006,3.5
16-09-2006,5.4
17-09-2006,0
18-09-2006,0
19-09-2006,0
20-09-2006,0
21-09-2006,2.5
22-09-2006,6.4
23-09-2006,9.6
24-09-2006,3.9
25-09-2006,0.1
26-09-2006,0
27-09-2006,2.6
28-09-2006,1.8
29-09-2006,4.5
30-09-2006,1.7
01-10-2006,10.6
02-10-2006,64.1
03-10-2006,11.5
04-10-2006,0
05-10-2006,0.1
06-10-2006,33.3
07-10-2006,0
08-10-2006,4
09-10-2006,1.1
10-10-2006,29.7
11-10-2006,0
12-10-2006,0
13-10-2006,0
14-10-2006,0
15-10-2006,1.1
16-10-2006,11
17-10-2006,0.1
18-10-2006,7.2
19-10-2006,22.6
20-10-2006,0.8
21-10-2006,22.3
22-10-2006,8.3
23-10-2006,4.4
24-10-2006,26
25-10-2006,1.7
26-10-2006,0.3
27-10-2006,0
28-10-2006,0
29-10-2006,0
30-10-2006,0
31-10-2006,0.1
01-11-2006,0
02-11-2006,0
03-11-2006,0.2
04-11-2006,0
05-11-2006,0
06-11-2006,0.1
07-11-2006,0
08-11-2006,0
09-11-2006,0
10-11-2006,0
11-11-2006,0
12-11-2006,0
13-11-2006,0
14-11-2006,0
15-11-2006,30.6
16-11-2006,6.2
17-11-2006,36
18-11-2006,32
19-11-2006,0
20-11-2006,7.5
21-11-2006,11.7
22-11-2006,12.7
23-11-2006,17.1
24-11-2006,37
25-11-2006,2.9
26-11-2006,12
27-11-2006,10.9
28-11-2006,0.8
29-11-2006,0
30-11-2006,0
01-12-2006,29
02-12-2006,2.8
03-12-2006,14.8
04-12-2006,0.7
05-12-2006,49.3
06-12-2006,17.6
07-12-2006,14.3
08-12-2006,13.6
09-12-2006,5.6
10-12-2006,0
11-12-2006,6.1
12-12-2006,0
13-12-2006,0
14-12-2006,0
15-12-2006,0
16-12-2006,9.8
17-12-2006,0
18-12-2006,7.8
19-12-2006,0
20-12-2006,0
21-12-2006,0
22-12-2006,0
23-12-2006,0
24-12-2006,0
25-12-2006,0
26-12-2006,0
27-12-2006,0
28-12-2006,0
29-12-2006,0
30-12-2006,3.4
31-12-2006,6.9
FECHA,Precipitación: l/m2
01-01-2007,0.5
02-01-2007,0
03-01-2007,3.4
04-01-2007,1
05-01-2007,3.3
06-01-2007,12.6
07-01-2007,0.4
08-01-2007,0.4
09-01-2007,0
10-01-2007,1.7
11-01-2007,0.1
12-01-2007,0
13-01-2007,0
14-01-2007,0
15-01-2007,0.1
16-01-2007,0.2
17-01-2007,0.1
18-01-2007,0
19-01-2007,0
20-01-2007,6
21-01-2007,16
22-01-2007,17.1
23-01-2007,5.7
24-01-2007,6.9
25-01-2007,2.1
26-01-2007,0
27-01-2007,0
28-01-2007,0
29-01-2007,4.5
30-01-2007,0
31-01-2007,0
01-02-2007,0
02-02-2007,0
03-02-2007,0
04-02-2007,0
05-02-2007,0
06-02-2007,3.1
07-02-2007,3.3
08-02-2007,8.3
09-02-2007,3.3
10-02-2007,0.3
11-02-2007,18
12-02-2007,0
13-02-2007,17.8
14-02-2007,1
15-02-2007,8.7
16-02-2007,37.7
17-02-2007,9.6
18-02-2007,4.1
19-02-2007,5.9
20-02-2007,7.8
21-02-2007,2.3
22-02-2007,4.6
23-02-2007,13.1
24-02-2007,5.6
25-02-2007,1.4
26-02-2007,0
27-02-2007,0.7
28-02-2007,0
01-03-2007,0.5
02-03-2007,10.5
03-03-2007,4.3
04-03-2007,9.4
05-03-2007,3.4
06-03-2007,11.9
07-03-2007,0
08-03-2007,0
09-03-2007,0.7
10-03-2007,0
11-03-2007,0
12-03-2007,0
13-03-2007,0
14-03-2007,0
15-03-2007,0
16-03-2007,0
17-03-2007,0
18-03-2007,0.9
19-03-2007,4.9
20-03-2007,0.9
21-03-2007,0.4
22-03-2007,3.6
23-03-2007,0.6
24-03-2007,0
25-03-2007,0.3
26-03-2007,2.5
27-03-2007,4
28-03-2007,13.3
29-03-2007,1.2
30-03-2007,10.1
31-03-2007,4.3
01-04-2007,4.1
02-04-2007,0
03-04-2007,0.6
04-04-2007,0.1
05-04-2007,0
06-04-2007,0
07-04-2007,0
08-04-2007,0
09-04-2007,0
10-04-2007,0
11-04-2007,0
12-04-2007,0
13-04-2007,0
14-04-2007,0
15-04-2007,0
16-04-2007,0
17-04-2007,0
18-04-2007,0
19-04-2007,5
20-04-2007,0
21-04-2007,0
22-04-2007,0
23-04-2007,0
24-04-2007,4.3
25-04-2007,1.3
26-04-2007,0
27-04-2007,3.5
28-04-2007,0
29-04-2007,12.4
30-04-2007,14.1
01-05-2007,13.2
02-05-2007,2.1
FECHA,Precipitación: l/m2
03-05-2007,0.1
04-05-2007,0
05-05-2007,0
06-05-2007,0
07-05-2007,0
08-05-2007,0
09-05-2007,0
10-05-2007,0.3
11-05-2007,0.1
12-05-2007,4.2
13-05-2007,5.8
14-05-2007,0.3
15-05-2007,0.3
16-05-2007,0
17-05-2007,0
18-05-2007,0
19-05-2007,0
20-05-2007,4.4
21-05-2007,1.1
22-05-2007,0
23-05-2007,0
24-05-2007,1.8
25-05-2007,11.3
26-05-2007,1.3
27-05-2007,0.4
28-05-2007,0
29-05-2007,6
30-05-2007,0.9
31-05-2007,0.3
01-06-2007,0
02-06-2007,0
03-06-2007,0
04-06-2007,0
05-06-2007,0
06-06-2007,0
07-06-2007,0
08-06-2007,0.4
09-06-2007,0
10-06-2007,0.3
11-06-2007,0
12-06-2007,0.7
13-06-2007,15.9
14-06-2007,1
15-06-2007,6.8
16-06-2007,23.6
17-06-2007,1.3
18-06-2007,18.8
19-06-2007,0
20-06-2007,2.3
21-06-2007,1
22-06-2007,0
23-06-2007,0
24-06-2007,8.2
25-06-2007,0
26-06-2007,0
27-06-2007,0
28-06-2007,0
29-06-2007,0
30-06-2007,0.4
01-07-2007,1.6
02-07-2007,0.3
03-07-2007,2.5
04-07-2007,0
05-07-2007,0.5
06-07-2007,0
07-07-2007,0.8
08-07-2007,0
09-07-2007,0.6
10-07-2007,0.9
11-07-2007,0
12-07-2007,0
13-07-2007,0
14-07-2007,4.9
15-07-2007,0.4
16-07-2007,2.7
17-07-2007,0.1
18-07-2007,0.6
19-07-2007,0.2
20-07-2007,0
21-07-2007,0
22-07-2007,32.6
23-07-2007,3.4
24-07-2007,0
25-07-2007,0
26-07-2007,0
27-07-2007,0.4
28-07-2007,0
29-07-2007,0
30-07-2007,0
31-07-2007,2.6
01-08-2007,0.3
02-08-2007,0
03-08-2007,0
04-08-2007,0
05-08-2007,2.8
06-08-2007,0
07-08-2007,0
08-08-2007,0
09-08-2007,0
10-08-2007,0
11-08-2007,0
12-08-2007,0
13-08-2007,0.1
14-08-2007,1.4
15-08-2007,6.4
16-08-2007,0.1
17-08-2007,0
18-08-2007,0.9
19-08-2007,0
20-08-2007,1.7
21-08-2007,0.3
22-08-2007,0
23-08-2007,0
24-08-2007,0
25-08-2007,0
26-08-2007,0.7
27-08-2007,1.4
28-08-2007,12.9
29-08-2007,0
30-08-2007,0
31-08-2007,0
01-09-2007,0
FECHA,Precipitación: l/m2
02-09-2007,0
03-09-2007,0
04-09-2007,0
05-09-2007,0
06-09-2007,0
07-09-2007,0
08-09-2007,0
09-09-2007,0
10-09-2007,0
11-09-2007,0
12-09-2007,0
13-09-2007,0
14-09-2007,0
15-09-2007,0
16-09-2007,0.4
17-09-2007,0.5
18-09-2007,0
19-09-2007,0
20-09-2007,0
21-09-2007,0.2
22-09-2007,0
23-09-2007,0
24-09-2007,4.6
25-09-2007,0.1
26-09-2007,0
27-09-2007,0
28-09-2007,0
29-09-2007,12.3
30-09-2007,15.8
01-10-2007,0
02-10-2007,0
03-10-2007,0
04-10-2007,0.2
05-10-2007,0
06-10-2007,0
07-10-2007,0
08-10-2007,0
09-10-2007,0
10-10-2007,0
11-10-2007,0
12-10-2007,0
13-10-2007,0
14-10-2007,0
15-10-2007,0
16-10-2007,9.5
17-10-2007,1.8
18-10-2007,0
19-10-2007,0
20-10-2007,0
21-10-2007,0
22-10-2007,0
23-10-2007,3.1
24-10-2007,0
25-10-2007,0
26-10-2007,0
27-10-2007,0
28-10-2007,4.6
29-10-2007,0
30-10-2007,0
31-10-2007,0
01-11-2007,0
02-11-2007,0
03-11-2007,0
04-11-2007,0
05-11-2007,0
06-11-2007,0
07-11-2007,0
08-11-2007,0
09-11-2007,0
10-11-2007,0
11-11-2007,0
12-11-2007,0
13-11-2007,0
14-11-2007,0
15-11-2007,0
16-11-2007,0
17-11-2007,0
18-11-2007,19.8
19-11-2007,2.4
20-11-2007,14.8
21-11-2007,4.8
22-11-2007,0.8
23-11-2007,1.9
24-11-2007,0.6
25-11-2007,0
26-11-2007,0
27-11-2007,0
28-11-2007,0
29-11-2007,0.4
30-11-2007,8.3
01-12-2007,0
02-12-2007,1.5
03-12-2007,0
04-12-2007,0.2
05-12-2007,0
06-12-2007,1.8
07-12-2007,1.3
08-12-2007,8.2
09-12-2007,1.7
10-12-2007,0
11-12-2007,0
12-12-2007,0
13-12-2007,0
14-12-2007,0
15-12-2007,0
16-12-2007,0
17-12-2007,0
18-12-2007,6.9
19-12-2007,0
20-12-2007,0
21-12-2007,0
22-12-2007,0
23-12-2007,0
24-12-2007,0
25-12-2007,20.2
26-12-2007,0
27-12-2007,0
28-12-2007,0.1
29-12-2007,2.9
30-12-2007,0
31-12-2007,0
01-01-2007,0.5
02-01-2007,0
03-01-2007,3.4
04-01-2007,1
05-01-2007,3.3
06-01-2007,12.6
07-01-2007,0.4
08-01-2007,0.4
09-01-2007,0
10-01-2007,1.7
11-01-2007,0.1
12-01-2007,0
13-01-2007,0
14-01-2007,0
15-01-2007,0.1
16-01-2007,0.2
17-01-2007,0.1
18-01-2007,0
19-01-2007,0
20-01-2007,6
21-01-2007,16
22-01-2007,17.1
23-01-2007,5.7
24-01-2007,6.9
25-01-2007,2.1
26-01-2007,0
27-01-2007,0
28-01-2007,0
29-01-2007,4.5
30-01-2007,0
31-01-2007,0
01-02-2007,0
02-02-2007,0
03-02-2007,0
04-02-2007,0
05-02-2007,0
06-02-2007,3.1
07-02-2007,3.3
08-02-2007,8.3
09-02-2007,3.3
10-02-2007,0.3
11-02-2007,18
12-02-2007,0
13-02-2007,17.8
14-02-2007,1
15-02-2007,8.7
16-02-2007,37.7
17-02-2007,9.6
18-02-2007,4.1
19-02-2007,5.9
20-02-2007,7.8
21-02-2007,2.3
22-02-2007,4.6
23-02-2007,13.1
24-02-2007,5.6
25-02-2007,1.4
26-02-2007,0
27-02-2007,0.7
28-02-2007,0
01-03-2007,0.5
02-03-2007,10.5
03-03-2007,4.3
04-03-2007,9.4
05-03-2007,3.4
06-03-2007,11.9
07-03-2007,0
08-03-2007,0
09-03-2007,0.7
10-03-2007,0
11-03-2007,0
12-03-2007,0
13-03-2007,0
14-03-2007,0
15-03-2007,0
16-03-2007,0
17-03-2007,0
18-03-2007,0.9
19-03-2007,4.9
20-03-2007,0.9
21-03-2007,0.4
22-03-2007,3.6
23-03-2007,0.6
24-03-2007,0
25-03-2007,0.3
26-03-2007,2.5
27-03-2007,4
28-03-2007,13.3
29-03-2007,1.2
30-03-2007,10.1
31-03-2007,4.3
01-04-2007,4.1
02-04-2007,0
03-04-2007,0.6
04-04-2007,0.1
05-04-2007,0
06-04-2007,0
07-04-2007,0
08-04-2007,0
09-04-2007,0
10-04-2007,0
11-04-2007,0
12-04-2007,0
13-04-2007,0
14-04-2007,0
15-04-2007,0
16-04-2007,0
17-04-2007,0
18-04-2007,0
19-04-2007,5
20-04-2007,0
21-04-2007,0
22-04-2007,0
23-04-2007,0
24-04-2007,4.3
25-04-2007,1.3
26-04-2007,0
27-04-2007,3.5
28-04-2007,0
29-04-2007,12.4
30-04-2007,14.1
01-05-2007,13.2
02-05-2007,2.1
03-05-2007,0.1
04-05-2007,0
05-05-2007,0
06-05-2007,0
07-05-2007,0
08-05-2007,0
09-05-2007,0
10-05-2007,0.3
11-05-2007,0.1
12-05-2007,4.2
13-05-2007,5.8
14-05-2007,0.3
15-05-2007,0.3
16-05-2007,0
17-05-2007,0
18-05-2007,0
19-05-2007,0
20-05-2007,4.4
21-05-2007,1.1
22-05-2007,0
23-05-2007,0
24-05-2007,1.8
25-05-2007,11.3
26-05-2007,1.3
27-05-2007,0.4
28-05-2007,0
29-05-2007,6
30-05-2007,0.9
31-05-2007,0.3
01-06-2007,0
02-06-2007,0
03-06-2007,0
04-06-2007,0
05-06-2007,0
06-06-2007,0
07-06-2007,0
08-06-2007,0.4
09-06-2007,0
10-06-2007,0.3
11-06-2007,0
12-06-2007,0.7
13-06-2007,15.9
14-06-2007,1
15-06-2007,6.8
16-06-2007,23.6
17-06-2007,1.3
18-06-2007,18.8
19-06-2007,0
20-06-2007,2.3
21-06-2007,1
22-06-2007,0
23-06-2007,0
24-06-2007,8.2
25-06-2007,0
26-06-2007,0
27-06-2007,0
28-06-2007,0
29-06-2007,0
30-06-2007,0.4
01-07-2007,1.6
02-07-2007,0.3
03-07-2007,2.5
04-07-2007,0
05-07-2007,0.5
06-07-2007,0
07-07-2007,0.8
08-07-2007,0
09-07-2007,0.6
10-07-2007,0.9
11-07-2007,0
12-07-2007,0
13-07-2007,0
14-07-2007,4.9
15-07-2007,0.4
16-07-2007,2.7
17-07-2007,0.1
18-07-2007,0.6
19-07-2007,0.2
20-07-2007,0
21-07-2007,0
22-07-2007,32.6
23-07-2007,3.4
24-07-2007,0
25-07-2007,0
26-07-2007,0
27-07-2007,0.4
28-07-2007,0
29-07-2007,0
30-07-2007,0
31-07-2007,2.6
01-08-2007,0.3
02-08-2007,0
03-08-2007,0
04-08-2007,0
05-08-2007,2.8
06-08-2007,0
07-08-2007,0
08-08-2007,0
09-08-2007,0
10-08-2007,0
11-08-2007,0
12-08-2007,0
13-08-2007,0.1
14-08-2007,1.4
15-08-2007,6.4
16-08-2007,0.1
17-08-2007,0
18-08-2007,0.9
19-08-2007,0
20-08-2007,1.7
21-08-2007,0.3
22-08-2007,0
23-08-2007,0
24-08-2007,0
25-08-2007,0
26-08-2007,0.7
27-08-2007,1.4
28-08-2007,12.9
29-08-2007,0
30-08-2007,0
31-08-2007,0
01-09-2007,0
02-09-2007,0
03-09-2007,0
04-09-2007,0
05-09-2007,0
06-09-2007,0
07-09-2007,0
08-09-2007,0
09-09-2007,0
10-09-2007,0
11-09-2007,0
12-09-2007,0
13-09-2007,0
14-09-2007,0
15-09-2007,0
16-09-2007,0.4
17-09-2007,0.5
18-09-2007,0
19-09-2007,0
20-09-2007,0
21-09-2007,0.2
22-09-2007,0
23-09-2007,0
24-09-2007,4.6
25-09-2007,0.1
26-09-2007,0
27-09-2007,0
28-09-2007,0
29-09-2007,12.3
30-09-2007,15.8
01-10-2007,0
02-10-2007,0
03-10-2007,0
04-10-2007,0.2
05-10-2007,0
06-10-2007,0
07-10-2007,0
08-10-2007,0
09-10-2007,0
10-10-2007,0
11-10-2007,0
12-10-2007,0
13-10-2007,0
14-10-2007,0
15-10-2007,0
16-10-2007,9.5
17-10-2007,1.8
18-10-2007,0
19-10-2007,0
20-10-2007,0
21-10-2007,0
22-10-2007,0
23-10-2007,3.1
24-10-2007,0
25-10-2007,0
26-10-2007,0
27-10-2007,0
28-10-2007,4.6
29-10-2007,0
30-10-2007,0
31-10-2007,0
01-11-2007,0
02-11-2007,0
03-11-2007,0
04-11-2007,0
05-11-2007,0
06-11-2007,0
07-11-2007,0
08-11-2007,0
09-11-2007,0
10-11-2007,0
11-11-2007,0
12-11-2007,0
13-11-2007,0
14-11-2007,0
15-11-2007,0
16-11-2007,0
17-11-2007,0
18-11-2007,19.8
19-11-2007,2.4
20-11-2007,14.8
21-11-2007,4.8
22-11-2007,0.8
23-11-2007,1.9
24-11-2007,0.6
25-11-2007,0
26-11-2007,0
27-11-2007,0
28-11-2007,0
29-11-2007,0.4
30-11-2007,8.3
01-12-2007,0
02-12-2007,1.5
03-12-2007,0
04-12-2007,0.2
05-12-2007,0
06-12-2007,1.8
07-12-2007,1.3
08-12-2007,8.2
09-12-2007,1.7
10-12-2007,0
11-12-2007,0
12-12-2007,0
13-12-2007,0
14-12-2007,0
15-12-2007,0
16-12-2007,0
17-12-2007,0
18-12-2007,6.9
19-12-2007,0
20-12-2007,0
21-12-2007,0
22-12-2007,0
23-12-2007,0
24-12-2007,0
25-12-2007,20.2
26-12-2007,0
27-12-2007,0
28-12-2007,0.1
29-12-2007,2.9
30-12-2007,0
31-12-2007,0
FECHA,Precipitación: l/m2
01-01-2008,6.5
02-01-2008,14.9
03-01-2008,6.4
04-01-2008,0.2
05-01-2008,2.2
06-01-2008,10
07-01-2008,0
08-01-2008,6.7
09-01-2008,13.5
10-01-2008,30.5
11-01-2008,5.8
12-01-2008,0.5
13-01-2008,19.3
14-01-2008,0.6
15-01-2008,10.9
16-01-2008,0.2
17-01-2008,1.2
18-01-2008,0
19-01-2008,0
20-01-2008,0
21-01-2008,0
22-01-2008,0
23-01-2008,0
24-01-2008,0
25-01-2008,0
26-01-2008,0
27-01-2008,0
28-01-2008,0
29-01-2008,0.4
30-01-2008,1.8
31-01-2008,0
01-02-2008,19.2
02-02-2008,0
03-02-2008,16.4
04-02-2008,0.9
05-02-2008,1.1
06-02-2008,0
07-02-2008,0
08-02-2008,0
09-02-2008,0
10-02-2008,0
11-02-2008,0
12-02-2008,0
13-02-2008,0
14-02-2008,0
15-02-2008,0
16-02-2008,0
17-02-2008,0
18-02-2008,0
19-02-2008,1.2
20-02-2008,0
21-02-2008,0
22-02-2008,0
23-02-2008,0.2
24-02-2008,8.1
25-02-2008,0.5
26-02-2008,5.8
27-02-2008,1.3
28-02-2008,0
29-02-2008,0.5
01-03-2008,0
02-03-2008,1.8
03-03-2008,0
04-03-2008,0
05-03-2008,0
06-03-2008,0
07-03-2008,1.7
08-03-2008,4.7
09-03-2008,3.6
10-03-2008,2.2
11-03-2008,1.6
12-03-2008,0
13-03-2008,0
14-03-2008,0.9
15-03-2008,1.5
16-03-2008,0
17-03-2008,9
18-03-2008,4.7
19-03-2008,0
20-03-2008,0
21-03-2008,4.8
22-03-2008,4.2
23-03-2008,3.8
24-03-2008,1.7
25-03-2008,8.2
26-03-2008,8.4
27-03-2008,0.3
28-03-2008,0.6
29-03-2008,17.7
30-03-2008,6.2
31-03-2008,0
01-04-2008,0
02-04-2008,0
03-04-2008,0
04-04-2008,0
05-04-2008,0
06-04-2008,0
07-04-2008,30.1
08-04-2008,27.6
09-04-2008,25.1
10-04-2008,5.7
11-04-2008,0.9
12-04-2008,2.7
13-04-2008,3.8
14-04-2008,0
15-04-2008,0
16-04-2008,9.7
17-04-2008,27.7
18-04-2008,8.6
19-04-2008,4.1
20-04-2008,5.4
21-04-2008,0.9
22-04-2008,5.5
23-04-2008,0
24-04-2008,0
25-04-2008,0
26-04-2008,0
27-04-2008,6.3
28-04-2008,1.8
29-04-2008,4.4
30-04-2008,2.6
01-05-2008,0.4
FECHA,Precipitación: l/m2
02-05-2008,0
03-05-2008,2
04-05-2008,0
05-05-2008,0
06-05-2008,0
07-05-2008,1.4
08-05-2008,0.2
09-05-2008,0
10-05-2008,3.1
11-05-2008,0
12-05-2008,5.5
13-05-2008,1.6
14-05-2008,10.4
15-05-2008,1.2
16-05-2008,0
17-05-2008,2.9
18-05-2008,1.9
19-05-2008,0
20-05-2008,0
21-05-2008,1.1
22-05-2008,12.6
23-05-2008,16.1
24-05-2008,0.8
25-05-2008,7.6
26-05-2008,8.7
27-05-2008,18.8
28-05-2008,6
29-05-2008,5.7
30-05-2008,0
31-05-2008,0
01-06-2008,0
02-06-2008,7.4
03-06-2008,0
04-06-2008,0.5
05-06-2008,0
06-06-2008,0
07-06-2008,3.7
08-06-2008,1.2
09-06-2008,0
10-06-2008,0
11-06-2008,0
12-06-2008,0
13-06-2008,0
14-06-2008,2.2
15-06-2008,14.3
16-06-2008,0
17-06-2008,0
18-06-2008,0
19-06-2008,0
20-06-2008,0
21-06-2008,0
22-06-2008,0
23-06-2008,0
24-06-2008,0.3
25-06-2008,0
26-06-2008,0
27-06-2008,0
28-06-2008,0
29-06-2008,0
30-06-2008,0
01-07-2008,3.1
02-07-2008,0.1
03-07-2008,0.2
04-07-2008,1.2
05-07-2008,0
06-07-2008,3.6
07-07-2008,1.7
08-07-2008,0
09-07-2008,0
10-07-2008,13.8
11-07-2008,5.9
12-07-2008,0
13-07-2008,0
14-07-2008,0
15-07-2008,0
16-07-2008,0
17-07-2008,0
18-07-2008,0
19-07-2008,0
20-07-2008,0
21-07-2008,0
22-07-2008,0
23-07-2008,0
24-07-2008,1.5
25-07-2008,0.9
26-07-2008,0
27-07-2008,0.5
28-07-2008,0.5
29-07-2008,0
30-07-2008,0
31-07-2008,0
01-08-2008,0
02-08-2008,0
03-08-2008,0
04-08-2008,0
05-08-2008,0
06-08-2008,0.2
07-08-2008,0.2
08-08-2008,0
09-08-2008,0
10-08-2008,3.6
11-08-2008,4.2
12-08-2008,0.2
13-08-2008,0
14-08-2008,0.1
15-08-2008,38
16-08-2008,0
17-08-2008,1
18-08-2008,0.8
19-08-2008,0
20-08-2008,1.1
21-08-2008,2.1
22-08-2008,0
23-08-2008,0
24-08-2008,0
25-08-2008,0
26-08-2008,0
27-08-2008,0
28-08-2008,0
29-08-2008,11.1
30-08-2008,3.1
31-08-2008,2.1
FECHA,Precipitación: l/m2
01-09-2008,0
02-09-2008,12.7
03-09-2008,5.8
04-09-2008,13.7
05-09-2008,4
06-09-2008,0
07-09-2008,0
08-09-2008,1.6
09-09-2008,0.3
10-09-2008,5.3
11-09-2008,5
12-09-2008,0.5
13-09-2008,0
14-09-2008,0
15-09-2008,0
16-09-2008,0
17-09-2008,0
18-09-2008,0
19-09-2008,0
20-09-2008,0
21-09-2008,0
22-09-2008,0
23-09-2008,0
24-09-2008,0
25-09-2008,0
26-09-2008,0
27-09-2008,0
28-09-2008,0
29-09-2008,0
30-09-2008,0
01-10-2008,0
02-10-2008,0.5
03-10-2008,1.3
04-10-2008,0
05-10-2008,0.8
06-10-2008,35.7
07-10-2008,0
08-10-2008,0
09-10-2008,0
10-10-2008,0
11-10-2008,0
12-10-2008,0
13-10-2008,0
14-10-2008,0
15-10-2008,3.1
16-10-2008,5.5
17-10-2008,0
18-10-2008,0.3
19-10-2008,0
20-10-2008,15.4
21-10-2008,19.7
22-10-2008,0
23-10-2008,0
24-10-2008,0
25-10-2008,0
26-10-2008,2.2
27-10-2008,11.5
28-10-2008,4.9
29-10-2008,7.3
30-10-2008,7
31-10-2008,26.5
01-11-2008,4.9
02-11-2008,6.3
03-11-2008,14.4
04-11-2008,0.7
05-11-2008,0
06-11-2008,5
07-11-2008,3.1
08-11-2008,0.3
09-11-2008,0
10-11-2008,11.4
11-11-2008,1.2
12-11-2008,2.1
13-11-2008,0
14-11-2008,0
15-11-2008,0
16-11-2008,0
17-11-2008,1.1
18-11-2008,1.9
19-11-2008,0
20-11-2008,0.4
21-11-2008,0.7
22-11-2008,1.2
23-11-2008,5.1
24-11-2008,13.9
25-11-2008,2.9
26-11-2008,0
27-11-2008,0.7
28-11-2008,18.2
29-11-2008,18.6
30-11-2008,24.2
01-12-2008,7
02-12-2008,10.9
03-12-2008,6.9
04-12-2008,0.8
05-12-2008,6.6
06-12-2008,25.5
07-12-2008,0
08-12-2008,5.3
09-12-2008,0.5
10-12-2008,4.2
11-12-2008,31.2
12-12-2008,18.4
13-12-2008,5
14-12-2008,5.4
15-12-2008,1.3
16-12-2008,2.1
17-12-2008,1.9
18-12-2008,0
19-12-2008,0
20-12-2008,0
21-12-2008,0
22-12-2008,0
23-12-2008,0
24-12-2008,0
25-12-2008,0
26-12-2008,0
27-12-2008,0
28-12-2008,0
29-12-2008,0
30-12-2008,0
31-12-2008,0.1
01-01-2008,6.5
02-01-2008,14.9
03-01-2008,6.4
04-01-2008,0.2
05-01-2008,2.2
06-01-2008,10
07-01-2008,0
08-01-2008,6.7
09-01-2008,13.5
10-01-2008,30.5
11-01-2008,5.8
12-01-2008,0.5
13-01-2008,19.3
14-01-2008,0.6
15-01-2008,10.9
16-01-2008,0.2
17-01-2008,1.2
18-01-2008,0
19-01-2008,0
20-01-2008,0
21-01-2008,0
22-01-2008,0
23-01-2008,0
24-01-2008,0
25-01-2008,0
26-01-2008,0
27-01-2008,0
28-01-2008,0
29-01-2008,0.4
30-01-2008,1.8
31-01-2008,0
01-02-2008,19.2
02-02-2008,0
03-02-2008,16.4
04-02-2008,0.9
05-02-2008,1.1
06-02-2008,0
07-02-2008,0
08-02-2008,0
09-02-2008,0
10-02-2008,0
11-02-2008,0
12-02-2008,0
13-02-2008,0
14-02-2008,0
15-02-2008,0
16-02-2008,0
17-02-2008,0
18-02-2008,0
19-02-2008,1.2
20-02-2008,0
21-02-2008,0
22-02-2008,0
23-02-2008,0.2
24-02-2008,8.1
25-02-2008,0.5
26-02-2008,5.8
27-02-2008,1.3
28-02-2008,0
29-02-2008,0.5
01-03-2008,0
02-03-2008,1.8
03-03-2008,0
04-03-2008,0
05-03-2008,0
06-03-2008,0
07-03-2008,1.7
08-03-2008,4.7
09-03-2008,3.6
10-03-2008,2.2
11-03-2008,1.6
12-03-2008,0
13-03-2008,0
14-03-2008,0.9
15-03-2008,1.5
16-03-2008,0
17-03-2008,9
18-03-2008,4.7
19-03-2008,0
20-03-2008,0
21-03-2008,4.8
22-03-2008,4.2
23-03-2008,3.8
24-03-2008,1.7
25-03-2008,8.2
26-03-2008,8.4
27-03-2008,0.3
28-03-2008,0.6
29-03-2008,17.7
30-03-2008,6.2
31-03-2008,0
01-04-2008,0
02-04-2008,0
03-04-2008,0
04-04-2008,0
05-04-2008,0
06-04-2008,0
07-04-2008,30.1
08-04-2008,27.6
09-04-2008,25.1
10-04-2008,5.7
11-04-2008,0.9
12-04-2008,2.7
13-04-2008,3.8
14-04-2008,0
15-04-2008,0
16-04-2008,9.7
17-04-2008,27.7
18-04-2008,8.6
19-04-2008,4.1
20-04-2008,5.4
21-04-2008,0.9
22-04-2008,5.5
23-04-2008,0
24-04-2008,0
25-04-2008,0
26-04-2008,0
27-04-2008,6.3
28-04-2008,1.8
29-04-2008,4.4
30-04-2008,2.6
01-05-2008,0.4
02-05-2008,0
03-05-2008,2
04-05-2008,0
05-05-2008,0
06-05-2008,0
07-05-2008,1.4
08-05-2008,0.2
09-05-2008,0
10-05-2008,3.1
11-05-2008,0
12-05-2008,5.5
13-05-2008,1.6
14-05-2008,10.4
15-05-2008,1.2
16-05-2008,0
17-05-2008,2.9
18-05-2008,1.9
19-05-2008,0
20-05-2008,0
21-05-2008,1.1
22-05-2008,12.6
23-05-2008,16.1
24-05-2008,0.8
25-05-2008,7.6
26-05-2008,8.7
27-05-2008,18.8
28-05-2008,6
29-05-2008,5.7
30-05-2008,0
31-05-2008,0
01-06-2008,0
02-06-2008,7.4
03-06-2008,0
04-06-2008,0.5
05-06-2008,0
06-06-2008,0
07-06-2008,3.7
08-06-2008,1.2
09-06-2008,0
10-06-2008,0
11-06-2008,0
12-06-2008,0
13-06-2008,0
14-06-2008,2.2
15-06-2008,14.3
16-06-2008,0
17-06-2008,0
18-06-2008,0
19-06-2008,0
20-06-2008,0
21-06-2008,0
22-06-2008,0
23-06-2008,0
24-06-2008,0.3
25-06-2008,0
26-06-2008,0
27-06-2008,0
28-06-2008,0
29-06-2008,0
30-06-2008,0
01-07-2008,3.1
02-07-2008,0.1
03-07-2008,0.2
04-07-2008,1.2
05-07-2008,0
06-07-2008,3.6
07-07-2008,1.7
08-07-2008,0
09-07-2008,0
10-07-2008,13.8
11-07-2008,5.9
12-07-2008,0
13-07-2008,0
14-07-2008,0
15-07-2008,0
16-07-2008,0
17-07-2008,0
18-07-2008,0
19-07-2008,0
20-07-2008,0
21-07-2008,0
22-07-2008,0
23-07-2008,0
24-07-2008,1.5
25-07-2008,0.9
26-07-2008,0
27-07-2008,0.5
28-07-2008,0.5
29-07-2008,0
30-07-2008,0
31-07-2008,0
01-08-2008,0
02-08-2008,0
03-08-2008,0
04-08-2008,0
05-08-2008,0
06-08-2008,0.2
07-08-2008,0.2
08-08-2008,0
09-08-2008,0
10-08-2008,3.6
11-08-2008,4.2
12-08-2008,0.2
13-08-2008,0
14-08-2008,0.1
15-08-2008,38
16-08-2008,0
17-08-2008,1
18-08-2008,0.8
19-08-2008,0
20-08-2008,1.1
21-08-2008,2.1
22-08-2008,0
23-08-2008,0
24-08-2008,0
25-08-2008,0
26-08-2008,0
27-08-2008,0
28-08-2008,0
29-08-2008,11.1
30-08-2008,3.1
31-08-2008,2.1
01-09-2008,0
02-09-2008,12.7
03-09-2008,5.8
04-09-2008,13.7
05-09-2008,4
06-09-2008,0
07-09-2008,0
08-09-2008,1.6
09-09-2008,0.3
10-09-2008,5.3
11-09-2008,5
12-09-2008,0.5
13-09-2008,0
14-09-2008,0
15-09-2008,0
16-09-2008,0
17-09-2008,0
18-09-2008,0
19-09-2008,0
20-09-2008,0
21-09-2008,0
22-09-2008,0
23-09-2008,0
24-09-2008,0
25-09-2008,0
26-09-2008,0
27-09-2008,0
28-09-2008,0
29-09-2008,0
30-09-2008,0
01-10-2008,0
02-10-2008,0.5
03-10-2008,1.3
04-10-2008,0
05-10-2008,0.8
06-10-2008,35.7
07-10-2008,0
08-10-2008,0
09-10-2008,0
10-10-2008,0
11-10-2008,0
12-10-2008,0
13-10-2008,0
14-10-2008,0
15-10-2008,3.1
16-10-2008,5.5
17-10-2008,0
18-10-2008,0.3
19-10-2008,0
20-10-2008,15.4
21-10-2008,19.7
22-10-2008,0
23-10-2008,0
24-10-2008,0
25-10-2008,0
26-10-2008,2.2
27-10-2008,11.5
28-10-2008,4.9
29-10-2008,7.3
30-10-2008,7
31-10-2008,26.5
01-11-2008,4.9
02-11-2008,6.3
03-11-2008,14.4
04-11-2008,0.7
05-11-2008,0
06-11-2008,5
07-11-2008,3.1
08-11-2008,0.3
09-11-2008,0
10-11-2008,11.4
11-11-2008,1.2
12-11-2008,2.1
13-11-2008,0
14-11-2008,0
15-11-2008,0
16-11-2008,0
17-11-2008,1.1
18-11-2008,1.9
19-11-2008,0
20-11-2008,0.4
21-11-2008,0.7
22-11-2008,1.2
23-11-2008,5.1
24-11-2008,13.9
25-11-2008,2.9
26-11-2008,0
27-11-2008,0.7
28-11-2008,18.2
29-11-2008,18.6
30-11-2008,24.2
01-12-2008,7
02-12-2008,10.9
03-12-2008,6.9
04-12-2008,0.8
05-12-2008,6.6
06-12-2008,25.5
07-12-2008,0
08-12-2008,5.3
09-12-2008,0.5
10-12-2008,4.2
11-12-2008,31.2
12-12-2008,18.4
13-12-2008,5
14-12-2008,5.4
15-12-2008,1.3
16-12-2008,2.1
17-12-2008,1.9
18-12-2008,0
19-12-2008,0
20-12-2008,0
21-12-2008,0
22-12-2008,0
23-12-2008,0
24-12-2008,0
25-12-2008,0
26-12-2008,0
27-12-2008,0
28-12-2008,0
29-12-2008,0
30-12-2008,0
31-12-2008,0.1
FECHA,Precipitación: l/m2
01-01-2009,0.1
02-01-2009,7.8
03-01-2009,0
04-01-2009,0
05-01-2009,2.1
06-01-2009,0.5
07-01-2009,0
08-01-2009,5.3
09-01-2009,0
10-01-2009,0
11-01-2009,0
12-01-2009,6.5
13-01-2009,0.4
14-01-2009,0
15-01-2009,3.1
16-01-2009,5
17-01-2009,2.7
18-01-2009,1.8
19-01-2009,17.8
20-01-2009,5.8
21-01-2009,5.4
22-01-2009,10.2
23-01-2009,9.9
24-01-2009,15.4
25-01-2009,17.5
26-01-2009,8.2
27-01-2009,3.2
28-01-2009,19.3
29-01-2009,0.7
30-01-2009,10.6
31-01-2009,1.2
01-02-2009,1
02-02-2009,0.1
03-02-2009,3.8
04-02-2009,21.9
05-02-2009,9.1
06-02-2009,5.4
07-02-2009,2.1
08-02-2009,5.1
09-02-2009,8.8
10-02-2009,0.6
11-02-2009,0.1
12-02-2009,0
13-02-2009,0
14-02-2009,0
15-02-2009,0
16-02-2009,0
17-02-2009,0
18-02-2009,0
19-02-2009,0
20-02-2009,0
21-02-2009,0
22-02-2009,0
23-02-2009,0
24-02-2009,0
25-02-2009,0
26-02-2009,0
27-02-2009,0
28-02-2009,0
01-03-2009,4.4
02-03-2009,0
03-03-2009,7.6
04-03-2009,9.9
05-03-2009,10.6
06-03-2009,6
07-03-2009,1.9
08-03-2009,0.8
09-03-2009,0
10-03-2009,0
11-03-2009,0
12-03-2009,0
13-03-2009,0
14-03-2009,0
15-03-2009,0
16-03-2009,0
17-03-2009,0
18-03-2009,0
19-03-2009,0
20-03-2009,0
21-03-2009,0
22-03-2009,0
23-03-2009,0
24-03-2009,0
25-03-2009,0
26-03-2009,0
27-03-2009,0.7
28-03-2009,5.1
29-03-2009,0
30-03-2009,0
31-03-2009,0
01-04-2009,0
02-04-2009,0
03-04-2009,0.2
04-04-2009,0
05-04-2009,0.6
06-04-2009,10
07-04-2009,0.4
08-04-2009,0
09-04-2009,16
10-04-2009,1.7
11-04-2009,1.5
12-04-2009,0
13-04-2009,3.5
14-04-2009,4.1
15-04-2009,9.4
16-04-2009,2.1
17-04-2009,3.8
18-04-2009,1.1
19-04-2009,0
20-04-2009,0
21-04-2009,0
22-04-2009,0
23-04-2009,0
24-04-2009,4.8
25-04-2009,7.5
26-04-2009,0.4
27-04-2009,3.1
28-04-2009,3.1
29-04-2009,1
30-04-2009,0.2
01-05-2009,0
02-05-2009,0
FECHA,Precipitación: l/m2
03-05-2009,0
04-05-2009,0
05-05-2009,0
06-05-2009,0
07-05-2009,0
08-05-2009,0
09-05-2009,0
10-05-2009,20.1
11-05-2009,13.2
12-05-2009,5.4
13-05-2009,3.6
14-05-2009,0
15-05-2009,8.7
16-05-2009,4
17-05-2009,0.3
18-05-2009,0
19-05-2009,0
20-05-2009,0
21-05-2009,0
22-05-2009,0
23-05-2009,6.3
24-05-2009,11.3
25-05-2009,12.6
26-05-2009,0
27-05-2009,0
28-05-2009,0
29-05-2009,0
30-05-2009,0
31-05-2009,0
01-06-2009,0
02-06-2009,0.4
03-06-2009,0
04-06-2009,1.2
05-06-2009,1.6
06-06-2009,2.3
07-06-2009,14.1
08-06-2009,3
09-06-2009,9.2
10-06-2009,2.8
11-06-2009,0
12-06-2009,0
13-06-2009,0
14-06-2009,0
15-06-2009,0
16-06-2009,0
17-06-2009,0
18-06-2009,0
19-06-2009,0
20-06-2009,0
21-06-2009,0
22-06-2009,0.2
23-06-2009,0.1
24-06-2009,3.2
25-06-2009,7.6
26-06-2009,0.3
27-06-2009,2.1
28-06-2009,0
29-06-2009,4.4
30-06-2009,0
01-07-2009,0
02-07-2009,0
03-07-2009,2.9
04-07-2009,7
05-07-2009,2.9
06-07-2009,1.3
07-07-2009,0
08-07-2009,0
09-07-2009,0
10-07-2009,0
11-07-2009,1
12-07-2009,2
13-07-2009,0
14-07-2009,0.5
15-07-2009,0.4
16-07-2009,2.6
17-07-2009,0.5
18-07-2009,0.1
19-07-2009,0
20-07-2009,0
21-07-2009,28.6
22-07-2009,25.6
23-07-2009,0.5
24-07-2009,3.3
25-07-2009,0
26-07-2009,5
27-07-2009,0
28-07-2009,0
29-07-2009,0.1
30-07-2009,0
31-07-2009,13
01-08-2009,1.7
02-08-2009,0
03-08-2009,0
04-08-2009,1.8
05-08-2009,2.1
06-08-2009,2.6
07-08-2009,0
08-08-2009,0
09-08-2009,0
10-08-2009,0
11-08-2009,0
12-08-2009,0
13-08-2009,0
14-08-2009,0
15-08-2009,0
16-08-2009,0
17-08-2009,0
18-08-2009,0
19-08-2009,0.1
20-08-2009,2.4
21-08-2009,0
22-08-2009,0
23-08-2009,0.1
24-08-2009,4.1
25-08-2009,0
26-08-2009,0
27-08-2009,1.1
28-08-2009,0
29-08-2009,0
30-08-2009,0
31-08-2009,2
01-09-2009,0
FECHA,Precipitación: l/m2
02-09-2009,0.8
03-09-2009,0.3
04-09-2009,0
05-09-2009,0
06-09-2009,0
07-09-2009,0
08-09-2009,0
09-09-2009,0
10-09-2009,0
11-09-2009,0
12-09-2009,0
13-09-2009,0
14-09-2009,0.2
15-09-2009,0
16-09-2009,8.1
17-09-2009,14.9
18-09-2009,0
19-09-2009,8.5
20-09-2009,0.7
21-09-2009,0
22-09-2009,0
23-09-2009,0
24-09-2009,0
25-09-2009,0
26-09-2009,0
27-09-2009,0
28-09-2009,0
29-09-2009,0
30-09-2009,0
01-10-2009,0
02-10-2009,0
03-10-2009,6.3
04-10-2009,10
05-10-2009,3.9
06-10-2009,18.9
07-10-2009,1
08-10-2009,0.1
09-10-2009,3
10-10-2009,5.2
11-10-2009,0
12-10-2009,0
13-10-2009,0
14-10-2009,0
15-10-2009,0
16-10-2009,0
17-10-2009,0
18-10-2009,0
19-10-2009,3.5
20-10-2009,3.6
21-10-2009,10.6
22-10-2009,0.2
23-10-2009,0
24-10-2009,12.9
25-10-2009,0
26-10-2009,0
27-10-2009,0
28-10-2009,0
29-10-2009,0
30-10-2009,0
31-10-2009,0
01-11-2009,24.5
02-11-2009,0.8
03-11-2009,5.6
04-11-2009,7.1
05-11-2009,14.7
06-11-2009,2.6
07-11-2009,7.8
08-11-2009,0.5
09-11-2009,6.2
10-11-2009,0.2
11-11-2009,11.7
12-11-2009,0
13-11-2009,22
14-11-2009,6.5
15-11-2009,18.2
16-11-2009,5.8
17-11-2009,0
18-11-2009,0
19-11-2009,0
20-11-2009,2.2
21-11-2009,1.9
22-11-2009,0.2
23-11-2009,0.2
24-11-2009,8.7
25-11-2009,12.6
26-11-2009,7.7
27-11-2009,1.7
28-11-2009,18.5
29-11-2009,8
30-11-2009,0.5
01-12-2009,1.3
02-12-2009,23.2
03-12-2009,0.7
04-12-2009,0
05-12-2009,22.4
06-12-2009,8
07-12-2009,0.2
08-12-2009,0
09-12-2009,0
10-12-2009,0
11-12-2009,0
12-12-2009,0
13-12-2009,0
14-12-2009,0.2
15-12-2009,0
16-12-2009,11.9
17-12-2009,0
18-12-2009,0
19-12-2009,0
20-12-2009,8.2
21-12-2009,12.1
22-12-2009,9.6
23-12-2009,22.4
24-12-2009,13.7
25-12-2009,0
26-12-2009,0
27-12-2009,9.9
28-12-2009,13.2
29-12-2009,5.9
30-12-2009,0.9
31-12-2009,17.1
01-01-2009,0.1
02-01-2009,7.8
03-01-2009,0
04-01-2009,0
05-01-2009,2.1
06-01-2009,0.5
07-01-2009,0
08-01-2009,5.3
09-01-2009,0
10-01-2009,0
11-01-2009,0
12-01-2009,6.5
13-01-2009,0.4
14-01-2009,0
15-01-2009,3.1
16-01-2009,5
17-01-2009,2.7
18-01-2009,1.8
19-01-2009,17.8
20-01-2009,5.8
21-01-2009,5.4
22-01-2009,10.2
23-01-2009,9.9
24-01-2009,15.4
25-01-2009,17.5
26-01-2009,8.2
27-01-2009,3.2
28-01-2009,19.3
29-01-2009,0.7
30-01-2009,10.6
31-01-2009,1.2
01-02-2009,1
02-02-2009,0.1
03-02-2009,3.8
04-02-2009,21.9
05-02-2009,9.1
06-02-2009,5.4
07-02-2009,2.1
08-02-2009,5.1
09-02-2009,8.8
10-02-2009,0.6
11-02-2009,0.1
12-02-2009,0
13-02-2009,0
14-02-2009,0
15-02-2009,0
16-02-2009,0
17-02-2009,0
18-02-2009,0
19-02-2009,0
20-02-2009,0
21-02-2009,0
22-02-2009,0
23-02-2009,0
24-02-2009,0
25-02-2009,0
26-02-2009,0
27-02-2009,0
28-02-2009,0
01-03-2009,4.4
02-03-2009,0
03-03-2009,7.6
04-03-2009,9.9
05-03-2009,10.6
06-03-2009,6
07-03-2009,1.9
08-03-2009,0.8
09-03-2009,0
10-03-2009,0
11-03-2009,0
12-03-2009,0
13-03-2009,0
14-03-2009,0
15-03-2009,0
16-03-2009,0
17-03-2009,0
18-03-2009,0
19-03-2009,0
20-03-2009,0
21-03-2009,0
22-03-2009,0
23-03-2009,0
24-03-2009,0
25-03-2009,0
26-03-2009,0
27-03-2009,0.7
28-03-2009,5.1
29-03-2009,0
30-03-2009,0
31-03-2009,0
01-04-2009,0
02-04-2009,0
03-04-2009,0.2
04-04-2009,0
05-04-2009,0.6
06-04-2009,10
07-04-2009,0.4
08-04-2009,0
09-04-2009,16
10-04-2009,1.7
11-04-2009,1.5
12-04-2009,0
13-04-2009,3.5
14-04-2009,4.1
15-04-2009,9.4
16-04-2009,2.1
17-04-2009,3.8
18-04-2009,1.1
19-04-2009,0
20-04-2009,0
21-04-2009,0
22-04-2009,0
23-04-2009,0
24-04-2009,4.8
25-04-2009,7.5
26-04-2009,0.4
27-04-2009,3.1
28-04-2009,3.1
29-04-2009,1
30-04-2009,0.2
01-05-2009,0
02-05-2009,0
03-05-2009,0
04-05-2009,0
05-05-2009,0
06-05-2009,0
07-05-2009,0
08-05-2009,0
09-05-2009,0
10-05-2009,20.1
11-05-2009,13.2
12-05-2009,5.4
13-05-2009,3.6
14-05-2009,0
15-05-2009,8.7
16-05-2009,4
17-05-2009,0.3
18-05-2009,0
19-05-2009,0
20-05-2009,0
21-05-2009,0
22-05-2009,0
23-05-2009,6.3
24-05-2009,11.3
25-05-2009,12.6
26-05-2009,0
27-05-2009,0
28-05-2009,0
29-05-2009,0
30-05-2009,0
31-05-2009,0
01-06-2009,0
02-06-2009,0.4
03-06-2009,0
04-06-2009,1.2
05-06-2009,1.6
06-06-2009,2.3
07-06-2009,14.1
08-06-2009,3
09-06-2009,9.2
10-06-2009,2.8
11-06-2009,0
12-06-2009,0
13-06-2009,0
14-06-2009,0
15-06-2009,0
16-06-2009,0
17-06-2009,0
18-06-2009,0
19-06-2009,0
20-06-2009,0
21-06-2009,0
22-06-2009,0.2
23-06-2009,0.1
24-06-2009,3.2
25-06-2009,7.6
26-06-2009,0.3
27-06-2009,2.1
28-06-2009,0
29-06-2009,4.4
30-06-2009,0
01-07-2009,0
02-07-2009,0
03-07-2009,2.9
04-07-2009,7
05-07-2009,2.9
06-07-2009,1.3
07-07-2009,0
08-07-2009,0
09-07-2009,0
10-07-2009,0
11-07-2009,1
12-07-2009,2
13-07-2009,0
14-07-2009,0.5
15-07-2009,0.4
16-07-2009,2.6
17-07-2009,0.5
18-07-2009,0.1
19-07-2009,0
20-07-2009,0
21-07-2009,28.6
22-07-2009,25.6
23-07-2009,0.5
24-07-2009,3.3
25-07-2009,0
26-07-2009,5
27-07-2009,0
28-07-2009,0
29-07-2009,0.1
30-07-2009,0
31-07-2009,13
01-08-2009,1.7
02-08-2009,0
03-08-2009,0
04-08-2009,1.8
05-08-2009,2.1
06-08-2009,2.6
07-08-2009,0
08-08-2009,0
09-08-2009,0
10-08-2009,0
11-08-2009,0
12-08-2009,0
13-08-2009,0
14-08-2009,0
15-08-2009,0
16-08-2009,0
17-08-2009,0
18-08-2009,0
19-08-2009,0.1
20-08-2009,2.4
21-08-2009,0
22-08-2009,0
23-08-2009,0.1
24-08-2009,4.1
25-08-2009,0
26-08-2009,0
27-08-2009,1.1
28-08-2009,0
29-08-2009,0
30-08-2009,0
31-08-2009,2
01-09-2009,0
02-09-2009,0.8
03-09-2009,0.3
04-09-2009,0
05-09-2009,0
06-09-2009,0
07-09-2009,0
08-09-2009,0
09-09-2009,0
10-09-2009,0
11-09-2009,0
12-09-2009,0
13-09-2009,0
14-09-2009,0.2
15-09-2009,0
16-09-2009,8.1
17-09-2009,14.9
18-09-2009,0
19-09-2009,8.5
20-09-2009,0.7
21-09-2009,0
22-09-2009,0
23-09-2009,0
24-09-2009,0
25-09-2009,0
26-09-2009,0
27-09-2009,0
28-09-2009,0
29-09-2009,0
30-09-2009,0
01-10-2009,0
02-10-2009,0
03-10-2009,6.3
04-10-2009,10
05-10-2009,3.9
06-10-2009,18.9
07-10-2009,1
08-10-2009,0.1
09-10-2009,3
10-10-2009,5.2
11-10-2009,0
12-10-2009,0
13-10-2009,0
14-10-2009,0
15-10-2009,0
16-10-2009,0
17-10-2009,0
18-10-2009,0
19-10-2009,3.5
20-10-2009,3.6
21-10-2009,10.6
22-10-2009,0.2
23-10-2009,0
24-10-2009,12.9
25-10-2009,0
26-10-2009,0
27-10-2009,0
28-10-2009,0
29-10-2009,0
30-10-2009,0
31-10-2009,0
01-11-2009,24.5
02-11-2009,0.8
03-11-2009,5.6
04-11-2009,7.1
05-11-2009,14.7
06-11-2009,2.6
07-11-2009,7.8
08-11-2009,0.5
09-11-2009,6.2
10-11-2009,0.2
11-11-2009,11.7
12-11-2009,0
13-11-2009,22
14-11-2009,6.5
15-11-2009,18.2
16-11-2009,5.8
17-11-2009,0
18-11-2009,0
19-11-2009,0
20-11-2009,2.2
21-11-2009,1.9
22-11-2009,0.2
23-11-2009,0.2
24-11-2009,8.7
25-11-2009,12.6
26-11-2009,7.7
27-11-2009,1.7
28-11-2009,18.5
29-11-2009,8
30-11-2009,0.5
01-12-2009,1.3
02-12-2009,23.2
03-12-2009,0.7
04-12-2009,0
05-12-2009,22.4
06-12-2009,8
07-12-2009,0.2
08-12-2009,0
09-12-2009,0
10-12-2009,0
11-12-2009,0
12-12-2009,0
13-12-2009,0
14-12-2009,0.2
15-12-2009,0
16-12-2009,11.9
17-12-2009,0
18-12-2009,0
19-12-2009,0
20-12-2009,8.2
21-12-2009,12.1
22-12-2009,9.6
23-12-2009,22.4
24-12-2009,13.7
25-12-2009,0
26-12-2009,0
27-12-2009,9.9
28-12-2009,13.2
29-12-2009,5.9
30-12-2009,0.9
31-12-2009,17.1
FECHA,Precipitación: l/m2
01-01-2010,3.3
02-01-2010,3.1
03-01-2010,0
04-01-2010,0
05-01-2010,4.1
06-01-2010,9.4
07-01-2010,10.4
08-01-2010,5.1
09-01-2010,3.1
10-01-2010,1.4
11-01-2010,11.8
12-01-2010,3.8
13-01-2010,12.1
14-01-2010,0.1
15-01-2010,10
16-01-2010,0
17-01-2010,0.4
18-01-2010,0
19-01-2010,9.7
20-01-2010,1.1
21-01-2010,0.5
22-01-2010,32.8
23-01-2010,7.1
24-01-2010,0
25-01-2010,5.9
26-01-2010,0
27-01-2010,0
28-01-2010,4.7
29-01-2010,1.2
30-01-2010,8.1
31-01-2010,1.1
01-02-2010,0
02-02-2010,0
03-02-2010,0
04-02-2010,20.1
05-02-2010,2.4
06-02-2010,0
07-02-2010,4.2
08-02-2010,2.8
09-02-2010,0
10-02-2010,0
11-02-2010,0
12-02-2010,0
13-02-2010,0
14-02-2010,0
15-02-2010,0
16-02-2010,0.3
17-02-2010,0.8
18-02-2010,7
19-02-2010,13.9
20-02-2010,1.6
21-02-2010,6.4
22-02-2010,4.2
23-02-2010,3.4
24-02-2010,10.6
25-02-2010,5
26-02-2010,3.9
27-02-2010,27.6
28-02-2010,2.5
01-03-2010,0.3
02-03-2010,2.4
03-03-2010,0.2
04-03-2010,0
05-03-2010,0
06-03-2010,3.9
07-03-2010,0.6
08-03-2010,0
09-03-2010,0
10-03-2010,0
11-03-2010,0
12-03-2010,0.1
13-03-2010,3.8
14-03-2010,0
15-03-2010,0
16-03-2010,0
17-03-2010,0.2
18-03-2010,1.3
19-03-2010,0.9
20-03-2010,9.1
21-03-2010,0
22-03-2010,0
23-03-2010,0
24-03-2010,8.5
25-03-2010,4
26-03-2010,3.8
27-03-2010,0
28-03-2010,0
29-03-2010,10.2
30-03-2010,3.8
31-03-2010,6.9
01-04-2010,8.3
02-04-2010,4.6
03-04-2010,3.8
04-04-2010,0.6
05-04-2010,0
06-04-2010,8.9
07-04-2010,0
08-04-2010,0
09-04-2010,0
10-04-2010,0
11-04-2010,0
12-04-2010,0
13-04-2010,0
14-04-2010,0
15-04-2010,1.5
16-04-2010,1.2
17-04-2010,3.5
18-04-2010,0
19-04-2010,0
20-04-2010,1.2
21-04-2010,1.6
22-04-2010,0
23-04-2010,0
24-04-2010,0
25-04-2010,0
26-04-2010,0
27-04-2010,0
28-04-2010,1.8
29-04-2010,0.9
30-04-2010,4.2
01-05-2010,0
02-05-2010,1.6
FECHA,Precipitación: l/m2
03-05-2010,0.9
04-05-2010,0.5
05-05-2010,0
06-05-2010,5
07-05-2010,5.6
08-05-2010,16.3
09-05-2010,10.8
10-05-2010,12.5
11-05-2010,4
12-05-2010,3
13-05-2010,2.7
14-05-2010,0
15-05-2010,0
16-05-2010,0
17-05-2010,0
18-05-2010,0
19-05-2010,0
20-05-2010,0
21-05-2010,0
22-05-2010,0
23-05-2010,0
24-05-2010,23.2
25-05-2010,0.5
26-05-2010,0.2
27-05-2010,0
28-05-2010,1.3
29-05-2010,0.5
30-05-2010,0
31-05-2010,0
01-06-2010,0.3
02-06-2010,0
03-06-2010,0
04-06-2010,0
05-06-2010,0
06-06-2010,0
07-06-2010,0.6
08-06-2010,34
09-06-2010,13.9
10-06-2010,24.9
11-06-2010,7.5
12-06-2010,0
13-06-2010,1
14-06-2010,0
15-06-2010,0
16-06-2010,0
17-06-2010,0
18-06-2010,0
19-06-2010,0
20-06-2010,0
21-06-2010,0
22-06-2010,0
23-06-2010,0
24-06-2010,0
25-06-2010,0
26-06-2010,0
27-06-2010,0
28-06-2010,0
29-06-2010,0
30-06-2010,0
01-07-2010,3.5
02-07-2010,6.8
03-07-2010,0
04-07-2010,0
05-07-2010,0
06-07-2010,0
07-07-2010,9.2
08-07-2010,3.8
09-07-2010,0
10-07-2010,0
11-07-2010,0
12-07-2010,2.3
13-07-2010,0.1
14-07-2010,0.7
15-07-2010,7.7
16-07-2010,0
17-07-2010,0
18-07-2010,0
19-07-2010,0
20-07-2010,0.9
21-07-2010,0
22-07-2010,0
23-07-2010,0
24-07-2010,0
25-07-2010,0
26-07-2010,0
27-07-2010,0
28-07-2010,0
29-07-2010,0
30-07-2010,0
31-07-2010,0
01-08-2010,0
02-08-2010,0
03-08-2010,0
04-08-2010,0.1
05-08-2010,0
06-08-2010,0
07-08-2010,0
08-08-2010,0
09-08-2010,0
10-08-2010,0
11-08-2010,0.8
12-08-2010,0
13-08-2010,0
14-08-2010,0
15-08-2010,0
16-08-2010,0
17-08-2010,1.2
18-08-2010,0.5
19-08-2010,0
20-08-2010,0
21-08-2010,0
22-08-2010,0
23-08-2010,5.6
24-08-2010,0
25-08-2010,0
26-08-2010,0
27-08-2010,0.1
28-08-2010,0
29-08-2010,0
30-08-2010,0
31-08-2010,0.4
01-09-2010,0.8
FECHA,Precipitación: l/m2
02-09-2010,0
03-09-2010,0
04-09-2010,0
05-09-2010,0
06-09-2010,20.6
07-09-2010,1.6
08-09-2010,0
09-09-2010,0
10-09-2010,0
11-09-2010,0
12-09-2010,0
13-09-2010,0
14-09-2010,0
15-09-2010,0
16-09-2010,0
17-09-2010,0
18-09-2010,0
19-09-2010,0
20-09-2010,0
21-09-2010,0
22-09-2010,0
23-09-2010,1.4
24-09-2010,0.2
25-09-2010,0.1
26-09-2010,0
27-09-2010,0
28-09-2010,0
29-09-2010,5.8
30-09-2010,0
01-10-2010,0.1
02-10-2010,16.4
03-10-2010,28.5
04-10-2010,0
05-10-2010,32.4
06-10-2010,0
07-10-2010,2
08-10-2010,37.3
09-10-2010,0
10-10-2010,0
11-10-2010,0.2
12-10-2010,0
13-10-2010,0
14-10-2010,0
15-10-2010,0
16-10-2010,0
17-10-2010,0
18-10-2010,0
19-10-2010,0
20-10-2010,0
21-10-2010,0
22-10-2010,1.6
23-10-2010,0.2
24-10-2010,1.5
25-10-2010,0
26-10-2010,0
27-10-2010,0
28-10-2010,5.2
29-10-2010,11.6
30-10-2010,12.2
31-10-2010,6.1
01-11-2010,0
02-11-2010,0
03-11-2010,0
04-11-2010,0
05-11-2010,0
06-11-2010,2
07-11-2010,5
08-11-2010,16.4
09-11-2010,4.9
10-11-2010,1.3
11-11-2010,0
12-11-2010,0.7
13-11-2010,40.6
14-11-2010,21.3
15-11-2010,2.9
16-11-2010,10.9
17-11-2010,1.5
18-11-2010,4.4
19-11-2010,19.5
20-11-2010,19.4
21-11-2010,17.9
22-11-2010,2.8
23-11-2010,0
24-11-2010,0
25-11-2010,1.2
26-11-2010,4.1
27-11-2010,12.7
28-11-2010,3.2
29-11-2010,5.8
30-11-2010,3.3
01-12-2010,15.1
02-12-2010,10.5
03-12-2010,3.3
04-12-2010,11.2
05-12-2010,11.8
06-12-2010,15.9
07-12-2010,24.3
08-12-2010,0.8
09-12-2010,0.4
10-12-2010,0
11-12-2010,0
12-12-2010,0
13-12-2010,0
14-12-2010,0
15-12-2010,0
16-12-2010,0
17-12-2010,4.8
18-12-2010,0
19-12-2010,0
20-12-2010,0
21-12-2010,3.8
22-12-2010,17.2
23-12-2010,2.5
24-12-2010,0
25-12-2010,0
26-12-2010,0
27-12-2010,0
28-12-2010,7.6
29-12-2010,0.1
30-12-2010,0.4
31-12-2010,0
01-01-2010,3.3
02-01-2010,3.1
03-01-2010,0
04-01-2010,0
05-01-2010,4.1
06-01-2010,9.4
07-01-2010,10.4
08-01-2010,5.1
09-01-2010,3.1
10-01-2010,1.4
11-01-2010,11.8
12-01-2010,3.8
13-01-2010,12.1
14-01-2010,0.1
15-01-2010,10
16-01-2010,0
17-01-2010,0.4
18-01-2010,0
19-01-2010,9.7
20-01-2010,1.1
21-01-2010,0.5
22-01-2010,32.8
23-01-2010,7.1
24-01-2010,0
25-01-2010,5.9
26-01-2010,0
27-01-2010,0
28-01-2010,4.7
29-01-2010,1.2
30-01-2010,8.1
31-01-2010,1.1
01-02-2010,0
02-02-2010,0
03-02-2010,0
04-02-2010,20.1
05-02-2010,2.4
06-02-2010,0
07-02-2010,4.2
08-02-2010,2.8
09-02-2010,0
10-02-2010,0
11-02-2010,0
12-02-2010,0
13-02-2010,0
14-02-2010,0
15-02-2010,0
16-02-2010,0.3
17-02-2010,0.8
18-02-2010,7
19-02-2010,13.9
20-02-2010,1.6
21-02-2010,6.4
22-02-2010,4.2
23-02-2010,3.4
24-02-2010,10.6
25-02-2010,5
26-02-2010,3.9
27-02-2010,27.6
28-02-2010,2.5
01-03-2010,0.3
02-03-2010,2.4
03-03-2010,0.2
04-03-2010,0
05-03-2010,0
06-03-2010,3.9
07-03-2010,0.6
08-03-2010,0
09-03-2010,0
10-03-2010,0
11-03-2010,0
12-03-2010,0.1
13-03-2010,3.8
14-03-2010,0
15-03-2010,0
16-03-2010,0
17-03-2010,0.2
18-03-2010,1.3
19-03-2010,0.9
20-03-2010,9.1
21-03-2010,0
22-03-2010,0
23-03-2010,0
24-03-2010,8.5
25-03-2010,4
26-03-2010,3.8
27-03-2010,0
28-03-2010,0
29-03-2010,10.2
30-03-2010,3.8
31-03-2010,6.9
01-04-2010,8.3
02-04-2010,4.6
03-04-2010,3.8
04-04-2010,0.6
05-04-2010,0
06-04-2010,8.9
07-04-2010,0
08-04-2010,0
09-04-2010,0
10-04-2010,0
11-04-2010,0
12-04-2010,0
13-04-2010,0
14-04-2010,0
15-04-2010,1.5
16-04-2010,1.2
17-04-2010,3.5
18-04-2010,0
19-04-2010,0
20-04-2010,1.2
21-04-2010,1.6
22-04-2010,0
23-04-2010,0
24-04-2010,0
25-04-2010,0
26-04-2010,0
27-04-2010,0
28-04-2010,1.8
29-04-2010,0.9
30-04-2010,4.2
01-05-2010,0
02-05-2010,1.6
03-05-2010,0.9
04-05-2010,0.5
05-05-2010,0
06-05-2010,5
07-05-2010,5.6
08-05-2010,16.3
09-05-2010,10.8
10-05-2010,12.5
11-05-2010,4
12-05-2010,3
13-05-2010,2.7
14-05-2010,0
15-05-2010,0
16-05-2010,0
17-05-2010,0
18-05-2010,0
19-05-2010,0
20-05-2010,0
21-05-2010,0
22-05-2010,0
23-05-2010,0
24-05-2010,23.2
25-05-2010,0.5
26-05-2010,0.2
27-05-2010,0
28-05-2010,1.3
29-05-2010,0.5
30-05-2010,0
31-05-2010,0
01-06-2010,0.3
02-06-2010,0
03-06-2010,0
04-06-2010,0
05-06-2010,0
06-06-2010,0
07-06-2010,0.6
08-06-2010,34
09-06-2010,13.9
10-06-2010,24.9
11-06-2010,7.5
12-06-2010,0
13-06-2010,1
14-06-2010,0
15-06-2010,0
16-06-2010,0
17-06-2010,0
18-06-2010,0
19-06-2010,0
20-06-2010,0
21-06-2010,0
22-06-2010,0
23-06-2010,0
24-06-2010,0
25-06-2010,0
26-06-2010,0
27-06-2010,0
28-06-2010,0
29-06-2010,0
30-06-2010,0
01-07-2010,3.5
02-07-2010,6.8
03-07-2010,0
04-07-2010,0
05-07-2010,0
06-07-2010,0
07-07-2010,9.2
08-07-2010,3.8
09-07-2010,0
10-07-2010,0
11-07-2010,0
12-07-2010,2.3
13-07-2010,0.1
14-07-2010,0.7
15-07-2010,7.7
16-07-2010,0
17-07-2010,0
18-07-2010,0
19-07-2010,0
20-07-2010,0.9
21-07-2010,0
22-07-2010,0
23-07-2010,0
24-07-2010,0
25-07-2010,0
26-07-2010,0
27-07-2010,0
28-07-2010,0
29-07-2010,0
30-07-2010,0
31-07-2010,0
01-08-2010,0
02-08-2010,0
03-08-2010,0
04-08-2010,0.1
05-08-2010,0
06-08-2010,0
07-08-2010,0
08-08-2010,0
09-08-2010,0
10-08-2010,0
11-08-2010,0.8
12-08-2010,0
13-08-2010,0
14-08-2010,0
15-08-2010,0
16-08-2010,0
17-08-2010,1.2
18-08-2010,0.5
19-08-2010,0
20-08-2010,0
21-08-2010,0
22-08-2010,0
23-08-2010,5.6
24-08-2010,0
25-08-2010,0
26-08-2010,0
27-08-2010,0.1
28-08-2010,0
29-08-2010,0
30-08-2010,0
31-08-2010,0.4
01-09-2010,0.8
02-09-2010,0
03-09-2010,0
04-09-2010,0
05-09-2010,0
06-09-2010,20.6
07-09-2010,1.6
08-09-2010,0
09-09-2010,0
10-09-2010,0
11-09-2010,0
12-09-2010,0
13-09-2010,0
14-09-2010,0
15-09-2010,0
16-09-2010,0
17-09-2010,0
18-09-2010,0
19-09-2010,0
20-09-2010,0
21-09-2010,0
22-09-2010,0
23-09-2010,1.4
24-09-2010,0.2
25-09-2010,0.1
26-09-2010,0
27-09-2010,0
28-09-2010,0
29-09-2010,5.8
30-09-2010,0
01-10-2010,0.1
02-10-2010,16.4
03-10-2010,28.5
04-10-2010,0
05-10-2010,32.4
06-10-2010,0
07-10-2010,2
08-10-2010,37.3
09-10-2010,0
10-10-2010,0
11-10-2010,0.2
12-10-2010,0
13-10-2010,0
14-10-2010,0
15-10-2010,0
16-10-2010,0
17-10-2010,0
18-10-2010,0
19-10-2010,0
20-10-2010,0
21-10-2010,0
22-10-2010,1.6
23-10-2010,0.2
24-10-2010,1.5
25-10-2010,0
26-10-2010,0
27-10-2010,0
28-10-2010,5.2
29-10-2010,11.6
30-10-2010,12.2
31-10-2010,6.1
01-11-2010,0
02-11-2010,0
03-11-2010,0
04-11-2010,0
05-11-2010,0
06-11-2010,2
07-11-2010,5
08-11-2010,16.4
09-11-2010,4.9
10-11-2010,1.3
11-11-2010,0
12-11-2010,0.7
13-11-2010,40.6
14-11-2010,21.3
15-11-2010,2.9
16-11-2010,10.9
17-11-2010,1.5
18-11-2010,4.4
19-11-2010,19.5
20-11-2010,19.4
21-11-2010,17.9
22-11-2010,2.8
23-11-2010,0
24-11-2010,0
25-11-2010,1.2
26-11-2010,4.1
27-11-2010,12.7
28-11-2010,3.2
29-11-2010,5.8
30-11-2010,3.3
01-12-2010,15.1
02-12-2010,10.5
03-12-2010,3.3
04-12-2010,11.2
05-12-2010,11.8
06-12-2010,15.9
07-12-2010,24.3
08-12-2010,0.8
09-12-2010,0.4
10-12-2010,0
11-12-2010,0
12-12-2010,0
13-12-2010,0
14-12-2010,0
15-12-2010,0
16-12-2010,0
17-12-2010,4.8
18-12-2010,0
19-12-2010,0
20-12-2010,0
21-12-2010,3.8
22-12-2010,17.2
23-12-2010,2.5
24-12-2010,0
25-12-2010,0
26-12-2010,0
27-12-2010,0
28-12-2010,7.6
29-12-2010,0.1
30-12-2010,0.4
31-12-2010,0
FECHA,Precipitación: l/m2
01-01-2011,0
02-01-2011,0
03-01-2011,5.5
04-01-2011,17
05-01-2011,16.9
06-01-2011,1.1
07-01-2011,2.8
08-01-2011,12.6
09-01-2011,0
10-01-2011,0.3
11-01-2011,2.1
12-01-2011,0.2
13-01-2011,0
14-01-2011,0.8
15-01-2011,0
16-01-2011,12.3
17-01-2011,1.6
18-01-2011,1.1
19-01-2011,3.5
20-01-2011,0
21-01-2011,0
22-01-2011,0
23-01-2011,0
24-01-2011,0
25-01-2011,0
26-01-2011,5.5
27-01-2011,0.3
28-01-2011,7.9
29-01-2011,4.7
30-01-2011,1.5
31-01-2011,0
01-02-2011,0
02-02-2011,0
03-02-2011,0
04-02-2011,0
05-02-2011,0
06-02-2011,0
07-02-2011,0
08-02-2011,0
09-02-2011,0
10-02-2011,0
11-02-2011,5.5
12-02-2011,0.5
13-02-2011,19.9
14-02-2011,10.8
15-02-2011,13.5
16-02-2011,18.8
17-02-2011,2.5
18-02-2011,3.4
19-02-2011,0
20-02-2011,4.9
21-02-2011,0
22-02-2011,0.9
23-02-2011,0
24-02-2011,0
25-02-2011,0
26-02-2011,1.8
27-02-2011,0.1
28-02-2011,1
01-03-2011,0.1
02-03-2011,0
03-03-2011,0
04-03-2011,0
05-03-2011,0
06-03-2011,0
07-03-2011,0
08-03-2011,0
09-03-2011,0
10-03-2011,0
11-03-2011,0.6
12-03-2011,23.6
13-03-2011,5.4
14-03-2011,1.4
15-03-2011,13
16-03-2011,0.6
17-03-2011,0
18-03-2011,0
19-03-2011,0
20-03-2011,0
21-03-2011,0
22-03-2011,0
23-03-2011,0
24-03-2011,0
25-03-2011,0
26-03-2011,11.6
27-03-2011,5.7
28-03-2011,2.3
29-03-2011,4.4
30-03-2011,0.6
31-03-2011,0
01-04-2011,0
02-04-2011,0.3
03-04-2011,0
04-04-2011,0
05-04-2011,0
06-04-2011,0
07-04-2011,0
08-04-2011,0
09-04-2011,0
10-04-2011,0
11-04-2011,0
12-04-2011,0
13-04-2011,0
14-04-2011,0
15-04-2011,0
16-04-2011,0
17-04-2011,0
18-04-2011,0.1
19-04-2011,20.4
20-04-2011,5.6
21-04-2011,15.1
22-04-2011,24.6
23-04-2011,5.2
24-04-2011,0
25-04-2011,0
26-04-2011,0
27-04-2011,0
28-04-2011,0
29-04-2011,0
30-04-2011,0
01-05-2011,0
02-05-2011,0
FECHA,Precipitación: l/m2
03-05-2011,0
04-05-2011,0
05-05-2011,0
06-05-2011,0
07-05-2011,6.5
08-05-2011,0.2
09-05-2011,0
10-05-2011,0
11-05-2011,0
12-05-2011,0
13-05-2011,0
14-05-2011,0
15-05-2011,0
16-05-2011,0
17-05-2011,0
18-05-2011,0
19-05-2011,0
20-05-2011,0
21-05-2011,0
22-05-2011,0
23-05-2011,0
24-05-2011,0
25-05-2011,0
26-05-2011,0
27-05-2011,0
28-05-2011,0
29-05-2011,9
30-05-2011,2.2
31-05-2011,0
01-06-2011,0
02-06-2011,0
03-06-2011,0
04-06-2011,0
05-06-2011,1.2
06-06-2011,0.3
07-06-2011,0.5
08-06-2011,0
09-06-2011,0
10-06-2011,0
11-06-2011,0
12-06-2011,0
13-06-2011,0.4
14-06-2011,0
15-06-2011,0
16-06-2011,0
17-06-2011,3
18-06-2011,0
19-06-2011,0
20-06-2011,0
21-06-2011,0.8
22-06-2011,0.6
23-06-2011,0
24-06-2011,0
25-06-2011,0
26-06-2011,0
27-06-2011,0
28-06-2011,0
29-06-2011,0
30-06-2011,0
01-07-2011,0
02-07-2011,0
03-07-2011,0
04-07-2011,0.3
05-07-2011,0.7
06-07-2011,0
07-07-2011,0
08-07-2011,1.5
09-07-2011,0
10-07-2011,0
11-07-2011,2.6
12-07-2011,0
13-07-2011,0
14-07-2011,0
15-07-2011,0.7
16-07-2011,2.1
17-07-2011,0
18-07-2011,3.5
19-07-2011,0.3
20-07-2011,2.2
21-07-2011,0
22-07-2011,0
23-07-2011,0
24-07-2011,0.7
25-07-2011,4.5
26-07-2011,0
27-07-2011,0
28-07-2011,0
29-07-2011,0
30-07-2011,0
31-07-2011,0
01-08-2011,0
02-08-2011,0
03-08-2011,0
04-08-2011,6.2
05-08-2011,0.5
06-08-2011,0.3
07-08-2011,0.9
08-08-2011,0
09-08-2011,0
10-08-2011,0
11-08-2011,0
12-08-2011,0
13-08-2011,3.1
14-08-2011,15.8
15-08-2011,0
16-08-2011,0
17-08-2011,0
18-08-2011,0
19-08-2011,0
20-08-2011,0
21-08-2011,1.2
22-08-2011,9.1
23-08-2011,0
24-08-2011,0
25-08-2011,2.7
26-08-2011,0
27-08-2011,0
28-08-2011,0
29-08-2011,0
30-08-2011,1.2
31-08-2011,8.2
01-09-2011,0
FECHA,Precipitación: l/m2
02-09-2011,0
03-09-2011,11.5
04-09-2011,0
05-09-2011,0
06-09-2011,0
07-09-2011,0
08-09-2011,0
09-09-2011,0.3
10-09-2011,1
11-09-2011,0.1
12-09-2011,0
13-09-2011,0.4
14-09-2011,0
15-09-2011,0.3
16-09-2011,0
17-09-2011,0
18-09-2011,0
19-09-2011,0
20-09-2011,0
21-09-2011,0
22-09-2011,0
23-09-2011,0
24-09-2011,0
25-09-2011,0
26-09-2011,0
27-09-2011,1.7
28-09-2011,1.4
29-09-2011,0
30-09-2011,0
01-10-2011,0
02-10-2011,0
03-10-2011,0
04-10-2011,0
05-10-2011,0
06-10-2011,0
07-10-2011,0
08-10-2011,0
09-10-2011,0
10-10-2011,0
11-10-2011,0
12-10-2011,0
13-10-2011,0
14-10-2011,0
15-10-2011,0
16-10-2011,0
17-10-2011,0
18-10-2011,2.6
19-10-2011,1.1
20-10-2011,0
21-10-2011,0
22-10-2011,0
23-10-2011,41.7
24-10-2011,9.7
25-10-2011,3.4
26-10-2011,29.6
27-10-2011,2.7
28-10-2011,0
29-10-2011,0
30-10-2011,0
31-10-2011,13
01-11-2011,0.2
02-11-2011,4.4
03-11-2011,10.5
04-11-2011,3.9
05-11-2011,5.6
06-11-2011,0.4
07-11-2011,0
08-11-2011,1.2
09-11-2011,12.1
10-11-2011,17.6
11-11-2011,1.6
12-11-2011,0
13-11-2011,0.9
14-11-2011,0
15-11-2011,8.2
16-11-2011,1.8
17-11-2011,0
18-11-2011,0.9
19-11-2011,0.3
20-11-2011,0.2
21-11-2011,20.7
22-11-2011,15.5
23-11-2011,0
24-11-2011,0
25-11-2011,0
26-11-2011,0
27-11-2011,0
28-11-2011,0
29-11-2011,9
30-11-2011,0
01-12-2011,22.1
02-12-2011,4.5
03-12-2011,4.9
04-12-2011,5.9
05-12-2011,13.8
06-12-2011,1.1
07-12-2011,2
08-12-2011,0.9
09-12-2011,7.4
10-12-2011,0
11-12-2011,3.2
12-12-2011,0
13-12-2011,20.6
14-12-2011,8
15-12-2011,2.2
16-12-2011,8.2
17-12-2011,8.9
18-12-2011,0
19-12-2011,0
20-12-2011,3.5
21-12-2011,0.5
22-12-2011,0
23-12-2011,1.1
24-12-2011,0
25-12-2011,0
26-12-2011,0
27-12-2011,0
28-12-2011,1.1
29-12-2011,0
30-12-2011,0.2
31-12-2011,1.6
01-01-2011,0
02-01-2011,0
03-01-2011,5.5
04-01-2011,17
05-01-2011,16.9
06-01-2011,1.1
07-01-2011,2.8
08-01-2011,12.6
09-01-2011,0
10-01-2011,0.3
11-01-2011,2.1
12-01-2011,0.2
13-01-2011,0
14-01-2011,0.8
15-01-2011,0
16-01-2011,12.3
17-01-2011,1.6
18-01-2011,1.1
19-01-2011,3.5
20-01-2011,0
21-01-2011,0
22-01-2011,0
23-01-2011,0
24-01-2011,0
25-01-2011,0
26-01-2011,5.5
27-01-2011,0.3
28-01-2011,7.9
29-01-2011,4.7
30-01-2011,1.5
31-01-2011,0
01-02-2011,0
02-02-2011,0
03-02-2011,0
04-02-2011,0
05-02-2011,0
06-02-2011,0
07-02-2011,0
08-02-2011,0
09-02-2011,0
10-02-2011,0
11-02-2011,5.5
12-02-2011,0.5
13-02-2011,19.9
14-02-2011,10.8
15-02-2011,13.5
16-02-2011,18.8
17-02-2011,2.5
18-02-2011,3.4
19-02-2011,0
20-02-2011,4.9
21-02-2011,0
22-02-2011,0.9
23-02-2011,0
24-02-2011,0
25-02-2011,0
26-02-2011,1.8
27-02-2011,0.1
28-02-2011,1
01-03-2011,0.1
02-03-2011,0
03-03-2011,0
04-03-2011,0
05-03-2011,0
06-03-2011,0
07-03-2011,0
08-03-2011,0
09-03-2011,0
10-03-2011,0
11-03-2011,0.6
12-03-2011,23.6
13-03-2011,5.4
14-03-2011,1.4
15-03-2011,13
16-03-2011,0.6
17-03-2011,0
18-03-2011,0
19-03-2011,0
20-03-2011,0
21-03-2011,0
22-03-2011,0
23-03-2011,0
24-03-2011,0
25-03-2011,0
26-03-2011,11.6
27-03-2011,5.7
28-03-2011,2.3
29-03-2011,4.4
30-03-2011,0.6
31-03-2011,0
01-04-2011,0
02-04-2011,0.3
03-04-2011,0
04-04-2011,0
05-04-2011,0
06-04-2011,0
07-04-2011,0
08-04-2011,0
09-04-2011,0
10-04-2011,0
11-04-2011,0
12-04-2011,0
13-04-2011,0
14-04-2011,0
15-04-2011,0
16-04-2011,0
17-04-2011,0
18-04-2011,0.1
19-04-2011,20.4
20-04-2011,5.6
21-04-2011,15.1
22-04-2011,24.6
23-04-2011,5.2
24-04-2011,0
25-04-2011,0
26-04-2011,0
27-04-2011,0
28-04-2011,0
29-04-2011,0
30-04-2011,0
01-05-2011,0
02-05-2011,0
03-05-2011,0
04-05-2011,0
05-05-2011,0
06-05-2011,0
07-05-2011,6.5
08-05-2011,0.2
09-05-2011,0
10-05-2011,0
11-05-2011,0
12-05-2011,0
13-05-2011,0
14-05-2011,0
15-05-2011,0
16-05-2011,0
17-05-2011,0
18-05-2011,0
19-05-2011,0
20-05-2011,0
21-05-2011,0
22-05-2011,0
23-05-2011,0
24-05-2011,0
25-05-2011,0
26-05-2011,0
27-05-2011,0
28-05-2011,0
29-05-2011,9
30-05-2011,2.2
31-05-2011,0
01-06-2011,0
02-06-2011,0
03-06-2011,0
04-06-2011,0
05-06-2011,1.2
06-06-2011,0.3
07-06-2011,0.5
08-06-2011,0
09-06-2011,0
10-06-2011,0
11-06-2011,0
12-06-2011,0
13-06-2011,0.4
14-06-2011,0
15-06-2011,0
16-06-2011,0
17-06-2011,3
18-06-2011,0
19-06-2011,0
20-06-2011,0
21-06-2011,0.8
22-06-2011,0.6
23-06-2011,0
24-06-2011,0
25-06-2011,0
26-06-2011,0
27-06-2011,0
28-06-2011,0
29-06-2011,0
30-06-2011,0
01-07-2011,0
02-07-2011,0
03-07-2011,0
04-07-2011,0.3
05-07-2011,0.7
06-07-2011,0
07-07-2011,0
08-07-2011,1.5
09-07-2011,0
10-07-2011,0
11-07-2011,2.6
12-07-2011,0
13-07-2011,0
14-07-2011,0
15-07-2011,0.7
16-07-2011,2.1
17-07-2011,0
18-07-2011,3.5
19-07-2011,0.3
20-07-2011,2.2
21-07-2011,0
22-07-2011,0
23-07-2011,0
24-07-2011,0.7
25-07-2011,4.5
26-07-2011,0
27-07-2011,0
28-07-2011,0
29-07-2011,0
30-07-2011,0
31-07-2011,0
01-08-2011,0
02-08-2011,0
03-08-2011,0
04-08-2011,6.2
05-08-2011,0.5
06-08-2011,0.3
07-08-2011,0.9
08-08-2011,0
09-08-2011,0
10-08-2011,0
11-08-2011,0
12-08-2011,0
13-08-2011,3.1
14-08-2011,15.8
15-08-2011,0
16-08-2011,0
17-08-2011,0
18-08-2011,0
19-08-2011,0
20-08-2011,0
21-08-2011,1.2
22-08-2011,9.1
23-08-2011,0
24-08-2011,0
25-08-2011,2.7
26-08-2011,0
27-08-2011,0
28-08-2011,0
29-08-2011,0
30-08-2011,1.2
31-08-2011,8.2
01-09-2011,0
02-09-2011,0
03-09-2011,11.5
04-09-2011,0
05-09-2011,0
06-09-2011,0
07-09-2011,0
08-09-2011,0
09-09-2011,0.3
10-09-2011,1
11-09-2011,0.1
12-09-2011,0
13-09-2011,0.4
14-09-2011,0
15-09-2011,0.3
16-09-2011,0
17-09-2011,0
18-09-2011,0
19-09-2011,0
20-09-2011,0
21-09-2011,0
22-09-2011,0
23-09-2011,0
24-09-2011,0
25-09-2011,0
26-09-2011,0
27-09-2011,1.7
28-09-2011,1.4
29-09-2011,0
30-09-2011,0
01-10-2011,0
02-10-2011,0
03-10-2011,0
04-10-2011,0
05-10-2011,0
06-10-2011,0
07-10-2011,0
08-10-2011,0
09-10-2011,0
10-10-2011,0
11-10-2011,0
12-10-2011,0
13-10-2011,0
14-10-2011,0
15-10-2011,0
16-10-2011,0
17-10-2011,0
18-10-2011,2.6
19-10-2011,1.1
20-10-2011,0
21-10-2011,0
22-10-2011,0
23-10-2011,41.7
24-10-2011,9.7
25-10-2011,3.4
26-10-2011,29.6
27-10-2011,2.7
28-10-2011,0
29-10-2011,0
30-10-2011,0
31-10-2011,13
01-11-2011,0.2
02-11-2011,4.4
03-11-2011,10.5
04-11-2011,3.9
05-11-2011,5.6
06-11-2011,0.4
07-11-2011,0
08-11-2011,1.2
09-11-2011,12.1
10-11-2011,17.6
11-11-2011,1.6
12-11-2011,0
13-11-2011,0.9
14-11-2011,0
15-11-2011,8.2
16-11-2011,1.8
17-11-2011,0
18-11-2011,0.9
19-11-2011,0.3
20-11-2011,0.2
21-11-2011,20.7
22-11-2011,15.5
23-11-2011,0
24-11-2011,0
25-11-2011,0
26-11-2011,0
27-11-2011,0
28-11-2011,0
29-11-2011,9
30-11-2011,0
01-12-2011,22.1
02-12-2011,4.5
03-12-2011,4.9
04-12-2011,5.9
05-12-2011,13.8
06-12-2011,1.1
07-12-2011,2
08-12-2011,0.9
09-12-2011,7.4
10-12-2011,0
11-12-2011,3.2
12-12-2011,0
13-12-2011,20.6
14-12-2011,8
15-12-2011,2.2
16-12-2011,8.2
17-12-2011,8.9
18-12-2011,0
19-12-2011,0
20-12-2011,3.5
21-12-2011,0.5
22-12-2011,0
23-12-2011,1.1
24-12-2011,0
25-12-2011,0
26-12-2011,0
27-12-2011,0
28-12-2011,1.1
29-12-2011,0
30-12-2011,0.2
31-12-2011,1.6
FECHA,Precipitación: l/m2
01-01-2012,15.9
02-01-2012,1.9
03-01-2012,2.5
04-01-2012,0.9
05-01-2012,1.6
06-01-2012,1.9
07-01-2012,0
08-01-2012,0
09-01-2012,0
10-01-2012,0
11-01-2012,0
12-01-2012,0
13-01-2012,0
14-01-2012,3.1
15-01-2012,2.1
16-01-2012,0
17-01-2012,0.2
18-01-2012,0.7
19-01-2012,0.9
20-01-2012,2.4
21-01-2012,0.9
22-01-2012,0
23-01-2012,0
24-01-2012,0
25-01-2012,4.8
26-01-2012,0.6
27-01-2012,0.3
28-01-2012,0
29-01-2012,0
30-01-2012,0
31-01-2012,10.3
01-02-2012,4.2
02-02-2012,0
03-02-2012,0
04-02-2012,0.2
05-02-2012,2.6
06-02-2012,1.1
07-02-2012,0
08-02-2012,0
09-02-2012,0
10-02-2012,0
11-02-2012,0
12-02-2012,0
13-02-2012,1.5
14-02-2012,0.8
15-02-2012,0
16-02-2012,0
17-02-2012,0
18-02-2012,0
19-02-2012,0
20-02-2012,0
21-02-2012,0
22-02-2012,0
23-02-2012,0
24-02-2012,0
25-02-2012,0
26-02-2012,0
27-02-2012,0
28-02-2012,0
29-02-2012,0
01-03-2012,1.8
02-03-2012,1.8
03-03-2012,0
04-03-2012,0.5
05-03-2012,0
06-03-2012,1
07-03-2012,1.5
08-03-2012,0
09-03-2012,0
10-03-2012,0
11-03-2012,0
12-03-2012,0
13-03-2012,0
14-03-2012,0
15-03-2012,0
16-03-2012,10.1
17-03-2012,5.5
18-03-2012,1.9
19-03-2012,0.3
20-03-2012,0
21-03-2012,0
22-03-2012,0
23-03-2012,0
24-03-2012,0
25-03-2012,0
26-03-2012,0
27-03-2012,0
28-03-2012,0
29-03-2012,0
30-03-2012,0
31-03-2012,0
01-04-2012,0
02-04-2012,0
03-04-2012,0.8
04-04-2012,1.2
05-04-2012,0.1
06-04-2012,8.7
07-04-2012,0
08-04-2012,0
09-04-2012,13.9
10-04-2012,2.4
11-04-2012,7.6
12-04-2012,9.4
13-04-2012,10.4
14-04-2012,7.4
15-04-2012,1.5
16-04-2012,0.2
17-04-2012,15.1
18-04-2012,25.6
19-04-2012,8.3
20-04-2012,1.7
21-04-2012,2.9
22-04-2012,0.5
23-04-2012,1
24-04-2012,12.9
25-04-2012,5.1
26-04-2012,3.5
27-04-2012,0.6
28-04-2012,0
29-04-2012,0.8
30-04-2012,13.2
01-05-2012,0
FECHA,Precipitación: l/m2
02-05-2012,1.1
03-05-2012,30
04-05-2012,37.1
05-05-2012,0.6
06-05-2012,0.3
07-05-2012,8.9
08-05-2012,0.3
09-05-2012,0
10-05-2012,0
11-05-2012,0
12-05-2012,0
13-05-2012,0
14-05-2012,0
15-05-2012,0
16-05-2012,0
17-05-2012,0
18-05-2012,0
19-05-2012,1.3
20-05-2012,0
21-05-2012,0.7
22-05-2012,0
23-05-2012,0
24-05-2012,0
25-05-2012,0
26-05-2012,1.1
27-05-2012,0
28-05-2012,0
29-05-2012,0
30-05-2012,0
31-05-2012,0.3
01-06-2012,0
02-06-2012,0
03-06-2012,0
04-06-2012,0
05-06-2012,3
06-06-2012,5.5
07-06-2012,1.6
08-06-2012,1.2
09-06-2012,0.9
10-06-2012,4.3
11-06-2012,3.4
12-06-2012,0.3
13-06-2012,0
14-06-2012,0.2
15-06-2012,21.8
16-06-2012,0
17-06-2012,17.3
18-06-2012,0
19-06-2012,0
20-06-2012,15.8
21-06-2012,0
22-06-2012,0
23-06-2012,0
24-06-2012,0
25-06-2012,0
26-06-2012,0
27-06-2012,0
28-06-2012,0
29-06-2012,4.8
30-06-2012,0.9
01-07-2012,0
02-07-2012,0
03-07-2012,1.1
04-07-2012,4.3
05-07-2012,7.8
06-07-2012,7.9
07-07-2012,2.3
08-07-2012,0.7
09-07-2012,0
10-07-2012,0
11-07-2012,0
12-07-2012,0
13-07-2012,1.6
14-07-2012,6
15-07-2012,0
16-07-2012,0
17-07-2012,0
18-07-2012,0
19-07-2012,0
20-07-2012,0
21-07-2012,0
22-07-2012,0
23-07-2012,0
24-07-2012,0
25-07-2012,0
26-07-2012,0
27-07-2012,0
28-07-2012,0
29-07-2012,0
30-07-2012,0
31-07-2012,0
01-08-2012,0
02-08-2012,0
03-08-2012,0
04-08-2012,3.5
05-08-2012,0.2
06-08-2012,0
07-08-2012,0
08-08-2012,0
09-08-2012,0
10-08-2012,0
11-08-2012,0
12-08-2012,0.2
13-08-2012,8.7
14-08-2012,8.8
15-08-2012,0
16-08-2012,0
17-08-2012,0
18-08-2012,0
19-08-2012,0
20-08-2012,0
21-08-2012,0
22-08-2012,0
23-08-2012,0.5
24-08-2012,2.4
25-08-2012,0
26-08-2012,0
27-08-2012,6.4
28-08-2012,0
29-08-2012,1.6
30-08-2012,0
31-08-2012,0
FECHA,Precipitación: l/m2
01-09-2012,0
02-09-2012,0
03-09-2012,0
04-09-2012,0
05-09-2012,0
06-09-2012,0
07-09-2012,0
08-09-2012,0
09-09-2012,0
10-09-2012,0.7
11-09-2012,0
12-09-2012,0
13-09-2012,0
14-09-2012,0
15-09-2012,0
16-09-2012,0
17-09-2012,0
18-09-2012,0
19-09-2012,0
20-09-2012,0
21-09-2012,0
22-09-2012,2.1
23-09-2012,7.9
24-09-2012,10.7
25-09-2012,4.6
26-09-2012,6
27-09-2012,0
28-09-2012,0
29-09-2012,0
30-09-2012,0
01-10-2012,2
02-10-2012,0.3
03-10-2012,0
04-10-2012,0
05-10-2012,0.2
06-10-2012,0
07-10-2012,0
08-10-2012,0.3
09-10-2012,0.8
10-10-2012,15.8
11-10-2012,2.2
12-10-2012,0.1
13-10-2012,7
14-10-2012,0.8
15-10-2012,25.4
16-10-2012,8.5
17-10-2012,9.9
18-10-2012,1.4
19-10-2012,0.5
20-10-2012,0
21-10-2012,0
22-10-2012,0.6
23-10-2012,0
24-10-2012,5.3
25-10-2012,0
26-10-2012,2
27-10-2012,0
28-10-2012,0
29-10-2012,0.8
30-10-2012,0
31-10-2012,11.3
01-11-2012,3.4
02-11-2012,16.9
03-11-2012,1.8
04-11-2012,9.6
05-11-2012,12.2
06-11-2012,0
07-11-2012,2.2
08-11-2012,5.6
09-11-2012,14.3
10-11-2012,10.9
11-11-2012,2.8
12-11-2012,0
13-11-2012,0
14-11-2012,0
15-11-2012,0.5
16-11-2012,10.9
17-11-2012,17.6
18-11-2012,0
19-11-2012,0
20-11-2012,22.8
21-11-2012,0
22-11-2012,0
23-11-2012,0.9
24-11-2012,1.1
25-11-2012,6.5
26-11-2012,10.8
27-11-2012,13.6
28-11-2012,7.5
29-11-2012,15.3
30-11-2012,7
01-12-2012,2.7
02-12-2012,0
03-12-2012,20.3
04-12-2012,2.3
05-12-2012,1.2
06-12-2012,5.6
07-12-2012,1.5
08-12-2012,0
09-12-2012,0
10-12-2012,0
11-12-2012,0
12-12-2012,5.6
13-12-2012,16.2
14-12-2012,9.3
15-12-2012,10
16-12-2012,4
17-12-2012,1.2
18-12-2012,8.5
19-12-2012,9.6
20-12-2012,0.7
21-12-2012,0
22-12-2012,0
23-12-2012,0
24-12-2012,10.5
25-12-2012,0.8
26-12-2012,0
27-12-2012,0
28-12-2012,8.1
29-12-2012,4.6
30-12-2012,0
31-12-2012,16.4
01-01-2012,15.9
02-01-2012,1.9
03-01-2012,2.5
04-01-2012,0.9
05-01-2012,1.6
06-01-2012,1.9
07-01-2012,0
08-01-2012,0
09-01-2012,0
10-01-2012,0
11-01-2012,0
12-01-2012,0
13-01-2012,0
14-01-2012,3.1
15-01-2012,2.1
16-01-2012,0
17-01-2012,0.2
18-01-2012,0.7
19-01-2012,0.9
20-01-2012,2.4
21-01-2012,0.9
22-01-2012,0
23-01-2012,0
24-01-2012,0
25-01-2012,4.8
26-01-2012,0.6
27-01-2012,0.3
28-01-2012,0
29-01-2012,0
30-01-2012,0
31-01-2012,10.3
01-02-2012,4.2
02-02-2012,0
03-02-2012,0
04-02-2012,0.2
05-02-2012,2.6
06-02-2012,1.1
07-02-2012,0
08-02-2012,0
09-02-2012,0
10-02-2012,0
11-02-2012,0
12-02-2012,0
13-02-2012,1.5
14-02-2012,0.8
15-02-2012,0
16-02-2012,0
17-02-2012,0
18-02-2012,0
19-02-2012,0
20-02-2012,0
21-02-2012,0
22-02-2012,0
23-02-2012,0
24-02-2012,0
25-02-2012,0
26-02-2012,0
27-02-2012,0
28-02-2012,0
29-02-2012,0
01-03-2012,1.8
02-03-2012,1.8
03-03-2012,0
04-03-2012,0.5
05-03-2012,0
06-03-2012,1
07-03-2012,1.5
08-03-2012,0
09-03-2012,0
10-03-2012,0
11-03-2012,0
12-03-2012,0
13-03-2012,0
14-03-2012,0
15-03-2012,0
16-03-2012,10.1
17-03-2012,5.5
18-03-2012,1.9
19-03-2012,0.3
20-03-2012,0
21-03-2012,0
22-03-2012,0
23-03-2012,0
24-03-2012,0
25-03-2012,0
26-03-2012,0
27-03-2012,0
28-03-2012,0
29-03-2012,0
30-03-2012,0
31-03-2012,0
01-04-2012,0
02-04-2012,0
03-04-2012,0.8
04-04-2012,1.2
05-04-2012,0.1
06-04-2012,8.7
07-04-2012,0
08-04-2012,0
09-04-2012,13.9
10-04-2012,2.4
11-04-2012,7.6
12-04-2012,9.4
13-04-2012,10.4
14-04-2012,7.4
15-04-2012,1.5
16-04-2012,0.2
17-04-2012,15.1
18-04-2012,25.6
19-04-2012,8.3
20-04-2012,1.7
21-04-2012,2.9
22-04-2012,0.5
23-04-2012,1
24-04-2012,12.9
25-04-2012,5.1
26-04-2012,3.5
27-04-2012,0.6
28-04-2012,0
29-04-2012,0.8
30-04-2012,13.2
01-05-2012,0
02-05-2012,1.1
03-05-2012,30
04-05-2012,37.1
05-05-2012,0.6
06-05-2012,0.3
07-05-2012,8.9
08-05-2012,0.3
09-05-2012,0
10-05-2012,0
11-05-2012,0
12-05-2012,0
13-05-2012,0
14-05-2012,0
15-05-2012,0
16-05-2012,0
17-05-2012,0
18-05-2012,0
19-05-2012,1.3
20-05-2012,0
21-05-2012,0.7
22-05-2012,0
23-05-2012,0
24-05-2012,0
25-05-2012,0
26-05-2012,1.1
27-05-2012,0
28-05-2012,0
29-05-2012,0
30-05-2012,0
31-05-2012,0.3
01-06-2012,0
02-06-2012,0
03-06-2012,0
04-06-2012,0
05-06-2012,3
06-06-2012,5.5
07-06-2012,1.6
08-06-2012,1.2
09-06-2012,0.9
10-06-2012,4.3
11-06-2012,3.4
12-06-2012,0.3
13-06-2012,0
14-06-2012,0.2
15-06-2012,21.8
16-06-2012,0
17-06-2012,17.3
18-06-2012,0
19-06-2012,0
20-06-2012,15.8
21-06-2012,0
22-06-2012,0
23-06-2012,0
24-06-2012,0
25-06-2012,0
26-06-2012,0
27-06-2012,0
28-06-2012,0
29-06-2012,4.8
30-06-2012,0.9
01-07-2012,0
02-07-2012,0
03-07-2012,1.1
04-07-2012,4.3
05-07-2012,7.8
06-07-2012,7.9
07-07-2012,2.3
08-07-2012,0.7
09-07-2012,0
10-07-2012,0
11-07-2012,0
12-07-2012,0
13-07-2012,1.6
14-07-2012,6
15-07-2012,0
16-07-2012,0
17-07-2012,0
18-07-2012,0
19-07-2012,0
20-07-2012,0
21-07-2012,0
22-07-2012,0
23-07-2012,0
24-07-2012,0
25-07-2012,0
26-07-2012,0
27-07-2012,0
28-07-2012,0
29-07-2012,0
30-07-2012,0
31-07-2012,0
01-08-2012,0
02-08-2012,0
03-08-2012,0
04-08-2012,3.5
05-08-2012,0.2
06-08-2012,0
07-08-2012,0
08-08-2012,0
09-08-2012,0
10-08-2012,0
11-08-2012,0
12-08-2012,0.2
13-08-2012,8.7
14-08-2012,8.8
15-08-2012,0
16-08-2012,0
17-08-2012,0
18-08-2012,0
19-08-2012,0
20-08-2012,0
21-08-2012,0
22-08-2012,0
23-08-2012,0.5
24-08-2012,2.4
25-08-2012,0
26-08-2012,0
27-08-2012,6.4
28-08-2012,0
29-08-2012,1.6
30-08-2012,0
31-08-2012,0
01-09-2012,0
02-09-2012,0
03-09-2012,0
04-09-2012,0
05-09-2012,0
06-09-2012,0
07-09-2012,0
08-09-2012,0
09-09-2012,0
10-09-2012,0.7
11-09-2012,0
12-09-2012,0
13-09-2012,0
14-09-2012,0
15-09-2012,0
16-09-2012,0
17-09-2012,0
18-09-2012,0
19-09-2012,0
20-09-2012,0
21-09-2012,0
22-09-2012,2.1
23-09-2012,7.9
24-09-2012,10.7
25-09-2012,4.6
26-09-2012,6
27-09-2012,0
28-09-2012,0
29-09-2012,0
30-09-2012,0
01-10-2012,2
02-10-2012,0.3
03-10-2012,0
04-10-2012,0
05-10-2012,0.2
06-10-2012,0
07-10-2012,0
08-10-2012,0.3
09-10-2012,0.8
10-10-2012,15.8
11-10-2012,2.2
12-10-2012,0.1
13-10-2012,7
14-10-2012,0.8
15-10-2012,25.4
16-10-2012,8.5
17-10-2012,9.9
18-10-2012,1.4
19-10-2012,0.5
20-10-2012,0
21-10-2012,0
22-10-2012,0.6
23-10-2012,0
24-10-2012,5.3
25-10-2012,0
26-10-2012,2
27-10-2012,0
28-10-2012,0
29-10-2012,0.8
30-10-2012,0
31-10-2012,11.3
01-11-2012,3.4
02-11-2012,16.9
03-11-2012,1.8
04-11-2012,9.6
05-11-2012,12.2
06-11-2012,0
07-11-2012,2.2
08-11-2012,5.6
09-11-2012,14.3
10-11-2012,10.9
11-11-2012,2.8
12-11-2012,0
13-11-2012,0
14-11-2012,0
15-11-2012,0.5
16-11-2012,10.9
17-11-2012,17.6
18-11-2012,0
19-11-2012,0
20-11-2012,22.8
21-11-2012,0
22-11-2012,0
23-11-2012,0.9
24-11-2012,1.1
25-11-2012,6.5
26-11-2012,10.8
27-11-2012,13.6
28-11-2012,7.5
29-11-2012,15.3
30-11-2012,7
01-12-2012,2.7
02-12-2012,0
03-12-2012,20.3
04-12-2012,2.3
05-12-2012,1.2
06-12-2012,5.6
07-12-2012,1.5
08-12-2012,0
09-12-2012,0
10-12-2012,0
11-12-2012,0
12-12-2012,5.6
13-12-2012,16.2
14-12-2012,9.3
15-12-2012,10
16-12-2012,4
17-12-2012,1.2
18-12-2012,8.5
19-12-2012,9.6
20-12-2012,0.7
21-12-2012,0
22-12-2012,0
23-12-2012,0
24-12-2012,10.5
25-12-2012,0.8
26-12-2012,0
27-12-2012,0
28-12-2012,8.1
29-12-2012,4.6
30-12-2012,0
31-12-2012,16.4
FECHA,Precipitación: l/m2
01-01-2013,0.9
02-01-2013,0
03-01-2013,0
04-01-2013,0
05-01-2013,0
06-01-2013,0
07-01-2013,0
08-01-2013,9.7
09-01-2013,6.9
10-01-2013,0
11-01-2013,6.3
12-01-2013,7.9
13-01-2013,3.8
14-01-2013,2.7
15-01-2013,12.6
16-01-2013,5.1
17-01-2013,16.6
18-01-2013,51.1
19-01-2013,20.4
20-01-2013,8.9
21-01-2013,11.3
22-01-2013,3.9
23-01-2013,1.6
24-01-2013,1.7
25-01-2013,1.8
26-01-2013,1.4
27-01-2013,21.1
28-01-2013,0
29-01-2013,0.6
30-01-2013,7.8
31-01-2013,0.5
01-02-2013,22.1
02-02-2013,2.1
03-02-2013,0.2
04-02-2013,1.7
05-02-2013,3.1
06-02-2013,5.9
07-02-2013,1.1
08-02-2013,0.3
09-02-2013,3.1
10-02-2013,8.8
11-02-2013,4.6
12-02-2013,7.3
13-02-2013,0
14-02-2013,1.2
15-02-2013,0
16-02-2013,0
17-02-2013,5.1
18-02-2013,0
19-02-2013,0
20-02-2013,1.8
21-02-2013,1
22-02-2013,8.2
23-02-2013,1.9
24-02-2013,6.8
25-02-2013,0.2
26-02-2013,3.4
27-02-2013,0
28-02-2013,0
01-03-2013,0
02-03-2013,0
03-03-2013,0
04-03-2013,0
05-03-2013,0.7
06-03-2013,11.3
07-03-2013,29.3
08-03-2013,0.8
09-03-2013,6.8
10-03-2013,0.4
11-03-2013,23.4
12-03-2013,8.3
13-03-2013,2.9
14-03-2013,2.7
15-03-2013,0
16-03-2013,31.8
17-03-2013,1.4
18-03-2013,8.6
19-03-2013,1.4
20-03-2013,0.5
21-03-2013,2.4
22-03-2013,2.5
23-03-2013,8.1
24-03-2013,4.5
25-03-2013,10.7
26-03-2013,9.2
27-03-2013,21.2
28-03-2013,6.7
29-03-2013,10.5
30-03-2013,0
31-03-2013,9.5
01-04-2013,4.8
02-04-2013,0.9
03-04-2013,13.9
04-04-2013,1.6
05-04-2013,0
06-04-2013,2.4
07-04-2013,15.1
08-04-2013,9.1
09-04-2013,0.4
10-04-2013,23.2
11-04-2013,3
12-04-2013,0
13-04-2013,0
14-04-2013,3.4
15-04-2013,0
16-04-2013,0
17-04-2013,0.7
18-04-2013,0
19-04-2013,0
20-04-2013,0
21-04-2013,0
22-04-2013,0
23-04-2013,0
24-04-2013,0
25-04-2013,0
26-04-2013,1.5
27-04-2013,8.8
28-04-2013,0
29-04-2013,0
30-04-2013,3.6
01-05-2013,0
02-05-2013,0
FECHA,Precipitación: l/m2
03-05-2013,0
04-05-2013,0
05-05-2013,0
06-05-2013,8.1
07-05-2013,0.2
08-05-2013,0
09-05-2013,0
10-05-2013,0
11-05-2013,0
12-05-2013,0
13-05-2013,0
14-05-2013,9.5
15-05-2013,5.8
16-05-2013,21.3
17-05-2013,12.9
18-05-2013,2
19-05-2013,0.1
20-05-2013,0
21-05-2013,0
22-05-2013,0
23-05-2013,0
24-05-2013,0
25-05-2013,0
26-05-2013,0
27-05-2013,2.9
28-05-2013,2.8
29-05-2013,7.8
30-05-2013,0
31-05-2013,0
01-06-2013,0
02-06-2013,0
03-06-2013,0
04-06-2013,0
05-06-2013,0
06-06-2013,0
07-06-2013,0.7
08-06-2013,2.8
09-06-2013,0
10-06-2013,0.4
11-06-2013,0
12-06-2013,7.1
13-06-2013,0
14-06-2013,0
15-06-2013,0
16-06-2013,9.6
17-06-2013,7.2
18-06-2013,9.8
19-06-2013,0.2
20-06-2013,13.7
21-06-2013,0
22-06-2013,0
23-06-2013,0
24-06-2013,0
25-06-2013,0
26-06-2013,0
27-06-2013,0
28-06-2013,0
29-06-2013,0
30-06-2013,0
01-07-2013,0
02-07-2013,0.3
03-07-2013,0
04-07-2013,0
05-07-2013,0
06-07-2013,0
07-07-2013,0
08-07-2013,0
09-07-2013,0
10-07-2013,0
11-07-2013,0
12-07-2013,0
13-07-2013,0
14-07-2013,0
15-07-2013,0
16-07-2013,0
17-07-2013,0
18-07-2013,0
19-07-2013,0.2
20-07-2013,0.2
21-07-2013,0
22-07-2013,0
23-07-2013,0
24-07-2013,0.6
25-07-2013,0.5
26-07-2013,0
27-07-2013,1.4
28-07-2013,0.7
29-07-2013,0
30-07-2013,0
31-07-2013,0
01-08-2013,4.2
02-08-2013,0
03-08-2013,0
04-08-2013,0
05-08-2013,0.7
06-08-2013,2.8
07-08-2013,0.3
08-08-2013,0
09-08-2013,0
10-08-2013,0
11-08-2013,0
12-08-2013,0
13-08-2013,0
14-08-2013,0
15-08-2013,0
16-08-2013,0
17-08-2013,0
18-08-2013,0
19-08-2013,0
20-08-2013,0
21-08-2013,0
22-08-2013,0
23-08-2013,0.6
24-08-2013,0
25-08-2013,0
26-08-2013,0
27-08-2013,0
28-08-2013,0
29-08-2013,0
30-08-2013,0
31-08-2013,0
01-09-2013,0
FECHA,Precipitación: l/m2
02-09-2013,0
03-09-2013,0
04-09-2013,2.8
05-09-2013,0.7
06-09-2013,0
07-09-2013,0
08-09-2013,0
09-09-2013,0
10-09-2013,0
11-09-2013,0
12-09-2013,0
13-09-2013,0
14-09-2013,0.2
15-09-2013,0
16-09-2013,0.6
17-09-2013,0.6
18-09-2013,0.5
19-09-2013,0
20-09-2013,0
21-09-2013,0
22-09-2013,0
23-09-2013,0
24-09-2013,4.3
25-09-2013,0.4
26-09-2013,0.2
27-09-2013,16.4
28-09-2013,2.6
29-09-2013,2.1
30-09-2013,4
01-10-2013,0
02-10-2013,24.7
03-10-2013,1
04-10-2013,18.2
05-10-2013,0
06-10-2013,0
07-10-2013,0
08-10-2013,0
09-10-2013,0
10-10-2013,0
11-10-2013,0
12-10-2013,0
13-10-2013,3.5
14-10-2013,23.2
15-10-2013,15.7
16-10-2013,1.5
17-10-2013,0
18-10-2013,12.3
19-10-2013,4.5
20-10-2013,1.1
21-10-2013,61.9
22-10-2013,6.9
23-10-2013,1.8
24-10-2013,19.5
25-10-2013,0.3
26-10-2013,0
27-10-2013,18.9
28-10-2013,6.2
29-10-2013,0
30-10-2013,0
31-10-2013,0.7
01-11-2013,18.8
02-11-2013,5.5
03-11-2013,20.5
04-11-2013,6.2
05-11-2013,2.5
06-11-2013,1.1
07-11-2013,34.7
08-11-2013,4.9
09-11-2013,1.8
10-11-2013,0.5
11-11-2013,0
12-11-2013,0.4
13-11-2013,0
14-11-2013,0
15-11-2013,2.5
16-11-2013,0
17-11-2013,3.1
18-11-2013,7.5
19-11-2013,2.4
20-11-2013,0.5
21-11-2013,7.6
22-11-2013,0
23-11-2013,0
24-11-2013,0
25-11-2013,0
26-11-2013,0
27-11-2013,0
28-11-2013,0
29-11-2013,0
30-11-2013,0
01-12-2013,0
02-12-2013,0
03-12-2013,0
04-12-2013,0
05-12-2013,0
06-12-2013,0
07-12-2013,0
08-12-2013,0
09-12-2013,0
10-12-2013,0
11-12-2013,0
12-12-2013,0.1
13-12-2013,6.8
14-12-2013,0
15-12-2013,0
16-12-2013,6.7
17-12-2013,0.9
18-12-2013,14.3
19-12-2013,4.8
20-12-2013,0
21-12-2013,2.6
22-12-2013,0
23-12-2013,33.9
24-12-2013,21.5
25-12-2013,9
26-12-2013,2.8
27-12-2013,16.9
28-12-2013,4.5
29-12-2013,0
30-12-2013,0
31-12-2013,8.7
01-01-2013,0.9
02-01-2013,0
03-01-2013,0
04-01-2013,0
05-01-2013,0
06-01-2013,0
07-01-2013,0
08-01-2013,9.7
09-01-2013,6.9
10-01-2013,0
11-01-2013,6.3
12-01-2013,7.9
13-01-2013,3.8
14-01-2013,2.7
15-01-2013,12.6
16-01-2013,5.1
17-01-2013,16.6
18-01-2013,51.1
19-01-2013,20.4
20-01-2013,8.9
21-01-2013,11.3
22-01-2013,3.9
23-01-2013,1.6
24-01-2013,1.7
25-01-2013,1.8
26-01-2013,1.4
27-01-2013,21.1
28-01-2013,0
29-01-2013,0.6
30-01-2013,7.8
31-01-2013,0.5
01-02-2013,22.1
02-02-2013,2.1
03-02-2013,0.2
04-02-2013,1.7
05-02-2013,3.1
06-02-2013,5.9
07-02-2013,1.1
08-02-2013,0.3
09-02-2013,3.1
10-02-2013,8.8
11-02-2013,4.6
12-02-2013,7.3
13-02-2013,0
14-02-2013,1.2
15-02-2013,0
16-02-2013,0
17-02-2013,5.1
18-02-2013,0
19-02-2013,0
20-02-2013,1.8
21-02-2013,1
22-02-2013,8.2
23-02-2013,1.9
24-02-2013,6.8
25-02-2013,0.2
26-02-2013,3.4
27-02-2013,0
28-02-2013,0
01-03-2013,0
02-03-2013,0
03-03-2013,0
04-03-2013,0
05-03-2013,0.7
06-03-2013,11.3
07-03-2013,29.3
08-03-2013,0.8
09-03-2013,6.8
10-03-2013,0.4
11-03-2013,23.4
12-03-2013,8.3
13-03-2013,2.9
14-03-2013,2.7
15-03-2013,0
16-03-2013,31.8
17-03-2013,1.4
18-03-2013,8.6
19-03-2013,1.4
20-03-2013,0.5
21-03-2013,2.4
22-03-2013,2.5
23-03-2013,8.1
24-03-2013,4.5
25-03-2013,10.7
26-03-2013,9.2
27-03-2013,21.2
28-03-2013,6.7
29-03-2013,10.5
30-03-2013,0
31-03-2013,9.5
01-04-2013,4.8
02-04-2013,0.9
03-04-2013,13.9
04-04-2013,1.6
05-04-2013,0
06-04-2013,2.4
07-04-2013,15.1
08-04-2013,9.1
09-04-2013,0.4
10-04-2013,23.2
11-04-2013,3
12-04-2013,0
13-04-2013,0
14-04-2013,3.4
15-04-2013,0
16-04-2013,0
17-04-2013,0.7
18-04-2013,0
19-04-2013,0
20-04-2013,0
21-04-2013,0
22-04-2013,0
23-04-2013,0
24-04-2013,0
25-04-2013,0
26-04-2013,1.5
27-04-2013,8.8
28-04-2013,0
29-04-2013,0
30-04-2013,3.6
01-05-2013,0
02-05-2013,0
03-05-2013,0
04-05-2013,0
05-05-2013,0
06-05-2013,8.1
07-05-2013,0.2
08-05-2013,0
09-05-2013,0
10-05-2013,0
11-05-2013,0
12-05-2013,0
13-05-2013,0
14-05-2013,9.5
15-05-2013,5.8
16-05-2013,21.3
17-05-2013,12.9
18-05-2013,2
19-05-2013,0.1
20-05-2013,0
21-05-2013,0
22-05-2013,0
23-05-2013,0
24-05-2013,0
25-05-2013,0
26-05-2013,0
27-05-2013,2.9
28-05-2013,2.8
29-05-2013,7.8
30-05-2013,0
31-05-2013,0
01-06-2013,0
02-06-2013,0
03-06-2013,0
04-06-2013,0
05-06-2013,0
06-06-2013,0
07-06-2013,0.7
08-06-2013,2.8
09-06-2013,0
10-06-2013,0.4
11-06-2013,0
12-06-2013,7.1
13-06-2013,0
14-06-2013,0
15-06-2013,0
16-06-2013,9.6
17-06-2013,7.2
18-06-2013,9.8
19-06-2013,0.2
20-06-2013,13.7
21-06-2013,0
22-06-2013,0
23-06-2013,0
24-06-2013,0
25-06-2013,0
26-06-2013,0
27-06-2013,0
28-06-2013,0
29-06-2013,0
30-06-2013,0
01-07-2013,0
02-07-2013,0.3
03-07-2013,0
04-07-2013,0
05-07-2013,0
06-07-2013,0
07-07-2013,0
08-07-2013,0
09-07-2013,0
10-07-2013,0
11-07-2013,0
12-07-2013,0
13-07-2013,0
14-07-2013,0
15-07-2013,0
16-07-2013,0
17-07-2013,0
18-07-2013,0
19-07-2013,0.2
20-07-2013,0.2
21-07-2013,0
22-07-2013,0
23-07-2013,0
24-07-2013,0.6
25-07-2013,0.5
26-07-2013,0
27-07-2013,1.4
28-07-2013,0.7
29-07-2013,0
30-07-2013,0
31-07-2013,0
01-08-2013,4.2
02-08-2013,0
03-08-2013,0
04-08-2013,0
05-08-2013,0.7
06-08-2013,2.8
07-08-2013,0.3
08-08-2013,0
09-08-2013,0
10-08-2013,0
11-08-2013,0
12-08-2013,0
13-08-2013,0
14-08-2013,0
15-08-2013,0
16-08-2013,0
17-08-2013,0
18-08-2013,0
19-08-2013,0
20-08-2013,0
21-08-2013,0
22-08-2013,0
23-08-2013,0.6
24-08-2013,0
25-08-2013,0
26-08-2013,0
27-08-2013,0
28-08-2013,0
29-08-2013,0
30-08-2013,0
31-08-2013,0
01-09-2013,0
02-09-2013,0
03-09-2013,0
04-09-2013,2.8
05-09-2013,0.7
06-09-2013,0
07-09-2013,0
08-09-2013,0
09-09-2013,0
10-09-2013,0
11-09-2013,0
12-09-2013,0
13-09-2013,0
14-09-2013,0.2
15-09-2013,0
16-09-2013,0.6
17-09-2013,0.6
18-09-2013,0.5
19-09-2013,0
20-09-2013,0
21-09-2013,0
22-09-2013,0
23-09-2013,0
24-09-2013,4.3
25-09-2013,0.4
26-09-2013,0.2
27-09-2013,16.4
28-09-2013,2.6
29-09-2013,2.1
30-09-2013,4
01-10-2013,0
02-10-2013,24.7
03-10-2013,1
04-10-2013,18.2
05-10-2013,0
06-10-2013,0
07-10-2013,0
08-10-2013,0
09-10-2013,0
10-10-2013,0
11-10-2013,0
12-10-2013,0
13-10-2013,3.5
14-10-2013,23.2
15-10-2013,15.7
16-10-2013,1.5
17-10-2013,0
18-10-2013,12.3
19-10-2013,4.5
20-10-2013,1.1
21-10-2013,61.9
22-10-2013,6.9
23-10-2013,1.8
24-10-2013,19.5
25-10-2013,0.3
26-10-2013,0
27-10-2013,18.9
28-10-2013,6.2
29-10-2013,0
30-10-2013,0
31-10-2013,0.7
01-11-2013,18.8
02-11-2013,5.5
03-11-2013,20.5
04-11-2013,6.2
05-11-2013,2.5
06-11-2013,1.1
07-11-2013,34.7
08-11-2013,4.9
09-11-2013,1.8
10-11-2013,0.5
11-11-2013,0
12-11-2013,0.4
13-11-2013,0
14-11-2013,0
15-11-2013,2.5
16-11-2013,0
17-11-2013,3.1
18-11-2013,7.5
19-11-2013,2.4
20-11-2013,0.5
21-11-2013,7.6
22-11-2013,0
23-11-2013,0
24-11-2013,0
25-11-2013,0
26-11-2013,0
27-11-2013,0
28-11-2013,0
29-11-2013,0
30-11-2013,0
01-12-2013,0
02-12-2013,0
03-12-2013,0
04-12-2013,0
05-12-2013,0
06-12-2013,0
07-12-2013,0
08-12-2013,0
09-12-2013,0
10-12-2013,0
11-12-2013,0
12-12-2013,0.1
13-12-2013,6.8
14-12-2013,0
15-12-2013,0
16-12-2013,6.7
17-12-2013,0.9
18-12-2013,14.3
19-12-2013,4.8
20-12-2013,0
21-12-2013,2.6
22-12-2013,0
23-12-2013,33.9
24-12-2013,21.5
25-12-2013,9
26-12-2013,2.8
27-12-2013,16.9
28-12-2013,4.5
29-12-2013,0
30-12-2013,0
31-12-2013,8.7
FECHA,Precipitación: l/m2
01-01-2014,6.9
02-01-2014,1.3
03-01-2014,8.2
04-01-2014,3.1
05-01-2014,14.9
06-01-2014,2.5
07-01-2014,0.6
08-01-2014,20.3
09-01-2014,0.7
10-01-2014,0
11-01-2014,0
12-01-2014,7.6
13-01-2014,14.3
14-01-2014,2.2
15-01-2014,9.7
16-01-2014,8.9
17-01-2014,4.5
18-01-2014,22
19-01-2014,5.6
20-01-2014,0.4
21-01-2014,7.7
22-01-2014,1.4
23-01-2014,0.1
24-01-2014,6
25-01-2014,5.4
26-01-2014,3.8
27-01-2014,7.5
28-01-2014,10.3
29-01-2014,5.2
30-01-2014,5.6
31-01-2014,17.9
01-02-2014,5.6
02-02-2014,5.7
03-02-2014,2.3
04-02-2014,26.2
05-02-2014,1.2
06-02-2014,21
07-02-2014,17.5
08-02-2014,4.4
09-02-2014,15.8
10-02-2014,3
11-02-2014,1.5
12-02-2014,4.8
13-02-2014,2.9
14-02-2014,14.1
15-02-2014,7.3
16-02-2014,1.6
17-02-2014,0.7
18-02-2014,0.5
19-02-2014,1.8
20-02-2014,10.7
21-02-2014,4.4
22-02-2014,0
23-02-2014,0.5
24-02-2014,1.5
25-02-2014,10.7
26-02-2014,4.6
27-02-2014,0.4
28-02-2014,3.3
01-03-2014,21.7
02-03-2014,11.3
03-03-2014,2.5
04-03-2014,2.9
05-03-2014,0
06-03-2014,0
07-03-2014,0
08-03-2014,0
09-03-2014,0
10-03-2014,0
11-03-2014,0
12-03-2014,0
13-03-2014,0
14-03-2014,0
15-03-2014,0
16-03-2014,0
17-03-2014,0
18-03-2014,0
19-03-2014,0
20-03-2014,1.7
21-03-2014,3.3
22-03-2014,5.2
23-03-2014,0.1
24-03-2014,4
25-03-2014,7
26-03-2014,0.5
27-03-2014,0
28-03-2014,3.9
29-03-2014,0
30-03-2014,7.4
31-03-2014,0.7
01-04-2014,1.8
02-04-2014,0.2
03-04-2014,2.1
04-04-2014,0
05-04-2014,0
06-04-2014,0
07-04-2014,1.9
08-04-2014,0
09-04-2014,0.6
10-04-2014,0.4
11-04-2014,0
12-04-2014,0
13-04-2014,0
14-04-2014,0
15-04-2014,0
16-04-2014,0
17-04-2014,0
18-04-2014,0.6
19-04-2014,0
20-04-2014,0.9
21-04-2014,0
22-04-2014,12.4
23-04-2014,1.3
24-04-2014,6.2
25-04-2014,9.3
26-04-2014,0
27-04-2014,0.7
28-04-2014,0.8
29-04-2014,3.4
30-04-2014,0.8
01-05-2014,0
02-05-2014,0
FECHA,Precipitación: l/m2
03-05-2014,0
04-05-2014,0
05-05-2014,0
06-05-2014,1.3
07-05-2014,0
08-05-2014,0
09-05-2014,0
10-05-2014,0.4
11-05-2014,0
12-05-2014,0
13-05-2014,0
14-05-2014,0
15-05-2014,0
16-05-2014,0
17-05-2014,0
18-05-2014,0
19-05-2014,0.6
20-05-2014,4.3
21-05-2014,15.2
22-05-2014,8.6
23-05-2014,2.4
24-05-2014,0.5
25-05-2014,0
26-05-2014,0
27-05-2014,4.1
28-05-2014,1.4
29-05-2014,2.1
30-05-2014,0
31-05-2014,0
01-06-2014,0
02-06-2014,0
03-06-2014,0.8
04-06-2014,0
05-06-2014,9.2
06-06-2014,7
07-06-2014,13.7
08-06-2014,3.5
09-06-2014,0.6
10-06-2014,0
11-06-2014,0
12-06-2014,0
13-06-2014,0
14-06-2014,0
15-06-2014,0
16-06-2014,0
17-06-2014,0
18-06-2014,0
19-06-2014,0
20-06-2014,0.4
21-06-2014,11
22-06-2014,0.9
23-06-2014,2.7
24-06-2014,0
25-06-2014,0
26-06-2014,0
27-06-2014,13.2
28-06-2014,0.9
29-06-2014,0
30-06-2014,8.4
01-07-2014,0.7
02-07-2014,0
03-07-2014,0
04-07-2014,0
05-07-2014,24.8
06-07-2014,0
07-07-2014,0.3
08-07-2014,0
09-07-2014,0
10-07-2014,0
11-07-2014,0
12-07-2014,0
13-07-2014,0
14-07-2014,0
15-07-2014,0
16-07-2014,0
17-07-2014,0
18-07-2014,17.5
19-07-2014,3.9
20-07-2014,0
21-07-2014,0
22-07-2014,0
23-07-2014,0
24-07-2014,0
25-07-2014,0
26-07-2014,0
27-07-2014,0
28-07-2014,0.2
29-07-2014,0
30-07-2014,0
31-07-2014,0
01-08-2014,1.3
02-08-2014,2.9
03-08-2014,0
04-08-2014,0
05-08-2014,0
06-08-2014,0.3
07-08-2014,0.1
08-08-2014,7.3
09-08-2014,0.2
10-08-2014,11.5
11-08-2014,0
12-08-2014,0
13-08-2014,0
14-08-2014,0
15-08-2014,0
16-08-2014,0
17-08-2014,0
18-08-2014,0
19-08-2014,0
20-08-2014,0
21-08-2014,0
22-08-2014,0
23-08-2014,0
24-08-2014,0
25-08-2014,0
26-08-2014,3.2
27-08-2014,0.7
28-08-2014,0
29-08-2014,0
30-08-2014,0
31-08-2014,0
01-09-2014,0
FECHA,Precipitación: l/m2
02-09-2014,0
03-09-2014,0
04-09-2014,0
05-09-2014,0
06-09-2014,1.8
07-09-2014,8.4
08-09-2014,0
09-09-2014,0
10-09-2014,2.2
11-09-2014,0
12-09-2014,0.1
13-09-2014,0
14-09-2014,1.8
15-09-2014,4.3
16-09-2014,13.2
17-09-2014,1.9
18-09-2014,5.1
19-09-2014,3.6
20-09-2014,3
21-09-2014,0
22-09-2014,0.6
23-09-2014,0
24-09-2014,0
25-09-2014,0
26-09-2014,0
27-09-2014,0
28-09-2014,0.7
29-09-2014,0
30-09-2014,0
01-10-2014,0
02-10-2014,0
03-10-2014,0
04-10-2014,2.3
05-10-2014,0.7
06-10-2014,7.1
07-10-2014,3.2
08-10-2014,6.6
09-10-2014,2.5
10-10-2014,0.8
11-10-2014,0.2
12-10-2014,2.1
13-10-2014,1.3
14-10-2014,1.8
15-10-2014,5.8
16-10-2014,13.4
17-10-2014,0
18-10-2014,0
19-10-2014,0
20-10-2014,0
21-10-2014,0
22-10-2014,0
23-10-2014,0
24-10-2014,0
25-10-2014,0
26-10-2014,0
27-10-2014,0.2
28-10-2014,0
29-10-2014,0
30-10-2014,0
31-10-2014,5.7
01-11-2014,0
02-11-2014,2
03-11-2014,27.6
04-11-2014,12.1
05-11-2014,5.9
06-11-2014,5.2
07-11-2014,1.2
08-11-2014,13.7
09-11-2014,0.6
10-11-2014,6.2
11-11-2014,12.5
12-11-2014,7.1
13-11-2014,7.9
14-11-2014,10.3
15-11-2014,9
16-11-2014,8.9
17-11-2014,5.4
18-11-2014,11.3
19-11-2014,0
20-11-2014,3.3
21-11-2014,11.6
22-11-2014,50.8
23-11-2014,13.2
24-11-2014,0
25-11-2014,0
26-11-2014,0
27-11-2014,1.3
28-11-2014,4.7
29-11-2014,0
30-11-2014,0
01-12-2014,0
02-12-2014,3.7
03-12-2014,2
04-12-2014,4.8
05-12-2014,5.2
06-12-2014,4.1
07-12-2014,0.9
08-12-2014,0.7
09-12-2014,0.2
10-12-2014,3.1
11-12-2014,0.3
12-12-2014,28
13-12-2014,3.7
14-12-2014,0
15-12-2014,16.6
16-12-2014,4.5
17-12-2014,0.6
18-12-2014,0
19-12-2014,3.6
20-12-2014,1.9
21-12-2014,0
22-12-2014,0
23-12-2014,0
24-12-2014,0
25-12-2014,0
26-12-2014,1
27-12-2014,7.8
28-12-2014,0
29-12-2014,0
30-12-2014,0
31-12-2014,0
01-01-2014,6.9
02-01-2014,1.3
03-01-2014,8.2
04-01-2014,3.1
05-01-2014,14.9
06-01-2014,2.5
07-01-2014,0.6
08-01-2014,20.3
09-01-2014,0.7
10-01-2014,0
11-01-2014,0
12-01-2014,7.6
13-01-2014,14.3
14-01-2014,2.2
15-01-2014,9.7
16-01-2014,8.9
17-01-2014,4.5
18-01-2014,22
19-01-2014,5.6
20-01-2014,0.4
21-01-2014,7.7
22-01-2014,1.4
23-01-2014,0.1
24-01-2014,6
25-01-2014,5.4
26-01-2014,3.8
27-01-2014,7.5
28-01-2014,10.3
29-01-2014,5.2
30-01-2014,5.6
31-01-2014,17.9
01-02-2014,5.6
02-02-2014,5.7
03-02-2014,2.3
04-02-2014,26.2
05-02-2014,1.2
06-02-2014,21
07-02-2014,17.5
08-02-2014,4.4
09-02-2014,15.8
10-02-2014,3
11-02-2014,1.5
12-02-2014,4.8
13-02-2014,2.9
14-02-2014,14.1
15-02-2014,7.3
16-02-2014,1.6
17-02-2014,0.7
18-02-2014,0.5
19-02-2014,1.8
20-02-2014,10.7
21-02-2014,4.4
22-02-2014,0
23-02-2014,0.5
24-02-2014,1.5
25-02-2014,10.7
26-02-2014,4.6
27-02-2014,0.4
28-02-2014,3.3
01-03-2014,21.7
02-03-2014,11.3
03-03-2014,2.5
04-03-2014,2.9
05-03-2014,0
06-03-2014,0
07-03-2014,0
08-03-2014,0
09-03-2014,0
10-03-2014,0
11-03-2014,0
12-03-2014,0
13-03-2014,0
14-03-2014,0
15-03-2014,0
16-03-2014,0
17-03-2014,0
18-03-2014,0
19-03-2014,0
20-03-2014,1.7
21-03-2014,3.3
22-03-2014,5.2
23-03-2014,0.1
24-03-2014,4
25-03-2014,7
26-03-2014,0.5
27-03-2014,0
28-03-2014,3.9
29-03-2014,0
30-03-2014,7.4
31-03-2014,0.7
01-04-2014,1.8
02-04-2014,0.2
03-04-2014,2.1
04-04-2014,0
05-04-2014,0
06-04-2014,0
07-04-2014,1.9
08-04-2014,0
09-04-2014,0.6
10-04-2014,0.4
11-04-2014,0
12-04-2014,0
13-04-2014,0
14-04-2014,0
15-04-2014,0
16-04-2014,0
17-04-2014,0
18-04-2014,0.6
19-04-2014,0
20-04-2014,0.9
21-04-2014,0
22-04-2014,12.4
23-04-2014,1.3
24-04-2014,6.2
25-04-2014,9.3
26-04-2014,0
27-04-2014,0.7
28-04-2014,0.8
29-04-2014,3.4
30-04-2014,0.8
01-05-2014,0
02-05-2014,0
03-05-2014,0
04-05-2014,0
05-05-2014,0
06-05-2014,1.3
07-05-2014,0
08-05-2014,0
09-05-2014,0
10-05-2014,0.4
11-05-2014,0
12-05-2014,0
13-05-2014,0
14-05-2014,0
15-05-2014,0
16-05-2014,0
17-05-2014,0
18-05-2014,0
19-05-2014,0.6
20-05-2014,4.3
21-05-2014,15.2
22-05-2014,8.6
23-05-2014,2.4
24-05-2014,0.5
25-05-2014,0
26-05-2014,0
27-05-2014,4.1
28-05-2014,1.4
29-05-2014,2.1
30-05-2014,0
31-05-2014,0
01-06-2014,0
02-06-2014,0
03-06-2014,0.8
04-06-2014,0
05-06-2014,9.2
06-06-2014,7
07-06-2014,13.7
08-06-2014,3.5
09-06-2014,0.6
10-06-2014,0
11-06-2014,0
12-06-2014,0
13-06-2014,0
14-06-2014,0
15-06-2014,0
16-06-2014,0
17-06-2014,0
18-06-2014,0
19-06-2014,0
20-06-2014,0.4
21-06-2014,11
22-06-2014,0.9
23-06-2014,2.7
24-06-2014,0
25-06-2014,0
26-06-2014,0
27-06-2014,13.2
28-06-2014,0.9
29-06-2014,0
30-06-2014,8.4
01-07-2014,0.7
02-07-2014,0
03-07-2014,0
04-07-2014,0
05-07-2014,24.8
06-07-2014,0
07-07-2014,0.3
08-07-2014,0
09-07-2014,0
10-07-2014,0
11-07-2014,0
12-07-2014,0
13-07-2014,0
14-07-2014,0
15-07-2014,0
16-07-2014,0
17-07-2014,0
18-07-2014,17.5
19-07-2014,3.9
20-07-2014,0
21-07-2014,0
22-07-2014,0
23-07-2014,0
24-07-2014,0
25-07-2014,0
26-07-2014,0
27-07-2014,0
28-07-2014,0.2
29-07-2014,0
30-07-2014,0
31-07-2014,0
01-08-2014,1.3
02-08-2014,2.9
03-08-2014,0
04-08-2014,0
05-08-2014,0
06-08-2014,0.3
07-08-2014,0.1
08-08-2014,7.3
09-08-2014,0.2
10-08-2014,11.5
11-08-2014,0
12-08-2014,0
13-08-2014,0
14-08-2014,0
15-08-2014,0
16-08-2014,0
17-08-2014,0
18-08-2014,0
19-08-2014,0
20-08-2014,0
21-08-2014,0
22-08-2014,0
23-08-2014,0
24-08-2014,0
25-08-2014,0
26-08-2014,3.2
27-08-2014,0.7
28-08-2014,0
29-08-2014,0
30-08-2014,0
31-08-2014,0
01-09-2014,0
02-09-2014,0
03-09-2014,0
04-09-2014,0
05-09-2014,0
06-09-2014,1.8
07-09-2014,8.4
08-09-2014,0
09-09-2014,0
10-09-2014,2.2
11-09-2014,0
12-09-2014,0.1
13-09-2014,0
14-09-2014,1.8
15-09-2014,4.3
16-09-2014,13.2
17-09-2014,1.9
18-09-2014,5.1
19-09-2014,3.6
20-09-2014,3
21-09-2014,0
22-09-2014,0.6
23-09-2014,0
24-09-2014,0
25-09-2014,0
26-09-2014,0
27-09-2014,0
28-09-2014,0.7
29-09-2014,0
30-09-2014,0
01-10-2014,0
02-10-2014,0
03-10-2014,0
04-10-2014,2.3
05-10-2014,0.7
06-10-2014,7.1
07-10-2014,3.2
08-10-2014,6.6
09-10-2014,2.5
10-10-2014,0.8
11-10-2014,0.2
12-10-2014,2.1
13-10-2014,1.3
14-10-2014,1.8
15-10-2014,5.8
16-10-2014,13.4
17-10-2014,0
18-10-2014,0
19-10-2014,0
20-10-2014,0
21-10-2014,0
22-10-2014,0
23-10-2014,0
24-10-2014,0
25-10-2014,0
26-10-2014,0
27-10-2014,0.2
28-10-2014,0
29-10-2014,0
30-10-2014,0
31-10-2014,5.7
01-11-2014,0
02-11-2014,2
03-11-2014,27.6
04-11-2014,12.1
05-11-2014,5.9
06-11-2014,5.2
07-11-2014,1.2
08-11-2014,13.7
09-11-2014,0.6
10-11-2014,6.2
11-11-2014,12.5
12-11-2014,7.1
13-11-2014,7.9
14-11-2014,10.3
15-11-2014,9
16-11-2014,8.9
17-11-2014,5.4
18-11-2014,11.3
19-11-2014,0
20-11-2014,3.3
21-11-2014,11.6
22-11-2014,50.8
23-11-2014,13.2
24-11-2014,0
25-11-2014,0
26-11-2014,0
27-11-2014,1.3
28-11-2014,4.7
29-11-2014,0
30-11-2014,0
01-12-2014,0
02-12-2014,3.7
03-12-2014,2
04-12-2014,4.8
05-12-2014,5.2
06-12-2014,4.1
07-12-2014,0.9
08-12-2014,0.7
09-12-2014,0.2
10-12-2014,3.1
11-12-2014,0.3
12-12-2014,28
13-12-2014,3.7
14-12-2014,0
15-12-2014,16.6
16-12-2014,4.5
17-12-2014,0.6
18-12-2014,0
19-12-2014,3.6
20-12-2014,1.9
21-12-2014,0
22-12-2014,0
23-12-2014,0
24-12-2014,0
25-12-2014,0
26-12-2014,1
27-12-2014,7.8
28-12-2014,0
29-12-2014,0
30-12-2014,0
31-12-2014,0
FECHA,Precipitación: l/m2
01-01-2015,0
02-01-2015,0.1
03-01-2015,0.2
04-01-2015,0
05-01-2015,0
06-01-2015,0
07-01-2015,0
08-01-2015,0
09-01-2015,0
10-01-2015,2
11-01-2015,0
12-01-2015,0.6
13-01-2015,13.9
14-01-2015,2.6
15-01-2015,31
16-01-2015,2.2
17-01-2015,2.4
18-01-2015,9.9
19-01-2015,4.7
20-01-2015,6.4
21-01-2015,7.4
22-01-2015,3.8
23-01-2015,2.4
24-01-2015,0.1
25-01-2015,0
26-01-2015,0
27-01-2015,0
28-01-2015,1
29-01-2015,19.9
30-01-2015,17.7
31-01-2015,9.2
01-02-2015,8.9
02-02-2015,9.3
03-02-2015,9.2
04-02-2015,5.1
05-02-2015,9.6
06-02-2015,1.2
07-02-2015,0
08-02-2015,0
09-02-2015,0
10-02-2015,0
11-02-2015,2.5
12-02-2015,1.6
13-02-2015,5
14-02-2015,7.7
15-02-2015,1.8
16-02-2015,3.9
17-02-2015,0
18-02-2015,0
19-02-2015,1.1
20-02-2015,12.5
21-02-2015,0.3
22-02-2015,6.5
23-02-2015,5.5
24-02-2015,1.1
25-02-2015,5.2
26-02-2015,3.8
27-02-2015,0.5
28-02-2015,5.2
01-03-2015,16.8
02-03-2015,8.3
03-03-2015,3.5
04-03-2015,0
05-03-2015,0
06-03-2015,0
07-03-2015,0
08-03-2015,0
09-03-2015,0
10-03-2015,0
11-03-2015,0
12-03-2015,4.3
13-03-2015,0
14-03-2015,0
15-03-2015,0
16-03-2015,0
17-03-2015,0
18-03-2015,0
19-03-2015,0
20-03-2015,0
21-03-2015,0
22-03-2015,0.8
23-03-2015,2.1
24-03-2015,1.4
25-03-2015,2.3
26-03-2015,4
27-03-2015,0
28-03-2015,0.2
29-03-2015,0
30-03-2015,0.7
31-03-2015,0
01-04-2015,0
02-04-2015,0
03-04-2015,0
04-04-2015,0
05-04-2015,0
06-04-2015,0
07-04-2015,0
08-04-2015,4.5
09-04-2015,0.9
10-04-2015,0
11-04-2015,0
12-04-2015,0
13-04-2015,0
14-04-2015,0
15-04-2015,7.7
16-04-2015,1.2
17-04-2015,3.9
18-04-2015,1
19-04-2015,0
20-04-2015,0
21-04-2015,7.1
22-04-2015,0
23-04-2015,2
24-04-2015,3.8
25-04-2015,16.4
26-04-2015,8.8
27-04-2015,0.8
28-04-2015,0
29-04-2015,0.7
30-04-2015,6.7
01-05-2015,2.5
02-05-2015,6.3
FECHA,Precipitación: l/m2
03-05-2015,5.3
04-05-2015,7.7
05-05-2015,0
06-05-2015,0.6
07-05-2015,2.6
08-05-2015,0
09-05-2015,0
10-05-2015,0
11-05-2015,0
12-05-2015,0
13-05-2015,0.9
14-05-2015,0
15-05-2015,0
16-05-2015,0
17-05-2015,0
18-05-2015,0.3
19-05-2015,0
20-05-2015,0
21-05-2015,0
22-05-2015,0
23-05-2015,0
24-05-2015,0
25-05-2015,0
26-05-2015,0
27-05-2015,0
28-05-2015,0
29-05-2015,0
30-05-2015,0
31-05-2015,3.3
01-06-2015,0
02-06-2015,0
03-06-2015,0
04-06-2015,0
05-06-2015,0
06-06-2015,0
07-06-2015,0
08-06-2015,0
09-06-2015,0
10-06-2015,0
11-06-2015,0
12-06-2015,0
13-06-2015,1.4
14-06-2015,0
15-06-2015,0
16-06-2015,0
17-06-2015,0
18-06-2015,0
19-06-2015,0
20-06-2015,0
21-06-2015,0
22-06-2015,0
23-06-2015,0
24-06-2015,0
25-06-2015,0
26-06-2015,0
27-06-2015,0
28-06-2015,0
29-06-2015,0
30-06-2015,0
01-07-2015,3.6
02-07-2015,0
03-07-2015,0
04-07-2015,0
05-07-2015,0
06-07-2015,0
07-07-2015,1.2
08-07-2015,0
09-07-2015,0
10-07-2015,0
11-07-2015,0
12-07-2015,0
13-07-2015,0
14-07-2015,0
15-07-2015,0
16-07-2015,0
17-07-2015,0.4
18-07-2015,0
19-07-2015,0
20-07-2015,0
21-07-2015,0
22-07-2015,0
23-07-2015,0.6
24-07-2015,0.2
25-07-2015,0
26-07-2015,0.8
27-07-2015,0
28-07-2015,5.6
29-07-2015,1
30-07-2015,0
31-07-2015,0
01-08-2015,0
02-08-2015,0
03-08-2015,0.1
04-08-2015,0
05-08-2015,0
06-08-2015,0
07-08-2015,0.4
08-08-2015,0
09-08-2015,0
10-08-2015,0
11-08-2015,0
12-08-2015,6.4
13-08-2015,9.2
14-08-2015,1.2
15-08-2015,0.4
16-08-2015,5.2
17-08-2015,0
18-08-2015,0
19-08-2015,0
20-08-2015,0
21-08-2015,0
22-08-2015,5.8
23-08-2015,4
24-08-2015,0
25-08-2015,0
26-08-2015,31.8
27-08-2015,29.6
28-08-2015,0.8
29-08-2015,0
30-08-2015,0.4
31-08-2015,2.6
01-09-2015,0
FECHA,Precipitación: l/m2
02-09-2015,0
03-09-2015,0
04-09-2015,0
05-09-2015,0
06-09-2015,0
07-09-2015,0
08-09-2015,0.2
09-09-2015,0.8
10-09-2015,0
11-09-2015,7.2
12-09-2015,2.6
13-09-2015,2.6
14-09-2015,15
15-09-2015,13
16-09-2015,5.4
17-09-2015,0
18-09-2015,0
19-09-2015,0
20-09-2015,0
21-09-2015,0
22-09-2015,0.2
23-09-2015,0
24-09-2015,0
25-09-2015,0
26-09-2015,0
27-09-2015,0
28-09-2015,0
29-09-2015,0
30-09-2015,0
01-10-2015,0
02-10-2015,0
03-10-2015,4.8
04-10-2015,16.2
05-10-2015,13.2
06-10-2015,0.2
07-10-2015,0
08-10-2015,0
09-10-2015,1.8
10-10-2015,11.2
11-10-2015,13.4
12-10-2015,0
13-10-2015,0
14-10-2015,0
15-10-2015,0
16-10-2015,0
17-10-2015,0
18-10-2015,8.6
19-10-2015,28
20-10-2015,0
21-10-2015,0
22-10-2015,0
23-10-2015,0.2
24-10-2015,2.4
25-10-2015,0
26-10-2015,7.8
27-10-2015,2
28-10-2015,10.2
29-10-2015,3.4
30-10-2015,0
31-10-2015,0
01-11-2015,0
02-11-2015,0.4
03-11-2015,0
04-11-2015,1
05-11-2015,0.2
06-11-2015,0
07-11-2015,0
08-11-2015,0
09-11-2015,0
10-11-2015,0
11-11-2015,0
12-11-2015,0.6
13-11-2015,0
14-11-2015,0
15-11-2015,0
16-11-2015,0
17-11-2015,0
18-11-2015,0
19-11-2015,0
20-11-2015,5.6
21-11-2015,5.4
22-11-2015,17.6
23-11-2015,0
24-11-2015,6.8
25-11-2015,0.2
26-11-2015,2
27-11-2015,2.4
28-11-2015,0
29-11-2015,0
30-11-2015,0
01-12-2015,0
02-12-2015,0
03-12-2015,0.8
04-12-2015,0
05-12-2015,0
06-12-2015,0
07-12-2015,0.4
08-12-2015,0
09-12-2015,0
10-12-2015,0
11-12-2015,0
12-12-2015,0
13-12-2015,3.2
14-12-2015,3.2
15-12-2015,0
16-12-2015,0
17-12-2015,7.4
18-12-2015,0
19-12-2015,5.2
20-12-2015,1
21-12-2015,0
22-12-2015,5.2
23-12-2015,0.6
24-12-2015,0
25-12-2015,0
26-12-2015,0
27-12-2015,0
28-12-2015,11.8
29-12-2015,0
30-12-2015,21.4
31-12-2015,0.2
01-01-2015,0
02-01-2015,0.1
03-01-2015,0.2
04-01-2015,0
05-01-2015,0
06-01-2015,0
07-01-2015,0
08-01-2015,0
09-01-2015,0
10-01-2015,2
11-01-2015,0
12-01-2015,0.6
13-01-2015,13.9
14-01-2015,2.6
15-01-2015,31
16-01-2015,2.2
17-01-2015,2.4
18-01-2015,9.9
19-01-2015,4.7
20-01-2015,6.4
21-01-2015,7.4
22-01-2015,3.8
23-01-2015,2.4
24-01-2015,0.1
25-01-2015,0
26-01-2015,0
27-01-2015,0
28-01-2015,1
29-01-2015,19.9
30-01-2015,17.7
31-01-2015,9.2
01-02-2015,8.9
02-02-2015,9.3
03-02-2015,9.2
04-02-2015,5.1
05-02-2015,9.6
06-02-2015,1.2
07-02-2015,0
08-02-2015,0
09-02-2015,0
10-02-2015,0
11-02-2015,2.5
12-02-2015,1.6
13-02-2015,5
14-02-2015,7.7
15-02-2015,1.8
16-02-2015,3.9
17-02-2015,0
18-02-2015,0
19-02-2015,1.1
20-02-2015,12.5
21-02-2015,0.3
22-02-2015,6.5
23-02-2015,5.5
24-02-2015,1.1
25-02-2015,5.2
26-02-2015,3.8
27-02-2015,0.5
28-02-2015,5.2
01-03-2015,16.8
02-03-2015,8.3
03-03-2015,3.5
04-03-2015,0
05-03-2015,0
06-03-2015,0
07-03-2015,0
08-03-2015,0
09-03-2015,0
10-03-2015,0
11-03-2015,0
12-03-2015,4.3
13-03-2015,0
14-03-2015,0
15-03-2015,0
16-03-2015,0
17-03-2015,0
18-03-2015,0
19-03-2015,0
20-03-2015,0
21-03-2015,0
22-03-2015,0.8
23-03-2015,2.1
24-03-2015,1.4
25-03-2015,2.3
26-03-2015,4
27-03-2015,0
28-03-2015,0.2
29-03-2015,0
30-03-2015,0.7
31-03-2015,0
01-04-2015,0
02-04-2015,0
03-04-2015,0
04-04-2015,0
05-04-2015,0
06-04-2015,0
07-04-2015,0
08-04-2015,4.5
09-04-2015,0.9
10-04-2015,0
11-04-2015,0
12-04-2015,0
13-04-2015,0
14-04-2015,0
15-04-2015,7.7
16-04-2015,1.2
17-04-2015,3.9
18-04-2015,1
19-04-2015,0
20-04-2015,0
21-04-2015,7.1
22-04-2015,0
23-04-2015,2
24-04-2015,3.8
25-04-2015,16.4
26-04-2015,8.8
27-04-2015,0.8
28-04-2015,0
29-04-2015,0.7
30-04-2015,6.7
01-05-2015,2.5
02-05-2015,6.3
03-05-2015,5.3
04-05-2015,7.7
05-05-2015,0
06-05-2015,0.6
07-05-2015,2.6
08-05-2015,0
09-05-2015,0
10-05-2015,0
11-05-2015,0
12-05-2015,0
13-05-2015,0.9
14-05-2015,0
15-05-2015,0
16-05-2015,0
17-05-2015,0
18-05-2015,0.3
19-05-2015,0
20-05-2015,0
21-05-2015,0
22-05-2015,0
23-05-2015,0
24-05-2015,0
25-05-2015,0
26-05-2015,0
27-05-2015,0
28-05-2015,0
29-05-2015,0
30-05-2015,0
31-05-2015,3.3
01-06-2015,0
02-06-2015,0
03-06-2015,0
04-06-2015,0
05-06-2015,0
06-06-2015,0
07-06-2015,0
08-06-2015,0
09-06-2015,0
10-06-2015,0
11-06-2015,0
12-06-2015,0
13-06-2015,1.4
14-06-2015,0
15-06-2015,0
16-06-2015,0
17-06-2015,0
18-06-2015,0
19-06-2015,0
20-06-2015,0
21-06-2015,0
22-06-2015,0
23-06-2015,0
24-06-2015,0
25-06-2015,0
26-06-2015,0
27-06-2015,0
28-06-2015,0
29-06-2015,0
30-06-2015,0
01-07-2015,3.6
02-07-2015,0
03-07-2015,0
04-07-2015,0
05-07-2015,0
06-07-2015,0
07-07-2015,1.2
08-07-2015,0
09-07-2015,0
10-07-2015,0
11-07-2015,0
12-07-2015,0
13-07-2015,0
14-07-2015,0
15-07-2015,0
16-07-2015,0
17-07-2015,0.4
18-07-2015,0
19-07-2015,0
20-07-2015,0
21-07-2015,0
22-07-2015,0
23-07-2015,0.6
24-07-2015,0.2
25-07-2015,0
26-07-2015,0.8
27-07-2015,0
28-07-2015,5.6
29-07-2015,1
30-07-2015,0
31-07-2015,0
01-08-2015,0
02-08-2015,0
03-08-2015,0.1
04-08-2015,0
05-08-2015,0
06-08-2015,0
07-08-2015,0.4
08-08-2015,0
09-08-2015,0
10-08-2015,0
11-08-2015,0
12-08-2015,6.4
13-08-2015,9.2
14-08-2015,1.2
15-08-2015,0.4
16-08-2015,5.2
17-08-2015,0
18-08-2015,0
19-08-2015,0
20-08-2015,0
21-08-2015,0
22-08-2015,5.8
23-08-2015,4
24-08-2015,0
25-08-2015,0
26-08-2015,31.8
27-08-2015,29.6
28-08-2015,0.8
29-08-2015,0
30-08-2015,0.4
31-08-2015,2.6
01-09-2015,0
02-09-2015,0
03-09-2015,0
04-09-2015,0
05-09-2015,0
06-09-2015,0
07-09-2015,0
08-09-2015,0.2
09-09-2015,0.8
10-09-2015,0
11-09-2015,7.2
12-09-2015,2.6
13-09-2015,2.6
14-09-2015,15
15-09-2015,13
16-09-2015,5.4
17-09-2015,0
18-09-2015,0
19-09-2015,0
20-09-2015,0
21-09-2015,0
22-09-2015,0.2
23-09-2015,0
24-09-2015,0
25-09-2015,0
26-09-2015,0
27-09-2015,0
28-09-2015,0
29-09-2015,0
30-09-2015,0
01-10-2015,0
02-10-2015,0
03-10-2015,4.8
04-10-2015,16.2
05-10-2015,13.2
06-10-2015,0.2
07-10-2015,0
08-10-2015,0
09-10-2015,1.8
10-10-2015,11.2
11-10-2015,13.4
12-10-2015,0
13-10-2015,0
14-10-2015,0
15-10-2015,0
16-10-2015,0
17-10-2015,0
18-10-2015,8.6
19-10-2015,28
20-10-2015,0
21-10-2015,0
22-10-2015,0
23-10-2015,0.2
24-10-2015,2.4
25-10-2015,0
26-10-2015,7.8
27-10-2015,2
28-10-2015,10.2
29-10-2015,3.4
30-10-2015,0
31-10-2015,0
01-11-2015,0
02-11-2015,0.4
03-11-2015,0
04-11-2015,1
05-11-2015,0.2
06-11-2015,0
07-11-2015,0
08-11-2015,0
09-11-2015,0
10-11-2015,0
11-11-2015,0
12-11-2015,0.6
13-11-2015,0
14-11-2015,0
15-11-2015,0
16-11-2015,0
17-11-2015,0
18-11-2015,0
19-11-2015,0
20-11-2015,5.6
21-11-2015,5.4
22-11-2015,17.6
23-11-2015,0
24-11-2015,6.8
25-11-2015,0.2
26-11-2015,2
27-11-2015,2.4
28-11-2015,0
29-11-2015,0
30-11-2015,0
01-12-2015,0
02-12-2015,0
03-12-2015,0.8
04-12-2015,0
05-12-2015,0
06-12-2015,0
07-12-2015,0.4
08-12-2015,0
09-12-2015,0
10-12-2015,0
11-12-2015,0
12-12-2015,0
13-12-2015,3.2
14-12-2015,3.2
15-12-2015,0
16-12-2015,0
17-12-2015,7.4
18-12-2015,0
19-12-2015,5.2
20-12-2015,1
21-12-2015,0
22-12-2015,5.2
23-12-2015,0.6
24-12-2015,0
25-12-2015,0
26-12-2015,0
27-12-2015,0
28-12-2015,11.8
29-12-2015,0
30-12-2015,21.4
31-12-2015,0.2
FECHA,Precipitación: l/m2
01-01-2016,7
02-01-2016,2.2
03-01-2016,12
04-01-2016,11.2
05-01-2016,7.6
06-01-2016,11.2
07-01-2016,95
08-01-2016,7.6
09-01-2016,21.8
10-01-2016,12.4
11-01-2016,10
12-01-2016,0
13-01-2016,27.4
14-01-2016,1.2
15-01-2016,0
16-01-2016,0
17-01-2016,11
18-01-2016,2.4
19-01-2016,0
20-01-2016,0.6
21-01-2016,0.8
22-01-2016,8.8
23-01-2016,0
24-01-2016,0.4
25-01-2016,8.6
26-01-2016,0
27-01-2016,23.2
28-01-2016,6.2
29-01-2016,0
30-01-2016,2.8
31-01-2016,0.6
01-02-2016,0
02-02-2016,1
03-02-2016,0
04-02-2016,0
05-02-2016,0
06-02-2016,18.4
07-02-2016,1
08-02-2016,4.8
09-02-2016,27.8
10-02-2016,30
11-02-2016,20.6
12-02-2016,15
13-02-2016,11
14-02-2016,7.6
15-02-2016,0.8
16-02-2016,0
17-02-2016,13.6
18-02-2016,4
19-02-2016,0.4
20-02-2016,0
21-02-2016,0
22-02-2016,0.4
23-02-2016,1.4
24-02-2016,12.6
25-02-2016,10.6
26-02-2016,9
27-02-2016,10.4
28-02-2016,1.2
29-02-2016,0
01-03-2016,3
02-03-2016,1
03-03-2016,7.8
04-03-2016,8.2
05-03-2016,9.8
06-03-2016,8.8
07-03-2016,5.2
08-03-2016,9.6
09-03-2016,1
10-03-2016,0
11-03-2016,0
12-03-2016,0
13-03-2016,0
14-03-2016,0
15-03-2016,0
16-03-2016,0
17-03-2016,0
18-03-2016,2.2
19-03-2016,3.6
20-03-2016,0.3
21-03-2016,0
22-03-2016,0
23-03-2016,0
24-03-2016,0
25-03-2016,5.8
26-03-2016,7.2
27-03-2016,9.4
28-03-2016,18.6
29-03-2016,62
30-03-2016,33
31-03-2016,0
01-04-2016,0
02-04-2016,4
03-04-2016,3.4
04-04-2016,10.2
05-04-2016,0
06-04-2016,0
07-04-2016,0.4
08-04-2016,3
09-04-2016,6.8
10-04-2016,17.2
11-04-2016,4.8
12-04-2016,10.8
13-04-2016,10.6
14-04-2016,0
15-04-2016,25.6
16-04-2016,18.6
17-04-2016,0
18-04-2016,1.6
19-04-2016,2.2
20-04-2016,0
21-04-2016,1.2
22-04-2016,1.2
23-04-2016,0.8
24-04-2016,0
25-04-2016,0
26-04-2016,0
27-04-2016,0
28-04-2016,0
29-04-2016,0
30-04-2016,0
01-05-2016,0
FECHA,Precipitación: l/m2
02-05-2016,0
03-05-2016,0
04-05-2016,0
05-05-2016,4.8
06-05-2016,2.6
07-05-2016,3
08-05-2016,1.4
09-05-2016,11
10-05-2016,6.8
11-05-2016,0.8
12-05-2016,7
13-05-2016,7.8
14-05-2016,2.8
15-05-2016,0
16-05-2016,0
17-05-2016,0
18-05-2016,2
19-05-2016,0
20-05-2016,0
21-05-2016,16.2
22-05-2016,0
23-05-2016,0.4
24-05-2016,2
25-05-2016,0.8
26-05-2016,0
27-05-2016,7.8
28-05-2016,10.4
29-05-2016,2.2
30-05-2016,0
31-05-2016,0
01-06-2016,0
02-06-2016,0
03-06-2016,0
04-06-2016,0
05-06-2016,0.4
06-06-2016,0.2
07-06-2016,0
08-06-2016,0
09-06-2016,2.4
10-06-2016,0
11-06-2016,0
12-06-2016,2.6
13-06-2016,1
14-06-2016,7.4
15-06-2016,25.4
16-06-2016,11.4
17-06-2016,2.6
18-06-2016,0
19-06-2016,0
20-06-2016,0
21-06-2016,0
22-06-2016,0.2
23-06-2016,0.2
24-06-2016,0
25-06-2016,0
26-06-2016,0
27-06-2016,0
28-06-2016,0
29-06-2016,0
30-06-2016,0
01-07-2016,0.2
02-07-2016,0
03-07-2016,0
04-07-2016,0
05-07-2016,0
06-07-2016,0
07-07-2016,0
08-07-2016,0
09-07-2016,0
10-07-2016,0.1
11-07-2016,0
12-07-2016,0
13-07-2016,0
14-07-2016,0
15-07-2016,0
16-07-2016,0
17-07-2016,0
18-07-2016,0
19-07-2016,0
20-07-2016,0
21-07-2016,0.4
22-07-2016,0
23-07-2016,0
24-07-2016,0
25-07-2016,0
26-07-2016,0
27-07-2016,0
28-07-2016,0
29-07-2016,0
30-07-2016,0
31-07-2016,0
01-08-2016,0
02-08-2016,0
03-08-2016,1.2
04-08-2016,0
05-08-2016,0
06-08-2016,0
07-08-2016,0
08-08-2016,0
09-08-2016,0
10-08-2016,0
11-08-2016,0
12-08-2016,0
13-08-2016,0.2
14-08-2016,0
15-08-2016,0
16-08-2016,0.2
17-08-2016,0
18-08-2016,7.2
19-08-2016,0
20-08-2016,0
21-08-2016,0
22-08-2016,0
23-08-2016,0
24-08-2016,1.6
25-08-2016,0
26-08-2016,0
27-08-2016,0
28-08-2016,0
29-08-2016,0
30-08-2016,0
31-08-2016,0
FECHA,Precipitación: l/m2
01-09-2016,0
02-09-2016,0
03-09-2016,0
04-09-2016,0
05-09-2016,0
06-09-2016,0
07-09-2016,2
08-09-2016,0
09-09-2016,0
10-09-2016,2.6
11-09-2016,0
12-09-2016,38
13-09-2016,16.6
14-09-2016,8.6
15-09-2016,1
16-09-2016,0.2
17-09-2016,0
18-09-2016,0
19-09-2016,0
20-09-2016,0
21-09-2016,0
22-09-2016,0
23-09-2016,0
24-09-2016,13
25-09-2016,0
26-09-2016,0.6
27-09-2016,0.4
28-09-2016,0
29-09-2016,0
30-09-2016,0.6
01-10-2016,0
02-10-2016,0
03-10-2016,0
04-10-2016,0.8
05-10-2016,0
06-10-2016,0
07-10-2016,0
08-10-2016,0
09-10-2016,0
10-10-2016,0
11-10-2016,8.4
12-10-2016,6.8
13-10-2016,0.2
14-10-2016,2.4
15-10-2016,0.8
16-10-2016,2.2
17-10-2016,0
18-10-2016,0
19-10-2016,0
20-10-2016,0
21-10-2016,0
22-10-2016,18.6
23-10-2016,5.2
24-10-2016,0
25-10-2016,0
26-10-2016,0
27-10-2016,0
28-10-2016,0
29-10-2016,0
30-10-2016,0
31-10-2016,0
01-11-2016,0
02-11-2016,0
03-11-2016,0.4
04-11-2016,7.6
05-11-2016,6.8
06-11-2016,7
07-11-2016,7.8
08-11-2016,17
09-11-2016,2.1
10-11-2016,0.2
11-11-2016,0.8
12-11-2016,8
13-11-2016,0
14-11-2016,0
15-11-2016,0
16-11-2016,0
17-11-2016,3.6
18-11-2016,0.8
19-11-2016,22.6
20-11-2016,10.6
21-11-2016,1.8
22-11-2016,2
23-11-2016,2
24-11-2016,13.6
25-11-2016,0
26-11-2016,0
27-11-2016,0
28-11-2016,0
29-11-2016,0
30-11-2016,0
01-12-2016,0
02-12-2016,0
03-12-2016,0.1
04-12-2016,0
05-12-2016,0
06-12-2016,0
07-12-2016,0
08-12-2016,0
09-12-2016,0
10-12-2016,0
11-12-2016,0
12-12-2016,0
13-12-2016,12
14-12-2016,0
15-12-2016,3.4
16-12-2016,1.8
17-12-2016,0
18-12-2016,0
19-12-2016,0.6
20-12-2016,3
21-12-2016,2
22-12-2016,0
23-12-2016,0.2
24-12-2016,0
25-12-2016,0
26-12-2016,0
27-12-2016,0
28-12-2016,0.1
29-12-2016,0
30-12-2016,0
31-12-2016,0
01-01-2016,7
02-01-2016,2.2
03-01-2016,12
04-01-2016,11.2
05-01-2016,7.6
06-01-2016,11.2
07-01-2016,95
08-01-2016,7.6
09-01-2016,21.8
10-01-2016,12.4
11-01-2016,10
12-01-2016,0
13-01-2016,27.4
14-01-2016,1.2
15-01-2016,0
16-01-2016,0
17-01-2016,11
18-01-2016,2.4
19-01-2016,0
20-01-2016,0.6
21-01-2016,0.8
22-01-2016,8.8
23-01-2016,0
24-01-2016,0.4
25-01-2016,8.6
26-01-2016,0
27-01-2016,23.2
28-01-2016,6.2
29-01-2016,0
30-01-2016,2.8
31-01-2016,0.6
01-02-2016,0
02-02-2016,1
03-02-2016,0
04-02-2016,0
05-02-2016,0
06-02-2016,18.4
07-02-2016,1
08-02-2016,4.8
09-02-2016,27.8
10-02-2016,30
11-02-2016,20.6
12-02-2016,15
13-02-2016,11
14-02-2016,7.6
15-02-2016,0.8
16-02-2016,0
17-02-2016,13.6
18-02-2016,4
19-02-2016,0.4
20-02-2016,0
21-02-2016,0
22-02-2016,0.4
23-02-2016,1.4
24-02-2016,12.6
25-02-2016,10.6
26-02-2016,9
27-02-2016,10.4
28-02-2016,1.2
29-02-2016,0
01-03-2016,3
02-03-2016,1
03-03-2016,7.8
04-03-2016,8.2
05-03-2016,9.8
06-03-2016,8.8
07-03-2016,5.2
08-03-2016,9.6
09-03-2016,1
10-03-2016,0
11-03-2016,0
12-03-2016,0
13-03-2016,0
14-03-2016,0
15-03-2016,0
16-03-2016,0
17-03-2016,0
18-03-2016,2.2
19-03-2016,3.6
20-03-2016,0.3
21-03-2016,0
22-03-2016,0
23-03-2016,0
24-03-2016,0
25-03-2016,5.8
26-03-2016,7.2
27-03-2016,9.4
28-03-2016,18.6
29-03-2016,62
30-03-2016,33
31-03-2016,0
01-04-2016,0
02-04-2016,4
03-04-2016,3.4
04-04-2016,10.2
05-04-2016,0
06-04-2016,0
07-04-2016,0.4
08-04-2016,3
09-04-2016,6.8
10-04-2016,17.2
11-04-2016,4.8
12-04-2016,10.8
13-04-2016,10.6
14-04-2016,0
15-04-2016,25.6
16-04-2016,18.6
17-04-2016,0
18-04-2016,1.6
19-04-2016,2.2
20-04-2016,0
21-04-2016,1.2
22-04-2016,1.2
23-04-2016,0.8
24-04-2016,0
25-04-2016,0
26-04-2016,0
27-04-2016,0
28-04-2016,0
29-04-2016,0
30-04-2016,0
01-05-2016,0
02-05-2016,0
03-05-2016,0
04-05-2016,0
05-05-2016,4.8
06-05-2016,2.6
07-05-2016,3
08-05-2016,1.4
09-05-2016,11
10-05-2016,6.8
11-05-2016,0.8
12-05-2016,7
13-05-2016,7.8
14-05-2016,2.8
15-05-2016,0
16-05-2016,0
17-05-2016,0
18-05-2016,2
19-05-2016,0
20-05-2016,0
21-05-2016,16.2
22-05-2016,0
23-05-2016,0.4
24-05-2016,2
25-05-2016,0.8
26-05-2016,0
27-05-2016,7.8
28-05-2016,10.4
29-05-2016,2.2
30-05-2016,0
31-05-2016,0
01-06-2016,0
02-06-2016,0
03-06-2016,0
04-06-2016,0
05-06-2016,0.4
06-06-2016,0.2
07-06-2016,0
08-06-2016,0
09-06-2016,2.4
10-06-2016,0
11-06-2016,0
12-06-2016,2.6
13-06-2016,1
14-06-2016,7.4
15-06-2016,25.4
16-06-2016,11.4
17-06-2016,2.6
18-06-2016,0
19-06-2016,0
20-06-2016,0
21-06-2016,0
22-06-2016,0.2
23-06-2016,0.2
24-06-2016,0
25-06-2016,0
26-06-2016,0
27-06-2016,0
28-06-2016,0
29-06-2016,0
30-06-2016,0
01-07-2016,0.2
02-07-2016,0
03-07-2016,0
04-07-2016,0
05-07-2016,0
06-07-2016,0
07-07-2016,0
08-07-2016,0
09-07-2016,0
10-07-2016,0.1
11-07-2016,0
12-07-2016,0
13-07-2016,0
14-07-2016,0
15-07-2016,0
16-07-2016,0
17-07-2016,0
18-07-2016,0
19-07-2016,0
20-07-2016,0
21-07-2016,0.4
22-07-2016,0
23-07-2016,0
24-07-2016,0
25-07-2016,0
26-07-2016,0
27-07-2016,0
28-07-2016,0
29-07-2016,0
30-07-2016,0
31-07-2016,0
01-08-2016,0
02-08-2016,0
03-08-2016,1.2
04-08-2016,0
05-08-2016,0
06-08-2016,0
07-08-2016,0
08-08-2016,0
09-08-2016,0
10-08-2016,0
11-08-2016,0
12-08-2016,0
13-08-2016,0.2
14-08-2016,0
15-08-2016,0
16-08-2016,0.2
17-08-2016,0
18-08-2016,7.2
19-08-2016,0
20-08-2016,0
21-08-2016,0
22-08-2016,0
23-08-2016,0
24-08-2016,1.6
25-08-2016,0
26-08-2016,0
27-08-2016,0
28-08-2016,0
29-08-2016,0
30-08-2016,0
31-08-2016,0
01-09-2016,0
02-09-2016,0
03-09-2016,0
04-09-2016,0
05-09-2016,0
06-09-2016,0
07-09-2016,2
08-09-2016,0
09-09-2016,0
10-09-2016,2.6
11-09-2016,0
12-09-2016,38
13-09-2016,16.6
14-09-2016,8.6
15-09-2016,1
16-09-2016,0.2
17-09-2016,0
18-09-2016,0
19-09-2016,0
20-09-2016,0
21-09-2016,0
22-09-2016,0
23-09-2016,0
24-09-2016,13
25-09-2016,0
26-09-2016,0.6
27-09-2016,0.4
28-09-2016,0
29-09-2016,0
30-09-2016,0.6
01-10-2016,0
02-10-2016,0
03-10-2016,0
04-10-2016,0.8
05-10-2016,0
06-10-2016,0
07-10-2016,0
08-10-2016,0
09-10-2016,0
10-10-2016,0
11-10-2016,8.4
12-10-2016,6.8
13-10-2016,0.2
14-10-2016,2.4
15-10-2016,0.8
16-10-2016,2.2
17-10-2016,0
18-10-2016,0
19-10-2016,0
20-10-2016,0
21-10-2016,0
22-10-2016,18.6
23-10-2016,5.2
24-10-2016,0
25-10-2016,0
26-10-2016,0
27-10-2016,0
28-10-2016,0
29-10-2016,0
30-10-2016,0
31-10-2016,0
01-11-2016,0
02-11-2016,0
03-11-2016,0.4
04-11-2016,7.6
05-11-2016,6.8
06-11-2016,7
07-11-2016,7.8
08-11-2016,17
09-11-2016,2.1
10-11-2016,0.2
11-11-2016,0.8
12-11-2016,8
13-11-2016,0
14-11-2016,0
15-11-2016,0
16-11-2016,0
17-11-2016,3.6
18-11-2016,0.8
19-11-2016,22.6
20-11-2016,10.6
21-11-2016,1.8
22-11-2016,2
23-11-2016,2
24-11-2016,13.6
25-11-2016,0
26-11-2016,0
27-11-2016,0
28-11-2016,0
29-11-2016,0
30-11-2016,0
01-12-2016,0
02-12-2016,0
03-12-2016,0.1
04-12-2016,0
05-12-2016,0
06-12-2016,0
07-12-2016,0
08-12-2016,0
09-12-2016,0
10-12-2016,0
11-12-2016,0
12-12-2016,0
13-12-2016,12
14-12-2016,0
15-12-2016,3.4
16-12-2016,1.8
17-12-2016,0
18-12-2016,0
19-12-2016,0.6
20-12-2016,3
21-12-2016,2
22-12-2016,0
23-12-2016,0.2
24-12-2016,0
25-12-2016,0
26-12-2016,0
27-12-2016,0
28-12-2016,0.1
29-12-2016,0
30-12-2016,0
31-12-2016,0
FECHA,Precipitación: l/m2
01-01-2017,0
02-01-2017,0.8
03-01-2017,1.8
04-01-2017,0
05-01-2017,0
06-01-2017,0
07-01-2017,0
08-01-2017,0
09-01-2017,1.4
10-01-2017,2.2
11-01-2017,0.8
12-01-2017,2.6
13-01-2017,4
14-01-2017,3.8
15-01-2017,1
16-01-2017,0.4
17-01-2017,0
18-01-2017,0
19-01-2017,0
20-01-2017,0
21-01-2017,0
22-01-2017,0
23-01-2017,0
24-01-2017,0
25-01-2017,1.4
26-01-2017,0.4
27-01-2017,16.6
28-01-2017,0
29-01-2017,0.6
30-01-2017,0
31-01-2017,12
01-02-2017,1.2
02-02-2017,24
03-02-2017,20.4
04-02-2017,17
05-02-2017,0.2
06-02-2017,6
07-02-2017,1.2
08-02-2017,0
09-02-2017,0.6
10-02-2017,0
11-02-2017,0
12-02-2017,4.6
13-02-2017,5.6
14-02-2017,19.2
15-02-2017,0.6
16-02-2017,0
17-02-2017,3.2
18-02-2017,4.2
19-02-2017,0
20-02-2017,0
21-02-2017,0
22-02-2017,0
23-02-2017,0.4
24-02-2017,0
25-02-2017,0
26-02-2017,1.7
27-02-2017,9.2
28-02-2017,6.4
01-03-2017,22.2
02-03-2017,10
03-03-2017,15.6
04-03-2017,1.2
05-03-2017,5
06-03-2017,0.4
07-03-2017,0.6
08-03-2017,0
09-03-2017,0
10-03-2017,0
11-03-2017,1.8
12-03-2017,5.4
13-03-2017,0
14-03-2017,0
15-03-2017,0
16-03-2017,0
17-03-2017,0
18-03-2017,0
19-03-2017,0
20-03-2017,12
21-03-2017,10.2
22-03-2017,16
23-03-2017,14
24-03-2017,0.2
25-03-2017,4.6
26-03-2017,1.2
27-03-2017,0
28-03-2017,0
29-03-2017,0
30-03-2017,5.8
31-03-2017,4.2
01-04-2017,0
02-04-2017,0
03-04-2017,0
04-04-2017,0
05-04-2017,0
06-04-2017,0
07-04-2017,0
08-04-2017,0
09-04-2017,0
10-04-2017,0
11-04-2017,0
12-04-2017,0
13-04-2017,0
14-04-2017,0
15-04-2017,0
16-04-2017,0
17-04-2017,0
18-04-2017,0
19-04-2017,0
20-04-2017,0
21-04-2017,0
22-04-2017,0
23-04-2017,0
24-04-2017,0
25-04-2017,0.8
26-04-2017,0.2
27-04-2017,0
28-04-2017,0
29-04-2017,7.6
30-04-2017,6.8
01-05-2017,0
02-05-2017,0
FECHA,Precipitación: l/m2
03-05-2017,0
04-05-2017,2
05-05-2017,3.2
06-05-2017,0
07-05-2017,0
08-05-2017,0
09-05-2017,3
10-05-2017,13.2
11-05-2017,0.6
12-05-2017,5.4
13-05-2017,6.8
14-05-2017,0
15-05-2017,0
16-05-2017,2
17-05-2017,1.6
18-05-2017,1.4
19-05-2017,0
20-05-2017,0
21-05-2017,0
22-05-2017,0
23-05-2017,0
24-05-2017,0
25-05-2017,5.2
26-05-2017,11.2
27-05-2017,0.8
28-05-2017,4.4
29-05-2017,0
30-05-2017,0
31-05-2017,0
01-06-2017,0
02-06-2017,0.4
03-06-2017,0
04-06-2017,0
05-06-2017,3.4
06-06-2017,0.2
07-06-2017,0
08-06-2017,0.6
09-06-2017,0
10-06-2017,0
11-06-2017,0.8
12-06-2017,0
13-06-2017,0
14-06-2017,0
15-06-2017,0
16-06-2017,0
17-06-2017,0
18-06-2017,0
19-06-2017,0
20-06-2017,0
21-06-2017,0.4
22-06-2017,0
23-06-2017,0
24-06-2017,0
25-06-2017,0
26-06-2017,0
27-06-2017,8
28-06-2017,6.6
29-06-2017,7.2
30-06-2017,0.8
01-07-2017,0
02-07-2017,0
03-07-2017,0
04-07-2017,0
05-07-2017,0
06-07-2017,0
07-07-2017,0
08-07-2017,0
09-07-2017,0.8
10-07-2017,0
11-07-2017,1.6
12-07-2017,0
13-07-2017,0
14-07-2017,0
15-07-2017,0
16-07-2017,0
17-07-2017,0
18-07-2017,0
19-07-2017,2
20-07-2017,0
21-07-2017,1.4
22-07-2017,0
23-07-2017,1.6
24-07-2017,0.2
25-07-2017,0
26-07-2017,0
27-07-2017,5.2
28-07-2017,0
29-07-2017,0.2
30-07-2017,0
31-07-2017,0
01-08-2017,0
02-08-2017,0.6
03-08-2017,0
04-08-2017,4.6
05-08-2017,0
06-08-2017,0
07-08-2017,0.6
08-08-2017,5.2
09-08-2017,0
10-08-2017,0
11-08-2017,0
12-08-2017,0
13-08-2017,0
14-08-2017,0.2
15-08-2017,0.2
16-08-2017,0
17-08-2017,4.6
18-08-2017,0
19-08-2017,0
20-08-2017,0
21-08-2017,0
22-08-2017,0
23-08-2017,0.4
24-08-2017,0
25-08-2017,0
26-08-2017,0.1
27-08-2017,9.4
28-08-2017,0
29-08-2017,3
30-08-2017,0.4
31-08-2017,0
01-09-2017,0
FECHA,Precipitación: l/m2
02-09-2017,0
03-09-2017,2.4
04-09-2017,0.2
05-09-2017,0.6
06-09-2017,0
07-09-2017,0
08-09-2017,1.3
09-09-2017,2.4
10-09-2017,2.3
11-09-2017,2
12-09-2017,0
13-09-2017,6.2
14-09-2017,3.6
15-09-2017,0.8
16-09-2017,0
17-09-2017,6.6
18-09-2017,0.6
19-09-2017,0
20-09-2017,2.4
21-09-2017,6.8
22-09-2017,0
23-09-2017,0
24-09-2017,2.8
25-09-2017,0
26-09-2017,0
27-09-2017,0
28-09-2017,0
29-09-2017,1
30-09-2017,1
01-10-2017,0
02-10-2017,1
03-10-2017,0
04-10-2017,0
05-10-2017,0
06-10-2017,0
07-10-2017,0
08-10-2017,0
09-10-2017,0
10-10-2017,0
11-10-2017,0
12-10-2017,0
13-10-2017,0
14-10-2017,0
15-10-2017,0.4
16-10-2017,4.8
17-10-2017,3
18-10-2017,0
19-10-2017,2.2
20-10-2017,6.2
21-10-2017,0.8
22-10-2017,0
23-10-2017,0
24-10-2017,0
25-10-2017,0
26-10-2017,0
27-10-2017,0
28-10-2017,0
29-10-2017,0
30-10-2017,0
31-10-2017,0
01-11-2017,0.6
02-11-2017,13.4
03-11-2017,0.2
04-11-2017,0.4
05-11-2017,0.4
06-11-2017,0
07-11-2017,2.8
08-11-2017,4.2
09-11-2017,3.4
10-11-2017,0.8
11-11-2017,0.4
12-11-2017,2.6
13-11-2017,0
14-11-2017,0
15-11-2017,0
16-11-2017,0
17-11-2017,0
18-11-2017,0
19-11-2017,0
20-11-2017,0
21-11-2017,0
22-11-2017,6.4
23-11-2017,0.8
24-11-2017,20
25-11-2017,0
26-11-2017,0
27-11-2017,0
28-11-2017,4.6
29-11-2017,1.2
30-11-2017,3.2
01-12-2017,1.6
02-12-2017,0.2
03-12-2017,0
04-12-2017,0
05-12-2017,0
06-12-2017,0.4
07-12-2017,7.6
08-12-2017,7.8
09-12-2017,6.6
10-12-2017,52.6
11-12-2017,2.4
12-12-2017,1.6
13-12-2017,11.4
14-12-2017,2.2
15-12-2017,0.6
16-12-2017,1.2
17-12-2017,0
18-12-2017,5
19-12-2017,0
20-12-2017,0
21-12-2017,0
22-12-2017,0
23-12-2017,0
24-12-2017,0
25-12-2017,5.4
26-12-2017,9.2
27-12-2017,12.2
28-12-2017,4.2
29-12-2017,0
30-12-2017,0
31-12-2017,17
01-01-2017,0
02-01-2017,0.8
03-01-2017,1.8
04-01-2017,0
05-01-2017,0
06-01-2017,0
07-01-2017,0
08-01-2017,0
09-01-2017,1.4
10-01-2017,2.2
11-01-2017,0.8
12-01-2017,2.6
13-01-2017,4
14-01-2017,3.8
15-01-2017,1
16-01-2017,0.4
17-01-2017,0
18-01-2017,0
19-01-2017,0
20-01-2017,0
21-01-2017,0
22-01-2017,0
23-01-2017,0
24-01-2017,0
25-01-2017,1.4
26-01-2017,0.4
27-01-2017,16.6
28-01-2017,0
29-01-2017,0.6
30-01-2017,0
31-01-2017,12
01-02-2017,1.2
02-02-2017,24
03-02-2017,20.4
04-02-2017,17
05-02-2017,0.2
06-02-2017,6
07-02-2017,1.2
08-02-2017,0
09-02-2017,0.6
10-02-2017,0
11-02-2017,0
12-02-2017,4.6
13-02-2017,5.6
14-02-2017,19.2
15-02-2017,0.6
16-02-2017,0
17-02-2017,3.2
18-02-2017,4.2
19-02-2017,0
20-02-2017,0
21-02-2017,0
22-02-2017,0
23-02-2017,0.4
24-02-2017,0
25-02-2017,0
26-02-2017,1.7
27-02-2017,9.2
28-02-2017,6.4
01-03-2017,22.2
02-03-2017,10
03-03-2017,15.6
04-03-2017,1.2
05-03-2017,5
06-03-2017,0.4
07-03-2017,0.6
08-03-2017,0
09-03-2017,0
10-03-2017,0
11-03-2017,1.8
12-03-2017,5.4
13-03-2017,0
14-03-2017,0
15-03-2017,0
16-03-2017,0
17-03-2017,0
18-03-2017,0
19-03-2017,0
20-03-2017,12
21-03-2017,10.2
22-03-2017,16
23-03-2017,14
24-03-2017,0.2
25-03-2017,4.6
26-03-2017,1.2
27-03-2017,0
28-03-2017,0
29-03-2017,0
30-03-2017,5.8
31-03-2017,4.2
01-04-2017,0
02-04-2017,0
03-04-2017,0
04-04-2017,0
05-04-2017,0
06-04-2017,0
07-04-2017,0
08-04-2017,0
09-04-2017,0
10-04-2017,0
11-04-2017,0
12-04-2017,0
13-04-2017,0
14-04-2017,0
15-04-2017,0
16-04-2017,0
17-04-2017,0
18-04-2017,0
19-04-2017,0
20-04-2017,0
21-04-2017,0
22-04-2017,0
23-04-2017,0
24-04-2017,0
25-04-2017,0.8
26-04-2017,0.2
27-04-2017,0
28-04-2017,0
29-04-2017,7.6
30-04-2017,6.8
01-05-2017,0
02-05-2017,0
03-05-2017,0
04-05-2017,2
05-05-2017,3.2
06-05-2017,0
07-05-2017,0
08-05-2017,0
09-05-2017,3
10-05-2017,13.2
11-05-2017,0.6
12-05-2017,5.4
13-05-2017,6.8
14-05-2017,0
15-05-2017,0
16-05-2017,2
17-05-2017,1.6
18-05-2017,1.4
19-05-2017,0
20-05-2017,0
21-05-2017,0
22-05-2017,0
23-05-2017,0
24-05-2017,0
25-05-2017,5.2
26-05-2017,11.2
27-05-2017,0.8
28-05-2017,4.4
29-05-2017,0
30-05-2017,0
31-05-2017,0
01-06-2017,0
02-06-2017,0.4
03-06-2017,0
04-06-2017,0
05-06-2017,3.4
06-06-2017,0.2
07-06-2017,0
08-06-2017,0.6
09-06-2017,0
10-06-2017,0
11-06-2017,0.8
12-06-2017,0
13-06-2017,0
14-06-2017,0
15-06-2017,0
16-06-2017,0
17-06-2017,0
18-06-2017,0
19-06-2017,0
20-06-2017,0
21-06-2017,0.4
22-06-2017,0
23-06-2017,0
24-06-2017,0
25-06-2017,0
26-06-2017,0
27-06-2017,8
28-06-2017,6.6
29-06-2017,7.2
30-06-2017,0.8
01-07-2017,0
02-07-2017,0
03-07-2017,0
04-07-2017,0
05-07-2017,0
06-07-2017,0
07-07-2017,0
08-07-2017,0
09-07-2017,0.8
10-07-2017,0
11-07-2017,1.6
12-07-2017,0
13-07-2017,0
14-07-2017,0
15-07-2017,0
16-07-2017,0
17-07-2017,0
18-07-2017,0
19-07-2017,2
20-07-2017,0
21-07-2017,1.4
22-07-2017,0
23-07-2017,1.6
24-07-2017,0.2
25-07-2017,0
26-07-2017,0
27-07-2017,5.2
28-07-2017,0
29-07-2017,0.2
30-07-2017,0
31-07-2017,0
01-08-2017,0
02-08-2017,0.6
03-08-2017,0
04-08-2017,4.6
05-08-2017,0
06-08-2017,0
07-08-2017,0.6
08-08-2017,5.2
09-08-2017,0
10-08-2017,0
11-08-2017,0
12-08-2017,0
13-08-2017,0
14-08-2017,0.2
15-08-2017,0.2
16-08-2017,0
17-08-2017,4.6
18-08-2017,0
19-08-2017,0
20-08-2017,0
21-08-2017,0
22-08-2017,0
23-08-2017,0.4
24-08-2017,0
25-08-2017,0
26-08-2017,0.1
27-08-2017,9.4
28-08-2017,0
29-08-2017,3
30-08-2017,0.4
31-08-2017,0
01-09-2017,0
02-09-2017,0
03-09-2017,2.4
04-09-2017,0.2
05-09-2017,0.6
06-09-2017,0
07-09-2017,0
08-09-2017,1.3
09-09-2017,2.4
10-09-2017,2.3
11-09-2017,2
12-09-2017,0
13-09-2017,6.2
14-09-2017,3.6
15-09-2017,0.8
16-09-2017,0
17-09-2017,6.6
18-09-2017,0.6
19-09-2017,0
20-09-2017,2.4
21-09-2017,6.8
22-09-2017,0
23-09-2017,0
24-09-2017,2.8
25-09-2017,0
26-09-2017,0
27-09-2017,0
28-09-2017,0
29-09-2017,1
30-09-2017,1
01-10-2017,0
02-10-2017,1
03-10-2017,0
04-10-2017,0
05-10-2017,0
06-10-2017,0
07-10-2017,0
08-10-2017,0
09-10-2017,0
10-10-2017,0
11-10-2017,0
12-10-2017,0
13-10-2017,0
14-10-2017,0
15-10-2017,0.4
16-10-2017,4.8
17-10-2017,3
18-10-2017,0
19-10-2017,2.2
20-10-2017,6.2
21-10-2017,0.8
22-10-2017,0
23-10-2017,0
24-10-2017,0
25-10-2017,0
26-10-2017,0
27-10-2017,0
28-10-2017,0
29-10-2017,0
30-10-2017,0
31-10-2017,0
01-11-2017,0.6
02-11-2017,13.4
03-11-2017,0.2
04-11-2017,0.4
05-11-2017,0.4
06-11-2017,0
07-11-2017,2.8
08-11-2017,4.2
09-11-2017,3.4
10-11-2017,0.8
11-11-2017,0.4
12-11-2017,2.6
13-11-2017,0
14-11-2017,0
15-11-2017,0
16-11-2017,0
17-11-2017,0
18-11-2017,0
19-11-2017,0
20-11-2017,0
21-11-2017,0
22-11-2017,6.4
23-11-2017,0.8
24-11-2017,20
25-11-2017,0
26-11-2017,0
27-11-2017,0
28-11-2017,4.6
29-11-2017,1.2
30-11-2017,3.2
01-12-2017,1.6
02-12-2017,0.2
03-12-2017,0
04-12-2017,0
05-12-2017,0
06-12-2017,0.4
07-12-2017,7.6
08-12-2017,7.8
09-12-2017,6.6
10-12-2017,52.6
11-12-2017,2.4
12-12-2017,1.6
13-12-2017,11.4
14-12-2017,2.2
15-12-2017,0.6
16-12-2017,1.2
17-12-2017,0
18-12-2017,5
19-12-2017,0
20-12-2017,0
21-12-2017,0
22-12-2017,0
23-12-2017,0
24-12-2017,0
25-12-2017,5.4
26-12-2017,9.2
27-12-2017,12.2
28-12-2017,4.2
29-12-2017,0
30-12-2017,0
31-12-2017,17
FECHA,Precipitación: l/m2
01-01-2018,2.8
02-01-2018,3
03-01-2018,2
04-01-2018,23.4
05-01-2018,4.2
06-01-2018,6
07-01-2018,4.4
08-01-2018,0
09-01-2018,2.4
10-01-2018,20.2
11-01-2018,0
12-01-2018,3.8
13-01-2018,14.4
14-01-2018,0
15-01-2018,3
16-01-2018,0.8
17-01-2018,0
18-01-2018,3
19-01-2018,0
20-01-2018,0
21-01-2018,1.8
22-01-2018,0
23-01-2018,0
24-01-2018,15
25-01-2018,5
26-01-2018,0.4
27-01-2018,0.8
28-01-2018,0
29-01-2018,0
30-01-2018,0
31-01-2018,1.8
01-02-2018,7.4
02-02-2018,2.8
03-02-2018,8.4
04-02-2018,12
05-02-2018,0.6
06-02-2018,12.6
07-02-2018,4.4
08-02-2018,4
09-02-2018,1.4
10-02-2018,2.6
11-02-2018,7.8
12-02-2018,6
13-02-2018,8.4
14-02-2018,0.2
15-02-2018,18
16-02-2018,30.8
17-02-2018,0
18-02-2018,0
19-02-2018,0
20-02-2018,0
21-02-2018,0
22-02-2018,0
23-02-2018,0
24-02-2018,0
25-02-2018,0
26-02-2018,0
27-02-2018,0
28-02-2018,23.2
01-03-2018,14.6
02-03-2018,6.6
03-03-2018,1
04-03-2018,8.4
05-03-2018,11.2
06-03-2018,3.4
07-03-2018,5.6
08-03-2018,1.8
09-03-2018,6.8
10-03-2018,14.2
11-03-2018,3.2
12-03-2018,4
13-03-2018,0.8
14-03-2018,19.6
15-03-2018,6.8
16-03-2018,19.8
17-03-2018,0.2
18-03-2018,7.4
19-03-2018,4
20-03-2018,0.2
21-03-2018,0
22-03-2018,1
23-03-2018,10.8
24-03-2018,11.2
25-03-2018,0.8
26-03-2018,1.4
27-03-2018,0
28-03-2018,10
29-03-2018,9.8
30-03-2018,9
31-03-2018,0.4
01-04-2018,9.8
02-04-2018,3.2
03-04-2018,6.2
04-04-2018,7.2
05-04-2018,3.8
06-04-2018,4
07-04-2018,2.2
08-04-2018,3.6
09-04-2018,22.2
10-04-2018,1.8
11-04-2018,2
12-04-2018,4.4
13-04-2018,0.2
14-04-2018,1.2
15-04-2018,0.8
16-04-2018,0
17-04-2018,0
18-04-2018,0
19-04-2018,0
20-04-2018,0
21-04-2018,0
22-04-2018,0
23-04-2018,0
24-04-2018,0
25-04-2018,0.8
26-04-2018,0.2
27-04-2018,0
28-04-2018,0.8
29-04-2018,5.8
30-04-2018,0
01-05-2018,1.8
02-05-2018,6.2
FECHA,Precipitación: l/m2
03-05-2018,0
04-05-2018,0
05-05-2018,0
06-05-2018,0
07-05-2018,0
08-05-2018,0
09-05-2018,0.6
10-05-2018,0
11-05-2018,3.4
12-05-2018,5.6
13-05-2018,6
14-05-2018,0.8
15-05-2018,0
16-05-2018,0
17-05-2018,0
18-05-2018,0
19-05-2018,0
20-05-2018,0
21-05-2018,0
22-05-2018,0
23-05-2018,0
24-05-2018,0
25-05-2018,3
26-05-2018,0.2
27-05-2018,0.2
28-05-2018,0
29-05-2018,0
30-05-2018,0
31-05-2018,1.6
01-06-2018,0
02-06-2018,2.2
03-06-2018,3.6
04-06-2018,13.2
05-06-2018,6.8
06-06-2018,1.2
07-06-2018,5.8
08-06-2018,15.8
09-06-2018,24
10-06-2018,0
11-06-2018,4.6
12-06-2018,0
13-06-2018,0
14-06-2018,1.4
15-06-2018,0
16-06-2018,0
17-06-2018,0
18-06-2018,0
19-06-2018,0
20-06-2018,0
21-06-2018,0
22-06-2018,0
23-06-2018,0
24-06-2018,0
25-06-2018,0.1
26-06-2018,0
27-06-2018,0
28-06-2018,1
29-06-2018,6.8
30-06-2018,28.8
01-07-2018,12.8
02-07-2018,3
03-07-2018,0.4
04-07-2018,0
05-07-2018,0
06-07-2018,0
07-07-2018,0
08-07-2018,0
09-07-2018,0
10-07-2018,0
11-07-2018,0
12-07-2018,0
13-07-2018,0
14-07-2018,2
15-07-2018,0.4
16-07-2018,0
17-07-2018,0
18-07-2018,0
19-07-2018,0
20-07-2018,0
21-07-2018,0
22-07-2018,0
23-07-2018,0
24-07-2018,0
25-07-2018,0
26-07-2018,0
27-07-2018,0.6
28-07-2018,0
29-07-2018,0
30-07-2018,3.6
31-07-2018,0
01-08-2018,0
02-08-2018,0
03-08-2018,0
04-08-2018,0
05-08-2018,0
06-08-2018,0.2
07-08-2018,0
08-08-2018,24.6
09-08-2018,0.4
10-08-2018,0
11-08-2018,0
12-08-2018,3.4
13-08-2018,0.2
14-08-2018,0
15-08-2018,0
16-08-2018,0
17-08-2018,0
18-08-2018,0
19-08-2018,0
20-08-2018,0
21-08-2018,0
22-08-2018,0
23-08-2018,0
24-08-2018,0
25-08-2018,0
26-08-2018,0
27-08-2018,0.8
28-08-2018,3.4
29-08-2018,0
30-08-2018,0
31-08-2018,0
01-09-2018,0
FECHA,Precipitación: l/m2
02-09-2018,0.6
03-09-2018,0
04-09-2018,0.4
05-09-2018,0.6
06-09-2018,0
07-09-2018,0
08-09-2018,0
09-09-2018,0
10-09-2018,0
11-09-2018,0
12-09-2018,0
13-09-2018,0
14-09-2018,0
15-09-2018,0
16-09-2018,0
17-09-2018,0
18-09-2018,0
19-09-2018,0
20-09-2018,0.8
21-09-2018,2.6
22-09-2018,0
23-09-2018,0.2
24-09-2018,0
25-09-2018,0
26-09-2018,0
27-09-2018,0
28-09-2018,0
29-09-2018,0
30-09-2018,0
01-10-2018,0
02-10-2018,0
03-10-2018,0
04-10-2018,0
05-10-2018,0
06-10-2018,3
07-10-2018,0
08-10-2018,0
09-10-2018,0
10-10-2018,7.8
11-10-2018,0
12-10-2018,0
13-10-2018,23.2
14-10-2018,4.4
15-10-2018,0.8
16-10-2018,0
17-10-2018,10.2
18-10-2018,0
19-10-2018,0
20-10-2018,0
21-10-2018,0
22-10-2018,0
23-10-2018,0
24-10-2018,0
25-10-2018,0
26-10-2018,0.8
27-10-2018,11
28-10-2018,11.2
29-10-2018,8.2
30-10-2018,11.6
31-10-2018,0.4
01-11-2018,2
02-11-2018,0
03-11-2018,1.8
04-11-2018,36.2
05-11-2018,1
06-11-2018,27
07-11-2018,2.2
08-11-2018,12
09-11-2018,36.6
10-11-2018,1.4
11-11-2018,0
12-11-2018,0
13-11-2018,0
14-11-2018,0
15-11-2018,0
16-11-2018,0
17-11-2018,0
18-11-2018,0
19-11-2018,13
20-11-2018,1.8
21-11-2018,8.6
22-11-2018,9.8
23-11-2018,3.6
24-11-2018,48.4
25-11-2018,18.2
26-11-2018,0
27-11-2018,0
28-11-2018,5.6
29-11-2018,2.2
30-11-2018,0.2
01-12-2018,0
02-12-2018,17.4
03-12-2018,9.4
04-12-2018,0
05-12-2018,0.2
06-12-2018,0
07-12-2018,2
08-12-2018,0.8
09-12-2018,0
10-12-2018,0
11-12-2018,1.2
12-12-2018,5
13-12-2018,1.6
14-12-2018,1.8
15-12-2018,11.6
16-12-2018,5.8
17-12-2018,0
18-12-2018,31.2
19-12-2018,3.8
20-12-2018,0
21-12-2018,0
22-12-2018,0
23-12-2018,0
24-12-2018,0
25-12-2018,0
26-12-2018,0.6
27-12-2018,0.2
28-12-2018,0.2
29-12-2018,0
30-12-2018,0
31-12-2018,0
01-01-2018,2.8
02-01-2018,3
03-01-2018,2
04-01-2018,23.4
05-01-2018,4.2
06-01-2018,6
07-01-2018,4.4
08-01-2018,0
09-01-2018,2.4
10-01-2018,20.2
11-01-2018,0
12-01-2018,3.8
13-01-2018,14.4
14-01-2018,0
15-01-2018,3
16-01-2018,0.8
17-01-2018,0
18-01-2018,3
19-01-2018,0
20-01-2018,0
21-01-2018,1.8
22-01-2018,0
23-01-2018,0
24-01-2018,15
25-01-2018,5
26-01-2018,0.4
27-01-2018,0.8
28-01-2018,0
29-01-2018,0
30-01-2018,0
31-01-2018,1.8
01-02-2018,7.4
02-02-2018,2.8
03-02-2018,8.4
04-02-2018,12
05-02-2018,0.6
06-02-2018,12.6
07-02-2018,4.4
08-02-2018,4
09-02-2018,1.4
10-02-2018,2.6
11-02-2018,7.8
12-02-2018,6
13-02-2018,8.4
14-02-2018,0.2
15-02-2018,18
16-02-2018,30.8
17-02-2018,0
18-02-2018,0
19-02-2018,0
20-02-2018,0
21-02-2018,0
22-02-2018,0
23-02-2018,0
24-02-2018,0
25-02-2018,0
26-02-2018,0
27-02-2018,0
28-02-2018,23.2
01-03-2018,14.6
02-03-2018,6.6
03-03-2018,1
04-03-2018,8.4
05-03-2018,11.2
06-03-2018,3.4
07-03-2018,5.6
08-03-2018,1.8
09-03-2018,6.8
10-03-2018,14.2
11-03-2018,3.2
12-03-2018,4
13-03-2018,0.8
14-03-2018,19.6
15-03-2018,6.8
16-03-2018,19.8
17-03-2018,0.2
18-03-2018,7.4
19-03-2018,4
20-03-2018,0.2
21-03-2018,0
22-03-2018,1
23-03-2018,10.8
24-03-2018,11.2
25-03-2018,0.8
26-03-2018,1.4
27-03-2018,0
28-03-2018,10
29-03-2018,9.8
30-03-2018,9
31-03-2018,0.4
01-04-2018,9.8
02-04-2018,3.2
03-04-2018,6.2
04-04-2018,7.2
05-04-2018,3.8
06-04-2018,4
07-04-2018,2.2
08-04-2018,3.6
09-04-2018,22.2
10-04-2018,1.8
11-04-2018,2
12-04-2018,4.4
13-04-2018,0.2
14-04-2018,1.2
15-04-2018,0.8
16-04-2018,0
17-04-2018,0
18-04-2018,0
19-04-2018,0
20-04-2018,0
21-04-2018,0
22-04-2018,0
23-04-2018,0
24-04-2018,0
25-04-2018,0.8
26-04-2018,0.2
27-04-2018,0
28-04-2018,0.8
29-04-2018,5.8
30-04-2018,0
01-05-2018,1.8
02-05-2018,6.2
03-05-2018,0
04-05-2018,0
05-05-2018,0
06-05-2018,0
07-05-2018,0
08-05-2018,0
09-05-2018,0.6
10-05-2018,0
11-05-2018,3.4
12-05-2018,5.6
13-05-2018,6
14-05-2018,0.8
15-05-2018,0
16-05-2018,0
17-05-2018,0
18-05-2018,0
19-05-2018,0
20-05-2018,0
21-05-2018,0
22-05-2018,0
23-05-2018,0
24-05-2018,0
25-05-2018,3
26-05-2018,0.2
27-05-2018,0.2
28-05-2018,0
29-05-2018,0
30-05-2018,0
31-05-2018,1.6
01-06-2018,0
02-06-2018,2.2
03-06-2018,3.6
04-06-2018,13.2
05-06-2018,6.8
06-06-2018,1.2
07-06-2018,5.8
08-06-2018,15.8
09-06-2018,24
10-06-2018,0
11-06-2018,4.6
12-06-2018,0
13-06-2018,0
14-06-2018,1.4
15-06-2018,0
16-06-2018,0
17-06-2018,0
18-06-2018,0
19-06-2018,0
20-06-2018,0
21-06-2018,0
22-06-2018,0
23-06-2018,0
24-06-2018,0
25-06-2018,0.1
26-06-2018,0
27-06-2018,0
28-06-2018,1
29-06-2018,6.8
30-06-2018,28.8
01-07-2018,12.8
02-07-2018,3
03-07-2018,0.4
04-07-2018,0
05-07-2018,0
06-07-2018,0
07-07-2018,0
08-07-2018,0
09-07-2018,0
10-07-2018,0
11-07-2018,0
12-07-2018,0
13-07-2018,0
14-07-2018,2
15-07-2018,0.4
16-07-2018,0
17-07-2018,0
18-07-2018,0
19-07-2018,0
20-07-2018,0
21-07-2018,0
22-07-2018,0
23-07-2018,0
24-07-2018,0
25-07-2018,0
26-07-2018,0
27-07-2018,0.6
28-07-2018,0
29-07-2018,0
30-07-2018,3.6
31-07-2018,0
01-08-2018,0
02-08-2018,0
03-08-2018,0
04-08-2018,0
05-08-2018,0
06-08-2018,0.2
07-08-2018,0
08-08-2018,24.6
09-08-2018,0.4
10-08-2018,0
11-08-2018,0
12-08-2018,3.4
13-08-2018,0.2
14-08-2018,0
15-08-2018,0
16-08-2018,0
17-08-2018,0
18-08-2018,0
19-08-2018,0
20-08-2018,0
21-08-2018,0
22-08-2018,0
23-08-2018,0
24-08-2018,0
25-08-2018,0
26-08-2018,0
27-08-2018,0.8
28-08-2018,3.4
29-08-2018,0
30-08-2018,0
31-08-2018,0
01-09-2018,0
02-09-2018,0.6
03-09-2018,0
04-09-2018,0.4
05-09-2018,0.6
06-09-2018,0
07-09-2018,0
08-09-2018,0
09-09-2018,0
10-09-2018,0
11-09-2018,0
12-09-2018,0
13-09-2018,0
14-09-2018,0
15-09-2018,0
16-09-2018,0
17-09-2018,0
18-09-2018,0
19-09-2018,0
20-09-2018,0.8
21-09-2018,2.6
22-09-2018,0
23-09-2018,0.2
24-09-2018,0
25-09-2018,0
26-09-2018,0
27-09-2018,0
28-09-2018,0
29-09-2018,0
30-09-2018,0
01-10-2018,0
02-10-2018,0
03-10-2018,0
04-10-2018,0
05-10-2018,0
06-10-2018,3
07-10-2018,0
08-10-2018,0
09-10-2018,0
10-10-2018,7.8
11-10-2018,0
12-10-2018,0
13-10-2018,23.2
14-10-2018,4.4
15-10-2018,0.8
16-10-2018,0
17-10-2018,10.2
18-10-2018,0
19-10-2018,0
20-10-2018,0
21-10-2018,0
22-10-2018,0
23-10-2018,0
24-10-2018,0
25-10-2018,0
26-10-2018,0.8
27-10-2018,11
28-10-2018,11.2
29-10-2018,8.2
30-10-2018,11.6
31-10-2018,0.4
01-11-2018,2
02-11-2018,0
03-11-2018,1.8
04-11-2018,36.2
05-11-2018,1
06-11-2018,27
07-11-2018,2.2
08-11-2018,12
09-11-2018,36.6
10-11-2018,1.4
11-11-2018,0
12-11-2018,0
13-11-2018,0
14-11-2018,0
15-11-2018,0
16-11-2018,0
17-11-2018,0
18-11-2018,0
19-11-2018,13
20-11-2018,1.8
21-11-2018,8.6
22-11-2018,9.8
23-11-2018,3.6
24-11-2018,48.4
25-11-2018,18.2
26-11-2018,0
27-11-2018,0
28-11-2018,5.6
29-11-2018,2.2
30-11-2018,0.2
01-12-2018,0
02-12-2018,17.4
03-12-2018,9.4
04-12-2018,0
05-12-2018,0.2
06-12-2018,0
07-12-2018,2
08-12-2018,0.8
09-12-2018,0
10-12-2018,0
11-12-2018,1.2
12-12-2018,5
13-12-2018,1.6
14-12-2018,1.8
15-12-2018,11.6
16-12-2018,5.8
17-12-2018,0
18-12-2018,31.2
19-12-2018,3.8
20-12-2018,0
21-12-2018,0
22-12-2018,0
23-12-2018,0
24-12-2018,0
25-12-2018,0
26-12-2018,0.6
27-12-2018,0.2
28-12-2018,0.2
29-12-2018,0
30-12-2018,0
31-12-2018,0
FECHA,Precipitación: l/m2
01-01-2019,0
02-01-2019,0
03-01-2019,0
04-01-2019,0
05-01-2019,0
06-01-2019,0
07-01-2019,0
08-01-2019,0
09-01-2019,0
10-01-2019,0
11-01-2019,0
12-01-2019,0
13-01-2019,0
14-01-2019,0
15-01-2019,0.2
16-01-2019,5.2
17-01-2019,6.8
18-01-2019,4.8
19-01-2019,20.6
20-01-2019,1.6
21-01-2019,1.6
22-01-2019,10.2
23-01-2019,8
24-01-2019,1.6
25-01-2019,0
26-01-2019,3.8
27-01-2019,3.2
28-01-2019,1.4
29-01-2019,4.6
30-01-2019,20
31-01-2019,15.6
01-02-2019,16.2
02-02-2019,0.6
03-02-2019,0
04-02-2019,0
05-02-2019,0
06-02-2019,2.8
07-02-2019,0
08-02-2019,0.4
09-02-2019,9
10-02-2019,0
11-02-2019,0
12-02-2019,0
13-02-2019,0
14-02-2019,0
15-02-2019,0
16-02-2019,0
17-02-2019,18.6
18-02-2019,0.4
19-02-2019,0
20-02-2019,0
21-02-2019,0
22-02-2019,0
23-02-2019,0
24-02-2019,0
25-02-2019,0
26-02-2019,0
27-02-2019,0
28-02-2019,0
01-03-2019,0
02-03-2019,0
03-03-2019,8.6
04-03-2019,0
05-03-2019,15.2
06-03-2019,4.6
07-03-2019,2.4
08-03-2019,0
09-03-2019,0
10-03-2019,0.8
11-03-2019,0
12-03-2019,6
13-03-2019,0.6
14-03-2019,0
15-03-2019,0
16-03-2019,8.6
17-03-2019,0
18-03-2019,0.1
19-03-2019,0
20-03-2019,0
21-03-2019,0
22-03-2019,0
23-03-2019,0
24-03-2019,0
25-03-2019,0
26-03-2019,0
27-03-2019,0
28-03-2019,0
29-03-2019,0
30-03-2019,0
31-03-2019,0
01-04-2019,0
02-04-2019,1
03-04-2019,2.2
04-04-2019,7.4
05-04-2019,15
06-04-2019,8.4
07-04-2019,15.8
08-04-2019,9.4
09-04-2019,8.4
10-04-2019,0
11-04-2019,0
12-04-2019,0
13-04-2019,0
14-04-2019,0.8
15-04-2019,1.2
16-04-2019,0
17-04-2019,7.2
18-04-2019,0
19-04-2019,0
20-04-2019,0
21-04-2019,0
22-04-2019,0.4
23-04-2019,13.4
24-04-2019,11.6
25-04-2019,8.2
26-04-2019,0
27-04-2019,1.8
28-04-2019,0
29-04-2019,0
30-04-2019,0
01-05-2019,0
02-05-2019,0
FECHA,Precipitación: l/m2
03-05-2019,0
04-05-2019,0
05-05-2019,0
06-05-2019,0.4
07-05-2019,1.8
08-05-2019,1.2
09-05-2019,32.4
10-05-2019,0.2
11-05-2019,0
12-05-2019,0
13-05-2019,0
14-05-2019,0
15-05-2019,0.8
16-05-2019,1.6
17-05-2019,2.6
18-05-2019,0
19-05-2019,0
20-05-2019,0
21-05-2019,0
22-05-2019,0
23-05-2019,0
24-05-2019,0
25-05-2019,0
26-05-2019,0.6
27-05-2019,0.2
28-05-2019,0
29-05-2019,0
30-05-2019,0
31-05-2019,0
01-06-2019,0
02-06-2019,6.8
03-06-2019,3.8
04-06-2019,8.2
05-06-2019,0.8
06-06-2019,25.6
07-06-2019,0
08-06-2019,0.6
09-06-2019,0
10-06-2019,3.4
11-06-2019,0.2
12-06-2019,0
13-06-2019,0
14-06-2019,0.8
15-06-2019,0
16-06-2019,0
17-06-2019,9.4
18-06-2019,1.8
19-06-2019,0
20-06-2019,0
21-06-2019,0
22-06-2019,0
23-06-2019,0
24-06-2019,0
25-06-2019,0.4
26-06-2019,0
27-06-2019,0
28-06-2019,0
29-06-2019,0
30-06-2019,0
01-07-2019,0
02-07-2019,0
03-07-2019,0
04-07-2019,0
05-07-2019,0
06-07-2019,0
07-07-2019,0
08-07-2019,0
09-07-2019,0
10-07-2019,0
11-07-2019,0
12-07-2019,0
13-07-2019,0.6
14-07-2019,0
15-07-2019,0
16-07-2019,0
17-07-2019,0
18-07-2019,0
19-07-2019,0
20-07-2019,0
21-07-2019,0
22-07-2019,0
23-07-2019,0
24-07-2019,0
25-07-2019,0.2
26-07-2019,4.8
27-07-2019,4
28-07-2019,0
29-07-2019,1.4
30-07-2019,0
31-07-2019,0
01-08-2019,0
02-08-2019,0
03-08-2019,0
04-08-2019,0
05-08-2019,0
06-08-2019,0
07-08-2019,1.8
08-08-2019,5.2
09-08-2019,0
10-08-2019,0
11-08-2019,1.8
12-08-2019,0
13-08-2019,0
14-08-2019,0.4
15-08-2019,0
16-08-2019,0
17-08-2019,17.4
18-08-2019,0
19-08-2019,0
20-08-2019,0
21-08-2019,0
22-08-2019,0
23-08-2019,0
24-08-2019,0
25-08-2019,0
26-08-2019,0
27-08-2019,0
28-08-2019,0
29-08-2019,0
30-08-2019,0
31-08-2019,0.8
01-09-2019,0
FECHA,Precipitación: l/m2
02-09-2019,0
03-09-2019,0
04-09-2019,0
05-09-2019,0
06-09-2019,0
07-09-2019,0
08-09-2019,0
09-09-2019,1
10-09-2019,0
11-09-2019,0
12-09-2019,0
13-09-2019,0
14-09-2019,0
15-09-2019,0
16-09-2019,0
17-09-2019,0
18-09-2019,0
19-09-2019,1
20-09-2019,0.4
21-09-2019,0
22-09-2019,0
23-09-2019,6.6
24-09-2019,0.4
25-09-2019,0
26-09-2019,3.8
27-09-2019,3
28-09-2019,0
29-09-2019,2.6
30-09-2019,0.2
01-10-2019,0.2
02-10-2019,0
03-10-2019,0.2
04-10-2019,0
05-10-2019,3.6
06-10-2019,0
07-10-2019,1
08-10-2019,5.8
09-10-2019,0
10-10-2019,0
11-10-2019,0
12-10-2019,12.8
13-10-2019,26.4
14-10-2019,23.8
15-10-2019,7.2
16-10-2019,22.8
17-10-2019,1.6
18-10-2019,10.6
19-10-2019,9.8
20-10-2019,3.6
21-10-2019,1.4
22-10-2019,0.8
23-10-2019,1.6
24-10-2019,3.4
25-10-2019,0
26-10-2019,0
27-10-2019,0
28-10-2019,0
29-10-2019,2.2
30-10-2019,0
31-10-2019,3.6
01-11-2019,12.4
02-11-2019,6.4
03-11-2019,10
04-11-2019,17.2
05-11-2019,4
06-11-2019,5.2
07-11-2019,17
08-11-2019,0.8
09-11-2019,2.4
10-11-2019,14.4
11-11-2019,1.6
12-11-2019,27.2
13-11-2019,8
14-11-2019,8.2
15-11-2019,14.6
16-11-2019,6.4
17-11-2019,3.2
18-11-2019,2
19-11-2019,2.4
20-11-2019,6.8
21-11-2019,5.2
22-11-2019,16.8
23-11-2019,0.2
24-11-2019,3.4
25-11-2019,0
26-11-2019,10.2
27-11-2019,0.6
28-11-2019,17.8
29-11-2019,4.8
30-11-2019,2.6
01-12-2019,1.2
02-12-2019,0
03-12-2019,0
04-12-2019,0
05-12-2019,0
06-12-2019,1.2
07-12-2019,2.2
08-12-2019,3.8
09-12-2019,0
10-12-2019,10.6
11-12-2019,8.4
12-12-2019,18.6
13-12-2019,1.6
14-12-2019,27.6
15-12-2019,7.2
16-12-2019,10.8
17-12-2019,0
18-12-2019,50
19-12-2019,20
20-12-2019,8.2
21-12-2019,10.6
22-12-2019,9.4
23-12-2019,0
24-12-2019,0
25-12-2019,0.2
26-12-2019,0
27-12-2019,0
28-12-2019,0
29-12-2019,0
30-12-2019,0
31-12-2019,0.4
01-01-2019,0
02-01-2019,0
03-01-2019,0
04-01-2019,0
05-01-2019,0
06-01-2019,0
07-01-2019,0
08-01-2019,0
09-01-2019,0
10-01-2019,0
11-01-2019,0
12-01-2019,0
13-01-2019,0
14-01-2019,0
15-01-2019,0.2
16-01-2019,5.2
17-01-2019,6.8
18-01-2019,4.8
19-01-2019,20.6
20-01-2019,1.6
21-01-2019,1.6
22-01-2019,10.2
23-01-2019,8
24-01-2019,1.6
25-01-2019,0
26-01-2019,3.8
27-01-2019,3.2
28-01-2019,1.4
29-01-2019,4.6
30-01-2019,20
31-01-2019,15.6
01-02-2019,16.2
02-02-2019,0.6
03-02-2019,0
04-02-2019,0
05-02-2019,0
06-02-2019,2.8
07-02-2019,0
08-02-2019,0.4
09-02-2019,9
10-02-2019,0
11-02-2019,0
12-02-2019,0
13-02-2019,0
14-02-2019,0
15-02-2019,0
16-02-2019,0
17-02-2019,18.6
18-02-2019,0.4
19-02-2019,0
20-02-2019,0
21-02-2019,0
22-02-2019,0
23-02-2019,0
24-02-2019,0
25-02-2019,0
26-02-2019,0
27-02-2019,0
28-02-2019,0
01-03-2019,0
02-03-2019,0
03-03-2019,8.6
04-03-2019,0
05-03-2019,15.2
06-03-2019,4.6
07-03-2019,2.4
08-03-2019,0
09-03-2019,0
10-03-2019,0.8
11-03-2019,0
12-03-2019,6
13-03-2019,0.6
14-03-2019,0
15-03-2019,0
16-03-2019,8.6
17-03-2019,0
18-03-2019,0.1
19-03-2019,0
20-03-2019,0
21-03-2019,0
22-03-2019,0
23-03-2019,0
24-03-2019,0
25-03-2019,0
26-03-2019,0
27-03-2019,0
28-03-2019,0
29-03-2019,0
30-03-2019,0
31-03-2019,0
01-04-2019,0
02-04-2019,1
03-04-2019,2.2
04-04-2019,7.4
05-04-2019,15
06-04-2019,8.4
07-04-2019,15.8
08-04-2019,9.4
09-04-2019,8.4
10-04-2019,0
11-04-2019,0
12-04-2019,0
13-04-2019,0
14-04-2019,0.8
15-04-2019,1.2
16-04-2019,0
17-04-2019,7.2
18-04-2019,0
19-04-2019,0
20-04-2019,0
21-04-2019,0
22-04-2019,0.4
23-04-2019,13.4
24-04-2019,11.6
25-04-2019,8.2
26-04-2019,0
27-04-2019,1.8
28-04-2019,0
29-04-2019,0
30-04-2019,0
01-05-2019,0
02-05-2019,0
03-05-2019,0
04-05-2019,0
05-05-2019,0
06-05-2019,0.4
07-05-2019,1.8
08-05-2019,1.2
09-05-2019,32.4
10-05-2019,0.2
11-05-2019,0
12-05-2019,0
13-05-2019,0
14-05-2019,0
15-05-2019,0.8
16-05-2019,1.6
17-05-2019,2.6
18-05-2019,0
19-05-2019,0
20-05-2019,0
21-05-2019,0
22-05-2019,0
23-05-2019,0
24-05-2019,0
25-05-2019,0
26-05-2019,0.6
27-05-2019,0.2
28-05-2019,0
29-05-2019,0
30-05-2019,0
31-05-2019,0
01-06-2019,0
02-06-2019,6.8
03-06-2019,3.8
04-06-2019,8.2
05-06-2019,0.8
06-06-2019,25.6
07-06-2019,0
08-06-2019,0.6
09-06-2019,0
10-06-2019,3.4
11-06-2019,0.2
12-06-2019,0
13-06-2019,0
14-06-2019,0.8
15-06-2019,0
16-06-2019,0
17-06-2019,9.4
18-06-2019,1.8
19-06-2019,0
20-06-2019,0
21-06-2019,0
22-06-2019,0
23-06-2019,0
24-06-2019,0
25-06-2019,0.4
26-06-2019,0
27-06-2019,0
28-06-2019,0
29-06-2019,0
30-06-2019,0
01-07-2019,0
02-07-2019,0
03-07-2019,0
04-07-2019,0
05-07-2019,0
06-07-2019,0
07-07-2019,0
08-07-2019,0
09-07-2019,0
10-07-2019,0
11-07-2019,0
12-07-2019,0
13-07-2019,0.6
14-07-2019,0
15-07-2019,0
16-07-2019,0
17-07-2019,0
18-07-2019,0
19-07-2019,0
20-07-2019,0
21-07-2019,0
22-07-2019,0
23-07-2019,0
24-07-2019,0
25-07-2019,0.2
26-07-2019,4.8
27-07-2019,4
28-07-2019,0
29-07-2019,1.4
30-07-2019,0
31-07-2019,0
01-08-2019,0
02-08-2019,0
03-08-2019,0
04-08-2019,0
05-08-2019,0
06-08-2019,0
07-08-2019,1.8
08-08-2019,5.2
09-08-2019,0
10-08-2019,0
11-08-2019,1.8
12-08-2019,0
13-08-2019,0
14-08-2019,0.4
15-08-2019,0
16-08-2019,0
17-08-2019,17.4
18-08-2019,0
19-08-2019,0
20-08-2019,0
21-08-2019,0
22-08-2019,0
23-08-2019,0
24-08-2019,0
25-08-2019,0
26-08-2019,0
27-08-2019,0
28-08-2019,0
29-08-2019,0
30-08-2019,0
31-08-2019,0.8
01-09-2019,0
02-09-2019,0
03-09-2019,0
04-09-2019,0
05-09-2019,0
06-09-2019,0
07-09-2019,0
08-09-2019,0
09-09-2019,1
10-09-2019,0
11-09-2019,0
12-09-2019,0
13-09-2019,0
14-09-2019,0
15-09-2019,0
16-09-2019,0
17-09-2019,0
18-09-2019,0
19-09-2019,1
20-09-2019,0.4
21-09-2019,0
22-09-2019,0
23-09-2019,6.6
24-09-2019,0.4
25-09-2019,0
26-09-2019,3.8
27-09-2019,3
28-09-2019,0
29-09-2019,2.6
30-09-2019,0.2
01-10-2019,0.2
02-10-2019,0
03-10-2019,0.2
04-10-2019,0
05-10-2019,3.6
06-10-2019,0
07-10-2019,1
08-10-2019,5.8
09-10-2019,0
10-10-2019,0
11-10-2019,0
12-10-2019,12.8
13-10-2019,26.4
14-10-2019,23.8
15-10-2019,7.2
16-10-2019,22.8
17-10-2019,1.6
18-10-2019,10.6
19-10-2019,9.8
20-10-2019,3.6
21-10-2019,1.4
22-10-2019,0.8
23-10-2019,1.6
24-10-2019,3.4
25-10-2019,0
26-10-2019,0
27-10-2019,0
28-10-2019,0
29-10-2019,2.2
30-10-2019,0
31-10-2019,3.6
01-11-2019,12.4
02-11-2019,6.4
03-11-2019,10
04-11-2019,17.2
05-11-2019,4
06-11-2019,5.2
07-11-2019,17
08-11-2019,0.8
09-11-2019,2.4
10-11-2019,14.4
11-11-2019,1.6
12-11-2019,27.2
13-11-2019,8
14-11-2019,8.2
15-11-2019,14.6
16-11-2019,6.4
17-11-2019,3.2
18-11-2019,2
19-11-2019,2.4
20-11-2019,6.8
21-11-2019,5.2
22-11-2019,16.8
23-11-2019,0.2
24-11-2019,3.4
25-11-2019,0
26-11-2019,10.2
27-11-2019,0.6
28-11-2019,17.8
29-11-2019,4.8
30-11-2019,2.6
01-12-2019,1.2
02-12-2019,0
03-12-2019,0
04-12-2019,0
05-12-2019,0
06-12-2019,1.2
07-12-2019,2.2
08-12-2019,3.8
09-12-2019,0
10-12-2019,10.6
11-12-2019,8.4
12-12-2019,18.6
13-12-2019,1.6
14-12-2019,27.6
15-12-2019,7.2
16-12-2019,10.8
17-12-2019,0
18-12-2019,50
19-12-2019,20
20-12-2019,8.2
21-12-2019,10.6
22-12-2019,9.4
23-12-2019,0
24-12-2019,0
25-12-2019,0.2
26-12-2019,0
27-12-2019,0
28-12-2019,0
29-12-2019,0
30-12-2019,0
31-12-2019,0.4
FECHA,Precipitación: l/m2
01-01-2020,0
02-01-2020,0.2
03-01-2020,0
04-01-2020,0
05-01-2020,0
06-01-2020,0
07-01-2020,0
08-01-2020,0
09-01-2020,3
10-01-2020,0
11-01-2020,0
12-01-2020,0.1
13-01-2020,0
14-01-2020,7.4
15-01-2020,0.4
16-01-2020,48.2
17-01-2020,0.4
18-01-2020,14.8
19-01-2020,0
20-01-2020,0
21-01-2020,0
22-01-2020,0.8
23-01-2020,0
24-01-2020,0
25-01-2020,0
26-01-2020,4.2
27-01-2020,7.2
28-01-2020,6.8
29-01-2020,18
30-01-2020,2.2
31-01-2020,5.6
01-02-2020,0.2
02-02-2020,0
03-02-2020,0
04-02-2020,0
05-02-2020,0
06-02-2020,0
07-02-2020,0.6
08-02-2020,0
09-02-2020,0.2
10-02-2020,0
11-02-2020,2.5
12-02-2020,2
13-02-2020,2.4
14-02-2020,0
15-02-2020,0
16-02-2020,8.8
17-02-2020,1.2
18-02-2020,0.6
19-02-2020,0
20-02-2020,0
21-02-2020,0
22-02-2020,0
23-02-2020,0
24-02-2020,2
25-02-2020,4.2
26-02-2020,0.8
27-02-2020,0
28-02-2020,19.6
29-02-2020,2
01-03-2020,38
02-03-2020,3.8
03-03-2020,2.6
04-03-2020,14
05-03-2020,9.4
06-03-2020,2.2
07-03-2020,0
08-03-2020,0.2
09-03-2020,0
10-03-2020,0
11-03-2020,0.2
12-03-2020,0
13-03-2020,0
14-03-2020,0
15-03-2020,12.2
16-03-2020,0
17-03-2020,0
18-03-2020,0.4
19-03-2020,10
20-03-2020,14.6
21-03-2020,0
22-03-2020,0
23-03-2020,0
24-03-2020,0
25-03-2020,0
26-03-2020,0
27-03-2020,0
28-03-2020,0
29-03-2020,0
30-03-2020,0
31-03-2020,6.4
01-04-2020,0
02-04-2020,0
03-04-2020,0
04-04-2020,0
05-04-2020,12.6
06-04-2020,0
07-04-2020,1
08-04-2020,1
09-04-2020,5.2
10-04-2020,7.4
11-04-2020,0
12-04-2020,3.8
13-04-2020,0
14-04-2020,0.6
15-04-2020,4.4
16-04-2020,7
17-04-2020,1.4
18-04-2020,10.8
19-04-2020,0
20-04-2020,0
21-04-2020,2.2
22-04-2020,0.8
23-04-2020,0
24-04-2020,0
25-04-2020,0
26-04-2020,0
27-04-2020,1
28-04-2020,3.2
29-04-2020,8.2
30-04-2020,2.4
01-05-2020,0.8
FECHA,Precipitación: l/m2
02-05-2020,0
03-05-2020,0
04-05-2020,2.2
05-05-2020,0.2
06-05-2020,0
07-05-2020,0
08-05-2020,0
09-05-2020,3.8
10-05-2020,0
11-05-2020,0
12-05-2020,0.6
13-05-2020,0
14-05-2020,0
15-05-2020,0
16-05-2020,0
17-05-2020,0
18-05-2020,0
19-05-2020,0
20-05-2020,0
21-05-2020,0
22-05-2020,0.8
23-05-2020,0
24-05-2020,0
25-05-2020,0
26-05-2020,0
27-05-2020,0
28-05-2020,0
29-05-2020,0
30-05-2020,0
31-05-2020,0
01-06-2020,0.8
02-06-2020,0
03-06-2020,0.4
04-06-2020,0.4
05-06-2020,0
06-06-2020,1
07-06-2020,0
08-06-2020,0
09-06-2020,0
10-06-2020,2.8
11-06-2020,7.6
12-06-2020,14.6
13-06-2020,0.6
14-06-2020,0
15-06-2020,1.8
16-06-2020,0.4
17-06-2020,0
18-06-2020,0
19-06-2020,0
20-06-2020,0
21-06-2020,1.2
22-06-2020,0
23-06-2020,0
24-06-2020,0
25-06-2020,0
26-06-2020,0
27-06-2020,5
28-06-2020,1.4
29-06-2020,0
30-06-2020,1.4
01-07-2020,0.8
02-07-2020,0
03-07-2020,0
04-07-2020,0
05-07-2020,0
06-07-2020,0
07-07-2020,0
08-07-2020,0
09-07-2020,0.6
10-07-2020,0
11-07-2020,0
12-07-2020,0
13-07-2020,0
14-07-2020,0
15-07-2020,0
16-07-2020,0
17-07-2020,0
18-07-2020,0
19-07-2020,0
20-07-2020,0
21-07-2020,0
22-07-2020,0
23-07-2020,0
24-07-2020,0
25-07-2020,0
26-07-2020,0
27-07-2020,0
28-07-2020,0
29-07-2020,0
30-07-2020,0
31-07-2020,0
01-08-2020,0
02-08-2020,0
03-08-2020,0
04-08-2020,0
05-08-2020,0
06-08-2020,0
07-08-2020,0
08-08-2020,0
09-08-2020,0
10-08-2020,0.4
11-08-2020,62.2
12-08-2020,8.2
13-08-2020,0
14-08-2020,0
15-08-2020,3.8
16-08-2020,13.6
17-08-2020,4.4
18-08-2020,0
19-08-2020,8
20-08-2020,0.6
21-08-2020,0
22-08-2020,0
23-08-2020,0
24-08-2020,0
25-08-2020,1
26-08-2020,0
27-08-2020,1.6
28-08-2020,3.8
29-08-2020,0.4
30-08-2020,0
31-08-2020,0
FECHA,Precipitación: l/m2
01-09-2020,0
02-09-2020,0
03-09-2020,0
04-09-2020,0
05-09-2020,0
06-09-2020,0
07-09-2020,0
08-09-2020,0
09-09-2020,0
10-09-2020,0
11-09-2020,0
12-09-2020,0
13-09-2020,0.4
14-09-2020,0
15-09-2020,0
16-09-2020,0
17-09-2020,18
18-09-2020,0
19-09-2020,0
20-09-2020,2.2
21-09-2020,0
22-09-2020,3.4
23-09-2020,2.6
24-09-2020,1.8
25-09-2020,0.8
26-09-2020,3.8
27-09-2020,0
28-09-2020,0
29-09-2020,0
30-09-2020,6
01-10-2020,12.8
02-10-2020,14.8
03-10-2020,3.8
04-10-2020,5.2
05-10-2020,0.8
06-10-2020,2.4
07-10-2020,0
08-10-2020,0
09-10-2020,0
10-10-2020,0
11-10-2020,0
12-10-2020,4.4
13-10-2020,1.8
14-10-2020,1.4
15-10-2020,0
16-10-2020,0
17-10-2020,0
18-10-2020,0
19-10-2020,3.2
20-10-2020,10
21-10-2020,2.8
22-10-2020,6.8
23-10-2020,0
24-10-2020,26.6
25-10-2020,19.8
26-10-2020,0.4
27-10-2020,5.6
28-10-2020,0
29-10-2020,0
30-10-2020,0
31-10-2020,0.4
01-11-2020,4
02-11-2020,4.4
03-11-2020,0.6
04-11-2020,1.2
05-11-2020,0
06-11-2020,0.8
07-11-2020,2.7
08-11-2020,3.6
09-11-2020,1.2
10-11-2020,0
11-11-2020,6.8
12-11-2020,0
13-11-2020,0
14-11-2020,0.6
15-11-2020,7.6
16-11-2020,0
17-11-2020,0
18-11-2020,8.4
19-11-2020,0
20-11-2020,0
21-11-2020,0
22-11-2020,0
23-11-2020,0
24-11-2020,18.8
25-11-2020,4.2
26-11-2020,0
27-11-2020,0
28-11-2020,0.2
29-11-2020,0
30-11-2020,0
01-12-2020,0
02-12-2020,0
03-12-2020,14.6
04-12-2020,9.8
05-12-2020,7.6
06-12-2020,7.8
07-12-2020,8.2
08-12-2020,3.2
09-12-2020,10.4
10-12-2020,20.8
11-12-2020,3.8
12-12-2020,0.2
13-12-2020,1.2
14-12-2020,8.8
15-12-2020,39.8
16-12-2020,2.6
17-12-2020,0
18-12-2020,9.4
19-12-2020,1.2
20-12-2020,6.8
21-12-2020,0
22-12-2020,3.6
23-12-2020,4
24-12-2020,5
25-12-2020,0
26-12-2020,0
27-12-2020,7.8
28-12-2020,8.8
29-12-2020,3.4
30-12-2020,17.4
31-12-2020,12.6
01-01-2020,0
02-01-2020,0.2
03-01-2020,0
04-01-2020,0
05-01-2020,0
06-01-2020,0
07-01-2020,0
08-01-2020,0
09-01-2020,3
10-01-2020,0
11-01-2020,0
12-01-2020,0.1
13-01-2020,0
14-01-2020,7.4
15-01-2020,0.4
16-01-2020,48.2
17-01-2020,0.4
18-01-2020,14.8
19-01-2020,0
20-01-2020,0
21-01-2020,0
22-01-2020,0.8
23-01-2020,0
24-01-2020,0
25-01-2020,0
26-01-2020,4.2
27-01-2020,7.2
28-01-2020,6.8
29-01-2020,18
30-01-2020,2.2
31-01-2020,5.6
01-02-2020,0.2
02-02-2020,0
03-02-2020,0
04-02-2020,0
05-02-2020,0
06-02-2020,0
07-02-2020,0.6
08-02-2020,0
09-02-2020,0.2
10-02-2020,0
11-02-2020,2.5
12-02-2020,2
13-02-2020,2.4
14-02-2020,0
15-02-2020,0
16-02-2020,8.8
17-02-2020,1.2
18-02-2020,0.6
19-02-2020,0
20-02-2020,0
21-02-2020,0
22-02-2020,0
23-02-2020,0
24-02-2020,2
25-02-2020,4.2
26-02-2020,0.8
27-02-2020,0
28-02-2020,19.6
29-02-2020,2
01-03-2020,38
02-03-2020,3.8
03-03-2020,2.6
04-03-2020,14
05-03-2020,9.4
06-03-2020,2.2
07-03-2020,0
08-03-2020,0.2
09-03-2020,0
10-03-2020,0
11-03-2020,0.2
12-03-2020,0
13-03-2020,0
14-03-2020,0
15-03-2020,12.2
16-03-2020,0
17-03-2020,0
18-03-2020,0.4
19-03-2020,10
20-03-2020,14.6
21-03-2020,0
22-03-2020,0
23-03-2020,0
24-03-2020,0
25-03-2020,0
26-03-2020,0
27-03-2020,0
28-03-2020,0
29-03-2020,0
30-03-2020,0
31-03-2020,6.4
01-04-2020,0
02-04-2020,0
03-04-2020,0
04-04-2020,0
05-04-2020,12.6
06-04-2020,0
07-04-2020,1
08-04-2020,1
09-04-2020,5.2
10-04-2020,7.4
11-04-2020,0
12-04-2020,3.8
13-04-2020,0
14-04-2020,0.6
15-04-2020,4.4
16-04-2020,7
17-04-2020,1.4
18-04-2020,10.8
19-04-2020,0
20-04-2020,0
21-04-2020,2.2
22-04-2020,0.8
23-04-2020,0
24-04-2020,0
25-04-2020,0
26-04-2020,0
27-04-2020,1
28-04-2020,3.2
29-04-2020,8.2
30-04-2020,2.4
01-05-2020,0.8
02-05-2020,0
03-05-2020,0
04-05-2020,2.2
05-05-2020,0.2
06-05-2020,0
07-05-2020,0
08-05-2020,0
09-05-2020,3.8
10-05-2020,0
11-05-2020,0
12-05-2020,0.6
13-05-2020,0
14-05-2020,0
15-05-2020,0
16-05-2020,0
17-05-2020,0
18-05-2020,0
19-05-2020,0
20-05-2020,0
21-05-2020,0
22-05-2020,0.8
23-05-2020,0
24-05-2020,0
25-05-2020,0
26-05-2020,0
27-05-2020,0
28-05-2020,0
29-05-2020,0
30-05-2020,0
31-05-2020,0
01-06-2020,0.8
02-06-2020,0
03-06-2020,0.4
04-06-2020,0.4
05-06-2020,0
06-06-2020,1
07-06-2020,0
08-06-2020,0
09-06-2020,0
10-06-2020,2.8
11-06-2020,7.6
12-06-2020,14.6
13-06-2020,0.6
14-06-2020,0
15-06-2020,1.8
16-06-2020,0.4
17-06-2020,0
18-06-2020,0
19-06-2020,0
20-06-2020,0
21-06-2020,1.2
22-06-2020,0
23-06-2020,0
24-06-2020,0
25-06-2020,0
26-06-2020,0
27-06-2020,5
28-06-2020,1.4
29-06-2020,0
30-06-2020,1.4
01-07-2020,0.8
02-07-2020,0
03-07-2020,0
04-07-2020,0
05-07-2020,0
06-07-2020,0
07-07-2020,0
08-07-2020,0
09-07-2020,0.6
10-07-2020,0
11-07-2020,0
12-07-2020,0
13-07-2020,0
14-07-2020,0
15-07-2020,0
16-07-2020,0
17-07-2020,0
18-07-2020,0
19-07-2020,0
20-07-2020,0
21-07-2020,0
22-07-2020,0
23-07-2020,0
24-07-2020,0
25-07-2020,0
26-07-2020,0
27-07-2020,0
28-07-2020,0
29-07-2020,0
30-07-2020,0
31-07-2020,0
01-08-2020,0
02-08-2020,0
03-08-2020,0
04-08-2020,0
05-08-2020,0
06-08-2020,0
07-08-2020,0
08-08-2020,0
09-08-2020,0
10-08-2020,0.4
11-08-2020,62.2
12-08-2020,8.2
13-08-2020,0
14-08-2020,0
15-08-2020,3.8
16-08-2020,13.6
17-08-2020,4.4
18-08-2020,0
19-08-2020,8
20-08-2020,0.6
21-08-2020,0
22-08-2020,0
23-08-2020,0
24-08-2020,0
25-08-2020,1
26-08-2020,0
27-08-2020,1.6
28-08-2020,3.8
29-08-2020,0.4
30-08-2020,0
31-08-2020,0
01-09-2020,0
02-09-2020,0
03-09-2020,0
04-09-2020,0
05-09-2020,0
06-09-2020,0
07-09-2020,0
08-09-2020,0
09-09-2020,0
10-09-2020,0
11-09-2020,0
12-09-2020,0
13-09-2020,0.4
14-09-2020,0
15-09-2020,0
16-09-2020,0
17-09-2020,18
18-09-2020,0
19-09-2020,0
20-09-2020,2.2
21-09-2020,0
22-09-2020,3.4
23-09-2020,2.6
24-09-2020,1.8
25-09-2020,0.8
26-09-2020,3.8
27-09-2020,0
28-09-2020,0
29-09-2020,0
30-09-2020,6
01-10-2020,12.8
02-10-2020,14.8
03-10-2020,3.8
04-10-2020,5.2
05-10-2020,0.8
06-10-2020,2.4
07-10-2020,0
08-10-2020,0
09-10-2020,0
10-10-2020,0
11-10-2020,0
12-10-2020,4.4
13-10-2020,1.8
14-10-2020,1.4
15-10-2020,0
16-10-2020,0
17-10-2020,0
18-10-2020,0
19-10-2020,3.2
20-10-2020,10
21-10-2020,2.8
22-10-2020,6.8
23-10-2020,0
24-10-2020,26.6
25-10-2020,19.8
26-10-2020,0.4
27-10-2020,5.6
28-10-2020,0
29-10-2020,0
30-10-2020,0
31-10-2020,0.4
01-11-2020,4
02-11-2020,4.4
03-11-2020,0.6
04-11-2020,1.2
05-11-2020,0
06-11-2020,0.8
07-11-2020,2.7
08-11-2020,3.6
09-11-2020,1.2
10-11-2020,0
11-11-2020,6.8
12-11-2020,0
13-11-2020,0
14-11-2020,0.6
15-11-2020,7.6
16-11-2020,0
17-11-2020,0
18-11-2020,8.4
19-11-2020,0
20-11-2020,0
21-11-2020,0
22-11-2020,0
23-11-2020,0
24-11-2020,18.8
25-11-2020,4.2
26-11-2020,0
27-11-2020,0
28-11-2020,0.2
29-11-2020,0
30-11-2020,0
01-12-2020,0
02-12-2020,0
03-12-2020,14.6
04-12-2020,9.8
05-12-2020,7.6
06-12-2020,7.8
07-12-2020,8.2
08-12-2020,3.2
09-12-2020,10.4
10-12-2020,20.8
11-12-2020,3.8
12-12-2020,0.2
13-12-2020,1.2
14-12-2020,8.8
15-12-2020,39.8
16-12-2020,2.6
17-12-2020,0
18-12-2020,9.4
19-12-2020,1.2
20-12-2020,6.8
21-12-2020,0
22-12-2020,3.6
23-12-2020,4
24-12-2020,5
25-12-2020,0
26-12-2020,0
27-12-2020,7.8
28-12-2020,8.8
29-12-2020,3.4
30-12-2020,17.4
31-12-2020,12.6
FECHA,Precipitación: l/m2
01-01-2021,7.8
02-01-2021,13
03-01-2021,6.8
04-01-2021,4.2
05-01-2021,3.6
06-01-2021,0
07-01-2021,0.2
08-01-2021,1.6
09-01-2021,2.8
10-01-2021,0
11-01-2021,0
12-01-2021,0
13-01-2021,0
14-01-2021,1.6
15-01-2021,0
16-01-2021,0
17-01-2021,1
18-01-2021,0
19-01-2021,1.4
20-01-2021,13.4
21-01-2021,14.2
22-01-2021,5.6
23-01-2021,16
24-01-2021,20.8
25-01-2021,4.8
26-01-2021,1.2
27-01-2021,0
28-01-2021,0.4
29-01-2021,5
30-01-2021,17.4
31-01-2021,0.4
01-02-2021,1.8
02-02-2021,12.6
03-02-2021,0
04-02-2021,10.8
05-02-2021,1.4
06-02-2021,0.4
07-02-2021,20.4
08-02-2021,10
09-02-2021,11.8
10-02-2021,8.8
11-02-2021,40
12-02-2021,0
13-02-2021,0.4
14-02-2021,0
15-02-2021,12.2
16-02-2021,0.4
17-02-2021,11
18-02-2021,0.2
19-02-2021,8.2
20-02-2021,10.6
21-02-2021,3.4
22-02-2021,0
23-02-2021,0
24-02-2021,11.6
25-02-2021,5.2
26-02-2021,0
27-02-2021,0
28-02-2021,0
01-03-2021,2
02-03-2021,1
03-03-2021,0
04-03-2021,0
05-03-2021,0
06-03-2021,0
07-03-2021,0
08-03-2021,0
09-03-2021,0
10-03-2021,0.6
11-03-2021,8.6
12-03-2021,1.6
13-03-2021,0.6
14-03-2021,0
15-03-2021,0
16-03-2021,0
17-03-2021,0
18-03-2021,0
19-03-2021,0
20-03-2021,0
21-03-2021,0
22-03-2021,0
23-03-2021,0
24-03-2021,0
25-03-2021,0
26-03-2021,0.4
27-03-2021,0
28-03-2021,0
29-03-2021,0
30-03-2021,0
31-03-2021,0
01-04-2021,12.2
02-04-2021,0
03-04-2021,0
04-04-2021,0
05-04-2021,0
06-04-2021,0
07-04-2021,0
08-04-2021,0
09-04-2021,1.4
10-04-2021,0.5
11-04-2021,0
12-04-2021,0
13-04-2021,0
14-04-2021,0
15-04-2021,0
16-04-2021,0
17-04-2021,0
18-04-2021,0
19-04-2021,3.4
20-04-2021,0.6
21-04-2021,1
22-04-2021,0
23-04-2021,15.2
24-04-2021,23.8
25-04-2021,24.6
26-04-2021,0
27-04-2021,0
28-04-2021,0
29-04-2021,2.6
30-04-2021,0
01-05-2021,0
02-05-2021,0
FECHA,Precipitación: l/m2
03-05-2021,0
04-05-2021,0.8
05-05-2021,0
06-05-2021,0
07-05-2021,0
08-05-2021,6.2
09-05-2021,6.2
10-05-2021,8.2
11-05-2021,3.6
12-05-2021,3.4
13-05-2021,12.8
14-05-2021,22.6
15-05-2021,17.8
16-05-2021,0
17-05-2021,4.4
18-05-2021,0.8
19-05-2021,0
20-05-2021,6.8
21-05-2021,2
22-05-2021,0.8
23-05-2021,3.8
24-05-2021,0.6
25-05-2021,0
26-05-2021,0
27-05-2021,0
28-05-2021,0
29-05-2021,0
30-05-2021,0
31-05-2021,0
01-06-2021,0
02-06-2021,5.6
03-06-2021,0
04-06-2021,0
05-06-2021,0
06-06-2021,0
07-06-2021,0
08-06-2021,0
09-06-2021,0
10-06-2021,0
11-06-2021,0
12-06-2021,0
13-06-2021,0.8
14-06-2021,0
15-06-2021,0
16-06-2021,19
17-06-2021,45.4
18-06-2021,4.8
19-06-2021,1.4
20-06-2021,6
21-06-2021,14
22-06-2021,0
23-06-2021,0
24-06-2021,0
25-06-2021,0
26-06-2021,3.8
27-06-2021,0.6
28-06-2021,0
29-06-2021,0
30-06-2021,0
01-07-2021,0
02-07-2021,1.8
03-07-2021,0
04-07-2021,0
05-07-2021,7.2
06-07-2021,1
07-07-2021,0.4
08-07-2021,0
09-07-2021,0
10-07-2021,0
11-07-2021,1.6
12-07-2021,1.8
13-07-2021,0
14-07-2021,0
15-07-2021,0
16-07-2021,0
17-07-2021,0
18-07-2021,0
19-07-2021,0
20-07-2021,0.2
21-07-2021,0.2
22-07-2021,0.4
23-07-2021,7.8
24-07-2021,0.4
25-07-2021,0
26-07-2021,0.2
27-07-2021,0
28-07-2021,0
29-07-2021,1.6
30-07-2021,0
31-07-2021,0.1
01-08-2021,0
02-08-2021,0
03-08-2021,12.2
04-08-2021,0
05-08-2021,1
06-08-2021,1.4
07-08-2021,0
08-08-2021,0
09-08-2021,0
10-08-2021,0
11-08-2021,0
12-08-2021,0
13-08-2021,0
14-08-2021,0
15-08-2021,0
16-08-2021,0
17-08-2021,0
18-08-2021,0
19-08-2021,0
20-08-2021,0
21-08-2021,0
22-08-2021,0
23-08-2021,0
24-08-2021,0
25-08-2021,0
26-08-2021,0
27-08-2021,0
28-08-2021,0
29-08-2021,0
30-08-2021,0
31-08-2021,0
01-09-2021,0.4
FECHA,Precipitación: l/m2
02-09-2021,0
03-09-2021,0
04-09-2021,0
05-09-2021,0
06-09-2021,22.8
07-09-2021,3
08-09-2021,3.2
09-09-2021,2
10-09-2021,0.8
11-09-2021,0
12-09-2021,0
13-09-2021,4.6
14-09-2021,0
15-09-2021,0
16-09-2021,0
17-09-2021,7.4
18-09-2021,0.2
19-09-2021,1
20-09-2021,0
21-09-2021,0
22-09-2021,0
23-09-2021,0
24-09-2021,12.8
25-09-2021,0
26-09-2021,7.6
27-09-2021,0
28-09-2021,1.4
29-09-2021,0.8
30-09-2021,0
01-10-2021,4
02-10-2021,28.8
03-10-2021,0
04-10-2021,3
05-10-2021,0.4
06-10-2021,0
07-10-2021,0
08-10-2021,0
09-10-2021,0
10-10-2021,0
11-10-2021,0
12-10-2021,0
13-10-2021,0
14-10-2021,0
15-10-2021,0.2
16-10-2021,11.2
17-10-2021,1.4
18-10-2021,0
19-10-2021,3
20-10-2021,1.8
21-10-2021,2
22-10-2021,0
23-10-2021,2.6
24-10-2021,2.6
25-10-2021,0
26-10-2021,0
27-10-2021,0
28-10-2021,13.6
29-10-2021,16.6
30-10-2021,4
31-10-2021,4.8
01-11-2021,9
02-11-2021,21.2
03-11-2021,20
04-11-2021,2.4
05-11-2021,0.2
06-11-2021,0
07-11-2021,0
08-11-2021,0
09-11-2021,0
10-11-2021,0
11-11-2021,0
12-11-2021,0
13-11-2021,0
14-11-2021,0
15-11-2021,0
16-11-2021,0
17-11-2021,0
18-11-2021,0
19-11-2021,0
20-11-2021,0
21-11-2021,1.8
22-11-2021,7
23-11-2021,0
24-11-2021,7.6
25-11-2021,2.2
26-11-2021,13.4
27-11-2021,4.8
28-11-2021,13.2
29-11-2021,0.4
30-11-2021,1
01-12-2021,12.4
02-12-2021,1.4
03-12-2021,8.4
04-12-2021,3
05-12-2021,0.6
06-12-2021,15.2
07-12-2021,19
08-12-2021,6.4
09-12-2021,2.6
10-12-2021,1.6
11-12-2021,0
12-12-2021,0
13-12-2021,0
14-12-2021,0
15-12-2021,0
16-12-2021,0
17-12-2021,0
18-12-2021,0
19-12-2021,0
20-12-2021,2.4
21-12-2021,0
22-12-2021,4.4
23-12-2021,4.4
24-12-2021,2.8
25-12-2021,1.4
26-12-2021,6.6
27-12-2021,2
28-12-2021,0.2
29-12-2021,0
30-12-2021,0
31-12-2021,0
01-01-2021,7.8
02-01-2021,13
03-01-2021,6.8
04-01-2021,4.2
05-01-2021,3.6
06-01-2021,0
07-01-2021,0.2
08-01-2021,1.6
09-01-2021,2.8
10-01-2021,0
11-01-2021,0
12-01-2021,0
13-01-2021,0
14-01-2021,1.6
15-01-2021,0
16-01-2021,0
17-01-2021,1
18-01-2021,0
19-01-2021,1.4
20-01-2021,13.4
21-01-2021,14.2
22-01-2021,5.6
23-01-2021,16
24-01-2021,20.8
25-01-2021,4.8
26-01-2021,1.2
27-01-2021,0
28-01-2021,0.4
29-01-2021,5
30-01-2021,17.4
31-01-2021,0.4
01-02-2021,1.8
02-02-2021,12.6
03-02-2021,0
04-02-2021,10.8
05-02-2021,1.4
06-02-2021,0.4
07-02-2021,20.4
08-02-2021,10
09-02-2021,11.8
10-02-2021,8.8
11-02-2021,40
12-02-2021,0
13-02-2021,0.4
14-02-2021,0
15-02-2021,12.2
16-02-2021,0.4
17-02-2021,11
18-02-2021,0.2
19-02-2021,8.2
20-02-2021,10.6
21-02-2021,3.4
22-02-2021,0
23-02-2021,0
24-02-2021,11.6
25-02-2021,5.2
26-02-2021,0
27-02-2021,0
28-02-2021,0
01-03-2021,2
02-03-2021,1
03-03-2021,0
04-03-2021,0
05-03-2021,0
06-03-2021,0
07-03-2021,0
08-03-2021,0
09-03-2021,0
10-03-2021,0.6
11-03-2021,8.6
12-03-2021,1.6
13-03-2021,0.6
14-03-2021,0
15-03-2021,0
16-03-2021,0
17-03-2021,0
18-03-2021,0
19-03-2021,0
20-03-2021,0
21-03-2021,0
22-03-2021,0
23-03-2021,0
24-03-2021,0
25-03-2021,0
26-03-2021,0.4
27-03-2021,0
28-03-2021,0
29-03-2021,0
30-03-2021,0
31-03-2021,0
01-04-2021,12.2
02-04-2021,0
03-04-2021,0
04-04-2021,0
05-04-2021,0
06-04-2021,0
07-04-2021,0
08-04-2021,0
09-04-2021,1.4
10-04-2021,0.5
11-04-2021,0
12-04-2021,0
13-04-2021,0
14-04-2021,0
15-04-2021,0
16-04-2021,0
17-04-2021,0
18-04-2021,0
19-04-2021,3.4
20-04-2021,0.6
21-04-2021,1
22-04-2021,0
23-04-2021,15.2
24-04-2021,23.8
25-04-2021,24.6
26-04-2021,0
27-04-2021,0
28-04-2021,0
29-04-2021,2.6
30-04-2021,0
01-05-2021,0
02-05-2021,0
03-05-2021,0
04-05-2021,0.8
05-05-2021,0
06-05-2021,0
07-05-2021,0
08-05-2021,6.2
09-05-2021,6.2
10-05-2021,8.2
11-05-2021,3.6
12-05-2021,3.4
13-05-2021,12.8
14-05-2021,22.6
15-05-2021,17.8
16-05-2021,0
17-05-2021,4.4
18-05-2021,0.8
19-05-2021,0
20-05-2021,6.8
21-05-2021,2
22-05-2021,0.8
23-05-2021,3.8
24-05-2021,0.6
25-05-2021,0
26-05-2021,0
27-05-2021,0
28-05-2021,0
29-05-2021,0
30-05-2021,0
31-05-2021,0
01-06-2021,0
02-06-2021,5.6
03-06-2021,0
04-06-2021,0
05-06-2021,0
06-06-2021,0
07-06-2021,0
08-06-2021,0
09-06-2021,0
10-06-2021,0
11-06-2021,0
12-06-2021,0
13-06-2021,0.8
14-06-2021,0
15-06-2021,0
16-06-2021,19
17-06-2021,45.4
18-06-2021,4.8
19-06-2021,1.4
20-06-2021,6
21-06-2021,14
22-06-2021,0
23-06-2021,0
24-06-2021,0
25-06-2021,0
26-06-2021,3.8
27-06-2021,0.6
28-06-2021,0
29-06-2021,0
30-06-2021,0
01-07-2021,0
02-07-2021,1.8
03-07-2021,0
04-07-2021,0
05-07-2021,7.2
06-07-2021,1
07-07-2021,0.4
08-07-2021,0
09-07-2021,0
10-07-2021,0
11-07-2021,1.6
12-07-2021,1.8
13-07-2021,0
14-07-2021,0
15-07-2021,0
16-07-2021,0
17-07-2021,0
18-07-2021,0
19-07-2021,0
20-07-2021,0.2
21-07-2021,0.2
22-07-2021,0.4
23-07-2021,7.8
24-07-2021,0.4
25-07-2021,0
26-07-2021,0.2
27-07-2021,0
28-07-2021,0
29-07-2021,1.6
30-07-2021,0
31-07-2021,0.1
01-08-2021,0
02-08-2021,0
03-08-2021,12.2
04-08-2021,0
05-08-2021,1
06-08-2021,1.4
07-08-2021,0
08-08-2021,0
09-08-2021,0
10-08-2021,0
11-08-2021,0
12-08-2021,0
13-08-2021,0
14-08-2021,0
15-08-2021,0
16-08-2021,0
17-08-2021,0
18-08-2021,0
19-08-2021,0
20-08-2021,0
21-08-2021,0
22-08-2021,0
23-08-2021,0
24-08-2021,0
25-08-2021,0
26-08-2021,0
27-08-2021,0
28-08-2021,0
29-08-2021,0
30-08-2021,0
31-08-2021,0
01-09-2021,0.4
02-09-2021,0
03-09-2021,0
04-09-2021,0
05-09-2021,0
06-09-2021,22.8
07-09-2021,3
08-09-2021,3.2
09-09-2021,2
10-09-2021,0.8
11-09-2021,0
12-09-2021,0
13-09-2021,4.6
14-09-2021,0
15-09-2021,0
16-09-2021,0
17-09-2021,7.4
18-09-2021,0.2
19-09-2021,1
20-09-2021,0
21-09-2021,0
22-09-2021,0
23-09-2021,0
24-09-2021,12.8
25-09-2021,0
26-09-2021,7.6
27-09-2021,0
28-09-2021,1.4
29-09-2021,0.8
30-09-2021,0
01-10-2021,4
02-10-2021,28.8
03-10-2021,0
04-10-2021,3
05-10-2021,0.4
06-10-2021,0
07-10-2021,0
08-10-2021,0
09-10-2021,0
10-10-2021,0
11-10-2021,0
12-10-2021,0
13-10-2021,0
14-10-2021,0
15-10-2021,0.2
16-10-2021,11.2
17-10-2021,1.4
18-10-2021,0
19-10-2021,3
20-10-2021,1.8
21-10-2021,2
22-10-2021,0
23-10-2021,2.6
24-10-2021,2.6
25-10-2021,0
26-10-2021,0
27-10-2021,0
28-10-2021,13.6
29-10-2021,16.6
30-10-2021,4
31-10-2021,4.8
01-11-2021,9
02-11-2021,21.2
03-11-2021,20
04-11-2021,2.4
05-11-2021,0.2
06-11-2021,0
07-11-2021,0
08-11-2021,0
09-11-2021,0
10-11-2021,0
11-11-2021,0
12-11-2021,0
13-11-2021,0
14-11-2021,0
15-11-2021,0
16-11-2021,0
17-11-2021,0
18-11-2021,0
19-11-2021,0
20-11-2021,0
21-11-2021,1.8
22-11-2021,7
23-11-2021,0
24-11-2021,7.6
25-11-2021,2.2
26-11-2021,13.4
27-11-2021,4.8
28-11-2021,13.2
29-11-2021,0.4
30-11-2021,1
01-12-2021,12.4
02-12-2021,1.4
03-12-2021,8.4
04-12-2021,3
05-12-2021,0.6
06-12-2021,15.2
07-12-2021,19
08-12-2021,6.4
09-12-2021,2.6
10-12-2021,1.6
11-12-2021,0
12-12-2021,0
13-12-2021,0
14-12-2021,0
15-12-2021,0
16-12-2021,0
17-12-2021,0
18-12-2021,0
19-12-2021,0
20-12-2021,2.4
21-12-2021,0
22-12-2021,4.4
23-12-2021,4.4
24-12-2021,2.8
25-12-2021,1.4
26-12-2021,6.6
27-12-2021,2
28-12-2021,0.2
29-12-2021,0
30-12-2021,0
31-12-2021,0
FECHA,Precipitación: l/m2
01-01-2022,0.8
02-01-2022,0
03-01-2022,30.8
04-01-2022,7.6
05-01-2022,4.6
06-01-2022,2
07-01-2022,0.2
08-01-2022,2.4
09-01-2022,2.2
10-01-2022,3.6
11-01-2022,0
12-01-2022,0
13-01-2022,0
14-01-2022,0
15-01-2022,0
16-01-2022,0
17-01-2022,0
18-01-2022,0
19-01-2022,0
20-01-2022,0
21-01-2022,0
22-01-2022,0
23-01-2022,0
24-01-2022,0
25-01-2022,0
26-01-2022,0
27-01-2022,0
28-01-2022,0
29-01-2022,0
30-01-2022,0
31-01-2022,0
01-02-2022,0
02-02-2022,0
03-02-2022,3.2
04-02-2022,4.6
05-02-2022,0
06-02-2022,0
07-02-2022,0
08-02-2022,0
09-02-2022,0
10-02-2022,7.2
11-02-2022,0
12-02-2022,0
13-02-2022,13.8
14-02-2022,1.8
15-02-2022,0
16-02-2022,0.2
17-02-2022,3.2
18-02-2022,7.4
19-02-2022,0
20-02-2022,2
21-02-2022,0.2
22-02-2022,0
23-02-2022,0
24-02-2022,0
25-02-2022,0
26-02-2022,0
27-02-2022,0.4
28-02-2022,0
01-03-2022,10.6
02-03-2022,23
03-03-2022,7.6
04-03-2022,0.4
05-03-2022,0
06-03-2022,1.2
07-03-2022,1.8
08-03-2022,0.4
09-03-2022,18.2
10-03-2022,11.4
11-03-2022,2.8
12-03-2022,5.8
13-03-2022,3.4
14-03-2022,0
15-03-2022,0.2
16-03-2022,0
17-03-2022,0
18-03-2022,0
19-03-2022,0
20-03-2022,0
21-03-2022,0.2
22-03-2022,6.6
23-03-2022,0
24-03-2022,0
25-03-2022,0
26-03-2022,0
27-03-2022,1.4
28-03-2022,0
29-03-2022,0
30-03-2022,5.4
31-03-2022,5
01-04-2022,0
02-04-2022,0
03-04-2022,0
04-04-2022,0
05-04-2022,0
06-04-2022,0
07-04-2022,5.6
08-04-2022,8.2
09-04-2022,0
10-04-2022,0
11-04-2022,1.4
12-04-2022,6
13-04-2022,0
14-04-2022,0
15-04-2022,0
16-04-2022,0
17-04-2022,0.2
18-04-2022,0.2
19-04-2022,4.6
20-04-2022,0.8
21-04-2022,3
22-04-2022,1.6
23-04-2022,0
24-04-2022,1.2
25-04-2022,0
26-04-2022,1.6
27-04-2022,6
28-04-2022,0
29-04-2022,0
30-04-2022,0
01-05-2022,0
02-05-2022,0
FECHA,Precipitación: l/m2
03-05-2022,0
04-05-2022,0
05-05-2022,0
06-05-2022,0
07-05-2022,0
08-05-2022,0
09-05-2022,0
10-05-2022,0
11-05-2022,0
12-05-2022,0
13-05-2022,0
14-05-2022,0
15-05-2022,0.8
16-05-2022,0
17-05-2022,1.6
18-05-2022,0.4
19-05-2022,0
20-05-2022,0
21-05-2022,3.2
22-05-2022,2.4
23-05-2022,0.6
24-05-2022,1.4
25-05-2022,0
26-05-2022,0
27-05-2022,0
28-05-2022,0
29-05-2022,0.2
30-05-2022,1.2
31-05-2022,14.8
01-06-2022,5.4
02-06-2022,0.4
03-06-2022,0
04-06-2022,0
05-06-2022,0
06-06-2022,1.2
07-06-2022,1.8
08-06-2022,1.8
09-06-2022,0
10-06-2022,0
11-06-2022,0
12-06-2022,0
13-06-2022,0
14-06-2022,0
15-06-2022,1.2
16-06-2022,0.2
17-06-2022,0
18-06-2022,3.6
19-06-2022,19
20-06-2022,6
21-06-2022,0.2
22-06-2022,0
23-06-2022,0
24-06-2022,7.8
25-06-2022,0
26-06-2022,0
27-06-2022,0
28-06-2022,1.4
29-06-2022,0.2
30-06-2022,0
01-07-2022,0
02-07-2022,0
03-07-2022,0
04-07-2022,0
05-07-2022,0
06-07-2022,0
07-07-2022,0
08-07-2022,0
09-07-2022,0
10-07-2022,0
11-07-2022,0
12-07-2022,0
13-07-2022,0
14-07-2022,1.4
15-07-2022,0
16-07-2022,0
17-07-2022,0
18-07-2022,0.4
19-07-2022,0
20-07-2022,0
21-07-2022,0
22-07-2022,0
23-07-2022,0
24-07-2022,0
25-07-2022,0
26-07-2022,0
27-07-2022,0
28-07-2022,0
29-07-2022,0
30-07-2022,0
31-07-2022,0
01-08-2022,0
02-08-2022,0
03-08-2022,0
04-08-2022,0
05-08-2022,0
06-08-2022,0
07-08-2022,0
08-08-2022,0
09-08-2022,0
10-08-2022,0
11-08-2022,0
12-08-2022,0
13-08-2022,0
14-08-2022,0
15-08-2022,1.8
16-08-2022,4.4
17-08-2022,0
18-08-2022,0
19-08-2022,0
20-08-2022,0
21-08-2022,0.2
22-08-2022,0
23-08-2022,0
24-08-2022,0
25-08-2022,0
26-08-2022,0
27-08-2022,0
28-08-2022,0
29-08-2022,0
30-08-2022,0
31-08-2022,0.2
01-09-2022,3.6
FECHA,Precipitación: l/m2
02-09-2022,0
03-09-2022,0
04-09-2022,27.2
05-09-2022,1.8
06-09-2022,0
07-09-2022,0.4
08-09-2022,0.8
09-09-2022,0
10-09-2022,0
11-09-2022,0
12-09-2022,9.2
13-09-2022,5.8
14-09-2022,1
15-09-2022,0
16-09-2022,0
17-09-2022,0
18-09-2022,0
19-09-2022,0
20-09-2022,0
21-09-2022,0
22-09-2022,0
23-09-2022,1.8
24-09-2022,0
25-09-2022,0.2
26-09-2022,1.2
27-09-2022,3.6
28-09-2022,4.6
29-09-2022,1
30-09-2022,0
01-10-2022,0
02-10-2022,0
03-10-2022,0
04-10-2022,0
05-10-2022,2
06-10-2022,0
07-10-2022,0
08-10-2022,0
09-10-2022,2.6
10-10-2022,0
11-10-2022,0
12-10-2022,0
13-10-2022,0.4
14-10-2022,0
15-10-2022,41
16-10-2022,3.8
17-10-2022,0.2
18-10-2022,11.6
19-10-2022,4.4
20-10-2022,0.4
21-10-2022,7
22-10-2022,17
23-10-2022,0.6
24-10-2022,1
25-10-2022,0.8
26-10-2022,18.8
27-10-2022,8
28-10-2022,16.6
29-10-2022,1
30-10-2022,11.8
31-10-2022,1
01-11-2022,0
02-11-2022,0.8
03-11-2022,0
04-11-2022,0
05-11-2022,11.6
06-11-2022,0.2
07-11-2022,4
08-11-2022,1.6
09-11-2022,0
10-11-2022,0
11-11-2022,0
12-11-2022,0
13-11-2022,19
14-11-2022,7.4
15-11-2022,4.2
16-11-2022,1.6
17-11-2022,12.4
18-11-2022,5.4
19-11-2022,12.6
20-11-2022,10.4
21-11-2022,5.6
22-11-2022,20.8
23-11-2022,1
24-11-2022,5.6
25-11-2022,0
26-11-2022,1.8
27-11-2022,15.8
28-11-2022,2.6
29-11-2022,8.4
30-11-2022,9.6
01-12-2022,0
02-12-2022,0
03-12-2022,0
04-12-2022,0
05-12-2022,0
06-12-2022,0
07-12-2022,2.2
08-12-2022,4.4
09-12-2022,0
10-12-2022,0
11-12-2022,10.6
12-12-2022,7.2
13-12-2022,1.6
14-12-2022,4.4
15-12-2022,0.8
16-12-2022,0
17-12-2022,0
18-12-2022,1.6
19-12-2022,39.8
20-12-2022,1
21-12-2022,1
22-12-2022,0
23-12-2022,72.8
24-12-2022,21.6
25-12-2022,4.4
26-12-2022,0
27-12-2022,0
28-12-2022,9
29-12-2022,3.4
30-12-2022,0
31-12-2022,13.6
01-01-2022,0.8
02-01-2022,0
03-01-2022,30.8
04-01-2022,7.6
05-01-2022,4.6
06-01-2022,2
07-01-2022,0.2
08-01-2022,2.4
09-01-2022,2.2
10-01-2022,3.6
11-01-2022,0
12-01-2022,0
13-01-2022,0
14-01-2022,0
15-01-2022,0
16-01-2022,0
17-01-2022,0
18-01-2022,0
19-01-2022,0
20-01-2022,0
21-01-2022,0
22-01-2022,0
23-01-2022,0
24-01-2022,0
25-01-2022,0
26-01-2022,0
27-01-2022,0
28-01-2022,0
29-01-2022,0
30-01-2022,0
31-01-2022,0
01-02-2022,0
02-02-2022,0
03-02-2022,3.2
04-02-2022,4.6
05-02-2022,0
06-02-2022,0
07-02-2022,0
08-02-2022,0
09-02-2022,0
10-02-2022,7.2
11-02-2022,0
12-02-2022,0
13-02-2022,13.8
14-02-2022,1.8
15-02-2022,0
16-02-2022,0.2
17-02-2022,3.2
18-02-2022,7.4
19-02-2022,0
20-02-2022,2
21-02-2022,0.2
22-02-2022,0
23-02-2022,0
24-02-2022,0
25-02-2022,0
26-02-2022,0
27-02-2022,0.4
28-02-2022,0
01-03-2022,10.6
02-03-2022,23
03-03-2022,7.6
04-03-2022,0.4
05-03-2022,0
06-03-2022,1.2
07-03-2022,1.8
08-03-2022,0.4
09-03-2022,18.2
10-03-2022,11.4
11-03-2022,2.8
12-03-2022,5.8
13-03-2022,3.4
14-03-2022,0
15-03-2022,0.2
16-03-2022,0
17-03-2022,0
18-03-2022,0
19-03-2022,0
20-03-2022,0
21-03-2022,0.2
22-03-2022,6.6
23-03-2022,0
24-03-2022,0
25-03-2022,0
26-03-2022,0
27-03-2022,1.4
28-03-2022,0
29-03-2022,0
30-03-2022,5.4
31-03-2022,5
01-04-2022,0
02-04-2022,0
03-04-2022,0
04-04-2022,0
05-04-2022,0
06-04-2022,0
07-04-2022,5.6
08-04-2022,8.2
09-04-2022,0
10-04-2022,0
11-04-2022,1.4
12-04-2022,6
13-04-2022,0
14-04-2022,0
15-04-2022,0
16-04-2022,0
17-04-2022,0.2
18-04-2022,0.2
19-04-2022,4.6
20-04-2022,0.8
21-04-2022,3
22-04-2022,1.6
23-04-2022,0
24-04-2022,1.2
25-04-2022,0
26-04-2022,1.6
27-04-2022,6
28-04-2022,0
29-04-2022,0
30-04-2022,0
01-05-2022,0
02-05-2022,0
03-05-2022,0
04-05-2022,0
05-05-2022,0
06-05-2022,0
07-05-2022,0
08-05-2022,0
09-05-2022,0
10-05-2022,0
11-05-2022,0
12-05-2022,0
13-05-2022,0
14-05-2022,0
15-05-2022,0.8
16-05-2022,0
17-05-2022,1.6
18-05-2022,0.4
19-05-2022,0
20-05-2022,0
21-05-2022,3.2
22-05-2022,2.4
23-05-2022,0.6
24-05-2022,1.4
25-05-2022,0
26-05-2022,0
27-05-2022,0
28-05-2022,0
29-05-2022,0.2
30-05-2022,1.2
31-05-2022,14.8
01-06-2022,5.4
02-06-2022,0.4
03-06-2022,0
04-06-2022,0
05-06-2022,0
06-06-2022,1.2
07-06-2022,1.8
08-06-2022,1.8
09-06-2022,0
10-06-2022,0
11-06-2022,0
12-06-2022,0
13-06-2022,0
14-06-2022,0
15-06-2022,1.2
16-06-2022,0.2
17-06-2022,0
18-06-2022,3.6
19-06-2022,19
20-06-2022,6
21-06-2022,0.2
22-06-2022,0
23-06-2022,0
24-06-2022,7.8
25-06-2022,0
26-06-2022,0
27-06-2022,0
28-06-2022,1.4
29-06-2022,0.2
30-06-2022,0
01-07-2022,0
02-07-2022,0
03-07-2022,0
04-07-2022,0
05-07-2022,0
06-07-2022,0
07-07-2022,0
08-07-2022,0
09-07-2022,0
10-07-2022,0
11-07-2022,0
12-07-2022,0
13-07-2022,0
14-07-2022,1.4
15-07-2022,0
16-07-2022,0
17-07-2022,0
18-07-2022,0.4
19-07-2022,0
20-07-2022,0
21-07-2022,0
22-07-2022,0
23-07-2022,0
24-07-2022,0
25-07-2022,0
26-07-2022,0
27-07-2022,0
28-07-2022,0
29-07-2022,0
30-07-2022,0
31-07-2022,0
01-08-2022,0
02-08-2022,0
03-08-2022,0
04-08-2022,0
05-08-2022,0
06-08-2022,0
07-08-2022,0
08-08-2022,0
09-08-2022,0
10-08-2022,0
11-08-2022,0
12-08-2022,0
13-08-2022,0
14-08-2022,0
15-08-2022,1.8
16-08-2022,4.4
17-08-2022,0
18-08-2022,0
19-08-2022,0
20-08-2022,0
21-08-2022,0.2
22-08-2022,0
23-08-2022,0
24-08-2022,0
25-08-2022,0
26-08-2022,0
27-08-2022,0
28-08-2022,0
29-08-2022,0
30-08-2022,0
31-08-2022,0.2
01-09-2022,3.6
02-09-2022,0
03-09-2022,0
04-09-2022,27.2
05-09-2022,1.8
06-09-2022,0
07-09-2022,0.4
08-09-2022,0.8
09-09-2022,0
10-09-2022,0
11-09-2022,0
12-09-2022,9.2
13-09-2022,5.8
14-09-2022,1
15-09-2022,0
16-09-2022,0
17-09-2022,0
18-09-2022,0
19-09-2022,0
20-09-2022,0
21-09-2022,0
22-09-2022,0
23-09-2022,1.8
24-09-2022,0
25-09-2022,0.2
26-09-2022,1.2
27-09-2022,3.6
28-09-2022,4.6
29-09-2022,1
30-09-2022,0
01-10-2022,0
02-10-2022,0
03-10-2022,0
04-10-2022,0
05-10-2022,2
06-10-2022,0
07-10-2022,0
08-10-2022,0
09-10-2022,2.6
10-10-2022,0
11-10-2022,0
12-10-2022,0
13-10-2022,0.4
14-10-2022,0
15-10-2022,41
16-10-2022,3.8
17-10-2022,0.2
18-10-2022,11.6
19-10-2022,4.4
20-10-2022,0.4
21-10-2022,7
22-10-2022,17
23-10-2022,0.6
24-10-2022,1
25-10-2022,0.8
26-10-2022,18.8
27-10-2022,8
28-10-2022,16.6
29-10-2022,1
30-10-2022,11.8
31-10-2022,1
01-11-2022,0
02-11-2022,0.8
03-11-2022,0
04-11-2022,0
05-11-2022,11.6
06-11-2022,0.2
07-11-2022,4
08-11-2022,1.6
09-11-2022,0
10-11-2022,0
11-11-2022,0
12-11-2022,0
13-11-2022,19
14-11-2022,7.4
15-11-2022,4.2
16-11-2022,1.6
17-11-2022,12.4
18-11-2022,5.4
19-11-2022,12.6
20-11-2022,10.4
21-11-2022,5.6
22-11-2022,20.8
23-11-2022,1
24-11-2022,5.6
25-11-2022,0
26-11-2022,1.8
27-11-2022,15.8
28-11-2022,2.6
29-11-2022,8.4
30-11-2022,9.6
01-12-2022,0
02-12-2022,0
03-12-2022,0
04-12-2022,0
05-12-2022,0
06-12-2022,0
07-12-2022,2.2
08-12-2022,4.4
09-12-2022,0
10-12-2022,0
11-12-2022,10.6
12-12-2022,7.2
13-12-2022,1.6
14-12-2022,4.4
15-12-2022,0.8
16-12-2022,0
17-12-2022,0
18-12-2022,1.6
19-12-2022,39.8
20-12-2022,1
21-12-2022,1
22-12-2022,0
23-12-2022,72.8
24-12-2022,21.6
25-12-2022,4.4
26-12-2022,0
27-12-2022,0
28-12-2022,9
29-12-2022,3.4
30-12-2022,0
31-12-2022,13.6
FECHA,Precipitación: l/m2
01-01-2023,19.8
02-01-2023,0.4
03-01-2023,0
04-01-2023,0
05-01-2023,0
06-01-2023,7.2
07-01-2023,20.2
08-01-2023,3.2
09-01-2023,0
10-01-2023,7
11-01-2023,0
12-01-2023,8.6
13-01-2023,1.2
14-01-2023,16.2
15-01-2023,10.4
16-01-2023,21
17-01-2023,8.6
18-01-2023,2
19-01-2023,22
20-01-2023,2.6
21-01-2023,0.4
22-01-2023,0
23-01-2023,0
24-01-2023,0
25-01-2023,0
26-01-2023,5.8
27-01-2023,0.4
28-01-2023,0
29-01-2023,0
30-01-2023,0
31-01-2023,0
01-02-2023,0
02-02-2023,0
03-02-2023,0
04-02-2023,0
05-02-2023,0
06-02-2023,0
07-02-2023,0.2
08-02-2023,0
09-02-2023,0
10-02-2023,0
11-02-2023,0
12-02-2023,0
13-02-2023,0
14-02-2023,0
15-02-2023,0
16-02-2023,0
17-02-2023,0
18-02-2023,0
19-02-2023,0
20-02-2023,1.4
21-02-2023,3
22-02-2023,10.6
23-02-2023,6.4
24-02-2023,11.2
25-02-2023,0.4
26-02-2023,0
27-02-2023,0
28-02-2023,0
01-03-2023,1.4
02-03-2023,0
03-03-2023,0
04-03-2023,0
05-03-2023,0
06-03-2023,0.6
07-03-2023,2.8
08-03-2023,1.4
09-03-2023,4.4
10-03-2023,0.1
11-03-2023,8.6
12-03-2023,0.2
13-03-2023,1.4
14-03-2023,0
15-03-2023,0
16-03-2023,2.4
17-03-2023,6.2
18-03-2023,4.2
19-03-2023,0
20-03-2023,0
21-03-2023,0
22-03-2023,0.4
23-03-2023,11.4
24-03-2023,0
25-03-2023,3.6
26-03-2023,0
27-03-2023,0
28-03-2023,0
29-03-2023,0
30-03-2023,1
31-03-2023,1.6
01-04-2023,0.2
02-04-2023,0
03-04-2023,0
04-04-2023,0
05-04-2023,0
06-04-2023,0
07-04-2023,0
08-04-2023,0
09-04-2023,0
10-04-2023,0.8
11-04-2023,9.8
12-04-2023,1.4
13-04-2023,12.2
14-04-2023,0.2
15-04-2023,0
16-04-2023,0
17-04-2023,0
18-04-2023,0
19-04-2023,0
20-04-2023,0
21-04-2023,1.2
22-04-2023,5.4
23-04-2023,2.2
24-04-2023,0
25-04-2023,0
26-04-2023,0
27-04-2023,0
28-04-2023,0
29-04-2023,0
30-04-2023,0
01-05-2023,0
02-05-2023,0
FECHA,Precipitación: l/m2
03-05-2023,0.8
04-05-2023,0.8
05-05-2023,2
06-05-2023,3.8
07-05-2023,0
08-05-2023,1.4
09-05-2023,0.2
10-05-2023,0
11-05-2023,0.2
12-05-2023,1.8
13-05-2023,0
14-05-2023,0
15-05-2023,0
16-05-2023,0
17-05-2023,0
18-05-2023,0
19-05-2023,0
20-05-2023,0
21-05-2023,0
22-05-2023,0
23-05-2023,0
24-05-2023,0
25-05-2023,0
26-05-2023,0.4
27-05-2023,0
28-05-2023,0
29-05-2023,0
30-05-2023,0.4
31-05-2023,0
01-06-2023,0
02-06-2023,0
03-06-2023,0
04-06-2023,0
05-06-2023,0
06-06-2023,1.8
07-06-2023,15.2
08-06-2023,9.6
09-06-2023,0.4
10-06-2023,0
11-06-2023,0
12-06-2023,11
13-06-2023,0
14-06-2023,0
15-06-2023,0
16-06-2023,0
17-06-2023,17.8
18-06-2023,10.6
19-06-2023,2.4
20-06-2023,1
21-06-2023,0
22-06-2023,0
23-06-2023,0
24-06-2023,0
25-06-2023,0
26-06-2023,0
27-06-2023,0
28-06-2023,1.8
29-06-2023,0.2
30-06-2023,0
01-07-2023,0.6
02-07-2023,0
03-07-2023,0
04-07-2023,0
05-07-2023,0
06-07-2023,0
07-07-2023,3.4
08-07-2023,1
09-07-2023,0
10-07-2023,0.2
11-07-2023,2.2
12-07-2023,1
13-07-2023,0
14-07-2023,1.8
15-07-2023,2.2
16-07-2023,0
17-07-2023,0
18-07-2023,0
19-07-2023,0
20-07-2023,0
21-07-2023,0.2
22-07-2023,0
23-07-2023,2
24-07-2023,1.2
25-07-2023,0.4
26-07-2023,0
27-07-2023,0
28-07-2023,4.2
29-07-2023,0
30-07-2023,0
31-07-2023,1.4
01-08-2023,3.2
02-08-2023,0.6
03-08-2023,0
04-08-2023,0
05-08-2023,0
06-08-2023,0
07-08-2023,0
08-08-2023,0
09-08-2023,0
10-08-2023,0
11-08-2023,2.6
12-08-2023,0
13-08-2023,0
14-08-2023,0
15-08-2023,0
16-08-2023,0
17-08-2023,1.2
18-08-2023,2.8
19-08-2023,0
20-08-2023,0
21-08-2023,0
22-08-2023,0.4
23-08-2023,0
24-08-2023,0.2
25-08-2023,0
26-08-2023,3.8
27-08-2023,3
28-08-2023,3.6
29-08-2023,1
30-08-2023,1.6
31-08-2023,0
01-09-2023,12.8
FECHA,Precipitación: l/m2
02-09-2023,0
03-09-2023,0.4
04-09-2023,2.6
05-09-2023,0
06-09-2023,0
07-09-2023,0
08-09-2023,12.2
09-09-2023,8.6
10-09-2023,0
11-09-2023,0
12-09-2023,0
13-09-2023,0
14-09-2023,0
15-09-2023,2.8
16-09-2023,10
17-09-2023,9.4
18-09-2023,0
19-09-2023,0
20-09-2023,16.8
21-09-2023,2.4
22-09-2023,8
23-09-2023,0
24-09-2023,0
25-09-2023,0
26-09-2023,0
27-09-2023,0
28-09-2023,2.8
29-09-2023,0.2
30-09-2023,0
01-10-2023,0
02-10-2023,1.2
03-10-2023,0
04-10-2023,0
05-10-2023,0
06-10-2023,0
07-10-2023,0
08-10-2023,0
09-10-2023,0
10-10-2023,0
11-10-2023,0
12-10-2023,6
13-10-2023,26.6
14-10-2023,0.2
15-10-2023,3
16-10-2023,2
17-10-2023,10.6
18-10-2023,24.8
19-10-2023,32.6
20-10-2023,13.4
21-10-2023,0
22-10-2023,3.6
23-10-2023,2
24-10-2023,3.8
25-10-2023,16.6
26-10-2023,25.6
27-10-2023,8.6
28-10-2023,14
29-10-2023,6.4
30-10-2023,6.6
31-10-2023,12
01-11-2023,10.8
02-11-2023,18.4
03-11-2023,17.4
04-11-2023,14.8
05-11-2023,36.4
06-11-2023,7.8
07-11-2023,2.4
08-11-2023,10
09-11-2023,0.8
10-11-2023,11.8
11-11-2023,4.8
12-11-2023,1.2
13-11-2023,36.4
14-11-2023,13.4
15-11-2023,2.2
16-11-2023,0
17-11-2023,0
18-11-2023,0.2
19-11-2023,0.8
20-11-2023,0.4
21-11-2023,0.2
22-11-2023,0
23-11-2023,0
24-11-2023,0
25-11-2023,0
26-11-2023,0.4
27-11-2023,5.6
28-11-2023,3.8
29-11-2023,13.4
30-11-2023,2
01-12-2023,6.4
02-12-2023,1.2
03-12-2023,13.2
04-12-2023,3.4
05-12-2023,0
06-12-2023,3.6
07-12-2023,17.6
08-12-2023,3.4
09-12-2023,7
10-12-2023,0
11-12-2023,7.8
12-12-2023,4.2
13-12-2023,1.4
14-12-2023,0
15-12-2023,0
16-12-2023,0
17-12-2023,0
18-12-2023,0
19-12-2023,10.6
20-12-2023,2.2
21-12-2023,1.2
22-12-2023,0
23-12-2023,0
24-12-2023,0
25-12-2023,0
26-12-2023,0
27-12-2023,56.8
28-12-2023,3.4
29-12-2023,0
30-12-2023,9.4
31-12-2023,2
01-01-2023,19.8
02-01-2023,0.4
03-01-2023,0
04-01-2023,0
05-01-2023,0
06-01-2023,7.2
07-01-2023,20.2
08-01-2023,3.2
09-01-2023,0
10-01-2023,7
11-01-2023,0
12-01-2023,8.6
13-01-2023,1.2
14-01-2023,16.2
15-01-2023,10.4
16-01-2023,21
17-01-2023,8.6
18-01-2023,2
19-01-2023,22
20-01-2023,2.6
21-01-2023,0.4
22-01-2023,0
23-01-2023,0
24-01-2023,0
25-01-2023,0
26-01-2023,5.8
27-01-2023,0.4
28-01-2023,0
29-01-2023,0
30-01-2023,0
31-01-2023,0
01-02-2023,0
02-02-2023,0
03-02-2023,0
04-02-2023,0
05-02-2023,0
06-02-2023,0
07-02-2023,0.2
08-02-2023,0
09-02-2023,0
10-02-2023,0
11-02-2023,0
12-02-2023,0
13-02-2023,0
14-02-2023,0
15-02-2023,0
16-02-2023,0
17-02-2023,0
18-02-2023,0
19-02-2023,0
20-02-2023,1.4
21-02-2023,3
22-02-2023,10.6
23-02-2023,6.4
24-02-2023,11.2
25-02-2023,0.4
26-02-2023,0
27-02-2023,0
28-02-2023,0
01-03-2023,1.4
02-03-2023,0
03-03-2023,0
04-03-2023,0
05-03-2023,0
06-03-2023,0.6
07-03-2023,2.8
08-03-2023,1.4
09-03-2023,4.4
10-03-2023,0.1
11-03-2023,8.6
12-03-2023,0.2
13-03-2023,1.4
14-03-2023,0
15-03-2023,0
16-03-2023,2.4
17-03-2023,6.2
18-03-2023,4.2
19-03-2023,0
20-03-2023,0
21-03-2023,0
22-03-2023,0.4
23-03-2023,11.4
24-03-2023,0
25-03-2023,3.6
26-03-2023,0
27-03-2023,0
28-03-2023,0
29-03-2023,0
30-03-2023,1
31-03-2023,1.6
01-04-2023,0.2
02-04-2023,0
03-04-2023,0
04-04-2023,0
05-04-2023,0
06-04-2023,0
07-04-2023,0
08-04-2023,0
09-04-2023,0
10-04-2023,0.8
11-04-2023,9.8
12-04-2023,1.4
13-04-2023,12.2
14-04-2023,0.2
15-04-2023,0
16-04-2023,0
17-04-2023,0
18-04-2023,0
19-04-2023,0
20-04-2023,0
21-04-2023,1.2
22-04-2023,5.4
23-04-2023,2.2
24-04-2023,0
25-04-2023,0
26-04-2023,0
27-04-2023,0
28-04-2023,0
29-04-2023,0
30-04-2023,0
01-05-2023,0
02-05-2023,0
03-05-2023,0.8
04-05-2023,0.8
05-05-2023,2
06-05-2023,3.8
07-05-2023,0
08-05-2023,1.4
09-05-2023,0.2
10-05-2023,0
11-05-2023,0.2
12-05-2023,1.8
13-05-2023,0
14-05-2023,0
15-05-2023,0
16-05-2023,0
17-05-2023,0
18-05-2023,0
19-05-2023,0
20-05-2023,0
21-05-2023,0
22-05-2023,0
23-05-2023,0
24-05-2023,0
25-05-2023,0
26-05-2023,0.4
27-05-2023,0
28-05-2023,0
29-05-2023,0
30-05-2023,0.4
31-05-2023,0
01-06-2023,0
02-06-2023,0
03-06-2023,0
04-06-2023,0
05-06-2023,0
06-06-2023,1.8
07-06-2023,15.2
08-06-2023,9.6
09-06-2023,0.4
10-06-2023,0
11-06-2023,0
12-06-2023,11
13-06-2023,0
14-06-2023,0
15-06-2023,0
16-06-2023,0
17-06-2023,17.8
18-06-2023,10.6
19-06-2023,2.4
20-06-2023,1
21-06-2023,0
22-06-2023,0
23-06-2023,0
24-06-2023,0
25-06-2023,0
26-06-2023,0
27-06-2023,0
28-06-2023,1.8
29-06-2023,0.2
30-06-2023,0
01-07-2023,0.6
02-07-2023,0
03-07-2023,0
04-07-2023,0
05-07-2023,0
06-07-2023,0
07-07-2023,3.4
08-07-2023,1
09-07-2023,0
10-07-2023,0.2
11-07-2023,2.2
12-07-2023,1
13-07-2023,0
14-07-2023,1.8
15-07-2023,2.2
16-07-2023,0
17-07-2023,0
18-07-2023,0
19-07-2023,0
20-07-2023,0
21-07-2023,0.2
22-07-2023,0
23-07-2023,2
24-07-2023,1.2
25-07-2023,0.4
26-07-2023,0
27-07-2023,0
28-07-2023,4.2
29-07-2023,0
30-07-2023,0
31-07-2023,1.4
01-08-2023,3.2
02-08-2023,0.6
03-08-2023,0
04-08-2023,0
05-08-2023,0
06-08-2023,0
07-08-2023,0
08-08-2023,0
09-08-2023,0
10-08-2023,0
11-08-2023,2.6
12-08-2023,0
13-08-2023,0
14-08-2023,0
15-08-2023,0
16-08-2023,0
17-08-2023,1.2
18-08-2023,2.8
19-08-2023,0
20-08-2023,0
21-08-2023,0
22-08-2023,0.4
23-08-2023,0
24-08-2023,0.2
25-08-2023,0
26-08-2023,3.8
27-08-2023,3
28-08-2023,3.6
29-08-2023,1
30-08-2023,1.6
31-08-2023,0
01-09-2023,12.8
02-09-2023,0
03-09-2023,0.4
04-09-2023,2.6
05-09-2023,0
06-09-2023,0
07-09-2023,0
08-09-2023,12.2
09-09-2023,8.6
10-09-2023,0
11-09-2023,0
12-09-2023,0
13-09-2023,0
14-09-2023,0
15-09-2023,2.8
16-09-2023,10
17-09-2023,9.4
18-09-2023,0
19-09-2023,0
20-09-2023,16.8
21-09-2023,2.4
22-09-2023,8
23-09-2023,0
24-09-2023,0
25-09-2023,0
26-09-2023,0
27-09-2023,0
28-09-2023,2.8
29-09-2023,0.2
30-09-2023,0
01-10-2023,0
02-10-2023,1.2
03-10-2023,0
04-10-2023,0
05-10-2023,0
06-10-2023,0
07-10-2023,0
08-10-2023,0
09-10-2023,0
10-10-2023,0
11-10-2023,0
12-10-2023,6
13-10-2023,26.6
14-10-2023,0.2
15-10-2023,3
16-10-2023,2
17-10-2023,10.6
18-10-2023,24.8
19-10-2023,32.6
20-10-2023,13.4
21-10-2023,0
22-10-2023,3.6
23-10-2023,2
24-10-2023,3.8
25-10-2023,16.6
26-10-2023,25.6
27-10-2023,8.6
28-10-2023,14
29-10-2023,6.4
30-10-2023,6.6
31-10-2023,12
01-11-2023,10.8
02-11-2023,18.4
03-11-2023,17.4
04-11-2023,14.8
05-11-2023,36.4
06-11-2023,7.8
07-11-2023,2.4
08-11-2023,10
09-11-2023,0.8
10-11-2023,11.8
11-11-2023,4.8
12-11-2023,1.2
13-11-2023,36.4
14-11-2023,13.4
15-11-2023,2.2
16-11-2023,0
17-11-2023,0
18-11-2023,0.2
19-11-2023,0.8
20-11-2023,0.4
21-11-2023,0.2
22-11-2023,0
23-11-2023,0
24-11-2023,0
25-11-2023,0
26-11-2023,0.4
27-11-2023,5.6
28-11-2023,3.8
29-11-2023,13.4
30-11-2023,2
01-12-2023,6.4
02-12-2023,1.2
03-12-2023,13.2
04-12-2023,3.4
05-12-2023,0
06-12-2023,3.6
07-12-2023,17.6
08-12-2023,3.4
09-12-2023,7
10-12-2023,0
11-12-2023,7.8
12-12-2023,4.2
13-12-2023,1.4
14-12-2023,0
15-12-2023,0
16-12-2023,0
17-12-2023,0
18-12-2023,0
19-12-2023,10.6
20-12-2023,2.2
21-12-2023,1.2
22-12-2023,0
23-12-2023,0
24-12-2023,0
25-12-2023,0
26-12-2023,0
27-12-2023,56.8
28-12-2023,3.4
29-12-2023,0
30-12-2023,9.4
31-12-2023,2
FECHA,Precipitación: l/m2
01-01-2024,0
02-01-2024,10.8
03-01-2024,0.4
04-01-2024,11
05-01-2024,2.8
06-01-2024,0
07-01-2024,0
08-01-2024,3.2
09-01-2024,9.2
10-01-2024,1.8
11-01-2024,0.2
12-01-2024,0
13-01-2024,3.4
14-01-2024,9.2
15-01-2024,1
16-01-2024,6.4
17-01-2024,11
18-01-2024,3.8
19-01-2024,0
20-01-2024,0
21-01-2024,0
22-01-2024,4.8
23-01-2024,0.2
24-01-2024,0
25-01-2024,0
26-01-2024,0
27-01-2024,0
28-01-2024,0
29-01-2024,0
30-01-2024,0
31-01-2024,0
01-02-2024,0
02-02-2024,0
03-02-2024,0
04-02-2024,0
05-02-2024,0
06-02-2024,0
07-02-2024,1
08-02-2024,8.4
09-02-2024,16.4
10-02-2024,2.6
11-02-2024,0.8
12-02-2024,0.2
13-02-2024,0
14-02-2024,0.2
15-02-2024,13.4
16-02-2024,0
17-02-2024,0
18-02-2024,1.6
19-02-2024,0
20-02-2024,0
21-02-2024,1.2
22-02-2024,9
23-02-2024,14.4
24-02-2024,14.6
25-02-2024,23.2
26-02-2024,2.8
27-02-2024,0
28-02-2024,0.6
29-02-2024,11.4
01-03-2024,31.6
02-03-2024,9
03-03-2024,1.6
04-03-2024,4.6
05-03-2024,0
06-03-2024,0
07-03-2024,0.4
08-03-2024,21.8
09-03-2024,16
10-03-2024,4.2
11-03-2024,0
12-03-2024,0
13-03-2024,0
14-03-2024,1.2
15-03-2024,0
16-03-2024,6.8
17-03-2024,0
18-03-2024,0
19-03-2024,0
20-03-2024,1.4
21-03-2024,0
22-03-2024,0
23-03-2024,0
24-03-2024,0
25-03-2024,7
26-03-2024,5.8
27-03-2024,13.4
28-03-2024,8.8
29-03-2024,2
30-03-2024,3.2
31-03-2024,4.4
01-04-2024,0.8
02-04-2024,8.6
03-04-2024,0.2
04-04-2024,9.6
05-04-2024,5.4
06-04-2024,0.4
07-04-2024,4.6
08-04-2024,4.8
09-04-2024,0
10-04-2024,0
11-04-2024,0
12-04-2024,0
13-04-2024,0
14-04-2024,0
15-04-2024,0
16-04-2024,0
17-04-2024,0
18-04-2024,0
19-04-2024,0
20-04-2024,0
21-04-2024,0
22-04-2024,0
23-04-2024,0
24-04-2024,0
25-04-2024,4
26-04-2024,34.4
27-04-2024,11.8
28-04-2024,0.4
29-04-2024,5
30-04-2024,9.6
01-05-2024,2.8
FECHA,Precipitación: l/m2
02-05-2024,8
03-05-2024,28
04-05-2024,18.6
05-05-2024,0.4
06-05-2024,0
07-05-2024,0
08-05-2024,0
09-05-2024,0
10-05-2024,0
11-05-2024,0
12-05-2024,0.4
13-05-2024,23.2
14-05-2024,11
15-05-2024,9.8
16-05-2024,11.6
17-05-2024,24.6
18-05-2024,5.2
19-05-2024,0.6
20-05-2024,5.6
21-05-2024,2.6
22-05-2024,4.4
23-05-2024,0.4
24-05-2024,0
25-05-2024,0
26-05-2024,0
27-05-2024,0
28-05-2024,0
29-05-2024,0.6
30-05-2024,0
31-05-2024,0
01-06-2024,0
02-06-2024,0
03-06-2024,0
04-06-2024,0
05-06-2024,0
06-06-2024,0
07-06-2024,2
08-06-2024,2.8
09-06-2024,0
10-06-2024,0
11-06-2024,0
12-06-2024,0
13-06-2024,3.4
14-06-2024,0
15-06-2024,0.4
16-06-2024,0.4
17-06-2024,3.8
18-06-2024,10.6
19-06-2024,12.2
20-06-2024,1.4
21-06-2024,0.2
22-06-2024,1
23-06-2024,0
24-06-2024,0
25-06-2024,0
26-06-2024,0
27-06-2024,0
28-06-2024,0
29-06-2024,1.8
30-06-2024,0.2
01-07-2024,0
02-07-2024,0
03-07-2024,0
04-07-2024,0
05-07-2024,3.8
06-07-2024,0
07-07-2024,0
08-07-2024,6.8
09-07-2024,3
10-07-2024,5
11-07-2024,0.4
12-07-2024,0
13-07-2024,0.2
14-07-2024,11.2
15-07-2024,0
16-07-2024,0
17-07-2024,0
18-07-2024,0
19-07-2024,0.4
20-07-2024,1.6
21-07-2024,0
22-07-2024,0
23-07-2024,0
24-07-2024,0
25-07-2024,0
26-07-2024,0
27-07-2024,0
28-07-2024,0
29-07-2024,0
30-07-2024,0
31-07-2024,0
01-08-2024,1
02-08-2024,0
03-08-2024,0
04-08-2024,0
05-08-2024,0
06-08-2024,1.4
07-08-2024,0
08-08-2024,0
09-08-2024,0
10-08-2024,0
11-08-2024,0
12-08-2024,0.8
13-08-2024,2
14-08-2024,0
15-08-2024,0
16-08-2024,1
17-08-2024,3
18-08-2024,0
19-08-2024,0.4
20-08-2024,0.8
21-08-2024,0
22-08-2024,0
23-08-2024,3.6
24-08-2024,4.4
25-08-2024,0
26-08-2024,0
27-08-2024,0
28-08-2024,0
29-08-2024,0
30-08-2024,0
31-08-2024,0
FECHA,Precipitación: l/m2
01-09-2024,10.8
02-09-2024,0
03-09-2024,0
04-09-2024,0
05-09-2024,8
06-09-2024,3
07-09-2024,0
08-09-2024,0
09-09-2024,0
10-09-2024,0
11-09-2024,3
12-09-2024,0
13-09-2024,0
14-09-2024,0
15-09-2024,0
16-09-2024,0
17-09-2024,0
18-09-2024,0
19-09-2024,0
20-09-2024,0.6
21-09-2024,0
22-09-2024,0
23-09-2024,1.6
24-09-2024,0
25-09-2024,13.8
26-09-2024,12
27-09-2024,0.6
28-09-2024,0
29-09-2024,2.4
30-09-2024,0.4
01-10-2024,14
02-10-2024,18.7
03-10-2024,0
04-10-2024,0.4
05-10-2024,13.8
06-10-2024,7.6
07-10-2024,5
08-10-2024,30.4
09-10-2024,17.2
10-10-2024,1.6
11-10-2024,2.2
12-10-2024,0
13-10-2024,0
14-10-2024,0.2
15-10-2024,21.4
16-10-2024,9.2
17-10-2024,0.2
18-10-2024,6.6
19-10-2024,2.6
20-10-2024,9.2
21-10-2024,6.2
22-10-2024,0
23-10-2024,0
24-10-2024,7.8
25-10-2024,19.4
26-10-2024,19.8
27-10-2024,0
28-10-2024,0.4
29-10-2024,0
30-10-2024,0
31-10-2024,0
01-11-2024,0
02-11-2024,0
03-11-2024,0
04-11-2024,1.8
05-11-2024,0
06-11-2024,0
07-11-2024,0
08-11-2024,4.4
09-11-2024,19.6
10-11-2024,0.4
11-11-2024,0
12-11-2024,0.8
13-11-2024,0.2
14-11-2024,0
15-11-2024,0.8
16-11-2024,0
17-11-2024,0
18-11-2024,0
19-11-2024,0.2
20-11-2024,3
21-11-2024,42.8
22-11-2024,0
23-11-2024,0
24-11-2024,40.8
25-11-2024,0.8
26-11-2024,0.2
27-11-2024,0
28-11-2024,0
29-11-2024,0
30-11-2024,29.6
01-12-2024,4.6
02-12-2024,0
03-12-2024,3.8
04-12-2024,0.4
05-12-2024,0
06-12-2024,6.8
07-12-2024,0.2
08-12-2024,2
09-12-2024,6
10-12-2024,0
11-12-2024,0
12-12-2024,0
13-12-2024,0
14-12-2024,0
15-12-2024,0
16-12-2024,0
17-12-2024,0
18-12-2024,7
19-12-2024,0
20-12-2024,0.2
21-12-2024,5.2
22-12-2024,2.4
23-12-2024,0
24-12-2024,0
25-12-2024,0
26-12-2024,0
27-12-2024,0
28-12-2024,0
29-12-2024,0
30-12-2024,0
31-12-2024,0
01-01-2024,0
02-01-2024,10.8
03-01-2024,0.4
04-01-2024,11
05-01-2024,2.8
06-01-2024,0
07-01-2024,0
08-01-2024,3.2
09-01-2024,9.2
10-01-2024,1.8
11-01-2024,0.2
12-01-2024,0
13-01-2024,3.4
14-01-2024,9.2
15-01-2024,1
16-01-2024,6.4
17-01-2024,11
18-01-2024,3.8
19-01-2024,0
20-01-2024,0
21-01-2024,0
22-01-2024,4.8
23-01-2024,0.2
24-01-2024,0
25-01-2024,0
26-01-2024,0
27-01-2024,0
28-01-2024,0
29-01-2024,0
30-01-2024,0
31-01-2024,0
01-02-2024,0
02-02-2024,0
03-02-2024,0
04-02-2024,0
05-02-2024,0
06-02-2024,0
07-02-2024,1
08-02-2024,8.4
09-02-2024,16.4
10-02-2024,2.6
11-02-2024,0.8
12-02-2024,0.2
13-02-2024,0
14-02-2024,0.2
15-02-2024,13.4
16-02-2024,0
17-02-2024,0
18-02-2024,1.6
19-02-2024,0
20-02-2024,0
21-02-2024,1.2
22-02-2024,9
23-02-2024,14.4
24-02-2024,14.6
25-02-2024,23.2
26-02-2024,2.8
27-02-2024,0
28-02-2024,0.6
29-02-2024,11.4
01-03-2024,31.6
02-03-2024,9
03-03-2024,1.6
04-03-2024,4.6
05-03-2024,0
06-03-2024,0
07-03-2024,0.4
08-03-2024,21.8
09-03-2024,16
10-03-2024,4.2
11-03-2024,0
12-03-2024,0
13-03-2024,0
14-03-2024,1.2
15-03-2024,0
16-03-2024,6.8
17-03-2024,0
18-03-2024,0
19-03-2024,0
20-03-2024,1.4
21-03-2024,0
22-03-2024,0
23-03-2024,0
24-03-2024,0
25-03-2024,7
26-03-2024,5.8
27-03-2024,13.4
28-03-2024,8.8
29-03-2024,2
30-03-2024,3.2
31-03-2024,4.4
01-04-2024,0.8
02-04-2024,8.6
03-04-2024,0.2
04-04-2024,9.6
05-04-2024,5.4
06-04-2024,0.4
07-04-2024,4.6
08-04-2024,4.8
09-04-2024,0
10-04-2024,0
11-04-2024,0
12-04-2024,0
13-04-2024,0
14-04-2024,0
15-04-2024,0
16-04-2024,0
17-04-2024,0
18-04-2024,0
19-04-2024,0
20-04-2024,0
21-04-2024,0
22-04-2024,0
23-04-2024,0
24-04-2024,0
25-04-2024,4
26-04-2024,34.4
27-04-2024,11.8
28-04-2024,0.4
29-04-2024,5
30-04-2024,9.6
01-05-2024,2.8
02-05-2024,8
03-05-2024,28
04-05-2024,18.6
05-05-2024,0.4
06-05-2024,0
07-05-2024,0
08-05-2024,0
09-05-2024,0
10-05-2024,0
11-05-2024,0
12-05-2024,0.4
13-05-2024,23.2
14-05-2024,11
15-05-2024,9.8
16-05-2024,11.6
17-05-2024,24.6
18-05-2024,5.2
19-05-2024,0.6
20-05-2024,5.6
21-05-2024,2.6
22-05-2024,4.4
23-05-2024,0.4
24-05-2024,0
25-05-2024,0
26-05-2024,0
27-05-2024,0
28-05-2024,0
29-05-2024,0.6
30-05-2024,0
31-05-2024,0
01-06-2024,0
02-06-2024,0
03-06-2024,0
04-06-2024,0
05-06-2024,0
06-06-2024,0
07-06-2024,2
08-06-2024,2.8
09-06-2024,0
10-06-2024,0
11-06-2024,0
12-06-2024,0
13-06-2024,3.4
14-06-2024,0
15-06-2024,0.4
16-06-2024,0.4
17-06-2024,3.8
18-06-2024,10.6
19-06-2024,12.2
20-06-2024,1.4
21-06-2024,0.2
22-06-2024,1
23-06-2024,0
24-06-2024,0
25-06-2024,0
26-06-2024,0
27-06-2024,0
28-06-2024,0
29-06-2024,1.8
30-06-2024,0.2
01-07-2024,0
02-07-2024,0
03-07-2024,0
04-07-2024,0
05-07-2024,3.8
06-07-2024,0
07-07-2024,0
08-07-2024,6.8
09-07-2024,3
10-07-2024,5
11-07-2024,0.4
12-07-2024,0
13-07-2024,0.2
14-07-2024,11.2
15-07-2024,0
16-07-2024,0
17-07-2024,0
18-07-2024,0
19-07-2024,0.4
20-07-2024,1.6
21-07-2024,0
22-07-2024,0
23-07-2024,0
24-07-2024,0
25-07-2024,0
26-07-2024,0
27-07-2024,0
28-07-2024,0
29-07-2024,0
30-07-2024,0
31-07-2024,0
01-08-2024,1
02-08-2024,0
03-08-2024,0
04-08-2024,0
05-08-2024,0
06-08-2024,1.4
07-08-2024,0
08-08-2024,0
09-08-2024,0
10-08-2024,0
11-08-2024,0
12-08-2024,0.8
13-08-2024,2
14-08-2024,0
15-08-2024,0
16-08-2024,1
17-08-2024,3
18-08-2024,0
19-08-2024,0.4
20-08-2024,0.8
21-08-2024,0
22-08-2024,0
23-08-2024,3.6
24-08-2024,4.4
25-08-2024,0
26-08-2024,0
27-08-2024,0
28-08-2024,0
29-08-2024,0
30-08-2024,0
31-08-2024,0
01-09-2024,10.8
02-09-2024,0
03-09-2024,0
04-09-2024,0
05-09-2024,8
06-09-2024,3
07-09-2024,0
08-09-2024,0
09-09-2024,0
10-09-2024,0
11-09-2024,3
12-09-2024,0
13-09-2024,0
14-09-2024,0
15-09-2024,0
16-09-2024,0
17-09-2024,0
18-09-2024,0
19-09-2024,0
20-09-2024,0.6
21-09-2024,0
22-09-2024,0
23-09-2024,1.6
24-09-2024,0
25-09-2024,13.8
26-09-2024,12
27-09-2024,0.6
28-09-2024,0
29-09-2024,2.4
30-09-2024,0.4
01-10-2024,14
02-10-2024,18.7
03-10-2024,0
04-10-2024,0.4
05-10-2024,13.8
06-10-2024,7.6
07-10-2024,5
08-10-2024,30.4
09-10-2024,17.2
10-10-2024,1.6
11-10-2024,2.2
12-10-2024,0
13-10-2024,0
14-10-2024,0.2
15-10-2024,21.4
16-10-2024,9.2
17-10-2024,0.2
18-10-2024,6.6
19-10-2024,2.6
20-10-2024,9.2
21-10-2024,6.2
22-10-2024,0
23-10-2024,0
24-10-2024,7.8
25-10-2024,19.4
26-10-2024,19.8
27-10-2024,0
28-10-2024,0.4
29-10-2024,0
30-10-2024,0
31-10-2024,0
01-11-2024,0
02-11-2024,0
03-11-2024,0
04-11-2024,1.8
05-11-2024,0
06-11-2024,0
07-11-2024,0
08-11-2024,4.4
09-11-2024,19.6
10-11-2024,0.4
11-11-2024,0
12-11-2024,0.8
13-11-2024,0.2
14-11-2024,0
15-11-2024,0.8
16-11-2024,0
17-11-2024,0
18-11-2024,0
19-11-2024,0.2
20-11-2024,3
21-11-2024,42.8
22-11-2024,0
23-11-2024,0
24-11-2024,40.8
25-11-2024,0.8
26-11-2024,0.2
27-11-2024,0
28-11-2024,0
29-11-2024,0
30-11-2024,29.6
01-12-2024,4.6
02-12-2024,0
03-12-2024,3.8
04-12-2024,0.4
05-12-2024,0
06-12-2024,6.8
07-12-2024,0.2
08-12-2024,2
09-12-2024,6
10-12-2024,0
11-12-2024,0
12-12-2024,0
13-12-2024,0
14-12-2024,0
15-12-2024,0
16-12-2024,0
17-12-2024,0
18-12-2024,7
19-12-2024,0
20-12-2024,0.2
21-12-2024,5.2
22-12-2024,2.4
23-12-2024,0
24-12-2024,0
25-12-2024,0
26-12-2024,0
27-12-2024,0
28-12-2024,0
29-12-2024,0
30-12-2024,0
31-12-2024,0
FECHA,Precipitación: l/m2
01-01-2025,0
FECHA,Precipitación: l/m2
FECHA,Precipitación: l/m2
01-01-2025,0
