Fecha,Racha_Max_Km_h,Hora_Racha,Velocidad_Media_Km_h,Año
01-01-2000,21.96,09:50,6.12,2000
02-01-2000,14.04,04:38,2.88,2000
03-01-2000,15.12,23:30,2.88,2000
04-01-2000,32.04,23:18,9,2000
05-01-2000,51.84,08:32,11.88,2000
06-01-2000,37.08,00:48,2.88,2000
07-01-2000,24.84,23:18,5.04,2000
08-01-2000,42.12,18:19,9,2000
09-01-2000,48.96,09:34,15.12,2000
10-01-2000,33.84,14:00,14.04,2000
11-01-2000,19.08,23:23,6.12,2000
12-01-2000,25.92,14:02,7.92,2000
13-01-2000,78.12,10:32,12.96,2000
14-01-2000,75.96,15:57,23.04,2000
15-01-2000,25.92,17:23,7.92,2000
16-01-2000,65.16,22:46,18,2000
17-01-2000,29.16,18:02,11.16,2000
18-01-2000,38.16,17:14,12.96,2000
19-01-2000,50.04,13:50,24.12,2000
20-01-2000,38.16,17:30,15.12,2000
21-01-2000,56.16,16:04,10.08,2000
22-01-2000,57.96,14:26,23.04,2000
23-01-2000,42.12,17:20,18,2000
24-01-2000,32.04,16:27,11.16,2000
25-01-2000,43.92,16:21,11.88,2000
26-01-2000,24.12,12:17,6.84,2000
27-01-2000,24.84,03:08,7.92,2000
28-01-2000,20.88,17:13,7.92,2000
29-01-2000,25.92,12:20,11.16,2000
30-01-2000,18,20:53,3.96,2000
31-01-2000,29.88,14:09,5.04,2000
01-02-2000,41.04,10:42,14.04,2000
02-02-2000,38.16,04:03,11.88,2000
03-02-2000,16.92,06:00,3.96,2000
04-02-2000,16.92,04:45,6.12,2000
05-02-2000,28.08,13:42,10.08,2000
06-02-2000,48.96,15:36,14.04,2000
07-02-2000,51.84,15:04,21.96,2000
08-02-2000,55.08,10:50,16.92,2000
09-02-2000,23.04,21:57,3.96,2000
10-02-2000,51.12,13:11,19.08,2000
11-02-2000,37.08,17:06,16.92,2000
12-02-2000,18,15:46,5.04,2000
13-02-2000,32.04,13:58,10.08,2000
14-02-2000,21.96,01:25,7.92,2000
15-02-2000,48.96,17:20,11.88,2000
16-02-2000,56.88,11:36,15.84,2000
17-02-2000,45,04:35,11.88,2000
18-02-2000,24.84,21:30,10.08,2000
19-02-2000,30.96,23:20,6.12,2000
20-02-2000,23.04,00:21,5.04,2000
21-02-2000,36,17:15,14.04,2000
22-02-2000,45,12:22,15.12,2000
23-02-2000,24.84,02:02,7.92,2000
24-02-2000,18,16:17,6.84,2000
25-02-2000,18,13:22,2.88,2000
26-02-2000,18,14:53,1.08,2000
27-02-2000,37.08,17:34,11.88,2000
28-02-2000,47.88,07:00,11.16,2000
29-02-2000,42.84,22:56,15.84,2000
01-03-2000,51.84,00:20,12.96,2000
02-03-2000,21.96,16:48,6.12,2000
03-03-2000,24.12,17:05,7.92,2000
04-03-2000,33.12,17:31,6.84,2000
05-03-2000,19.08,00:36,3.96,2000
06-03-2000,15.84,07:50,3.96,2000
07-03-2000,16.92,15:30,1.08,2000
08-03-2000,19.08,06:01,2.88,2000
09-03-2000,19.08,05:20,1.08,2000
10-03-2000,12.96,17:44,1.08,2000
11-03-2000,24.84,19:03,2.16,2000
12-03-2000,38.88,15:27,11.88,2000
13-03-2000,38.16,12:40,11.16,2000
14-03-2000,36,14:11,5.04,2000
15-03-2000,43.92,17:54,15.12,2000
16-03-2000,39.96,16:10,11.16,2000
17-03-2000,42.84,18:15,11.16,2000
18-03-2000,47.16,16:27,24.12,2000
19-03-2000,51.84,13:50,23.04,2000
20-03-2000,83.16,01:52,20.16,2000
21-03-2000,25.92,03:33,2.88,2000
22-03-2000,24.84,14:22,5.04,2000
23-03-2000,37.08,16:07,11.16,2000
24-03-2000,38.16,12:30,11.16,2000
25-03-2000,38.16,11:31,14.04,2000
26-03-2000,28.08,01:28,11.16,2000
27-03-2000,48.96,14:44,15.84,2000
28-03-2000,45,03:35,14.04,2000
29-03-2000,33.12,16:00,7.92,2000
30-03-2000,29.88,15:19,9,2000
31-03-2000,30.96,11:55,9,2000
01-04-2000,30.96,23:48,11.88,2000
02-04-2000,33.12,01:34,7.92,2000
03-04-2000,55.08,13:38,14.04,2000
04-04-2000,59.04,05:45,11.16,2000
05-04-2000,20.88,00:05,2.88,2000
06-04-2000,33.84,15:05,7.92,2000
07-04-2000,37.08,18:39,12.96,2000
08-04-2000,29.16,05:20,1.08,2000
09-04-2000,43.92,23:09,14.04,2000
10-04-2000,48.96,17:15,15.84,2000
11-04-2000,52.92,18:20,10.08,2000
12-04-2000,51.84,15:33,16.92,2000
13-04-2000,27,19:53,7.92,2000
14-04-2000,57.96,10:37,20.16,2000
15-04-2000,34.92,12:58,11.88,2000
16-04-2000,51.12,18:10,19.08,2000
17-04-2000,57.96,11:49,23.04,2000
18-04-2000,68.04,03:12,20.88,2000
19-04-2000,56.88,14:40,20.88,2000
20-04-2000,65.88,15:12,16.92,2000
21-04-2000,55.08,12:33,14.04,2000
22-04-2000,37.08,14:47,9,2000
23-04-2000,59.04,23:46,16.92,2000
24-04-2000,59.04,13:15,19.08,2000
25-04-2000,60.12,16:22,15.84,2000
26-04-2000,32.04,00:40,11.16,2000
27-04-2000,38.88,16:35,10.08,2000
28-04-2000,42.12,23:30,9,2000
29-04-2000,45,01:23,0,2000
30-04-2000,27,13:18,7.92,2000
01-05-2000,24.12,17:36,6.84,2000
02-05-2000,24.84,14:11,6.84,2000
03-05-2000,33.84,16:43,1.08,2000
04-05-2000,25.92,09:53,0,2000
05-05-2000,19.08,12:48,3.96,2000
06-05-2000,42.12,15:17,7.92,2000
07-05-2000,27,12:41,6.12,2000
08-05-2000,11.88,11:10,0,2000
09-05-2000,28.08,12:00,3.96,2000
10-05-2000,27,13:44,2.16,2000
11-05-2000,39.96,11:33,5.04,2000
12-05-2000,23.04,13:02,5.04,2000
13-05-2000,43.92,12:05,3.96,2000
14-05-2000,18,13:30,0,2000
15-05-2000,41.04,16:18,0,2000
16-05-2000,32.04,21:50,7.92,2000
17-05-2000,42.84,16:13,12.96,2000
18-05-2000,38.88,18:40,11.88,2000
19-05-2000,50.04,14:15,15.12,2000
20-05-2000,56.88,16:05,12.96,2000
21-05-2000,47.16,13:05,24.12,2000
22-05-2000,42.84,11:38,11.88,2000
23-05-2000,27,10:20,5.04,2000
24-05-2000,45,14:10,15.12,2000
25-05-2000,29.16,00:30,7.92,2000
26-05-2000,48.96,04:11,15.84,2000
27-05-2000,54,17:57,18,2000
28-05-2000,37.08,00:40,11.88,2000
29-05-2000,30.96,12:30,11.88,2000
30-05-2000,43.92,15:43,20.88,2000
31-05-2000,21.96,11:03,6.84,2000
01-06-2000,24.84,12:29,7.92,2000
02-06-2000,21.96,14:33,6.84,2000
03-06-2000,34.92,21:23,10.08,2000
04-06-2000,42.12,04:49,15.12,2000
05-06-2000,29.88,17:58,10.08,2000
06-06-2000,41.04,16:42,11.16,2000
07-06-2000,19.08,14:40,7.92,2000
08-06-2000,41.04,14:12,11.88,2000
09-06-2000,34.92,00:14,10.08,2000
10-06-2000,36,13:59,15.84,2000
11-06-2000,24.12,00:30,9,2000
12-06-2000,47.88,13:40,11.16,2000
13-06-2000,38.88,13:34,9,2000
14-06-2000,25.92,00:52,5.04,2000
15-06-2000,36,07:23,6.84,2000
16-06-2000,33.12,10:51,6.12,2000
17-06-2000,30.96,16:50,6.12,2000
18-06-2000,38.88,16:20,15.12,2000
19-06-2000,33.12,13:46,7.92,2000
20-06-2000,61.92,15:06,12.96,2000
21-06-2000,43.92,18:01,18,2000
22-06-2000,27,13:03,10.08,2000
23-06-2000,43.92,16:08,14.04,2000
24-06-2000,48.96,15:04,18,2000
25-06-2000,38.88,19:36,10.08,2000
26-06-2000,21.96,14:28,6.84,2000
27-06-2000,51.12,14:50,15.84,2000
28-06-2000,23.04,12:50,7.92,2000
29-06-2000,24.84,Varias,6.12,2000
30-06-2000,36,13:05,11.16,2000
01-07-2000,38.88,12:36,15.84,2000
02-07-2000,48.96,14:41,12.96,2000
03-07-2000,47.16,17:44,16.92,2000
04-07-2000,36,13:40,18,2000
05-07-2000,24.12,15:49,6.12,2000
06-07-2000,37.08,17:50,10.08,2000
07-07-2000,33.84,17:00,14.04,2000
08-07-2000,42.84,16:47,23.04,2000
09-07-2000,36,23:44,11.16,2000
10-07-2000,36,23:56,12.96,2000
11-07-2000,28.08,09:42,11.16,2000
12-07-2000,29.16,07:55,6.84,2000
13-07-2000,37.08,14:01,14.04,2000
14-07-2000,25.92,04:04,9,2000
15-07-2000,33.84,16:40,11.88,2000
16-07-2000,45,17:10,20.16,2000
17-07-2000,38.16,15:14,15.12,2000
18-07-2000,34.92,16:09,9,2000
19-07-2000,25.92,13:12,9,2000
20-07-2000,42.12,15:48,9,2000
21-07-2000,34.92,22:33,6.12,2000
22-07-2000,46.08,13:32,16.92,2000
23-07-2000,38.88,15:24,7.92,2000
24-07-2000,33.12,23:49,6.12,2000
25-07-2000,50.04,12:40,15.84,2000
26-07-2000,33.84,13:53,14.04,2000
27-07-2000,36,14:43,14.04,2000
28-07-2000,21.96,15:23,6.84,2000
29-07-2000,43.92,15:50,12.96,2000
30-07-2000,28.08,13:39,5.04,2000
31-07-2000,27,12:08,7.92,2000
01-08-2000,24.84,15:39,7.92,2000
02-08-2000,32.04,11:46,10.08,2000
03-08-2000,29.16,16:57,10.08,2000
04-08-2000,39.96,15:30,11.16,2000
05-08-2000,42.84,14:13,16.92,2000
06-08-2000,47.88,17:33,14.04,2000
07-08-2000,33.12,16:24,7.92,2000
08-08-2000,20.16,12:04,6.12,2000
09-08-2000,29.88,14:14,6.12,2000
10-08-2000,27,11:45,10.08,2000
11-08-2000,29.16,11:11,10.08,2000
12-08-2000,25.92,11:55,6.84,2000
13-08-2000,29.88,19:25,7.92,2000
14-08-2000,20.88,15:30,6.84,2000
15-08-2000,29.16,17:16,9,2000
16-08-2000,24.12,15:01,5.04,2000
17-08-2000,25.92,15:29,7.92,2000
18-08-2000,21.96,15:44,6.12,2000
19-08-2000,15.84,16:59,3.96,2000
20-08-2000,30.96,01:21,6.84,2000
21-08-2000,38.16,16:40,10.08,2000
22-08-2000,69.12,10:32,14.04,2000
23-08-2000,55.08,12:03,15.84,2000
24-08-2000,28.08,12:50,6.84,2000
25-08-2000,29.16,13:23,6.12,2000
26-08-2000,24.12,16:10,7.92,2000
27-08-2000,23.04,15:43,7.92,2000
28-08-2000,34.92,15:28,9,2000
29-08-2000,39.96,14:13,10.08,2000
30-08-2000,25.92,12:26,7.92,2000
31-08-2000,21.96,14:22,6.12,2000
01-09-2000,23.04,09:23,7.92,2000
02-09-2000,24.12,13:20,9,2000
03-09-2000,19.08,15:54,5.04,2000
04-09-2000,37.08,15:42,9,2000
05-09-2000,25.92,14:19,6.84,2000
06-09-2000,21.96,16:45,5.04,2000
07-09-2000,37.08,16:31,9,2000
08-09-2000,16.92,12:30,5.04,2000
09-09-2000,21.96,14:54,6.12,2000
10-09-2000,18,15:44,6.12,2000
11-09-2000,27,14:00,6.12,2000
12-09-2000,33.12,17:21,6.12,2000
13-09-2000,21.96,11:42,7.92,2000
14-09-2000,16.92,20:36,2.88,2000
15-09-2000,16.92,14:16,6.12,2000
16-09-2000,24.12,13:00,7.92,2000
17-09-2000,25.92,13:48,6.84,2000
18-09-2000,52.92,14:10,15.12,2000
19-09-2000,47.16,01:43,11.16,2000
20-09-2000,38.16,17:10,15.12,2000
21-09-2000,39.96,03:16,14.04,2000
22-09-2000,28.08,09:11,9,2000
23-09-2000,50.04,11:38,12.96,2000
24-09-2000,25.92,09:11,7.92,2000
25-09-2000,33.84,17:11,7.92,2000
26-09-2000,34.92,01:33,11.88,2000
27-09-2000,37.08,14:08,10.08,2000
28-09-2000,51.12,12:18,15.12,2000
29-09-2000,56.16,00:20,18,2000
30-09-2000,41.04,06:26,18,2000
01-10-2000,45,16:57,15.84,2000
02-10-2000,24.12,00:32,7.92,2000
03-10-2000,20.88,22:49,3.96,2000
04-10-2000,38.16,15:34,6.12,2000
05-10-2000,41.04,13:56,12.96,2000
06-10-2000,42.84,15:44,20.88,2000
07-10-2000,28.08,01:21,3.96,2000
08-10-2000,20.16,04:50,5.04,2000
09-10-2000,48.96,19:21,15.84,2000
10-10-2000,70.92,23:02,20.16,2000
11-10-2000,66.96,00:39,20.16,2000
12-10-2000,57.96,21:20,18,2000
13-10-2000,57.96,21:20,11.16,2000
14-10-2000,16.92,12:43,6.84,2000
15-10-2000,27,10:43,5.04,2000
16-10-2000,23.04,08:38,3.96,2000
17-10-2000,30.96,14:51,6.84,2000
18-10-2000,42.84,13:50,11.88,2000
19-10-2000,18,19:38,2.88,2000
20-10-2000,59.04,12:02,14.04,2000
21-10-2000,37.08,14:18,7.92,2000
22-10-2000,29.88,14:14,6.84,2000
23-10-2000,27,16:26,9,2000
24-10-2000,23.04,05:09,6.84,2000
25-10-2000,20.88,13:49,6.12,2000
26-10-2000,14.04,14:30,2.16,2000
27-10-2000,24.12,17:22,9,2000
28-10-2000,56.88,10:18,19.08,2000
29-10-2000,39.96,10:08,7.92,2000
30-10-2000,74.88,11:32,21.96,2000
31-10-2000,48.96,03:27,18,2000
01-11-2000,66.96,19:09,15.12,2000
02-11-2000,63,19:08,18,2000
03-11-2000,54,00:12,15.84,2000
04-11-2000,55.08,21:15,10.08,2000
05-11-2000,91.08,20:30,29.16,2000
06-11-2000,96.84,02:49,39.96,2000
07-11-2000,65.16,00:56,24.12,2000
08-11-2000,47.88,06:12,15.12,2000
09-11-2000,50.04,05:22,11.88,2000
10-11-2000,21.96,02:05,5.04,2000
11-11-2000,38.16,22:07,7.92,2000
12-11-2000,72,06:52,12.96,2000
13-11-2000,48.96,18:53,11.88,2000
14-11-2000,28.08,00:11,5.04,2000
15-11-2000,29.88,17:50,7.92,2000
16-11-2000,50.04,07:17,18,2000
17-11-2000,36,02:19,6.12,2000
18-11-2000,33.84,14:35,9,2000
19-11-2000,38.88,09:02,14.04,2000
20-11-2000,43.92,13:48,16.92,2000
21-11-2000,56.16,09:12,20.16,2000
22-11-2000,61.92,18:40,11.16,2000
23-11-2000,65.88,10:27,18,2000
24-11-2000,57.96,09:07,14.04,2000
25-11-2000,57.96,13:30,19.08,2000
26-11-2000,63,17:50,15.84,2000
27-11-2000,60.12,12:40,20.88,2000
28-11-2000,92.88,14:17,20.16,2000
29-11-2000,45,00:52,11.16,2000
30-11-2000,78.84,Varias,29.16,2000
01-12-2000,51.84,09:59,11.88,2000
02-12-2000,51.84,08:32,16.92,2000
03-12-2000,69.84,09:11,20.16,2000
04-12-2000,60.84,19:31,19.08,2000
05-12-2000,68.04,00:54,24.12,2000
06-12-2000,50.04,10:13,15.12,2000
07-12-2000,72,06:10,19.08,2000
08-12-2000,41.04,01:51,12.96,2000
09-12-2000,69.84,23:42,12.96,2000
10-12-2000,61.92,00:09,11.88,2000
11-12-2000,52.92,06:27,15.12,2000
12-12-2000,78.12,16:10,25.92,2000
13-12-2000,37.08,01:36,9,2000
14-12-2000,42.84,18:21,15.12,2000
15-12-2000,47.88,00:00,11.16,2000
16-12-2000,34.92,13:40,9,2000
17-12-2000,47.88,21:59,9,2000
18-12-2000,51.84,15:57,12.96,2000
19-12-2000,47.16,12:38,20.16,2000
20-12-2000,56.16,04:34,9,2000
21-12-2000,60.84,12:30,15.84,2000
22-12-2000,56.88,13:18,15.12,2000
23-12-2000,47.16,15:11,11.88,2000
24-12-2000,34.92,16:40,10.08,2000
25-12-2000,63,23:19,9,2000
26-12-2000,60.84,02:16,19.08,2000
27-12-2000,54,13:40,20.88,2000
28-12-2000,118.08,12:53,29.16,2000
29-12-2000,72,22:50,15.84,2000
30-12-2000,78.84,01:28,5.04,2000
31-12-2000,82.08,22:17,23.04,2000
01-01-2000,21.96,09:50,6.12,2000
02-01-2000,14.04,04:38,2.88,2000
03-01-2000,15.12,23:30,2.88,2000
04-01-2000,32.04,23:18,9,2000
05-01-2000,51.84,08:32,11.88,2000
06-01-2000,37.08,00:48,2.88,2000
07-01-2000,24.84,23:18,5.04,2000
08-01-2000,42.12,18:19,9,2000
09-01-2000,48.96,09:34,15.12,2000
10-01-2000,33.84,14:00,14.04,2000
11-01-2000,19.08,23:23,6.12,2000
12-01-2000,25.92,14:02,7.92,2000
13-01-2000,78.12,10:32,12.96,2000
14-01-2000,75.96,15:57,23.04,2000
15-01-2000,25.92,17:23,7.92,2000
16-01-2000,65.16,22:46,18,2000
17-01-2000,29.16,18:02,11.16,2000
18-01-2000,38.16,17:14,12.96,2000
19-01-2000,50.04,13:50,24.12,2000
20-01-2000,38.16,17:30,15.12,2000
21-01-2000,56.16,16:04,10.08,2000
22-01-2000,57.96,14:26,23.04,2000
23-01-2000,42.12,17:20,18,2000
24-01-2000,32.04,16:27,11.16,2000
25-01-2000,43.92,16:21,11.88,2000
26-01-2000,24.12,12:17,6.84,2000
27-01-2000,24.84,03:08,7.92,2000
28-01-2000,20.88,17:13,7.92,2000
29-01-2000,25.92,12:20,11.16,2000
30-01-2000,18,20:53,3.96,2000
31-01-2000,29.88,14:09,5.04,2000
01-02-2000,41.04,10:42,14.04,2000
02-02-2000,38.16,04:03,11.88,2000
03-02-2000,16.92,06:00,3.96,2000
04-02-2000,16.92,04:45,6.12,2000
05-02-2000,28.08,13:42,10.08,2000
06-02-2000,48.96,15:36,14.04,2000
07-02-2000,51.84,15:04,21.96,2000
08-02-2000,55.08,10:50,16.92,2000
09-02-2000,23.04,21:57,3.96,2000
10-02-2000,51.12,13:11,19.08,2000
11-02-2000,37.08,17:06,16.92,2000
12-02-2000,18,15:46,5.04,2000
13-02-2000,32.04,13:58,10.08,2000
14-02-2000,21.96,01:25,7.92,2000
15-02-2000,48.96,17:20,11.88,2000
16-02-2000,56.88,11:36,15.84,2000
17-02-2000,45,04:35,11.88,2000
18-02-2000,24.84,21:30,10.08,2000
19-02-2000,30.96,23:20,6.12,2000
20-02-2000,23.04,00:21,5.04,2000
21-02-2000,36,17:15,14.04,2000
22-02-2000,45,12:22,15.12,2000
23-02-2000,24.84,02:02,7.92,2000
24-02-2000,18,16:17,6.84,2000
25-02-2000,18,13:22,2.88,2000
26-02-2000,18,14:53,1.08,2000
27-02-2000,37.08,17:34,11.88,2000
28-02-2000,47.88,07:00,11.16,2000
29-02-2000,42.84,22:56,15.84,2000
01-03-2000,51.84,00:20,12.96,2000
02-03-2000,21.96,16:48,6.12,2000
03-03-2000,24.12,17:05,7.92,2000
04-03-2000,33.12,17:31,6.84,2000
05-03-2000,19.08,00:36,3.96,2000
06-03-2000,15.84,07:50,3.96,2000
07-03-2000,16.92,15:30,1.08,2000
08-03-2000,19.08,06:01,2.88,2000
09-03-2000,19.08,05:20,1.08,2000
10-03-2000,12.96,17:44,1.08,2000
11-03-2000,24.84,19:03,2.16,2000
12-03-2000,38.88,15:27,11.88,2000
13-03-2000,38.16,12:40,11.16,2000
14-03-2000,36,14:11,5.04,2000
15-03-2000,43.92,17:54,15.12,2000
16-03-2000,39.96,16:10,11.16,2000
17-03-2000,42.84,18:15,11.16,2000
18-03-2000,47.16,16:27,24.12,2000
19-03-2000,51.84,13:50,23.04,2000
20-03-2000,83.16,01:52,20.16,2000
21-03-2000,25.92,03:33,2.88,2000
22-03-2000,24.84,14:22,5.04,2000
23-03-2000,37.08,16:07,11.16,2000
24-03-2000,38.16,12:30,11.16,2000
25-03-2000,38.16,11:31,14.04,2000
26-03-2000,28.08,01:28,11.16,2000
27-03-2000,48.96,14:44,15.84,2000
28-03-2000,45,03:35,14.04,2000
29-03-2000,33.12,16:00,7.92,2000
30-03-2000,29.88,15:19,9,2000
31-03-2000,30.96,11:55,9,2000
01-04-2000,30.96,23:48,11.88,2000
02-04-2000,33.12,01:34,7.92,2000
03-04-2000,55.08,13:38,14.04,2000
04-04-2000,59.04,05:45,11.16,2000
05-04-2000,20.88,00:05,2.88,2000
06-04-2000,33.84,15:05,7.92,2000
07-04-2000,37.08,18:39,12.96,2000
08-04-2000,29.16,05:20,1.08,2000
09-04-2000,43.92,23:09,14.04,2000
10-04-2000,48.96,17:15,15.84,2000
11-04-2000,52.92,18:20,10.08,2000
12-04-2000,51.84,15:33,16.92,2000
13-04-2000,27,19:53,7.92,2000
14-04-2000,57.96,10:37,20.16,2000
15-04-2000,34.92,12:58,11.88,2000
16-04-2000,51.12,18:10,19.08,2000
17-04-2000,57.96,11:49,23.04,2000
18-04-2000,68.04,03:12,20.88,2000
19-04-2000,56.88,14:40,20.88,2000
20-04-2000,65.88,15:12,16.92,2000
21-04-2000,55.08,12:33,14.04,2000
22-04-2000,37.08,14:47,9,2000
23-04-2000,59.04,23:46,16.92,2000
24-04-2000,59.04,13:15,19.08,2000
25-04-2000,60.12,16:22,15.84,2000
26-04-2000,32.04,00:40,11.16,2000
27-04-2000,38.88,16:35,10.08,2000
28-04-2000,42.12,23:30,9,2000
29-04-2000,45,01:23,0,2000
30-04-2000,27,13:18,7.92,2000
01-05-2000,24.12,17:36,6.84,2000
02-05-2000,24.84,14:11,6.84,2000
03-05-2000,33.84,16:43,1.08,2000
04-05-2000,25.92,09:53,0,2000
05-05-2000,19.08,12:48,3.96,2000
06-05-2000,42.12,15:17,7.92,2000
07-05-2000,27,12:41,6.12,2000
08-05-2000,11.88,11:10,0,2000
09-05-2000,28.08,12:00,3.96,2000
10-05-2000,27,13:44,2.16,2000
11-05-2000,39.96,11:33,5.04,2000
12-05-2000,23.04,13:02,5.04,2000
13-05-2000,43.92,12:05,3.96,2000
14-05-2000,18,13:30,0,2000
15-05-2000,41.04,16:18,0,2000
16-05-2000,32.04,21:50,7.92,2000
17-05-2000,42.84,16:13,12.96,2000
18-05-2000,38.88,18:40,11.88,2000
19-05-2000,50.04,14:15,15.12,2000
20-05-2000,56.88,16:05,12.96,2000
21-05-2000,47.16,13:05,24.12,2000
22-05-2000,42.84,11:38,11.88,2000
23-05-2000,27,10:20,5.04,2000
24-05-2000,45,14:10,15.12,2000
25-05-2000,29.16,00:30,7.92,2000
26-05-2000,48.96,04:11,15.84,2000
27-05-2000,54,17:57,18,2000
28-05-2000,37.08,00:40,11.88,2000
29-05-2000,30.96,12:30,11.88,2000
30-05-2000,43.92,15:43,20.88,2000
31-05-2000,21.96,11:03,6.84,2000
01-06-2000,24.84,12:29,7.92,2000
02-06-2000,21.96,14:33,6.84,2000
03-06-2000,34.92,21:23,10.08,2000
04-06-2000,42.12,04:49,15.12,2000
05-06-2000,29.88,17:58,10.08,2000
06-06-2000,41.04,16:42,11.16,2000
07-06-2000,19.08,14:40,7.92,2000
08-06-2000,41.04,14:12,11.88,2000
09-06-2000,34.92,00:14,10.08,2000
10-06-2000,36,13:59,15.84,2000
11-06-2000,24.12,00:30,9,2000
12-06-2000,47.88,13:40,11.16,2000
13-06-2000,38.88,13:34,9,2000
14-06-2000,25.92,00:52,5.04,2000
15-06-2000,36,07:23,6.84,2000
16-06-2000,33.12,10:51,6.12,2000
17-06-2000,30.96,16:50,6.12,2000
18-06-2000,38.88,16:20,15.12,2000
19-06-2000,33.12,13:46,7.92,2000
20-06-2000,61.92,15:06,12.96,2000
21-06-2000,43.92,18:01,18,2000
22-06-2000,27,13:03,10.08,2000
23-06-2000,43.92,16:08,14.04,2000
24-06-2000,48.96,15:04,18,2000
25-06-2000,38.88,19:36,10.08,2000
26-06-2000,21.96,14:28,6.84,2000
27-06-2000,51.12,14:50,15.84,2000
28-06-2000,23.04,12:50,7.92,2000
29-06-2000,24.84,Varias,6.12,2000
30-06-2000,36,13:05,11.16,2000
01-07-2000,38.88,12:36,15.84,2000
02-07-2000,48.96,14:41,12.96,2000
03-07-2000,47.16,17:44,16.92,2000
04-07-2000,36,13:40,18,2000
05-07-2000,24.12,15:49,6.12,2000
06-07-2000,37.08,17:50,10.08,2000
07-07-2000,33.84,17:00,14.04,2000
08-07-2000,42.84,16:47,23.04,2000
09-07-2000,36,23:44,11.16,2000
10-07-2000,36,23:56,12.96,2000
11-07-2000,28.08,09:42,11.16,2000
12-07-2000,29.16,07:55,6.84,2000
13-07-2000,37.08,14:01,14.04,2000
14-07-2000,25.92,04:04,9,2000
15-07-2000,33.84,16:40,11.88,2000
16-07-2000,45,17:10,20.16,2000
17-07-2000,38.16,15:14,15.12,2000
18-07-2000,34.92,16:09,9,2000
19-07-2000,25.92,13:12,9,2000
20-07-2000,42.12,15:48,9,2000
21-07-2000,34.92,22:33,6.12,2000
22-07-2000,46.08,13:32,16.92,2000
23-07-2000,38.88,15:24,7.92,2000
24-07-2000,33.12,23:49,6.12,2000
25-07-2000,50.04,12:40,15.84,2000
26-07-2000,33.84,13:53,14.04,2000
27-07-2000,36,14:43,14.04,2000
28-07-2000,21.96,15:23,6.84,2000
29-07-2000,43.92,15:50,12.96,2000
30-07-2000,28.08,13:39,5.04,2000
31-07-2000,27,12:08,7.92,2000
01-08-2000,24.84,15:39,7.92,2000
02-08-2000,32.04,11:46,10.08,2000
03-08-2000,29.16,16:57,10.08,2000
04-08-2000,39.96,15:30,11.16,2000
05-08-2000,42.84,14:13,16.92,2000
06-08-2000,47.88,17:33,14.04,2000
07-08-2000,33.12,16:24,7.92,2000
08-08-2000,20.16,12:04,6.12,2000
09-08-2000,29.88,14:14,6.12,2000
10-08-2000,27,11:45,10.08,2000
11-08-2000,29.16,11:11,10.08,2000
12-08-2000,25.92,11:55,6.84,2000
13-08-2000,29.88,19:25,7.92,2000
14-08-2000,20.88,15:30,6.84,2000
15-08-2000,29.16,17:16,9,2000
16-08-2000,24.12,15:01,5.04,2000
17-08-2000,25.92,15:29,7.92,2000
18-08-2000,21.96,15:44,6.12,2000
19-08-2000,15.84,16:59,3.96,2000
20-08-2000,30.96,01:21,6.84,2000
21-08-2000,38.16,16:40,10.08,2000
22-08-2000,69.12,10:32,14.04,2000
23-08-2000,55.08,12:03,15.84,2000
24-08-2000,28.08,12:50,6.84,2000
25-08-2000,29.16,13:23,6.12,2000
26-08-2000,24.12,16:10,7.92,2000
27-08-2000,23.04,15:43,7.92,2000
28-08-2000,34.92,15:28,9,2000
29-08-2000,39.96,14:13,10.08,2000
30-08-2000,25.92,12:26,7.92,2000
31-08-2000,21.96,14:22,6.12,2000
01-09-2000,23.04,09:23,7.92,2000
02-09-2000,24.12,13:20,9,2000
03-09-2000,19.08,15:54,5.04,2000
04-09-2000,37.08,15:42,9,2000
05-09-2000,25.92,14:19,6.84,2000
06-09-2000,21.96,16:45,5.04,2000
07-09-2000,37.08,16:31,9,2000
08-09-2000,16.92,12:30,5.04,2000
09-09-2000,21.96,14:54,6.12,2000
10-09-2000,18,15:44,6.12,2000
11-09-2000,27,14:00,6.12,2000
12-09-2000,33.12,17:21,6.12,2000
13-09-2000,21.96,11:42,7.92,2000
14-09-2000,16.92,20:36,2.88,2000
15-09-2000,16.92,14:16,6.12,2000
16-09-2000,24.12,13:00,7.92,2000
17-09-2000,25.92,13:48,6.84,2000
18-09-2000,52.92,14:10,15.12,2000
19-09-2000,47.16,01:43,11.16,2000
20-09-2000,38.16,17:10,15.12,2000
21-09-2000,39.96,03:16,14.04,2000
22-09-2000,28.08,09:11,9,2000
23-09-2000,50.04,11:38,12.96,2000
24-09-2000,25.92,09:11,7.92,2000
25-09-2000,33.84,17:11,7.92,2000
26-09-2000,34.92,01:33,11.88,2000
27-09-2000,37.08,14:08,10.08,2000
28-09-2000,51.12,12:18,15.12,2000
29-09-2000,56.16,00:20,18,2000
30-09-2000,41.04,06:26,18,2000
01-10-2000,45,16:57,15.84,2000
02-10-2000,24.12,00:32,7.92,2000
03-10-2000,20.88,22:49,3.96,2000
04-10-2000,38.16,15:34,6.12,2000
05-10-2000,41.04,13:56,12.96,2000
06-10-2000,42.84,15:44,20.88,2000
07-10-2000,28.08,01:21,3.96,2000
08-10-2000,20.16,04:50,5.04,2000
09-10-2000,48.96,19:21,15.84,2000
10-10-2000,70.92,23:02,20.16,2000
11-10-2000,66.96,00:39,20.16,2000
12-10-2000,57.96,21:20,18,2000
13-10-2000,57.96,21:20,11.16,2000
14-10-2000,16.92,12:43,6.84,2000
15-10-2000,27,10:43,5.04,2000
16-10-2000,23.04,08:38,3.96,2000
17-10-2000,30.96,14:51,6.84,2000
18-10-2000,42.84,13:50,11.88,2000
19-10-2000,18,19:38,2.88,2000
20-10-2000,59.04,12:02,14.04,2000
21-10-2000,37.08,14:18,7.92,2000
22-10-2000,29.88,14:14,6.84,2000
23-10-2000,27,16:26,9,2000
24-10-2000,23.04,05:09,6.84,2000
25-10-2000,20.88,13:49,6.12,2000
26-10-2000,14.04,14:30,2.16,2000
27-10-2000,24.12,17:22,9,2000
28-10-2000,56.88,10:18,19.08,2000
29-10-2000,39.96,10:08,7.92,2000
30-10-2000,74.88,11:32,21.96,2000
31-10-2000,48.96,03:27,18,2000
01-11-2000,66.96,19:09,15.12,2000
02-11-2000,63,19:08,18,2000
03-11-2000,54,00:12,15.84,2000
04-11-2000,55.08,21:15,10.08,2000
05-11-2000,91.08,20:30,29.16,2000
06-11-2000,96.84,02:49,39.96,2000
07-11-2000,65.16,00:56,24.12,2000
08-11-2000,47.88,06:12,15.12,2000
09-11-2000,50.04,05:22,11.88,2000
10-11-2000,21.96,02:05,5.04,2000
11-11-2000,38.16,22:07,7.92,2000
12-11-2000,72,06:52,12.96,2000
13-11-2000,48.96,18:53,11.88,2000
14-11-2000,28.08,00:11,5.04,2000
15-11-2000,29.88,17:50,7.92,2000
16-11-2000,50.04,07:17,18,2000
17-11-2000,36,02:19,6.12,2000
18-11-2000,33.84,14:35,9,2000
19-11-2000,38.88,09:02,14.04,2000
20-11-2000,43.92,13:48,16.92,2000
21-11-2000,56.16,09:12,20.16,2000
22-11-2000,61.92,18:40,11.16,2000
23-11-2000,65.88,10:27,18,2000
24-11-2000,57.96,09:07,14.04,2000
25-11-2000,57.96,13:30,19.08,2000
26-11-2000,63,17:50,15.84,2000
27-11-2000,60.12,12:40,20.88,2000
28-11-2000,92.88,14:17,20.16,2000
29-11-2000,45,00:52,11.16,2000
30-11-2000,78.84,Varias,29.16,2000
01-12-2000,51.84,09:59,11.88,2000
02-12-2000,51.84,08:32,16.92,2000
03-12-2000,69.84,09:11,20.16,2000
04-12-2000,60.84,19:31,19.08,2000
05-12-2000,68.04,00:54,24.12,2000
06-12-2000,50.04,10:13,15.12,2000
07-12-2000,72,06:10,19.08,2000
08-12-2000,41.04,01:51,12.96,2000
09-12-2000,69.84,23:42,12.96,2000
10-12-2000,61.92,00:09,11.88,2000
11-12-2000,52.92,06:27,15.12,2000
12-12-2000,78.12,16:10,25.92,2000
13-12-2000,37.08,01:36,9,2000
14-12-2000,42.84,18:21,15.12,2000
15-12-2000,47.88,00:00,11.16,2000
16-12-2000,34.92,13:40,9,2000
17-12-2000,47.88,21:59,9,2000
18-12-2000,51.84,15:57,12.96,2000
19-12-2000,47.16,12:38,20.16,2000
20-12-2000,56.16,04:34,9,2000
21-12-2000,60.84,12:30,15.84,2000
22-12-2000,56.88,13:18,15.12,2000
23-12-2000,47.16,15:11,11.88,2000
24-12-2000,34.92,16:40,10.08,2000
25-12-2000,63,23:19,9,2000
26-12-2000,60.84,02:16,19.08,2000
27-12-2000,54,13:40,20.88,2000
28-12-2000,118.08,12:53,29.16,2000
29-12-2000,72,22:50,15.84,2000
30-12-2000,78.84,01:28,5.04,2000
31-12-2000,82.08,22:17,23.04,2000
01-01-2001,69.12,15:24,27,2001
02-01-2001,60.84,15:01,20.16,2001
03-01-2001,86.04,21:45,18,2001
04-01-2001,69.84,18:40,23.04,2001
05-01-2001,81,08:44,27,2001
06-01-2001,47.88,15:05,14.04,2001
07-01-2001,47.88,05:26,15.84,2001
08-01-2001,51.84,23:44,7.92,2001
09-01-2001,72,01:34,23.04,2001
10-01-2001,33.12,01:28,10.08,2001
11-01-2001,29.16,05:07,9,2001
12-01-2001,25.92,17:06,6.12,2001
13-01-2001,23.04,19:13,7.92,2001
14-01-2001,25.92,16:00,5.04,2001
15-01-2001,14.04,17:54,5.04,2001
16-01-2001,24.84,15:48,10.08,2001
17-01-2001,43.92,22:26,11.16,2001
18-01-2001,34.92,02:46,6.84,2001
19-01-2001,41.04,07:10,18,2001
20-01-2001,28.08,23:03,10.08,2001
21-01-2001,54,20:07,12.96,2001
22-01-2001,74.16,05:17,25.92,2001
23-01-2001,87.12,19:30,29.88,2001
24-01-2001,63,19:09,20.88,2001
25-01-2001,60.12,19:10,18,2001
26-01-2001,75.96,12:52,28.08,2001
27-01-2001,114.12,23:53,15.12,2001
28-01-2001,114.12,05:19,37.08,2001
29-01-2001,47.88,00:13,9,2001
30-01-2001,25.92,13:50,6.84,2001
31-01-2001,23.04,13:33,7.92,2001
01-02-2001,20.88,11:49,5.04,2001
02-02-2001,27,14:54,6.84,2001
03-02-2001,30.96,16:08,10.08,2001
04-02-2001,54,11:59,20.16,2001
05-02-2001,82.08,20:56,21.96,2001
06-02-2001,77.04,00:07,11.16,2001
07-02-2001,42.12,14:08,15.84,2001
08-02-2001,63,00:17,19.08,2001
09-02-2001,50.04,11:32,9,2001
10-02-2001,47.88,00:59,12.96,2001
11-02-2001,54,16:15,11.88,2001
12-02-2001,38.88,06:27,9,2001
13-02-2001,24.12,10:56,5.04,2001
14-02-2001,42.12,16:18,15.12,2001
15-02-2001,29.88,17:07,10.08,2001
16-02-2001,20.88,09:47,9,2001
17-02-2001,30.96,17:40,9,2001
18-02-2001,47.88,16:47,19.08,2001
19-02-2001,47.88,23:14,23.04,2001
20-02-2001,60.84,12:39,12.96,2001
21-02-2001,21.96,18:11,6.84,2001
22-02-2001,18,08:30,3.96,2001
23-02-2001,39.96,16:50,15.84,2001
24-02-2001,41.04,13:20,15.12,2001
25-02-2001,39.96,14:01,18,2001
26-02-2001,56.88,22:54,11.88,2001
27-02-2001,91.08,10:20,28.08,2001
28-02-2001,65.88,00:21,15.12,2001
01-03-2001,20.88,23:55,6.84,2001
02-03-2001,38.88,15:18,5.04,2001
03-03-2001,55.08,13:30,16.92,2001
04-03-2001,32.04,00:20,6.84,2001
05-03-2001,47.16,17:23,15.12,2001
06-03-2001,70.92,16:33,23.04,2001
07-03-2001,54,19:26,15.84,2001
08-03-2001,54,04:35,15.12,2001
09-03-2001,48.96,20:27,16.92,2001
10-03-2001,42.12,19:30,19.08,2001
11-03-2001,64.08,12:14,23.04,2001
12-03-2001,48.96,17:47,20.88,2001
13-03-2001,47.16,13:43,15.84,2001
14-03-2001,37.08,02:47,11.88,2001
15-03-2001,18,16:54,6.84,2001
16-03-2001,51.12,18:05,18,2001
17-03-2001,60.12,16:50,19.08,2001
18-03-2001,41.04,13:07,15.12,2001
19-03-2001,48.96,21:20,12.96,2001
20-03-2001,66.96,21:19,19.08,2001
21-03-2001,87.12,12:50,25.92,2001
22-03-2001,77.04,13:20,21.96,2001
23-03-2001,48.96,00:58,14.04,2001
24-03-2001,65.16,12:00,14.04,2001
25-03-2001,33.84,09:53,7.92,2001
26-03-2001,33.84,17:42,11.88,2001
27-03-2001,38.88,18:04,11.88,2001
28-03-2001,63,22:11,27,2001
29-03-2001,63,02:00,19.08,2001
30-03-2001,51.84,04:09,14.04,2001
31-03-2001,20.16,00:30,5.04,2001
01-04-2001,27,23:20,6.12,2001
02-04-2001,66.96,14:13,20.16,2001
03-04-2001,56.88,14:18,15.12,2001
04-04-2001,32.04,23:59,6.84,2001
05-04-2001,33.84,13:10,12.96,2001
06-04-2001,57.96,14:20,23.04,2001
07-04-2001,66.96,03:24,28.08,2001
08-04-2001,32.04,00:50,10.08,2001
09-04-2001,24.12,11:42,6.84,2001
10-04-2001,33.12,17:34,11.88,2001
11-04-2001,45,15:29,11.88,2001
12-04-2001,43.92,18:20,15.84,2001
13-04-2001,50.04,16:16,19.08,2001
14-04-2001,46.08,00:20,20.16,2001
15-04-2001,33.12,14:47,5.04,2001
16-04-2001,42.84,18:50,16.92,2001
17-04-2001,59.04,16:28,25.92,2001
18-04-2001,39.96,01:41,12.96,2001
19-04-2001,45,15:35,15.84,2001
20-04-2001,47.16,13:52,14.04,2001
21-04-2001,36,00:00,6.12,2001
22-04-2001,55.08,14:50,23.04,2001
23-04-2001,64.08,21:52,12.96,2001
24-04-2001,74.16,15:00,20.16,2001
25-04-2001,63,13:24,21.96,2001
26-04-2001,39.96,15:10,12.96,2001
27-04-2001,21.96,13:16,10.08,2001
28-04-2001,32.04,17:11,12.96,2001
29-04-2001,65.88,12:05,20.88,2001
30-04-2001,51.12,10:15,10.08,2001
01-05-2001,43.92,02:20,7.92,2001
02-05-2001,65.16,22:37,14.04,2001
03-05-2001,52.92,03:00,7.92,2001
04-05-2001,47.88,06:20,15.84,2001
05-05-2001,45,16:40,18,2001
06-05-2001,47.88,16:40,15.84,2001
07-05-2001,47.88,15:18,16.92,2001
08-05-2001,48.96,18:23,19.08,2001
09-05-2001,32.04,13:00,7.92,2001
10-05-2001,36,13:41,6.12,2001
11-05-2001,28.08,13:20,6.84,2001
12-05-2001,55.08,13:36,3.96,2001
13-05-2001,47.16,11:08,15.12,2001
14-05-2001,39.96,09:34,11.16,2001
15-05-2001,54,12:13,15.84,2001
16-05-2001,34.92,14:40,14.04,2001
17-05-2001,36,21:59,7.92,2001
18-05-2001,46.08,18:34,21.96,2001
19-05-2001,51.12,17:35,24.84,2001
20-05-2001,37.08,17:20,12.96,2001
21-05-2001,33.12,09:51,6.84,2001
22-05-2001,25.92,14:54,6.12,2001
23-05-2001,24.12,13:45,6.84,2001
24-05-2001,23.04,14:28,6.12,2001
25-05-2001,24.12,16:14,7.92,2001
26-05-2001,27,13:20,10.08,2001
27-05-2001,18,16:40,5.04,2001
28-05-2001,23.04,14:56,6.12,2001
29-05-2001,28.08,12:54,6.84,2001
30-05-2001,43.92,17:43,14.04,2001
31-05-2001,51.12,14:22,24.12,2001
01-06-2001,54,13:26,25.92,2001
02-06-2001,54,00:38,7.92,2001
03-06-2001,23.04,13:09,6.12,2001
04-06-2001,21.96,14:57,3.96,2001
05-06-2001,42.84,16:00,14.04,2001
06-06-2001,24.12,14:10,11.16,2001
07-06-2001,23.04,14:05,6.84,2001
08-06-2001,24.12,00:47,2.88,2001
09-06-2001,46.08,23:23,9,2001
10-06-2001,43.92,15:00,16.92,2001
11-06-2001,20.16,14:21,6.12,2001
12-06-2001,45,14:18,12.96,2001
13-06-2001,25.92,12:53,6.12,2001
14-06-2001,38.16,14:55,16.92,2001
15-06-2001,51.12,10:10,14.04,2001
16-06-2001,41.04,00:19,14.04,2001
17-06-2001,30.96,19:08,14.04,2001
18-06-2001,39.96,17:37,12.96,2001
19-06-2001,19.08,00:08,6.12,2001
20-06-2001,29.16,18:20,6.84,2001
21-06-2001,27,23:51,9,2001
22-06-2001,23.04,16:06,6.12,2001
23-06-2001,47.16,16:56,11.88,2001
24-06-2001,27,00:13,6.12,2001
25-06-2001,33.12,20:30,2.88,2001
26-06-2001,33.84,19:57,12.96,2001
27-06-2001,28.08,15:02,11.16,2001
28-06-2001,23.04,15:58,6.12,2001
29-06-2001,27,14:27,6.84,2001
30-06-2001,41.04,13:50,11.88,2001
01-07-2001,25.92,12:32,6.84,2001
02-07-2001,41.04,16:36,11.88,2001
03-07-2001,33.12,15:48,11.88,2001
04-07-2001,47.16,13:55,15.12,2001
05-07-2001,47.88,02:00,10.08,2001
06-07-2001,52.92,16:18,15.84,2001
07-07-2001,28.08,17:38,12.96,2001
08-07-2001,30.96,13:23,9,2001
09-07-2001,24.12,00:00,10.08,2001
10-07-2001,29.16,15:30,11.88,2001
11-07-2001,41.04,14:08,14.04,2001
12-07-2001,38.88,17:37,14.04,2001
13-07-2001,48.96,08:46,15.84,2001
14-07-2001,42.84,01:50,11.88,2001
15-07-2001,25.92,15:20,6.84,2001
16-07-2001,43.92,23:07,12.96,2001
17-07-2001,57.96,17:31,18,2001
18-07-2001,57.96,11:35,18,2001
19-07-2001,42.12,00:32,11.16,2001
20-07-2001,23.04,14:10,5.04,2001
21-07-2001,21.96,13:13,6.12,2001
22-07-2001,36,16:55,15.12,2001
23-07-2001,45,14:15,19.08,2001
24-07-2001,36,11:28,11.16,2001
25-07-2001,27,07:40,10.08,2001
26-07-2001,24.84,15:08,9,2001
27-07-2001,33.84,15:50,6.84,2001
28-07-2001,37.08,12:15,10.08,2001
29-07-2001,56.16,15:50,12.96,2001
30-07-2001,37.08,20:10,7.92,2001
31-07-2001,42.84,16:37,14.04,2001
01-08-2001,43.92,09:55,3.96,2001
02-08-2001,36,06:02,14.04,2001
03-08-2001,56.16,14:52,11.16,2001
04-08-2001,21.96,14:40,6.12,2001
05-08-2001,36,13:19,11.88,2001
06-08-2001,25.92,12:46,11.88,2001
07-08-2001,47.88,14:21,12.96,2001
08-08-2001,38.88,12:40,14.04,2001
09-08-2001,34.92,17:30,9,2001
10-08-2001,47.88,17:10,20.16,2001
11-08-2001,24.12,00:05,5.04,2001
12-08-2001,29.88,14:18,6.12,2001
13-08-2001,32.04,23:20,6.84,2001
14-08-2001,30.96,00:00,9,2001
15-08-2001,32.04,10:37,6.84,2001
16-08-2001,25.92,12:22,11.88,2001
17-08-2001,54,15:08,11.16,2001
18-08-2001,48.96,12:46,16.92,2001
19-08-2001,54,09:30,12.96,2001
20-08-2001,42.84,08:32,3.96,2001
21-08-2001,28.08,12:53,11.16,2001
22-08-2001,20.16,14:51,6.84,2001
23-08-2001,19.08,13:39,5.04,2001
24-08-2001,24.12,15:40,5.04,2001
25-08-2001,23.04,15:44,6.84,2001
26-08-2001,56.16,17:20,9,2001
27-08-2001,59.04,18:46,6.84,2001
28-08-2001,24.84,16:53,3.96,2001
29-08-2001,33.12,15:10,9,2001
30-08-2001,27,13:20,9,2001
31-08-2001,46.08,17:40,11.88,2001
01-09-2001,60.84,12:01,21.96,2001
02-09-2001,34.92,18:42,6.84,2001
03-09-2001,43.92,14:42,9,2001
04-09-2001,47.88,15:06,20.16,2001
05-09-2001,48.96,21:22,23.04,2001
06-09-2001,48.96,11:51,16.92,2001
07-09-2001,41.04,16:16,16.92,2001
08-09-2001,39.96,14:40,15.12,2001
09-09-2001,55.08,02:19,18,2001
10-09-2001,43.92,13:50,18,2001
11-09-2001,34.92,18:00,9,2001
12-09-2001,23.04,23:52,7.92,2001
13-09-2001,20.16,14:56,6.12,2001
14-09-2001,38.88,15:17,6.84,2001
15-09-2001,46.08,16:54,20.16,2001
16-09-2001,39.96,10:20,15.84,2001
17-09-2001,43.92,20:30,24.12,2001
18-09-2001,45,15:20,18,2001
19-09-2001,28.08,18:20,7.92,2001
20-09-2001,29.88,17:42,3.96,2001
21-09-2001,25.92,07:55,5.04,2001
22-09-2001,32.04,15:27,6.12,2001
23-09-2001,29.16,14:30,7.92,2001
24-09-2001,33.84,15:40,11.16,2001
25-09-2001,36,15:54,12.96,2001
26-09-2001,29.16,12:09,9,2001
27-09-2001,39.96,14:36,12.96,2001
28-09-2001,55.08,09:40,9,2001
29-09-2001,19.08,10:59,6.12,2001
30-09-2001,65.16,12:45,23.04,2001
01-10-2001,52.92,12:40,18,2001
02-10-2001,54,12:26,15.84,2001
03-10-2001,27,13:53,6.84,2001
04-10-2001,30.96,23:50,6.12,2001
05-10-2001,56.16,13:31,16.92,2001
06-10-2001,47.16,Varias,19.08,2001
07-10-2001,87.12,10:56,23.04,2001
08-10-2001,59.04,11:57,18,2001
09-10-2001,33.12,23:54,11.16,2001
10-10-2001,37.08,16:32,12.96,2001
11-10-2001,19.08,02:37,3.96,2001
12-10-2001,29.16,15:47,3.96,2001
13-10-2001,27,13:14,6.12,2001
14-10-2001,51.12,21:51,12.96,2001
15-10-2001,42.84,00:42,11.16,2001
16-10-2001,37.08,09:55,10.08,2001
17-10-2001,43.92,12:01,20.16,2001
18-10-2001,77.04,20:54,20.16,2001
19-10-2001,42.12,00:19,9,2001
20-10-2001,56.16,16:40,15.12,2001
21-10-2001,57.96,14:01,11.16,2001
22-10-2001,42.12,14:12,12.96,2001
23-10-2001,41.04,11:21,12.96,2001
24-10-2001,38.16,11:49,10.08,2001
25-10-2001,18,13:29,5.04,2001
26-10-2001,34.92,12:34,9,2001
27-10-2001,36,11:59,6.84,2001
28-10-2001,43.92,14:51,3.96,2001
29-10-2001,20.16,22:12,11.16,2001
30-10-2001,23.04,14:33,5.04,2001
31-10-2001,51.84,16:46,16.92,2001
01-11-2001,42.12,17:23,16.92,2001
02-11-2001,42.12,16:36,11.16,2001
03-11-2001,11.88,13:37,2.88,2001
04-11-2001,29.88,17:05,9,2001
05-11-2001,43.92,15:43,20.88,2001
06-11-2001,45,14:24,19.08,2001
07-11-2001,28.08,Varias,7.92,2001
08-11-2001,54,23:41,14.04,2001
09-11-2001,77.04,11:20,25.92,2001
10-11-2001,65.88,05:13,27,2001
11-11-2001,52.92,16:01,20.88,2001
12-11-2001,34.92,14:22,6.84,2001
13-11-2001,51.84,20:24,12.96,2001
14-11-2001,64.08,20:18,29.88,2001
15-11-2001,59.04,11:56,27,2001
16-11-2001,46.08,11:32,20.16,2001
17-11-2001,27,13:45,6.84,2001
18-11-2001,20.16,06:58,3.96,2001
19-11-2001,24.12,18:48,3.96,2001
20-11-2001,25.92,18:11,6.84,2001
21-11-2001,34.92,17:55,14.04,2001
22-11-2001,45,23:53,11.16,2001
23-11-2001,28.08,14:23,10.08,2001
24-11-2001,36,17:14,11.88,2001
25-11-2001,19.08,16:59,3.96,2001
26-11-2001,33.12,19:32,7.92,2001
27-11-2001,25.92,01:31,5.04,2001
28-11-2001,29.16,03:21,11.88,2001
29-11-2001,28.08,15:39,9,2001
30-11-2001,39.96,14:34,10.08,2001
01-12-2001,45,07:10,9,2001
02-12-2001,36,12:12,7.92,2001
03-12-2001,28.08,06:09,7.92,2001
04-12-2001,29.88,14:37,10.08,2001
05-12-2001,27,00:10,5.04,2001
06-12-2001,15.84,23:50,3.96,2001
07-12-2001,20.88,05:05,5.04,2001
08-12-2001,14.04,23:15,6.12,2001
09-12-2001,21.96,03:10,5.04,2001
10-12-2001,30.96,12:23,7.92,2001
11-12-2001,20.88,11:36,9,2001
12-12-2001,18,21:22,6.12,2001
13-12-2001,20.88,23:46,5.04,2001
14-12-2001,65.16,23:06,11.88,2001
15-12-2001,51.12,00:24,11.16,2001
16-12-2001,27,02:56,7.92,2001
17-12-2001,37.08,16:56,6.84,2001
18-12-2001,41.04,15:09,11.88,2001
19-12-2001,18,21:19,2.88,2001
20-12-2001,45,12:14,12.96,2001
21-12-2001,37.08,17:51,11.16,2001
22-12-2001,33.84,15:35,6.84,2001
23-12-2001,56.16,12:02,20.88,2001
24-12-2001,38.88,02:24,15.12,2001
25-12-2001,29.16,22:50,6.84,2001
26-12-2001,38.16,05:59,6.84,2001
27-12-2001,24.12,22:51,6.12,2001
28-12-2001,29.16,23:27,7.92,2001
29-12-2001,43.92,20:33,11.16,2001
30-12-2001,42.12,12:57,10.08,2001
31-12-2001,25.92,07:32,6.12,2001
01-01-2001,69.12,15:24,27,2001
02-01-2001,60.84,15:01,20.16,2001
03-01-2001,86.04,21:45,18,2001
04-01-2001,69.84,18:40,23.04,2001
05-01-2001,81,08:44,27,2001
06-01-2001,47.88,15:05,14.04,2001
07-01-2001,47.88,05:26,15.84,2001
08-01-2001,51.84,23:44,7.92,2001
09-01-2001,72,01:34,23.04,2001
10-01-2001,33.12,01:28,10.08,2001
11-01-2001,29.16,05:07,9,2001
12-01-2001,25.92,17:06,6.12,2001
13-01-2001,23.04,19:13,7.92,2001
14-01-2001,25.92,16:00,5.04,2001
15-01-2001,14.04,17:54,5.04,2001
16-01-2001,24.84,15:48,10.08,2001
17-01-2001,43.92,22:26,11.16,2001
18-01-2001,34.92,02:46,6.84,2001
19-01-2001,41.04,07:10,18,2001
20-01-2001,28.08,23:03,10.08,2001
21-01-2001,54,20:07,12.96,2001
22-01-2001,74.16,05:17,25.92,2001
23-01-2001,87.12,19:30,29.88,2001
24-01-2001,63,19:09,20.88,2001
25-01-2001,60.12,19:10,18,2001
26-01-2001,75.96,12:52,28.08,2001
27-01-2001,114.12,23:53,15.12,2001
28-01-2001,114.12,05:19,37.08,2001
29-01-2001,47.88,00:13,9,2001
30-01-2001,25.92,13:50,6.84,2001
31-01-2001,23.04,13:33,7.92,2001
01-02-2001,20.88,11:49,5.04,2001
02-02-2001,27,14:54,6.84,2001
03-02-2001,30.96,16:08,10.08,2001
04-02-2001,54,11:59,20.16,2001
05-02-2001,82.08,20:56,21.96,2001
06-02-2001,77.04,00:07,11.16,2001
07-02-2001,42.12,14:08,15.84,2001
08-02-2001,63,00:17,19.08,2001
09-02-2001,50.04,11:32,9,2001
10-02-2001,47.88,00:59,12.96,2001
11-02-2001,54,16:15,11.88,2001
12-02-2001,38.88,06:27,9,2001
13-02-2001,24.12,10:56,5.04,2001
14-02-2001,42.12,16:18,15.12,2001
15-02-2001,29.88,17:07,10.08,2001
16-02-2001,20.88,09:47,9,2001
17-02-2001,30.96,17:40,9,2001
18-02-2001,47.88,16:47,19.08,2001
19-02-2001,47.88,23:14,23.04,2001
20-02-2001,60.84,12:39,12.96,2001
21-02-2001,21.96,18:11,6.84,2001
22-02-2001,18,08:30,3.96,2001
23-02-2001,39.96,16:50,15.84,2001
24-02-2001,41.04,13:20,15.12,2001
25-02-2001,39.96,14:01,18,2001
26-02-2001,56.88,22:54,11.88,2001
27-02-2001,91.08,10:20,28.08,2001
28-02-2001,65.88,00:21,15.12,2001
01-03-2001,20.88,23:55,6.84,2001
02-03-2001,38.88,15:18,5.04,2001
03-03-2001,55.08,13:30,16.92,2001
04-03-2001,32.04,00:20,6.84,2001
05-03-2001,47.16,17:23,15.12,2001
06-03-2001,70.92,16:33,23.04,2001
07-03-2001,54,19:26,15.84,2001
08-03-2001,54,04:35,15.12,2001
09-03-2001,48.96,20:27,16.92,2001
10-03-2001,42.12,19:30,19.08,2001
11-03-2001,64.08,12:14,23.04,2001
12-03-2001,48.96,17:47,20.88,2001
13-03-2001,47.16,13:43,15.84,2001
14-03-2001,37.08,02:47,11.88,2001
15-03-2001,18,16:54,6.84,2001
16-03-2001,51.12,18:05,18,2001
17-03-2001,60.12,16:50,19.08,2001
18-03-2001,41.04,13:07,15.12,2001
19-03-2001,48.96,21:20,12.96,2001
20-03-2001,66.96,21:19,19.08,2001
21-03-2001,87.12,12:50,25.92,2001
22-03-2001,77.04,13:20,21.96,2001
23-03-2001,48.96,00:58,14.04,2001
24-03-2001,65.16,12:00,14.04,2001
25-03-2001,33.84,09:53,7.92,2001
26-03-2001,33.84,17:42,11.88,2001
27-03-2001,38.88,18:04,11.88,2001
28-03-2001,63,22:11,27,2001
29-03-2001,63,02:00,19.08,2001
30-03-2001,51.84,04:09,14.04,2001
31-03-2001,20.16,00:30,5.04,2001
01-04-2001,27,23:20,6.12,2001
02-04-2001,66.96,14:13,20.16,2001
03-04-2001,56.88,14:18,15.12,2001
04-04-2001,32.04,23:59,6.84,2001
05-04-2001,33.84,13:10,12.96,2001
06-04-2001,57.96,14:20,23.04,2001
07-04-2001,66.96,03:24,28.08,2001
08-04-2001,32.04,00:50,10.08,2001
09-04-2001,24.12,11:42,6.84,2001
10-04-2001,33.12,17:34,11.88,2001
11-04-2001,45,15:29,11.88,2001
12-04-2001,43.92,18:20,15.84,2001
13-04-2001,50.04,16:16,19.08,2001
14-04-2001,46.08,00:20,20.16,2001
15-04-2001,33.12,14:47,5.04,2001
16-04-2001,42.84,18:50,16.92,2001
17-04-2001,59.04,16:28,25.92,2001
18-04-2001,39.96,01:41,12.96,2001
19-04-2001,45,15:35,15.84,2001
20-04-2001,47.16,13:52,14.04,2001
21-04-2001,36,00:00,6.12,2001
22-04-2001,55.08,14:50,23.04,2001
23-04-2001,64.08,21:52,12.96,2001
24-04-2001,74.16,15:00,20.16,2001
25-04-2001,63,13:24,21.96,2001
26-04-2001,39.96,15:10,12.96,2001
27-04-2001,21.96,13:16,10.08,2001
28-04-2001,32.04,17:11,12.96,2001
29-04-2001,65.88,12:05,20.88,2001
30-04-2001,51.12,10:15,10.08,2001
01-05-2001,43.92,02:20,7.92,2001
02-05-2001,65.16,22:37,14.04,2001
03-05-2001,52.92,03:00,7.92,2001
04-05-2001,47.88,06:20,15.84,2001
05-05-2001,45,16:40,18,2001
06-05-2001,47.88,16:40,15.84,2001
07-05-2001,47.88,15:18,16.92,2001
08-05-2001,48.96,18:23,19.08,2001
09-05-2001,32.04,13:00,7.92,2001
10-05-2001,36,13:41,6.12,2001
11-05-2001,28.08,13:20,6.84,2001
12-05-2001,55.08,13:36,3.96,2001
13-05-2001,47.16,11:08,15.12,2001
14-05-2001,39.96,09:34,11.16,2001
15-05-2001,54,12:13,15.84,2001
16-05-2001,34.92,14:40,14.04,2001
17-05-2001,36,21:59,7.92,2001
18-05-2001,46.08,18:34,21.96,2001
19-05-2001,51.12,17:35,24.84,2001
20-05-2001,37.08,17:20,12.96,2001
21-05-2001,33.12,09:51,6.84,2001
22-05-2001,25.92,14:54,6.12,2001
23-05-2001,24.12,13:45,6.84,2001
24-05-2001,23.04,14:28,6.12,2001
25-05-2001,24.12,16:14,7.92,2001
26-05-2001,27,13:20,10.08,2001
27-05-2001,18,16:40,5.04,2001
28-05-2001,23.04,14:56,6.12,2001
29-05-2001,28.08,12:54,6.84,2001
30-05-2001,43.92,17:43,14.04,2001
31-05-2001,51.12,14:22,24.12,2001
01-06-2001,54,13:26,25.92,2001
02-06-2001,54,00:38,7.92,2001
03-06-2001,23.04,13:09,6.12,2001
04-06-2001,21.96,14:57,3.96,2001
05-06-2001,42.84,16:00,14.04,2001
06-06-2001,24.12,14:10,11.16,2001
07-06-2001,23.04,14:05,6.84,2001
08-06-2001,24.12,00:47,2.88,2001
09-06-2001,46.08,23:23,9,2001
10-06-2001,43.92,15:00,16.92,2001
11-06-2001,20.16,14:21,6.12,2001
12-06-2001,45,14:18,12.96,2001
13-06-2001,25.92,12:53,6.12,2001
14-06-2001,38.16,14:55,16.92,2001
15-06-2001,51.12,10:10,14.04,2001
16-06-2001,41.04,00:19,14.04,2001
17-06-2001,30.96,19:08,14.04,2001
18-06-2001,39.96,17:37,12.96,2001
19-06-2001,19.08,00:08,6.12,2001
20-06-2001,29.16,18:20,6.84,2001
21-06-2001,27,23:51,9,2001
22-06-2001,23.04,16:06,6.12,2001
23-06-2001,47.16,16:56,11.88,2001
24-06-2001,27,00:13,6.12,2001
25-06-2001,33.12,20:30,2.88,2001
26-06-2001,33.84,19:57,12.96,2001
27-06-2001,28.08,15:02,11.16,2001
28-06-2001,23.04,15:58,6.12,2001
29-06-2001,27,14:27,6.84,2001
30-06-2001,41.04,13:50,11.88,2001
01-07-2001,25.92,12:32,6.84,2001
02-07-2001,41.04,16:36,11.88,2001
03-07-2001,33.12,15:48,11.88,2001
04-07-2001,47.16,13:55,15.12,2001
05-07-2001,47.88,02:00,10.08,2001
06-07-2001,52.92,16:18,15.84,2001
07-07-2001,28.08,17:38,12.96,2001
08-07-2001,30.96,13:23,9,2001
09-07-2001,24.12,00:00,10.08,2001
10-07-2001,29.16,15:30,11.88,2001
11-07-2001,41.04,14:08,14.04,2001
12-07-2001,38.88,17:37,14.04,2001
13-07-2001,48.96,08:46,15.84,2001
14-07-2001,42.84,01:50,11.88,2001
15-07-2001,25.92,15:20,6.84,2001
16-07-2001,43.92,23:07,12.96,2001
17-07-2001,57.96,17:31,18,2001
18-07-2001,57.96,11:35,18,2001
19-07-2001,42.12,00:32,11.16,2001
20-07-2001,23.04,14:10,5.04,2001
21-07-2001,21.96,13:13,6.12,2001
22-07-2001,36,16:55,15.12,2001
23-07-2001,45,14:15,19.08,2001
24-07-2001,36,11:28,11.16,2001
25-07-2001,27,07:40,10.08,2001
26-07-2001,24.84,15:08,9,2001
27-07-2001,33.84,15:50,6.84,2001
28-07-2001,37.08,12:15,10.08,2001
29-07-2001,56.16,15:50,12.96,2001
30-07-2001,37.08,20:10,7.92,2001
31-07-2001,42.84,16:37,14.04,2001
01-08-2001,43.92,09:55,3.96,2001
02-08-2001,36,06:02,14.04,2001
03-08-2001,56.16,14:52,11.16,2001
04-08-2001,21.96,14:40,6.12,2001
05-08-2001,36,13:19,11.88,2001
06-08-2001,25.92,12:46,11.88,2001
07-08-2001,47.88,14:21,12.96,2001
08-08-2001,38.88,12:40,14.04,2001
09-08-2001,34.92,17:30,9,2001
10-08-2001,47.88,17:10,20.16,2001
11-08-2001,24.12,00:05,5.04,2001
12-08-2001,29.88,14:18,6.12,2001
13-08-2001,32.04,23:20,6.84,2001
14-08-2001,30.96,00:00,9,2001
15-08-2001,32.04,10:37,6.84,2001
16-08-2001,25.92,12:22,11.88,2001
17-08-2001,54,15:08,11.16,2001
18-08-2001,48.96,12:46,16.92,2001
19-08-2001,54,09:30,12.96,2001
20-08-2001,42.84,08:32,3.96,2001
21-08-2001,28.08,12:53,11.16,2001
22-08-2001,20.16,14:51,6.84,2001
23-08-2001,19.08,13:39,5.04,2001
24-08-2001,24.12,15:40,5.04,2001
25-08-2001,23.04,15:44,6.84,2001
26-08-2001,56.16,17:20,9,2001
27-08-2001,59.04,18:46,6.84,2001
28-08-2001,24.84,16:53,3.96,2001
29-08-2001,33.12,15:10,9,2001
30-08-2001,27,13:20,9,2001
31-08-2001,46.08,17:40,11.88,2001
01-09-2001,60.84,12:01,21.96,2001
02-09-2001,34.92,18:42,6.84,2001
03-09-2001,43.92,14:42,9,2001
04-09-2001,47.88,15:06,20.16,2001
05-09-2001,48.96,21:22,23.04,2001
06-09-2001,48.96,11:51,16.92,2001
07-09-2001,41.04,16:16,16.92,2001
08-09-2001,39.96,14:40,15.12,2001
09-09-2001,55.08,02:19,18,2001
10-09-2001,43.92,13:50,18,2001
11-09-2001,34.92,18:00,9,2001
12-09-2001,23.04,23:52,7.92,2001
13-09-2001,20.16,14:56,6.12,2001
14-09-2001,38.88,15:17,6.84,2001
15-09-2001,46.08,16:54,20.16,2001
16-09-2001,39.96,10:20,15.84,2001
17-09-2001,43.92,20:30,24.12,2001
18-09-2001,45,15:20,18,2001
19-09-2001,28.08,18:20,7.92,2001
20-09-2001,29.88,17:42,3.96,2001
21-09-2001,25.92,07:55,5.04,2001
22-09-2001,32.04,15:27,6.12,2001
23-09-2001,29.16,14:30,7.92,2001
24-09-2001,33.84,15:40,11.16,2001
25-09-2001,36,15:54,12.96,2001
26-09-2001,29.16,12:09,9,2001
27-09-2001,39.96,14:36,12.96,2001
28-09-2001,55.08,09:40,9,2001
29-09-2001,19.08,10:59,6.12,2001
30-09-2001,65.16,12:45,23.04,2001
01-10-2001,52.92,12:40,18,2001
02-10-2001,54,12:26,15.84,2001
03-10-2001,27,13:53,6.84,2001
04-10-2001,30.96,23:50,6.12,2001
05-10-2001,56.16,13:31,16.92,2001
06-10-2001,47.16,Varias,19.08,2001
07-10-2001,87.12,10:56,23.04,2001
08-10-2001,59.04,11:57,18,2001
09-10-2001,33.12,23:54,11.16,2001
10-10-2001,37.08,16:32,12.96,2001
11-10-2001,19.08,02:37,3.96,2001
12-10-2001,29.16,15:47,3.96,2001
13-10-2001,27,13:14,6.12,2001
14-10-2001,51.12,21:51,12.96,2001
15-10-2001,42.84,00:42,11.16,2001
16-10-2001,37.08,09:55,10.08,2001
17-10-2001,43.92,12:01,20.16,2001
18-10-2001,77.04,20:54,20.16,2001
19-10-2001,42.12,00:19,9,2001
20-10-2001,56.16,16:40,15.12,2001
21-10-2001,57.96,14:01,11.16,2001
22-10-2001,42.12,14:12,12.96,2001
23-10-2001,41.04,11:21,12.96,2001
24-10-2001,38.16,11:49,10.08,2001
25-10-2001,18,13:29,5.04,2001
26-10-2001,34.92,12:34,9,2001
27-10-2001,36,11:59,6.84,2001
28-10-2001,43.92,14:51,3.96,2001
29-10-2001,20.16,22:12,11.16,2001
30-10-2001,23.04,14:33,5.04,2001
31-10-2001,51.84,16:46,16.92,2001
01-11-2001,42.12,17:23,16.92,2001
02-11-2001,42.12,16:36,11.16,2001
03-11-2001,11.88,13:37,2.88,2001
04-11-2001,29.88,17:05,9,2001
05-11-2001,43.92,15:43,20.88,2001
06-11-2001,45,14:24,19.08,2001
07-11-2001,28.08,Varias,7.92,2001
08-11-2001,54,23:41,14.04,2001
09-11-2001,77.04,11:20,25.92,2001
10-11-2001,65.88,05:13,27,2001
11-11-2001,52.92,16:01,20.88,2001
12-11-2001,34.92,14:22,6.84,2001
13-11-2001,51.84,20:24,12.96,2001
14-11-2001,64.08,20:18,29.88,2001
15-11-2001,59.04,11:56,27,2001
16-11-2001,46.08,11:32,20.16,2001
17-11-2001,27,13:45,6.84,2001
18-11-2001,20.16,06:58,3.96,2001
19-11-2001,24.12,18:48,3.96,2001
20-11-2001,25.92,18:11,6.84,2001
21-11-2001,34.92,17:55,14.04,2001
22-11-2001,45,23:53,11.16,2001
23-11-2001,28.08,14:23,10.08,2001
24-11-2001,36,17:14,11.88,2001
25-11-2001,19.08,16:59,3.96,2001
26-11-2001,33.12,19:32,7.92,2001
27-11-2001,25.92,01:31,5.04,2001
28-11-2001,29.16,03:21,11.88,2001
29-11-2001,28.08,15:39,9,2001
30-11-2001,39.96,14:34,10.08,2001
01-12-2001,45,07:10,9,2001
02-12-2001,36,12:12,7.92,2001
03-12-2001,28.08,06:09,7.92,2001
04-12-2001,29.88,14:37,10.08,2001
05-12-2001,27,00:10,5.04,2001
06-12-2001,15.84,23:50,3.96,2001
07-12-2001,20.88,05:05,5.04,2001
08-12-2001,14.04,23:15,6.12,2001
09-12-2001,21.96,03:10,5.04,2001
10-12-2001,30.96,12:23,7.92,2001
11-12-2001,20.88,11:36,9,2001
12-12-2001,18,21:22,6.12,2001
13-12-2001,20.88,23:46,5.04,2001
14-12-2001,65.16,23:06,11.88,2001
15-12-2001,51.12,00:24,11.16,2001
16-12-2001,27,02:56,7.92,2001
17-12-2001,37.08,16:56,6.84,2001
18-12-2001,41.04,15:09,11.88,2001
19-12-2001,18,21:19,2.88,2001
20-12-2001,45,12:14,12.96,2001
21-12-2001,37.08,17:51,11.16,2001
22-12-2001,33.84,15:35,6.84,2001
23-12-2001,56.16,12:02,20.88,2001
24-12-2001,38.88,02:24,15.12,2001
25-12-2001,29.16,22:50,6.84,2001
26-12-2001,38.16,05:59,6.84,2001
27-12-2001,24.12,22:51,6.12,2001
28-12-2001,29.16,23:27,7.92,2001
29-12-2001,43.92,20:33,11.16,2001
30-12-2001,42.12,12:57,10.08,2001
31-12-2001,25.92,07:32,6.12,2001
01-01-2002,37.08,22:17,6.12,2002
02-01-2002,63,13:48,21.96,2002
03-01-2002,41.04,12:20,11.16,2002
04-01-2002,23.04,10:59,5.04,2002
05-01-2002,21.96,00:52,6.12,2002
06-01-2002,20.16,04:39,3.96,2002
07-01-2002,20.88,01:04,5.04,2002
08-01-2002,20.88,23:13,6.84,2002
09-01-2002,20.16,01:24,6.12,2002
10-01-2002,24.12,11:52,10.08,2002
11-01-2002,32.04,23:37,9,2002
12-01-2002,60.84,12:20,15.12,2002
13-01-2002,32.04,13:46,7.92,2002
14-01-2002,24.84,21:09,9,2002
15-01-2002,51.84,02:41,9,2002
16-01-2002,19.08,10:48,5.04,2002
17-01-2002,33.12,14:45,11.88,2002
18-01-2002,30.96,20:22,10.08,2002
19-01-2002,24.84,01:36,2.88,2002
20-01-2002,39.96,15:23,11.16,2002
21-01-2002,65.88,08:18,23.04,2002
22-01-2002,60.12,17:31,14.04,2002
23-01-2002,74.88,03:20,34.92,2002
24-01-2002,46.08,13:14,15.12,2002
25-01-2002,72,11:12,20.16,2002
26-01-2002,68.04,11:49,20.16,2002
27-01-2002,70.92,12:43,28.08,2002
28-01-2002,38.88,00:11,11.88,2002
29-01-2002,30.96,22:44,7.92,2002
30-01-2002,41.04,15:26,7.92,2002
31-01-2002,48.96,13:31,18,2002
01-02-2002,75.96,14:09,20.88,2002
02-02-2002,75.96,21:53,19.08,2002
03-02-2002,73.08,07:10,15.84,2002
04-02-2002,59.04,03:03,20.88,2002
05-02-2002,78.84,18:49,24.12,2002
06-02-2002,55.08,05:50,15.12,2002
07-02-2002,39.96,00:22,14.04,2002
08-02-2002,25.92,17:14,7.92,2002
09-02-2002,42.12,12:12,12.96,2002
10-02-2002,29.88,13:16,11.88,2002
11-02-2002,42.12,14:30,14.04,2002
12-02-2002,32.04,12:34,6.84,2002
13-02-2002,69.12,11:20,15.84,2002
14-02-2002,60.12,17:16,19.08,2002
15-02-2002,56.16,12:07,19.08,2002
16-02-2002,42.12,18:25,20.88,2002
17-02-2002,39.96,17:18,15.12,2002
18-02-2002,52.92,14:08,18,2002
19-02-2002,24.12,00:35,6.84,2002
20-02-2002,52.92,19:18,18,2002
21-02-2002,38.16,02:36,12.96,2002
22-02-2002,21.96,16:24,6.12,2002
23-02-2002,33.12,14:32,14.04,2002
24-02-2002,24.84,23:50,11.16,2002
25-02-2002,52.92,23:54,15.12,2002
26-02-2002,55.08,17:50,19.08,2002
27-02-2002,48.96,12:16,15.84,2002
28-02-2002,33.84,23:52,11.16,2002
01-03-2002,54,15:36,14.04,2002
02-03-2002,42.12,16:11,7.92,2002
03-03-2002,57.96,12:46,23.04,2002
04-03-2002,38.88,16:32,11.88,2002
05-03-2002,43.92,14:25,15.84,2002
06-03-2002,38.16,00:58,10.08,2002
07-03-2002,42.12,17:23,11.88,2002
08-03-2002,41.04,18:38,9,2002
09-03-2002,39.96,23:52,15.12,2002
10-03-2002,25.92,15:15,7.92,2002
11-03-2002,28.08,12:17,9,2002
12-03-2002,46.08,11:31,10.08,2002
13-03-2002,42.84,00:06,6.12,2002
14-03-2002,43.92,15:52,14.04,2002
15-03-2002,38.16,14:49,6.84,2002
16-03-2002,54,15:02,15.12,2002
17-03-2002,28.08,04:30,15.84,2002
18-03-2002,72,17:35,27,2002
19-03-2002,54,04:30,19.08,2002
20-03-2002,36,10:13,9,2002
21-03-2002,29.88,13:25,6.84,2002
22-03-2002,24.84,16:30,6.12,2002
23-03-2002,20.88,06:25,6.84,2002
24-03-2002,23.04,11:53,6.84,2002
25-03-2002,51.84,19:07,23.04,2002
26-03-2002,43.92,15:40,15.12,2002
27-03-2002,42.84,15:45,15.12,2002
28-03-2002,33.84,15:00,7.92,2002
29-03-2002,32.04,13:56,15.12,2002
30-03-2002,21.96,14:18,6.84,2002
31-03-2002,23.04,14:13,6.84,2002
01-04-2002,25.92,19:26,7.92,2002
02-04-2002,47.88,23:05,10.08,2002
03-04-2002,50.04,17:07,11.16,2002
04-04-2002,23.04,00:44,6.84,2002
05-04-2002,47.16,02:27,11.16,2002
06-04-2002,32.04,14:30,10.08,2002
07-04-2002,29.16,20:59,5.04,2002
08-04-2002,46.08,15:52,15.12,2002
09-04-2002,42.84,12:40,15.12,2002
10-04-2002,56.88,22:26,21.96,2002
11-04-2002,70.92,19:01,24.84,2002
12-04-2002,70.92,03:47,24.84,2002
13-04-2002,42.84,16:39,16.92,2002
14-04-2002,21.96,16:12,3.96,2002
15-04-2002,29.88,13:48,7.92,2002
16-04-2002,24.12,15:49,7.92,2002
17-04-2002,27,14:47,9,2002
18-04-2002,32.04,16:32,9,2002
19-04-2002,25.92,14:28,6.12,2002
20-04-2002,20.88,23:52,3.96,2002
21-04-2002,23.04,14:57,6.12,2002
22-04-2002,27,18:11,2.88,2002
23-04-2002,15.84,22:03,5.04,2002
24-04-2002,24.84,23:00,11.16,2002
25-04-2002,21.96,00:00,9,2002
26-04-2002,34.92,20:40,9,2002
27-04-2002,41.04,07:29,11.16,2002
28-04-2002,42.12,08:48,15.84,2002
29-04-2002,32.04,01:58,7.92,2002
30-04-2002,57.96,12:35,19.08,2002
01-05-2002,52.92,11:11,15.84,2002
02-05-2002,61.92,12:58,16.92,2002
03-05-2002,42.12,01:04,9,2002
04-05-2002,32.04,14:53,11.88,2002
05-05-2002,46.08,16:08,20.16,2002
06-05-2002,52.92,16:01,19.08,2002
07-05-2002,56.88,19:08,25.92,2002
08-05-2002,56.16,05:50,20.16,2002
09-05-2002,29.88,01:49,9,2002
10-05-2002,33.12,17:16,12.96,2002
11-05-2002,24.12,03:16,6.84,2002
12-05-2002,52.92,09:10,18,2002
13-05-2002,56.16,16:22,18,2002
14-05-2002,29.88,07:35,7.92,2002
15-05-2002,30.96,23:11,6.84,2002
16-05-2002,38.16,17:30,10.08,2002
17-05-2002,45,17:05,11.88,2002
18-05-2002,33.84,13:50,9,2002
19-05-2002,50.04,16:13,15.84,2002
20-05-2002,51.12,13:31,15.12,2002
21-05-2002,74.88,10:16,20.16,2002
22-05-2002,48.96,17:22,19.08,2002
23-05-2002,48.96,16:16,19.08,2002
24-05-2002,50.04,17:47,20.88,2002
25-05-2002,51.12,12:31,15.12,2002
26-05-2002,51.12,01:47,15.84,2002
27-05-2002,45,14:15,11.16,2002
28-05-2002,36,09:18,11.88,2002
29-05-2002,43.92,23:52,11.88,2002
30-05-2002,37.08,18:14,10.08,2002
31-05-2002,27,23:35,5.04,2002
01-06-2002,29.16,00:21,10.08,2002
02-06-2002,29.16,13:07,10.08,2002
03-06-2002,24.84,04:34,7.92,2002
04-06-2002,48.96,18:33,9,2002
05-06-2002,50.04,10:21,16.92,2002
06-06-2002,33.12,02:56,6.84,2002
07-06-2002,60.12,09:26,20.88,2002
08-06-2002,45,00:59,21.96,2002
09-06-2002,42.12,12:34,12.96,2002
10-06-2002,29.16,14:30,11.16,2002
11-06-2002,20.16,11:33,6.12,2002
12-06-2002,24.84,14:30,6.12,2002
13-06-2002,36,23:28,7.92,2002
14-06-2002,39.96,17:47,7.92,2002
15-06-2002,25.92,14:40,6.84,2002
16-06-2002,24.84,10:43,6.84,2002
17-06-2002,30.96,13:45,6.84,2002
18-06-2002,59.04,15:38,11.16,2002
19-06-2002,39.96,13:37,15.84,2002
20-06-2002,34.92,12:31,12.96,2002
21-06-2002,30.96,17:32,9,2002
22-06-2002,24.12,22:28,9,2002
23-06-2002,74.88,22:24,12.96,2002
24-06-2002,64.08,15:54,28.08,2002
25-06-2002,56.88,17:37,27,2002
26-06-2002,45,12:57,14.04,2002
27-06-2002,38.88,09:58,11.16,2002
28-06-2002,47.88,16:37,20.88,2002
29-06-2002,51.84,14:46,18,2002
30-06-2002,29.88,11:59,9,2002
01-07-2002,33.84,14:11,7.92,2002
02-07-2002,43.92,15:02,11.88,2002
03-07-2002,42.12,02:55,15.12,2002
04-07-2002,23.04,12:49,6.84,2002
05-07-2002,37.08,14:19,11.88,2002
06-07-2002,29.16,18:39,7.92,2002
07-07-2002,33.84,11:22,7.92,2002
08-07-2002,46.08,14:53,11.88,2002
09-07-2002,42.12,01:10,12.96,2002
10-07-2002,29.16,12:55,9,2002
11-07-2002,34.92,15:42,11.16,2002
12-07-2002,28.08,09:54,10.08,2002
13-07-2002,20.88,Varias,6.12,2002
14-07-2002,51.12,16:43,14.04,2002
15-07-2002,45,14:21,15.84,2002
16-07-2002,51.12,11:06,14.04,2002
17-07-2002,33.84,10:32,7.92,2002
18-07-2002,29.16,00:09,9,2002
19-07-2002,20.88,13:50,6.84,2002
20-07-2002,23.04,12:06,5.04,2002
21-07-2002,51.12,17:13,15.12,2002
22-07-2002,47.88,15:36,20.16,2002
23-07-2002,29.88,14:23,11.88,2002
24-07-2002,21.96,13:24,6.12,2002
25-07-2002,20.16,15:37,7.92,2002
26-07-2002,34.92,13:41,7.92,2002
27-07-2002,24.12,15:06,9,2002
28-07-2002,45,23:54,10.08,2002
29-07-2002,30.96,07:06,12.96,2002
30-07-2002,34.92,11:06,9,2002
31-07-2002,25.92,13:44,7.92,2002
01-08-2002,29.16,13:48,9,2002
02-08-2002,30.96,13:12,15.12,2002
03-08-2002,28.08,14:24,7.92,2002
04-08-2002,24.84,14:09,6.84,2002
05-08-2002,24.84,14:51,9,2002
06-08-2002,33.12,18:21,6.84,2002
07-08-2002,45,13:23,12.96,2002
08-08-2002,42.12,01:39,11.16,2002
09-08-2002,42.84,11:15,15.12,2002
10-08-2002,48.96,00:43,11.16,2002
11-08-2002,27,14:13,7.92,2002
12-08-2002,47.88,12:28,12.96,2002
13-08-2002,28.08,00:42,6.12,2002
14-08-2002,33.84,13:58,12.96,2002
15-08-2002,21.96,14:29,6.84,2002
16-08-2002,24.12,14:11,6.12,2002
17-08-2002,24.12,18:17,5.04,2002
18-08-2002,25.92,13:41,6.12,2002
19-08-2002,20.88,11:31,6.12,2002
20-08-2002,19.08,16:58,5.04,2002
21-08-2002,24.12,16:20,6.12,2002
22-08-2002,29.16,20:07,7.92,2002
23-08-2002,45,13:10,14.04,2002
24-08-2002,43.92,15:05,14.04,2002
25-08-2002,46.08,14:14,15.12,2002
26-08-2002,27,13:07,7.92,2002
27-08-2002,32.04,12:57,10.08,2002
28-08-2002,46.08,14:02,14.04,2002
29-08-2002,42.84,15:20,9,2002
30-08-2002,42.12,16:45,9,2002
31-08-2002,43.92,14:56,12.96,2002
01-09-2002,41.04,14:40,12.96,2002
02-09-2002,18,15:02,5.04,2002
03-09-2002,21.96,15:01,3.96,2002
04-09-2002,50.04,10:48,15.12,2002
05-09-2002,24.12,03:51,10.08,2002
06-09-2002,20.88,14:49,7.92,2002
07-09-2002,38.88,13:13,11.88,2002
08-09-2002,23.04,23:41,6.12,2002
09-09-2002,38.88,14:49,15.84,2002
10-09-2002,27,10:59,7.92,2002
11-09-2002,21.96,17:58,6.84,2002
12-09-2002,24.12,14:01,3.96,2002
13-09-2002,20.16,14:06,6.12,2002
14-09-2002,33.84,15:48,9,2002
15-09-2002,20.88,23:54,5.04,2002
16-09-2002,27,15:10,6.12,2002
17-09-2002,29.16,17:16,5.04,2002
18-09-2002,48.96,15:55,10.08,2002
19-09-2002,30.96,12:06,7.92,2002
20-09-2002,27,10:45,3.96,2002
21-09-2002,24.84,13:12,2.16,2002
22-09-2002,24.84,19:27,3.96,2002
23-09-2002,39.96,16:24,14.04,2002
24-09-2002,39.96,17:40,11.16,2002
25-09-2002,36,17:09,10.08,2002
26-09-2002,25.92,18:07,7.92,2002
27-09-2002,21.96,17:21,7.92,2002
28-09-2002,29.16,12:26,5.04,2002
29-09-2002,24.12,11:05,2.16,2002
30-09-2002,27,09:47,6.12,2002
01-10-2002,23.04,14:08,5.04,2002
02-10-2002,19.08,11:36,3.96,2002
03-10-2002,38.16,13:21,7.92,2002
04-10-2002,37.08,14:54,11.16,2002
05-10-2002,20.88,06:21,7.92,2002
06-10-2002,16.92,13:40,3.96,2002
07-10-2002,20.88,15:24,6.12,2002
08-10-2002,43.92,21:55,10.08,2002
09-10-2002,45,14:45,12.96,2002
10-10-2002,27,00:01,9,2002
11-10-2002,38.16,14:56,6.84,2002
12-10-2002,37.08,00:16,3.96,2002
13-10-2002,47.88,04:01,7.92,2002
14-10-2002,60.84,19:45,15.84,2002
15-10-2002,42.12,00:40,6.12,2002
16-10-2002,46.08,08:54,12.96,2002
17-10-2002,29.88,15:00,6.84,2002
18-10-2002,23.04,16:36,9,2002
19-10-2002,51.84,23:14,10.08,2002
20-10-2002,64.08,08:44,12.96,2002
21-10-2002,66.96,20:56,21.96,2002
22-10-2002,60.12,03:12,24.12,2002
23-10-2002,34.92,00:00,9,2002
24-10-2002,51.12,11:50,12.96,2002
25-10-2002,63,09:59,18,2002
26-10-2002,39.96,11:00,9,2002
27-10-2002,42.84,01:00,11.88,2002
28-10-2002,29.16,04:40,7.92,2002
29-10-2002,66.96,14:35,11.16,2002
30-10-2002,30.96,12:26,11.88,2002
31-10-2002,33.12,23:08,6.84,2002
01-11-2002,38.88,13:13,12.96,2002
02-11-2002,59.04,11:36,12.96,2002
03-11-2002,39.96,12:30,12.96,2002
04-11-2002,15.84,14:53,3.96,2002
05-11-2002,29.88,23:51,6.84,2002
06-11-2002,43.92,20:41,11.88,2002
07-11-2002,30.96,00:56,2.16,2002
08-11-2002,33.12,23:50,6.84,2002
09-11-2002,42.12,01:39,14.04,2002
10-11-2002,46.08,17:18,14.04,2002
11-11-2002,36,00:03,7.92,2002
12-11-2002,55.08,14:16,14.04,2002
13-11-2002,104.04,14:36,24.12,2002
14-11-2002,36,11:21,9,2002
15-11-2002,48.96,23:26,11.16,2002
16-11-2002,77.04,11:00,25.92,2002
17-11-2002,37.08,01:10,10.08,2002
18-11-2002,36,01:41,6.84,2002
19-11-2002,47.88,16:32,11.88,2002
20-11-2002,68.04,17:05,15.84,2002
21-11-2002,68.04,08:19,21.96,2002
22-11-2002,51.12,06:49,18,2002
23-11-2002,55.08,13:22,10.08,2002
24-11-2002,29.88,00:27,6.84,2002
25-11-2002,23.04,19:43,2.88,2002
26-11-2002,54,14:52,12.96,2002
27-11-2002,52.92,00:55,12.96,2002
28-11-2002,65.16,12:45,20.16,2002
29-11-2002,56.88,00:29,18,2002
30-11-2002,38.16,23:46,15.12,2002
01-12-2002,50.04,11:53,19.08,2002
02-12-2002,43.92,16:21,20.88,2002
03-12-2002,29.88,10:51,11.16,2002
04-12-2002,38.88,10:51,12.96,2002
05-12-2002,43.92,12:32,20.16,2002
06-12-2002,32.04,17:46,11.88,2002
07-12-2002,29.88,16:45,6.84,2002
08-12-2002,18,10:07,5.04,2002
09-12-2002,28.08,15:09,11.88,2002
10-12-2002,50.04,17:49,6.12,2002
11-12-2002,50.04,13:40,10.08,2002
12-12-2002,48.96,11:46,20.16,2002
13-12-2002,29.16,23:39,7.92,2002
14-12-2002,81,23:53,24.84,2002
15-12-2002,39.96,14:06,9,2002
16-12-2002,36,21:00,11.16,2002
17-12-2002,46.08,01:03,10.08,2002
18-12-2002,29.16,13:47,3.96,2002
19-12-2002,30.96,11:45,6.84,2002
20-12-2002,34.92,Varias,6.12,2002
21-12-2002,48.96,13:20,11.88,2002
22-12-2002,51.12,20:52,12.96,2002
23-12-2002,56.16,23:50,18,2002
24-12-2002,54,14:16,12.96,2002
25-12-2002,75.96,20:43,21.96,2002
26-12-2002,68.04,17:06,20.88,2002
27-12-2002,79.92,14:45,20.88,2002
28-12-2002,56.16,00:52,11.88,2002
29-12-2002,63,22:06,15.12,2002
30-12-2002,63,01:13,15.12,2002
31-12-2002,51.12,19:49,11.88,2002
01-01-2002,37.08,22:17,6.12,2002
02-01-2002,63,13:48,21.96,2002
03-01-2002,41.04,12:20,11.16,2002
04-01-2002,23.04,10:59,5.04,2002
05-01-2002,21.96,00:52,6.12,2002
06-01-2002,20.16,04:39,3.96,2002
07-01-2002,20.88,01:04,5.04,2002
08-01-2002,20.88,23:13,6.84,2002
09-01-2002,20.16,01:24,6.12,2002
10-01-2002,24.12,11:52,10.08,2002
11-01-2002,32.04,23:37,9,2002
12-01-2002,60.84,12:20,15.12,2002
13-01-2002,32.04,13:46,7.92,2002
14-01-2002,24.84,21:09,9,2002
15-01-2002,51.84,02:41,9,2002
16-01-2002,19.08,10:48,5.04,2002
17-01-2002,33.12,14:45,11.88,2002
18-01-2002,30.96,20:22,10.08,2002
19-01-2002,24.84,01:36,2.88,2002
20-01-2002,39.96,15:23,11.16,2002
21-01-2002,65.88,08:18,23.04,2002
22-01-2002,60.12,17:31,14.04,2002
23-01-2002,74.88,03:20,34.92,2002
24-01-2002,46.08,13:14,15.12,2002
25-01-2002,72,11:12,20.16,2002
26-01-2002,68.04,11:49,20.16,2002
27-01-2002,70.92,12:43,28.08,2002
28-01-2002,38.88,00:11,11.88,2002
29-01-2002,30.96,22:44,7.92,2002
30-01-2002,41.04,15:26,7.92,2002
31-01-2002,48.96,13:31,18,2002
01-02-2002,75.96,14:09,20.88,2002
02-02-2002,75.96,21:53,19.08,2002
03-02-2002,73.08,07:10,15.84,2002
04-02-2002,59.04,03:03,20.88,2002
05-02-2002,78.84,18:49,24.12,2002
06-02-2002,55.08,05:50,15.12,2002
07-02-2002,39.96,00:22,14.04,2002
08-02-2002,25.92,17:14,7.92,2002
09-02-2002,42.12,12:12,12.96,2002
10-02-2002,29.88,13:16,11.88,2002
11-02-2002,42.12,14:30,14.04,2002
12-02-2002,32.04,12:34,6.84,2002
13-02-2002,69.12,11:20,15.84,2002
14-02-2002,60.12,17:16,19.08,2002
15-02-2002,56.16,12:07,19.08,2002
16-02-2002,42.12,18:25,20.88,2002
17-02-2002,39.96,17:18,15.12,2002
18-02-2002,52.92,14:08,18,2002
19-02-2002,24.12,00:35,6.84,2002
20-02-2002,52.92,19:18,18,2002
21-02-2002,38.16,02:36,12.96,2002
22-02-2002,21.96,16:24,6.12,2002
23-02-2002,33.12,14:32,14.04,2002
24-02-2002,24.84,23:50,11.16,2002
25-02-2002,52.92,23:54,15.12,2002
26-02-2002,55.08,17:50,19.08,2002
27-02-2002,48.96,12:16,15.84,2002
28-02-2002,33.84,23:52,11.16,2002
01-03-2002,54,15:36,14.04,2002
02-03-2002,42.12,16:11,7.92,2002
03-03-2002,57.96,12:46,23.04,2002
04-03-2002,38.88,16:32,11.88,2002
05-03-2002,43.92,14:25,15.84,2002
06-03-2002,38.16,00:58,10.08,2002
07-03-2002,42.12,17:23,11.88,2002
08-03-2002,41.04,18:38,9,2002
09-03-2002,39.96,23:52,15.12,2002
10-03-2002,25.92,15:15,7.92,2002
11-03-2002,28.08,12:17,9,2002
12-03-2002,46.08,11:31,10.08,2002
13-03-2002,42.84,00:06,6.12,2002
14-03-2002,43.92,15:52,14.04,2002
15-03-2002,38.16,14:49,6.84,2002
16-03-2002,54,15:02,15.12,2002
17-03-2002,28.08,04:30,15.84,2002
18-03-2002,72,17:35,27,2002
19-03-2002,54,04:30,19.08,2002
20-03-2002,36,10:13,9,2002
21-03-2002,29.88,13:25,6.84,2002
22-03-2002,24.84,16:30,6.12,2002
23-03-2002,20.88,06:25,6.84,2002
24-03-2002,23.04,11:53,6.84,2002
25-03-2002,51.84,19:07,23.04,2002
26-03-2002,43.92,15:40,15.12,2002
27-03-2002,42.84,15:45,15.12,2002
28-03-2002,33.84,15:00,7.92,2002
29-03-2002,32.04,13:56,15.12,2002
30-03-2002,21.96,14:18,6.84,2002
31-03-2002,23.04,14:13,6.84,2002
01-04-2002,25.92,19:26,7.92,2002
02-04-2002,47.88,23:05,10.08,2002
03-04-2002,50.04,17:07,11.16,2002
04-04-2002,23.04,00:44,6.84,2002
05-04-2002,47.16,02:27,11.16,2002
06-04-2002,32.04,14:30,10.08,2002
07-04-2002,29.16,20:59,5.04,2002
08-04-2002,46.08,15:52,15.12,2002
09-04-2002,42.84,12:40,15.12,2002
10-04-2002,56.88,22:26,21.96,2002
11-04-2002,70.92,19:01,24.84,2002
12-04-2002,70.92,03:47,24.84,2002
13-04-2002,42.84,16:39,16.92,2002
14-04-2002,21.96,16:12,3.96,2002
15-04-2002,29.88,13:48,7.92,2002
16-04-2002,24.12,15:49,7.92,2002
17-04-2002,27,14:47,9,2002
18-04-2002,32.04,16:32,9,2002
19-04-2002,25.92,14:28,6.12,2002
20-04-2002,20.88,23:52,3.96,2002
21-04-2002,23.04,14:57,6.12,2002
22-04-2002,27,18:11,2.88,2002
23-04-2002,15.84,22:03,5.04,2002
24-04-2002,24.84,23:00,11.16,2002
25-04-2002,21.96,00:00,9,2002
26-04-2002,34.92,20:40,9,2002
27-04-2002,41.04,07:29,11.16,2002
28-04-2002,42.12,08:48,15.84,2002
29-04-2002,32.04,01:58,7.92,2002
30-04-2002,57.96,12:35,19.08,2002
01-05-2002,52.92,11:11,15.84,2002
02-05-2002,61.92,12:58,16.92,2002
03-05-2002,42.12,01:04,9,2002
04-05-2002,32.04,14:53,11.88,2002
05-05-2002,46.08,16:08,20.16,2002
06-05-2002,52.92,16:01,19.08,2002
07-05-2002,56.88,19:08,25.92,2002
08-05-2002,56.16,05:50,20.16,2002
09-05-2002,29.88,01:49,9,2002
10-05-2002,33.12,17:16,12.96,2002
11-05-2002,24.12,03:16,6.84,2002
12-05-2002,52.92,09:10,18,2002
13-05-2002,56.16,16:22,18,2002
14-05-2002,29.88,07:35,7.92,2002
15-05-2002,30.96,23:11,6.84,2002
16-05-2002,38.16,17:30,10.08,2002
17-05-2002,45,17:05,11.88,2002
18-05-2002,33.84,13:50,9,2002
19-05-2002,50.04,16:13,15.84,2002
20-05-2002,51.12,13:31,15.12,2002
21-05-2002,74.88,10:16,20.16,2002
22-05-2002,48.96,17:22,19.08,2002
23-05-2002,48.96,16:16,19.08,2002
24-05-2002,50.04,17:47,20.88,2002
25-05-2002,51.12,12:31,15.12,2002
26-05-2002,51.12,01:47,15.84,2002
27-05-2002,45,14:15,11.16,2002
28-05-2002,36,09:18,11.88,2002
29-05-2002,43.92,23:52,11.88,2002
30-05-2002,37.08,18:14,10.08,2002
31-05-2002,27,23:35,5.04,2002
01-06-2002,29.16,00:21,10.08,2002
02-06-2002,29.16,13:07,10.08,2002
03-06-2002,24.84,04:34,7.92,2002
04-06-2002,48.96,18:33,9,2002
05-06-2002,50.04,10:21,16.92,2002
06-06-2002,33.12,02:56,6.84,2002
07-06-2002,60.12,09:26,20.88,2002
08-06-2002,45,00:59,21.96,2002
09-06-2002,42.12,12:34,12.96,2002
10-06-2002,29.16,14:30,11.16,2002
11-06-2002,20.16,11:33,6.12,2002
12-06-2002,24.84,14:30,6.12,2002
13-06-2002,36,23:28,7.92,2002
14-06-2002,39.96,17:47,7.92,2002
15-06-2002,25.92,14:40,6.84,2002
16-06-2002,24.84,10:43,6.84,2002
17-06-2002,30.96,13:45,6.84,2002
18-06-2002,59.04,15:38,11.16,2002
19-06-2002,39.96,13:37,15.84,2002
20-06-2002,34.92,12:31,12.96,2002
21-06-2002,30.96,17:32,9,2002
22-06-2002,24.12,22:28,9,2002
23-06-2002,74.88,22:24,12.96,2002
24-06-2002,64.08,15:54,28.08,2002
25-06-2002,56.88,17:37,27,2002
26-06-2002,45,12:57,14.04,2002
27-06-2002,38.88,09:58,11.16,2002
28-06-2002,47.88,16:37,20.88,2002
29-06-2002,51.84,14:46,18,2002
30-06-2002,29.88,11:59,9,2002
01-07-2002,33.84,14:11,7.92,2002
02-07-2002,43.92,15:02,11.88,2002
03-07-2002,42.12,02:55,15.12,2002
04-07-2002,23.04,12:49,6.84,2002
05-07-2002,37.08,14:19,11.88,2002
06-07-2002,29.16,18:39,7.92,2002
07-07-2002,33.84,11:22,7.92,2002
08-07-2002,46.08,14:53,11.88,2002
09-07-2002,42.12,01:10,12.96,2002
10-07-2002,29.16,12:55,9,2002
11-07-2002,34.92,15:42,11.16,2002
12-07-2002,28.08,09:54,10.08,2002
13-07-2002,20.88,Varias,6.12,2002
14-07-2002,51.12,16:43,14.04,2002
15-07-2002,45,14:21,15.84,2002
16-07-2002,51.12,11:06,14.04,2002
17-07-2002,33.84,10:32,7.92,2002
18-07-2002,29.16,00:09,9,2002
19-07-2002,20.88,13:50,6.84,2002
20-07-2002,23.04,12:06,5.04,2002
21-07-2002,51.12,17:13,15.12,2002
22-07-2002,47.88,15:36,20.16,2002
23-07-2002,29.88,14:23,11.88,2002
24-07-2002,21.96,13:24,6.12,2002
25-07-2002,20.16,15:37,7.92,2002
26-07-2002,34.92,13:41,7.92,2002
27-07-2002,24.12,15:06,9,2002
28-07-2002,45,23:54,10.08,2002
29-07-2002,30.96,07:06,12.96,2002
30-07-2002,34.92,11:06,9,2002
31-07-2002,25.92,13:44,7.92,2002
01-08-2002,29.16,13:48,9,2002
02-08-2002,30.96,13:12,15.12,2002
03-08-2002,28.08,14:24,7.92,2002
04-08-2002,24.84,14:09,6.84,2002
05-08-2002,24.84,14:51,9,2002
06-08-2002,33.12,18:21,6.84,2002
07-08-2002,45,13:23,12.96,2002
08-08-2002,42.12,01:39,11.16,2002
09-08-2002,42.84,11:15,15.12,2002
10-08-2002,48.96,00:43,11.16,2002
11-08-2002,27,14:13,7.92,2002
12-08-2002,47.88,12:28,12.96,2002
13-08-2002,28.08,00:42,6.12,2002
14-08-2002,33.84,13:58,12.96,2002
15-08-2002,21.96,14:29,6.84,2002
16-08-2002,24.12,14:11,6.12,2002
17-08-2002,24.12,18:17,5.04,2002
18-08-2002,25.92,13:41,6.12,2002
19-08-2002,20.88,11:31,6.12,2002
20-08-2002,19.08,16:58,5.04,2002
21-08-2002,24.12,16:20,6.12,2002
22-08-2002,29.16,20:07,7.92,2002
23-08-2002,45,13:10,14.04,2002
24-08-2002,43.92,15:05,14.04,2002
25-08-2002,46.08,14:14,15.12,2002
26-08-2002,27,13:07,7.92,2002
27-08-2002,32.04,12:57,10.08,2002
28-08-2002,46.08,14:02,14.04,2002
29-08-2002,42.84,15:20,9,2002
30-08-2002,42.12,16:45,9,2002
31-08-2002,43.92,14:56,12.96,2002
01-09-2002,41.04,14:40,12.96,2002
02-09-2002,18,15:02,5.04,2002
03-09-2002,21.96,15:01,3.96,2002
04-09-2002,50.04,10:48,15.12,2002
05-09-2002,24.12,03:51,10.08,2002
06-09-2002,20.88,14:49,7.92,2002
07-09-2002,38.88,13:13,11.88,2002
08-09-2002,23.04,23:41,6.12,2002
09-09-2002,38.88,14:49,15.84,2002
10-09-2002,27,10:59,7.92,2002
11-09-2002,21.96,17:58,6.84,2002
12-09-2002,24.12,14:01,3.96,2002
13-09-2002,20.16,14:06,6.12,2002
14-09-2002,33.84,15:48,9,2002
15-09-2002,20.88,23:54,5.04,2002
16-09-2002,27,15:10,6.12,2002
17-09-2002,29.16,17:16,5.04,2002
18-09-2002,48.96,15:55,10.08,2002
19-09-2002,30.96,12:06,7.92,2002
20-09-2002,27,10:45,3.96,2002
21-09-2002,24.84,13:12,2.16,2002
22-09-2002,24.84,19:27,3.96,2002
23-09-2002,39.96,16:24,14.04,2002
24-09-2002,39.96,17:40,11.16,2002
25-09-2002,36,17:09,10.08,2002
26-09-2002,25.92,18:07,7.92,2002
27-09-2002,21.96,17:21,7.92,2002
28-09-2002,29.16,12:26,5.04,2002
29-09-2002,24.12,11:05,2.16,2002
30-09-2002,27,09:47,6.12,2002
01-10-2002,23.04,14:08,5.04,2002
02-10-2002,19.08,11:36,3.96,2002
03-10-2002,38.16,13:21,7.92,2002
04-10-2002,37.08,14:54,11.16,2002
05-10-2002,20.88,06:21,7.92,2002
06-10-2002,16.92,13:40,3.96,2002
07-10-2002,20.88,15:24,6.12,2002
08-10-2002,43.92,21:55,10.08,2002
09-10-2002,45,14:45,12.96,2002
10-10-2002,27,00:01,9,2002
11-10-2002,38.16,14:56,6.84,2002
12-10-2002,37.08,00:16,3.96,2002
13-10-2002,47.88,04:01,7.92,2002
14-10-2002,60.84,19:45,15.84,2002
15-10-2002,42.12,00:40,6.12,2002
16-10-2002,46.08,08:54,12.96,2002
17-10-2002,29.88,15:00,6.84,2002
18-10-2002,23.04,16:36,9,2002
19-10-2002,51.84,23:14,10.08,2002
20-10-2002,64.08,08:44,12.96,2002
21-10-2002,66.96,20:56,21.96,2002
22-10-2002,60.12,03:12,24.12,2002
23-10-2002,34.92,00:00,9,2002
24-10-2002,51.12,11:50,12.96,2002
25-10-2002,63,09:59,18,2002
26-10-2002,39.96,11:00,9,2002
27-10-2002,42.84,01:00,11.88,2002
28-10-2002,29.16,04:40,7.92,2002
29-10-2002,66.96,14:35,11.16,2002
30-10-2002,30.96,12:26,11.88,2002
31-10-2002,33.12,23:08,6.84,2002
01-11-2002,38.88,13:13,12.96,2002
02-11-2002,59.04,11:36,12.96,2002
03-11-2002,39.96,12:30,12.96,2002
04-11-2002,15.84,14:53,3.96,2002
05-11-2002,29.88,23:51,6.84,2002
06-11-2002,43.92,20:41,11.88,2002
07-11-2002,30.96,00:56,2.16,2002
08-11-2002,33.12,23:50,6.84,2002
09-11-2002,42.12,01:39,14.04,2002
10-11-2002,46.08,17:18,14.04,2002
11-11-2002,36,00:03,7.92,2002
12-11-2002,55.08,14:16,14.04,2002
13-11-2002,104.04,14:36,24.12,2002
14-11-2002,36,11:21,9,2002
15-11-2002,48.96,23:26,11.16,2002
16-11-2002,77.04,11:00,25.92,2002
17-11-2002,37.08,01:10,10.08,2002
18-11-2002,36,01:41,6.84,2002
19-11-2002,47.88,16:32,11.88,2002
20-11-2002,68.04,17:05,15.84,2002
21-11-2002,68.04,08:19,21.96,2002
22-11-2002,51.12,06:49,18,2002
23-11-2002,55.08,13:22,10.08,2002
24-11-2002,29.88,00:27,6.84,2002
25-11-2002,23.04,19:43,2.88,2002
26-11-2002,54,14:52,12.96,2002
27-11-2002,52.92,00:55,12.96,2002
28-11-2002,65.16,12:45,20.16,2002
29-11-2002,56.88,00:29,18,2002
30-11-2002,38.16,23:46,15.12,2002
01-12-2002,50.04,11:53,19.08,2002
02-12-2002,43.92,16:21,20.88,2002
03-12-2002,29.88,10:51,11.16,2002
04-12-2002,38.88,10:51,12.96,2002
05-12-2002,43.92,12:32,20.16,2002
06-12-2002,32.04,17:46,11.88,2002
07-12-2002,29.88,16:45,6.84,2002
08-12-2002,18,10:07,5.04,2002
09-12-2002,28.08,15:09,11.88,2002
10-12-2002,50.04,17:49,6.12,2002
11-12-2002,50.04,13:40,10.08,2002
12-12-2002,48.96,11:46,20.16,2002
13-12-2002,29.16,23:39,7.92,2002
14-12-2002,81,23:53,24.84,2002
15-12-2002,39.96,14:06,9,2002
16-12-2002,36,21:00,11.16,2002
17-12-2002,46.08,01:03,10.08,2002
18-12-2002,29.16,13:47,3.96,2002
19-12-2002,30.96,11:45,6.84,2002
20-12-2002,34.92,Varias,6.12,2002
21-12-2002,48.96,13:20,11.88,2002
22-12-2002,51.12,20:52,12.96,2002
23-12-2002,56.16,23:50,18,2002
24-12-2002,54,14:16,12.96,2002
25-12-2002,75.96,20:43,21.96,2002
26-12-2002,68.04,17:06,20.88,2002
27-12-2002,79.92,14:45,20.88,2002
28-12-2002,56.16,00:52,11.88,2002
29-12-2002,63,22:06,15.12,2002
30-12-2002,63,01:13,15.12,2002
31-12-2002,51.12,19:49,11.88,2002
01-01-2003,79.92,23:51,24.12,2003
02-01-2003,78.84,02:55,12.96,2003
03-01-2003,56.88,01:42,18,2003
04-01-2003,47.88,04:12,6.12,2003
05-01-2003,52.92,14:05,16.92,2003
06-01-2003,47.88,03:10,12.96,2003
07-01-2003,55.08,04:00,15.12,2003
08-01-2003,46.08,19:06,10.08,2003
09-01-2003,74.16,06:17,29.88,2003
10-01-2003,39.96,17:10,15.12,2003
11-01-2003,56.16,21:30,19.08,2003
12-01-2003,50.04,04:17,20.88,2003
13-01-2003,20.16,00:10,2.16,2003
14-01-2003,20.88,04:59,6.12,2003
15-01-2003,19.08,12:18,5.04,2003
16-01-2003,24.12,14:41,6.12,2003
17-01-2003,41.04,17:10,12.96,2003
18-01-2003,59.04,21:28,10.08,2003
19-01-2003,60.84,23:50,16.92,2003
20-01-2003,87.12,20:50,21.96,2003
21-01-2003,82.08,02:40,21.96,2003
22-01-2003,33.12,03:52,6.84,2003
23-01-2003,21.96,16:44,7.92,2003
24-01-2003,24.12,04:36,3.96,2003
25-01-2003,25.92,19:41,5.04,2003
26-01-2003,28.08,13:36,9,2003
27-01-2003,30.96,23:45,3.96,2003
28-01-2003,50.04,23:50,20.88,2003
29-01-2003,65.88,14:40,20.16,2003
30-01-2003,66.96,21:42,21.96,2003
31-01-2003,72,06:42,18,2003
01-02-2003,33.12,20:00,9,2003
02-02-2003,38.88,14:52,15.84,2003
03-02-2003,65.88,23:03,19.08,2003
04-02-2003,68.04,03:35,20.88,2003
05-02-2003,33.12,15:38,9,2003
06-02-2003,20.16,18:30,5.04,2003
07-02-2003,33.84,16:00,5.04,2003
08-02-2003,27,13:44,5.04,2003
09-02-2003,20.88,13:20,6.12,2003
10-02-2003,25.92,16:48,9,2003
11-02-2003,33.84,14:34,14.04,2003
12-02-2003,43.92,14:31,18,2003
13-02-2003,28.08,01:42,6.84,2003
14-02-2003,28.08,17:55,9,2003
15-02-2003,55.08,18:21,14.04,2003
16-02-2003,19.08,06:25,6.84,2003
17-02-2003,23.04,22:04,6.12,2003
18-02-2003,51.84,15:44,11.88,2003
19-02-2003,32.04,18:48,11.16,2003
20-02-2003,27,01:44,6.84,2003
21-02-2003,59.04,22:44,15.12,2003
22-02-2003,64.08,01:49,18,2003
23-02-2003,21.96,11:47,5.04,2003
24-02-2003,41.04,04:31,11.88,2003
25-02-2003,29.88,15:40,6.84,2003
26-02-2003,41.04,14:22,10.08,2003
27-02-2003,45,01:47,14.04,2003
28-02-2003,70.92,10:06,14.04,2003
01-03-2003,51.12,Varias,18,2003
02-03-2003,59.04,13:44,18,2003
03-03-2003,50.04,13:50,14.04,2003
04-03-2003,33.12,06:54,10.08,2003
05-03-2003,33.84,19:50,10.08,2003
06-03-2003,24.12,17:22,6.12,2003
07-03-2003,28.08,07:31,10.08,2003
08-03-2003,18,12:33,6.12,2003
09-03-2003,36,13:51,11.16,2003
10-03-2003,20.88,13:18,2.88,2003
11-03-2003,29.16,15:52,5.04,2003
12-03-2003,16.92,22:29,3.96,2003
13-03-2003,28.08,13:21,7.92,2003
14-03-2003,36,14:09,9,2003
15-03-2003,28.08,12:25,6.84,2003
16-03-2003,21.96,15:13,2.88,2003
17-03-2003,30.96,09:40,6.84,2003
18-03-2003,27,13:38,10.08,2003
19-03-2003,39.96,13:37,15.84,2003
20-03-2003,42.12,17:50,12.96,2003
21-03-2003,34.92,16:29,6.84,2003
22-03-2003,38.16,16:43,9,2003
23-03-2003,38.16,15:19,9,2003
24-03-2003,36,17:44,5.04,2003
25-03-2003,29.88,15:16,5.04,2003
26-03-2003,23.04,18:16,6.84,2003
27-03-2003,42.84,11:13,11.16,2003
28-03-2003,27,16:00,7.92,2003
29-03-2003,30.96,17:32,10.08,2003
30-03-2003,42.84,04:48,11.88,2003
31-03-2003,34.92,16:49,10.08,2003
01-04-2003,28.08,13:45,9,2003
02-04-2003,42.84,14:12,12.96,2003
03-04-2003,50.04,17:34,25.92,2003
04-04-2003,51.84,16:32,29.88,2003
05-04-2003,39.96,16:19,15.12,2003
06-04-2003,24.84,17:56,10.08,2003
07-04-2003,45,19:34,7.92,2003
08-04-2003,51.84,16:06,15.12,2003
09-04-2003,34.92,12:47,9,2003
10-04-2003,84.96,23:36,6.84,2003
11-04-2003,72,11:40,29.16,2003
12-04-2003,88.92,13:04,20.88,2003
13-04-2003,84.96,13:57,20.16,2003
14-04-2003,47.88,01:46,10.08,2003
15-04-2003,42.12,15:13,9,2003
16-04-2003,38.88,15:04,7.92,2003
17-04-2003,52.92,13:01,12.96,2003
18-04-2003,34.92,00:07,9,2003
19-04-2003,38.88,06:11,11.16,2003
20-04-2003,38.16,15:21,12.96,2003
21-04-2003,41.04,17:30,11.88,2003
22-04-2003,55.08,16:30,10.08,2003
23-04-2003,65.16,16:08,11.88,2003
24-04-2003,95.04,21:03,15.12,2003
25-04-2003,105.84,00:30,15.12,2003
26-04-2003,73.08,17:21,27,2003
27-04-2003,90,23:46,24.12,2003
28-04-2003,106.92,09:11,28.08,2003
29-04-2003,79.92,12:53,23.04,2003
30-04-2003,77.04,12:31,21.96,2003
01-05-2003,88.92,15:13,20.88,2003
02-05-2003,70.92,06:22,23.04,2003
03-05-2003,42.12,11:57,6.84,2003
04-05-2003,73.08,12:58,20.88,2003
05-05-2003,73.08,20:42,20.16,2003
06-05-2003,81,15:56,20.88,2003
07-05-2003,75.96,11:49,20.16,2003
08-05-2003,57.96,23:42,9,2003
09-05-2003,60.12,17:18,15.84,2003
10-05-2003,42.12,16:45,11.88,2003
11-05-2003,48.96,16:12,9,2003
12-05-2003,61.92,13:52,19.08,2003
13-05-2003,81,17:52,20.16,2003
14-05-2003,75.96,15:19,18,2003
15-05-2003,55.08,16:58,11.88,2003
16-05-2003,42.84,18:22,10.08,2003
17-05-2003,66.96,14:28,16.92,2003
18-05-2003,83.16,12:54,25.92,2003
19-05-2003,83.16,01:25,29.88,2003
20-05-2003,42.12,13:41,11.88,2003
21-05-2003,33.84,18:13,10.08,2003
22-05-2003,37.08,16:42,9,2003
23-05-2003,70.92,23:36,21.96,2003
24-05-2003,74.88,04:16,29.16,2003
25-05-2003,52.92,17:37,11.16,2003
26-05-2003,81,13:27,18,2003
27-05-2003,41.04,14:58,7.92,2003
28-05-2003,43.92,12:28,14.04,2003
29-05-2003,39.96,13:12,11.88,2003
30-05-2003,38.16,17:49,11.16,2003
31-05-2003,37.08,14:13,10.08,2003
01-06-2003,57.96,16:48,15.12,2003
02-06-2003,82.08,21:53,11.16,2003
03-06-2003,72,00:19,15.84,2003
04-06-2003,47.16,01:38,10.08,2003
05-06-2003,27,15:25,6.12,2003
06-06-2003,28.08,14:47,9,2003
07-06-2003,41.04,17:19,10.08,2003
08-06-2003,25.92,15:10,6.84,2003
09-06-2003,38.88,14:30,11.88,2003
10-06-2003,45,02:11,14.04,2003
11-06-2003,30.96,12:35,9,2003
12-06-2003,41.04,13:42,16.92,2003
13-06-2003,55.08,06:47,12.96,2003
14-06-2003,34.92,02:01,5.04,2003
15-06-2003,21.96,15:34,10.08,2003
16-06-2003,27,14:49,6.84,2003
17-06-2003,29.88,18:19,11.16,2003
18-06-2003,42.12,15:02,15.84,2003
19-06-2003,42.12,14:20,11.88,2003
20-06-2003,24.12,13:07,6.84,2003
21-06-2003,30.96,13:16,5.04,2003
22-06-2003,20.16,17:21,6.12,2003
23-06-2003,43.92,13:03,15.84,2003
24-06-2003,34.92,14:27,6.84,2003
25-06-2003,23.04,13:13,11.16,2003
26-06-2003,21.96,13:09,3.96,2003
27-06-2003,41.04,15:19,12.96,2003
28-06-2003,34.92,15:57,11.88,2003
29-06-2003,46.08,04:20,12.96,2003
30-06-2003,69.84,13:41,27,2003
01-07-2003,52.92,18:55,20.16,2003
02-07-2003,51.12,14:11,21.96,2003
03-07-2003,32.04,19:14,11.16,2003
04-07-2003,48.96,15:07,20.88,2003
05-07-2003,43.92,15:44,14.04,2003
06-07-2003,59.04,05:05,15.12,2003
07-07-2003,39.96,13:58,12.96,2003
08-07-2003,36,18:30,11.88,2003
09-07-2003,38.16,17:32,11.16,2003
10-07-2003,42.84,19:57,10.08,2003
11-07-2003,42.84,17:39,20.16,2003
12-07-2003,34.92,20:16,7.92,2003
13-07-2003,29.16,13:17,11.88,2003
14-07-2003,29.88,13:55,10.08,2003
15-07-2003,50.04,18:18,14.04,2003
16-07-2003,43.92,17:45,20.16,2003
17-07-2003,23.04,12:14,9,2003
18-07-2003,48.96,15:46,11.88,2003
19-07-2003,47.16,13:35,11.88,2003
20-07-2003,43.92,16:12,12.96,2003
21-07-2003,28.08,11:53,10.08,2003
22-07-2003,24.84,13:54,5.04,2003
23-07-2003,38.16,14:57,11.16,2003
24-07-2003,32.04,15:13,7.92,2003
25-07-2003,39.96,08:44,11.16,2003
26-07-2003,52.92,10:51,15.84,2003
27-07-2003,33.84,15:37,11.16,2003
28-07-2003,27,12:42,7.92,2003
29-07-2003,28.08,17:24,6.84,2003
30-07-2003,47.88,15:57,14.04,2003
31-07-2003,27,14:02,6.84,2003
01-08-2003,27,16:53,9,2003
02-08-2003,42.12,13:08,5.04,2003
03-08-2003,60.84,16:03,10.08,2003
04-08-2003,29.88,14:06,6.84,2003
05-08-2003,27,23:30,6.12,2003
06-08-2003,20.16,10:38,6.84,2003
07-08-2003,24.12,17:41,6.84,2003
08-08-2003,24.12,16:27,6.12,2003
09-08-2003,24.84,23:43,5.04,2003
10-08-2003,38.88,22:19,11.16,2003
11-08-2003,29.88,05:49,7.92,2003
12-08-2003,27,16:51,2.16,2003
13-08-2003,29.88,11:36,7.92,2003
14-08-2003,32.04,15:48,11.16,2003
15-08-2003,36,14:23,12.96,2003
16-08-2003,27,15:02,9,2003
17-08-2003,27,13:06,7.92,2003
18-08-2003,19.08,14:30,5.04,2003
19-08-2003,27,13:40,6.84,2003
20-08-2003,45,17:06,11.16,2003
21-08-2003,50.04,16:41,16.92,2003
22-08-2003,43.92,15:24,12.96,2003
23-08-2003,20.88,10:52,5.04,2003
24-08-2003,34.92,13:32,10.08,2003
25-08-2003,32.04,15:57,14.04,2003
26-08-2003,32.04,12:14,9,2003
27-08-2003,52.92,15:35,18,2003
28-08-2003,47.88,23:05,14.04,2003
29-08-2003,68.04,03:59,15.12,2003
30-08-2003,39.96,17:03,6.84,2003
31-08-2003,42.12,16:18,11.16,2003
01-09-2003,43.92,14:24,18,2003
02-09-2003,48.96,13:04,15.12,2003
03-09-2003,50.04,15:55,18,2003
04-09-2003,38.16,13:44,7.92,2003
05-09-2003,30.96,10:14,11.16,2003
06-09-2003,33.12,15:32,9,2003
07-09-2003,55.08,13:43,16.92,2003
08-09-2003,60.84,12:40,21.96,2003
09-09-2003,34.92,14:07,11.16,2003
10-09-2003,29.88,16:25,6.84,2003
11-09-2003,36,17:03,7.92,2003
12-09-2003,18,11:44,5.04,2003
13-09-2003,23.04,07:27,6.12,2003
14-09-2003,29.88,17:25,6.84,2003
15-09-2003,21.96,15:09,6.84,2003
16-09-2003,21.96,15:54,3.96,2003
17-09-2003,23.04,13:10,6.84,2003
18-09-2003,19.08,11:42,6.12,2003
19-09-2003,16.92,16:19,2.88,2003
20-09-2003,54,13:53,12.96,2003
21-09-2003,50.04,10:08,11.16,2003
22-09-2003,37.08,07:20,14.04,2003
23-09-2003,41.04,18:12,15.12,2003
24-09-2003,21.96,15:27,6.12,2003
25-09-2003,38.16,14:57,15.12,2003
26-09-2003,18,13:51,3.96,2003
27-09-2003,25.92,12:38,6.84,2003
28-09-2003,33.84,17:23,9,2003
29-09-2003,28.08,11:03,3.96,2003
30-09-2003,38.16,18:07,6.84,2003
01-10-2003,43.92,14:19,14.04,2003
02-10-2003,41.04,12:34,11.16,2003
03-10-2003,29.88,13:34,10.08,2003
04-10-2003,32.04,11:46,6.84,2003
05-10-2003,51.12,13:10,11.16,2003
06-10-2003,29.16,15:25,7.92,2003
07-10-2003,24.84,07:10,6.12,2003
08-10-2003,42.12,14:05,11.88,2003
09-10-2003,32.04,18:10,7.92,2003
10-10-2003,18,09:22,7.92,2003
11-10-2003,33.84,16:56,2.88,2003
12-10-2003,24.12,12:49,6.84,2003
13-10-2003,23.04,16:18,6.84,2003
14-10-2003,19.08,10:47,2.16,2003
15-10-2003,16.92,16:23,5.04,2003
16-10-2003,15.84,09:58,2.88,2003
17-10-2003,33.84,15:00,6.12,2003
18-10-2003,47.16,16:51,6.84,2003
19-10-2003,37.08,13:52,9,2003
20-10-2003,38.16,01:47,11.16,2003
21-10-2003,33.84,14:30,6.84,2003
22-10-2003,47.88,09:18,18,2003
23-10-2003,52.92,02:31,15.12,2003
24-10-2003,55.08,16:54,20.88,2003
25-10-2003,74.88,08:39,27,2003
26-10-2003,33.84,10:23,12.96,2003
27-10-2003,36,15:08,12.96,2003
28-10-2003,24.12,08:06,11.16,2003
29-10-2003,63,13:41,19.08,2003
30-10-2003,78.84,15:02,28.08,2003
31-10-2003,56.88,09:17,20.16,2003
01-11-2003,56.16,04:38,11.16,2003
02-11-2003,65.88,12:16,23.04,2003
03-11-2003,42.12,12:00,6.84,2003
04-11-2003,20.16,09:41,5.04,2003
05-11-2003,57.96,12:46,20.16,2003
06-11-2003,34.92,01:09,6.84,2003
07-11-2003,23.04,05:49,5.04,2003
08-11-2003,43.92,15:00,10.08,2003
09-11-2003,29.16,10:30,7.92,2003
10-11-2003,15.12,14:20,3.96,2003
11-11-2003,38.88,20:50,5.04,2003
12-11-2003,23.04,00:03,10.08,2003
13-11-2003,55.08,17:16,15.84,2003
14-11-2003,24.84,02:37,6.84,2003
15-11-2003,88.92,16:48,27,2003
16-11-2003,82.08,01:49,36,2003
17-11-2003,38.16,18:39,12.96,2003
18-11-2003,27,23:20,5.04,2003
19-11-2003,23.04,01:20,7.92,2003
20-11-2003,18,13:59,6.12,2003
21-11-2003,38.16,21:24,9,2003
22-11-2003,36,05:05,11.88,2003
23-11-2003,65.88,14:20,32.04,2003
24-11-2003,50.04,05:07,16.92,2003
25-11-2003,36,19:41,10.08,2003
26-11-2003,82.08,19:27,28.08,2003
27-11-2003,70.92,04:36,20.88,2003
28-11-2003,54,11:31,20.16,2003
29-11-2003,51.12,09:42,21.96,2003
30-11-2003,74.88,13:52,16.92,2003
01-12-2003,48.96,01:36,14.04,2003
02-12-2003,60.84,21:06,16.92,2003
03-12-2003,79.92,10:49,21.96,2003
04-12-2003,29.88,00:07,7.92,2003
05-12-2003,45,15:08,11.16,2003
06-12-2003,30.96,16:30,11.88,2003
07-12-2003,43.92,12:10,14.04,2003
08-12-2003,48.96,19:23,20.16,2003
09-12-2003,51.84,00:57,15.12,2003
10-12-2003,24.12,00:38,9,2003
11-12-2003,41.04,11:20,12.96,2003
12-12-2003,27,10:24,7.92,2003
13-12-2003,28.08,10:09,6.12,2003
14-12-2003,28.08,06:10,10.08,2003
15-12-2003,20.16,09:42,6.84,2003
16-12-2003,16.92,15:03,6.12,2003
17-12-2003,30.96,22:56,10.08,2003
18-12-2003,48.96,14:02,15.12,2003
19-12-2003,47.88,10:32,14.04,2003
20-12-2003,39.96,10:31,11.88,2003
21-12-2003,47.88,22:12,15.12,2003
22-12-2003,48.96,02:58,18,2003
23-12-2003,39.96,13:29,15.12,2003
24-12-2003,19.08,00:55,6.12,2003
25-12-2003,20.88,13:09,11.16,2003
26-12-2003,50.04,23:57,15.84,2003
27-12-2003,87.84,20:07,29.88,2003
28-12-2003,65.88,02:59,18,2003
29-12-2003,73.08,14:40,30.96,2003
30-12-2003,57.96,00:04,29.16,2003
31-12-2003,39.96,01:03,7.92,2003
01-01-2003,79.92,23:51,24.12,2003
02-01-2003,78.84,02:55,12.96,2003
03-01-2003,56.88,01:42,18,2003
04-01-2003,47.88,04:12,6.12,2003
05-01-2003,52.92,14:05,16.92,2003
06-01-2003,47.88,03:10,12.96,2003
07-01-2003,55.08,04:00,15.12,2003
08-01-2003,46.08,19:06,10.08,2003
09-01-2003,74.16,06:17,29.88,2003
10-01-2003,39.96,17:10,15.12,2003
11-01-2003,56.16,21:30,19.08,2003
12-01-2003,50.04,04:17,20.88,2003
13-01-2003,20.16,00:10,2.16,2003
14-01-2003,20.88,04:59,6.12,2003
15-01-2003,19.08,12:18,5.04,2003
16-01-2003,24.12,14:41,6.12,2003
17-01-2003,41.04,17:10,12.96,2003
18-01-2003,59.04,21:28,10.08,2003
19-01-2003,60.84,23:50,16.92,2003
20-01-2003,87.12,20:50,21.96,2003
21-01-2003,82.08,02:40,21.96,2003
22-01-2003,33.12,03:52,6.84,2003
23-01-2003,21.96,16:44,7.92,2003
24-01-2003,24.12,04:36,3.96,2003
25-01-2003,25.92,19:41,5.04,2003
26-01-2003,28.08,13:36,9,2003
27-01-2003,30.96,23:45,3.96,2003
28-01-2003,50.04,23:50,20.88,2003
29-01-2003,65.88,14:40,20.16,2003
30-01-2003,66.96,21:42,21.96,2003
31-01-2003,72,06:42,18,2003
01-02-2003,33.12,20:00,9,2003
02-02-2003,38.88,14:52,15.84,2003
03-02-2003,65.88,23:03,19.08,2003
04-02-2003,68.04,03:35,20.88,2003
05-02-2003,33.12,15:38,9,2003
06-02-2003,20.16,18:30,5.04,2003
07-02-2003,33.84,16:00,5.04,2003
08-02-2003,27,13:44,5.04,2003
09-02-2003,20.88,13:20,6.12,2003
10-02-2003,25.92,16:48,9,2003
11-02-2003,33.84,14:34,14.04,2003
12-02-2003,43.92,14:31,18,2003
13-02-2003,28.08,01:42,6.84,2003
14-02-2003,28.08,17:55,9,2003
15-02-2003,55.08,18:21,14.04,2003
16-02-2003,19.08,06:25,6.84,2003
17-02-2003,23.04,22:04,6.12,2003
18-02-2003,51.84,15:44,11.88,2003
19-02-2003,32.04,18:48,11.16,2003
20-02-2003,27,01:44,6.84,2003
21-02-2003,59.04,22:44,15.12,2003
22-02-2003,64.08,01:49,18,2003
23-02-2003,21.96,11:47,5.04,2003
24-02-2003,41.04,04:31,11.88,2003
25-02-2003,29.88,15:40,6.84,2003
26-02-2003,41.04,14:22,10.08,2003
27-02-2003,45,01:47,14.04,2003
28-02-2003,70.92,10:06,14.04,2003
01-03-2003,51.12,Varias,18,2003
02-03-2003,59.04,13:44,18,2003
03-03-2003,50.04,13:50,14.04,2003
04-03-2003,33.12,06:54,10.08,2003
05-03-2003,33.84,19:50,10.08,2003
06-03-2003,24.12,17:22,6.12,2003
07-03-2003,28.08,07:31,10.08,2003
08-03-2003,18,12:33,6.12,2003
09-03-2003,36,13:51,11.16,2003
10-03-2003,20.88,13:18,2.88,2003
11-03-2003,29.16,15:52,5.04,2003
12-03-2003,16.92,22:29,3.96,2003
13-03-2003,28.08,13:21,7.92,2003
14-03-2003,36,14:09,9,2003
15-03-2003,28.08,12:25,6.84,2003
16-03-2003,21.96,15:13,2.88,2003
17-03-2003,30.96,09:40,6.84,2003
18-03-2003,27,13:38,10.08,2003
19-03-2003,39.96,13:37,15.84,2003
20-03-2003,42.12,17:50,12.96,2003
21-03-2003,34.92,16:29,6.84,2003
22-03-2003,38.16,16:43,9,2003
23-03-2003,38.16,15:19,9,2003
24-03-2003,36,17:44,5.04,2003
25-03-2003,29.88,15:16,5.04,2003
26-03-2003,23.04,18:16,6.84,2003
27-03-2003,42.84,11:13,11.16,2003
28-03-2003,27,16:00,7.92,2003
29-03-2003,30.96,17:32,10.08,2003
30-03-2003,42.84,04:48,11.88,2003
31-03-2003,34.92,16:49,10.08,2003
01-04-2003,28.08,13:45,9,2003
02-04-2003,42.84,14:12,12.96,2003
03-04-2003,50.04,17:34,25.92,2003
04-04-2003,51.84,16:32,29.88,2003
05-04-2003,39.96,16:19,15.12,2003
06-04-2003,24.84,17:56,10.08,2003
07-04-2003,45,19:34,7.92,2003
08-04-2003,51.84,16:06,15.12,2003
09-04-2003,34.92,12:47,9,2003
10-04-2003,84.96,23:36,6.84,2003
11-04-2003,72,11:40,29.16,2003
12-04-2003,88.92,13:04,20.88,2003
13-04-2003,84.96,13:57,20.16,2003
14-04-2003,47.88,01:46,10.08,2003
15-04-2003,42.12,15:13,9,2003
16-04-2003,38.88,15:04,7.92,2003
17-04-2003,52.92,13:01,12.96,2003
18-04-2003,34.92,00:07,9,2003
19-04-2003,38.88,06:11,11.16,2003
20-04-2003,38.16,15:21,12.96,2003
21-04-2003,41.04,17:30,11.88,2003
22-04-2003,55.08,16:30,10.08,2003
23-04-2003,65.16,16:08,11.88,2003
24-04-2003,95.04,21:03,15.12,2003
25-04-2003,105.84,00:30,15.12,2003
26-04-2003,73.08,17:21,27,2003
27-04-2003,90,23:46,24.12,2003
28-04-2003,106.92,09:11,28.08,2003
29-04-2003,79.92,12:53,23.04,2003
30-04-2003,77.04,12:31,21.96,2003
01-05-2003,88.92,15:13,20.88,2003
02-05-2003,70.92,06:22,23.04,2003
03-05-2003,42.12,11:57,6.84,2003
04-05-2003,73.08,12:58,20.88,2003
05-05-2003,73.08,20:42,20.16,2003
06-05-2003,81,15:56,20.88,2003
07-05-2003,75.96,11:49,20.16,2003
08-05-2003,57.96,23:42,9,2003
09-05-2003,60.12,17:18,15.84,2003
10-05-2003,42.12,16:45,11.88,2003
11-05-2003,48.96,16:12,9,2003
12-05-2003,61.92,13:52,19.08,2003
13-05-2003,81,17:52,20.16,2003
14-05-2003,75.96,15:19,18,2003
15-05-2003,55.08,16:58,11.88,2003
16-05-2003,42.84,18:22,10.08,2003
17-05-2003,66.96,14:28,16.92,2003
18-05-2003,83.16,12:54,25.92,2003
19-05-2003,83.16,01:25,29.88,2003
20-05-2003,42.12,13:41,11.88,2003
21-05-2003,33.84,18:13,10.08,2003
22-05-2003,37.08,16:42,9,2003
23-05-2003,70.92,23:36,21.96,2003
24-05-2003,74.88,04:16,29.16,2003
25-05-2003,52.92,17:37,11.16,2003
26-05-2003,81,13:27,18,2003
27-05-2003,41.04,14:58,7.92,2003
28-05-2003,43.92,12:28,14.04,2003
29-05-2003,39.96,13:12,11.88,2003
30-05-2003,38.16,17:49,11.16,2003
31-05-2003,37.08,14:13,10.08,2003
01-06-2003,57.96,16:48,15.12,2003
02-06-2003,82.08,21:53,11.16,2003
03-06-2003,72,00:19,15.84,2003
04-06-2003,47.16,01:38,10.08,2003
05-06-2003,27,15:25,6.12,2003
06-06-2003,28.08,14:47,9,2003
07-06-2003,41.04,17:19,10.08,2003
08-06-2003,25.92,15:10,6.84,2003
09-06-2003,38.88,14:30,11.88,2003
10-06-2003,45,02:11,14.04,2003
11-06-2003,30.96,12:35,9,2003
12-06-2003,41.04,13:42,16.92,2003
13-06-2003,55.08,06:47,12.96,2003
14-06-2003,34.92,02:01,5.04,2003
15-06-2003,21.96,15:34,10.08,2003
16-06-2003,27,14:49,6.84,2003
17-06-2003,29.88,18:19,11.16,2003
18-06-2003,42.12,15:02,15.84,2003
19-06-2003,42.12,14:20,11.88,2003
20-06-2003,24.12,13:07,6.84,2003
21-06-2003,30.96,13:16,5.04,2003
22-06-2003,20.16,17:21,6.12,2003
23-06-2003,43.92,13:03,15.84,2003
24-06-2003,34.92,14:27,6.84,2003
25-06-2003,23.04,13:13,11.16,2003
26-06-2003,21.96,13:09,3.96,2003
27-06-2003,41.04,15:19,12.96,2003
28-06-2003,34.92,15:57,11.88,2003
29-06-2003,46.08,04:20,12.96,2003
30-06-2003,69.84,13:41,27,2003
01-07-2003,52.92,18:55,20.16,2003
02-07-2003,51.12,14:11,21.96,2003
03-07-2003,32.04,19:14,11.16,2003
04-07-2003,48.96,15:07,20.88,2003
05-07-2003,43.92,15:44,14.04,2003
06-07-2003,59.04,05:05,15.12,2003
07-07-2003,39.96,13:58,12.96,2003
08-07-2003,36,18:30,11.88,2003
09-07-2003,38.16,17:32,11.16,2003
10-07-2003,42.84,19:57,10.08,2003
11-07-2003,42.84,17:39,20.16,2003
12-07-2003,34.92,20:16,7.92,2003
13-07-2003,29.16,13:17,11.88,2003
14-07-2003,29.88,13:55,10.08,2003
15-07-2003,50.04,18:18,14.04,2003
16-07-2003,43.92,17:45,20.16,2003
17-07-2003,23.04,12:14,9,2003
18-07-2003,48.96,15:46,11.88,2003
19-07-2003,47.16,13:35,11.88,2003
20-07-2003,43.92,16:12,12.96,2003
21-07-2003,28.08,11:53,10.08,2003
22-07-2003,24.84,13:54,5.04,2003
23-07-2003,38.16,14:57,11.16,2003
24-07-2003,32.04,15:13,7.92,2003
25-07-2003,39.96,08:44,11.16,2003
26-07-2003,52.92,10:51,15.84,2003
27-07-2003,33.84,15:37,11.16,2003
28-07-2003,27,12:42,7.92,2003
29-07-2003,28.08,17:24,6.84,2003
30-07-2003,47.88,15:57,14.04,2003
31-07-2003,27,14:02,6.84,2003
01-08-2003,27,16:53,9,2003
02-08-2003,42.12,13:08,5.04,2003
03-08-2003,60.84,16:03,10.08,2003
04-08-2003,29.88,14:06,6.84,2003
05-08-2003,27,23:30,6.12,2003
06-08-2003,20.16,10:38,6.84,2003
07-08-2003,24.12,17:41,6.84,2003
08-08-2003,24.12,16:27,6.12,2003
09-08-2003,24.84,23:43,5.04,2003
10-08-2003,38.88,22:19,11.16,2003
11-08-2003,29.88,05:49,7.92,2003
12-08-2003,27,16:51,2.16,2003
13-08-2003,29.88,11:36,7.92,2003
14-08-2003,32.04,15:48,11.16,2003
15-08-2003,36,14:23,12.96,2003
16-08-2003,27,15:02,9,2003
17-08-2003,27,13:06,7.92,2003
18-08-2003,19.08,14:30,5.04,2003
19-08-2003,27,13:40,6.84,2003
20-08-2003,45,17:06,11.16,2003
21-08-2003,50.04,16:41,16.92,2003
22-08-2003,43.92,15:24,12.96,2003
23-08-2003,20.88,10:52,5.04,2003
24-08-2003,34.92,13:32,10.08,2003
25-08-2003,32.04,15:57,14.04,2003
26-08-2003,32.04,12:14,9,2003
27-08-2003,52.92,15:35,18,2003
28-08-2003,47.88,23:05,14.04,2003
29-08-2003,68.04,03:59,15.12,2003
30-08-2003,39.96,17:03,6.84,2003
31-08-2003,42.12,16:18,11.16,2003
01-09-2003,43.92,14:24,18,2003
02-09-2003,48.96,13:04,15.12,2003
03-09-2003,50.04,15:55,18,2003
04-09-2003,38.16,13:44,7.92,2003
05-09-2003,30.96,10:14,11.16,2003
06-09-2003,33.12,15:32,9,2003
07-09-2003,55.08,13:43,16.92,2003
08-09-2003,60.84,12:40,21.96,2003
09-09-2003,34.92,14:07,11.16,2003
10-09-2003,29.88,16:25,6.84,2003
11-09-2003,36,17:03,7.92,2003
12-09-2003,18,11:44,5.04,2003
13-09-2003,23.04,07:27,6.12,2003
14-09-2003,29.88,17:25,6.84,2003
15-09-2003,21.96,15:09,6.84,2003
16-09-2003,21.96,15:54,3.96,2003
17-09-2003,23.04,13:10,6.84,2003
18-09-2003,19.08,11:42,6.12,2003
19-09-2003,16.92,16:19,2.88,2003
20-09-2003,54,13:53,12.96,2003
21-09-2003,50.04,10:08,11.16,2003
22-09-2003,37.08,07:20,14.04,2003
23-09-2003,41.04,18:12,15.12,2003
24-09-2003,21.96,15:27,6.12,2003
25-09-2003,38.16,14:57,15.12,2003
26-09-2003,18,13:51,3.96,2003
27-09-2003,25.92,12:38,6.84,2003
28-09-2003,33.84,17:23,9,2003
29-09-2003,28.08,11:03,3.96,2003
30-09-2003,38.16,18:07,6.84,2003
01-10-2003,43.92,14:19,14.04,2003
02-10-2003,41.04,12:34,11.16,2003
03-10-2003,29.88,13:34,10.08,2003
04-10-2003,32.04,11:46,6.84,2003
05-10-2003,51.12,13:10,11.16,2003
06-10-2003,29.16,15:25,7.92,2003
07-10-2003,24.84,07:10,6.12,2003
08-10-2003,42.12,14:05,11.88,2003
09-10-2003,32.04,18:10,7.92,2003
10-10-2003,18,09:22,7.92,2003
11-10-2003,33.84,16:56,2.88,2003
12-10-2003,24.12,12:49,6.84,2003
13-10-2003,23.04,16:18,6.84,2003
14-10-2003,19.08,10:47,2.16,2003
15-10-2003,16.92,16:23,5.04,2003
16-10-2003,15.84,09:58,2.88,2003
17-10-2003,33.84,15:00,6.12,2003
18-10-2003,47.16,16:51,6.84,2003
19-10-2003,37.08,13:52,9,2003
20-10-2003,38.16,01:47,11.16,2003
21-10-2003,33.84,14:30,6.84,2003
22-10-2003,47.88,09:18,18,2003
23-10-2003,52.92,02:31,15.12,2003
24-10-2003,55.08,16:54,20.88,2003
25-10-2003,74.88,08:39,27,2003
26-10-2003,33.84,10:23,12.96,2003
27-10-2003,36,15:08,12.96,2003
28-10-2003,24.12,08:06,11.16,2003
29-10-2003,63,13:41,19.08,2003
30-10-2003,78.84,15:02,28.08,2003
31-10-2003,56.88,09:17,20.16,2003
01-11-2003,56.16,04:38,11.16,2003
02-11-2003,65.88,12:16,23.04,2003
03-11-2003,42.12,12:00,6.84,2003
04-11-2003,20.16,09:41,5.04,2003
05-11-2003,57.96,12:46,20.16,2003
06-11-2003,34.92,01:09,6.84,2003
07-11-2003,23.04,05:49,5.04,2003
08-11-2003,43.92,15:00,10.08,2003
09-11-2003,29.16,10:30,7.92,2003
10-11-2003,15.12,14:20,3.96,2003
11-11-2003,38.88,20:50,5.04,2003
12-11-2003,23.04,00:03,10.08,2003
13-11-2003,55.08,17:16,15.84,2003
14-11-2003,24.84,02:37,6.84,2003
15-11-2003,88.92,16:48,27,2003
16-11-2003,82.08,01:49,36,2003
17-11-2003,38.16,18:39,12.96,2003
18-11-2003,27,23:20,5.04,2003
19-11-2003,23.04,01:20,7.92,2003
20-11-2003,18,13:59,6.12,2003
21-11-2003,38.16,21:24,9,2003
22-11-2003,36,05:05,11.88,2003
23-11-2003,65.88,14:20,32.04,2003
24-11-2003,50.04,05:07,16.92,2003
25-11-2003,36,19:41,10.08,2003
26-11-2003,82.08,19:27,28.08,2003
27-11-2003,70.92,04:36,20.88,2003
28-11-2003,54,11:31,20.16,2003
29-11-2003,51.12,09:42,21.96,2003
30-11-2003,74.88,13:52,16.92,2003
01-12-2003,48.96,01:36,14.04,2003
02-12-2003,60.84,21:06,16.92,2003
03-12-2003,79.92,10:49,21.96,2003
04-12-2003,29.88,00:07,7.92,2003
05-12-2003,45,15:08,11.16,2003
06-12-2003,30.96,16:30,11.88,2003
07-12-2003,43.92,12:10,14.04,2003
08-12-2003,48.96,19:23,20.16,2003
09-12-2003,51.84,00:57,15.12,2003
10-12-2003,24.12,00:38,9,2003
11-12-2003,41.04,11:20,12.96,2003
12-12-2003,27,10:24,7.92,2003
13-12-2003,28.08,10:09,6.12,2003
14-12-2003,28.08,06:10,10.08,2003
15-12-2003,20.16,09:42,6.84,2003
16-12-2003,16.92,15:03,6.12,2003
17-12-2003,30.96,22:56,10.08,2003
18-12-2003,48.96,14:02,15.12,2003
19-12-2003,47.88,10:32,14.04,2003
20-12-2003,39.96,10:31,11.88,2003
21-12-2003,47.88,22:12,15.12,2003
22-12-2003,48.96,02:58,18,2003
23-12-2003,39.96,13:29,15.12,2003
24-12-2003,19.08,00:55,6.12,2003
25-12-2003,20.88,13:09,11.16,2003
26-12-2003,50.04,23:57,15.84,2003
27-12-2003,87.84,20:07,29.88,2003
28-12-2003,65.88,02:59,18,2003
29-12-2003,73.08,14:40,30.96,2003
30-12-2003,57.96,00:04,29.16,2003
31-12-2003,39.96,01:03,7.92,2003
01-01-2004,48.96,12:41,24.12,2004
02-01-2004,41.04,00:50,21.96,2004
03-01-2004,23.04,13:10,11.16,2004
04-01-2004,20.88,10:51,6.84,2004
05-01-2004,20.88,08:50,6.12,2004
06-01-2004,25.92,23:29,9,2004
07-01-2004,65.16,22:20,20.88,2004
08-01-2004,74.16,06:16,27,2004
09-01-2004,46.08,00:02,21.96,2004
10-01-2004,48.96,03:53,15.84,2004
11-01-2004,47.16,23:30,18,2004
12-01-2004,61.92,08:00,30.96,2004
13-01-2004,74.16,10:07,30.96,2004
14-01-2004,43.92,06:49,19.08,2004
15-01-2004,38.88,14:01,15.12,2004
16-01-2004,48.96,13:03,24.12,2004
17-01-2004,59.04,12:55,27,2004
18-01-2004,57.96,01:59,24.84,2004
19-01-2004,23.04,13:52,9,2004
20-01-2004,23.04,09:13,7.92,2004
21-01-2004,23.04,22:42,5.04,2004
22-01-2004,33.84,19:19,11.88,2004
23-01-2004,37.08,00:54,16.92,2004
24-01-2004,33.12,03:43,9,2004
25-01-2004,65.88,18:09,29.16,2004
26-01-2004,61.92,00:41,12.96,2004
27-01-2004,41.04,16:19,10.08,2004
28-01-2004,20.16,15:40,6.12,2004
29-01-2004,23.04,08:37,11.16,2004
30-01-2004,70.92,22:58,15.12,2004
31-01-2004,77.04,03:43,19.08,2004
01-02-2004,41.04,14:40,12.96,2004
02-02-2004,51.84,23:30,20.88,2004
03-02-2004,73.08,11:31,20.88,2004
04-02-2004,50.04,14:17,18,2004
05-02-2004,51.12,23:54,11.16,2004
06-02-2004,55.08,01:33,19.08,2004
07-02-2004,38.16,15:44,12.96,2004
08-02-2004,23.04,21:31,7.92,2004
09-02-2004,38.16,18:22,11.88,2004
10-02-2004,23.04,23:50,6.84,2004
11-02-2004,24.12,02:46,6.12,2004
12-02-2004,20.88,15:53,7.92,2004
13-02-2004,23.04,15:47,6.12,2004
14-02-2004,18,21:14,6.84,2004
15-02-2004,29.16,12:05,14.04,2004
16-02-2004,36,18:15,11.88,2004
17-02-2004,38.88,17:02,11.88,2004
18-02-2004,59.04,13:21,24.84,2004
19-02-2004,64.08,22:22,30.96,2004
20-02-2004,47.88,00:01,21.96,2004
21-02-2004,34.92,15:41,6.84,2004
22-02-2004,43.92,15:09,18,2004
23-02-2004,61.92,16:16,20.88,2004
24-02-2004,61.92,02:51,34.92,2004
25-02-2004,56.88,16:07,32.04,2004
26-02-2004,69.12,23:25,15.12,2004
27-02-2004,83.88,10:34,30.96,2004
28-02-2004,55.08,00:24,21.96,2004
29-02-2004,42.12,05:44,11.88,2004
01-03-2004,46.08,14:55,20.16,2004
02-03-2004,29.88,05:02,7.92,2004
03-03-2004,42.84,23:16,15.12,2004
04-03-2004,60.84,12:52,24.84,2004
05-03-2004,48.96,11:05,19.08,2004
06-03-2004,0,,19.08,2004
07-03-2004,0,,10.08,2004
08-03-2004,24.84,15:00,6.84,2004
09-03-2004,33.12,21:39,6.84,2004
10-03-2004,46.08,13:22,14.04,2004
11-03-2004,64.08,10:25,18,2004
12-03-2004,48.96,06:09,16.92,2004
13-03-2004,41.04,17:57,16.92,2004
14-03-2004,39.96,12:08,15.12,2004
15-03-2004,24.84,14:50,10.08,2004
16-03-2004,25.92,12:11,7.92,2004
17-03-2004,20.16,09:55,6.12,2004
18-03-2004,42.12,14:11,16.92,2004
19-03-2004,38.16,11:15,15.12,2004
20-03-2004,36,14:46,12.96,2004
21-03-2004,47.16,22:23,23.04,2004
22-03-2004,56.88,11:06,20.16,2004
23-03-2004,38.88,01:30,11.88,2004
24-03-2004,65.88,14:49,29.88,2004
25-03-2004,51.84,12:01,24.12,2004
26-03-2004,73.08,14:05,29.88,2004
27-03-2004,60.12,16:13,29.88,2004
28-03-2004,65.16,18:41,32.04,2004
29-03-2004,33.12,03:17,7.92,2004
30-03-2004,38.16,16:13,10.08,2004
31-03-2004,64.08,16:45,20.88,2004
01-04-2004,64.08,10:19,24.12,2004
02-04-2004,65.88,15:00,24.12,2004
03-04-2004,54,14:42,24.12,2004
04-04-2004,38.16,15:10,11.16,2004
05-04-2004,43.92,14:30,18,2004
06-04-2004,39.96,16:48,15.84,2004
07-04-2004,47.88,15:28,19.08,2004
08-04-2004,59.04,05:50,33.12,2004
09-04-2004,54,13:23,21.96,2004
10-04-2004,51.12,14:45,20.16,2004
11-04-2004,48.96,16:04,23.04,2004
12-04-2004,47.88,Varias,19.08,2004
13-04-2004,63,15:51,24.84,2004
14-04-2004,50.04,14:22,18,2004
15-04-2004,36,17:15,15.12,2004
16-04-2004,47.88,06:05,20.16,2004
17-04-2004,56.88,23:47,16.92,2004
18-04-2004,73.08,05:27,34.92,2004
19-04-2004,56.16,16:33,27,2004
20-04-2004,74.16,Varias,33.84,2004
21-04-2004,50.04,01:53,15.12,2004
22-04-2004,33.12,04:10,12.96,2004
23-04-2004,38.88,17:38,12.96,2004
24-04-2004,21.96,14:11,9,2004
25-04-2004,20.16,17:17,9,2004
26-04-2004,56.88,16:27,20.88,2004
27-04-2004,51.12,15:25,24.84,2004
28-04-2004,54,15:48,29.16,2004
29-04-2004,56.88,09:15,24.84,2004
30-04-2004,51.12,02:51,16.92,2004
01-05-2004,34.92,17:20,11.88,2004
02-05-2004,29.16,06:40,11.88,2004
03-05-2004,50.04,12:42,27,2004
04-05-2004,57.96,16:54,20.16,2004
05-05-2004,65.16,23:09,24.84,2004
06-05-2004,64.08,06:05,21.96,2004
07-05-2004,37.08,07:35,12.96,2004
08-05-2004,41.04,16:13,11.88,2004
09-05-2004,36,14:45,15.12,2004
10-05-2004,45,17:48,15.84,2004
11-05-2004,46.08,13:53,27,2004
12-05-2004,41.04,19:15,20.16,2004
13-05-2004,52.92,16:30,24.12,2004
14-05-2004,55.08,16:27,23.04,2004
15-05-2004,39.96,16:52,18,2004
16-05-2004,21.96,15:30,9,2004
17-05-2004,38.88,16:00,11.88,2004
18-05-2004,30.96,14:45,11.16,2004
19-05-2004,29.88,20:20,9,2004
20-05-2004,33.12,14:36,6.84,2004
21-05-2004,51.12,14:19,20.16,2004
22-05-2004,51.12,15:30,24.12,2004
23-05-2004,46.08,16:50,20.16,2004
24-05-2004,29.88,15:39,9,2004
25-05-2004,33.12,15:40,11.16,2004
26-05-2004,24.12,13:29,10.08,2004
27-05-2004,29.16,13:43,11.88,2004
28-05-2004,29.88,16:32,9,2004
29-05-2004,27,05:50,7.92,2004
30-05-2004,24.12,14:54,9,2004
31-05-2004,33.84,14:30,11.16,2004
01-06-2004,30.96,20:18,12.96,2004
02-06-2004,48.96,15:34,23.04,2004
03-06-2004,38.88,00:00,14.04,2004
04-06-2004,25.92,12:37,9,2004
05-06-2004,24.12,13:09,10.08,2004
06-06-2004,18,14:50,6.84,2004
07-06-2004,27,14:41,7.92,2004
08-06-2004,28.08,12:49,10.08,2004
09-06-2004,30.96,13:55,11.16,2004
10-06-2004,25.92,11:25,10.08,2004
11-06-2004,25.92,13:47,11.16,2004
12-06-2004,60.84,14:50,27,2004
13-06-2004,51.12,12:31,24.84,2004
14-06-2004,55.08,15:44,20.88,2004
15-06-2004,42.84,04:10,15.12,2004
16-06-2004,34.92,00:15,9,2004
17-06-2004,33.12,14:25,9,2004
18-06-2004,29.16,18:40,11.16,2004
19-06-2004,28.08,14:09,11.16,2004
20-06-2004,27,11:25,12.96,2004
21-06-2004,38.16,06:56,20.88,2004
22-06-2004,73.08,14:16,23.04,2004
23-06-2004,42.12,14:04,18,2004
24-06-2004,25.92,12:34,7.92,2004
25-06-2004,24.84,11:09,10.08,2004
26-06-2004,47.16,11:05,15.84,2004
27-06-2004,41.04,19:25,15.12,2004
28-06-2004,48.96,13:15,20.88,2004
29-06-2004,29.16,15:02,10.08,2004
30-06-2004,29.16,11:10,11.88,2004
01-07-2004,32.04,12:54,15.84,2004
02-07-2004,25.92,16:07,11.88,2004
03-07-2004,27,15:44,12.96,2004
04-07-2004,33.84,10:32,16.92,2004
05-07-2004,47.16,13:33,23.04,2004
06-07-2004,48.96,06:40,25.92,2004
07-07-2004,50.04,12:20,18,2004
08-07-2004,39.96,12:59,20.16,2004
09-07-2004,32.04,11:15,10.08,2004
10-07-2004,38.88,18:55,11.16,2004
11-07-2004,38.16,14:35,15.84,2004
12-07-2004,48.96,13:59,20.88,2004
13-07-2004,36,18:12,14.04,2004
14-07-2004,52.92,14:41,24.12,2004
15-07-2004,33.12,18:30,11.16,2004
16-07-2004,30.96,17:29,11.16,2004
17-07-2004,50.04,16:11,11.88,2004
18-07-2004,18,11:34,7.92,2004
19-07-2004,32.04,15:50,10.08,2004
20-07-2004,33.84,12:53,11.16,2004
21-07-2004,24.12,19:02,11.16,2004
22-07-2004,29.88,14:34,9,2004
23-07-2004,27,15:30,9,2004
24-07-2004,20.88,17:35,11.16,2004
25-07-2004,34.92,17:58,12.96,2004
26-07-2004,32.04,20:37,10.08,2004
27-07-2004,34.92,13:48,12.96,2004
28-07-2004,29.88,14:42,10.08,2004
29-07-2004,33.84,13:43,11.88,2004
30-07-2004,28.08,20:10,9,2004
31-07-2004,24.84,15:12,10.08,2004
01-08-2004,29.88,13:04,11.16,2004
02-08-2004,42.84,16:41,15.84,2004
03-08-2004,42.12,18:02,15.12,2004
04-08-2004,24.84,14:10,10.08,2004
05-08-2004,30.96,15:11,14.04,2004
06-08-2004,29.88,18:03,10.08,2004
07-08-2004,38.88,19:28,11.88,2004
08-08-2004,51.12,02:03,20.16,2004
09-08-2004,38.88,12:24,12.96,2004
10-08-2004,52.92,17:45,16.92,2004
11-08-2004,66.96,14:51,23.04,2004
12-08-2004,51.84,02:11,19.08,2004
13-08-2004,38.16,14:27,15.12,2004
14-08-2004,45,16:40,11.88,2004
15-08-2004,25.92,18:40,10.08,2004
16-08-2004,47.88,14:26,23.04,2004
17-08-2004,65.88,15:44,27,2004
18-08-2004,83.16,10:36,24.12,2004
19-08-2004,50.04,14:59,23.04,2004
20-08-2004,45,10:46,19.08,2004
21-08-2004,32.04,14:40,11.88,2004
22-08-2004,37.08,17:09,9,2004
23-08-2004,42.12,16:56,21.96,2004
24-08-2004,27,05:16,11.16,2004
25-08-2004,27,21:04,12.96,2004
26-08-2004,46.08,16:27,18,2004
27-08-2004,38.88,11:15,20.16,2004
28-08-2004,25.92,14:31,11.16,2004
29-08-2004,28.08,22:10,6.84,2004
30-08-2004,47.16,15:48,20.16,2004
31-08-2004,33.84,15:20,12.96,2004
01-09-2004,27,13:22,10.08,2004
02-09-2004,43.92,14:44,14.04,2004
03-09-2004,47.16,17:24,21.96,2004
04-09-2004,32.04,14:12,11.88,2004
05-09-2004,28.08,11:08,3.96,2004
06-09-2004,34.92,16:19,11.88,2004
07-09-2004,29.88,17:45,9,2004
08-09-2004,23.04,16:40,7.92,2004
09-09-2004,28.08,17:23,7.92,2004
10-09-2004,41.04,14:27,14.04,2004
11-09-2004,37.08,15:11,10.08,2004
12-09-2004,24.84,13:40,9,2004
13-09-2004,52.92,13:43,18,2004
14-09-2004,30.96,12:19,12.96,2004
15-09-2004,38.16,16:09,15.12,2004
16-09-2004,27,14:00,6.12,2004
17-09-2004,29.16,15:43,6.84,2004
18-09-2004,38.16,12:59,15.84,2004
19-09-2004,47.16,13:30,19.08,2004
20-09-2004,37.08,13:50,18,2004
21-09-2004,39.96,19:28,16.92,2004
22-09-2004,42.84,14:15,19.08,2004
23-09-2004,39.96,15:28,18,2004
24-09-2004,48.96,15:12,18,2004
25-09-2004,41.04,07:30,24.12,2004
26-09-2004,38.88,00:18,6.84,2004
27-09-2004,24.12,19:30,6.84,2004
28-09-2004,27,13:50,7.92,2004
29-09-2004,32.04,13:04,11.16,2004
30-09-2004,30.96,15:25,11.88,2004
01-10-2004,24.84,14:46,6.84,2004
02-10-2004,28.08,15:50,9,2004
03-10-2004,21.96,12:46,11.16,2004
04-10-2004,42.12,13:37,18,2004
05-10-2004,25.92,04:15,7.92,2004
06-10-2004,38.88,13:01,14.04,2004
07-10-2004,20.88,15:50,6.12,2004
08-10-2004,73.08,20:30,5.04,2004
09-10-2004,78.84,17:29,29.88,2004
10-10-2004,73.08,08:21,28.08,2004
11-10-2004,33.12,07:25,15.12,2004
12-10-2004,38.88,11:48,14.04,2004
13-10-2004,52.92,18:17,20.16,2004
14-10-2004,45,13:06,19.08,2004
15-10-2004,52.92,17:14,21.96,2004
16-10-2004,60.84,03:08,15.12,2004
17-10-2004,36,12:37,18,2004
18-10-2004,20.88,21:32,7.92,2004
19-10-2004,65.88,19:11,9,2004
20-10-2004,83.16,12:30,27,2004
21-10-2004,37.08,12:08,15.12,2004
22-10-2004,61.92,13:56,21.96,2004
23-10-2004,74.88,12:09,28.08,2004
24-10-2004,61.92,12:56,18,2004
25-10-2004,29.88,12:30,10.08,2004
26-10-2004,92.16,21:43,15.12,2004
27-10-2004,65.16,11:53,29.88,2004
28-10-2004,69.84,14:39,30.96,2004
29-10-2004,50.04,10:49,20.16,2004
30-10-2004,63,20:40,28.08,2004
31-10-2004,56.88,05:15,21.96,2004
01-11-2004,32.04,16:41,10.08,2004
02-11-2004,39.96,22:07,9,2004
03-11-2004,42.84,10:50,9,2004
04-11-2004,38.16,21:30,11.16,2004
05-11-2004,50.04,12:23,20.88,2004
06-11-2004,47.16,16:39,20.16,2004
07-11-2004,56.16,14:25,25.92,2004
08-11-2004,45,12:59,19.08,2004
09-11-2004,60.84,23:56,21.96,2004
10-11-2004,65.88,04:50,25.92,2004
11-11-2004,64.08,00:30,32.04,2004
12-11-2004,45,03:18,21.96,2004
13-11-2004,56.88,17:23,19.08,2004
14-11-2004,52.92,23:15,25.92,2004
15-11-2004,48.96,05:18,24.84,2004
16-11-2004,34.92,16:27,11.16,2004
17-11-2004,30.96,17:57,11.16,2004
18-11-2004,24.12,19:36,5.04,2004
19-11-2004,15.84,11:04,6.84,2004
20-11-2004,18,03:33,6.12,2004
21-11-2004,19.08,02:16,6.12,2004
22-11-2004,20.16,14:19,6.84,2004
23-11-2004,14.04,05:30,6.12,2004
24-11-2004,16.92,07:20,6.12,2004
25-11-2004,20.88,23:15,6.84,2004
26-11-2004,15.12,00:22,3.96,2004
27-11-2004,32.04,10:30,9,2004
28-11-2004,37.08,23:12,9,2004
29-11-2004,29.88,00:07,9,2004
30-11-2004,29.88,18:10,10.08,2004
01-12-2004,23.04,10:25,11.88,2004
02-12-2004,43.92,17:30,12.96,2004
03-12-2004,37.08,13:27,15.12,2004
04-12-2004,46.08,13:25,20.88,2004
05-12-2004,45,14:18,23.04,2004
06-12-2004,39.96,17:14,11.16,2004
07-12-2004,39.96,15:44,6.84,2004
08-12-2004,27,07:21,7.92,2004
09-12-2004,24.12,06:27,6.84,2004
10-12-2004,20.88,23:59,3.96,2004
11-12-2004,24.84,21:04,7.92,2004
12-12-2004,24.84,23:54,10.08,2004
13-12-2004,34.92,12:07,11.88,2004
14-12-2004,20.88,04:50,6.84,2004
15-12-2004,21.96,23:47,6.84,2004
16-12-2004,33.12,10:17,11.88,2004
17-12-2004,48.96,14:30,20.16,2004
18-12-2004,52.92,18:04,18,2004
19-12-2004,64.08,07:40,23.04,2004
20-12-2004,41.04,04:22,12.96,2004
21-12-2004,60.84,11:15,28.08,2004
22-12-2004,42.12,01:00,10.08,2004
23-12-2004,24.84,17:50,9,2004
24-12-2004,51.12,23:38,18,2004
25-12-2004,78.12,18:22,28.08,2004
26-12-2004,79.92,16:55,37.08,2004
27-12-2004,78.12,01:28,14.04,2004
28-12-2004,60.12,09:42,16.92,2004
29-12-2004,30.96,00:00,6.12,2004
30-12-2004,23.04,14:54,2.88,2004
31-12-2004,23.04,08:39,5.04,2004
01-01-2004,48.96,12:41,24.12,2004
02-01-2004,41.04,00:50,21.96,2004
03-01-2004,23.04,13:10,11.16,2004
04-01-2004,20.88,10:51,6.84,2004
05-01-2004,20.88,08:50,6.12,2004
06-01-2004,25.92,23:29,9,2004
07-01-2004,65.16,22:20,20.88,2004
08-01-2004,74.16,06:16,27,2004
09-01-2004,46.08,00:02,21.96,2004
10-01-2004,48.96,03:53,15.84,2004
11-01-2004,47.16,23:30,18,2004
12-01-2004,61.92,08:00,30.96,2004
13-01-2004,74.16,10:07,30.96,2004
14-01-2004,43.92,06:49,19.08,2004
15-01-2004,38.88,14:01,15.12,2004
16-01-2004,48.96,13:03,24.12,2004
17-01-2004,59.04,12:55,27,2004
18-01-2004,57.96,01:59,24.84,2004
19-01-2004,23.04,13:52,9,2004
20-01-2004,23.04,09:13,7.92,2004
21-01-2004,23.04,22:42,5.04,2004
22-01-2004,33.84,19:19,11.88,2004
23-01-2004,37.08,00:54,16.92,2004
24-01-2004,33.12,03:43,9,2004
25-01-2004,65.88,18:09,29.16,2004
26-01-2004,61.92,00:41,12.96,2004
27-01-2004,41.04,16:19,10.08,2004
28-01-2004,20.16,15:40,6.12,2004
29-01-2004,23.04,08:37,11.16,2004
30-01-2004,70.92,22:58,15.12,2004
31-01-2004,77.04,03:43,19.08,2004
01-02-2004,41.04,14:40,12.96,2004
02-02-2004,51.84,23:30,20.88,2004
03-02-2004,73.08,11:31,20.88,2004
04-02-2004,50.04,14:17,18,2004
05-02-2004,51.12,23:54,11.16,2004
06-02-2004,55.08,01:33,19.08,2004
07-02-2004,38.16,15:44,12.96,2004
08-02-2004,23.04,21:31,7.92,2004
09-02-2004,38.16,18:22,11.88,2004
10-02-2004,23.04,23:50,6.84,2004
11-02-2004,24.12,02:46,6.12,2004
12-02-2004,20.88,15:53,7.92,2004
13-02-2004,23.04,15:47,6.12,2004
14-02-2004,18,21:14,6.84,2004
15-02-2004,29.16,12:05,14.04,2004
16-02-2004,36,18:15,11.88,2004
17-02-2004,38.88,17:02,11.88,2004
18-02-2004,59.04,13:21,24.84,2004
19-02-2004,64.08,22:22,30.96,2004
20-02-2004,47.88,00:01,21.96,2004
21-02-2004,34.92,15:41,6.84,2004
22-02-2004,43.92,15:09,18,2004
23-02-2004,61.92,16:16,20.88,2004
24-02-2004,61.92,02:51,34.92,2004
25-02-2004,56.88,16:07,32.04,2004
26-02-2004,69.12,23:25,15.12,2004
27-02-2004,83.88,10:34,30.96,2004
28-02-2004,55.08,00:24,21.96,2004
29-02-2004,42.12,05:44,11.88,2004
01-03-2004,46.08,14:55,20.16,2004
02-03-2004,29.88,05:02,7.92,2004
03-03-2004,42.84,23:16,15.12,2004
04-03-2004,60.84,12:52,24.84,2004
05-03-2004,48.96,11:05,19.08,2004
06-03-2004,0,,19.08,2004
07-03-2004,0,,10.08,2004
08-03-2004,24.84,15:00,6.84,2004
09-03-2004,33.12,21:39,6.84,2004
10-03-2004,46.08,13:22,14.04,2004
11-03-2004,64.08,10:25,18,2004
12-03-2004,48.96,06:09,16.92,2004
13-03-2004,41.04,17:57,16.92,2004
14-03-2004,39.96,12:08,15.12,2004
15-03-2004,24.84,14:50,10.08,2004
16-03-2004,25.92,12:11,7.92,2004
17-03-2004,20.16,09:55,6.12,2004
18-03-2004,42.12,14:11,16.92,2004
19-03-2004,38.16,11:15,15.12,2004
20-03-2004,36,14:46,12.96,2004
21-03-2004,47.16,22:23,23.04,2004
22-03-2004,56.88,11:06,20.16,2004
23-03-2004,38.88,01:30,11.88,2004
24-03-2004,65.88,14:49,29.88,2004
25-03-2004,51.84,12:01,24.12,2004
26-03-2004,73.08,14:05,29.88,2004
27-03-2004,60.12,16:13,29.88,2004
28-03-2004,65.16,18:41,32.04,2004
29-03-2004,33.12,03:17,7.92,2004
30-03-2004,38.16,16:13,10.08,2004
31-03-2004,64.08,16:45,20.88,2004
01-04-2004,64.08,10:19,24.12,2004
02-04-2004,65.88,15:00,24.12,2004
03-04-2004,54,14:42,24.12,2004
04-04-2004,38.16,15:10,11.16,2004
05-04-2004,43.92,14:30,18,2004
06-04-2004,39.96,16:48,15.84,2004
07-04-2004,47.88,15:28,19.08,2004
08-04-2004,59.04,05:50,33.12,2004
09-04-2004,54,13:23,21.96,2004
10-04-2004,51.12,14:45,20.16,2004
11-04-2004,48.96,16:04,23.04,2004
12-04-2004,47.88,Varias,19.08,2004
13-04-2004,63,15:51,24.84,2004
14-04-2004,50.04,14:22,18,2004
15-04-2004,36,17:15,15.12,2004
16-04-2004,47.88,06:05,20.16,2004
17-04-2004,56.88,23:47,16.92,2004
18-04-2004,73.08,05:27,34.92,2004
19-04-2004,56.16,16:33,27,2004
20-04-2004,74.16,Varias,33.84,2004
21-04-2004,50.04,01:53,15.12,2004
22-04-2004,33.12,04:10,12.96,2004
23-04-2004,38.88,17:38,12.96,2004
24-04-2004,21.96,14:11,9,2004
25-04-2004,20.16,17:17,9,2004
26-04-2004,56.88,16:27,20.88,2004
27-04-2004,51.12,15:25,24.84,2004
28-04-2004,54,15:48,29.16,2004
29-04-2004,56.88,09:15,24.84,2004
30-04-2004,51.12,02:51,16.92,2004
01-05-2004,34.92,17:20,11.88,2004
02-05-2004,29.16,06:40,11.88,2004
03-05-2004,50.04,12:42,27,2004
04-05-2004,57.96,16:54,20.16,2004
05-05-2004,65.16,23:09,24.84,2004
06-05-2004,64.08,06:05,21.96,2004
07-05-2004,37.08,07:35,12.96,2004
08-05-2004,41.04,16:13,11.88,2004
09-05-2004,36,14:45,15.12,2004
10-05-2004,45,17:48,15.84,2004
11-05-2004,46.08,13:53,27,2004
12-05-2004,41.04,19:15,20.16,2004
13-05-2004,52.92,16:30,24.12,2004
14-05-2004,55.08,16:27,23.04,2004
15-05-2004,39.96,16:52,18,2004
16-05-2004,21.96,15:30,9,2004
17-05-2004,38.88,16:00,11.88,2004
18-05-2004,30.96,14:45,11.16,2004
19-05-2004,29.88,20:20,9,2004
20-05-2004,33.12,14:36,6.84,2004
21-05-2004,51.12,14:19,20.16,2004
22-05-2004,51.12,15:30,24.12,2004
23-05-2004,46.08,16:50,20.16,2004
24-05-2004,29.88,15:39,9,2004
25-05-2004,33.12,15:40,11.16,2004
26-05-2004,24.12,13:29,10.08,2004
27-05-2004,29.16,13:43,11.88,2004
28-05-2004,29.88,16:32,9,2004
29-05-2004,27,05:50,7.92,2004
30-05-2004,24.12,14:54,9,2004
31-05-2004,33.84,14:30,11.16,2004
01-06-2004,30.96,20:18,12.96,2004
02-06-2004,48.96,15:34,23.04,2004
03-06-2004,38.88,00:00,14.04,2004
04-06-2004,25.92,12:37,9,2004
05-06-2004,24.12,13:09,10.08,2004
06-06-2004,18,14:50,6.84,2004
07-06-2004,27,14:41,7.92,2004
08-06-2004,28.08,12:49,10.08,2004
09-06-2004,30.96,13:55,11.16,2004
10-06-2004,25.92,11:25,10.08,2004
11-06-2004,25.92,13:47,11.16,2004
12-06-2004,60.84,14:50,27,2004
13-06-2004,51.12,12:31,24.84,2004
14-06-2004,55.08,15:44,20.88,2004
15-06-2004,42.84,04:10,15.12,2004
16-06-2004,34.92,00:15,9,2004
17-06-2004,33.12,14:25,9,2004
18-06-2004,29.16,18:40,11.16,2004
19-06-2004,28.08,14:09,11.16,2004
20-06-2004,27,11:25,12.96,2004
21-06-2004,38.16,06:56,20.88,2004
22-06-2004,73.08,14:16,23.04,2004
23-06-2004,42.12,14:04,18,2004
24-06-2004,25.92,12:34,7.92,2004
25-06-2004,24.84,11:09,10.08,2004
26-06-2004,47.16,11:05,15.84,2004
27-06-2004,41.04,19:25,15.12,2004
28-06-2004,48.96,13:15,20.88,2004
29-06-2004,29.16,15:02,10.08,2004
30-06-2004,29.16,11:10,11.88,2004
01-07-2004,32.04,12:54,15.84,2004
02-07-2004,25.92,16:07,11.88,2004
03-07-2004,27,15:44,12.96,2004
04-07-2004,33.84,10:32,16.92,2004
05-07-2004,47.16,13:33,23.04,2004
06-07-2004,48.96,06:40,25.92,2004
07-07-2004,50.04,12:20,18,2004
08-07-2004,39.96,12:59,20.16,2004
09-07-2004,32.04,11:15,10.08,2004
10-07-2004,38.88,18:55,11.16,2004
11-07-2004,38.16,14:35,15.84,2004
12-07-2004,48.96,13:59,20.88,2004
13-07-2004,36,18:12,14.04,2004
14-07-2004,52.92,14:41,24.12,2004
15-07-2004,33.12,18:30,11.16,2004
16-07-2004,30.96,17:29,11.16,2004
17-07-2004,50.04,16:11,11.88,2004
18-07-2004,18,11:34,7.92,2004
19-07-2004,32.04,15:50,10.08,2004
20-07-2004,33.84,12:53,11.16,2004
21-07-2004,24.12,19:02,11.16,2004
22-07-2004,29.88,14:34,9,2004
23-07-2004,27,15:30,9,2004
24-07-2004,20.88,17:35,11.16,2004
25-07-2004,34.92,17:58,12.96,2004
26-07-2004,32.04,20:37,10.08,2004
27-07-2004,34.92,13:48,12.96,2004
28-07-2004,29.88,14:42,10.08,2004
29-07-2004,33.84,13:43,11.88,2004
30-07-2004,28.08,20:10,9,2004
31-07-2004,24.84,15:12,10.08,2004
01-08-2004,29.88,13:04,11.16,2004
02-08-2004,42.84,16:41,15.84,2004
03-08-2004,42.12,18:02,15.12,2004
04-08-2004,24.84,14:10,10.08,2004
05-08-2004,30.96,15:11,14.04,2004
06-08-2004,29.88,18:03,10.08,2004
07-08-2004,38.88,19:28,11.88,2004
08-08-2004,51.12,02:03,20.16,2004
09-08-2004,38.88,12:24,12.96,2004
10-08-2004,52.92,17:45,16.92,2004
11-08-2004,66.96,14:51,23.04,2004
12-08-2004,51.84,02:11,19.08,2004
13-08-2004,38.16,14:27,15.12,2004
14-08-2004,45,16:40,11.88,2004
15-08-2004,25.92,18:40,10.08,2004
16-08-2004,47.88,14:26,23.04,2004
17-08-2004,65.88,15:44,27,2004
18-08-2004,83.16,10:36,24.12,2004
19-08-2004,50.04,14:59,23.04,2004
20-08-2004,45,10:46,19.08,2004
21-08-2004,32.04,14:40,11.88,2004
22-08-2004,37.08,17:09,9,2004
23-08-2004,42.12,16:56,21.96,2004
24-08-2004,27,05:16,11.16,2004
25-08-2004,27,21:04,12.96,2004
26-08-2004,46.08,16:27,18,2004
27-08-2004,38.88,11:15,20.16,2004
28-08-2004,25.92,14:31,11.16,2004
29-08-2004,28.08,22:10,6.84,2004
30-08-2004,47.16,15:48,20.16,2004
31-08-2004,33.84,15:20,12.96,2004
01-09-2004,27,13:22,10.08,2004
02-09-2004,43.92,14:44,14.04,2004
03-09-2004,47.16,17:24,21.96,2004
04-09-2004,32.04,14:12,11.88,2004
05-09-2004,28.08,11:08,3.96,2004
06-09-2004,34.92,16:19,11.88,2004
07-09-2004,29.88,17:45,9,2004
08-09-2004,23.04,16:40,7.92,2004
09-09-2004,28.08,17:23,7.92,2004
10-09-2004,41.04,14:27,14.04,2004
11-09-2004,37.08,15:11,10.08,2004
12-09-2004,24.84,13:40,9,2004
13-09-2004,52.92,13:43,18,2004
14-09-2004,30.96,12:19,12.96,2004
15-09-2004,38.16,16:09,15.12,2004
16-09-2004,27,14:00,6.12,2004
17-09-2004,29.16,15:43,6.84,2004
18-09-2004,38.16,12:59,15.84,2004
19-09-2004,47.16,13:30,19.08,2004
20-09-2004,37.08,13:50,18,2004
21-09-2004,39.96,19:28,16.92,2004
22-09-2004,42.84,14:15,19.08,2004
23-09-2004,39.96,15:28,18,2004
24-09-2004,48.96,15:12,18,2004
25-09-2004,41.04,07:30,24.12,2004
26-09-2004,38.88,00:18,6.84,2004
27-09-2004,24.12,19:30,6.84,2004
28-09-2004,27,13:50,7.92,2004
29-09-2004,32.04,13:04,11.16,2004
30-09-2004,30.96,15:25,11.88,2004
01-10-2004,24.84,14:46,6.84,2004
02-10-2004,28.08,15:50,9,2004
03-10-2004,21.96,12:46,11.16,2004
04-10-2004,42.12,13:37,18,2004
05-10-2004,25.92,04:15,7.92,2004
06-10-2004,38.88,13:01,14.04,2004
07-10-2004,20.88,15:50,6.12,2004
08-10-2004,73.08,20:30,5.04,2004
09-10-2004,78.84,17:29,29.88,2004
10-10-2004,73.08,08:21,28.08,2004
11-10-2004,33.12,07:25,15.12,2004
12-10-2004,38.88,11:48,14.04,2004
13-10-2004,52.92,18:17,20.16,2004
14-10-2004,45,13:06,19.08,2004
15-10-2004,52.92,17:14,21.96,2004
16-10-2004,60.84,03:08,15.12,2004
17-10-2004,36,12:37,18,2004
18-10-2004,20.88,21:32,7.92,2004
19-10-2004,65.88,19:11,9,2004
20-10-2004,83.16,12:30,27,2004
21-10-2004,37.08,12:08,15.12,2004
22-10-2004,61.92,13:56,21.96,2004
23-10-2004,74.88,12:09,28.08,2004
24-10-2004,61.92,12:56,18,2004
25-10-2004,29.88,12:30,10.08,2004
26-10-2004,92.16,21:43,15.12,2004
27-10-2004,65.16,11:53,29.88,2004
28-10-2004,69.84,14:39,30.96,2004
29-10-2004,50.04,10:49,20.16,2004
30-10-2004,63,20:40,28.08,2004
31-10-2004,56.88,05:15,21.96,2004
01-11-2004,32.04,16:41,10.08,2004
02-11-2004,39.96,22:07,9,2004
03-11-2004,42.84,10:50,9,2004
04-11-2004,38.16,21:30,11.16,2004
05-11-2004,50.04,12:23,20.88,2004
06-11-2004,47.16,16:39,20.16,2004
07-11-2004,56.16,14:25,25.92,2004
08-11-2004,45,12:59,19.08,2004
09-11-2004,60.84,23:56,21.96,2004
10-11-2004,65.88,04:50,25.92,2004
11-11-2004,64.08,00:30,32.04,2004
12-11-2004,45,03:18,21.96,2004
13-11-2004,56.88,17:23,19.08,2004
14-11-2004,52.92,23:15,25.92,2004
15-11-2004,48.96,05:18,24.84,2004
16-11-2004,34.92,16:27,11.16,2004
17-11-2004,30.96,17:57,11.16,2004
18-11-2004,24.12,19:36,5.04,2004
19-11-2004,15.84,11:04,6.84,2004
20-11-2004,18,03:33,6.12,2004
21-11-2004,19.08,02:16,6.12,2004
22-11-2004,20.16,14:19,6.84,2004
23-11-2004,14.04,05:30,6.12,2004
24-11-2004,16.92,07:20,6.12,2004
25-11-2004,20.88,23:15,6.84,2004
26-11-2004,15.12,00:22,3.96,2004
27-11-2004,32.04,10:30,9,2004
28-11-2004,37.08,23:12,9,2004
29-11-2004,29.88,00:07,9,2004
30-11-2004,29.88,18:10,10.08,2004
01-12-2004,23.04,10:25,11.88,2004
02-12-2004,43.92,17:30,12.96,2004
03-12-2004,37.08,13:27,15.12,2004
04-12-2004,46.08,13:25,20.88,2004
05-12-2004,45,14:18,23.04,2004
06-12-2004,39.96,17:14,11.16,2004
07-12-2004,39.96,15:44,6.84,2004
08-12-2004,27,07:21,7.92,2004
09-12-2004,24.12,06:27,6.84,2004
10-12-2004,20.88,23:59,3.96,2004
11-12-2004,24.84,21:04,7.92,2004
12-12-2004,24.84,23:54,10.08,2004
13-12-2004,34.92,12:07,11.88,2004
14-12-2004,20.88,04:50,6.84,2004
15-12-2004,21.96,23:47,6.84,2004
16-12-2004,33.12,10:17,11.88,2004
17-12-2004,48.96,14:30,20.16,2004
18-12-2004,52.92,18:04,18,2004
19-12-2004,64.08,07:40,23.04,2004
20-12-2004,41.04,04:22,12.96,2004
21-12-2004,60.84,11:15,28.08,2004
22-12-2004,42.12,01:00,10.08,2004
23-12-2004,24.84,17:50,9,2004
24-12-2004,51.12,23:38,18,2004
25-12-2004,78.12,18:22,28.08,2004
26-12-2004,79.92,16:55,37.08,2004
27-12-2004,78.12,01:28,14.04,2004
28-12-2004,60.12,09:42,16.92,2004
29-12-2004,30.96,00:00,6.12,2004
30-12-2004,23.04,14:54,2.88,2004
31-12-2004,23.04,08:39,5.04,2004
01-01-2005,23.04,17:18,6.12,2005
02-01-2005,29.88,14:58,10.08,2005
03-01-2005,23.04,07:28,3.96,2005
04-01-2005,27,14:09,11.16,2005
05-01-2005,36,10:55,11.88,2005
06-01-2005,23.04,06:59,6.84,2005
07-01-2005,32.04,23:33,6.84,2005
08-01-2005,54,04:53,16.92,2005
09-01-2005,41.04,21:57,12.96,2005
10-01-2005,59.04,14:30,23.04,2005
11-01-2005,51.12,13:06,24.12,2005
12-01-2005,39.96,01:05,6.84,2005
13-01-2005,37.08,19:49,6.84,2005
14-01-2005,50.04,10:37,14.04,2005
15-01-2005,56.88,02:41,18,2005
16-01-2005,23.04,00:04,10.08,2005
17-01-2005,38.88,23:32,7.92,2005
18-01-2005,61.92,14:50,24.84,2005
19-01-2005,38.88,11:35,11.88,2005
20-01-2005,25.92,15:55,11.88,2005
21-01-2005,38.16,16:52,16.92,2005
22-01-2005,36,18:04,15.12,2005
23-01-2005,50.04,23:31,12.96,2005
24-01-2005,64.08,10:14,32.04,2005
25-01-2005,54,11:54,23.04,2005
26-01-2005,74.16,11:19,30.96,2005
27-01-2005,66.96,06:53,25.92,2005
28-01-2005,46.08,16:28,10.08,2005
29-01-2005,48.96,12:22,18,2005
30-01-2005,60.12,16:30,28.08,2005
31-01-2005,45,16:23,18,2005
01-02-2005,45,15:45,21.96,2005
02-02-2005,52.92,17:24,24.84,2005
03-02-2005,50.04,15:32,18,2005
04-02-2005,29.88,16:56,14.04,2005
05-02-2005,45,22:54,5.04,2005
06-02-2005,23.04,17:05,9,2005
07-02-2005,20.88,13:58,9,2005
08-02-2005,27,16:31,7.92,2005
09-02-2005,36,15:50,5.04,2005
10-02-2005,24.12,13:10,10.08,2005
11-02-2005,30.96,16:32,11.16,2005
12-02-2005,33.12,23:11,12.96,2005
13-02-2005,65.88,21:46,15.84,2005
14-02-2005,55.08,00:27,23.04,2005
15-02-2005,48.96,20:16,23.04,2005
16-02-2005,52.92,16:09,23.04,2005
17-02-2005,41.04,10:24,24.84,2005
18-02-2005,43.92,19:27,19.08,2005
19-02-2005,39.96,17:39,14.04,2005
20-02-2005,54,21:00,16.92,2005
21-02-2005,51.12,23:57,14.04,2005
22-02-2005,70.92,03:51,21.96,2005
23-02-2005,39.96,14:38,15.12,2005
24-02-2005,42.84,15:39,15.84,2005
25-02-2005,54,22:06,20.16,2005
26-02-2005,43.92,02:43,10.08,2005
27-02-2005,63,21:33,24.84,2005
28-02-2005,73.08,08:09,38.88,2005
01-03-2005,52.92,01:20,20.88,2005
02-03-2005,54,11:58,12.96,2005
03-03-2005,65.16,16:00,32.04,2005
04-03-2005,55.08,00:16,24.12,2005
05-03-2005,47.88,23:52,18,2005
06-03-2005,55.08,07:25,21.96,2005
07-03-2005,42.84,15:29,16.92,2005
08-03-2005,36,17:40,14.04,2005
09-03-2005,27,19:16,9,2005
10-03-2005,24.84,18:41,10.08,2005
11-03-2005,24.12,03:43,7.92,2005
12-03-2005,18,06:56,10.08,2005
13-03-2005,19.08,06:32,6.84,2005
14-03-2005,24.12,00:55,7.92,2005
15-03-2005,51.12,12:06,15.84,2005
16-03-2005,36,12:02,12.96,2005
17-03-2005,25.92,17:06,6.12,2005
18-03-2005,38.88,16:30,12.96,2005
19-03-2005,29.88,Varias,9,2005
20-03-2005,45,19:33,14.04,2005
21-03-2005,78.84,16:17,21.96,2005
22-03-2005,69.84,11:43,19.08,2005
23-03-2005,59.04,23:50,16.92,2005
24-03-2005,42.84,11:49,11.88,2005
25-03-2005,74.88,15:28,15.84,2005
26-03-2005,55.08,11:15,15.84,2005
27-03-2005,51.12,06:10,18,2005
28-03-2005,54,02:40,20.88,2005
29-03-2005,43.92,02:54,18,2005
30-03-2005,27,00:14,7.92,2005
31-03-2005,21.96,19:50,5.04,2005
01-04-2005,36,17:54,12.96,2005
02-04-2005,32.04,11:25,9,2005
03-04-2005,27,21:57,10.08,2005
04-04-2005,39.96,18:32,19.08,2005
05-04-2005,29.16,14:21,11.16,2005
06-04-2005,24.12,05:32,11.88,2005
07-04-2005,51.12,23:41,20.16,2005
08-04-2005,68.04,08:36,34.92,2005
09-04-2005,47.16,02:08,21.96,2005
10-04-2005,56.88,13:08,23.04,2005
11-04-2005,48.96,15:10,23.04,2005
12-04-2005,55.08,14:16,24.12,2005
13-04-2005,30.96,23:55,7.92,2005
14-04-2005,60.84,21:50,15.12,2005
15-04-2005,64.08,04:24,24.12,2005
16-04-2005,56.88,02:43,11.88,2005
17-04-2005,69.12,15:06,24.12,2005
18-04-2005,60.12,12:23,27,2005
19-04-2005,51.84,16:06,24.84,2005
20-04-2005,52.92,15:27,18,2005
21-04-2005,45,04:07,15.84,2005
22-04-2005,47.16,17:31,24.12,2005
23-04-2005,63,13:21,20.88,2005
24-04-2005,60.12,12:10,24.84,2005
25-04-2005,48.96,17:46,19.08,2005
26-04-2005,47.16,14:42,12.96,2005
27-04-2005,29.16,14:00,10.08,2005
28-04-2005,34.92,06:08,12.96,2005
29-04-2005,23.04,15:42,9,2005
30-04-2005,33.84,23:23,7.92,2005
01-05-2005,64.08,11:26,15.12,2005
02-05-2005,70.92,15:21,19.08,2005
03-05-2005,38.88,00:02,12.96,2005
04-05-2005,46.08,10:20,19.08,2005
05-05-2005,54,17:55,28.08,2005
06-05-2005,29.16,01:39,10.08,2005
07-05-2005,21.96,12:07,9,2005
08-05-2005,29.16,11:57,12.96,2005
09-05-2005,23.04,16:05,10.08,2005
10-05-2005,27,08:06,6.84,2005
11-05-2005,23.04,16:26,7.92,2005
12-05-2005,21.96,15:00,7.92,2005
13-05-2005,56.88,11:30,14.04,2005
14-05-2005,68.04,14:56,24.12,2005
15-05-2005,42.84,09:25,15.12,2005
16-05-2005,45,19:07,15.84,2005
17-05-2005,46.08,01:47,12.96,2005
18-05-2005,30.96,13:11,12.96,2005
19-05-2005,37.08,14:56,11.16,2005
20-05-2005,48.96,13:20,18,2005
21-05-2005,51.12,13:52,20.88,2005
22-05-2005,43.92,10:56,18,2005
23-05-2005,29.88,13:28,12.96,2005
24-05-2005,25.92,13:44,9,2005
25-05-2005,36,05:04,12.96,2005
26-05-2005,21.96,13:35,10.08,2005
27-05-2005,61.92,11:41,20.16,2005
28-05-2005,52.92,15:26,19.08,2005
29-05-2005,50.04,02:42,24.12,2005
30-05-2005,59.04,15:22,24.12,2005
31-05-2005,51.84,15:38,20.88,2005
01-06-2005,55.08,14:13,18,2005
02-06-2005,32.04,09:50,10.08,2005
03-06-2005,34.92,11:38,10.08,2005
04-06-2005,47.16,15:58,19.08,2005
05-06-2005,32.04,21:10,11.88,2005
06-06-2005,54,12:32,20.88,2005
07-06-2005,52.92,14:50,24.12,2005
08-06-2005,20.88,07:50,7.92,2005
09-06-2005,27,15:38,9,2005
10-06-2005,29.88,14:35,9,2005
11-06-2005,19.08,Varias,9,2005
12-06-2005,38.16,19:50,11.16,2005
13-06-2005,24.12,16:14,11.16,2005
14-06-2005,41.04,16:33,11.88,2005
15-06-2005,56.16,13:51,21.96,2005
16-06-2005,25.92,15:22,10.08,2005
17-06-2005,18,00:55,6.84,2005
18-06-2005,42.12,11:25,9,2005
19-06-2005,51.84,16:46,24.12,2005
20-06-2005,50.04,16:05,20.16,2005
21-06-2005,45,14:32,20.88,2005
22-06-2005,19.08,14:50,7.92,2005
23-06-2005,38.16,11:05,7.92,2005
24-06-2005,20.88,12:44,11.88,2005
25-06-2005,39.96,16:25,15.84,2005
26-06-2005,43.92,12:24,23.04,2005
27-06-2005,33.12,14:10,10.08,2005
28-06-2005,48.96,14:17,11.88,2005
29-06-2005,43.92,16:29,16.92,2005
30-06-2005,45,02:51,16.92,2005
01-07-2005,27,15:55,6.84,2005
02-07-2005,29.16,16:52,10.08,2005
03-07-2005,47.88,21:21,18,2005
04-07-2005,42.84,00:01,15.12,2005
05-07-2005,33.12,01:07,9,2005
06-07-2005,45,18:04,24.84,2005
07-07-2005,51.84,12:50,27,2005
08-07-2005,46.08,14:16,24.84,2005
09-07-2005,51.12,18:56,28.08,2005
10-07-2005,47.88,15:36,16.92,2005
11-07-2005,33.12,17:39,12.96,2005
12-07-2005,41.04,15:03,11.88,2005
13-07-2005,41.04,11:42,14.04,2005
14-07-2005,20.88,15:04,6.84,2005
15-07-2005,33.12,17:52,14.04,2005
16-07-2005,27,12:53,11.16,2005
17-07-2005,38.16,15:53,14.04,2005
18-07-2005,34.92,16:41,16.92,2005
19-07-2005,54,13:40,20.16,2005
20-07-2005,29.16,18:48,11.88,2005
21-07-2005,29.88,13:49,11.16,2005
22-07-2005,42.84,11:26,11.16,2005
23-07-2005,42.12,16:00,15.12,2005
24-07-2005,37.08,16:32,16.92,2005
25-07-2005,59.04,18:23,20.16,2005
26-07-2005,42.84,12:34,11.88,2005
27-07-2005,65.16,15:01,23.04,2005
28-07-2005,56.88,10:23,11.88,2005
29-07-2005,47.88,14:36,19.08,2005
30-07-2005,29.16,17:10,14.04,2005
31-07-2005,38.16,13:37,15.12,2005
01-08-2005,38.88,12:10,16.92,2005
02-08-2005,28.08,15:35,11.88,2005
03-08-2005,51.12,13:05,21.96,2005
04-08-2005,38.88,18:52,15.12,2005
05-08-2005,38.16,19:28,7.92,2005
06-08-2005,28.08,15:36,9,2005
07-08-2005,54,15:17,15.12,2005
08-08-2005,20.88,12:31,5.04,2005
09-08-2005,42.84,20:40,12.96,2005
10-08-2005,37.08,17:24,11.16,2005
11-08-2005,42.84,16:02,14.04,2005
12-08-2005,29.88,14:26,7.92,2005
13-08-2005,39.96,18:26,15.84,2005
14-08-2005,47.16,19:28,21.96,2005
15-08-2005,46.08,13:25,20.88,2005
16-08-2005,41.04,22:09,11.88,2005
17-08-2005,38.16,16:48,11.16,2005
18-08-2005,33.84,20:20,12.96,2005
19-08-2005,48.96,12:47,20.88,2005
20-08-2005,50.04,11:52,16.92,2005
21-08-2005,55.08,14:38,20.88,2005
22-08-2005,38.88,22:47,11.16,2005
23-08-2005,48.96,17:07,21.96,2005
24-08-2005,27,15:35,7.92,2005
25-08-2005,32.04,10:50,11.88,2005
26-08-2005,29.88,09:04,11.16,2005
27-08-2005,38.88,15:05,14.04,2005
28-08-2005,38.88,17:30,11.16,2005
29-08-2005,23.04,02:59,0,2005
30-08-2005,20.16,23:03,0,2005
31-08-2005,42.84,15:40,15.84,2005
01-09-2005,24.12,18:52,11.88,2005
02-09-2005,29.88,13:27,9,2005
03-09-2005,33.84,13:50,11.88,2005
04-09-2005,45,12:28,16.92,2005
05-09-2005,54,16:29,19.08,2005
06-09-2005,48.96,11:40,20.16,2005
07-09-2005,25.92,00:55,11.16,2005
08-09-2005,37.08,17:19,11.88,2005
09-09-2005,45,23:36,20.16,2005
10-09-2005,51.84,10:19,29.88,2005
11-09-2005,41.04,00:24,0,2005
12-09-2005,46.08,16:12,15.12,2005
13-09-2005,24.84,16:11,7.92,2005
14-09-2005,21.96,14:14,7.92,2005
15-09-2005,24.12,13:54,9,2005
16-09-2005,60.12,Varias,16.92,2005
17-09-2005,64.08,12:40,33.84,2005
18-09-2005,46.08,11:07,20.88,2005
19-09-2005,19.08,14:49,6.84,2005
20-09-2005,28.08,18:28,7.92,2005
21-09-2005,24.84,13:55,7.92,2005
22-09-2005,23.04,12:08,7.92,2005
23-09-2005,15.84,11:27,2.16,2005
24-09-2005,38.16,12:40,11.16,2005
25-09-2005,33.12,05:20,10.08,2005
26-09-2005,20.16,14:11,9,2005
27-09-2005,21.96,14:46,7.92,2005
28-09-2005,34.92,13:07,15.12,2005
29-09-2005,43.92,14:45,12.96,2005
30-09-2005,42.84,17:28,6.12,2005
01-10-2005,51.12,08:48,14.04,2005
02-10-2005,56.88,16:20,20.88,2005
03-10-2005,42.84,16:36,20.88,2005
04-10-2005,24.84,07:45,7.92,2005
05-10-2005,19.08,08:40,5.04,2005
06-10-2005,21.96,14:32,9,2005
07-10-2005,20.16,10:56,6.12,2005
08-10-2005,19.08,14:50,5.04,2005
09-10-2005,24.12,16:35,1.08,2005
10-10-2005,42.12,11:54,14.04,2005
11-10-2005,38.88,20:55,14.04,2005
12-10-2005,54,05:47,19.08,2005
13-10-2005,55.08,05:27,16.92,2005
14-10-2005,29.88,15:36,11.16,2005
15-10-2005,24.84,10:40,6.12,2005
16-10-2005,47.88,14:14,11.88,2005
17-10-2005,36,10:15,6.84,2005
18-10-2005,43.92,11:07,11.16,2005
19-10-2005,24.84,12:52,6.12,2005
20-10-2005,52.92,22:17,6.84,2005
21-10-2005,63,14:17,24.12,2005
22-10-2005,41.04,10:30,14.04,2005
23-10-2005,33.84,12:40,9,2005
24-10-2005,51.12,14:36,16.92,2005
25-10-2005,50.04,09:55,16.92,2005
26-10-2005,42.12,13:50,10.08,2005
27-10-2005,63,04:08,14.04,2005
28-10-2005,45,15:51,12.96,2005
29-10-2005,66.96,04:07,18,2005
30-10-2005,48.96,01:02,3.96,2005
31-10-2005,56.16,12:48,20.88,2005
01-11-2005,81,13:05,25.92,2005
02-11-2005,75.96,09:00,24.12,2005
03-11-2005,56.16,23:14,15.12,2005
04-11-2005,38.88,10:50,10.08,2005
05-11-2005,23.04,20:44,9,2005
06-11-2005,43.92,22:08,12.96,2005
07-11-2005,45,01:17,11.16,2005
08-11-2005,60.12,07:09,16.92,2005
09-11-2005,48.96,02:52,14.04,2005
10-11-2005,25.92,19:12,6.84,2005
11-11-2005,25.92,15:00,2.16,2005
12-11-2005,63,18:53,19.08,2005
13-11-2005,88.92,12:50,38.88,2005
14-11-2005,74.16,00:16,24.84,2005
15-11-2005,54,05:24,21.96,2005
16-11-2005,33.12,12:48,11.16,2005
17-11-2005,18,14:10,2.16,2005
18-11-2005,27,23:08,7.92,2005
19-11-2005,34.92,04:42,6.12,2005
20-11-2005,24.12,02:14,14.04,2005
21-11-2005,24.12,06:50,6.84,2005
22-11-2005,46.08,16:05,18,2005
23-11-2005,51.84,07:23,28.08,2005
24-11-2005,38.16,11:40,18,2005
25-11-2005,74.16,14:30,27,2005
26-11-2005,56.16,01:57,15.12,2005
27-11-2005,42.84,03:49,12.96,2005
28-11-2005,36,03:02,11.88,2005
29-11-2005,52.92,14:59,11.88,2005
30-11-2005,32.04,21:58,9,2005
01-12-2005,66.96,14:40,24.84,2005
02-12-2005,87.12,09:58,24.12,2005
03-12-2005,51.12,22:36,23.04,2005
04-12-2005,69.84,18:28,20.88,2005
05-12-2005,60.12,01:09,15.12,2005
06-12-2005,43.92,08:12,14.04,2005
07-12-2005,36,17:56,10.08,2005
08-12-2005,36,09:21,11.16,2005
09-12-2005,16.92,20:23,1.08,2005
10-12-2005,30.96,17:50,6.84,2005
11-12-2005,34.92,18:49,6.84,2005
12-12-2005,42.84,13:30,24.12,2005
13-12-2005,60.12,21:44,24.84,2005
14-12-2005,59.04,11:51,25.92,2005
15-12-2005,43.92,11:24,24.12,2005
16-12-2005,48.96,12:38,24.12,2005
17-12-2005,38.88,20:00,10.08,2005
18-12-2005,36,15:50,15.12,2005
19-12-2005,33.12,17:45,6.12,2005
20-12-2005,24.84,23:45,6.12,2005
21-12-2005,21.96,00:01,5.04,2005
22-12-2005,24.84,02:59,2.16,2005
23-12-2005,21.96,08:07,0,2005
24-12-2005,16.92,05:11,2.88,2005
25-12-2005,23.04,07:57,1.08,2005
26-12-2005,24.12,15:26,5.04,2005
27-12-2005,41.04,20:50,14.04,2005
28-12-2005,51.12,23:40,2.88,2005
29-12-2005,63,13:44,24.12,2005
30-12-2005,48.96,06:20,21.96,2005
31-12-2005,65.16,19:15,23.04,2005
01-01-2005,23.04,17:18,6.12,2005
02-01-2005,29.88,14:58,10.08,2005
03-01-2005,23.04,07:28,3.96,2005
04-01-2005,27,14:09,11.16,2005
05-01-2005,36,10:55,11.88,2005
06-01-2005,23.04,06:59,6.84,2005
07-01-2005,32.04,23:33,6.84,2005
08-01-2005,54,04:53,16.92,2005
09-01-2005,41.04,21:57,12.96,2005
10-01-2005,59.04,14:30,23.04,2005
11-01-2005,51.12,13:06,24.12,2005
12-01-2005,39.96,01:05,6.84,2005
13-01-2005,37.08,19:49,6.84,2005
14-01-2005,50.04,10:37,14.04,2005
15-01-2005,56.88,02:41,18,2005
16-01-2005,23.04,00:04,10.08,2005
17-01-2005,38.88,23:32,7.92,2005
18-01-2005,61.92,14:50,24.84,2005
19-01-2005,38.88,11:35,11.88,2005
20-01-2005,25.92,15:55,11.88,2005
21-01-2005,38.16,16:52,16.92,2005
22-01-2005,36,18:04,15.12,2005
23-01-2005,50.04,23:31,12.96,2005
24-01-2005,64.08,10:14,32.04,2005
25-01-2005,54,11:54,23.04,2005
26-01-2005,74.16,11:19,30.96,2005
27-01-2005,66.96,06:53,25.92,2005
28-01-2005,46.08,16:28,10.08,2005
29-01-2005,48.96,12:22,18,2005
30-01-2005,60.12,16:30,28.08,2005
31-01-2005,45,16:23,18,2005
01-02-2005,45,15:45,21.96,2005
02-02-2005,52.92,17:24,24.84,2005
03-02-2005,50.04,15:32,18,2005
04-02-2005,29.88,16:56,14.04,2005
05-02-2005,45,22:54,5.04,2005
06-02-2005,23.04,17:05,9,2005
07-02-2005,20.88,13:58,9,2005
08-02-2005,27,16:31,7.92,2005
09-02-2005,36,15:50,5.04,2005
10-02-2005,24.12,13:10,10.08,2005
11-02-2005,30.96,16:32,11.16,2005
12-02-2005,33.12,23:11,12.96,2005
13-02-2005,65.88,21:46,15.84,2005
14-02-2005,55.08,00:27,23.04,2005
15-02-2005,48.96,20:16,23.04,2005
16-02-2005,52.92,16:09,23.04,2005
17-02-2005,41.04,10:24,24.84,2005
18-02-2005,43.92,19:27,19.08,2005
19-02-2005,39.96,17:39,14.04,2005
20-02-2005,54,21:00,16.92,2005
21-02-2005,51.12,23:57,14.04,2005
22-02-2005,70.92,03:51,21.96,2005
23-02-2005,39.96,14:38,15.12,2005
24-02-2005,42.84,15:39,15.84,2005
25-02-2005,54,22:06,20.16,2005
26-02-2005,43.92,02:43,10.08,2005
27-02-2005,63,21:33,24.84,2005
28-02-2005,73.08,08:09,38.88,2005
01-03-2005,52.92,01:20,20.88,2005
02-03-2005,54,11:58,12.96,2005
03-03-2005,65.16,16:00,32.04,2005
04-03-2005,55.08,00:16,24.12,2005
05-03-2005,47.88,23:52,18,2005
06-03-2005,55.08,07:25,21.96,2005
07-03-2005,42.84,15:29,16.92,2005
08-03-2005,36,17:40,14.04,2005
09-03-2005,27,19:16,9,2005
10-03-2005,24.84,18:41,10.08,2005
11-03-2005,24.12,03:43,7.92,2005
12-03-2005,18,06:56,10.08,2005
13-03-2005,19.08,06:32,6.84,2005
14-03-2005,24.12,00:55,7.92,2005
15-03-2005,51.12,12:06,15.84,2005
16-03-2005,36,12:02,12.96,2005
17-03-2005,25.92,17:06,6.12,2005
18-03-2005,38.88,16:30,12.96,2005
19-03-2005,29.88,Varias,9,2005
20-03-2005,45,19:33,14.04,2005
21-03-2005,78.84,16:17,21.96,2005
22-03-2005,69.84,11:43,19.08,2005
23-03-2005,59.04,23:50,16.92,2005
24-03-2005,42.84,11:49,11.88,2005
25-03-2005,74.88,15:28,15.84,2005
26-03-2005,55.08,11:15,15.84,2005
27-03-2005,51.12,06:10,18,2005
28-03-2005,54,02:40,20.88,2005
29-03-2005,43.92,02:54,18,2005
30-03-2005,27,00:14,7.92,2005
31-03-2005,21.96,19:50,5.04,2005
01-04-2005,36,17:54,12.96,2005
02-04-2005,32.04,11:25,9,2005
03-04-2005,27,21:57,10.08,2005
04-04-2005,39.96,18:32,19.08,2005
05-04-2005,29.16,14:21,11.16,2005
06-04-2005,24.12,05:32,11.88,2005
07-04-2005,51.12,23:41,20.16,2005
08-04-2005,68.04,08:36,34.92,2005
09-04-2005,47.16,02:08,21.96,2005
10-04-2005,56.88,13:08,23.04,2005
11-04-2005,48.96,15:10,23.04,2005
12-04-2005,55.08,14:16,24.12,2005
13-04-2005,30.96,23:55,7.92,2005
14-04-2005,60.84,21:50,15.12,2005
15-04-2005,64.08,04:24,24.12,2005
16-04-2005,56.88,02:43,11.88,2005
17-04-2005,69.12,15:06,24.12,2005
18-04-2005,60.12,12:23,27,2005
19-04-2005,51.84,16:06,24.84,2005
20-04-2005,52.92,15:27,18,2005
21-04-2005,45,04:07,15.84,2005
22-04-2005,47.16,17:31,24.12,2005
23-04-2005,63,13:21,20.88,2005
24-04-2005,60.12,12:10,24.84,2005
25-04-2005,48.96,17:46,19.08,2005
26-04-2005,47.16,14:42,12.96,2005
27-04-2005,29.16,14:00,10.08,2005
28-04-2005,34.92,06:08,12.96,2005
29-04-2005,23.04,15:42,9,2005
30-04-2005,33.84,23:23,7.92,2005
01-05-2005,64.08,11:26,15.12,2005
02-05-2005,70.92,15:21,19.08,2005
03-05-2005,38.88,00:02,12.96,2005
04-05-2005,46.08,10:20,19.08,2005
05-05-2005,54,17:55,28.08,2005
06-05-2005,29.16,01:39,10.08,2005
07-05-2005,21.96,12:07,9,2005
08-05-2005,29.16,11:57,12.96,2005
09-05-2005,23.04,16:05,10.08,2005
10-05-2005,27,08:06,6.84,2005
11-05-2005,23.04,16:26,7.92,2005
12-05-2005,21.96,15:00,7.92,2005
13-05-2005,56.88,11:30,14.04,2005
14-05-2005,68.04,14:56,24.12,2005
15-05-2005,42.84,09:25,15.12,2005
16-05-2005,45,19:07,15.84,2005
17-05-2005,46.08,01:47,12.96,2005
18-05-2005,30.96,13:11,12.96,2005
19-05-2005,37.08,14:56,11.16,2005
20-05-2005,48.96,13:20,18,2005
21-05-2005,51.12,13:52,20.88,2005
22-05-2005,43.92,10:56,18,2005
23-05-2005,29.88,13:28,12.96,2005
24-05-2005,25.92,13:44,9,2005
25-05-2005,36,05:04,12.96,2005
26-05-2005,21.96,13:35,10.08,2005
27-05-2005,61.92,11:41,20.16,2005
28-05-2005,52.92,15:26,19.08,2005
29-05-2005,50.04,02:42,24.12,2005
30-05-2005,59.04,15:22,24.12,2005
31-05-2005,51.84,15:38,20.88,2005
01-06-2005,55.08,14:13,18,2005
02-06-2005,32.04,09:50,10.08,2005
03-06-2005,34.92,11:38,10.08,2005
04-06-2005,47.16,15:58,19.08,2005
05-06-2005,32.04,21:10,11.88,2005
06-06-2005,54,12:32,20.88,2005
07-06-2005,52.92,14:50,24.12,2005
08-06-2005,20.88,07:50,7.92,2005
09-06-2005,27,15:38,9,2005
10-06-2005,29.88,14:35,9,2005
11-06-2005,19.08,Varias,9,2005
12-06-2005,38.16,19:50,11.16,2005
13-06-2005,24.12,16:14,11.16,2005
14-06-2005,41.04,16:33,11.88,2005
15-06-2005,56.16,13:51,21.96,2005
16-06-2005,25.92,15:22,10.08,2005
17-06-2005,18,00:55,6.84,2005
18-06-2005,42.12,11:25,9,2005
19-06-2005,51.84,16:46,24.12,2005
20-06-2005,50.04,16:05,20.16,2005
21-06-2005,45,14:32,20.88,2005
22-06-2005,19.08,14:50,7.92,2005
23-06-2005,38.16,11:05,7.92,2005
24-06-2005,20.88,12:44,11.88,2005
25-06-2005,39.96,16:25,15.84,2005
26-06-2005,43.92,12:24,23.04,2005
27-06-2005,33.12,14:10,10.08,2005
28-06-2005,48.96,14:17,11.88,2005
29-06-2005,43.92,16:29,16.92,2005
30-06-2005,45,02:51,16.92,2005
01-07-2005,27,15:55,6.84,2005
02-07-2005,29.16,16:52,10.08,2005
03-07-2005,47.88,21:21,18,2005
04-07-2005,42.84,00:01,15.12,2005
05-07-2005,33.12,01:07,9,2005
06-07-2005,45,18:04,24.84,2005
07-07-2005,51.84,12:50,27,2005
08-07-2005,46.08,14:16,24.84,2005
09-07-2005,51.12,18:56,28.08,2005
10-07-2005,47.88,15:36,16.92,2005
11-07-2005,33.12,17:39,12.96,2005
12-07-2005,41.04,15:03,11.88,2005
13-07-2005,41.04,11:42,14.04,2005
14-07-2005,20.88,15:04,6.84,2005
15-07-2005,33.12,17:52,14.04,2005
16-07-2005,27,12:53,11.16,2005
17-07-2005,38.16,15:53,14.04,2005
18-07-2005,34.92,16:41,16.92,2005
19-07-2005,54,13:40,20.16,2005
20-07-2005,29.16,18:48,11.88,2005
21-07-2005,29.88,13:49,11.16,2005
22-07-2005,42.84,11:26,11.16,2005
23-07-2005,42.12,16:00,15.12,2005
24-07-2005,37.08,16:32,16.92,2005
25-07-2005,59.04,18:23,20.16,2005
26-07-2005,42.84,12:34,11.88,2005
27-07-2005,65.16,15:01,23.04,2005
28-07-2005,56.88,10:23,11.88,2005
29-07-2005,47.88,14:36,19.08,2005
30-07-2005,29.16,17:10,14.04,2005
31-07-2005,38.16,13:37,15.12,2005
01-08-2005,38.88,12:10,16.92,2005
02-08-2005,28.08,15:35,11.88,2005
03-08-2005,51.12,13:05,21.96,2005
04-08-2005,38.88,18:52,15.12,2005
05-08-2005,38.16,19:28,7.92,2005
06-08-2005,28.08,15:36,9,2005
07-08-2005,54,15:17,15.12,2005
08-08-2005,20.88,12:31,5.04,2005
09-08-2005,42.84,20:40,12.96,2005
10-08-2005,37.08,17:24,11.16,2005
11-08-2005,42.84,16:02,14.04,2005
12-08-2005,29.88,14:26,7.92,2005
13-08-2005,39.96,18:26,15.84,2005
14-08-2005,47.16,19:28,21.96,2005
15-08-2005,46.08,13:25,20.88,2005
16-08-2005,41.04,22:09,11.88,2005
17-08-2005,38.16,16:48,11.16,2005
18-08-2005,33.84,20:20,12.96,2005
19-08-2005,48.96,12:47,20.88,2005
20-08-2005,50.04,11:52,16.92,2005
21-08-2005,55.08,14:38,20.88,2005
22-08-2005,38.88,22:47,11.16,2005
23-08-2005,48.96,17:07,21.96,2005
24-08-2005,27,15:35,7.92,2005
25-08-2005,32.04,10:50,11.88,2005
26-08-2005,29.88,09:04,11.16,2005
27-08-2005,38.88,15:05,14.04,2005
28-08-2005,38.88,17:30,11.16,2005
29-08-2005,23.04,02:59,0,2005
30-08-2005,20.16,23:03,0,2005
31-08-2005,42.84,15:40,15.84,2005
01-09-2005,24.12,18:52,11.88,2005
02-09-2005,29.88,13:27,9,2005
03-09-2005,33.84,13:50,11.88,2005
04-09-2005,45,12:28,16.92,2005
05-09-2005,54,16:29,19.08,2005
06-09-2005,48.96,11:40,20.16,2005
07-09-2005,25.92,00:55,11.16,2005
08-09-2005,37.08,17:19,11.88,2005
09-09-2005,45,23:36,20.16,2005
10-09-2005,51.84,10:19,29.88,2005
11-09-2005,41.04,00:24,0,2005
12-09-2005,46.08,16:12,15.12,2005
13-09-2005,24.84,16:11,7.92,2005
14-09-2005,21.96,14:14,7.92,2005
15-09-2005,24.12,13:54,9,2005
16-09-2005,60.12,Varias,16.92,2005
17-09-2005,64.08,12:40,33.84,2005
18-09-2005,46.08,11:07,20.88,2005
19-09-2005,19.08,14:49,6.84,2005
20-09-2005,28.08,18:28,7.92,2005
21-09-2005,24.84,13:55,7.92,2005
22-09-2005,23.04,12:08,7.92,2005
23-09-2005,15.84,11:27,2.16,2005
24-09-2005,38.16,12:40,11.16,2005
25-09-2005,33.12,05:20,10.08,2005
26-09-2005,20.16,14:11,9,2005
27-09-2005,21.96,14:46,7.92,2005
28-09-2005,34.92,13:07,15.12,2005
29-09-2005,43.92,14:45,12.96,2005
30-09-2005,42.84,17:28,6.12,2005
01-10-2005,51.12,08:48,14.04,2005
02-10-2005,56.88,16:20,20.88,2005
03-10-2005,42.84,16:36,20.88,2005
04-10-2005,24.84,07:45,7.92,2005
05-10-2005,19.08,08:40,5.04,2005
06-10-2005,21.96,14:32,9,2005
07-10-2005,20.16,10:56,6.12,2005
08-10-2005,19.08,14:50,5.04,2005
09-10-2005,24.12,16:35,1.08,2005
10-10-2005,42.12,11:54,14.04,2005
11-10-2005,38.88,20:55,14.04,2005
12-10-2005,54,05:47,19.08,2005
13-10-2005,55.08,05:27,16.92,2005
14-10-2005,29.88,15:36,11.16,2005
15-10-2005,24.84,10:40,6.12,2005
16-10-2005,47.88,14:14,11.88,2005
17-10-2005,36,10:15,6.84,2005
18-10-2005,43.92,11:07,11.16,2005
19-10-2005,24.84,12:52,6.12,2005
20-10-2005,52.92,22:17,6.84,2005
21-10-2005,63,14:17,24.12,2005
22-10-2005,41.04,10:30,14.04,2005
23-10-2005,33.84,12:40,9,2005
24-10-2005,51.12,14:36,16.92,2005
25-10-2005,50.04,09:55,16.92,2005
26-10-2005,42.12,13:50,10.08,2005
27-10-2005,63,04:08,14.04,2005
28-10-2005,45,15:51,12.96,2005
29-10-2005,66.96,04:07,18,2005
30-10-2005,48.96,01:02,3.96,2005
31-10-2005,56.16,12:48,20.88,2005
01-11-2005,81,13:05,25.92,2005
02-11-2005,75.96,09:00,24.12,2005
03-11-2005,56.16,23:14,15.12,2005
04-11-2005,38.88,10:50,10.08,2005
05-11-2005,23.04,20:44,9,2005
06-11-2005,43.92,22:08,12.96,2005
07-11-2005,45,01:17,11.16,2005
08-11-2005,60.12,07:09,16.92,2005
09-11-2005,48.96,02:52,14.04,2005
10-11-2005,25.92,19:12,6.84,2005
11-11-2005,25.92,15:00,2.16,2005
12-11-2005,63,18:53,19.08,2005
13-11-2005,88.92,12:50,38.88,2005
14-11-2005,74.16,00:16,24.84,2005
15-11-2005,54,05:24,21.96,2005
16-11-2005,33.12,12:48,11.16,2005
17-11-2005,18,14:10,2.16,2005
18-11-2005,27,23:08,7.92,2005
19-11-2005,34.92,04:42,6.12,2005
20-11-2005,24.12,02:14,14.04,2005
21-11-2005,24.12,06:50,6.84,2005
22-11-2005,46.08,16:05,18,2005
23-11-2005,51.84,07:23,28.08,2005
24-11-2005,38.16,11:40,18,2005
25-11-2005,74.16,14:30,27,2005
26-11-2005,56.16,01:57,15.12,2005
27-11-2005,42.84,03:49,12.96,2005
28-11-2005,36,03:02,11.88,2005
29-11-2005,52.92,14:59,11.88,2005
30-11-2005,32.04,21:58,9,2005
01-12-2005,66.96,14:40,24.84,2005
02-12-2005,87.12,09:58,24.12,2005
03-12-2005,51.12,22:36,23.04,2005
04-12-2005,69.84,18:28,20.88,2005
05-12-2005,60.12,01:09,15.12,2005
06-12-2005,43.92,08:12,14.04,2005
07-12-2005,36,17:56,10.08,2005
08-12-2005,36,09:21,11.16,2005
09-12-2005,16.92,20:23,1.08,2005
10-12-2005,30.96,17:50,6.84,2005
11-12-2005,34.92,18:49,6.84,2005
12-12-2005,42.84,13:30,24.12,2005
13-12-2005,60.12,21:44,24.84,2005
14-12-2005,59.04,11:51,25.92,2005
15-12-2005,43.92,11:24,24.12,2005
16-12-2005,48.96,12:38,24.12,2005
17-12-2005,38.88,20:00,10.08,2005
18-12-2005,36,15:50,15.12,2005
19-12-2005,33.12,17:45,6.12,2005
20-12-2005,24.84,23:45,6.12,2005
21-12-2005,21.96,00:01,5.04,2005
22-12-2005,24.84,02:59,2.16,2005
23-12-2005,21.96,08:07,0,2005
24-12-2005,16.92,05:11,2.88,2005
25-12-2005,23.04,07:57,1.08,2005
26-12-2005,24.12,15:26,5.04,2005
27-12-2005,41.04,20:50,14.04,2005
28-12-2005,51.12,23:40,2.88,2005
29-12-2005,63,13:44,24.12,2005
30-12-2005,48.96,06:20,21.96,2005
31-12-2005,65.16,19:15,23.04,2005
01-01-2006,51.12,07:41,15.84,2006
02-01-2006,45,06:10,9,2006
03-01-2006,27,14:34,6.84,2006
04-01-2006,27,00:00,2.88,2006
05-01-2006,27,22:53,2.16,2006
06-01-2006,59.04,07:40,20.88,2006
07-01-2006,48.96,00:32,16.92,2006
08-01-2006,27,23:19,1.08,2006
09-01-2006,24.12,00:10,6.12,2006
10-01-2006,19.08,11:47,5.04,2006
11-01-2006,23.04,05:26,5.04,2006
12-01-2006,27,13:49,12.96,2006
13-01-2006,57.96,12:14,16.92,2006
14-01-2006,38.88,23:20,2.88,2006
15-01-2006,69.12,05:52,11.88,2006
16-01-2006,46.08,09:29,3.96,2006
17-01-2006,41.04,13:40,15.12,2006
18-01-2006,39.96,09:44,15.12,2006
19-01-2006,21.96,07:29,6.12,2006
20-01-2006,24.12,20:02,6.84,2006
21-01-2006,24.84,17:41,6.12,2006
22-01-2006,24.84,13:28,2.88,2006
23-01-2006,15.84,00:25,2.16,2006
24-01-2006,24.84,22:05,10.08,2006
25-01-2006,30.96,04:12,5.04,2006
26-01-2006,51.84,21:22,12.96,2006
27-01-2006,60.12,15:30,33.84,2006
28-01-2006,81,11:02,21.96,2006
29-01-2006,43.92,15:45,20.16,2006
30-01-2006,24.84,10:40,5.04,2006
31-01-2006,18,07:02,2.88,2006
01-02-2006,15.84,23:16,1.08,2006
02-02-2006,20.88,06:30,2.88,2006
03-02-2006,42.84,16:19,11.88,2006
04-02-2006,43.92,18:20,20.88,2006
05-02-2006,46.08,17:43,24.84,2006
06-02-2006,33.12,00:50,5.04,2006
07-02-2006,21.96,08:04,2.88,2006
08-02-2006,19.08,15:27,2.88,2006
09-02-2006,25.92,18:28,5.04,2006
10-02-2006,20.88,00:04,2.16,2006
11-02-2006,46.08,14:51,18,2006
12-02-2006,24.12,21:45,6.12,2006
13-02-2006,41.04,15:13,11.88,2006
14-02-2006,32.04,15:50,9,2006
15-02-2006,64.08,12:20,28.08,2006
16-02-2006,70.92,20:19,25.92,2006
17-02-2006,96.84,16:51,30.96,2006
18-02-2006,87.12,22:00,27,2006
19-02-2006,96.12,02:54,30.96,2006
20-02-2006,72,19:05,21.96,2006
21-02-2006,75.96,04:10,21.96,2006
22-02-2006,24.84,10:07,2.16,2006
23-02-2006,38.88,16:22,11.16,2006
24-02-2006,51.12,12:10,18,2006
25-02-2006,38.88,05:00,15.12,2006
26-02-2006,55.08,10:57,19.08,2006
27-02-2006,45,17:38,20.16,2006
28-02-2006,51.84,14:40,21.96,2006
01-03-2006,90,23:50,7.92,2006
02-03-2006,65.88,12:52,29.16,2006
03-03-2006,73.08,17:11,33.12,2006
04-03-2006,101.88,17:40,39.96,2006
05-03-2006,90,02:05,15.12,2006
06-03-2006,25.92,10:28,11.88,2006
07-03-2006,41.04,09:52,16.92,2006
08-03-2006,60.12,12:30,23.04,2006
09-03-2006,60.12,05:55,20.88,2006
10-03-2006,63,15:45,28.08,2006
11-03-2006,46.08,02:45,15.84,2006
12-03-2006,16.92,16:57,5.04,2006
13-03-2006,25.92,15:44,5.04,2006
14-03-2006,18,13:30,6.12,2006
15-03-2006,29.88,16:11,7.92,2006
16-03-2006,19.08,14:10,3.96,2006
17-03-2006,24.12,18:27,11.16,2006
18-03-2006,33.12,05:31,7.92,2006
19-03-2006,34.92,17:45,15.12,2006
20-03-2006,38.16,01:42,6.12,2006
21-03-2006,46.08,16:03,18,2006
22-03-2006,42.84,22:06,9,2006
23-03-2006,93.96,15:33,24.12,2006
24-03-2006,70.92,03:32,29.88,2006
25-03-2006,66.96,17:04,23.04,2006
26-03-2006,101.88,11:29,29.88,2006
27-03-2006,61.92,11:14,24.12,2006
28-03-2006,64.08,13:15,24.12,2006
29-03-2006,60.12,15:50,16.92,2006
30-03-2006,73.08,12:00,23.04,2006
31-03-2006,56.88,15:40,23.04,2006
01-04-2006,52.92,13:56,19.08,2006
02-04-2006,47.88,00:20,14.04,2006
03-04-2006,34.92,18:05,10.08,2006
04-04-2006,55.08,15:35,20.16,2006
05-04-2006,46.08,14:30,10.08,2006
06-04-2006,47.16,15:45,20.16,2006
07-04-2006,32.04,01:35,7.92,2006
08-04-2006,21.96,03:04,2.16,2006
09-04-2006,60.84,17:10,21.96,2006
10-04-2006,57.96,12:10,29.88,2006
11-04-2006,51.84,14:44,20.16,2006
12-04-2006,55.08,15:37,14.04,2006
13-04-2006,38.88,14:46,6.12,2006
14-04-2006,46.08,13:53,10.08,2006
15-04-2006,47.88,10:40,11.16,2006
16-04-2006,25.92,12:48,6.84,2006
17-04-2006,34.92,15:09,16.92,2006
18-04-2006,46.08,14:26,19.08,2006
19-04-2006,30.96,16:40,10.08,2006
20-04-2006,65.16,23:31,19.08,2006
21-04-2006,48.96,01:55,16.92,2006
22-04-2006,60.12,14:22,16.92,2006
23-04-2006,34.92,16:36,9,2006
24-04-2006,48.96,16:55,20.88,2006
25-04-2006,42.84,15:04,15.12,2006
26-04-2006,52.92,17:34,16.92,2006
27-04-2006,47.88,15:01,21.96,2006
28-04-2006,55.08,12:47,25.92,2006
29-04-2006,46.08,11:50,24.12,2006
30-04-2006,47.88,13:34,20.16,2006
01-05-2006,24.12,14:47,6.12,2006
02-05-2006,48.96,15:45,21.96,2006
03-05-2006,24.84,16:01,6.84,2006
04-05-2006,46.08,16:03,14.04,2006
05-05-2006,33.12,13:37,12.96,2006
06-05-2006,29.16,11:50,10.08,2006
07-05-2006,51.12,16:02,20.16,2006
08-05-2006,34.92,12:48,15.84,2006
09-05-2006,24.12,16:20,6.84,2006
10-05-2006,29.88,17:37,6.84,2006
11-05-2006,37.08,14:45,9,2006
12-05-2006,24.84,15:20,7.92,2006
13-05-2006,43.92,14:30,11.88,2006
14-05-2006,36,22:48,6.84,2006
15-05-2006,47.88,13:15,12.96,2006
16-05-2006,23.04,16:10,6.84,2006
17-05-2006,56.88,15:30,20.16,2006
18-05-2006,50.04,14:35,24.12,2006
19-05-2006,60.12,17:19,19.08,2006
20-05-2006,55.08,23:52,20.88,2006
21-05-2006,91.08,17:02,34.92,2006
22-05-2006,63,10:17,20.16,2006
23-05-2006,28.08,10:15,10.08,2006
24-05-2006,37.08,17:46,11.88,2006
25-05-2006,21.96,03:10,7.92,2006
26-05-2006,66.96,13:39,14.04,2006
27-05-2006,38.88,16:35,6.84,2006
28-05-2006,27,14:40,6.84,2006
29-05-2006,55.08,11:30,24.84,2006
30-05-2006,63,18:35,33.84,2006
31-05-2006,60.12,15:54,36,2006
01-06-2006,52.92,15:50,20.16,2006
02-06-2006,41.04,16:35,10.08,2006
03-06-2006,38.88,15:30,14.04,2006
04-06-2006,29.16,12:07,7.92,2006
05-06-2006,29.16,15:52,7.92,2006
06-06-2006,32.04,15:39,6.84,2006
07-06-2006,33.12,13:04,11.16,2006
08-06-2006,20.88,13:55,6.12,2006
09-06-2006,27,20:17,6.84,2006
10-06-2006,38.16,11:19,6.84,2006
11-06-2006,24.12,10:15,6.84,2006
12-06-2006,43.92,13:57,19.08,2006
13-06-2006,46.08,05:43,12.96,2006
14-06-2006,42.84,13:28,18,2006
15-06-2006,47.88,16:10,6.12,2006
16-06-2006,32.04,14:35,6.84,2006
17-06-2006,20.88,18:01,9,2006
18-06-2006,23.04,14:26,9,2006
19-06-2006,27,Varias,9,2006
20-06-2006,28.08,11:20,11.88,2006
21-06-2006,29.88,17:54,9,2006
22-06-2006,34.92,13:02,15.12,2006
23-06-2006,30.96,08:51,9,2006
24-06-2006,27,13:33,12.96,2006
25-06-2006,27,14:47,10.08,2006
26-06-2006,32.04,14:00,11.16,2006
27-06-2006,38.88,16:57,12.96,2006
28-06-2006,29.88,14:20,10.08,2006
29-06-2006,30.96,15:40,12.96,2006
30-06-2006,30.96,14:50,6.84,2006
01-07-2006,29.16,14:43,6.84,2006
02-07-2006,19.08,18:31,6.12,2006
03-07-2006,32.04,13:06,9,2006
04-07-2006,29.88,17:45,11.88,2006
05-07-2006,29.16,09:13,11.16,2006
06-07-2006,27,12:57,11.16,2006
07-07-2006,28.08,12:40,10.08,2006
08-07-2006,29.88,14:11,9,2006
09-07-2006,24.12,15:30,7.92,2006
10-07-2006,36,22:21,11.88,2006
11-07-2006,52.92,11:02,20.88,2006
12-07-2006,54,16:35,27,2006
13-07-2006,46.08,16:19,21.96,2006
14-07-2006,32.04,00:55,6.12,2006
15-07-2006,19.08,14:33,0,2006
16-07-2006,20.88,14:50,6.12,2006
17-07-2006,63,15:39,6.84,2006
18-07-2006,32.04,18:24,5.04,2006
19-07-2006,28.08,07:45,5.04,2006
20-07-2006,23.04,13:14,6.12,2006
21-07-2006,24.12,14:43,6.84,2006
22-07-2006,34.92,18:24,10.08,2006
23-07-2006,33.12,17:25,10.08,2006
24-07-2006,52.92,16:10,11.88,2006
25-07-2006,23.04,16:01,6.84,2006
26-07-2006,33.84,14:38,11.88,2006
27-07-2006,32.04,13:12,14.04,2006
28-07-2006,27,13:31,5.04,2006
29-07-2006,37.08,14:27,14.04,2006
30-07-2006,29.88,14:45,15.12,2006
31-07-2006,41.04,15:15,11.88,2006
01-08-2006,25.92,13:48,12.96,2006
02-08-2006,29.16,17:11,9,2006
03-08-2006,46.08,15:37,24.84,2006
04-08-2006,51.12,18:22,25.92,2006
05-08-2006,47.88,16:40,20.16,2006
06-08-2006,50.04,14:05,20.16,2006
07-08-2006,47.88,14:23,19.08,2006
08-08-2006,51.12,15:09,21.96,2006
09-08-2006,43.92,15:10,20.88,2006
10-08-2006,51.84,18:00,28.08,2006
11-08-2006,43.92,17:07,20.16,2006
12-08-2006,51.12,14:07,20.16,2006
13-08-2006,48.96,15:08,19.08,2006
14-08-2006,54,14:48,20.88,2006
15-08-2006,30.96,23:42,11.88,2006
16-08-2006,56.16,17:04,24.12,2006
17-08-2006,45,14:55,20.88,2006
18-08-2006,38.88,14:37,12.96,2006
19-08-2006,42.12,14:58,24.12,2006
20-08-2006,24.84,17:11,6.84,2006
21-08-2006,36,12:52,9,2006
22-08-2006,32.04,15:30,11.16,2006
23-08-2006,37.08,09:49,11.88,2006
24-08-2006,29.16,18:06,10.08,2006
25-08-2006,41.04,07:31,18,2006
26-08-2006,29.16,12:14,10.08,2006
27-08-2006,29.88,09:25,11.88,2006
28-08-2006,20.88,14:35,7.92,2006
29-08-2006,27,14:34,7.92,2006
30-08-2006,41.04,18:14,11.88,2006
31-08-2006,36,15:32,11.16,2006
01-09-2006,20.16,13:20,3.96,2006
02-09-2006,39.96,13:31,10.08,2006
03-09-2006,29.88,19:17,7.92,2006
04-09-2006,20.16,15:53,3.96,2006
05-09-2006,42.84,18:23,11.16,2006
06-09-2006,28.08,12:40,10.08,2006
07-09-2006,20.88,16:05,5.04,2006
08-09-2006,33.12,17:20,6.12,2006
09-09-2006,21.96,15:30,5.04,2006
10-09-2006,27,16:58,6.12,2006
11-09-2006,23.04,16:29,7.92,2006
12-09-2006,29.88,15:54,6.84,2006
13-09-2006,33.12,14:37,10.08,2006
14-09-2006,42.12,17:04,15.84,2006
15-09-2006,41.04,05:33,15.12,2006
16-09-2006,29.88,23:14,1.08,2006
17-09-2006,30.96,15:40,11.88,2006
18-09-2006,33.12,14:05,9,2006
19-09-2006,20.88,14:18,9,2006
20-09-2006,52.92,15:32,15.12,2006
21-09-2006,114.84,06:33,21.96,2006
22-09-2006,50.04,16:55,20.16,2006
23-09-2006,72,22:23,14.04,2006
24-09-2006,42.84,08:22,11.16,2006
25-09-2006,33.12,15:16,12.96,2006
26-09-2006,24.84,12:58,2.88,2006
27-09-2006,39.96,13:05,10.08,2006
28-09-2006,48.96,23:26,10.08,2006
29-09-2006,48.96,15:49,15.12,2006
30-09-2006,60.12,12:09,18,2006
01-10-2006,43.92,10:39,15.12,2006
02-10-2006,59.04,17:05,11.88,2006
03-10-2006,61.92,15:40,11.88,2006
04-10-2006,38.88,03:47,15.84,2006
05-10-2006,30.96,17:27,11.88,2006
06-10-2006,45,23:21,12.96,2006
07-10-2006,33.84,02:57,6.12,2006
08-10-2006,43.92,12:21,15.12,2006
09-10-2006,29.16,04:55,2.88,2006
10-10-2006,38.88,16:25,6.84,2006
11-10-2006,54,02:44,15.12,2006
12-10-2006,33.12,15:15,7.92,2006
13-10-2006,27,09:43,3.96,2006
14-10-2006,18,13:15,7.92,2006
15-10-2006,36,21:48,7.92,2006
16-10-2006,55.08,18:32,12.96,2006
17-10-2006,46.08,14:32,20.16,2006
18-10-2006,74.88,16:09,24.12,2006
19-10-2006,61.92,18:30,24.12,2006
20-10-2006,36,18:45,10.08,2006
21-10-2006,43.92,05:18,10.08,2006
22-10-2006,64.08,01:30,15.84,2006
23-10-2006,83.88,12:12,29.88,2006
24-10-2006,46.08,11:17,7.92,2006
25-10-2006,52.92,11:36,21.96,2006
26-10-2006,28.08,01:33,3.96,2006
27-10-2006,25.92,05:29,6.12,2006
28-10-2006,20.16,14:10,5.04,2006
29-10-2006,20.88,03:20,2.88,2006
30-10-2006,18,23:34,2.88,2006
31-10-2006,25.92,23:22,7.92,2006
01-11-2006,48.96,14:11,18,2006
02-11-2006,36,14:00,16.92,2006
03-11-2006,24.12,14:30,9,2006
04-11-2006,32.04,15:23,15.84,2006
05-11-2006,20.16,23:59,3.96,2006
06-11-2006,24.12,10:15,9,2006
07-11-2006,24.12,01:01,2.16,2006
08-11-2006,23.04,16:34,3.96,2006
09-11-2006,19.08,Varias,3.96,2006
10-11-2006,23.04,16:40,6.12,2006
11-11-2006,23.04,Varias,10.08,2006
12-11-2006,33.84,15:50,7.92,2006
13-11-2006,20.88,15:53,11.16,2006
14-11-2006,33.12,12:33,11.88,2006
15-11-2006,69.12,15:33,21.96,2006
16-11-2006,52.92,04:19,11.88,2006
17-11-2006,52.92,10:49,19.08,2006
18-11-2006,56.88,14:30,15.84,2006
19-11-2006,23.04,22:55,6.12,2006
20-11-2006,61.92,23:26,20.16,2006
21-11-2006,69.12,10:35,27,2006
22-11-2006,57.96,21:34,15.84,2006
23-11-2006,68.04,03:36,19.08,2006
24-11-2006,73.08,22:54,15.12,2006
25-11-2006,70.92,00:40,12.96,2006
26-11-2006,69.12,15:12,16.92,2006
27-11-2006,56.16,00:21,11.16,2006
28-11-2006,41.04,09:10,16.92,2006
29-11-2006,27,22:00,10.08,2006
30-11-2006,60.12,22:11,18,2006
01-12-2006,52.92,16:56,15.84,2006
02-12-2006,45,06:31,7.92,2006
03-12-2006,56.16,06:20,23.04,2006
04-12-2006,51.84,18:10,20.16,2006
05-12-2006,73.08,01:30,24.84,2006
06-12-2006,50.04,05:43,16.92,2006
07-12-2006,81,23:24,20.16,2006
08-12-2006,111.96,03:21,41.04,2006
09-12-2006,74.16,01:07,24.12,2006
10-12-2006,21.96,02:49,5.04,2006
11-12-2006,36,08:30,12.96,2006
12-12-2006,23.04,15:00,6.12,2006
13-12-2006,19.08,12:47,6.84,2006
14-12-2006,18,03:35,0,2006
15-12-2006,21.96,21:44,5.04,2006
16-12-2006,24.12,04:17,6.84,2006
17-12-2006,29.88,11:52,10.08,2006
18-12-2006,45,19:29,6.12,2006
19-12-2006,45,19:16,15.84,2006
20-12-2006,42.84,02:20,14.04,2006
21-12-2006,41.04,21:22,11.88,2006
22-12-2006,45,14:14,19.08,2006
23-12-2006,32.04,01:35,9,2006
24-12-2006,21.96,09:27,0,2006
25-12-2006,25.92,06:51,10.08,2006
26-12-2006,25.92,11:17,9,2006
27-12-2006,25.92,10:30,9,2006
28-12-2006,42.12,16:08,19.08,2006
29-12-2006,65.16,23:17,24.84,2006
30-12-2006,60.12,10:01,19.08,2006
31-12-2006,59.04,Varias,24.12,2006
01-01-2006,51.12,07:41,15.84,2006
02-01-2006,45,06:10,9,2006
03-01-2006,27,14:34,6.84,2006
04-01-2006,27,00:00,2.88,2006
05-01-2006,27,22:53,2.16,2006
06-01-2006,59.04,07:40,20.88,2006
07-01-2006,48.96,00:32,16.92,2006
08-01-2006,27,23:19,1.08,2006
09-01-2006,24.12,00:10,6.12,2006
10-01-2006,19.08,11:47,5.04,2006
11-01-2006,23.04,05:26,5.04,2006
12-01-2006,27,13:49,12.96,2006
13-01-2006,57.96,12:14,16.92,2006
14-01-2006,38.88,23:20,2.88,2006
15-01-2006,69.12,05:52,11.88,2006
16-01-2006,46.08,09:29,3.96,2006
17-01-2006,41.04,13:40,15.12,2006
18-01-2006,39.96,09:44,15.12,2006
19-01-2006,21.96,07:29,6.12,2006
20-01-2006,24.12,20:02,6.84,2006
21-01-2006,24.84,17:41,6.12,2006
22-01-2006,24.84,13:28,2.88,2006
23-01-2006,15.84,00:25,2.16,2006
24-01-2006,24.84,22:05,10.08,2006
25-01-2006,30.96,04:12,5.04,2006
26-01-2006,51.84,21:22,12.96,2006
27-01-2006,60.12,15:30,33.84,2006
28-01-2006,81,11:02,21.96,2006
29-01-2006,43.92,15:45,20.16,2006
30-01-2006,24.84,10:40,5.04,2006
31-01-2006,18,07:02,2.88,2006
01-02-2006,15.84,23:16,1.08,2006
02-02-2006,20.88,06:30,2.88,2006
03-02-2006,42.84,16:19,11.88,2006
04-02-2006,43.92,18:20,20.88,2006
05-02-2006,46.08,17:43,24.84,2006
06-02-2006,33.12,00:50,5.04,2006
07-02-2006,21.96,08:04,2.88,2006
08-02-2006,19.08,15:27,2.88,2006
09-02-2006,25.92,18:28,5.04,2006
10-02-2006,20.88,00:04,2.16,2006
11-02-2006,46.08,14:51,18,2006
12-02-2006,24.12,21:45,6.12,2006
13-02-2006,41.04,15:13,11.88,2006
14-02-2006,32.04,15:50,9,2006
15-02-2006,64.08,12:20,28.08,2006
16-02-2006,70.92,20:19,25.92,2006
17-02-2006,96.84,16:51,30.96,2006
18-02-2006,87.12,22:00,27,2006
19-02-2006,96.12,02:54,30.96,2006
20-02-2006,72,19:05,21.96,2006
21-02-2006,75.96,04:10,21.96,2006
22-02-2006,24.84,10:07,2.16,2006
23-02-2006,38.88,16:22,11.16,2006
24-02-2006,51.12,12:10,18,2006
25-02-2006,38.88,05:00,15.12,2006
26-02-2006,55.08,10:57,19.08,2006
27-02-2006,45,17:38,20.16,2006
28-02-2006,51.84,14:40,21.96,2006
01-03-2006,90,23:50,7.92,2006
02-03-2006,65.88,12:52,29.16,2006
03-03-2006,73.08,17:11,33.12,2006
04-03-2006,101.88,17:40,39.96,2006
05-03-2006,90,02:05,15.12,2006
06-03-2006,25.92,10:28,11.88,2006
07-03-2006,41.04,09:52,16.92,2006
08-03-2006,60.12,12:30,23.04,2006
09-03-2006,60.12,05:55,20.88,2006
10-03-2006,63,15:45,28.08,2006
11-03-2006,46.08,02:45,15.84,2006
12-03-2006,16.92,16:57,5.04,2006
13-03-2006,25.92,15:44,5.04,2006
14-03-2006,18,13:30,6.12,2006
15-03-2006,29.88,16:11,7.92,2006
16-03-2006,19.08,14:10,3.96,2006
17-03-2006,24.12,18:27,11.16,2006
18-03-2006,33.12,05:31,7.92,2006
19-03-2006,34.92,17:45,15.12,2006
20-03-2006,38.16,01:42,6.12,2006
21-03-2006,46.08,16:03,18,2006
22-03-2006,42.84,22:06,9,2006
23-03-2006,93.96,15:33,24.12,2006
24-03-2006,70.92,03:32,29.88,2006
25-03-2006,66.96,17:04,23.04,2006
26-03-2006,101.88,11:29,29.88,2006
27-03-2006,61.92,11:14,24.12,2006
28-03-2006,64.08,13:15,24.12,2006
29-03-2006,60.12,15:50,16.92,2006
30-03-2006,73.08,12:00,23.04,2006
31-03-2006,56.88,15:40,23.04,2006
01-04-2006,52.92,13:56,19.08,2006
02-04-2006,47.88,00:20,14.04,2006
03-04-2006,34.92,18:05,10.08,2006
04-04-2006,55.08,15:35,20.16,2006
05-04-2006,46.08,14:30,10.08,2006
06-04-2006,47.16,15:45,20.16,2006
07-04-2006,32.04,01:35,7.92,2006
08-04-2006,21.96,03:04,2.16,2006
09-04-2006,60.84,17:10,21.96,2006
10-04-2006,57.96,12:10,29.88,2006
11-04-2006,51.84,14:44,20.16,2006
12-04-2006,55.08,15:37,14.04,2006
13-04-2006,38.88,14:46,6.12,2006
14-04-2006,46.08,13:53,10.08,2006
15-04-2006,47.88,10:40,11.16,2006
16-04-2006,25.92,12:48,6.84,2006
17-04-2006,34.92,15:09,16.92,2006
18-04-2006,46.08,14:26,19.08,2006
19-04-2006,30.96,16:40,10.08,2006
20-04-2006,65.16,23:31,19.08,2006
21-04-2006,48.96,01:55,16.92,2006
22-04-2006,60.12,14:22,16.92,2006
23-04-2006,34.92,16:36,9,2006
24-04-2006,48.96,16:55,20.88,2006
25-04-2006,42.84,15:04,15.12,2006
26-04-2006,52.92,17:34,16.92,2006
27-04-2006,47.88,15:01,21.96,2006
28-04-2006,55.08,12:47,25.92,2006
29-04-2006,46.08,11:50,24.12,2006
30-04-2006,47.88,13:34,20.16,2006
01-05-2006,24.12,14:47,6.12,2006
02-05-2006,48.96,15:45,21.96,2006
03-05-2006,24.84,16:01,6.84,2006
04-05-2006,46.08,16:03,14.04,2006
05-05-2006,33.12,13:37,12.96,2006
06-05-2006,29.16,11:50,10.08,2006
07-05-2006,51.12,16:02,20.16,2006
08-05-2006,34.92,12:48,15.84,2006
09-05-2006,24.12,16:20,6.84,2006
10-05-2006,29.88,17:37,6.84,2006
11-05-2006,37.08,14:45,9,2006
12-05-2006,24.84,15:20,7.92,2006
13-05-2006,43.92,14:30,11.88,2006
14-05-2006,36,22:48,6.84,2006
15-05-2006,47.88,13:15,12.96,2006
16-05-2006,23.04,16:10,6.84,2006
17-05-2006,56.88,15:30,20.16,2006
18-05-2006,50.04,14:35,24.12,2006
19-05-2006,60.12,17:19,19.08,2006
20-05-2006,55.08,23:52,20.88,2006
21-05-2006,91.08,17:02,34.92,2006
22-05-2006,63,10:17,20.16,2006
23-05-2006,28.08,10:15,10.08,2006
24-05-2006,37.08,17:46,11.88,2006
25-05-2006,21.96,03:10,7.92,2006
26-05-2006,66.96,13:39,14.04,2006
27-05-2006,38.88,16:35,6.84,2006
28-05-2006,27,14:40,6.84,2006
29-05-2006,55.08,11:30,24.84,2006
30-05-2006,63,18:35,33.84,2006
31-05-2006,60.12,15:54,36,2006
01-06-2006,52.92,15:50,20.16,2006
02-06-2006,41.04,16:35,10.08,2006
03-06-2006,38.88,15:30,14.04,2006
04-06-2006,29.16,12:07,7.92,2006
05-06-2006,29.16,15:52,7.92,2006
06-06-2006,32.04,15:39,6.84,2006
07-06-2006,33.12,13:04,11.16,2006
08-06-2006,20.88,13:55,6.12,2006
09-06-2006,27,20:17,6.84,2006
10-06-2006,38.16,11:19,6.84,2006
11-06-2006,24.12,10:15,6.84,2006
12-06-2006,43.92,13:57,19.08,2006
13-06-2006,46.08,05:43,12.96,2006
14-06-2006,42.84,13:28,18,2006
15-06-2006,47.88,16:10,6.12,2006
16-06-2006,32.04,14:35,6.84,2006
17-06-2006,20.88,18:01,9,2006
18-06-2006,23.04,14:26,9,2006
19-06-2006,27,Varias,9,2006
20-06-2006,28.08,11:20,11.88,2006
21-06-2006,29.88,17:54,9,2006
22-06-2006,34.92,13:02,15.12,2006
23-06-2006,30.96,08:51,9,2006
24-06-2006,27,13:33,12.96,2006
25-06-2006,27,14:47,10.08,2006
26-06-2006,32.04,14:00,11.16,2006
27-06-2006,38.88,16:57,12.96,2006
28-06-2006,29.88,14:20,10.08,2006
29-06-2006,30.96,15:40,12.96,2006
30-06-2006,30.96,14:50,6.84,2006
01-07-2006,29.16,14:43,6.84,2006
02-07-2006,19.08,18:31,6.12,2006
03-07-2006,32.04,13:06,9,2006
04-07-2006,29.88,17:45,11.88,2006
05-07-2006,29.16,09:13,11.16,2006
06-07-2006,27,12:57,11.16,2006
07-07-2006,28.08,12:40,10.08,2006
08-07-2006,29.88,14:11,9,2006
09-07-2006,24.12,15:30,7.92,2006
10-07-2006,36,22:21,11.88,2006
11-07-2006,52.92,11:02,20.88,2006
12-07-2006,54,16:35,27,2006
13-07-2006,46.08,16:19,21.96,2006
14-07-2006,32.04,00:55,6.12,2006
15-07-2006,19.08,14:33,0,2006
16-07-2006,20.88,14:50,6.12,2006
17-07-2006,63,15:39,6.84,2006
18-07-2006,32.04,18:24,5.04,2006
19-07-2006,28.08,07:45,5.04,2006
20-07-2006,23.04,13:14,6.12,2006
21-07-2006,24.12,14:43,6.84,2006
22-07-2006,34.92,18:24,10.08,2006
23-07-2006,33.12,17:25,10.08,2006
24-07-2006,52.92,16:10,11.88,2006
25-07-2006,23.04,16:01,6.84,2006
26-07-2006,33.84,14:38,11.88,2006
27-07-2006,32.04,13:12,14.04,2006
28-07-2006,27,13:31,5.04,2006
29-07-2006,37.08,14:27,14.04,2006
30-07-2006,29.88,14:45,15.12,2006
31-07-2006,41.04,15:15,11.88,2006
01-08-2006,25.92,13:48,12.96,2006
02-08-2006,29.16,17:11,9,2006
03-08-2006,46.08,15:37,24.84,2006
04-08-2006,51.12,18:22,25.92,2006
05-08-2006,47.88,16:40,20.16,2006
06-08-2006,50.04,14:05,20.16,2006
07-08-2006,47.88,14:23,19.08,2006
08-08-2006,51.12,15:09,21.96,2006
09-08-2006,43.92,15:10,20.88,2006
10-08-2006,51.84,18:00,28.08,2006
11-08-2006,43.92,17:07,20.16,2006
12-08-2006,51.12,14:07,20.16,2006
13-08-2006,48.96,15:08,19.08,2006
14-08-2006,54,14:48,20.88,2006
15-08-2006,30.96,23:42,11.88,2006
16-08-2006,56.16,17:04,24.12,2006
17-08-2006,45,14:55,20.88,2006
18-08-2006,38.88,14:37,12.96,2006
19-08-2006,42.12,14:58,24.12,2006
20-08-2006,24.84,17:11,6.84,2006
21-08-2006,36,12:52,9,2006
22-08-2006,32.04,15:30,11.16,2006
23-08-2006,37.08,09:49,11.88,2006
24-08-2006,29.16,18:06,10.08,2006
25-08-2006,41.04,07:31,18,2006
26-08-2006,29.16,12:14,10.08,2006
27-08-2006,29.88,09:25,11.88,2006
28-08-2006,20.88,14:35,7.92,2006
29-08-2006,27,14:34,7.92,2006
30-08-2006,41.04,18:14,11.88,2006
31-08-2006,36,15:32,11.16,2006
01-09-2006,20.16,13:20,3.96,2006
02-09-2006,39.96,13:31,10.08,2006
03-09-2006,29.88,19:17,7.92,2006
04-09-2006,20.16,15:53,3.96,2006
05-09-2006,42.84,18:23,11.16,2006
06-09-2006,28.08,12:40,10.08,2006
07-09-2006,20.88,16:05,5.04,2006
08-09-2006,33.12,17:20,6.12,2006
09-09-2006,21.96,15:30,5.04,2006
10-09-2006,27,16:58,6.12,2006
11-09-2006,23.04,16:29,7.92,2006
12-09-2006,29.88,15:54,6.84,2006
13-09-2006,33.12,14:37,10.08,2006
14-09-2006,42.12,17:04,15.84,2006
15-09-2006,41.04,05:33,15.12,2006
16-09-2006,29.88,23:14,1.08,2006
17-09-2006,30.96,15:40,11.88,2006
18-09-2006,33.12,14:05,9,2006
19-09-2006,20.88,14:18,9,2006
20-09-2006,52.92,15:32,15.12,2006
21-09-2006,114.84,06:33,21.96,2006
22-09-2006,50.04,16:55,20.16,2006
23-09-2006,72,22:23,14.04,2006
24-09-2006,42.84,08:22,11.16,2006
25-09-2006,33.12,15:16,12.96,2006
26-09-2006,24.84,12:58,2.88,2006
27-09-2006,39.96,13:05,10.08,2006
28-09-2006,48.96,23:26,10.08,2006
29-09-2006,48.96,15:49,15.12,2006
30-09-2006,60.12,12:09,18,2006
01-10-2006,43.92,10:39,15.12,2006
02-10-2006,59.04,17:05,11.88,2006
03-10-2006,61.92,15:40,11.88,2006
04-10-2006,38.88,03:47,15.84,2006
05-10-2006,30.96,17:27,11.88,2006
06-10-2006,45,23:21,12.96,2006
07-10-2006,33.84,02:57,6.12,2006
08-10-2006,43.92,12:21,15.12,2006
09-10-2006,29.16,04:55,2.88,2006
10-10-2006,38.88,16:25,6.84,2006
11-10-2006,54,02:44,15.12,2006
12-10-2006,33.12,15:15,7.92,2006
13-10-2006,27,09:43,3.96,2006
14-10-2006,18,13:15,7.92,2006
15-10-2006,36,21:48,7.92,2006
16-10-2006,55.08,18:32,12.96,2006
17-10-2006,46.08,14:32,20.16,2006
18-10-2006,74.88,16:09,24.12,2006
19-10-2006,61.92,18:30,24.12,2006
20-10-2006,36,18:45,10.08,2006
21-10-2006,43.92,05:18,10.08,2006
22-10-2006,64.08,01:30,15.84,2006
23-10-2006,83.88,12:12,29.88,2006
24-10-2006,46.08,11:17,7.92,2006
25-10-2006,52.92,11:36,21.96,2006
26-10-2006,28.08,01:33,3.96,2006
27-10-2006,25.92,05:29,6.12,2006
28-10-2006,20.16,14:10,5.04,2006
29-10-2006,20.88,03:20,2.88,2006
30-10-2006,18,23:34,2.88,2006
31-10-2006,25.92,23:22,7.92,2006
01-11-2006,48.96,14:11,18,2006
02-11-2006,36,14:00,16.92,2006
03-11-2006,24.12,14:30,9,2006
04-11-2006,32.04,15:23,15.84,2006
05-11-2006,20.16,23:59,3.96,2006
06-11-2006,24.12,10:15,9,2006
07-11-2006,24.12,01:01,2.16,2006
08-11-2006,23.04,16:34,3.96,2006
09-11-2006,19.08,Varias,3.96,2006
10-11-2006,23.04,16:40,6.12,2006
11-11-2006,23.04,Varias,10.08,2006
12-11-2006,33.84,15:50,7.92,2006
13-11-2006,20.88,15:53,11.16,2006
14-11-2006,33.12,12:33,11.88,2006
15-11-2006,69.12,15:33,21.96,2006
16-11-2006,52.92,04:19,11.88,2006
17-11-2006,52.92,10:49,19.08,2006
18-11-2006,56.88,14:30,15.84,2006
19-11-2006,23.04,22:55,6.12,2006
20-11-2006,61.92,23:26,20.16,2006
21-11-2006,69.12,10:35,27,2006
22-11-2006,57.96,21:34,15.84,2006
23-11-2006,68.04,03:36,19.08,2006
24-11-2006,73.08,22:54,15.12,2006
25-11-2006,70.92,00:40,12.96,2006
26-11-2006,69.12,15:12,16.92,2006
27-11-2006,56.16,00:21,11.16,2006
28-11-2006,41.04,09:10,16.92,2006
29-11-2006,27,22:00,10.08,2006
30-11-2006,60.12,22:11,18,2006
01-12-2006,52.92,16:56,15.84,2006
02-12-2006,45,06:31,7.92,2006
03-12-2006,56.16,06:20,23.04,2006
04-12-2006,51.84,18:10,20.16,2006
05-12-2006,73.08,01:30,24.84,2006
06-12-2006,50.04,05:43,16.92,2006
07-12-2006,81,23:24,20.16,2006
08-12-2006,111.96,03:21,41.04,2006
09-12-2006,74.16,01:07,24.12,2006
10-12-2006,21.96,02:49,5.04,2006
11-12-2006,36,08:30,12.96,2006
12-12-2006,23.04,15:00,6.12,2006
13-12-2006,19.08,12:47,6.84,2006
14-12-2006,18,03:35,0,2006
15-12-2006,21.96,21:44,5.04,2006
16-12-2006,24.12,04:17,6.84,2006
17-12-2006,29.88,11:52,10.08,2006
18-12-2006,45,19:29,6.12,2006
19-12-2006,45,19:16,15.84,2006
20-12-2006,42.84,02:20,14.04,2006
21-12-2006,41.04,21:22,11.88,2006
22-12-2006,45,14:14,19.08,2006
23-12-2006,32.04,01:35,9,2006
24-12-2006,21.96,09:27,0,2006
25-12-2006,25.92,06:51,10.08,2006
26-12-2006,25.92,11:17,9,2006
27-12-2006,25.92,10:30,9,2006
28-12-2006,42.12,16:08,19.08,2006
29-12-2006,65.16,23:17,24.84,2006
30-12-2006,60.12,10:01,19.08,2006
31-12-2006,59.04,Varias,24.12,2006
01-01-2007,43.92,12:40,15.84,2007
02-01-2007,19.08,21:45,3.96,2007
03-01-2007,28.08,20:18,7.92,2007
04-01-2007,38.16,00:45,14.04,2007
05-01-2007,41.04,13:30,12.96,2007
06-01-2007,42.12,11:11,11.88,2007
07-01-2007,55.08,20:24,15.84,2007
08-01-2007,51.84,11:18,16.92,2007
09-01-2007,60.12,15:42,15.84,2007
10-01-2007,48.96,08:10,14.04,2007
11-01-2007,25.92,13:14,9,2007
12-01-2007,18,10:09,2.16,2007
13-01-2007,33.12,13:20,11.88,2007
14-01-2007,16.92,03:28,0,2007
15-01-2007,12.96,23:58,0,2007
16-01-2007,42.12,13:24,11.16,2007
17-01-2007,63,22:13,25.92,2007
18-01-2007,64.08,06:06,29.16,2007
19-01-2007,33.12,13:23,18,2007
20-01-2007,34.92,18:50,7.92,2007
21-01-2007,29.16,22:00,6.12,2007
22-01-2007,64.08,13:28,11.88,2007
23-01-2007,42.84,11:52,11.16,2007
24-01-2007,57.96,22:47,11.16,2007
25-01-2007,82.08,14:11,30.96,2007
26-01-2007,57.96,11:09,28.08,2007
27-01-2007,63,16:19,29.88,2007
28-01-2007,42.12,00:16,10.08,2007
29-01-2007,21.96,07:22,9,2007
30-01-2007,28.08,15:28,3.96,2007
31-01-2007,27,18:10,6.12,2007
01-02-2007,41.04,14:40,14.04,2007
02-02-2007,33.84,12:18,12.96,2007
03-02-2007,24.12,14:39,2.16,2007
04-02-2007,16.92,13:35,2.16,2007
05-02-2007,23.04,19:00,6.84,2007
06-02-2007,55.08,15:33,14.04,2007
07-02-2007,59.04,22:26,21.96,2007
08-02-2007,74.88,21:32,15.84,2007
09-02-2007,87.12,03:19,28.08,2007
10-02-2007,69.12,00:30,24.84,2007
11-02-2007,72,23:11,24.84,2007
12-02-2007,56.88,04:37,14.04,2007
13-02-2007,70.92,20:34,20.16,2007
14-02-2007,95.04,07:50,20.16,2007
15-02-2007,83.88,12:52,24.12,2007
16-02-2007,82.08,22:30,7.92,2007
17-02-2007,65.16,12:57,29.16,2007
18-02-2007,36,03:58,11.16,2007
19-02-2007,65.88,12:19,20.16,2007
20-02-2007,47.16,07:20,14.04,2007
21-02-2007,65.16,21:34,16.92,2007
22-02-2007,70.92,15:07,24.84,2007
23-02-2007,69.12,11:50,25.92,2007
24-02-2007,54,16:03,24.12,2007
25-02-2007,60.12,04:43,15.84,2007
26-02-2007,30.96,13:00,14.04,2007
27-02-2007,51.84,18:36,18,2007
28-02-2007,55.08,15:59,19.08,2007
01-03-2007,63,12:50,30.96,2007
02-03-2007,69.12,10:47,32.04,2007
03-03-2007,56.16,11:37,19.08,2007
04-03-2007,75.96,07:00,29.16,2007
05-03-2007,61.92,12:28,20.16,2007
06-03-2007,65.88,09:31,24.12,2007
07-03-2007,96.12,06:55,42.84,2007
08-03-2007,39.96,00:50,11.88,2007
09-03-2007,42.84,16:16,6.84,2007
10-03-2007,24.12,06:10,5.04,2007
11-03-2007,24.84,07:40,9,2007
12-03-2007,24.12,13:34,6.12,2007
13-03-2007,47.88,16:09,21.96,2007
14-03-2007,39.96,00:10,7.92,2007
15-03-2007,59.04,15:20,11.88,2007
16-03-2007,50.04,14:07,24.84,2007
17-03-2007,48.96,15:40,20.88,2007
18-03-2007,45,23:30,9,2007
19-03-2007,74.16,12:10,38.16,2007
20-03-2007,78.12,21:36,38.16,2007
21-03-2007,82.08,02:30,29.16,2007
22-03-2007,36,18:30,5.04,2007
23-03-2007,32.04,08:20,15.12,2007
24-03-2007,38.88,15:50,14.04,2007
25-03-2007,48.96,16:07,16.92,2007
26-03-2007,36,20:39,9,2007
27-03-2007,37.08,00:06,9,2007
28-03-2007,66.96,09:40,32.04,2007
29-03-2007,54,06:03,18,2007
30-03-2007,56.16,13:46,23.04,2007
31-03-2007,51.12,16:56,14.04,2007
01-04-2007,63,11:47,20.88,2007
02-04-2007,33.84,15:30,15.12,2007
03-04-2007,30.96,14:40,11.16,2007
04-04-2007,50.04,14:21,18,2007
05-04-2007,42.12,17:43,14.04,2007
06-04-2007,52.92,15:54,23.04,2007
07-04-2007,38.88,17:33,15.12,2007
08-04-2007,48.96,16:55,14.04,2007
09-04-2007,47.88,15:46,10.08,2007
10-04-2007,36,14:50,6.84,2007
11-04-2007,32.04,15:36,3.96,2007
12-04-2007,48.96,16:30,12.96,2007
13-04-2007,25.92,12:56,11.88,2007
14-04-2007,42.12,16:40,15.12,2007
15-04-2007,42.12,15:59,11.88,2007
16-04-2007,39.96,21:47,11.16,2007
17-04-2007,30.96,15:50,10.08,2007
18-04-2007,27,17:10,5.04,2007
19-04-2007,33.84,17:20,11.16,2007
20-04-2007,36,00:34,9,2007
21-04-2007,34.92,16:02,6.84,2007
22-04-2007,27,15:12,10.08,2007
23-04-2007,46.08,12:03,6.84,2007
24-04-2007,32.04,10:20,5.04,2007
25-04-2007,42.84,23:04,24.12,2007
26-04-2007,47.16,14:38,24.84,2007
27-04-2007,32.04,01:10,14.04,2007
28-04-2007,29.16,03:37,9,2007
29-04-2007,50.04,20:04,5.04,2007
30-04-2007,42.84,13:52,16.92,2007
01-05-2007,52.92,08:04,18,2007
02-05-2007,42.12,15:48,19.08,2007
03-05-2007,29.88,15:50,11.16,2007
04-05-2007,29.88,13:30,14.04,2007
05-05-2007,34.92,13:50,9,2007
06-05-2007,24.84,15:32,6.12,2007
07-05-2007,21.96,17:13,7.92,2007
08-05-2007,28.08,12:45,10.08,2007
09-05-2007,27,14:50,5.04,2007
10-05-2007,60.12,17:13,24.12,2007
11-05-2007,59.04,13:20,20.88,2007
12-05-2007,55.08,23:59,19.08,2007
13-05-2007,75.96,07:32,33.84,2007
14-05-2007,54,02:59,20.16,2007
15-05-2007,38.16,16:03,12.96,2007
16-05-2007,38.88,19:10,11.88,2007
17-05-2007,34.92,20:47,11.88,2007
18-05-2007,42.12,19:55,7.92,2007
19-05-2007,51.84,09:44,29.16,2007
20-05-2007,56.88,11:47,21.96,2007
21-05-2007,48.96,12:40,21.96,2007
22-05-2007,59.04,14:13,30.96,2007
23-05-2007,50.04,01:45,15.84,2007
24-05-2007,36,16:50,11.16,2007
25-05-2007,37.08,23:06,2.16,2007
26-05-2007,51.12,03:54,18,2007
27-05-2007,51.84,05:21,18,2007
28-05-2007,38.16,16:54,14.04,2007
29-05-2007,45,23:20,18,2007
30-05-2007,60.84,01:26,21.96,2007
31-05-2007,54,14:50,25.92,2007
01-06-2007,32.04,17:15,9,2007
02-06-2007,25.92,14:34,6.84,2007
03-06-2007,37.08,20:05,15.12,2007
04-06-2007,50.04,13:51,21.96,2007
05-06-2007,47.88,15:55,23.04,2007
06-06-2007,36,17:12,12.96,2007
07-06-2007,29.88,08:21,7.92,2007
08-06-2007,29.88,14:49,6.12,2007
09-06-2007,24.12,13:40,6.84,2007
10-06-2007,41.04,22:28,11.88,2007
11-06-2007,37.08,11:56,11.88,2007
12-06-2007,33.84,16:28,10.08,2007
13-06-2007,50.04,17:20,18,2007
14-06-2007,74.88,13:32,20.88,2007
15-06-2007,43.92,08:14,23.04,2007
16-06-2007,41.04,18:39,10.08,2007
17-06-2007,65.16,11:39,24.12,2007
18-06-2007,69.12,17:33,25.92,2007
19-06-2007,60.12,13:32,16.92,2007
20-06-2007,46.08,14:33,18,2007
21-06-2007,59.04,15:31,21.96,2007
22-06-2007,48.96,00:46,15.12,2007
23-06-2007,25.92,14:20,6.84,2007
24-06-2007,48.96,16:40,19.08,2007
25-06-2007,30.96,09:15,15.84,2007
26-06-2007,32.04,17:10,18,2007
27-06-2007,29.88,14:29,10.08,2007
28-06-2007,28.08,15:24,9,2007
29-06-2007,29.88,16:05,11.88,2007
30-06-2007,56.16,16:00,18,2007
01-07-2007,48.96,14:09,24.12,2007
02-07-2007,47.88,13:40,19.08,2007
03-07-2007,41.04,11:09,18,2007
04-07-2007,25.92,13:03,15.12,2007
05-07-2007,23.04,11:49,5.04,2007
06-07-2007,30.96,15:58,14.04,2007
07-07-2007,27,23:47,7.92,2007
08-07-2007,38.88,07:29,21.96,2007
09-07-2007,29.88,14:27,14.04,2007
10-07-2007,25.92,01:50,6.84,2007
11-07-2007,29.16,21:30,9,2007
12-07-2007,33.12,16:50,10.08,2007
13-07-2007,36,15:33,11.88,2007
14-07-2007,33.12,23:03,9,2007
15-07-2007,52.92,14:05,14.04,2007
16-07-2007,47.16,12:25,12.96,2007
17-07-2007,50.04,14:50,15.84,2007
18-07-2007,27,13:10,11.16,2007
19-07-2007,29.88,14:20,11.88,2007
20-07-2007,25.92,14:29,9,2007
21-07-2007,30.96,13:40,5.04,2007
22-07-2007,48.96,16:21,15.12,2007
23-07-2007,61.92,12:19,25.92,2007
24-07-2007,25.92,13:40,9,2007
25-07-2007,29.88,Varias,12.96,2007
26-07-2007,38.88,16:09,14.04,2007
27-07-2007,39.96,18:13,11.88,2007
28-07-2007,30.96,21:06,11.88,2007
29-07-2007,45,18:12,12.96,2007
30-07-2007,28.08,23:40,3.96,2007
31-07-2007,32.04,17:46,11.16,2007
01-08-2007,28.08,12:40,9,2007
02-08-2007,45,18:31,15.12,2007
03-08-2007,32.04,14:47,15.12,2007
04-08-2007,28.08,22:40,6.12,2007
05-08-2007,41.04,22:18,11.16,2007
06-08-2007,39.96,Varias,20.88,2007
07-08-2007,46.08,14:48,20.88,2007
08-08-2007,46.08,14:53,18,2007
09-08-2007,42.84,14:12,18,2007
10-08-2007,21.96,13:34,3.96,2007
11-08-2007,30.96,19:18,9,2007
12-08-2007,33.12,13:50,12.96,2007
13-08-2007,24.12,17:50,11.16,2007
14-08-2007,64.08,14:59,25.92,2007
15-08-2007,52.92,12:49,20.16,2007
16-08-2007,33.84,01:50,11.88,2007
17-08-2007,30.96,Varias,7.92,2007
18-08-2007,39.96,13:01,9,2007
19-08-2007,38.88,15:22,16.92,2007
20-08-2007,39.96,22:04,12.96,2007
21-08-2007,41.04,08:00,24.12,2007
22-08-2007,37.08,05:46,16.92,2007
23-08-2007,41.04,16:22,15.84,2007
24-08-2007,43.92,14:09,20.16,2007
25-08-2007,54,13:41,21.96,2007
26-08-2007,42.12,18:44,7.92,2007
27-08-2007,33.12,21:51,3.96,2007
28-08-2007,28.08,00:42,6.12,2007
29-08-2007,42.12,16:36,16.92,2007
30-08-2007,47.88,15:20,23.04,2007
31-08-2007,47.16,12:10,18,2007
01-09-2007,39.96,18:13,15.84,2007
02-09-2007,41.04,13:35,11.88,2007
03-09-2007,43.92,18:45,24.84,2007
04-09-2007,52.92,15:18,23.04,2007
05-09-2007,46.08,14:38,16.92,2007
06-09-2007,32.04,17:33,11.16,2007
07-09-2007,42.12,15:28,11.16,2007
08-09-2007,36,17:34,9,2007
09-09-2007,30.96,17:27,10.08,2007
10-09-2007,43.92,19:09,16.92,2007
11-09-2007,51.12,16:52,18,2007
12-09-2007,43.92,14:30,18,2007
13-09-2007,20.16,15:11,6.84,2007
14-09-2007,45,13:00,20.16,2007
15-09-2007,20.88,00:31,3.96,2007
16-09-2007,24.12,13:11,5.04,2007
17-09-2007,38.16,16:32,10.08,2007
18-09-2007,52.92,15:20,27,2007
19-09-2007,33.84,15:41,12.96,2007
20-09-2007,21.96,18:15,7.92,2007
21-09-2007,28.08,09:26,7.92,2007
22-09-2007,23.04,13:48,2.88,2007
23-09-2007,23.04,15:54,5.04,2007
24-09-2007,29.16,10:10,3.96,2007
25-09-2007,29.88,16:53,9,2007
26-09-2007,37.08,16:09,14.04,2007
27-09-2007,46.08,Varias,19.08,2007
28-09-2007,25.92,Varias,3.96,2007
29-09-2007,43.92,12:21,19.08,2007
30-09-2007,42.12,16:28,11.88,2007
01-10-2007,47.16,11:03,6.84,2007
02-10-2007,25.92,13:38,2.16,2007
03-10-2007,33.12,13:05,12.96,2007
04-10-2007,33.12,01:45,2.88,2007
05-10-2007,24.84,15:11,6.12,2007
06-10-2007,19.08,14:27,2.88,2007
07-10-2007,16.92,17:16,0,2007
08-10-2007,20.16,13:51,6.12,2007
09-10-2007,36,14:33,12.96,2007
10-10-2007,43.92,14:30,14.04,2007
11-10-2007,39.96,18:12,14.04,2007
12-10-2007,23.04,10:03,6.84,2007
13-10-2007,19.08,16:31,6.12,2007
14-10-2007,24.84,13:22,5.04,2007
15-10-2007,19.08,13:19,2.88,2007
16-10-2007,32.04,16:56,12.96,2007
17-10-2007,32.04,16:13,6.84,2007
18-10-2007,28.08,14:35,6.84,2007
19-10-2007,24.12,07:43,9,2007
20-10-2007,21.96,05:50,2.16,2007
21-10-2007,21.96,15:11,6.12,2007
22-10-2007,23.04,05:24,2.88,2007
23-10-2007,23.04,12:26,5.04,2007
24-10-2007,42.84,14:45,12.96,2007
25-10-2007,41.04,14:47,20.88,2007
26-10-2007,37.08,15:12,12.96,2007
27-10-2007,33.12,14:42,6.84,2007
28-10-2007,21.96,14:21,5.04,2007
29-10-2007,29.88,15:55,6.12,2007
30-10-2007,36,16:46,11.16,2007
31-10-2007,46.08,17:36,19.08,2007
01-11-2007,34.92,17:31,6.84,2007
02-11-2007,32.04,17:05,5.04,2007
03-11-2007,27,07:20,3.96,2007
04-11-2007,20.88,05:47,2.88,2007
05-11-2007,50.04,16:45,11.16,2007
06-11-2007,45,12:38,18,2007
07-11-2007,23.04,17:40,9,2007
08-11-2007,30.96,22:37,6.12,2007
09-11-2007,52.92,12:48,29.16,2007
10-11-2007,19.08,01:27,2.16,2007
11-11-2007,20.16,03:58,2.88,2007
12-11-2007,34.92,15:58,7.92,2007
13-11-2007,37.08,15:20,6.84,2007
14-11-2007,32.04,14:46,3.96,2007
15-11-2007,38.88,18:11,6.84,2007
16-11-2007,30.96,12:41,11.16,2007
17-11-2007,24.12,01:55,0,2007
18-11-2007,59.04,12:30,19.08,2007
19-11-2007,29.88,02:07,1.08,2007
20-11-2007,43.92,12:28,2.16,2007
21-11-2007,50.04,07:21,11.16,2007
22-11-2007,32.04,02:26,6.12,2007
23-11-2007,43.92,17:53,9,2007
24-11-2007,48.96,13:05,18,2007
25-11-2007,33.84,02:35,5.04,2007
26-11-2007,47.16,22:26,6.84,2007
27-11-2007,60.84,15:12,15.84,2007
28-11-2007,33.84,14:50,2.88,2007
29-11-2007,21.96,15:28,2.88,2007
30-11-2007,33.12,18:25,2.16,2007
01-12-2007,29.88,03:44,3.96,2007
02-12-2007,54,20:54,6.84,2007
03-12-2007,47.16,02:22,9,2007
04-12-2007,30.96,21:10,2.16,2007
05-12-2007,56.16,03:20,15.12,2007
06-12-2007,39.96,20:57,11.88,2007
07-12-2007,42.12,11:39,9,2007
08-12-2007,65.88,23:42,20.88,2007
09-12-2007,65.88,09:10,20.16,2007
10-12-2007,0,,0,2007
11-12-2007,20.16,04:31,6.12,2007
12-12-2007,20.88,09:10,6.84,2007
13-12-2007,24.12,08:14,3.96,2007
14-12-2007,29.88,09:20,9,2007
15-12-2007,23.04,03:44,5.04,2007
16-12-2007,20.16,21:42,6.12,2007
17-12-2007,29.16,17:40,12.96,2007
18-12-2007,29.88,21:26,11.16,2007
19-12-2007,46.08,05:59,16.92,2007
20-12-2007,41.04,10:03,12.96,2007
21-12-2007,20.16,11:46,6.12,2007
22-12-2007,29.88,16:50,7.92,2007
23-12-2007,23.04,10:10,5.04,2007
24-12-2007,29.16,21:40,7.92,2007
25-12-2007,55.08,12:10,15.12,2007
26-12-2007,23.04,17:16,6.84,2007
27-12-2007,23.04,04:11,6.84,2007
28-12-2007,33.12,14:23,12.96,2007
29-12-2007,30.96,07:20,11.16,2007
30-12-2007,18,09:03,6.12,2007
31-12-2007,18,19:19,6.84,2007
01-01-2007,43.92,12:40,15.84,2007
02-01-2007,19.08,21:45,3.96,2007
03-01-2007,28.08,20:18,7.92,2007
04-01-2007,38.16,00:45,14.04,2007
05-01-2007,41.04,13:30,12.96,2007
06-01-2007,42.12,11:11,11.88,2007
07-01-2007,55.08,20:24,15.84,2007
08-01-2007,51.84,11:18,16.92,2007
09-01-2007,60.12,15:42,15.84,2007
10-01-2007,48.96,08:10,14.04,2007
11-01-2007,25.92,13:14,9,2007
12-01-2007,18,10:09,2.16,2007
13-01-2007,33.12,13:20,11.88,2007
14-01-2007,16.92,03:28,0,2007
15-01-2007,12.96,23:58,0,2007
16-01-2007,42.12,13:24,11.16,2007
17-01-2007,63,22:13,25.92,2007
18-01-2007,64.08,06:06,29.16,2007
19-01-2007,33.12,13:23,18,2007
20-01-2007,34.92,18:50,7.92,2007
21-01-2007,29.16,22:00,6.12,2007
22-01-2007,64.08,13:28,11.88,2007
23-01-2007,42.84,11:52,11.16,2007
24-01-2007,57.96,22:47,11.16,2007
25-01-2007,82.08,14:11,30.96,2007
26-01-2007,57.96,11:09,28.08,2007
27-01-2007,63,16:19,29.88,2007
28-01-2007,42.12,00:16,10.08,2007
29-01-2007,21.96,07:22,9,2007
30-01-2007,28.08,15:28,3.96,2007
31-01-2007,27,18:10,6.12,2007
01-02-2007,41.04,14:40,14.04,2007
02-02-2007,33.84,12:18,12.96,2007
03-02-2007,24.12,14:39,2.16,2007
04-02-2007,16.92,13:35,2.16,2007
05-02-2007,23.04,19:00,6.84,2007
06-02-2007,55.08,15:33,14.04,2007
07-02-2007,59.04,22:26,21.96,2007
08-02-2007,74.88,21:32,15.84,2007
09-02-2007,87.12,03:19,28.08,2007
10-02-2007,69.12,00:30,24.84,2007
11-02-2007,72,23:11,24.84,2007
12-02-2007,56.88,04:37,14.04,2007
13-02-2007,70.92,20:34,20.16,2007
14-02-2007,95.04,07:50,20.16,2007
15-02-2007,83.88,12:52,24.12,2007
16-02-2007,82.08,22:30,7.92,2007
17-02-2007,65.16,12:57,29.16,2007
18-02-2007,36,03:58,11.16,2007
19-02-2007,65.88,12:19,20.16,2007
20-02-2007,47.16,07:20,14.04,2007
21-02-2007,65.16,21:34,16.92,2007
22-02-2007,70.92,15:07,24.84,2007
23-02-2007,69.12,11:50,25.92,2007
24-02-2007,54,16:03,24.12,2007
25-02-2007,60.12,04:43,15.84,2007
26-02-2007,30.96,13:00,14.04,2007
27-02-2007,51.84,18:36,18,2007
28-02-2007,55.08,15:59,19.08,2007
01-03-2007,63,12:50,30.96,2007
02-03-2007,69.12,10:47,32.04,2007
03-03-2007,56.16,11:37,19.08,2007
04-03-2007,75.96,07:00,29.16,2007
05-03-2007,61.92,12:28,20.16,2007
06-03-2007,65.88,09:31,24.12,2007
07-03-2007,96.12,06:55,42.84,2007
08-03-2007,39.96,00:50,11.88,2007
09-03-2007,42.84,16:16,6.84,2007
10-03-2007,24.12,06:10,5.04,2007
11-03-2007,24.84,07:40,9,2007
12-03-2007,24.12,13:34,6.12,2007
13-03-2007,47.88,16:09,21.96,2007
14-03-2007,39.96,00:10,7.92,2007
15-03-2007,59.04,15:20,11.88,2007
16-03-2007,50.04,14:07,24.84,2007
17-03-2007,48.96,15:40,20.88,2007
18-03-2007,45,23:30,9,2007
19-03-2007,74.16,12:10,38.16,2007
20-03-2007,78.12,21:36,38.16,2007
21-03-2007,82.08,02:30,29.16,2007
22-03-2007,36,18:30,5.04,2007
23-03-2007,32.04,08:20,15.12,2007
24-03-2007,38.88,15:50,14.04,2007
25-03-2007,48.96,16:07,16.92,2007
26-03-2007,36,20:39,9,2007
27-03-2007,37.08,00:06,9,2007
28-03-2007,66.96,09:40,32.04,2007
29-03-2007,54,06:03,18,2007
30-03-2007,56.16,13:46,23.04,2007
31-03-2007,51.12,16:56,14.04,2007
01-04-2007,63,11:47,20.88,2007
02-04-2007,33.84,15:30,15.12,2007
03-04-2007,30.96,14:40,11.16,2007
04-04-2007,50.04,14:21,18,2007
05-04-2007,42.12,17:43,14.04,2007
06-04-2007,52.92,15:54,23.04,2007
07-04-2007,38.88,17:33,15.12,2007
08-04-2007,48.96,16:55,14.04,2007
09-04-2007,47.88,15:46,10.08,2007
10-04-2007,36,14:50,6.84,2007
11-04-2007,32.04,15:36,3.96,2007
12-04-2007,48.96,16:30,12.96,2007
13-04-2007,25.92,12:56,11.88,2007
14-04-2007,42.12,16:40,15.12,2007
15-04-2007,42.12,15:59,11.88,2007
16-04-2007,39.96,21:47,11.16,2007
17-04-2007,30.96,15:50,10.08,2007
18-04-2007,27,17:10,5.04,2007
19-04-2007,33.84,17:20,11.16,2007
20-04-2007,36,00:34,9,2007
21-04-2007,34.92,16:02,6.84,2007
22-04-2007,27,15:12,10.08,2007
23-04-2007,46.08,12:03,6.84,2007
24-04-2007,32.04,10:20,5.04,2007
25-04-2007,42.84,23:04,24.12,2007
26-04-2007,47.16,14:38,24.84,2007
27-04-2007,32.04,01:10,14.04,2007
28-04-2007,29.16,03:37,9,2007
29-04-2007,50.04,20:04,5.04,2007
30-04-2007,42.84,13:52,16.92,2007
01-05-2007,52.92,08:04,18,2007
02-05-2007,42.12,15:48,19.08,2007
03-05-2007,29.88,15:50,11.16,2007
04-05-2007,29.88,13:30,14.04,2007
05-05-2007,34.92,13:50,9,2007
06-05-2007,24.84,15:32,6.12,2007
07-05-2007,21.96,17:13,7.92,2007
08-05-2007,28.08,12:45,10.08,2007
09-05-2007,27,14:50,5.04,2007
10-05-2007,60.12,17:13,24.12,2007
11-05-2007,59.04,13:20,20.88,2007
12-05-2007,55.08,23:59,19.08,2007
13-05-2007,75.96,07:32,33.84,2007
14-05-2007,54,02:59,20.16,2007
15-05-2007,38.16,16:03,12.96,2007
16-05-2007,38.88,19:10,11.88,2007
17-05-2007,34.92,20:47,11.88,2007
18-05-2007,42.12,19:55,7.92,2007
19-05-2007,51.84,09:44,29.16,2007
20-05-2007,56.88,11:47,21.96,2007
21-05-2007,48.96,12:40,21.96,2007
22-05-2007,59.04,14:13,30.96,2007
23-05-2007,50.04,01:45,15.84,2007
24-05-2007,36,16:50,11.16,2007
25-05-2007,37.08,23:06,2.16,2007
26-05-2007,51.12,03:54,18,2007
27-05-2007,51.84,05:21,18,2007
28-05-2007,38.16,16:54,14.04,2007
29-05-2007,45,23:20,18,2007
30-05-2007,60.84,01:26,21.96,2007
31-05-2007,54,14:50,25.92,2007
01-06-2007,32.04,17:15,9,2007
02-06-2007,25.92,14:34,6.84,2007
03-06-2007,37.08,20:05,15.12,2007
04-06-2007,50.04,13:51,21.96,2007
05-06-2007,47.88,15:55,23.04,2007
06-06-2007,36,17:12,12.96,2007
07-06-2007,29.88,08:21,7.92,2007
08-06-2007,29.88,14:49,6.12,2007
09-06-2007,24.12,13:40,6.84,2007
10-06-2007,41.04,22:28,11.88,2007
11-06-2007,37.08,11:56,11.88,2007
12-06-2007,33.84,16:28,10.08,2007
13-06-2007,50.04,17:20,18,2007
14-06-2007,74.88,13:32,20.88,2007
15-06-2007,43.92,08:14,23.04,2007
16-06-2007,41.04,18:39,10.08,2007
17-06-2007,65.16,11:39,24.12,2007
18-06-2007,69.12,17:33,25.92,2007
19-06-2007,60.12,13:32,16.92,2007
20-06-2007,46.08,14:33,18,2007
21-06-2007,59.04,15:31,21.96,2007
22-06-2007,48.96,00:46,15.12,2007
23-06-2007,25.92,14:20,6.84,2007
24-06-2007,48.96,16:40,19.08,2007
25-06-2007,30.96,09:15,15.84,2007
26-06-2007,32.04,17:10,18,2007
27-06-2007,29.88,14:29,10.08,2007
28-06-2007,28.08,15:24,9,2007
29-06-2007,29.88,16:05,11.88,2007
30-06-2007,56.16,16:00,18,2007
01-07-2007,48.96,14:09,24.12,2007
02-07-2007,47.88,13:40,19.08,2007
03-07-2007,41.04,11:09,18,2007
04-07-2007,25.92,13:03,15.12,2007
05-07-2007,23.04,11:49,5.04,2007
06-07-2007,30.96,15:58,14.04,2007
07-07-2007,27,23:47,7.92,2007
08-07-2007,38.88,07:29,21.96,2007
09-07-2007,29.88,14:27,14.04,2007
10-07-2007,25.92,01:50,6.84,2007
11-07-2007,29.16,21:30,9,2007
12-07-2007,33.12,16:50,10.08,2007
13-07-2007,36,15:33,11.88,2007
14-07-2007,33.12,23:03,9,2007
15-07-2007,52.92,14:05,14.04,2007
16-07-2007,47.16,12:25,12.96,2007
17-07-2007,50.04,14:50,15.84,2007
18-07-2007,27,13:10,11.16,2007
19-07-2007,29.88,14:20,11.88,2007
20-07-2007,25.92,14:29,9,2007
21-07-2007,30.96,13:40,5.04,2007
22-07-2007,48.96,16:21,15.12,2007
23-07-2007,61.92,12:19,25.92,2007
24-07-2007,25.92,13:40,9,2007
25-07-2007,29.88,Varias,12.96,2007
26-07-2007,38.88,16:09,14.04,2007
27-07-2007,39.96,18:13,11.88,2007
28-07-2007,30.96,21:06,11.88,2007
29-07-2007,45,18:12,12.96,2007
30-07-2007,28.08,23:40,3.96,2007
31-07-2007,32.04,17:46,11.16,2007
01-08-2007,28.08,12:40,9,2007
02-08-2007,45,18:31,15.12,2007
03-08-2007,32.04,14:47,15.12,2007
04-08-2007,28.08,22:40,6.12,2007
05-08-2007,41.04,22:18,11.16,2007
06-08-2007,39.96,Varias,20.88,2007
07-08-2007,46.08,14:48,20.88,2007
08-08-2007,46.08,14:53,18,2007
09-08-2007,42.84,14:12,18,2007
10-08-2007,21.96,13:34,3.96,2007
11-08-2007,30.96,19:18,9,2007
12-08-2007,33.12,13:50,12.96,2007
13-08-2007,24.12,17:50,11.16,2007
14-08-2007,64.08,14:59,25.92,2007
15-08-2007,52.92,12:49,20.16,2007
16-08-2007,33.84,01:50,11.88,2007
17-08-2007,30.96,Varias,7.92,2007
18-08-2007,39.96,13:01,9,2007
19-08-2007,38.88,15:22,16.92,2007
20-08-2007,39.96,22:04,12.96,2007
21-08-2007,41.04,08:00,24.12,2007
22-08-2007,37.08,05:46,16.92,2007
23-08-2007,41.04,16:22,15.84,2007
24-08-2007,43.92,14:09,20.16,2007
25-08-2007,54,13:41,21.96,2007
26-08-2007,42.12,18:44,7.92,2007
27-08-2007,33.12,21:51,3.96,2007
28-08-2007,28.08,00:42,6.12,2007
29-08-2007,42.12,16:36,16.92,2007
30-08-2007,47.88,15:20,23.04,2007
31-08-2007,47.16,12:10,18,2007
01-09-2007,39.96,18:13,15.84,2007
02-09-2007,41.04,13:35,11.88,2007
03-09-2007,43.92,18:45,24.84,2007
04-09-2007,52.92,15:18,23.04,2007
05-09-2007,46.08,14:38,16.92,2007
06-09-2007,32.04,17:33,11.16,2007
07-09-2007,42.12,15:28,11.16,2007
08-09-2007,36,17:34,9,2007
09-09-2007,30.96,17:27,10.08,2007
10-09-2007,43.92,19:09,16.92,2007
11-09-2007,51.12,16:52,18,2007
12-09-2007,43.92,14:30,18,2007
13-09-2007,20.16,15:11,6.84,2007
14-09-2007,45,13:00,20.16,2007
15-09-2007,20.88,00:31,3.96,2007
16-09-2007,24.12,13:11,5.04,2007
17-09-2007,38.16,16:32,10.08,2007
18-09-2007,52.92,15:20,27,2007
19-09-2007,33.84,15:41,12.96,2007
20-09-2007,21.96,18:15,7.92,2007
21-09-2007,28.08,09:26,7.92,2007
22-09-2007,23.04,13:48,2.88,2007
23-09-2007,23.04,15:54,5.04,2007
24-09-2007,29.16,10:10,3.96,2007
25-09-2007,29.88,16:53,9,2007
26-09-2007,37.08,16:09,14.04,2007
27-09-2007,46.08,Varias,19.08,2007
28-09-2007,25.92,Varias,3.96,2007
29-09-2007,43.92,12:21,19.08,2007
30-09-2007,42.12,16:28,11.88,2007
01-10-2007,47.16,11:03,6.84,2007
02-10-2007,25.92,13:38,2.16,2007
03-10-2007,33.12,13:05,12.96,2007
04-10-2007,33.12,01:45,2.88,2007
05-10-2007,24.84,15:11,6.12,2007
06-10-2007,19.08,14:27,2.88,2007
07-10-2007,16.92,17:16,0,2007
08-10-2007,20.16,13:51,6.12,2007
09-10-2007,36,14:33,12.96,2007
10-10-2007,43.92,14:30,14.04,2007
11-10-2007,39.96,18:12,14.04,2007
12-10-2007,23.04,10:03,6.84,2007
13-10-2007,19.08,16:31,6.12,2007
14-10-2007,24.84,13:22,5.04,2007
15-10-2007,19.08,13:19,2.88,2007
16-10-2007,32.04,16:56,12.96,2007
17-10-2007,32.04,16:13,6.84,2007
18-10-2007,28.08,14:35,6.84,2007
19-10-2007,24.12,07:43,9,2007
20-10-2007,21.96,05:50,2.16,2007
21-10-2007,21.96,15:11,6.12,2007
22-10-2007,23.04,05:24,2.88,2007
23-10-2007,23.04,12:26,5.04,2007
24-10-2007,42.84,14:45,12.96,2007
25-10-2007,41.04,14:47,20.88,2007
26-10-2007,37.08,15:12,12.96,2007
27-10-2007,33.12,14:42,6.84,2007
28-10-2007,21.96,14:21,5.04,2007
29-10-2007,29.88,15:55,6.12,2007
30-10-2007,36,16:46,11.16,2007
31-10-2007,46.08,17:36,19.08,2007
01-11-2007,34.92,17:31,6.84,2007
02-11-2007,32.04,17:05,5.04,2007
03-11-2007,27,07:20,3.96,2007
04-11-2007,20.88,05:47,2.88,2007
05-11-2007,50.04,16:45,11.16,2007
06-11-2007,45,12:38,18,2007
07-11-2007,23.04,17:40,9,2007
08-11-2007,30.96,22:37,6.12,2007
09-11-2007,52.92,12:48,29.16,2007
10-11-2007,19.08,01:27,2.16,2007
11-11-2007,20.16,03:58,2.88,2007
12-11-2007,34.92,15:58,7.92,2007
13-11-2007,37.08,15:20,6.84,2007
14-11-2007,32.04,14:46,3.96,2007
15-11-2007,38.88,18:11,6.84,2007
16-11-2007,30.96,12:41,11.16,2007
17-11-2007,24.12,01:55,0,2007
18-11-2007,59.04,12:30,19.08,2007
19-11-2007,29.88,02:07,1.08,2007
20-11-2007,43.92,12:28,2.16,2007
21-11-2007,50.04,07:21,11.16,2007
22-11-2007,32.04,02:26,6.12,2007
23-11-2007,43.92,17:53,9,2007
24-11-2007,48.96,13:05,18,2007
25-11-2007,33.84,02:35,5.04,2007
26-11-2007,47.16,22:26,6.84,2007
27-11-2007,60.84,15:12,15.84,2007
28-11-2007,33.84,14:50,2.88,2007
29-11-2007,21.96,15:28,2.88,2007
30-11-2007,33.12,18:25,2.16,2007
01-12-2007,29.88,03:44,3.96,2007
02-12-2007,54,20:54,6.84,2007
03-12-2007,47.16,02:22,9,2007
04-12-2007,30.96,21:10,2.16,2007
05-12-2007,56.16,03:20,15.12,2007
06-12-2007,39.96,20:57,11.88,2007
07-12-2007,42.12,11:39,9,2007
08-12-2007,65.88,23:42,20.88,2007
09-12-2007,65.88,09:10,20.16,2007
10-12-2007,0,,0,2007
11-12-2007,20.16,04:31,6.12,2007
12-12-2007,20.88,09:10,6.84,2007
13-12-2007,24.12,08:14,3.96,2007
14-12-2007,29.88,09:20,9,2007
15-12-2007,23.04,03:44,5.04,2007
16-12-2007,20.16,21:42,6.12,2007
17-12-2007,29.16,17:40,12.96,2007
18-12-2007,29.88,21:26,11.16,2007
19-12-2007,46.08,05:59,16.92,2007
20-12-2007,41.04,10:03,12.96,2007
21-12-2007,20.16,11:46,6.12,2007
22-12-2007,29.88,16:50,7.92,2007
23-12-2007,23.04,10:10,5.04,2007
24-12-2007,29.16,21:40,7.92,2007
25-12-2007,55.08,12:10,15.12,2007
26-12-2007,23.04,17:16,6.84,2007
27-12-2007,23.04,04:11,6.84,2007
28-12-2007,33.12,14:23,12.96,2007
29-12-2007,30.96,07:20,11.16,2007
30-12-2007,18,09:03,6.12,2007
31-12-2007,18,19:19,6.84,2007
01-01-2008,60.12,16:46,20.88,2008
02-01-2008,74.16,22:17,15.84,2008
03-01-2008,60.12,04:10,18,2008
04-01-2008,47.88,23:00,12.96,2008
05-01-2008,60.12,14:49,21.96,2008
06-01-2008,57.96,10:14,20.16,2008
07-01-2008,37.08,00:04,6.12,2008
08-01-2008,51.12,13:05,14.04,2008
09-01-2008,34.92,17:30,9,2008
10-01-2008,75.96,23:40,19.08,2008
11-01-2008,87.12,08:27,32.04,2008
12-01-2008,50.04,22:38,15.12,2008
13-01-2008,82.08,05:31,20.88,2008
14-01-2008,61.92,05:19,20.16,2008
15-01-2008,87.12,11:35,33.84,2008
16-01-2008,96.12,06:14,30.96,2008
17-01-2008,61.92,14:00,24.84,2008
18-01-2008,41.04,00:27,11.88,2008
19-01-2008,21.96,15:37,7.92,2008
20-01-2008,16.92,06:10,6.84,2008
21-01-2008,20.16,11:37,6.84,2008
22-01-2008,21.96,07:40,7.92,2008
23-01-2008,23.04,04:10,6.84,2008
24-01-2008,36,13:11,15.84,2008
25-01-2008,34.92,02:52,11.88,2008
26-01-2008,20.16,15:00,6.84,2008
27-01-2008,19.08,04:14,6.84,2008
28-01-2008,15.84,03:20,3.96,2008
29-01-2008,23.04,19:41,6.84,2008
30-01-2008,56.88,09:35,14.04,2008
31-01-2008,37.08,19:59,11.88,2008
01-02-2008,56.16,14:47,23.04,2008
02-02-2008,32.04,00:20,6.84,2008
03-02-2008,75.96,15:50,19.08,2008
04-02-2008,65.88,03:56,20.16,2008
05-02-2008,65.88,15:10,27,2008
06-02-2008,41.04,01:19,6.84,2008
07-02-2008,23.04,10:25,6.84,2008
08-02-2008,20.88,16:46,6.12,2008
09-02-2008,20.88,08:30,6.84,2008
10-02-2008,24.12,04:39,5.04,2008
11-02-2008,20.88,17:14,7.92,2008
12-02-2008,18,07:33,6.12,2008
13-02-2008,24.12,09:01,11.88,2008
14-02-2008,24.84,12:40,9,2008
15-02-2008,24.84,14:30,9,2008
16-02-2008,20.88,18:06,9,2008
17-02-2008,37.08,14:20,11.16,2008
18-02-2008,32.04,11:49,11.16,2008
19-02-2008,24.84,16:26,6.12,2008
20-02-2008,27,11:57,9,2008
21-02-2008,23.04,18:09,9,2008
22-02-2008,21.96,07:40,7.92,2008
23-02-2008,34.92,14:43,9,2008
24-02-2008,20.88,01:00,7.92,2008
25-02-2008,28.08,17:05,6.84,2008
26-02-2008,34.92,09:43,10.08,2008
27-02-2008,29.16,16:50,10.08,2008
28-02-2008,30.96,15:06,6.12,2008
29-02-2008,36,14:14,14.04,2008
01-03-2008,27,03:49,10.08,2008
02-03-2008,28.08,16:12,11.16,2008
03-03-2008,64.08,06:28,28.08,2008
04-03-2008,61.92,07:07,34.92,2008
05-03-2008,51.12,12:20,24.12,2008
06-03-2008,33.84,16:07,16.92,2008
07-03-2008,24.84,19:05,11.16,2008
08-03-2008,43.92,23:36,12.96,2008
09-03-2008,65.88,04:30,21.96,2008
10-03-2008,90,03:44,33.12,2008
11-03-2008,55.08,08:12,23.04,2008
12-03-2008,39.96,01:24,16.92,2008
13-03-2008,25.92,14:50,11.88,2008
14-03-2008,24.12,22:46,6.84,2008
15-03-2008,70.92,11:50,24.12,2008
16-03-2008,47.16,01:22,15.84,2008
17-03-2008,51.84,15:19,16.92,2008
18-03-2008,29.88,21:13,11.88,2008
19-03-2008,65.88,20:32,30.96,2008
20-03-2008,63,10:17,29.88,2008
21-03-2008,43.92,23:55,15.12,2008
22-03-2008,91.08,17:50,41.04,2008
23-03-2008,77.04,02:53,15.84,2008
24-03-2008,48.96,05:47,19.08,2008
25-03-2008,42.84,15:50,14.04,2008
26-03-2008,75.96,07:46,27,2008
27-03-2008,78.84,02:58,32.04,2008
28-03-2008,51.84,04:50,19.08,2008
29-03-2008,60.84,17:48,20.88,2008
30-03-2008,70.92,01:54,27,2008
31-03-2008,45,00:29,19.08,2008
01-04-2008,29.88,19:29,12.96,2008
02-04-2008,27,14:44,11.16,2008
03-04-2008,28.08,18:30,12.96,2008
04-04-2008,29.88,08:43,11.16,2008
05-04-2008,21.96,06:58,10.08,2008
06-04-2008,52.92,18:16,20.16,2008
07-04-2008,34.92,19:54,11.88,2008
08-04-2008,45,23:20,15.12,2008
09-04-2008,50.04,22:10,25.92,2008
10-04-2008,55.08,05:18,27,2008
11-04-2008,47.16,01:06,18,2008
12-04-2008,47.88,15:42,16.92,2008
13-04-2008,48.96,08:42,20.16,2008
14-04-2008,42.12,17:37,15.12,2008
15-04-2008,25.92,10:06,12.96,2008
16-04-2008,65.88,18:07,19.08,2008
17-04-2008,65.88,03:24,16.92,2008
18-04-2008,92.16,04:58,27,2008
19-04-2008,37.08,09:20,12.96,2008
20-04-2008,50.04,09:30,24.12,2008
21-04-2008,43.92,17:05,20.88,2008
22-04-2008,39.96,11:21,11.88,2008
23-04-2008,32.04,12:29,10.08,2008
24-04-2008,30.96,02:10,11.88,2008
25-04-2008,21.96,15:45,7.92,2008
26-04-2008,29.16,14:33,6.12,2008
27-04-2008,29.88,17:30,7.92,2008
28-04-2008,48.96,16:16,20.88,2008
29-04-2008,68.04,19:34,30.96,2008
30-04-2008,56.16,02:07,20.88,2008
01-05-2008,38.88,12:05,11.16,2008
02-05-2008,24.84,15:30,6.84,2008
03-05-2008,56.88,14:10,15.84,2008
04-05-2008,33.12,18:20,11.88,2008
05-05-2008,25.92,21:51,10.08,2008
06-05-2008,27,17:20,11.88,2008
07-05-2008,28.08,12:30,6.84,2008
08-05-2008,30.96,14:57,12.96,2008
09-05-2008,30.96,Varias,15.84,2008
10-05-2008,54,15:10,24.84,2008
11-05-2008,36,03:43,16.92,2008
12-05-2008,30.96,17:28,12.96,2008
13-05-2008,42.12,13:18,14.04,2008
14-05-2008,38.16,10:10,10.08,2008
15-05-2008,47.16,15:35,19.08,2008
16-05-2008,41.04,13:06,19.08,2008
17-05-2008,29.88,04:55,15.84,2008
18-05-2008,27,13:37,11.16,2008
19-05-2008,27,15:25,12.96,2008
20-05-2008,29.16,13:54,10.08,2008
21-05-2008,47.88,15:00,14.04,2008
22-05-2008,25.92,00:31,11.88,2008
23-05-2008,48.96,18:28,15.84,2008
24-05-2008,48.96,10:10,9,2008
25-05-2008,34.92,14:12,11.88,2008
26-05-2008,33.12,12:30,15.12,2008
27-05-2008,41.04,18:10,14.04,2008
28-05-2008,45,02:41,16.92,2008
29-05-2008,55.08,15:48,23.04,2008
30-05-2008,25.92,15:21,9,2008
31-05-2008,33.84,14:52,14.04,2008
01-06-2008,29.16,15:20,11.88,2008
02-06-2008,30.96,12:18,14.04,2008
03-06-2008,42.84,17:40,20.16,2008
04-06-2008,25.92,01:14,11.88,2008
05-06-2008,45,18:27,19.08,2008
06-06-2008,56.88,15:41,21.96,2008
07-06-2008,52.92,14:44,23.04,2008
08-06-2008,56.88,15:10,20.88,2008
09-06-2008,52.92,16:52,20.88,2008
10-06-2008,46.08,16:21,15.12,2008
11-06-2008,54,15:43,24.12,2008
12-06-2008,46.08,15:42,16.92,2008
13-06-2008,47.16,16:01,21.96,2008
14-06-2008,24.84,13:38,11.16,2008
15-06-2008,38.88,21:27,18,2008
16-06-2008,45,07:30,21.96,2008
17-06-2008,29.88,13:39,11.88,2008
18-06-2008,33.12,15:50,12.96,2008
19-06-2008,34.92,16:36,12.96,2008
20-06-2008,32.04,13:01,11.88,2008
21-06-2008,30.96,16:23,11.16,2008
22-06-2008,32.04,18:56,10.08,2008
23-06-2008,39.96,14:20,12.96,2008
24-06-2008,30.96,07:12,14.04,2008
25-06-2008,51.84,15:20,21.96,2008
26-06-2008,48.96,12:40,24.84,2008
27-06-2008,56.16,15:20,24.84,2008
28-06-2008,52.92,17:40,16.92,2008
29-06-2008,54,15:56,23.04,2008
30-06-2008,38.16,20:40,9,2008
01-07-2008,33.12,14:02,11.88,2008
02-07-2008,63,15:37,21.96,2008
03-07-2008,30.96,08:03,11.16,2008
04-07-2008,60.84,06:21,20.88,2008
05-07-2008,30.96,02:01,15.84,2008
06-07-2008,38.88,16:55,19.08,2008
07-07-2008,43.92,14:36,19.08,2008
08-07-2008,29.16,12:50,12.96,2008
09-07-2008,43.92,16:34,14.04,2008
10-07-2008,55.08,13:38,23.04,2008
11-07-2008,41.04,13:51,15.84,2008
12-07-2008,32.04,10:10,12.96,2008
13-07-2008,23.04,13:10,10.08,2008
14-07-2008,41.04,21:20,15.12,2008
15-07-2008,47.88,16:23,18,2008
16-07-2008,56.16,16:24,24.12,2008
17-07-2008,45,14:23,20.16,2008
18-07-2008,42.12,12:04,11.88,2008
19-07-2008,52.92,13:35,18,2008
20-07-2008,45,07:43,25.92,2008
21-07-2008,51.84,16:59,25.92,2008
22-07-2008,20.16,04:30,9,2008
23-07-2008,48.96,17:16,11.88,2008
24-07-2008,38.88,19:41,11.16,2008
25-07-2008,47.16,17:31,12.96,2008
26-07-2008,23.04,14:16,10.08,2008
27-07-2008,39.96,21:55,9,2008
28-07-2008,47.16,15:30,19.08,2008
29-07-2008,33.12,17:48,12.96,2008
30-07-2008,39.96,12:18,19.08,2008
31-07-2008,73.08,10:24,24.84,2008
01-08-2008,45,15:12,15.12,2008
02-08-2008,34.92,12:56,14.04,2008
03-08-2008,29.88,13:50,11.16,2008
04-08-2008,24.84,13:45,11.16,2008
05-08-2008,24.84,14:24,9,2008
06-08-2008,34.92,03:55,11.16,2008
07-08-2008,38.88,13:13,16.92,2008
08-08-2008,30.96,18:33,15.84,2008
09-08-2008,27,12:42,10.08,2008
10-08-2008,23.04,07:00,11.88,2008
11-08-2008,61.92,16:15,20.16,2008
12-08-2008,65.16,12:30,20.16,2008
13-08-2008,33.12,10:25,15.12,2008
14-08-2008,50.04,14:57,20.88,2008
15-08-2008,38.16,22:02,10.08,2008
16-08-2008,50.04,11:53,18,2008
17-08-2008,39.96,14:39,18,2008
18-08-2008,42.12,14:06,18,2008
19-08-2008,36,12:40,18,2008
20-08-2008,28.08,14:56,10.08,2008
21-08-2008,0,,11.88,2008
22-08-2008,46.08,16:33,21.96,2008
23-08-2008,33.12,13:40,12.96,2008
24-08-2008,33.12,09:35,11.88,2008
25-08-2008,46.08,16:42,16.92,2008
26-08-2008,29.88,18:04,7.92,2008
27-08-2008,43.92,14:25,15.84,2008
28-08-2008,38.88,16:25,12.96,2008
29-08-2008,28.08,16:06,6.12,2008
30-08-2008,28.08,02:41,10.08,2008
31-08-2008,23.04,03:50,9,2008
01-09-2008,18,13:15,6.84,2008
02-09-2008,38.88,15:30,15.84,2008
03-09-2008,42.12,06:48,15.12,2008
04-09-2008,63,23:00,15.84,2008
05-09-2008,86.04,01:46,28.08,2008
06-09-2008,39.96,06:44,19.08,2008
07-09-2008,34.92,14:58,11.16,2008
08-09-2008,36,14:27,11.88,2008
09-09-2008,27,11:23,10.08,2008
10-09-2008,39.96,17:25,11.88,2008
11-09-2008,48.96,00:20,20.16,2008
12-09-2008,37.08,04:27,12.96,2008
13-09-2008,34.92,16:49,12.96,2008
14-09-2008,27,13:24,7.92,2008
15-09-2008,37.08,17:53,15.12,2008
16-09-2008,37.08,16:58,12.96,2008
17-09-2008,18,15:42,9,2008
18-09-2008,36,13:42,9,2008
19-09-2008,41.04,16:23,12.96,2008
20-09-2008,28.08,18:43,5.04,2008
21-09-2008,27,13:24,5.04,2008
22-09-2008,43.92,15:16,20.16,2008
23-09-2008,51.12,12:10,24.12,2008
24-09-2008,42.12,15:42,20.16,2008
25-09-2008,42.12,19:03,18,2008
26-09-2008,45,12:55,15.12,2008
27-09-2008,36,16:50,11.88,2008
28-09-2008,29.16,16:10,6.12,2008
29-09-2008,43.92,14:11,15.12,2008
30-09-2008,42.84,14:59,15.84,2008
01-10-2008,25.92,22:13,9,2008
02-10-2008,45,20:42,11.88,2008
03-10-2008,39.96,04:00,11.88,2008
04-10-2008,28.08,17:20,11.88,2008
05-10-2008,56.88,12:16,19.08,2008
06-10-2008,47.88,10:04,15.84,2008
07-10-2008,59.04,00:51,15.84,2008
08-10-2008,21.96,13:50,11.88,2008
09-10-2008,38.88,18:20,18,2008
10-10-2008,34.92,02:10,12.96,2008
11-10-2008,32.04,13:16,6.84,2008
12-10-2008,24.84,08:30,7.92,2008
13-10-2008,15.12,15:15,3.96,2008
14-10-2008,15.12,Varias,6.84,2008
15-10-2008,29.16,Varias,7.92,2008
16-10-2008,32.04,13:54,10.08,2008
17-10-2008,29.16,15:45,10.08,2008
18-10-2008,45,13:43,15.12,2008
19-10-2008,25.92,14:32,6.84,2008
20-10-2008,42.12,16:21,7.92,2008
21-10-2008,47.88,04:50,11.16,2008
22-10-2008,52.92,11:28,23.04,2008
23-10-2008,15.84,Varias,6.84,2008
24-10-2008,21.96,18:39,6.84,2008
25-10-2008,20.88,09:31,6.84,2008
26-10-2008,15.12,04:40,6.84,2008
27-10-2008,54,23:46,18,2008
28-10-2008,70.92,02:31,29.88,2008
29-10-2008,65.88,04:45,21.96,2008
30-10-2008,69.12,07:17,27,2008
31-10-2008,47.88,12:12,10.08,2008
01-11-2008,63,10:10,27,2008
02-11-2008,45,23:18,14.04,2008
03-11-2008,51.84,03:52,16.92,2008
04-11-2008,47.88,04:27,14.04,2008
05-11-2008,29.16,01:38,6.12,2008
06-11-2008,41.04,18:53,14.04,2008
07-11-2008,33.84,20:10,9,2008
08-11-2008,51.84,12:21,20.88,2008
09-11-2008,56.88,15:22,21.96,2008
10-11-2008,60.12,13:07,20.16,2008
11-11-2008,29.88,20:36,9,2008
12-11-2008,48.96,07:01,16.92,2008
13-11-2008,18,19:42,6.84,2008
14-11-2008,21.96,15:04,7.92,2008
15-11-2008,19.08,01:43,6.84,2008
16-11-2008,37.08,16:42,7.92,2008
17-11-2008,30.96,20:50,7.92,2008
18-11-2008,48.96,14:27,15.12,2008
19-11-2008,41.04,12:30,23.04,2008
20-11-2008,42.12,13:05,15.84,2008
21-11-2008,33.84,17:38,15.84,2008
22-11-2008,36,19:08,19.08,2008
23-11-2008,50.04,18:20,15.12,2008
24-11-2008,69.84,16:25,34.92,2008
25-11-2008,83.16,02:37,28.08,2008
26-11-2008,55.08,14:02,20.16,2008
27-11-2008,23.04,09:56,10.08,2008
28-11-2008,55.08,16:38,19.08,2008
29-11-2008,84.96,08:20,33.84,2008
30-11-2008,61.92,06:23,12.96,2008
01-12-2008,61.92,18:41,19.08,2008
02-12-2008,50.04,23:17,14.04,2008
03-12-2008,93.96,05:25,24.12,2008
04-12-2008,56.88,14:35,29.16,2008
05-12-2008,54,00:10,19.08,2008
06-12-2008,56.88,15:46,15.84,2008
07-12-2008,36,21:05,11.16,2008
08-12-2008,38.16,06:54,20.16,2008
09-12-2008,81,06:32,38.16,2008
10-12-2008,56.88,07:46,23.04,2008
11-12-2008,68.04,14:20,19.08,2008
12-12-2008,45,23:54,11.16,2008
13-12-2008,73.08,13:07,23.04,2008
14-12-2008,79.92,14:10,30.96,2008
15-12-2008,75.96,00:37,29.16,2008
16-12-2008,33.84,03:20,7.92,2008
17-12-2008,38.88,17:56,11.16,2008
18-12-2008,19.08,19:31,5.04,2008
19-12-2008,33.12,17:33,11.88,2008
20-12-2008,20.88,00:52,6.12,2008
21-12-2008,21.96,02:45,6.84,2008
22-12-2008,20.88,03:58,5.04,2008
23-12-2008,18,00:56,3.96,2008
24-12-2008,19.08,05:41,5.04,2008
25-12-2008,25.92,07:36,6.12,2008
26-12-2008,64.08,18:02,23.04,2008
27-12-2008,63,07:30,21.96,2008
28-12-2008,37.08,04:05,11.88,2008
29-12-2008,38.88,14:22,11.88,2008
30-12-2008,27,21:22,7.92,2008
31-12-2008,50.04,13:22,19.08,2008
01-01-2008,60.12,16:46,20.88,2008
02-01-2008,74.16,22:17,15.84,2008
03-01-2008,60.12,04:10,18,2008
04-01-2008,47.88,23:00,12.96,2008
05-01-2008,60.12,14:49,21.96,2008
06-01-2008,57.96,10:14,20.16,2008
07-01-2008,37.08,00:04,6.12,2008
08-01-2008,51.12,13:05,14.04,2008
09-01-2008,34.92,17:30,9,2008
10-01-2008,75.96,23:40,19.08,2008
11-01-2008,87.12,08:27,32.04,2008
12-01-2008,50.04,22:38,15.12,2008
13-01-2008,82.08,05:31,20.88,2008
14-01-2008,61.92,05:19,20.16,2008
15-01-2008,87.12,11:35,33.84,2008
16-01-2008,96.12,06:14,30.96,2008
17-01-2008,61.92,14:00,24.84,2008
18-01-2008,41.04,00:27,11.88,2008
19-01-2008,21.96,15:37,7.92,2008
20-01-2008,16.92,06:10,6.84,2008
21-01-2008,20.16,11:37,6.84,2008
22-01-2008,21.96,07:40,7.92,2008
23-01-2008,23.04,04:10,6.84,2008
24-01-2008,36,13:11,15.84,2008
25-01-2008,34.92,02:52,11.88,2008
26-01-2008,20.16,15:00,6.84,2008
27-01-2008,19.08,04:14,6.84,2008
28-01-2008,15.84,03:20,3.96,2008
29-01-2008,23.04,19:41,6.84,2008
30-01-2008,56.88,09:35,14.04,2008
31-01-2008,37.08,19:59,11.88,2008
01-02-2008,56.16,14:47,23.04,2008
02-02-2008,32.04,00:20,6.84,2008
03-02-2008,75.96,15:50,19.08,2008
04-02-2008,65.88,03:56,20.16,2008
05-02-2008,65.88,15:10,27,2008
06-02-2008,41.04,01:19,6.84,2008
07-02-2008,23.04,10:25,6.84,2008
08-02-2008,20.88,16:46,6.12,2008
09-02-2008,20.88,08:30,6.84,2008
10-02-2008,24.12,04:39,5.04,2008
11-02-2008,20.88,17:14,7.92,2008
12-02-2008,18,07:33,6.12,2008
13-02-2008,24.12,09:01,11.88,2008
14-02-2008,24.84,12:40,9,2008
15-02-2008,24.84,14:30,9,2008
16-02-2008,20.88,18:06,9,2008
17-02-2008,37.08,14:20,11.16,2008
18-02-2008,32.04,11:49,11.16,2008
19-02-2008,24.84,16:26,6.12,2008
20-02-2008,27,11:57,9,2008
21-02-2008,23.04,18:09,9,2008
22-02-2008,21.96,07:40,7.92,2008
23-02-2008,34.92,14:43,9,2008
24-02-2008,20.88,01:00,7.92,2008
25-02-2008,28.08,17:05,6.84,2008
26-02-2008,34.92,09:43,10.08,2008
27-02-2008,29.16,16:50,10.08,2008
28-02-2008,30.96,15:06,6.12,2008
29-02-2008,36,14:14,14.04,2008
01-03-2008,27,03:49,10.08,2008
02-03-2008,28.08,16:12,11.16,2008
03-03-2008,64.08,06:28,28.08,2008
04-03-2008,61.92,07:07,34.92,2008
05-03-2008,51.12,12:20,24.12,2008
06-03-2008,33.84,16:07,16.92,2008
07-03-2008,24.84,19:05,11.16,2008
08-03-2008,43.92,23:36,12.96,2008
09-03-2008,65.88,04:30,21.96,2008
10-03-2008,90,03:44,33.12,2008
11-03-2008,55.08,08:12,23.04,2008
12-03-2008,39.96,01:24,16.92,2008
13-03-2008,25.92,14:50,11.88,2008
14-03-2008,24.12,22:46,6.84,2008
15-03-2008,70.92,11:50,24.12,2008
16-03-2008,47.16,01:22,15.84,2008
17-03-2008,51.84,15:19,16.92,2008
18-03-2008,29.88,21:13,11.88,2008
19-03-2008,65.88,20:32,30.96,2008
20-03-2008,63,10:17,29.88,2008
21-03-2008,43.92,23:55,15.12,2008
22-03-2008,91.08,17:50,41.04,2008
23-03-2008,77.04,02:53,15.84,2008
24-03-2008,48.96,05:47,19.08,2008
25-03-2008,42.84,15:50,14.04,2008
26-03-2008,75.96,07:46,27,2008
27-03-2008,78.84,02:58,32.04,2008
28-03-2008,51.84,04:50,19.08,2008
29-03-2008,60.84,17:48,20.88,2008
30-03-2008,70.92,01:54,27,2008
31-03-2008,45,00:29,19.08,2008
01-04-2008,29.88,19:29,12.96,2008
02-04-2008,27,14:44,11.16,2008
03-04-2008,28.08,18:30,12.96,2008
04-04-2008,29.88,08:43,11.16,2008
05-04-2008,21.96,06:58,10.08,2008
06-04-2008,52.92,18:16,20.16,2008
07-04-2008,34.92,19:54,11.88,2008
08-04-2008,45,23:20,15.12,2008
09-04-2008,50.04,22:10,25.92,2008
10-04-2008,55.08,05:18,27,2008
11-04-2008,47.16,01:06,18,2008
12-04-2008,47.88,15:42,16.92,2008
13-04-2008,48.96,08:42,20.16,2008
14-04-2008,42.12,17:37,15.12,2008
15-04-2008,25.92,10:06,12.96,2008
16-04-2008,65.88,18:07,19.08,2008
17-04-2008,65.88,03:24,16.92,2008
18-04-2008,92.16,04:58,27,2008
19-04-2008,37.08,09:20,12.96,2008
20-04-2008,50.04,09:30,24.12,2008
21-04-2008,43.92,17:05,20.88,2008
22-04-2008,39.96,11:21,11.88,2008
23-04-2008,32.04,12:29,10.08,2008
24-04-2008,30.96,02:10,11.88,2008
25-04-2008,21.96,15:45,7.92,2008
26-04-2008,29.16,14:33,6.12,2008
27-04-2008,29.88,17:30,7.92,2008
28-04-2008,48.96,16:16,20.88,2008
29-04-2008,68.04,19:34,30.96,2008
30-04-2008,56.16,02:07,20.88,2008
01-05-2008,38.88,12:05,11.16,2008
02-05-2008,24.84,15:30,6.84,2008
03-05-2008,56.88,14:10,15.84,2008
04-05-2008,33.12,18:20,11.88,2008
05-05-2008,25.92,21:51,10.08,2008
06-05-2008,27,17:20,11.88,2008
07-05-2008,28.08,12:30,6.84,2008
08-05-2008,30.96,14:57,12.96,2008
09-05-2008,30.96,Varias,15.84,2008
10-05-2008,54,15:10,24.84,2008
11-05-2008,36,03:43,16.92,2008
12-05-2008,30.96,17:28,12.96,2008
13-05-2008,42.12,13:18,14.04,2008
14-05-2008,38.16,10:10,10.08,2008
15-05-2008,47.16,15:35,19.08,2008
16-05-2008,41.04,13:06,19.08,2008
17-05-2008,29.88,04:55,15.84,2008
18-05-2008,27,13:37,11.16,2008
19-05-2008,27,15:25,12.96,2008
20-05-2008,29.16,13:54,10.08,2008
21-05-2008,47.88,15:00,14.04,2008
22-05-2008,25.92,00:31,11.88,2008
23-05-2008,48.96,18:28,15.84,2008
24-05-2008,48.96,10:10,9,2008
25-05-2008,34.92,14:12,11.88,2008
26-05-2008,33.12,12:30,15.12,2008
27-05-2008,41.04,18:10,14.04,2008
28-05-2008,45,02:41,16.92,2008
29-05-2008,55.08,15:48,23.04,2008
30-05-2008,25.92,15:21,9,2008
31-05-2008,33.84,14:52,14.04,2008
01-06-2008,29.16,15:20,11.88,2008
02-06-2008,30.96,12:18,14.04,2008
03-06-2008,42.84,17:40,20.16,2008
04-06-2008,25.92,01:14,11.88,2008
05-06-2008,45,18:27,19.08,2008
06-06-2008,56.88,15:41,21.96,2008
07-06-2008,52.92,14:44,23.04,2008
08-06-2008,56.88,15:10,20.88,2008
09-06-2008,52.92,16:52,20.88,2008
10-06-2008,46.08,16:21,15.12,2008
11-06-2008,54,15:43,24.12,2008
12-06-2008,46.08,15:42,16.92,2008
13-06-2008,47.16,16:01,21.96,2008
14-06-2008,24.84,13:38,11.16,2008
15-06-2008,38.88,21:27,18,2008
16-06-2008,45,07:30,21.96,2008
17-06-2008,29.88,13:39,11.88,2008
18-06-2008,33.12,15:50,12.96,2008
19-06-2008,34.92,16:36,12.96,2008
20-06-2008,32.04,13:01,11.88,2008
21-06-2008,30.96,16:23,11.16,2008
22-06-2008,32.04,18:56,10.08,2008
23-06-2008,39.96,14:20,12.96,2008
24-06-2008,30.96,07:12,14.04,2008
25-06-2008,51.84,15:20,21.96,2008
26-06-2008,48.96,12:40,24.84,2008
27-06-2008,56.16,15:20,24.84,2008
28-06-2008,52.92,17:40,16.92,2008
29-06-2008,54,15:56,23.04,2008
30-06-2008,38.16,20:40,9,2008
01-07-2008,33.12,14:02,11.88,2008
02-07-2008,63,15:37,21.96,2008
03-07-2008,30.96,08:03,11.16,2008
04-07-2008,60.84,06:21,20.88,2008
05-07-2008,30.96,02:01,15.84,2008
06-07-2008,38.88,16:55,19.08,2008
07-07-2008,43.92,14:36,19.08,2008
08-07-2008,29.16,12:50,12.96,2008
09-07-2008,43.92,16:34,14.04,2008
10-07-2008,55.08,13:38,23.04,2008
11-07-2008,41.04,13:51,15.84,2008
12-07-2008,32.04,10:10,12.96,2008
13-07-2008,23.04,13:10,10.08,2008
14-07-2008,41.04,21:20,15.12,2008
15-07-2008,47.88,16:23,18,2008
16-07-2008,56.16,16:24,24.12,2008
17-07-2008,45,14:23,20.16,2008
18-07-2008,42.12,12:04,11.88,2008
19-07-2008,52.92,13:35,18,2008
20-07-2008,45,07:43,25.92,2008
21-07-2008,51.84,16:59,25.92,2008
22-07-2008,20.16,04:30,9,2008
23-07-2008,48.96,17:16,11.88,2008
24-07-2008,38.88,19:41,11.16,2008
25-07-2008,47.16,17:31,12.96,2008
26-07-2008,23.04,14:16,10.08,2008
27-07-2008,39.96,21:55,9,2008
28-07-2008,47.16,15:30,19.08,2008
29-07-2008,33.12,17:48,12.96,2008
30-07-2008,39.96,12:18,19.08,2008
31-07-2008,73.08,10:24,24.84,2008
01-08-2008,45,15:12,15.12,2008
02-08-2008,34.92,12:56,14.04,2008
03-08-2008,29.88,13:50,11.16,2008
04-08-2008,24.84,13:45,11.16,2008
05-08-2008,24.84,14:24,9,2008
06-08-2008,34.92,03:55,11.16,2008
07-08-2008,38.88,13:13,16.92,2008
08-08-2008,30.96,18:33,15.84,2008
09-08-2008,27,12:42,10.08,2008
10-08-2008,23.04,07:00,11.88,2008
11-08-2008,61.92,16:15,20.16,2008
12-08-2008,65.16,12:30,20.16,2008
13-08-2008,33.12,10:25,15.12,2008
14-08-2008,50.04,14:57,20.88,2008
15-08-2008,38.16,22:02,10.08,2008
16-08-2008,50.04,11:53,18,2008
17-08-2008,39.96,14:39,18,2008
18-08-2008,42.12,14:06,18,2008
19-08-2008,36,12:40,18,2008
20-08-2008,28.08,14:56,10.08,2008
21-08-2008,0,,11.88,2008
22-08-2008,46.08,16:33,21.96,2008
23-08-2008,33.12,13:40,12.96,2008
24-08-2008,33.12,09:35,11.88,2008
25-08-2008,46.08,16:42,16.92,2008
26-08-2008,29.88,18:04,7.92,2008
27-08-2008,43.92,14:25,15.84,2008
28-08-2008,38.88,16:25,12.96,2008
29-08-2008,28.08,16:06,6.12,2008
30-08-2008,28.08,02:41,10.08,2008
31-08-2008,23.04,03:50,9,2008
01-09-2008,18,13:15,6.84,2008
02-09-2008,38.88,15:30,15.84,2008
03-09-2008,42.12,06:48,15.12,2008
04-09-2008,63,23:00,15.84,2008
05-09-2008,86.04,01:46,28.08,2008
06-09-2008,39.96,06:44,19.08,2008
07-09-2008,34.92,14:58,11.16,2008
08-09-2008,36,14:27,11.88,2008
09-09-2008,27,11:23,10.08,2008
10-09-2008,39.96,17:25,11.88,2008
11-09-2008,48.96,00:20,20.16,2008
12-09-2008,37.08,04:27,12.96,2008
13-09-2008,34.92,16:49,12.96,2008
14-09-2008,27,13:24,7.92,2008
15-09-2008,37.08,17:53,15.12,2008
16-09-2008,37.08,16:58,12.96,2008
17-09-2008,18,15:42,9,2008
18-09-2008,36,13:42,9,2008
19-09-2008,41.04,16:23,12.96,2008
20-09-2008,28.08,18:43,5.04,2008
21-09-2008,27,13:24,5.04,2008
22-09-2008,43.92,15:16,20.16,2008
23-09-2008,51.12,12:10,24.12,2008
24-09-2008,42.12,15:42,20.16,2008
25-09-2008,42.12,19:03,18,2008
26-09-2008,45,12:55,15.12,2008
27-09-2008,36,16:50,11.88,2008
28-09-2008,29.16,16:10,6.12,2008
29-09-2008,43.92,14:11,15.12,2008
30-09-2008,42.84,14:59,15.84,2008
01-10-2008,25.92,22:13,9,2008
02-10-2008,45,20:42,11.88,2008
03-10-2008,39.96,04:00,11.88,2008
04-10-2008,28.08,17:20,11.88,2008
05-10-2008,56.88,12:16,19.08,2008
06-10-2008,47.88,10:04,15.84,2008
07-10-2008,59.04,00:51,15.84,2008
08-10-2008,21.96,13:50,11.88,2008
09-10-2008,38.88,18:20,18,2008
10-10-2008,34.92,02:10,12.96,2008
11-10-2008,32.04,13:16,6.84,2008
12-10-2008,24.84,08:30,7.92,2008
13-10-2008,15.12,15:15,3.96,2008
14-10-2008,15.12,Varias,6.84,2008
15-10-2008,29.16,Varias,7.92,2008
16-10-2008,32.04,13:54,10.08,2008
17-10-2008,29.16,15:45,10.08,2008
18-10-2008,45,13:43,15.12,2008
19-10-2008,25.92,14:32,6.84,2008
20-10-2008,42.12,16:21,7.92,2008
21-10-2008,47.88,04:50,11.16,2008
22-10-2008,52.92,11:28,23.04,2008
23-10-2008,15.84,Varias,6.84,2008
24-10-2008,21.96,18:39,6.84,2008
25-10-2008,20.88,09:31,6.84,2008
26-10-2008,15.12,04:40,6.84,2008
27-10-2008,54,23:46,18,2008
28-10-2008,70.92,02:31,29.88,2008
29-10-2008,65.88,04:45,21.96,2008
30-10-2008,69.12,07:17,27,2008
31-10-2008,47.88,12:12,10.08,2008
01-11-2008,63,10:10,27,2008
02-11-2008,45,23:18,14.04,2008
03-11-2008,51.84,03:52,16.92,2008
04-11-2008,47.88,04:27,14.04,2008
05-11-2008,29.16,01:38,6.12,2008
06-11-2008,41.04,18:53,14.04,2008
07-11-2008,33.84,20:10,9,2008
08-11-2008,51.84,12:21,20.88,2008
09-11-2008,56.88,15:22,21.96,2008
10-11-2008,60.12,13:07,20.16,2008
11-11-2008,29.88,20:36,9,2008
12-11-2008,48.96,07:01,16.92,2008
13-11-2008,18,19:42,6.84,2008
14-11-2008,21.96,15:04,7.92,2008
15-11-2008,19.08,01:43,6.84,2008
16-11-2008,37.08,16:42,7.92,2008
17-11-2008,30.96,20:50,7.92,2008
18-11-2008,48.96,14:27,15.12,2008
19-11-2008,41.04,12:30,23.04,2008
20-11-2008,42.12,13:05,15.84,2008
21-11-2008,33.84,17:38,15.84,2008
22-11-2008,36,19:08,19.08,2008
23-11-2008,50.04,18:20,15.12,2008
24-11-2008,69.84,16:25,34.92,2008
25-11-2008,83.16,02:37,28.08,2008
26-11-2008,55.08,14:02,20.16,2008
27-11-2008,23.04,09:56,10.08,2008
28-11-2008,55.08,16:38,19.08,2008
29-11-2008,84.96,08:20,33.84,2008
30-11-2008,61.92,06:23,12.96,2008
01-12-2008,61.92,18:41,19.08,2008
02-12-2008,50.04,23:17,14.04,2008
03-12-2008,93.96,05:25,24.12,2008
04-12-2008,56.88,14:35,29.16,2008
05-12-2008,54,00:10,19.08,2008
06-12-2008,56.88,15:46,15.84,2008
07-12-2008,36,21:05,11.16,2008
08-12-2008,38.16,06:54,20.16,2008
09-12-2008,81,06:32,38.16,2008
10-12-2008,56.88,07:46,23.04,2008
11-12-2008,68.04,14:20,19.08,2008
12-12-2008,45,23:54,11.16,2008
13-12-2008,73.08,13:07,23.04,2008
14-12-2008,79.92,14:10,30.96,2008
15-12-2008,75.96,00:37,29.16,2008
16-12-2008,33.84,03:20,7.92,2008
17-12-2008,38.88,17:56,11.16,2008
18-12-2008,19.08,19:31,5.04,2008
19-12-2008,33.12,17:33,11.88,2008
20-12-2008,20.88,00:52,6.12,2008
21-12-2008,21.96,02:45,6.84,2008
22-12-2008,20.88,03:58,5.04,2008
23-12-2008,18,00:56,3.96,2008
24-12-2008,19.08,05:41,5.04,2008
25-12-2008,25.92,07:36,6.12,2008
26-12-2008,64.08,18:02,23.04,2008
27-12-2008,63,07:30,21.96,2008
28-12-2008,37.08,04:05,11.88,2008
29-12-2008,38.88,14:22,11.88,2008
30-12-2008,27,21:22,7.92,2008
31-12-2008,50.04,13:22,19.08,2008
01-01-2009,32.04,14:53,11.88,2009
02-01-2009,21.96,17:10,7.92,2009
03-01-2009,34.92,19:30,11.16,2009
04-01-2009,36,07:36,16.92,2009
05-01-2009,19.08,23:00,3.96,2009
06-01-2009,41.04,15:23,15.12,2009
07-01-2009,45,16:06,21.96,2009
08-01-2009,36,17:10,15.84,2009
09-01-2009,37.08,04:55,11.16,2009
10-01-2009,29.88,15:13,10.08,2009
11-01-2009,28.08,15:59,11.16,2009
12-01-2009,59.04,22:28,20.16,2009
13-01-2009,47.88,00:10,12.96,2009
14-01-2009,65.16,19:26,18,2009
15-01-2009,65.88,00:18,12.96,2009
16-01-2009,32.04,13:20,12.96,2009
17-01-2009,51.12,20:52,16.92,2009
18-01-2009,68.04,23:30,21.96,2009
19-01-2009,82.08,10:31,21.96,2009
20-01-2009,73.08,05:39,19.08,2009
21-01-2009,60.12,23:06,15.12,2009
22-01-2009,63,20:12,28.08,2009
23-01-2009,127.08,20:39,32.04,2009
24-01-2009,128.88,00:17,28.08,2009
25-01-2009,92.88,07:20,29.88,2009
26-01-2009,69.12,02:30,20.16,2009
27-01-2009,39.96,15:34,15.12,2009
28-01-2009,39.96,03:03,6.84,2009
29-01-2009,73.08,20:54,15.12,2009
30-01-2009,64.08,01:55,16.92,2009
31-01-2009,56.88,22:46,19.08,2009
01-02-2009,60.84,01:53,10.08,2009
02-02-2009,65.16,07:25,28.08,2009
03-02-2009,59.04,23:07,11.88,2009
04-02-2009,57.96,00:56,16.92,2009
05-02-2009,65.88,11:07,20.88,2009
06-02-2009,73.08,10:58,25.92,2009
07-02-2009,43.92,16:49,9,2009
08-02-2009,56.16,09:08,16.92,2009
09-02-2009,100.08,15:24,38.16,2009
10-02-2009,55.08,03:42,24.12,2009
11-02-2009,28.08,11:10,15.12,2009
12-02-2009,38.16,18:17,14.04,2009
13-02-2009,21.96,06:53,10.08,2009
14-02-2009,36,17:19,11.88,2009
15-02-2009,39.96,16:50,12.96,2009
16-02-2009,25.92,06:10,9,2009
17-02-2009,24.84,08:00,6.84,2009
18-02-2009,25.92,19:25,7.92,2009
19-02-2009,45,14:14,18,2009
20-02-2009,55.08,16:07,15.84,2009
21-02-2009,24.12,20:33,3.96,2009
22-02-2009,47.16,18:31,16.92,2009
23-02-2009,43.92,17:07,15.12,2009
24-02-2009,39.96,17:48,12.96,2009
25-02-2009,20.16,15:22,7.92,2009
26-02-2009,20.88,12:30,10.08,2009
27-02-2009,19.08,14:04,6.12,2009
28-02-2009,24.12,08:50,10.08,2009
01-03-2009,42.12,13:28,12.96,2009
02-03-2009,47.16,16:37,19.08,2009
03-03-2009,51.12,23:20,11.16,2009
04-03-2009,83.88,06:21,29.88,2009
05-03-2009,92.88,05:55,32.04,2009
06-03-2009,46.08,07:35,27,2009
07-03-2009,29.88,00:13,10.08,2009
08-03-2009,34.92,12:25,14.04,2009
09-03-2009,41.04,16:03,12.96,2009
10-03-2009,33.12,18:07,12.96,2009
11-03-2009,21.96,08:00,6.84,2009
12-03-2009,21.96,08:30,7.92,2009
13-03-2009,34.92,13:16,5.04,2009
14-03-2009,37.08,19:18,11.88,2009
15-03-2009,32.04,19:12,11.88,2009
16-03-2009,24.12,07:24,10.08,2009
17-03-2009,30.96,15:23,9,2009
18-03-2009,23.04,15:09,6.84,2009
19-03-2009,33.12,14:45,11.16,2009
20-03-2009,29.16,16:38,11.88,2009
21-03-2009,48.96,23:05,12.96,2009
22-03-2009,51.12,12:38,32.04,2009
23-03-2009,39.96,16:40,12.96,2009
24-03-2009,46.08,11:36,23.04,2009
25-03-2009,52.92,14:48,20.88,2009
26-03-2009,37.08,14:03,15.84,2009
27-03-2009,55.08,20:20,15.12,2009
28-03-2009,66.96,17:07,24.84,2009
29-03-2009,60.12,01:18,20.88,2009
30-03-2009,46.08,14:23,15.84,2009
31-03-2009,50.04,14:33,24.12,2009
01-04-2009,41.04,15:35,12.96,2009
02-04-2009,33.84,19:04,16.92,2009
03-04-2009,25.92,14:03,11.16,2009
04-04-2009,42.12,17:36,23.04,2009
05-04-2009,28.08,15:23,10.08,2009
06-04-2009,43.92,07:46,21.96,2009
07-04-2009,51.84,03:02,19.08,2009
08-04-2009,38.88,11:05,11.88,2009
09-04-2009,61.92,15:50,18,2009
10-04-2009,57.96,04:43,20.88,2009
11-04-2009,39.96,11:00,11.88,2009
12-04-2009,32.04,00:20,11.16,2009
13-04-2009,39.96,17:20,15.12,2009
14-04-2009,42.12,13:41,11.88,2009
15-04-2009,36,13:41,11.16,2009
16-04-2009,34.92,15:22,15.12,2009
17-04-2009,47.88,15:11,15.84,2009
18-04-2009,29.88,10:47,10.08,2009
19-04-2009,37.08,16:28,11.16,2009
20-04-2009,42.12,15:08,16.92,2009
21-04-2009,50.04,14:34,16.92,2009
22-04-2009,24.12,15:10,6.84,2009
23-04-2009,27,12:02,11.88,2009
24-04-2009,47.16,09:17,16.92,2009
25-04-2009,32.04,00:21,11.88,2009
26-04-2009,36,15:22,11.88,2009
27-04-2009,56.88,11:18,23.04,2009
28-04-2009,48.96,09:43,15.84,2009
29-04-2009,47.88,21:55,14.04,2009
30-04-2009,50.04,07:21,16.92,2009
01-05-2009,51.12,16:02,18,2009
02-05-2009,33.12,20:45,7.92,2009
03-05-2009,50.04,18:33,27,2009
04-05-2009,55.08,18:35,27,2009
05-05-2009,38.88,12:47,12.96,2009
06-05-2009,29.16,21:21,12.96,2009
07-05-2009,29.88,11:03,15.12,2009
08-05-2009,51.12,14:51,18,2009
09-05-2009,29.16,15:15,9,2009
10-05-2009,48.96,21:27,10.08,2009
11-05-2009,24.12,12:25,7.92,2009
12-05-2009,23.04,04:58,7.92,2009
13-05-2009,45,12:48,18,2009
14-05-2009,47.16,08:10,23.04,2009
15-05-2009,48.96,19:30,18,2009
16-05-2009,42.12,01:48,14.04,2009
17-05-2009,46.08,15:38,18,2009
18-05-2009,36,19:02,12.96,2009
19-05-2009,33.12,15:41,11.88,2009
20-05-2009,33.12,19:17,11.16,2009
21-05-2009,43.92,18:19,24.12,2009
22-05-2009,28.08,14:05,9,2009
23-05-2009,34.92,19:22,9,2009
24-05-2009,42.12,15:06,16.92,2009
25-05-2009,33.12,Varias,11.16,2009
26-05-2009,47.88,15:54,19.08,2009
27-05-2009,50.04,13:33,19.08,2009
28-05-2009,27,17:29,11.88,2009
29-05-2009,25.92,14:26,9,2009
30-05-2009,24.12,14:42,7.92,2009
31-05-2009,18,01:33,6.12,2009
01-06-2009,21.96,18:09,9,2009
02-06-2009,45,15:19,11.88,2009
03-06-2009,30.96,13:45,11.16,2009
04-06-2009,24.12,16:36,11.88,2009
05-06-2009,37.08,13:18,15.12,2009
06-06-2009,38.16,14:30,16.92,2009
07-06-2009,42.84,23:28,14.04,2009
08-06-2009,65.88,13:56,27,2009
09-06-2009,59.04,18:15,19.08,2009
10-06-2009,51.12,01:35,21.96,2009
11-06-2009,24.84,13:07,9,2009
12-06-2009,25.92,16:06,11.16,2009
13-06-2009,36,23:50,10.08,2009
14-06-2009,38.88,17:33,12.96,2009
15-06-2009,47.88,17:46,25.92,2009
16-06-2009,41.04,12:26,15.84,2009
17-06-2009,27,12:02,10.08,2009
18-06-2009,46.08,19:16,11.88,2009
19-06-2009,56.88,16:47,25.92,2009
20-06-2009,57.96,17:23,32.04,2009
21-06-2009,47.88,16:38,24.84,2009
22-06-2009,48.96,17:48,16.92,2009
23-06-2009,18,16:28,6.12,2009
24-06-2009,25.92,13:06,10.08,2009
25-06-2009,47.16,12:11,16.92,2009
26-06-2009,36,09:23,11.16,2009
27-06-2009,43.92,23:35,7.92,2009
28-06-2009,38.88,02:17,10.08,2009
29-06-2009,42.12,10:05,9,2009
30-06-2009,36,08:33,11.88,2009
01-07-2009,28.08,12:07,6.84,2009
02-07-2009,28.08,03:06,11.16,2009
03-07-2009,29.88,15:05,10.08,2009
04-07-2009,45,16:10,15.12,2009
05-07-2009,30.96,11:42,12.96,2009
06-07-2009,30.96,12:58,15.12,2009
07-07-2009,33.12,14:43,15.84,2009
08-07-2009,47.16,16:18,20.16,2009
09-07-2009,51.84,14:53,20.88,2009
10-07-2009,45,15:24,16.92,2009
11-07-2009,41.04,16:06,11.16,2009
12-07-2009,27,17:16,12.96,2009
13-07-2009,46.08,18:18,16.92,2009
14-07-2009,55.08,11:00,21.96,2009
15-07-2009,30.96,00:07,14.04,2009
16-07-2009,47.88,08:26,20.16,2009
17-07-2009,42.12,00:05,18,2009
18-07-2009,29.88,16:37,9,2009
19-07-2009,23.04,13:01,10.08,2009
20-07-2009,27,12:19,9,2009
21-07-2009,43.92,13:27,15.12,2009
22-07-2009,29.88,13:06,7.92,2009
23-07-2009,46.08,16:12,18,2009
24-07-2009,39.96,12:56,18,2009
25-07-2009,33.12,13:50,11.16,2009
26-07-2009,27,20:38,11.16,2009
27-07-2009,33.12,02:40,10.08,2009
28-07-2009,28.08,13:45,11.16,2009
29-07-2009,51.12,12:57,18,2009
30-07-2009,33.12,15:30,16.92,2009
31-07-2009,37.08,15:09,14.04,2009
01-08-2009,46.08,11:21,16.92,2009
02-08-2009,34.92,17:00,11.88,2009
03-08-2009,24.84,09:44,7.92,2009
04-08-2009,29.88,18:12,14.04,2009
05-08-2009,30.96,15:49,15.84,2009
06-08-2009,37.08,07:08,18,2009
07-08-2009,42.12,13:28,20.16,2009
08-08-2009,46.08,13:30,24.84,2009
09-08-2009,48.96,16:02,23.04,2009
10-08-2009,55.08,15:52,24.12,2009
11-08-2009,47.88,14:50,15.84,2009
12-08-2009,28.08,22:26,9,2009
13-08-2009,29.16,00:22,11.16,2009
14-08-2009,20.16,15:14,6.84,2009
15-08-2009,36,10:33,11.16,2009
16-08-2009,29.88,15:19,10.08,2009
17-08-2009,29.88,14:55,11.16,2009
18-08-2009,23.04,16:39,6.84,2009
19-08-2009,29.88,21:01,5.04,2009
20-08-2009,36,05:20,9,2009
21-08-2009,21.96,14:29,11.16,2009
22-08-2009,33.84,18:47,15.12,2009
23-08-2009,29.88,10:46,9,2009
24-08-2009,23.04,10:45,7.92,2009
25-08-2009,29.16,Varias,9,2009
26-08-2009,42.12,11:14,18,2009
27-08-2009,29.16,14:11,11.16,2009
28-08-2009,51.12,15:56,24.12,2009
29-08-2009,42.12,Varias,20.88,2009
30-08-2009,24.84,00:10,6.12,2009
31-08-2009,43.92,16:10,15.12,2009
01-09-2009,36,15:31,18,2009
02-09-2009,48.96,17:41,19.08,2009
03-09-2009,51.12,20:29,19.08,2009
04-09-2009,39.96,14:07,19.08,2009
05-09-2009,41.04,16:13,19.08,2009
06-09-2009,32.04,12:08,11.88,2009
07-09-2009,24.84,16:15,10.08,2009
08-09-2009,33.12,18:45,9,2009
09-09-2009,48.96,Varias,23.04,2009
10-09-2009,36,00:08,11.16,2009
11-09-2009,47.16,15:46,20.16,2009
12-09-2009,41.04,13:27,14.04,2009
13-09-2009,36,15:33,12.96,2009
14-09-2009,51.12,16:21,27,2009
15-09-2009,50.04,13:59,18,2009
16-09-2009,54,14:46,19.08,2009
17-09-2009,21.96,19:40,5.04,2009
18-09-2009,27,17:04,11.16,2009
19-09-2009,34.92,13:00,11.88,2009
20-09-2009,24.84,16:57,10.08,2009
21-09-2009,30.96,15:33,11.16,2009
22-09-2009,38.88,16:35,11.88,2009
23-09-2009,18,11:33,7.92,2009
24-09-2009,24.12,19:10,6.84,2009
25-09-2009,48.96,16:57,20.16,2009
26-09-2009,41.04,16:41,15.84,2009
27-09-2009,43.92,Varias,11.16,2009
28-09-2009,39.96,15:00,11.88,2009
29-09-2009,20.88,07:00,7.92,2009
30-09-2009,29.16,17:18,6.84,2009
01-10-2009,33.12,15:48,10.08,2009
02-10-2009,32.04,16:17,7.92,2009
03-10-2009,21.96,21:22,5.04,2009
04-10-2009,43.92,17:56,12.96,2009
05-10-2009,46.08,15:54,15.12,2009
06-10-2009,42.84,14:47,11.88,2009
07-10-2009,47.16,11:19,14.04,2009
08-10-2009,20.16,14:09,10.08,2009
09-10-2009,30.96,19:31,12.96,2009
10-10-2009,30.96,03:55,14.04,2009
11-10-2009,33.12,17:40,14.04,2009
12-10-2009,33.84,16:10,14.04,2009
13-10-2009,42.84,14:21,14.04,2009
14-10-2009,25.92,17:21,10.08,2009
15-10-2009,46.08,15:09,19.08,2009
16-10-2009,42.84,13:52,15.84,2009
17-10-2009,33.84,16:18,12.96,2009
18-10-2009,30.96,07:56,10.08,2009
19-10-2009,47.88,23:56,12.96,2009
20-10-2009,64.08,15:33,11.16,2009
21-10-2009,46.08,14:32,16.92,2009
22-10-2009,52.92,13:34,20.16,2009
23-10-2009,48.96,12:08,23.04,2009
24-10-2009,46.08,07:01,14.04,2009
25-10-2009,21.96,06:41,9,2009
26-10-2009,29.16,14:54,7.92,2009
27-10-2009,27,12:38,6.84,2009
28-10-2009,27,23:48,10.08,2009
29-10-2009,36,10:48,10.08,2009
30-10-2009,42.12,12:57,15.84,2009
31-10-2009,0,,0,2009
01-11-2009,0,,0,2009
02-11-2009,42.84,14:49,0,2009
03-11-2009,60.12,21:47,21.96,2009
04-11-2009,70.92,23:36,28.08,2009
05-11-2009,72,02:30,24.84,2009
06-11-2009,55.08,20:50,16.92,2009
07-11-2009,82.08,06:18,33.84,2009
08-11-2009,63,00:34,25.92,2009
09-11-2009,34.92,07:15,10.08,2009
10-11-2009,38.88,11:55,16.92,2009
11-11-2009,63,11:36,25.92,2009
12-11-2009,55.08,13:07,20.16,2009
13-11-2009,92.16,12:06,33.12,2009
14-11-2009,59.04,13:33,18,2009
15-11-2009,45,23:48,11.16,2009
16-11-2009,41.04,02:37,7.92,2009
17-11-2009,21.96,11:23,11.16,2009
18-11-2009,27,12:47,11.16,2009
19-11-2009,56.88,22:37,18,2009
20-11-2009,61.92,23:08,16.92,2009
21-11-2009,84.96,06:27,20.88,2009
22-11-2009,73.08,07:40,28.08,2009
23-11-2009,41.04,13:18,14.04,2009
24-11-2009,56.88,21:40,16.92,2009
25-11-2009,59.04,03:11,15.84,2009
26-11-2009,45,17:27,18,2009
27-11-2009,37.08,23:47,18,2009
28-11-2009,84.96,18:46,29.88,2009
29-11-2009,66.96,00:45,28.08,2009
30-11-2009,60.12,04:39,18,2009
01-12-2009,47.88,16:24,16.92,2009
02-12-2009,56.88,21:08,24.84,2009
03-12-2009,47.88,11:04,18,2009
04-12-2009,46.08,22:33,15.84,2009
05-12-2009,69.84,13:46,21.96,2009
06-12-2009,60.84,00:12,12.96,2009
07-12-2009,55.08,15:31,20.16,2009
08-12-2009,33.84,02:31,12.96,2009
09-12-2009,42.84,13:29,18,2009
10-12-2009,15.84,22:49,5.04,2009
11-12-2009,29.16,03:18,7.92,2009
12-12-2009,42.84,22:53,11.88,2009
13-12-2009,61.92,15:10,30.96,2009
14-12-2009,69.84,12:16,25.92,2009
15-12-2009,28.08,00:07,11.16,2009
16-12-2009,43.92,07:57,16.92,2009
17-12-2009,30.96,03:19,11.88,2009
18-12-2009,61.92,14:34,23.04,2009
19-12-2009,43.92,14:40,14.04,2009
20-12-2009,29.16,22:00,11.88,2009
21-12-2009,57.96,16:09,23.04,2009
22-12-2009,48.96,15:35,6.84,2009
23-12-2009,24.12,02:28,6.84,2009
24-12-2009,77.04,09:21,15.12,2009
25-12-2009,24.12,17:21,11.88,2009
26-12-2009,25.92,21:40,10.08,2009
27-12-2009,69.12,20:04,15.84,2009
28-12-2009,64.08,15:32,20.88,2009
29-12-2009,66.96,12:44,19.08,2009
30-12-2009,54,04:05,16.92,2009
31-12-2009,50.04,14:18,11.16,2009
01-01-2009,32.04,14:53,11.88,2009
02-01-2009,21.96,17:10,7.92,2009
03-01-2009,34.92,19:30,11.16,2009
04-01-2009,36,07:36,16.92,2009
05-01-2009,19.08,23:00,3.96,2009
06-01-2009,41.04,15:23,15.12,2009
07-01-2009,45,16:06,21.96,2009
08-01-2009,36,17:10,15.84,2009
09-01-2009,37.08,04:55,11.16,2009
10-01-2009,29.88,15:13,10.08,2009
11-01-2009,28.08,15:59,11.16,2009
12-01-2009,59.04,22:28,20.16,2009
13-01-2009,47.88,00:10,12.96,2009
14-01-2009,65.16,19:26,18,2009
15-01-2009,65.88,00:18,12.96,2009
16-01-2009,32.04,13:20,12.96,2009
17-01-2009,51.12,20:52,16.92,2009
18-01-2009,68.04,23:30,21.96,2009
19-01-2009,82.08,10:31,21.96,2009
20-01-2009,73.08,05:39,19.08,2009
21-01-2009,60.12,23:06,15.12,2009
22-01-2009,63,20:12,28.08,2009
23-01-2009,127.08,20:39,32.04,2009
24-01-2009,128.88,00:17,28.08,2009
25-01-2009,92.88,07:20,29.88,2009
26-01-2009,69.12,02:30,20.16,2009
27-01-2009,39.96,15:34,15.12,2009
28-01-2009,39.96,03:03,6.84,2009
29-01-2009,73.08,20:54,15.12,2009
30-01-2009,64.08,01:55,16.92,2009
31-01-2009,56.88,22:46,19.08,2009
01-02-2009,60.84,01:53,10.08,2009
02-02-2009,65.16,07:25,28.08,2009
03-02-2009,59.04,23:07,11.88,2009
04-02-2009,57.96,00:56,16.92,2009
05-02-2009,65.88,11:07,20.88,2009
06-02-2009,73.08,10:58,25.92,2009
07-02-2009,43.92,16:49,9,2009
08-02-2009,56.16,09:08,16.92,2009
09-02-2009,100.08,15:24,38.16,2009
10-02-2009,55.08,03:42,24.12,2009
11-02-2009,28.08,11:10,15.12,2009
12-02-2009,38.16,18:17,14.04,2009
13-02-2009,21.96,06:53,10.08,2009
14-02-2009,36,17:19,11.88,2009
15-02-2009,39.96,16:50,12.96,2009
16-02-2009,25.92,06:10,9,2009
17-02-2009,24.84,08:00,6.84,2009
18-02-2009,25.92,19:25,7.92,2009
19-02-2009,45,14:14,18,2009
20-02-2009,55.08,16:07,15.84,2009
21-02-2009,24.12,20:33,3.96,2009
22-02-2009,47.16,18:31,16.92,2009
23-02-2009,43.92,17:07,15.12,2009
24-02-2009,39.96,17:48,12.96,2009
25-02-2009,20.16,15:22,7.92,2009
26-02-2009,20.88,12:30,10.08,2009
27-02-2009,19.08,14:04,6.12,2009
28-02-2009,24.12,08:50,10.08,2009
01-03-2009,42.12,13:28,12.96,2009
02-03-2009,47.16,16:37,19.08,2009
03-03-2009,51.12,23:20,11.16,2009
04-03-2009,83.88,06:21,29.88,2009
05-03-2009,92.88,05:55,32.04,2009
06-03-2009,46.08,07:35,27,2009
07-03-2009,29.88,00:13,10.08,2009
08-03-2009,34.92,12:25,14.04,2009
09-03-2009,41.04,16:03,12.96,2009
10-03-2009,33.12,18:07,12.96,2009
11-03-2009,21.96,08:00,6.84,2009
12-03-2009,21.96,08:30,7.92,2009
13-03-2009,34.92,13:16,5.04,2009
14-03-2009,37.08,19:18,11.88,2009
15-03-2009,32.04,19:12,11.88,2009
16-03-2009,24.12,07:24,10.08,2009
17-03-2009,30.96,15:23,9,2009
18-03-2009,23.04,15:09,6.84,2009
19-03-2009,33.12,14:45,11.16,2009
20-03-2009,29.16,16:38,11.88,2009
21-03-2009,48.96,23:05,12.96,2009
22-03-2009,51.12,12:38,32.04,2009
23-03-2009,39.96,16:40,12.96,2009
24-03-2009,46.08,11:36,23.04,2009
25-03-2009,52.92,14:48,20.88,2009
26-03-2009,37.08,14:03,15.84,2009
27-03-2009,55.08,20:20,15.12,2009
28-03-2009,66.96,17:07,24.84,2009
29-03-2009,60.12,01:18,20.88,2009
30-03-2009,46.08,14:23,15.84,2009
31-03-2009,50.04,14:33,24.12,2009
01-04-2009,41.04,15:35,12.96,2009
02-04-2009,33.84,19:04,16.92,2009
03-04-2009,25.92,14:03,11.16,2009
04-04-2009,42.12,17:36,23.04,2009
05-04-2009,28.08,15:23,10.08,2009
06-04-2009,43.92,07:46,21.96,2009
07-04-2009,51.84,03:02,19.08,2009
08-04-2009,38.88,11:05,11.88,2009
09-04-2009,61.92,15:50,18,2009
10-04-2009,57.96,04:43,20.88,2009
11-04-2009,39.96,11:00,11.88,2009
12-04-2009,32.04,00:20,11.16,2009
13-04-2009,39.96,17:20,15.12,2009
14-04-2009,42.12,13:41,11.88,2009
15-04-2009,36,13:41,11.16,2009
16-04-2009,34.92,15:22,15.12,2009
17-04-2009,47.88,15:11,15.84,2009
18-04-2009,29.88,10:47,10.08,2009
19-04-2009,37.08,16:28,11.16,2009
20-04-2009,42.12,15:08,16.92,2009
21-04-2009,50.04,14:34,16.92,2009
22-04-2009,24.12,15:10,6.84,2009
23-04-2009,27,12:02,11.88,2009
24-04-2009,47.16,09:17,16.92,2009
25-04-2009,32.04,00:21,11.88,2009
26-04-2009,36,15:22,11.88,2009
27-04-2009,56.88,11:18,23.04,2009
28-04-2009,48.96,09:43,15.84,2009
29-04-2009,47.88,21:55,14.04,2009
30-04-2009,50.04,07:21,16.92,2009
01-05-2009,51.12,16:02,18,2009
02-05-2009,33.12,20:45,7.92,2009
03-05-2009,50.04,18:33,27,2009
04-05-2009,55.08,18:35,27,2009
05-05-2009,38.88,12:47,12.96,2009
06-05-2009,29.16,21:21,12.96,2009
07-05-2009,29.88,11:03,15.12,2009
08-05-2009,51.12,14:51,18,2009
09-05-2009,29.16,15:15,9,2009
10-05-2009,48.96,21:27,10.08,2009
11-05-2009,24.12,12:25,7.92,2009
12-05-2009,23.04,04:58,7.92,2009
13-05-2009,45,12:48,18,2009
14-05-2009,47.16,08:10,23.04,2009
15-05-2009,48.96,19:30,18,2009
16-05-2009,42.12,01:48,14.04,2009
17-05-2009,46.08,15:38,18,2009
18-05-2009,36,19:02,12.96,2009
19-05-2009,33.12,15:41,11.88,2009
20-05-2009,33.12,19:17,11.16,2009
21-05-2009,43.92,18:19,24.12,2009
22-05-2009,28.08,14:05,9,2009
23-05-2009,34.92,19:22,9,2009
24-05-2009,42.12,15:06,16.92,2009
25-05-2009,33.12,Varias,11.16,2009
26-05-2009,47.88,15:54,19.08,2009
27-05-2009,50.04,13:33,19.08,2009
28-05-2009,27,17:29,11.88,2009
29-05-2009,25.92,14:26,9,2009
30-05-2009,24.12,14:42,7.92,2009
31-05-2009,18,01:33,6.12,2009
01-06-2009,21.96,18:09,9,2009
02-06-2009,45,15:19,11.88,2009
03-06-2009,30.96,13:45,11.16,2009
04-06-2009,24.12,16:36,11.88,2009
05-06-2009,37.08,13:18,15.12,2009
06-06-2009,38.16,14:30,16.92,2009
07-06-2009,42.84,23:28,14.04,2009
08-06-2009,65.88,13:56,27,2009
09-06-2009,59.04,18:15,19.08,2009
10-06-2009,51.12,01:35,21.96,2009
11-06-2009,24.84,13:07,9,2009
12-06-2009,25.92,16:06,11.16,2009
13-06-2009,36,23:50,10.08,2009
14-06-2009,38.88,17:33,12.96,2009
15-06-2009,47.88,17:46,25.92,2009
16-06-2009,41.04,12:26,15.84,2009
17-06-2009,27,12:02,10.08,2009
18-06-2009,46.08,19:16,11.88,2009
19-06-2009,56.88,16:47,25.92,2009
20-06-2009,57.96,17:23,32.04,2009
21-06-2009,47.88,16:38,24.84,2009
22-06-2009,48.96,17:48,16.92,2009
23-06-2009,18,16:28,6.12,2009
24-06-2009,25.92,13:06,10.08,2009
25-06-2009,47.16,12:11,16.92,2009
26-06-2009,36,09:23,11.16,2009
27-06-2009,43.92,23:35,7.92,2009
28-06-2009,38.88,02:17,10.08,2009
29-06-2009,42.12,10:05,9,2009
30-06-2009,36,08:33,11.88,2009
01-07-2009,28.08,12:07,6.84,2009
02-07-2009,28.08,03:06,11.16,2009
03-07-2009,29.88,15:05,10.08,2009
04-07-2009,45,16:10,15.12,2009
05-07-2009,30.96,11:42,12.96,2009
06-07-2009,30.96,12:58,15.12,2009
07-07-2009,33.12,14:43,15.84,2009
08-07-2009,47.16,16:18,20.16,2009
09-07-2009,51.84,14:53,20.88,2009
10-07-2009,45,15:24,16.92,2009
11-07-2009,41.04,16:06,11.16,2009
12-07-2009,27,17:16,12.96,2009
13-07-2009,46.08,18:18,16.92,2009
14-07-2009,55.08,11:00,21.96,2009
15-07-2009,30.96,00:07,14.04,2009
16-07-2009,47.88,08:26,20.16,2009
17-07-2009,42.12,00:05,18,2009
18-07-2009,29.88,16:37,9,2009
19-07-2009,23.04,13:01,10.08,2009
20-07-2009,27,12:19,9,2009
21-07-2009,43.92,13:27,15.12,2009
22-07-2009,29.88,13:06,7.92,2009
23-07-2009,46.08,16:12,18,2009
24-07-2009,39.96,12:56,18,2009
25-07-2009,33.12,13:50,11.16,2009
26-07-2009,27,20:38,11.16,2009
27-07-2009,33.12,02:40,10.08,2009
28-07-2009,28.08,13:45,11.16,2009
29-07-2009,51.12,12:57,18,2009
30-07-2009,33.12,15:30,16.92,2009
31-07-2009,37.08,15:09,14.04,2009
01-08-2009,46.08,11:21,16.92,2009
02-08-2009,34.92,17:00,11.88,2009
03-08-2009,24.84,09:44,7.92,2009
04-08-2009,29.88,18:12,14.04,2009
05-08-2009,30.96,15:49,15.84,2009
06-08-2009,37.08,07:08,18,2009
07-08-2009,42.12,13:28,20.16,2009
08-08-2009,46.08,13:30,24.84,2009
09-08-2009,48.96,16:02,23.04,2009
10-08-2009,55.08,15:52,24.12,2009
11-08-2009,47.88,14:50,15.84,2009
12-08-2009,28.08,22:26,9,2009
13-08-2009,29.16,00:22,11.16,2009
14-08-2009,20.16,15:14,6.84,2009
15-08-2009,36,10:33,11.16,2009
16-08-2009,29.88,15:19,10.08,2009
17-08-2009,29.88,14:55,11.16,2009
18-08-2009,23.04,16:39,6.84,2009
19-08-2009,29.88,21:01,5.04,2009
20-08-2009,36,05:20,9,2009
21-08-2009,21.96,14:29,11.16,2009
22-08-2009,33.84,18:47,15.12,2009
23-08-2009,29.88,10:46,9,2009
24-08-2009,23.04,10:45,7.92,2009
25-08-2009,29.16,Varias,9,2009
26-08-2009,42.12,11:14,18,2009
27-08-2009,29.16,14:11,11.16,2009
28-08-2009,51.12,15:56,24.12,2009
29-08-2009,42.12,Varias,20.88,2009
30-08-2009,24.84,00:10,6.12,2009
31-08-2009,43.92,16:10,15.12,2009
01-09-2009,36,15:31,18,2009
02-09-2009,48.96,17:41,19.08,2009
03-09-2009,51.12,20:29,19.08,2009
04-09-2009,39.96,14:07,19.08,2009
05-09-2009,41.04,16:13,19.08,2009
06-09-2009,32.04,12:08,11.88,2009
07-09-2009,24.84,16:15,10.08,2009
08-09-2009,33.12,18:45,9,2009
09-09-2009,48.96,Varias,23.04,2009
10-09-2009,36,00:08,11.16,2009
11-09-2009,47.16,15:46,20.16,2009
12-09-2009,41.04,13:27,14.04,2009
13-09-2009,36,15:33,12.96,2009
14-09-2009,51.12,16:21,27,2009
15-09-2009,50.04,13:59,18,2009
16-09-2009,54,14:46,19.08,2009
17-09-2009,21.96,19:40,5.04,2009
18-09-2009,27,17:04,11.16,2009
19-09-2009,34.92,13:00,11.88,2009
20-09-2009,24.84,16:57,10.08,2009
21-09-2009,30.96,15:33,11.16,2009
22-09-2009,38.88,16:35,11.88,2009
23-09-2009,18,11:33,7.92,2009
24-09-2009,24.12,19:10,6.84,2009
25-09-2009,48.96,16:57,20.16,2009
26-09-2009,41.04,16:41,15.84,2009
27-09-2009,43.92,Varias,11.16,2009
28-09-2009,39.96,15:00,11.88,2009
29-09-2009,20.88,07:00,7.92,2009
30-09-2009,29.16,17:18,6.84,2009
01-10-2009,33.12,15:48,10.08,2009
02-10-2009,32.04,16:17,7.92,2009
03-10-2009,21.96,21:22,5.04,2009
04-10-2009,43.92,17:56,12.96,2009
05-10-2009,46.08,15:54,15.12,2009
06-10-2009,42.84,14:47,11.88,2009
07-10-2009,47.16,11:19,14.04,2009
08-10-2009,20.16,14:09,10.08,2009
09-10-2009,30.96,19:31,12.96,2009
10-10-2009,30.96,03:55,14.04,2009
11-10-2009,33.12,17:40,14.04,2009
12-10-2009,33.84,16:10,14.04,2009
13-10-2009,42.84,14:21,14.04,2009
14-10-2009,25.92,17:21,10.08,2009
15-10-2009,46.08,15:09,19.08,2009
16-10-2009,42.84,13:52,15.84,2009
17-10-2009,33.84,16:18,12.96,2009
18-10-2009,30.96,07:56,10.08,2009
19-10-2009,47.88,23:56,12.96,2009
20-10-2009,64.08,15:33,11.16,2009
21-10-2009,46.08,14:32,16.92,2009
22-10-2009,52.92,13:34,20.16,2009
23-10-2009,48.96,12:08,23.04,2009
24-10-2009,46.08,07:01,14.04,2009
25-10-2009,21.96,06:41,9,2009
26-10-2009,29.16,14:54,7.92,2009
27-10-2009,27,12:38,6.84,2009
28-10-2009,27,23:48,10.08,2009
29-10-2009,36,10:48,10.08,2009
30-10-2009,42.12,12:57,15.84,2009
31-10-2009,0,,0,2009
01-11-2009,0,,0,2009
02-11-2009,42.84,14:49,0,2009
03-11-2009,60.12,21:47,21.96,2009
04-11-2009,70.92,23:36,28.08,2009
05-11-2009,72,02:30,24.84,2009
06-11-2009,55.08,20:50,16.92,2009
07-11-2009,82.08,06:18,33.84,2009
08-11-2009,63,00:34,25.92,2009
09-11-2009,34.92,07:15,10.08,2009
10-11-2009,38.88,11:55,16.92,2009
11-11-2009,63,11:36,25.92,2009
12-11-2009,55.08,13:07,20.16,2009
13-11-2009,92.16,12:06,33.12,2009
14-11-2009,59.04,13:33,18,2009
15-11-2009,45,23:48,11.16,2009
16-11-2009,41.04,02:37,7.92,2009
17-11-2009,21.96,11:23,11.16,2009
18-11-2009,27,12:47,11.16,2009
19-11-2009,56.88,22:37,18,2009
20-11-2009,61.92,23:08,16.92,2009
21-11-2009,84.96,06:27,20.88,2009
22-11-2009,73.08,07:40,28.08,2009
23-11-2009,41.04,13:18,14.04,2009
24-11-2009,56.88,21:40,16.92,2009
25-11-2009,59.04,03:11,15.84,2009
26-11-2009,45,17:27,18,2009
27-11-2009,37.08,23:47,18,2009
28-11-2009,84.96,18:46,29.88,2009
29-11-2009,66.96,00:45,28.08,2009
30-11-2009,60.12,04:39,18,2009
01-12-2009,47.88,16:24,16.92,2009
02-12-2009,56.88,21:08,24.84,2009
03-12-2009,47.88,11:04,18,2009
04-12-2009,46.08,22:33,15.84,2009
05-12-2009,69.84,13:46,21.96,2009
06-12-2009,60.84,00:12,12.96,2009
07-12-2009,55.08,15:31,20.16,2009
08-12-2009,33.84,02:31,12.96,2009
09-12-2009,42.84,13:29,18,2009
10-12-2009,15.84,22:49,5.04,2009
11-12-2009,29.16,03:18,7.92,2009
12-12-2009,42.84,22:53,11.88,2009
13-12-2009,61.92,15:10,30.96,2009
14-12-2009,69.84,12:16,25.92,2009
15-12-2009,28.08,00:07,11.16,2009
16-12-2009,43.92,07:57,16.92,2009
17-12-2009,30.96,03:19,11.88,2009
18-12-2009,61.92,14:34,23.04,2009
19-12-2009,43.92,14:40,14.04,2009
20-12-2009,29.16,22:00,11.88,2009
21-12-2009,57.96,16:09,23.04,2009
22-12-2009,48.96,15:35,6.84,2009
23-12-2009,24.12,02:28,6.84,2009
24-12-2009,77.04,09:21,15.12,2009
25-12-2009,24.12,17:21,11.88,2009
26-12-2009,25.92,21:40,10.08,2009
27-12-2009,69.12,20:04,15.84,2009
28-12-2009,64.08,15:32,20.88,2009
29-12-2009,66.96,12:44,19.08,2009
30-12-2009,54,04:05,16.92,2009
31-12-2009,50.04,14:18,11.16,2009
01-01-2010,38.88,Varias,14.04,2010
02-01-2010,59.04,19:53,15.12,2010
03-01-2010,55.08,01:35,11.16,2010
04-01-2010,55.08,21:36,14.04,2010
05-01-2010,46.08,06:46,19.08,2010
06-01-2010,29.16,03:11,11.16,2010
07-01-2010,72,14:24,24.84,2010
08-01-2010,61.92,01:05,11.88,2010
09-01-2010,47.88,01:42,7.92,2010
10-01-2010,34.92,18:05,15.12,2010
11-01-2010,46.08,23:57,11.88,2010
12-01-2010,78.84,06:30,23.04,2010
13-01-2010,46.08,01:03,11.16,2010
14-01-2010,110.88,01:52,19.08,2010
15-01-2010,69.84,18:27,18,2010
16-01-2010,60.12,00:15,21.96,2010
17-01-2010,20.88,23:41,7.92,2010
18-01-2010,34.92,19:27,12.96,2010
19-01-2010,51.12,15:38,16.92,2010
20-01-2010,42.84,08:01,11.88,2010
21-01-2010,0,,16.92,2010
22-01-2010,0,,0,2010
23-01-2010,48.96,13:27,21.96,2010
24-01-2010,43.92,03:48,19.08,2010
25-01-2010,47.16,23:40,11.16,2010
26-01-2010,63,15:49,24.12,2010
27-01-2010,65.16,09:23,34.92,2010
28-01-2010,30.96,00:10,6.84,2010
29-01-2010,51.84,11:10,25.92,2010
30-01-2010,45,13:50,18,2010
31-01-2010,46.08,11:19,20.88,2010
01-02-2010,24.84,16:49,11.16,2010
02-02-2010,24.12,03:45,6.84,2010
03-02-2010,29.88,10:57,10.08,2010
04-02-2010,60.12,19:21,23.04,2010
05-02-2010,66.96,14:03,21.96,2010
06-02-2010,43.92,00:05,14.04,2010
07-02-2010,33.12,14:55,10.08,2010
08-02-2010,29.88,22:05,12.96,2010
09-02-2010,33.84,07:48,12.96,2010
10-02-2010,51.12,20:01,15.84,2010
11-02-2010,56.88,22:40,24.84,2010
12-02-2010,63,14:47,21.96,2010
13-02-2010,55.08,13:03,27,2010
14-02-2010,55.08,12:42,21.96,2010
15-02-2010,63,12:57,29.16,2010
16-02-2010,43.92,00:09,20.88,2010
17-02-2010,43.92,22:35,12.96,2010
18-02-2010,39.96,03:06,11.88,2010
19-02-2010,56.88,15:54,14.04,2010
20-02-2010,45,12:30,16.92,2010
21-02-2010,73.08,14:52,28.08,2010
22-02-2010,73.08,14:41,20.88,2010
23-02-2010,60.84,23:21,20.88,2010
24-02-2010,79.92,01:03,25.92,2010
25-02-2010,88.92,13:26,33.12,2010
26-02-2010,54,13:46,15.84,2010
27-02-2010,101.88,18:44,18,2010
28-02-2010,54,00:23,7.92,2010
01-03-2010,54,13:39,19.08,2010
02-03-2010,25.92,02:47,9,2010
03-03-2010,30.96,23:29,10.08,2010
04-03-2010,42.84,20:22,18,2010
05-03-2010,52.92,16:44,20.16,2010
06-03-2010,37.08,00:05,15.12,2010
07-03-2010,51.12,16:06,15.84,2010
08-03-2010,63,10:35,24.12,2010
09-03-2010,50.04,16:57,23.04,2010
10-03-2010,46.08,19:41,24.84,2010
11-03-2010,55.08,15:39,24.84,2010
12-03-2010,42.84,14:16,23.04,2010
13-03-2010,48.96,14:15,14.04,2010
14-03-2010,43.92,13:50,19.08,2010
15-03-2010,24.12,04:25,11.16,2010
16-03-2010,38.16,14:58,10.08,2010
17-03-2010,41.04,13:58,12.96,2010
18-03-2010,68.04,11:55,24.12,2010
19-03-2010,74.16,13:16,25.92,2010
20-03-2010,43.92,10:47,15.84,2010
21-03-2010,29.88,15:02,11.88,2010
22-03-2010,30.96,14:40,10.08,2010
23-03-2010,27,10:00,9,2010
24-03-2010,60.12,05:31,21.96,2010
25-03-2010,65.88,15:20,20.88,2010
26-03-2010,95.04,10:37,32.04,2010
27-03-2010,50.04,00:30,23.04,2010
28-03-2010,38.88,17:54,15.12,2010
29-03-2010,92.88,23:00,29.88,2010
30-03-2010,91.08,00:30,25.92,2010
31-03-2010,60.84,09:20,24.12,2010
01-04-2010,51.12,15:31,18,2010
02-04-2010,56.16,00:16,21.96,2010
03-04-2010,60.12,10:20,19.08,2010
04-04-2010,41.04,00:17,14.04,2010
05-04-2010,23.04,23:46,10.08,2010
06-04-2010,34.92,17:30,11.16,2010
07-04-2010,47.88,16:50,16.92,2010
08-04-2010,42.84,18:10,15.12,2010
09-04-2010,24.12,13:35,7.92,2010
10-04-2010,29.88,16:27,10.08,2010
11-04-2010,57.96,19:30,19.08,2010
12-04-2010,65.88,11:56,33.12,2010
13-04-2010,63,13:02,29.16,2010
14-04-2010,56.88,14:14,23.04,2010
15-04-2010,57.96,15:43,19.08,2010
16-04-2010,47.16,15:43,18,2010
17-04-2010,27,12:57,10.08,2010
18-04-2010,24.84,12:16,9,2010
19-04-2010,20.88,14:31,6.84,2010
20-04-2010,20.88,02:35,7.92,2010
21-04-2010,24.12,02:23,6.84,2010
22-04-2010,21.96,09:37,7.92,2010
23-04-2010,23.04,16:29,9,2010
24-04-2010,47.16,15:21,15.84,2010
25-04-2010,29.88,15:28,12.96,2010
26-04-2010,23.04,14:41,9,2010
27-04-2010,16.92,13:36,5.04,2010
28-04-2010,42.12,20:05,5.04,2010
29-04-2010,33.12,11:05,12.96,2010
30-04-2010,23.04,04:37,7.92,2010
01-05-2010,29.16,11:29,11.16,2010
02-05-2010,57.96,21:53,16.92,2010
03-05-2010,64.08,04:00,24.84,2010
04-05-2010,59.04,15:43,29.16,2010
05-05-2010,50.04,13:06,24.12,2010
06-05-2010,33.84,15:16,11.88,2010
07-05-2010,27,13:53,11.16,2010
08-05-2010,47.16,23:38,9,2010
09-05-2010,66.96,13:10,21.96,2010
10-05-2010,56.88,02:27,21.96,2010
11-05-2010,43.92,03:04,20.16,2010
12-05-2010,45,16:05,12.96,2010
13-05-2010,34.92,11:44,14.04,2010
14-05-2010,47.16,08:58,21.96,2010
15-05-2010,36,00:08,15.12,2010
16-05-2010,38.16,16:24,15.12,2010
17-05-2010,25.92,11:50,9,2010
18-05-2010,21.96,18:04,9,2010
19-05-2010,42.84,13:20,15.12,2010
20-05-2010,46.08,14:49,11.88,2010
21-05-2010,27,05:19,11.16,2010
22-05-2010,19.08,12:46,9,2010
23-05-2010,42.12,14:53,15.12,2010
24-05-2010,38.16,14:13,11.16,2010
25-05-2010,50.04,09:03,19.08,2010
26-05-2010,38.88,00:38,15.84,2010
27-05-2010,27,15:19,9,2010
28-05-2010,32.04,15:54,11.88,2010
29-05-2010,47.16,14:47,16.92,2010
30-05-2010,28.08,14:12,9,2010
31-05-2010,24.84,13:57,10.08,2010
01-06-2010,27,14:40,9,2010
02-06-2010,36,12:47,12.96,2010
03-06-2010,42.84,16:02,11.16,2010
04-06-2010,32.04,20:07,11.16,2010
05-06-2010,37.08,12:27,15.84,2010
06-06-2010,28.08,13:20,11.16,2010
07-06-2010,45,15:09,15.84,2010
08-06-2010,33.84,15:09,11.88,2010
09-06-2010,38.88,04:59,16.92,2010
10-06-2010,43.92,13:56,20.16,2010
11-06-2010,51.12,10:58,20.16,2010
12-06-2010,39.96,18:59,18,2010
13-06-2010,41.04,00:10,24.12,2010
14-06-2010,56.16,18:00,24.84,2010
15-06-2010,54,06:21,24.84,2010
16-06-2010,48.96,13:23,23.04,2010
17-06-2010,46.08,11:31,20.88,2010
18-06-2010,56.16,13:22,28.08,2010
19-06-2010,32.04,13:51,14.04,2010
20-06-2010,54,12:56,25.92,2010
21-06-2010,36,01:29,11.16,2010
22-06-2010,21.96,12:41,11.16,2010
23-06-2010,18,12:50,6.84,2010
24-06-2010,20.16,19:53,7.92,2010
25-06-2010,34.92,19:23,11.16,2010
26-06-2010,30.96,23:52,10.08,2010
27-06-2010,46.08,15:01,23.04,2010
28-06-2010,30.96,18:15,10.08,2010
29-06-2010,43.92,17:54,15.12,2010
30-06-2010,29.88,15:01,11.16,2010
01-07-2010,38.88,17:28,11.16,2010
02-07-2010,29.16,08:23,10.08,2010
03-07-2010,43.92,14:33,24.84,2010
04-07-2010,51.12,14:28,21.96,2010
05-07-2010,55.08,15:10,25.92,2010
06-07-2010,48.96,12:23,23.04,2010
07-07-2010,23.04,23:00,10.08,2010
08-07-2010,32.04,07:50,9,2010
09-07-2010,24.12,12:36,10.08,2010
10-07-2010,28.08,,11.88,2010
11-07-2010,29.88,17:30,11.16,2010
12-07-2010,46.08,14:14,16.92,2010
13-07-2010,39.96,17:20,19.08,2010
14-07-2010,56.88,10:25,23.04,2010
15-07-2010,46.08,15:28,15.84,2010
16-07-2010,33.84,01:51,12.96,2010
17-07-2010,50.04,14:06,16.92,2010
18-07-2010,24.84,19:22,9,2010
19-07-2010,37.08,12:46,12.96,2010
20-07-2010,38.88,15:52,15.12,2010
21-07-2010,34.92,14:44,14.04,2010
22-07-2010,32.04,19:42,15.12,2010
23-07-2010,43.92,15:41,16.92,2010
24-07-2010,52.92,15:42,20.16,2010
25-07-2010,59.04,15:10,21.96,2010
26-07-2010,43.92,15:47,16.92,2010
27-07-2010,33.12,00:14,15.12,2010
28-07-2010,34.92,21:06,11.16,2010
29-07-2010,59.04,15:24,20.88,2010
30-07-2010,42.84,14:18,21.96,2010
31-07-2010,54,14:54,23.04,2010
01-08-2010,42.12,03:49,16.92,2010
02-08-2010,45,15:26,15.84,2010
03-08-2010,48.96,12:52,21.96,2010
04-08-2010,24.12,16:50,11.16,2010
05-08-2010,48.96,16:09,18,2010
06-08-2010,39.96,13:14,18,2010
07-08-2010,54,15:34,23.04,2010
08-08-2010,37.08,15:39,14.04,2010
09-08-2010,47.16,15:10,19.08,2010
10-08-2010,25.92,14:10,9,2010
11-08-2010,30.96,16:15,11.88,2010
12-08-2010,50.04,15:41,15.84,2010
13-08-2010,46.08,13:38,28.08,2010
14-08-2010,50.04,15:12,18,2010
15-08-2010,52.92,15:28,21.96,2010
16-08-2010,43.92,15:26,12.96,2010
17-08-2010,24.12,13:44,11.16,2010
18-08-2010,50.04,14:57,15.12,2010
19-08-2010,27,15:51,9,2010
20-08-2010,32.04,14:10,11.88,2010
21-08-2010,24.12,13:32,9,2010
22-08-2010,39.96,Varias,12.96,2010
23-08-2010,54,11:45,20.16,2010
24-08-2010,24.12,21:52,6.84,2010
25-08-2010,38.16,11:10,14.04,2010
26-08-2010,64.08,11:10,20.88,2010
27-08-2010,47.16,02:25,12.96,2010
28-08-2010,43.92,19:26,19.08,2010
29-08-2010,36,19:06,15.84,2010
30-08-2010,29.88,17:40,11.16,2010
31-08-2010,24.12,06:38,11.16,2010
01-09-2010,32.04,04:20,6.84,2010
02-09-2010,24.12,13:28,9,2010
03-09-2010,28.08,Varias,11.16,2010
04-09-2010,28.08,15:11,9,2010
05-09-2010,41.04,15:19,15.12,2010
06-09-2010,43.92,17:24,16.92,2010
07-09-2010,61.92,10:29,20.88,2010
08-09-2010,46.08,14:07,18,2010
09-09-2010,21.96,12:05,10.08,2010
10-09-2010,20.88,14:46,7.92,2010
11-09-2010,52.92,14:55,18,2010
12-09-2010,57.96,14:40,28.08,2010
13-09-2010,29.88,00:18,11.16,2010
14-09-2010,27,14:53,6.84,2010
15-09-2010,42.12,12:22,11.88,2010
16-09-2010,48.96,15:34,15.12,2010
17-09-2010,52.92,15:54,20.88,2010
18-09-2010,45,15:34,18,2010
19-09-2010,24.12,14:12,9,2010
20-09-2010,25.92,15:37,6.84,2010
21-09-2010,33.12,01:56,11.16,2010
22-09-2010,21.96,11:24,7.92,2010
23-09-2010,43.92,17:37,14.04,2010
24-09-2010,29.88,15:14,11.88,2010
25-09-2010,38.16,18:05,15.12,2010
26-09-2010,46.08,15:34,16.92,2010
27-09-2010,29.16,15:22,10.08,2010
28-09-2010,28.08,13:07,9,2010
29-09-2010,33.84,12:47,10.08,2010
30-09-2010,29.88,17:08,10.08,2010
01-10-2010,55.08,12:39,20.16,2010
02-10-2010,70.92,12:09,25.92,2010
03-10-2010,95.04,19:03,29.16,2010
04-10-2010,47.88,01:37,19.08,2010
05-10-2010,63,15:40,19.08,2010
06-10-2010,27,17:05,9,2010
07-10-2010,54,12:57,12.96,2010
08-10-2010,64.08,09:30,24.12,2010
09-10-2010,34.92,14:43,12.96,2010
10-10-2010,29.16,13:57,14.04,2010
11-10-2010,42.12,11:14,15.84,2010
12-10-2010,39.96,16:35,15.84,2010
13-10-2010,33.84,16:03,15.12,2010
14-10-2010,42.12,16:14,16.92,2010
15-10-2010,46.08,13:36,20.16,2010
16-10-2010,41.04,15:33,15.12,2010
17-10-2010,43.92,15:10,20.88,2010
18-10-2010,43.92,12:33,21.96,2010
19-10-2010,32.04,15:30,9,2010
20-10-2010,34.92,15:43,11.16,2010
21-10-2010,19.08,03:40,6.84,2010
22-10-2010,23.04,13:30,7.92,2010
23-10-2010,33.12,18:17,14.04,2010
24-10-2010,48.96,10:41,15.84,2010
25-10-2010,33.12,11:25,16.92,2010
26-10-2010,20.16,06:37,6.84,2010
27-10-2010,23.04,14:16,5.04,2010
28-10-2010,45,23:57,6.12,2010
29-10-2010,64.08,07:06,15.12,2010
30-10-2010,66.96,07:42,25.92,2010
31-10-2010,79.92,11:21,32.04,2010
01-11-2010,63,01:37,14.04,2010
02-11-2010,28.08,16:25,9,2010
03-11-2010,18,01:55,7.92,2010
04-11-2010,20.16,13:30,10.08,2010
05-11-2010,20.16,13:20,7.92,2010
06-11-2010,25.92,22:31,7.92,2010
07-11-2010,56.88,07:00,15.84,2010
08-11-2010,95.04,15:03,32.04,2010
09-11-2010,90,05:45,36,2010
10-11-2010,57.96,00:29,20.88,2010
11-11-2010,59.04,13:23,29.16,2010
12-11-2010,54,10:03,16.92,2010
13-11-2010,63,13:30,23.04,2010
14-11-2010,66.96,22:56,20.16,2010
15-11-2010,60.12,04:16,19.08,2010
16-11-2010,78.84,22:32,15.84,2010
17-11-2010,60.84,18:09,19.08,2010
18-11-2010,42.12,07:57,10.08,2010
19-11-2010,61.92,18:39,16.92,2010
20-11-2010,83.16,18:10,39.96,2010
21-11-2010,42.84,00:30,9,2010
22-11-2010,27,12:29,6.84,2010
23-11-2010,24.84,18:06,10.08,2010
24-11-2010,29.88,16:56,11.16,2010
25-11-2010,60.12,15:20,15.84,2010
26-11-2010,30.96,14:41,10.08,2010
27-11-2010,42.84,21:07,11.88,2010
28-11-2010,56.88,03:48,11.16,2010
29-11-2010,34.92,20:47,11.88,2010
30-11-2010,38.88,08:03,11.88,2010
01-12-2010,46.08,14:12,7.92,2010
02-12-2010,56.88,17:26,16.92,2010
03-12-2010,39.96,01:32,6.84,2010
04-12-2010,38.88,23:30,14.04,2010
05-12-2010,69.84,02:39,25.92,2010
06-12-2010,55.08,12:20,11.88,2010
07-12-2010,52.92,03:39,14.04,2010
08-12-2010,75.96,05:31,29.16,2010
09-12-2010,51.12,00:41,24.84,2010
10-12-2010,24.12,11:24,7.92,2010
11-12-2010,34.92,05:06,9,2010
12-12-2010,32.04,14:15,6.12,2010
13-12-2010,24.84,19:16,6.84,2010
14-12-2010,42.84,16:04,16.92,2010
15-12-2010,56.16,15:53,24.12,2010
16-12-2010,38.88,03:43,12.96,2010
17-12-2010,45,13:38,19.08,2010
18-12-2010,19.08,23:26,7.92,2010
19-12-2010,52.92,15:19,16.92,2010
20-12-2010,47.16,00:27,15.12,2010
21-12-2010,30.96,15:48,12.96,2010
22-12-2010,66.96,19:28,28.08,2010
23-12-2010,68.04,14:55,25.92,2010
24-12-2010,32.04,02:39,11.16,2010
25-12-2010,39.96,14:41,14.04,2010
26-12-2010,29.88,Varias,11.88,2010
27-12-2010,69.84,14:37,15.84,2010
28-12-2010,46.08,23:50,11.16,2010
29-12-2010,51.12,01:55,16.92,2010
30-12-2010,45,12:59,15.12,2010
31-12-2010,20.88,01:25,6.84,2010
01-01-2010,38.88,Varias,14.04,2010
02-01-2010,59.04,19:53,15.12,2010
03-01-2010,55.08,01:35,11.16,2010
04-01-2010,55.08,21:36,14.04,2010
05-01-2010,46.08,06:46,19.08,2010
06-01-2010,29.16,03:11,11.16,2010
07-01-2010,72,14:24,24.84,2010
08-01-2010,61.92,01:05,11.88,2010
09-01-2010,47.88,01:42,7.92,2010
10-01-2010,34.92,18:05,15.12,2010
11-01-2010,46.08,23:57,11.88,2010
12-01-2010,78.84,06:30,23.04,2010
13-01-2010,46.08,01:03,11.16,2010
14-01-2010,110.88,01:52,19.08,2010
15-01-2010,69.84,18:27,18,2010
16-01-2010,60.12,00:15,21.96,2010
17-01-2010,20.88,23:41,7.92,2010
18-01-2010,34.92,19:27,12.96,2010
19-01-2010,51.12,15:38,16.92,2010
20-01-2010,42.84,08:01,11.88,2010
21-01-2010,0,,16.92,2010
22-01-2010,0,,0,2010
23-01-2010,48.96,13:27,21.96,2010
24-01-2010,43.92,03:48,19.08,2010
25-01-2010,47.16,23:40,11.16,2010
26-01-2010,63,15:49,24.12,2010
27-01-2010,65.16,09:23,34.92,2010
28-01-2010,30.96,00:10,6.84,2010
29-01-2010,51.84,11:10,25.92,2010
30-01-2010,45,13:50,18,2010
31-01-2010,46.08,11:19,20.88,2010
01-02-2010,24.84,16:49,11.16,2010
02-02-2010,24.12,03:45,6.84,2010
03-02-2010,29.88,10:57,10.08,2010
04-02-2010,60.12,19:21,23.04,2010
05-02-2010,66.96,14:03,21.96,2010
06-02-2010,43.92,00:05,14.04,2010
07-02-2010,33.12,14:55,10.08,2010
08-02-2010,29.88,22:05,12.96,2010
09-02-2010,33.84,07:48,12.96,2010
10-02-2010,51.12,20:01,15.84,2010
11-02-2010,56.88,22:40,24.84,2010
12-02-2010,63,14:47,21.96,2010
13-02-2010,55.08,13:03,27,2010
14-02-2010,55.08,12:42,21.96,2010
15-02-2010,63,12:57,29.16,2010
16-02-2010,43.92,00:09,20.88,2010
17-02-2010,43.92,22:35,12.96,2010
18-02-2010,39.96,03:06,11.88,2010
19-02-2010,56.88,15:54,14.04,2010
20-02-2010,45,12:30,16.92,2010
21-02-2010,73.08,14:52,28.08,2010
22-02-2010,73.08,14:41,20.88,2010
23-02-2010,60.84,23:21,20.88,2010
24-02-2010,79.92,01:03,25.92,2010
25-02-2010,88.92,13:26,33.12,2010
26-02-2010,54,13:46,15.84,2010
27-02-2010,101.88,18:44,18,2010
28-02-2010,54,00:23,7.92,2010
01-03-2010,54,13:39,19.08,2010
02-03-2010,25.92,02:47,9,2010
03-03-2010,30.96,23:29,10.08,2010
04-03-2010,42.84,20:22,18,2010
05-03-2010,52.92,16:44,20.16,2010
06-03-2010,37.08,00:05,15.12,2010
07-03-2010,51.12,16:06,15.84,2010
08-03-2010,63,10:35,24.12,2010
09-03-2010,50.04,16:57,23.04,2010
10-03-2010,46.08,19:41,24.84,2010
11-03-2010,55.08,15:39,24.84,2010
12-03-2010,42.84,14:16,23.04,2010
13-03-2010,48.96,14:15,14.04,2010
14-03-2010,43.92,13:50,19.08,2010
15-03-2010,24.12,04:25,11.16,2010
16-03-2010,38.16,14:58,10.08,2010
17-03-2010,41.04,13:58,12.96,2010
18-03-2010,68.04,11:55,24.12,2010
19-03-2010,74.16,13:16,25.92,2010
20-03-2010,43.92,10:47,15.84,2010
21-03-2010,29.88,15:02,11.88,2010
22-03-2010,30.96,14:40,10.08,2010
23-03-2010,27,10:00,9,2010
24-03-2010,60.12,05:31,21.96,2010
25-03-2010,65.88,15:20,20.88,2010
26-03-2010,95.04,10:37,32.04,2010
27-03-2010,50.04,00:30,23.04,2010
28-03-2010,38.88,17:54,15.12,2010
29-03-2010,92.88,23:00,29.88,2010
30-03-2010,91.08,00:30,25.92,2010
31-03-2010,60.84,09:20,24.12,2010
01-04-2010,51.12,15:31,18,2010
02-04-2010,56.16,00:16,21.96,2010
03-04-2010,60.12,10:20,19.08,2010
04-04-2010,41.04,00:17,14.04,2010
05-04-2010,23.04,23:46,10.08,2010
06-04-2010,34.92,17:30,11.16,2010
07-04-2010,47.88,16:50,16.92,2010
08-04-2010,42.84,18:10,15.12,2010
09-04-2010,24.12,13:35,7.92,2010
10-04-2010,29.88,16:27,10.08,2010
11-04-2010,57.96,19:30,19.08,2010
12-04-2010,65.88,11:56,33.12,2010
13-04-2010,63,13:02,29.16,2010
14-04-2010,56.88,14:14,23.04,2010
15-04-2010,57.96,15:43,19.08,2010
16-04-2010,47.16,15:43,18,2010
17-04-2010,27,12:57,10.08,2010
18-04-2010,24.84,12:16,9,2010
19-04-2010,20.88,14:31,6.84,2010
20-04-2010,20.88,02:35,7.92,2010
21-04-2010,24.12,02:23,6.84,2010
22-04-2010,21.96,09:37,7.92,2010
23-04-2010,23.04,16:29,9,2010
24-04-2010,47.16,15:21,15.84,2010
25-04-2010,29.88,15:28,12.96,2010
26-04-2010,23.04,14:41,9,2010
27-04-2010,16.92,13:36,5.04,2010
28-04-2010,42.12,20:05,5.04,2010
29-04-2010,33.12,11:05,12.96,2010
30-04-2010,23.04,04:37,7.92,2010
01-05-2010,29.16,11:29,11.16,2010
02-05-2010,57.96,21:53,16.92,2010
03-05-2010,64.08,04:00,24.84,2010
04-05-2010,59.04,15:43,29.16,2010
05-05-2010,50.04,13:06,24.12,2010
06-05-2010,33.84,15:16,11.88,2010
07-05-2010,27,13:53,11.16,2010
08-05-2010,47.16,23:38,9,2010
09-05-2010,66.96,13:10,21.96,2010
10-05-2010,56.88,02:27,21.96,2010
11-05-2010,43.92,03:04,20.16,2010
12-05-2010,45,16:05,12.96,2010
13-05-2010,34.92,11:44,14.04,2010
14-05-2010,47.16,08:58,21.96,2010
15-05-2010,36,00:08,15.12,2010
16-05-2010,38.16,16:24,15.12,2010
17-05-2010,25.92,11:50,9,2010
18-05-2010,21.96,18:04,9,2010
19-05-2010,42.84,13:20,15.12,2010
20-05-2010,46.08,14:49,11.88,2010
21-05-2010,27,05:19,11.16,2010
22-05-2010,19.08,12:46,9,2010
23-05-2010,42.12,14:53,15.12,2010
24-05-2010,38.16,14:13,11.16,2010
25-05-2010,50.04,09:03,19.08,2010
26-05-2010,38.88,00:38,15.84,2010
27-05-2010,27,15:19,9,2010
28-05-2010,32.04,15:54,11.88,2010
29-05-2010,47.16,14:47,16.92,2010
30-05-2010,28.08,14:12,9,2010
31-05-2010,24.84,13:57,10.08,2010
01-06-2010,27,14:40,9,2010
02-06-2010,36,12:47,12.96,2010
03-06-2010,42.84,16:02,11.16,2010
04-06-2010,32.04,20:07,11.16,2010
05-06-2010,37.08,12:27,15.84,2010
06-06-2010,28.08,13:20,11.16,2010
07-06-2010,45,15:09,15.84,2010
08-06-2010,33.84,15:09,11.88,2010
09-06-2010,38.88,04:59,16.92,2010
10-06-2010,43.92,13:56,20.16,2010
11-06-2010,51.12,10:58,20.16,2010
12-06-2010,39.96,18:59,18,2010
13-06-2010,41.04,00:10,24.12,2010
14-06-2010,56.16,18:00,24.84,2010
15-06-2010,54,06:21,24.84,2010
16-06-2010,48.96,13:23,23.04,2010
17-06-2010,46.08,11:31,20.88,2010
18-06-2010,56.16,13:22,28.08,2010
19-06-2010,32.04,13:51,14.04,2010
20-06-2010,54,12:56,25.92,2010
21-06-2010,36,01:29,11.16,2010
22-06-2010,21.96,12:41,11.16,2010
23-06-2010,18,12:50,6.84,2010
24-06-2010,20.16,19:53,7.92,2010
25-06-2010,34.92,19:23,11.16,2010
26-06-2010,30.96,23:52,10.08,2010
27-06-2010,46.08,15:01,23.04,2010
28-06-2010,30.96,18:15,10.08,2010
29-06-2010,43.92,17:54,15.12,2010
30-06-2010,29.88,15:01,11.16,2010
01-07-2010,38.88,17:28,11.16,2010
02-07-2010,29.16,08:23,10.08,2010
03-07-2010,43.92,14:33,24.84,2010
04-07-2010,51.12,14:28,21.96,2010
05-07-2010,55.08,15:10,25.92,2010
06-07-2010,48.96,12:23,23.04,2010
07-07-2010,23.04,23:00,10.08,2010
08-07-2010,32.04,07:50,9,2010
09-07-2010,24.12,12:36,10.08,2010
10-07-2010,28.08,,11.88,2010
11-07-2010,29.88,17:30,11.16,2010
12-07-2010,46.08,14:14,16.92,2010
13-07-2010,39.96,17:20,19.08,2010
14-07-2010,56.88,10:25,23.04,2010
15-07-2010,46.08,15:28,15.84,2010
16-07-2010,33.84,01:51,12.96,2010
17-07-2010,50.04,14:06,16.92,2010
18-07-2010,24.84,19:22,9,2010
19-07-2010,37.08,12:46,12.96,2010
20-07-2010,38.88,15:52,15.12,2010
21-07-2010,34.92,14:44,14.04,2010
22-07-2010,32.04,19:42,15.12,2010
23-07-2010,43.92,15:41,16.92,2010
24-07-2010,52.92,15:42,20.16,2010
25-07-2010,59.04,15:10,21.96,2010
26-07-2010,43.92,15:47,16.92,2010
27-07-2010,33.12,00:14,15.12,2010
28-07-2010,34.92,21:06,11.16,2010
29-07-2010,59.04,15:24,20.88,2010
30-07-2010,42.84,14:18,21.96,2010
31-07-2010,54,14:54,23.04,2010
01-08-2010,42.12,03:49,16.92,2010
02-08-2010,45,15:26,15.84,2010
03-08-2010,48.96,12:52,21.96,2010
04-08-2010,24.12,16:50,11.16,2010
05-08-2010,48.96,16:09,18,2010
06-08-2010,39.96,13:14,18,2010
07-08-2010,54,15:34,23.04,2010
08-08-2010,37.08,15:39,14.04,2010
09-08-2010,47.16,15:10,19.08,2010
10-08-2010,25.92,14:10,9,2010
11-08-2010,30.96,16:15,11.88,2010
12-08-2010,50.04,15:41,15.84,2010
13-08-2010,46.08,13:38,28.08,2010
14-08-2010,50.04,15:12,18,2010
15-08-2010,52.92,15:28,21.96,2010
16-08-2010,43.92,15:26,12.96,2010
17-08-2010,24.12,13:44,11.16,2010
18-08-2010,50.04,14:57,15.12,2010
19-08-2010,27,15:51,9,2010
20-08-2010,32.04,14:10,11.88,2010
21-08-2010,24.12,13:32,9,2010
22-08-2010,39.96,Varias,12.96,2010
23-08-2010,54,11:45,20.16,2010
24-08-2010,24.12,21:52,6.84,2010
25-08-2010,38.16,11:10,14.04,2010
26-08-2010,64.08,11:10,20.88,2010
27-08-2010,47.16,02:25,12.96,2010
28-08-2010,43.92,19:26,19.08,2010
29-08-2010,36,19:06,15.84,2010
30-08-2010,29.88,17:40,11.16,2010
31-08-2010,24.12,06:38,11.16,2010
01-09-2010,32.04,04:20,6.84,2010
02-09-2010,24.12,13:28,9,2010
03-09-2010,28.08,Varias,11.16,2010
04-09-2010,28.08,15:11,9,2010
05-09-2010,41.04,15:19,15.12,2010
06-09-2010,43.92,17:24,16.92,2010
07-09-2010,61.92,10:29,20.88,2010
08-09-2010,46.08,14:07,18,2010
09-09-2010,21.96,12:05,10.08,2010
10-09-2010,20.88,14:46,7.92,2010
11-09-2010,52.92,14:55,18,2010
12-09-2010,57.96,14:40,28.08,2010
13-09-2010,29.88,00:18,11.16,2010
14-09-2010,27,14:53,6.84,2010
15-09-2010,42.12,12:22,11.88,2010
16-09-2010,48.96,15:34,15.12,2010
17-09-2010,52.92,15:54,20.88,2010
18-09-2010,45,15:34,18,2010
19-09-2010,24.12,14:12,9,2010
20-09-2010,25.92,15:37,6.84,2010
21-09-2010,33.12,01:56,11.16,2010
22-09-2010,21.96,11:24,7.92,2010
23-09-2010,43.92,17:37,14.04,2010
24-09-2010,29.88,15:14,11.88,2010
25-09-2010,38.16,18:05,15.12,2010
26-09-2010,46.08,15:34,16.92,2010
27-09-2010,29.16,15:22,10.08,2010
28-09-2010,28.08,13:07,9,2010
29-09-2010,33.84,12:47,10.08,2010
30-09-2010,29.88,17:08,10.08,2010
01-10-2010,55.08,12:39,20.16,2010
02-10-2010,70.92,12:09,25.92,2010
03-10-2010,95.04,19:03,29.16,2010
04-10-2010,47.88,01:37,19.08,2010
05-10-2010,63,15:40,19.08,2010
06-10-2010,27,17:05,9,2010
07-10-2010,54,12:57,12.96,2010
08-10-2010,64.08,09:30,24.12,2010
09-10-2010,34.92,14:43,12.96,2010
10-10-2010,29.16,13:57,14.04,2010
11-10-2010,42.12,11:14,15.84,2010
12-10-2010,39.96,16:35,15.84,2010
13-10-2010,33.84,16:03,15.12,2010
14-10-2010,42.12,16:14,16.92,2010
15-10-2010,46.08,13:36,20.16,2010
16-10-2010,41.04,15:33,15.12,2010
17-10-2010,43.92,15:10,20.88,2010
18-10-2010,43.92,12:33,21.96,2010
19-10-2010,32.04,15:30,9,2010
20-10-2010,34.92,15:43,11.16,2010
21-10-2010,19.08,03:40,6.84,2010
22-10-2010,23.04,13:30,7.92,2010
23-10-2010,33.12,18:17,14.04,2010
24-10-2010,48.96,10:41,15.84,2010
25-10-2010,33.12,11:25,16.92,2010
26-10-2010,20.16,06:37,6.84,2010
27-10-2010,23.04,14:16,5.04,2010
28-10-2010,45,23:57,6.12,2010
29-10-2010,64.08,07:06,15.12,2010
30-10-2010,66.96,07:42,25.92,2010
31-10-2010,79.92,11:21,32.04,2010
01-11-2010,63,01:37,14.04,2010
02-11-2010,28.08,16:25,9,2010
03-11-2010,18,01:55,7.92,2010
04-11-2010,20.16,13:30,10.08,2010
05-11-2010,20.16,13:20,7.92,2010
06-11-2010,25.92,22:31,7.92,2010
07-11-2010,56.88,07:00,15.84,2010
08-11-2010,95.04,15:03,32.04,2010
09-11-2010,90,05:45,36,2010
10-11-2010,57.96,00:29,20.88,2010
11-11-2010,59.04,13:23,29.16,2010
12-11-2010,54,10:03,16.92,2010
13-11-2010,63,13:30,23.04,2010
14-11-2010,66.96,22:56,20.16,2010
15-11-2010,60.12,04:16,19.08,2010
16-11-2010,78.84,22:32,15.84,2010
17-11-2010,60.84,18:09,19.08,2010
18-11-2010,42.12,07:57,10.08,2010
19-11-2010,61.92,18:39,16.92,2010
20-11-2010,83.16,18:10,39.96,2010
21-11-2010,42.84,00:30,9,2010
22-11-2010,27,12:29,6.84,2010
23-11-2010,24.84,18:06,10.08,2010
24-11-2010,29.88,16:56,11.16,2010
25-11-2010,60.12,15:20,15.84,2010
26-11-2010,30.96,14:41,10.08,2010
27-11-2010,42.84,21:07,11.88,2010
28-11-2010,56.88,03:48,11.16,2010
29-11-2010,34.92,20:47,11.88,2010
30-11-2010,38.88,08:03,11.88,2010
01-12-2010,46.08,14:12,7.92,2010
02-12-2010,56.88,17:26,16.92,2010
03-12-2010,39.96,01:32,6.84,2010
04-12-2010,38.88,23:30,14.04,2010
05-12-2010,69.84,02:39,25.92,2010
06-12-2010,55.08,12:20,11.88,2010
07-12-2010,52.92,03:39,14.04,2010
08-12-2010,75.96,05:31,29.16,2010
09-12-2010,51.12,00:41,24.84,2010
10-12-2010,24.12,11:24,7.92,2010
11-12-2010,34.92,05:06,9,2010
12-12-2010,32.04,14:15,6.12,2010
13-12-2010,24.84,19:16,6.84,2010
14-12-2010,42.84,16:04,16.92,2010
15-12-2010,56.16,15:53,24.12,2010
16-12-2010,38.88,03:43,12.96,2010
17-12-2010,45,13:38,19.08,2010
18-12-2010,19.08,23:26,7.92,2010
19-12-2010,52.92,15:19,16.92,2010
20-12-2010,47.16,00:27,15.12,2010
21-12-2010,30.96,15:48,12.96,2010
22-12-2010,66.96,19:28,28.08,2010
23-12-2010,68.04,14:55,25.92,2010
24-12-2010,32.04,02:39,11.16,2010
25-12-2010,39.96,14:41,14.04,2010
26-12-2010,29.88,Varias,11.88,2010
27-12-2010,69.84,14:37,15.84,2010
28-12-2010,46.08,23:50,11.16,2010
29-12-2010,51.12,01:55,16.92,2010
30-12-2010,45,12:59,15.12,2010
31-12-2010,20.88,01:25,6.84,2010
01-01-2011,11.16,21:51,5.04,2011
02-01-2011,20.88,17:26,6.84,2011
03-01-2011,21.96,21:31,7.92,2011
04-01-2011,36,07:13,12.96,2011
05-01-2011,54,11:52,21.96,2011
06-01-2011,59.04,00:13,15.12,2011
07-01-2011,75.96,15:05,32.04,2011
08-01-2011,77.04,13:29,15.84,2011
09-01-2011,20.88,23:57,6.12,2011
10-01-2011,57.96,05:47,21.96,2011
11-01-2011,50.04,02:54,19.08,2011
12-01-2011,36,14:34,11.88,2011
13-01-2011,32.04,12:22,11.16,2011
14-01-2011,45,13:48,15.12,2011
15-01-2011,37.08,15:20,15.84,2011
16-01-2011,60.12,13:33,23.04,2011
17-01-2011,29.88,01:30,10.08,2011
18-01-2011,42.84,13:31,16.92,2011
19-01-2011,32.04,00:09,10.08,2011
20-01-2011,33.84,17:37,11.88,2011
21-01-2011,52.92,23:40,18,2011
22-01-2011,70.92,10:44,29.88,2011
23-01-2011,61.92,17:38,25.92,2011
24-01-2011,61.92,14:10,27,2011
25-01-2011,43.92,12:27,19.08,2011
26-01-2011,24.12,08:38,11.16,2011
27-01-2011,41.04,21:24,16.92,2011
28-01-2011,65.88,20:52,10.08,2011
29-01-2011,47.88,04:45,11.16,2011
30-01-2011,57.96,19:26,21.96,2011
31-01-2011,50.04,01:55,14.04,2011
01-02-2011,33.84,18:10,12.96,2011
02-02-2011,30.96,17:26,9,2011
03-02-2011,19.08,07:56,5.04,2011
04-02-2011,28.08,13:14,9,2011
05-02-2011,16.92,16:12,7.92,2011
06-02-2011,25.92,23:25,6.84,2011
07-02-2011,33.12,16:01,11.88,2011
08-02-2011,57.96,17:30,20.16,2011
09-02-2011,55.08,15:22,14.04,2011
10-02-2011,57.96,14:31,21.96,2011
11-02-2011,52.92,11:06,12.96,2011
12-02-2011,42.84,23:36,6.84,2011
13-02-2011,74.16,03:13,24.12,2011
14-02-2011,73.08,16:48,21.96,2011
15-02-2011,50.04,14:24,15.12,2011
16-02-2011,61.92,01:25,15.12,2011
17-02-2011,74.88,06:50,30.96,2011
18-02-2011,54,11:58,23.04,2011
19-02-2011,23.04,02:15,7.92,2011
20-02-2011,78.84,12:17,20.16,2011
21-02-2011,64.08,15:03,28.08,2011
22-02-2011,48.96,00:43,15.12,2011
23-02-2011,29.16,06:50,14.04,2011
24-02-2011,23.04,14:04,7.92,2011
25-02-2011,25.92,12:24,11.16,2011
26-02-2011,29.16,18:19,11.16,2011
27-02-2011,39.96,16:44,16.92,2011
28-02-2011,55.08,05:47,24.84,2011
01-03-2011,56.16,12:41,23.04,2011
02-03-2011,47.88,13:02,20.16,2011
03-03-2011,45,14:43,24.12,2011
04-03-2011,46.08,17:00,15.12,2011
05-03-2011,38.16,14:10,11.88,2011
06-03-2011,41.04,17:32,12.96,2011
07-03-2011,28.08,14:25,7.92,2011
08-03-2011,42.84,16:15,11.88,2011
09-03-2011,45,07:17,24.12,2011
10-03-2011,34.92,14:08,6.12,2011
11-03-2011,32.04,16:51,14.04,2011
12-03-2011,45,16:13,10.08,2011
13-03-2011,34.92,18:42,11.16,2011
14-03-2011,23.04,20:17,6.84,2011
15-03-2011,28.08,11:47,6.12,2011
16-03-2011,38.88,15:01,14.04,2011
17-03-2011,30.96,03:00,6.12,2011
18-03-2011,20.88,14:07,10.08,2011
19-03-2011,46.08,13:48,18,2011
20-03-2011,38.88,18:53,11.88,2011
21-03-2011,48.96,15:45,11.88,2011
22-03-2011,51.84,15:53,20.16,2011
23-03-2011,46.08,16:00,11.88,2011
24-03-2011,41.04,07:09,11.16,2011
25-03-2011,32.04,10:41,11.16,2011
26-03-2011,55.08,11:49,12.96,2011
27-03-2011,57.96,03:12,23.04,2011
28-03-2011,47.88,15:40,16.92,2011
29-03-2011,45,10:21,19.08,2011
30-03-2011,41.04,13:23,20.16,2011
31-03-2011,32.04,15:33,11.88,2011
01-04-2011,70.92,17:38,23.04,2011
02-04-2011,33.12,Varias,12.96,2011
03-04-2011,28.08,19:19,11.88,2011
04-04-2011,42.12,14:25,9,2011
05-04-2011,25.92,15:25,11.16,2011
06-04-2011,21.96,07:46,6.12,2011
07-04-2011,23.04,08:08,6.12,2011
08-04-2011,33.12,14:25,9,2011
09-04-2011,52.92,15:46,20.88,2011
10-04-2011,30.96,21:05,12.96,2011
11-04-2011,54,15:23,19.08,2011
12-04-2011,47.16,12:34,24.84,2011
13-04-2011,37.08,16:30,14.04,2011
14-04-2011,50.04,16:09,19.08,2011
15-04-2011,48.96,13:56,21.96,2011
16-04-2011,48.96,15:10,24.12,2011
17-04-2011,20.88,13:35,6.84,2011
18-04-2011,30.96,12:53,9,2011
19-04-2011,21.96,03:36,7.92,2011
20-04-2011,25.92,Varias,11.16,2011
21-04-2011,36,13:30,11.16,2011
22-04-2011,41.04,19:26,9,2011
23-04-2011,0,,0,2011
24-04-2011,0,,0,2011
25-04-2011,0,,0,2011
26-04-2011,45,16:40,11.16,2011
27-04-2011,41.04,12:58,16.92,2011
28-04-2011,33.12,20:28,14.04,2011
29-04-2011,41.04,16:20,0,2011
30-04-2011,39.96,12:50,16.92,2011
01-05-2011,32.04,13:01,11.16,2011
02-05-2011,34.92,14:37,11.16,2011
03-05-2011,29.16,11:15,11.88,2011
04-05-2011,29.88,10:10,9,2011
05-05-2011,42.12,13:35,15.84,2011
06-05-2011,32.04,12:55,11.16,2011
07-05-2011,66.96,15:48,19.08,2011
08-05-2011,56.88,13:50,20.88,2011
09-05-2011,29.88,13:31,11.16,2011
10-05-2011,50.04,13:13,19.08,2011
11-05-2011,50.04,17:01,19.08,2011
12-05-2011,51.12,13:54,28.08,2011
13-05-2011,65.88,14:49,14.04,2011
14-05-2011,56.88,03:16,29.88,2011
15-05-2011,57.96,13:51,32.04,2011
16-05-2011,46.08,17:35,24.12,2011
17-05-2011,36,19:13,10.08,2011
18-05-2011,0,,27,2011
19-05-2011,0,,0,2011
20-05-2011,0,,18,2011
21-05-2011,30.96,13:51,11.88,2011
22-05-2011,50.04,13:56,16.92,2011
23-05-2011,42.12,18:13,14.04,2011
24-05-2011,41.04,17:36,18,2011
25-05-2011,34.92,12:45,15.84,2011
26-05-2011,55.08,15:20,24.84,2011
27-05-2011,51.12,12:34,24.84,2011
28-05-2011,37.08,11:17,11.16,2011
29-05-2011,29.16,13:50,9,2011
30-05-2011,48.96,19:52,12.96,2011
31-05-2011,48.96,16:32,24.12,2011
01-06-2011,47.88,09:54,27,2011
02-06-2011,52.92,14:20,28.08,2011
03-06-2011,51.84,13:11,24.12,2011
04-06-2011,50.04,16:03,20.16,2011
05-06-2011,29.16,14:22,12.96,2011
06-06-2011,0,,0,2011
07-06-2011,34.92,12:42,14.04,2011
08-06-2011,28.08,15:10,11.16,2011
09-06-2011,24.84,13:40,11.16,2011
10-06-2011,27,12:06,11.88,2011
11-06-2011,24.12,15:36,10.08,2011
12-06-2011,42.84,12:19,14.04,2011
13-06-2011,37.08,15:10,11.16,2011
14-06-2011,34.92,15:53,11.88,2011
15-06-2011,54,16:51,21.96,2011
16-06-2011,39.96,14:33,15.12,2011
17-06-2011,55.08,06:24,20.88,2011
18-06-2011,33.12,05:47,15.12,2011
19-06-2011,47.16,15:23,15.84,2011
20-06-2011,48.96,16:02,21.96,2011
21-06-2011,30.96,14:41,15.84,2011
22-06-2011,39.96,15:05,20.16,2011
23-06-2011,45,17:58,19.08,2011
24-06-2011,33.12,18:01,15.84,2011
25-06-2011,18,Varias,6.84,2011
26-06-2011,29.16,11:46,10.08,2011
27-06-2011,29.88,12:20,15.12,2011
28-06-2011,52.92,15:55,28.08,2011
29-06-2011,54,19:44,29.88,2011
30-06-2011,51.84,12:46,28.08,2011
01-07-2011,30.96,01:54,10.08,2011
02-07-2011,42.12,14:36,15.84,2011
03-07-2011,38.16,15:40,12.96,2011
04-07-2011,30.96,15:24,10.08,2011
05-07-2011,47.88,16:46,16.92,2011
06-07-2011,48.96,17:54,20.88,2011
07-07-2011,60.12,13:58,25.92,2011
08-07-2011,51.12,05:18,14.04,2011
09-07-2011,23.04,13:25,9,2011
10-07-2011,45,16:10,15.12,2011
11-07-2011,33.12,22:42,9,2011
12-07-2011,50.04,02:44,16.92,2011
13-07-2011,30.96,03:07,11.88,2011
14-07-2011,24.12,16:58,9,2011
15-07-2011,0,,3.96,2011
16-07-2011,0,,7.92,2011
17-07-2011,27,Varias,0,2011
18-07-2011,43.92,19:30,9,2011
19-07-2011,24.12,00:20,7.92,2011
20-07-2011,34.92,15:01,3.96,2011
21-07-2011,33.12,17:50,7.92,2011
22-07-2011,0,,0,2011
23-07-2011,38.16,12:30,0,2011
24-07-2011,15.12,13:20,2.16,2011
25-07-2011,0,,2.16,2011
26-07-2011,0,,0,2011
27-07-2011,0,,0,2011
28-07-2011,0,,0,2011
29-07-2011,0,,0,2011
30-07-2011,0,,0,2011
31-07-2011,0,,0,2011
01-08-2011,0,,0,2011
02-08-2011,0,,0,2011
03-08-2011,0,,0,2011
04-08-2011,0,,0,2011
05-08-2011,0,,0,2011
06-08-2011,0,,0,2011
07-08-2011,0,,0,2011
08-08-2011,0,,0,2011
09-08-2011,0,,0,2011
10-08-2011,0,,0,2011
11-08-2011,0,,9,2011
12-08-2011,29.16,16:05,9,2011
13-08-2011,0,,11.88,2011
14-08-2011,33.84,17:50,10.08,2011
15-08-2011,28.08,01:20,10.08,2011
16-08-2011,0,,11.88,2011
17-08-2011,0,,7.92,2011
18-08-2011,0,,15.84,2011
19-08-2011,32.04,16:10,6.84,2011
20-08-2011,0,,9,2011
21-08-2011,20.88,15:00,6.84,2011
22-08-2011,41.04,14:30,11.16,2011
23-08-2011,21.96,14:30,9,2011
24-08-2011,0,,6.84,2011
25-08-2011,48.96,16:10,12.96,2011
26-08-2011,42.84,11:40,18,2011
27-08-2011,36,16:20,11.88,2011
28-08-2011,0,,7.92,2011
29-08-2011,0,,6.84,2011
30-08-2011,0,,6.84,2011
31-08-2011,0,,9,2011
01-09-2011,32.04,10:10,10.08,2011
02-09-2011,23.04,15:40,6.12,2011
03-09-2011,39.96,13:55,12.96,2011
04-09-2011,46.08,14:20,15.12,2011
05-09-2011,29.88,01:30,7.92,2011
06-09-2011,0,,14.04,2011
07-09-2011,29.88,15:20,9,2011
08-09-2011,60.84,13:20,6.12,2011
09-09-2011,33.12,15:30,7.92,2011
10-09-2011,0,,16.92,2011
11-09-2011,54,06:00,15.84,2011
12-09-2011,36,08:10,15.84,2011
13-09-2011,46.08,08:00,15.84,2011
14-09-2011,41.04,00:10,18,2011
15-09-2011,32.04,14:40,7.92,2011
16-09-2011,29.16,22:50,11.88,2011
17-09-2011,28.08,23:40,7.92,2011
18-09-2011,32.04,07:10,11.88,2011
19-09-2011,21.96,21:00,7.92,2011
20-09-2011,29.88,19:10,7.92,2011
21-09-2011,42.12,16:40,14.04,2011
22-09-2011,41.04,14:20,14.04,2011
23-09-2011,24.84,20:10,6.84,2011
24-09-2011,15.84,Varias,6.84,2011
25-09-2011,24.12,08:40,6.12,2011
26-09-2011,24.12,15:10,7.92,2011
27-09-2011,16.92,07:10,6.12,2011
28-09-2011,28.08,10:50,10.08,2011
29-09-2011,20.88,15:00,7.92,2011
30-09-2011,24.12,13:20,5.04,2011
01-10-2011,21.96,18:10,7.92,2011
02-10-2011,28.08,13:50,9,2011
03-10-2011,29.88,12:10,10.08,2011
04-10-2011,30.96,18:30,11.16,2011
05-10-2011,24.12,16:20,7.92,2011
06-10-2011,34.92,20:10,10.08,2011
07-10-2011,38.88,14:10,15.84,2011
08-10-2011,38.88,17:20,16.92,2011
09-10-2011,25.92,02:40,6.12,2011
10-10-2011,27,07:40,3.96,2011
11-10-2011,20.88,07:40,6.84,2011
12-10-2011,14.04,16:20,6.12,2011
13-10-2011,14.04,15:40,5.04,2011
14-10-2011,12.96,04:00,5.04,2011
15-10-2011,16.92,04:50,3.96,2011
16-10-2011,28.08,18:50,5.04,2011
17-10-2011,24.12,10:50,5.04,2011
18-10-2011,16.92,13:50,6.84,2011
19-10-2011,39.96,14:20,15.84,2011
20-10-2011,45,14:10,16.92,2011
21-10-2011,23.04,07:10,7.92,2011
22-10-2011,25.92,23:00,7.92,2011
23-10-2011,73.08,13:20,19.08,2011
24-10-2011,63,14:20,15.84,2011
25-10-2011,48.96,11:20,12.96,2011
26-10-2011,61.92,13:50,19.08,2011
27-10-2011,68.04,11:10,15.84,2011
28-10-2011,24.12,14:10,6.84,2011
29-10-2011,19.08,01:20,5.04,2011
30-10-2011,16.92,00:00,3.96,2011
31-10-2011,51.12,09:40,10.08,2011
01-11-2011,50.04,23:30,11.16,2011
02-11-2011,69.12,09:00,16.92,2011
03-11-2011,50.04,00:40,11.16,2011
04-11-2011,33.12,22:00,9,2011
05-11-2011,48.96,18:10,18,2011
06-11-2011,32.04,13:20,11.16,2011
07-11-2011,21.96,10:20,5.04,2011
08-11-2011,38.16,19:30,9,2011
09-11-2011,43.92,00:20,10.08,2011
10-11-2011,60.84,17:10,12.96,2011
11-11-2011,39.96,01:10,7.92,2011
12-11-2011,68.04,20:30,12.96,2011
13-11-2011,74.88,11:20,12.96,2011
14-11-2011,45,13:10,11.88,2011
15-11-2011,54,23:30,7.92,2011
16-11-2011,52.92,00:50,18,2011
17-11-2011,23.04,22:20,7.92,2011
18-11-2011,43.92,17:20,12.96,2011
19-11-2011,30.96,00:30,6.84,2011
20-11-2011,24.12,15:00,7.92,2011
21-11-2011,66.96,17:50,18,2011
22-11-2011,73.08,11:10,20.88,2011
23-11-2011,47.88,04:20,18,2011
24-11-2011,25.92,03:50,7.92,2011
25-11-2011,20.16,07:10,6.12,2011
26-11-2011,12.96,05:20,3.96,2011
27-11-2011,29.16,14:30,9,2011
28-11-2011,30.96,14:00,9,2011
29-11-2011,51.84,10:50,9,2011
30-11-2011,55.08,11:30,14.04,2011
01-12-2011,82.08,22:00,20.16,2011
02-12-2011,72,00:30,12.96,2011
03-12-2011,32.04,12:50,14.04,2011
04-12-2011,43.92,22:30,15.84,2011
05-12-2011,41.04,00:50,11.16,2011
06-12-2011,33.12,02:10,11.16,2011
07-12-2011,30.96,11:10,10.08,2011
08-12-2011,29.16,15:50,11.16,2011
09-12-2011,33.12,11:40,11.88,2011
10-12-2011,33.84,00:30,12.96,2011
11-12-2011,45,18:50,12.96,2011
12-12-2011,56.16,19:50,15.12,2011
13-12-2011,70.92,23:40,19.08,2011
14-12-2011,66.96,02:20,19.08,2011
15-12-2011,78.84,23:40,25.92,2011
16-12-2011,0,,0,2011
17-12-2011,0,,0,2011
18-12-2011,0,,0,2011
19-12-2011,0,,0,2011
20-12-2011,0,,0,2011
21-12-2011,0,,0,2011
22-12-2011,0,,0,2011
23-12-2011,0,,0,2011
24-12-2011,0,,0,2011
25-12-2011,0,,0,2011
26-12-2011,0,,0,2011
27-12-2011,0,,0,2011
28-12-2011,0,,0,2011
29-12-2011,0,,0,2011
30-12-2011,0,,0,2011
31-12-2011,0,,0,2011
01-01-2011,11.16,21:51,5.04,2011
02-01-2011,20.88,17:26,6.84,2011
03-01-2011,21.96,21:31,7.92,2011
04-01-2011,36,07:13,12.96,2011
05-01-2011,54,11:52,21.96,2011
06-01-2011,59.04,00:13,15.12,2011
07-01-2011,75.96,15:05,32.04,2011
08-01-2011,77.04,13:29,15.84,2011
09-01-2011,20.88,23:57,6.12,2011
10-01-2011,57.96,05:47,21.96,2011
11-01-2011,50.04,02:54,19.08,2011
12-01-2011,36,14:34,11.88,2011
13-01-2011,32.04,12:22,11.16,2011
14-01-2011,45,13:48,15.12,2011
15-01-2011,37.08,15:20,15.84,2011
16-01-2011,60.12,13:33,23.04,2011
17-01-2011,29.88,01:30,10.08,2011
18-01-2011,42.84,13:31,16.92,2011
19-01-2011,32.04,00:09,10.08,2011
20-01-2011,33.84,17:37,11.88,2011
21-01-2011,52.92,23:40,18,2011
22-01-2011,70.92,10:44,29.88,2011
23-01-2011,61.92,17:38,25.92,2011
24-01-2011,61.92,14:10,27,2011
25-01-2011,43.92,12:27,19.08,2011
26-01-2011,24.12,08:38,11.16,2011
27-01-2011,41.04,21:24,16.92,2011
28-01-2011,65.88,20:52,10.08,2011
29-01-2011,47.88,04:45,11.16,2011
30-01-2011,57.96,19:26,21.96,2011
31-01-2011,50.04,01:55,14.04,2011
01-02-2011,33.84,18:10,12.96,2011
02-02-2011,30.96,17:26,9,2011
03-02-2011,19.08,07:56,5.04,2011
04-02-2011,28.08,13:14,9,2011
05-02-2011,16.92,16:12,7.92,2011
06-02-2011,25.92,23:25,6.84,2011
07-02-2011,33.12,16:01,11.88,2011
08-02-2011,57.96,17:30,20.16,2011
09-02-2011,55.08,15:22,14.04,2011
10-02-2011,57.96,14:31,21.96,2011
11-02-2011,52.92,11:06,12.96,2011
12-02-2011,42.84,23:36,6.84,2011
13-02-2011,74.16,03:13,24.12,2011
14-02-2011,73.08,16:48,21.96,2011
15-02-2011,50.04,14:24,15.12,2011
16-02-2011,61.92,01:25,15.12,2011
17-02-2011,74.88,06:50,30.96,2011
18-02-2011,54,11:58,23.04,2011
19-02-2011,23.04,02:15,7.92,2011
20-02-2011,78.84,12:17,20.16,2011
21-02-2011,64.08,15:03,28.08,2011
22-02-2011,48.96,00:43,15.12,2011
23-02-2011,29.16,06:50,14.04,2011
24-02-2011,23.04,14:04,7.92,2011
25-02-2011,25.92,12:24,11.16,2011
26-02-2011,29.16,18:19,11.16,2011
27-02-2011,39.96,16:44,16.92,2011
28-02-2011,55.08,05:47,24.84,2011
01-03-2011,56.16,12:41,23.04,2011
02-03-2011,47.88,13:02,20.16,2011
03-03-2011,45,14:43,24.12,2011
04-03-2011,46.08,17:00,15.12,2011
05-03-2011,38.16,14:10,11.88,2011
06-03-2011,41.04,17:32,12.96,2011
07-03-2011,28.08,14:25,7.92,2011
08-03-2011,42.84,16:15,11.88,2011
09-03-2011,45,07:17,24.12,2011
10-03-2011,34.92,14:08,6.12,2011
11-03-2011,32.04,16:51,14.04,2011
12-03-2011,45,16:13,10.08,2011
13-03-2011,34.92,18:42,11.16,2011
14-03-2011,23.04,20:17,6.84,2011
15-03-2011,28.08,11:47,6.12,2011
16-03-2011,38.88,15:01,14.04,2011
17-03-2011,30.96,03:00,6.12,2011
18-03-2011,20.88,14:07,10.08,2011
19-03-2011,46.08,13:48,18,2011
20-03-2011,38.88,18:53,11.88,2011
21-03-2011,48.96,15:45,11.88,2011
22-03-2011,51.84,15:53,20.16,2011
23-03-2011,46.08,16:00,11.88,2011
24-03-2011,41.04,07:09,11.16,2011
25-03-2011,32.04,10:41,11.16,2011
26-03-2011,55.08,11:49,12.96,2011
27-03-2011,57.96,03:12,23.04,2011
28-03-2011,47.88,15:40,16.92,2011
29-03-2011,45,10:21,19.08,2011
30-03-2011,41.04,13:23,20.16,2011
31-03-2011,32.04,15:33,11.88,2011
01-04-2011,70.92,17:38,23.04,2011
02-04-2011,33.12,Varias,12.96,2011
03-04-2011,28.08,19:19,11.88,2011
04-04-2011,42.12,14:25,9,2011
05-04-2011,25.92,15:25,11.16,2011
06-04-2011,21.96,07:46,6.12,2011
07-04-2011,23.04,08:08,6.12,2011
08-04-2011,33.12,14:25,9,2011
09-04-2011,52.92,15:46,20.88,2011
10-04-2011,30.96,21:05,12.96,2011
11-04-2011,54,15:23,19.08,2011
12-04-2011,47.16,12:34,24.84,2011
13-04-2011,37.08,16:30,14.04,2011
14-04-2011,50.04,16:09,19.08,2011
15-04-2011,48.96,13:56,21.96,2011
16-04-2011,48.96,15:10,24.12,2011
17-04-2011,20.88,13:35,6.84,2011
18-04-2011,30.96,12:53,9,2011
19-04-2011,21.96,03:36,7.92,2011
20-04-2011,25.92,Varias,11.16,2011
21-04-2011,36,13:30,11.16,2011
22-04-2011,41.04,19:26,9,2011
23-04-2011,0,,0,2011
24-04-2011,0,,0,2011
25-04-2011,0,,0,2011
26-04-2011,45,16:40,11.16,2011
27-04-2011,41.04,12:58,16.92,2011
28-04-2011,33.12,20:28,14.04,2011
29-04-2011,41.04,16:20,0,2011
30-04-2011,39.96,12:50,16.92,2011
01-05-2011,32.04,13:01,11.16,2011
02-05-2011,34.92,14:37,11.16,2011
03-05-2011,29.16,11:15,11.88,2011
04-05-2011,29.88,10:10,9,2011
05-05-2011,42.12,13:35,15.84,2011
06-05-2011,32.04,12:55,11.16,2011
07-05-2011,66.96,15:48,19.08,2011
08-05-2011,56.88,13:50,20.88,2011
09-05-2011,29.88,13:31,11.16,2011
10-05-2011,50.04,13:13,19.08,2011
11-05-2011,50.04,17:01,19.08,2011
12-05-2011,51.12,13:54,28.08,2011
13-05-2011,65.88,14:49,14.04,2011
14-05-2011,56.88,03:16,29.88,2011
15-05-2011,57.96,13:51,32.04,2011
16-05-2011,46.08,17:35,24.12,2011
17-05-2011,36,19:13,10.08,2011
18-05-2011,0,,27,2011
19-05-2011,0,,0,2011
20-05-2011,0,,18,2011
21-05-2011,30.96,13:51,11.88,2011
22-05-2011,50.04,13:56,16.92,2011
23-05-2011,42.12,18:13,14.04,2011
24-05-2011,41.04,17:36,18,2011
25-05-2011,34.92,12:45,15.84,2011
26-05-2011,55.08,15:20,24.84,2011
27-05-2011,51.12,12:34,24.84,2011
28-05-2011,37.08,11:17,11.16,2011
29-05-2011,29.16,13:50,9,2011
30-05-2011,48.96,19:52,12.96,2011
31-05-2011,48.96,16:32,24.12,2011
01-06-2011,47.88,09:54,27,2011
02-06-2011,52.92,14:20,28.08,2011
03-06-2011,51.84,13:11,24.12,2011
04-06-2011,50.04,16:03,20.16,2011
05-06-2011,29.16,14:22,12.96,2011
06-06-2011,0,,0,2011
07-06-2011,34.92,12:42,14.04,2011
08-06-2011,28.08,15:10,11.16,2011
09-06-2011,24.84,13:40,11.16,2011
10-06-2011,27,12:06,11.88,2011
11-06-2011,24.12,15:36,10.08,2011
12-06-2011,42.84,12:19,14.04,2011
13-06-2011,37.08,15:10,11.16,2011
14-06-2011,34.92,15:53,11.88,2011
15-06-2011,54,16:51,21.96,2011
16-06-2011,39.96,14:33,15.12,2011
17-06-2011,55.08,06:24,20.88,2011
18-06-2011,33.12,05:47,15.12,2011
19-06-2011,47.16,15:23,15.84,2011
20-06-2011,48.96,16:02,21.96,2011
21-06-2011,30.96,14:41,15.84,2011
22-06-2011,39.96,15:05,20.16,2011
23-06-2011,45,17:58,19.08,2011
24-06-2011,33.12,18:01,15.84,2011
25-06-2011,18,Varias,6.84,2011
26-06-2011,29.16,11:46,10.08,2011
27-06-2011,29.88,12:20,15.12,2011
28-06-2011,52.92,15:55,28.08,2011
29-06-2011,54,19:44,29.88,2011
30-06-2011,51.84,12:46,28.08,2011
01-07-2011,30.96,01:54,10.08,2011
02-07-2011,42.12,14:36,15.84,2011
03-07-2011,38.16,15:40,12.96,2011
04-07-2011,30.96,15:24,10.08,2011
05-07-2011,47.88,16:46,16.92,2011
06-07-2011,48.96,17:54,20.88,2011
07-07-2011,60.12,13:58,25.92,2011
08-07-2011,51.12,05:18,14.04,2011
09-07-2011,23.04,13:25,9,2011
10-07-2011,45,16:10,15.12,2011
11-07-2011,33.12,22:42,9,2011
12-07-2011,50.04,02:44,16.92,2011
13-07-2011,30.96,03:07,11.88,2011
14-07-2011,24.12,16:58,9,2011
15-07-2011,0,,3.96,2011
16-07-2011,0,,7.92,2011
17-07-2011,27,Varias,0,2011
18-07-2011,43.92,19:30,9,2011
19-07-2011,24.12,00:20,7.92,2011
20-07-2011,34.92,15:01,3.96,2011
21-07-2011,33.12,17:50,7.92,2011
22-07-2011,0,,0,2011
23-07-2011,38.16,12:30,0,2011
24-07-2011,15.12,13:20,2.16,2011
25-07-2011,0,,2.16,2011
26-07-2011,0,,0,2011
27-07-2011,0,,0,2011
28-07-2011,0,,0,2011
29-07-2011,0,,0,2011
30-07-2011,0,,0,2011
31-07-2011,0,,0,2011
01-08-2011,0,,0,2011
02-08-2011,0,,0,2011
03-08-2011,0,,0,2011
04-08-2011,0,,0,2011
05-08-2011,0,,0,2011
06-08-2011,0,,0,2011
07-08-2011,0,,0,2011
08-08-2011,0,,0,2011
09-08-2011,0,,0,2011
10-08-2011,0,,0,2011
11-08-2011,0,,9,2011
12-08-2011,29.16,16:05,9,2011
13-08-2011,0,,11.88,2011
14-08-2011,33.84,17:50,10.08,2011
15-08-2011,28.08,01:20,10.08,2011
16-08-2011,0,,11.88,2011
17-08-2011,0,,7.92,2011
18-08-2011,0,,15.84,2011
19-08-2011,32.04,16:10,6.84,2011
20-08-2011,0,,9,2011
21-08-2011,20.88,15:00,6.84,2011
22-08-2011,41.04,14:30,11.16,2011
23-08-2011,21.96,14:30,9,2011
24-08-2011,0,,6.84,2011
25-08-2011,48.96,16:10,12.96,2011
26-08-2011,42.84,11:40,18,2011
27-08-2011,36,16:20,11.88,2011
28-08-2011,0,,7.92,2011
29-08-2011,0,,6.84,2011
30-08-2011,0,,6.84,2011
31-08-2011,0,,9,2011
01-09-2011,32.04,10:10,10.08,2011
02-09-2011,23.04,15:40,6.12,2011
03-09-2011,39.96,13:55,12.96,2011
04-09-2011,46.08,14:20,15.12,2011
05-09-2011,29.88,01:30,7.92,2011
06-09-2011,0,,14.04,2011
07-09-2011,29.88,15:20,9,2011
08-09-2011,60.84,13:20,6.12,2011
09-09-2011,33.12,15:30,7.92,2011
10-09-2011,0,,16.92,2011
11-09-2011,54,06:00,15.84,2011
12-09-2011,36,08:10,15.84,2011
13-09-2011,46.08,08:00,15.84,2011
14-09-2011,41.04,00:10,18,2011
15-09-2011,32.04,14:40,7.92,2011
16-09-2011,29.16,22:50,11.88,2011
17-09-2011,28.08,23:40,7.92,2011
18-09-2011,32.04,07:10,11.88,2011
19-09-2011,21.96,21:00,7.92,2011
20-09-2011,29.88,19:10,7.92,2011
21-09-2011,42.12,16:40,14.04,2011
22-09-2011,41.04,14:20,14.04,2011
23-09-2011,24.84,20:10,6.84,2011
24-09-2011,15.84,Varias,6.84,2011
25-09-2011,24.12,08:40,6.12,2011
26-09-2011,24.12,15:10,7.92,2011
27-09-2011,16.92,07:10,6.12,2011
28-09-2011,28.08,10:50,10.08,2011
29-09-2011,20.88,15:00,7.92,2011
30-09-2011,24.12,13:20,5.04,2011
01-10-2011,21.96,18:10,7.92,2011
02-10-2011,28.08,13:50,9,2011
03-10-2011,29.88,12:10,10.08,2011
04-10-2011,30.96,18:30,11.16,2011
05-10-2011,24.12,16:20,7.92,2011
06-10-2011,34.92,20:10,10.08,2011
07-10-2011,38.88,14:10,15.84,2011
08-10-2011,38.88,17:20,16.92,2011
09-10-2011,25.92,02:40,6.12,2011
10-10-2011,27,07:40,3.96,2011
11-10-2011,20.88,07:40,6.84,2011
12-10-2011,14.04,16:20,6.12,2011
13-10-2011,14.04,15:40,5.04,2011
14-10-2011,12.96,04:00,5.04,2011
15-10-2011,16.92,04:50,3.96,2011
16-10-2011,28.08,18:50,5.04,2011
17-10-2011,24.12,10:50,5.04,2011
18-10-2011,16.92,13:50,6.84,2011
19-10-2011,39.96,14:20,15.84,2011
20-10-2011,45,14:10,16.92,2011
21-10-2011,23.04,07:10,7.92,2011
22-10-2011,25.92,23:00,7.92,2011
23-10-2011,73.08,13:20,19.08,2011
24-10-2011,63,14:20,15.84,2011
25-10-2011,48.96,11:20,12.96,2011
26-10-2011,61.92,13:50,19.08,2011
27-10-2011,68.04,11:10,15.84,2011
28-10-2011,24.12,14:10,6.84,2011
29-10-2011,19.08,01:20,5.04,2011
30-10-2011,16.92,00:00,3.96,2011
31-10-2011,51.12,09:40,10.08,2011
01-11-2011,50.04,23:30,11.16,2011
02-11-2011,69.12,09:00,16.92,2011
03-11-2011,50.04,00:40,11.16,2011
04-11-2011,33.12,22:00,9,2011
05-11-2011,48.96,18:10,18,2011
06-11-2011,32.04,13:20,11.16,2011
07-11-2011,21.96,10:20,5.04,2011
08-11-2011,38.16,19:30,9,2011
09-11-2011,43.92,00:20,10.08,2011
10-11-2011,60.84,17:10,12.96,2011
11-11-2011,39.96,01:10,7.92,2011
12-11-2011,68.04,20:30,12.96,2011
13-11-2011,74.88,11:20,12.96,2011
14-11-2011,45,13:10,11.88,2011
15-11-2011,54,23:30,7.92,2011
16-11-2011,52.92,00:50,18,2011
17-11-2011,23.04,22:20,7.92,2011
18-11-2011,43.92,17:20,12.96,2011
19-11-2011,30.96,00:30,6.84,2011
20-11-2011,24.12,15:00,7.92,2011
21-11-2011,66.96,17:50,18,2011
22-11-2011,73.08,11:10,20.88,2011
23-11-2011,47.88,04:20,18,2011
24-11-2011,25.92,03:50,7.92,2011
25-11-2011,20.16,07:10,6.12,2011
26-11-2011,12.96,05:20,3.96,2011
27-11-2011,29.16,14:30,9,2011
28-11-2011,30.96,14:00,9,2011
29-11-2011,51.84,10:50,9,2011
30-11-2011,55.08,11:30,14.04,2011
01-12-2011,82.08,22:00,20.16,2011
02-12-2011,72,00:30,12.96,2011
03-12-2011,32.04,12:50,14.04,2011
04-12-2011,43.92,22:30,15.84,2011
05-12-2011,41.04,00:50,11.16,2011
06-12-2011,33.12,02:10,11.16,2011
07-12-2011,30.96,11:10,10.08,2011
08-12-2011,29.16,15:50,11.16,2011
09-12-2011,33.12,11:40,11.88,2011
10-12-2011,33.84,00:30,12.96,2011
11-12-2011,45,18:50,12.96,2011
12-12-2011,56.16,19:50,15.12,2011
13-12-2011,70.92,23:40,19.08,2011
14-12-2011,66.96,02:20,19.08,2011
15-12-2011,78.84,23:40,25.92,2011
16-12-2011,0,,0,2011
17-12-2011,0,,0,2011
18-12-2011,0,,0,2011
19-12-2011,0,,0,2011
20-12-2011,0,,0,2011
21-12-2011,0,,0,2011
22-12-2011,0,,0,2011
23-12-2011,0,,0,2011
24-12-2011,0,,0,2011
25-12-2011,0,,0,2011
26-12-2011,0,,0,2011
27-12-2011,0,,0,2011
28-12-2011,0,,0,2011
29-12-2011,0,,0,2011
30-12-2011,0,,0,2011
31-12-2011,0,,0,2011
01-01-2012,0,,0,2012
02-01-2012,0,,0,2012
03-01-2012,50.04,17:50,18,2012
04-01-2012,41.04,02:30,7.92,2012
05-01-2012,32.04,14:10,11.16,2012
06-01-2012,27,08:00,9,2012
07-01-2012,38.88,18:10,18,2012
08-01-2012,28.08,01:10,11.16,2012
09-01-2012,23.04,18:05,7.92,2012
10-01-2012,19.08,04:20,6.12,2012
11-01-2012,19.08,09:30,7.92,2012
12-01-2012,28.08,16:50,7.92,2012
13-01-2012,15.84,23:50,2.88,2012
14-01-2012,43.92,13:50,11.88,2012
15-01-2012,39.96,15:10,11.88,2012
16-01-2012,23.04,17:10,6.84,2012
17-01-2012,19.08,08:10,2.88,2012
18-01-2012,16.92,08:50,2.16,2012
19-01-2012,20.88,18:40,5.04,2012
20-01-2012,30.96,19:00,6.84,2012
21-01-2012,21.96,00:00,3.96,2012
22-01-2012,20.88,18:50,6.84,2012
23-01-2012,33.84,15:30,14.04,2012
24-01-2012,28.08,03:05,12.96,2012
25-01-2012,30.96,13:10,9,2012
26-01-2012,47.16,02:40,7.92,2012
27-01-2012,37.08,14:10,9,2012
28-01-2012,29.16,13:30,11.16,2012
29-01-2012,32.04,18:10,12.96,2012
30-01-2012,15.84,08:20,3.96,2012
31-01-2012,28.08,13:10,6.84,2012
01-02-2012,48.96,18:40,14.04,2012
02-02-2012,46.08,11:20,21.96,2012
03-02-2012,45,16:00,20.16,2012
04-02-2012,21.96,16:30,6.84,2012
05-02-2012,45,09:40,20.16,2012
06-02-2012,41.04,00:20,12.96,2012
07-02-2012,45,05:50,23.04,2012
08-02-2012,48.96,13:10,20.88,2012
09-02-2012,38.88,17:00,20.16,2012
10-02-2012,41.04,18:10,18,2012
11-02-2012,42.12,19:40,20.88,2012
12-02-2012,55.08,11:20,21.96,2012
13-02-2012,41.04,17:50,14.04,2012
14-02-2012,59.04,13:10,25.92,2012
15-02-2012,38.88,08:20,15.84,2012
16-02-2012,41.04,16:10,20.16,2012
17-02-2012,38.16,17:10,19.08,2012
18-02-2012,19.08,13:40,5.04,2012
19-02-2012,42.12,18:01,18,2012
20-02-2012,24.84,02:30,9,2012
21-02-2012,15.84,06:10,6.12,2012
22-02-2012,23.04,17:20,5.04,2012
23-02-2012,19.08,15:50,6.12,2012
24-02-2012,23.04,15:50,6.12,2012
25-02-2012,18,07:20,6.84,2012
26-02-2012,20.16,07:40,5.04,2012
27-02-2012,32.04,19:30,5.04,2012
28-02-2012,25.92,16:50,9,2012
29-02-2012,21.96,15:30,6.12,2012
01-03-2012,64.08,19:20,6.12,2012
02-03-2012,47.16,14:40,14.04,2012
03-03-2012,41.04,04:10,6.12,2012
04-03-2012,57.96,06:40,19.08,2012
05-03-2012,30.96,14:30,10.08,2012
06-03-2012,23.04,13:05,7.92,2012
07-03-2012,29.88,20:50,6.84,2012
08-03-2012,30.96,20:30,11.88,2012
09-03-2012,20.88,13:20,6.12,2012
10-03-2012,32.04,18:20,10.08,2012
11-03-2012,39.96,15:50,20.16,2012
12-03-2012,23.04,14:20,6.12,2012
13-03-2012,19.08,12:40,7.92,2012
14-03-2012,21.96,13:10,6.84,2012
15-03-2012,18,15:00,6.84,2012
16-03-2012,36,18:00,14.04,2012
17-03-2012,51.84,15:10,20.88,2012
18-03-2012,63,06:30,19.08,2012
19-03-2012,42.12,16:05,15.84,2012
20-03-2012,42.84,12:50,16.92,2012
21-03-2012,38.16,18:30,12.96,2012
22-03-2012,21.96,11:20,10.08,2012
23-03-2012,24.12,08:20,6.84,2012
24-03-2012,41.04,13:20,6.84,2012
25-03-2012,23.04,19:00,5.04,2012
26-03-2012,25.92,17:00,11.16,2012
27-03-2012,24.84,16:10,6.84,2012
28-03-2012,25.92,14:30,10.08,2012
29-03-2012,33.84,16:10,9,2012
30-03-2012,32.04,15:10,6.84,2012
31-03-2012,45,13:00,16.92,2012
01-04-2012,45,14:10,15.84,2012
02-04-2012,38.16,20:10,15.84,2012
03-04-2012,42.12,15:00,16.92,2012
04-04-2012,51.12,13:50,15.12,2012
05-04-2012,25.92,12:10,11.16,2012
06-04-2012,51.12,22:00,6.12,2012
07-04-2012,43.92,03:30,15.84,2012
08-04-2012,34.92,15:30,15.12,2012
09-04-2012,46.08,17:30,15.84,2012
10-04-2012,47.16,07:10,23.04,2012
11-04-2012,57.96,12:50,19.08,2012
12-04-2012,51.84,00:10,12.96,2012
13-04-2012,52.92,21:40,15.12,2012
14-04-2012,56.88,21:10,20.16,2012
15-04-2012,59.04,10:30,24.84,2012
16-04-2012,27,02:40,7.92,2012
17-04-2012,48.96,23:30,18,2012
18-04-2012,70.92,13:10,25.92,2012
19-04-2012,60.84,01:50,20.16,2012
20-04-2012,48.96,12:30,20.16,2012
21-04-2012,41.04,06:30,16.92,2012
22-04-2012,38.16,14:30,19.08,2012
23-04-2012,59.04,16:20,28.08,2012
24-04-2012,78.12,00:01,19.08,2012
25-04-2012,90,03:30,28.08,2012
26-04-2012,56.88,15:00,14.04,2012
27-04-2012,25.92,12:00,10.08,2012
28-04-2012,32.04,14:10,9,2012
29-04-2012,28.08,18:00,11.88,2012
30-04-2012,51.84,17:00,20.88,2012
01-05-2012,54,13:30,15.84,2012
02-05-2012,60.84,12:00,15.84,2012
03-05-2012,42.84,13:50,12.96,2012
04-05-2012,45,20:50,10.08,2012
05-05-2012,39.96,10:30,16.92,2012
06-05-2012,33.84,17:40,14.04,2012
07-05-2012,55.08,16:20,14.04,2012
08-05-2012,55.08,15:00,15.84,2012
09-05-2012,64.08,12:00,23.04,2012
10-05-2012,51.12,06:00,10.08,2012
11-05-2012,38.16,20:10,7.92,2012
12-05-2012,42.12,16:20,16.92,2012
13-05-2012,33.84,17:10,14.04,2012
14-05-2012,47.16,16:30,15.12,2012
15-05-2012,48.96,12:30,20.16,2012
16-05-2012,24.84,00:10,6.12,2012
17-05-2012,50.04,06:40,20.88,2012
18-05-2012,29.16,01:10,10.08,2012
19-05-2012,33.84,16:10,12.96,2012
20-05-2012,29.16,16:20,11.16,2012
21-05-2012,34.92,13:10,15.84,2012
22-05-2012,25.92,15:30,6.12,2012
23-05-2012,23.04,05:50,11.16,2012
24-05-2012,32.04,11:40,9,2012
25-05-2012,51.84,17:10,11.16,2012
26-05-2012,48.96,14:00,18,2012
27-05-2012,48.96,12:40,16.92,2012
28-05-2012,29.16,17:10,15.12,2012
29-05-2012,42.12,15:20,9,2012
30-05-2012,27,16:50,11.16,2012
31-05-2012,19.08,03:00,6.84,2012
01-06-2012,47.16,14:20,6.12,2012
02-06-2012,38.16,17:40,19.08,2012
03-06-2012,34.92,14:00,10.08,2012
04-06-2012,21.96,15:10,7.92,2012
05-06-2012,43.92,12:10,15.12,2012
06-06-2012,51.12,16:20,15.84,2012
07-06-2012,59.04,03:10,20.88,2012
08-06-2012,32.04,03:20,12.96,2012
09-06-2012,52.92,11:10,15.84,2012
10-06-2012,52.92,06:20,19.08,2012
11-06-2012,54,11:30,21.96,2012
12-06-2012,45,01:10,15.84,2012
13-06-2012,27,15:20,6.84,2012
14-06-2012,56.88,12:30,18,2012
15-06-2012,65.88,07:50,23.04,2012
16-06-2012,45,15:20,20.88,2012
17-06-2012,45,14:40,11.88,2012
18-06-2012,46.08,18:30,15.84,2012
19-06-2012,46.08,15:10,19.08,2012
20-06-2012,32.04,13:50,11.16,2012
21-06-2012,47.16,13:40,19.08,2012
22-06-2012,28.08,12:40,11.16,2012
23-06-2012,24.12,12:50,9,2012
24-06-2012,24.12,10:50,10.08,2012
25-06-2012,23.04,18:20,7.92,2012
26-06-2012,25.92,23:20,3.96,2012
27-06-2012,46.08,11:50,14.04,2012
28-06-2012,43.92,17:00,14.04,2012
29-06-2012,57.96,12:00,20.88,2012
30-06-2012,37.08,09:00,15.12,2012
01-07-2012,28.08,15:50,7.92,2012
02-07-2012,27,19:30,11.16,2012
03-07-2012,32.04,17:10,12.96,2012
04-07-2012,34.92,17:30,15.84,2012
05-07-2012,48.96,14:20,16.92,2012
06-07-2012,33.84,14:40,15.12,2012
07-07-2012,43.92,11:10,16.92,2012
08-07-2012,23.04,15:50,7.92,2012
09-07-2012,28.08,20:30,10.08,2012
10-07-2012,28.08,04:10,11.88,2012
11-07-2012,25.92,10:50,10.08,2012
12-07-2012,43.92,16:10,11.88,2012
13-07-2012,50.04,09:20,16.92,2012
14-07-2012,39.96,15:20,20.88,2012
15-07-2012,33.84,19:20,12.96,2012
16-07-2012,24.84,12:40,10.08,2012
17-07-2012,32.04,18:20,10.08,2012
18-07-2012,25.92,12:00,11.88,2012
19-07-2012,39.96,19:30,15.84,2012
20-07-2012,32.04,12:30,12.96,2012
21-07-2012,25.92,17:10,7.92,2012
22-07-2012,33.84,15:20,12.96,2012
23-07-2012,30.96,18:50,7.92,2012
24-07-2012,24.84,15:40,7.92,2012
25-07-2012,24.84,13:00,6.84,2012
26-07-2012,24.84,13:50,6.12,2012
27-07-2012,43.92,18:10,15.84,2012
28-07-2012,38.88,03:20,16.92,2012
29-07-2012,24.84,12:40,10.08,2012
30-07-2012,29.88,15:10,11.88,2012
31-07-2012,30.96,13:20,12.96,2012
01-08-2012,47.16,11:00,15.12,2012
02-08-2012,30.96,12:00,11.88,2012
03-08-2012,38.16,14:40,15.12,2012
04-08-2012,27,15:10,11.16,2012
05-08-2012,37.08,13:30,14.04,2012
06-08-2012,36,13:10,15.12,2012
07-08-2012,32.04,12:40,10.08,2012
08-08-2012,25.92,13:10,5.04,2012
09-08-2012,20.16,15:20,9,2012
10-08-2012,30.96,12:50,11.88,2012
11-08-2012,43.92,14:10,12.96,2012
12-08-2012,38.16,16:50,14.04,2012
13-08-2012,45,13:30,9,2012
14-08-2012,65.88,23:10,11.88,2012
15-08-2012,63,12:50,20.88,2012
16-08-2012,56.88,14:50,18,2012
17-08-2012,39.96,15:00,12.96,2012
18-08-2012,33.12,06:10,11.88,2012
19-08-2012,36,12:40,12.96,2012
20-08-2012,25.92,12:40,11.88,2012
21-08-2012,38.88,17:10,10.08,2012
22-08-2012,43.92,13:00,19.08,2012
23-08-2012,32.04,18:50,7.92,2012
24-08-2012,51.84,09:20,15.12,2012
25-08-2012,32.04,03:10,11.88,2012
26-08-2012,24.84,14:50,5.04,2012
27-08-2012,47.88,12:20,18,2012
28-08-2012,34.92,16:30,12.96,2012
29-08-2012,43.92,13:20,18,2012
30-08-2012,39.96,15:50,20.16,2012
31-08-2012,43.92,16:50,20.88,2012
01-09-2012,42.12,18:50,15.12,2012
02-09-2012,38.16,14:40,11.88,2012
03-09-2012,42.12,18:10,14.04,2012
04-09-2012,51.84,16:50,21.96,2012
05-09-2012,47.88,14:50,19.08,2012
06-09-2012,24.84,17:20,6.84,2012
07-09-2012,24.84,16:00,6.12,2012
08-09-2012,24.12,10:50,6.12,2012
09-09-2012,36,18:30,10.08,2012
10-09-2012,37.08,15:40,11.88,2012
11-09-2012,28.08,14:20,6.84,2012
12-09-2012,32.04,12:50,15.12,2012
13-09-2012,38.88,13:20,15.84,2012
14-09-2012,41.04,19:30,7.92,2012
15-09-2012,15.84,10:30,6.12,2012
16-09-2012,23.04,13:10,6.84,2012
17-09-2012,15.84,14:00,5.04,2012
18-09-2012,46.08,14:50,14.04,2012
19-09-2012,42.12,10:40,20.16,2012
20-09-2012,29.88,23:00,5.04,2012
21-09-2012,32.04,13:10,12.96,2012
22-09-2012,51.12,17:30,10.08,2012
23-09-2012,70.92,15:10,24.84,2012
24-09-2012,61.92,13:01,18,2012
25-09-2012,64.08,11:50,18,2012
26-09-2012,42.12,10:00,19.08,2012
27-09-2012,37.08,15:50,10.08,2012
28-09-2012,46.08,13:40,15.12,2012
29-09-2012,42.84,14:00,16.92,2012
30-09-2012,42.12,16:10,16.92,2012
01-10-2012,29.16,17:50,10.08,2012
02-10-2012,37.08,16:10,9,2012
03-10-2012,32.04,16:50,11.16,2012
04-10-2012,28.08,14:40,10.08,2012
05-10-2012,37.08,14:00,2.88,2012
06-10-2012,56.88,10:20,14.04,2012
07-10-2012,37.08,11:40,11.16,2012
08-10-2012,42.12,05:40,16.92,2012
09-10-2012,20.88,14:30,6.84,2012
10-10-2012,37.08,17:30,9,2012
11-10-2012,36,03:30,11.16,2012
12-10-2012,25.92,08:50,3.96,2012
13-10-2012,41.04,23:00,9,2012
14-10-2012,51.84,12:30,16.92,2012
15-10-2012,47.88,22:20,12.96,2012
16-10-2012,70.92,16:50,20.88,2012
17-10-2012,45,00:00,15.12,2012
18-10-2012,34.92,10:10,6.12,2012
19-10-2012,18,15:50,6.84,2012
20-10-2012,21.96,13:10,6.84,2012
21-10-2012,34.92,19:10,7.92,2012
22-10-2012,33.84,09:40,9,2012
23-10-2012,20.16,21:30,6.84,2012
24-10-2012,56.88,13:10,9,2012
25-10-2012,32.04,11:50,7.92,2012
26-10-2012,43.92,20:30,7.92,2012
27-10-2012,56.88,13:50,27,2012
28-10-2012,33.12,01:20,12.96,2012
29-10-2012,30.96,17:50,14.04,2012
30-10-2012,36,15:50,11.88,2012
31-10-2012,50.04,22:10,11.88,2012
01-11-2012,55.08,00:10,19.08,2012
02-11-2012,60.12,15:00,24.12,2012
03-11-2012,41.04,21:00,10.08,2012
04-11-2012,43.92,16:30,14.04,2012
05-11-2012,47.16,05:40,11.88,2012
06-11-2012,38.16,16:30,15.84,2012
07-11-2012,32.04,13:50,12.96,2012
08-11-2012,23.04,20:50,6.12,2012
09-11-2012,29.88,19:20,9,2012
10-11-2012,54,23:40,20.16,2012
11-11-2012,57.96,02:20,14.04,2012
12-11-2012,24.12,17:50,6.84,2012
13-11-2012,21.96,07:20,6.12,2012
14-11-2012,19.08,01:10,3.96,2012
15-11-2012,43.92,22:00,6.84,2012
16-11-2012,25.92,00:00,6.12,2012
17-11-2012,59.04,18:20,21.96,2012
18-11-2012,48.96,00:30,6.84,2012
19-11-2012,54,18:00,15.84,2012
20-11-2012,59.04,16:30,23.04,2012
21-11-2012,39.96,04:10,0,2012
22-11-2012,47.88,20:10,19.08,2012
23-11-2012,64.08,23:10,15.12,2012
24-11-2012,73.08,10:10,25.92,2012
25-11-2012,43.92,21:20,6.84,2012
26-11-2012,51.12,13:40,16.92,2012
27-11-2012,66.96,19:30,15.84,2012
28-11-2012,60.84,05:20,23.04,2012
29-11-2012,68.04,23:50,10.08,2012
30-11-2012,59.04,06:00,15.84,2012
01-12-2012,43.92,01:30,10.08,2012
02-12-2012,23.04,07:00,12.96,2012
03-12-2012,46.08,18:30,16.92,2012
04-12-2012,43.92,12:00,16.92,2012
05-12-2012,50.04,02:30,10.08,2012
06-12-2012,39.96,19:30,11.16,2012
07-12-2012,37.08,12:40,11.88,2012
08-12-2012,29.16,16:30,12.96,2012
09-12-2012,24.12,06:40,6.84,2012
10-12-2012,16.92,22:50,3.96,2012
11-12-2012,18,06:50,5.04,2012
12-12-2012,45,16:00,14.04,2012
13-12-2012,64.08,10:50,20.88,2012
14-12-2012,83.88,02:20,24.84,2012
15-12-2012,56.16,12:50,24.12,2012
16-12-2012,54,12:30,18,2012
17-12-2012,37.08,01:10,11.88,2012
18-12-2012,46.08,17:20,15.84,2012
19-12-2012,63,21:40,20.16,2012
20-12-2012,72,23:10,11.88,2012
21-12-2012,79.92,01:20,12.96,2012
22-12-2012,63,20:40,19.08,2012
23-12-2012,73.08,19:50,15.84,2012
24-12-2012,68.04,14:20,19.08,2012
25-12-2012,46.08,13:10,18,2012
26-12-2012,46.08,16:00,11.88,2012
27-12-2012,46.08,04:10,15.84,2012
28-12-2012,52.92,23:10,11.88,2012
29-12-2012,64.08,03:40,24.84,2012
30-12-2012,38.88,12:10,12.96,2012
31-12-2012,69.12,12:40,27,2012
01-01-2012,0,,0,2012
02-01-2012,0,,0,2012
03-01-2012,50.04,17:50,18,2012
04-01-2012,41.04,02:30,7.92,2012
05-01-2012,32.04,14:10,11.16,2012
06-01-2012,27,08:00,9,2012
07-01-2012,38.88,18:10,18,2012
08-01-2012,28.08,01:10,11.16,2012
09-01-2012,23.04,18:05,7.92,2012
10-01-2012,19.08,04:20,6.12,2012
11-01-2012,19.08,09:30,7.92,2012
12-01-2012,28.08,16:50,7.92,2012
13-01-2012,15.84,23:50,2.88,2012
14-01-2012,43.92,13:50,11.88,2012
15-01-2012,39.96,15:10,11.88,2012
16-01-2012,23.04,17:10,6.84,2012
17-01-2012,19.08,08:10,2.88,2012
18-01-2012,16.92,08:50,2.16,2012
19-01-2012,20.88,18:40,5.04,2012
20-01-2012,30.96,19:00,6.84,2012
21-01-2012,21.96,00:00,3.96,2012
22-01-2012,20.88,18:50,6.84,2012
23-01-2012,33.84,15:30,14.04,2012
24-01-2012,28.08,03:05,12.96,2012
25-01-2012,30.96,13:10,9,2012
26-01-2012,47.16,02:40,7.92,2012
27-01-2012,37.08,14:10,9,2012
28-01-2012,29.16,13:30,11.16,2012
29-01-2012,32.04,18:10,12.96,2012
30-01-2012,15.84,08:20,3.96,2012
31-01-2012,28.08,13:10,6.84,2012
01-02-2012,48.96,18:40,14.04,2012
02-02-2012,46.08,11:20,21.96,2012
03-02-2012,45,16:00,20.16,2012
04-02-2012,21.96,16:30,6.84,2012
05-02-2012,45,09:40,20.16,2012
06-02-2012,41.04,00:20,12.96,2012
07-02-2012,45,05:50,23.04,2012
08-02-2012,48.96,13:10,20.88,2012
09-02-2012,38.88,17:00,20.16,2012
10-02-2012,41.04,18:10,18,2012
11-02-2012,42.12,19:40,20.88,2012
12-02-2012,55.08,11:20,21.96,2012
13-02-2012,41.04,17:50,14.04,2012
14-02-2012,59.04,13:10,25.92,2012
15-02-2012,38.88,08:20,15.84,2012
16-02-2012,41.04,16:10,20.16,2012
17-02-2012,38.16,17:10,19.08,2012
18-02-2012,19.08,13:40,5.04,2012
19-02-2012,42.12,18:01,18,2012
20-02-2012,24.84,02:30,9,2012
21-02-2012,15.84,06:10,6.12,2012
22-02-2012,23.04,17:20,5.04,2012
23-02-2012,19.08,15:50,6.12,2012
24-02-2012,23.04,15:50,6.12,2012
25-02-2012,18,07:20,6.84,2012
26-02-2012,20.16,07:40,5.04,2012
27-02-2012,32.04,19:30,5.04,2012
28-02-2012,25.92,16:50,9,2012
29-02-2012,21.96,15:30,6.12,2012
01-03-2012,64.08,19:20,6.12,2012
02-03-2012,47.16,14:40,14.04,2012
03-03-2012,41.04,04:10,6.12,2012
04-03-2012,57.96,06:40,19.08,2012
05-03-2012,30.96,14:30,10.08,2012
06-03-2012,23.04,13:05,7.92,2012
07-03-2012,29.88,20:50,6.84,2012
08-03-2012,30.96,20:30,11.88,2012
09-03-2012,20.88,13:20,6.12,2012
10-03-2012,32.04,18:20,10.08,2012
11-03-2012,39.96,15:50,20.16,2012
12-03-2012,23.04,14:20,6.12,2012
13-03-2012,19.08,12:40,7.92,2012
14-03-2012,21.96,13:10,6.84,2012
15-03-2012,18,15:00,6.84,2012
16-03-2012,36,18:00,14.04,2012
17-03-2012,51.84,15:10,20.88,2012
18-03-2012,63,06:30,19.08,2012
19-03-2012,42.12,16:05,15.84,2012
20-03-2012,42.84,12:50,16.92,2012
21-03-2012,38.16,18:30,12.96,2012
22-03-2012,21.96,11:20,10.08,2012
23-03-2012,24.12,08:20,6.84,2012
24-03-2012,41.04,13:20,6.84,2012
25-03-2012,23.04,19:00,5.04,2012
26-03-2012,25.92,17:00,11.16,2012
27-03-2012,24.84,16:10,6.84,2012
28-03-2012,25.92,14:30,10.08,2012
29-03-2012,33.84,16:10,9,2012
30-03-2012,32.04,15:10,6.84,2012
31-03-2012,45,13:00,16.92,2012
01-04-2012,45,14:10,15.84,2012
02-04-2012,38.16,20:10,15.84,2012
03-04-2012,42.12,15:00,16.92,2012
04-04-2012,51.12,13:50,15.12,2012
05-04-2012,25.92,12:10,11.16,2012
06-04-2012,51.12,22:00,6.12,2012
07-04-2012,43.92,03:30,15.84,2012
08-04-2012,34.92,15:30,15.12,2012
09-04-2012,46.08,17:30,15.84,2012
10-04-2012,47.16,07:10,23.04,2012
11-04-2012,57.96,12:50,19.08,2012
12-04-2012,51.84,00:10,12.96,2012
13-04-2012,52.92,21:40,15.12,2012
14-04-2012,56.88,21:10,20.16,2012
15-04-2012,59.04,10:30,24.84,2012
16-04-2012,27,02:40,7.92,2012
17-04-2012,48.96,23:30,18,2012
18-04-2012,70.92,13:10,25.92,2012
19-04-2012,60.84,01:50,20.16,2012
20-04-2012,48.96,12:30,20.16,2012
21-04-2012,41.04,06:30,16.92,2012
22-04-2012,38.16,14:30,19.08,2012
23-04-2012,59.04,16:20,28.08,2012
24-04-2012,78.12,00:01,19.08,2012
25-04-2012,90,03:30,28.08,2012
26-04-2012,56.88,15:00,14.04,2012
27-04-2012,25.92,12:00,10.08,2012
28-04-2012,32.04,14:10,9,2012
29-04-2012,28.08,18:00,11.88,2012
30-04-2012,51.84,17:00,20.88,2012
01-05-2012,54,13:30,15.84,2012
02-05-2012,60.84,12:00,15.84,2012
03-05-2012,42.84,13:50,12.96,2012
04-05-2012,45,20:50,10.08,2012
05-05-2012,39.96,10:30,16.92,2012
06-05-2012,33.84,17:40,14.04,2012
07-05-2012,55.08,16:20,14.04,2012
08-05-2012,55.08,15:00,15.84,2012
09-05-2012,64.08,12:00,23.04,2012
10-05-2012,51.12,06:00,10.08,2012
11-05-2012,38.16,20:10,7.92,2012
12-05-2012,42.12,16:20,16.92,2012
13-05-2012,33.84,17:10,14.04,2012
14-05-2012,47.16,16:30,15.12,2012
15-05-2012,48.96,12:30,20.16,2012
16-05-2012,24.84,00:10,6.12,2012
17-05-2012,50.04,06:40,20.88,2012
18-05-2012,29.16,01:10,10.08,2012
19-05-2012,33.84,16:10,12.96,2012
20-05-2012,29.16,16:20,11.16,2012
21-05-2012,34.92,13:10,15.84,2012
22-05-2012,25.92,15:30,6.12,2012
23-05-2012,23.04,05:50,11.16,2012
24-05-2012,32.04,11:40,9,2012
25-05-2012,51.84,17:10,11.16,2012
26-05-2012,48.96,14:00,18,2012
27-05-2012,48.96,12:40,16.92,2012
28-05-2012,29.16,17:10,15.12,2012
29-05-2012,42.12,15:20,9,2012
30-05-2012,27,16:50,11.16,2012
31-05-2012,19.08,03:00,6.84,2012
01-06-2012,47.16,14:20,6.12,2012
02-06-2012,38.16,17:40,19.08,2012
03-06-2012,34.92,14:00,10.08,2012
04-06-2012,21.96,15:10,7.92,2012
05-06-2012,43.92,12:10,15.12,2012
06-06-2012,51.12,16:20,15.84,2012
07-06-2012,59.04,03:10,20.88,2012
08-06-2012,32.04,03:20,12.96,2012
09-06-2012,52.92,11:10,15.84,2012
10-06-2012,52.92,06:20,19.08,2012
11-06-2012,54,11:30,21.96,2012
12-06-2012,45,01:10,15.84,2012
13-06-2012,27,15:20,6.84,2012
14-06-2012,56.88,12:30,18,2012
15-06-2012,65.88,07:50,23.04,2012
16-06-2012,45,15:20,20.88,2012
17-06-2012,45,14:40,11.88,2012
18-06-2012,46.08,18:30,15.84,2012
19-06-2012,46.08,15:10,19.08,2012
20-06-2012,32.04,13:50,11.16,2012
21-06-2012,47.16,13:40,19.08,2012
22-06-2012,28.08,12:40,11.16,2012
23-06-2012,24.12,12:50,9,2012
24-06-2012,24.12,10:50,10.08,2012
25-06-2012,23.04,18:20,7.92,2012
26-06-2012,25.92,23:20,3.96,2012
27-06-2012,46.08,11:50,14.04,2012
28-06-2012,43.92,17:00,14.04,2012
29-06-2012,57.96,12:00,20.88,2012
30-06-2012,37.08,09:00,15.12,2012
01-07-2012,28.08,15:50,7.92,2012
02-07-2012,27,19:30,11.16,2012
03-07-2012,32.04,17:10,12.96,2012
04-07-2012,34.92,17:30,15.84,2012
05-07-2012,48.96,14:20,16.92,2012
06-07-2012,33.84,14:40,15.12,2012
07-07-2012,43.92,11:10,16.92,2012
08-07-2012,23.04,15:50,7.92,2012
09-07-2012,28.08,20:30,10.08,2012
10-07-2012,28.08,04:10,11.88,2012
11-07-2012,25.92,10:50,10.08,2012
12-07-2012,43.92,16:10,11.88,2012
13-07-2012,50.04,09:20,16.92,2012
14-07-2012,39.96,15:20,20.88,2012
15-07-2012,33.84,19:20,12.96,2012
16-07-2012,24.84,12:40,10.08,2012
17-07-2012,32.04,18:20,10.08,2012
18-07-2012,25.92,12:00,11.88,2012
19-07-2012,39.96,19:30,15.84,2012
20-07-2012,32.04,12:30,12.96,2012
21-07-2012,25.92,17:10,7.92,2012
22-07-2012,33.84,15:20,12.96,2012
23-07-2012,30.96,18:50,7.92,2012
24-07-2012,24.84,15:40,7.92,2012
25-07-2012,24.84,13:00,6.84,2012
26-07-2012,24.84,13:50,6.12,2012
27-07-2012,43.92,18:10,15.84,2012
28-07-2012,38.88,03:20,16.92,2012
29-07-2012,24.84,12:40,10.08,2012
30-07-2012,29.88,15:10,11.88,2012
31-07-2012,30.96,13:20,12.96,2012
01-08-2012,47.16,11:00,15.12,2012
02-08-2012,30.96,12:00,11.88,2012
03-08-2012,38.16,14:40,15.12,2012
04-08-2012,27,15:10,11.16,2012
05-08-2012,37.08,13:30,14.04,2012
06-08-2012,36,13:10,15.12,2012
07-08-2012,32.04,12:40,10.08,2012
08-08-2012,25.92,13:10,5.04,2012
09-08-2012,20.16,15:20,9,2012
10-08-2012,30.96,12:50,11.88,2012
11-08-2012,43.92,14:10,12.96,2012
12-08-2012,38.16,16:50,14.04,2012
13-08-2012,45,13:30,9,2012
14-08-2012,65.88,23:10,11.88,2012
15-08-2012,63,12:50,20.88,2012
16-08-2012,56.88,14:50,18,2012
17-08-2012,39.96,15:00,12.96,2012
18-08-2012,33.12,06:10,11.88,2012
19-08-2012,36,12:40,12.96,2012
20-08-2012,25.92,12:40,11.88,2012
21-08-2012,38.88,17:10,10.08,2012
22-08-2012,43.92,13:00,19.08,2012
23-08-2012,32.04,18:50,7.92,2012
24-08-2012,51.84,09:20,15.12,2012
25-08-2012,32.04,03:10,11.88,2012
26-08-2012,24.84,14:50,5.04,2012
27-08-2012,47.88,12:20,18,2012
28-08-2012,34.92,16:30,12.96,2012
29-08-2012,43.92,13:20,18,2012
30-08-2012,39.96,15:50,20.16,2012
31-08-2012,43.92,16:50,20.88,2012
01-09-2012,42.12,18:50,15.12,2012
02-09-2012,38.16,14:40,11.88,2012
03-09-2012,42.12,18:10,14.04,2012
04-09-2012,51.84,16:50,21.96,2012
05-09-2012,47.88,14:50,19.08,2012
06-09-2012,24.84,17:20,6.84,2012
07-09-2012,24.84,16:00,6.12,2012
08-09-2012,24.12,10:50,6.12,2012
09-09-2012,36,18:30,10.08,2012
10-09-2012,37.08,15:40,11.88,2012
11-09-2012,28.08,14:20,6.84,2012
12-09-2012,32.04,12:50,15.12,2012
13-09-2012,38.88,13:20,15.84,2012
14-09-2012,41.04,19:30,7.92,2012
15-09-2012,15.84,10:30,6.12,2012
16-09-2012,23.04,13:10,6.84,2012
17-09-2012,15.84,14:00,5.04,2012
18-09-2012,46.08,14:50,14.04,2012
19-09-2012,42.12,10:40,20.16,2012
20-09-2012,29.88,23:00,5.04,2012
21-09-2012,32.04,13:10,12.96,2012
22-09-2012,51.12,17:30,10.08,2012
23-09-2012,70.92,15:10,24.84,2012
24-09-2012,61.92,13:01,18,2012
25-09-2012,64.08,11:50,18,2012
26-09-2012,42.12,10:00,19.08,2012
27-09-2012,37.08,15:50,10.08,2012
28-09-2012,46.08,13:40,15.12,2012
29-09-2012,42.84,14:00,16.92,2012
30-09-2012,42.12,16:10,16.92,2012
01-10-2012,29.16,17:50,10.08,2012
02-10-2012,37.08,16:10,9,2012
03-10-2012,32.04,16:50,11.16,2012
04-10-2012,28.08,14:40,10.08,2012
05-10-2012,37.08,14:00,2.88,2012
06-10-2012,56.88,10:20,14.04,2012
07-10-2012,37.08,11:40,11.16,2012
08-10-2012,42.12,05:40,16.92,2012
09-10-2012,20.88,14:30,6.84,2012
10-10-2012,37.08,17:30,9,2012
11-10-2012,36,03:30,11.16,2012
12-10-2012,25.92,08:50,3.96,2012
13-10-2012,41.04,23:00,9,2012
14-10-2012,51.84,12:30,16.92,2012
15-10-2012,47.88,22:20,12.96,2012
16-10-2012,70.92,16:50,20.88,2012
17-10-2012,45,00:00,15.12,2012
18-10-2012,34.92,10:10,6.12,2012
19-10-2012,18,15:50,6.84,2012
20-10-2012,21.96,13:10,6.84,2012
21-10-2012,34.92,19:10,7.92,2012
22-10-2012,33.84,09:40,9,2012
23-10-2012,20.16,21:30,6.84,2012
24-10-2012,56.88,13:10,9,2012
25-10-2012,32.04,11:50,7.92,2012
26-10-2012,43.92,20:30,7.92,2012
27-10-2012,56.88,13:50,27,2012
28-10-2012,33.12,01:20,12.96,2012
29-10-2012,30.96,17:50,14.04,2012
30-10-2012,36,15:50,11.88,2012
31-10-2012,50.04,22:10,11.88,2012
01-11-2012,55.08,00:10,19.08,2012
02-11-2012,60.12,15:00,24.12,2012
03-11-2012,41.04,21:00,10.08,2012
04-11-2012,43.92,16:30,14.04,2012
05-11-2012,47.16,05:40,11.88,2012
06-11-2012,38.16,16:30,15.84,2012
07-11-2012,32.04,13:50,12.96,2012
08-11-2012,23.04,20:50,6.12,2012
09-11-2012,29.88,19:20,9,2012
10-11-2012,54,23:40,20.16,2012
11-11-2012,57.96,02:20,14.04,2012
12-11-2012,24.12,17:50,6.84,2012
13-11-2012,21.96,07:20,6.12,2012
14-11-2012,19.08,01:10,3.96,2012
15-11-2012,43.92,22:00,6.84,2012
16-11-2012,25.92,00:00,6.12,2012
17-11-2012,59.04,18:20,21.96,2012
18-11-2012,48.96,00:30,6.84,2012
19-11-2012,54,18:00,15.84,2012
20-11-2012,59.04,16:30,23.04,2012
21-11-2012,39.96,04:10,0,2012
22-11-2012,47.88,20:10,19.08,2012
23-11-2012,64.08,23:10,15.12,2012
24-11-2012,73.08,10:10,25.92,2012
25-11-2012,43.92,21:20,6.84,2012
26-11-2012,51.12,13:40,16.92,2012
27-11-2012,66.96,19:30,15.84,2012
28-11-2012,60.84,05:20,23.04,2012
29-11-2012,68.04,23:50,10.08,2012
30-11-2012,59.04,06:00,15.84,2012
01-12-2012,43.92,01:30,10.08,2012
02-12-2012,23.04,07:00,12.96,2012
03-12-2012,46.08,18:30,16.92,2012
04-12-2012,43.92,12:00,16.92,2012
05-12-2012,50.04,02:30,10.08,2012
06-12-2012,39.96,19:30,11.16,2012
07-12-2012,37.08,12:40,11.88,2012
08-12-2012,29.16,16:30,12.96,2012
09-12-2012,24.12,06:40,6.84,2012
10-12-2012,16.92,22:50,3.96,2012
11-12-2012,18,06:50,5.04,2012
12-12-2012,45,16:00,14.04,2012
13-12-2012,64.08,10:50,20.88,2012
14-12-2012,83.88,02:20,24.84,2012
15-12-2012,56.16,12:50,24.12,2012
16-12-2012,54,12:30,18,2012
17-12-2012,37.08,01:10,11.88,2012
18-12-2012,46.08,17:20,15.84,2012
19-12-2012,63,21:40,20.16,2012
20-12-2012,72,23:10,11.88,2012
21-12-2012,79.92,01:20,12.96,2012
22-12-2012,63,20:40,19.08,2012
23-12-2012,73.08,19:50,15.84,2012
24-12-2012,68.04,14:20,19.08,2012
25-12-2012,46.08,13:10,18,2012
26-12-2012,46.08,16:00,11.88,2012
27-12-2012,46.08,04:10,15.84,2012
28-12-2012,52.92,23:10,11.88,2012
29-12-2012,64.08,03:40,24.84,2012
30-12-2012,38.88,12:10,12.96,2012
31-12-2012,69.12,12:40,27,2012
01-01-2013,34.92,05:40,11.88,2013
02-01-2013,28.08,16:50,10.08,2013
03-01-2013,16.92,09:40,5.04,2013
04-01-2013,15.84,05:50,3.96,2013
05-01-2013,14.04,05:30,5.04,2013
06-01-2013,16.92,14:20,2.88,2013
07-01-2013,29.88,19:50,7.92,2013
08-01-2013,24.84,02:40,6.84,2013
09-01-2013,30.96,09:40,5.04,2013
10-01-2013,41.04,06:10,12.96,2013
11-01-2013,47.88,16:20,12.96,2013
12-01-2013,51.12,13:30,18,2013
13-01-2013,77.04,12:00,20.16,2013
14-01-2013,42.12,09:40,14.04,2013
15-01-2013,42.12,00:20,15.84,2013
16-01-2013,57.96,06:30,25.92,2013
17-01-2013,59.04,19:50,11.88,2013
18-01-2013,50.04,03:50,6.84,2013
19-01-2013,100.08,09:40,25.92,2013
20-01-2013,70.92,19:30,21.96,2013
21-01-2013,68.04,07:10,18,2013
22-01-2013,81,15:40,27,2013
23-01-2013,56.16,00:30,20.16,2013
24-01-2013,42.12,01:00,9,2013
25-01-2013,55.08,21:30,14.04,2013
26-01-2013,45,23:40,6.84,2013
27-01-2013,56.88,15:10,16.92,2013
28-01-2013,50.04,12:40,15.12,2013
29-01-2013,61.92,14:30,18,2013
30-01-2013,63,09:20,18,2013
31-01-2013,56.16,13:50,14.04,2013
01-02-2013,74.88,10:10,24.84,2013
02-02-2013,57.96,04:50,24.84,2013
03-02-2013,24.84,23:10,6.12,2013
04-02-2013,29.16,16:00,9,2013
05-02-2013,66.96,23:00,15.12,2013
06-02-2013,75.96,00:40,23.04,2013
07-02-2013,48.96,03:50,6.12,2013
08-02-2013,48.96,03:50,20.16,2013
09-02-2013,33.12,00:10,7.92,2013
10-02-2013,90,10:20,24.84,2013
11-02-2013,83.88,02:30,23.04,2013
12-02-2013,46.08,04:10,11.88,2013
13-02-2013,39.96,01:20,11.88,2013
14-02-2013,25.92,14:30,9,2013
15-02-2013,20.16,15:50,6.84,2013
16-02-2013,27,16:10,6.84,2013
17-02-2013,34.92,13:20,11.16,2013
18-02-2013,28.08,14:20,9,2013
19-02-2013,20.88,02:20,2.88,2013
20-02-2013,34.92,21:30,6.12,2013
21-02-2013,36,11:30,11.88,2013
22-02-2013,54,22:00,10.08,2013
23-02-2013,45,05:40,20.88,2013
24-02-2013,51.12,17:00,10.08,2013
25-02-2013,42.84,16:50,7.92,2013
26-02-2013,56.88,22:40,6.84,2013
27-02-2013,56.16,12:10,23.04,2013
28-02-2013,38.16,11:50,18,2013
01-03-2013,33.12,17:50,16.92,2013
02-03-2013,34.92,17:20,10.08,2013
03-03-2013,23.04,23:50,6.12,2013
04-03-2013,32.04,18:40,9,2013
05-03-2013,33.12,05:40,11.16,2013
06-03-2013,48.96,23:30,14.04,2013
07-03-2013,46.08,04:20,15.84,2013
08-03-2013,43.92,10:30,14.04,2013
09-03-2013,69.12,17:50,16.92,2013
10-03-2013,57.96,01:10,21.96,2013
11-03-2013,70.92,12:00,20.16,2013
12-03-2013,54,22:00,21.96,2013
13-03-2013,56.16,07:00,20.16,2013
14-03-2013,29.88,15:20,7.92,2013
15-03-2013,16.92,10:20,6.84,2013
16-03-2013,30.96,12:00,3.96,2013
17-03-2013,56.88,23:10,15.12,2013
18-03-2013,74.16,04:40,20.16,2013
19-03-2013,30.96,15:40,11.16,2013
20-03-2013,46.08,23:30,14.04,2013
21-03-2013,73.08,15:00,21.96,2013
22-03-2013,61.92,01:30,11.88,2013
23-03-2013,39.96,11:50,11.16,2013
24-03-2013,41.04,14:30,14.04,2013
25-03-2013,51.12,14:20,12.96,2013
26-03-2013,36,03:30,7.92,2013
27-03-2013,19.08,12:20,6.84,2013
28-03-2013,60.12,18:40,12.96,2013
29-03-2013,51.12,00:30,9,2013
30-03-2013,43.92,03:00,16.92,2013
31-03-2013,61.92,20:10,6.84,2013
01-04-2013,47.88,11:20,18,2013
02-04-2013,29.88,09:10,10.08,2013
03-04-2013,32.04,09:20,7.92,2013
04-04-2013,48.96,21:20,21.96,2013
05-04-2013,61.92,04:50,25.92,2013
06-04-2013,36,02:10,16.92,2013
07-04-2013,57.96,22:40,12.96,2013
08-04-2013,78.84,18:50,23.04,2013
09-04-2013,51.12,00:10,20.88,2013
10-04-2013,87.12,11:50,29.16,2013
11-04-2013,54,19:10,19.08,2013
12-04-2013,51.12,23:40,15.84,2013
13-04-2013,69.12,15:10,21.96,2013
14-04-2013,52.92,16:30,15.84,2013
15-04-2013,41.04,16:30,11.16,2013
16-04-2013,27,14:50,6.84,2013
17-04-2013,42.84,13:20,15.84,2013
18-04-2013,34.92,22:30,15.84,2013
19-04-2013,50.04,16:30,24.12,2013
20-04-2013,43.92,16:20,16.92,2013
21-04-2013,56.16,13:30,18,2013
22-04-2013,30.96,20:10,9,2013
23-04-2013,29.88,12:10,11.88,2013
24-04-2013,27,13:10,6.12,2013
25-04-2013,25.92,11:30,9,2013
26-04-2013,59.04,16:10,28.08,2013
27-04-2013,69.12,16:50,20.16,2013
28-04-2013,56.16,02:30,19.08,2013
29-04-2013,56.16,15:50,29.88,2013
30-04-2013,56.88,04:40,27,2013
01-05-2013,52.92,06:00,23.04,2013
02-05-2013,43.92,15:00,15.84,2013
03-05-2013,41.04,15:20,14.04,2013
04-05-2013,21.96,03:50,6.84,2013
05-05-2013,32.04,12:50,11.16,2013
06-05-2013,50.04,20:40,11.16,2013
07-05-2013,65.88,17:10,20.16,2013
08-05-2013,38.88,12:40,14.04,2013
09-05-2013,27,07:10,14.04,2013
10-05-2013,28.08,14:10,11.16,2013
11-05-2013,27,18:20,12.96,2013
12-05-2013,46.08,15:10,21.96,2013
13-05-2013,50.04,17:10,20.88,2013
14-05-2013,50.04,20:20,11.88,2013
15-05-2013,47.88,16:50,12.96,2013
16-05-2013,41.04,17:20,15.84,2013
17-05-2013,65.16,18:20,12.96,2013
18-05-2013,47.16,02:10,15.84,2013
19-05-2013,28.08,14:00,11.16,2013
20-05-2013,27,15:20,10.08,2013
21-05-2013,36,18:05,11.16,2013
22-05-2013,43.92,15:50,21.96,2013
23-05-2013,38.16,09:30,18,2013
24-05-2013,37.08,15:20,16.92,2013
25-05-2013,46.08,17:00,18,2013
26-05-2013,41.04,18:40,14.04,2013
27-05-2013,46.08,20:00,12.96,2013
28-05-2013,50.04,07:50,20.88,2013
29-05-2013,48.96,01:10,15.84,2013
30-05-2013,34.92,00:20,12.96,2013
31-05-2013,25.92,06:00,12.96,2013
01-06-2013,43.92,13:30,16.92,2013
02-06-2013,51.12,16:00,24.12,2013
03-06-2013,42.84,16:10,18,2013
04-06-2013,18,07:40,7.92,2013
05-06-2013,33.84,13:00,6.84,2013
06-06-2013,36,12:40,11.88,2013
07-06-2013,19.08,16:20,7.92,2013
08-06-2013,33.12,20:40,10.08,2013
09-06-2013,28.08,15:10,10.08,2013
10-06-2013,54,23:00,10.08,2013
11-06-2013,51.84,00:50,16.92,2013
12-06-2013,47.16,10:30,15.12,2013
13-06-2013,38.16,18:10,14.04,2013
14-06-2013,46.08,14:40,15.84,2013
15-06-2013,23.04,14:30,7.92,2013
16-06-2013,41.04,13:30,7.92,2013
17-06-2013,0,,15.12,2013
18-06-2013,33.12,22:50,0,2013
19-06-2013,33.84,06:50,14.04,2013
20-06-2013,33.12,17:50,11.16,2013
21-06-2013,25.92,03:00,11.16,2013
22-06-2013,36,14:20,10.08,2013
23-06-2013,45,19:00,20.88,2013
24-06-2013,42.12,13:50,20.88,2013
25-06-2013,41.04,11:50,15.12,2013
26-06-2013,54,18:00,25.92,2013
27-06-2013,46.08,12:10,23.04,2013
28-06-2013,43.92,13:50,20.88,2013
29-06-2013,34.92,12:10,12.96,2013
30-06-2013,30.96,14:40,9,2013
01-07-2013,42.84,11:30,12.96,2013
02-07-2013,33.12,16:10,11.16,2013
03-07-2013,16.92,15:40,9,2013
04-07-2013,29.16,13:40,9,2013
05-07-2013,19.08,21:10,5.04,2013
06-07-2013,30.96,17:30,7.92,2013
07-07-2013,25.92,20:00,7.92,2013
08-07-2013,30.96,15:50,9,2013
09-07-2013,24.84,15:10,5.04,2013
10-07-2013,41.04,11:50,9,2013
11-07-2013,30.96,14:50,11.16,2013
12-07-2013,23.04,19:00,7.92,2013
13-07-2013,43.92,13:10,15.12,2013
14-07-2013,37.08,16:10,6.12,2013
15-07-2013,33.84,19:00,3.96,2013
16-07-2013,41.04,15:40,11.16,2013
17-07-2013,37.08,15:30,9,2013
18-07-2013,29.88,00:10,6.84,2013
19-07-2013,27,12:40,7.92,2013
20-07-2013,24.84,14:30,6.84,2013
21-07-2013,32.04,15:20,7.92,2013
22-07-2013,23.04,14:30,7.92,2013
23-07-2013,28.08,12:30,7.92,2013
24-07-2013,33.12,13:20,11.88,2013
25-07-2013,28.08,17:10,10.08,2013
26-07-2013,32.04,14:20,7.92,2013
27-07-2013,60.84,15:40,16.92,2013
28-07-2013,47.16,10:20,19.08,2013
29-07-2013,51.12,12:10,15.12,2013
30-07-2013,30.96,13:50,10.08,2013
31-07-2013,25.92,14:00,9,2013
01-08-2013,45,14:50,11.88,2013
02-08-2013,64.08,15:50,11.88,2013
03-08-2013,27,15:10,9,2013
04-08-2013,36,19:20,10.08,2013
05-08-2013,30.96,13:50,7.92,2013
06-08-2013,32.04,03:50,10.08,2013
07-08-2013,37.08,14:10,14.04,2013
08-08-2013,25.92,18:00,12.96,2013
09-08-2013,33.84,18:20,10.08,2013
10-08-2013,47.88,14:40,16.92,2013
11-08-2013,34.92,20:10,11.16,2013
12-08-2013,47.16,12:40,21.96,2013
13-08-2013,45,13:10,23.04,2013
14-08-2013,36,11:20,11.88,2013
15-08-2013,37.08,17:20,10.08,2013
16-08-2013,24.84,16:40,7.92,2013
17-08-2013,33.84,17:20,3.96,2013
18-08-2013,29.88,14:10,11.88,2013
19-08-2013,50.04,15:20,16.92,2013
20-08-2013,29.88,12:30,11.16,2013
21-08-2013,29.16,14:20,9,2013
22-08-2013,29.16,11:10,11.16,2013
23-08-2013,29.16,16:30,11.16,2013
24-08-2013,42.12,14:40,12.96,2013
25-08-2013,34.92,19:10,6.84,2013
26-08-2013,43.92,17:10,16.92,2013
27-08-2013,45,15:00,18,2013
28-08-2013,43.92,18:10,20.88,2013
29-08-2013,47.16,15:20,16.92,2013
30-08-2013,43.92,14:30,12.96,2013
31-08-2013,42.12,16:30,16.92,2013
01-09-2013,46.08,17:10,15.12,2013
02-09-2013,16.92,14:10,6.12,2013
03-09-2013,0,,5.04,2013
04-09-2013,20.88,14:40,6.12,2013
05-09-2013,27,12:30,6.84,2013
06-09-2013,29.88,08:20,12.96,2013
07-09-2013,42.12,12:20,20.16,2013
08-09-2013,25.92,16:00,6.84,2013
09-09-2013,24.84,14:30,6.84,2013
10-09-2013,41.04,17:20,19.08,2013
11-09-2013,46.08,13:40,23.04,2013
12-09-2013,37.08,18:50,15.12,2013
13-09-2013,29.16,14:50,7.92,2013
14-09-2013,27,14:10,10.08,2013
15-09-2013,33.84,12:40,11.88,2013
16-09-2013,32.04,14:40,7.92,2013
17-09-2013,21.96,15:30,6.12,2013
18-09-2013,27,17:30,11.88,2013
19-09-2013,23.04,14:50,7.92,2013
20-09-2013,32.04,16:00,10.08,2013
21-09-2013,24.12,18:10,6.12,2013
22-09-2013,18,15:10,5.04,2013
23-09-2013,29.88,11:50,6.12,2013
24-09-2013,25.92,12:30,6.84,2013
25-09-2013,33.12,14:20,6.84,2013
26-09-2013,54,23:30,6.12,2013
27-09-2013,51.84,08:10,12.96,2013
28-09-2013,33.84,10:05,11.88,2013
29-09-2013,42.84,12:00,11.16,2013
30-09-2013,47.88,09:00,12.96,2013
01-10-2013,42.12,14:00,15.12,2013
02-10-2013,47.16,08:40,9,2013
03-10-2013,64.08,13:40,19.08,2013
04-10-2013,28.08,12:50,9,2013
05-10-2013,20.88,15:30,6.12,2013
06-10-2013,24.12,18:20,6.12,2013
07-10-2013,15.84,06:20,7.92,2013
08-10-2013,30.96,17:50,10.08,2013
09-10-2013,36,16:50,11.88,2013
10-10-2013,45,13:30,15.84,2013
11-10-2013,48.96,13:50,20.16,2013
12-10-2013,23.04,00:50,5.04,2013
13-10-2013,28.08,13:20,6.84,2013
14-10-2013,33.12,23:30,11.16,2013
15-10-2013,52.92,03:00,16.92,2013
16-10-2013,51.12,06:30,15.12,2013
17-10-2013,28.08,17:20,11.16,2013
18-10-2013,59.04,09:10,19.08,2013
19-10-2013,57.96,14:20,12.96,2013
20-10-2013,52.92,11:30,15.84,2013
21-10-2013,64.08,20:30,14.04,2013
22-10-2013,64.08,13:20,20.88,2013
23-10-2013,42.84,13:50,12.96,2013
24-10-2013,50.04,23:10,12.96,2013
25-10-2013,42.84,14:20,11.88,2013
26-10-2013,48.96,00:00,14.04,2013
27-10-2013,75.96,22:40,20.16,2013
28-10-2013,68.04,00:00,19.08,2013
29-10-2013,38.88,04:00,7.92,2013
30-10-2013,15.84,09:20,5.04,2013
31-10-2013,36,13:10,11.88,2013
01-11-2013,66.96,11:20,20.88,2013
02-11-2013,42.84,07:50,15.84,2013
03-11-2013,48.96,23:40,15.84,2013
04-11-2013,74.16,09:00,29.16,2013
05-11-2013,57.96,00:00,15.12,2013
06-11-2013,42.12,15:40,15.84,2013
07-11-2013,47.88,15:30,11.88,2013
08-11-2013,59.04,12:50,19.08,2013
09-11-2013,60.84,12:00,19.08,2013
10-11-2013,37.08,04:30,11.16,2013
11-11-2013,16.92,02:40,3.96,2013
12-11-2013,33.84,22:50,9,2013
13-11-2013,47.16,02:50,21.96,2013
14-11-2013,46.08,08:00,20.88,2013
15-11-2013,59.04,18:50,27,2013
16-11-2013,59.04,04:00,16.92,2013
17-11-2013,43.92,13:01,20.88,2013
18-11-2013,43.92,22:40,7.92,2013
19-11-2013,60.84,08:00,25.92,2013
20-11-2013,33.12,23:20,6.12,2013
21-11-2013,45,08:10,19.08,2013
22-11-2013,42.12,17:30,11.16,2013
23-11-2013,39.96,17:10,15.84,2013
24-11-2013,46.08,15:10,15.84,2013
25-11-2013,51.12,20:20,19.08,2013
26-11-2013,59.04,14:20,24.84,2013
27-11-2013,56.88,11:50,23.04,2013
28-11-2013,37.08,15:40,10.08,2013
29-11-2013,37.08,15:20,11.16,2013
30-11-2013,45,23:50,14.04,2013
01-12-2013,52.92,15:40,15.12,2013
02-12-2013,29.16,15:50,14.04,2013
03-12-2013,19.08,07:20,6.12,2013
04-12-2013,15.84,09:20,3.96,2013
05-12-2013,38.16,16:40,11.16,2013
06-12-2013,24.12,16:30,6.12,2013
07-12-2013,21.96,05:10,5.04,2013
08-12-2013,15.84,21:20,5.04,2013
09-12-2013,24.84,21:20,5.04,2013
10-12-2013,27,23:40,9,2013
11-12-2013,41.04,13:10,11.88,2013
12-12-2013,39.96,17:40,11.88,2013
13-12-2013,33.12,06:30,11.88,2013
14-12-2013,32.04,18:10,10.08,2013
15-12-2013,41.04,15:50,11.16,2013
16-12-2013,47.88,21:50,12.96,2013
17-12-2013,34.92,00:20,6.12,2013
18-12-2013,73.08,13:50,21.96,2013
19-12-2013,74.88,14:50,24.12,2013
20-12-2013,34.92,00:10,7.92,2013
21-12-2013,55.08,20:10,15.12,2013
22-12-2013,51.84,00:30,15.12,2013
23-12-2013,92.88,23:59,28.08,2013
24-12-2013,104.04,13:40,28.08,2013
25-12-2013,83.88,10:40,29.88,2013
26-12-2013,74.16,00:30,21.96,2013
27-12-2013,92.88,13:20,27,2013
28-12-2013,63,04:40,20.88,2013
29-12-2013,38.88,18:40,12.96,2013
30-12-2013,66.96,10:10,21.96,2013
31-12-2013,55.08,14:10,20.88,2013
01-01-2013,34.92,05:40,11.88,2013
02-01-2013,28.08,16:50,10.08,2013
03-01-2013,16.92,09:40,5.04,2013
04-01-2013,15.84,05:50,3.96,2013
05-01-2013,14.04,05:30,5.04,2013
06-01-2013,16.92,14:20,2.88,2013
07-01-2013,29.88,19:50,7.92,2013
08-01-2013,24.84,02:40,6.84,2013
09-01-2013,30.96,09:40,5.04,2013
10-01-2013,41.04,06:10,12.96,2013
11-01-2013,47.88,16:20,12.96,2013
12-01-2013,51.12,13:30,18,2013
13-01-2013,77.04,12:00,20.16,2013
14-01-2013,42.12,09:40,14.04,2013
15-01-2013,42.12,00:20,15.84,2013
16-01-2013,57.96,06:30,25.92,2013
17-01-2013,59.04,19:50,11.88,2013
18-01-2013,50.04,03:50,6.84,2013
19-01-2013,100.08,09:40,25.92,2013
20-01-2013,70.92,19:30,21.96,2013
21-01-2013,68.04,07:10,18,2013
22-01-2013,81,15:40,27,2013
23-01-2013,56.16,00:30,20.16,2013
24-01-2013,42.12,01:00,9,2013
25-01-2013,55.08,21:30,14.04,2013
26-01-2013,45,23:40,6.84,2013
27-01-2013,56.88,15:10,16.92,2013
28-01-2013,50.04,12:40,15.12,2013
29-01-2013,61.92,14:30,18,2013
30-01-2013,63,09:20,18,2013
31-01-2013,56.16,13:50,14.04,2013
01-02-2013,74.88,10:10,24.84,2013
02-02-2013,57.96,04:50,24.84,2013
03-02-2013,24.84,23:10,6.12,2013
04-02-2013,29.16,16:00,9,2013
05-02-2013,66.96,23:00,15.12,2013
06-02-2013,75.96,00:40,23.04,2013
07-02-2013,48.96,03:50,6.12,2013
08-02-2013,48.96,03:50,20.16,2013
09-02-2013,33.12,00:10,7.92,2013
10-02-2013,90,10:20,24.84,2013
11-02-2013,83.88,02:30,23.04,2013
12-02-2013,46.08,04:10,11.88,2013
13-02-2013,39.96,01:20,11.88,2013
14-02-2013,25.92,14:30,9,2013
15-02-2013,20.16,15:50,6.84,2013
16-02-2013,27,16:10,6.84,2013
17-02-2013,34.92,13:20,11.16,2013
18-02-2013,28.08,14:20,9,2013
19-02-2013,20.88,02:20,2.88,2013
20-02-2013,34.92,21:30,6.12,2013
21-02-2013,36,11:30,11.88,2013
22-02-2013,54,22:00,10.08,2013
23-02-2013,45,05:40,20.88,2013
24-02-2013,51.12,17:00,10.08,2013
25-02-2013,42.84,16:50,7.92,2013
26-02-2013,56.88,22:40,6.84,2013
27-02-2013,56.16,12:10,23.04,2013
28-02-2013,38.16,11:50,18,2013
01-03-2013,33.12,17:50,16.92,2013
02-03-2013,34.92,17:20,10.08,2013
03-03-2013,23.04,23:50,6.12,2013
04-03-2013,32.04,18:40,9,2013
05-03-2013,33.12,05:40,11.16,2013
06-03-2013,48.96,23:30,14.04,2013
07-03-2013,46.08,04:20,15.84,2013
08-03-2013,43.92,10:30,14.04,2013
09-03-2013,69.12,17:50,16.92,2013
10-03-2013,57.96,01:10,21.96,2013
11-03-2013,70.92,12:00,20.16,2013
12-03-2013,54,22:00,21.96,2013
13-03-2013,56.16,07:00,20.16,2013
14-03-2013,29.88,15:20,7.92,2013
15-03-2013,16.92,10:20,6.84,2013
16-03-2013,30.96,12:00,3.96,2013
17-03-2013,56.88,23:10,15.12,2013
18-03-2013,74.16,04:40,20.16,2013
19-03-2013,30.96,15:40,11.16,2013
20-03-2013,46.08,23:30,14.04,2013
21-03-2013,73.08,15:00,21.96,2013
22-03-2013,61.92,01:30,11.88,2013
23-03-2013,39.96,11:50,11.16,2013
24-03-2013,41.04,14:30,14.04,2013
25-03-2013,51.12,14:20,12.96,2013
26-03-2013,36,03:30,7.92,2013
27-03-2013,19.08,12:20,6.84,2013
28-03-2013,60.12,18:40,12.96,2013
29-03-2013,51.12,00:30,9,2013
30-03-2013,43.92,03:00,16.92,2013
31-03-2013,61.92,20:10,6.84,2013
01-04-2013,47.88,11:20,18,2013
02-04-2013,29.88,09:10,10.08,2013
03-04-2013,32.04,09:20,7.92,2013
04-04-2013,48.96,21:20,21.96,2013
05-04-2013,61.92,04:50,25.92,2013
06-04-2013,36,02:10,16.92,2013
07-04-2013,57.96,22:40,12.96,2013
08-04-2013,78.84,18:50,23.04,2013
09-04-2013,51.12,00:10,20.88,2013
10-04-2013,87.12,11:50,29.16,2013
11-04-2013,54,19:10,19.08,2013
12-04-2013,51.12,23:40,15.84,2013
13-04-2013,69.12,15:10,21.96,2013
14-04-2013,52.92,16:30,15.84,2013
15-04-2013,41.04,16:30,11.16,2013
16-04-2013,27,14:50,6.84,2013
17-04-2013,42.84,13:20,15.84,2013
18-04-2013,34.92,22:30,15.84,2013
19-04-2013,50.04,16:30,24.12,2013
20-04-2013,43.92,16:20,16.92,2013
21-04-2013,56.16,13:30,18,2013
22-04-2013,30.96,20:10,9,2013
23-04-2013,29.88,12:10,11.88,2013
24-04-2013,27,13:10,6.12,2013
25-04-2013,25.92,11:30,9,2013
26-04-2013,59.04,16:10,28.08,2013
27-04-2013,69.12,16:50,20.16,2013
28-04-2013,56.16,02:30,19.08,2013
29-04-2013,56.16,15:50,29.88,2013
30-04-2013,56.88,04:40,27,2013
01-05-2013,52.92,06:00,23.04,2013
02-05-2013,43.92,15:00,15.84,2013
03-05-2013,41.04,15:20,14.04,2013
04-05-2013,21.96,03:50,6.84,2013
05-05-2013,32.04,12:50,11.16,2013
06-05-2013,50.04,20:40,11.16,2013
07-05-2013,65.88,17:10,20.16,2013
08-05-2013,38.88,12:40,14.04,2013
09-05-2013,27,07:10,14.04,2013
10-05-2013,28.08,14:10,11.16,2013
11-05-2013,27,18:20,12.96,2013
12-05-2013,46.08,15:10,21.96,2013
13-05-2013,50.04,17:10,20.88,2013
14-05-2013,50.04,20:20,11.88,2013
15-05-2013,47.88,16:50,12.96,2013
16-05-2013,41.04,17:20,15.84,2013
17-05-2013,65.16,18:20,12.96,2013
18-05-2013,47.16,02:10,15.84,2013
19-05-2013,28.08,14:00,11.16,2013
20-05-2013,27,15:20,10.08,2013
21-05-2013,36,18:05,11.16,2013
22-05-2013,43.92,15:50,21.96,2013
23-05-2013,38.16,09:30,18,2013
24-05-2013,37.08,15:20,16.92,2013
25-05-2013,46.08,17:00,18,2013
26-05-2013,41.04,18:40,14.04,2013
27-05-2013,46.08,20:00,12.96,2013
28-05-2013,50.04,07:50,20.88,2013
29-05-2013,48.96,01:10,15.84,2013
30-05-2013,34.92,00:20,12.96,2013
31-05-2013,25.92,06:00,12.96,2013
01-06-2013,43.92,13:30,16.92,2013
02-06-2013,51.12,16:00,24.12,2013
03-06-2013,42.84,16:10,18,2013
04-06-2013,18,07:40,7.92,2013
05-06-2013,33.84,13:00,6.84,2013
06-06-2013,36,12:40,11.88,2013
07-06-2013,19.08,16:20,7.92,2013
08-06-2013,33.12,20:40,10.08,2013
09-06-2013,28.08,15:10,10.08,2013
10-06-2013,54,23:00,10.08,2013
11-06-2013,51.84,00:50,16.92,2013
12-06-2013,47.16,10:30,15.12,2013
13-06-2013,38.16,18:10,14.04,2013
14-06-2013,46.08,14:40,15.84,2013
15-06-2013,23.04,14:30,7.92,2013
16-06-2013,41.04,13:30,7.92,2013
17-06-2013,0,,15.12,2013
18-06-2013,33.12,22:50,0,2013
19-06-2013,33.84,06:50,14.04,2013
20-06-2013,33.12,17:50,11.16,2013
21-06-2013,25.92,03:00,11.16,2013
22-06-2013,36,14:20,10.08,2013
23-06-2013,45,19:00,20.88,2013
24-06-2013,42.12,13:50,20.88,2013
25-06-2013,41.04,11:50,15.12,2013
26-06-2013,54,18:00,25.92,2013
27-06-2013,46.08,12:10,23.04,2013
28-06-2013,43.92,13:50,20.88,2013
29-06-2013,34.92,12:10,12.96,2013
30-06-2013,30.96,14:40,9,2013
01-07-2013,42.84,11:30,12.96,2013
02-07-2013,33.12,16:10,11.16,2013
03-07-2013,16.92,15:40,9,2013
04-07-2013,29.16,13:40,9,2013
05-07-2013,19.08,21:10,5.04,2013
06-07-2013,30.96,17:30,7.92,2013
07-07-2013,25.92,20:00,7.92,2013
08-07-2013,30.96,15:50,9,2013
09-07-2013,24.84,15:10,5.04,2013
10-07-2013,41.04,11:50,9,2013
11-07-2013,30.96,14:50,11.16,2013
12-07-2013,23.04,19:00,7.92,2013
13-07-2013,43.92,13:10,15.12,2013
14-07-2013,37.08,16:10,6.12,2013
15-07-2013,33.84,19:00,3.96,2013
16-07-2013,41.04,15:40,11.16,2013
17-07-2013,37.08,15:30,9,2013
18-07-2013,29.88,00:10,6.84,2013
19-07-2013,27,12:40,7.92,2013
20-07-2013,24.84,14:30,6.84,2013
21-07-2013,32.04,15:20,7.92,2013
22-07-2013,23.04,14:30,7.92,2013
23-07-2013,28.08,12:30,7.92,2013
24-07-2013,33.12,13:20,11.88,2013
25-07-2013,28.08,17:10,10.08,2013
26-07-2013,32.04,14:20,7.92,2013
27-07-2013,60.84,15:40,16.92,2013
28-07-2013,47.16,10:20,19.08,2013
29-07-2013,51.12,12:10,15.12,2013
30-07-2013,30.96,13:50,10.08,2013
31-07-2013,25.92,14:00,9,2013
01-08-2013,45,14:50,11.88,2013
02-08-2013,64.08,15:50,11.88,2013
03-08-2013,27,15:10,9,2013
04-08-2013,36,19:20,10.08,2013
05-08-2013,30.96,13:50,7.92,2013
06-08-2013,32.04,03:50,10.08,2013
07-08-2013,37.08,14:10,14.04,2013
08-08-2013,25.92,18:00,12.96,2013
09-08-2013,33.84,18:20,10.08,2013
10-08-2013,47.88,14:40,16.92,2013
11-08-2013,34.92,20:10,11.16,2013
12-08-2013,47.16,12:40,21.96,2013
13-08-2013,45,13:10,23.04,2013
14-08-2013,36,11:20,11.88,2013
15-08-2013,37.08,17:20,10.08,2013
16-08-2013,24.84,16:40,7.92,2013
17-08-2013,33.84,17:20,3.96,2013
18-08-2013,29.88,14:10,11.88,2013
19-08-2013,50.04,15:20,16.92,2013
20-08-2013,29.88,12:30,11.16,2013
21-08-2013,29.16,14:20,9,2013
22-08-2013,29.16,11:10,11.16,2013
23-08-2013,29.16,16:30,11.16,2013
24-08-2013,42.12,14:40,12.96,2013
25-08-2013,34.92,19:10,6.84,2013
26-08-2013,43.92,17:10,16.92,2013
27-08-2013,45,15:00,18,2013
28-08-2013,43.92,18:10,20.88,2013
29-08-2013,47.16,15:20,16.92,2013
30-08-2013,43.92,14:30,12.96,2013
31-08-2013,42.12,16:30,16.92,2013
01-09-2013,46.08,17:10,15.12,2013
02-09-2013,16.92,14:10,6.12,2013
03-09-2013,0,,5.04,2013
04-09-2013,20.88,14:40,6.12,2013
05-09-2013,27,12:30,6.84,2013
06-09-2013,29.88,08:20,12.96,2013
07-09-2013,42.12,12:20,20.16,2013
08-09-2013,25.92,16:00,6.84,2013
09-09-2013,24.84,14:30,6.84,2013
10-09-2013,41.04,17:20,19.08,2013
11-09-2013,46.08,13:40,23.04,2013
12-09-2013,37.08,18:50,15.12,2013
13-09-2013,29.16,14:50,7.92,2013
14-09-2013,27,14:10,10.08,2013
15-09-2013,33.84,12:40,11.88,2013
16-09-2013,32.04,14:40,7.92,2013
17-09-2013,21.96,15:30,6.12,2013
18-09-2013,27,17:30,11.88,2013
19-09-2013,23.04,14:50,7.92,2013
20-09-2013,32.04,16:00,10.08,2013
21-09-2013,24.12,18:10,6.12,2013
22-09-2013,18,15:10,5.04,2013
23-09-2013,29.88,11:50,6.12,2013
24-09-2013,25.92,12:30,6.84,2013
25-09-2013,33.12,14:20,6.84,2013
26-09-2013,54,23:30,6.12,2013
27-09-2013,51.84,08:10,12.96,2013
28-09-2013,33.84,10:05,11.88,2013
29-09-2013,42.84,12:00,11.16,2013
30-09-2013,47.88,09:00,12.96,2013
01-10-2013,42.12,14:00,15.12,2013
02-10-2013,47.16,08:40,9,2013
03-10-2013,64.08,13:40,19.08,2013
04-10-2013,28.08,12:50,9,2013
05-10-2013,20.88,15:30,6.12,2013
06-10-2013,24.12,18:20,6.12,2013
07-10-2013,15.84,06:20,7.92,2013
08-10-2013,30.96,17:50,10.08,2013
09-10-2013,36,16:50,11.88,2013
10-10-2013,45,13:30,15.84,2013
11-10-2013,48.96,13:50,20.16,2013
12-10-2013,23.04,00:50,5.04,2013
13-10-2013,28.08,13:20,6.84,2013
14-10-2013,33.12,23:30,11.16,2013
15-10-2013,52.92,03:00,16.92,2013
16-10-2013,51.12,06:30,15.12,2013
17-10-2013,28.08,17:20,11.16,2013
18-10-2013,59.04,09:10,19.08,2013
19-10-2013,57.96,14:20,12.96,2013
20-10-2013,52.92,11:30,15.84,2013
21-10-2013,64.08,20:30,14.04,2013
22-10-2013,64.08,13:20,20.88,2013
23-10-2013,42.84,13:50,12.96,2013
24-10-2013,50.04,23:10,12.96,2013
25-10-2013,42.84,14:20,11.88,2013
26-10-2013,48.96,00:00,14.04,2013
27-10-2013,75.96,22:40,20.16,2013
28-10-2013,68.04,00:00,19.08,2013
29-10-2013,38.88,04:00,7.92,2013
30-10-2013,15.84,09:20,5.04,2013
31-10-2013,36,13:10,11.88,2013
01-11-2013,66.96,11:20,20.88,2013
02-11-2013,42.84,07:50,15.84,2013
03-11-2013,48.96,23:40,15.84,2013
04-11-2013,74.16,09:00,29.16,2013
05-11-2013,57.96,00:00,15.12,2013
06-11-2013,42.12,15:40,15.84,2013
07-11-2013,47.88,15:30,11.88,2013
08-11-2013,59.04,12:50,19.08,2013
09-11-2013,60.84,12:00,19.08,2013
10-11-2013,37.08,04:30,11.16,2013
11-11-2013,16.92,02:40,3.96,2013
12-11-2013,33.84,22:50,9,2013
13-11-2013,47.16,02:50,21.96,2013
14-11-2013,46.08,08:00,20.88,2013
15-11-2013,59.04,18:50,27,2013
16-11-2013,59.04,04:00,16.92,2013
17-11-2013,43.92,13:01,20.88,2013
18-11-2013,43.92,22:40,7.92,2013
19-11-2013,60.84,08:00,25.92,2013
20-11-2013,33.12,23:20,6.12,2013
21-11-2013,45,08:10,19.08,2013
22-11-2013,42.12,17:30,11.16,2013
23-11-2013,39.96,17:10,15.84,2013
24-11-2013,46.08,15:10,15.84,2013
25-11-2013,51.12,20:20,19.08,2013
26-11-2013,59.04,14:20,24.84,2013
27-11-2013,56.88,11:50,23.04,2013
28-11-2013,37.08,15:40,10.08,2013
29-11-2013,37.08,15:20,11.16,2013
30-11-2013,45,23:50,14.04,2013
01-12-2013,52.92,15:40,15.12,2013
02-12-2013,29.16,15:50,14.04,2013
03-12-2013,19.08,07:20,6.12,2013
04-12-2013,15.84,09:20,3.96,2013
05-12-2013,38.16,16:40,11.16,2013
06-12-2013,24.12,16:30,6.12,2013
07-12-2013,21.96,05:10,5.04,2013
08-12-2013,15.84,21:20,5.04,2013
09-12-2013,24.84,21:20,5.04,2013
10-12-2013,27,23:40,9,2013
11-12-2013,41.04,13:10,11.88,2013
12-12-2013,39.96,17:40,11.88,2013
13-12-2013,33.12,06:30,11.88,2013
14-12-2013,32.04,18:10,10.08,2013
15-12-2013,41.04,15:50,11.16,2013
16-12-2013,47.88,21:50,12.96,2013
17-12-2013,34.92,00:20,6.12,2013
18-12-2013,73.08,13:50,21.96,2013
19-12-2013,74.88,14:50,24.12,2013
20-12-2013,34.92,00:10,7.92,2013
21-12-2013,55.08,20:10,15.12,2013
22-12-2013,51.84,00:30,15.12,2013
23-12-2013,92.88,23:59,28.08,2013
24-12-2013,104.04,13:40,28.08,2013
25-12-2013,83.88,10:40,29.88,2013
26-12-2013,74.16,00:30,21.96,2013
27-12-2013,92.88,13:20,27,2013
28-12-2013,63,04:40,20.88,2013
29-12-2013,38.88,18:40,12.96,2013
30-12-2013,66.96,10:10,21.96,2013
31-12-2013,55.08,14:10,20.88,2013
01-01-2014,83.16,13:20,27,2014
02-01-2014,47.88,15:40,19.08,2014
03-01-2014,72,22:20,18,2014
04-01-2014,93.96,01:30,27,2014
05-01-2014,78.84,18:20,27,2014
06-01-2014,69.12,01:00,21.96,2014
07-01-2014,45,14:20,11.88,2014
08-01-2014,54,13:00,15.12,2014
09-01-2014,24.84,06:00,6.12,2014
10-01-2014,16.92,12:40,5.04,2014
11-01-2014,19.08,21:10,6.12,2014
12-01-2014,59.04,08:50,19.08,2014
13-01-2014,52.92,22:10,15.84,2014
14-01-2014,64.08,04:20,16.92,2014
15-01-2014,65.88,15:40,20.16,2014
16-01-2014,69.84,02:10,18,2014
17-01-2014,51.84,03:10,11.88,2014
18-01-2014,56.16,07:20,15.84,2014
19-01-2014,60.84,15:10,16.92,2014
20-01-2014,46.08,00:40,14.04,2014
21-01-2014,47.16,09:50,11.88,2014
22-01-2014,51.84,10:10,20.16,2014
23-01-2014,29.16,07:50,9,2014
24-01-2014,39.96,14:40,15.84,2014
25-01-2014,37.08,05:00,14.04,2014
26-01-2014,57.96,18:00,23.04,2014
27-01-2014,86.04,17:00,27,2014
28-01-2014,88.92,10:40,32.04,2014
29-01-2014,60.12,16:20,19.08,2014
30-01-2014,59.04,17:40,24.12,2014
31-01-2014,69.12,00:10,20.16,2014
01-02-2014,77.04,07:30,21.96,2014
02-02-2014,72,23:10,12.96,2014
03-02-2014,96.84,06:20,27,2014
04-02-2014,93.96,16:05,29.16,2014
05-02-2014,93.96,03:00,20.88,2014
06-02-2014,105.12,14:00,32.04,2014
07-02-2014,78.12,21:30,20.16,2014
08-02-2014,83.88,07:20,25.92,2014
09-02-2014,90,22:40,11.16,2014
10-02-2014,91.08,06:05,32.04,2014
11-02-2014,78.12,05:50,16.92,2014
12-02-2014,68.04,23:40,21.96,2014
13-02-2014,74.16,01:00,20.16,2014
14-02-2014,101.16,05:10,28.08,2014
15-02-2014,66.96,13:00,21.96,2014
16-02-2014,51.12,00:05,12.96,2014
17-02-2014,65.88,01:30,12.96,2014
18-02-2014,29.16,15:50,11.88,2014
19-02-2014,32.04,12:30,10.08,2014
20-02-2014,57.96,17:00,20.16,2014
21-02-2014,56.16,14:20,16.92,2014
22-02-2014,42.12,00:40,12.96,2014
23-02-2014,54,04:50,12.96,2014
24-02-2014,60.12,19:30,19.08,2014
25-02-2014,81,09:40,23.04,2014
26-02-2014,57.96,00:10,14.04,2014
27-02-2014,52.92,02:40,21.96,2014
28-02-2014,60.12,05:50,20.88,2014
01-03-2014,60.12,05:00,23.04,2014
02-03-2014,78.84,23:10,25.92,2014
03-03-2014,96.84,03:50,39.96,2014
04-03-2014,55.08,16:50,21.96,2014
05-03-2014,37.08,02:40,9,2014
06-03-2014,23.04,14:40,10.08,2014
07-03-2014,32.04,13:20,10.08,2014
08-03-2014,28.08,12:40,7.92,2014
09-03-2014,33.12,13:00,11.16,2014
10-03-2014,37.08,14:50,11.88,2014
11-03-2014,47.16,17:00,14.04,2014
12-03-2014,15.12,07:20,5.04,2014
13-03-2014,24.12,13:30,6.12,2014
14-03-2014,23.04,16:40,9,2014
15-03-2014,43.92,19:20,14.04,2014
16-03-2014,20.88,00:00,6.12,2014
17-03-2014,45,15:20,15.12,2014
18-03-2014,42.12,17:50,19.08,2014
19-03-2014,33.12,20:00,11.16,2014
20-03-2014,42.12,15:20,16.92,2014
21-03-2014,45,14:40,11.16,2014
22-03-2014,65.16,16:20,20.16,2014
23-03-2014,50.04,00:40,11.16,2014
24-03-2014,56.16,14:30,20.88,2014
25-03-2014,84.96,09:20,25.92,2014
26-03-2014,54,05:50,20.88,2014
27-03-2014,25.92,11:40,9,2014
28-03-2014,47.16,14:00,15.84,2014
29-03-2014,25.92,13:00,7.92,2014
30-03-2014,51.12,14:40,12.96,2014
31-03-2014,37.08,16:40,14.04,2014
01-04-2014,51.12,11:30,12.96,2014
02-04-2014,42.84,10:50,12.96,2014
03-04-2014,39.96,13:20,18,2014
04-04-2014,57.96,09:20,12.96,2014
05-04-2014,48.96,13:20,12.96,2014
06-04-2014,42.84,16:40,11.88,2014
07-04-2014,51.12,11:10,15.12,2014
08-04-2014,43.92,18:50,15.84,2014
09-04-2014,23.04,22:00,9,2014
10-04-2014,38.16,23:10,10.08,2014
11-04-2014,46.08,15:40,24.84,2014
12-04-2014,46.08,18:10,23.04,2014
13-04-2014,32.04,18:10,7.92,2014
14-04-2014,18,14:30,6.84,2014
15-04-2014,20.16,15:40,5.04,2014
16-04-2014,29.88,13:00,12.96,2014
17-04-2014,28.08,14:50,11.16,2014
18-04-2014,33.84,12:00,10.08,2014
19-04-2014,27,01:40,14.04,2014
20-04-2014,32.04,15:50,15.12,2014
21-04-2014,24.12,03:50,10.08,2014
22-04-2014,55.08,17:50,14.04,2014
23-04-2014,42.84,15:40,18,2014
24-04-2014,46.08,15:10,12.96,2014
25-04-2014,66.96,16:10,20.16,2014
26-04-2014,52.92,14:00,20.88,2014
27-04-2014,41.04,13:00,18,2014
28-04-2014,43.92,14:00,16.92,2014
29-04-2014,39.96,16:20,15.12,2014
30-04-2014,38.88,13:20,19.08,2014
01-05-2014,28.08,10:40,11.16,2014
02-05-2014,48.96,16:00,20.16,2014
03-05-2014,39.96,14:30,15.12,2014
04-05-2014,20.88,13:20,7.92,2014
05-05-2014,39.96,17:00,11.16,2014
06-05-2014,29.88,08:50,9,2014
07-05-2014,24.12,09:40,10.08,2014
08-05-2014,32.04,12:30,12.96,2014
09-05-2014,25.92,14:40,9,2014
10-05-2014,37.08,17:20,12.96,2014
11-05-2014,25.92,12:20,10.08,2014
12-05-2014,39.96,16:50,14.04,2014
13-05-2014,52.92,17:10,20.16,2014
14-05-2014,47.88,13:40,15.84,2014
15-05-2014,48.96,15:10,19.08,2014
16-05-2014,55.08,17:10,19.08,2014
17-05-2014,46.08,11:40,15.12,2014
18-05-2014,29.88,16:20,6.84,2014
19-05-2014,42.84,14:20,16.92,2014
20-05-2014,45,10:40,11.16,2014
21-05-2014,48.96,23:00,15.12,2014
22-05-2014,54,02:00,20.16,2014
23-05-2014,66.96,03:10,18,2014
24-05-2014,28.08,15:40,11.16,2014
25-05-2014,29.88,03:40,12.96,2014
26-05-2014,25.92,02:50,11.16,2014
27-05-2014,28.08,15:30,9,2014
28-05-2014,29.16,14:00,14.04,2014
29-05-2014,37.08,13:50,7.92,2014
30-05-2014,25.92,23:20,10.08,2014
31-05-2014,47.88,15:00,20.88,2014
01-06-2014,42.12,15:00,15.12,2014
02-06-2014,24.12,12:10,9,2014
03-06-2014,47.16,17:30,15.84,2014
04-06-2014,28.08,04:50,11.88,2014
05-06-2014,55.08,18:30,19.08,2014
06-06-2014,51.12,08:40,15.84,2014
07-06-2014,65.88,14:40,21.96,2014
08-06-2014,37.08,17:40,14.04,2014
09-06-2014,50.04,16:20,15.12,2014
10-06-2014,24.84,14:30,11.16,2014
11-06-2014,19.08,15:20,6.84,2014
12-06-2014,24.12,18:50,7.92,2014
13-06-2014,45,15:00,15.12,2014
14-06-2014,46.08,21:20,18,2014
15-06-2014,48.96,15:30,20.16,2014
16-06-2014,51.12,15:10,20.88,2014
17-06-2014,48.96,15:40,12.96,2014
18-06-2014,37.08,15:30,14.04,2014
19-06-2014,32.04,14:40,11.16,2014
20-06-2014,24.12,13:40,9,2014
21-06-2014,24.12,16:40,10.08,2014
22-06-2014,28.08,12:00,10.08,2014
23-06-2014,25.92,14:20,9,2014
24-06-2014,28.08,10:10,10.08,2014
25-06-2014,25.92,12:50,11.16,2014
26-06-2014,42.12,15:00,15.12,2014
27-06-2014,25.92,15:00,7.92,2014
28-06-2014,51.12,06:30,16.92,2014
29-06-2014,34.92,16:10,15.12,2014
30-06-2014,46.08,15:10,14.04,2014
01-07-2014,43.92,12:40,18,2014
02-07-2014,48.96,14:20,15.12,2014
03-07-2014,0,,0,2014
04-07-2014,42.12,14:10,0,2014
05-07-2014,52.92,14:50,18,2014
06-07-2014,34.92,00:50,6.84,2014
07-07-2014,38.88,23:50,11.88,2014
08-07-2014,38.16,19:00,20.88,2014
09-07-2014,48.96,15:20,20.88,2014
10-07-2014,46.08,15:20,20.16,2014
11-07-2014,43.92,15:10,19.08,2014
12-07-2014,38.16,12:50,18,2014
13-07-2014,24.12,15:10,7.92,2014
14-07-2014,25.92,22:20,7.92,2014
15-07-2014,30.96,11:30,10.08,2014
16-07-2014,30.96,12:00,11.88,2014
17-07-2014,54,11:50,12.96,2014
18-07-2014,33.12,14:50,11.16,2014
19-07-2014,45,13:50,15.12,2014
20-07-2014,34.92,12:30,15.12,2014
21-07-2014,36,17:00,12.96,2014
22-07-2014,18,15:50,6.12,2014
23-07-2014,28.08,16:00,14.04,2014
24-07-2014,46.08,13:30,18,2014
25-07-2014,38.16,15:10,15.12,2014
26-07-2014,47.88,13:50,18,2014
27-07-2014,43.92,13:20,18,2014
28-07-2014,42.12,17:10,15.12,2014
29-07-2014,43.92,12:40,19.08,2014
30-07-2014,39.96,14:00,15.84,2014
31-07-2014,39.96,13:20,10.08,2014
01-08-2014,42.12,15:20,12.96,2014
02-08-2014,45,14:40,14.04,2014
03-08-2014,23.04,14:30,9,2014
04-08-2014,27,16:10,9,2014
05-08-2014,36,17:30,12.96,2014
06-08-2014,36,14:20,10.08,2014
07-08-2014,34.92,17:10,9,2014
08-08-2014,29.88,09:20,11.88,2014
09-08-2014,47.88,18:10,12.96,2014
10-08-2014,47.88,03:10,7.92,2014
11-08-2014,27,14:50,6.84,2014
12-08-2014,57.96,13:20,15.84,2014
13-08-2014,33.12,06:00,11.16,2014
14-08-2014,25.92,14:50,9,2014
15-08-2014,41.04,17:50,15.12,2014
16-08-2014,42.12,14:00,15.12,2014
17-08-2014,33.84,14:50,9,2014
18-08-2014,46.08,15:50,14.04,2014
19-08-2014,42.12,16:10,15.84,2014
20-08-2014,38.88,13:30,14.04,2014
21-08-2014,48.96,14:10,18,2014
22-08-2014,37.08,11:30,16.92,2014
23-08-2014,30.96,15:00,9,2014
24-08-2014,27,13:10,10.08,2014
25-08-2014,52.92,15:20,25.92,2014
26-08-2014,48.96,06:40,15.12,2014
27-08-2014,56.16,11:50,15.12,2014
28-08-2014,32.04,17:00,11.88,2014
29-08-2014,33.84,17:30,11.88,2014
30-08-2014,30.96,18:40,7.92,2014
31-08-2014,29.88,19:50,6.12,2014
01-09-2014,15.84,13:30,7.92,2014
02-09-2014,34.92,20:50,6.84,2014
03-09-2014,18,14:50,6.12,2014
04-09-2014,15.12,13:50,5.04,2014
05-09-2014,18,14:10,6.12,2014
06-09-2014,36,12:00,11.88,2014
07-09-2014,34.92,15:20,5.04,2014
08-09-2014,29.16,16:20,6.84,2014
09-09-2014,27,15:10,9,2014
10-09-2014,23.04,10:40,7.92,2014
11-09-2014,29.16,20:20,6.84,2014
12-09-2014,27,12:50,9,2014
13-09-2014,27,14:20,9,2014
14-09-2014,38.16,13:10,11.88,2014
15-09-2014,34.92,13:10,9,2014
16-09-2014,65.16,15:40,10.08,2014
17-09-2014,54,09:20,15.84,2014
18-09-2014,65.88,11:10,18,2014
19-09-2014,54,08:50,11.88,2014
20-09-2014,36,01:50,6.84,2014
21-09-2014,33.84,17:40,9,2014
22-09-2014,42.12,Varias,19.08,2014
23-09-2014,36,16:10,15.84,2014
24-09-2014,39.96,16:00,14.04,2014
25-09-2014,33.12,15:20,12.96,2014
26-09-2014,33.84,17:20,10.08,2014
27-09-2014,24.12,15:20,7.92,2014
28-09-2014,28.08,13:50,7.92,2014
29-09-2014,20.16,14:50,6.12,2014
30-09-2014,29.88,16:40,11.16,2014
01-10-2014,36,15:30,9,2014
02-10-2014,25.92,17:40,9,2014
03-10-2014,25.92,15:00,9,2014
04-10-2014,45,12:30,15.84,2014
05-10-2014,27,23:00,9,2014
06-10-2014,38.88,09:00,15.12,2014
07-10-2014,42.84,15:00,12.96,2014
08-10-2014,51.84,09:30,11.88,2014
09-10-2014,32.04,00:50,10.08,2014
10-10-2014,20.88,15:30,5.04,2014
11-10-2014,15.84,08:20,6.12,2014
12-10-2014,29.88,13:40,11.88,2014
13-10-2014,48.96,18:00,14.04,2014
14-10-2014,56.88,23:10,11.16,2014
15-10-2014,56.88,01:20,14.04,2014
16-10-2014,43.92,13:00,7.92,2014
17-10-2014,74.88,12:20,20.88,2014
18-10-2014,56.88,11:50,18,2014
19-10-2014,23.04,14:20,7.92,2014
20-10-2014,23.04,10:30,7.92,2014
21-10-2014,23.04,17:30,9,2014
22-10-2014,15.12,08:10,3.96,2014
23-10-2014,18,19:00,6.84,2014
24-10-2014,21.96,13:10,6.84,2014
25-10-2014,19.08,14:10,5.04,2014
26-10-2014,24.12,07:50,9,2014
27-10-2014,21.96,16:30,3.96,2014
28-10-2014,24.12,17:50,10.08,2014
29-10-2014,24.84,14:40,7.92,2014
30-10-2014,36,13:20,10.08,2014
31-10-2014,50.04,13:10,14.04,2014
01-11-2014,36,16:40,10.08,2014
02-11-2014,56.88,10:20,14.04,2014
03-11-2014,59.04,15:30,23.04,2014
04-11-2014,54,19:05,15.84,2014
05-11-2014,51.12,00:20,11.16,2014
06-11-2014,61.92,20:00,15.84,2014
07-11-2014,59.04,02:20,15.12,2014
08-11-2014,69.84,08:50,16.92,2014
09-11-2014,37.08,00:00,11.16,2014
10-11-2014,65.16,13:30,15.12,2014
11-11-2014,54,11:50,16.92,2014
12-11-2014,54,10:10,15.84,2014
13-11-2014,65.88,18:30,21.96,2014
14-11-2014,51.12,13:30,15.84,2014
15-11-2014,74.88,22:30,25.92,2014
16-11-2014,64.08,13:30,21.96,2014
17-11-2014,41.04,02:00,12.96,2014
18-11-2014,51.84,19:00,11.88,2014
19-11-2014,19.08,15:40,3.96,2014
20-11-2014,21.96,05:00,9,2014
21-11-2014,51.12,12:40,3.96,2014
22-11-2014,30.96,11:00,10.08,2014
23-11-2014,70.92,05:50,23.04,2014
24-11-2014,29.88,03:20,12.96,2014
25-11-2014,20.88,15:00,10.08,2014
26-11-2014,18,22:20,6.12,2014
27-11-2014,46.08,12:00,16.92,2014
28-11-2014,51.12,00:30,9,2014
29-11-2014,46.08,22:30,7.92,2014
30-11-2014,48.96,02:20,16.92,2014
01-12-2014,39.96,11:10,19.08,2014
02-12-2014,69.12,17:00,25.92,2014
03-12-2014,59.04,05:10,23.04,2014
04-12-2014,28.08,21:20,7.92,2014
05-12-2014,37.08,15:40,6.84,2014
06-12-2014,48.96,19:20,11.88,2014
07-12-2014,47.88,03:20,11.16,2014
08-12-2014,36,09:30,12.96,2014
09-12-2014,29.16,04:10,3.96,2014
10-12-2014,34.92,20:50,10.08,2014
11-12-2014,27,23:40,5.04,2014
12-12-2014,59.04,13:50,14.04,2014
13-12-2014,50.04,14:40,19.08,2014
14-12-2014,41.04,01:00,15.12,2014
15-12-2014,43.92,00:00,9,2014
16-12-2014,43.92,00:00,7.92,2014
17-12-2014,34.92,06:30,11.88,2014
18-12-2014,24.12,02:50,9,2014
19-12-2014,25.92,06:20,11.16,2014
20-12-2014,15.84,02:00,2.88,2014
21-12-2014,19.08,19:40,3.96,2014
22-12-2014,18,06:00,7.92,2014
23-12-2014,30.96,12:50,7.92,2014
24-12-2014,23.04,00:30,6.84,2014
25-12-2014,15.12,23:40,6.12,2014
26-12-2014,19.08,23:40,6.12,2014
27-12-2014,56.88,23:30,18,2014
28-12-2014,51.12,04:10,19.08,2014
29-12-2014,23.04,07:50,6.84,2014
30-12-2014,28.08,06:00,7.92,2014
31-12-2014,16.92,01:00,5.04,2014
01-01-2014,83.16,13:20,27,2014
02-01-2014,47.88,15:40,19.08,2014
03-01-2014,72,22:20,18,2014
04-01-2014,93.96,01:30,27,2014
05-01-2014,78.84,18:20,27,2014
06-01-2014,69.12,01:00,21.96,2014
07-01-2014,45,14:20,11.88,2014
08-01-2014,54,13:00,15.12,2014
09-01-2014,24.84,06:00,6.12,2014
10-01-2014,16.92,12:40,5.04,2014
11-01-2014,19.08,21:10,6.12,2014
12-01-2014,59.04,08:50,19.08,2014
13-01-2014,52.92,22:10,15.84,2014
14-01-2014,64.08,04:20,16.92,2014
15-01-2014,65.88,15:40,20.16,2014
16-01-2014,69.84,02:10,18,2014
17-01-2014,51.84,03:10,11.88,2014
18-01-2014,56.16,07:20,15.84,2014
19-01-2014,60.84,15:10,16.92,2014
20-01-2014,46.08,00:40,14.04,2014
21-01-2014,47.16,09:50,11.88,2014
22-01-2014,51.84,10:10,20.16,2014
23-01-2014,29.16,07:50,9,2014
24-01-2014,39.96,14:40,15.84,2014
25-01-2014,37.08,05:00,14.04,2014
26-01-2014,57.96,18:00,23.04,2014
27-01-2014,86.04,17:00,27,2014
28-01-2014,88.92,10:40,32.04,2014
29-01-2014,60.12,16:20,19.08,2014
30-01-2014,59.04,17:40,24.12,2014
31-01-2014,69.12,00:10,20.16,2014
01-02-2014,77.04,07:30,21.96,2014
02-02-2014,72,23:10,12.96,2014
03-02-2014,96.84,06:20,27,2014
04-02-2014,93.96,16:05,29.16,2014
05-02-2014,93.96,03:00,20.88,2014
06-02-2014,105.12,14:00,32.04,2014
07-02-2014,78.12,21:30,20.16,2014
08-02-2014,83.88,07:20,25.92,2014
09-02-2014,90,22:40,11.16,2014
10-02-2014,91.08,06:05,32.04,2014
11-02-2014,78.12,05:50,16.92,2014
12-02-2014,68.04,23:40,21.96,2014
13-02-2014,74.16,01:00,20.16,2014
14-02-2014,101.16,05:10,28.08,2014
15-02-2014,66.96,13:00,21.96,2014
16-02-2014,51.12,00:05,12.96,2014
17-02-2014,65.88,01:30,12.96,2014
18-02-2014,29.16,15:50,11.88,2014
19-02-2014,32.04,12:30,10.08,2014
20-02-2014,57.96,17:00,20.16,2014
21-02-2014,56.16,14:20,16.92,2014
22-02-2014,42.12,00:40,12.96,2014
23-02-2014,54,04:50,12.96,2014
24-02-2014,60.12,19:30,19.08,2014
25-02-2014,81,09:40,23.04,2014
26-02-2014,57.96,00:10,14.04,2014
27-02-2014,52.92,02:40,21.96,2014
28-02-2014,60.12,05:50,20.88,2014
01-03-2014,60.12,05:00,23.04,2014
02-03-2014,78.84,23:10,25.92,2014
03-03-2014,96.84,03:50,39.96,2014
04-03-2014,55.08,16:50,21.96,2014
05-03-2014,37.08,02:40,9,2014
06-03-2014,23.04,14:40,10.08,2014
07-03-2014,32.04,13:20,10.08,2014
08-03-2014,28.08,12:40,7.92,2014
09-03-2014,33.12,13:00,11.16,2014
10-03-2014,37.08,14:50,11.88,2014
11-03-2014,47.16,17:00,14.04,2014
12-03-2014,15.12,07:20,5.04,2014
13-03-2014,24.12,13:30,6.12,2014
14-03-2014,23.04,16:40,9,2014
15-03-2014,43.92,19:20,14.04,2014
16-03-2014,20.88,00:00,6.12,2014
17-03-2014,45,15:20,15.12,2014
18-03-2014,42.12,17:50,19.08,2014
19-03-2014,33.12,20:00,11.16,2014
20-03-2014,42.12,15:20,16.92,2014
21-03-2014,45,14:40,11.16,2014
22-03-2014,65.16,16:20,20.16,2014
23-03-2014,50.04,00:40,11.16,2014
24-03-2014,56.16,14:30,20.88,2014
25-03-2014,84.96,09:20,25.92,2014
26-03-2014,54,05:50,20.88,2014
27-03-2014,25.92,11:40,9,2014
28-03-2014,47.16,14:00,15.84,2014
29-03-2014,25.92,13:00,7.92,2014
30-03-2014,51.12,14:40,12.96,2014
31-03-2014,37.08,16:40,14.04,2014
01-04-2014,51.12,11:30,12.96,2014
02-04-2014,42.84,10:50,12.96,2014
03-04-2014,39.96,13:20,18,2014
04-04-2014,57.96,09:20,12.96,2014
05-04-2014,48.96,13:20,12.96,2014
06-04-2014,42.84,16:40,11.88,2014
07-04-2014,51.12,11:10,15.12,2014
08-04-2014,43.92,18:50,15.84,2014
09-04-2014,23.04,22:00,9,2014
10-04-2014,38.16,23:10,10.08,2014
11-04-2014,46.08,15:40,24.84,2014
12-04-2014,46.08,18:10,23.04,2014
13-04-2014,32.04,18:10,7.92,2014
14-04-2014,18,14:30,6.84,2014
15-04-2014,20.16,15:40,5.04,2014
16-04-2014,29.88,13:00,12.96,2014
17-04-2014,28.08,14:50,11.16,2014
18-04-2014,33.84,12:00,10.08,2014
19-04-2014,27,01:40,14.04,2014
20-04-2014,32.04,15:50,15.12,2014
21-04-2014,24.12,03:50,10.08,2014
22-04-2014,55.08,17:50,14.04,2014
23-04-2014,42.84,15:40,18,2014
24-04-2014,46.08,15:10,12.96,2014
25-04-2014,66.96,16:10,20.16,2014
26-04-2014,52.92,14:00,20.88,2014
27-04-2014,41.04,13:00,18,2014
28-04-2014,43.92,14:00,16.92,2014
29-04-2014,39.96,16:20,15.12,2014
30-04-2014,38.88,13:20,19.08,2014
01-05-2014,28.08,10:40,11.16,2014
02-05-2014,48.96,16:00,20.16,2014
03-05-2014,39.96,14:30,15.12,2014
04-05-2014,20.88,13:20,7.92,2014
05-05-2014,39.96,17:00,11.16,2014
06-05-2014,29.88,08:50,9,2014
07-05-2014,24.12,09:40,10.08,2014
08-05-2014,32.04,12:30,12.96,2014
09-05-2014,25.92,14:40,9,2014
10-05-2014,37.08,17:20,12.96,2014
11-05-2014,25.92,12:20,10.08,2014
12-05-2014,39.96,16:50,14.04,2014
13-05-2014,52.92,17:10,20.16,2014
14-05-2014,47.88,13:40,15.84,2014
15-05-2014,48.96,15:10,19.08,2014
16-05-2014,55.08,17:10,19.08,2014
17-05-2014,46.08,11:40,15.12,2014
18-05-2014,29.88,16:20,6.84,2014
19-05-2014,42.84,14:20,16.92,2014
20-05-2014,45,10:40,11.16,2014
21-05-2014,48.96,23:00,15.12,2014
22-05-2014,54,02:00,20.16,2014
23-05-2014,66.96,03:10,18,2014
24-05-2014,28.08,15:40,11.16,2014
25-05-2014,29.88,03:40,12.96,2014
26-05-2014,25.92,02:50,11.16,2014
27-05-2014,28.08,15:30,9,2014
28-05-2014,29.16,14:00,14.04,2014
29-05-2014,37.08,13:50,7.92,2014
30-05-2014,25.92,23:20,10.08,2014
31-05-2014,47.88,15:00,20.88,2014
01-06-2014,42.12,15:00,15.12,2014
02-06-2014,24.12,12:10,9,2014
03-06-2014,47.16,17:30,15.84,2014
04-06-2014,28.08,04:50,11.88,2014
05-06-2014,55.08,18:30,19.08,2014
06-06-2014,51.12,08:40,15.84,2014
07-06-2014,65.88,14:40,21.96,2014
08-06-2014,37.08,17:40,14.04,2014
09-06-2014,50.04,16:20,15.12,2014
10-06-2014,24.84,14:30,11.16,2014
11-06-2014,19.08,15:20,6.84,2014
12-06-2014,24.12,18:50,7.92,2014
13-06-2014,45,15:00,15.12,2014
14-06-2014,46.08,21:20,18,2014
15-06-2014,48.96,15:30,20.16,2014
16-06-2014,51.12,15:10,20.88,2014
17-06-2014,48.96,15:40,12.96,2014
18-06-2014,37.08,15:30,14.04,2014
19-06-2014,32.04,14:40,11.16,2014
20-06-2014,24.12,13:40,9,2014
21-06-2014,24.12,16:40,10.08,2014
22-06-2014,28.08,12:00,10.08,2014
23-06-2014,25.92,14:20,9,2014
24-06-2014,28.08,10:10,10.08,2014
25-06-2014,25.92,12:50,11.16,2014
26-06-2014,42.12,15:00,15.12,2014
27-06-2014,25.92,15:00,7.92,2014
28-06-2014,51.12,06:30,16.92,2014
29-06-2014,34.92,16:10,15.12,2014
30-06-2014,46.08,15:10,14.04,2014
01-07-2014,43.92,12:40,18,2014
02-07-2014,48.96,14:20,15.12,2014
03-07-2014,0,,0,2014
04-07-2014,42.12,14:10,0,2014
05-07-2014,52.92,14:50,18,2014
06-07-2014,34.92,00:50,6.84,2014
07-07-2014,38.88,23:50,11.88,2014
08-07-2014,38.16,19:00,20.88,2014
09-07-2014,48.96,15:20,20.88,2014
10-07-2014,46.08,15:20,20.16,2014
11-07-2014,43.92,15:10,19.08,2014
12-07-2014,38.16,12:50,18,2014
13-07-2014,24.12,15:10,7.92,2014
14-07-2014,25.92,22:20,7.92,2014
15-07-2014,30.96,11:30,10.08,2014
16-07-2014,30.96,12:00,11.88,2014
17-07-2014,54,11:50,12.96,2014
18-07-2014,33.12,14:50,11.16,2014
19-07-2014,45,13:50,15.12,2014
20-07-2014,34.92,12:30,15.12,2014
21-07-2014,36,17:00,12.96,2014
22-07-2014,18,15:50,6.12,2014
23-07-2014,28.08,16:00,14.04,2014
24-07-2014,46.08,13:30,18,2014
25-07-2014,38.16,15:10,15.12,2014
26-07-2014,47.88,13:50,18,2014
27-07-2014,43.92,13:20,18,2014
28-07-2014,42.12,17:10,15.12,2014
29-07-2014,43.92,12:40,19.08,2014
30-07-2014,39.96,14:00,15.84,2014
31-07-2014,39.96,13:20,10.08,2014
01-08-2014,42.12,15:20,12.96,2014
02-08-2014,45,14:40,14.04,2014
03-08-2014,23.04,14:30,9,2014
04-08-2014,27,16:10,9,2014
05-08-2014,36,17:30,12.96,2014
06-08-2014,36,14:20,10.08,2014
07-08-2014,34.92,17:10,9,2014
08-08-2014,29.88,09:20,11.88,2014
09-08-2014,47.88,18:10,12.96,2014
10-08-2014,47.88,03:10,7.92,2014
11-08-2014,27,14:50,6.84,2014
12-08-2014,57.96,13:20,15.84,2014
13-08-2014,33.12,06:00,11.16,2014
14-08-2014,25.92,14:50,9,2014
15-08-2014,41.04,17:50,15.12,2014
16-08-2014,42.12,14:00,15.12,2014
17-08-2014,33.84,14:50,9,2014
18-08-2014,46.08,15:50,14.04,2014
19-08-2014,42.12,16:10,15.84,2014
20-08-2014,38.88,13:30,14.04,2014
21-08-2014,48.96,14:10,18,2014
22-08-2014,37.08,11:30,16.92,2014
23-08-2014,30.96,15:00,9,2014
24-08-2014,27,13:10,10.08,2014
25-08-2014,52.92,15:20,25.92,2014
26-08-2014,48.96,06:40,15.12,2014
27-08-2014,56.16,11:50,15.12,2014
28-08-2014,32.04,17:00,11.88,2014
29-08-2014,33.84,17:30,11.88,2014
30-08-2014,30.96,18:40,7.92,2014
31-08-2014,29.88,19:50,6.12,2014
01-09-2014,15.84,13:30,7.92,2014
02-09-2014,34.92,20:50,6.84,2014
03-09-2014,18,14:50,6.12,2014
04-09-2014,15.12,13:50,5.04,2014
05-09-2014,18,14:10,6.12,2014
06-09-2014,36,12:00,11.88,2014
07-09-2014,34.92,15:20,5.04,2014
08-09-2014,29.16,16:20,6.84,2014
09-09-2014,27,15:10,9,2014
10-09-2014,23.04,10:40,7.92,2014
11-09-2014,29.16,20:20,6.84,2014
12-09-2014,27,12:50,9,2014
13-09-2014,27,14:20,9,2014
14-09-2014,38.16,13:10,11.88,2014
15-09-2014,34.92,13:10,9,2014
16-09-2014,65.16,15:40,10.08,2014
17-09-2014,54,09:20,15.84,2014
18-09-2014,65.88,11:10,18,2014
19-09-2014,54,08:50,11.88,2014
20-09-2014,36,01:50,6.84,2014
21-09-2014,33.84,17:40,9,2014
22-09-2014,42.12,Varias,19.08,2014
23-09-2014,36,16:10,15.84,2014
24-09-2014,39.96,16:00,14.04,2014
25-09-2014,33.12,15:20,12.96,2014
26-09-2014,33.84,17:20,10.08,2014
27-09-2014,24.12,15:20,7.92,2014
28-09-2014,28.08,13:50,7.92,2014
29-09-2014,20.16,14:50,6.12,2014
30-09-2014,29.88,16:40,11.16,2014
01-10-2014,36,15:30,9,2014
02-10-2014,25.92,17:40,9,2014
03-10-2014,25.92,15:00,9,2014
04-10-2014,45,12:30,15.84,2014
05-10-2014,27,23:00,9,2014
06-10-2014,38.88,09:00,15.12,2014
07-10-2014,42.84,15:00,12.96,2014
08-10-2014,51.84,09:30,11.88,2014
09-10-2014,32.04,00:50,10.08,2014
10-10-2014,20.88,15:30,5.04,2014
11-10-2014,15.84,08:20,6.12,2014
12-10-2014,29.88,13:40,11.88,2014
13-10-2014,48.96,18:00,14.04,2014
14-10-2014,56.88,23:10,11.16,2014
15-10-2014,56.88,01:20,14.04,2014
16-10-2014,43.92,13:00,7.92,2014
17-10-2014,74.88,12:20,20.88,2014
18-10-2014,56.88,11:50,18,2014
19-10-2014,23.04,14:20,7.92,2014
20-10-2014,23.04,10:30,7.92,2014
21-10-2014,23.04,17:30,9,2014
22-10-2014,15.12,08:10,3.96,2014
23-10-2014,18,19:00,6.84,2014
24-10-2014,21.96,13:10,6.84,2014
25-10-2014,19.08,14:10,5.04,2014
26-10-2014,24.12,07:50,9,2014
27-10-2014,21.96,16:30,3.96,2014
28-10-2014,24.12,17:50,10.08,2014
29-10-2014,24.84,14:40,7.92,2014
30-10-2014,36,13:20,10.08,2014
31-10-2014,50.04,13:10,14.04,2014
01-11-2014,36,16:40,10.08,2014
02-11-2014,56.88,10:20,14.04,2014
03-11-2014,59.04,15:30,23.04,2014
04-11-2014,54,19:05,15.84,2014
05-11-2014,51.12,00:20,11.16,2014
06-11-2014,61.92,20:00,15.84,2014
07-11-2014,59.04,02:20,15.12,2014
08-11-2014,69.84,08:50,16.92,2014
09-11-2014,37.08,00:00,11.16,2014
10-11-2014,65.16,13:30,15.12,2014
11-11-2014,54,11:50,16.92,2014
12-11-2014,54,10:10,15.84,2014
13-11-2014,65.88,18:30,21.96,2014
14-11-2014,51.12,13:30,15.84,2014
15-11-2014,74.88,22:30,25.92,2014
16-11-2014,64.08,13:30,21.96,2014
17-11-2014,41.04,02:00,12.96,2014
18-11-2014,51.84,19:00,11.88,2014
19-11-2014,19.08,15:40,3.96,2014
20-11-2014,21.96,05:00,9,2014
21-11-2014,51.12,12:40,3.96,2014
22-11-2014,30.96,11:00,10.08,2014
23-11-2014,70.92,05:50,23.04,2014
24-11-2014,29.88,03:20,12.96,2014
25-11-2014,20.88,15:00,10.08,2014
26-11-2014,18,22:20,6.12,2014
27-11-2014,46.08,12:00,16.92,2014
28-11-2014,51.12,00:30,9,2014
29-11-2014,46.08,22:30,7.92,2014
30-11-2014,48.96,02:20,16.92,2014
01-12-2014,39.96,11:10,19.08,2014
02-12-2014,69.12,17:00,25.92,2014
03-12-2014,59.04,05:10,23.04,2014
04-12-2014,28.08,21:20,7.92,2014
05-12-2014,37.08,15:40,6.84,2014
06-12-2014,48.96,19:20,11.88,2014
07-12-2014,47.88,03:20,11.16,2014
08-12-2014,36,09:30,12.96,2014
09-12-2014,29.16,04:10,3.96,2014
10-12-2014,34.92,20:50,10.08,2014
11-12-2014,27,23:40,5.04,2014
12-12-2014,59.04,13:50,14.04,2014
13-12-2014,50.04,14:40,19.08,2014
14-12-2014,41.04,01:00,15.12,2014
15-12-2014,43.92,00:00,9,2014
16-12-2014,43.92,00:00,7.92,2014
17-12-2014,34.92,06:30,11.88,2014
18-12-2014,24.12,02:50,9,2014
19-12-2014,25.92,06:20,11.16,2014
20-12-2014,15.84,02:00,2.88,2014
21-12-2014,19.08,19:40,3.96,2014
22-12-2014,18,06:00,7.92,2014
23-12-2014,30.96,12:50,7.92,2014
24-12-2014,23.04,00:30,6.84,2014
25-12-2014,15.12,23:40,6.12,2014
26-12-2014,19.08,23:40,6.12,2014
27-12-2014,56.88,23:30,18,2014
28-12-2014,51.12,04:10,19.08,2014
29-12-2014,23.04,07:50,6.84,2014
30-12-2014,28.08,06:00,7.92,2014
31-12-2014,16.92,01:00,5.04,2014
01-01-2015,16.92,03:40,5.04,2015
02-01-2015,15.84,05:50,5.04,2015
03-01-2015,23.04,Varias,9,2015
04-01-2015,19.08,23:40,6.12,2015
05-01-2015,29.88,16:20,10.08,2015
06-01-2015,21.96,09:00,6.12,2015
07-01-2015,15.12,15:50,5.04,2015
08-01-2015,30.96,09:40,7.92,2015
09-01-2015,16.92,03:50,5.04,2015
10-01-2015,21.96,21:20,6.12,2015
11-01-2015,28.08,08:40,6.84,2015
12-01-2015,45,23:40,6.12,2015
13-01-2015,56.88,06:10,16.92,2015
14-01-2015,63,00:00,16.92,2015
15-01-2015,92.88,06:50,20.16,2015
16-01-2015,47.88,09:40,15.84,2015
17-01-2015,50.04,19:30,15.12,2015
18-01-2015,78.12,16:40,20.88,2015
19-01-2015,55.08,01:00,12.96,2015
20-01-2015,60.12,10:30,18,2015
21-01-2015,70.92,06:20,21.96,2015
22-01-2015,60.12,01:40,9,2015
23-01-2015,14.04,18:30,3.96,2015
24-01-2015,29.16,22:20,6.84,2015
25-01-2015,28.08,16:00,11.16,2015
26-01-2015,16.92,20:20,5.04,2015
27-01-2015,28.08,18:10,11.16,2015
28-01-2015,33.84,17:40,11.88,2015
29-01-2015,66.96,16:30,29.88,2015
30-01-2015,81,19:40,29.88,2015
31-01-2015,66.96,10:40,21.96,2015
01-02-2015,60.84,01:10,16.92,2015
02-02-2015,65.88,16:30,28.08,2015
03-02-2015,69.12,12:40,21.96,2015
04-02-2015,56.88,08:20,11.16,2015
05-02-2015,59.04,16:00,7.92,2015
06-02-2015,59.04,01:40,18,2015
07-02-2015,42.12,15:20,15.84,2015
08-02-2015,56.88,21:20,25.92,2015
09-02-2015,55.08,05:00,20.16,2015
10-02-2015,24.84,03:50,7.92,2015
11-02-2015,19.08,16:20,6.84,2015
12-02-2015,41.04,13:50,11.16,2015
13-02-2015,59.04,10:00,18,2015
14-02-2015,52.92,20:00,20.16,2015
15-02-2015,56.16,02:30,15.12,2015
16-02-2015,63,19:40,19.08,2015
17-02-2015,60.12,00:00,19.08,2015
18-02-2015,36,15:20,15.84,2015
19-02-2015,23.04,05:30,7.92,2015
20-02-2015,47.88,23:40,19.08,2015
21-02-2015,51.12,00:00,14.04,2015
22-02-2015,43.92,13:10,12.96,2015
23-02-2015,61.92,18:10,28.08,2015
24-02-2015,68.04,07:00,21.96,2015
25-02-2015,41.04,00:40,14.04,2015
26-02-2015,39.96,17:30,15.84,2015
27-02-2015,38.16,00:10,9,2015
28-02-2015,47.16,13:40,16.92,2015
01-03-2015,56.16,13:20,24.12,2015
02-03-2015,38.16,00:10,10.08,2015
03-03-2015,36,15:40,9,2015
04-03-2015,43.92,18:00,20.16,2015
05-03-2015,39.96,15:40,12.96,2015
06-03-2015,24.84,00:50,9,2015
07-03-2015,23.04,00:50,7.92,2015
08-03-2015,30.96,19:10,10.08,2015
09-03-2015,23.04,Varias,9,2015
10-03-2015,23.04,15:20,6.84,2015
11-03-2015,20.88,03:40,6.84,2015
12-03-2015,36,23:50,11.16,2015
13-03-2015,43.92,16:20,21.96,2015
14-03-2015,46.08,14:10,14.04,2015
15-03-2015,33.84,09:40,14.04,2015
16-03-2015,21.96,00:30,9,2015
17-03-2015,34.92,16:20,9,2015
18-03-2015,46.08,20:20,15.12,2015
19-03-2015,48.96,18:30,20.88,2015
20-03-2015,64.08,18:10,33.84,2015
21-03-2015,51.84,14:40,20.88,2015
22-03-2015,55.08,17:00,28.08,2015
23-03-2015,64.08,00:00,23.04,2015
24-03-2015,64.08,00:30,23.04,2015
25-03-2015,51.12,08:10,18,2015
26-03-2015,43.92,11:50,18,2015
27-03-2015,36,14:10,12.96,2015
28-03-2015,34.92,14:20,14.04,2015
29-03-2015,36,15:10,11.16,2015
30-03-2015,43.92,16:40,16.92,2015
31-03-2015,23.04,00:30,7.92,2015
01-04-2015,43.92,15:10,15.12,2015
02-04-2015,24.12,16:50,7.92,2015
03-04-2015,56.88,14:40,15.12,2015
04-04-2015,42.84,17:50,23.04,2015
05-04-2015,42.84,15:30,15.84,2015
06-04-2015,47.16,15:10,15.12,2015
07-04-2015,25.92,18:50,7.92,2015
08-04-2015,36,13:40,11.88,2015
09-04-2015,18,11:20,6.84,2015
10-04-2015,33.84,13:50,12.96,2015
11-04-2015,24.84,13:00,9,2015
12-04-2015,29.16,18:00,14.04,2015
13-04-2015,28.08,13:50,10.08,2015
14-04-2015,29.88,08:10,7.92,2015
15-04-2015,38.88,05:20,3.96,2015
16-04-2015,38.16,13:40,7.92,2015
17-04-2015,42.84,14:40,11.16,2015
18-04-2015,24.84,13:50,11.16,2015
19-04-2015,23.04,15:10,10.08,2015
20-04-2015,36,16:40,15.12,2015
21-04-2015,42.84,15:30,9,2015
22-04-2015,39.96,16:40,12.96,2015
23-04-2015,24.12,14:20,9,2015
24-04-2015,32.04,14:10,7.92,2015
25-04-2015,48.96,11:30,10.08,2015
26-04-2015,43.92,14:20,18,2015
27-04-2015,33.12,09:10,14.04,2015
28-04-2015,32.04,14:05,11.88,2015
29-04-2015,29.88,23:50,11.16,2015
30-04-2015,61.92,22:50,19.08,2015
01-05-2015,56.16,04:10,18,2015
02-05-2015,70.92,18:30,25.92,2015
03-05-2015,48.96,00:50,15.12,2015
04-05-2015,73.08,17:20,18,2015
05-05-2015,51.12,01:40,20.88,2015
06-05-2015,33.12,01:30,9,2015
07-05-2015,39.96,11:10,11.88,2015
08-05-2015,47.16,09:20,16.92,2015
09-05-2015,29.88,00:50,10.08,2015
10-05-2015,24.12,15:00,9,2015
11-05-2015,24.84,14:20,11.16,2015
12-05-2015,42.12,17:40,10.08,2015
13-05-2015,39.96,15:40,12.96,2015
14-05-2015,48.96,03:00,20.16,2015
15-05-2015,33.84,02:40,11.16,2015
16-05-2015,50.04,15:20,19.08,2015
17-05-2015,39.96,15:10,20.16,2015
18-05-2015,50.04,17:30,20.16,2015
19-05-2015,42.12,03:30,15.84,2015
20-05-2015,38.16,18:00,18,2015
21-05-2015,46.08,14:00,16.92,2015
22-05-2015,48.96,14:50,23.04,2015
23-05-2015,51.12,Varias,18,2015
24-05-2015,52.92,13:30,25.92,2015
25-05-2015,47.16,16:30,20.16,2015
26-05-2015,56.88,15:20,18,2015
27-05-2015,47.16,15:40,20.16,2015
28-05-2015,55.08,14:05,24.84,2015
29-05-2015,32.04,13:00,12.96,2015
30-05-2015,39.96,16:10,10.08,2015
31-05-2015,32.04,09:20,6.12,2015
01-06-2015,34.92,14:20,11.16,2015
02-06-2015,37.08,15:40,15.12,2015
03-06-2015,42.12,14:00,12.96,2015
04-06-2015,37.08,14:00,6.84,2015
05-06-2015,46.08,18:50,15.84,2015
06-06-2015,47.88,15:20,23.04,2015
07-06-2015,36,03:40,18,2015
08-06-2015,50.04,17:10,16.92,2015
09-06-2015,56.16,15:50,25.92,2015
10-06-2015,48.96,12:10,16.92,2015
11-06-2015,47.16,15:20,15.84,2015
12-06-2015,46.08,14:30,15.12,2015
13-06-2015,32.04,09:50,11.88,2015
14-06-2015,43.92,16:20,15.84,2015
15-06-2015,46.08,14:20,16.92,2015
16-06-2015,46.08,14:10,19.08,2015
17-06-2015,43.92,13:40,15.84,2015
18-06-2015,45,13:40,19.08,2015
19-06-2015,45,19:00,14.04,2015
20-06-2015,30.96,01:00,11.16,2015
21-06-2015,20.16,00:50,6.84,2015
22-06-2015,36,11:10,9,2015
23-06-2015,24.84,13:30,10.08,2015
24-06-2015,24.12,Varias,6.84,2015
25-06-2015,29.16,16:20,6.84,2015
26-06-2015,30.96,Varias,15.12,2015
27-06-2015,23.04,13:10,9,2015
28-06-2015,29.88,17:50,11.16,2015
29-06-2015,20.16,21:10,6.84,2015
30-06-2015,30.96,Varias,12.96,2015
01-07-2015,39.96,15:50,11.16,2015
02-07-2015,29.16,12:30,9,2015
03-07-2015,61.92,16:00,11.16,2015
04-07-2015,21.96,15:20,9,2015
05-07-2015,24.84,14:10,10.08,2015
06-07-2015,29.16,15:20,11.16,2015
07-07-2015,37.08,08:50,6.84,2015
08-07-2015,47.88,13:50,20.16,2015
09-07-2015,33.12,03:50,12.96,2015
10-07-2015,43.92,17:30,20.16,2015
11-07-2015,33.12,19:40,9,2015
12-07-2015,39.96,18:20,15.84,2015
13-07-2015,47.88,14:20,15.12,2015
14-07-2015,46.08,15:00,12.96,2015
15-07-2015,46.08,15:10,11.88,2015
16-07-2015,39.96,17:20,14.04,2015
17-07-2015,28.08,14:30,9,2015
18-07-2015,56.16,12:10,11.88,2015
19-07-2015,37.08,17:10,15.12,2015
20-07-2015,34.92,15:40,7.92,2015
21-07-2015,28.08,11:30,7.92,2015
22-07-2015,30.96,18:40,11.88,2015
23-07-2015,32.04,14:10,10.08,2015
24-07-2015,43.92,09:30,14.04,2015
25-07-2015,33.12,13:40,9,2015
26-07-2015,51.12,15:20,15.12,2015
27-07-2015,38.16,12:20,15.84,2015
28-07-2015,41.04,12:30,16.92,2015
29-07-2015,36,23:59,12.96,2015
30-07-2015,48.96,15:40,24.84,2015
31-07-2015,38.88,02:50,15.84,2015
01-08-2015,39.96,13:10,7.92,2015
02-08-2015,42.12,10:20,11.88,2015
03-08-2015,33.84,13:00,11.16,2015
04-08-2015,29.16,19:10,7.92,2015
05-08-2015,45,13:50,14.04,2015
06-08-2015,33.12,23:40,7.92,2015
07-08-2015,30.96,18:30,14.04,2015
08-08-2015,42.12,13:30,15.84,2015
09-08-2015,42.84,13:40,11.88,2015
10-08-2015,33.84,16:40,7.92,2015
11-08-2015,34.92,15:30,7.92,2015
12-08-2015,56.16,22:40,11.88,2015
13-08-2015,52.92,03:30,16.92,2015
14-08-2015,33.12,17:40,10.08,2015
15-08-2015,23.04,13:10,7.92,2015
16-08-2015,24.84,12:20,9,2015
17-08-2015,25.92,18:40,9,2015
18-08-2015,37.08,18:00,12.96,2015
19-08-2015,33.84,15:50,10.08,2015
20-08-2015,28.08,16:50,7.92,2015
21-08-2015,24.12,13:30,9,2015
22-08-2015,47.16,12:30,11.88,2015
23-08-2015,75.96,15:50,23.04,2015
24-08-2015,43.92,16:40,15.84,2015
25-08-2015,45,01:00,15.84,2015
26-08-2015,59.04,08:10,15.84,2015
27-08-2015,70.92,10:00,20.16,2015
28-08-2015,15.12,00:00,2.88,2015
29-08-2015,20.88,14:50,7.92,2015
30-08-2015,29.88,15:40,6.84,2015
31-08-2015,34.92,23:20,14.04,2015
01-09-2015,42.84,Varias,20.16,2015
02-09-2015,41.04,12:10,19.08,2015
03-09-2015,39.96,07:50,15.84,2015
04-09-2015,47.16,15:30,19.08,2015
05-09-2015,38.88,16:50,16.92,2015
06-09-2015,36,Varias,14.04,2015
07-09-2015,33.84,17:00,14.04,2015
08-09-2015,29.16,12:10,9,2015
09-09-2015,38.88,14:50,11.16,2015
10-09-2015,27,12:40,10.08,2015
11-09-2015,27,15:20,10.08,2015
12-09-2015,27,05:00,6.12,2015
13-09-2015,56.88,04:20,18,2015
14-09-2015,39.96,16:10,18,2015
15-09-2015,72,23:10,15.84,2015
16-09-2015,74.88,05:50,30.96,2015
17-09-2015,39.96,00:20,16.92,2015
18-09-2015,24.12,05:30,7.92,2015
19-09-2015,34.92,13:50,6.84,2015
20-09-2015,23.04,21:10,7.92,2015
21-09-2015,28.08,23:30,7.92,2015
22-09-2015,33.12,08:20,11.88,2015
23-09-2015,20.88,05:30,6.84,2015
24-09-2015,21.96,15:20,7.92,2015
25-09-2015,20.88,16:10,5.04,2015
26-09-2015,20.16,15:10,7.92,2015
27-09-2015,28.08,18:40,7.92,2015
28-09-2015,23.04,19:50,9,2015
29-09-2015,39.96,16:40,9,2015
30-09-2015,30.96,14:00,7.92,2015
01-10-2015,18,14:00,5.04,2015
02-10-2015,19.08,13:20,7.92,2015
03-10-2015,19.08,07:50,2.88,2015
04-10-2015,69.12,10:00,23.04,2015
05-10-2015,69.84,14:50,19.08,2015
06-10-2015,56.88,00:20,20.16,2015
07-10-2015,18,15:00,7.92,2015
08-10-2015,24.12,18:20,7.92,2015
09-10-2015,24.12,12:30,9,2015
10-10-2015,36,10:10,7.92,2015
11-10-2015,30.96,18:00,11.88,2015
12-10-2015,50.04,16:10,21.96,2015
13-10-2015,39.96,13:20,18,2015
14-10-2015,33.12,16:50,11.88,2015
15-10-2015,23.04,00:00,7.92,2015
16-10-2015,23.04,05:10,6.12,2015
17-10-2015,41.04,20:20,7.92,2015
18-10-2015,23.04,17:30,6.12,2015
19-10-2015,51.12,23:30,19.08,2015
20-10-2015,51.12,14:20,20.16,2015
21-10-2015,33.84,15:40,14.04,2015
22-10-2015,21.96,00:00,6.12,2015
23-10-2015,28.08,Varias,9,2015
24-10-2015,30.96,17:50,12.96,2015
25-10-2015,33.84,22:00,3.96,2015
26-10-2015,51.12,12:50,14.04,2015
27-10-2015,45,15:40,11.88,2015
28-10-2015,60.12,21:10,15.12,2015
29-10-2015,65.16,21:20,11.16,2015
30-10-2015,61.92,03:20,15.84,2015
31-10-2015,63,09:30,11.16,2015
01-11-2015,42.12,17:00,11.16,2015
02-11-2015,25.92,22:40,6.12,2015
03-11-2015,41.04,11:40,12.96,2015
04-11-2015,50.04,13:40,11.16,2015
05-11-2015,51.12,06:10,20.16,2015
06-11-2015,54,02:00,10.08,2015
07-11-2015,28.08,09:50,6.84,2015
08-11-2015,50.04,11:30,11.88,2015
09-11-2015,18,00:00,3.96,2015
10-11-2015,15.84,15:50,6.84,2015
11-11-2015,18,23:59,6.12,2015
12-11-2015,24.12,15:30,0,2015
13-11-2015,32.04,15:10,9,2015
14-11-2015,15.12,08:20,5.04,2015
15-11-2015,28.08,23:30,3.96,2015
16-11-2015,33.84,20:50,10.08,2015
17-11-2015,33.84,11:30,11.16,2015
18-11-2015,32.04,09:50,11.16,2015
19-11-2015,25.92,12:20,6.84,2015
20-11-2015,69.12,23:50,18,2015
21-11-2015,66.96,01:00,24.84,2015
22-11-2015,69.84,04:50,24.12,2015
23-11-2015,24.12,00:00,3.96,2015
24-11-2015,41.04,16:00,11.16,2015
25-11-2015,37.08,02:40,14.04,2015
26-11-2015,36,08:50,15.12,2015
27-11-2015,61.92,20:40,6.12,2015
28-11-2015,42.12,00:10,9,2015
29-11-2015,20.88,07:30,5.04,2015
30-11-2015,15.84,22:20,2.88,2015
01-12-2015,20.16,03:50,3.96,2015
02-12-2015,27,03:40,10.08,2015
03-12-2015,63,14:10,18,2015
04-12-2015,34.92,08:00,12.96,2015
05-12-2015,29.88,07:10,9,2015
06-12-2015,36,13:30,11.16,2015
07-12-2015,60.84,20:00,18,2015
08-12-2015,34.92,02:10,9,2015
09-12-2015,20.88,Varias,6.12,2015
10-12-2015,20.88,12:00,5.04,2015
11-12-2015,23.04,23:50,6.12,2015
12-12-2015,21.96,00:00,9,2015
13-12-2015,60.12,21:00,12.96,2015
14-12-2015,59.04,01:40,15.12,2015
15-12-2015,65.88,12:50,21.96,2015
16-12-2015,60.84,04:20,16.92,2015
17-12-2015,61.92,13:30,18,2015
18-12-2015,59.04,23:40,12.96,2015
19-12-2015,69.12,12:00,24.12,2015
20-12-2015,38.88,11:20,9,2015
21-12-2015,51.12,16:10,16.92,2015
22-12-2015,66.96,07:10,24.12,2015
23-12-2015,32.04,19:30,7.92,2015
24-12-2015,55.08,16:20,15.84,2015
25-12-2015,51.84,06:10,16.92,2015
26-12-2015,43.92,11:20,15.84,2015
27-12-2015,48.96,17:00,15.84,2015
28-12-2015,74.88,12:20,16.92,2015
29-12-2015,60.84,18:00,20.16,2015
30-12-2015,75.96,13:00,32.04,2015
31-12-2015,34.92,14:20,11.16,2015
01-01-2015,16.92,03:40,5.04,2015
02-01-2015,15.84,05:50,5.04,2015
03-01-2015,23.04,Varias,9,2015
04-01-2015,19.08,23:40,6.12,2015
05-01-2015,29.88,16:20,10.08,2015
06-01-2015,21.96,09:00,6.12,2015
07-01-2015,15.12,15:50,5.04,2015
08-01-2015,30.96,09:40,7.92,2015
09-01-2015,16.92,03:50,5.04,2015
10-01-2015,21.96,21:20,6.12,2015
11-01-2015,28.08,08:40,6.84,2015
12-01-2015,45,23:40,6.12,2015
13-01-2015,56.88,06:10,16.92,2015
14-01-2015,63,00:00,16.92,2015
15-01-2015,92.88,06:50,20.16,2015
16-01-2015,47.88,09:40,15.84,2015
17-01-2015,50.04,19:30,15.12,2015
18-01-2015,78.12,16:40,20.88,2015
19-01-2015,55.08,01:00,12.96,2015
20-01-2015,60.12,10:30,18,2015
21-01-2015,70.92,06:20,21.96,2015
22-01-2015,60.12,01:40,9,2015
23-01-2015,14.04,18:30,3.96,2015
24-01-2015,29.16,22:20,6.84,2015
25-01-2015,28.08,16:00,11.16,2015
26-01-2015,16.92,20:20,5.04,2015
27-01-2015,28.08,18:10,11.16,2015
28-01-2015,33.84,17:40,11.88,2015
29-01-2015,66.96,16:30,29.88,2015
30-01-2015,81,19:40,29.88,2015
31-01-2015,66.96,10:40,21.96,2015
01-02-2015,60.84,01:10,16.92,2015
02-02-2015,65.88,16:30,28.08,2015
03-02-2015,69.12,12:40,21.96,2015
04-02-2015,56.88,08:20,11.16,2015
05-02-2015,59.04,16:00,7.92,2015
06-02-2015,59.04,01:40,18,2015
07-02-2015,42.12,15:20,15.84,2015
08-02-2015,56.88,21:20,25.92,2015
09-02-2015,55.08,05:00,20.16,2015
10-02-2015,24.84,03:50,7.92,2015
11-02-2015,19.08,16:20,6.84,2015
12-02-2015,41.04,13:50,11.16,2015
13-02-2015,59.04,10:00,18,2015
14-02-2015,52.92,20:00,20.16,2015
15-02-2015,56.16,02:30,15.12,2015
16-02-2015,63,19:40,19.08,2015
17-02-2015,60.12,00:00,19.08,2015
18-02-2015,36,15:20,15.84,2015
19-02-2015,23.04,05:30,7.92,2015
20-02-2015,47.88,23:40,19.08,2015
21-02-2015,51.12,00:00,14.04,2015
22-02-2015,43.92,13:10,12.96,2015
23-02-2015,61.92,18:10,28.08,2015
24-02-2015,68.04,07:00,21.96,2015
25-02-2015,41.04,00:40,14.04,2015
26-02-2015,39.96,17:30,15.84,2015
27-02-2015,38.16,00:10,9,2015
28-02-2015,47.16,13:40,16.92,2015
01-03-2015,56.16,13:20,24.12,2015
02-03-2015,38.16,00:10,10.08,2015
03-03-2015,36,15:40,9,2015
04-03-2015,43.92,18:00,20.16,2015
05-03-2015,39.96,15:40,12.96,2015
06-03-2015,24.84,00:50,9,2015
07-03-2015,23.04,00:50,7.92,2015
08-03-2015,30.96,19:10,10.08,2015
09-03-2015,23.04,Varias,9,2015
10-03-2015,23.04,15:20,6.84,2015
11-03-2015,20.88,03:40,6.84,2015
12-03-2015,36,23:50,11.16,2015
13-03-2015,43.92,16:20,21.96,2015
14-03-2015,46.08,14:10,14.04,2015
15-03-2015,33.84,09:40,14.04,2015
16-03-2015,21.96,00:30,9,2015
17-03-2015,34.92,16:20,9,2015
18-03-2015,46.08,20:20,15.12,2015
19-03-2015,48.96,18:30,20.88,2015
20-03-2015,64.08,18:10,33.84,2015
21-03-2015,51.84,14:40,20.88,2015
22-03-2015,55.08,17:00,28.08,2015
23-03-2015,64.08,00:00,23.04,2015
24-03-2015,64.08,00:30,23.04,2015
25-03-2015,51.12,08:10,18,2015
26-03-2015,43.92,11:50,18,2015
27-03-2015,36,14:10,12.96,2015
28-03-2015,34.92,14:20,14.04,2015
29-03-2015,36,15:10,11.16,2015
30-03-2015,43.92,16:40,16.92,2015
31-03-2015,23.04,00:30,7.92,2015
01-04-2015,43.92,15:10,15.12,2015
02-04-2015,24.12,16:50,7.92,2015
03-04-2015,56.88,14:40,15.12,2015
04-04-2015,42.84,17:50,23.04,2015
05-04-2015,42.84,15:30,15.84,2015
06-04-2015,47.16,15:10,15.12,2015
07-04-2015,25.92,18:50,7.92,2015
08-04-2015,36,13:40,11.88,2015
09-04-2015,18,11:20,6.84,2015
10-04-2015,33.84,13:50,12.96,2015
11-04-2015,24.84,13:00,9,2015
12-04-2015,29.16,18:00,14.04,2015
13-04-2015,28.08,13:50,10.08,2015
14-04-2015,29.88,08:10,7.92,2015
15-04-2015,38.88,05:20,3.96,2015
16-04-2015,38.16,13:40,7.92,2015
17-04-2015,42.84,14:40,11.16,2015
18-04-2015,24.84,13:50,11.16,2015
19-04-2015,23.04,15:10,10.08,2015
20-04-2015,36,16:40,15.12,2015
21-04-2015,42.84,15:30,9,2015
22-04-2015,39.96,16:40,12.96,2015
23-04-2015,24.12,14:20,9,2015
24-04-2015,32.04,14:10,7.92,2015
25-04-2015,48.96,11:30,10.08,2015
26-04-2015,43.92,14:20,18,2015
27-04-2015,33.12,09:10,14.04,2015
28-04-2015,32.04,14:05,11.88,2015
29-04-2015,29.88,23:50,11.16,2015
30-04-2015,61.92,22:50,19.08,2015
01-05-2015,56.16,04:10,18,2015
02-05-2015,70.92,18:30,25.92,2015
03-05-2015,48.96,00:50,15.12,2015
04-05-2015,73.08,17:20,18,2015
05-05-2015,51.12,01:40,20.88,2015
06-05-2015,33.12,01:30,9,2015
07-05-2015,39.96,11:10,11.88,2015
08-05-2015,47.16,09:20,16.92,2015
09-05-2015,29.88,00:50,10.08,2015
10-05-2015,24.12,15:00,9,2015
11-05-2015,24.84,14:20,11.16,2015
12-05-2015,42.12,17:40,10.08,2015
13-05-2015,39.96,15:40,12.96,2015
14-05-2015,48.96,03:00,20.16,2015
15-05-2015,33.84,02:40,11.16,2015
16-05-2015,50.04,15:20,19.08,2015
17-05-2015,39.96,15:10,20.16,2015
18-05-2015,50.04,17:30,20.16,2015
19-05-2015,42.12,03:30,15.84,2015
20-05-2015,38.16,18:00,18,2015
21-05-2015,46.08,14:00,16.92,2015
22-05-2015,48.96,14:50,23.04,2015
23-05-2015,51.12,Varias,18,2015
24-05-2015,52.92,13:30,25.92,2015
25-05-2015,47.16,16:30,20.16,2015
26-05-2015,56.88,15:20,18,2015
27-05-2015,47.16,15:40,20.16,2015
28-05-2015,55.08,14:05,24.84,2015
29-05-2015,32.04,13:00,12.96,2015
30-05-2015,39.96,16:10,10.08,2015
31-05-2015,32.04,09:20,6.12,2015
01-06-2015,34.92,14:20,11.16,2015
02-06-2015,37.08,15:40,15.12,2015
03-06-2015,42.12,14:00,12.96,2015
04-06-2015,37.08,14:00,6.84,2015
05-06-2015,46.08,18:50,15.84,2015
06-06-2015,47.88,15:20,23.04,2015
07-06-2015,36,03:40,18,2015
08-06-2015,50.04,17:10,16.92,2015
09-06-2015,56.16,15:50,25.92,2015
10-06-2015,48.96,12:10,16.92,2015
11-06-2015,47.16,15:20,15.84,2015
12-06-2015,46.08,14:30,15.12,2015
13-06-2015,32.04,09:50,11.88,2015
14-06-2015,43.92,16:20,15.84,2015
15-06-2015,46.08,14:20,16.92,2015
16-06-2015,46.08,14:10,19.08,2015
17-06-2015,43.92,13:40,15.84,2015
18-06-2015,45,13:40,19.08,2015
19-06-2015,45,19:00,14.04,2015
20-06-2015,30.96,01:00,11.16,2015
21-06-2015,20.16,00:50,6.84,2015
22-06-2015,36,11:10,9,2015
23-06-2015,24.84,13:30,10.08,2015
24-06-2015,24.12,Varias,6.84,2015
25-06-2015,29.16,16:20,6.84,2015
26-06-2015,30.96,Varias,15.12,2015
27-06-2015,23.04,13:10,9,2015
28-06-2015,29.88,17:50,11.16,2015
29-06-2015,20.16,21:10,6.84,2015
30-06-2015,30.96,Varias,12.96,2015
01-07-2015,39.96,15:50,11.16,2015
02-07-2015,29.16,12:30,9,2015
03-07-2015,61.92,16:00,11.16,2015
04-07-2015,21.96,15:20,9,2015
05-07-2015,24.84,14:10,10.08,2015
06-07-2015,29.16,15:20,11.16,2015
07-07-2015,37.08,08:50,6.84,2015
08-07-2015,47.88,13:50,20.16,2015
09-07-2015,33.12,03:50,12.96,2015
10-07-2015,43.92,17:30,20.16,2015
11-07-2015,33.12,19:40,9,2015
12-07-2015,39.96,18:20,15.84,2015
13-07-2015,47.88,14:20,15.12,2015
14-07-2015,46.08,15:00,12.96,2015
15-07-2015,46.08,15:10,11.88,2015
16-07-2015,39.96,17:20,14.04,2015
17-07-2015,28.08,14:30,9,2015
18-07-2015,56.16,12:10,11.88,2015
19-07-2015,37.08,17:10,15.12,2015
20-07-2015,34.92,15:40,7.92,2015
21-07-2015,28.08,11:30,7.92,2015
22-07-2015,30.96,18:40,11.88,2015
23-07-2015,32.04,14:10,10.08,2015
24-07-2015,43.92,09:30,14.04,2015
25-07-2015,33.12,13:40,9,2015
26-07-2015,51.12,15:20,15.12,2015
27-07-2015,38.16,12:20,15.84,2015
28-07-2015,41.04,12:30,16.92,2015
29-07-2015,36,23:59,12.96,2015
30-07-2015,48.96,15:40,24.84,2015
31-07-2015,38.88,02:50,15.84,2015
01-08-2015,39.96,13:10,7.92,2015
02-08-2015,42.12,10:20,11.88,2015
03-08-2015,33.84,13:00,11.16,2015
04-08-2015,29.16,19:10,7.92,2015
05-08-2015,45,13:50,14.04,2015
06-08-2015,33.12,23:40,7.92,2015
07-08-2015,30.96,18:30,14.04,2015
08-08-2015,42.12,13:30,15.84,2015
09-08-2015,42.84,13:40,11.88,2015
10-08-2015,33.84,16:40,7.92,2015
11-08-2015,34.92,15:30,7.92,2015
12-08-2015,56.16,22:40,11.88,2015
13-08-2015,52.92,03:30,16.92,2015
14-08-2015,33.12,17:40,10.08,2015
15-08-2015,23.04,13:10,7.92,2015
16-08-2015,24.84,12:20,9,2015
17-08-2015,25.92,18:40,9,2015
18-08-2015,37.08,18:00,12.96,2015
19-08-2015,33.84,15:50,10.08,2015
20-08-2015,28.08,16:50,7.92,2015
21-08-2015,24.12,13:30,9,2015
22-08-2015,47.16,12:30,11.88,2015
23-08-2015,75.96,15:50,23.04,2015
24-08-2015,43.92,16:40,15.84,2015
25-08-2015,45,01:00,15.84,2015
26-08-2015,59.04,08:10,15.84,2015
27-08-2015,70.92,10:00,20.16,2015
28-08-2015,15.12,00:00,2.88,2015
29-08-2015,20.88,14:50,7.92,2015
30-08-2015,29.88,15:40,6.84,2015
31-08-2015,34.92,23:20,14.04,2015
01-09-2015,42.84,Varias,20.16,2015
02-09-2015,41.04,12:10,19.08,2015
03-09-2015,39.96,07:50,15.84,2015
04-09-2015,47.16,15:30,19.08,2015
05-09-2015,38.88,16:50,16.92,2015
06-09-2015,36,Varias,14.04,2015
07-09-2015,33.84,17:00,14.04,2015
08-09-2015,29.16,12:10,9,2015
09-09-2015,38.88,14:50,11.16,2015
10-09-2015,27,12:40,10.08,2015
11-09-2015,27,15:20,10.08,2015
12-09-2015,27,05:00,6.12,2015
13-09-2015,56.88,04:20,18,2015
14-09-2015,39.96,16:10,18,2015
15-09-2015,72,23:10,15.84,2015
16-09-2015,74.88,05:50,30.96,2015
17-09-2015,39.96,00:20,16.92,2015
18-09-2015,24.12,05:30,7.92,2015
19-09-2015,34.92,13:50,6.84,2015
20-09-2015,23.04,21:10,7.92,2015
21-09-2015,28.08,23:30,7.92,2015
22-09-2015,33.12,08:20,11.88,2015
23-09-2015,20.88,05:30,6.84,2015
24-09-2015,21.96,15:20,7.92,2015
25-09-2015,20.88,16:10,5.04,2015
26-09-2015,20.16,15:10,7.92,2015
27-09-2015,28.08,18:40,7.92,2015
28-09-2015,23.04,19:50,9,2015
29-09-2015,39.96,16:40,9,2015
30-09-2015,30.96,14:00,7.92,2015
01-10-2015,18,14:00,5.04,2015
02-10-2015,19.08,13:20,7.92,2015
03-10-2015,19.08,07:50,2.88,2015
04-10-2015,69.12,10:00,23.04,2015
05-10-2015,69.84,14:50,19.08,2015
06-10-2015,56.88,00:20,20.16,2015
07-10-2015,18,15:00,7.92,2015
08-10-2015,24.12,18:20,7.92,2015
09-10-2015,24.12,12:30,9,2015
10-10-2015,36,10:10,7.92,2015
11-10-2015,30.96,18:00,11.88,2015
12-10-2015,50.04,16:10,21.96,2015
13-10-2015,39.96,13:20,18,2015
14-10-2015,33.12,16:50,11.88,2015
15-10-2015,23.04,00:00,7.92,2015
16-10-2015,23.04,05:10,6.12,2015
17-10-2015,41.04,20:20,7.92,2015
18-10-2015,23.04,17:30,6.12,2015
19-10-2015,51.12,23:30,19.08,2015
20-10-2015,51.12,14:20,20.16,2015
21-10-2015,33.84,15:40,14.04,2015
22-10-2015,21.96,00:00,6.12,2015
23-10-2015,28.08,Varias,9,2015
24-10-2015,30.96,17:50,12.96,2015
25-10-2015,33.84,22:00,3.96,2015
26-10-2015,51.12,12:50,14.04,2015
27-10-2015,45,15:40,11.88,2015
28-10-2015,60.12,21:10,15.12,2015
29-10-2015,65.16,21:20,11.16,2015
30-10-2015,61.92,03:20,15.84,2015
31-10-2015,63,09:30,11.16,2015
01-11-2015,42.12,17:00,11.16,2015
02-11-2015,25.92,22:40,6.12,2015
03-11-2015,41.04,11:40,12.96,2015
04-11-2015,50.04,13:40,11.16,2015
05-11-2015,51.12,06:10,20.16,2015
06-11-2015,54,02:00,10.08,2015
07-11-2015,28.08,09:50,6.84,2015
08-11-2015,50.04,11:30,11.88,2015
09-11-2015,18,00:00,3.96,2015
10-11-2015,15.84,15:50,6.84,2015
11-11-2015,18,23:59,6.12,2015
12-11-2015,24.12,15:30,0,2015
13-11-2015,32.04,15:10,9,2015
14-11-2015,15.12,08:20,5.04,2015
15-11-2015,28.08,23:30,3.96,2015
16-11-2015,33.84,20:50,10.08,2015
17-11-2015,33.84,11:30,11.16,2015
18-11-2015,32.04,09:50,11.16,2015
19-11-2015,25.92,12:20,6.84,2015
20-11-2015,69.12,23:50,18,2015
21-11-2015,66.96,01:00,24.84,2015
22-11-2015,69.84,04:50,24.12,2015
23-11-2015,24.12,00:00,3.96,2015
24-11-2015,41.04,16:00,11.16,2015
25-11-2015,37.08,02:40,14.04,2015
26-11-2015,36,08:50,15.12,2015
27-11-2015,61.92,20:40,6.12,2015
28-11-2015,42.12,00:10,9,2015
29-11-2015,20.88,07:30,5.04,2015
30-11-2015,15.84,22:20,2.88,2015
01-12-2015,20.16,03:50,3.96,2015
02-12-2015,27,03:40,10.08,2015
03-12-2015,63,14:10,18,2015
04-12-2015,34.92,08:00,12.96,2015
05-12-2015,29.88,07:10,9,2015
06-12-2015,36,13:30,11.16,2015
07-12-2015,60.84,20:00,18,2015
08-12-2015,34.92,02:10,9,2015
09-12-2015,20.88,Varias,6.12,2015
10-12-2015,20.88,12:00,5.04,2015
11-12-2015,23.04,23:50,6.12,2015
12-12-2015,21.96,00:00,9,2015
13-12-2015,60.12,21:00,12.96,2015
14-12-2015,59.04,01:40,15.12,2015
15-12-2015,65.88,12:50,21.96,2015
16-12-2015,60.84,04:20,16.92,2015
17-12-2015,61.92,13:30,18,2015
18-12-2015,59.04,23:40,12.96,2015
19-12-2015,69.12,12:00,24.12,2015
20-12-2015,38.88,11:20,9,2015
21-12-2015,51.12,16:10,16.92,2015
22-12-2015,66.96,07:10,24.12,2015
23-12-2015,32.04,19:30,7.92,2015
24-12-2015,55.08,16:20,15.84,2015
25-12-2015,51.84,06:10,16.92,2015
26-12-2015,43.92,11:20,15.84,2015
27-12-2015,48.96,17:00,15.84,2015
28-12-2015,74.88,12:20,16.92,2015
29-12-2015,60.84,18:00,20.16,2015
30-12-2015,75.96,13:00,32.04,2015
31-12-2015,34.92,14:20,11.16,2015
01-01-2016,69.84,10:50,20.88,2016
02-01-2016,48.96,01:20,15.12,2016
03-01-2016,69.12,13:20,20.88,2016
04-01-2016,64.08,15:00,24.12,2016
05-01-2016,77.04,Varias,38.88,2016
06-01-2016,69.12,16:40,23.04,2016
07-01-2016,73.08,02:20,20.88,2016
08-01-2016,65.16,01:30,12.96,2016
09-01-2016,83.88,10:50,23.04,2016
10-01-2016,78.12,23:50,20.88,2016
11-01-2016,75.96,00:00,27,2016
12-01-2016,47.88,06:30,14.04,2016
13-01-2016,60.12,12:50,15.12,2016
14-01-2016,52.92,00:30,23.04,2016
15-01-2016,41.04,01:20,9,2016
16-01-2016,23.04,10:30,6.12,2016
17-01-2016,55.08,19:40,11.88,2016
18-01-2016,73.08,08:20,20.88,2016
19-01-2016,32.04,14:50,9,2016
20-01-2016,29.88,22:30,11.16,2016
21-01-2016,41.04,14:10,10.08,2016
22-01-2016,34.92,05:20,11.88,2016
23-01-2016,34.92,13:20,10.08,2016
24-01-2016,57.96,19:00,11.88,2016
25-01-2016,41.04,01:10,10.08,2016
26-01-2016,39.96,12:50,15.84,2016
27-01-2016,54,20:30,15.84,2016
28-01-2016,64.08,10:10,19.08,2016
29-01-2016,27,22:40,6.84,2016
30-01-2016,50.04,Varias,18,2016
31-01-2016,41.04,00:00,14.04,2016
01-02-2016,20.88,05:50,7.92,2016
02-02-2016,33.12,21:30,12.96,2016
03-02-2016,38.88,08:20,20.88,2016
04-02-2016,18,04:40,5.04,2016
05-02-2016,45,13:30,12.96,2016
06-02-2016,83.16,10:20,24.84,2016
07-02-2016,64.08,01:40,21.96,2016
08-02-2016,64.08,23:50,23.04,2016
09-02-2016,83.88,05:00,28.08,2016
10-02-2016,65.88,08:50,20.16,2016
11-02-2016,52.92,23:40,15.84,2016
12-02-2016,65.16,23:40,24.12,2016
13-02-2016,82.08,18:20,28.08,2016
14-02-2016,92.16,18:20,37.08,2016
15-02-2016,75.96,07:40,32.04,2016
16-02-2016,25.92,00:50,7.92,2016
17-02-2016,46.08,Varias,15.12,2016
18-02-2016,46.08,00:40,7.92,2016
19-02-2016,27,16:10,9,2016
20-02-2016,18,Varias,5.04,2016
21-02-2016,23.04,16:20,10.08,2016
22-02-2016,34.92,14:20,11.88,2016
23-02-2016,42.84,15:40,14.04,2016
24-02-2016,41.04,01:30,15.12,2016
25-02-2016,43.92,02:50,6.84,2016
26-02-2016,69.12,19:30,19.08,2016
27-02-2016,78.12,11:20,30.96,2016
28-02-2016,63,02:10,30.96,2016
29-02-2016,47.16,00:50,14.04,2016
01-03-2016,37.08,14:50,9,2016
02-03-2016,46.08,07:40,15.84,2016
03-03-2016,42.12,15:50,12.96,2016
04-03-2016,74.16,Varias,29.88,2016
05-03-2016,57.96,07:00,20.16,2016
06-03-2016,61.92,23:20,15.12,2016
07-03-2016,68.04,08:10,24.12,2016
08-03-2016,34.92,01:50,7.92,2016
09-03-2016,54,06:50,20.88,2016
10-03-2016,55.08,06:10,16.92,2016
11-03-2016,45,16:40,20.16,2016
12-03-2016,42.12,17:50,14.04,2016
13-03-2016,38.16,16:00,11.88,2016
14-03-2016,30.96,00:10,7.92,2016
15-03-2016,28.08,Varias,9,2016
16-03-2016,43.92,16:00,15.84,2016
17-03-2016,32.04,14:00,12.96,2016
18-03-2016,28.08,14:50,7.92,2016
19-03-2016,30.96,17:10,11.88,2016
20-03-2016,42.84,09:00,18,2016
21-03-2016,42.12,15:30,21.96,2016
22-03-2016,38.88,15:00,15.12,2016
23-03-2016,42.12,16:10,20.88,2016
24-03-2016,24.12,16:00,9,2016
25-03-2016,43.92,17:40,12.96,2016
26-03-2016,70.92,11:30,24.12,2016
27-03-2016,74.16,13:40,27,2016
28-03-2016,65.88,00:20,20.16,2016
29-03-2016,34.92,03:50,10.08,2016
30-03-2016,64.08,20:50,20.88,2016
31-03-2016,54,01:30,15.12,2016
01-04-2016,23.04,14:30,7.92,2016
02-04-2016,64.08,21:40,10.08,2016
03-04-2016,61.92,10:00,18,2016
04-04-2016,37.08,05:30,10.08,2016
05-04-2016,29.88,02:10,9,2016
06-04-2016,38.88,17:10,12.96,2016
07-04-2016,42.12,19:50,20.88,2016
08-04-2016,36,23:10,9,2016
09-04-2016,41.04,19:00,15.84,2016
10-04-2016,61.92,07:20,18,2016
11-04-2016,56.88,14:00,19.08,2016
12-04-2016,69.84,16:20,15.12,2016
13-04-2016,46.08,11:30,12.96,2016
14-04-2016,56.16,00:50,19.08,2016
15-04-2016,20.88,09:00,6.12,2016
16-04-2016,36,22:30,6.12,2016
17-04-2016,33.12,19:30,11.16,2016
18-04-2016,42.84,Varias,12.96,2016
19-04-2016,28.08,17:10,7.92,2016
20-04-2016,24.12,15:39,7.92,2016
21-04-2016,36,09:30,10.08,2016
22-04-2016,21.96,13:40,6.84,2016
23-04-2016,42.12,07:20,11.16,2016
24-04-2016,39.96,18:30,15.12,2016
25-04-2016,43.92,14:50,15.84,2016
26-04-2016,42.12,Varias,18,2016
27-04-2016,42.12,17:50,15.84,2016
28-04-2016,50.04,12:50,24.12,2016
29-04-2016,51.12,15:00,20.16,2016
30-04-2016,47.88,15:20,20.16,2016
01-05-2016,47.16,15:20,16.92,2016
02-05-2016,54,17:00,15.12,2016
03-05-2016,36,Varias,14.04,2016
04-05-2016,20.88,14:10,7.92,2016
05-05-2016,24.12,15:50,7.92,2016
06-05-2016,29.88,08:20,10.08,2016
07-05-2016,43.92,12:50,15.12,2016
08-05-2016,52.92,11:50,14.04,2016
09-05-2016,46.08,01:00,12.96,2016
10-05-2016,36,15:40,6.12,2016
11-05-2016,32.04,08:50,9,2016
12-05-2016,32.04,13:10,12.96,2016
13-05-2016,38.88,11:40,15.12,2016
14-05-2016,30.96,01:50,11.88,2016
15-05-2016,42.12,16:30,11.88,2016
16-05-2016,37.08,12:30,11.88,2016
17-05-2016,28.08,Varias,10.08,2016
18-05-2016,34.92,18:30,11.16,2016
19-05-2016,25.92,01:50,10.08,2016
20-05-2016,28.08,15:10,6.84,2016
21-05-2016,33.84,15:20,7.92,2016
22-05-2016,43.92,01:30,15.84,2016
23-05-2016,29.88,Varias,11.88,2016
24-05-2016,41.04,14:30,14.04,2016
25-05-2016,38.88,16:00,6.12,2016
26-05-2016,24.12,12:50,9,2016
27-05-2016,46.08,12:10,9,2016
28-05-2016,39.96,22:10,9,2016
29-05-2016,51.12,13:10,20.88,2016
30-05-2016,28.08,00:10,11.16,2016
31-05-2016,42.12,17:00,19.08,2016
01-06-2016,43.92,13:10,18,2016
02-06-2016,23.04,00:00,6.84,2016
03-06-2016,30.96,13:20,10.08,2016
04-06-2016,25.92,16:10,7.92,2016
05-06-2016,18,14:50,6.12,2016
06-06-2016,33.84,09:50,10.08,2016
07-06-2016,20.88,15:00,6.84,2016
08-06-2016,28.08,13:00,7.92,2016
09-06-2016,24.12,16:10,6.12,2016
10-06-2016,29.88,12:30,14.04,2016
11-06-2016,38.16,16:40,12.96,2016
12-06-2016,38.16,12:30,12.96,2016
13-06-2016,47.16,12:50,18,2016
14-06-2016,59.04,13:30,19.08,2016
15-06-2016,45,16:10,15.84,2016
16-06-2016,52.92,13:10,19.08,2016
17-06-2016,33.84,09:50,15.12,2016
18-06-2016,28.08,03:10,11.16,2016
19-06-2016,28.08,15:00,11.16,2016
20-06-2016,19.08,14:30,7.92,2016
21-06-2016,27,18:10,9,2016
22-06-2016,30.96,23:59,9,2016
23-06-2016,30.96,00:00,7.92,2016
24-06-2016,41.04,10:10,15.84,2016
25-06-2016,47.88,12:20,20.16,2016
26-06-2016,45,13:00,20.88,2016
27-06-2016,42.12,17:10,11.88,2016
28-06-2016,23.04,11:00,6.84,2016
29-06-2016,24.84,14:50,11.16,2016
30-06-2016,32.04,Varias,11.88,2016
01-07-2016,28.08,10:20,9,2016
02-07-2016,29.88,Varias,11.88,2016
03-07-2016,55.08,14:00,21.96,2016
04-07-2016,43.92,14:50,20.88,2016
05-07-2016,43.92,19:30,23.04,2016
06-07-2016,34.92,00:40,9,2016
07-07-2016,29.88,11:20,6.84,2016
08-07-2016,21.96,14:40,9,2016
09-07-2016,25.92,15:20,9,2016
10-07-2016,39.96,14:30,14.04,2016
11-07-2016,29.88,15:10,11.16,2016
12-07-2016,27,11:30,11.16,2016
13-07-2016,47.16,15:50,15.84,2016
14-07-2016,42.84,19:10,20.16,2016
15-07-2016,37.08,16:10,11.88,2016
16-07-2016,20.88,09:10,7.92,2016
17-07-2016,16.92,13:20,5.04,2016
18-07-2016,33.12,15:10,7.92,2016
19-07-2016,42.84,13:20,15.12,2016
20-07-2016,29.16,11:10,12.96,2016
21-07-2016,37.08,17:20,11.88,2016
22-07-2016,36,16:10,15.12,2016
23-07-2016,39.96,18:00,15.84,2016
24-07-2016,46.08,14:30,14.04,2016
25-07-2016,39.96,11:20,14.04,2016
26-07-2016,48.96,Varias,20.16,2016
27-07-2016,43.92,14:40,18,2016
28-07-2016,47.16,12:50,23.04,2016
29-07-2016,42.12,17:40,20.88,2016
30-07-2016,39.96,14:30,19.08,2016
31-07-2016,36,18:20,15.84,2016
01-08-2016,32.04,11:20,9,2016
02-08-2016,24.12,12:40,9,2016
03-08-2016,29.16,18:10,10.08,2016
04-08-2016,39.96,11:00,11.88,2016
05-08-2016,36,14:30,10.08,2016
06-08-2016,32.04,Varias,9,2016
07-08-2016,42.12,14:00,10.08,2016
08-08-2016,39.96,16:50,11.88,2016
09-08-2016,55.08,17:30,20.88,2016
10-08-2016,51.84,15:30,27,2016
11-08-2016,43.92,Varias,20.16,2016
12-08-2016,20.88,03:10,6.12,2016
13-08-2016,23.04,15:20,7.92,2016
14-08-2016,29.88,22:10,6.12,2016
15-08-2016,24.84,10:00,6.12,2016
16-08-2016,33.12,17:20,15.12,2016
17-08-2016,37.08,09:00,12.96,2016
18-08-2016,34.92,23:30,6.84,2016
19-08-2016,46.08,01:30,18,2016
20-08-2016,25.92,12:00,12.96,2016
21-08-2016,29.88,14:10,6.84,2016
22-08-2016,37.08,23:10,6.12,2016
23-08-2016,28.08,00:00,7.92,2016
24-08-2016,21.96,18:00,7.92,2016
25-08-2016,27,15:00,10.08,2016
26-08-2016,33.12,02:10,9,2016
27-08-2016,32.04,13:40,12.96,2016
28-08-2016,24.84,10:50,7.92,2016
29-08-2016,42.12,17:10,15.12,2016
30-08-2016,27,00:10,7.92,2016
31-08-2016,43.92,14:10,15.84,2016
01-09-2016,33.84,16:00,5.04,2016
02-09-2016,34.92,14:20,7.92,2016
03-09-2016,28.08,12:40,6.84,2016
04-09-2016,24.12,16:00,6.12,2016
05-09-2016,24.12,17:30,9,2016
06-09-2016,24.84,17:50,3.96,2016
07-09-2016,37.08,05:20,14.04,2016
08-09-2016,24.12,13:30,10.08,2016
09-09-2016,38.88,16:40,12.96,2016
10-09-2016,27,12:00,7.92,2016
11-09-2016,24.84,10:50,6.12,2016
12-09-2016,46.08,Varias,15.84,2016
13-09-2016,46.08,11:10,14.04,2016
14-09-2016,46.08,16:40,18,2016
15-09-2016,43.92,03:10,15.12,2016
16-09-2016,28.08,18:10,11.88,2016
17-09-2016,41.04,17:40,12.96,2016
18-09-2016,37.08,Varias,14.04,2016
19-09-2016,37.08,14:30,11.16,2016
20-09-2016,42.12,12:50,20.88,2016
21-09-2016,25.92,13:50,7.92,2016
22-09-2016,20.88,14:00,6.84,2016
23-09-2016,24.12,13:30,6.84,2016
24-09-2016,52.92,14:50,12.96,2016
25-09-2016,30.96,00:50,7.92,2016
26-09-2016,25.92,19:00,6.84,2016
27-09-2016,24.84,00:40,7.92,2016
28-09-2016,24.12,15:30,6.84,2016
29-09-2016,23.04,15:10,6.84,2016
30-09-2016,24.84,11:00,2.88,2016
01-10-2016,33.12,13:10,14.04,2016
02-10-2016,19.08,14:00,6.12,2016
03-10-2016,19.08,14:20,6.84,2016
04-10-2016,29.16,16:10,6.84,2016
05-10-2016,28.08,14:40,7.92,2016
06-10-2016,24.12,14:40,3.96,2016
07-10-2016,19.08,14:10,6.84,2016
08-10-2016,36,17:20,10.08,2016
09-10-2016,38.16,13:20,18,2016
10-10-2016,20.88,16:30,5.04,2016
11-10-2016,33.84,16:20,10.08,2016
12-10-2016,27,19:10,6.84,2016
13-10-2016,46.08,11:40,12.96,2016
14-10-2016,39.96,15:40,16.92,2016
15-10-2016,38.16,14:40,14.04,2016
16-10-2016,34.92,06:00,12.96,2016
17-10-2016,20.88,20:20,6.84,2016
18-10-2016,36,17:20,9,2016
19-10-2016,39.96,14:40,7.92,2016
20-10-2016,41.04,15:00,14.04,2016
21-10-2016,21.96,11:00,6.12,2016
22-10-2016,61.92,23:00,6.84,2016
23-10-2016,51.84,14:30,12.96,2016
24-10-2016,32.04,08:50,10.08,2016
25-10-2016,20.88,08:10,3.96,2016
26-10-2016,15.84,05:40,6.12,2016
27-10-2016,21.96,22:10,6.84,2016
28-10-2016,15.12,06:30,6.12,2016
29-10-2016,18,16:40,3.96,2016
30-10-2016,19.08,14:50,5.04,2016
31-10-2016,16.92,08:00,6.12,2016
01-11-2016,19.08,01:00,6.84,2016
02-11-2016,20.16,06:50,7.92,2016
03-11-2016,21.96,18:30,5.04,2016
04-11-2016,45,21:30,5.04,2016
05-11-2016,43.92,08:50,12.96,2016
06-11-2016,51.12,16:50,12.96,2016
07-11-2016,37.08,05:10,5.04,2016
08-11-2016,64.08,23:00,11.88,2016
09-11-2016,50.04,17:50,15.12,2016
10-11-2016,33.84,00:30,11.88,2016
11-11-2016,24.84,19:10,10.08,2016
12-11-2016,29.16,08:00,9,2016
13-11-2016,33.84,16:40,11.88,2016
14-11-2016,43.92,13:40,18,2016
15-11-2016,37.08,03:00,9,2016
16-11-2016,29.88,17:50,12.96,2016
17-11-2016,33.84,20:30,7.92,2016
18-11-2016,50.04,20:00,15.12,2016
19-11-2016,69.12,16:40,20.88,2016
20-11-2016,64.08,22:40,15.84,2016
21-11-2016,64.08,03:10,18,2016
22-11-2016,27,Varias,11.16,2016
23-11-2016,37.08,06:00,16.92,2016
24-11-2016,61.92,11:10,20.88,2016
25-11-2016,33.84,15:40,15.84,2016
26-11-2016,27,17:20,9,2016
27-11-2016,15.12,19:00,3.96,2016
28-11-2016,32.04,16:20,7.92,2016
29-11-2016,19.08,10:00,6.12,2016
30-11-2016,30.96,10:10,7.92,2016
01-12-2016,24.12,04:10,7.92,2016
02-12-2016,20.16,23:59,5.04,2016
03-12-2016,24.12,14:40,9,2016
04-12-2016,24.12,06:20,7.92,2016
05-12-2016,16.92,04:00,6.84,2016
06-12-2016,24.12,10:40,7.92,2016
07-12-2016,28.08,12:30,9,2016
08-12-2016,29.88,12:00,10.08,2016
09-12-2016,39.96,09:10,10.08,2016
10-12-2016,45,13:30,11.88,2016
11-12-2016,28.08,07:10,11.16,2016
12-12-2016,20.16,03:50,3.96,2016
13-12-2016,51.12,19:40,14.04,2016
14-12-2016,54,Varias,15.12,2016
15-12-2016,48.96,14:20,14.04,2016
16-12-2016,52.92,02:50,21.96,2016
17-12-2016,29.88,Varias,9,2016
18-12-2016,33.84,17:40,10.08,2016
19-12-2016,38.16,16:30,16.92,2016
20-12-2016,33.12,04:00,5.04,2016
21-12-2016,19.08,07:50,7.92,2016
22-12-2016,34.92,13:30,14.04,2016
23-12-2016,28.08,15:20,7.92,2016
24-12-2016,21.96,02:10,3.96,2016
25-12-2016,15.84,Varias,5.04,2016
26-12-2016,28.08,Varias,11.88,2016
27-12-2016,19.08,03:00,6.12,2016
28-12-2016,15.12,07:20,5.04,2016
29-12-2016,15.12,Varias,6.12,2016
30-12-2016,20.88,08:40,3.96,2016
31-12-2016,16.92,00:10,6.12,2016
01-01-2016,69.84,10:50,20.88,2016
02-01-2016,48.96,01:20,15.12,2016
03-01-2016,69.12,13:20,20.88,2016
04-01-2016,64.08,15:00,24.12,2016
05-01-2016,77.04,Varias,38.88,2016
06-01-2016,69.12,16:40,23.04,2016
07-01-2016,73.08,02:20,20.88,2016
08-01-2016,65.16,01:30,12.96,2016
09-01-2016,83.88,10:50,23.04,2016
10-01-2016,78.12,23:50,20.88,2016
11-01-2016,75.96,00:00,27,2016
12-01-2016,47.88,06:30,14.04,2016
13-01-2016,60.12,12:50,15.12,2016
14-01-2016,52.92,00:30,23.04,2016
15-01-2016,41.04,01:20,9,2016
16-01-2016,23.04,10:30,6.12,2016
17-01-2016,55.08,19:40,11.88,2016
18-01-2016,73.08,08:20,20.88,2016
19-01-2016,32.04,14:50,9,2016
20-01-2016,29.88,22:30,11.16,2016
21-01-2016,41.04,14:10,10.08,2016
22-01-2016,34.92,05:20,11.88,2016
23-01-2016,34.92,13:20,10.08,2016
24-01-2016,57.96,19:00,11.88,2016
25-01-2016,41.04,01:10,10.08,2016
26-01-2016,39.96,12:50,15.84,2016
27-01-2016,54,20:30,15.84,2016
28-01-2016,64.08,10:10,19.08,2016
29-01-2016,27,22:40,6.84,2016
30-01-2016,50.04,Varias,18,2016
31-01-2016,41.04,00:00,14.04,2016
01-02-2016,20.88,05:50,7.92,2016
02-02-2016,33.12,21:30,12.96,2016
03-02-2016,38.88,08:20,20.88,2016
04-02-2016,18,04:40,5.04,2016
05-02-2016,45,13:30,12.96,2016
06-02-2016,83.16,10:20,24.84,2016
07-02-2016,64.08,01:40,21.96,2016
08-02-2016,64.08,23:50,23.04,2016
09-02-2016,83.88,05:00,28.08,2016
10-02-2016,65.88,08:50,20.16,2016
11-02-2016,52.92,23:40,15.84,2016
12-02-2016,65.16,23:40,24.12,2016
13-02-2016,82.08,18:20,28.08,2016
14-02-2016,92.16,18:20,37.08,2016
15-02-2016,75.96,07:40,32.04,2016
16-02-2016,25.92,00:50,7.92,2016
17-02-2016,46.08,Varias,15.12,2016
18-02-2016,46.08,00:40,7.92,2016
19-02-2016,27,16:10,9,2016
20-02-2016,18,Varias,5.04,2016
21-02-2016,23.04,16:20,10.08,2016
22-02-2016,34.92,14:20,11.88,2016
23-02-2016,42.84,15:40,14.04,2016
24-02-2016,41.04,01:30,15.12,2016
25-02-2016,43.92,02:50,6.84,2016
26-02-2016,69.12,19:30,19.08,2016
27-02-2016,78.12,11:20,30.96,2016
28-02-2016,63,02:10,30.96,2016
29-02-2016,47.16,00:50,14.04,2016
01-03-2016,37.08,14:50,9,2016
02-03-2016,46.08,07:40,15.84,2016
03-03-2016,42.12,15:50,12.96,2016
04-03-2016,74.16,Varias,29.88,2016
05-03-2016,57.96,07:00,20.16,2016
06-03-2016,61.92,23:20,15.12,2016
07-03-2016,68.04,08:10,24.12,2016
08-03-2016,34.92,01:50,7.92,2016
09-03-2016,54,06:50,20.88,2016
10-03-2016,55.08,06:10,16.92,2016
11-03-2016,45,16:40,20.16,2016
12-03-2016,42.12,17:50,14.04,2016
13-03-2016,38.16,16:00,11.88,2016
14-03-2016,30.96,00:10,7.92,2016
15-03-2016,28.08,Varias,9,2016
16-03-2016,43.92,16:00,15.84,2016
17-03-2016,32.04,14:00,12.96,2016
18-03-2016,28.08,14:50,7.92,2016
19-03-2016,30.96,17:10,11.88,2016
20-03-2016,42.84,09:00,18,2016
21-03-2016,42.12,15:30,21.96,2016
22-03-2016,38.88,15:00,15.12,2016
23-03-2016,42.12,16:10,20.88,2016
24-03-2016,24.12,16:00,9,2016
25-03-2016,43.92,17:40,12.96,2016
26-03-2016,70.92,11:30,24.12,2016
27-03-2016,74.16,13:40,27,2016
28-03-2016,65.88,00:20,20.16,2016
29-03-2016,34.92,03:50,10.08,2016
30-03-2016,64.08,20:50,20.88,2016
31-03-2016,54,01:30,15.12,2016
01-04-2016,23.04,14:30,7.92,2016
02-04-2016,64.08,21:40,10.08,2016
03-04-2016,61.92,10:00,18,2016
04-04-2016,37.08,05:30,10.08,2016
05-04-2016,29.88,02:10,9,2016
06-04-2016,38.88,17:10,12.96,2016
07-04-2016,42.12,19:50,20.88,2016
08-04-2016,36,23:10,9,2016
09-04-2016,41.04,19:00,15.84,2016
10-04-2016,61.92,07:20,18,2016
11-04-2016,56.88,14:00,19.08,2016
12-04-2016,69.84,16:20,15.12,2016
13-04-2016,46.08,11:30,12.96,2016
14-04-2016,56.16,00:50,19.08,2016
15-04-2016,20.88,09:00,6.12,2016
16-04-2016,36,22:30,6.12,2016
17-04-2016,33.12,19:30,11.16,2016
18-04-2016,42.84,Varias,12.96,2016
19-04-2016,28.08,17:10,7.92,2016
20-04-2016,24.12,15:39,7.92,2016
21-04-2016,36,09:30,10.08,2016
22-04-2016,21.96,13:40,6.84,2016
23-04-2016,42.12,07:20,11.16,2016
24-04-2016,39.96,18:30,15.12,2016
25-04-2016,43.92,14:50,15.84,2016
26-04-2016,42.12,Varias,18,2016
27-04-2016,42.12,17:50,15.84,2016
28-04-2016,50.04,12:50,24.12,2016
29-04-2016,51.12,15:00,20.16,2016
30-04-2016,47.88,15:20,20.16,2016
01-05-2016,47.16,15:20,16.92,2016
02-05-2016,54,17:00,15.12,2016
03-05-2016,36,Varias,14.04,2016
04-05-2016,20.88,14:10,7.92,2016
05-05-2016,24.12,15:50,7.92,2016
06-05-2016,29.88,08:20,10.08,2016
07-05-2016,43.92,12:50,15.12,2016
08-05-2016,52.92,11:50,14.04,2016
09-05-2016,46.08,01:00,12.96,2016
10-05-2016,36,15:40,6.12,2016
11-05-2016,32.04,08:50,9,2016
12-05-2016,32.04,13:10,12.96,2016
13-05-2016,38.88,11:40,15.12,2016
14-05-2016,30.96,01:50,11.88,2016
15-05-2016,42.12,16:30,11.88,2016
16-05-2016,37.08,12:30,11.88,2016
17-05-2016,28.08,Varias,10.08,2016
18-05-2016,34.92,18:30,11.16,2016
19-05-2016,25.92,01:50,10.08,2016
20-05-2016,28.08,15:10,6.84,2016
21-05-2016,33.84,15:20,7.92,2016
22-05-2016,43.92,01:30,15.84,2016
23-05-2016,29.88,Varias,11.88,2016
24-05-2016,41.04,14:30,14.04,2016
25-05-2016,38.88,16:00,6.12,2016
26-05-2016,24.12,12:50,9,2016
27-05-2016,46.08,12:10,9,2016
28-05-2016,39.96,22:10,9,2016
29-05-2016,51.12,13:10,20.88,2016
30-05-2016,28.08,00:10,11.16,2016
31-05-2016,42.12,17:00,19.08,2016
01-06-2016,43.92,13:10,18,2016
02-06-2016,23.04,00:00,6.84,2016
03-06-2016,30.96,13:20,10.08,2016
04-06-2016,25.92,16:10,7.92,2016
05-06-2016,18,14:50,6.12,2016
06-06-2016,33.84,09:50,10.08,2016
07-06-2016,20.88,15:00,6.84,2016
08-06-2016,28.08,13:00,7.92,2016
09-06-2016,24.12,16:10,6.12,2016
10-06-2016,29.88,12:30,14.04,2016
11-06-2016,38.16,16:40,12.96,2016
12-06-2016,38.16,12:30,12.96,2016
13-06-2016,47.16,12:50,18,2016
14-06-2016,59.04,13:30,19.08,2016
15-06-2016,45,16:10,15.84,2016
16-06-2016,52.92,13:10,19.08,2016
17-06-2016,33.84,09:50,15.12,2016
18-06-2016,28.08,03:10,11.16,2016
19-06-2016,28.08,15:00,11.16,2016
20-06-2016,19.08,14:30,7.92,2016
21-06-2016,27,18:10,9,2016
22-06-2016,30.96,23:59,9,2016
23-06-2016,30.96,00:00,7.92,2016
24-06-2016,41.04,10:10,15.84,2016
25-06-2016,47.88,12:20,20.16,2016
26-06-2016,45,13:00,20.88,2016
27-06-2016,42.12,17:10,11.88,2016
28-06-2016,23.04,11:00,6.84,2016
29-06-2016,24.84,14:50,11.16,2016
30-06-2016,32.04,Varias,11.88,2016
01-07-2016,28.08,10:20,9,2016
02-07-2016,29.88,Varias,11.88,2016
03-07-2016,55.08,14:00,21.96,2016
04-07-2016,43.92,14:50,20.88,2016
05-07-2016,43.92,19:30,23.04,2016
06-07-2016,34.92,00:40,9,2016
07-07-2016,29.88,11:20,6.84,2016
08-07-2016,21.96,14:40,9,2016
09-07-2016,25.92,15:20,9,2016
10-07-2016,39.96,14:30,14.04,2016
11-07-2016,29.88,15:10,11.16,2016
12-07-2016,27,11:30,11.16,2016
13-07-2016,47.16,15:50,15.84,2016
14-07-2016,42.84,19:10,20.16,2016
15-07-2016,37.08,16:10,11.88,2016
16-07-2016,20.88,09:10,7.92,2016
17-07-2016,16.92,13:20,5.04,2016
18-07-2016,33.12,15:10,7.92,2016
19-07-2016,42.84,13:20,15.12,2016
20-07-2016,29.16,11:10,12.96,2016
21-07-2016,37.08,17:20,11.88,2016
22-07-2016,36,16:10,15.12,2016
23-07-2016,39.96,18:00,15.84,2016
24-07-2016,46.08,14:30,14.04,2016
25-07-2016,39.96,11:20,14.04,2016
26-07-2016,48.96,Varias,20.16,2016
27-07-2016,43.92,14:40,18,2016
28-07-2016,47.16,12:50,23.04,2016
29-07-2016,42.12,17:40,20.88,2016
30-07-2016,39.96,14:30,19.08,2016
31-07-2016,36,18:20,15.84,2016
01-08-2016,32.04,11:20,9,2016
02-08-2016,24.12,12:40,9,2016
03-08-2016,29.16,18:10,10.08,2016
04-08-2016,39.96,11:00,11.88,2016
05-08-2016,36,14:30,10.08,2016
06-08-2016,32.04,Varias,9,2016
07-08-2016,42.12,14:00,10.08,2016
08-08-2016,39.96,16:50,11.88,2016
09-08-2016,55.08,17:30,20.88,2016
10-08-2016,51.84,15:30,27,2016
11-08-2016,43.92,Varias,20.16,2016
12-08-2016,20.88,03:10,6.12,2016
13-08-2016,23.04,15:20,7.92,2016
14-08-2016,29.88,22:10,6.12,2016
15-08-2016,24.84,10:00,6.12,2016
16-08-2016,33.12,17:20,15.12,2016
17-08-2016,37.08,09:00,12.96,2016
18-08-2016,34.92,23:30,6.84,2016
19-08-2016,46.08,01:30,18,2016
20-08-2016,25.92,12:00,12.96,2016
21-08-2016,29.88,14:10,6.84,2016
22-08-2016,37.08,23:10,6.12,2016
23-08-2016,28.08,00:00,7.92,2016
24-08-2016,21.96,18:00,7.92,2016
25-08-2016,27,15:00,10.08,2016
26-08-2016,33.12,02:10,9,2016
27-08-2016,32.04,13:40,12.96,2016
28-08-2016,24.84,10:50,7.92,2016
29-08-2016,42.12,17:10,15.12,2016
30-08-2016,27,00:10,7.92,2016
31-08-2016,43.92,14:10,15.84,2016
01-09-2016,33.84,16:00,5.04,2016
02-09-2016,34.92,14:20,7.92,2016
03-09-2016,28.08,12:40,6.84,2016
04-09-2016,24.12,16:00,6.12,2016
05-09-2016,24.12,17:30,9,2016
06-09-2016,24.84,17:50,3.96,2016
07-09-2016,37.08,05:20,14.04,2016
08-09-2016,24.12,13:30,10.08,2016
09-09-2016,38.88,16:40,12.96,2016
10-09-2016,27,12:00,7.92,2016
11-09-2016,24.84,10:50,6.12,2016
12-09-2016,46.08,Varias,15.84,2016
13-09-2016,46.08,11:10,14.04,2016
14-09-2016,46.08,16:40,18,2016
15-09-2016,43.92,03:10,15.12,2016
16-09-2016,28.08,18:10,11.88,2016
17-09-2016,41.04,17:40,12.96,2016
18-09-2016,37.08,Varias,14.04,2016
19-09-2016,37.08,14:30,11.16,2016
20-09-2016,42.12,12:50,20.88,2016
21-09-2016,25.92,13:50,7.92,2016
22-09-2016,20.88,14:00,6.84,2016
23-09-2016,24.12,13:30,6.84,2016
24-09-2016,52.92,14:50,12.96,2016
25-09-2016,30.96,00:50,7.92,2016
26-09-2016,25.92,19:00,6.84,2016
27-09-2016,24.84,00:40,7.92,2016
28-09-2016,24.12,15:30,6.84,2016
29-09-2016,23.04,15:10,6.84,2016
30-09-2016,24.84,11:00,2.88,2016
01-10-2016,33.12,13:10,14.04,2016
02-10-2016,19.08,14:00,6.12,2016
03-10-2016,19.08,14:20,6.84,2016
04-10-2016,29.16,16:10,6.84,2016
05-10-2016,28.08,14:40,7.92,2016
06-10-2016,24.12,14:40,3.96,2016
07-10-2016,19.08,14:10,6.84,2016
08-10-2016,36,17:20,10.08,2016
09-10-2016,38.16,13:20,18,2016
10-10-2016,20.88,16:30,5.04,2016
11-10-2016,33.84,16:20,10.08,2016
12-10-2016,27,19:10,6.84,2016
13-10-2016,46.08,11:40,12.96,2016
14-10-2016,39.96,15:40,16.92,2016
15-10-2016,38.16,14:40,14.04,2016
16-10-2016,34.92,06:00,12.96,2016
17-10-2016,20.88,20:20,6.84,2016
18-10-2016,36,17:20,9,2016
19-10-2016,39.96,14:40,7.92,2016
20-10-2016,41.04,15:00,14.04,2016
21-10-2016,21.96,11:00,6.12,2016
22-10-2016,61.92,23:00,6.84,2016
23-10-2016,51.84,14:30,12.96,2016
24-10-2016,32.04,08:50,10.08,2016
25-10-2016,20.88,08:10,3.96,2016
26-10-2016,15.84,05:40,6.12,2016
27-10-2016,21.96,22:10,6.84,2016
28-10-2016,15.12,06:30,6.12,2016
29-10-2016,18,16:40,3.96,2016
30-10-2016,19.08,14:50,5.04,2016
31-10-2016,16.92,08:00,6.12,2016
01-11-2016,19.08,01:00,6.84,2016
02-11-2016,20.16,06:50,7.92,2016
03-11-2016,21.96,18:30,5.04,2016
04-11-2016,45,21:30,5.04,2016
05-11-2016,43.92,08:50,12.96,2016
06-11-2016,51.12,16:50,12.96,2016
07-11-2016,37.08,05:10,5.04,2016
08-11-2016,64.08,23:00,11.88,2016
09-11-2016,50.04,17:50,15.12,2016
10-11-2016,33.84,00:30,11.88,2016
11-11-2016,24.84,19:10,10.08,2016
12-11-2016,29.16,08:00,9,2016
13-11-2016,33.84,16:40,11.88,2016
14-11-2016,43.92,13:40,18,2016
15-11-2016,37.08,03:00,9,2016
16-11-2016,29.88,17:50,12.96,2016
17-11-2016,33.84,20:30,7.92,2016
18-11-2016,50.04,20:00,15.12,2016
19-11-2016,69.12,16:40,20.88,2016
20-11-2016,64.08,22:40,15.84,2016
21-11-2016,64.08,03:10,18,2016
22-11-2016,27,Varias,11.16,2016
23-11-2016,37.08,06:00,16.92,2016
24-11-2016,61.92,11:10,20.88,2016
25-11-2016,33.84,15:40,15.84,2016
26-11-2016,27,17:20,9,2016
27-11-2016,15.12,19:00,3.96,2016
28-11-2016,32.04,16:20,7.92,2016
29-11-2016,19.08,10:00,6.12,2016
30-11-2016,30.96,10:10,7.92,2016
01-12-2016,24.12,04:10,7.92,2016
02-12-2016,20.16,23:59,5.04,2016
03-12-2016,24.12,14:40,9,2016
04-12-2016,24.12,06:20,7.92,2016
05-12-2016,16.92,04:00,6.84,2016
06-12-2016,24.12,10:40,7.92,2016
07-12-2016,28.08,12:30,9,2016
08-12-2016,29.88,12:00,10.08,2016
09-12-2016,39.96,09:10,10.08,2016
10-12-2016,45,13:30,11.88,2016
11-12-2016,28.08,07:10,11.16,2016
12-12-2016,20.16,03:50,3.96,2016
13-12-2016,51.12,19:40,14.04,2016
14-12-2016,54,Varias,15.12,2016
15-12-2016,48.96,14:20,14.04,2016
16-12-2016,52.92,02:50,21.96,2016
17-12-2016,29.88,Varias,9,2016
18-12-2016,33.84,17:40,10.08,2016
19-12-2016,38.16,16:30,16.92,2016
20-12-2016,33.12,04:00,5.04,2016
21-12-2016,19.08,07:50,7.92,2016
22-12-2016,34.92,13:30,14.04,2016
23-12-2016,28.08,15:20,7.92,2016
24-12-2016,21.96,02:10,3.96,2016
25-12-2016,15.84,Varias,5.04,2016
26-12-2016,28.08,Varias,11.88,2016
27-12-2016,19.08,03:00,6.12,2016
28-12-2016,15.12,07:20,5.04,2016
29-12-2016,15.12,Varias,6.12,2016
30-12-2016,20.88,08:40,3.96,2016
31-12-2016,16.92,00:10,6.12,2016
01-01-2017,42.12,20:50,5.04,2017
02-01-2017,32.04,12:30,11.88,2017
03-01-2017,30.96,Varias,6.84,2017
04-01-2017,18,07:30,5.04,2017
05-01-2017,18,17:00,5.04,2017
06-01-2017,19.08,18:50,6.12,2017
07-01-2017,15.84,23:59,3.96,2017
08-01-2017,19.08,08:00,5.04,2017
09-01-2017,25.92,21:40,3.96,2017
10-01-2017,41.04,14:30,11.88,2017
11-01-2017,23.04,Varias,6.12,2017
12-01-2017,77.04,16:30,15.12,2017
13-01-2017,55.08,12:20,15.84,2017
14-01-2017,32.04,Varias,6.84,2017
15-01-2017,34.92,16:00,6.84,2017
16-01-2017,29.88,14:40,9,2017
17-01-2017,46.08,23:10,16.92,2017
18-01-2017,59.04,16:10,20.88,2017
19-01-2017,41.04,02:40,15.84,2017
20-01-2017,33.12,17:40,9,2017
21-01-2017,27,05:40,7.92,2017
22-01-2017,23.04,16:30,6.84,2017
23-01-2017,28.08,17:20,9,2017
24-01-2017,21.96,08:00,6.84,2017
25-01-2017,28.08,15:30,6.84,2017
26-01-2017,57.96,11:10,10.08,2017
27-01-2017,56.16,15:00,19.08,2017
28-01-2017,38.88,03:40,12.96,2017
29-01-2017,61.92,03:20,12.96,2017
30-01-2017,70.92,22:20,18,2017
31-01-2017,59.04,01:10,7.92,2017
01-02-2017,77.04,22:00,15.84,2017
02-02-2017,87.12,03:20,25.92,2017
03-02-2017,105.12,05:10,37.08,2017
04-02-2017,84.96,23:30,20.88,2017
05-02-2017,88.92,02:10,24.84,2017
06-02-2017,50.04,16:20,20.88,2017
07-02-2017,54,12:40,20.16,2017
08-02-2017,29.88,00:30,5.04,2017
09-02-2017,56.16,21:00,11.16,2017
10-02-2017,48.96,01:20,11.88,2017
11-02-2017,52.92,11:50,24.84,2017
12-02-2017,43.92,03:10,11.88,2017
13-02-2017,41.04,11:10,9,2017
14-02-2017,47.88,11:20,9,2017
15-02-2017,19.08,07:30,6.12,2017
16-02-2017,20.88,19:20,6.84,2017
17-02-2017,19.08,15:10,6.12,2017
18-02-2017,28.08,11:40,11.16,2017
19-02-2017,39.96,17:20,14.04,2017
20-02-2017,38.88,14:10,11.88,2017
21-02-2017,33.12,15:30,14.04,2017
22-02-2017,25.92,23:20,6.84,2017
23-02-2017,38.88,22:20,6.12,2017
24-02-2017,39.96,00:40,19.08,2017
25-02-2017,41.04,15:20,12.96,2017
26-02-2017,38.16,14:00,11.88,2017
27-02-2017,69.12,14:40,23.04,2017
28-02-2017,65.88,03:40,16.92,2017
01-03-2017,59.04,12:10,18,2017
02-03-2017,55.08,13:10,15.12,2017
03-03-2017,56.88,12:00,18,2017
04-03-2017,63,22:50,18,2017
05-03-2017,61.92,00:10,15.84,2017
06-03-2017,68.04,01:50,11.88,2017
07-03-2017,33.84,Varias,12.96,2017
08-03-2017,24.12,Varias,6.84,2017
09-03-2017,18,08:50,5.04,2017
10-03-2017,33.84,Varias,11.16,2017
11-03-2017,59.04,08:50,19.08,2017
12-03-2017,63,15:40,24.12,2017
13-03-2017,47.88,00:30,20.16,2017
14-03-2017,50.04,Varias,0,2017
15-03-2017,19.08,11:00,7.92,2017
16-03-2017,30.96,19:50,9,2017
17-03-2017,46.08,14:10,15.84,2017
18-03-2017,42.84,14:00,16.92,2017
19-03-2017,34.92,18:10,12.96,2017
20-03-2017,43.92,23:50,9,2017
21-03-2017,48.96,23:00,11.16,2017
22-03-2017,64.08,03:50,27,2017
23-03-2017,63,20:20,20.16,2017
24-03-2017,42.12,18:30,12.96,2017
25-03-2017,24.84,00:50,6.12,2017
26-03-2017,46.08,11:50,15.84,2017
27-03-2017,61.92,14:00,15.84,2017
28-03-2017,48.96,11:40,14.04,2017
29-03-2017,56.16,15:00,14.04,2017
30-03-2017,74.16,16:40,19.08,2017
31-03-2017,56.88,17:10,19.08,2017
01-04-2017,56.16,05:20,18,2017
02-04-2017,41.04,16:10,11.16,2017
03-04-2017,28.08,14:40,11.16,2017
04-04-2017,47.16,13:20,21.96,2017
05-04-2017,50.04,12:40,25.92,2017
06-04-2017,38.16,16:40,9,2017
07-04-2017,20.88,05:10,6.84,2017
08-04-2017,28.08,15:00,6.84,2017
09-04-2017,21.96,18:40,6.12,2017
10-04-2017,25.92,14:30,11.16,2017
11-04-2017,25.92,14:00,9,2017
12-04-2017,19.08,13:10,10.08,2017
13-04-2017,36,14:20,6.12,2017
14-04-2017,33.12,13:40,11.88,2017
15-04-2017,43.92,16:10,12.96,2017
16-04-2017,24.12,18:00,9,2017
17-04-2017,19.08,05:40,7.92,2017
18-04-2017,41.04,15:20,14.04,2017
19-04-2017,63,18:00,29.88,2017
20-04-2017,48.96,00:00,21.96,2017
21-04-2017,23.04,00:40,6.84,2017
22-04-2017,23.04,14:20,10.08,2017
23-04-2017,20.16,13:50,6.84,2017
24-04-2017,25.92,Varias,10.08,2017
25-04-2017,47.16,19:30,15.12,2017
26-04-2017,55.08,Varias,20.88,2017
27-04-2017,51.84,11:30,20.88,2017
28-04-2017,48.96,15:50,20.16,2017
29-04-2017,60.84,22:30,16.92,2017
30-04-2017,66.96,09:40,28.08,2017
01-05-2017,45,12:30,16.92,2017
02-05-2017,27,14:20,10.08,2017
03-05-2017,20.88,14:00,6.12,2017
04-05-2017,47.88,16:10,10.08,2017
05-05-2017,54,23:40,11.88,2017
06-05-2017,43.92,12:00,14.04,2017
07-05-2017,29.88,13:50,7.92,2017
08-05-2017,23.04,07:10,10.08,2017
09-05-2017,36,15:01,6.84,2017
10-05-2017,45,21:20,7.92,2017
11-05-2017,56.16,15:30,20.16,2017
12-05-2017,36,16:20,12.96,2017
13-05-2017,56.16,11:20,16.92,2017
14-05-2017,50.04,17:00,19.08,2017
15-05-2017,29.88,11:20,6.84,2017
16-05-2017,30.96,11:20,7.92,2017
17-05-2017,41.04,16:20,10.08,2017
18-05-2017,38.88,Varias,16.92,2017
19-05-2017,41.04,16:30,19.08,2017
20-05-2017,36,16:30,12.96,2017
21-05-2017,42.84,17:10,12.96,2017
22-05-2017,34.92,18:10,12.96,2017
23-05-2017,21.96,01:10,10.08,2017
24-05-2017,25.92,17:20,10.08,2017
25-05-2017,32.04,12:50,6.84,2017
26-05-2017,42.12,12:00,9,2017
27-05-2017,23.04,16:10,7.92,2017
28-05-2017,25.92,15:40,3.96,2017
29-05-2017,24.12,16:50,9,2017
30-05-2017,24.12,16:40,7.92,2017
31-05-2017,24.84,16:20,7.92,2017
01-06-2017,24.84,13:50,9,2017
02-06-2017,36,23:59,12.96,2017
03-06-2017,36,Varias,14.04,2017
04-06-2017,24.84,11:50,9,2017
05-06-2017,56.88,19:10,20.88,2017
06-06-2017,29.16,01:40,12.96,2017
07-06-2017,27,14:30,9,2017
08-06-2017,29.88,18:20,11.16,2017
09-06-2017,25.92,13:40,10.08,2017
10-06-2017,30.96,15:20,14.04,2017
11-06-2017,36,19:30,12.96,2017
12-06-2017,38.88,14:10,20.16,2017
13-06-2017,29.88,18:20,11.16,2017
14-06-2017,25.92,13:10,11.88,2017
15-06-2017,39.96,Varias,15.12,2017
16-06-2017,39.96,00:00,11.16,2017
17-06-2017,19.08,16:30,6.84,2017
18-06-2017,28.08,15:10,5.04,2017
19-06-2017,24.84,13:40,3.96,2017
20-06-2017,21.96,13:00,7.92,2017
21-06-2017,23.04,10:00,6.12,2017
22-06-2017,20.88,Varias,7.92,2017
23-06-2017,27,15:10,10.08,2017
24-06-2017,25.92,13:20,7.92,2017
25-06-2017,41.04,13:30,15.84,2017
26-06-2017,33.84,11:30,10.08,2017
27-06-2017,48.96,14:40,11.88,2017
28-06-2017,56.88,02:10,23.04,2017
29-06-2017,57.96,06:00,24.12,2017
30-06-2017,47.88,01:30,15.12,2017
01-07-2017,28.08,13:00,11.16,2017
02-07-2017,47.16,16:40,15.84,2017
03-07-2017,23.04,Varias,6.84,2017
04-07-2017,37.08,12:50,16.92,2017
05-07-2017,37.08,15:10,9,2017
06-07-2017,23.04,11:50,10.08,2017
07-07-2017,29.16,22:50,6.84,2017
08-07-2017,34.92,15:10,15.84,2017
09-07-2017,29.88,14:20,9,2017
10-07-2017,25.92,18:30,10.08,2017
11-07-2017,42.84,14:50,14.04,2017
12-07-2017,24.84,00:20,10.08,2017
13-07-2017,42.12,16:10,18,2017
14-07-2017,48.96,19:20,20.88,2017
15-07-2017,45,16:30,19.08,2017
16-07-2017,29.88,17:50,11.16,2017
17-07-2017,36,18:40,10.08,2017
18-07-2017,47.16,14:00,15.12,2017
19-07-2017,42.12,13:30,15.12,2017
20-07-2017,24.84,14:20,11.16,2017
21-07-2017,48.96,14:10,15.12,2017
22-07-2017,34.92,14:20,15.84,2017
23-07-2017,34.92,Varias,10.08,2017
24-07-2017,24.12,12:10,10.08,2017
25-07-2017,29.88,15:20,11.88,2017
26-07-2017,29.16,12:30,11.16,2017
27-07-2017,24.12,08:20,7.92,2017
28-07-2017,24.84,19:20,9,2017
29-07-2017,65.88,15:30,20.16,2017
30-07-2017,41.04,14:20,15.84,2017
31-07-2017,25.92,14:50,9,2017
01-08-2017,24.12,Varias,7.92,2017
02-08-2017,42.84,18:30,15.84,2017
03-08-2017,33.12,22:30,9,2017
04-08-2017,36,09:10,10.08,2017
05-08-2017,48.96,16:30,18,2017
06-08-2017,45,13:30,21.96,2017
07-08-2017,47.16,06:50,16.92,2017
08-08-2017,32.04,13:10,11.88,2017
09-08-2017,38.88,00:20,18,2017
10-08-2017,51.12,14:40,19.08,2017
11-08-2017,47.16,14:10,18,2017
12-08-2017,51.12,15:20,18,2017
13-08-2017,30.96,15:30,6.12,2017
14-08-2017,38.16,10:40,10.08,2017
15-08-2017,24.12,04:40,9,2017
16-08-2017,42.84,16:40,15.84,2017
17-08-2017,37.08,15:50,15.84,2017
18-08-2017,36,16:00,14.04,2017
19-08-2017,42.12,14:30,16.92,2017
20-08-2017,27,12:00,7.92,2017
21-08-2017,29.88,14:40,7.92,2017
22-08-2017,25.92,10:40,9,2017
23-08-2017,37.08,17:20,10.08,2017
24-08-2017,30.96,20:10,10.08,2017
25-08-2017,21.96,13:40,9,2017
26-08-2017,27,15:50,11.16,2017
27-08-2017,37.08,14:10,10.08,2017
28-08-2017,24.12,06:00,10.08,2017
29-08-2017,33.84,16:10,11.88,2017
30-08-2017,33.12,17:50,9,2017
31-08-2017,36,15:40,12.96,2017
01-09-2017,37.08,16:00,11.88,2017
02-09-2017,24.12,14:00,6.84,2017
03-09-2017,47.16,16:50,15.84,2017
04-09-2017,28.08,02:30,7.92,2017
05-09-2017,29.88,Varias,12.96,2017
06-09-2017,42.84,Varias,15.84,2017
07-09-2017,33.84,15:00,12.96,2017
08-09-2017,46.08,16:40,9,2017
09-09-2017,36,04:00,12.96,2017
10-09-2017,36,10:30,11.88,2017
11-09-2017,41.04,15:20,15.12,2017
12-09-2017,38.88,16:30,12.96,2017
13-09-2017,33.12,14:10,11.16,2017
14-09-2017,42.12,01:20,15.12,2017
15-09-2017,37.08,01:40,10.08,2017
16-09-2017,24.12,03:00,7.92,2017
17-09-2017,39.96,23:59,12.96,2017
18-09-2017,39.96,00:00,12.96,2017
19-09-2017,20.88,14:50,6.84,2017
20-09-2017,20.88,13:30,3.96,2017
21-09-2017,30.96,Varias,14.04,2017
22-09-2017,36,12:00,14.04,2017
23-09-2017,33.12,13:20,10.08,2017
24-09-2017,36,14:50,11.16,2017
25-09-2017,24.12,01:10,9,2017
26-09-2017,24.12,14:20,6.12,2017
27-09-2017,36,12:00,11.88,2017
28-09-2017,37.08,13:20,9,2017
29-09-2017,33.84,13:30,7.92,2017
30-09-2017,24.84,13:30,6.12,2017
01-10-2017,29.88,Varias,14.04,2017
02-10-2017,24.12,13:20,7.92,2017
03-10-2017,29.16,17:30,10.08,2017
04-10-2017,29.88,18:00,7.92,2017
05-10-2017,36,12:30,14.04,2017
06-10-2017,38.16,18:40,15.12,2017
07-10-2017,15.12,Varias,6.12,2017
08-10-2017,16.92,13:00,7.92,2017
09-10-2017,15.84,13:10,6.12,2017
10-10-2017,15.12,05:30,5.04,2017
11-10-2017,34.92,15:00,12.96,2017
12-10-2017,19.08,15:20,6.84,2017
13-10-2017,19.08,14:10,7.92,2017
14-10-2017,18,06:40,5.04,2017
15-10-2017,65.16,22:30,18,2017
16-10-2017,64.08,01:00,10.08,2017
17-10-2017,45,18:00,15.84,2017
18-10-2017,34.92,14:00,11.16,2017
19-10-2017,41.04,13:40,14.04,2017
20-10-2017,61.92,14:50,15.84,2017
21-10-2017,50.04,04:30,15.12,2017
22-10-2017,15.84,17:00,5.04,2017
23-10-2017,14.04,00:00,7.92,2017
24-10-2017,23.04,13:00,6.12,2017
25-10-2017,33.84,15:10,11.88,2017
26-10-2017,30.96,09:10,3.96,2017
27-10-2017,20.88,05:40,5.04,2017
28-10-2017,30.96,15:10,7.92,2017
29-10-2017,42.12,15:50,16.92,2017
30-10-2017,43.92,20:40,16.92,2017
31-10-2017,29.16,08:30,6.84,2017
01-11-2017,38.88,11:40,11.88,2017
02-11-2017,37.08,08:40,9,2017
03-11-2017,24.12,03:10,5.04,2017
04-11-2017,51.12,14:40,12.96,2017
05-11-2017,34.92,00:10,11.16,2017
06-11-2017,21.96,18:00,6.84,2017
07-11-2017,46.08,20:20,12.96,2017
08-11-2017,37.08,12:10,10.08,2017
09-11-2017,33.84,18:30,5.04,2017
10-11-2017,33.84,08:10,7.92,2017
11-11-2017,21.96,21:30,3.96,2017
12-11-2017,34.92,13:20,10.08,2017
13-11-2017,36,15:30,18,2017
14-11-2017,28.08,02:40,9,2017
15-11-2017,18,02:00,3.96,2017
16-11-2017,24.84,15:30,6.12,2017
17-11-2017,24.84,18:30,6.84,2017
18-11-2017,32.04,16:50,7.92,2017
19-11-2017,21.96,05:10,6.84,2017
20-11-2017,20.88,Varias,3.96,2017
21-11-2017,48.96,21:00,7.92,2017
22-11-2017,79.92,Varias,24.12,2017
23-11-2017,46.08,13:30,12.96,2017
24-11-2017,30.96,19:50,2.88,2017
25-11-2017,45,13:50,18,2017
26-11-2017,32.04,17:40,9,2017
27-11-2017,18,10:00,6.12,2017
28-11-2017,33.84,20:20,3.96,2017
29-11-2017,52.92,10:20,9,2017
30-11-2017,25.92,10:50,7.92,2017
01-12-2017,55.08,10:00,18,2017
02-12-2017,29.88,14:30,9,2017
03-12-2017,27,18:20,9,2017
04-12-2017,23.04,10:40,5.04,2017
05-12-2017,19.08,09:20,7.92,2017
06-12-2017,33.12,20:40,10.08,2017
07-12-2017,47.16,14:40,14.04,2017
08-12-2017,28.08,12:20,7.92,2017
09-12-2017,55.08,15:20,18,2017
10-12-2017,97.92,19:10,32.04,2017
11-12-2017,78.84,04:30,20.88,2017
12-12-2017,39.96,04:50,10.08,2017
13-12-2017,54,13:30,20.16,2017
14-12-2017,43.92,16:30,15.84,2017
15-12-2017,45,04:00,15.12,2017
16-12-2017,30.96,01:00,6.84,2017
17-12-2017,16.92,06:30,3.96,2017
18-12-2017,21.96,23:00,6.12,2017
19-12-2017,28.08,03:40,9,2017
20-12-2017,15.12,08:40,5.04,2017
21-12-2017,16.92,09:50,3.96,2017
22-12-2017,32.04,16:00,6.84,2017
23-12-2017,24.12,17:10,7.92,2017
24-12-2017,21.96,16:40,6.84,2017
25-12-2017,60.12,16:40,19.08,2017
26-12-2017,84.96,19:00,24.84,2017
27-12-2017,77.04,00:30,18,2017
28-12-2017,52.92,06:00,19.08,2017
29-12-2017,56.16,Varias,19.08,2017
30-12-2017,60.12,13:20,21.96,2017
31-12-2017,88.92,13:30,24.84,2017
01-01-2017,42.12,20:50,5.04,2017
02-01-2017,32.04,12:30,11.88,2017
03-01-2017,30.96,Varias,6.84,2017
04-01-2017,18,07:30,5.04,2017
05-01-2017,18,17:00,5.04,2017
06-01-2017,19.08,18:50,6.12,2017
07-01-2017,15.84,23:59,3.96,2017
08-01-2017,19.08,08:00,5.04,2017
09-01-2017,25.92,21:40,3.96,2017
10-01-2017,41.04,14:30,11.88,2017
11-01-2017,23.04,Varias,6.12,2017
12-01-2017,77.04,16:30,15.12,2017
13-01-2017,55.08,12:20,15.84,2017
14-01-2017,32.04,Varias,6.84,2017
15-01-2017,34.92,16:00,6.84,2017
16-01-2017,29.88,14:40,9,2017
17-01-2017,46.08,23:10,16.92,2017
18-01-2017,59.04,16:10,20.88,2017
19-01-2017,41.04,02:40,15.84,2017
20-01-2017,33.12,17:40,9,2017
21-01-2017,27,05:40,7.92,2017
22-01-2017,23.04,16:30,6.84,2017
23-01-2017,28.08,17:20,9,2017
24-01-2017,21.96,08:00,6.84,2017
25-01-2017,28.08,15:30,6.84,2017
26-01-2017,57.96,11:10,10.08,2017
27-01-2017,56.16,15:00,19.08,2017
28-01-2017,38.88,03:40,12.96,2017
29-01-2017,61.92,03:20,12.96,2017
30-01-2017,70.92,22:20,18,2017
31-01-2017,59.04,01:10,7.92,2017
01-02-2017,77.04,22:00,15.84,2017
02-02-2017,87.12,03:20,25.92,2017
03-02-2017,105.12,05:10,37.08,2017
04-02-2017,84.96,23:30,20.88,2017
05-02-2017,88.92,02:10,24.84,2017
06-02-2017,50.04,16:20,20.88,2017
07-02-2017,54,12:40,20.16,2017
08-02-2017,29.88,00:30,5.04,2017
09-02-2017,56.16,21:00,11.16,2017
10-02-2017,48.96,01:20,11.88,2017
11-02-2017,52.92,11:50,24.84,2017
12-02-2017,43.92,03:10,11.88,2017
13-02-2017,41.04,11:10,9,2017
14-02-2017,47.88,11:20,9,2017
15-02-2017,19.08,07:30,6.12,2017
16-02-2017,20.88,19:20,6.84,2017
17-02-2017,19.08,15:10,6.12,2017
18-02-2017,28.08,11:40,11.16,2017
19-02-2017,39.96,17:20,14.04,2017
20-02-2017,38.88,14:10,11.88,2017
21-02-2017,33.12,15:30,14.04,2017
22-02-2017,25.92,23:20,6.84,2017
23-02-2017,38.88,22:20,6.12,2017
24-02-2017,39.96,00:40,19.08,2017
25-02-2017,41.04,15:20,12.96,2017
26-02-2017,38.16,14:00,11.88,2017
27-02-2017,69.12,14:40,23.04,2017
28-02-2017,65.88,03:40,16.92,2017
01-03-2017,59.04,12:10,18,2017
02-03-2017,55.08,13:10,15.12,2017
03-03-2017,56.88,12:00,18,2017
04-03-2017,63,22:50,18,2017
05-03-2017,61.92,00:10,15.84,2017
06-03-2017,68.04,01:50,11.88,2017
07-03-2017,33.84,Varias,12.96,2017
08-03-2017,24.12,Varias,6.84,2017
09-03-2017,18,08:50,5.04,2017
10-03-2017,33.84,Varias,11.16,2017
11-03-2017,59.04,08:50,19.08,2017
12-03-2017,63,15:40,24.12,2017
13-03-2017,47.88,00:30,20.16,2017
14-03-2017,50.04,Varias,0,2017
15-03-2017,19.08,11:00,7.92,2017
16-03-2017,30.96,19:50,9,2017
17-03-2017,46.08,14:10,15.84,2017
18-03-2017,42.84,14:00,16.92,2017
19-03-2017,34.92,18:10,12.96,2017
20-03-2017,43.92,23:50,9,2017
21-03-2017,48.96,23:00,11.16,2017
22-03-2017,64.08,03:50,27,2017
23-03-2017,63,20:20,20.16,2017
24-03-2017,42.12,18:30,12.96,2017
25-03-2017,24.84,00:50,6.12,2017
26-03-2017,46.08,11:50,15.84,2017
27-03-2017,61.92,14:00,15.84,2017
28-03-2017,48.96,11:40,14.04,2017
29-03-2017,56.16,15:00,14.04,2017
30-03-2017,74.16,16:40,19.08,2017
31-03-2017,56.88,17:10,19.08,2017
01-04-2017,56.16,05:20,18,2017
02-04-2017,41.04,16:10,11.16,2017
03-04-2017,28.08,14:40,11.16,2017
04-04-2017,47.16,13:20,21.96,2017
05-04-2017,50.04,12:40,25.92,2017
06-04-2017,38.16,16:40,9,2017
07-04-2017,20.88,05:10,6.84,2017
08-04-2017,28.08,15:00,6.84,2017
09-04-2017,21.96,18:40,6.12,2017
10-04-2017,25.92,14:30,11.16,2017
11-04-2017,25.92,14:00,9,2017
12-04-2017,19.08,13:10,10.08,2017
13-04-2017,36,14:20,6.12,2017
14-04-2017,33.12,13:40,11.88,2017
15-04-2017,43.92,16:10,12.96,2017
16-04-2017,24.12,18:00,9,2017
17-04-2017,19.08,05:40,7.92,2017
18-04-2017,41.04,15:20,14.04,2017
19-04-2017,63,18:00,29.88,2017
20-04-2017,48.96,00:00,21.96,2017
21-04-2017,23.04,00:40,6.84,2017
22-04-2017,23.04,14:20,10.08,2017
23-04-2017,20.16,13:50,6.84,2017
24-04-2017,25.92,Varias,10.08,2017
25-04-2017,47.16,19:30,15.12,2017
26-04-2017,55.08,Varias,20.88,2017
27-04-2017,51.84,11:30,20.88,2017
28-04-2017,48.96,15:50,20.16,2017
29-04-2017,60.84,22:30,16.92,2017
30-04-2017,66.96,09:40,28.08,2017
01-05-2017,45,12:30,16.92,2017
02-05-2017,27,14:20,10.08,2017
03-05-2017,20.88,14:00,6.12,2017
04-05-2017,47.88,16:10,10.08,2017
05-05-2017,54,23:40,11.88,2017
06-05-2017,43.92,12:00,14.04,2017
07-05-2017,29.88,13:50,7.92,2017
08-05-2017,23.04,07:10,10.08,2017
09-05-2017,36,15:01,6.84,2017
10-05-2017,45,21:20,7.92,2017
11-05-2017,56.16,15:30,20.16,2017
12-05-2017,36,16:20,12.96,2017
13-05-2017,56.16,11:20,16.92,2017
14-05-2017,50.04,17:00,19.08,2017
15-05-2017,29.88,11:20,6.84,2017
16-05-2017,30.96,11:20,7.92,2017
17-05-2017,41.04,16:20,10.08,2017
18-05-2017,38.88,Varias,16.92,2017
19-05-2017,41.04,16:30,19.08,2017
20-05-2017,36,16:30,12.96,2017
21-05-2017,42.84,17:10,12.96,2017
22-05-2017,34.92,18:10,12.96,2017
23-05-2017,21.96,01:10,10.08,2017
24-05-2017,25.92,17:20,10.08,2017
25-05-2017,32.04,12:50,6.84,2017
26-05-2017,42.12,12:00,9,2017
27-05-2017,23.04,16:10,7.92,2017
28-05-2017,25.92,15:40,3.96,2017
29-05-2017,24.12,16:50,9,2017
30-05-2017,24.12,16:40,7.92,2017
31-05-2017,24.84,16:20,7.92,2017
01-06-2017,24.84,13:50,9,2017
02-06-2017,36,23:59,12.96,2017
03-06-2017,36,Varias,14.04,2017
04-06-2017,24.84,11:50,9,2017
05-06-2017,56.88,19:10,20.88,2017
06-06-2017,29.16,01:40,12.96,2017
07-06-2017,27,14:30,9,2017
08-06-2017,29.88,18:20,11.16,2017
09-06-2017,25.92,13:40,10.08,2017
10-06-2017,30.96,15:20,14.04,2017
11-06-2017,36,19:30,12.96,2017
12-06-2017,38.88,14:10,20.16,2017
13-06-2017,29.88,18:20,11.16,2017
14-06-2017,25.92,13:10,11.88,2017
15-06-2017,39.96,Varias,15.12,2017
16-06-2017,39.96,00:00,11.16,2017
17-06-2017,19.08,16:30,6.84,2017
18-06-2017,28.08,15:10,5.04,2017
19-06-2017,24.84,13:40,3.96,2017
20-06-2017,21.96,13:00,7.92,2017
21-06-2017,23.04,10:00,6.12,2017
22-06-2017,20.88,Varias,7.92,2017
23-06-2017,27,15:10,10.08,2017
24-06-2017,25.92,13:20,7.92,2017
25-06-2017,41.04,13:30,15.84,2017
26-06-2017,33.84,11:30,10.08,2017
27-06-2017,48.96,14:40,11.88,2017
28-06-2017,56.88,02:10,23.04,2017
29-06-2017,57.96,06:00,24.12,2017
30-06-2017,47.88,01:30,15.12,2017
01-07-2017,28.08,13:00,11.16,2017
02-07-2017,47.16,16:40,15.84,2017
03-07-2017,23.04,Varias,6.84,2017
04-07-2017,37.08,12:50,16.92,2017
05-07-2017,37.08,15:10,9,2017
06-07-2017,23.04,11:50,10.08,2017
07-07-2017,29.16,22:50,6.84,2017
08-07-2017,34.92,15:10,15.84,2017
09-07-2017,29.88,14:20,9,2017
10-07-2017,25.92,18:30,10.08,2017
11-07-2017,42.84,14:50,14.04,2017
12-07-2017,24.84,00:20,10.08,2017
13-07-2017,42.12,16:10,18,2017
14-07-2017,48.96,19:20,20.88,2017
15-07-2017,45,16:30,19.08,2017
16-07-2017,29.88,17:50,11.16,2017
17-07-2017,36,18:40,10.08,2017
18-07-2017,47.16,14:00,15.12,2017
19-07-2017,42.12,13:30,15.12,2017
20-07-2017,24.84,14:20,11.16,2017
21-07-2017,48.96,14:10,15.12,2017
22-07-2017,34.92,14:20,15.84,2017
23-07-2017,34.92,Varias,10.08,2017
24-07-2017,24.12,12:10,10.08,2017
25-07-2017,29.88,15:20,11.88,2017
26-07-2017,29.16,12:30,11.16,2017
27-07-2017,24.12,08:20,7.92,2017
28-07-2017,24.84,19:20,9,2017
29-07-2017,65.88,15:30,20.16,2017
30-07-2017,41.04,14:20,15.84,2017
31-07-2017,25.92,14:50,9,2017
01-08-2017,24.12,Varias,7.92,2017
02-08-2017,42.84,18:30,15.84,2017
03-08-2017,33.12,22:30,9,2017
04-08-2017,36,09:10,10.08,2017
05-08-2017,48.96,16:30,18,2017
06-08-2017,45,13:30,21.96,2017
07-08-2017,47.16,06:50,16.92,2017
08-08-2017,32.04,13:10,11.88,2017
09-08-2017,38.88,00:20,18,2017
10-08-2017,51.12,14:40,19.08,2017
11-08-2017,47.16,14:10,18,2017
12-08-2017,51.12,15:20,18,2017
13-08-2017,30.96,15:30,6.12,2017
14-08-2017,38.16,10:40,10.08,2017
15-08-2017,24.12,04:40,9,2017
16-08-2017,42.84,16:40,15.84,2017
17-08-2017,37.08,15:50,15.84,2017
18-08-2017,36,16:00,14.04,2017
19-08-2017,42.12,14:30,16.92,2017
20-08-2017,27,12:00,7.92,2017
21-08-2017,29.88,14:40,7.92,2017
22-08-2017,25.92,10:40,9,2017
23-08-2017,37.08,17:20,10.08,2017
24-08-2017,30.96,20:10,10.08,2017
25-08-2017,21.96,13:40,9,2017
26-08-2017,27,15:50,11.16,2017
27-08-2017,37.08,14:10,10.08,2017
28-08-2017,24.12,06:00,10.08,2017
29-08-2017,33.84,16:10,11.88,2017
30-08-2017,33.12,17:50,9,2017
31-08-2017,36,15:40,12.96,2017
01-09-2017,37.08,16:00,11.88,2017
02-09-2017,24.12,14:00,6.84,2017
03-09-2017,47.16,16:50,15.84,2017
04-09-2017,28.08,02:30,7.92,2017
05-09-2017,29.88,Varias,12.96,2017
06-09-2017,42.84,Varias,15.84,2017
07-09-2017,33.84,15:00,12.96,2017
08-09-2017,46.08,16:40,9,2017
09-09-2017,36,04:00,12.96,2017
10-09-2017,36,10:30,11.88,2017
11-09-2017,41.04,15:20,15.12,2017
12-09-2017,38.88,16:30,12.96,2017
13-09-2017,33.12,14:10,11.16,2017
14-09-2017,42.12,01:20,15.12,2017
15-09-2017,37.08,01:40,10.08,2017
16-09-2017,24.12,03:00,7.92,2017
17-09-2017,39.96,23:59,12.96,2017
18-09-2017,39.96,00:00,12.96,2017
19-09-2017,20.88,14:50,6.84,2017
20-09-2017,20.88,13:30,3.96,2017
21-09-2017,30.96,Varias,14.04,2017
22-09-2017,36,12:00,14.04,2017
23-09-2017,33.12,13:20,10.08,2017
24-09-2017,36,14:50,11.16,2017
25-09-2017,24.12,01:10,9,2017
26-09-2017,24.12,14:20,6.12,2017
27-09-2017,36,12:00,11.88,2017
28-09-2017,37.08,13:20,9,2017
29-09-2017,33.84,13:30,7.92,2017
30-09-2017,24.84,13:30,6.12,2017
01-10-2017,29.88,Varias,14.04,2017
02-10-2017,24.12,13:20,7.92,2017
03-10-2017,29.16,17:30,10.08,2017
04-10-2017,29.88,18:00,7.92,2017
05-10-2017,36,12:30,14.04,2017
06-10-2017,38.16,18:40,15.12,2017
07-10-2017,15.12,Varias,6.12,2017
08-10-2017,16.92,13:00,7.92,2017
09-10-2017,15.84,13:10,6.12,2017
10-10-2017,15.12,05:30,5.04,2017
11-10-2017,34.92,15:00,12.96,2017
12-10-2017,19.08,15:20,6.84,2017
13-10-2017,19.08,14:10,7.92,2017
14-10-2017,18,06:40,5.04,2017
15-10-2017,65.16,22:30,18,2017
16-10-2017,64.08,01:00,10.08,2017
17-10-2017,45,18:00,15.84,2017
18-10-2017,34.92,14:00,11.16,2017
19-10-2017,41.04,13:40,14.04,2017
20-10-2017,61.92,14:50,15.84,2017
21-10-2017,50.04,04:30,15.12,2017
22-10-2017,15.84,17:00,5.04,2017
23-10-2017,14.04,00:00,7.92,2017
24-10-2017,23.04,13:00,6.12,2017
25-10-2017,33.84,15:10,11.88,2017
26-10-2017,30.96,09:10,3.96,2017
27-10-2017,20.88,05:40,5.04,2017
28-10-2017,30.96,15:10,7.92,2017
29-10-2017,42.12,15:50,16.92,2017
30-10-2017,43.92,20:40,16.92,2017
31-10-2017,29.16,08:30,6.84,2017
01-11-2017,38.88,11:40,11.88,2017
02-11-2017,37.08,08:40,9,2017
03-11-2017,24.12,03:10,5.04,2017
04-11-2017,51.12,14:40,12.96,2017
05-11-2017,34.92,00:10,11.16,2017
06-11-2017,21.96,18:00,6.84,2017
07-11-2017,46.08,20:20,12.96,2017
08-11-2017,37.08,12:10,10.08,2017
09-11-2017,33.84,18:30,5.04,2017
10-11-2017,33.84,08:10,7.92,2017
11-11-2017,21.96,21:30,3.96,2017
12-11-2017,34.92,13:20,10.08,2017
13-11-2017,36,15:30,18,2017
14-11-2017,28.08,02:40,9,2017
15-11-2017,18,02:00,3.96,2017
16-11-2017,24.84,15:30,6.12,2017
17-11-2017,24.84,18:30,6.84,2017
18-11-2017,32.04,16:50,7.92,2017
19-11-2017,21.96,05:10,6.84,2017
20-11-2017,20.88,Varias,3.96,2017
21-11-2017,48.96,21:00,7.92,2017
22-11-2017,79.92,Varias,24.12,2017
23-11-2017,46.08,13:30,12.96,2017
24-11-2017,30.96,19:50,2.88,2017
25-11-2017,45,13:50,18,2017
26-11-2017,32.04,17:40,9,2017
27-11-2017,18,10:00,6.12,2017
28-11-2017,33.84,20:20,3.96,2017
29-11-2017,52.92,10:20,9,2017
30-11-2017,25.92,10:50,7.92,2017
01-12-2017,55.08,10:00,18,2017
02-12-2017,29.88,14:30,9,2017
03-12-2017,27,18:20,9,2017
04-12-2017,23.04,10:40,5.04,2017
05-12-2017,19.08,09:20,7.92,2017
06-12-2017,33.12,20:40,10.08,2017
07-12-2017,47.16,14:40,14.04,2017
08-12-2017,28.08,12:20,7.92,2017
09-12-2017,55.08,15:20,18,2017
10-12-2017,97.92,19:10,32.04,2017
11-12-2017,78.84,04:30,20.88,2017
12-12-2017,39.96,04:50,10.08,2017
13-12-2017,54,13:30,20.16,2017
14-12-2017,43.92,16:30,15.84,2017
15-12-2017,45,04:00,15.12,2017
16-12-2017,30.96,01:00,6.84,2017
17-12-2017,16.92,06:30,3.96,2017
18-12-2017,21.96,23:00,6.12,2017
19-12-2017,28.08,03:40,9,2017
20-12-2017,15.12,08:40,5.04,2017
21-12-2017,16.92,09:50,3.96,2017
22-12-2017,32.04,16:00,6.84,2017
23-12-2017,24.12,17:10,7.92,2017
24-12-2017,21.96,16:40,6.84,2017
25-12-2017,60.12,16:40,19.08,2017
26-12-2017,84.96,19:00,24.84,2017
27-12-2017,77.04,00:30,18,2017
28-12-2017,52.92,06:00,19.08,2017
29-12-2017,56.16,Varias,19.08,2017
30-12-2017,60.12,13:20,21.96,2017
31-12-2017,88.92,13:30,24.84,2017
01-01-2018,69.12,13:00,32.04,2018
02-01-2018,47.88,05:00,19.08,2018
03-01-2018,55.08,21:20,18,2018
04-01-2018,60.84,11:40,24.84,2018
05-01-2018,57.96,00:20,15.84,2018
06-01-2018,48.96,03:00,7.92,2018
07-01-2018,64.08,15:40,32.04,2018
08-01-2018,28.08,Varias,5.04,2018
09-01-2018,69.84,09:50,16.92,2018
10-01-2018,87.12,23:20,25.92,2018
11-01-2018,64.08,00:50,18,2018
12-01-2018,48.96,19:50,11.88,2018
13-01-2018,42.12,17:20,9,2018
14-01-2018,23.04,04:00,6.84,2018
15-01-2018,55.08,14:50,18,2018
16-01-2018,42.12,18:30,14.04,2018
17-01-2018,38.16,01:10,7.92,2018
18-01-2018,24.84,13:40,7.92,2018
19-01-2018,33.12,05:30,11.16,2018
20-01-2018,45,10:40,18,2018
21-01-2018,30.96,02:00,7.92,2018
22-01-2018,38.88,13:30,10.08,2018
23-01-2018,32.04,23:00,11.88,2018
24-01-2018,52.92,13:40,20.16,2018
25-01-2018,55.08,23:30,19.08,2018
26-01-2018,51.12,10:40,16.92,2018
27-01-2018,28.08,00:20,2.88,2018
28-01-2018,27,15:50,11.16,2018
29-01-2018,24.84,23:40,11.16,2018
30-01-2018,21.96,00:00,5.04,2018
31-01-2018,36,23:59,3.96,2018
01-02-2018,66.96,12:10,20.16,2018
02-02-2018,52.92,14:10,10.08,2018
03-02-2018,60.84,22:20,15.12,2018
04-02-2018,60.84,09:30,19.08,2018
05-02-2018,70.92,11:40,30.96,2018
06-02-2018,60.84,21:20,15.84,2018
07-02-2018,69.84,08:40,19.08,2018
08-02-2018,29.88,20:00,6.84,2018
09-02-2018,50.04,11:30,20.16,2018
10-02-2018,30.96,13:50,12.96,2018
11-02-2018,43.92,16:20,16.92,2018
12-02-2018,32.04,20:40,10.08,2018
13-02-2018,57.96,06:10,15.84,2018
14-02-2018,54,11:20,23.04,2018
15-02-2018,41.04,Varias,12.96,2018
16-02-2018,29.88,17:50,6.84,2018
17-02-2018,28.08,16:30,10.08,2018
18-02-2018,18,14:10,2.88,2018
19-02-2018,28.08,21:20,11.16,2018
20-02-2018,38.16,14:50,15.12,2018
21-02-2018,51.84,10:00,20.88,2018
22-02-2018,41.04,01:00,11.16,2018
23-02-2018,25.92,07:00,11.16,2018
24-02-2018,23.04,19:10,7.92,2018
25-02-2018,23.04,16:20,9,2018
26-02-2018,46.08,23:59,16.92,2018
27-02-2018,54,10:30,24.84,2018
28-02-2018,47.16,01:50,10.08,2018
01-03-2018,78.12,22:00,18,2018
02-03-2018,52.92,23:40,15.84,2018
03-03-2018,68.04,12:40,21.96,2018
04-03-2018,60.12,01:30,19.08,2018
05-03-2018,50.04,17:50,14.04,2018
06-03-2018,65.88,04:10,23.04,2018
07-03-2018,42.84,15:10,9,2018
08-03-2018,60.12,Varias,16.92,2018
09-03-2018,69.12,22:50,15.12,2018
10-03-2018,75.96,20:50,15.12,2018
11-03-2018,88.92,13:10,29.16,2018
12-03-2018,61.92,02:50,15.84,2018
13-03-2018,59.04,22:40,15.84,2018
14-03-2018,79.92,10:10,15.84,2018
15-03-2018,55.08,16:10,15.84,2018
16-03-2018,60.12,13:50,16.92,2018
17-03-2018,36,07:00,15.84,2018
18-03-2018,43.92,09:50,11.88,2018
19-03-2018,63,22:10,20.16,2018
20-03-2018,60.12,Varias,23.04,2018
21-03-2018,43.92,15:40,15.84,2018
22-03-2018,30.96,14:20,6.12,2018
23-03-2018,84.96,23:59,27,2018
24-03-2018,102.96,04:30,33.12,2018
25-03-2018,42.84,09:50,15.12,2018
26-03-2018,28.08,21:40,10.08,2018
27-03-2018,45,16:00,15.84,2018
28-03-2018,55.08,06:50,16.92,2018
29-03-2018,74.16,21:50,16.92,2018
30-03-2018,81,16:10,24.84,2018
31-03-2018,46.08,01:00,14.04,2018
01-04-2018,54,11:40,19.08,2018
02-04-2018,56.88,12:50,20.16,2018
03-04-2018,78.12,14:20,23.04,2018
04-04-2018,50.04,10:30,18,2018
05-04-2018,55.08,23:40,14.04,2018
06-04-2018,48.96,00:00,15.12,2018
07-04-2018,45,12:40,12.96,2018
08-04-2018,42.84,15:10,15.84,2018
09-04-2018,42.12,23:50,14.04,2018
10-04-2018,52.92,00:50,15.84,2018
11-04-2018,29.16,Varias,16.92,2018
12-04-2018,27,11:00,9,2018
13-04-2018,25.92,08:00,11.16,2018
14-04-2018,52.92,21:30,14.04,2018
15-04-2018,39.96,15:50,14.04,2018
16-04-2018,56.88,12:20,15.84,2018
17-04-2018,55.08,07:30,18,2018
18-04-2018,38.88,12:00,7.92,2018
19-04-2018,38.16,17:40,14.04,2018
20-04-2018,33.12,12:10,14.04,2018
21-04-2018,20.88,23:00,2.88,2018
22-04-2018,28.08,19:30,7.92,2018
23-04-2018,42.12,14:10,14.04,2018
24-04-2018,37.08,13:50,14.04,2018
25-04-2018,39.96,17:10,19.08,2018
26-04-2018,38.88,12:20,16.92,2018
27-04-2018,45,03:00,15.12,2018
28-04-2018,30.96,19:20,10.08,2018
29-04-2018,42.84,13:00,15.84,2018
30-04-2018,29.16,18:10,9,2018
01-05-2018,42.12,15:10,15.12,2018
02-05-2018,43.92,02:10,16.92,2018
03-05-2018,45,14:20,19.08,2018
04-05-2018,47.88,16:30,16.92,2018
05-05-2018,43.92,12:40,20.16,2018
06-05-2018,21.96,17:00,6.84,2018
07-05-2018,30.96,14:10,7.92,2018
08-05-2018,29.88,23:30,6.84,2018
09-05-2018,42.12,21:50,12.96,2018
10-05-2018,43.92,15:00,18,2018
11-05-2018,43.92,14:50,9,2018
12-05-2018,48.96,14:30,24.12,2018
13-05-2018,39.96,18:20,15.12,2018
14-05-2018,36,00:00,11.16,2018
15-05-2018,43.92,14:20,15.12,2018
16-05-2018,46.08,Varias,18,2018
17-05-2018,54,15:10,24.12,2018
18-05-2018,55.08,14:10,15.12,2018
19-05-2018,29.88,15:20,11.88,2018
20-05-2018,33.84,13:20,12.96,2018
21-05-2018,30.96,14:40,11.16,2018
22-05-2018,25.92,15:50,9,2018
23-05-2018,24.84,13:00,7.92,2018
24-05-2018,47.16,14:20,6.84,2018
25-05-2018,37.08,Varias,14.04,2018
26-05-2018,28.08,09:00,10.08,2018
27-05-2018,29.88,13:40,11.16,2018
28-05-2018,23.04,11:30,9,2018
29-05-2018,29.88,11:50,6.84,2018
30-05-2018,33.12,13:30,11.16,2018
31-05-2018,38.16,14:00,12.96,2018
01-06-2018,29.88,15:40,11.16,2018
02-06-2018,28.08,23:59,6.84,2018
03-06-2018,39.96,15:10,12.96,2018
04-06-2018,27,16:10,7.92,2018
05-06-2018,36,07:20,9,2018
06-06-2018,25.92,14:50,7.92,2018
07-06-2018,36,14:20,12.96,2018
08-06-2018,25.92,11:00,9,2018
09-06-2018,37.08,20:20,11.88,2018
10-06-2018,32.04,12:40,9,2018
11-06-2018,25.92,19:00,11.88,2018
12-06-2018,25.92,23:10,11.88,2018
13-06-2018,27,15:30,12.96,2018
14-06-2018,24.12,13:30,7.92,2018
15-06-2018,43.92,06:00,18,2018
16-06-2018,25.92,19:10,11.88,2018
17-06-2018,21.96,12:10,9,2018
18-06-2018,52.92,14:30,18,2018
19-06-2018,29.88,08:40,11.16,2018
20-06-2018,30.96,13:20,9,2018
21-06-2018,50.04,16:10,19.08,2018
22-06-2018,41.04,16:40,12.96,2018
23-06-2018,20.88,18:20,6.12,2018
24-06-2018,37.08,14:00,10.08,2018
25-06-2018,20.88,12:00,7.92,2018
26-06-2018,21.96,15:40,7.92,2018
27-06-2018,21.96,13:20,9,2018
28-06-2018,34.92,16:10,9,2018
29-06-2018,18,Varias,6.84,2018
30-06-2018,36,02:50,6.12,2018
01-07-2018,28.08,13:30,5.04,2018
02-07-2018,25.92,14:30,9,2018
03-07-2018,33.12,16:30,14.04,2018
04-07-2018,38.88,Varias,7.92,2018
05-07-2018,21.96,00:10,6.84,2018
06-07-2018,24.12,14:30,7.92,2018
07-07-2018,29.88,18:40,7.92,2018
08-07-2018,47.16,13:30,16.92,2018
09-07-2018,34.92,13:50,9,2018
10-07-2018,38.16,11:20,15.84,2018
11-07-2018,42.12,06:40,15.84,2018
12-07-2018,41.04,15:20,7.92,2018
13-07-2018,29.88,19:10,7.92,2018
14-07-2018,36,Varias,7.92,2018
15-07-2018,27,15:40,11.16,2018
16-07-2018,36,14:00,14.04,2018
17-07-2018,39.96,16:20,15.12,2018
18-07-2018,25.92,14:30,7.92,2018
19-07-2018,33.12,17:10,15.12,2018
20-07-2018,36,17:00,12.96,2018
21-07-2018,30.96,15:00,11.16,2018
22-07-2018,42.84,14:30,15.12,2018
23-07-2018,37.08,13:40,11.16,2018
24-07-2018,23.04,18:50,10.08,2018
25-07-2018,28.08,Varias,6.84,2018
26-07-2018,32.04,09:20,11.16,2018
27-07-2018,42.12,16:50,15.12,2018
28-07-2018,38.16,19:30,10.08,2018
29-07-2018,45,11:50,16.92,2018
30-07-2018,36,10:00,11.88,2018
31-07-2018,25.92,14:40,10.08,2018
01-08-2018,36,Varias,12.96,2018
02-08-2018,19.08,12:10,6.84,2018
03-08-2018,25.92,16:00,7.92,2018
04-08-2018,25.92,12:00,6.84,2018
05-08-2018,16.92,22:40,3.96,2018
06-08-2018,21.96,13:50,6.12,2018
07-08-2018,33.84,14:20,11.16,2018
08-08-2018,29.88,21:30,7.92,2018
09-08-2018,23.04,13:20,7.92,2018
10-08-2018,33.12,13:30,11.16,2018
11-08-2018,24.84,15:40,6.84,2018
12-08-2018,38.16,14:40,7.92,2018
13-08-2018,28.08,Varias,11.88,2018
14-08-2018,39.96,18:10,15.84,2018
15-08-2018,25.92,17:20,9,2018
16-08-2018,34.92,18:20,15.12,2018
17-08-2018,43.92,15:10,19.08,2018
18-08-2018,37.08,18:10,15.84,2018
19-08-2018,25.92,13:50,9,2018
20-08-2018,25.92,13:10,6.12,2018
21-08-2018,14.04,07:30,6.12,2018
22-08-2018,33.84,16:40,6.12,2018
23-08-2018,38.88,13:00,12.96,2018
24-08-2018,39.96,16:00,18,2018
25-08-2018,27,15:50,9,2018
26-08-2018,23.04,11:40,7.92,2018
27-08-2018,37.08,13:50,9,2018
28-08-2018,39.96,19:00,15.12,2018
29-08-2018,28.08,16:40,9,2018
30-08-2018,36,16:30,11.88,2018
31-08-2018,42.12,13:50,10.08,2018
01-09-2018,19.08,01:50,6.12,2018
02-09-2018,24.12,15:20,6.12,2018
03-09-2018,46.08,16:30,15.12,2018
04-09-2018,42.12,20:30,14.04,2018
05-09-2018,41.04,00:10,11.88,2018
06-09-2018,45,14:40,15.84,2018
07-09-2018,38.88,17:30,15.84,2018
08-09-2018,20.88,15:00,6.84,2018
09-09-2018,34.92,Varias,10.08,2018
10-09-2018,20.16,17:40,6.84,2018
11-09-2018,20.88,18:00,6.12,2018
12-09-2018,30.96,14:50,10.08,2018
13-09-2018,39.96,17:00,11.88,2018
14-09-2018,42.12,13:30,15.12,2018
15-09-2018,24.12,19:20,6.84,2018
16-09-2018,20.88,Varias,6.84,2018
17-09-2018,36,16:50,10.08,2018
18-09-2018,36,16:20,11.16,2018
19-09-2018,32.04,14:00,11.16,2018
20-09-2018,38.16,15:10,7.92,2018
21-09-2018,33.12,06:10,6.12,2018
22-09-2018,29.16,14:20,7.92,2018
23-09-2018,32.04,23:40,5.04,2018
24-09-2018,50.04,15:50,27,2018
25-09-2018,45,15:20,15.84,2018
26-09-2018,19.08,23:40,5.04,2018
27-09-2018,25.92,14:20,3.96,2018
28-09-2018,19.08,13:30,6.84,2018
29-09-2018,20.88,14:30,5.04,2018
30-09-2018,43.92,17:10,11.88,2018
01-10-2018,47.88,16:30,19.08,2018
02-10-2018,41.04,16:00,11.16,2018
03-10-2018,19.08,08:00,6.84,2018
04-10-2018,33.12,13:30,6.12,2018
05-10-2018,28.08,12:20,7.92,2018
06-10-2018,36,08:10,16.92,2018
07-10-2018,42.12,16:40,15.12,2018
08-10-2018,34.92,17:20,10.08,2018
09-10-2018,23.04,14:20,7.92,2018
10-10-2018,60.84,23:20,15.12,2018
11-10-2018,61.92,22:30,15.84,2018
12-10-2018,69.84,23:20,19.08,2018
13-10-2018,70.92,06:00,20.16,2018
14-10-2018,51.84,07:20,12.96,2018
15-10-2018,57.96,01:40,7.92,2018
16-10-2018,18,15:00,6.12,2018
17-10-2018,33.12,21:20,10.08,2018
18-10-2018,39.96,06:40,18,2018
19-10-2018,43.92,14:40,15.12,2018
20-10-2018,42.12,Varias,15.84,2018
21-10-2018,33.84,Varias,11.16,2018
22-10-2018,52.92,13:40,24.12,2018
23-10-2018,43.92,00:30,15.84,2018
24-10-2018,23.04,08:00,6.84,2018
25-10-2018,16.92,00:40,5.04,2018
26-10-2018,56.88,19:30,11.88,2018
27-10-2018,68.04,Varias,15.84,2018
28-10-2018,68.04,00:00,33.84,2018
29-10-2018,47.88,22:20,9,2018
30-10-2018,50.04,11:30,18,2018
31-10-2018,39.96,01:10,11.16,2018
01-11-2018,50.04,20:50,19.08,2018
02-11-2018,41.04,00:00,6.84,2018
03-11-2018,20.88,12:00,6.84,2018
04-11-2018,57.96,10:20,14.04,2018
05-11-2018,61.92,06:30,24.84,2018
06-11-2018,66.96,16:20,18,2018
07-11-2018,54,03:30,15.12,2018
08-11-2018,46.08,17:10,12.96,2018
09-11-2018,81,10:30,21.96,2018
10-11-2018,65.88,15:20,24.84,2018
11-11-2018,51.84,00:20,14.04,2018
12-11-2018,38.16,13:30,11.88,2018
13-11-2018,18,08:30,5.04,2018
14-11-2018,29.88,13:30,6.84,2018
15-11-2018,25.92,16:10,6.84,2018
16-11-2018,24.84,12:10,6.84,2018
17-11-2018,33.84,11:30,9,2018
18-11-2018,33.84,15:50,10.08,2018
19-11-2018,19.08,14:30,5.04,2018
20-11-2018,33.84,14:10,14.04,2018
21-11-2018,38.16,20:40,10.08,2018
22-11-2018,41.04,10:20,11.16,2018
23-11-2018,43.92,03:30,15.12,2018
24-11-2018,52.92,18:40,7.92,2018
25-11-2018,61.92,23:40,7.92,2018
26-11-2018,52.92,01:30,10.08,2018
27-11-2018,42.84,19:50,14.04,2018
28-11-2018,75.96,09:30,23.04,2018
29-11-2018,63,00:30,18,2018
30-11-2018,33.12,05:10,6.84,2018
01-12-2018,56.16,13:10,21.96,2018
02-12-2018,64.08,11:10,20.16,2018
03-12-2018,42.84,08:00,10.08,2018
04-12-2018,24.84,09:10,6.84,2018
05-12-2018,60.12,10:10,15.12,2018
06-12-2018,28.08,11:20,10.08,2018
07-12-2018,52.92,09:30,20.16,2018
08-12-2018,32.04,13:00,11.88,2018
09-12-2018,21.96,03:20,7.92,2018
10-12-2018,20.88,19:20,6.84,2018
11-12-2018,43.92,16:40,14.04,2018
12-12-2018,74.16,20:20,14.04,2018
13-12-2018,68.04,06:50,24.84,2018
14-12-2018,48.96,Varias,11.16,2018
15-12-2018,63,13:00,20.16,2018
16-12-2018,61.92,11:40,16.92,2018
17-12-2018,60.12,23:50,15.12,2018
18-12-2018,70.92,00:30,20.16,2018
19-12-2018,66.96,04:00,18,2018
20-12-2018,51.84,20:40,15.84,2018
21-12-2018,56.88,20:00,15.12,2018
22-12-2018,41.04,01:20,11.16,2018
23-12-2018,32.04,09:40,5.04,2018
24-12-2018,23.04,07:00,6.12,2018
25-12-2018,20.88,10:20,7.92,2018
26-12-2018,24.84,21:00,9,2018
27-12-2018,23.04,Varias,6.12,2018
28-12-2018,29.88,21:20,6.84,2018
29-12-2018,38.16,14:00,11.88,2018
30-12-2018,19.08,09:20,3.96,2018
31-12-2018,23.04,03:10,6.12,2018
01-01-2018,69.12,13:00,32.04,2018
02-01-2018,47.88,05:00,19.08,2018
03-01-2018,55.08,21:20,18,2018
04-01-2018,60.84,11:40,24.84,2018
05-01-2018,57.96,00:20,15.84,2018
06-01-2018,48.96,03:00,7.92,2018
07-01-2018,64.08,15:40,32.04,2018
08-01-2018,28.08,Varias,5.04,2018
09-01-2018,69.84,09:50,16.92,2018
10-01-2018,87.12,23:20,25.92,2018
11-01-2018,64.08,00:50,18,2018
12-01-2018,48.96,19:50,11.88,2018
13-01-2018,42.12,17:20,9,2018
14-01-2018,23.04,04:00,6.84,2018
15-01-2018,55.08,14:50,18,2018
16-01-2018,42.12,18:30,14.04,2018
17-01-2018,38.16,01:10,7.92,2018
18-01-2018,24.84,13:40,7.92,2018
19-01-2018,33.12,05:30,11.16,2018
20-01-2018,45,10:40,18,2018
21-01-2018,30.96,02:00,7.92,2018
22-01-2018,38.88,13:30,10.08,2018
23-01-2018,32.04,23:00,11.88,2018
24-01-2018,52.92,13:40,20.16,2018
25-01-2018,55.08,23:30,19.08,2018
26-01-2018,51.12,10:40,16.92,2018
27-01-2018,28.08,00:20,2.88,2018
28-01-2018,27,15:50,11.16,2018
29-01-2018,24.84,23:40,11.16,2018
30-01-2018,21.96,00:00,5.04,2018
31-01-2018,36,23:59,3.96,2018
01-02-2018,66.96,12:10,20.16,2018
02-02-2018,52.92,14:10,10.08,2018
03-02-2018,60.84,22:20,15.12,2018
04-02-2018,60.84,09:30,19.08,2018
05-02-2018,70.92,11:40,30.96,2018
06-02-2018,60.84,21:20,15.84,2018
07-02-2018,69.84,08:40,19.08,2018
08-02-2018,29.88,20:00,6.84,2018
09-02-2018,50.04,11:30,20.16,2018
10-02-2018,30.96,13:50,12.96,2018
11-02-2018,43.92,16:20,16.92,2018
12-02-2018,32.04,20:40,10.08,2018
13-02-2018,57.96,06:10,15.84,2018
14-02-2018,54,11:20,23.04,2018
15-02-2018,41.04,Varias,12.96,2018
16-02-2018,29.88,17:50,6.84,2018
17-02-2018,28.08,16:30,10.08,2018
18-02-2018,18,14:10,2.88,2018
19-02-2018,28.08,21:20,11.16,2018
20-02-2018,38.16,14:50,15.12,2018
21-02-2018,51.84,10:00,20.88,2018
22-02-2018,41.04,01:00,11.16,2018
23-02-2018,25.92,07:00,11.16,2018
24-02-2018,23.04,19:10,7.92,2018
25-02-2018,23.04,16:20,9,2018
26-02-2018,46.08,23:59,16.92,2018
27-02-2018,54,10:30,24.84,2018
28-02-2018,47.16,01:50,10.08,2018
01-03-2018,78.12,22:00,18,2018
02-03-2018,52.92,23:40,15.84,2018
03-03-2018,68.04,12:40,21.96,2018
04-03-2018,60.12,01:30,19.08,2018
05-03-2018,50.04,17:50,14.04,2018
06-03-2018,65.88,04:10,23.04,2018
07-03-2018,42.84,15:10,9,2018
08-03-2018,60.12,Varias,16.92,2018
09-03-2018,69.12,22:50,15.12,2018
10-03-2018,75.96,20:50,15.12,2018
11-03-2018,88.92,13:10,29.16,2018
12-03-2018,61.92,02:50,15.84,2018
13-03-2018,59.04,22:40,15.84,2018
14-03-2018,79.92,10:10,15.84,2018
15-03-2018,55.08,16:10,15.84,2018
16-03-2018,60.12,13:50,16.92,2018
17-03-2018,36,07:00,15.84,2018
18-03-2018,43.92,09:50,11.88,2018
19-03-2018,63,22:10,20.16,2018
20-03-2018,60.12,Varias,23.04,2018
21-03-2018,43.92,15:40,15.84,2018
22-03-2018,30.96,14:20,6.12,2018
23-03-2018,84.96,23:59,27,2018
24-03-2018,102.96,04:30,33.12,2018
25-03-2018,42.84,09:50,15.12,2018
26-03-2018,28.08,21:40,10.08,2018
27-03-2018,45,16:00,15.84,2018
28-03-2018,55.08,06:50,16.92,2018
29-03-2018,74.16,21:50,16.92,2018
30-03-2018,81,16:10,24.84,2018
31-03-2018,46.08,01:00,14.04,2018
01-04-2018,54,11:40,19.08,2018
02-04-2018,56.88,12:50,20.16,2018
03-04-2018,78.12,14:20,23.04,2018
04-04-2018,50.04,10:30,18,2018
05-04-2018,55.08,23:40,14.04,2018
06-04-2018,48.96,00:00,15.12,2018
07-04-2018,45,12:40,12.96,2018
08-04-2018,42.84,15:10,15.84,2018
09-04-2018,42.12,23:50,14.04,2018
10-04-2018,52.92,00:50,15.84,2018
11-04-2018,29.16,Varias,16.92,2018
12-04-2018,27,11:00,9,2018
13-04-2018,25.92,08:00,11.16,2018
14-04-2018,52.92,21:30,14.04,2018
15-04-2018,39.96,15:50,14.04,2018
16-04-2018,56.88,12:20,15.84,2018
17-04-2018,55.08,07:30,18,2018
18-04-2018,38.88,12:00,7.92,2018
19-04-2018,38.16,17:40,14.04,2018
20-04-2018,33.12,12:10,14.04,2018
21-04-2018,20.88,23:00,2.88,2018
22-04-2018,28.08,19:30,7.92,2018
23-04-2018,42.12,14:10,14.04,2018
24-04-2018,37.08,13:50,14.04,2018
25-04-2018,39.96,17:10,19.08,2018
26-04-2018,38.88,12:20,16.92,2018
27-04-2018,45,03:00,15.12,2018
28-04-2018,30.96,19:20,10.08,2018
29-04-2018,42.84,13:00,15.84,2018
30-04-2018,29.16,18:10,9,2018
01-05-2018,42.12,15:10,15.12,2018
02-05-2018,43.92,02:10,16.92,2018
03-05-2018,45,14:20,19.08,2018
04-05-2018,47.88,16:30,16.92,2018
05-05-2018,43.92,12:40,20.16,2018
06-05-2018,21.96,17:00,6.84,2018
07-05-2018,30.96,14:10,7.92,2018
08-05-2018,29.88,23:30,6.84,2018
09-05-2018,42.12,21:50,12.96,2018
10-05-2018,43.92,15:00,18,2018
11-05-2018,43.92,14:50,9,2018
12-05-2018,48.96,14:30,24.12,2018
13-05-2018,39.96,18:20,15.12,2018
14-05-2018,36,00:00,11.16,2018
15-05-2018,43.92,14:20,15.12,2018
16-05-2018,46.08,Varias,18,2018
17-05-2018,54,15:10,24.12,2018
18-05-2018,55.08,14:10,15.12,2018
19-05-2018,29.88,15:20,11.88,2018
20-05-2018,33.84,13:20,12.96,2018
21-05-2018,30.96,14:40,11.16,2018
22-05-2018,25.92,15:50,9,2018
23-05-2018,24.84,13:00,7.92,2018
24-05-2018,47.16,14:20,6.84,2018
25-05-2018,37.08,Varias,14.04,2018
26-05-2018,28.08,09:00,10.08,2018
27-05-2018,29.88,13:40,11.16,2018
28-05-2018,23.04,11:30,9,2018
29-05-2018,29.88,11:50,6.84,2018
30-05-2018,33.12,13:30,11.16,2018
31-05-2018,38.16,14:00,12.96,2018
01-06-2018,29.88,15:40,11.16,2018
02-06-2018,28.08,23:59,6.84,2018
03-06-2018,39.96,15:10,12.96,2018
04-06-2018,27,16:10,7.92,2018
05-06-2018,36,07:20,9,2018
06-06-2018,25.92,14:50,7.92,2018
07-06-2018,36,14:20,12.96,2018
08-06-2018,25.92,11:00,9,2018
09-06-2018,37.08,20:20,11.88,2018
10-06-2018,32.04,12:40,9,2018
11-06-2018,25.92,19:00,11.88,2018
12-06-2018,25.92,23:10,11.88,2018
13-06-2018,27,15:30,12.96,2018
14-06-2018,24.12,13:30,7.92,2018
15-06-2018,43.92,06:00,18,2018
16-06-2018,25.92,19:10,11.88,2018
17-06-2018,21.96,12:10,9,2018
18-06-2018,52.92,14:30,18,2018
19-06-2018,29.88,08:40,11.16,2018
20-06-2018,30.96,13:20,9,2018
21-06-2018,50.04,16:10,19.08,2018
22-06-2018,41.04,16:40,12.96,2018
23-06-2018,20.88,18:20,6.12,2018
24-06-2018,37.08,14:00,10.08,2018
25-06-2018,20.88,12:00,7.92,2018
26-06-2018,21.96,15:40,7.92,2018
27-06-2018,21.96,13:20,9,2018
28-06-2018,34.92,16:10,9,2018
29-06-2018,18,Varias,6.84,2018
30-06-2018,36,02:50,6.12,2018
01-07-2018,28.08,13:30,5.04,2018
02-07-2018,25.92,14:30,9,2018
03-07-2018,33.12,16:30,14.04,2018
04-07-2018,38.88,Varias,7.92,2018
05-07-2018,21.96,00:10,6.84,2018
06-07-2018,24.12,14:30,7.92,2018
07-07-2018,29.88,18:40,7.92,2018
08-07-2018,47.16,13:30,16.92,2018
09-07-2018,34.92,13:50,9,2018
10-07-2018,38.16,11:20,15.84,2018
11-07-2018,42.12,06:40,15.84,2018
12-07-2018,41.04,15:20,7.92,2018
13-07-2018,29.88,19:10,7.92,2018
14-07-2018,36,Varias,7.92,2018
15-07-2018,27,15:40,11.16,2018
16-07-2018,36,14:00,14.04,2018
17-07-2018,39.96,16:20,15.12,2018
18-07-2018,25.92,14:30,7.92,2018
19-07-2018,33.12,17:10,15.12,2018
20-07-2018,36,17:00,12.96,2018
21-07-2018,30.96,15:00,11.16,2018
22-07-2018,42.84,14:30,15.12,2018
23-07-2018,37.08,13:40,11.16,2018
24-07-2018,23.04,18:50,10.08,2018
25-07-2018,28.08,Varias,6.84,2018
26-07-2018,32.04,09:20,11.16,2018
27-07-2018,42.12,16:50,15.12,2018
28-07-2018,38.16,19:30,10.08,2018
29-07-2018,45,11:50,16.92,2018
30-07-2018,36,10:00,11.88,2018
31-07-2018,25.92,14:40,10.08,2018
01-08-2018,36,Varias,12.96,2018
02-08-2018,19.08,12:10,6.84,2018
03-08-2018,25.92,16:00,7.92,2018
04-08-2018,25.92,12:00,6.84,2018
05-08-2018,16.92,22:40,3.96,2018
06-08-2018,21.96,13:50,6.12,2018
07-08-2018,33.84,14:20,11.16,2018
08-08-2018,29.88,21:30,7.92,2018
09-08-2018,23.04,13:20,7.92,2018
10-08-2018,33.12,13:30,11.16,2018
11-08-2018,24.84,15:40,6.84,2018
12-08-2018,38.16,14:40,7.92,2018
13-08-2018,28.08,Varias,11.88,2018
14-08-2018,39.96,18:10,15.84,2018
15-08-2018,25.92,17:20,9,2018
16-08-2018,34.92,18:20,15.12,2018
17-08-2018,43.92,15:10,19.08,2018
18-08-2018,37.08,18:10,15.84,2018
19-08-2018,25.92,13:50,9,2018
20-08-2018,25.92,13:10,6.12,2018
21-08-2018,14.04,07:30,6.12,2018
22-08-2018,33.84,16:40,6.12,2018
23-08-2018,38.88,13:00,12.96,2018
24-08-2018,39.96,16:00,18,2018
25-08-2018,27,15:50,9,2018
26-08-2018,23.04,11:40,7.92,2018
27-08-2018,37.08,13:50,9,2018
28-08-2018,39.96,19:00,15.12,2018
29-08-2018,28.08,16:40,9,2018
30-08-2018,36,16:30,11.88,2018
31-08-2018,42.12,13:50,10.08,2018
01-09-2018,19.08,01:50,6.12,2018
02-09-2018,24.12,15:20,6.12,2018
03-09-2018,46.08,16:30,15.12,2018
04-09-2018,42.12,20:30,14.04,2018
05-09-2018,41.04,00:10,11.88,2018
06-09-2018,45,14:40,15.84,2018
07-09-2018,38.88,17:30,15.84,2018
08-09-2018,20.88,15:00,6.84,2018
09-09-2018,34.92,Varias,10.08,2018
10-09-2018,20.16,17:40,6.84,2018
11-09-2018,20.88,18:00,6.12,2018
12-09-2018,30.96,14:50,10.08,2018
13-09-2018,39.96,17:00,11.88,2018
14-09-2018,42.12,13:30,15.12,2018
15-09-2018,24.12,19:20,6.84,2018
16-09-2018,20.88,Varias,6.84,2018
17-09-2018,36,16:50,10.08,2018
18-09-2018,36,16:20,11.16,2018
19-09-2018,32.04,14:00,11.16,2018
20-09-2018,38.16,15:10,7.92,2018
21-09-2018,33.12,06:10,6.12,2018
22-09-2018,29.16,14:20,7.92,2018
23-09-2018,32.04,23:40,5.04,2018
24-09-2018,50.04,15:50,27,2018
25-09-2018,45,15:20,15.84,2018
26-09-2018,19.08,23:40,5.04,2018
27-09-2018,25.92,14:20,3.96,2018
28-09-2018,19.08,13:30,6.84,2018
29-09-2018,20.88,14:30,5.04,2018
30-09-2018,43.92,17:10,11.88,2018
01-10-2018,47.88,16:30,19.08,2018
02-10-2018,41.04,16:00,11.16,2018
03-10-2018,19.08,08:00,6.84,2018
04-10-2018,33.12,13:30,6.12,2018
05-10-2018,28.08,12:20,7.92,2018
06-10-2018,36,08:10,16.92,2018
07-10-2018,42.12,16:40,15.12,2018
08-10-2018,34.92,17:20,10.08,2018
09-10-2018,23.04,14:20,7.92,2018
10-10-2018,60.84,23:20,15.12,2018
11-10-2018,61.92,22:30,15.84,2018
12-10-2018,69.84,23:20,19.08,2018
13-10-2018,70.92,06:00,20.16,2018
14-10-2018,51.84,07:20,12.96,2018
15-10-2018,57.96,01:40,7.92,2018
16-10-2018,18,15:00,6.12,2018
17-10-2018,33.12,21:20,10.08,2018
18-10-2018,39.96,06:40,18,2018
19-10-2018,43.92,14:40,15.12,2018
20-10-2018,42.12,Varias,15.84,2018
21-10-2018,33.84,Varias,11.16,2018
22-10-2018,52.92,13:40,24.12,2018
23-10-2018,43.92,00:30,15.84,2018
24-10-2018,23.04,08:00,6.84,2018
25-10-2018,16.92,00:40,5.04,2018
26-10-2018,56.88,19:30,11.88,2018
27-10-2018,68.04,Varias,15.84,2018
28-10-2018,68.04,00:00,33.84,2018
29-10-2018,47.88,22:20,9,2018
30-10-2018,50.04,11:30,18,2018
31-10-2018,39.96,01:10,11.16,2018
01-11-2018,50.04,20:50,19.08,2018
02-11-2018,41.04,00:00,6.84,2018
03-11-2018,20.88,12:00,6.84,2018
04-11-2018,57.96,10:20,14.04,2018
05-11-2018,61.92,06:30,24.84,2018
06-11-2018,66.96,16:20,18,2018
07-11-2018,54,03:30,15.12,2018
08-11-2018,46.08,17:10,12.96,2018
09-11-2018,81,10:30,21.96,2018
10-11-2018,65.88,15:20,24.84,2018
11-11-2018,51.84,00:20,14.04,2018
12-11-2018,38.16,13:30,11.88,2018
13-11-2018,18,08:30,5.04,2018
14-11-2018,29.88,13:30,6.84,2018
15-11-2018,25.92,16:10,6.84,2018
16-11-2018,24.84,12:10,6.84,2018
17-11-2018,33.84,11:30,9,2018
18-11-2018,33.84,15:50,10.08,2018
19-11-2018,19.08,14:30,5.04,2018
20-11-2018,33.84,14:10,14.04,2018
21-11-2018,38.16,20:40,10.08,2018
22-11-2018,41.04,10:20,11.16,2018
23-11-2018,43.92,03:30,15.12,2018
24-11-2018,52.92,18:40,7.92,2018
25-11-2018,61.92,23:40,7.92,2018
26-11-2018,52.92,01:30,10.08,2018
27-11-2018,42.84,19:50,14.04,2018
28-11-2018,75.96,09:30,23.04,2018
29-11-2018,63,00:30,18,2018
30-11-2018,33.12,05:10,6.84,2018
01-12-2018,56.16,13:10,21.96,2018
02-12-2018,64.08,11:10,20.16,2018
03-12-2018,42.84,08:00,10.08,2018
04-12-2018,24.84,09:10,6.84,2018
05-12-2018,60.12,10:10,15.12,2018
06-12-2018,28.08,11:20,10.08,2018
07-12-2018,52.92,09:30,20.16,2018
08-12-2018,32.04,13:00,11.88,2018
09-12-2018,21.96,03:20,7.92,2018
10-12-2018,20.88,19:20,6.84,2018
11-12-2018,43.92,16:40,14.04,2018
12-12-2018,74.16,20:20,14.04,2018
13-12-2018,68.04,06:50,24.84,2018
14-12-2018,48.96,Varias,11.16,2018
15-12-2018,63,13:00,20.16,2018
16-12-2018,61.92,11:40,16.92,2018
17-12-2018,60.12,23:50,15.12,2018
18-12-2018,70.92,00:30,20.16,2018
19-12-2018,66.96,04:00,18,2018
20-12-2018,51.84,20:40,15.84,2018
21-12-2018,56.88,20:00,15.12,2018
22-12-2018,41.04,01:20,11.16,2018
23-12-2018,32.04,09:40,5.04,2018
24-12-2018,23.04,07:00,6.12,2018
25-12-2018,20.88,10:20,7.92,2018
26-12-2018,24.84,21:00,9,2018
27-12-2018,23.04,Varias,6.12,2018
28-12-2018,29.88,21:20,6.84,2018
29-12-2018,38.16,14:00,11.88,2018
30-12-2018,19.08,09:20,3.96,2018
31-12-2018,23.04,03:10,6.12,2018
01-01-2019,15.12,01:20,3.96,2019
02-01-2019,37.08,17:20,15.12,2019
03-01-2019,15.84,Varias,6.12,2019
04-01-2019,19.08,06:00,5.04,2019
05-01-2019,18,04:00,3.96,2019
06-01-2019,24.12,17:20,6.84,2019
07-01-2019,33.12,16:10,10.08,2019
08-01-2019,39.96,16:30,11.88,2019
09-01-2019,41.04,17:20,14.04,2019
10-01-2019,47.16,12:40,25.92,2019
11-01-2019,41.04,13:30,19.08,2019
12-01-2019,38.16,16:50,16.92,2019
13-01-2019,34.92,00:40,10.08,2019
14-01-2019,34.92,18:00,11.88,2019
15-01-2019,15.84,11:20,2.88,2019
16-01-2019,36,18:10,11.88,2019
17-01-2019,46.08,05:20,6.84,2019
18-01-2019,38.16,14:00,10.08,2019
19-01-2019,57.96,17:30,20.88,2019
20-01-2019,47.88,08:50,20.88,2019
21-01-2019,38.16,02:00,5.04,2019
22-01-2019,60.84,09:00,24.12,2019
23-01-2019,69.12,01:10,23.04,2019
24-01-2019,45,14:10,20.88,2019
25-01-2019,29.88,Varias,11.16,2019
26-01-2019,48.96,22:50,10.08,2019
27-01-2019,60.12,02:10,18,2019
28-01-2019,51.12,06:30,12.96,2019
29-01-2019,69.84,10:00,24.84,2019
30-01-2019,65.88,22:10,18,2019
31-01-2019,66.96,04:30,24.84,2019
01-02-2019,93.96,02:40,29.88,2019
02-02-2019,69.12,04:30,18,2019
03-02-2019,29.16,23:59,6.84,2019
04-02-2019,37.08,13:10,11.16,2019
05-02-2019,33.12,14:50,10.08,2019
06-02-2019,41.04,16:50,10.08,2019
07-02-2019,34.92,02:30,10.08,2019
08-02-2019,59.04,10:00,20.88,2019
09-02-2019,61.92,13:50,19.08,2019
10-02-2019,65.88,00:50,16.92,2019
11-02-2019,29.88,16:00,6.84,2019
12-02-2019,21.96,07:30,9,2019
13-02-2019,18,10:30,6.84,2019
14-02-2019,28.08,07:50,10.08,2019
15-02-2019,33.12,13:00,11.16,2019
16-02-2019,23.04,08:50,6.12,2019
17-02-2019,32.04,03:20,6.12,2019
18-02-2019,24.12,19:10,6.12,2019
19-02-2019,19.08,13:50,6.84,2019
20-02-2019,29.16,Varias,9,2019
21-02-2019,33.84,12:20,7.92,2019
22-02-2019,30.96,23:30,7.92,2019
23-02-2019,28.08,00:10,7.92,2019
24-02-2019,21.96,01:30,6.84,2019
25-02-2019,23.04,03:50,7.92,2019
26-02-2019,23.04,11:20,7.92,2019
27-02-2019,47.88,11:30,15.12,2019
28-02-2019,25.92,15:00,11.88,2019
01-03-2019,32.04,Varias,9,2019
02-03-2019,38.16,17:40,12.96,2019
03-03-2019,84.96,20:00,28.08,2019
04-03-2019,64.08,00:10,20.16,2019
05-03-2019,78.12,13:40,21.96,2019
06-03-2019,81,Varias,25.92,2019
07-03-2019,56.88,13:10,15.84,2019
08-03-2019,32.04,15:50,11.16,2019
09-03-2019,38.16,14:20,14.04,2019
10-03-2019,36,01:40,14.04,2019
11-03-2019,24.84,14:20,6.84,2019
12-03-2019,63,13:20,15.84,2019
13-03-2019,43.92,06:00,14.04,2019
14-03-2019,29.88,10:40,6.12,2019
15-03-2019,19.08,Varias,6.84,2019
16-03-2019,56.16,16:20,14.04,2019
17-03-2019,43.92,02:20,16.92,2019
18-03-2019,38.88,15:50,15.12,2019
19-03-2019,38.16,17:40,12.96,2019
20-03-2019,42.12,14:30,18,2019
21-03-2019,33.12,18:10,10.08,2019
22-03-2019,24.12,13:30,6.84,2019
23-03-2019,20.16,15:30,11.16,2019
24-03-2019,41.04,Varias,15.84,2019
25-03-2019,51.84,16:00,19.08,2019
26-03-2019,47.16,15:40,24.84,2019
27-03-2019,47.16,13:20,18,2019
28-03-2019,39.96,16:50,15.12,2019
29-03-2019,25.92,07:00,11.16,2019
30-03-2019,23.04,13:00,6.84,2019
31-03-2019,24.12,16:30,7.92,2019
01-04-2019,41.04,Varias,14.04,2019
02-04-2019,33.12,Varias,11.88,2019
03-04-2019,55.08,09:20,15.12,2019
04-04-2019,48.96,10:00,14.04,2019
05-04-2019,48.96,20:40,15.84,2019
06-04-2019,63,12:10,20.88,2019
07-04-2019,46.08,16:40,12.96,2019
08-04-2019,64.08,13:00,19.08,2019
09-04-2019,63,11:30,20.16,2019
10-04-2019,46.08,02:40,15.84,2019
11-04-2019,33.84,17:10,14.04,2019
12-04-2019,23.04,Varias,6.84,2019
13-04-2019,29.88,15:40,10.08,2019
14-04-2019,38.88,15:10,12.96,2019
15-04-2019,48.96,11:40,15.84,2019
16-04-2019,33.84,10:10,9,2019
17-04-2019,43.92,14:50,9,2019
18-04-2019,33.84,17:30,11.16,2019
19-04-2019,46.08,04:50,16.92,2019
20-04-2019,43.92,15:20,11.88,2019
21-04-2019,38.88,13:40,10.08,2019
22-04-2019,46.08,19:30,11.16,2019
23-04-2019,46.08,13:10,15.84,2019
24-04-2019,70.92,11:10,23.04,2019
25-04-2019,81,15:50,24.84,2019
26-04-2019,59.04,01:40,16.92,2019
27-04-2019,29.88,18:40,10.08,2019
28-04-2019,20.88,14:30,6.12,2019
29-04-2019,39.96,16:40,11.88,2019
30-04-2019,33.84,18:50,10.08,2019
01-05-2019,47.88,17:50,20.16,2019
02-05-2019,43.92,Varias,21.96,2019
03-05-2019,47.16,16:40,20.16,2019
04-05-2019,47.16,15:10,18,2019
05-05-2019,28.08,01:30,10.08,2019
06-05-2019,25.92,16:50,9,2019
07-05-2019,65.16,15:50,15.84,2019
08-05-2019,81,Varias,29.88,2019
09-05-2019,45,17:40,10.08,2019
10-05-2019,47.88,04:00,15.12,2019
11-05-2019,42.84,17:10,14.04,2019
12-05-2019,27,18:20,11.88,2019
13-05-2019,29.88,Varias,10.08,2019
14-05-2019,21.96,13:50,6.84,2019
15-05-2019,36,Varias,15.12,2019
16-05-2019,61.92,20:50,21.96,2019
17-05-2019,54,Varias,21.96,2019
18-05-2019,41.04,10:20,20.16,2019
19-05-2019,27,15:00,9,2019
20-05-2019,21.96,13:10,9,2019
21-05-2019,27,13:40,7.92,2019
22-05-2019,32.04,Varias,15.12,2019
23-05-2019,33.84,11:40,15.12,2019
24-05-2019,45,15:50,20.16,2019
25-05-2019,42.12,14:40,15.84,2019
26-05-2019,27,15:30,14.04,2019
27-05-2019,38.16,16:30,24.12,2019
28-05-2019,43.92,16:10,16.92,2019
29-05-2019,33.84,12:50,9,2019
30-05-2019,21.96,15:30,7.92,2019
31-05-2019,28.08,14:20,6.12,2019
01-06-2019,25.92,13:20,6.84,2019
02-06-2019,41.04,16:30,11.16,2019
03-06-2019,27,23:50,10.08,2019
04-06-2019,68.04,06:00,20.16,2019
05-06-2019,46.08,10:40,16.92,2019
06-06-2019,78.12,15:00,24.12,2019
07-06-2019,59.04,00:30,20.16,2019
08-06-2019,24.12,17:40,9,2019
09-06-2019,29.16,16:00,9,2019
10-06-2019,27,23:59,9,2019
11-06-2019,38.16,Varias,18,2019
12-06-2019,33.12,01:30,11.88,2019
13-06-2019,24.12,13:20,7.92,2019
14-06-2019,30.96,20:30,10.08,2019
15-06-2019,38.16,13:20,15.12,2019
16-06-2019,29.16,19:30,10.08,2019
17-06-2019,0,,7.92,2019
18-06-2019,46.08,16:40,16.92,2019
19-06-2019,33.12,02:20,5.04,2019
20-06-2019,46.08,18:00,19.08,2019
21-06-2019,34.92,15:30,11.16,2019
22-06-2019,32.04,16:50,6.84,2019
23-06-2019,38.88,02:40,10.08,2019
24-06-2019,20.88,13:50,7.92,2019
25-06-2019,23.04,Varias,7.92,2019
26-06-2019,33.84,14:40,14.04,2019
27-06-2019,28.08,13:00,10.08,2019
28-06-2019,28.08,17:00,9,2019
29-06-2019,29.88,09:30,7.92,2019
30-06-2019,36,12:20,15.12,2019
01-07-2019,0,,0,2019
02-07-2019,43.92,13:40,18,2019
03-07-2019,27,13:20,7.92,2019
04-07-2019,34.92,Varias,10.08,2019
05-07-2019,30.96,15:20,6.84,2019
06-07-2019,24.84,13:50,6.84,2019
07-07-2019,42.12,18:50,16.92,2019
08-07-2019,47.16,13:40,20.88,2019
09-07-2019,33.12,18:20,14.04,2019
10-07-2019,23.04,Varias,7.92,2019
11-07-2019,28.08,16:50,11.16,2019
12-07-2019,33.84,22:20,9,2019
13-07-2019,39.96,12:10,14.04,2019
14-07-2019,27,12:50,7.92,2019
15-07-2019,43.92,18:40,15.12,2019
16-07-2019,48.96,Varias,24.84,2019
17-07-2019,41.04,15:30,19.08,2019
18-07-2019,21.96,Varias,7.92,2019
19-07-2019,28.08,15:10,7.92,2019
20-07-2019,24.84,07:30,11.16,2019
21-07-2019,45,Varias,15.12,2019
22-07-2019,30.96,Varias,7.92,2019
23-07-2019,41.04,14:00,7.92,2019
24-07-2019,29.88,19:30,6.84,2019
25-07-2019,39.96,06:50,16.92,2019
26-07-2019,33.84,15:40,15.12,2019
27-07-2019,33.12,13:30,15.84,2019
28-07-2019,32.04,23:00,7.92,2019
29-07-2019,56.16,11:20,24.84,2019
30-07-2019,30.96,03:30,12.96,2019
31-07-2019,42.12,16:50,15.12,2019
01-08-2019,43.92,13:30,19.08,2019
02-08-2019,28.08,18:40,9,2019
03-08-2019,29.88,13:10,11.16,2019
04-08-2019,25.92,13:00,11.16,2019
05-08-2019,33.12,14:50,9,2019
06-08-2019,33.84,14:20,9,2019
07-08-2019,48.96,14:40,10.08,2019
08-08-2019,61.92,13:50,15.12,2019
09-08-2019,69.84,10:20,23.04,2019
10-08-2019,39.96,14:40,16.92,2019
11-08-2019,36,14:40,15.12,2019
12-08-2019,25.92,19:20,10.08,2019
13-08-2019,25.92,12:00,9,2019
14-08-2019,30.96,Varias,11.16,2019
15-08-2019,27,12:20,11.16,2019
16-08-2019,46.08,16:20,16.92,2019
17-08-2019,47.88,15:10,15.12,2019
18-08-2019,33.84,02:40,10.08,2019
19-08-2019,45,18:30,15.84,2019
20-08-2019,42.84,12:20,19.08,2019
21-08-2019,42.84,18:20,15.84,2019
22-08-2019,16.92,15:00,6.12,2019
23-08-2019,32.04,13:30,14.04,2019
24-08-2019,28.08,02:00,10.08,2019
25-08-2019,41.04,15:20,12.96,2019
26-08-2019,42.12,14:50,14.04,2019
27-08-2019,29.88,12:10,10.08,2019
28-08-2019,21.96,13:00,10.08,2019
29-08-2019,42.12,14:50,7.92,2019
30-08-2019,27,23:00,6.84,2019
31-08-2019,28.08,02:50,11.88,2019
01-09-2019,47.16,14:10,20.88,2019
02-09-2019,50.04,17:30,23.04,2019
03-09-2019,19.08,20:20,6.12,2019
04-09-2019,47.88,Varias,20.88,2019
05-09-2019,52.92,14:40,24.12,2019
06-09-2019,47.16,12:20,24.12,2019
07-09-2019,46.08,13:00,20.88,2019
08-09-2019,36,16:20,15.12,2019
09-09-2019,33.12,17:20,11.88,2019
10-09-2019,42.12,04:30,14.04,2019
11-09-2019,43.92,14:20,14.04,2019
12-09-2019,32.04,20:30,7.92,2019
13-09-2019,46.08,17:00,18,2019
14-09-2019,42.12,14:20,11.88,2019
15-09-2019,41.04,16:40,9,2019
16-09-2019,41.04,14:40,9,2019
17-09-2019,21.96,14:30,6.84,2019
18-09-2019,19.08,13:20,5.04,2019
19-09-2019,24.84,15:10,7.92,2019
20-09-2019,19.08,19:40,5.04,2019
21-09-2019,54,11:20,14.04,2019
22-09-2019,42.84,09:10,15.84,2019
23-09-2019,66.96,12:00,23.04,2019
24-09-2019,48.96,12:20,18,2019
25-09-2019,37.08,09:20,14.04,2019
26-09-2019,45,14:30,14.04,2019
27-09-2019,34.92,14:00,9,2019
28-09-2019,29.16,14:10,7.92,2019
29-09-2019,42.84,02:40,16.92,2019
30-09-2019,42.12,Varias,12.96,2019
01-10-2019,42.12,12:30,18,2019
02-10-2019,30.96,00:20,9,2019
03-10-2019,34.92,19:00,11.16,2019
04-10-2019,15.84,00:00,6.12,2019
05-10-2019,25.92,12:10,5.04,2019
06-10-2019,19.08,Varias,6.12,2019
07-10-2019,19.08,21:10,5.04,2019
08-10-2019,36,08:00,6.84,2019
09-10-2019,23.04,12:50,9,2019
10-10-2019,23.04,14:30,6.12,2019
11-10-2019,33.12,16:10,7.92,2019
12-10-2019,56.88,19:20,11.88,2019
13-10-2019,68.04,00:30,6.84,2019
14-10-2019,65.16,16:10,15.84,2019
15-10-2019,50.04,12:10,15.12,2019
16-10-2019,57.96,01:20,16.92,2019
17-10-2019,42.12,21:40,15.12,2019
18-10-2019,38.16,12:50,11.88,2019
19-10-2019,42.12,23:00,6.84,2019
20-10-2019,38.88,00:20,12.96,2019
21-10-2019,29.88,17:30,7.92,2019
22-10-2019,33.84,16:50,10.08,2019
23-10-2019,29.88,08:00,9,2019
24-10-2019,41.04,16:40,14.04,2019
25-10-2019,51.84,13:00,14.04,2019
26-10-2019,41.04,17:40,15.12,2019
27-10-2019,23.04,00:10,9,2019
28-10-2019,41.04,11:40,7.92,2019
29-10-2019,38.88,13:20,14.04,2019
30-10-2019,41.04,12:00,15.12,2019
31-10-2019,36,14:40,6.12,2019
01-11-2019,56.88,19:50,21.96,2019
02-11-2019,88.92,23:10,20.88,2019
03-11-2019,81,00:10,21.96,2019
04-11-2019,81,03:10,24.12,2019
05-11-2019,72,00:30,24.12,2019
06-11-2019,48.96,19:10,18,2019
07-11-2019,68.04,07:50,20.88,2019
08-11-2019,61.92,02:30,20.88,2019
09-11-2019,56.16,18:50,25.92,2019
10-11-2019,59.04,04:20,16.92,2019
11-11-2019,45,06:50,15.84,2019
12-11-2019,63,16:10,18,2019
13-11-2019,79.92,23:50,16.92,2019
14-11-2019,87.12,14:20,29.16,2019
15-11-2019,70.92,06:00,27,2019
16-11-2019,48.96,00:10,11.88,2019
17-11-2019,54,13:40,18,2019
18-11-2019,47.16,01:10,2.88,2019
19-11-2019,37.08,12:40,7.92,2019
20-11-2019,43.92,12:00,11.16,2019
21-11-2019,56.16,04:40,12.96,2019
22-11-2019,88.92,Varias,27,2019
23-11-2019,65.88,00:20,24.84,2019
24-11-2019,57.96,13:50,20.88,2019
25-11-2019,72,21:50,15.12,2019
26-11-2019,77.04,15:50,25.92,2019
27-11-2019,63,01:50,18,2019
28-11-2019,38.16,18:20,12.96,2019
29-11-2019,38.16,21:50,7.92,2019
30-11-2019,55.08,14:50,20.16,2019
01-12-2019,69.12,21:00,19.08,2019
02-12-2019,60.84,01:30,24.12,2019
03-12-2019,33.84,00:50,10.08,2019
04-12-2019,32.04,18:30,11.16,2019
05-12-2019,42.84,10:30,16.92,2019
06-12-2019,19.08,05:30,5.04,2019
07-12-2019,24.84,14:00,9,2019
08-12-2019,32.04,07:10,9,2019
09-12-2019,23.04,06:00,6.84,2019
10-12-2019,47.16,22:40,7.92,2019
11-12-2019,47.88,14:10,20.88,2019
12-12-2019,75.96,12:10,29.16,2019
13-12-2019,72,02:00,29.16,2019
14-12-2019,66.96,20:40,20.88,2019
15-12-2019,39.96,00:20,10.08,2019
16-12-2019,28.08,10:20,9,2019
17-12-2019,61.92,23:20,12.96,2019
18-12-2019,73.08,12:20,25.92,2019
19-12-2019,83.88,02:20,18,2019
20-12-2019,61.92,01:30,15.12,2019
21-12-2019,111.96,16:50,33.12,2019
22-12-2019,81,09:20,23.04,2019
23-12-2019,51.84,11:20,16.92,2019
24-12-2019,42.84,02:40,9,2019
25-12-2019,55.08,21:40,15.12,2019
26-12-2019,25.92,Varias,6.84,2019
27-12-2019,23.04,07:00,6.12,2019
28-12-2019,21.96,09:00,6.12,2019
29-12-2019,24.12,06:10,6.12,2019
30-12-2019,23.04,19:35,5.04,2019
31-12-2019,19.08,10:20,6.84,2019
01-01-2019,15.12,01:20,3.96,2019
02-01-2019,37.08,17:20,15.12,2019
03-01-2019,15.84,Varias,6.12,2019
04-01-2019,19.08,06:00,5.04,2019
05-01-2019,18,04:00,3.96,2019
06-01-2019,24.12,17:20,6.84,2019
07-01-2019,33.12,16:10,10.08,2019
08-01-2019,39.96,16:30,11.88,2019
09-01-2019,41.04,17:20,14.04,2019
10-01-2019,47.16,12:40,25.92,2019
11-01-2019,41.04,13:30,19.08,2019
12-01-2019,38.16,16:50,16.92,2019
13-01-2019,34.92,00:40,10.08,2019
14-01-2019,34.92,18:00,11.88,2019
15-01-2019,15.84,11:20,2.88,2019
16-01-2019,36,18:10,11.88,2019
17-01-2019,46.08,05:20,6.84,2019
18-01-2019,38.16,14:00,10.08,2019
19-01-2019,57.96,17:30,20.88,2019
20-01-2019,47.88,08:50,20.88,2019
21-01-2019,38.16,02:00,5.04,2019
22-01-2019,60.84,09:00,24.12,2019
23-01-2019,69.12,01:10,23.04,2019
24-01-2019,45,14:10,20.88,2019
25-01-2019,29.88,Varias,11.16,2019
26-01-2019,48.96,22:50,10.08,2019
27-01-2019,60.12,02:10,18,2019
28-01-2019,51.12,06:30,12.96,2019
29-01-2019,69.84,10:00,24.84,2019
30-01-2019,65.88,22:10,18,2019
31-01-2019,66.96,04:30,24.84,2019
01-02-2019,93.96,02:40,29.88,2019
02-02-2019,69.12,04:30,18,2019
03-02-2019,29.16,23:59,6.84,2019
04-02-2019,37.08,13:10,11.16,2019
05-02-2019,33.12,14:50,10.08,2019
06-02-2019,41.04,16:50,10.08,2019
07-02-2019,34.92,02:30,10.08,2019
08-02-2019,59.04,10:00,20.88,2019
09-02-2019,61.92,13:50,19.08,2019
10-02-2019,65.88,00:50,16.92,2019
11-02-2019,29.88,16:00,6.84,2019
12-02-2019,21.96,07:30,9,2019
13-02-2019,18,10:30,6.84,2019
14-02-2019,28.08,07:50,10.08,2019
15-02-2019,33.12,13:00,11.16,2019
16-02-2019,23.04,08:50,6.12,2019
17-02-2019,32.04,03:20,6.12,2019
18-02-2019,24.12,19:10,6.12,2019
19-02-2019,19.08,13:50,6.84,2019
20-02-2019,29.16,Varias,9,2019
21-02-2019,33.84,12:20,7.92,2019
22-02-2019,30.96,23:30,7.92,2019
23-02-2019,28.08,00:10,7.92,2019
24-02-2019,21.96,01:30,6.84,2019
25-02-2019,23.04,03:50,7.92,2019
26-02-2019,23.04,11:20,7.92,2019
27-02-2019,47.88,11:30,15.12,2019
28-02-2019,25.92,15:00,11.88,2019
01-03-2019,32.04,Varias,9,2019
02-03-2019,38.16,17:40,12.96,2019
03-03-2019,84.96,20:00,28.08,2019
04-03-2019,64.08,00:10,20.16,2019
05-03-2019,78.12,13:40,21.96,2019
06-03-2019,81,Varias,25.92,2019
07-03-2019,56.88,13:10,15.84,2019
08-03-2019,32.04,15:50,11.16,2019
09-03-2019,38.16,14:20,14.04,2019
10-03-2019,36,01:40,14.04,2019
11-03-2019,24.84,14:20,6.84,2019
12-03-2019,63,13:20,15.84,2019
13-03-2019,43.92,06:00,14.04,2019
14-03-2019,29.88,10:40,6.12,2019
15-03-2019,19.08,Varias,6.84,2019
16-03-2019,56.16,16:20,14.04,2019
17-03-2019,43.92,02:20,16.92,2019
18-03-2019,38.88,15:50,15.12,2019
19-03-2019,38.16,17:40,12.96,2019
20-03-2019,42.12,14:30,18,2019
21-03-2019,33.12,18:10,10.08,2019
22-03-2019,24.12,13:30,6.84,2019
23-03-2019,20.16,15:30,11.16,2019
24-03-2019,41.04,Varias,15.84,2019
25-03-2019,51.84,16:00,19.08,2019
26-03-2019,47.16,15:40,24.84,2019
27-03-2019,47.16,13:20,18,2019
28-03-2019,39.96,16:50,15.12,2019
29-03-2019,25.92,07:00,11.16,2019
30-03-2019,23.04,13:00,6.84,2019
31-03-2019,24.12,16:30,7.92,2019
01-04-2019,41.04,Varias,14.04,2019
02-04-2019,33.12,Varias,11.88,2019
03-04-2019,55.08,09:20,15.12,2019
04-04-2019,48.96,10:00,14.04,2019
05-04-2019,48.96,20:40,15.84,2019
06-04-2019,63,12:10,20.88,2019
07-04-2019,46.08,16:40,12.96,2019
08-04-2019,64.08,13:00,19.08,2019
09-04-2019,63,11:30,20.16,2019
10-04-2019,46.08,02:40,15.84,2019
11-04-2019,33.84,17:10,14.04,2019
12-04-2019,23.04,Varias,6.84,2019
13-04-2019,29.88,15:40,10.08,2019
14-04-2019,38.88,15:10,12.96,2019
15-04-2019,48.96,11:40,15.84,2019
16-04-2019,33.84,10:10,9,2019
17-04-2019,43.92,14:50,9,2019
18-04-2019,33.84,17:30,11.16,2019
19-04-2019,46.08,04:50,16.92,2019
20-04-2019,43.92,15:20,11.88,2019
21-04-2019,38.88,13:40,10.08,2019
22-04-2019,46.08,19:30,11.16,2019
23-04-2019,46.08,13:10,15.84,2019
24-04-2019,70.92,11:10,23.04,2019
25-04-2019,81,15:50,24.84,2019
26-04-2019,59.04,01:40,16.92,2019
27-04-2019,29.88,18:40,10.08,2019
28-04-2019,20.88,14:30,6.12,2019
29-04-2019,39.96,16:40,11.88,2019
30-04-2019,33.84,18:50,10.08,2019
01-05-2019,47.88,17:50,20.16,2019
02-05-2019,43.92,Varias,21.96,2019
03-05-2019,47.16,16:40,20.16,2019
04-05-2019,47.16,15:10,18,2019
05-05-2019,28.08,01:30,10.08,2019
06-05-2019,25.92,16:50,9,2019
07-05-2019,65.16,15:50,15.84,2019
08-05-2019,81,Varias,29.88,2019
09-05-2019,45,17:40,10.08,2019
10-05-2019,47.88,04:00,15.12,2019
11-05-2019,42.84,17:10,14.04,2019
12-05-2019,27,18:20,11.88,2019
13-05-2019,29.88,Varias,10.08,2019
14-05-2019,21.96,13:50,6.84,2019
15-05-2019,36,Varias,15.12,2019
16-05-2019,61.92,20:50,21.96,2019
17-05-2019,54,Varias,21.96,2019
18-05-2019,41.04,10:20,20.16,2019
19-05-2019,27,15:00,9,2019
20-05-2019,21.96,13:10,9,2019
21-05-2019,27,13:40,7.92,2019
22-05-2019,32.04,Varias,15.12,2019
23-05-2019,33.84,11:40,15.12,2019
24-05-2019,45,15:50,20.16,2019
25-05-2019,42.12,14:40,15.84,2019
26-05-2019,27,15:30,14.04,2019
27-05-2019,38.16,16:30,24.12,2019
28-05-2019,43.92,16:10,16.92,2019
29-05-2019,33.84,12:50,9,2019
30-05-2019,21.96,15:30,7.92,2019
31-05-2019,28.08,14:20,6.12,2019
01-06-2019,25.92,13:20,6.84,2019
02-06-2019,41.04,16:30,11.16,2019
03-06-2019,27,23:50,10.08,2019
04-06-2019,68.04,06:00,20.16,2019
05-06-2019,46.08,10:40,16.92,2019
06-06-2019,78.12,15:00,24.12,2019
07-06-2019,59.04,00:30,20.16,2019
08-06-2019,24.12,17:40,9,2019
09-06-2019,29.16,16:00,9,2019
10-06-2019,27,23:59,9,2019
11-06-2019,38.16,Varias,18,2019
12-06-2019,33.12,01:30,11.88,2019
13-06-2019,24.12,13:20,7.92,2019
14-06-2019,30.96,20:30,10.08,2019
15-06-2019,38.16,13:20,15.12,2019
16-06-2019,29.16,19:30,10.08,2019
17-06-2019,0,,7.92,2019
18-06-2019,46.08,16:40,16.92,2019
19-06-2019,33.12,02:20,5.04,2019
20-06-2019,46.08,18:00,19.08,2019
21-06-2019,34.92,15:30,11.16,2019
22-06-2019,32.04,16:50,6.84,2019
23-06-2019,38.88,02:40,10.08,2019
24-06-2019,20.88,13:50,7.92,2019
25-06-2019,23.04,Varias,7.92,2019
26-06-2019,33.84,14:40,14.04,2019
27-06-2019,28.08,13:00,10.08,2019
28-06-2019,28.08,17:00,9,2019
29-06-2019,29.88,09:30,7.92,2019
30-06-2019,36,12:20,15.12,2019
01-07-2019,0,,0,2019
02-07-2019,43.92,13:40,18,2019
03-07-2019,27,13:20,7.92,2019
04-07-2019,34.92,Varias,10.08,2019
05-07-2019,30.96,15:20,6.84,2019
06-07-2019,24.84,13:50,6.84,2019
07-07-2019,42.12,18:50,16.92,2019
08-07-2019,47.16,13:40,20.88,2019
09-07-2019,33.12,18:20,14.04,2019
10-07-2019,23.04,Varias,7.92,2019
11-07-2019,28.08,16:50,11.16,2019
12-07-2019,33.84,22:20,9,2019
13-07-2019,39.96,12:10,14.04,2019
14-07-2019,27,12:50,7.92,2019
15-07-2019,43.92,18:40,15.12,2019
16-07-2019,48.96,Varias,24.84,2019
17-07-2019,41.04,15:30,19.08,2019
18-07-2019,21.96,Varias,7.92,2019
19-07-2019,28.08,15:10,7.92,2019
20-07-2019,24.84,07:30,11.16,2019
21-07-2019,45,Varias,15.12,2019
22-07-2019,30.96,Varias,7.92,2019
23-07-2019,41.04,14:00,7.92,2019
24-07-2019,29.88,19:30,6.84,2019
25-07-2019,39.96,06:50,16.92,2019
26-07-2019,33.84,15:40,15.12,2019
27-07-2019,33.12,13:30,15.84,2019
28-07-2019,32.04,23:00,7.92,2019
29-07-2019,56.16,11:20,24.84,2019
30-07-2019,30.96,03:30,12.96,2019
31-07-2019,42.12,16:50,15.12,2019
01-08-2019,43.92,13:30,19.08,2019
02-08-2019,28.08,18:40,9,2019
03-08-2019,29.88,13:10,11.16,2019
04-08-2019,25.92,13:00,11.16,2019
05-08-2019,33.12,14:50,9,2019
06-08-2019,33.84,14:20,9,2019
07-08-2019,48.96,14:40,10.08,2019
08-08-2019,61.92,13:50,15.12,2019
09-08-2019,69.84,10:20,23.04,2019
10-08-2019,39.96,14:40,16.92,2019
11-08-2019,36,14:40,15.12,2019
12-08-2019,25.92,19:20,10.08,2019
13-08-2019,25.92,12:00,9,2019
14-08-2019,30.96,Varias,11.16,2019
15-08-2019,27,12:20,11.16,2019
16-08-2019,46.08,16:20,16.92,2019
17-08-2019,47.88,15:10,15.12,2019
18-08-2019,33.84,02:40,10.08,2019
19-08-2019,45,18:30,15.84,2019
20-08-2019,42.84,12:20,19.08,2019
21-08-2019,42.84,18:20,15.84,2019
22-08-2019,16.92,15:00,6.12,2019
23-08-2019,32.04,13:30,14.04,2019
24-08-2019,28.08,02:00,10.08,2019
25-08-2019,41.04,15:20,12.96,2019
26-08-2019,42.12,14:50,14.04,2019
27-08-2019,29.88,12:10,10.08,2019
28-08-2019,21.96,13:00,10.08,2019
29-08-2019,42.12,14:50,7.92,2019
30-08-2019,27,23:00,6.84,2019
31-08-2019,28.08,02:50,11.88,2019
01-09-2019,47.16,14:10,20.88,2019
02-09-2019,50.04,17:30,23.04,2019
03-09-2019,19.08,20:20,6.12,2019
04-09-2019,47.88,Varias,20.88,2019
05-09-2019,52.92,14:40,24.12,2019
06-09-2019,47.16,12:20,24.12,2019
07-09-2019,46.08,13:00,20.88,2019
08-09-2019,36,16:20,15.12,2019
09-09-2019,33.12,17:20,11.88,2019
10-09-2019,42.12,04:30,14.04,2019
11-09-2019,43.92,14:20,14.04,2019
12-09-2019,32.04,20:30,7.92,2019
13-09-2019,46.08,17:00,18,2019
14-09-2019,42.12,14:20,11.88,2019
15-09-2019,41.04,16:40,9,2019
16-09-2019,41.04,14:40,9,2019
17-09-2019,21.96,14:30,6.84,2019
18-09-2019,19.08,13:20,5.04,2019
19-09-2019,24.84,15:10,7.92,2019
20-09-2019,19.08,19:40,5.04,2019
21-09-2019,54,11:20,14.04,2019
22-09-2019,42.84,09:10,15.84,2019
23-09-2019,66.96,12:00,23.04,2019
24-09-2019,48.96,12:20,18,2019
25-09-2019,37.08,09:20,14.04,2019
26-09-2019,45,14:30,14.04,2019
27-09-2019,34.92,14:00,9,2019
28-09-2019,29.16,14:10,7.92,2019
29-09-2019,42.84,02:40,16.92,2019
30-09-2019,42.12,Varias,12.96,2019
01-10-2019,42.12,12:30,18,2019
02-10-2019,30.96,00:20,9,2019
03-10-2019,34.92,19:00,11.16,2019
04-10-2019,15.84,00:00,6.12,2019
05-10-2019,25.92,12:10,5.04,2019
06-10-2019,19.08,Varias,6.12,2019
07-10-2019,19.08,21:10,5.04,2019
08-10-2019,36,08:00,6.84,2019
09-10-2019,23.04,12:50,9,2019
10-10-2019,23.04,14:30,6.12,2019
11-10-2019,33.12,16:10,7.92,2019
12-10-2019,56.88,19:20,11.88,2019
13-10-2019,68.04,00:30,6.84,2019
14-10-2019,65.16,16:10,15.84,2019
15-10-2019,50.04,12:10,15.12,2019
16-10-2019,57.96,01:20,16.92,2019
17-10-2019,42.12,21:40,15.12,2019
18-10-2019,38.16,12:50,11.88,2019
19-10-2019,42.12,23:00,6.84,2019
20-10-2019,38.88,00:20,12.96,2019
21-10-2019,29.88,17:30,7.92,2019
22-10-2019,33.84,16:50,10.08,2019
23-10-2019,29.88,08:00,9,2019
24-10-2019,41.04,16:40,14.04,2019
25-10-2019,51.84,13:00,14.04,2019
26-10-2019,41.04,17:40,15.12,2019
27-10-2019,23.04,00:10,9,2019
28-10-2019,41.04,11:40,7.92,2019
29-10-2019,38.88,13:20,14.04,2019
30-10-2019,41.04,12:00,15.12,2019
31-10-2019,36,14:40,6.12,2019
01-11-2019,56.88,19:50,21.96,2019
02-11-2019,88.92,23:10,20.88,2019
03-11-2019,81,00:10,21.96,2019
04-11-2019,81,03:10,24.12,2019
05-11-2019,72,00:30,24.12,2019
06-11-2019,48.96,19:10,18,2019
07-11-2019,68.04,07:50,20.88,2019
08-11-2019,61.92,02:30,20.88,2019
09-11-2019,56.16,18:50,25.92,2019
10-11-2019,59.04,04:20,16.92,2019
11-11-2019,45,06:50,15.84,2019
12-11-2019,63,16:10,18,2019
13-11-2019,79.92,23:50,16.92,2019
14-11-2019,87.12,14:20,29.16,2019
15-11-2019,70.92,06:00,27,2019
16-11-2019,48.96,00:10,11.88,2019
17-11-2019,54,13:40,18,2019
18-11-2019,47.16,01:10,2.88,2019
19-11-2019,37.08,12:40,7.92,2019
20-11-2019,43.92,12:00,11.16,2019
21-11-2019,56.16,04:40,12.96,2019
22-11-2019,88.92,Varias,27,2019
23-11-2019,65.88,00:20,24.84,2019
24-11-2019,57.96,13:50,20.88,2019
25-11-2019,72,21:50,15.12,2019
26-11-2019,77.04,15:50,25.92,2019
27-11-2019,63,01:50,18,2019
28-11-2019,38.16,18:20,12.96,2019
29-11-2019,38.16,21:50,7.92,2019
30-11-2019,55.08,14:50,20.16,2019
01-12-2019,69.12,21:00,19.08,2019
02-12-2019,60.84,01:30,24.12,2019
03-12-2019,33.84,00:50,10.08,2019
04-12-2019,32.04,18:30,11.16,2019
05-12-2019,42.84,10:30,16.92,2019
06-12-2019,19.08,05:30,5.04,2019
07-12-2019,24.84,14:00,9,2019
08-12-2019,32.04,07:10,9,2019
09-12-2019,23.04,06:00,6.84,2019
10-12-2019,47.16,22:40,7.92,2019
11-12-2019,47.88,14:10,20.88,2019
12-12-2019,75.96,12:10,29.16,2019
13-12-2019,72,02:00,29.16,2019
14-12-2019,66.96,20:40,20.88,2019
15-12-2019,39.96,00:20,10.08,2019
16-12-2019,28.08,10:20,9,2019
17-12-2019,61.92,23:20,12.96,2019
18-12-2019,73.08,12:20,25.92,2019
19-12-2019,83.88,02:20,18,2019
20-12-2019,61.92,01:30,15.12,2019
21-12-2019,111.96,16:50,33.12,2019
22-12-2019,81,09:20,23.04,2019
23-12-2019,51.84,11:20,16.92,2019
24-12-2019,42.84,02:40,9,2019
25-12-2019,55.08,21:40,15.12,2019
26-12-2019,25.92,Varias,6.84,2019
27-12-2019,23.04,07:00,6.12,2019
28-12-2019,21.96,09:00,6.12,2019
29-12-2019,24.12,06:10,6.12,2019
30-12-2019,23.04,19:35,5.04,2019
31-12-2019,19.08,10:20,6.84,2019
01-01-2020,19.08,05:50,6.84,2020
02-01-2020,41.04,14:20,10.08,2020
03-01-2020,33.12,03:30,9,2020
04-01-2020,16.92,Varias,2.88,2020
05-01-2020,20.88,07:20,6.12,2020
06-01-2020,21.96,11:50,9,2020
07-01-2020,20.88,15:40,9,2020
08-01-2020,28.08,22:20,7.92,2020
09-01-2020,56.88,13:10,20.88,2020
10-01-2020,37.08,02:10,9,2020
11-01-2020,19.08,15:10,5.04,2020
12-01-2020,18,02:00,5.04,2020
13-01-2020,65.88,09:40,23.04,2020
14-01-2020,91.08,14:20,27,2020
15-01-2020,66.96,02:30,7.92,2020
16-01-2020,65.88,04:40,14.04,2020
17-01-2020,54,04:30,11.16,2020
18-01-2020,65.88,14:50,15.12,2020
19-01-2020,63,15:30,29.88,2020
20-01-2020,75.96,16:40,29.88,2020
21-01-2020,55.08,14:00,28.08,2020
22-01-2020,51.12,13:10,25.92,2020
23-01-2020,20.88,01:30,3.96,2020
24-01-2020,19.08,03:30,5.04,2020
25-01-2020,18,15:10,3.96,2020
26-01-2020,56.16,23:50,14.04,2020
27-01-2020,63,Varias,20.88,2020
28-01-2020,30.96,01:20,6.84,2020
29-01-2020,51.84,23:50,14.04,2020
30-01-2020,61.92,01:30,16.92,2020
31-01-2020,50.04,17:10,15.12,2020
01-02-2020,56.88,15:00,16.92,2020
02-02-2020,65.88,01:50,24.12,2020
03-02-2020,60.84,02:00,15.12,2020
04-02-2020,36,18:10,11.16,2020
05-02-2020,32.04,17:30,6.84,2020
06-02-2020,37.08,13:10,10.08,2020
07-02-2020,45,12:00,12.96,2020
08-02-2020,34.92,Varias,9,2020
09-02-2020,56.88,04:10,25.92,2020
10-02-2020,51.84,01:00,15.12,2020
11-02-2020,30.96,09:40,7.92,2020
12-02-2020,51.12,23:59,5.04,2020
13-02-2020,51.12,Varias,15.12,2020
14-02-2020,33.84,12:50,11.88,2020
15-02-2020,66.96,23:59,15.12,2020
16-02-2020,77.04,12:50,25.92,2020
17-02-2020,45,10:40,15.84,2020
18-02-2020,21.96,15:30,6.84,2020
19-02-2020,20.88,16:00,7.92,2020
20-02-2020,41.04,17:40,12.96,2020
21-02-2020,28.08,00:10,5.04,2020
22-02-2020,24.12,16:00,9,2020
23-02-2020,16.92,14:30,6.12,2020
24-02-2020,43.92,16:10,12.96,2020
25-02-2020,41.04,16:30,16.92,2020
26-02-2020,47.16,22:10,14.04,2020
27-02-2020,54,11:40,21.96,2020
28-02-2020,68.04,21:30,14.04,2020
29-02-2020,83.16,02:20,20.88,2020
01-03-2020,69.84,04:50,23.04,2020
02-03-2020,74.88,08:00,24.84,2020
03-03-2020,73.08,07:50,20.88,2020
04-03-2020,60.12,23:30,20.16,2020
05-03-2020,72,22:50,28.08,2020
06-03-2020,66.96,04:10,20.16,2020
07-03-2020,29.88,01:10,11.88,2020
08-03-2020,45,14:00,18,2020
09-03-2020,33.12,16:00,14.04,2020
10-03-2020,33.12,15:30,12.96,2020
11-03-2020,30.96,14:40,9,2020
12-03-2020,38.16,16:50,15.12,2020
13-03-2020,45,14:20,20.16,2020
14-03-2020,24.12,15:20,9,2020
15-03-2020,47.88,21:20,10.08,2020
16-03-2020,56.88,04:40,29.88,2020
17-03-2020,33.12,Varias,15.12,2020
18-03-2020,21.96,14:50,10.08,2020
19-03-2020,23.04,13:10,11.16,2020
20-03-2020,19.08,Varias,6.12,2020
21-03-2020,21.96,13:20,6.84,2020
22-03-2020,41.04,16:00,12.96,2020
23-03-2020,39.96,14:00,16.92,2020
24-03-2020,24.12,15:00,7.92,2020
25-03-2020,29.16,12:50,10.08,2020
26-03-2020,45,16:00,16.92,2020
27-03-2020,48.96,16:50,18,2020
28-03-2020,30.96,19:20,9,2020
29-03-2020,52.92,16:40,21.96,2020
30-03-2020,81,10:00,38.88,2020
31-03-2020,56.88,02:50,21.96,2020
01-04-2020,32.04,19:50,11.16,2020
02-04-2020,37.08,02:30,18,2020
03-04-2020,29.16,00:30,6.84,2020
04-04-2020,45,22:50,15.84,2020
05-04-2020,51.12,03:40,19.08,2020
06-04-2020,28.08,18:00,10.08,2020
07-04-2020,24.12,11:20,3.96,2020
08-04-2020,20.16,14:00,6.84,2020
09-04-2020,24.84,19:10,3.96,2020
10-04-2020,33.84,15:50,14.04,2020
11-04-2020,16.92,10:20,6.84,2020
12-04-2020,43.92,21:50,10.08,2020
13-04-2020,37.08,15:40,11.88,2020
14-04-2020,38.16,15:10,6.84,2020
15-04-2020,29.16,10:10,6.12,2020
16-04-2020,39.96,14:40,10.08,2020
17-04-2020,47.88,14:40,11.88,2020
18-04-2020,30.96,14:20,6.12,2020
19-04-2020,21.96,Varias,11.88,2020
20-04-2020,33.12,18:10,12.96,2020
21-04-2020,32.04,23:20,15.12,2020
22-04-2020,33.84,02:40,12.96,2020
23-04-2020,24.84,15:00,7.92,2020
24-04-2020,24.12,13:20,9,2020
25-04-2020,23.04,Varias,6.84,2020
26-04-2020,34.92,13:40,7.92,2020
27-04-2020,42.84,17:00,12.96,2020
28-04-2020,43.92,Varias,16.92,2020
29-04-2020,57.96,14:20,20.16,2020
30-04-2020,64.08,14:40,24.84,2020
01-05-2020,54,12:10,20.88,2020
02-05-2020,52.92,12:20,18,2020
03-05-2020,19.08,10:10,6.84,2020
04-05-2020,69.84,14:00,16.92,2020
05-05-2020,59.04,15:40,18,2020
06-05-2020,43.92,17:20,16.92,2020
07-05-2020,32.04,11:20,10.08,2020
08-05-2020,28.08,13:40,6.84,2020
09-05-2020,24.84,04:40,12.96,2020
10-05-2020,30.96,13:40,7.92,2020
11-05-2020,43.92,Varias,16.92,2020
12-05-2020,30.96,19:00,11.16,2020
13-05-2020,42.84,15:10,15.12,2020
14-05-2020,48.96,10:30,24.84,2020
15-05-2020,50.04,10:30,23.04,2020
16-05-2020,45,18:20,20.88,2020
17-05-2020,20.88,Varias,9,2020
18-05-2020,18,Varias,6.84,2020
19-05-2020,23.04,15:00,6.84,2020
20-05-2020,30.96,14:40,7.92,2020
21-05-2020,32.04,14:10,9,2020
22-05-2020,29.16,01:20,7.92,2020
23-05-2020,51.12,15:30,21.96,2020
24-05-2020,42.12,17:20,15.12,2020
25-05-2020,47.88,14:00,16.92,2020
26-05-2020,47.88,11:50,20.16,2020
27-05-2020,29.88,15:30,9,2020
28-05-2020,20.88,Varias,6.84,2020
29-05-2020,24.12,13:50,6.84,2020
30-05-2020,23.04,12:50,10.08,2020
31-05-2020,38.88,23:59,7.92,2020
01-06-2020,36,00:10,14.04,2020
02-06-2020,23.04,15:10,6.84,2020
03-06-2020,24.12,09:50,6.12,2020
04-06-2020,33.12,12:10,15.12,2020
05-06-2020,29.88,14:40,10.08,2020
06-06-2020,32.04,18:20,11.88,2020
07-06-2020,37.08,12:10,19.08,2020
08-06-2020,33.84,12:20,15.84,2020
09-06-2020,34.92,15:40,15.12,2020
10-06-2020,29.16,Varias,11.16,2020
11-06-2020,69.12,19:20,24.84,2020
12-06-2020,46.08,08:10,18,2020
13-06-2020,47.16,16:00,18,2020
14-06-2020,46.08,14:40,18,2020
15-06-2020,41.04,17:50,15.12,2020
16-06-2020,34.92,12:20,15.84,2020
17-06-2020,24.84,11:40,11.88,2020
18-06-2020,33.84,15:50,14.04,2020
19-06-2020,42.84,18:20,15.12,2020
20-06-2020,42.12,14:10,14.04,2020
21-06-2020,32.04,05:30,9,2020
22-06-2020,32.04,Varias,10.08,2020
23-06-2020,30.96,13:40,11.16,2020
24-06-2020,20.88,15:20,7.92,2020
25-06-2020,24.12,14:40,9,2020
26-06-2020,36,14:00,12.96,2020
27-06-2020,42.12,17:10,15.84,2020
28-06-2020,33.84,Varias,10.08,2020
29-06-2020,27,15:00,11.16,2020
30-06-2020,25.92,13:30,10.08,2020
01-07-2020,33.12,12:40,18,2020
02-07-2020,28.08,07:50,9,2020
03-07-2020,29.88,12:30,11.16,2020
04-07-2020,24.12,14:20,7.92,2020
05-07-2020,38.88,19:10,11.88,2020
06-07-2020,51.12,10:40,25.92,2020
07-07-2020,39.96,20:50,11.88,2020
08-07-2020,55.08,18:10,25.92,2020
09-07-2020,33.84,13:30,11.16,2020
10-07-2020,47.88,17:00,15.84,2020
11-07-2020,45,Varias,24.84,2020
12-07-2020,42.12,19:20,15.84,2020
13-07-2020,56.88,15:30,21.96,2020
14-07-2020,42.84,17:30,18,2020
15-07-2020,50.04,15:20,20.16,2020
16-07-2020,47.16,14:50,12.96,2020
17-07-2020,30.96,Varias,11.88,2020
18-07-2020,18,15:20,6.84,2020
19-07-2020,46.08,Varias,19.08,2020
20-07-2020,47.16,16:30,18,2020
21-07-2020,42.12,17:50,16.92,2020
22-07-2020,29.88,17:50,9,2020
23-07-2020,33.84,15:10,10.08,2020
24-07-2020,24.12,15:00,7.92,2020
25-07-2020,43.92,17:00,11.16,2020
26-07-2020,27,12:10,9,2020
27-07-2020,37.08,12:30,15.12,2020
28-07-2020,39.96,11:40,15.12,2020
29-07-2020,32.04,01:50,11.16,2020
30-07-2020,42.12,12:00,9,2020
31-07-2020,32.04,16:40,7.92,2020
01-08-2020,29.88,14:30,9,2020
02-08-2020,32.04,15:30,10.08,2020
03-08-2020,29.88,13:00,12.96,2020
04-08-2020,33.84,18:10,11.88,2020
05-08-2020,25.92,14:40,11.16,2020
06-08-2020,29.88,13:30,11.16,2020
07-08-2020,25.92,15:00,11.16,2020
08-08-2020,42.84,12:00,11.16,2020
09-08-2020,24.12,15:20,6.12,2020
10-08-2020,29.88,15:00,10.08,2020
11-08-2020,37.08,Varias,16.92,2020
12-08-2020,36,08:30,11.16,2020
13-08-2020,25.92,01:50,9,2020
14-08-2020,29.88,15:00,11.88,2020
15-08-2020,45,15:10,12.96,2020
16-08-2020,51.12,14:40,11.88,2020
17-08-2020,38.16,10:20,6.84,2020
18-08-2020,54,16:40,14.04,2020
19-08-2020,60.84,13:38,23.04,2020
20-08-2020,60.12,Varias,12.96,2020
21-08-2020,43.92,12:40,15.84,2020
22-08-2020,27,13:00,12.96,2020
23-08-2020,41.04,15:50,15.12,2020
24-08-2020,24.12,21:30,7.92,2020
25-08-2020,32.04,15:50,11.88,2020
26-08-2020,19.08,15:10,6.84,2020
27-08-2020,38.88,16:40,11.88,2020
28-08-2020,42.12,19:50,11.88,2020
29-08-2020,50.04,11:50,16.92,2020
30-08-2020,37.08,16:00,11.88,2020
31-08-2020,23.04,11:50,9,2020
01-09-2020,41.04,15:10,11.16,2020
02-09-2020,36,16:20,12.96,2020
03-09-2020,16.92,14:50,7.92,2020
04-09-2020,36,13:30,11.16,2020
05-09-2020,43.92,13:00,20.16,2020
06-09-2020,47.16,13:10,27,2020
07-09-2020,47.16,13:50,21.96,2020
08-09-2020,33.12,17:00,10.08,2020
09-09-2020,24.12,20:10,6.12,2020
10-09-2020,21.96,15:00,6.12,2020
11-09-2020,15.84,15:30,6.84,2020
12-09-2020,15.84,20:30,3.96,2020
13-09-2020,25.92,15:40,6.12,2020
14-09-2020,25.92,Varias,5.04,2020
15-09-2020,32.04,Varias,7.92,2020
16-09-2020,18,01:30,6.12,2020
17-09-2020,59.04,16:50,10.08,2020
18-09-2020,27,11:50,6.84,2020
19-09-2020,24.12,14:00,3.96,2020
20-09-2020,24.12,16:30,6.12,2020
21-09-2020,25.92,16:30,6.84,2020
22-09-2020,29.16,22:00,6.12,2020
23-09-2020,48.96,16:20,11.88,2020
24-09-2020,69.12,Varias,20.16,2020
25-09-2020,47.16,05:50,14.04,2020
26-09-2020,47.88,15:50,16.92,2020
27-09-2020,34.92,02:30,11.88,2020
28-09-2020,33.84,17:30,10.08,2020
29-09-2020,23.04,13:10,6.84,2020
30-09-2020,42.84,22:10,12.96,2020
01-10-2020,78.12,21:10,19.08,2020
02-10-2020,75.96,04:40,23.04,2020
03-10-2020,65.16,00:30,15.12,2020
04-10-2020,56.16,08:40,19.08,2020
05-10-2020,43.92,16:20,18,2020
06-10-2020,46.08,13:00,16.92,2020
07-10-2020,33.84,01:40,10.08,2020
08-10-2020,16.92,14:00,6.12,2020
09-10-2020,38.16,23:30,6.84,2020
10-10-2020,43.92,Varias,19.08,2020
11-10-2020,41.04,15:20,15.12,2020
12-10-2020,30.96,23:59,6.12,2020
13-10-2020,34.92,22:30,14.04,2020
14-10-2020,41.04,01:10,10.08,2020
15-10-2020,29.88,18:20,7.92,2020
16-10-2020,23.04,09:00,6.12,2020
17-10-2020,36,09:40,12.96,2020
18-10-2020,38.88,13:40,10.08,2020
19-10-2020,52.92,12:20,20.88,2020
20-10-2020,43.92,10:00,15.12,2020
21-10-2020,41.04,03:30,9,2020
22-10-2020,45,11:40,11.88,2020
23-10-2020,42.12,02:50,15.12,2020
24-10-2020,68.04,12:30,24.84,2020
25-10-2020,65.88,13:00,20.88,2020
26-10-2020,41.04,13:10,16.92,2020
27-10-2020,60.12,11:10,15.12,2020
28-10-2020,37.08,10:20,11.16,2020
29-10-2020,32.04,11:50,7.92,2020
30-10-2020,42.12,23:00,6.84,2020
31-10-2020,56.88,19:40,16.92,2020
01-11-2020,55.08,00:20,19.08,2020
02-11-2020,56.16,07:00,11.88,2020
03-11-2020,42.12,11:20,16.92,2020
04-11-2020,69.12,23:59,18,2020
05-11-2020,64.08,00:10,19.08,2020
06-11-2020,37.08,12:50,9,2020
07-11-2020,63,11:50,12.96,2020
08-11-2020,56.16,06:00,12.96,2020
09-11-2020,33.84,00:30,11.16,2020
10-11-2020,21.96,11:10,6.84,2020
11-11-2020,51.84,17:20,16.92,2020
12-11-2020,30.96,11:40,6.84,2020
13-11-2020,34.92,13:00,10.08,2020
14-11-2020,52.92,10:00,19.08,2020
15-11-2020,59.04,06:30,16.92,2020
16-11-2020,14.04,04:10,2.88,2020
17-11-2020,45,22:20,7.92,2020
18-11-2020,48.96,21:40,14.04,2020
19-11-2020,42.84,15:40,19.08,2020
20-11-2020,32.04,16:50,9,2020
21-11-2020,23.04,06:20,6.12,2020
22-11-2020,14.04,03:20,3.96,2020
23-11-2020,15.12,09:50,6.12,2020
24-11-2020,47.16,19:00,14.04,2020
25-11-2020,41.04,07:00,18,2020
26-11-2020,20.16,Varias,3.96,2020
27-11-2020,18,15:00,3.96,2020
28-11-2020,29.16,13:50,11.16,2020
29-11-2020,24.84,11:20,2.16,2020
30-11-2020,30.96,17:40,6.84,2020
01-12-2020,24.12,20:10,6.12,2020
02-12-2020,38.16,14:30,15.12,2020
03-12-2020,87.12,20:40,21.96,2020
04-12-2020,81,07:50,20.88,2020
05-12-2020,65.16,13:10,21.96,2020
06-12-2020,57.96,23:10,15.84,2020
07-12-2020,81,14:20,30.96,2020
08-12-2020,51.12,Varias,20.88,2020
09-12-2020,59.04,23:10,12.96,2020
10-12-2020,64.08,23:40,15.84,2020
11-12-2020,69.84,09:50,21.96,2020
12-12-2020,51.84,00:20,11.88,2020
13-12-2020,59.04,18:30,18,2020
14-12-2020,45,14:50,12.96,2020
15-12-2020,63,18:10,19.08,2020
16-12-2020,38.16,00:10,10.08,2020
17-12-2020,45,23:50,14.04,2020
18-12-2020,65.88,15:50,21.96,2020
19-12-2020,41.04,14:20,10.08,2020
20-12-2020,60.12,18:40,11.88,2020
21-12-2020,55.08,16:00,16.92,2020
22-12-2020,60.84,16:20,20.88,2020
23-12-2020,45,02:40,16.92,2020
24-12-2020,47.16,15:40,6.12,2020
25-12-2020,47.16,15:10,18,2020
26-12-2020,24.12,16:20,9,2020
27-12-2020,84.96,17:50,33.84,2020
28-12-2020,90,08:10,34.92,2020
29-12-2020,74.16,00:30,28.08,2020
30-12-2020,47.16,03:50,16.92,2020
31-12-2020,59.04,08:00,19.08,2020
01-01-2020,19.08,05:50,6.84,2020
02-01-2020,41.04,14:20,10.08,2020
03-01-2020,33.12,03:30,9,2020
04-01-2020,16.92,Varias,2.88,2020
05-01-2020,20.88,07:20,6.12,2020
06-01-2020,21.96,11:50,9,2020
07-01-2020,20.88,15:40,9,2020
08-01-2020,28.08,22:20,7.92,2020
09-01-2020,56.88,13:10,20.88,2020
10-01-2020,37.08,02:10,9,2020
11-01-2020,19.08,15:10,5.04,2020
12-01-2020,18,02:00,5.04,2020
13-01-2020,65.88,09:40,23.04,2020
14-01-2020,91.08,14:20,27,2020
15-01-2020,66.96,02:30,7.92,2020
16-01-2020,65.88,04:40,14.04,2020
17-01-2020,54,04:30,11.16,2020
18-01-2020,65.88,14:50,15.12,2020
19-01-2020,63,15:30,29.88,2020
20-01-2020,75.96,16:40,29.88,2020
21-01-2020,55.08,14:00,28.08,2020
22-01-2020,51.12,13:10,25.92,2020
23-01-2020,20.88,01:30,3.96,2020
24-01-2020,19.08,03:30,5.04,2020
25-01-2020,18,15:10,3.96,2020
26-01-2020,56.16,23:50,14.04,2020
27-01-2020,63,Varias,20.88,2020
28-01-2020,30.96,01:20,6.84,2020
29-01-2020,51.84,23:50,14.04,2020
30-01-2020,61.92,01:30,16.92,2020
31-01-2020,50.04,17:10,15.12,2020
01-02-2020,56.88,15:00,16.92,2020
02-02-2020,65.88,01:50,24.12,2020
03-02-2020,60.84,02:00,15.12,2020
04-02-2020,36,18:10,11.16,2020
05-02-2020,32.04,17:30,6.84,2020
06-02-2020,37.08,13:10,10.08,2020
07-02-2020,45,12:00,12.96,2020
08-02-2020,34.92,Varias,9,2020
09-02-2020,56.88,04:10,25.92,2020
10-02-2020,51.84,01:00,15.12,2020
11-02-2020,30.96,09:40,7.92,2020
12-02-2020,51.12,23:59,5.04,2020
13-02-2020,51.12,Varias,15.12,2020
14-02-2020,33.84,12:50,11.88,2020
15-02-2020,66.96,23:59,15.12,2020
16-02-2020,77.04,12:50,25.92,2020
17-02-2020,45,10:40,15.84,2020
18-02-2020,21.96,15:30,6.84,2020
19-02-2020,20.88,16:00,7.92,2020
20-02-2020,41.04,17:40,12.96,2020
21-02-2020,28.08,00:10,5.04,2020
22-02-2020,24.12,16:00,9,2020
23-02-2020,16.92,14:30,6.12,2020
24-02-2020,43.92,16:10,12.96,2020
25-02-2020,41.04,16:30,16.92,2020
26-02-2020,47.16,22:10,14.04,2020
27-02-2020,54,11:40,21.96,2020
28-02-2020,68.04,21:30,14.04,2020
29-02-2020,83.16,02:20,20.88,2020
01-03-2020,69.84,04:50,23.04,2020
02-03-2020,74.88,08:00,24.84,2020
03-03-2020,73.08,07:50,20.88,2020
04-03-2020,60.12,23:30,20.16,2020
05-03-2020,72,22:50,28.08,2020
06-03-2020,66.96,04:10,20.16,2020
07-03-2020,29.88,01:10,11.88,2020
08-03-2020,45,14:00,18,2020
09-03-2020,33.12,16:00,14.04,2020
10-03-2020,33.12,15:30,12.96,2020
11-03-2020,30.96,14:40,9,2020
12-03-2020,38.16,16:50,15.12,2020
13-03-2020,45,14:20,20.16,2020
14-03-2020,24.12,15:20,9,2020
15-03-2020,47.88,21:20,10.08,2020
16-03-2020,56.88,04:40,29.88,2020
17-03-2020,33.12,Varias,15.12,2020
18-03-2020,21.96,14:50,10.08,2020
19-03-2020,23.04,13:10,11.16,2020
20-03-2020,19.08,Varias,6.12,2020
21-03-2020,21.96,13:20,6.84,2020
22-03-2020,41.04,16:00,12.96,2020
23-03-2020,39.96,14:00,16.92,2020
24-03-2020,24.12,15:00,7.92,2020
25-03-2020,29.16,12:50,10.08,2020
26-03-2020,45,16:00,16.92,2020
27-03-2020,48.96,16:50,18,2020
28-03-2020,30.96,19:20,9,2020
29-03-2020,52.92,16:40,21.96,2020
30-03-2020,81,10:00,38.88,2020
31-03-2020,56.88,02:50,21.96,2020
01-04-2020,32.04,19:50,11.16,2020
02-04-2020,37.08,02:30,18,2020
03-04-2020,29.16,00:30,6.84,2020
04-04-2020,45,22:50,15.84,2020
05-04-2020,51.12,03:40,19.08,2020
06-04-2020,28.08,18:00,10.08,2020
07-04-2020,24.12,11:20,3.96,2020
08-04-2020,20.16,14:00,6.84,2020
09-04-2020,24.84,19:10,3.96,2020
10-04-2020,33.84,15:50,14.04,2020
11-04-2020,16.92,10:20,6.84,2020
12-04-2020,43.92,21:50,10.08,2020
13-04-2020,37.08,15:40,11.88,2020
14-04-2020,38.16,15:10,6.84,2020
15-04-2020,29.16,10:10,6.12,2020
16-04-2020,39.96,14:40,10.08,2020
17-04-2020,47.88,14:40,11.88,2020
18-04-2020,30.96,14:20,6.12,2020
19-04-2020,21.96,Varias,11.88,2020
20-04-2020,33.12,18:10,12.96,2020
21-04-2020,32.04,23:20,15.12,2020
22-04-2020,33.84,02:40,12.96,2020
23-04-2020,24.84,15:00,7.92,2020
24-04-2020,24.12,13:20,9,2020
25-04-2020,23.04,Varias,6.84,2020
26-04-2020,34.92,13:40,7.92,2020
27-04-2020,42.84,17:00,12.96,2020
28-04-2020,43.92,Varias,16.92,2020
29-04-2020,57.96,14:20,20.16,2020
30-04-2020,64.08,14:40,24.84,2020
01-05-2020,54,12:10,20.88,2020
02-05-2020,52.92,12:20,18,2020
03-05-2020,19.08,10:10,6.84,2020
04-05-2020,69.84,14:00,16.92,2020
05-05-2020,59.04,15:40,18,2020
06-05-2020,43.92,17:20,16.92,2020
07-05-2020,32.04,11:20,10.08,2020
08-05-2020,28.08,13:40,6.84,2020
09-05-2020,24.84,04:40,12.96,2020
10-05-2020,30.96,13:40,7.92,2020
11-05-2020,43.92,Varias,16.92,2020
12-05-2020,30.96,19:00,11.16,2020
13-05-2020,42.84,15:10,15.12,2020
14-05-2020,48.96,10:30,24.84,2020
15-05-2020,50.04,10:30,23.04,2020
16-05-2020,45,18:20,20.88,2020
17-05-2020,20.88,Varias,9,2020
18-05-2020,18,Varias,6.84,2020
19-05-2020,23.04,15:00,6.84,2020
20-05-2020,30.96,14:40,7.92,2020
21-05-2020,32.04,14:10,9,2020
22-05-2020,29.16,01:20,7.92,2020
23-05-2020,51.12,15:30,21.96,2020
24-05-2020,42.12,17:20,15.12,2020
25-05-2020,47.88,14:00,16.92,2020
26-05-2020,47.88,11:50,20.16,2020
27-05-2020,29.88,15:30,9,2020
28-05-2020,20.88,Varias,6.84,2020
29-05-2020,24.12,13:50,6.84,2020
30-05-2020,23.04,12:50,10.08,2020
31-05-2020,38.88,23:59,7.92,2020
01-06-2020,36,00:10,14.04,2020
02-06-2020,23.04,15:10,6.84,2020
03-06-2020,24.12,09:50,6.12,2020
04-06-2020,33.12,12:10,15.12,2020
05-06-2020,29.88,14:40,10.08,2020
06-06-2020,32.04,18:20,11.88,2020
07-06-2020,37.08,12:10,19.08,2020
08-06-2020,33.84,12:20,15.84,2020
09-06-2020,34.92,15:40,15.12,2020
10-06-2020,29.16,Varias,11.16,2020
11-06-2020,69.12,19:20,24.84,2020
12-06-2020,46.08,08:10,18,2020
13-06-2020,47.16,16:00,18,2020
14-06-2020,46.08,14:40,18,2020
15-06-2020,41.04,17:50,15.12,2020
16-06-2020,34.92,12:20,15.84,2020
17-06-2020,24.84,11:40,11.88,2020
18-06-2020,33.84,15:50,14.04,2020
19-06-2020,42.84,18:20,15.12,2020
20-06-2020,42.12,14:10,14.04,2020
21-06-2020,32.04,05:30,9,2020
22-06-2020,32.04,Varias,10.08,2020
23-06-2020,30.96,13:40,11.16,2020
24-06-2020,20.88,15:20,7.92,2020
25-06-2020,24.12,14:40,9,2020
26-06-2020,36,14:00,12.96,2020
27-06-2020,42.12,17:10,15.84,2020
28-06-2020,33.84,Varias,10.08,2020
29-06-2020,27,15:00,11.16,2020
30-06-2020,25.92,13:30,10.08,2020
01-07-2020,33.12,12:40,18,2020
02-07-2020,28.08,07:50,9,2020
03-07-2020,29.88,12:30,11.16,2020
04-07-2020,24.12,14:20,7.92,2020
05-07-2020,38.88,19:10,11.88,2020
06-07-2020,51.12,10:40,25.92,2020
07-07-2020,39.96,20:50,11.88,2020
08-07-2020,55.08,18:10,25.92,2020
09-07-2020,33.84,13:30,11.16,2020
10-07-2020,47.88,17:00,15.84,2020
11-07-2020,45,Varias,24.84,2020
12-07-2020,42.12,19:20,15.84,2020
13-07-2020,56.88,15:30,21.96,2020
14-07-2020,42.84,17:30,18,2020
15-07-2020,50.04,15:20,20.16,2020
16-07-2020,47.16,14:50,12.96,2020
17-07-2020,30.96,Varias,11.88,2020
18-07-2020,18,15:20,6.84,2020
19-07-2020,46.08,Varias,19.08,2020
20-07-2020,47.16,16:30,18,2020
21-07-2020,42.12,17:50,16.92,2020
22-07-2020,29.88,17:50,9,2020
23-07-2020,33.84,15:10,10.08,2020
24-07-2020,24.12,15:00,7.92,2020
25-07-2020,43.92,17:00,11.16,2020
26-07-2020,27,12:10,9,2020
27-07-2020,37.08,12:30,15.12,2020
28-07-2020,39.96,11:40,15.12,2020
29-07-2020,32.04,01:50,11.16,2020
30-07-2020,42.12,12:00,9,2020
31-07-2020,32.04,16:40,7.92,2020
01-08-2020,29.88,14:30,9,2020
02-08-2020,32.04,15:30,10.08,2020
03-08-2020,29.88,13:00,12.96,2020
04-08-2020,33.84,18:10,11.88,2020
05-08-2020,25.92,14:40,11.16,2020
06-08-2020,29.88,13:30,11.16,2020
07-08-2020,25.92,15:00,11.16,2020
08-08-2020,42.84,12:00,11.16,2020
09-08-2020,24.12,15:20,6.12,2020
10-08-2020,29.88,15:00,10.08,2020
11-08-2020,37.08,Varias,16.92,2020
12-08-2020,36,08:30,11.16,2020
13-08-2020,25.92,01:50,9,2020
14-08-2020,29.88,15:00,11.88,2020
15-08-2020,45,15:10,12.96,2020
16-08-2020,51.12,14:40,11.88,2020
17-08-2020,38.16,10:20,6.84,2020
18-08-2020,54,16:40,14.04,2020
19-08-2020,60.84,13:38,23.04,2020
20-08-2020,60.12,Varias,12.96,2020
21-08-2020,43.92,12:40,15.84,2020
22-08-2020,27,13:00,12.96,2020
23-08-2020,41.04,15:50,15.12,2020
24-08-2020,24.12,21:30,7.92,2020
25-08-2020,32.04,15:50,11.88,2020
26-08-2020,19.08,15:10,6.84,2020
27-08-2020,38.88,16:40,11.88,2020
28-08-2020,42.12,19:50,11.88,2020
29-08-2020,50.04,11:50,16.92,2020
30-08-2020,37.08,16:00,11.88,2020
31-08-2020,23.04,11:50,9,2020
01-09-2020,41.04,15:10,11.16,2020
02-09-2020,36,16:20,12.96,2020
03-09-2020,16.92,14:50,7.92,2020
04-09-2020,36,13:30,11.16,2020
05-09-2020,43.92,13:00,20.16,2020
06-09-2020,47.16,13:10,27,2020
07-09-2020,47.16,13:50,21.96,2020
08-09-2020,33.12,17:00,10.08,2020
09-09-2020,24.12,20:10,6.12,2020
10-09-2020,21.96,15:00,6.12,2020
11-09-2020,15.84,15:30,6.84,2020
12-09-2020,15.84,20:30,3.96,2020
13-09-2020,25.92,15:40,6.12,2020
14-09-2020,25.92,Varias,5.04,2020
15-09-2020,32.04,Varias,7.92,2020
16-09-2020,18,01:30,6.12,2020
17-09-2020,59.04,16:50,10.08,2020
18-09-2020,27,11:50,6.84,2020
19-09-2020,24.12,14:00,3.96,2020
20-09-2020,24.12,16:30,6.12,2020
21-09-2020,25.92,16:30,6.84,2020
22-09-2020,29.16,22:00,6.12,2020
23-09-2020,48.96,16:20,11.88,2020
24-09-2020,69.12,Varias,20.16,2020
25-09-2020,47.16,05:50,14.04,2020
26-09-2020,47.88,15:50,16.92,2020
27-09-2020,34.92,02:30,11.88,2020
28-09-2020,33.84,17:30,10.08,2020
29-09-2020,23.04,13:10,6.84,2020
30-09-2020,42.84,22:10,12.96,2020
01-10-2020,78.12,21:10,19.08,2020
02-10-2020,75.96,04:40,23.04,2020
03-10-2020,65.16,00:30,15.12,2020
04-10-2020,56.16,08:40,19.08,2020
05-10-2020,43.92,16:20,18,2020
06-10-2020,46.08,13:00,16.92,2020
07-10-2020,33.84,01:40,10.08,2020
08-10-2020,16.92,14:00,6.12,2020
09-10-2020,38.16,23:30,6.84,2020
10-10-2020,43.92,Varias,19.08,2020
11-10-2020,41.04,15:20,15.12,2020
12-10-2020,30.96,23:59,6.12,2020
13-10-2020,34.92,22:30,14.04,2020
14-10-2020,41.04,01:10,10.08,2020
15-10-2020,29.88,18:20,7.92,2020
16-10-2020,23.04,09:00,6.12,2020
17-10-2020,36,09:40,12.96,2020
18-10-2020,38.88,13:40,10.08,2020
19-10-2020,52.92,12:20,20.88,2020
20-10-2020,43.92,10:00,15.12,2020
21-10-2020,41.04,03:30,9,2020
22-10-2020,45,11:40,11.88,2020
23-10-2020,42.12,02:50,15.12,2020
24-10-2020,68.04,12:30,24.84,2020
25-10-2020,65.88,13:00,20.88,2020
26-10-2020,41.04,13:10,16.92,2020
27-10-2020,60.12,11:10,15.12,2020
28-10-2020,37.08,10:20,11.16,2020
29-10-2020,32.04,11:50,7.92,2020
30-10-2020,42.12,23:00,6.84,2020
31-10-2020,56.88,19:40,16.92,2020
01-11-2020,55.08,00:20,19.08,2020
02-11-2020,56.16,07:00,11.88,2020
03-11-2020,42.12,11:20,16.92,2020
04-11-2020,69.12,23:59,18,2020
05-11-2020,64.08,00:10,19.08,2020
06-11-2020,37.08,12:50,9,2020
07-11-2020,63,11:50,12.96,2020
08-11-2020,56.16,06:00,12.96,2020
09-11-2020,33.84,00:30,11.16,2020
10-11-2020,21.96,11:10,6.84,2020
11-11-2020,51.84,17:20,16.92,2020
12-11-2020,30.96,11:40,6.84,2020
13-11-2020,34.92,13:00,10.08,2020
14-11-2020,52.92,10:00,19.08,2020
15-11-2020,59.04,06:30,16.92,2020
16-11-2020,14.04,04:10,2.88,2020
17-11-2020,45,22:20,7.92,2020
18-11-2020,48.96,21:40,14.04,2020
19-11-2020,42.84,15:40,19.08,2020
20-11-2020,32.04,16:50,9,2020
21-11-2020,23.04,06:20,6.12,2020
22-11-2020,14.04,03:20,3.96,2020
23-11-2020,15.12,09:50,6.12,2020
24-11-2020,47.16,19:00,14.04,2020
25-11-2020,41.04,07:00,18,2020
26-11-2020,20.16,Varias,3.96,2020
27-11-2020,18,15:00,3.96,2020
28-11-2020,29.16,13:50,11.16,2020
29-11-2020,24.84,11:20,2.16,2020
30-11-2020,30.96,17:40,6.84,2020
01-12-2020,24.12,20:10,6.12,2020
02-12-2020,38.16,14:30,15.12,2020
03-12-2020,87.12,20:40,21.96,2020
04-12-2020,81,07:50,20.88,2020
05-12-2020,65.16,13:10,21.96,2020
06-12-2020,57.96,23:10,15.84,2020
07-12-2020,81,14:20,30.96,2020
08-12-2020,51.12,Varias,20.88,2020
09-12-2020,59.04,23:10,12.96,2020
10-12-2020,64.08,23:40,15.84,2020
11-12-2020,69.84,09:50,21.96,2020
12-12-2020,51.84,00:20,11.88,2020
13-12-2020,59.04,18:30,18,2020
14-12-2020,45,14:50,12.96,2020
15-12-2020,63,18:10,19.08,2020
16-12-2020,38.16,00:10,10.08,2020
17-12-2020,45,23:50,14.04,2020
18-12-2020,65.88,15:50,21.96,2020
19-12-2020,41.04,14:20,10.08,2020
20-12-2020,60.12,18:40,11.88,2020
21-12-2020,55.08,16:00,16.92,2020
22-12-2020,60.84,16:20,20.88,2020
23-12-2020,45,02:40,16.92,2020
24-12-2020,47.16,15:40,6.12,2020
25-12-2020,47.16,15:10,18,2020
26-12-2020,24.12,16:20,9,2020
27-12-2020,84.96,17:50,33.84,2020
28-12-2020,90,08:10,34.92,2020
29-12-2020,74.16,00:30,28.08,2020
30-12-2020,47.16,03:50,16.92,2020
31-12-2020,59.04,08:00,19.08,2020
01-01-2021,60.84,13:20,10.08,2021
02-01-2021,24.12,04:30,7.92,2021
03-01-2021,47.88,12:30,16.92,2021
04-01-2021,33.12,03:20,9,2021
05-01-2021,27,14:00,6.84,2021
06-01-2021,27,18:10,11.88,2021
07-01-2021,37.08,15:30,6.12,2021
08-01-2021,39.96,17:00,12.96,2021
09-01-2021,63,14:30,20.88,2021
10-01-2021,63,13:30,32.04,2021
11-01-2021,41.04,15:20,15.84,2021
12-01-2021,20.16,09:30,3.96,2021
13-01-2021,18,17:20,6.12,2021
14-01-2021,18,07:40,6.12,2021
15-01-2021,21.96,21:20,6.12,2021
16-01-2021,23.04,02:20,5.04,2021
17-01-2021,23.04,08:30,6.84,2021
18-01-2021,15.12,Varias,6.12,2021
19-01-2021,77.04,22:40,18,2021
20-01-2021,63,10:10,20.88,2021
21-01-2021,72,11:20,27,2021
22-01-2021,73.08,01:30,20.88,2021
23-01-2021,73.08,14:10,19.08,2021
24-01-2021,43.92,Varias,15.84,2021
25-01-2021,42.84,04:50,5.04,2021
26-01-2021,25.92,21:30,5.04,2021
27-01-2021,39.96,Varias,11.16,2021
28-01-2021,60.12,19:50,15.84,2021
29-01-2021,59.04,22:50,20.16,2021
30-01-2021,83.88,11:30,29.16,2021
31-01-2021,66.96,19:40,25.92,2021
01-02-2021,55.08,Varias,19.08,2021
02-02-2021,69.12,16:40,14.04,2021
03-02-2021,59.04,00:20,14.04,2021
04-02-2021,28.08,00:20,7.92,2021
05-02-2021,55.08,22:10,18,2021
06-02-2021,55.08,08:40,20.88,2021
07-02-2021,52.92,14:00,16.92,2021
08-02-2021,50.04,23:59,15.12,2021
09-02-2021,72,06:10,24.84,2021
10-02-2021,41.04,04:40,14.04,2021
11-02-2021,29.16,07:10,7.92,2021
12-02-2021,50.04,03:00,11.88,2021
13-02-2021,41.04,05:20,11.88,2021
14-02-2021,78.84,14:30,20.88,2021
15-02-2021,56.88,07:10,20.16,2021
16-02-2021,65.88,02:50,18,2021
17-02-2021,55.08,12:20,15.12,2021
18-02-2021,60.12,02:40,11.88,2021
19-02-2021,73.08,07:50,23.04,2021
20-02-2021,83.88,02:50,18,2021
21-02-2021,33.12,04:00,10.08,2021
22-02-2021,39.96,15:30,11.16,2021
23-02-2021,56.88,12:20,16.92,2021
24-02-2021,66.96,13:10,19.08,2021
25-02-2021,33.84,21:50,11.16,2021
26-02-2021,32.04,16:00,11.88,2021
27-02-2021,36,13:40,16.92,2021
28-02-2021,41.04,17:50,15.12,2021
01-03-2021,33.84,14:10,7.92,2021
02-03-2021,36,10:40,7.92,2021
03-03-2021,23.04,13:50,3.96,2021
04-03-2021,20.16,14:30,6.12,2021
05-03-2021,43.92,17:50,20.16,2021
06-03-2021,43.92,16:40,21.96,2021
07-03-2021,41.04,14:00,15.84,2021
08-03-2021,43.92,02:00,19.08,2021
09-03-2021,36,15:40,15.84,2021
10-03-2021,45,15:30,10.08,2021
11-03-2021,56.16,03:50,19.08,2021
12-03-2021,46.08,16:30,15.84,2021
13-03-2021,54,10:10,21.96,2021
14-03-2021,41.04,01:00,11.88,2021
15-03-2021,38.16,15:00,9,2021
16-03-2021,50.04,17:40,18,2021
17-03-2021,42.84,19:00,21.96,2021
18-03-2021,46.08,14:10,20.16,2021
19-03-2021,50.04,17:20,20.16,2021
20-03-2021,52.92,11:00,29.16,2021
21-03-2021,46.08,15:40,18,2021
22-03-2021,24.12,Varias,6.12,2021
23-03-2021,33.84,12:30,14.04,2021
24-03-2021,24.12,13:50,9,2021
25-03-2021,24.84,13:40,7.92,2021
26-03-2021,39.96,10:50,11.88,2021
27-03-2021,28.08,14:20,6.84,2021
28-03-2021,28.08,18:10,11.16,2021
29-03-2021,30.96,16:10,9,2021
30-03-2021,20.88,05:30,2.88,2021
31-03-2021,28.08,23:10,3.96,2021
01-04-2021,34.92,04:40,10.08,2021
02-04-2021,24.84,14:00,11.16,2021
03-04-2021,47.88,17:50,24.12,2021
04-04-2021,45,02:40,10.08,2021
05-04-2021,41.04,14:00,12.96,2021
06-04-2021,54,16:40,24.84,2021
07-04-2021,42.12,Varias,20.16,2021
08-04-2021,19.08,13:10,7.92,2021
09-04-2021,23.04,18:00,10.08,2021
10-04-2021,45,19:30,11.88,2021
11-04-2021,51.84,08:40,23.04,2021
12-04-2021,30.96,00:20,9,2021
13-04-2021,23.04,14:50,5.04,2021
14-04-2021,45,14:00,15.84,2021
15-04-2021,47.88,19:10,20.88,2021
16-04-2021,47.88,14:20,19.08,2021
17-04-2021,41.04,17:10,12.96,2021
18-04-2021,21.96,13:50,6.84,2021
19-04-2021,29.16,14:30,9,2021
20-04-2021,28.08,Varias,10.08,2021
21-04-2021,23.04,16:10,6.12,2021
22-04-2021,29.16,16:10,6.84,2021
23-04-2021,43.92,13:00,11.16,2021
24-04-2021,56.88,13:10,9,2021
25-04-2021,39.96,07:30,6.12,2021
26-04-2021,38.16,16:00,10.08,2021
27-04-2021,42.84,16:00,16.92,2021
28-04-2021,39.96,12:20,18,2021
29-04-2021,32.04,13:30,11.88,2021
30-04-2021,32.04,11:20,11.88,2021
01-05-2021,29.16,16:50,11.88,2021
02-05-2021,42.84,15:50,14.04,2021
03-05-2021,32.04,15:50,11.16,2021
04-05-2021,39.96,16:50,15.84,2021
05-05-2021,39.96,15:20,15.12,2021
06-05-2021,52.92,15:00,20.88,2021
07-05-2021,39.96,10:40,11.88,2021
08-05-2021,56.88,16:00,15.84,2021
09-05-2021,55.08,04:50,15.84,2021
10-05-2021,41.04,00:20,15.84,2021
11-05-2021,50.04,20:30,11.16,2021
12-05-2021,72,05:30,24.12,2021
13-05-2021,42.12,09:30,12.96,2021
14-05-2021,45,20:10,12.96,2021
15-05-2021,45,11:20,19.08,2021
16-05-2021,48.96,13:10,19.08,2021
17-05-2021,21.96,10:30,9,2021
18-05-2021,45,08:00,15.12,2021
19-05-2021,28.08,Varias,11.88,2021
20-05-2021,51.12,13:50,15.84,2021
21-05-2021,48.96,13:40,15.84,2021
22-05-2021,39.96,09:40,15.84,2021
23-05-2021,48.96,23:50,19.08,2021
24-05-2021,43.92,12:10,16.92,2021
25-05-2021,42.12,18:10,15.12,2021
26-05-2021,29.88,13:00,11.88,2021
27-05-2021,24.12,Varias,7.92,2021
28-05-2021,28.08,15:30,11.88,2021
29-05-2021,47.88,19:10,20.16,2021
30-05-2021,50.04,15:10,15.84,2021
31-05-2021,28.08,15:20,6.84,2021
01-06-2021,45,14:10,15.84,2021
02-06-2021,47.88,18:00,11.88,2021
03-06-2021,25.92,Varias,11.16,2021
04-06-2021,29.88,Varias,11.16,2021
05-06-2021,34.92,18:20,10.08,2021
06-06-2021,46.08,15:50,19.08,2021
07-06-2021,24.84,14:50,7.92,2021
08-06-2021,29.88,13:50,11.88,2021
09-06-2021,33.84,16:00,9,2021
10-06-2021,36,15:30,11.88,2021
11-06-2021,42.12,12:00,18,2021
12-06-2021,45,14:40,19.08,2021
13-06-2021,25.92,14:00,6.84,2021
14-06-2021,33.84,15:10,6.84,2021
15-06-2021,27,17:30,7.92,2021
16-06-2021,23.04,01:40,6.84,2021
17-06-2021,51.12,Varias,20.88,2021
18-06-2021,41.04,12:10,18,2021
19-06-2021,56.16,23:30,6.84,2021
20-06-2021,54,02:00,15.84,2021
21-06-2021,38.88,05:20,15.84,2021
22-06-2021,41.04,07:00,15.12,2021
23-06-2021,42.84,15:50,16.92,2021
24-06-2021,38.16,13:20,15.84,2021
25-06-2021,24.12,21:40,9,2021
26-06-2021,28.08,23:30,7.92,2021
27-06-2021,42.12,11:10,15.12,2021
28-06-2021,42.12,01:50,15.84,2021
29-06-2021,24.12,17:50,10.08,2021
30-06-2021,32.04,13:30,11.88,2021
01-07-2021,19.08,Varias,9,2021
02-07-2021,41.04,19:10,11.88,2021
03-07-2021,33.84,16:00,10.08,2021
04-07-2021,57.96,14:40,16.92,2021
05-07-2021,70.92,11:20,25.92,2021
06-07-2021,45,Varias,18,2021
07-07-2021,30.96,Varias,15.12,2021
08-07-2021,24.84,14:10,11.16,2021
09-07-2021,25.92,12:10,10.08,2021
10-07-2021,23.04,18:20,9,2021
11-07-2021,37.08,14:50,10.08,2021
12-07-2021,42.84,10:10,16.92,2021
13-07-2021,24.84,09:20,9,2021
14-07-2021,38.16,Varias,18,2021
15-07-2021,43.92,09:10,15.84,2021
16-07-2021,25.92,18:40,9,2021
17-07-2021,19.08,00:10,6.12,2021
18-07-2021,30.96,14:00,7.92,2021
19-07-2021,24.12,15:10,9,2021
20-07-2021,27,15:50,10.08,2021
21-07-2021,25.92,13:10,10.08,2021
22-07-2021,23.04,14:30,3.96,2021
23-07-2021,52.92,14:10,15.12,2021
24-07-2021,37.08,14:00,16.92,2021
25-07-2021,24.12,Varias,9,2021
26-07-2021,0,,6.84,2021
27-07-2021,25.92,08:30,11.16,2021
28-07-2021,29.16,14:40,12.96,2021
29-07-2021,27,11:10,11.88,2021
30-07-2021,28.08,Varias,11.16,2021
31-07-2021,38.88,19:40,12.96,2021
01-08-2021,27,01:40,9,2021
02-08-2021,29.88,13:10,11.16,2021
03-08-2021,36,17:50,12.96,2021
04-08-2021,33.84,11:10,12.96,2021
05-08-2021,52.92,09:50,12.96,2021
06-08-2021,45,18:20,12.96,2021
07-08-2021,38.16,08:30,16.92,2021
08-08-2021,25.92,Varias,7.92,2021
09-08-2021,20.88,14:20,6.84,2021
10-08-2021,29.88,19:50,9,2021
11-08-2021,24.12,15:50,7.92,2021
12-08-2021,28.08,18:20,9,2021
13-08-2021,29.16,Varias,9,2021
14-08-2021,25.92,17:20,9,2021
15-08-2021,28.08,13:20,12.96,2021
16-08-2021,41.04,14:10,15.84,2021
17-08-2021,47.88,13:40,19.08,2021
18-08-2021,47.88,14:30,19.08,2021
19-08-2021,42.84,14:00,16.92,2021
20-08-2021,29.88,12:10,6.84,2021
21-08-2021,38.16,15:20,11.88,2021
22-08-2021,39.96,18:00,14.04,2021
23-08-2021,47.16,18:40,15.84,2021
24-08-2021,43.92,14:00,18,2021
25-08-2021,38.16,18:10,10.08,2021
26-08-2021,27,13:10,7.92,2021
27-08-2021,29.88,17:20,6.84,2021
28-08-2021,34.92,18:20,11.88,2021
29-08-2021,18,Varias,6.84,2021
30-08-2021,18,18:20,6.84,2021
31-08-2021,29.88,16:50,10.08,2021
01-09-2021,33.12,10:00,6.12,2021
02-09-2021,20.16,17:20,6.84,2021
03-09-2021,20.88,13:50,7.92,2021
04-09-2021,21.96,14:10,5.04,2021
05-09-2021,20.88,15:20,6.84,2021
06-09-2021,36,13:00,11.88,2021
07-09-2021,52.92,13:40,18,2021
08-09-2021,34.92,15:40,6.12,2021
09-09-2021,47.88,15:10,11.88,2021
10-09-2021,24.84,15:20,3.96,2021
11-09-2021,19.08,Varias,3.96,2021
12-09-2021,30.96,23:40,9,2021
13-09-2021,25.92,20:00,5.04,2021
14-09-2021,29.88,12:00,6.12,2021
15-09-2021,33.12,12:50,15.12,2021
16-09-2021,24.12,12:40,9,2021
17-09-2021,36,11:10,11.16,2021
18-09-2021,25.92,10:30,11.88,2021
19-09-2021,36,13:20,6.84,2021
20-09-2021,39.96,17:20,12.96,2021
21-09-2021,42.84,16:30,16.92,2021
22-09-2021,52.92,16:30,16.92,2021
23-09-2021,47.88,14:50,16.92,2021
24-09-2021,29.88,Varias,6.84,2021
25-09-2021,32.04,17:50,10.08,2021
26-09-2021,54,23:40,14.04,2021
27-09-2021,48.96,00:20,6.84,2021
28-09-2021,36,16:00,11.16,2021
29-09-2021,32.04,02:30,7.92,2021
30-09-2021,20.88,13:50,6.12,2021
01-10-2021,27,14:50,6.12,2021
02-10-2021,69.12,21:20,23.04,2021
03-10-2021,50.04,00:20,15.12,2021
04-10-2021,50.04,21:00,14.04,2021
05-10-2021,46.08,02:20,15.12,2021
06-10-2021,16.92,16:30,6.84,2021
07-10-2021,24.12,12:30,6.84,2021
08-10-2021,15.12,14:10,2.88,2021
09-10-2021,37.08,15:00,14.04,2021
10-10-2021,45,Varias,19.08,2021
11-10-2021,29.88,14:40,10.08,2021
12-10-2021,29.16,17:20,7.92,2021
13-10-2021,19.08,18:40,5.04,2021
14-10-2021,23.04,03:50,5.04,2021
15-10-2021,24.84,09:00,6.12,2021
16-10-2021,37.08,20:40,6.84,2021
17-10-2021,25.92,13:50,7.92,2021
18-10-2021,41.04,13:00,11.88,2021
19-10-2021,61.92,14:30,0,2021
20-10-2021,74.88,12:50,24.84,2021
21-10-2021,29.88,13:30,10.08,2021
22-10-2021,33.12,Varias,0,2021
23-10-2021,24.84,13:10,9,2021
24-10-2021,25.92,13:00,11.16,2021
25-10-2021,20.88,Varias,10.08,2021
26-10-2021,15.84,Varias,0,2021
27-10-2021,15.12,20:20,2.88,2021
28-10-2021,0,,0,2021
29-10-2021,48.96,15:30,10.08,2021
30-10-2021,47.88,23:20,0,2021
31-10-2021,56.88,05:40,0,2021
01-11-2021,60.84,Varias,0,2021
02-11-2021,0,,0,2021
03-11-2021,45,03:00,15.12,2021
04-11-2021,51.12,17:40,16.92,2021
05-11-2021,33.12,Varias,0,2021
06-11-2021,30.96,17:20,0,2021
07-11-2021,33.84,14:40,0,2021
08-11-2021,27,16:20,7.92,2021
09-11-2021,33.12,15:50,11.16,2021
10-11-2021,0,,0,2021
11-11-2021,16.92,13:00,7.92,2021
12-11-2021,23.04,08:50,6.12,2021
13-11-2021,15.12,10:10,3.96,2021
14-11-2021,30.96,18:00,10.08,2021
15-11-2021,33.12,14:50,14.04,2021
16-11-2021,30.96,16:30,11.16,2021
17-11-2021,38.88,12:50,14.04,2021
18-11-2021,37.08,16:20,16.92,2021
19-11-2021,21.96,08:20,9,2021
20-11-2021,20.16,06:40,7.92,2021
21-11-2021,42.12,Varias,9,2021
22-11-2021,50.04,12:10,16.92,2021
23-11-2021,50.04,04:20,24.12,2021
24-11-2021,52.92,13:20,16.92,2021
25-11-2021,65.16,22:30,10.08,2021
26-11-2021,52.92,18:30,14.04,2021
27-11-2021,72,21:00,32.04,2021
28-11-2021,47.88,17:30,15.84,2021
29-11-2021,41.04,02:00,15.84,2021
30-11-2021,0,,0,2021
01-12-2021,0,,0,2021
02-12-2021,0,,0,2021
03-12-2021,51.84,22:50,16.92,2021
04-12-2021,51.12,00:40,15.12,2021
05-12-2021,55.08,05:50,23.04,2021
06-12-2021,42.84,10:40,9,2021
07-12-2021,0,,0,2021
08-12-2021,0,,0,2021
09-12-2021,0,,0,2021
10-12-2021,63,00:20,15.12,2021
11-12-2021,36,03:50,6.84,2021
12-12-2021,18,04:40,3.96,2021
13-12-2021,33.12,12:50,7.92,2021
14-12-2021,20.88,Varias,6.84,2021
15-12-2021,18,04:20,5.04,2021
16-12-2021,19.08,09:10,2.88,2021
17-12-2021,16.92,07:20,5.04,2021
18-12-2021,18,22:00,2.88,2021
19-12-2021,27,23:59,9,2021
20-12-2021,38.88,23:00,15.12,2021
21-12-2021,45,12:30,15.84,2021
22-12-2021,50.04,12:30,14.04,2021
23-12-2021,55.08,01:50,9,2021
24-12-2021,46.08,04:30,9,2021
25-12-2021,33.12,15:50,10.08,2021
26-12-2021,59.04,22:20,12.96,2021
27-12-2021,69.84,14:00,24.84,2021
28-12-2021,57.96,12:30,21.96,2021
29-12-2021,47.88,14:20,16.92,2021
30-12-2021,46.08,23:59,7.92,2021
31-12-2021,52.92,15:20,14.04,2021
01-01-2021,60.84,13:20,10.08,2021
02-01-2021,24.12,04:30,7.92,2021
03-01-2021,47.88,12:30,16.92,2021
04-01-2021,33.12,03:20,9,2021
05-01-2021,27,14:00,6.84,2021
06-01-2021,27,18:10,11.88,2021
07-01-2021,37.08,15:30,6.12,2021
08-01-2021,39.96,17:00,12.96,2021
09-01-2021,63,14:30,20.88,2021
10-01-2021,63,13:30,32.04,2021
11-01-2021,41.04,15:20,15.84,2021
12-01-2021,20.16,09:30,3.96,2021
13-01-2021,18,17:20,6.12,2021
14-01-2021,18,07:40,6.12,2021
15-01-2021,21.96,21:20,6.12,2021
16-01-2021,23.04,02:20,5.04,2021
17-01-2021,23.04,08:30,6.84,2021
18-01-2021,15.12,Varias,6.12,2021
19-01-2021,77.04,22:40,18,2021
20-01-2021,63,10:10,20.88,2021
21-01-2021,72,11:20,27,2021
22-01-2021,73.08,01:30,20.88,2021
23-01-2021,73.08,14:10,19.08,2021
24-01-2021,43.92,Varias,15.84,2021
25-01-2021,42.84,04:50,5.04,2021
26-01-2021,25.92,21:30,5.04,2021
27-01-2021,39.96,Varias,11.16,2021
28-01-2021,60.12,19:50,15.84,2021
29-01-2021,59.04,22:50,20.16,2021
30-01-2021,83.88,11:30,29.16,2021
31-01-2021,66.96,19:40,25.92,2021
01-02-2021,55.08,Varias,19.08,2021
02-02-2021,69.12,16:40,14.04,2021
03-02-2021,59.04,00:20,14.04,2021
04-02-2021,28.08,00:20,7.92,2021
05-02-2021,55.08,22:10,18,2021
06-02-2021,55.08,08:40,20.88,2021
07-02-2021,52.92,14:00,16.92,2021
08-02-2021,50.04,23:59,15.12,2021
09-02-2021,72,06:10,24.84,2021
10-02-2021,41.04,04:40,14.04,2021
11-02-2021,29.16,07:10,7.92,2021
12-02-2021,50.04,03:00,11.88,2021
13-02-2021,41.04,05:20,11.88,2021
14-02-2021,78.84,14:30,20.88,2021
15-02-2021,56.88,07:10,20.16,2021
16-02-2021,65.88,02:50,18,2021
17-02-2021,55.08,12:20,15.12,2021
18-02-2021,60.12,02:40,11.88,2021
19-02-2021,73.08,07:50,23.04,2021
20-02-2021,83.88,02:50,18,2021
21-02-2021,33.12,04:00,10.08,2021
22-02-2021,39.96,15:30,11.16,2021
23-02-2021,56.88,12:20,16.92,2021
24-02-2021,66.96,13:10,19.08,2021
25-02-2021,33.84,21:50,11.16,2021
26-02-2021,32.04,16:00,11.88,2021
27-02-2021,36,13:40,16.92,2021
28-02-2021,41.04,17:50,15.12,2021
01-03-2021,33.84,14:10,7.92,2021
02-03-2021,36,10:40,7.92,2021
03-03-2021,23.04,13:50,3.96,2021
04-03-2021,20.16,14:30,6.12,2021
05-03-2021,43.92,17:50,20.16,2021
06-03-2021,43.92,16:40,21.96,2021
07-03-2021,41.04,14:00,15.84,2021
08-03-2021,43.92,02:00,19.08,2021
09-03-2021,36,15:40,15.84,2021
10-03-2021,45,15:30,10.08,2021
11-03-2021,56.16,03:50,19.08,2021
12-03-2021,46.08,16:30,15.84,2021
13-03-2021,54,10:10,21.96,2021
14-03-2021,41.04,01:00,11.88,2021
15-03-2021,38.16,15:00,9,2021
16-03-2021,50.04,17:40,18,2021
17-03-2021,42.84,19:00,21.96,2021
18-03-2021,46.08,14:10,20.16,2021
19-03-2021,50.04,17:20,20.16,2021
20-03-2021,52.92,11:00,29.16,2021
21-03-2021,46.08,15:40,18,2021
22-03-2021,24.12,Varias,6.12,2021
23-03-2021,33.84,12:30,14.04,2021
24-03-2021,24.12,13:50,9,2021
25-03-2021,24.84,13:40,7.92,2021
26-03-2021,39.96,10:50,11.88,2021
27-03-2021,28.08,14:20,6.84,2021
28-03-2021,28.08,18:10,11.16,2021
29-03-2021,30.96,16:10,9,2021
30-03-2021,20.88,05:30,2.88,2021
31-03-2021,28.08,23:10,3.96,2021
01-04-2021,34.92,04:40,10.08,2021
02-04-2021,24.84,14:00,11.16,2021
03-04-2021,47.88,17:50,24.12,2021
04-04-2021,45,02:40,10.08,2021
05-04-2021,41.04,14:00,12.96,2021
06-04-2021,54,16:40,24.84,2021
07-04-2021,42.12,Varias,20.16,2021
08-04-2021,19.08,13:10,7.92,2021
09-04-2021,23.04,18:00,10.08,2021
10-04-2021,45,19:30,11.88,2021
11-04-2021,51.84,08:40,23.04,2021
12-04-2021,30.96,00:20,9,2021
13-04-2021,23.04,14:50,5.04,2021
14-04-2021,45,14:00,15.84,2021
15-04-2021,47.88,19:10,20.88,2021
16-04-2021,47.88,14:20,19.08,2021
17-04-2021,41.04,17:10,12.96,2021
18-04-2021,21.96,13:50,6.84,2021
19-04-2021,29.16,14:30,9,2021
20-04-2021,28.08,Varias,10.08,2021
21-04-2021,23.04,16:10,6.12,2021
22-04-2021,29.16,16:10,6.84,2021
23-04-2021,43.92,13:00,11.16,2021
24-04-2021,56.88,13:10,9,2021
25-04-2021,39.96,07:30,6.12,2021
26-04-2021,38.16,16:00,10.08,2021
27-04-2021,42.84,16:00,16.92,2021
28-04-2021,39.96,12:20,18,2021
29-04-2021,32.04,13:30,11.88,2021
30-04-2021,32.04,11:20,11.88,2021
01-05-2021,29.16,16:50,11.88,2021
02-05-2021,42.84,15:50,14.04,2021
03-05-2021,32.04,15:50,11.16,2021
04-05-2021,39.96,16:50,15.84,2021
05-05-2021,39.96,15:20,15.12,2021
06-05-2021,52.92,15:00,20.88,2021
07-05-2021,39.96,10:40,11.88,2021
08-05-2021,56.88,16:00,15.84,2021
09-05-2021,55.08,04:50,15.84,2021
10-05-2021,41.04,00:20,15.84,2021
11-05-2021,50.04,20:30,11.16,2021
12-05-2021,72,05:30,24.12,2021
13-05-2021,42.12,09:30,12.96,2021
14-05-2021,45,20:10,12.96,2021
15-05-2021,45,11:20,19.08,2021
16-05-2021,48.96,13:10,19.08,2021
17-05-2021,21.96,10:30,9,2021
18-05-2021,45,08:00,15.12,2021
19-05-2021,28.08,Varias,11.88,2021
20-05-2021,51.12,13:50,15.84,2021
21-05-2021,48.96,13:40,15.84,2021
22-05-2021,39.96,09:40,15.84,2021
23-05-2021,48.96,23:50,19.08,2021
24-05-2021,43.92,12:10,16.92,2021
25-05-2021,42.12,18:10,15.12,2021
26-05-2021,29.88,13:00,11.88,2021
27-05-2021,24.12,Varias,7.92,2021
28-05-2021,28.08,15:30,11.88,2021
29-05-2021,47.88,19:10,20.16,2021
30-05-2021,50.04,15:10,15.84,2021
31-05-2021,28.08,15:20,6.84,2021
01-06-2021,45,14:10,15.84,2021
02-06-2021,47.88,18:00,11.88,2021
03-06-2021,25.92,Varias,11.16,2021
04-06-2021,29.88,Varias,11.16,2021
05-06-2021,34.92,18:20,10.08,2021
06-06-2021,46.08,15:50,19.08,2021
07-06-2021,24.84,14:50,7.92,2021
08-06-2021,29.88,13:50,11.88,2021
09-06-2021,33.84,16:00,9,2021
10-06-2021,36,15:30,11.88,2021
11-06-2021,42.12,12:00,18,2021
12-06-2021,45,14:40,19.08,2021
13-06-2021,25.92,14:00,6.84,2021
14-06-2021,33.84,15:10,6.84,2021
15-06-2021,27,17:30,7.92,2021
16-06-2021,23.04,01:40,6.84,2021
17-06-2021,51.12,Varias,20.88,2021
18-06-2021,41.04,12:10,18,2021
19-06-2021,56.16,23:30,6.84,2021
20-06-2021,54,02:00,15.84,2021
21-06-2021,38.88,05:20,15.84,2021
22-06-2021,41.04,07:00,15.12,2021
23-06-2021,42.84,15:50,16.92,2021
24-06-2021,38.16,13:20,15.84,2021
25-06-2021,24.12,21:40,9,2021
26-06-2021,28.08,23:30,7.92,2021
27-06-2021,42.12,11:10,15.12,2021
28-06-2021,42.12,01:50,15.84,2021
29-06-2021,24.12,17:50,10.08,2021
30-06-2021,32.04,13:30,11.88,2021
01-07-2021,19.08,Varias,9,2021
02-07-2021,41.04,19:10,11.88,2021
03-07-2021,33.84,16:00,10.08,2021
04-07-2021,57.96,14:40,16.92,2021
05-07-2021,70.92,11:20,25.92,2021
06-07-2021,45,Varias,18,2021
07-07-2021,30.96,Varias,15.12,2021
08-07-2021,24.84,14:10,11.16,2021
09-07-2021,25.92,12:10,10.08,2021
10-07-2021,23.04,18:20,9,2021
11-07-2021,37.08,14:50,10.08,2021
12-07-2021,42.84,10:10,16.92,2021
13-07-2021,24.84,09:20,9,2021
14-07-2021,38.16,Varias,18,2021
15-07-2021,43.92,09:10,15.84,2021
16-07-2021,25.92,18:40,9,2021
17-07-2021,19.08,00:10,6.12,2021
18-07-2021,30.96,14:00,7.92,2021
19-07-2021,24.12,15:10,9,2021
20-07-2021,27,15:50,10.08,2021
21-07-2021,25.92,13:10,10.08,2021
22-07-2021,23.04,14:30,3.96,2021
23-07-2021,52.92,14:10,15.12,2021
24-07-2021,37.08,14:00,16.92,2021
25-07-2021,24.12,Varias,9,2021
26-07-2021,0,,6.84,2021
27-07-2021,25.92,08:30,11.16,2021
28-07-2021,29.16,14:40,12.96,2021
29-07-2021,27,11:10,11.88,2021
30-07-2021,28.08,Varias,11.16,2021
31-07-2021,38.88,19:40,12.96,2021
01-08-2021,27,01:40,9,2021
02-08-2021,29.88,13:10,11.16,2021
03-08-2021,36,17:50,12.96,2021
04-08-2021,33.84,11:10,12.96,2021
05-08-2021,52.92,09:50,12.96,2021
06-08-2021,45,18:20,12.96,2021
07-08-2021,38.16,08:30,16.92,2021
08-08-2021,25.92,Varias,7.92,2021
09-08-2021,20.88,14:20,6.84,2021
10-08-2021,29.88,19:50,9,2021
11-08-2021,24.12,15:50,7.92,2021
12-08-2021,28.08,18:20,9,2021
13-08-2021,29.16,Varias,9,2021
14-08-2021,25.92,17:20,9,2021
15-08-2021,28.08,13:20,12.96,2021
16-08-2021,41.04,14:10,15.84,2021
17-08-2021,47.88,13:40,19.08,2021
18-08-2021,47.88,14:30,19.08,2021
19-08-2021,42.84,14:00,16.92,2021
20-08-2021,29.88,12:10,6.84,2021
21-08-2021,38.16,15:20,11.88,2021
22-08-2021,39.96,18:00,14.04,2021
23-08-2021,47.16,18:40,15.84,2021
24-08-2021,43.92,14:00,18,2021
25-08-2021,38.16,18:10,10.08,2021
26-08-2021,27,13:10,7.92,2021
27-08-2021,29.88,17:20,6.84,2021
28-08-2021,34.92,18:20,11.88,2021
29-08-2021,18,Varias,6.84,2021
30-08-2021,18,18:20,6.84,2021
31-08-2021,29.88,16:50,10.08,2021
01-09-2021,33.12,10:00,6.12,2021
02-09-2021,20.16,17:20,6.84,2021
03-09-2021,20.88,13:50,7.92,2021
04-09-2021,21.96,14:10,5.04,2021
05-09-2021,20.88,15:20,6.84,2021
06-09-2021,36,13:00,11.88,2021
07-09-2021,52.92,13:40,18,2021
08-09-2021,34.92,15:40,6.12,2021
09-09-2021,47.88,15:10,11.88,2021
10-09-2021,24.84,15:20,3.96,2021
11-09-2021,19.08,Varias,3.96,2021
12-09-2021,30.96,23:40,9,2021
13-09-2021,25.92,20:00,5.04,2021
14-09-2021,29.88,12:00,6.12,2021
15-09-2021,33.12,12:50,15.12,2021
16-09-2021,24.12,12:40,9,2021
17-09-2021,36,11:10,11.16,2021
18-09-2021,25.92,10:30,11.88,2021
19-09-2021,36,13:20,6.84,2021
20-09-2021,39.96,17:20,12.96,2021
21-09-2021,42.84,16:30,16.92,2021
22-09-2021,52.92,16:30,16.92,2021
23-09-2021,47.88,14:50,16.92,2021
24-09-2021,29.88,Varias,6.84,2021
25-09-2021,32.04,17:50,10.08,2021
26-09-2021,54,23:40,14.04,2021
27-09-2021,48.96,00:20,6.84,2021
28-09-2021,36,16:00,11.16,2021
29-09-2021,32.04,02:30,7.92,2021
30-09-2021,20.88,13:50,6.12,2021
01-10-2021,27,14:50,6.12,2021
02-10-2021,69.12,21:20,23.04,2021
03-10-2021,50.04,00:20,15.12,2021
04-10-2021,50.04,21:00,14.04,2021
05-10-2021,46.08,02:20,15.12,2021
06-10-2021,16.92,16:30,6.84,2021
07-10-2021,24.12,12:30,6.84,2021
08-10-2021,15.12,14:10,2.88,2021
09-10-2021,37.08,15:00,14.04,2021
10-10-2021,45,Varias,19.08,2021
11-10-2021,29.88,14:40,10.08,2021
12-10-2021,29.16,17:20,7.92,2021
13-10-2021,19.08,18:40,5.04,2021
14-10-2021,23.04,03:50,5.04,2021
15-10-2021,24.84,09:00,6.12,2021
16-10-2021,37.08,20:40,6.84,2021
17-10-2021,25.92,13:50,7.92,2021
18-10-2021,41.04,13:00,11.88,2021
19-10-2021,61.92,14:30,0,2021
20-10-2021,74.88,12:50,24.84,2021
21-10-2021,29.88,13:30,10.08,2021
22-10-2021,33.12,Varias,0,2021
23-10-2021,24.84,13:10,9,2021
24-10-2021,25.92,13:00,11.16,2021
25-10-2021,20.88,Varias,10.08,2021
26-10-2021,15.84,Varias,0,2021
27-10-2021,15.12,20:20,2.88,2021
28-10-2021,0,,0,2021
29-10-2021,48.96,15:30,10.08,2021
30-10-2021,47.88,23:20,0,2021
31-10-2021,56.88,05:40,0,2021
01-11-2021,60.84,Varias,0,2021
02-11-2021,0,,0,2021
03-11-2021,45,03:00,15.12,2021
04-11-2021,51.12,17:40,16.92,2021
05-11-2021,33.12,Varias,0,2021
06-11-2021,30.96,17:20,0,2021
07-11-2021,33.84,14:40,0,2021
08-11-2021,27,16:20,7.92,2021
09-11-2021,33.12,15:50,11.16,2021
10-11-2021,0,,0,2021
11-11-2021,16.92,13:00,7.92,2021
12-11-2021,23.04,08:50,6.12,2021
13-11-2021,15.12,10:10,3.96,2021
14-11-2021,30.96,18:00,10.08,2021
15-11-2021,33.12,14:50,14.04,2021
16-11-2021,30.96,16:30,11.16,2021
17-11-2021,38.88,12:50,14.04,2021
18-11-2021,37.08,16:20,16.92,2021
19-11-2021,21.96,08:20,9,2021
20-11-2021,20.16,06:40,7.92,2021
21-11-2021,42.12,Varias,9,2021
22-11-2021,50.04,12:10,16.92,2021
23-11-2021,50.04,04:20,24.12,2021
24-11-2021,52.92,13:20,16.92,2021
25-11-2021,65.16,22:30,10.08,2021
26-11-2021,52.92,18:30,14.04,2021
27-11-2021,72,21:00,32.04,2021
28-11-2021,47.88,17:30,15.84,2021
29-11-2021,41.04,02:00,15.84,2021
30-11-2021,0,,0,2021
01-12-2021,0,,0,2021
02-12-2021,0,,0,2021
03-12-2021,51.84,22:50,16.92,2021
04-12-2021,51.12,00:40,15.12,2021
05-12-2021,55.08,05:50,23.04,2021
06-12-2021,42.84,10:40,9,2021
07-12-2021,0,,0,2021
08-12-2021,0,,0,2021
09-12-2021,0,,0,2021
10-12-2021,63,00:20,15.12,2021
11-12-2021,36,03:50,6.84,2021
12-12-2021,18,04:40,3.96,2021
13-12-2021,33.12,12:50,7.92,2021
14-12-2021,20.88,Varias,6.84,2021
15-12-2021,18,04:20,5.04,2021
16-12-2021,19.08,09:10,2.88,2021
17-12-2021,16.92,07:20,5.04,2021
18-12-2021,18,22:00,2.88,2021
19-12-2021,27,23:59,9,2021
20-12-2021,38.88,23:00,15.12,2021
21-12-2021,45,12:30,15.84,2021
22-12-2021,50.04,12:30,14.04,2021
23-12-2021,55.08,01:50,9,2021
24-12-2021,46.08,04:30,9,2021
25-12-2021,33.12,15:50,10.08,2021
26-12-2021,59.04,22:20,12.96,2021
27-12-2021,69.84,14:00,24.84,2021
28-12-2021,57.96,12:30,21.96,2021
29-12-2021,47.88,14:20,16.92,2021
30-12-2021,46.08,23:59,7.92,2021
31-12-2021,52.92,15:20,14.04,2021
01-01-2022,54,14:30,12.96,2022
02-01-2022,42.12,14:20,12.96,2022
03-01-2022,74.16,15:00,15.84,2022
04-01-2022,47.88,01:40,14.04,2022
05-01-2022,51.84,13:30,18,2022
06-01-2022,33.12,22:50,9,2022
07-01-2022,45,01:50,10.08,2022
08-01-2022,51.12,16:30,19.08,2022
09-01-2022,48.96,15:20,21.96,2022
10-01-2022,33.12,01:00,9,2022
11-01-2022,39.96,16:30,14.04,2022
12-01-2022,42.12,14:50,20.16,2022
13-01-2022,21.96,09:30,6.84,2022
14-01-2022,21.96,05:50,6.84,2022
15-01-2022,24.12,14:20,7.92,2022
16-01-2022,28.08,00:30,9,2022
17-01-2022,20.16,Varias,6.84,2022
18-01-2022,16.92,Varias,6.12,2022
19-01-2022,19.08,14:50,3.96,2022
20-01-2022,42.84,16:30,15.84,2022
21-01-2022,54,10:40,21.96,2022
22-01-2022,41.04,00:10,10.08,2022
23-01-2022,20.88,06:10,5.04,2022
24-01-2022,20.16,13:40,9,2022
25-01-2022,20.88,17:50,6.84,2022
26-01-2022,29.88,17:30,6.84,2022
27-01-2022,34.92,17:10,9,2022
28-01-2022,32.04,17:30,9,2022
29-01-2022,20.16,08:20,6.12,2022
30-01-2022,29.16,23:40,6.84,2022
31-01-2022,45,15:30,15.12,2022
01-02-2022,36,14:30,14.04,2022
02-02-2022,23.04,05:10,6.84,2022
03-02-2022,30.96,Varias,11.16,2022
04-02-2022,32.04,07:10,10.08,2022
05-02-2022,36,Varias,15.12,2022
06-02-2022,16.92,Varias,6.12,2022
07-02-2022,29.88,16:00,10.08,2022
08-02-2022,24.12,07:40,6.12,2022
09-02-2022,37.08,12:20,9,2022
10-02-2022,34.92,16:50,6.84,2022
11-02-2022,29.88,07:50,12.96,2022
12-02-2022,24.12,23:10,5.04,2022
13-02-2022,66.96,16:40,24.12,2022
14-02-2022,65.88,10:30,16.92,2022
15-02-2022,42.84,14:10,15.12,2022
16-02-2022,48.96,13:00,18,2022
17-02-2022,41.04,00:10,11.88,2022
18-02-2022,55.08,06:30,15.12,2022
19-02-2022,42.12,00:20,6.84,2022
20-02-2022,29.88,17:20,14.04,2022
21-02-2022,27,Varias,11.88,2022
22-02-2022,29.88,15:10,11.16,2022
23-02-2022,33.84,19:50,10.08,2022
24-02-2022,45,16:00,10.08,2022
25-02-2022,48.96,05:30,24.12,2022
26-02-2022,28.08,20:00,6.12,2022
27-02-2022,23.04,10:30,7.92,2022
28-02-2022,32.04,16:10,7.92,2022
01-03-2022,52.92,12:20,12.96,2022
02-03-2022,0,,0,2022
03-03-2022,0,,0,2022
04-03-2022,46.08,03:00,11.16,2022
05-03-2022,0,,0,2022
06-03-2022,0,,0,2022
07-03-2022,0,,0,2022
08-03-2022,51.12,00:50,15.12,2022
09-03-2022,52.92,Varias,15.12,2022
10-03-2022,0,,0,2022
11-03-2022,64.08,12:40,20.16,2022
12-03-2022,64.08,10:50,20.16,2022
13-03-2022,50.04,12:40,9,2022
14-03-2022,50.04,15:20,19.08,2022
15-03-2022,37.08,16:10,15.12,2022
16-03-2022,50.04,16:30,20.88,2022
17-03-2022,50.04,09:50,27,2022
18-03-2022,33.12,01:20,15.84,2022
19-03-2022,25.92,08:50,9,2022
20-03-2022,25.92,11:00,7.92,2022
21-03-2022,33.12,11:00,7.92,2022
22-03-2022,0,,0,2022
23-03-2022,30.96,17:10,10.08,2022
24-03-2022,38.16,16:40,15.84,2022
25-03-2022,18,12:50,5.04,2022
26-03-2022,21.96,16:10,9,2022
27-03-2022,23.04,15:40,7.92,2022
28-03-2022,23.04,14:20,6.12,2022
29-03-2022,29.16,16:00,7.92,2022
30-03-2022,25.92,14:10,10.08,2022
31-03-2022,54,16:40,18,2022
01-04-2022,43.92,09:50,14.04,2022
02-04-2022,51.12,16:40,16.92,2022
03-04-2022,60.12,16:30,20.16,2022
04-04-2022,57.96,16:10,24.84,2022
05-04-2022,51.84,15:40,23.04,2022
06-04-2022,0,,14.04,2022
07-04-2022,64.08,09:40,27,2022
08-04-2022,63,04:50,20.16,2022
09-04-2022,0,,0,2022
10-04-2022,0,,0,2022
11-04-2022,0,,11.88,2022
12-04-2022,47.16,11:40,15.84,2022
13-04-2022,29.88,Varias,12.96,2022
14-04-2022,23.04,16:00,7.92,2022
15-04-2022,20.88,13:30,7.92,2022
16-04-2022,0,,0,2022
17-04-2022,0,,0,2022
18-04-2022,0,,20.88,2022
19-04-2022,60.12,21:50,16.92,2022
20-04-2022,0,,0,2022
21-04-2022,0,,12.96,2022
22-04-2022,30.96,00:10,11.16,2022
23-04-2022,47.88,13:30,24.84,2022
24-04-2022,29.16,08:50,9,2022
25-04-2022,37.08,13:50,9,2022
26-04-2022,27,11:50,6.84,2022
27-04-2022,25.92,09:10,6.12,2022
28-04-2022,46.08,17:20,15.84,2022
29-04-2022,20.88,13:00,7.92,2022
30-04-2022,28.08,18:20,6.84,2022
01-05-2022,23.04,13:40,9,2022
02-05-2022,38.88,16:10,12.96,2022
03-05-2022,0,,0,2022
04-05-2022,50.04,16:30,20.88,2022
05-05-2022,43.92,13:30,16.92,2022
06-05-2022,41.04,13:50,15.12,2022
07-05-2022,19.08,08:50,7.92,2022
08-05-2022,23.04,13:30,7.92,2022
09-05-2022,29.88,12:50,11.88,2022
10-05-2022,21.96,12:40,9,2022
11-05-2022,28.08,13:40,11.88,2022
12-05-2022,45,13:00,15.84,2022
13-05-2022,27,13:40,6.12,2022
14-05-2022,39.96,21:30,11.88,2022
15-05-2022,0,,0,2022
16-05-2022,69.12,15:50,18,2022
17-05-2022,54,02:20,11.16,2022
18-05-2022,45,17:10,11.16,2022
19-05-2022,24.12,12:10,9,2022
20-05-2022,45,14:50,11.16,2022
21-05-2022,33.84,23:20,6.84,2022
22-05-2022,33.12,02:50,6.84,2022
23-05-2022,34.92,11:50,14.04,2022
24-05-2022,33.12,15:20,15.12,2022
25-05-2022,27,15:30,11.16,2022
26-05-2022,37.08,13:40,12.96,2022
27-05-2022,33.12,18:00,12.96,2022
28-05-2022,28.08,19:30,9,2022
29-05-2022,41.04,12:10,12.96,2022
30-05-2022,16.92,10:50,5.04,2022
31-05-2022,14.04,06:30,6.12,2022
01-06-2022,29.16,16:10,6.84,2022
02-06-2022,27,13:10,11.16,2022
03-06-2022,30.96,12:50,7.92,2022
04-06-2022,28.08,12:40,9,2022
05-06-2022,32.04,Varias,11.16,2022
06-06-2022,43.92,Varias,20.16,2022
07-06-2022,39.96,15:20,9,2022
08-06-2022,37.08,13:30,14.04,2022
09-06-2022,24.84,14:30,7.92,2022
10-06-2022,32.04,22:50,12.96,2022
11-06-2022,47.16,11:00,21.96,2022
12-06-2022,56.16,12:30,24.84,2022
13-06-2022,42.12,00:10,16.92,2022
14-06-2022,38.16,14:50,11.16,2022
15-06-2022,47.16,20:10,9,2022
16-06-2022,29.16,22:30,6.84,2022
17-06-2022,27,02:40,6.12,2022
18-06-2022,51.12,16:30,15.12,2022
19-06-2022,60.84,08:30,15.12,2022
20-06-2022,38.16,15:40,14.04,2022
21-06-2022,25.92,12:50,7.92,2022
22-06-2022,0,,10.08,2022
23-06-2022,38.88,17:10,12.96,2022
24-06-2022,52.92,12:20,15.84,2022
25-06-2022,47.16,14:10,20.16,2022
26-06-2022,32.04,11:50,11.88,2022
27-06-2022,27,13:10,11.16,2022
28-06-2022,42.84,17:20,14.04,2022
29-06-2022,30.96,14:50,14.04,2022
30-06-2022,28.08,14:20,11.16,2022
01-07-2022,27,15:00,7.92,2022
02-07-2022,47.88,16:00,18,2022
03-07-2022,51.12,15:30,21.96,2022
04-07-2022,46.08,09:00,18,2022
05-07-2022,55.08,16:00,28.08,2022
06-07-2022,48.96,17:40,23.04,2022
07-07-2022,46.08,15:30,16.92,2022
08-07-2022,32.04,19:00,7.92,2022
09-07-2022,15.84,09:30,6.12,2022
10-07-2022,29.88,14:50,10.08,2022
11-07-2022,23.04,12:50,9,2022
12-07-2022,0,,0,2022
13-07-2022,20.16,15:10,2.88,2022
14-07-2022,33.12,20:30,6.12,2022
15-07-2022,57.96,06:50,16.92,2022
16-07-2022,24.12,Varias,5.04,2022
17-07-2022,27,12:10,7.92,2022
18-07-2022,38.16,18:20,9,2022
19-07-2022,51.12,13:00,19.08,2022
20-07-2022,47.16,14:40,14.04,2022
21-07-2022,47.88,12:40,18,2022
22-07-2022,41.04,14:50,20.16,2022
23-07-2022,32.04,17:30,9,2022
24-07-2022,29.88,18:20,11.16,2022
25-07-2022,29.16,18:10,11.16,2022
26-07-2022,38.88,16:50,15.12,2022
27-07-2022,34.92,12:20,12.96,2022
28-07-2022,30.96,15:00,10.08,2022
29-07-2022,36,15:10,11.88,2022
30-07-2022,50.04,14:30,19.08,2022
31-07-2022,37.08,13:20,11.16,2022
01-08-2022,29.16,19:10,6.84,2022
02-08-2022,37.08,12:10,6.84,2022
03-08-2022,38.88,18:20,15.12,2022
04-08-2022,50.04,17:00,21.96,2022
05-08-2022,54,10:40,24.12,2022
06-08-2022,38.88,01:00,15.84,2022
07-08-2022,41.04,17:20,6.84,2022
08-08-2022,47.88,14:00,11.88,2022
09-08-2022,30.96,02:10,7.92,2022
10-08-2022,21.96,15:40,6.84,2022
11-08-2022,41.04,14:30,9,2022
12-08-2022,28.08,14:20,6.12,2022
13-08-2022,34.92,18:00,12.96,2022
14-08-2022,54,14:50,19.08,2022
15-08-2022,45,21:20,16.92,2022
16-08-2022,47.88,09:30,21.96,2022
17-08-2022,42.12,01:10,12.96,2022
18-08-2022,29.88,16:20,7.92,2022
19-08-2022,38.88,15:40,11.88,2022
20-08-2022,29.88,16:30,10.08,2022
21-08-2022,32.04,14:20,10.08,2022
22-08-2022,32.04,19:30,10.08,2022
23-08-2022,29.16,Varias,11.88,2022
24-08-2022,29.88,16:50,10.08,2022
25-08-2022,42.84,12:20,16.92,2022
26-08-2022,42.12,Varias,20.88,2022
27-08-2022,34.92,00:50,10.08,2022
28-08-2022,23.04,10:20,7.92,2022
29-08-2022,37.08,11:50,6.12,2022
30-08-2022,33.12,12:40,9,2022
31-08-2022,30.96,13:00,9,2022
01-09-2022,25.92,15:40,10.08,2022
02-09-2022,25.92,10:50,10.08,2022
03-09-2022,51.12,17:40,19.08,2022
04-09-2022,59.04,13:50,16.92,2022
05-09-2022,60.12,14:40,20.16,2022
06-09-2022,60.84,14:10,20.88,2022
07-09-2022,57.96,12:50,18,2022
08-09-2022,20.88,12:20,10.08,2022
09-09-2022,25.92,16:50,7.92,2022
10-09-2022,23.04,15:10,6.12,2022
11-09-2022,21.96,15:00,5.04,2022
12-09-2022,33.12,10:30,6.12,2022
13-09-2022,33.84,11:10,10.08,2022
14-09-2022,27,10:00,7.92,2022
15-09-2022,36,15:30,11.88,2022
16-09-2022,41.04,17:50,19.08,2022
17-09-2022,32.04,Varias,9,2022
18-09-2022,27,18:10,14.04,2022
19-09-2022,20.88,Varias,7.92,2022
20-09-2022,24.12,18:10,10.08,2022
21-09-2022,32.04,17:50,10.08,2022
22-09-2022,20.16,Varias,9,2022
23-09-2022,25.92,23:40,6.84,2022
24-09-2022,37.08,01:00,15.12,2022
25-09-2022,32.04,00:20,11.88,2022
26-09-2022,24.12,11:50,6.84,2022
27-09-2022,29.88,00:20,11.88,2022
28-09-2022,39.96,Varias,15.84,2022
29-09-2022,39.96,00:30,14.04,2022
30-09-2022,28.08,13:10,9,2022
01-10-2022,27,19:40,6.84,2022
02-10-2022,27,17:10,5.04,2022
03-10-2022,23.04,15:30,3.96,2022
04-10-2022,27,12:20,10.08,2022
05-10-2022,37.08,23:00,11.88,2022
06-10-2022,39.96,12:20,18,2022
07-10-2022,46.08,16:00,12.96,2022
08-10-2022,37.08,01:10,12.96,2022
09-10-2022,33.12,16:30,7.92,2022
10-10-2022,29.88,01:40,6.12,2022
11-10-2022,32.04,16:10,10.08,2022
12-10-2022,29.88,17:10,7.92,2022
13-10-2022,27,12:40,7.92,2022
14-10-2022,37.08,16:50,16.92,2022
15-10-2022,29.88,00:50,6.84,2022
16-10-2022,54,12:30,15.12,2022
17-10-2022,36,14:10,11.16,2022
18-10-2022,61.92,14:20,15.12,2022
19-10-2022,60.12,03:40,15.84,2022
20-10-2022,75.96,10:40,16.92,2022
21-10-2022,61.92,03:40,16.92,2022
22-10-2022,63,11:00,15.12,2022
23-10-2022,73.08,00:30,28.08,2022
24-10-2022,34.92,11:30,10.08,2022
25-10-2022,59.04,14:20,14.04,2022
26-10-2022,55.08,13:50,10.08,2022
27-10-2022,60.84,19:20,15.12,2022
28-10-2022,81,19:00,14.04,2022
29-10-2022,56.88,03:10,10.08,2022
30-10-2022,33.84,14:10,11.16,2022
31-10-2022,75.96,08:40,12.96,2022
01-11-2022,42.12,13:10,12.96,2022
02-11-2022,32.04,Varias,10.08,2022
03-11-2022,60.84,01:40,18,2022
04-11-2022,34.92,01:50,9,2022
05-11-2022,41.04,23:20,9,2022
06-11-2022,46.08,Varias,15.84,2022
07-11-2022,69.12,13:00,16.92,2022
08-11-2022,57.96,12:50,19.08,2022
09-11-2022,38.16,11:20,6.12,2022
10-11-2022,24.84,12:20,6.12,2022
11-11-2022,27,13:40,11.16,2022
12-11-2022,25.92,13:50,9,2022
13-11-2022,52.92,14:40,14.04,2022
14-11-2022,52.92,23:40,11.16,2022
15-11-2022,59.04,15:40,18,2022
16-11-2022,73.08,15:20,19.08,2022
17-11-2022,51.84,11:50,14.04,2022
18-11-2022,57.96,23:30,20.88,2022
19-11-2022,47.88,01:10,11.16,2022
20-11-2022,54,23:10,6.12,2022
21-11-2022,78.12,14:10,28.08,2022
22-11-2022,69.12,23:40,18,2022
23-11-2022,74.88,02:50,15.12,2022
24-11-2022,47.88,13:40,14.04,2022
25-11-2022,28.08,00:50,7.92,2022
26-11-2022,50.04,22:40,11.16,2022
27-11-2022,51.84,05:40,20.16,2022
28-11-2022,60.84,05:50,18,2022
29-11-2022,21.96,15:00,6.84,2022
30-11-2022,36,06:00,9,2022
01-12-2022,25.92,Varias,12.96,2022
02-12-2022,24.12,08:00,10.08,2022
03-12-2022,39.96,17:00,12.96,2022
04-12-2022,24.12,08:40,6.12,2022
05-12-2022,24.84,04:10,6.84,2022
06-12-2022,19.08,13:40,6.12,2022
07-12-2022,20.16,15:40,6.84,2022
08-12-2022,19.08,13:20,6.84,2022
09-12-2022,42.12,08:30,21.96,2022
10-12-2022,32.04,00:10,5.04,2022
11-12-2022,19.08,21:40,3.96,2022
12-12-2022,68.04,11:20,24.84,2022
13-12-2022,43.92,22:10,11.16,2022
14-12-2022,50.04,11:40,12.96,2022
15-12-2022,21.96,07:30,6.84,2022
16-12-2022,42.12,07:00,20.88,2022
17-12-2022,33.84,16:00,7.92,2022
18-12-2022,84.96,14:20,23.04,2022
19-12-2022,65.88,00:40,15.84,2022
20-12-2022,39.96,10:10,10.08,2022
21-12-2022,60.12,04:50,19.08,2022
22-12-2022,59.04,14:20,24.84,2022
23-12-2022,59.04,06:30,18,2022
24-12-2022,24.84,23:59,6.84,2022
25-12-2022,33.12,11:20,11.16,2022
26-12-2022,25.92,01:20,3.96,2022
27-12-2022,25.92,17:10,7.92,2022
28-12-2022,60.84,11:10,20.16,2022
29-12-2022,50.04,23:59,9,2022
30-12-2022,74.16,11:00,24.12,2022
31-12-2022,83.88,05:10,24.12,2022
01-01-2022,54,14:30,12.96,2022
02-01-2022,42.12,14:20,12.96,2022
03-01-2022,74.16,15:00,15.84,2022
04-01-2022,47.88,01:40,14.04,2022
05-01-2022,51.84,13:30,18,2022
06-01-2022,33.12,22:50,9,2022
07-01-2022,45,01:50,10.08,2022
08-01-2022,51.12,16:30,19.08,2022
09-01-2022,48.96,15:20,21.96,2022
10-01-2022,33.12,01:00,9,2022
11-01-2022,39.96,16:30,14.04,2022
12-01-2022,42.12,14:50,20.16,2022
13-01-2022,21.96,09:30,6.84,2022
14-01-2022,21.96,05:50,6.84,2022
15-01-2022,24.12,14:20,7.92,2022
16-01-2022,28.08,00:30,9,2022
17-01-2022,20.16,Varias,6.84,2022
18-01-2022,16.92,Varias,6.12,2022
19-01-2022,19.08,14:50,3.96,2022
20-01-2022,42.84,16:30,15.84,2022
21-01-2022,54,10:40,21.96,2022
22-01-2022,41.04,00:10,10.08,2022
23-01-2022,20.88,06:10,5.04,2022
24-01-2022,20.16,13:40,9,2022
25-01-2022,20.88,17:50,6.84,2022
26-01-2022,29.88,17:30,6.84,2022
27-01-2022,34.92,17:10,9,2022
28-01-2022,32.04,17:30,9,2022
29-01-2022,20.16,08:20,6.12,2022
30-01-2022,29.16,23:40,6.84,2022
31-01-2022,45,15:30,15.12,2022
01-02-2022,36,14:30,14.04,2022
02-02-2022,23.04,05:10,6.84,2022
03-02-2022,30.96,Varias,11.16,2022
04-02-2022,32.04,07:10,10.08,2022
05-02-2022,36,Varias,15.12,2022
06-02-2022,16.92,Varias,6.12,2022
07-02-2022,29.88,16:00,10.08,2022
08-02-2022,24.12,07:40,6.12,2022
09-02-2022,37.08,12:20,9,2022
10-02-2022,34.92,16:50,6.84,2022
11-02-2022,29.88,07:50,12.96,2022
12-02-2022,24.12,23:10,5.04,2022
13-02-2022,66.96,16:40,24.12,2022
14-02-2022,65.88,10:30,16.92,2022
15-02-2022,42.84,14:10,15.12,2022
16-02-2022,48.96,13:00,18,2022
17-02-2022,41.04,00:10,11.88,2022
18-02-2022,55.08,06:30,15.12,2022
19-02-2022,42.12,00:20,6.84,2022
20-02-2022,29.88,17:20,14.04,2022
21-02-2022,27,Varias,11.88,2022
22-02-2022,29.88,15:10,11.16,2022
23-02-2022,33.84,19:50,10.08,2022
24-02-2022,45,16:00,10.08,2022
25-02-2022,48.96,05:30,24.12,2022
26-02-2022,28.08,20:00,6.12,2022
27-02-2022,23.04,10:30,7.92,2022
28-02-2022,32.04,16:10,7.92,2022
01-03-2022,52.92,12:20,12.96,2022
02-03-2022,0,,0,2022
03-03-2022,0,,0,2022
04-03-2022,46.08,03:00,11.16,2022
05-03-2022,0,,0,2022
06-03-2022,0,,0,2022
07-03-2022,0,,0,2022
08-03-2022,51.12,00:50,15.12,2022
09-03-2022,52.92,Varias,15.12,2022
10-03-2022,0,,0,2022
11-03-2022,64.08,12:40,20.16,2022
12-03-2022,64.08,10:50,20.16,2022
13-03-2022,50.04,12:40,9,2022
14-03-2022,50.04,15:20,19.08,2022
15-03-2022,37.08,16:10,15.12,2022
16-03-2022,50.04,16:30,20.88,2022
17-03-2022,50.04,09:50,27,2022
18-03-2022,33.12,01:20,15.84,2022
19-03-2022,25.92,08:50,9,2022
20-03-2022,25.92,11:00,7.92,2022
21-03-2022,33.12,11:00,7.92,2022
22-03-2022,0,,0,2022
23-03-2022,30.96,17:10,10.08,2022
24-03-2022,38.16,16:40,15.84,2022
25-03-2022,18,12:50,5.04,2022
26-03-2022,21.96,16:10,9,2022
27-03-2022,23.04,15:40,7.92,2022
28-03-2022,23.04,14:20,6.12,2022
29-03-2022,29.16,16:00,7.92,2022
30-03-2022,25.92,14:10,10.08,2022
31-03-2022,54,16:40,18,2022
01-04-2022,43.92,09:50,14.04,2022
02-04-2022,51.12,16:40,16.92,2022
03-04-2022,60.12,16:30,20.16,2022
04-04-2022,57.96,16:10,24.84,2022
05-04-2022,51.84,15:40,23.04,2022
06-04-2022,0,,14.04,2022
07-04-2022,64.08,09:40,27,2022
08-04-2022,63,04:50,20.16,2022
09-04-2022,0,,0,2022
10-04-2022,0,,0,2022
11-04-2022,0,,11.88,2022
12-04-2022,47.16,11:40,15.84,2022
13-04-2022,29.88,Varias,12.96,2022
14-04-2022,23.04,16:00,7.92,2022
15-04-2022,20.88,13:30,7.92,2022
16-04-2022,0,,0,2022
17-04-2022,0,,0,2022
18-04-2022,0,,20.88,2022
19-04-2022,60.12,21:50,16.92,2022
20-04-2022,0,,0,2022
21-04-2022,0,,12.96,2022
22-04-2022,30.96,00:10,11.16,2022
23-04-2022,47.88,13:30,24.84,2022
24-04-2022,29.16,08:50,9,2022
25-04-2022,37.08,13:50,9,2022
26-04-2022,27,11:50,6.84,2022
27-04-2022,25.92,09:10,6.12,2022
28-04-2022,46.08,17:20,15.84,2022
29-04-2022,20.88,13:00,7.92,2022
30-04-2022,28.08,18:20,6.84,2022
01-05-2022,23.04,13:40,9,2022
02-05-2022,38.88,16:10,12.96,2022
03-05-2022,0,,0,2022
04-05-2022,50.04,16:30,20.88,2022
05-05-2022,43.92,13:30,16.92,2022
06-05-2022,41.04,13:50,15.12,2022
07-05-2022,19.08,08:50,7.92,2022
08-05-2022,23.04,13:30,7.92,2022
09-05-2022,29.88,12:50,11.88,2022
10-05-2022,21.96,12:40,9,2022
11-05-2022,28.08,13:40,11.88,2022
12-05-2022,45,13:00,15.84,2022
13-05-2022,27,13:40,6.12,2022
14-05-2022,39.96,21:30,11.88,2022
15-05-2022,0,,0,2022
16-05-2022,69.12,15:50,18,2022
17-05-2022,54,02:20,11.16,2022
18-05-2022,45,17:10,11.16,2022
19-05-2022,24.12,12:10,9,2022
20-05-2022,45,14:50,11.16,2022
21-05-2022,33.84,23:20,6.84,2022
22-05-2022,33.12,02:50,6.84,2022
23-05-2022,34.92,11:50,14.04,2022
24-05-2022,33.12,15:20,15.12,2022
25-05-2022,27,15:30,11.16,2022
26-05-2022,37.08,13:40,12.96,2022
27-05-2022,33.12,18:00,12.96,2022
28-05-2022,28.08,19:30,9,2022
29-05-2022,41.04,12:10,12.96,2022
30-05-2022,16.92,10:50,5.04,2022
31-05-2022,14.04,06:30,6.12,2022
01-06-2022,29.16,16:10,6.84,2022
02-06-2022,27,13:10,11.16,2022
03-06-2022,30.96,12:50,7.92,2022
04-06-2022,28.08,12:40,9,2022
05-06-2022,32.04,Varias,11.16,2022
06-06-2022,43.92,Varias,20.16,2022
07-06-2022,39.96,15:20,9,2022
08-06-2022,37.08,13:30,14.04,2022
09-06-2022,24.84,14:30,7.92,2022
10-06-2022,32.04,22:50,12.96,2022
11-06-2022,47.16,11:00,21.96,2022
12-06-2022,56.16,12:30,24.84,2022
13-06-2022,42.12,00:10,16.92,2022
14-06-2022,38.16,14:50,11.16,2022
15-06-2022,47.16,20:10,9,2022
16-06-2022,29.16,22:30,6.84,2022
17-06-2022,27,02:40,6.12,2022
18-06-2022,51.12,16:30,15.12,2022
19-06-2022,60.84,08:30,15.12,2022
20-06-2022,38.16,15:40,14.04,2022
21-06-2022,25.92,12:50,7.92,2022
22-06-2022,0,,10.08,2022
23-06-2022,38.88,17:10,12.96,2022
24-06-2022,52.92,12:20,15.84,2022
25-06-2022,47.16,14:10,20.16,2022
26-06-2022,32.04,11:50,11.88,2022
27-06-2022,27,13:10,11.16,2022
28-06-2022,42.84,17:20,14.04,2022
29-06-2022,30.96,14:50,14.04,2022
30-06-2022,28.08,14:20,11.16,2022
01-07-2022,27,15:00,7.92,2022
02-07-2022,47.88,16:00,18,2022
03-07-2022,51.12,15:30,21.96,2022
04-07-2022,46.08,09:00,18,2022
05-07-2022,55.08,16:00,28.08,2022
06-07-2022,48.96,17:40,23.04,2022
07-07-2022,46.08,15:30,16.92,2022
08-07-2022,32.04,19:00,7.92,2022
09-07-2022,15.84,09:30,6.12,2022
10-07-2022,29.88,14:50,10.08,2022
11-07-2022,23.04,12:50,9,2022
12-07-2022,0,,0,2022
13-07-2022,20.16,15:10,2.88,2022
14-07-2022,33.12,20:30,6.12,2022
15-07-2022,57.96,06:50,16.92,2022
16-07-2022,24.12,Varias,5.04,2022
17-07-2022,27,12:10,7.92,2022
18-07-2022,38.16,18:20,9,2022
19-07-2022,51.12,13:00,19.08,2022
20-07-2022,47.16,14:40,14.04,2022
21-07-2022,47.88,12:40,18,2022
22-07-2022,41.04,14:50,20.16,2022
23-07-2022,32.04,17:30,9,2022
24-07-2022,29.88,18:20,11.16,2022
25-07-2022,29.16,18:10,11.16,2022
26-07-2022,38.88,16:50,15.12,2022
27-07-2022,34.92,12:20,12.96,2022
28-07-2022,30.96,15:00,10.08,2022
29-07-2022,36,15:10,11.88,2022
30-07-2022,50.04,14:30,19.08,2022
31-07-2022,37.08,13:20,11.16,2022
01-08-2022,29.16,19:10,6.84,2022
02-08-2022,37.08,12:10,6.84,2022
03-08-2022,38.88,18:20,15.12,2022
04-08-2022,50.04,17:00,21.96,2022
05-08-2022,54,10:40,24.12,2022
06-08-2022,38.88,01:00,15.84,2022
07-08-2022,41.04,17:20,6.84,2022
08-08-2022,47.88,14:00,11.88,2022
09-08-2022,30.96,02:10,7.92,2022
10-08-2022,21.96,15:40,6.84,2022
11-08-2022,41.04,14:30,9,2022
12-08-2022,28.08,14:20,6.12,2022
13-08-2022,34.92,18:00,12.96,2022
14-08-2022,54,14:50,19.08,2022
15-08-2022,45,21:20,16.92,2022
16-08-2022,47.88,09:30,21.96,2022
17-08-2022,42.12,01:10,12.96,2022
18-08-2022,29.88,16:20,7.92,2022
19-08-2022,38.88,15:40,11.88,2022
20-08-2022,29.88,16:30,10.08,2022
21-08-2022,32.04,14:20,10.08,2022
22-08-2022,32.04,19:30,10.08,2022
23-08-2022,29.16,Varias,11.88,2022
24-08-2022,29.88,16:50,10.08,2022
25-08-2022,42.84,12:20,16.92,2022
26-08-2022,42.12,Varias,20.88,2022
27-08-2022,34.92,00:50,10.08,2022
28-08-2022,23.04,10:20,7.92,2022
29-08-2022,37.08,11:50,6.12,2022
30-08-2022,33.12,12:40,9,2022
31-08-2022,30.96,13:00,9,2022
01-09-2022,25.92,15:40,10.08,2022
02-09-2022,25.92,10:50,10.08,2022
03-09-2022,51.12,17:40,19.08,2022
04-09-2022,59.04,13:50,16.92,2022
05-09-2022,60.12,14:40,20.16,2022
06-09-2022,60.84,14:10,20.88,2022
07-09-2022,57.96,12:50,18,2022
08-09-2022,20.88,12:20,10.08,2022
09-09-2022,25.92,16:50,7.92,2022
10-09-2022,23.04,15:10,6.12,2022
11-09-2022,21.96,15:00,5.04,2022
12-09-2022,33.12,10:30,6.12,2022
13-09-2022,33.84,11:10,10.08,2022
14-09-2022,27,10:00,7.92,2022
15-09-2022,36,15:30,11.88,2022
16-09-2022,41.04,17:50,19.08,2022
17-09-2022,32.04,Varias,9,2022
18-09-2022,27,18:10,14.04,2022
19-09-2022,20.88,Varias,7.92,2022
20-09-2022,24.12,18:10,10.08,2022
21-09-2022,32.04,17:50,10.08,2022
22-09-2022,20.16,Varias,9,2022
23-09-2022,25.92,23:40,6.84,2022
24-09-2022,37.08,01:00,15.12,2022
25-09-2022,32.04,00:20,11.88,2022
26-09-2022,24.12,11:50,6.84,2022
27-09-2022,29.88,00:20,11.88,2022
28-09-2022,39.96,Varias,15.84,2022
29-09-2022,39.96,00:30,14.04,2022
30-09-2022,28.08,13:10,9,2022
01-10-2022,27,19:40,6.84,2022
02-10-2022,27,17:10,5.04,2022
03-10-2022,23.04,15:30,3.96,2022
04-10-2022,27,12:20,10.08,2022
05-10-2022,37.08,23:00,11.88,2022
06-10-2022,39.96,12:20,18,2022
07-10-2022,46.08,16:00,12.96,2022
08-10-2022,37.08,01:10,12.96,2022
09-10-2022,33.12,16:30,7.92,2022
10-10-2022,29.88,01:40,6.12,2022
11-10-2022,32.04,16:10,10.08,2022
12-10-2022,29.88,17:10,7.92,2022
13-10-2022,27,12:40,7.92,2022
14-10-2022,37.08,16:50,16.92,2022
15-10-2022,29.88,00:50,6.84,2022
16-10-2022,54,12:30,15.12,2022
17-10-2022,36,14:10,11.16,2022
18-10-2022,61.92,14:20,15.12,2022
19-10-2022,60.12,03:40,15.84,2022
20-10-2022,75.96,10:40,16.92,2022
21-10-2022,61.92,03:40,16.92,2022
22-10-2022,63,11:00,15.12,2022
23-10-2022,73.08,00:30,28.08,2022
24-10-2022,34.92,11:30,10.08,2022
25-10-2022,59.04,14:20,14.04,2022
26-10-2022,55.08,13:50,10.08,2022
27-10-2022,60.84,19:20,15.12,2022
28-10-2022,81,19:00,14.04,2022
29-10-2022,56.88,03:10,10.08,2022
30-10-2022,33.84,14:10,11.16,2022
31-10-2022,75.96,08:40,12.96,2022
01-11-2022,42.12,13:10,12.96,2022
02-11-2022,32.04,Varias,10.08,2022
03-11-2022,60.84,01:40,18,2022
04-11-2022,34.92,01:50,9,2022
05-11-2022,41.04,23:20,9,2022
06-11-2022,46.08,Varias,15.84,2022
07-11-2022,69.12,13:00,16.92,2022
08-11-2022,57.96,12:50,19.08,2022
09-11-2022,38.16,11:20,6.12,2022
10-11-2022,24.84,12:20,6.12,2022
11-11-2022,27,13:40,11.16,2022
12-11-2022,25.92,13:50,9,2022
13-11-2022,52.92,14:40,14.04,2022
14-11-2022,52.92,23:40,11.16,2022
15-11-2022,59.04,15:40,18,2022
16-11-2022,73.08,15:20,19.08,2022
17-11-2022,51.84,11:50,14.04,2022
18-11-2022,57.96,23:30,20.88,2022
19-11-2022,47.88,01:10,11.16,2022
20-11-2022,54,23:10,6.12,2022
21-11-2022,78.12,14:10,28.08,2022
22-11-2022,69.12,23:40,18,2022
23-11-2022,74.88,02:50,15.12,2022
24-11-2022,47.88,13:40,14.04,2022
25-11-2022,28.08,00:50,7.92,2022
26-11-2022,50.04,22:40,11.16,2022
27-11-2022,51.84,05:40,20.16,2022
28-11-2022,60.84,05:50,18,2022
29-11-2022,21.96,15:00,6.84,2022
30-11-2022,36,06:00,9,2022
01-12-2022,25.92,Varias,12.96,2022
02-12-2022,24.12,08:00,10.08,2022
03-12-2022,39.96,17:00,12.96,2022
04-12-2022,24.12,08:40,6.12,2022
05-12-2022,24.84,04:10,6.84,2022
06-12-2022,19.08,13:40,6.12,2022
07-12-2022,20.16,15:40,6.84,2022
08-12-2022,19.08,13:20,6.84,2022
09-12-2022,42.12,08:30,21.96,2022
10-12-2022,32.04,00:10,5.04,2022
11-12-2022,19.08,21:40,3.96,2022
12-12-2022,68.04,11:20,24.84,2022
13-12-2022,43.92,22:10,11.16,2022
14-12-2022,50.04,11:40,12.96,2022
15-12-2022,21.96,07:30,6.84,2022
16-12-2022,42.12,07:00,20.88,2022
17-12-2022,33.84,16:00,7.92,2022
18-12-2022,84.96,14:20,23.04,2022
19-12-2022,65.88,00:40,15.84,2022
20-12-2022,39.96,10:10,10.08,2022
21-12-2022,60.12,04:50,19.08,2022
22-12-2022,59.04,14:20,24.84,2022
23-12-2022,59.04,06:30,18,2022
24-12-2022,24.84,23:59,6.84,2022
25-12-2022,33.12,11:20,11.16,2022
26-12-2022,25.92,01:20,3.96,2022
27-12-2022,25.92,17:10,7.92,2022
28-12-2022,60.84,11:10,20.16,2022
29-12-2022,50.04,23:59,9,2022
30-12-2022,74.16,11:00,24.12,2022
31-12-2022,83.88,05:10,24.12,2022
01-01-2023,47.88,00:40,11.16,2023
02-01-2023,25.92,Varias,10.08,2023
03-01-2023,33.12,10:50,9,2023
04-01-2023,30.96,02:30,10.08,2023
05-01-2023,25.92,13:40,7.92,2023
06-01-2023,68.04,22:00,16.92,2023
07-01-2023,61.92,00:20,19.08,2023
08-01-2023,61.92,15:00,19.08,2023
09-01-2023,38.88,01:10,12.96,2023
10-01-2023,54,14:00,19.08,2023
11-01-2023,30.96,03:20,12.96,2023
12-01-2023,52.92,13:00,18,2023
13-01-2023,42.12,21:00,6.12,2023
14-01-2023,61.92,10:20,21.96,2023
15-01-2023,84.96,23:50,20.16,2023
16-01-2023,93.96,22:30,37.08,2023
17-01-2023,100.08,15:30,34.92,2023
18-01-2023,84.96,08:20,24.84,2023
19-01-2023,72,13:10,29.16,2023
20-01-2023,41.04,16:10,14.04,2023
21-01-2023,36,00:20,12.96,2023
22-01-2023,27,20:00,6.84,2023
23-01-2023,41.04,Varias,15.12,2023
24-01-2023,42.84,15:20,21.96,2023
25-01-2023,38.16,01:40,20.88,2023
26-01-2023,65.16,11:30,21.96,2023
27-01-2023,50.04,13:00,20.16,2023
28-01-2023,47.88,15:20,19.08,2023
29-01-2023,41.04,06:30,20.88,2023
30-01-2023,23.04,02:40,6.84,2023
31-01-2023,34.92,17:50,10.08,2023
01-02-2023,38.16,17:00,14.04,2023
02-02-2023,18,23:00,5.04,2023
03-02-2023,19.08,06:10,6.12,2023
04-02-2023,29.16,22:00,7.92,2023
05-02-2023,43.92,Varias,14.04,2023
06-02-2023,56.16,14:00,18,2023
07-02-2023,73.08,19:40,20.88,2023
08-02-2023,41.04,18:00,11.16,2023
09-02-2023,41.04,14:00,16.92,2023
10-02-2023,24.84,07:10,11.16,2023
11-02-2023,20.88,04:20,5.04,2023
12-02-2023,37.08,11:00,11.16,2023
13-02-2023,30.96,Varias,9,2023
14-02-2023,32.04,14:20,6.12,2023
15-02-2023,23.04,Varias,6.84,2023
16-02-2023,20.16,15:30,6.84,2023
17-02-2023,15.12,16:20,6.12,2023
18-02-2023,23.04,15:40,9,2023
19-02-2023,30.96,18:00,9,2023
20-02-2023,20.88,13:00,7.92,2023
21-02-2023,41.04,16:40,9,2023
22-02-2023,52.92,11:30,18,2023
23-02-2023,52.92,00:30,11.16,2023
24-02-2023,24.12,15:30,7.92,2023
25-02-2023,16.92,06:10,6.84,2023
26-02-2023,50.04,Varias,15.12,2023
27-02-2023,50.04,10:50,23.04,2023
28-02-2023,36,18:10,16.92,2023
01-03-2023,46.08,16:20,9,2023
02-03-2023,29.88,19:30,10.08,2023
03-03-2023,42.12,15:10,15.12,2023
04-03-2023,30.96,17:40,11.16,2023
05-03-2023,29.88,13:40,7.92,2023
06-03-2023,18,04:40,6.84,2023
07-03-2023,59.04,14:30,18,2023
08-03-2023,74.16,11:40,21.96,2023
09-03-2023,65.88,12:20,29.16,2023
10-03-2023,69.12,13:30,20.88,2023
11-03-2023,54,00:30,20.16,2023
12-03-2023,65.16,18:30,14.04,2023
13-03-2023,79.92,13:50,27,2023
14-03-2023,38.16,01:20,15.12,2023
15-03-2023,21.96,08:20,9,2023
16-03-2023,42.12,14:30,11.16,2023
17-03-2023,59.04,15:10,20.88,2023
18-03-2023,45,08:50,14.04,2023
19-03-2023,21.96,15:00,7.92,2023
20-03-2023,32.04,17:30,7.92,2023
21-03-2023,42.84,16:40,11.16,2023
22-03-2023,60.84,15:30,16.92,2023
23-03-2023,61.92,18:10,21.96,2023
24-03-2023,51.84,13:30,15.84,2023
25-03-2023,65.88,14:10,18,2023
26-03-2023,47.16,09:40,16.92,2023
27-03-2023,20.88,16:30,6.84,2023
28-03-2023,43.92,16:50,10.08,2023
29-03-2023,69.12,15:30,24.12,2023
30-03-2023,77.04,16:30,20.88,2023
31-03-2023,61.92,15:40,20.88,2023
01-04-2023,39.96,01:20,14.04,2023
02-04-2023,38.16,15:20,11.88,2023
03-04-2023,21.96,13:10,10.08,2023
04-04-2023,46.08,15:00,18,2023
05-04-2023,34.92,19:40,9,2023
06-04-2023,45,14:00,14.04,2023
07-04-2023,29.16,14:50,9,2023
08-04-2023,24.84,14:00,6.84,2023
09-04-2023,29.88,16:00,11.88,2023
10-04-2023,38.16,16:10,14.04,2023
11-04-2023,56.88,16:00,12.96,2023
12-04-2023,55.08,03:30,19.08,2023
13-04-2023,52.92,13:40,18,2023
14-04-2023,55.08,06:30,20.88,2023
15-04-2023,24.84,14:10,9,2023
16-04-2023,19.08,12:30,6.84,2023
17-04-2023,29.16,17:50,11.16,2023
18-04-2023,48.96,17:00,15.12,2023
19-04-2023,25.92,14:00,7.92,2023
20-04-2023,25.92,12:30,11.16,2023
21-04-2023,38.16,11:10,10.08,2023
22-04-2023,54,14:20,12.96,2023
23-04-2023,45,14:50,16.92,2023
24-04-2023,42.12,13:10,12.96,2023
25-04-2023,0,,11.16,2023
26-04-2023,39.96,18:20,11.16,2023
27-04-2023,25.92,13:10,6.84,2023
28-04-2023,32.04,12:30,9,2023
29-04-2023,29.88,12:30,7.92,2023
30-04-2023,36,17:40,9,2023
01-05-2023,20.88,15:20,6.84,2023
02-05-2023,19.08,17:00,6.84,2023
03-05-2023,56.16,14:50,11.88,2023
04-05-2023,51.84,13:20,15.84,2023
05-05-2023,51.84,16:40,15.84,2023
06-05-2023,45,16:00,15.84,2023
07-05-2023,29.88,14:30,9,2023
08-05-2023,41.04,15:10,11.16,2023
09-05-2023,41.04,07:50,19.08,2023
10-05-2023,28.08,17:00,11.88,2023
11-05-2023,33.12,23:00,11.88,2023
12-05-2023,46.08,10:40,15.84,2023
13-05-2023,37.08,Varias,21.96,2023
14-05-2023,33.12,13:00,14.04,2023
15-05-2023,47.88,11:10,18,2023
16-05-2023,47.88,17:10,23.04,2023
17-05-2023,56.88,14:50,20.16,2023
18-05-2023,52.92,16:10,20.88,2023
19-05-2023,52.92,16:20,23.04,2023
20-05-2023,47.88,15:20,18,2023
21-05-2023,48.96,16:10,18,2023
22-05-2023,42.12,14:20,15.12,2023
23-05-2023,45,13:30,20.16,2023
24-05-2023,47.16,14:50,20.88,2023
25-05-2023,50.04,16:50,21.96,2023
26-05-2023,52.92,14:00,20.16,2023
27-05-2023,24.12,14:00,7.92,2023
28-05-2023,43.92,15:50,11.16,2023
29-05-2023,43.92,15:10,12.96,2023
30-05-2023,24.84,13:20,9,2023
31-05-2023,24.84,14:40,7.92,2023
01-06-2023,46.08,16:00,11.88,2023
02-06-2023,36,15:50,14.04,2023
03-06-2023,24.84,13:50,6.12,2023
04-06-2023,20.88,13:30,6.12,2023
05-06-2023,29.88,17:40,10.08,2023
06-06-2023,48.96,18:40,9,2023
07-06-2023,33.84,02:50,6.12,2023
08-06-2023,34.92,Varias,9,2023
09-06-2023,47.16,15:10,15.12,2023
10-06-2023,37.08,10:40,6.84,2023
11-06-2023,23.04,Varias,6.84,2023
12-06-2023,33.84,13:50,9,2023
13-06-2023,24.84,14:30,9,2023
14-06-2023,28.08,13:30,10.08,2023
15-06-2023,28.08,17:00,6.84,2023
16-06-2023,36,14:50,7.92,2023
17-06-2023,28.08,15:10,11.16,2023
18-06-2023,23.04,12:50,9,2023
19-06-2023,27,05:20,10.08,2023
20-06-2023,36,18:20,12.96,2023
21-06-2023,33.84,15:40,11.16,2023
22-06-2023,29.88,15:50,7.92,2023
23-06-2023,23.04,13:30,9,2023
24-06-2023,45,12:50,15.12,2023
25-06-2023,25.92,14:10,7.92,2023
26-06-2023,45,17:20,18,2023
27-06-2023,46.08,15:10,18,2023
28-06-2023,45,16:20,16.92,2023
29-06-2023,37.08,13:00,14.04,2023
30-06-2023,23.04,14:10,9,2023
01-07-2023,23.04,Varias,7.92,2023
02-07-2023,43.92,14:00,18,2023
03-07-2023,28.08,13:40,11.88,2023
04-07-2023,36,Varias,15.12,2023
05-07-2023,23.04,15:30,7.92,2023
06-07-2023,24.12,15:30,10.08,2023
07-07-2023,60.12,14:00,15.12,2023
08-07-2023,45,16:40,15.84,2023
09-07-2023,36,13:20,12.96,2023
10-07-2023,29.88,Varias,12.96,2023
11-07-2023,46.08,15:50,14.04,2023
12-07-2023,23.04,01:50,11.16,2023
13-07-2023,24.84,15:40,11.16,2023
14-07-2023,60.12,09:50,19.08,2023
15-07-2023,43.92,00:50,19.08,2023
16-07-2023,28.08,10:00,10.08,2023
17-07-2023,38.16,14:10,15.84,2023
18-07-2023,33.84,20:10,11.16,2023
19-07-2023,41.04,15:00,14.04,2023
20-07-2023,27,11:30,6.84,2023
21-07-2023,32.04,18:00,11.88,2023
22-07-2023,29.88,03:40,11.88,2023
23-07-2023,41.04,16:50,12.96,2023
24-07-2023,33.84,09:20,9,2023
25-07-2023,24.12,17:00,11.16,2023
26-07-2023,24.12,13:10,10.08,2023
27-07-2023,47.16,14:10,15.12,2023
28-07-2023,46.08,13:40,15.84,2023
29-07-2023,29.88,03:40,14.04,2023
30-07-2023,25.92,12:00,10.08,2023
31-07-2023,42.12,18:50,15.12,2023
01-08-2023,51.12,16:40,18,2023
02-08-2023,47.16,07:20,23.04,2023
03-08-2023,34.92,04:50,16.92,2023
04-08-2023,42.12,15:50,15.84,2023
05-08-2023,37.08,22:20,7.92,2023
06-08-2023,47.16,13:20,23.04,2023
07-08-2023,33.12,22:10,11.16,2023
08-08-2023,20.88,18:00,9,2023
09-08-2023,37.08,10:10,12.96,2023
10-08-2023,30.96,14:50,9,2023
11-08-2023,36,22:30,6.84,2023
12-08-2023,27,14:10,11.16,2023
13-08-2023,27,13:00,9,2023
14-08-2023,39.96,14:00,16.92,2023
15-08-2023,25.92,13:20,9,2023
16-08-2023,39.96,12:50,18,2023
17-08-2023,34.92,13:50,14.04,2023
18-08-2023,73.08,13:10,20.88,2023
19-08-2023,20.88,13:10,7.92,2023
20-08-2023,29.88,14:10,10.08,2023
21-08-2023,36,18:30,6.12,2023
22-08-2023,18,23:10,6.12,2023
23-08-2023,32.04,16:50,3.96,2023
24-08-2023,43.92,14:00,16.92,2023
25-08-2023,24.84,05:10,7.92,2023
26-08-2023,46.08,17:50,10.08,2023
27-08-2023,32.04,Varias,10.08,2023
28-08-2023,33.84,13:50,14.04,2023
29-08-2023,32.04,13:00,14.04,2023
30-08-2023,27,13:50,11.16,2023
31-08-2023,30.96,13:30,15.12,2023
01-09-2023,30.96,12:10,11.16,2023
02-09-2023,45,13:50,15.12,2023
03-09-2023,36,12:40,12.96,2023
04-09-2023,33.12,23:50,10.08,2023
05-09-2023,51.12,10:40,11.88,2023
06-09-2023,34.92,11:10,6.84,2023
07-09-2023,43.92,13:10,7.92,2023
08-09-2023,29.16,14:10,9,2023
09-09-2023,34.92,02:10,6.12,2023
10-09-2023,24.12,15:50,6.84,2023
11-09-2023,20.88,13:20,6.84,2023
12-09-2023,29.88,Varias,11.16,2023
13-09-2023,33.12,12:20,11.88,2023
14-09-2023,27,15:00,7.92,2023
15-09-2023,33.12,13:50,14.04,2023
16-09-2023,36,13:40,6.12,2023
17-09-2023,59.04,22:40,16.92,2023
18-09-2023,46.08,00:50,15.84,2023
19-09-2023,29.16,16:10,6.12,2023
20-09-2023,63,20:10,19.08,2023
21-09-2023,52.92,10:40,20.88,2023
22-09-2023,42.12,04:00,14.04,2023
23-09-2023,23.04,11:40,6.84,2023
24-09-2023,45,13:40,12.96,2023
25-09-2023,20.88,14:40,6.84,2023
26-09-2023,21.96,12:10,6.84,2023
27-09-2023,46.08,12:40,11.88,2023
28-09-2023,52.92,12:20,14.04,2023
29-09-2023,20.88,Varias,6.12,2023
30-09-2023,19.08,23:10,5.04,2023
01-10-2023,19.08,14:40,6.84,2023
02-10-2023,39.96,15:50,15.84,2023
03-10-2023,38.16,15:30,15.84,2023
04-10-2023,18,02:30,6.12,2023
05-10-2023,16.92,Varias,6.12,2023
06-10-2023,16.92,05:00,6.12,2023
07-10-2023,21.96,10:10,5.04,2023
08-10-2023,20.88,Varias,3.96,2023
09-10-2023,16.92,15:30,3.96,2023
10-10-2023,21.96,09:00,6.12,2023
11-10-2023,32.04,14:00,5.04,2023
12-10-2023,60.12,22:30,14.04,2023
13-10-2023,69.12,07:10,12.96,2023
14-10-2023,37.08,16:40,11.88,2023
15-10-2023,20.16,21:20,3.96,2023
16-10-2023,39.96,21:50,10.08,2023
17-10-2023,66.96,08:10,21.96,2023
18-10-2023,82.08,16:40,20.88,2023
19-10-2023,92.16,22:30,19.08,2023
20-10-2023,99,01:10,29.88,2023
21-10-2023,42.12,03:20,15.12,2023
22-10-2023,20.16,10:10,6.12,2023
23-10-2023,36,13:30,11.88,2023
24-10-2023,64.08,10:50,23.04,2023
25-10-2023,55.08,20:50,21.96,2023
26-10-2023,56.88,15:10,15.84,2023
27-10-2023,69.12,04:10,21.96,2023
28-10-2023,72,11:20,25.92,2023
29-10-2023,60.84,11:50,18,2023
30-10-2023,63,12:20,12.96,2023
31-10-2023,51.12,22:50,14.04,2023
01-11-2023,92.16,17:40,24.12,2023
02-11-2023,91.08,00:10,33.12,2023
03-11-2023,74.16,05:20,28.08,2023
04-11-2023,99,18:10,33.12,2023
05-11-2023,74.88,22:40,18,2023
06-11-2023,59.04,07:10,15.84,2023
07-11-2023,55.08,02:20,18,2023
08-11-2023,65.88,10:00,16.92,2023
09-11-2023,48.96,14:10,15.84,2023
10-11-2023,56.88,23:30,12.96,2023
11-11-2023,56.16,13:20,21.96,2023
12-11-2023,56.16,14:30,19.08,2023
13-11-2023,55.08,08:40,20.16,2023
14-11-2023,54,06:30,14.04,2023
15-11-2023,47.88,21:30,12.96,2023
16-11-2023,48.96,00:20,11.16,2023
17-11-2023,24.12,23:59,6.84,2023
18-11-2023,34.92,14:20,11.16,2023
19-11-2023,24.84,17:00,5.04,2023
20-11-2023,43.92,Varias,20.16,2023
21-11-2023,51.12,06:10,19.08,2023
22-11-2023,43.92,15:40,19.08,2023
23-11-2023,43.92,08:20,16.92,2023
24-11-2023,23.04,18:10,7.92,2023
25-11-2023,28.08,05:20,6.84,2023
26-11-2023,15.84,10:20,6.12,2023
27-11-2023,27,13:00,12.96,2023
28-11-2023,15.84,Varias,6.12,2023
29-11-2023,46.08,16:50,14.04,2023
30-11-2023,39.96,02:40,11.88,2023
01-12-2023,42.84,Varias,16.92,2023
02-12-2023,37.08,01:20,6.12,2023
03-12-2023,60.12,12:20,20.88,2023
04-12-2023,57.96,09:00,20.88,2023
05-12-2023,20.88,10:10,5.04,2023
06-12-2023,65.16,23:20,12.96,2023
07-12-2023,74.16,23:50,19.08,2023
08-12-2023,57.96,22:20,11.88,2023
09-12-2023,57.96,00:20,16.92,2023
10-12-2023,56.16,16:20,19.08,2023
11-12-2023,56.88,12:10,15.84,2023
12-12-2023,51.12,22:50,15.12,2023
13-12-2023,54,00:10,20.16,2023
14-12-2023,23.04,02:50,2.16,2023
15-12-2023,29.88,17:40,7.92,2023
16-12-2023,21.96,02:40,2.88,2023
17-12-2023,15.12,10:10,5.04,2023
18-12-2023,15.12,18:20,5.04,2023
19-12-2023,56.16,23:30,10.08,2023
20-12-2023,55.08,03:00,10.08,2023
21-12-2023,29.88,12:40,9,2023
22-12-2023,24.84,23:50,9,2023
23-12-2023,37.08,18:00,11.16,2023
24-12-2023,20.88,08:30,3.96,2023
25-12-2023,20.16,22:50,6.84,2023
26-12-2023,34.92,12:50,12.96,2023
27-12-2023,66.96,13:30,15.12,2023
28-12-2023,20.16,09:10,6.12,2023
29-12-2023,18,15:00,5.04,2023
30-12-2023,77.04,20:20,16.92,2023
31-12-2023,60.84,04:30,19.08,2023
01-01-2023,47.88,00:40,11.16,2023
02-01-2023,25.92,Varias,10.08,2023
03-01-2023,33.12,10:50,9,2023
04-01-2023,30.96,02:30,10.08,2023
05-01-2023,25.92,13:40,7.92,2023
06-01-2023,68.04,22:00,16.92,2023
07-01-2023,61.92,00:20,19.08,2023
08-01-2023,61.92,15:00,19.08,2023
09-01-2023,38.88,01:10,12.96,2023
10-01-2023,54,14:00,19.08,2023
11-01-2023,30.96,03:20,12.96,2023
12-01-2023,52.92,13:00,18,2023
13-01-2023,42.12,21:00,6.12,2023
14-01-2023,61.92,10:20,21.96,2023
15-01-2023,84.96,23:50,20.16,2023
16-01-2023,93.96,22:30,37.08,2023
17-01-2023,100.08,15:30,34.92,2023
18-01-2023,84.96,08:20,24.84,2023
19-01-2023,72,13:10,29.16,2023
20-01-2023,41.04,16:10,14.04,2023
21-01-2023,36,00:20,12.96,2023
22-01-2023,27,20:00,6.84,2023
23-01-2023,41.04,Varias,15.12,2023
24-01-2023,42.84,15:20,21.96,2023
25-01-2023,38.16,01:40,20.88,2023
26-01-2023,65.16,11:30,21.96,2023
27-01-2023,50.04,13:00,20.16,2023
28-01-2023,47.88,15:20,19.08,2023
29-01-2023,41.04,06:30,20.88,2023
30-01-2023,23.04,02:40,6.84,2023
31-01-2023,34.92,17:50,10.08,2023
01-02-2023,38.16,17:00,14.04,2023
02-02-2023,18,23:00,5.04,2023
03-02-2023,19.08,06:10,6.12,2023
04-02-2023,29.16,22:00,7.92,2023
05-02-2023,43.92,Varias,14.04,2023
06-02-2023,56.16,14:00,18,2023
07-02-2023,73.08,19:40,20.88,2023
08-02-2023,41.04,18:00,11.16,2023
09-02-2023,41.04,14:00,16.92,2023
10-02-2023,24.84,07:10,11.16,2023
11-02-2023,20.88,04:20,5.04,2023
12-02-2023,37.08,11:00,11.16,2023
13-02-2023,30.96,Varias,9,2023
14-02-2023,32.04,14:20,6.12,2023
15-02-2023,23.04,Varias,6.84,2023
16-02-2023,20.16,15:30,6.84,2023
17-02-2023,15.12,16:20,6.12,2023
18-02-2023,23.04,15:40,9,2023
19-02-2023,30.96,18:00,9,2023
20-02-2023,20.88,13:00,7.92,2023
21-02-2023,41.04,16:40,9,2023
22-02-2023,52.92,11:30,18,2023
23-02-2023,52.92,00:30,11.16,2023
24-02-2023,24.12,15:30,7.92,2023
25-02-2023,16.92,06:10,6.84,2023
26-02-2023,50.04,Varias,15.12,2023
27-02-2023,50.04,10:50,23.04,2023
28-02-2023,36,18:10,16.92,2023
01-03-2023,46.08,16:20,9,2023
02-03-2023,29.88,19:30,10.08,2023
03-03-2023,42.12,15:10,15.12,2023
04-03-2023,30.96,17:40,11.16,2023
05-03-2023,29.88,13:40,7.92,2023
06-03-2023,18,04:40,6.84,2023
07-03-2023,59.04,14:30,18,2023
08-03-2023,74.16,11:40,21.96,2023
09-03-2023,65.88,12:20,29.16,2023
10-03-2023,69.12,13:30,20.88,2023
11-03-2023,54,00:30,20.16,2023
12-03-2023,65.16,18:30,14.04,2023
13-03-2023,79.92,13:50,27,2023
14-03-2023,38.16,01:20,15.12,2023
15-03-2023,21.96,08:20,9,2023
16-03-2023,42.12,14:30,11.16,2023
17-03-2023,59.04,15:10,20.88,2023
18-03-2023,45,08:50,14.04,2023
19-03-2023,21.96,15:00,7.92,2023
20-03-2023,32.04,17:30,7.92,2023
21-03-2023,42.84,16:40,11.16,2023
22-03-2023,60.84,15:30,16.92,2023
23-03-2023,61.92,18:10,21.96,2023
24-03-2023,51.84,13:30,15.84,2023
25-03-2023,65.88,14:10,18,2023
26-03-2023,47.16,09:40,16.92,2023
27-03-2023,20.88,16:30,6.84,2023
28-03-2023,43.92,16:50,10.08,2023
29-03-2023,69.12,15:30,24.12,2023
30-03-2023,77.04,16:30,20.88,2023
31-03-2023,61.92,15:40,20.88,2023
01-04-2023,39.96,01:20,14.04,2023
02-04-2023,38.16,15:20,11.88,2023
03-04-2023,21.96,13:10,10.08,2023
04-04-2023,46.08,15:00,18,2023
05-04-2023,34.92,19:40,9,2023
06-04-2023,45,14:00,14.04,2023
07-04-2023,29.16,14:50,9,2023
08-04-2023,24.84,14:00,6.84,2023
09-04-2023,29.88,16:00,11.88,2023
10-04-2023,38.16,16:10,14.04,2023
11-04-2023,56.88,16:00,12.96,2023
12-04-2023,55.08,03:30,19.08,2023
13-04-2023,52.92,13:40,18,2023
14-04-2023,55.08,06:30,20.88,2023
15-04-2023,24.84,14:10,9,2023
16-04-2023,19.08,12:30,6.84,2023
17-04-2023,29.16,17:50,11.16,2023
18-04-2023,48.96,17:00,15.12,2023
19-04-2023,25.92,14:00,7.92,2023
20-04-2023,25.92,12:30,11.16,2023
21-04-2023,38.16,11:10,10.08,2023
22-04-2023,54,14:20,12.96,2023
23-04-2023,45,14:50,16.92,2023
24-04-2023,42.12,13:10,12.96,2023
25-04-2023,0,,11.16,2023
26-04-2023,39.96,18:20,11.16,2023
27-04-2023,25.92,13:10,6.84,2023
28-04-2023,32.04,12:30,9,2023
29-04-2023,29.88,12:30,7.92,2023
30-04-2023,36,17:40,9,2023
01-05-2023,20.88,15:20,6.84,2023
02-05-2023,19.08,17:00,6.84,2023
03-05-2023,56.16,14:50,11.88,2023
04-05-2023,51.84,13:20,15.84,2023
05-05-2023,51.84,16:40,15.84,2023
06-05-2023,45,16:00,15.84,2023
07-05-2023,29.88,14:30,9,2023
08-05-2023,41.04,15:10,11.16,2023
09-05-2023,41.04,07:50,19.08,2023
10-05-2023,28.08,17:00,11.88,2023
11-05-2023,33.12,23:00,11.88,2023
12-05-2023,46.08,10:40,15.84,2023
13-05-2023,37.08,Varias,21.96,2023
14-05-2023,33.12,13:00,14.04,2023
15-05-2023,47.88,11:10,18,2023
16-05-2023,47.88,17:10,23.04,2023
17-05-2023,56.88,14:50,20.16,2023
18-05-2023,52.92,16:10,20.88,2023
19-05-2023,52.92,16:20,23.04,2023
20-05-2023,47.88,15:20,18,2023
21-05-2023,48.96,16:10,18,2023
22-05-2023,42.12,14:20,15.12,2023
23-05-2023,45,13:30,20.16,2023
24-05-2023,47.16,14:50,20.88,2023
25-05-2023,50.04,16:50,21.96,2023
26-05-2023,52.92,14:00,20.16,2023
27-05-2023,24.12,14:00,7.92,2023
28-05-2023,43.92,15:50,11.16,2023
29-05-2023,43.92,15:10,12.96,2023
30-05-2023,24.84,13:20,9,2023
31-05-2023,24.84,14:40,7.92,2023
01-06-2023,46.08,16:00,11.88,2023
02-06-2023,36,15:50,14.04,2023
03-06-2023,24.84,13:50,6.12,2023
04-06-2023,20.88,13:30,6.12,2023
05-06-2023,29.88,17:40,10.08,2023
06-06-2023,48.96,18:40,9,2023
07-06-2023,33.84,02:50,6.12,2023
08-06-2023,34.92,Varias,9,2023
09-06-2023,47.16,15:10,15.12,2023
10-06-2023,37.08,10:40,6.84,2023
11-06-2023,23.04,Varias,6.84,2023
12-06-2023,33.84,13:50,9,2023
13-06-2023,24.84,14:30,9,2023
14-06-2023,28.08,13:30,10.08,2023
15-06-2023,28.08,17:00,6.84,2023
16-06-2023,36,14:50,7.92,2023
17-06-2023,28.08,15:10,11.16,2023
18-06-2023,23.04,12:50,9,2023
19-06-2023,27,05:20,10.08,2023
20-06-2023,36,18:20,12.96,2023
21-06-2023,33.84,15:40,11.16,2023
22-06-2023,29.88,15:50,7.92,2023
23-06-2023,23.04,13:30,9,2023
24-06-2023,45,12:50,15.12,2023
25-06-2023,25.92,14:10,7.92,2023
26-06-2023,45,17:20,18,2023
27-06-2023,46.08,15:10,18,2023
28-06-2023,45,16:20,16.92,2023
29-06-2023,37.08,13:00,14.04,2023
30-06-2023,23.04,14:10,9,2023
01-07-2023,23.04,Varias,7.92,2023
02-07-2023,43.92,14:00,18,2023
03-07-2023,28.08,13:40,11.88,2023
04-07-2023,36,Varias,15.12,2023
05-07-2023,23.04,15:30,7.92,2023
06-07-2023,24.12,15:30,10.08,2023
07-07-2023,60.12,14:00,15.12,2023
08-07-2023,45,16:40,15.84,2023
09-07-2023,36,13:20,12.96,2023
10-07-2023,29.88,Varias,12.96,2023
11-07-2023,46.08,15:50,14.04,2023
12-07-2023,23.04,01:50,11.16,2023
13-07-2023,24.84,15:40,11.16,2023
14-07-2023,60.12,09:50,19.08,2023
15-07-2023,43.92,00:50,19.08,2023
16-07-2023,28.08,10:00,10.08,2023
17-07-2023,38.16,14:10,15.84,2023
18-07-2023,33.84,20:10,11.16,2023
19-07-2023,41.04,15:00,14.04,2023
20-07-2023,27,11:30,6.84,2023
21-07-2023,32.04,18:00,11.88,2023
22-07-2023,29.88,03:40,11.88,2023
23-07-2023,41.04,16:50,12.96,2023
24-07-2023,33.84,09:20,9,2023
25-07-2023,24.12,17:00,11.16,2023
26-07-2023,24.12,13:10,10.08,2023
27-07-2023,47.16,14:10,15.12,2023
28-07-2023,46.08,13:40,15.84,2023
29-07-2023,29.88,03:40,14.04,2023
30-07-2023,25.92,12:00,10.08,2023
31-07-2023,42.12,18:50,15.12,2023
01-08-2023,51.12,16:40,18,2023
02-08-2023,47.16,07:20,23.04,2023
03-08-2023,34.92,04:50,16.92,2023
04-08-2023,42.12,15:50,15.84,2023
05-08-2023,37.08,22:20,7.92,2023
06-08-2023,47.16,13:20,23.04,2023
07-08-2023,33.12,22:10,11.16,2023
08-08-2023,20.88,18:00,9,2023
09-08-2023,37.08,10:10,12.96,2023
10-08-2023,30.96,14:50,9,2023
11-08-2023,36,22:30,6.84,2023
12-08-2023,27,14:10,11.16,2023
13-08-2023,27,13:00,9,2023
14-08-2023,39.96,14:00,16.92,2023
15-08-2023,25.92,13:20,9,2023
16-08-2023,39.96,12:50,18,2023
17-08-2023,34.92,13:50,14.04,2023
18-08-2023,73.08,13:10,20.88,2023
19-08-2023,20.88,13:10,7.92,2023
20-08-2023,29.88,14:10,10.08,2023
21-08-2023,36,18:30,6.12,2023
22-08-2023,18,23:10,6.12,2023
23-08-2023,32.04,16:50,3.96,2023
24-08-2023,43.92,14:00,16.92,2023
25-08-2023,24.84,05:10,7.92,2023
26-08-2023,46.08,17:50,10.08,2023
27-08-2023,32.04,Varias,10.08,2023
28-08-2023,33.84,13:50,14.04,2023
29-08-2023,32.04,13:00,14.04,2023
30-08-2023,27,13:50,11.16,2023
31-08-2023,30.96,13:30,15.12,2023
01-09-2023,30.96,12:10,11.16,2023
02-09-2023,45,13:50,15.12,2023
03-09-2023,36,12:40,12.96,2023
04-09-2023,33.12,23:50,10.08,2023
05-09-2023,51.12,10:40,11.88,2023
06-09-2023,34.92,11:10,6.84,2023
07-09-2023,43.92,13:10,7.92,2023
08-09-2023,29.16,14:10,9,2023
09-09-2023,34.92,02:10,6.12,2023
10-09-2023,24.12,15:50,6.84,2023
11-09-2023,20.88,13:20,6.84,2023
12-09-2023,29.88,Varias,11.16,2023
13-09-2023,33.12,12:20,11.88,2023
14-09-2023,27,15:00,7.92,2023
15-09-2023,33.12,13:50,14.04,2023
16-09-2023,36,13:40,6.12,2023
17-09-2023,59.04,22:40,16.92,2023
18-09-2023,46.08,00:50,15.84,2023
19-09-2023,29.16,16:10,6.12,2023
20-09-2023,63,20:10,19.08,2023
21-09-2023,52.92,10:40,20.88,2023
22-09-2023,42.12,04:00,14.04,2023
23-09-2023,23.04,11:40,6.84,2023
24-09-2023,45,13:40,12.96,2023
25-09-2023,20.88,14:40,6.84,2023
26-09-2023,21.96,12:10,6.84,2023
27-09-2023,46.08,12:40,11.88,2023
28-09-2023,52.92,12:20,14.04,2023
29-09-2023,20.88,Varias,6.12,2023
30-09-2023,19.08,23:10,5.04,2023
01-10-2023,19.08,14:40,6.84,2023
02-10-2023,39.96,15:50,15.84,2023
03-10-2023,38.16,15:30,15.84,2023
04-10-2023,18,02:30,6.12,2023
05-10-2023,16.92,Varias,6.12,2023
06-10-2023,16.92,05:00,6.12,2023
07-10-2023,21.96,10:10,5.04,2023
08-10-2023,20.88,Varias,3.96,2023
09-10-2023,16.92,15:30,3.96,2023
10-10-2023,21.96,09:00,6.12,2023
11-10-2023,32.04,14:00,5.04,2023
12-10-2023,60.12,22:30,14.04,2023
13-10-2023,69.12,07:10,12.96,2023
14-10-2023,37.08,16:40,11.88,2023
15-10-2023,20.16,21:20,3.96,2023
16-10-2023,39.96,21:50,10.08,2023
17-10-2023,66.96,08:10,21.96,2023
18-10-2023,82.08,16:40,20.88,2023
19-10-2023,92.16,22:30,19.08,2023
20-10-2023,99,01:10,29.88,2023
21-10-2023,42.12,03:20,15.12,2023
22-10-2023,20.16,10:10,6.12,2023
23-10-2023,36,13:30,11.88,2023
24-10-2023,64.08,10:50,23.04,2023
25-10-2023,55.08,20:50,21.96,2023
26-10-2023,56.88,15:10,15.84,2023
27-10-2023,69.12,04:10,21.96,2023
28-10-2023,72,11:20,25.92,2023
29-10-2023,60.84,11:50,18,2023
30-10-2023,63,12:20,12.96,2023
31-10-2023,51.12,22:50,14.04,2023
01-11-2023,92.16,17:40,24.12,2023
02-11-2023,91.08,00:10,33.12,2023
03-11-2023,74.16,05:20,28.08,2023
04-11-2023,99,18:10,33.12,2023
05-11-2023,74.88,22:40,18,2023
06-11-2023,59.04,07:10,15.84,2023
07-11-2023,55.08,02:20,18,2023
08-11-2023,65.88,10:00,16.92,2023
09-11-2023,48.96,14:10,15.84,2023
10-11-2023,56.88,23:30,12.96,2023
11-11-2023,56.16,13:20,21.96,2023
12-11-2023,56.16,14:30,19.08,2023
13-11-2023,55.08,08:40,20.16,2023
14-11-2023,54,06:30,14.04,2023
15-11-2023,47.88,21:30,12.96,2023
16-11-2023,48.96,00:20,11.16,2023
17-11-2023,24.12,23:59,6.84,2023
18-11-2023,34.92,14:20,11.16,2023
19-11-2023,24.84,17:00,5.04,2023
20-11-2023,43.92,Varias,20.16,2023
21-11-2023,51.12,06:10,19.08,2023
22-11-2023,43.92,15:40,19.08,2023
23-11-2023,43.92,08:20,16.92,2023
24-11-2023,23.04,18:10,7.92,2023
25-11-2023,28.08,05:20,6.84,2023
26-11-2023,15.84,10:20,6.12,2023
27-11-2023,27,13:00,12.96,2023
28-11-2023,15.84,Varias,6.12,2023
29-11-2023,46.08,16:50,14.04,2023
30-11-2023,39.96,02:40,11.88,2023
01-12-2023,42.84,Varias,16.92,2023
02-12-2023,37.08,01:20,6.12,2023
03-12-2023,60.12,12:20,20.88,2023
04-12-2023,57.96,09:00,20.88,2023
05-12-2023,20.88,10:10,5.04,2023
06-12-2023,65.16,23:20,12.96,2023
07-12-2023,74.16,23:50,19.08,2023
08-12-2023,57.96,22:20,11.88,2023
09-12-2023,57.96,00:20,16.92,2023
10-12-2023,56.16,16:20,19.08,2023
11-12-2023,56.88,12:10,15.84,2023
12-12-2023,51.12,22:50,15.12,2023
13-12-2023,54,00:10,20.16,2023
14-12-2023,23.04,02:50,2.16,2023
15-12-2023,29.88,17:40,7.92,2023
16-12-2023,21.96,02:40,2.88,2023
17-12-2023,15.12,10:10,5.04,2023
18-12-2023,15.12,18:20,5.04,2023
19-12-2023,56.16,23:30,10.08,2023
20-12-2023,55.08,03:00,10.08,2023
21-12-2023,29.88,12:40,9,2023
22-12-2023,24.84,23:50,9,2023
23-12-2023,37.08,18:00,11.16,2023
24-12-2023,20.88,08:30,3.96,2023
25-12-2023,20.16,22:50,6.84,2023
26-12-2023,34.92,12:50,12.96,2023
27-12-2023,66.96,13:30,15.12,2023
28-12-2023,20.16,09:10,6.12,2023
29-12-2023,18,15:00,5.04,2023
30-12-2023,77.04,20:20,16.92,2023
31-12-2023,60.84,04:30,19.08,2023
01-01-2024,51.84,19:30,18,2024
02-01-2024,68.04,08:00,21.96,2024
03-01-2024,45,Varias,11.88,2024
04-01-2024,54,08:00,14.04,2024
05-01-2024,70.92,10:30,20.16,2024
06-01-2024,24.12,00:50,3.96,2024
07-01-2024,21.96,17:30,9,2024
08-01-2024,23.04,19:40,7.92,2024
09-01-2024,23.04,23:59,6.12,2024
10-01-2024,34.92,15:40,11.16,2024
11-01-2024,33.84,14:40,14.04,2024
12-01-2024,25.92,13:00,7.92,2024
13-01-2024,55.08,12:30,18,2024
14-01-2024,32.04,09:00,5.04,2024
15-01-2024,32.04,07:20,11.16,2024
16-01-2024,78.84,13:10,18,2024
17-01-2024,74.88,14:00,24.84,2024
18-01-2024,69.84,01:40,20.16,2024
19-01-2024,54,15:00,25.92,2024
20-01-2024,34.92,19:50,9,2024
21-01-2024,52.92,20:40,14.04,2024
22-01-2024,54,03:10,12.96,2024
23-01-2024,38.16,14:00,11.88,2024
24-01-2024,19.08,01:00,6.12,2024
25-01-2024,20.88,08:30,6.12,2024
26-01-2024,23.04,15:30,6.84,2024
27-01-2024,27,09:00,5.04,2024
28-01-2024,46.08,14:40,7.92,2024
29-01-2024,34.92,01:30,7.92,2024
30-01-2024,19.08,13:40,6.12,2024
31-01-2024,18,03:20,3.96,2024
01-02-2024,20.88,Varias,2.88,2024
02-02-2024,38.88,17:10,7.92,2024
03-02-2024,23.04,06:10,7.92,2024
04-02-2024,20.88,14:30,6.12,2024
05-02-2024,15.12,15:50,3.96,2024
06-02-2024,28.08,18:50,7.92,2024
07-02-2024,64.08,13:30,20.88,2024
08-02-2024,87.12,06:50,24.84,2024
09-02-2024,56.16,20:40,12.96,2024
10-02-2024,73.08,13:30,27,2024
11-02-2024,52.92,23:30,12.96,2024
12-02-2024,66.96,02:10,10.08,2024
13-02-2024,46.08,12:10,14.04,2024
14-02-2024,34.92,03:40,7.92,2024
15-02-2024,52.92,10:10,16.92,2024
16-02-2024,25.92,11:10,7.92,2024
17-02-2024,24.12,06:10,7.92,2024
18-02-2024,20.88,23:59,6.12,2024
19-02-2024,33.84,14:20,11.16,2024
20-02-2024,38.88,13:10,9,2024
21-02-2024,52.92,23:40,15.84,2024
22-02-2024,96.84,09:10,25.92,2024
23-02-2024,92.88,20:40,29.16,2024
24-02-2024,61.92,23:00,21.96,2024
25-02-2024,92.88,16:10,33.12,2024
26-02-2024,78.12,12:50,33.12,2024
27-02-2024,55.08,00:10,20.16,2024
28-02-2024,28.08,21:00,10.08,2024
29-02-2024,87.84,10:40,24.84,2024
01-03-2024,69.12,14:30,25.92,2024
02-03-2024,63,03:30,19.08,2024
03-03-2024,54,02:40,12.96,2024
04-03-2024,84.96,08:20,27,2024
05-03-2024,36,00:50,12.96,2024
06-03-2024,33.84,11:20,10.08,2024
07-03-2024,48.96,10:50,16.92,2024
08-03-2024,78.12,09:20,20.16,2024
09-03-2024,65.88,23:30,16.92,2024
10-03-2024,60.84,05:50,24.84,2024
11-03-2024,34.92,10:20,10.08,2024
12-03-2024,23.04,02:00,7.92,2024
13-03-2024,32.04,13:30,12.96,2024
14-03-2024,55.08,Varias,15.84,2024
15-03-2024,34.92,14:50,7.92,2024
16-03-2024,51.12,18:50,15.84,2024
17-03-2024,42.84,00:30,9,2024
18-03-2024,20.88,13:20,6.84,2024
19-03-2024,15.84,11:30,6.12,2024
20-03-2024,34.92,12:00,11.88,2024
21-03-2024,36,03:00,9,2024
22-03-2024,64.08,17:20,15.84,2024
23-03-2024,50.04,04:20,24.12,2024
24-03-2024,47.88,16:20,18,2024
25-03-2024,56.88,12:40,23.04,2024
26-03-2024,41.04,17:20,12.96,2024
27-03-2024,90,15:10,29.88,2024
28-03-2024,78.84,05:10,15.12,2024
29-03-2024,38.16,Varias,10.08,2024
30-03-2024,39.96,Varias,16.92,2024
31-03-2024,59.04,13:50,15.12,2024
01-04-2024,60.12,16:30,20.88,2024
02-04-2024,74.88,09:10,24.84,2024
03-04-2024,57.96,10:10,21.96,2024
04-04-2024,64.08,13:10,15.84,2024
05-04-2024,77.04,11:40,19.08,2024
06-04-2024,78.12,10:30,21.96,2024
07-04-2024,45,15:00,14.04,2024
08-04-2024,66.96,00:10,19.08,2024
09-04-2024,38.88,01:40,12.96,2024
10-04-2024,23.04,16:00,7.92,2024
11-04-2024,20.88,16:10,7.92,2024
12-04-2024,19.08,15:30,6.12,2024
13-04-2024,19.08,14:10,5.04,2024
14-04-2024,23.04,11:40,6.84,2024
15-04-2024,38.88,12:40,18,2024
16-04-2024,51.84,17:00,21.96,2024
17-04-2024,54,15:10,21.96,2024
18-04-2024,46.08,17:20,24.12,2024
19-04-2024,23.04,14:10,6.84,2024
20-04-2024,42.84,15:40,11.88,2024
21-04-2024,43.92,Varias,20.88,2024
22-04-2024,51.84,16:40,24.84,2024
23-04-2024,42.12,12:20,19.08,2024
24-04-2024,33.12,12:00,12.96,2024
25-04-2024,41.04,16:00,14.04,2024
26-04-2024,33.84,19:50,10.08,2024
27-04-2024,43.92,21:40,14.04,2024
28-04-2024,36,04:20,10.08,2024
29-04-2024,37.08,16:50,11.88,2024
30-04-2024,57.96,12:00,20.16,2024
01-05-2024,39.96,13:30,14.04,2024
02-05-2024,47.16,19:10,12.96,2024
03-05-2024,51.12,17:20,12.96,2024
04-05-2024,56.16,14:10,19.08,2024
05-05-2024,57.96,01:20,11.88,2024
06-05-2024,30.96,15:40,15.84,2024
07-05-2024,45,14:40,11.88,2024
08-05-2024,24.12,Varias,9,2024
09-05-2024,20.16,05:40,6.12,2024
10-05-2024,20.16,14:50,6.84,2024
11-05-2024,36,12:20,11.16,2024
12-05-2024,32.04,15:30,10.08,2024
13-05-2024,47.88,10:10,15.12,2024
14-05-2024,60.84,21:00,20.16,2024
15-05-2024,48.96,14:20,19.08,2024
16-05-2024,43.92,11:20,14.04,2024
17-05-2024,37.08,22:20,14.04,2024
18-05-2024,42.12,11:50,15.84,2024
19-05-2024,34.92,09:40,15.12,2024
20-05-2024,29.88,15:50,10.08,2024
21-05-2024,33.84,22:40,11.88,2024
22-05-2024,51.12,06:30,19.08,2024
23-05-2024,32.04,18:50,12.96,2024
24-05-2024,29.16,12:40,11.88,2024
25-05-2024,45,15:40,18,2024
26-05-2024,25.92,08:30,11.16,2024
27-05-2024,25.92,13:40,7.92,2024
28-05-2024,24.84,13:40,6.12,2024
29-05-2024,24.12,14:00,7.92,2024
30-05-2024,51.84,10:50,20.16,2024
31-05-2024,54,17:40,28.08,2024
01-06-2024,57.96,16:20,25.92,2024
02-06-2024,51.12,13:30,27,2024
03-06-2024,43.92,13:30,15.84,2024
04-06-2024,24.84,15:40,6.84,2024
05-06-2024,19.08,15:10,9,2024
06-06-2024,41.04,16:00,11.88,2024
07-06-2024,46.08,16:50,15.84,2024
08-06-2024,36,15:50,14.04,2024
09-06-2024,41.04,12:10,16.92,2024
10-06-2024,47.16,13:40,23.04,2024
11-06-2024,38.16,18:20,16.92,2024
12-06-2024,46.08,13:40,16.92,2024
13-06-2024,41.04,17:20,11.16,2024
14-06-2024,46.08,15:50,19.08,2024
15-06-2024,45,11:10,20.16,2024
16-06-2024,51.12,14:40,14.04,2024
17-06-2024,42.12,10:30,14.04,2024
18-06-2024,27,15:10,7.92,2024
19-06-2024,38.88,10:10,11.16,2024
20-06-2024,29.88,10:30,14.04,2024
21-06-2024,42.84,16:10,15.12,2024
22-06-2024,36,16:00,15.12,2024
23-06-2024,38.88,19:40,6.84,2024
24-06-2024,28.08,Varias,10.08,2024
25-06-2024,37.08,17:20,10.08,2024
26-06-2024,51.84,16:50,11.88,2024
27-06-2024,43.92,11:20,16.92,2024
28-06-2024,42.84,12:30,23.04,2024
29-06-2024,27,Varias,10.08,2024
30-06-2024,25.92,16:40,9,2024
01-07-2024,46.08,16:30,18,2024
02-07-2024,46.08,14:00,20.16,2024
03-07-2024,29.88,12:30,12.96,2024
04-07-2024,41.04,11:40,15.12,2024
05-07-2024,34.92,13:40,11.16,2024
06-07-2024,29.16,02:10,12.96,2024
07-07-2024,29.16,14:30,6.84,2024
08-07-2024,45,16:00,11.88,2024
09-07-2024,33.12,09:40,6.12,2024
10-07-2024,32.04,10:30,5.04,2024
11-07-2024,42.12,14:00,16.92,2024
12-07-2024,42.12,17:00,20.16,2024
13-07-2024,28.08,22:30,9,2024
14-07-2024,48.96,20:10,11.16,2024
15-07-2024,50.04,09:30,18,2024
16-07-2024,24.84,01:40,10.08,2024
17-07-2024,25.92,14:10,9,2024
18-07-2024,19.08,15:40,6.12,2024
19-07-2024,23.04,18:10,7.92,2024
20-07-2024,45,14:00,11.16,2024
21-07-2024,29.88,Varias,11.88,2024
22-07-2024,38.88,14:50,10.08,2024
23-07-2024,34.92,15:50,6.84,2024
24-07-2024,46.08,14:50,15.84,2024
25-07-2024,37.08,11:00,11.88,2024
26-07-2024,32.04,22:50,11.88,2024
27-07-2024,42.12,13:20,15.12,2024
28-07-2024,29.88,14:10,7.92,2024
29-07-2024,24.84,19:40,6.12,2024
30-07-2024,29.88,07:00,11.88,2024
31-07-2024,23.04,13:50,9,2024
01-08-2024,29.88,19:10,11.16,2024
02-08-2024,24.84,15:40,9,2024
03-08-2024,24.12,13:40,10.08,2024
04-08-2024,25.92,15:50,9,2024
05-08-2024,24.84,15:00,10.08,2024
06-08-2024,32.04,11:10,6.84,2024
07-08-2024,43.92,14:00,18,2024
08-08-2024,46.08,17:30,16.92,2024
09-08-2024,38.16,16:10,9,2024
10-08-2024,19.08,09:50,6.12,2024
11-08-2024,59.04,16:10,11.16,2024
12-08-2024,32.04,12:10,9,2024
13-08-2024,38.88,12:30,11.88,2024
14-08-2024,36,Varias,14.04,2024
15-08-2024,29.88,17:00,10.08,2024
16-08-2024,25.92,17:10,7.92,2024
17-08-2024,33.12,13:50,11.88,2024
18-08-2024,36,14:10,14.04,2024
19-08-2024,20.88,Varias,6.12,2024
20-08-2024,32.04,14:20,11.16,2024
21-08-2024,33.12,15:10,15.12,2024
22-08-2024,32.04,15:10,11.16,2024
23-08-2024,34.92,16:10,11.16,2024
24-08-2024,51.84,06:10,14.04,2024
25-08-2024,43.92,14:10,16.92,2024
26-08-2024,25.92,14:00,7.92,2024
27-08-2024,29.88,09:10,10.08,2024
28-08-2024,29.16,21:00,10.08,2024
29-08-2024,46.08,15:20,16.92,2024
30-08-2024,39.96,12:10,15.12,2024
31-08-2024,41.04,04:00,11.88,2024
01-09-2024,28.08,Varias,7.92,2024
02-09-2024,33.12,09:30,10.08,2024
03-09-2024,36,13:40,14.04,2024
04-09-2024,30.96,20:00,11.16,2024
05-09-2024,30.96,22:00,11.88,2024
06-09-2024,41.04,08:50,16.92,2024
07-09-2024,30.96,15:50,10.08,2024
08-09-2024,33.12,16:40,10.08,2024
09-09-2024,24.84,16:40,6.84,2024
10-09-2024,34.92,13:40,14.04,2024
11-09-2024,36,20:20,10.08,2024
12-09-2024,27,Varias,10.08,2024
13-09-2024,51.12,17:00,19.08,2024
14-09-2024,29.16,17:50,10.08,2024
15-09-2024,30.96,18:20,10.08,2024
16-09-2024,45,16:20,11.88,2024
17-09-2024,54,15:40,23.04,2024
18-09-2024,36,18:00,14.04,2024
19-09-2024,20.88,13:10,5.04,2024
20-09-2024,20.16,13:20,2.88,2024
21-09-2024,21.96,15:00,9,2024
22-09-2024,33.84,14:40,10.08,2024
23-09-2024,43.92,16:40,14.04,2024
24-09-2024,33.84,01:20,9,2024
25-09-2024,68.04,12:10,23.04,2024
26-09-2024,64.08,07:00,24.12,2024
27-09-2024,51.84,03:00,15.12,2024
28-09-2024,24.12,14:30,6.12,2024
29-09-2024,52.92,14:50,16.92,2024
30-09-2024,29.88,15:20,5.04,2024
01-10-2024,34.92,09:00,12.96,2024
02-10-2024,51.84,10:30,11.88,2024
03-10-2024,18,13:40,6.12,2024
04-10-2024,20.88,23:40,5.04,2024
05-10-2024,55.08,17:40,18,2024
06-10-2024,50.04,04:00,14.04,2024
07-10-2024,56.88,12:50,18,2024
08-10-2024,52.92,19:40,20.16,2024
09-10-2024,79.92,02:30,24.12,2024
10-10-2024,38.88,14:20,11.88,2024
11-10-2024,54,13:40,14.04,2024
12-10-2024,41.04,02:20,9,2024
13-10-2024,25.92,10:10,6.12,2024
14-10-2024,15.12,06:00,2.88,2024
15-10-2024,18,03:40,2.88,2024
16-10-2024,39.96,05:50,12.96,2024
17-10-2024,39.96,11:20,15.84,2024
18-10-2024,38.88,17:10,7.92,2024
19-10-2024,39.96,02:20,10.08,2024
20-10-2024,51.12,12:50,15.12,2024
21-10-2024,42.12,04:40,14.04,2024
22-10-2024,38.88,15:10,16.92,2024
23-10-2024,20.88,09:20,6.84,2024
24-10-2024,57.96,16:00,15.84,2024
25-10-2024,48.96,07:00,18,2024
26-10-2024,42.12,21:00,7.92,2024
27-10-2024,36,00:20,11.16,2024
28-10-2024,38.88,14:20,14.04,2024
29-10-2024,36,14:10,11.88,2024
30-10-2024,42.12,11:40,15.12,2024
31-10-2024,18,10:10,6.12,2024
01-11-2024,19.08,04:20,6.12,2024
02-11-2024,18,14:20,5.04,2024
03-11-2024,21.96,12:10,9,2024
04-11-2024,30.96,12:10,9,2024
05-11-2024,24.12,11:00,3.96,2024
06-11-2024,18,09:50,6.12,2024
07-11-2024,20.88,09:10,5.04,2024
08-11-2024,38.16,13:10,11.88,2024
09-11-2024,27,17:00,11.16,2024
10-11-2024,42.12,06:00,11.88,2024
11-11-2024,41.04,12:50,12.96,2024
12-11-2024,51.84,12:20,20.88,2024
13-11-2024,56.88,14:40,25.92,2024
14-11-2024,46.08,01:10,19.08,2024
15-11-2024,23.04,05:40,3.96,2024
16-11-2024,18,05:40,6.84,2024
17-11-2024,19.08,18:50,5.04,2024
18-11-2024,19.08,14:50,6.84,2024
19-11-2024,38.16,16:10,14.04,2024
20-11-2024,43.92,18:10,23.04,2024
21-11-2024,65.88,15:30,23.04,2024
22-11-2024,43.92,23:50,9,2024
23-11-2024,72,09:50,23.04,2024
24-11-2024,92.88,12:20,18,2024
25-11-2024,43.92,15:30,10.08,2024
26-11-2024,42.12,16:40,12.96,2024
27-11-2024,41.04,01:10,14.04,2024
28-11-2024,32.04,21:30,10.08,2024
29-11-2024,39.96,04:20,11.16,2024
30-11-2024,60.84,21:20,18,2024
01-12-2024,29.16,03:40,9,2024
02-12-2024,21.96,15:40,6.84,2024
03-12-2024,52.92,15:50,11.88,2024
04-12-2024,27,02:30,6.84,2024
05-12-2024,42.12,15:40,15.12,2024
06-12-2024,45,23:59,11.16,2024
07-12-2024,56.88,04:40,21.96,2024
08-12-2024,69.12,08:20,29.16,2024
09-12-2024,65.16,12:30,20.88,2024
10-12-2024,28.08,15:10,9,2024
11-12-2024,32.04,15:30,11.88,2024
12-12-2024,23.04,13:10,3.96,2024
13-12-2024,20.88,01:50,6.12,2024
14-12-2024,19.08,06:20,7.92,2024
15-12-2024,18,21:10,6.84,2024
16-12-2024,30.96,19:00,11.88,2024
17-12-2024,74.16,16:40,15.84,2024
18-12-2024,56.88,00:10,20.16,2024
19-12-2024,63,01:40,16.92,2024
20-12-2024,23.04,17:08,6.84,2024
21-12-2024,29.88,13:50,9,2024
22-12-2024,54,23:30,15.84,2024
23-12-2024,45,07:00,14.04,2024
24-12-2024,24.12,02:40,5.04,2024
25-12-2024,23.04,09:50,6.12,2024
26-12-2024,15.84,04:30,6.12,2024
27-12-2024,20.16,15:10,7.92,2024
28-12-2024,20.16,Varias,7.92,2024
29-12-2024,20.88,21:30,3.96,2024
30-12-2024,32.04,01:10,6.12,2024
31-12-2024,23.04,11:10,6.84,2024
01-01-2024,51.84,19:30,18,2024
02-01-2024,68.04,08:00,21.96,2024
03-01-2024,45,Varias,11.88,2024
04-01-2024,54,08:00,14.04,2024
05-01-2024,70.92,10:30,20.16,2024
06-01-2024,24.12,00:50,3.96,2024
07-01-2024,21.96,17:30,9,2024
08-01-2024,23.04,19:40,7.92,2024
09-01-2024,23.04,23:59,6.12,2024
10-01-2024,34.92,15:40,11.16,2024
11-01-2024,33.84,14:40,14.04,2024
12-01-2024,25.92,13:00,7.92,2024
13-01-2024,55.08,12:30,18,2024
14-01-2024,32.04,09:00,5.04,2024
15-01-2024,32.04,07:20,11.16,2024
16-01-2024,78.84,13:10,18,2024
17-01-2024,74.88,14:00,24.84,2024
18-01-2024,69.84,01:40,20.16,2024
19-01-2024,54,15:00,25.92,2024
20-01-2024,34.92,19:50,9,2024
21-01-2024,52.92,20:40,14.04,2024
22-01-2024,54,03:10,12.96,2024
23-01-2024,38.16,14:00,11.88,2024
24-01-2024,19.08,01:00,6.12,2024
25-01-2024,20.88,08:30,6.12,2024
26-01-2024,23.04,15:30,6.84,2024
27-01-2024,27,09:00,5.04,2024
28-01-2024,46.08,14:40,7.92,2024
29-01-2024,34.92,01:30,7.92,2024
30-01-2024,19.08,13:40,6.12,2024
31-01-2024,18,03:20,3.96,2024
01-02-2024,20.88,Varias,2.88,2024
02-02-2024,38.88,17:10,7.92,2024
03-02-2024,23.04,06:10,7.92,2024
04-02-2024,20.88,14:30,6.12,2024
05-02-2024,15.12,15:50,3.96,2024
06-02-2024,28.08,18:50,7.92,2024
07-02-2024,64.08,13:30,20.88,2024
08-02-2024,87.12,06:50,24.84,2024
09-02-2024,56.16,20:40,12.96,2024
10-02-2024,73.08,13:30,27,2024
11-02-2024,52.92,23:30,12.96,2024
12-02-2024,66.96,02:10,10.08,2024
13-02-2024,46.08,12:10,14.04,2024
14-02-2024,34.92,03:40,7.92,2024
15-02-2024,52.92,10:10,16.92,2024
16-02-2024,25.92,11:10,7.92,2024
17-02-2024,24.12,06:10,7.92,2024
18-02-2024,20.88,23:59,6.12,2024
19-02-2024,33.84,14:20,11.16,2024
20-02-2024,38.88,13:10,9,2024
21-02-2024,52.92,23:40,15.84,2024
22-02-2024,96.84,09:10,25.92,2024
23-02-2024,92.88,20:40,29.16,2024
24-02-2024,61.92,23:00,21.96,2024
25-02-2024,92.88,16:10,33.12,2024
26-02-2024,78.12,12:50,33.12,2024
27-02-2024,55.08,00:10,20.16,2024
28-02-2024,28.08,21:00,10.08,2024
29-02-2024,87.84,10:40,24.84,2024
01-03-2024,69.12,14:30,25.92,2024
02-03-2024,63,03:30,19.08,2024
03-03-2024,54,02:40,12.96,2024
04-03-2024,84.96,08:20,27,2024
05-03-2024,36,00:50,12.96,2024
06-03-2024,33.84,11:20,10.08,2024
07-03-2024,48.96,10:50,16.92,2024
08-03-2024,78.12,09:20,20.16,2024
09-03-2024,65.88,23:30,16.92,2024
10-03-2024,60.84,05:50,24.84,2024
11-03-2024,34.92,10:20,10.08,2024
12-03-2024,23.04,02:00,7.92,2024
13-03-2024,32.04,13:30,12.96,2024
14-03-2024,55.08,Varias,15.84,2024
15-03-2024,34.92,14:50,7.92,2024
16-03-2024,51.12,18:50,15.84,2024
17-03-2024,42.84,00:30,9,2024
18-03-2024,20.88,13:20,6.84,2024
19-03-2024,15.84,11:30,6.12,2024
20-03-2024,34.92,12:00,11.88,2024
21-03-2024,36,03:00,9,2024
22-03-2024,64.08,17:20,15.84,2024
23-03-2024,50.04,04:20,24.12,2024
24-03-2024,47.88,16:20,18,2024
25-03-2024,56.88,12:40,23.04,2024
26-03-2024,41.04,17:20,12.96,2024
27-03-2024,90,15:10,29.88,2024
28-03-2024,78.84,05:10,15.12,2024
29-03-2024,38.16,Varias,10.08,2024
30-03-2024,39.96,Varias,16.92,2024
31-03-2024,59.04,13:50,15.12,2024
01-04-2024,60.12,16:30,20.88,2024
02-04-2024,74.88,09:10,24.84,2024
03-04-2024,57.96,10:10,21.96,2024
04-04-2024,64.08,13:10,15.84,2024
05-04-2024,77.04,11:40,19.08,2024
06-04-2024,78.12,10:30,21.96,2024
07-04-2024,45,15:00,14.04,2024
08-04-2024,66.96,00:10,19.08,2024
09-04-2024,38.88,01:40,12.96,2024
10-04-2024,23.04,16:00,7.92,2024
11-04-2024,20.88,16:10,7.92,2024
12-04-2024,19.08,15:30,6.12,2024
13-04-2024,19.08,14:10,5.04,2024
14-04-2024,23.04,11:40,6.84,2024
15-04-2024,38.88,12:40,18,2024
16-04-2024,51.84,17:00,21.96,2024
17-04-2024,54,15:10,21.96,2024
18-04-2024,46.08,17:20,24.12,2024
19-04-2024,23.04,14:10,6.84,2024
20-04-2024,42.84,15:40,11.88,2024
21-04-2024,43.92,Varias,20.88,2024
22-04-2024,51.84,16:40,24.84,2024
23-04-2024,42.12,12:20,19.08,2024
24-04-2024,33.12,12:00,12.96,2024
25-04-2024,41.04,16:00,14.04,2024
26-04-2024,33.84,19:50,10.08,2024
27-04-2024,43.92,21:40,14.04,2024
28-04-2024,36,04:20,10.08,2024
29-04-2024,37.08,16:50,11.88,2024
30-04-2024,57.96,12:00,20.16,2024
01-05-2024,39.96,13:30,14.04,2024
02-05-2024,47.16,19:10,12.96,2024
03-05-2024,51.12,17:20,12.96,2024
04-05-2024,56.16,14:10,19.08,2024
05-05-2024,57.96,01:20,11.88,2024
06-05-2024,30.96,15:40,15.84,2024
07-05-2024,45,14:40,11.88,2024
08-05-2024,24.12,Varias,9,2024
09-05-2024,20.16,05:40,6.12,2024
10-05-2024,20.16,14:50,6.84,2024
11-05-2024,36,12:20,11.16,2024
12-05-2024,32.04,15:30,10.08,2024
13-05-2024,47.88,10:10,15.12,2024
14-05-2024,60.84,21:00,20.16,2024
15-05-2024,48.96,14:20,19.08,2024
16-05-2024,43.92,11:20,14.04,2024
17-05-2024,37.08,22:20,14.04,2024
18-05-2024,42.12,11:50,15.84,2024
19-05-2024,34.92,09:40,15.12,2024
20-05-2024,29.88,15:50,10.08,2024
21-05-2024,33.84,22:40,11.88,2024
22-05-2024,51.12,06:30,19.08,2024
23-05-2024,32.04,18:50,12.96,2024
24-05-2024,29.16,12:40,11.88,2024
25-05-2024,45,15:40,18,2024
26-05-2024,25.92,08:30,11.16,2024
27-05-2024,25.92,13:40,7.92,2024
28-05-2024,24.84,13:40,6.12,2024
29-05-2024,24.12,14:00,7.92,2024
30-05-2024,51.84,10:50,20.16,2024
31-05-2024,54,17:40,28.08,2024
01-06-2024,57.96,16:20,25.92,2024
02-06-2024,51.12,13:30,27,2024
03-06-2024,43.92,13:30,15.84,2024
04-06-2024,24.84,15:40,6.84,2024
05-06-2024,19.08,15:10,9,2024
06-06-2024,41.04,16:00,11.88,2024
07-06-2024,46.08,16:50,15.84,2024
08-06-2024,36,15:50,14.04,2024
09-06-2024,41.04,12:10,16.92,2024
10-06-2024,47.16,13:40,23.04,2024
11-06-2024,38.16,18:20,16.92,2024
12-06-2024,46.08,13:40,16.92,2024
13-06-2024,41.04,17:20,11.16,2024
14-06-2024,46.08,15:50,19.08,2024
15-06-2024,45,11:10,20.16,2024
16-06-2024,51.12,14:40,14.04,2024
17-06-2024,42.12,10:30,14.04,2024
18-06-2024,27,15:10,7.92,2024
19-06-2024,38.88,10:10,11.16,2024
20-06-2024,29.88,10:30,14.04,2024
21-06-2024,42.84,16:10,15.12,2024
22-06-2024,36,16:00,15.12,2024
23-06-2024,38.88,19:40,6.84,2024
24-06-2024,28.08,Varias,10.08,2024
25-06-2024,37.08,17:20,10.08,2024
26-06-2024,51.84,16:50,11.88,2024
27-06-2024,43.92,11:20,16.92,2024
28-06-2024,42.84,12:30,23.04,2024
29-06-2024,27,Varias,10.08,2024
30-06-2024,25.92,16:40,9,2024
01-07-2024,46.08,16:30,18,2024
02-07-2024,46.08,14:00,20.16,2024
03-07-2024,29.88,12:30,12.96,2024
04-07-2024,41.04,11:40,15.12,2024
05-07-2024,34.92,13:40,11.16,2024
06-07-2024,29.16,02:10,12.96,2024
07-07-2024,29.16,14:30,6.84,2024
08-07-2024,45,16:00,11.88,2024
09-07-2024,33.12,09:40,6.12,2024
10-07-2024,32.04,10:30,5.04,2024
11-07-2024,42.12,14:00,16.92,2024
12-07-2024,42.12,17:00,20.16,2024
13-07-2024,28.08,22:30,9,2024
14-07-2024,48.96,20:10,11.16,2024
15-07-2024,50.04,09:30,18,2024
16-07-2024,24.84,01:40,10.08,2024
17-07-2024,25.92,14:10,9,2024
18-07-2024,19.08,15:40,6.12,2024
19-07-2024,23.04,18:10,7.92,2024
20-07-2024,45,14:00,11.16,2024
21-07-2024,29.88,Varias,11.88,2024
22-07-2024,38.88,14:50,10.08,2024
23-07-2024,34.92,15:50,6.84,2024
24-07-2024,46.08,14:50,15.84,2024
25-07-2024,37.08,11:00,11.88,2024
26-07-2024,32.04,22:50,11.88,2024
27-07-2024,42.12,13:20,15.12,2024
28-07-2024,29.88,14:10,7.92,2024
29-07-2024,24.84,19:40,6.12,2024
30-07-2024,29.88,07:00,11.88,2024
31-07-2024,23.04,13:50,9,2024
01-08-2024,29.88,19:10,11.16,2024
02-08-2024,24.84,15:40,9,2024
03-08-2024,24.12,13:40,10.08,2024
04-08-2024,25.92,15:50,9,2024
05-08-2024,24.84,15:00,10.08,2024
06-08-2024,32.04,11:10,6.84,2024
07-08-2024,43.92,14:00,18,2024
08-08-2024,46.08,17:30,16.92,2024
09-08-2024,38.16,16:10,9,2024
10-08-2024,19.08,09:50,6.12,2024
11-08-2024,59.04,16:10,11.16,2024
12-08-2024,32.04,12:10,9,2024
13-08-2024,38.88,12:30,11.88,2024
14-08-2024,36,Varias,14.04,2024
15-08-2024,29.88,17:00,10.08,2024
16-08-2024,25.92,17:10,7.92,2024
17-08-2024,33.12,13:50,11.88,2024
18-08-2024,36,14:10,14.04,2024
19-08-2024,20.88,Varias,6.12,2024
20-08-2024,32.04,14:20,11.16,2024
21-08-2024,33.12,15:10,15.12,2024
22-08-2024,32.04,15:10,11.16,2024
23-08-2024,34.92,16:10,11.16,2024
24-08-2024,51.84,06:10,14.04,2024
25-08-2024,43.92,14:10,16.92,2024
26-08-2024,25.92,14:00,7.92,2024
27-08-2024,29.88,09:10,10.08,2024
28-08-2024,29.16,21:00,10.08,2024
29-08-2024,46.08,15:20,16.92,2024
30-08-2024,39.96,12:10,15.12,2024
31-08-2024,41.04,04:00,11.88,2024
01-09-2024,28.08,Varias,7.92,2024
02-09-2024,33.12,09:30,10.08,2024
03-09-2024,36,13:40,14.04,2024
04-09-2024,30.96,20:00,11.16,2024
05-09-2024,30.96,22:00,11.88,2024
06-09-2024,41.04,08:50,16.92,2024
07-09-2024,30.96,15:50,10.08,2024
08-09-2024,33.12,16:40,10.08,2024
09-09-2024,24.84,16:40,6.84,2024
10-09-2024,34.92,13:40,14.04,2024
11-09-2024,36,20:20,10.08,2024
12-09-2024,27,Varias,10.08,2024
13-09-2024,51.12,17:00,19.08,2024
14-09-2024,29.16,17:50,10.08,2024
15-09-2024,30.96,18:20,10.08,2024
16-09-2024,45,16:20,11.88,2024
17-09-2024,54,15:40,23.04,2024
18-09-2024,36,18:00,14.04,2024
19-09-2024,20.88,13:10,5.04,2024
20-09-2024,20.16,13:20,2.88,2024
21-09-2024,21.96,15:00,9,2024
22-09-2024,33.84,14:40,10.08,2024
23-09-2024,43.92,16:40,14.04,2024
24-09-2024,33.84,01:20,9,2024
25-09-2024,68.04,12:10,23.04,2024
26-09-2024,64.08,07:00,24.12,2024
27-09-2024,51.84,03:00,15.12,2024
28-09-2024,24.12,14:30,6.12,2024
29-09-2024,52.92,14:50,16.92,2024
30-09-2024,29.88,15:20,5.04,2024
01-10-2024,34.92,09:00,12.96,2024
02-10-2024,51.84,10:30,11.88,2024
03-10-2024,18,13:40,6.12,2024
04-10-2024,20.88,23:40,5.04,2024
05-10-2024,55.08,17:40,18,2024
06-10-2024,50.04,04:00,14.04,2024
07-10-2024,56.88,12:50,18,2024
08-10-2024,52.92,19:40,20.16,2024
09-10-2024,79.92,02:30,24.12,2024
10-10-2024,38.88,14:20,11.88,2024
11-10-2024,54,13:40,14.04,2024
12-10-2024,41.04,02:20,9,2024
13-10-2024,25.92,10:10,6.12,2024
14-10-2024,15.12,06:00,2.88,2024
15-10-2024,18,03:40,2.88,2024
16-10-2024,39.96,05:50,12.96,2024
17-10-2024,39.96,11:20,15.84,2024
18-10-2024,38.88,17:10,7.92,2024
19-10-2024,39.96,02:20,10.08,2024
20-10-2024,51.12,12:50,15.12,2024
21-10-2024,42.12,04:40,14.04,2024
22-10-2024,38.88,15:10,16.92,2024
23-10-2024,20.88,09:20,6.84,2024
24-10-2024,57.96,16:00,15.84,2024
25-10-2024,48.96,07:00,18,2024
26-10-2024,42.12,21:00,7.92,2024
27-10-2024,36,00:20,11.16,2024
28-10-2024,38.88,14:20,14.04,2024
29-10-2024,36,14:10,11.88,2024
30-10-2024,42.12,11:40,15.12,2024
31-10-2024,18,10:10,6.12,2024
01-11-2024,19.08,04:20,6.12,2024
02-11-2024,18,14:20,5.04,2024
03-11-2024,21.96,12:10,9,2024
04-11-2024,30.96,12:10,9,2024
05-11-2024,24.12,11:00,3.96,2024
06-11-2024,18,09:50,6.12,2024
07-11-2024,20.88,09:10,5.04,2024
08-11-2024,38.16,13:10,11.88,2024
09-11-2024,27,17:00,11.16,2024
10-11-2024,42.12,06:00,11.88,2024
11-11-2024,41.04,12:50,12.96,2024
12-11-2024,51.84,12:20,20.88,2024
13-11-2024,56.88,14:40,25.92,2024
14-11-2024,46.08,01:10,19.08,2024
15-11-2024,23.04,05:40,3.96,2024
16-11-2024,18,05:40,6.84,2024
17-11-2024,19.08,18:50,5.04,2024
18-11-2024,19.08,14:50,6.84,2024
19-11-2024,38.16,16:10,14.04,2024
20-11-2024,43.92,18:10,23.04,2024
21-11-2024,65.88,15:30,23.04,2024
22-11-2024,43.92,23:50,9,2024
23-11-2024,72,09:50,23.04,2024
24-11-2024,92.88,12:20,18,2024
25-11-2024,43.92,15:30,10.08,2024
26-11-2024,42.12,16:40,12.96,2024
27-11-2024,41.04,01:10,14.04,2024
28-11-2024,32.04,21:30,10.08,2024
29-11-2024,39.96,04:20,11.16,2024
30-11-2024,60.84,21:20,18,2024
01-12-2024,29.16,03:40,9,2024
02-12-2024,21.96,15:40,6.84,2024
03-12-2024,52.92,15:50,11.88,2024
04-12-2024,27,02:30,6.84,2024
05-12-2024,42.12,15:40,15.12,2024
06-12-2024,45,23:59,11.16,2024
07-12-2024,56.88,04:40,21.96,2024
08-12-2024,69.12,08:20,29.16,2024
09-12-2024,65.16,12:30,20.88,2024
10-12-2024,28.08,15:10,9,2024
11-12-2024,32.04,15:30,11.88,2024
12-12-2024,23.04,13:10,3.96,2024
13-12-2024,20.88,01:50,6.12,2024
14-12-2024,19.08,06:20,7.92,2024
15-12-2024,18,21:10,6.84,2024
16-12-2024,30.96,19:00,11.88,2024
17-12-2024,74.16,16:40,15.84,2024
18-12-2024,56.88,00:10,20.16,2024
19-12-2024,63,01:40,16.92,2024
20-12-2024,23.04,17:08,6.84,2024
21-12-2024,29.88,13:50,9,2024
22-12-2024,54,23:30,15.84,2024
23-12-2024,45,07:00,14.04,2024
24-12-2024,24.12,02:40,5.04,2024
25-12-2024,23.04,09:50,6.12,2024
26-12-2024,15.84,04:30,6.12,2024
27-12-2024,20.16,15:10,7.92,2024
28-12-2024,20.16,Varias,7.92,2024
29-12-2024,20.88,21:30,3.96,2024
30-12-2024,32.04,01:10,6.12,2024
31-12-2024,23.04,11:10,6.84,2024
01-01-2025,46.08,23:30,14.04,2025
02-01-2025,45,18:40,12.96,2025
03-01-2025,52.92,01:50,16.92,2025
04-01-2025,69.84,18:30,23.04,2025
05-01-2025,75.96,23:00,18,2025
06-01-2025,64.08,01:10,20.16,2025
07-01-2025,65.88,21:50,20.16,2025
08-01-2025,75.96,05:50,29.88,2025
09-01-2025,52.92,02:00,15.84,2025
10-01-2025,48.96,11:20,16.92,2025
11-01-2025,38.88,00:20,7.92,2025
12-01-2025,19.08,17:20,6.84,2025
13-01-2025,29.88,20:20,6.12,2025
14-01-2025,21.96,01:30,6.84,2025
15-01-2025,19.08,01:20,5.04,2025
16-01-2025,37.08,16:40,11.16,2025
17-01-2025,27,13:00,9,2025
18-01-2025,25.92,06:40,11.16,2025
19-01-2025,37.08,11:50,12.96,2025
20-01-2025,28.08,23:40,7.92,2025
21-01-2025,32.04,01:50,7.92,2025
22-01-2025,52.92,17:00,11.88,2025
23-01-2025,48.96,23:50,7.92,2025
24-01-2025,75.96,11:50,25.92,2025
25-01-2025,60.84,06:30,15.84,2025
26-01-2025,97.92,20:10,34.92,2025
27-01-2025,101.16,20:50,28.08,2025
28-01-2025,86.04,03:20,24.84,2025
29-01-2025,82.08,08:10,24.84,2025
30-01-2025,64.08,06:00,16.92,2025
31-01-2025,21.96,13:00,7.92,2025
01-02-2025,29.88,21:40,6.12,2025
02-02-2025,59.04,04:10,20.16,2025
03-02-2025,27,02:30,6.12,2025
04-02-2025,24.84,17:20,7.92,2025
05-02-2025,29.88,17:50,9,2025
06-02-2025,48.96,23:59,5.04,2025
07-02-2025,75.96,08:50,16.92,2025
08-02-2025,28.08,12:50,11.88,2025
09-02-2025,33.12,09:10,10.08,2025
10-02-2025,20.88,Varias,6.12,2025
11-02-2025,38.16,16:00,9,2025
12-02-2025,30.96,23:59,9,2025
13-02-2025,45,23:10,10.08,2025
14-02-2025,42.84,02:10,6.12,2025
15-02-2025,32.04,12:00,6.84,2025
16-02-2025,29.88,07:10,10.08,2025
17-02-2025,23.04,17:00,6.12,2025
18-02-2025,36,14:10,6.84,2025
19-02-2025,33.12,Varias,11.88,2025
20-02-2025,69.84,23:20,15.84,2025
21-02-2025,70.92,01:50,21.96,2025
22-02-2025,34.92,07:30,10.08,2025
23-02-2025,45,16:00,12.96,2025
24-02-2025,52.92,02:40,15.12,2025
25-02-2025,33.12,00:30,11.88,2025
26-02-2025,29.88,11:30,11.16,2025
27-02-2025,41.04,16:50,14.04,2025
28-02-2025,45,Varias,20.16,2025
01-03-2025,60.12,13:00,29.88,2025
02-03-2025,54,16:10,23.04,2025
03-03-2025,43.92,15:40,14.04,2025
04-03-2025,42.84,11:40,12.96,2025
05-03-2025,32.04,13:50,5.04,2025
06-03-2025,20.88,08:30,3.96,2025
07-03-2025,60.12,14:30,18,2025
08-03-2025,54,22:00,11.16,2025
09-03-2025,59.04,04:40,15.84,2025
10-03-2025,38.16,11:50,11.16,2025
11-03-2025,39.96,06:40,18,2025
12-03-2025,24.12,13:10,7.92,2025
13-03-2025,54,14:20,20.16,2025
14-03-2025,42.12,Varias,11.16,2025
15-03-2025,46.08,19:10,11.88,2025
16-03-2025,38.16,13:50,14.04,2025
17-03-2025,27,17:10,11.88,2025
18-03-2025,41.04,16:40,11.16,2025
19-03-2025,66.96,11:50,20.16,2025
20-03-2025,73.08,06:20,23.04,2025
21-03-2025,56.88,11:40,15.84,2025
22-03-2025,61.92,11:50,19.08,2025
23-03-2025,48.96,05:00,16.92,2025
24-03-2025,42.12,02:10,16.92,2025
25-03-2025,39.96,16:30,11.88,2025
26-03-2025,43.92,16:10,14.04,2025
27-03-2025,30.96,Varias,11.16,2025
28-03-2025,30.96,21:30,7.92,2025
29-03-2025,45,15:30,15.12,2025
30-03-2025,38.88,17:20,15.12,2025
31-03-2025,36,19:00,12.96,2025
01-04-2025,29.88,06:20,9,2025
02-04-2025,46.08,18:10,7.92,2025
03-04-2025,42.12,11:00,12.96,2025
04-04-2025,38.16,10:20,7.92,2025
05-04-2025,38.16,10:50,14.04,2025
06-04-2025,27,13:50,11.88,2025
07-04-2025,28.08,15:10,10.08,2025
08-04-2025,24.84,15:00,9,2025
09-04-2025,25.92,17:30,9,2025
10-04-2025,37.08,14:30,15.12,2025
11-04-2025,29.16,12:10,9,2025
12-04-2025,24.84,00:30,11.16,2025
13-04-2025,29.88,Varias,10.08,2025
14-04-2025,83.88,16:50,20.88,2025
15-04-2025,55.08,09:20,18,2025
16-04-2025,52.92,12:00,19.08,2025
17-04-2025,52.92,17:50,16.92,2025
18-04-2025,64.08,18:30,23.04,2025
19-04-2025,74.16,10:20,33.84,2025
20-04-2025,42.84,09:10,12.96,2025
21-04-2025,33.12,03:30,11.16,2025
22-04-2025,33.12,14:10,11.88,2025
23-04-2025,28.08,13:20,7.92,2025
24-04-2025,19.08,14:50,7.92,2025
25-04-2025,42.84,17:30,15.84,2025
26-04-2025,28.08,18:00,14.04,2025
27-04-2025,21.96,15:20,7.92,2025
28-04-2025,25.92,14:40,11.16,2025
29-04-2025,55.08,15:30,11.88,2025
30-04-2025,57.96,14:40,6.84,2025
01-05-2025,29.16,04:20,6.84,2025
02-05-2025,41.04,14:40,9,2025
03-05-2025,36,14:30,9,2025
04-05-2025,36,14:40,11.16,2025
05-05-2025,52.92,16:50,21.96,2025
06-05-2025,48.96,17:50,19.08,2025
07-05-2025,38.88,17:20,15.84,2025
08-05-2025,38.16,19:10,16.92,2025
09-05-2025,36,15:30,11.88,2025
10-05-2025,32.04,Varias,11.88,2025
11-05-2025,52.92,05:50,21.96,2025
12-05-2025,39.96,10:30,18,2025
13-05-2025,28.08,17:20,12.96,2025
14-05-2025,24.12,Varias,7.92,2025
15-05-2025,42.84,15:00,15.84,2025
16-05-2025,37.08,14:50,10.08,2025
17-05-2025,19.08,15:20,9,2025
18-05-2025,29.16,16:50,10.08,2025
19-05-2025,34.92,18:10,10.08,2025
20-05-2025,24.12,11:40,10.08,2025
21-05-2025,27,14:00,11.16,2025
22-05-2025,45,18:20,18,2025
23-05-2025,48.96,15:50,23.04,2025
24-05-2025,24.84,16:30,10.08,2025
25-05-2025,29.88,19:30,11.88,2025
26-05-2025,36,11:10,14.04,2025
27-05-2025,29.16,13:20,9,2025
28-05-2025,33.84,15:00,10.08,2025
29-05-2025,29.88,14:30,11.16,2025
30-05-2025,24.12,08:50,9,2025
31-05-2025,29.16,18:00,12.96,2025
01-06-2025,46.08,17:50,15.12,2025
02-06-2025,38.16,17:30,16.92,2025
03-06-2025,34.92,16:00,12.96,2025
04-06-2025,41.04,15:30,15.12,2025
05-06-2025,45,18:00,18,2025
06-06-2025,41.04,16:10,15.12,2025
07-06-2025,38.16,Varias,16.92,2025
08-06-2025,41.04,14:30,15.84,2025
09-06-2025,20.88,16:00,9,2025
10-06-2025,52.92,23:59,6.12,2025
11-06-2025,60.84,00:30,14.04,2025
12-06-2025,48.96,12:20,15.12,2025
13-06-2025,43.92,15:50,10.08,2025
14-06-2025,27,00:30,9,2025
15-06-2025,48.96,14:30,19.08,2025
16-06-2025,28.08,00:20,9,2025
17-06-2025,27,19:20,7.92,2025
18-06-2025,25.92,12:20,7.92,2025
19-06-2025,20.88,13:40,7.92,2025
20-06-2025,33.12,12:20,9,2025
21-06-2025,21.96,16:00,5.04,2025
22-06-2025,28.08,14:10,11.16,2025
23-06-2025,33.12,11:00,10.08,2025
24-06-2025,27,14:00,7.92,2025
25-06-2025,42.12,18:00,12.96,2025
26-06-2025,29.88,16:00,9,2025
27-06-2025,24.12,13:50,9,2025
28-06-2025,20.88,11:40,6.84,2025
29-06-2025,25.92,15:40,5.04,2025
30-06-2025,23.04,19:20,10.08,2025
01-07-2025,36,18:30,15.84,2025
02-07-2025,54,15:40,20.16,2025
03-07-2025,56.16,15:00,27,2025
04-07-2025,42.12,01:50,15.84,2025
05-07-2025,51.84,17:30,23.04,2025
06-07-2025,25.92,14:20,6.84,2025
07-07-2025,46.08,17:40,16.92,2025
08-07-2025,45,17:40,23.04,2025
09-07-2025,24.84,18:30,9,2025
10-07-2025,32.04,13:10,11.16,2025
11-07-2025,30.96,19:30,10.08,2025
12-07-2025,45,15:30,15.84,2025
13-07-2025,32.04,12:20,7.92,2025
14-07-2025,23.04,14:10,6.84,2025
15-07-2025,38.16,16:20,6.84,2025
16-07-2025,33.84,16:10,7.92,2025
17-07-2025,24.84,15:00,10.08,2025
18-07-2025,45,15:20,11.16,2025
19-07-2025,69.84,18:00,20.88,2025
20-07-2025,57.96,14:20,20.88,2025
21-07-2025,37.08,04:00,15.84,2025
22-07-2025,36,13:30,11.88,2025
23-07-2025,28.08,Varias,15.12,2025
24-07-2025,50.04,Varias,20.88,2025
25-07-2025,48.96,17:30,20.88,2025
26-07-2025,47.16,15:00,20.16,2025
27-07-2025,25.92,13:50,6.84,2025
28-07-2025,39.96,Varias,12.96,2025
29-07-2025,51.12,15:20,19.08,2025
30-07-2025,47.16,14:00,19.08,2025
31-07-2025,51.12,14:30,20.16,2025
01-08-2025,52.92,15:00,19.08,2025
02-08-2025,47.16,15:40,20.16,2025
03-08-2025,29.88,13:10,10.08,2025
04-08-2025,38.16,18:50,9,2025
05-08-2025,56.88,15:20,21.96,2025
06-08-2025,29.88,02:20,9,2025
07-08-2025,43.92,17:40,7.92,2025
08-08-2025,45,17:10,9,2025
09-08-2025,33.84,13:30,10.08,2025
10-08-2025,24.12,16:10,5.04,2025
11-08-2025,38.16,12:20,11.88,2025
12-08-2025,28.08,14:40,10.08,2025
13-08-2025,33.84,19:10,10.08,2025
14-08-2025,28.08,18:10,9,2025
15-08-2025,29.16,12:50,7.92,2025
16-08-2025,21.96,14:10,6.84,2025
17-08-2025,27,14:10,10.08,2025
18-08-2025,24.12,Varias,6.84,2025
19-08-2025,29.88,14:10,10.08,2025
20-08-2025,28.08,11:50,11.88,2025
21-08-2025,36,17:00,10.08,2025
22-08-2025,46.08,13:30,15.12,2025
23-08-2025,27,15:40,6.84,2025
24-08-2025,27,15:30,7.92,2025
25-08-2025,24.12,14:00,7.92,2025
26-08-2025,24.12,13:10,10.08,2025
27-08-2025,47.88,15:50,11.16,2025
28-08-2025,50.04,22:00,18,2025
29-08-2025,47.88,15:00,15.84,2025
30-08-2025,52.92,14:20,14.04,2025
31-08-2025,50.04,17:10,20.88,2025
01-09-2025,47.16,12:20,19.08,2025
02-09-2025,51.12,15:40,18,2025
03-09-2025,70.92,05:00,15.12,2025
04-09-2025,42.12,14:10,15.84,2025
05-09-2025,23.04,13:30,7.92,2025
06-09-2025,51.12,17:20,15.12,2025
07-09-2025,46.08,11:50,15.84,2025
08-09-2025,24.12,15:50,7.92,2025
09-09-2025,37.08,14:10,10.08,2025
10-09-2025,52.92,04:20,18,2025
11-09-2025,46.08,05:20,18,2025
12-09-2025,33.12,Varias,12.96,2025
13-09-2025,41.04,15:30,12.96,2025
14-09-2025,42.84,12:00,12.96,2025
15-09-2025,33.12,02:00,9,2025
16-09-2025,21.96,14:00,6.84,2025
17-09-2025,20.88,16:10,6.84,2025
18-09-2025,29.16,23:50,6.84,2025
19-09-2025,25.92,17:50,7.92,2025
20-09-2025,46.08,04:40,15.84,2025
21-09-2025,63,12:20,11.16,2025
22-09-2025,43.92,00:10,20.88,2025
23-09-2025,42.12,17:30,14.04,2025
24-09-2025,33.12,17:10,11.88,2025
25-09-2025,23.04,17:20,7.92,2025
26-09-2025,23.04,13:10,6.12,2025
27-09-2025,25.92,15:00,9,2025
28-09-2025,45,11:50,19.08,2025
29-09-2025,33.84,15:10,15.12,2025
30-09-2025,24.12,01:20,6.12,2025
01-01-2025,46.08,23:30,14.04,2025
02-01-2025,45,18:40,12.96,2025
03-01-2025,52.92,01:50,16.92,2025
04-01-2025,69.84,18:30,23.04,2025
05-01-2025,75.96,23:00,18,2025
06-01-2025,64.08,01:10,20.16,2025
07-01-2025,65.88,21:50,20.16,2025
08-01-2025,75.96,05:50,29.88,2025
09-01-2025,52.92,02:00,15.84,2025
10-01-2025,48.96,11:20,16.92,2025
11-01-2025,38.88,00:20,7.92,2025
12-01-2025,19.08,17:20,6.84,2025
13-01-2025,29.88,20:20,6.12,2025
14-01-2025,21.96,01:30,6.84,2025
15-01-2025,19.08,01:20,5.04,2025
16-01-2025,37.08,16:40,11.16,2025
17-01-2025,27,13:00,9,2025
18-01-2025,25.92,06:40,11.16,2025
19-01-2025,37.08,11:50,12.96,2025
20-01-2025,28.08,23:40,7.92,2025
21-01-2025,32.04,01:50,7.92,2025
22-01-2025,52.92,17:00,11.88,2025
23-01-2025,48.96,23:50,7.92,2025
24-01-2025,75.96,11:50,25.92,2025
25-01-2025,60.84,06:30,15.84,2025
26-01-2025,97.92,20:10,34.92,2025
27-01-2025,101.16,20:50,28.08,2025
28-01-2025,86.04,03:20,24.84,2025
29-01-2025,82.08,08:10,24.84,2025
30-01-2025,64.08,06:00,16.92,2025
31-01-2025,21.96,13:00,7.92,2025
01-02-2025,29.88,21:40,6.12,2025
02-02-2025,59.04,04:10,20.16,2025
03-02-2025,27,02:30,6.12,2025
04-02-2025,24.84,17:20,7.92,2025
05-02-2025,29.88,17:50,9,2025
06-02-2025,48.96,23:59,5.04,2025
07-02-2025,75.96,08:50,16.92,2025
08-02-2025,28.08,12:50,11.88,2025
09-02-2025,33.12,09:10,10.08,2025
10-02-2025,20.88,Varias,6.12,2025
11-02-2025,38.16,16:00,9,2025
12-02-2025,30.96,23:59,9,2025
13-02-2025,45,23:10,10.08,2025
14-02-2025,42.84,02:10,6.12,2025
15-02-2025,32.04,12:00,6.84,2025
16-02-2025,29.88,07:10,10.08,2025
17-02-2025,23.04,17:00,6.12,2025
18-02-2025,36,14:10,6.84,2025
19-02-2025,33.12,Varias,11.88,2025
20-02-2025,69.84,23:20,15.84,2025
21-02-2025,70.92,01:50,21.96,2025
22-02-2025,34.92,07:30,10.08,2025
23-02-2025,45,16:00,12.96,2025
24-02-2025,52.92,02:40,15.12,2025
25-02-2025,33.12,00:30,11.88,2025
26-02-2025,29.88,11:30,11.16,2025
27-02-2025,41.04,16:50,14.04,2025
28-02-2025,45,Varias,20.16,2025
01-03-2025,60.12,13:00,29.88,2025
02-03-2025,54,16:10,23.04,2025
03-03-2025,43.92,15:40,14.04,2025
04-03-2025,42.84,11:40,12.96,2025
05-03-2025,32.04,13:50,5.04,2025
06-03-2025,20.88,08:30,3.96,2025
07-03-2025,60.12,14:30,18,2025
08-03-2025,54,22:00,11.16,2025
09-03-2025,59.04,04:40,15.84,2025
10-03-2025,38.16,11:50,11.16,2025
11-03-2025,39.96,06:40,18,2025
12-03-2025,24.12,13:10,7.92,2025
13-03-2025,54,14:20,20.16,2025
14-03-2025,42.12,Varias,11.16,2025
15-03-2025,46.08,19:10,11.88,2025
16-03-2025,38.16,13:50,14.04,2025
17-03-2025,27,17:10,11.88,2025
18-03-2025,41.04,16:40,11.16,2025
19-03-2025,66.96,11:50,20.16,2025
20-03-2025,73.08,06:20,23.04,2025
21-03-2025,56.88,11:40,15.84,2025
22-03-2025,61.92,11:50,19.08,2025
23-03-2025,48.96,05:00,16.92,2025
24-03-2025,42.12,02:10,16.92,2025
25-03-2025,39.96,16:30,11.88,2025
26-03-2025,43.92,16:10,14.04,2025
27-03-2025,30.96,Varias,11.16,2025
28-03-2025,30.96,21:30,7.92,2025
29-03-2025,45,15:30,15.12,2025
30-03-2025,38.88,17:20,15.12,2025
31-03-2025,36,19:00,12.96,2025
01-04-2025,29.88,06:20,9,2025
02-04-2025,46.08,18:10,7.92,2025
03-04-2025,42.12,11:00,12.96,2025
04-04-2025,38.16,10:20,7.92,2025
05-04-2025,38.16,10:50,14.04,2025
06-04-2025,27,13:50,11.88,2025
07-04-2025,28.08,15:10,10.08,2025
08-04-2025,24.84,15:00,9,2025
09-04-2025,25.92,17:30,9,2025
10-04-2025,37.08,14:30,15.12,2025
11-04-2025,29.16,12:10,9,2025
12-04-2025,24.84,00:30,11.16,2025
13-04-2025,29.88,Varias,10.08,2025
14-04-2025,83.88,16:50,20.88,2025
15-04-2025,55.08,09:20,18,2025
16-04-2025,52.92,12:00,19.08,2025
17-04-2025,52.92,17:50,16.92,2025
18-04-2025,64.08,18:30,23.04,2025
19-04-2025,74.16,10:20,33.84,2025
20-04-2025,42.84,09:10,12.96,2025
21-04-2025,33.12,03:30,11.16,2025
22-04-2025,33.12,14:10,11.88,2025
23-04-2025,28.08,13:20,7.92,2025
24-04-2025,19.08,14:50,7.92,2025
25-04-2025,42.84,17:30,15.84,2025
26-04-2025,28.08,18:00,14.04,2025
27-04-2025,21.96,15:20,7.92,2025
28-04-2025,25.92,14:40,11.16,2025
29-04-2025,55.08,15:30,11.88,2025
30-04-2025,57.96,14:40,6.84,2025
01-05-2025,29.16,04:20,6.84,2025
02-05-2025,41.04,14:40,9,2025
03-05-2025,36,14:30,9,2025
04-05-2025,36,14:40,11.16,2025
05-05-2025,52.92,16:50,21.96,2025
06-05-2025,48.96,17:50,19.08,2025
07-05-2025,38.88,17:20,15.84,2025
08-05-2025,38.16,19:10,16.92,2025
09-05-2025,36,15:30,11.88,2025
10-05-2025,32.04,Varias,11.88,2025
11-05-2025,52.92,05:50,21.96,2025
12-05-2025,39.96,10:30,18,2025
13-05-2025,28.08,17:20,12.96,2025
14-05-2025,24.12,Varias,7.92,2025
15-05-2025,42.84,15:00,15.84,2025
16-05-2025,37.08,14:50,10.08,2025
17-05-2025,19.08,15:20,9,2025
18-05-2025,29.16,16:50,10.08,2025
19-05-2025,34.92,18:10,10.08,2025
20-05-2025,24.12,11:40,10.08,2025
21-05-2025,27,14:00,11.16,2025
22-05-2025,45,18:20,18,2025
23-05-2025,48.96,15:50,23.04,2025
24-05-2025,24.84,16:30,10.08,2025
25-05-2025,29.88,19:30,11.88,2025
26-05-2025,36,11:10,14.04,2025
27-05-2025,29.16,13:20,9,2025
28-05-2025,33.84,15:00,10.08,2025
29-05-2025,29.88,14:30,11.16,2025
30-05-2025,24.12,08:50,9,2025
31-05-2025,29.16,18:00,12.96,2025
01-06-2025,46.08,17:50,15.12,2025
02-06-2025,38.16,17:30,16.92,2025
03-06-2025,34.92,16:00,12.96,2025
04-06-2025,41.04,15:30,15.12,2025
05-06-2025,45,18:00,18,2025
06-06-2025,41.04,16:10,15.12,2025
07-06-2025,38.16,Varias,16.92,2025
08-06-2025,41.04,14:30,15.84,2025
09-06-2025,20.88,16:00,9,2025
10-06-2025,52.92,23:59,6.12,2025
11-06-2025,60.84,00:30,14.04,2025
12-06-2025,48.96,12:20,15.12,2025
13-06-2025,43.92,15:50,10.08,2025
14-06-2025,27,00:30,9,2025
15-06-2025,48.96,14:30,19.08,2025
16-06-2025,28.08,00:20,9,2025
17-06-2025,27,19:20,7.92,2025
18-06-2025,25.92,12:20,7.92,2025
19-06-2025,20.88,13:40,7.92,2025
20-06-2025,33.12,12:20,9,2025
21-06-2025,21.96,16:00,5.04,2025
22-06-2025,28.08,14:10,11.16,2025
23-06-2025,33.12,11:00,10.08,2025
24-06-2025,27,14:00,7.92,2025
25-06-2025,42.12,18:00,12.96,2025
26-06-2025,29.88,16:00,9,2025
27-06-2025,24.12,13:50,9,2025
28-06-2025,20.88,11:40,6.84,2025
29-06-2025,25.92,15:40,5.04,2025
30-06-2025,23.04,19:20,10.08,2025
01-07-2025,36,18:30,15.84,2025
02-07-2025,54,15:40,20.16,2025
03-07-2025,56.16,15:00,27,2025
04-07-2025,42.12,01:50,15.84,2025
05-07-2025,51.84,17:30,23.04,2025
06-07-2025,25.92,14:20,6.84,2025
07-07-2025,46.08,17:40,16.92,2025
08-07-2025,45,17:40,23.04,2025
09-07-2025,24.84,18:30,9,2025
10-07-2025,32.04,13:10,11.16,2025
11-07-2025,30.96,19:30,10.08,2025
12-07-2025,45,15:30,15.84,2025
13-07-2025,32.04,12:20,7.92,2025
14-07-2025,23.04,14:10,6.84,2025
15-07-2025,38.16,16:20,6.84,2025
16-07-2025,33.84,16:10,7.92,2025
17-07-2025,24.84,15:00,10.08,2025
18-07-2025,45,15:20,11.16,2025
19-07-2025,69.84,18:00,20.88,2025
20-07-2025,57.96,14:20,20.88,2025
21-07-2025,37.08,04:00,15.84,2025
22-07-2025,36,13:30,11.88,2025
23-07-2025,28.08,Varias,15.12,2025
24-07-2025,50.04,Varias,20.88,2025
25-07-2025,48.96,17:30,20.88,2025
26-07-2025,47.16,15:00,20.16,2025
27-07-2025,25.92,13:50,6.84,2025
28-07-2025,39.96,Varias,12.96,2025
29-07-2025,51.12,15:20,19.08,2025
30-07-2025,47.16,14:00,19.08,2025
31-07-2025,51.12,14:30,20.16,2025
01-08-2025,52.92,15:00,19.08,2025
02-08-2025,47.16,15:40,20.16,2025
03-08-2025,29.88,13:10,10.08,2025
04-08-2025,38.16,18:50,9,2025
05-08-2025,56.88,15:20,21.96,2025
06-08-2025,29.88,02:20,9,2025
07-08-2025,43.92,17:40,7.92,2025
08-08-2025,45,17:10,9,2025
09-08-2025,33.84,13:30,10.08,2025
10-08-2025,24.12,16:10,5.04,2025
11-08-2025,38.16,12:20,11.88,2025
12-08-2025,28.08,14:40,10.08,2025
13-08-2025,33.84,19:10,10.08,2025
14-08-2025,28.08,18:10,9,2025
15-08-2025,29.16,12:50,7.92,2025
16-08-2025,21.96,14:10,6.84,2025
17-08-2025,27,14:10,10.08,2025
18-08-2025,24.12,Varias,6.84,2025
19-08-2025,29.88,14:10,10.08,2025
20-08-2025,28.08,11:50,11.88,2025
21-08-2025,36,17:00,10.08,2025
22-08-2025,46.08,13:30,15.12,2025
23-08-2025,27,15:40,6.84,2025
24-08-2025,27,15:30,7.92,2025
25-08-2025,24.12,14:00,7.92,2025
26-08-2025,24.12,13:10,10.08,2025
27-08-2025,47.88,15:50,11.16,2025
28-08-2025,50.04,22:00,18,2025
29-08-2025,47.88,15:00,15.84,2025
30-08-2025,52.92,14:20,14.04,2025
31-08-2025,50.04,17:10,20.88,2025
01-09-2025,47.16,12:20,19.08,2025
02-09-2025,51.12,15:40,18,2025
03-09-2025,70.92,05:00,15.12,2025
04-09-2025,42.12,14:10,15.84,2025
05-09-2025,23.04,13:30,7.92,2025
06-09-2025,51.12,17:20,15.12,2025
07-09-2025,46.08,11:50,15.84,2025
08-09-2025,24.12,15:50,7.92,2025
09-09-2025,37.08,14:10,10.08,2025
10-09-2025,52.92,04:20,18,2025
11-09-2025,46.08,05:20,18,2025
12-09-2025,33.12,Varias,12.96,2025
13-09-2025,41.04,15:30,12.96,2025
14-09-2025,42.84,12:00,12.96,2025
15-09-2025,33.12,02:00,9,2025
16-09-2025,21.96,14:00,6.84,2025
17-09-2025,20.88,16:10,6.84,2025
18-09-2025,29.16,23:50,6.84,2025
19-09-2025,25.92,17:50,7.92,2025
20-09-2025,46.08,04:40,15.84,2025
21-09-2025,63,12:20,11.16,2025
22-09-2025,43.92,00:10,20.88,2025
23-09-2025,42.12,17:30,14.04,2025
24-09-2025,33.12,17:10,11.88,2025
25-09-2025,23.04,17:20,7.92,2025
26-09-2025,23.04,13:10,6.12,2025
27-09-2025,25.92,15:00,9,2025
28-09-2025,45,11:50,19.08,2025
29-09-2025,33.84,15:10,15.12,2025
30-09-2025,24.12,01:20,6.12,2025
