Fecha,Temperatura_Maxima,Temperatura_Minima,Racha_Max_Km_h,Hora_Racha,Velocidad_Media_Km_h,Precipitacion_lm2,Horas_de_sol
2000-01-01,9.6,-5.8,10.08,19:55,2.88,0.0,
2000-01-01,9.6,-5.8,10.08,19:55,2.88,0.0,
2000-01-02,6.2,-4.4,9.0,21:20,2.88,0.0,
2000-01-02,6.2,-4.4,9.0,21:20,2.88,0.0,
2000-01-03,11.2,-4.4,18.0,23:55,2.88,0.0,
2000-01-03,11.2,-4.4,18.0,23:55,2.88,0.0,
2000-01-04,9.6,5.8,32.04,11:35,10.08,0.0,
2000-01-04,9.6,5.8,32.04,11:35,10.08,0.0,
2000-01-05,11.2,3.2,37.08,18:42,11.16,0.0,
2000-01-05,11.2,3.2,37.08,18:42,11.16,0.0,
2000-01-06,13.2,3.0,32.04,01:27,9.0,0.0,
2000-01-06,13.2,3.0,32.04,01:27,9.0,0.0,
2000-01-07,13.4,-1.0,21.96,12:35,5.04,0.0,
2000-01-07,13.4,-1.0,21.96,12:35,5.04,0.0,
2000-01-08,10.6,6.4,34.92,10:35,7.92,10.6,
2000-01-08,10.6,6.4,34.92,10:35,7.92,10.6,
2000-01-09,8.4,-1.2,33.12,14:50,6.84,0.0,
2000-01-09,8.4,-1.2,33.12,14:50,6.84,0.0,
2000-01-10,8.6,-3.4,25.92,12:20,3.96,0.0,
2000-01-10,8.6,-3.4,25.92,12:20,3.96,0.0,
2000-01-11,10.0,-6.0,16.92,13:57,3.96,0.0,
2000-01-11,10.0,-6.0,16.92,13:57,3.96,0.0,
2000-01-12,10.6,-6.2,29.88,13:05,5.04,0.0,
2000-01-12,10.6,-6.2,29.88,13:05,5.04,0.0,
2000-01-13,6.6,0.8,37.08,17:20,12.96,21.5,
2000-01-13,6.6,0.8,37.08,17:20,12.96,21.5,
2000-01-14,4.4,-0.4,37.08,12:30,6.84,5.4,
2000-01-14,4.4,-0.4,37.08,12:30,6.84,5.4,
2000-01-15,9.8,-1.4,21.96,14:40,6.12,0.0,
2000-01-15,9.8,-1.4,21.96,14:40,6.12,0.0,
2000-01-16,10.4,-2.4,36.0,13:20,6.12,0.0,
2000-01-16,10.4,-2.4,36.0,13:20,6.12,0.0,
2000-01-17,8.8,-3.6,24.12,14:20,5.04,0.0,
2000-01-17,8.8,-3.6,24.12,14:20,5.04,0.0,
2000-01-18,9.6,-4.0,29.88,16:18,6.12,0.0,
2000-01-18,9.6,-4.0,29.88,16:18,6.12,0.0,
2000-01-19,11.2,-1.1,33.84,17:27,10.08,0.0,
2000-01-19,11.2,-1.1,33.84,17:27,10.08,0.0,
2000-01-20,8.6,-2.0,33.12,12:20,7.92,0.0,
2000-01-20,8.6,-2.0,33.12,12:20,7.92,0.0,
2000-01-21,7.8,-6.0,23.04,16:38,5.04,0.0,
2000-01-21,7.8,-6.0,23.04,16:38,5.04,0.0,
2000-01-22,8.4,-4.4,51.12,12:50,14.04,0.0,
2000-01-22,8.4,-4.4,51.12,12:50,14.04,0.0,
2000-01-23,10.2,-2.4,33.12,11:55,6.84,0.0,
2000-01-23,10.2,-2.4,33.12,11:55,6.84,0.0,
2000-01-24,9.2,-4.1,24.84,12:40,6.84,0.0,
2000-01-24,9.2,-4.1,24.84,12:40,6.84,0.0,
2000-01-25,8.2,-6.6,33.12,15:58,6.12,0.0,
2000-01-25,8.2,-6.6,33.12,15:58,6.12,0.0,
2000-01-26,9.6,-6.9,29.88,14:02,2.88,0.0,
2000-01-26,9.6,-6.9,29.88,14:02,2.88,0.0,
2000-01-27,12.8,-3.7,19.08,13:20,2.88,0.0,
2000-01-27,12.8,-3.7,19.08,13:20,2.88,0.0,
2000-01-28,10.8,-0.9,21.96,12:40,5.04,0.0,
2000-01-28,10.8,-0.9,21.96,12:40,5.04,0.0,
2000-01-29,8.8,1.6,24.12,15:20,6.12,0.0,
2000-01-29,8.8,1.6,24.12,15:20,6.12,0.0,
2000-01-30,17.4,2.1,12.96,18:20,3.96,0.0,
2000-01-30,17.4,2.1,12.96,18:20,3.96,0.0,
2000-01-31,18.2,-0.8,24.12,15:42,3.96,0.3,
2000-01-31,18.2,-0.8,24.12,15:42,3.96,0.3,
2000-02-01,13.0,1.8,39.96,10:03,11.16,5.9,
2000-02-01,13.0,1.8,39.96,10:03,11.16,5.9,
2000-02-02,13.4,2.8,28.08,04:10,10.08,0.0,
2000-02-02,13.4,2.8,28.08,04:10,10.08,0.0,
2000-02-03,11.8,0.8,10.08,19:30,3.96,0.0,
2000-02-03,11.8,0.8,10.08,19:30,3.96,0.0,
2000-02-04,15.1,-2.6,14.04,20:55,1.08,0.0,
2000-02-04,15.1,-2.6,14.04,20:55,1.08,0.0,
2000-02-05,17.8,-0.7,33.84,15:08,5.04,0.0,
2000-02-05,17.8,-0.7,33.84,15:08,5.04,0.0,
2000-02-06,13.4,1.6,36.0,14:55,11.16,0.5,
2000-02-06,13.4,1.6,36.0,14:55,11.16,0.5,
2000-02-07,12.8,9.2,37.08,08:10,12.96,0.0,
2000-02-07,12.8,9.2,37.08,08:10,12.96,0.0,
2000-02-08,12.0,6.0,43.92,12:22,12.96,5.4,
2000-02-08,12.0,6.0,43.92,12:22,12.96,5.4,
2000-02-09,15.6,3.8,29.16,22:40,5.04,0.2,
2000-02-09,15.6,3.8,29.16,22:40,5.04,0.2,
2000-02-10,13.4,8.2,34.92,13:10,12.96,9.7,
2000-02-10,13.4,8.2,34.92,13:10,12.96,9.7,
2000-02-11,9.0,5.8,24.84,22:20,6.84,2.1,
2000-02-11,9.0,5.8,24.84,22:20,6.84,2.1,
2000-02-12,11.8,1.4,27.0,15:10,3.96,0.0,
2000-02-12,11.8,1.4,27.0,15:10,3.96,0.0,
2000-02-13,9.8,1.0,20.16,12:30,6.12,0.7,
2000-02-13,9.8,1.0,20.16,12:30,6.12,0.7,
2000-02-14,13.4,7.5,14.04,17:45,3.96,0.0,
2000-02-14,13.4,7.5,14.04,17:45,3.96,0.0,
2000-02-15,12.8,5.6,24.12,22:40,5.04,0.4,
2000-02-15,12.8,5.6,24.12,22:40,5.04,0.4,
2000-02-16,12.8,5.6,33.12,15:30,11.88,4.0,
2000-02-16,12.8,5.6,33.12,15:30,11.88,4.0,
2000-02-17,11.6,6.8,28.08,03:50,6.84,1.3,
2000-02-17,11.6,6.8,28.08,03:50,6.84,1.3,
2000-02-18,11.6,8.6,20.88,12:35,6.12,0.0,
2000-02-18,11.6,8.6,20.88,12:35,6.12,0.0,
2000-02-19,13.2,2.0,23.04,16:50,2.88,0.2,
2000-02-19,13.2,2.0,23.04,16:50,2.88,0.2,
2000-02-20,15.4,-0.8,24.12,16:40,3.96,0.0,
2000-02-20,15.4,-0.8,24.12,16:40,3.96,0.0,
2000-02-21,12.2,0.6,23.04,15:50,5.04,0.3,
2000-02-21,12.2,0.6,23.04,15:50,5.04,0.3,
2000-02-22,10.8,-1.0,24.12,13:18,3.96,4.7,
2000-02-22,10.8,-1.0,24.12,13:18,3.96,4.7,
2000-02-23,14.0,5.0,15.12,18:30,2.88,0.4,
2000-02-23,14.0,5.0,15.12,18:30,2.88,0.4,
2000-02-24,20.5,4.0,18.0,12:55,2.88,0.2,
2000-02-24,20.5,4.0,18.0,12:55,2.88,0.2,
2000-02-25,19.8,3.8,14.04,14:55,3.96,0.2,
2000-02-25,19.8,3.8,14.04,14:55,3.96,0.2,
2000-02-26,20.0,1.2,15.12,18:55,2.88,0.2,
2000-02-26,20.0,1.2,15.12,18:55,2.88,0.2,
2000-02-27,17.8,3.0,25.92,17:55,7.92,0.6,
2000-02-27,17.8,3.0,25.92,17:55,7.92,0.6,
2000-02-28,14.2,2.3,39.96,06:58,7.92,2.2,
2000-02-28,14.2,2.3,39.96,06:58,7.92,2.2,
2000-02-29,10.6,3.4,36.0,09:10,11.88,1.1,
2000-02-29,10.6,3.4,36.0,09:10,11.88,1.1,
2000-03-01,11.0,3.0,29.88,00:30,6.84,0.0,
2000-03-01,11.0,3.0,29.88,00:30,6.84,0.0,
2000-03-02,15.0,-1.6,14.04,16:10,3.96,0.0,
2000-03-02,15.0,-1.6,14.04,16:10,3.96,0.0,
2000-03-03,14.4,-1.2,20.16,16:55,5.04,0.0,
2000-03-03,14.4,-1.2,20.16,16:55,5.04,0.0,
2000-03-04,16.4,1.0,29.88,17:05,6.12,0.0,
2000-03-04,16.4,1.0,29.88,17:05,6.12,0.0,
2000-03-05,18.2,4.4,15.84,15:50,3.96,0.0,
2000-03-05,18.2,4.4,15.84,15:50,3.96,0.0,
2000-03-06,20.6,1.2,21.96,13:50,1.08,0.0,
2000-03-06,20.6,1.2,21.96,13:50,1.08,0.0,
2000-03-07,20.6,0.0,24.12,16:02,1.08,0.0,
2000-03-07,20.6,0.0,24.12,16:02,1.08,0.0,
2000-03-08,22.9,1.0,18.0,16:55,2.88,0.0,
2000-03-08,22.9,1.0,18.0,16:55,2.88,0.0,
2000-03-09,23.8,2.0,24.12,15:55,3.96,0.0,
2000-03-09,23.8,2.0,24.12,15:55,3.96,0.0,
2000-03-10,22.6,1.8,24.12,15:10,3.96,0.0,
2000-03-10,22.6,1.8,24.12,15:10,3.96,0.0,
2000-03-11,16.8,0.4,25.92,16:50,6.84,0.0,
2000-03-11,16.8,0.4,25.92,16:50,6.84,0.0,
2000-03-12,13.6,7.8,34.92,15:45,9.0,0.0,
2000-03-12,13.6,7.8,34.92,15:45,9.0,0.0,
2000-03-13,17.4,2.8,34.92,17:35,11.16,0.0,
2000-03-13,17.4,2.8,34.92,17:35,11.16,0.0,
2000-03-14,18.0,1.2,34.92,13:50,6.84,0.0,
2000-03-14,18.0,1.2,34.92,13:50,6.84,0.0,
2000-03-15,15.8,3.2,39.96,17:20,14.04,0.0,
2000-03-15,15.8,3.2,39.96,17:20,14.04,0.0,
2000-03-16,17.8,3.2,38.16,17:10,6.12,0.0,
2000-03-16,17.8,3.2,38.16,17:10,6.12,0.0,
2000-03-17,17.0,0.4,43.92,16:30,14.04,0.0,
2000-03-17,17.0,0.4,43.92,16:30,14.04,0.0,
2000-03-18,15.0,5.2,42.12,17:05,11.88,0.0,
2000-03-18,15.0,5.2,42.12,17:05,11.88,0.0,
2000-03-19,14.8,3.4,48.96,11:30,15.84,0.0,
2000-03-19,14.8,3.4,48.96,11:30,15.84,0.0,
2000-03-20,14.8,1.2,46.08,16:15,11.16,0.0,
2000-03-20,14.8,1.2,46.08,16:15,11.16,0.0,
2000-03-21,18.0,-0.4,29.88,12:50,7.92,11.6,
2000-03-21,18.0,-0.4,29.88,12:50,7.92,11.6,
2000-03-22,17.2,4.8,24.84,16:20,3.96,6.2,
2000-03-22,17.2,4.8,24.84,16:20,3.96,6.2,
2000-03-23,10.6,5.0,23.04,16:20,3.96,0.0,
2000-03-23,10.6,5.0,23.04,16:20,3.96,0.0,
2000-03-24,13.4,5.4,43.92,12:55,11.88,6.9,
2000-03-24,13.4,5.4,43.92,12:55,11.88,6.9,
2000-03-25,12.4,0.8,32.04,13:50,9.0,1.0,
2000-03-25,12.4,0.8,32.04,13:50,9.0,1.0,
2000-03-26,11.6,0.8,23.04,14:30,3.96,0.0,
2000-03-26,11.6,0.8,23.04,14:30,3.96,0.0,
2000-03-27,11.6,0.4,33.84,14:02,7.92,4.8,
2000-03-27,11.6,0.4,33.84,14:02,7.92,4.8,
2000-03-28,9.2,-0.8,42.12,16:28,2.16,2.0,
2000-03-28,9.2,-0.8,42.12,16:28,2.16,2.0,
2000-03-29,11.2,-1.0,25.92,16:20,5.04,0.0,
2000-03-29,11.2,-1.0,25.92,16:20,5.04,0.0,
2000-03-30,14.2,-3.6,29.88,17:50,3.96,0.3,
2000-03-30,14.2,-3.6,29.88,17:50,3.96,0.3,
2000-03-31,11.6,-1.8,20.16,12:25,2.16,2.4,
2000-03-31,11.6,-1.8,20.16,12:25,2.16,2.4,
2000-04-01,15.6,-0.6,33.12,17:25,5.04,15.4,
2000-04-01,15.6,-0.6,33.12,17:25,5.04,15.4,
2000-04-02,14.8,7.8,33.12,04:55,7.92,3.2,
2000-04-02,14.8,7.8,33.12,04:55,7.92,3.2,
2000-04-03,8.4,6.0,41.04,06:30,11.88,9.5,
2000-04-03,8.4,6.0,41.04,06:30,11.88,9.5,
2000-04-04,7.6,0.4,39.96,11:55,3.96,3.3,
2000-04-04,7.6,0.4,39.96,11:55,3.96,3.3,
2000-04-05,9.6,0.4,21.96,10:57,1.08,1.4,
2000-04-05,9.6,0.4,21.96,10:57,1.08,1.4,
2000-04-06,16.0,-3.8,29.88,17:40,3.96,0.0,
2000-04-06,16.0,-3.8,29.88,17:40,3.96,0.0,
2000-04-07,15.2,0.8,33.12,16:50,9.0,0.0,
2000-04-07,15.2,0.8,33.12,16:50,9.0,0.0,
2000-04-08,13.4,6.8,20.88,11:10,3.96,5.8,
2000-04-08,13.4,6.8,20.88,11:10,3.96,5.8,
2000-04-09,11.8,5.0,25.92,17:50,6.12,2.5,
2000-04-09,11.8,5.0,25.92,17:50,6.12,2.5,
2000-04-10,8.6,4.2,29.88,22:45,6.84,0.0,
2000-04-10,8.6,4.2,29.88,22:45,6.84,0.0,
2000-04-11,9.6,1.2,38.88,14:38,7.92,5.3,
2000-04-11,9.6,1.2,38.88,14:38,7.92,5.3,
2000-04-12,10.0,4.8,39.96,14:32,7.92,3.2,
2000-04-12,10.0,4.8,39.96,14:32,7.92,3.2,
2000-04-13,8.4,3.8,21.96,00:55,5.04,0.0,
2000-04-13,8.4,3.8,21.96,00:55,5.04,0.0,
2000-04-14,9.6,4.6,50.04,12:20,15.12,16.0,
2000-04-14,9.6,4.6,50.04,12:20,15.12,16.0,
2000-04-15,13.2,3.2,27.0,16:40,6.12,0.6,
2000-04-15,13.2,3.2,27.0,16:40,6.12,0.6,
2000-04-16,11.4,4.4,34.92,13:10,11.16,2.5,
2000-04-16,11.4,4.4,34.92,13:10,11.16,2.5,
2000-04-17,13.6,5.8,47.16,13:30,15.84,9.2,
2000-04-17,13.6,5.8,47.16,13:30,15.84,9.2,
2000-04-18,15.6,6.4,57.96,01:45,15.12,13.4,
2000-04-18,15.6,6.4,57.96,01:45,15.12,13.4,
2000-04-19,16.8,11.0,59.04,14:25,14.04,8.0,
2000-04-19,16.8,11.0,59.04,14:25,14.04,8.0,
2000-04-20,14.4,9.6,45.0,01:40,14.04,4.2,
2000-04-20,14.4,9.6,45.0,01:40,14.04,4.2,
2000-04-21,17.0,8.0,50.04,14:40,16.92,10.2,
2000-04-21,17.0,8.0,50.04,14:40,16.92,10.2,
2000-04-22,11.6,5.2,42.84,12:50,7.92,10.6,
2000-04-22,11.6,5.2,42.84,12:50,7.92,10.6,
2000-04-23,13.2,5.6,38.88,14:50,11.88,1.7,
2000-04-23,13.2,5.6,38.88,14:50,11.88,1.7,
2000-04-24,14.8,7.4,57.96,11:45,19.08,30.7,
2000-04-24,14.8,7.4,57.96,11:45,19.08,30.7,
2000-04-25,13.6,6.4,50.04,16:15,11.16,1.9,
2000-04-25,13.6,6.4,50.04,16:15,11.16,1.9,
2000-04-26,13.2,4.8,33.84,12:10,7.92,4.6,
2000-04-26,13.2,4.8,33.84,12:10,7.92,4.6,
2000-04-27,14.2,4.6,33.12,16:30,6.84,3.8,
2000-04-27,14.2,4.6,33.12,16:30,6.84,3.8,
2000-04-28,13.2,3.4,32.04,15:10,9.0,0.4,
2000-04-28,13.2,3.4,32.04,15:10,9.0,0.4,
2000-04-29,16.2,8.4,37.08,02:40,6.84,4.5,
2000-04-29,16.2,8.4,37.08,02:40,6.84,4.5,
2000-04-30,20.0,6.2,27.0,09:35,5.04,0.5,
2000-04-30,20.0,6.2,27.0,09:35,5.04,0.5,
2000-05-01,20.2,6.6,16.92,14:38,2.16,3.4,
2000-05-01,20.2,6.6,16.92,14:38,2.16,3.4,
2000-05-02,20.6,6.8,29.16,16:35,6.12,0.8,
2000-05-02,20.6,6.8,29.16,16:35,6.12,0.8,
2000-05-03,23.0,4.0,0.0,,0.0,0.0,
2000-05-03,23.0,4.0,0.0,,0.0,0.0,
2000-05-04,18.4,8.4,0.0,,0.0,9.0,
2000-05-04,18.4,8.4,0.0,,0.0,9.0,
2000-05-05,19.0,7.8,0.0,,0.0,6.6,
2000-05-05,19.0,7.8,0.0,,0.0,6.6,
2000-05-06,19.6,6.8,0.0,,0.0,11.7,
2000-05-06,19.6,6.8,0.0,,0.0,11.7,
2000-05-07,19.4,8.6,0.0,,0.0,1.2,
2000-05-07,19.4,8.6,0.0,,0.0,1.2,
2000-05-08,17.2,8.8,0.0,,5.04,2.3,
2000-05-08,17.2,8.8,0.0,,5.04,2.3,
2000-05-09,19.2,8.2,29.16,14:10,5.04,5.9,
2000-05-09,19.2,8.2,29.16,14:10,5.04,5.9,
2000-05-10,19.5,9.8,29.16,14:10,2.88,14.9,
2000-05-10,19.5,9.8,29.16,14:10,2.88,14.9,
2000-05-11,17.3,9.5,21.96,16:20,2.16,11.6,
2000-05-11,17.3,9.5,21.96,16:20,2.16,11.6,
2000-05-12,20.2,6.0,21.96,12:30,7.92,0.0,
2000-05-12,20.2,6.0,21.96,12:30,7.92,0.0,
2000-05-13,25.5,6.6,28.08,15:20,6.12,0.0,
2000-05-13,25.5,6.6,28.08,15:20,6.12,0.0,
2000-05-14,28.0,7.6,30.96,16:30,6.84,0.0,
2000-05-14,28.0,7.6,30.96,16:30,6.84,0.0,
2000-05-15,20.4,7.0,25.92,15:50,6.84,0.0,
2000-05-15,20.4,7.0,25.92,15:50,6.84,0.0,
2000-05-16,19.8,10.0,27.0,16:25,2.16,0.0,
2000-05-16,19.8,10.0,27.0,16:25,2.16,0.0,
2000-05-17,15.0,5.6,36.0,13:10,11.16,0.0,
2000-05-17,15.0,5.6,36.0,13:10,11.16,0.0,
2000-05-18,17.6,3.2,32.04,17:40,9.0,0.0,
2000-05-18,17.6,3.2,32.04,17:40,9.0,0.0,
2000-05-19,17.4,6.6,42.12,14:30,12.96,0.0,
2000-05-19,17.4,6.6,42.12,14:30,12.96,0.0,
2000-05-20,17.8,4.0,42.12,16:55,10.08,0.0,
2000-05-20,17.8,4.0,42.12,16:55,10.08,0.0,
2000-05-21,14.6,9.2,41.04,14:55,14.04,0.0,
2000-05-21,14.6,9.2,41.04,14:55,14.04,0.0,
2000-05-22,20.6,5.9,27.0,14:35,7.92,0.0,
2000-05-22,20.6,5.9,27.0,14:35,7.92,0.0,
2000-05-23,25.2,4.3,29.16,14:25,5.04,0.0,
2000-05-23,25.2,4.3,29.16,14:25,5.04,0.0,
2000-05-24,18.7,7.4,34.92,14:40,7.92,0.2,
2000-05-24,18.7,7.4,34.92,14:40,7.92,0.2,
2000-05-25,17.8,12.8,27.0,19:03,2.88,0.4,
2000-05-25,17.8,12.8,27.0,19:03,2.88,0.4,
2000-05-26,18.4,4.4,41.04,09:55,11.88,3.1,
2000-05-26,18.4,4.4,41.04,09:55,11.88,3.1,
2000-05-27,17.4,4.8,52.92,18:20,14.04,2.3,
2000-05-27,17.4,4.8,52.92,18:20,14.04,2.3,
2000-05-28,16.4,11.6,0.0,,11.16,1.5,
2000-05-28,16.4,11.6,0.0,,11.16,1.5,
2000-05-29,20.6,14.0,0.0,,7.92,0.0,
2000-05-29,20.6,14.0,0.0,,7.92,0.0,
2000-05-30,24.2,11.4,29.88,11:40,9.0,0.0,
2000-05-30,24.2,11.4,29.88,11:40,9.0,0.0,
2000-05-31,25.6,8.8,18.0,16:20,3.96,0.0,
2000-05-31,25.6,8.8,18.0,16:20,3.96,0.0,
2000-06-01,28.6,8.0,28.08,14:30,5.04,0.0,
2000-06-01,28.6,8.0,28.08,14:30,5.04,0.0,
2000-06-02,26.0,11.6,23.04,15:30,3.96,0.0,
2000-06-02,26.0,11.6,23.04,15:30,3.96,0.0,
2000-06-03,20.5,11.5,32.04,16:50,6.84,0.0,
2000-06-03,20.5,11.5,32.04,16:50,6.84,0.0,
2000-06-04,13.2,9.8,33.12,13:20,9.0,0.0,
2000-06-04,13.2,9.8,33.12,13:20,9.0,0.0,
2000-06-05,17.5,5.4,29.16,17:20,6.84,0.0,
2000-06-05,17.5,5.4,29.16,17:20,6.84,0.0,
2000-06-06,21.5,3.5,32.04,18:40,7.92,0.0,
2000-06-06,21.5,3.5,32.04,18:40,7.92,0.0,
2000-06-07,28.3,6.0,16.92,18:40,3.96,0.0,
2000-06-07,28.3,6.0,16.92,18:40,3.96,0.0,
2000-06-08,24.4,7.6,34.92,16:50,9.0,3.0,
2000-06-08,24.4,7.6,34.92,16:50,9.0,3.0,
2000-06-09,14.0,3.4,34.92,12:05,5.04,8.0,
2000-06-09,14.0,3.4,34.92,12:05,5.04,8.0,
2000-06-10,16.8,2.8,29.16,13:38,6.84,0.1,
2000-06-10,16.8,2.8,29.16,13:38,6.84,0.1,
2000-06-11,23.2,8.6,24.84,17:10,6.12,0.1,
2000-06-11,23.2,8.6,24.84,17:10,6.12,0.1,
2000-06-12,22.4,5.8,39.96,16:35,7.92,0.0,
2000-06-12,22.4,5.8,39.96,16:35,7.92,0.0,
2000-06-13,25.0,7.0,32.04,16:43,9.0,0.0,
2000-06-13,25.0,7.0,32.04,16:43,9.0,0.0,
2000-06-14,27.2,7.8,27.0,16:32,5.04,0.0,
2000-06-14,27.2,7.8,27.0,16:32,5.04,0.0,
2000-06-15,33.8,8.0,24.12,12:57,6.84,0.0,
2000-06-15,33.8,8.0,24.12,12:57,6.84,0.0,
2000-06-16,34.6,10.8,29.16,11:10,5.04,0.0,
2000-06-16,34.6,10.8,29.16,11:10,5.04,0.0,
2000-06-17,35.0,12.4,29.88,13:50,6.12,0.0,
2000-06-17,35.0,12.4,29.88,13:50,6.12,0.0,
2000-06-18,31.6,11.2,39.96,12:40,7.92,0.0,
2000-06-18,31.6,11.2,39.96,12:40,7.92,0.0,
2000-06-19,26.4,10.6,29.88,13:43,5.04,0.0,
2000-06-19,26.4,10.6,29.88,13:43,5.04,0.0,
2000-06-20,22.2,12.8,43.92,17:08,15.12,0.3,
2000-06-20,22.2,12.8,43.92,17:08,15.12,0.3,
2000-06-21,23.6,9.4,32.04,12:55,10.08,0.1,
2000-06-21,23.6,9.4,32.04,12:55,10.08,0.1,
2000-06-22,22.2,9.2,25.92,17:40,5.04,0.0,
2000-06-22,22.2,9.2,25.92,17:40,5.04,0.0,
2000-06-23,19.6,6.2,42.84,17:20,11.88,0.0,
2000-06-23,19.6,6.2,42.84,17:20,11.88,0.0,
2000-06-24,21.6,11.2,36.0,09:10,11.16,0.0,
2000-06-24,21.6,11.2,36.0,09:10,11.16,0.0,
2000-06-25,24.5,8.7,37.08,16:00,9.0,0.0,
2000-06-25,24.5,8.7,37.08,16:00,9.0,0.0,
2000-06-26,27.0,14.2,24.12,18:50,6.12,0.0,
2000-06-26,27.0,14.2,24.12,18:50,6.12,0.0,
2000-06-27,24.0,12.8,34.92,12:30,10.08,1.0,
2000-06-27,24.0,12.8,34.92,12:30,10.08,1.0,
2000-06-28,22.1,11.0,21.96,10:25,5.04,0.0,
2000-06-28,22.1,11.0,21.96,10:25,5.04,0.0,
2000-06-29,25.6,14.4,28.08,17:55,6.84,0.0,
2000-06-29,25.6,14.4,28.08,17:55,6.84,0.0,
2000-06-30,26.8,12.2,52.92,14:55,5.04,1.0,
2000-06-30,26.8,12.2,52.92,14:55,5.04,1.0,
2001-04-01,24.2,4.5,39.96,17:10,6.84,0.0,
2001-04-01,24.2,4.5,39.96,17:10,6.84,0.0,
2001-04-02,14.5,6.5,45.0,07:50,11.88,2.6,
2001-04-02,14.5,6.5,45.0,07:50,11.88,2.6,
2001-04-03,14.8,5.9,43.92,13:10,14.04,1.4,
2001-04-03,14.8,5.9,43.92,13:10,14.04,1.4,
2001-04-04,12.8,6.1,25.92,00:00,2.16,0.0,
2001-04-04,12.8,6.1,25.92,00:00,2.16,0.0,
2001-04-05,18.2,6.1,30.96,11:22,6.84,4.0,
2001-04-05,18.2,6.1,30.96,11:22,6.84,4.0,
2001-04-06,16.2,6.4,46.08,16:43,15.12,0.0,
2001-04-06,16.2,6.4,46.08,16:43,15.12,0.0,
2001-04-07,10.2,6.0,54.0,11:05,10.08,1.8,
2001-04-07,10.2,6.0,54.0,11:05,10.08,1.8,
2001-04-08,16.2,4.0,19.08,18:12,2.88,4.1,
2001-04-08,16.2,4.0,19.08,18:12,2.88,4.1,
2001-04-09,19.4,4.8,24.12,15:57,5.04,3.8,
2001-04-09,19.4,4.8,24.12,15:57,5.04,3.8,
2001-04-10,17.6,7.6,34.92,16:02,9.0,0.0,
2001-04-10,17.6,7.6,34.92,16:02,9.0,0.0,
2001-04-11,15.2,2.8,38.16,11:02,7.92,0.0,
2001-04-11,15.2,2.8,38.16,11:02,7.92,0.0,
2001-04-12,16.0,0.6,39.96,16:08,6.84,0.0,
2001-04-12,16.0,0.6,39.96,16:08,6.84,0.0,
2001-04-13,15.8,3.8,43.92,16:02,10.08,0.0,
2001-04-13,15.8,3.8,43.92,16:02,10.08,0.0,
2001-04-14,16.8,0.6,42.12,14:30,10.08,0.0,
2001-04-14,16.8,0.6,42.12,14:30,10.08,0.0,
2001-04-15,20.8,0.2,24.12,15:15,6.12,0.0,
2001-04-15,20.8,0.2,24.12,15:15,6.12,0.0,
2001-04-16,16.2,3.0,39.96,15:34,7.92,0.0,
2001-04-16,16.2,3.0,39.96,15:34,7.92,0.0,
2001-04-17,15.0,5.0,45.0,13:38,0.0,0.0,
2001-04-17,15.0,5.0,45.0,13:38,0.0,0.0,
2001-04-18,13.8,1.6,38.88,10:20,9.0,0.0,
2001-04-18,13.8,1.6,38.88,10:20,9.0,0.0,
2001-04-19,11.8,1.0,42.12,17:18,10.08,0.0,
2001-04-19,11.8,1.0,42.12,17:18,10.08,0.0,
2001-04-20,12.6,-0.4,39.96,13:23,6.84,0.0,
2001-04-20,12.6,-0.4,39.96,13:23,6.84,0.0,
2001-04-21,12.6,-0.2,29.88,12:17,5.04,0.0,
2001-04-21,12.6,-0.2,29.88,12:17,5.04,0.0,
2001-04-22,12.6,5.6,56.88,17:53,15.84,6.4,
2001-04-22,12.6,5.6,56.88,17:53,15.84,6.4,
2001-04-23,13.6,10.4,47.88,16:20,9.0,6.3,
2001-04-23,13.6,10.4,47.88,16:20,9.0,6.3,
2001-04-24,14.6,6.0,60.84,15:38,11.88,6.5,
2001-04-24,14.6,6.0,60.84,15:38,11.88,6.5,
2001-04-25,14.4,5.0,38.88,11:50,11.16,3.6,
2001-04-25,14.4,5.0,38.88,11:50,11.16,3.6,
2001-04-26,16.4,1.6,33.12,15:00,10.08,4.2,
2001-04-26,16.4,1.6,33.12,15:00,10.08,4.2,
2001-04-27,17.1,3.6,21.96,15:10,5.04,2.2,
2001-04-27,17.1,3.6,21.96,15:10,5.04,2.2,
2001-04-28,15.4,1.3,21.96,10:50,5.04,2.4,
2001-04-28,15.4,1.3,21.96,10:50,5.04,2.4,
2001-04-29,10.0,2.1,0.0,,7.92,5.4,
2001-04-29,10.0,2.1,0.0,,7.92,5.4,
2001-04-30,11.5,0.2,29.16,12:40,6.84,5.2,
2001-04-30,11.5,0.2,29.16,12:40,6.84,5.2,
2001-05-01,9.0,0.1,25.92,14:00,1.08,4.3,
2001-05-01,9.0,0.1,25.92,14:00,1.08,4.3,
2001-05-02,13.3,1.8,36.0,16:10,11.16,2.1,
2001-05-02,13.3,1.8,36.0,16:10,11.16,2.1,
2001-05-03,13.6,5.4,28.08,14:00,6.12,3.1,
2001-05-03,13.6,5.4,28.08,14:00,6.12,3.1,
2001-05-04,11.6,6.8,30.96,13:10,6.12,6.2,
2001-05-04,11.6,6.8,30.96,13:10,6.12,6.2,
2001-05-05,12.5,3.5,36.0,18:00,7.92,1.4,
2001-05-05,12.5,3.5,36.0,18:00,7.92,1.4,
2001-05-06,12.3,-0.2,38.88,13:10,10.08,0.0,
2001-05-06,12.3,-0.2,38.88,13:10,10.08,0.0,
2001-05-07,13.4,-1.0,41.04,16:18,9.0,0.0,
2001-05-07,13.4,-1.0,41.04,16:18,9.0,0.0,
2001-05-08,16.8,4.2,45.0,15:54,11.16,0.0,
2001-05-08,16.8,4.2,45.0,15:54,11.16,0.0,
2001-05-09,18.6,4.0,24.84,14:44,3.96,1.1,
2001-05-09,18.6,4.0,24.84,14:44,3.96,1.1,
2001-05-10,19.6,6.2,24.84,17:55,5.04,0.0,
2001-05-10,19.6,6.2,24.84,17:55,5.04,0.0,
2001-05-11,23.8,5.6,33.84,12:55,6.84,0.0,
2001-05-11,23.8,5.6,33.84,12:55,6.84,0.0,
2001-05-12,20.2,6.8,39.96,10:50,7.92,13.0,
2001-05-12,20.2,6.8,39.96,10:50,7.92,13.0,
2001-05-13,17.4,7.2,45.0,15:50,9.0,4.2,
2001-05-13,17.4,7.2,45.0,15:50,9.0,4.2,
2001-05-14,15.2,8.2,38.88,17:10,7.92,5.6,
2001-05-14,15.2,8.2,38.88,17:10,7.92,5.6,
2001-05-15,17.6,8.6,47.88,14:25,14.04,3.2,
2001-05-15,17.6,8.6,47.88,14:25,14.04,3.2,
2001-05-16,12.8,10.0,34.92,01:20,3.96,0.0,
2001-05-16,12.8,10.0,34.92,01:20,3.96,0.0,
2001-05-17,19.8,8.4,20.16,15:40,6.12,0.0,
2001-05-17,19.8,8.4,20.16,15:40,6.12,0.0,
2001-05-18,17.6,6.2,42.12,16:58,10.08,0.0,
2001-05-18,17.6,6.2,42.12,16:58,10.08,0.0,
2001-05-19,18.4,3.6,42.12,17:23,10.08,0.0,
2001-05-19,18.4,3.6,42.12,17:23,10.08,0.0,
2001-05-20,20.8,6.6,30.96,17:20,9.0,0.0,
2001-05-20,20.8,6.6,30.96,17:20,9.0,0.0,
2001-05-21,24.2,8.4,29.88,15:32,3.96,0.0,
2001-05-21,24.2,8.4,29.88,15:32,3.96,0.0,
2001-05-22,21.8,6.8,24.84,18:02,2.88,0.0,
2001-05-22,21.8,6.8,24.84,18:02,2.88,0.0,
2001-05-23,21.6,7.2,27.0,18:28,2.88,0.0,
2001-05-23,21.6,7.2,27.0,18:28,2.88,0.0,
2001-05-24,24.6,10.0,25.92,15:40,6.12,0.0,
2001-05-24,24.6,10.0,25.92,15:40,6.12,0.0,
2001-05-25,25.6,8.0,20.88,17:30,5.04,0.0,
2001-05-25,25.6,8.0,20.88,17:30,5.04,0.0,
2001-05-26,27.8,8.0,24.12,15:50,3.96,0.0,
2001-05-26,27.8,8.0,24.12,15:50,3.96,0.0,
2001-05-27,32.7,8.4,24.12,Varias,6.12,0.0,
2001-05-27,32.7,8.4,24.12,Varias,6.12,0.0,
2001-05-28,33.3,12.6,24.84,13:20,5.04,0.0,
2001-05-28,33.3,12.6,24.84,13:20,5.04,0.0,
2001-05-29,34.0,13.4,25.92,17:00,3.96,0.0,
2001-05-29,34.0,13.4,25.92,17:00,3.96,0.0,
2001-05-30,24.8,13.4,29.16,18:20,10.08,0.0,
2001-05-30,24.8,13.4,29.16,18:20,10.08,0.0,
2001-05-31,15.8,12.5,38.16,14:30,12.96,0.0,
2001-05-31,15.8,12.5,38.16,14:30,12.96,0.0,
2001-06-01,19.6,11.8,46.08,15:20,12.96,0.0,
2001-06-01,19.6,11.8,46.08,15:20,12.96,0.0,
2001-06-02,22.2,10.6,29.16,14:00,7.92,0.0,
2001-06-02,22.2,10.6,29.16,14:00,7.92,0.0,
2001-06-03,21.9,12.1,19.08,16:20,6.84,0.0,
2001-06-03,21.9,12.1,19.08,16:20,6.84,0.0,
2001-06-04,22.8,9.4,28.08,16:00,3.96,0.0,
2001-06-04,22.8,9.4,28.08,16:00,3.96,0.0,
2001-06-05,20.4,8.1,27.0,17:10,6.84,0.0,
2001-06-05,20.4,8.1,27.0,17:10,6.84,0.0,
2001-06-06,21.6,9.0,24.12,17:20,3.96,0.0,
2001-06-06,21.6,9.0,24.12,17:20,3.96,0.0,
2001-06-07,25.9,8.7,24.12,16:55,5.04,0.0,
2001-06-07,25.9,8.7,24.12,16:55,5.04,0.0,
2001-06-08,21.0,11.7,20.88,14:30,2.16,0.6,
2001-06-08,21.0,11.7,20.88,14:30,2.16,0.6,
2001-06-09,21.3,11.4,32.04,17:40,7.92,0.8,
2001-06-09,21.3,11.4,32.04,17:40,7.92,0.8,
2001-06-10,15.3,6.4,30.96,02:30,9.0,0.3,
2001-06-10,15.3,6.4,30.96,02:30,9.0,0.3,
2001-06-11,21.8,2.2,20.16,15:40,2.88,0.0,
2001-06-11,21.8,2.2,20.16,15:40,2.88,0.0,
2001-06-12,24.0,10.0,23.04,19:10,3.96,0.1,
2001-06-12,24.0,10.0,23.04,19:10,3.96,0.1,
2001-06-13,24.2,12.0,24.12,16:44,5.04,0.0,
2001-06-13,24.2,12.0,24.12,16:44,5.04,0.0,
2001-06-14,21.4,12.2,37.08,14:07,11.16,0.0,
2001-06-14,21.4,12.2,37.08,14:07,11.16,0.0,
2001-06-15,19.8,10.8,45.0,13:38,14.04,1.2,
2001-06-15,19.8,10.8,45.0,13:38,14.04,1.2,
2001-06-16,17.4,9.2,25.92,13:30,7.92,1.0,
2001-06-16,17.4,9.2,25.92,13:30,7.92,1.0,
2001-06-17,18.2,8.6,28.08,19:10,6.12,0.0,
2001-06-17,18.2,8.6,28.08,19:10,6.12,0.0,
2001-06-18,20.8,3.6,30.96,16:40,7.92,0.0,
2001-06-18,20.8,3.6,30.96,16:40,7.92,0.0,
2001-06-19,31.4,5.8,18.0,17:25,2.88,0.0,
2001-06-19,31.4,5.8,18.0,17:25,2.88,0.0,
2001-06-20,34.6,9.2,20.16,16:52,2.88,0.0,
2001-06-20,34.6,9.2,20.16,16:52,2.88,0.0,
2001-06-21,32.2,10.8,20.88,16:30,2.88,0.0,
2001-06-21,32.2,10.8,20.88,16:30,2.88,0.0,
2001-06-22,29.6,9.0,24.12,16:55,3.96,0.0,
2001-06-22,29.6,9.0,24.12,16:55,3.96,0.0,
2001-06-23,22.0,12.6,37.08,15:50,9.0,0.0,
2001-06-23,22.0,12.6,37.08,15:50,9.0,0.0,
2001-06-24,21.6,12.6,30.96,11:08,7.92,0.0,
2001-06-24,21.6,12.6,30.96,11:08,7.92,0.0,
2001-06-25,31.0,13.0,30.96,15:18,5.04,0.0,
2001-06-25,31.0,13.0,30.96,15:18,5.04,0.0,
2001-06-26,21.6,13.8,23.04,17:50,7.92,0.0,
2001-06-26,21.6,13.8,23.04,17:50,7.92,0.0,
2001-06-27,23.6,9.4,21.96,18:55,6.84,0.0,
2001-06-27,23.6,9.4,21.96,18:55,6.84,0.0,
2001-06-28,28.4,6.2,24.12,16:38,5.04,0.0,
2001-06-28,28.4,6.2,24.12,16:38,5.04,0.0,
2001-06-29,27.8,8.8,29.16,17:35,5.04,0.0,
2001-06-29,27.8,8.8,29.16,17:35,5.04,0.0,
2001-06-30,22.6,12.0,39.96,16:28,6.84,0.0,
2001-06-30,22.6,12.0,39.96,16:28,6.84,0.0,
2001-09-01,21.2,8.6,36.0,13:45,10.08,0.0,
2001-09-01,21.2,8.6,36.0,13:45,10.08,0.0,
2001-09-02,23.8,7.6,25.92,17:50,5.04,0.0,
2001-09-02,23.8,7.6,25.92,17:50,5.04,0.0,
2001-09-03,21.4,12.2,39.96,16:35,11.16,0.0,
2001-09-03,21.4,12.2,39.96,16:35,11.16,0.0,
2001-09-04,21.0,12.8,42.12,14:40,15.12,0.0,
2001-09-04,21.0,12.8,42.12,14:40,15.12,0.0,
2001-09-05,22.2,11.2,39.96,13:35,11.88,0.0,
2001-09-05,22.2,11.2,39.96,13:35,11.88,0.0,
2001-09-06,20.8,12.6,42.12,15:45,12.96,0.0,
2001-09-06,20.8,12.6,42.12,15:45,12.96,0.0,
2001-09-07,22.0,8.2,36.0,16:45,7.92,0.0,
2001-09-07,22.0,8.2,36.0,16:45,7.92,0.0,
2001-09-08,21.8,8.2,33.84,14:45,9.0,0.0,
2001-09-08,21.8,8.2,33.84,14:45,9.0,0.0,
2001-09-09,22.6,9.8,37.08,17:30,10.08,0.0,
2001-09-09,22.6,9.8,37.08,17:30,10.08,0.0,
2001-09-10,21.2,10.4,37.08,14:45,9.0,0.0,
2001-09-10,21.2,10.4,37.08,14:45,9.0,0.0,
2001-09-11,22.8,7.6,29.16,17:15,9.0,0.0,
2001-09-11,22.8,7.6,29.16,17:15,9.0,0.0,
2001-09-12,25.2,4.6,20.16,14:30,3.96,0.0,
2001-09-12,25.2,4.6,20.16,14:30,3.96,0.0,
2001-09-13,24.2,6.8,24.84,16:02,2.88,0.0,
2001-09-13,24.2,6.8,24.84,16:02,2.88,0.0,
2001-09-14,19.6,11.5,36.0,16:40,7.92,0.0,
2001-09-14,19.6,11.5,36.0,16:40,7.92,0.0,
2001-09-15,21.4,6.3,36.0,14:40,6.84,0.0,
2001-09-15,21.4,6.3,36.0,14:40,6.84,0.0,
2001-09-16,21.9,5.9,36.0,15:30,7.92,0.0,
2001-09-16,21.9,5.9,36.0,15:30,7.92,0.0,
2001-09-17,19.1,9.8,45.0,15:40,9.0,0.0,
2001-09-17,19.1,9.8,45.0,15:40,9.0,0.0,
2001-09-18,19.7,7.3,38.88,15:30,6.84,0.0,
2001-09-18,19.7,7.3,38.88,15:30,6.84,0.0,
2001-09-19,20.7,3.6,23.04,14:30,5.04,0.0,
2001-09-19,20.7,3.6,23.04,14:30,5.04,0.0,
2001-09-20,22.7,4.5,11.16,18:50,1.08,0.5,
2001-09-20,22.7,4.5,11.16,18:50,1.08,0.5,
2001-09-21,19.1,11.6,11.16,13:10,2.16,5.5,
2001-09-21,19.1,11.6,11.16,13:10,2.16,5.5,
2001-09-22,18.1,12.9,45.0,14:00,2.16,21.2,
2001-09-22,18.1,12.9,45.0,14:00,2.16,21.2,
2001-09-23,19.1,6.6,33.84,04:20,6.84,0.0,
2001-09-23,19.1,6.6,33.84,04:20,6.84,0.0,
2001-09-24,15.9,5.9,24.12,15:38,2.88,5.5,
2001-09-24,15.9,5.9,24.12,15:38,2.88,5.5,
2001-09-25,20.2,7.8,23.04,13:40,3.96,0.0,
2001-09-25,20.2,7.8,23.04,13:40,3.96,0.0,
2001-09-26,20.6,3.8,32.04,13:20,5.04,0.0,
2001-09-26,20.6,3.8,32.04,13:20,5.04,0.0,
2001-09-27,22.4,3.8,29.16,13:55,3.96,0.0,
2001-09-27,22.4,3.8,29.16,13:55,3.96,0.0,
2001-09-28,21.6,8.2,42.84,10:20,6.84,2.4,
2001-09-28,21.6,8.2,42.84,10:20,6.84,2.4,
2001-09-29,23.0,13.2,23.04,11:30,2.88,1.1,
2001-09-29,23.0,13.2,23.04,11:30,2.88,1.1,
2001-09-30,23.2,16.0,47.88,14:55,12.96,0.0,
2001-09-30,23.2,16.0,47.88,14:55,12.96,0.0,
2001-10-01,23.0,17.8,47.88,12:30,11.16,0.0,
2001-10-01,23.0,17.8,47.88,12:30,11.16,0.0,
2001-10-02,23.2,11.0,50.04,13:20,11.16,0.0,
2001-10-02,23.2,11.0,50.04,13:20,11.16,0.0,
2001-10-03,19.6,7.0,16.92,10:10,1.08,0.0,
2001-10-03,19.6,7.0,16.92,10:10,1.08,0.0,
2001-10-04,19.4,4.8,28.08,22:30,3.96,0.0,
2001-10-04,19.4,4.8,28.08,22:30,3.96,0.0,
2001-10-05,21.4,11.2,41.04,12:20,10.08,0.0,
2001-10-05,21.4,11.2,41.04,12:20,10.08,0.0,
2001-10-06,17.2,11.8,39.96,13:55,11.16,0.0,
2001-10-06,17.2,11.8,39.96,13:55,11.16,0.0,
2001-10-07,18.2,11.4,59.04,13:10,15.84,0.0,
2001-10-07,18.2,11.4,59.04,13:10,15.84,0.0,
2001-10-08,16.4,9.6,34.92,14:10,9.0,0.0,
2001-10-08,16.4,9.6,34.92,14:10,9.0,0.0,
2001-10-09,15.4,9.0,24.12,00:30,2.16,0.0,
2001-10-09,15.4,9.0,24.12,00:30,2.16,0.0,
2001-10-10,17.4,6.6,29.16,14:40,5.04,0.0,
2001-10-10,17.4,6.6,29.16,14:40,5.04,0.0,
2001-10-11,25.0,6.0,28.08,14:50,3.96,0.0,
2001-10-11,25.0,6.0,28.08,14:50,3.96,0.0,
2001-10-12,23.4,15.0,34.92,19:20,5.04,0.0,
2001-10-12,23.4,15.0,34.92,19:20,5.04,0.0,
2001-10-13,17.4,10.6,25.92,10:55,5.04,0.0,
2001-10-13,17.4,10.6,25.92,10:55,5.04,0.0,
2001-10-14,18.6,10.4,43.92,11:10,10.08,0.0,
2001-10-14,18.6,10.4,43.92,11:10,10.08,0.0,
2001-10-15,19.6,10.4,39.96,05:50,6.12,0.0,
2001-10-15,19.6,10.4,39.96,05:50,6.12,0.0,
2001-10-16,20.6,8.8,30.96,14:50,5.04,0.0,
2001-10-16,20.6,8.8,30.96,14:50,5.04,0.0,
2001-10-17,18.0,9.8,46.08,13:40,10.08,0.0,
2001-10-17,18.0,9.8,46.08,13:40,10.08,0.0,
2001-10-18,18.6,11.0,43.92,22:40,11.88,0.0,
2001-10-18,18.6,11.0,43.92,22:40,11.88,0.0,
2001-10-19,17.0,9.5,37.08,00:10,5.04,0.0,
2001-10-19,17.0,9.5,37.08,00:10,5.04,0.0,
2001-10-20,13.5,9.0,43.92,10:50,11.88,0.0,
2001-10-20,13.5,9.0,43.92,10:50,11.88,0.0,
2001-10-21,16.0,11.0,42.12,11:20,12.96,0.0,
2001-10-21,16.0,11.0,42.12,11:20,12.96,0.0,
2001-10-22,16.5,11.1,33.84,02:20,9.0,0.0,
2001-10-22,16.5,11.1,33.84,02:20,9.0,0.0,
2001-10-23,17.4,10.5,29.88,10:55,10.08,0.0,
2001-10-23,17.4,10.5,29.88,10:55,10.08,0.0,
2001-10-24,19.0,7.2,29.88,08:55,6.84,0.0,
2001-10-24,19.0,7.2,29.88,08:55,6.84,0.0,
2001-10-25,19.8,4.2,18.0,13:10,5.04,0.0,
2001-10-25,19.8,4.2,18.0,13:10,5.04,0.0,
2001-10-26,20.2,3.4,30.96,11:50,3.96,0.0,
2001-10-26,20.2,3.4,30.96,11:50,3.96,0.0,
2001-10-27,20.3,8.6,36.0,13:10,6.84,0.0,
2001-10-27,20.3,8.6,36.0,13:10,6.84,0.0,
2001-10-28,24.0,9.0,36.0,15:00,2.88,0.0,
2001-10-28,24.0,9.0,36.0,15:00,2.88,0.0,
2001-10-29,24.5,8.9,20.16,16:10,2.16,0.0,
2001-10-29,24.5,8.9,20.16,16:10,2.16,0.0,
2001-10-30,22.7,7.4,14.04,02:40,1.08,0.0,
2001-10-30,22.7,7.4,14.04,02:40,1.08,0.0,
2001-10-31,16.8,8.2,33.84,14:55,6.12,0.0,
2001-10-31,16.8,8.2,33.84,14:55,6.12,0.0,
2002-07-01,,,0.0,,10.08,0.0,
2002-07-01,,,0.0,,10.08,0.0,
2002-07-02,,,0.0,,11.16,0.0,
2002-07-02,,,0.0,,11.16,0.0,
2002-07-03,,,0.0,,11.88,0.0,
2002-07-03,,,0.0,,11.88,0.0,
2002-07-04,,,0.0,,10.08,0.0,
2002-07-04,,,0.0,,10.08,0.0,
2002-07-05,,,0.0,,14.04,0.0,
2002-07-05,,,0.0,,14.04,0.0,
2002-07-06,,,0.0,,6.84,0.0,
2002-07-06,,,0.0,,6.84,0.0,
2002-07-07,,,0.0,,6.84,0.0,
2002-07-07,,,0.0,,6.84,0.0,
2002-07-08,,,0.0,,11.16,0.0,
2002-07-08,,,0.0,,11.16,0.0,
2002-07-09,,,0.0,,9.0,0.0,
2002-07-09,,,0.0,,9.0,0.0,
2002-07-10,,,0.0,,10.08,0.0,
2002-07-10,,,0.0,,10.08,0.0,
2002-07-11,,,0.0,,7.92,0.0,
2002-07-11,,,0.0,,7.92,0.0,
2002-07-12,,,0.0,,11.16,0.0,
2002-07-12,,,0.0,,11.16,0.0,
2002-07-13,,,0.0,,11.16,0.0,
2002-07-13,,,0.0,,11.16,0.0,
2002-07-14,,,0.0,,11.88,0.0,
2002-07-14,,,0.0,,11.88,0.0,
2002-07-15,,,0.0,,11.16,0.0,
2002-07-15,,,0.0,,11.16,0.0,
2002-07-16,,,0.0,,9.0,0.0,
2002-07-16,,,0.0,,9.0,0.0,
2002-07-17,,,0.0,,9.0,0.0,
2002-07-17,,,0.0,,9.0,0.0,
2002-07-18,,,0.0,,6.84,0.0,
2002-07-18,,,0.0,,6.84,0.0,
2002-07-19,,,0.0,,7.92,0.0,
2002-07-19,,,0.0,,7.92,0.0,
2002-07-20,,,0.0,,9.0,0.0,
2002-07-20,,,0.0,,9.0,0.0,
2002-08-01,21.3,3.5,21.96,17:55,3.96,0.0,
2002-08-01,21.3,3.5,21.96,17:55,3.96,0.0,
2002-08-02,20.5,5.2,19.08,Varias,2.88,0.0,
2002-08-02,20.5,5.2,19.08,Varias,2.88,0.0,
2002-08-03,23.2,11.4,20.16,18:20,3.96,0.0,
2002-08-03,23.2,11.4,20.16,18:20,3.96,0.0,
2002-08-04,24.8,10.7,24.84,17:10,6.84,0.0,
2002-08-04,24.8,10.7,24.84,17:10,6.84,0.0,
2002-08-05,21.1,9.8,0.0,,5.04,0.0,
2002-08-05,21.1,9.8,0.0,,5.04,0.0,
2002-08-06,22.4,9.9,29.16,19:55,6.12,0.0,
2002-08-06,22.4,9.9,29.16,19:55,6.12,0.0,
2002-08-07,22.8,12.1,33.84,Varias,9.0,0.0,
2002-08-07,22.8,12.1,33.84,Varias,9.0,0.0,
2002-08-08,21.0,10.1,28.08,12:00,6.84,2.1,
2002-08-08,21.0,10.1,28.08,12:00,6.84,2.1,
2002-08-09,17.2,10.4,20.16,13:30,5.04,1.8,
2002-08-09,17.2,10.4,20.16,13:30,5.04,1.8,
2002-08-10,20.8,8.0,27.0,17:50,5.04,0.0,
2002-08-10,20.8,8.0,27.0,17:50,5.04,0.0,
2002-08-11,25.4,6.6,21.96,16:00,2.88,0.0,
2002-08-11,25.4,6.6,21.96,16:00,2.88,0.0,
2002-08-12,22.5,12.9,41.04,16:40,11.16,0.0,
2002-08-12,22.5,12.9,41.04,16:40,11.16,0.0,
2002-08-13,27.5,10.9,23.04,17:20,3.96,0.0,
2002-08-13,27.5,10.9,23.04,17:20,3.96,0.0,
2002-08-14,33.1,11.3,25.92,17:30,3.96,0.0,
2002-08-14,33.1,11.3,25.92,17:30,3.96,0.0,
2002-08-15,27.4,12.6,27.0,16:10,3.96,0.0,
2002-08-15,27.4,12.6,27.0,16:10,3.96,0.0,
2002-08-16,27.8,12.7,21.96,12:10,3.96,0.0,
2002-08-16,27.8,12.7,21.96,12:10,3.96,0.0,
2002-08-17,29.5,9.5,23.04,14:20,3.96,0.0,
2002-08-17,29.5,9.5,23.04,14:20,3.96,0.0,
2002-08-18,24.3,13.1,21.96,Varias,2.88,0.0,
2002-08-18,24.3,13.1,21.96,Varias,2.88,0.0,
2002-08-19,23.0,13.7,18.0,01:00,0.0,0.0,
2002-08-19,23.0,13.7,18.0,01:00,0.0,0.0,
2002-08-20,26.0,14.0,20.16,13:30,2.88,0.3,
2002-08-20,26.0,14.0,20.16,13:30,2.88,0.3,
2002-08-21,25.6,13.0,24.84,17:20,2.88,0.0,
2002-08-21,25.6,13.0,24.84,17:20,2.88,0.0,
2002-08-22,22.5,13.2,30.96,17:20,6.12,0.0,
2002-08-22,22.5,13.2,30.96,17:20,6.12,0.0,
2002-08-23,22.8,11.8,39.96,16:30,6.84,0.0,
2002-08-23,22.8,11.8,39.96,16:30,6.84,0.0,
2002-08-24,23.0,13.9,42.12,15:30,10.08,0.0,
2002-08-24,23.0,13.9,42.12,15:30,10.08,0.0,
2002-08-25,21.5,13.0,36.0,15:20,11.88,0.0,
2002-08-25,21.5,13.0,36.0,15:20,11.88,0.0,
2002-08-26,21.0,7.9,27.0,13:20,6.12,0.0,
2002-08-26,21.0,7.9,27.0,13:20,6.12,0.0,
2002-08-27,16.5,7.9,20.88,13:50,2.16,5.0,
2002-08-27,16.5,7.9,20.88,13:50,2.16,5.0,
2002-08-28,20.5,11.2,43.92,13:50,6.12,0.0,
2002-08-28,20.5,11.2,43.92,13:50,6.12,0.0,
2002-08-29,23.2,6.9,29.88,16:20,5.04,0.0,
2002-08-29,23.2,6.9,29.88,16:20,5.04,0.0,
2002-08-30,29.8,11.0,34.92,17:00,5.04,0.0,
2002-08-30,29.8,11.0,34.92,17:00,5.04,0.0,
2002-08-31,22.0,14.7,38.88,Varias,7.92,0.0,
2002-08-31,22.0,14.7,38.88,Varias,7.92,0.0,
2002-09-01,24.2,11.3,37.08,15:30,6.84,0.0,
2002-09-01,24.2,11.3,37.08,15:30,6.84,0.0,
2002-09-02,28.4,13.0,28.08,13:20,2.88,0.0,
2002-09-02,28.4,13.0,28.08,13:20,2.88,0.0,
2002-09-03,24.3,10.6,32.04,15:40,2.88,0.2,
2002-09-03,24.3,10.6,32.04,15:40,2.88,0.2,
2002-09-04,18.5,12.0,27.0,16:35,5.04,0.8,
2002-09-04,18.5,12.0,27.0,16:35,5.04,0.8,
2002-09-05,20.3,7.6,21.96,16:50,2.88,0.0,
2002-09-05,20.3,7.6,21.96,16:50,2.88,0.0,
2002-09-06,24.1,6.9,24.12,17:40,5.04,0.0,
2002-09-06,24.1,6.9,24.12,17:40,5.04,0.0,
2002-09-07,19.0,10.7,25.92,08:10,5.04,6.0,
2002-09-07,19.0,10.7,25.92,08:10,5.04,6.0,
2002-09-08,15.8,9.7,18.0,16:10,0.0,5.8,
2002-09-08,15.8,9.7,18.0,16:10,0.0,5.8,
2002-09-09,19.9,7.7,28.08,09:50,9.0,0.3,
2002-09-09,19.9,7.7,28.08,09:50,9.0,0.3,
2002-09-10,24.5,4.2,29.16,11:50,3.96,0.0,
2002-09-10,24.5,4.2,29.16,11:50,3.96,0.0,
2002-09-11,27.4,5.4,21.96,17:00,2.88,0.0,
2002-09-11,27.4,5.4,21.96,17:00,2.88,0.0,
2002-09-12,25.9,8.1,20.16,16:30,3.96,0.0,
2002-09-12,25.9,8.1,20.16,16:30,3.96,0.0,
2002-09-13,25.5,9.0,24.12,16:30,3.96,0.0,
2002-09-13,25.5,9.0,24.12,16:30,3.96,0.0,
2002-09-14,28.6,9.6,25.92,17:20,1.08,0.0,
2002-09-14,28.6,9.6,25.92,17:20,1.08,0.0,
2002-09-15,22.0,10.3,19.08,17:50,3.96,2.4,
2002-09-15,22.0,10.3,19.08,17:50,3.96,2.4,
2002-09-16,23.8,14.0,29.88,11:10,2.16,21.0,
2002-09-16,23.8,14.0,29.88,11:10,2.16,21.0,
2002-09-17,23.6,12.4,23.04,12:00,2.16,3.8,
2002-09-17,23.6,12.4,23.04,12:00,2.16,3.8,
2002-09-18,22.0,14.0,37.08,16:00,11.16,2.7,
2002-09-18,22.0,14.0,37.08,16:00,11.16,2.7,
2002-09-19,25.0,13.2,33.12,09:30,6.84,0.8,
2002-09-19,25.0,13.2,33.12,09:30,6.84,0.8,
2002-09-20,23.2,13.4,24.12,15:20,2.16,6.4,
2002-09-20,23.2,13.4,24.12,15:20,2.16,6.4,
2002-09-21,21.5,13.2,18.0,12:40,2.16,4.5,
2002-09-21,21.5,13.2,18.0,12:40,2.16,4.5,
2002-09-22,19.7,13.0,29.88,14:20,3.96,1.8,
2002-09-22,19.7,13.0,29.88,14:20,3.96,1.8,
2002-09-23,20.2,6.9,33.12,15:20,5.04,0.0,
2002-09-23,20.2,6.9,33.12,15:20,5.04,0.0,
2002-09-24,20.0,6.5,28.08,Varias,6.12,0.0,
2002-09-24,20.0,6.5,28.08,Varias,6.12,0.0,
2002-09-25,19.5,3.5,27.0,17:00,3.96,0.0,
2002-09-25,19.5,3.5,27.0,17:00,3.96,0.0,
2002-09-26,21.2,4.3,20.16,14:50,2.16,0.0,
2002-09-26,21.2,4.3,20.16,14:50,2.16,0.0,
2002-09-27,25.0,1.6,15.84,16:50,1.08,0.0,
2002-09-27,25.0,1.6,15.84,16:50,1.08,0.0,
2002-09-28,26.6,6.7,18.0,14:30,2.88,0.0,
2002-09-28,26.6,6.7,18.0,14:30,2.88,0.0,
2002-09-29,24.0,11.2,30.96,13:20,2.88,0.0,
2002-09-29,24.0,11.2,30.96,13:20,2.88,0.0,
2002-09-30,22.4,13.5,38.88,17:00,5.04,0.0,
2002-09-30,22.4,13.5,38.88,17:00,5.04,0.0,
2002-10-01,22.5,9.4,21.96,11:10,2.16,0.0,
2002-10-01,22.5,9.4,21.96,11:10,2.16,0.0,
2002-10-02,22.4,7.8,20.16,22:50,2.88,0.0,
2002-10-02,22.4,7.8,20.16,22:50,2.88,0.0,
2002-10-03,21.2,9.8,23.04,15:20,3.96,0.0,
2002-10-03,21.2,9.8,23.04,15:20,3.96,0.0,
2002-10-04,21.3,10.5,27.0,Varias,5.04,0.0,
2002-10-04,21.3,10.5,27.0,Varias,5.04,0.0,
2002-10-05,22.3,8.4,9.0,00:20,0.0,0.0,
2002-10-05,22.3,8.4,9.0,00:20,0.0,0.0,
2002-10-06,24.6,9.8,15.12,13:10,1.08,0.0,
2002-10-06,24.6,9.8,15.12,13:10,1.08,0.0,
2002-10-07,21.8,7.8,14.04,Varias,1.08,16.0,
2002-10-07,21.8,7.8,14.04,Varias,1.08,16.0,
2002-10-08,17.4,8.0,21.96,20:30,1.08,9.2,
2002-10-08,17.4,8.0,21.96,20:30,1.08,9.2,
2002-10-09,13.5,5.0,32.04,11:20,2.88,0.0,
2002-10-09,13.5,5.0,32.04,11:20,2.88,0.0,
2002-10-10,16.5,2.6,14.04,Varias,1.08,1.3,
2002-10-10,16.5,2.6,14.04,Varias,1.08,1.3,
2002-10-11,14.6,1.5,28.08,09:50,3.96,1.5,
2002-10-11,14.6,1.5,28.08,09:50,3.96,1.5,
2002-10-12,19.0,9.0,20.88,23:50,2.88,0.0,
2002-10-12,19.0,9.0,20.88,23:50,2.88,0.0,
2002-10-13,15.6,9.0,36.0,04:40,6.12,9.8,
2002-10-13,15.6,9.0,36.0,04:40,6.12,9.8,
2002-10-14,18.5,9.0,51.84,18:40,10.08,15.0,
2002-10-14,18.5,9.0,51.84,18:40,10.08,15.0,
2002-10-15,16.8,12.9,46.08,22:10,11.16,1.2,
2002-10-15,16.8,12.9,46.08,22:10,11.16,1.2,
2002-10-16,14.0,8.2,32.04,Varias,7.92,10.5,
2002-10-16,14.0,8.2,32.04,Varias,7.92,10.5,
2002-10-17,15.9,3.4,18.0,13:00,2.16,0.7,
2002-10-17,15.9,3.4,18.0,13:00,2.16,0.7,
2002-10-18,15.8,-0.5,11.16,12:30,1.08,0.0,
2002-10-18,15.8,-0.5,11.16,12:30,1.08,0.0,
2002-10-19,23.7,5.5,42.12,23:40,5.04,0.0,
2002-10-19,23.7,5.5,42.12,23:40,5.04,0.0,
2002-10-20,23.6,12.7,56.88,06:40,15.84,4.4,
2002-10-20,23.6,12.7,56.88,06:40,15.84,4.4,
2002-10-21,15.6,11.8,47.88,Varias,15.12,9.6,
2002-10-21,15.6,11.8,47.88,Varias,15.12,9.6,
2002-10-22,16.4,10.8,45.0,01:30,11.16,26.3,
2002-10-22,16.4,10.8,45.0,01:30,11.16,26.3,
2002-10-23,15.5,9.0,28.08,22:40,6.12,0.5,
2002-10-23,15.5,9.0,28.08,22:40,6.12,0.5,
2002-10-24,16.0,11.5,38.88,06:50,9.0,12.5,
2002-10-24,16.0,11.5,38.88,06:50,9.0,12.5,
2002-10-25,18.8,14.6,51.12,13:10,15.12,0.8,
2002-10-25,18.8,14.6,51.12,13:10,15.12,0.8,
2002-10-26,20.5,14.0,36.0,13:40,10.08,0.0,
2002-10-26,20.5,14.0,36.0,13:40,10.08,0.0,
2002-10-27,15.5,10.0,30.96,04:50,5.04,1.8,
2002-10-27,15.5,10.0,30.96,04:50,5.04,1.8,
2002-10-28,22.0,5.0,24.84,14:40,5.04,0.0,
2002-10-28,22.0,5.0,24.84,14:40,5.04,0.0,
2002-10-29,23.5,6.4,37.08,21:20,5.04,12.9,
2002-10-29,23.5,6.4,37.08,21:20,5.04,12.9,
2002-10-30,17.3,10.2,25.92,14:20,3.96,48.0,
2002-10-30,17.3,10.2,25.92,14:20,3.96,48.0,
2002-10-31,17.5,7.5,20.16,12:10,2.16,0.0,
2002-10-31,17.5,7.5,20.16,12:10,2.16,0.0,
2003-01-01,16.2,11.2,60.84,17:08,16.92,5.2,
2003-01-01,16.2,11.2,60.84,17:08,16.92,5.2,
2003-01-02,15.0,10.2,60.12,01:26,7.92,2.7,
2003-01-02,15.0,10.2,60.12,01:26,7.92,2.7,
2003-01-03,11.2,7.9,38.88,14:05,10.08,4.5,
2003-01-03,11.2,7.9,38.88,14:05,10.08,4.5,
2003-01-04,10.2,6.6,25.92,00:30,2.88,11.2,
2003-01-04,10.2,6.6,25.92,00:30,2.88,11.2,
2003-01-05,9.2,3.6,33.84,10:25,7.92,10.3,
2003-01-05,9.2,3.6,33.84,10:25,7.92,10.3,
2003-01-06,9.6,3.5,25.92,23:33,2.16,10.2,
2003-01-06,9.6,3.5,25.92,23:33,2.16,10.2,
2003-01-07,9.6,4.9,39.96,05:30,10.08,6.2,
2003-01-07,9.6,4.9,39.96,05:30,10.08,6.2,
2003-01-08,7.6,4.2,23.04,Varias,10.08,4.0,
2003-01-08,7.6,4.2,23.04,Varias,10.08,4.0,
2003-01-09,4.4,-3.6,39.96,14:50,7.92,2.8,
2003-01-09,4.4,-3.6,39.96,14:50,7.92,2.8,
2003-01-10,5.3,-1.7,24.12,15:40,3.96,14.3,
2003-01-10,5.3,-1.7,24.12,15:40,3.96,14.3,
2003-01-11,5.0,-3.7,29.88,22:30,0.0,3.3,
2003-01-11,5.0,-3.7,29.88,22:30,0.0,3.3,
2003-01-12,6.3,-1.1,33.12,07:30,10.08,0.0,
2003-01-12,6.3,-1.1,33.12,07:30,10.08,0.0,
2003-01-13,8.6,-6.0,16.92,12:10,1.08,0.2,
2003-01-13,8.6,-6.0,16.92,12:10,1.08,0.2,
2003-01-14,10.8,-7.3,14.04,14:20,3.96,0.6,
2003-01-14,10.8,-7.3,14.04,14:20,3.96,0.6,
2003-01-15,9.6,-6.2,11.16,Varias,1.08,2.1,
2003-01-15,9.6,-6.2,11.16,Varias,1.08,2.1,
2003-01-16,11.6,-4.6,11.88,23:50,1.08,0.3,
2003-01-16,11.6,-4.6,11.88,23:50,1.08,0.3,
2003-01-17,8.6,-3.6,34.92,Varias,9.0,2.0,
2003-01-17,8.6,-3.6,34.92,Varias,9.0,2.0,
2003-01-18,11.0,5.9,48.96,10:50,15.12,18.8,
2003-01-18,11.0,5.9,48.96,10:50,15.12,18.8,
2003-01-19,9.5,4.7,45.0,22:40,11.16,15.2,
2003-01-19,9.5,4.7,45.0,22:40,11.16,15.2,
2003-01-20,9.7,4.7,60.84,02:30,12.96,25.5,
2003-01-20,9.7,4.7,60.84,02:30,12.96,25.5,
2003-01-21,10.6,4.7,55.08,03:44,11.16,6.4,
2003-01-21,10.6,4.7,55.08,03:44,11.16,6.4,
2003-01-22,8.5,1.0,20.88,01:21,2.88,17.7,
2003-01-22,8.5,1.0,20.88,01:21,2.88,17.7,
2003-01-23,8.8,-0.8,9.0,16:52,0.0,7.3,
2003-01-23,8.8,-0.8,9.0,16:52,0.0,7.3,
2003-01-24,6.5,-3.0,9.0,21:11,1.08,1.2,
2003-01-24,6.5,-3.0,9.0,21:11,1.08,1.2,
2003-01-25,6.5,-1.7,15.12,20:41,0.0,0.0,
2003-01-25,6.5,-1.7,15.12,20:41,0.0,0.0,
2003-01-26,13.4,1.5,27.0,11:52,3.96,0.0,
2003-01-26,13.4,1.5,27.0,11:52,3.96,0.0,
2003-01-27,19.2,3.8,24.84,15:14,2.16,0.0,
2003-01-27,19.2,3.8,24.84,15:14,2.16,0.0,
2003-01-28,11.2,3.2,33.84,16:00,6.12,1.1,
2003-01-28,11.2,3.2,33.84,16:00,6.12,1.1,
2003-01-29,8.2,2.0,47.16,16:00,6.12,3.9,
2003-01-29,8.2,2.0,47.16,16:00,6.12,3.9,
2003-01-30,8.1,1.4,38.16,14:30,7.92,4.8,
2003-01-30,8.1,1.4,38.16,14:30,7.92,4.8,
2003-01-31,5.5,-0.8,37.08,10:30,3.96,5.7,
2003-01-31,5.5,-0.8,37.08,10:30,3.96,5.7,
2003-02-01,6.4,-1.5,24.12,21:50,5.04,0.7,
2003-02-01,6.4,-1.5,24.12,21:50,5.04,0.7,
2003-02-02,10.2,5.4,23.04,Varias,6.12,0.9,
2003-02-02,10.2,5.4,23.04,Varias,6.12,0.9,
2003-02-03,10.2,7.1,34.92,11:40,6.12,8.3,
2003-02-03,10.2,7.1,34.92,11:40,6.12,8.3,
2003-02-04,10.6,1.6,33.12,06:50,7.92,1.8,
2003-02-04,10.6,1.6,33.12,06:50,7.92,1.8,
2003-02-05,8.7,1.0,16.92,13:20,2.88,0.8,
2003-02-05,8.7,1.0,16.92,13:20,2.88,0.8,
2003-02-06,11.5,7.8,9.0,13:00,1.08,1.8,
2003-02-06,11.5,7.8,9.0,13:00,1.08,1.8,
2003-02-07,13.8,1.5,19.08,18:10,2.88,1.7,
2003-02-07,13.8,1.5,19.08,18:10,2.88,1.7,
2003-02-08,11.5,-0.1,10.08,21:10,0.0,0.0,
2003-02-08,11.5,-0.1,10.08,21:10,0.0,0.0,
2003-02-09,11.0,5.5,11.88,11:10,1.08,0.0,
2003-02-09,11.0,5.5,11.88,11:10,1.08,0.0,
2003-02-10,12.0,4.5,19.08,19:30,3.96,3.0,
2003-02-10,12.0,4.5,19.08,19:30,3.96,3.0,
2003-02-11,11.0,2.6,24.84,15:50,2.88,0.0,
2003-02-11,11.0,2.6,24.84,15:50,2.88,0.0,
2003-02-12,10.6,0.5,25.92,12:10,6.12,0.0,
2003-02-12,10.6,0.5,25.92,12:10,6.12,0.0,
2003-02-13,10.8,0.5,21.96,15:15,2.16,0.0,
2003-02-13,10.8,0.5,21.96,15:15,2.16,0.0,
2003-02-14,10.7,-1.4,25.92,16:10,3.96,0.0,
2003-02-14,10.7,-1.4,25.92,16:10,3.96,0.0,
2003-02-15,8.2,-2.8,30.96,13:48,5.04,0.0,
2003-02-15,8.2,-2.8,30.96,13:48,5.04,0.0,
2003-02-16,10.6,-5.0,18.0,18:08,3.96,0.0,
2003-02-16,10.6,-5.0,18.0,18:08,3.96,0.0,
2003-02-17,8.4,-5.8,14.04,Varias,2.16,0.0,
2003-02-17,8.4,-5.8,14.04,Varias,2.16,0.0,
2003-02-18,7.2,-5.7,37.08,13:10,9.0,6.3,
2003-02-18,7.2,-5.7,37.08,13:10,9.0,6.3,
2003-02-19,9.0,1.9,28.08,01:10,3.96,0.0,
2003-02-19,9.0,1.9,28.08,01:10,3.96,0.0,
2003-02-20,13.4,-2.6,16.92,15:20,2.88,0.0,
2003-02-20,13.4,-2.6,16.92,15:20,2.88,0.0,
2003-02-21,13.1,-1.1,37.08,23:30,6.84,0.0,
2003-02-21,13.1,-1.1,37.08,23:30,6.84,0.0,
2003-02-22,13.5,7.0,39.96,10:20,10.08,1.5,
2003-02-22,13.5,7.0,39.96,10:20,10.08,1.5,
2003-02-23,14.5,2.8,19.08,23:00,1.08,2.3,
2003-02-23,14.5,2.8,19.08,23:00,1.08,2.3,
2003-02-24,13.0,5.6,41.04,11:40,7.92,20.0,
2003-02-24,13.0,5.6,41.04,11:40,7.92,20.0,
2003-02-25,10.8,0.3,28.08,12:10,2.88,5.7,
2003-02-25,10.8,0.3,28.08,12:10,2.88,5.7,
2003-02-26,10.0,-0.1,42.12,14:10,6.84,5.2,
2003-02-26,10.0,-0.1,42.12,14:10,6.84,5.2,
2003-02-27,11.3,5.3,37.08,23:40,10.08,2.6,
2003-02-27,11.3,5.3,37.08,23:40,10.08,2.6,
2003-02-28,11.8,9.1,48.96,11:20,15.12,18.2,
2003-02-28,11.8,9.1,48.96,11:20,15.12,18.2,
2003-03-01,15.3,9.2,41.04,15:00,11.16,0.0,
2003-03-01,15.3,9.2,41.04,15:00,11.16,0.0,
2003-03-02,12.2,9.0,46.08,19:00,15.12,0.0,
2003-03-02,12.2,9.0,46.08,19:00,15.12,0.0,
2003-03-03,15.2,8.4,32.04,13:10,6.84,0.0,
2003-03-03,15.2,8.4,32.04,13:10,6.84,0.0,
2003-03-04,17.3,5.8,29.88,11:18,5.04,0.0,
2003-03-04,17.3,5.8,29.88,11:18,5.04,0.0,
2003-03-05,11.4,3.2,36.0,10:42,3.96,0.0,
2003-03-05,11.4,3.2,36.0,10:42,3.96,0.0,
2003-03-06,15.2,3.8,23.04,14:40,5.04,0.0,
2003-03-06,15.2,3.8,23.04,14:40,5.04,0.0,
2003-03-07,13.0,0.0,29.16,14:50,6.84,0.0,
2003-03-07,13.0,0.0,29.16,14:50,6.84,0.0,
2003-03-08,17.2,-1.8,18.0,16:00,1.08,0.0,
2003-03-08,17.2,-1.8,18.0,16:00,1.08,0.0,
2003-03-09,20.4,-0.4,32.04,13:10,6.84,0.0,
2003-03-09,20.4,-0.4,32.04,13:10,6.84,0.0,
2003-03-10,21.4,1.8,32.04,14:00,3.96,0.0,
2003-03-10,21.4,1.8,32.04,14:00,3.96,0.0,
2003-03-11,21.0,7.2,33.12,11:10,2.88,0.0,
2003-03-11,21.0,7.2,33.12,11:10,2.88,0.0,
2003-03-12,21.0,5.1,0.0,,0.0,0.0,
2003-03-12,21.0,5.1,0.0,,0.0,0.0,
2003-03-13,21.0,7.2,19.08,16:40,2.88,0.0,
2003-03-13,21.0,7.2,19.08,16:40,2.88,0.0,
2003-03-14,18.2,7.1,21.96,17:00,2.16,0.0,
2003-03-14,18.2,7.1,21.96,17:00,2.16,0.0,
2003-03-15,16.5,8.9,20.88,15:20,6.84,0.0,
2003-03-15,16.5,8.9,20.88,15:20,6.84,0.0,
2003-03-16,22.0,4.7,20.16,12:10,2.16,0.0,
2003-03-16,22.0,4.7,20.16,12:10,2.16,0.0,
2003-03-17,17.6,2.0,24.84,14:00,3.96,0.0,
2003-03-17,17.6,2.0,24.84,14:00,3.96,0.0,
2003-03-18,18.6,-1.9,27.0,14:55,5.04,0.0,
2003-03-18,18.6,-1.9,27.0,14:55,5.04,0.0,
2003-03-19,18.0,-2.8,30.96,14:40,5.04,0.0,
2003-03-19,18.0,-2.8,30.96,14:40,5.04,0.0,
2003-03-20,17.2,-2.3,32.04,16:20,7.92,0.0,
2003-03-20,17.2,-2.3,32.04,16:20,7.92,0.0,
2003-03-21,17.1,-2.3,28.08,17:50,6.12,0.0,
2003-03-21,17.1,-2.3,28.08,17:50,6.12,0.0,
2003-03-22,17.5,0.5,20.16,16:00,2.16,0.0,
2003-03-22,17.5,0.5,20.16,16:00,2.16,0.0,
2003-03-23,16.4,0.1,37.08,11:50,5.04,0.0,
2003-03-23,16.4,0.1,37.08,11:50,5.04,0.0,
2003-03-24,20.0,6.2,29.88,12:30,2.16,0.0,
2003-03-24,20.0,6.2,29.88,12:30,2.16,0.0,
2003-03-25,12.2,6.8,19.08,16:31,2.16,0.0,
2003-03-25,12.2,6.8,19.08,16:31,2.16,0.0,
2003-03-26,14.8,4.6,20.16,01:31,1.08,0.0,
2003-03-26,14.8,4.6,20.16,01:31,1.08,0.0,
2003-03-27,17.0,6.1,38.88,13:01,7.92,0.0,
2003-03-27,17.0,6.1,38.88,13:01,7.92,0.0,
2003-03-28,16.6,5.6,29.16,09:21,6.12,0.0,
2003-03-28,16.6,5.6,29.16,09:21,6.12,0.0,
2003-03-29,16.2,5.8,24.84,15:16,2.16,0.0,
2003-03-29,16.2,5.8,24.84,15:16,2.16,0.0,
2003-03-30,15.2,9.4,30.96,12:21,6.84,0.0,
2003-03-30,15.2,9.4,30.96,12:21,6.84,0.0,
2003-03-31,18.4,4.8,25.92,15:41,3.96,0.0,
2003-03-31,18.4,4.8,25.92,15:41,3.96,0.0,
2003-04-01,20.8,4.8,27.0,17:50,2.88,0.0,
2003-04-01,20.8,4.8,27.0,17:50,2.88,0.0,
2003-04-02,10.9,6.3,30.96,23:50,3.96,0.0,
2003-04-02,10.9,6.3,30.96,23:50,3.96,0.0,
2003-04-03,12.9,6.3,41.04,15:00,10.08,0.0,
2003-04-03,12.9,6.3,41.04,15:00,10.08,0.0,
2003-04-04,15.5,2.2,46.08,14:40,14.04,0.0,
2003-04-04,15.5,2.2,46.08,14:40,14.04,0.0,
2003-04-05,18.0,-1.5,29.16,15:40,6.12,0.0,
2003-04-05,18.0,-1.5,29.16,15:40,6.12,0.0,
2003-04-06,20.5,-1.4,24.12,14:30,5.04,0.0,
2003-04-06,20.5,-1.4,24.12,14:30,5.04,0.0,
2003-04-07,21.7,-0.6,39.96,15:00,6.12,0.0,
2003-04-07,21.7,-0.6,39.96,15:00,6.12,0.0,
2003-04-08,17.5,2.5,33.12,17:10,6.84,0.0,
2003-04-08,17.5,2.5,33.12,17:10,6.84,0.0,
2003-04-09,12.1,1.9,28.08,14:00,5.04,0.0,
2003-04-09,12.1,1.9,28.08,14:00,5.04,0.0,
2003-04-10,13.0,1.0,32.04,23:10,2.88,1.2,
2003-04-10,13.0,1.0,32.04,23:10,2.88,1.2,
2003-04-11,11.9,4.9,45.0,12:40,9.0,1.3,
2003-04-11,11.9,4.9,45.0,12:40,9.0,1.3,
2003-04-12,16.7,5.8,54.0,12:00,11.88,0.6,
2003-04-12,16.7,5.8,54.0,12:00,11.88,0.6,
2003-04-13,17.4,12.0,63.0,09:20,12.96,0.4,
2003-04-13,17.4,12.0,63.0,09:20,12.96,0.4,
2003-04-14,18.4,4.7,33.84,12:20,3.96,4.6,
2003-04-14,18.4,4.7,33.84,12:20,3.96,4.6,
2003-04-15,20.5,1.5,21.96,16:47,2.16,0.0,
2003-04-15,20.5,1.5,21.96,16:47,2.16,0.0,
2003-04-16,21.8,2.6,25.92,14:21,5.04,0.0,
2003-04-16,21.8,2.6,25.92,14:21,5.04,0.0,
2003-04-17,20.8,9.6,23.04,12:11,2.88,0.0,
2003-04-17,20.8,9.6,23.04,12:11,2.88,0.0,
2003-04-18,14.8,9.6,14.04,16:27,1.08,13.2,
2003-04-18,14.8,9.6,14.04,16:27,1.08,13.2,
2003-04-19,12.2,7.5,24.12,18:25,2.16,14.4,
2003-04-19,12.2,7.5,24.12,18:25,2.16,14.4,
2003-04-20,13.6,7.5,21.96,11:11,3.96,3.4,
2003-04-20,13.6,7.5,21.96,11:11,3.96,3.4,
2003-04-21,18.0,7.2,0.0,,5.04,3.1,
2003-04-21,18.0,7.2,0.0,,5.04,3.1,
2003-04-22,21.6,5.3,28.08,13:40,3.96,6.6,
2003-04-22,21.6,5.3,28.08,13:40,3.96,6.6,
2003-04-23,16.5,7.2,33.84,13:40,6.84,0.3,
2003-04-23,16.5,7.2,33.84,13:40,6.84,0.3,
2003-04-24,16.6,9.2,39.96,12:30,9.0,0.7,
2003-04-24,16.6,9.2,39.96,12:30,9.0,0.7,
2003-04-25,15.3,8.8,47.16,03:20,9.0,8.3,
2003-04-25,15.3,8.8,47.16,03:20,9.0,8.3,
2003-04-26,18.6,7.1,38.16,09:20,7.92,0.0,
2003-04-26,18.6,7.1,38.16,09:20,7.92,0.0,
2003-04-27,20.2,5.0,50.04,23:40,7.92,1.6,
2003-04-27,20.2,5.0,50.04,23:40,7.92,1.6,
2003-04-28,19.6,8.0,57.96,12:00,15.12,14.0,
2003-04-28,19.6,8.0,57.96,12:00,15.12,14.0,
2003-04-29,16.1,7.5,50.04,10:50,11.88,8.9,
2003-04-29,16.1,7.5,50.04,10:50,11.88,8.9,
2003-04-30,16.4,6.0,39.96,15:30,11.16,1.6,
2003-04-30,16.4,6.0,39.96,15:30,11.16,1.6,
2003-06-01,18.6,12.8,28.08,17:54,5.04,6.8,
2003-06-01,18.6,12.8,28.08,17:54,5.04,6.8,
2003-06-02,20.2,10.2,24.12,10:22,3.96,0.3,
2003-06-02,20.2,10.2,24.12,10:22,3.96,0.3,
2003-06-03,21.2,12.8,38.16,12:20,9.0,2.1,
2003-06-03,21.2,12.8,38.16,12:20,9.0,2.1,
2003-06-04,17.4,8.0,24.12,01:50,2.88,0.0,
2003-06-04,17.4,8.0,24.12,01:50,2.88,0.0,
2003-06-05,23.2,5.2,23.04,17:40,5.04,0.0,
2003-06-05,23.2,5.2,23.04,17:40,5.04,0.0,
2003-06-06,27.2,6.7,20.88,17:10,2.88,0.0,
2003-06-06,27.2,6.7,20.88,17:10,2.88,0.0,
2003-06-07,26.5,8.0,25.92,Varias,2.88,0.0,
2003-06-07,26.5,8.0,25.92,Varias,2.88,0.0,
2003-06-08,23.3,8.8,23.04,15:50,2.88,0.0,
2003-06-08,23.3,8.8,23.04,15:50,2.88,0.0,
2003-06-09,26.7,7.2,27.0,15:40,3.96,0.0,
2003-06-09,26.7,7.2,27.0,15:40,3.96,0.0,
2003-06-10,23.7,12.2,28.08,16:00,5.04,0.0,
2003-06-10,23.7,12.2,28.08,16:00,5.04,0.0,
2003-06-11,27.5,10.3,24.12,17:10,5.04,0.0,
2003-06-11,27.5,10.3,24.12,17:10,5.04,0.0,
2003-06-12,19.8,15.4,30.96,15:10,7.92,0.0,
2003-06-12,19.8,15.4,30.96,15:10,7.92,0.0,
2003-06-13,28.1,14.5,29.88,08:20,5.04,0.0,
2003-06-13,28.1,14.5,29.88,08:20,5.04,0.0,
2003-06-14,29.0,13.3,28.08,Varias,2.88,0.0,
2003-06-14,29.0,13.3,28.08,Varias,2.88,0.0,
2003-06-15,29.8,12.8,21.96,15:30,2.88,0.0,
2003-06-15,29.8,12.8,21.96,15:30,2.88,0.0,
2003-06-16,23.4,12.4,25.92,18:00,5.04,0.0,
2003-06-16,23.4,12.4,25.92,18:00,5.04,0.0,
2003-06-17,21.1,13.0,27.0,18:32,6.12,0.0,
2003-06-17,21.1,13.0,27.0,18:32,6.12,0.0,
2003-06-18,23.6,13.4,36.0,18:21,6.12,0.0,
2003-06-18,23.6,13.4,36.0,18:21,6.12,0.0,
2003-06-19,27.9,9.0,36.0,13:25,6.12,0.0,
2003-06-19,27.9,9.0,36.0,13:25,6.12,0.0,
2003-06-20,35.9,10.4,23.04,17:24,3.96,0.0,
2003-06-20,35.9,10.4,23.04,17:24,3.96,0.0,
2003-06-21,36.1,15.4,24.12,16:41,2.88,0.0,
2003-06-21,36.1,15.4,24.12,16:41,2.88,0.0,
2003-06-22,30.3,13.6,30.96,13:32,2.16,0.0,
2003-06-22,30.3,13.6,30.96,13:32,2.16,0.0,
2003-06-23,18.5,15.0,29.88,16:21,9.0,0.0,
2003-06-23,18.5,15.0,29.88,16:21,9.0,0.0,
2003-06-24,21.8,15.4,20.16,Varias,2.88,0.0,
2003-06-24,21.8,15.4,20.16,Varias,2.88,0.0,
2003-06-25,23.5,13.0,20.88,16:20,2.88,0.0,
2003-06-25,23.5,13.0,20.88,16:20,2.88,0.0,
2003-06-26,24.7,9.4,21.96,18:20,2.16,0.0,
2003-06-26,24.7,9.4,21.96,18:20,2.16,0.0,
2003-06-27,21.6,7.0,0.0,,6.84,0.0,
2003-06-27,21.6,7.0,0.0,,6.84,0.0,
2003-06-28,29.2,9.9,27.0,13:00,5.04,0.0,
2003-06-28,29.2,9.9,27.0,13:00,5.04,0.0,
2003-06-29,14.1,8.5,30.96,19:20,7.92,9.6,
2003-06-29,14.1,8.5,30.96,19:20,7.92,9.6,
2003-06-30,16.4,11.3,45.0,07:40,11.88,6.2,
2003-06-30,16.4,11.3,45.0,07:40,11.88,6.2,
2003-07-01,19.1,11.9,36.0,10:30,6.12,1.1,
2003-07-01,19.1,11.9,36.0,10:30,6.12,1.1,
2003-07-02,18.5,11.3,28.08,11:10,2.88,2.3,
2003-07-02,18.5,11.3,28.08,11:10,2.88,2.3,
2003-07-03,20.4,8.1,23.04,15:00,2.16,0.0,
2003-07-03,20.4,8.1,23.04,15:00,2.16,0.0,
2003-07-04,21.4,4.9,32.04,16:20,5.04,0.0,
2003-07-04,21.4,4.9,32.04,16:20,5.04,0.0,
2003-07-05,18.5,13.7,27.0,18:00,6.12,0.0,
2003-07-05,18.5,13.7,27.0,18:00,6.12,0.0,
2003-07-06,20.1,14.0,30.96,18:00,10.08,0.0,
2003-07-06,20.1,14.0,30.96,18:00,10.08,0.0,
2003-07-07,23.1,12.4,29.88,16:30,7.92,0.0,
2003-07-07,23.1,12.4,29.88,16:30,7.92,0.0,
2003-07-08,29.2,14.8,24.84,15:42,3.96,0.0,
2003-07-08,29.2,14.8,24.84,15:42,3.96,0.0,
2003-07-09,26.4,14.9,25.92,18:23,6.12,0.0,
2003-07-09,26.4,14.9,25.92,18:23,6.12,0.0,
2003-07-10,24.2,15.5,29.88,17:52,6.84,0.0,
2003-07-10,24.2,15.5,29.88,17:52,6.84,0.0,
2003-07-11,20.4,16.3,46.08,22:10,9.0,0.0,
2003-07-11,20.4,16.3,46.08,22:10,9.0,0.0,
2003-07-12,28.2,17.5,23.04,02:51,3.96,0.0,
2003-07-12,28.2,17.5,23.04,02:51,3.96,0.0,
2003-07-13,19.1,15.4,14.04,12:11,1.08,0.0,
2003-07-13,19.1,15.4,14.04,12:11,1.08,0.0,
2003-07-14,22.0,11.2,21.96,15:48,2.16,0.0,
2003-07-14,22.0,11.2,21.96,15:48,2.16,0.0,
2003-07-15,19.9,11.4,29.16,Varias,2.16,0.0,
2003-07-15,19.9,11.4,29.16,Varias,2.16,0.0,
2003-07-16,19.4,9.2,23.04,11:50,6.12,0.0,
2003-07-16,19.4,9.2,23.04,11:50,6.12,0.0,
2003-07-17,26.5,5.3,20.88,14:00,5.04,0.0,
2003-07-17,26.5,5.3,20.88,14:00,5.04,0.0,
2003-07-18,27.4,7.5,30.96,11:10,6.12,0.0,
2003-07-18,27.4,7.5,30.96,11:10,6.12,0.0,
2003-07-19,25.0,12.3,29.88,13:43,6.84,0.0,
2003-07-19,25.0,12.3,29.88,13:43,6.84,0.0,
2003-07-20,23.1,8.6,28.08,17:12,3.96,0.0,
2003-07-20,23.1,8.6,28.08,17:12,3.96,0.0,
2003-07-21,24.0,8.7,20.88,17:20,2.88,0.0,
2003-07-21,24.0,8.7,20.88,17:20,2.88,0.0,
2003-07-22,25.0,8.2,21.96,17:07,5.04,0.0,
2003-07-22,25.0,8.2,21.96,17:07,5.04,0.0,
2003-07-23,24.1,13.2,21.96,12:27,2.88,0.0,
2003-07-23,24.1,13.2,21.96,12:27,2.88,0.0,
2003-07-24,26.0,14.5,19.08,18:12,2.88,0.0,
2003-07-24,26.0,14.5,19.08,18:12,2.88,0.0,
2003-07-25,22.4,13.6,29.88,10:45,7.92,0.0,
2003-07-25,22.4,13.6,29.88,10:45,7.92,0.0,
2003-07-26,23.8,15.2,46.08,14:30,14.04,0.0,
2003-07-26,23.8,15.2,46.08,14:30,14.04,0.0,
2003-07-27,22.8,10.5,21.96,16:10,2.88,0.0,
2003-07-27,22.8,10.5,21.96,16:10,2.88,0.0,
2003-07-28,26.5,8.0,20.88,17:30,2.88,0.0,
2003-07-28,26.5,8.0,20.88,17:30,2.88,0.0,
2003-07-29,30.2,10.5,23.04,16:11,2.88,0.0,
2003-07-29,30.2,10.5,23.04,16:11,2.88,0.0,
2003-07-30,25.6,16.6,28.08,17:31,6.12,0.0,
2003-07-30,25.6,16.6,28.08,17:31,6.12,0.0,
2003-07-31,28.3,15.0,18.0,07:07,6.12,0.0,
2003-07-31,28.3,15.0,18.0,07:07,6.12,0.0,
2003-08-01,31.6,14.8,16.92,16:08,2.88,0.0,
2003-08-01,31.6,14.8,16.92,16:08,2.88,0.0,
2003-08-02,33.8,14.5,24.84,13:52,1.08,0.0,
2003-08-02,33.8,14.5,24.84,13:52,1.08,0.0,
2003-08-03,35.4,16.8,25.92,18:47,2.88,0.0,
2003-08-03,35.4,16.8,25.92,18:47,2.88,0.0,
2003-08-04,35.5,15.5,27.0,09:16,2.16,0.0,
2003-08-04,35.5,15.5,27.0,09:16,2.16,0.0,
2003-08-05,34.5,15.0,19.08,17:00,2.16,0.0,
2003-08-05,34.5,15.0,19.08,17:00,2.16,0.0,
2003-08-06,36.3,15.0,20.16,16:30,1.08,0.0,
2003-08-06,36.3,15.0,20.16,16:30,1.08,0.0,
2003-08-07,38.2,14.9,16.92,15:10,1.08,0.0,
2003-08-07,38.2,14.9,16.92,15:10,1.08,0.0,
2003-08-08,38.2,14.4,20.16,17:10,2.16,0.0,
2003-08-08,38.2,14.4,20.16,17:10,2.16,0.0,
2003-08-09,37.8,11.7,27.0,17:10,2.88,0.0,
2003-08-09,37.8,11.7,27.0,17:10,2.88,0.0,
2003-08-10,28.0,17.0,23.04,16:20,2.88,0.0,
2003-08-10,28.0,17.0,23.04,16:20,2.88,0.0,
2003-08-11,32.4,17.5,16.92,05:25,2.88,0.0,
2003-08-11,32.4,17.5,16.92,05:25,2.88,0.0,
2003-08-12,39.1,13.1,32.04,17:10,1.08,0.0,
2003-08-12,39.1,13.1,32.04,17:10,1.08,0.0,
2003-08-13,33.3,15.0,19.08,13:20,2.16,0.0,
2003-08-13,33.3,15.0,19.08,13:20,2.16,0.0,
2003-08-14,28.4,14.2,24.12,17:10,3.96,0.0,
2003-08-14,28.4,14.2,24.12,17:10,3.96,0.0,
2003-08-15,24.1,15.7,19.08,12:30,2.88,0.0,
2003-08-15,24.1,15.7,19.08,12:30,2.88,0.0,
2003-08-16,24.0,13.3,27.0,15:10,3.96,0.0,
2003-08-16,24.0,13.3,27.0,15:10,3.96,0.0,
2003-08-17,27.3,12.8,23.04,16:30,2.88,0.0,
2003-08-17,27.3,12.8,23.04,16:30,2.88,0.0,
2003-08-18,27.1,13.1,20.16,16:50,2.88,0.0,
2003-08-18,27.1,13.1,20.16,16:50,2.88,0.0,
2003-08-19,26.1,13.8,25.92,16:00,2.88,0.0,
2003-08-19,26.1,13.8,25.92,16:00,2.88,0.0,
2003-08-20,25.6,16.0,34.92,Varias,7.92,0.0,
2003-08-20,25.6,16.0,34.92,Varias,7.92,0.0,
2003-08-21,26.4,11.2,38.16,15:40,6.84,0.0,
2003-08-21,26.4,11.2,38.16,15:40,6.84,0.0,
2003-08-22,25.8,16.7,30.96,15:45,6.84,0.0,
2003-08-22,25.8,16.7,30.96,15:45,6.84,0.0,
2003-08-23,31.5,15.4,20.88,17:30,2.16,0.0,
2003-08-23,31.5,15.4,20.88,17:30,2.16,0.0,
2003-08-24,31.6,11.6,23.04,16:20,2.16,0.0,
2003-08-24,31.6,11.6,23.04,16:20,2.16,0.0,
2003-08-25,21.1,10.5,15.84,17:20,1.08,4.6,
2003-08-25,21.1,10.5,15.84,17:20,1.08,4.6,
2003-08-26,23.4,8.1,23.04,13:10,2.88,1.9,
2003-08-26,23.4,8.1,23.04,13:10,2.88,1.9,
2003-08-27,23.2,10.4,36.0,15:30,6.84,0.9,
2003-08-27,23.2,10.4,36.0,15:30,6.84,0.9,
2003-08-28,21.3,13.7,45.0,12:50,10.08,12.8,
2003-08-28,21.3,13.7,45.0,12:50,10.08,12.8,
2003-08-29,20.3,13.9,43.92,04:20,6.12,0.0,
2003-08-29,20.3,13.9,43.92,04:20,6.12,0.0,
2003-08-30,21.8,12.3,28.08,17:50,6.12,0.0,
2003-08-30,21.8,12.3,28.08,17:50,6.12,0.0,
2003-08-31,19.6,8.0,20.16,15:20,2.88,1.9,
2003-08-31,19.6,8.0,20.16,15:20,2.88,1.9,
2003-09-01,19.7,10.6,33.12,16:50,6.84,0.0,
2003-09-01,19.7,10.6,33.12,16:50,6.84,0.0,
2003-09-02,21.6,12.1,36.0,15:10,6.84,0.0,
2003-09-02,21.6,12.1,36.0,15:10,6.84,0.0,
2003-09-03,23.6,9.4,39.96,16:50,6.12,0.0,
2003-09-03,23.6,9.4,39.96,16:50,6.12,0.0,
2003-09-04,25.9,8.6,27.0,Varias,3.96,0.0,
2003-09-04,25.9,8.6,27.0,Varias,3.96,0.0,
2003-09-05,23.4,9.9,20.88,16:30,2.88,0.0,
2003-09-05,23.4,9.9,20.88,16:30,2.88,0.0,
2003-09-06,20.2,9.8,29.88,15:45,3.96,0.0,
2003-09-06,20.2,9.8,29.88,15:45,3.96,0.0,
2003-09-07,18.2,11.8,28.08,11:42,6.12,0.0,
2003-09-07,18.2,11.8,28.08,11:42,6.12,0.0,
2003-09-08,18.7,10.2,37.08,10:30,6.12,5.4,
2003-09-08,18.7,10.2,37.08,10:30,6.12,5.4,
2003-09-09,19.2,7.2,25.92,13:27,2.88,0.0,
2003-09-09,19.2,7.2,25.92,13:27,2.88,0.0,
2003-09-10,25.0,5.8,28.08,17:31,6.12,0.0,
2003-09-10,25.0,5.8,28.08,17:31,6.12,0.0,
2003-09-11,28.7,8.8,24.12,21:36,2.88,0.0,
2003-09-11,28.7,8.8,24.12,21:36,2.88,0.0,
2003-09-12,28.1,13.7,20.88,13:51,3.96,0.0,
2003-09-12,28.1,13.7,20.88,13:51,3.96,0.0,
2003-09-13,32.5,9.9,20.16,16:36,2.16,0.0,
2003-09-13,32.5,9.9,20.16,16:36,2.16,0.0,
2003-09-14,29.0,7.2,27.0,14:42,2.88,0.0,
2003-09-14,29.0,7.2,27.0,14:42,2.88,0.0,
2003-09-15,31.8,8.3,33.12,13:52,2.88,0.0,
2003-09-15,31.8,8.3,33.12,13:52,2.88,0.0,
2003-09-16,31.5,8.5,19.08,16:30,1.08,0.0,
2003-09-16,31.5,8.5,19.08,16:30,1.08,0.0,
2003-09-17,31.6,10.2,27.0,13:40,2.88,0.0,
2003-09-17,31.6,10.2,27.0,13:40,2.88,0.0,
2003-09-18,31.7,8.6,25.92,14:20,5.04,0.0,
2003-09-18,31.7,8.6,25.92,14:20,5.04,0.0,
2003-09-19,31.4,8.4,33.12,13:30,5.04,0.0,
2003-09-19,31.4,8.4,33.12,13:30,5.04,0.0,
2003-09-20,28.5,10.0,42.84,11:50,3.96,0.0,
2003-09-20,28.5,10.0,42.84,11:50,3.96,0.0,
2003-09-21,24.8,14.9,38.16,15:20,6.84,0.0,
2003-09-21,24.8,14.9,38.16,15:20,6.84,0.0,
2003-09-22,18.7,13.4,25.92,02:50,1.08,1.7,
2003-09-22,18.7,13.4,25.92,02:50,1.08,1.7,
2003-09-23,19.4,9.8,29.16,16:55,3.96,0.0,
2003-09-23,19.4,9.8,29.16,16:55,3.96,0.0,
2003-09-24,26.4,6.8,0.0,,1.08,0.0,
2003-09-24,26.4,6.8,0.0,,1.08,0.0,
2003-09-25,23.8,8.2,19.08,14:41,1.08,0.0,
2003-09-25,23.8,8.2,19.08,14:41,1.08,0.0,
2003-09-26,21.4,10.8,6.12,11:11,0.0,0.7,
2003-09-26,21.4,10.8,6.12,11:11,0.0,0.7,
2003-09-27,21.8,13.3,14.04,11:21,2.88,0.2,
2003-09-27,21.8,13.3,14.04,11:21,2.88,0.2,
2003-09-28,19.8,9.0,18.0,15:50,2.88,0.0,
2003-09-28,19.8,9.0,18.0,15:50,2.88,0.0,
2003-09-29,20.0,8.2,20.88,14:41,1.08,3.0,
2003-09-29,20.0,8.2,20.88,14:41,1.08,3.0,
2003-09-30,18.7,11.8,27.0,23:50,3.96,5.2,
2003-09-30,18.7,11.8,27.0,23:50,3.96,5.2,
2003-10-01,16.1,10.1,42.84,11:10,6.12,0.0,
2003-10-01,16.1,10.1,42.84,11:10,6.12,0.0,
2003-10-02,14.4,8.4,29.88,Varias,3.96,0.0,
2003-10-02,14.4,8.4,29.88,Varias,3.96,0.0,
2003-10-03,16.4,9.3,15.12,10:00,2.16,0.2,
2003-10-03,16.4,9.3,15.12,10:00,2.16,0.2,
2003-10-04,17.2,10.7,20.88,14:40,2.88,1.4,
2003-10-04,17.2,10.7,20.88,14:40,2.88,1.4,
2003-10-05,16.2,4.1,36.0,13:10,5.04,0.0,
2003-10-05,16.2,4.1,36.0,13:10,5.04,0.0,
2003-10-06,17.2,0.8,42.12,15:10,2.16,0.0,
2003-10-06,17.2,0.8,42.12,15:10,2.16,0.0,
2003-10-07,19.2,5.3,0.0,,0.0,0.0,
2003-10-07,19.2,5.3,0.0,,0.0,0.0,
2003-10-08,18.8,8.2,0.0,,2.88,0.0,
2003-10-08,18.8,8.2,0.0,,2.88,0.0,
2003-10-09,21.0,5.0,23.04,16:31,2.16,0.0,
2003-10-09,21.0,5.0,23.04,16:31,2.16,0.0,
2003-10-10,23.0,8.2,16.92,15:56,0.0,2.4,
2003-10-10,23.0,8.2,16.92,15:56,0.0,2.4,
2003-10-11,20.2,7.8,15.12,15:52,2.16,4.5,
2003-10-11,20.2,7.8,15.12,15:52,2.16,4.5,
2003-10-12,15.0,10.2,15.12,15:25,0.0,2.3,
2003-10-12,15.0,10.2,15.12,15:25,0.0,2.3,
2003-10-13,19.7,9.5,20.16,15:44,2.16,1.8,
2003-10-13,19.7,9.5,20.16,15:44,2.16,1.8,
2003-10-14,20.4,10.0,0.0,,2.16,0.0,
2003-10-14,20.4,10.0,0.0,,2.16,0.0,
2003-10-15,19.8,10.8,15.84,15:50,1.08,16.1,
2003-10-15,19.8,10.8,15.84,15:50,1.08,16.1,
2003-10-16,19.7,9.2,19.08,15:00,1.08,0.0,
2003-10-16,19.7,9.2,19.08,15:00,1.08,0.0,
2003-10-17,17.1,10.1,11.88,09:00,1.08,0.0,
2003-10-17,17.1,10.1,11.88,09:00,1.08,0.0,
2003-10-18,18.0,8.8,32.04,15:10,1.08,14.3,
2003-10-18,18.0,8.8,32.04,15:10,1.08,14.3,
2003-10-19,14.3,10.1,30.96,09:10,3.96,12.1,
2003-10-19,14.3,10.1,30.96,09:10,3.96,12.1,
2003-10-20,14.7,6.8,27.0,12:20,2.16,3.2,
2003-10-20,14.7,6.8,27.0,12:20,2.16,3.2,
2003-10-21,13.8,3.0,24.84,12:37,2.88,0.0,
2003-10-21,13.8,3.0,24.84,12:37,2.88,0.0,
2003-10-22,11.1,0.0,42.84,14:36,6.12,2.6,
2003-10-22,11.1,0.0,42.84,14:36,6.12,2.6,
2003-10-23,12.4,1.2,36.0,15:11,2.88,1.3,
2003-10-23,12.4,1.2,36.0,15:11,2.88,1.3,
2003-10-24,12.2,0.8,42.12,13:27,5.04,0.0,
2003-10-24,12.2,0.8,42.12,13:27,5.04,0.0,
2003-10-25,9.3,4.8,47.88,03:14,6.12,0.0,
2003-10-25,9.3,4.8,47.88,03:14,6.12,0.0,
2003-10-26,9.8,5.4,21.96,17:01,2.16,9.8,
2003-10-26,9.8,5.4,21.96,17:01,2.16,9.8,
2003-10-27,14.1,3.2,23.04,15:31,3.96,15.5,
2003-10-27,14.1,3.2,23.04,15:31,3.96,15.5,
2003-10-28,9.4,5.3,14.04,Varias,1.08,1.2,
2003-10-28,9.4,5.3,14.04,Varias,1.08,1.2,
2003-10-29,10.8,1.6,32.04,16:10,3.96,5.3,
2003-10-29,10.8,1.6,32.04,16:10,3.96,5.3,
2003-10-30,13.2,8.7,52.92,13:50,0.0,23.5,
2003-10-30,13.2,8.7,52.92,13:50,0.0,23.5,
2003-10-31,10.6,6.5,37.08,11:00,0.0,34.0,
2003-10-31,10.6,6.5,37.08,11:00,0.0,34.0,
2003-11-01,12.7,4.5,23.04,10:50,0.0,31.0,
2003-11-01,12.7,4.5,23.04,10:50,0.0,31.0,
2003-11-02,12.8,6.5,43.92,21:00,11.16,0.1,
2003-11-02,12.8,6.5,43.92,21:00,11.16,0.1,
2003-11-03,13.6,6.1,41.04,01:00,6.12,0.0,
2003-11-03,13.6,6.1,41.04,01:00,6.12,0.0,
2003-11-04,16.1,1.3,10.08,21:30,1.08,0.0,
2003-11-04,16.1,1.3,10.08,21:30,1.08,0.0,
2003-11-05,15.8,5.2,42.84,14:04,0.0,0.0,
2003-11-05,15.8,5.2,42.84,14:04,0.0,0.0,
2003-11-06,22.3,7.8,24.84,02:45,2.16,0.0,
2003-11-06,22.3,7.8,24.84,02:45,2.16,0.0,
2003-11-07,21.9,4.5,18.0,15:07,0.0,0.2,
2003-11-07,21.9,4.5,18.0,15:07,0.0,0.2,
2003-11-08,16.5,8.4,24.12,14:48,2.16,2.5,
2003-11-08,16.5,8.4,24.12,14:48,2.16,2.5,
2003-11-09,15.7,7.1,27.0,13:11,5.04,6.5,
2003-11-09,15.7,7.1,27.0,13:11,5.04,6.5,
2003-11-10,13.9,5.8,20.88,12:04,1.08,3.4,
2003-11-10,13.9,5.8,20.88,12:04,1.08,3.4,
2003-11-11,14.9,8.2,27.0,11:50,6.12,2.2,
2003-11-11,14.9,8.2,27.0,11:50,6.12,2.2,
2003-11-12,13.5,1.9,19.08,00:20,0.0,0.0,
2003-11-12,13.5,1.9,19.08,00:20,0.0,0.0,
2003-11-13,15.8,0.1,39.96,14:00,9.0,7.3,
2003-11-13,15.8,0.1,39.96,14:00,9.0,7.3,
2003-11-14,14.6,6.8,19.08,03:20,0.0,47.2,
2003-11-14,14.6,6.8,19.08,03:20,0.0,47.2,
2003-11-15,12.8,8.2,38.16,18:40,7.92,2.0,
2003-11-15,12.8,8.2,38.16,18:40,7.92,2.0,
2003-11-16,10.7,5.0,48.96,10:30,7.92,0.0,
2003-11-16,10.7,5.0,48.96,10:30,7.92,0.0,
2003-11-17,12.6,0.2,23.04,14:10,2.16,0.0,
2003-11-17,12.6,0.2,23.04,14:10,2.16,0.0,
2003-11-18,14.6,-0.5,11.16,13:33,1.08,0.8,
2003-11-18,14.6,-0.5,11.16,13:33,1.08,0.8,
2003-11-19,18.8,-1.3,11.88,14:17,0.0,0.0,
2003-11-19,18.8,-1.3,11.88,14:17,0.0,0.0,
2003-11-20,16.0,1.2,19.08,12:53,2.16,0.0,
2003-11-20,16.0,1.2,19.08,12:53,2.16,0.0,
2003-11-21,11.6,8.2,34.92,18:18,5.04,11.7,
2003-11-21,11.6,8.2,34.92,18:18,5.04,11.7,
2003-11-22,11.8,7.7,34.92,00:02,2.16,0.0,
2003-11-22,11.8,7.7,34.92,00:02,2.16,0.0,
2003-11-23,9.6,6.9,20.88,02:33,3.96,16.9,
2003-11-23,9.6,6.9,20.88,02:33,3.96,16.9,
2003-11-24,10.6,1.0,21.96,15:15,1.08,0.8,
2003-11-24,10.6,1.0,21.96,15:15,1.08,0.8,
2003-11-25,9.7,0.3,29.16,23:30,2.88,16.3,
2003-11-25,9.7,0.3,29.16,23:30,2.88,16.3,
2003-11-26,11.5,4.9,46.08,06:00,11.88,5.5,
2003-11-26,11.5,4.9,46.08,06:00,11.88,5.5,
2003-11-27,9.4,4.0,32.04,02:50,5.04,0.7,
2003-11-27,9.4,4.0,32.04,02:50,5.04,0.7,
2003-11-28,12.1,7.0,34.92,12:20,11.88,3.2,
2003-11-28,12.1,7.0,34.92,12:20,11.88,3.2,
2003-11-29,13.9,12.1,37.08,20:28,11.16,12.6,
2003-11-29,13.9,12.1,37.08,20:28,11.16,12.6,
2003-11-30,12.1,3.3,42.12,17:20,6.84,8.4,
2003-11-30,12.1,3.3,42.12,17:20,6.84,8.4,
2004-01-01,13.0,6.6,25.92,14:00,7.92,0.0,
2004-01-01,13.0,6.6,25.92,14:00,7.92,0.0,
2004-01-02,10.4,6.2,24.12,12:15,3.96,0.0,
2004-01-02,10.4,6.2,24.12,12:15,3.96,0.0,
2004-01-03,9.6,7.0,7.92,01:52,0.0,0.0,
2004-01-03,9.6,7.0,7.92,01:52,0.0,0.0,
2004-01-04,11.7,2.9,7.92,11:57,0.0,0.0,
2004-01-04,11.7,2.9,7.92,11:57,0.0,0.0,
2004-01-05,11.4,0.2,12.96,12:50,1.08,0.0,
2004-01-05,11.4,0.2,12.96,12:50,1.08,0.0,
2004-01-06,11.1,-2.0,24.12,13:30,3.96,0.0,
2004-01-06,11.1,-2.0,24.12,13:30,3.96,0.0,
2004-01-07,12.0,5.0,45.0,23:50,12.96,0.0,
2004-01-07,12.0,5.0,45.0,23:50,12.96,0.0,
2004-01-08,13.6,10.4,55.08,02:10,14.04,4.2,
2004-01-08,13.6,10.4,55.08,02:10,14.04,4.2,
2004-01-09,13.5,11.4,33.12,02:30,7.92,4.6,
2004-01-09,13.5,11.4,33.12,02:30,7.92,4.6,
2004-01-10,13.1,11.4,30.96,01:30,6.84,2.4,
2004-01-10,13.1,11.4,30.96,01:30,6.84,2.4,
2004-01-11,14.1,11.7,29.88,03:10,10.08,4.9,
2004-01-11,14.1,11.7,29.88,03:10,10.08,4.9,
2004-01-12,12.9,11.6,43.92,10:10,15.84,6.6,
2004-01-12,12.9,11.6,43.92,10:10,15.84,6.6,
2004-01-13,12.6,11.0,51.12,09:39,15.84,22.1,
2004-01-13,12.6,11.0,51.12,09:39,15.84,22.1,
2004-01-14,12.0,1.0,27.0,10:40,2.88,0.7,
2004-01-14,12.0,1.0,27.0,10:40,2.88,0.7,
2004-01-15,11.1,-1.4,28.08,12:05,5.04,0.0,
2004-01-15,11.1,-1.4,28.08,12:05,5.04,0.0,
2004-01-16,10.2,5.8,34.92,02:20,11.16,3.1,
2004-01-16,10.2,5.8,34.92,02:20,11.16,3.1,
2004-01-17,9.0,1.3,48.96,15:45,6.84,1.2,
2004-01-17,9.0,1.3,48.96,15:45,6.84,1.2,
2004-01-18,8.7,0.7,34.92,12:57,6.12,1.0,
2004-01-18,8.7,0.7,34.92,12:57,6.12,1.0,
2004-01-19,9.9,-2.6,24.84,15:11,0.0,0.2,
2004-01-19,9.9,-2.6,24.84,15:11,0.0,0.2,
2004-01-20,8.8,-5.8,15.84,15:50,1.08,0.0,
2004-01-20,8.8,-5.8,15.84,15:50,1.08,0.0,
2004-01-21,10.6,-5.3,18.0,13:30,0.0,0.4,
2004-01-21,10.6,-5.3,18.0,13:30,0.0,0.4,
2004-01-22,12.9,-4.2,21.96,22:30,1.08,0.6,
2004-01-22,12.9,-4.2,21.96,22:30,1.08,0.6,
2004-01-23,12.5,9.0,21.96,02:20,6.12,1.5,
2004-01-23,12.5,9.0,21.96,02:20,6.12,1.5,
2004-01-24,13.2,7.7,18.0,00:10,2.88,0.6,
2004-01-24,13.2,7.7,18.0,00:10,2.88,0.6,
2004-01-25,12.4,7.8,38.88,14:00,11.88,7.4,
2004-01-25,12.4,7.8,38.88,14:00,11.88,7.4,
2004-01-26,11.4,6.4,33.12,01:50,3.96,9.2,
2004-01-26,11.4,6.4,33.12,01:50,3.96,9.2,
2004-01-27,7.8,-0.1,23.04,12:37,2.88,0.0,
2004-01-27,7.8,-0.1,23.04,12:37,2.88,0.0,
2004-01-28,9.0,-1.8,18.0,14:20,0.0,0.4,
2004-01-28,9.0,-1.8,18.0,14:20,0.0,0.4,
2004-01-29,7.5,-5.0,11.16,01:57,0.0,0.0,
2004-01-29,7.5,-5.0,11.16,01:57,0.0,0.0,
2004-01-30,11.0,5.0,57.96,23:59,15.12,3.4,
2004-01-30,11.0,5.0,57.96,23:59,15.12,3.4,
2004-01-31,14.9,8.0,69.12,05:03,19.08,0.3,
2004-01-31,14.9,8.0,69.12,05:03,19.08,0.3,
2004-02-01,16.1,4.3,39.96,15:07,10.08,0.0,
2004-02-01,16.1,4.3,39.96,15:07,10.08,0.0,
2004-02-02,17.6,4.0,45.0,14:18,15.12,0.0,
2004-02-02,17.6,4.0,45.0,14:18,15.12,0.0,
2004-02-03,18.5,5.1,43.92,13:02,10.08,0.0,
2004-02-03,18.5,5.1,43.92,13:02,10.08,0.0,
2004-02-04,20.0,8.1,43.92,11:40,0.0,0.0,
2004-02-04,20.0,8.1,43.92,11:40,0.0,0.0,
2004-02-05,20.8,4.5,30.96,15:00,6.12,0.0,
2004-02-05,20.8,4.5,30.96,15:00,6.12,0.0,
2004-02-06,16.4,7.5,30.96,05:30,6.84,0.4,
2004-02-06,16.4,7.5,30.96,05:30,6.84,0.4,
2004-02-07,11.9,0.0,21.96,15:10,2.88,0.0,
2004-02-07,11.9,0.0,21.96,15:10,2.88,0.0,
2004-02-08,14.2,-0.8,20.16,15:50,3.96,0.1,
2004-02-08,14.2,-0.8,20.16,15:50,3.96,0.1,
2004-02-09,12.4,-0.5,20.88,13:40,6.12,0.3,
2004-02-09,12.4,-0.5,20.88,13:40,6.12,0.3,
2004-02-10,16.1,-3.4,10.08,20:30,2.16,0.2,
2004-02-10,16.1,-3.4,10.08,20:30,2.16,0.2,
2004-02-11,17.7,-4.3,12.96,16:40,2.16,0.2,
2004-02-11,17.7,-4.3,12.96,16:40,2.16,0.2,
2004-02-12,16.4,-3.7,15.84,16:50,1.08,0.0,
2004-02-12,16.4,-3.7,15.84,16:50,1.08,0.0,
2004-02-13,12.3,-0.8,18.0,16:10,2.16,0.0,
2004-02-13,12.3,-0.8,18.0,16:10,2.16,0.0,
2004-02-14,12.5,-0.3,10.08,18:30,1.08,0.0,
2004-02-14,12.5,-0.3,10.08,18:30,1.08,0.0,
2004-02-15,11.6,-0.1,19.08,17:20,1.08,0.0,
2004-02-15,11.6,-0.1,19.08,17:20,1.08,0.0,
2004-02-16,13.1,-0.5,24.84,14:50,3.96,0.0,
2004-02-16,13.1,-0.5,24.84,14:50,3.96,0.0,
2004-02-17,12.4,-2.3,24.12,16:40,2.88,0.0,
2004-02-17,12.4,-2.3,24.12,16:40,2.88,0.0,
2004-02-18,12.4,-0.8,41.04,16:00,7.92,0.0,
2004-02-18,12.4,-0.8,41.04,16:00,7.92,0.0,
2004-02-19,8.9,-0.3,39.96,15:00,9.0,0.0,
2004-02-19,8.9,-0.3,39.96,15:00,9.0,0.0,
2004-02-20,7.5,-4.3,29.88,14:00,6.84,0.7,
2004-02-20,7.5,-4.3,29.88,14:00,6.84,0.7,
2004-02-21,7.0,-7.4,23.04,14:00,2.16,1.1,
2004-02-21,7.0,-7.4,23.04,14:00,2.16,1.1,
2004-02-22,12.1,-4.6,30.96,11:10,3.96,0.3,
2004-02-22,12.1,-4.6,30.96,11:10,3.96,0.3,
2004-02-23,12.8,-1.3,42.12,15:20,6.84,0.0,
2004-02-23,12.8,-1.3,42.12,15:20,6.84,0.0,
2004-02-24,9.0,2.0,42.12,16:35,12.96,0.1,
2004-02-24,9.0,2.0,42.12,16:35,12.96,0.1,
2004-02-25,7.4,1.4,41.04,13:27,10.08,0.0,
2004-02-25,7.4,1.4,41.04,13:27,10.08,0.0,
2004-02-26,8.4,-0.6,36.0,12:33,3.96,6.5,
2004-02-26,8.4,-0.6,36.0,12:33,3.96,6.5,
2004-02-27,4.1,-1.2,42.84,16:22,5.04,1.2,
2004-02-27,4.1,-1.2,42.84,16:22,5.04,1.2,
2004-02-28,7.1,-0.2,28.08,14:37,3.96,6.3,
2004-02-28,7.1,-0.2,28.08,14:37,3.96,6.3,
2004-02-29,8.1,-1.8,27.0,15:51,2.88,0.2,
2004-02-29,8.1,-1.8,27.0,15:51,2.88,0.2,
2004-03-01,8.1,-4.6,36.0,12:17,6.84,0.0,
2004-03-01,8.1,-4.6,36.0,12:17,6.84,0.0,
2004-03-02,10.4,-7.8,19.08,23:50,2.88,1.8,
2004-03-02,10.4,-7.8,19.08,23:50,2.88,1.8,
2004-03-03,10.7,4.3,30.96,13:40,9.0,0.0,
2004-03-03,10.7,4.3,30.96,13:40,9.0,0.0,
2004-03-04,15.1,8.1,38.88,13:50,11.16,0.0,
2004-03-04,15.1,8.1,38.88,13:50,11.16,0.0,
2004-03-05,14.0,5.3,34.92,Varias,9.0,1.7,
2004-03-05,14.0,5.3,34.92,Varias,9.0,1.7,
2004-03-06,11.9,0.1,28.08,16:00,9.0,0.0,
2004-03-06,11.9,0.1,28.08,16:00,9.0,0.0,
2004-03-07,16.2,-1.9,18.0,14:00,2.16,0.0,
2004-03-07,16.2,-1.9,18.0,14:00,2.16,0.0,
2004-03-08,13.9,1.6,18.0,16:10,2.16,0.5,
2004-03-08,13.9,1.6,18.0,16:10,2.16,0.5,
2004-03-09,14.2,5.4,20.88,12:28,5.04,3.8,
2004-03-09,14.2,5.4,20.88,12:28,5.04,3.8,
2004-03-10,12.3,7.5,25.92,14:58,3.96,3.0,
2004-03-10,12.3,7.5,25.92,14:58,3.96,3.0,
2004-03-11,12.0,6.8,51.84,11:47,11.88,3.1,
2004-03-11,12.0,6.8,51.84,11:47,11.88,3.1,
2004-03-12,10.8,0.0,41.04,14:13,7.92,0.5,
2004-03-12,10.8,0.0,41.04,14:13,7.92,0.5,
2004-03-13,12.8,-2.7,18.0,17:04,2.16,0.1,
2004-03-13,12.8,-2.7,18.0,17:04,2.16,0.1,
2004-03-14,15.8,2.0,28.08,09:36,6.84,0.0,
2004-03-14,15.8,2.0,28.08,09:36,6.84,0.0,
2004-03-15,20.1,-0.2,16.92,17:27,2.88,0.0,
2004-03-15,20.1,-0.2,16.92,17:27,2.88,0.0,
2004-03-16,23.2,0.4,23.04,Varias,6.84,0.7,
2004-03-16,23.2,0.4,23.04,Varias,6.84,0.7,
2004-03-17,19.8,4.5,19.08,Varias,5.04,0.2,
2004-03-17,19.8,4.5,19.08,Varias,5.04,0.2,
2004-03-18,15.7,2.7,29.16,15:20,3.96,0.0,
2004-03-18,15.7,2.7,29.16,15:20,3.96,0.0,
2004-03-19,14.8,6.1,24.84,12:00,7.92,0.2,
2004-03-19,14.8,6.1,24.84,12:00,7.92,0.2,
2004-03-20,14.4,8.5,29.16,13:50,9.0,0.0,
2004-03-20,14.4,8.5,29.16,13:50,9.0,0.0,
2004-03-21,12.8,4.0,34.92,12:00,9.0,1.4,
2004-03-21,12.8,4.0,34.92,12:00,9.0,1.4,
2004-03-22,10.7,1.1,37.08,12:00,6.12,1.5,
2004-03-22,10.7,1.1,37.08,12:00,6.12,1.5,
2004-03-23,8.0,1.3,18.0,15:32,3.96,5.7,
2004-03-23,8.0,1.3,18.0,15:32,3.96,5.7,
2004-03-24,10.1,2.1,43.92,12:43,11.88,0.0,
2004-03-24,10.1,2.1,43.92,12:43,11.88,0.0,
2004-03-25,9.2,-2.5,37.08,13:18,6.84,0.0,
2004-03-25,9.2,-2.5,37.08,13:18,6.84,0.0,
2004-03-26,10.0,-2.3,43.92,13:25,11.16,0.0,
2004-03-26,10.0,-2.3,43.92,13:25,11.16,0.0,
2004-03-27,10.4,2.0,47.16,14:04,11.88,0.0,
2004-03-27,10.4,2.0,47.16,14:04,11.88,0.0,
2004-03-28,11.2,-3.1,48.96,15:01,11.16,0.5,
2004-03-28,11.2,-3.1,48.96,15:01,11.16,0.5,
2004-03-29,11.6,4.0,20.16,13:14,5.04,0.0,
2004-03-29,11.6,4.0,20.16,13:14,5.04,0.0,
2004-03-30,12.2,4.4,20.88,18:40,3.96,0.8,
2004-03-30,12.2,4.4,20.88,18:40,3.96,0.8,
2004-03-31,12.4,6.9,51.84,16:46,11.88,4.8,
2004-03-31,12.4,6.9,51.84,16:46,11.88,4.8,
2004-05-01,12.2,-0.3,24.84,15:00,2.88,0.0,
2004-05-01,12.2,-0.3,24.84,15:00,2.88,0.0,
2004-05-02,14.9,4.9,29.16,15:20,7.92,0.0,
2004-05-02,14.9,4.9,29.16,15:20,7.92,0.0,
2004-05-03,13.5,5.5,36.0,11:40,9.0,0.0,
2004-05-03,13.5,5.5,36.0,11:40,9.0,0.0,
2004-05-04,11.9,4.5,38.88,19:31,6.12,5.1,
2004-05-04,11.9,4.5,38.88,19:31,6.12,5.1,
2004-05-05,9.7,3.4,41.04,12:10,6.84,9.5,
2004-05-05,9.7,3.4,41.04,12:10,6.84,9.5,
2004-05-06,12.2,3.4,41.04,17:32,9.0,7.0,
2004-05-06,12.2,3.4,41.04,17:32,9.0,7.0,
2004-05-07,11.6,2.0,47.16,15:25,5.04,0.5,
2004-05-07,11.6,2.0,47.16,15:25,5.04,0.5,
2004-05-08,13.5,0.8,20.88,14:51,2.88,1.2,
2004-05-08,13.5,0.8,20.88,14:51,2.88,1.2,
2004-05-09,10.2,5.0,27.0,12:37,7.92,10.5,
2004-05-09,10.2,5.0,27.0,12:37,7.92,10.5,
2004-05-10,13.9,3.9,37.08,16:36,7.92,0.0,
2004-05-10,13.9,3.9,37.08,16:36,7.92,0.0,
2004-05-11,15.2,6.6,39.96,15:10,12.96,0.0,
2004-05-11,15.2,6.6,39.96,15:10,12.96,0.0,
2004-05-12,16.5,8.4,38.88,18:20,10.08,0.0,
2004-05-12,16.5,8.4,38.88,18:20,10.08,0.0,
2004-05-13,17.5,8.8,37.08,17:40,9.0,0.0,
2004-05-13,17.5,8.8,37.08,17:40,9.0,0.0,
2004-05-14,17.4,6.8,46.08,13:20,11.88,0.0,
2004-05-14,17.4,6.8,46.08,13:20,11.88,0.0,
2004-05-15,20.4,2.2,29.88,17:00,10.08,0.0,
2004-05-15,20.4,2.2,29.88,17:00,10.08,0.0,
2004-05-16,26.7,6.7,29.16,15:40,6.84,0.0,
2004-05-16,26.7,6.7,29.16,15:40,6.84,0.0,
2004-05-17,25.0,4.7,33.84,15:40,9.0,0.0,
2004-05-17,25.0,4.7,33.84,15:40,9.0,0.0,
2004-05-18,29.9,6.2,29.16,16:16,2.88,0.0,
2004-05-18,29.9,6.2,29.16,16:16,2.88,0.0,
2004-05-19,28.1,8.5,42.12,13:59,2.88,0.8,
2004-05-19,28.1,8.5,42.12,13:59,2.88,0.8,
2004-05-20,28.0,8.2,47.88,14:45,2.16,4.6,
2004-05-20,28.0,8.2,47.88,14:45,2.16,4.6,
2004-05-21,19.8,8.7,42.12,14:03,10.08,0.0,
2004-05-21,19.8,8.7,42.12,14:03,10.08,0.0,
2004-05-22,19.9,10.2,38.16,14:57,11.16,0.0,
2004-05-22,19.9,10.2,38.16,14:57,11.16,0.0,
2004-05-23,20.0,8.7,30.96,14:11,7.92,0.0,
2004-05-23,20.0,8.7,30.96,14:11,7.92,0.0,
2004-05-24,24.2,8.4,33.12,15:13,2.88,2.8,
2004-05-24,24.2,8.4,33.12,15:13,2.88,2.8,
2004-05-25,20.2,11.6,20.88,13:00,3.96,0.0,
2004-05-25,20.2,11.6,20.88,13:00,3.96,0.0,
2004-05-26,20.9,9.8,27.0,17:40,6.12,0.0,
2004-05-26,20.9,9.8,27.0,17:40,6.12,0.0,
2004-05-27,24.4,8.1,28.08,17:20,2.88,0.0,
2004-05-27,24.4,8.1,28.08,17:20,2.88,0.0,
2004-05-28,20.2,10.1,19.08,15:30,3.96,0.0,
2004-05-28,20.2,10.1,19.08,15:30,3.96,0.0,
2004-05-29,20.1,8.9,23.04,14:10,5.04,0.0,
2004-05-29,20.1,8.9,23.04,14:10,5.04,0.0,
2004-05-30,22.6,5.6,19.08,Varias,2.88,0.0,
2004-05-30,22.6,5.6,19.08,Varias,2.88,0.0,
2004-05-31,24.3,7.1,28.08,15:00,5.04,0.3,
2004-05-31,24.3,7.1,28.08,15:00,5.04,0.3,
2004-06-01,23.2,12.8,27.0,20:30,6.12,0.0,
2004-06-01,23.2,12.8,27.0,20:30,6.12,0.0,
2004-06-02,19.6,11.0,34.92,17:52,14.04,0.0,
2004-06-02,19.6,11.0,34.92,17:52,14.04,0.0,
2004-06-03,25.2,10.0,28.08,14:52,7.92,0.0,
2004-06-03,25.2,10.0,28.08,14:52,7.92,0.0,
2004-06-04,26.2,7.4,29.88,13:32,6.12,0.0,
2004-06-04,26.2,7.4,29.88,13:32,6.12,0.0,
2004-06-05,31.4,9.9,25.92,16:11,3.96,0.0,
2004-06-05,31.4,9.9,25.92,16:11,3.96,0.0,
2004-06-06,29.8,13.1,20.88,16:45,3.96,0.0,
2004-06-06,29.8,13.1,20.88,16:45,3.96,0.0,
2004-06-07,26.8,13.0,27.0,17:36,3.96,0.0,
2004-06-07,26.8,13.0,27.0,17:36,3.96,0.0,
2004-06-08,28.5,11.8,29.16,15:30,5.04,0.0,
2004-06-08,28.5,11.8,29.16,15:30,5.04,0.0,
2004-06-09,30.6,10.6,32.04,15:20,3.96,0.0,
2004-06-09,30.6,10.6,32.04,15:20,3.96,0.0,
2004-06-10,28.6,12.5,24.12,18:10,5.04,0.0,
2004-06-10,28.6,12.5,24.12,18:10,5.04,0.0,
2004-06-11,25.8,11.9,29.16,17:40,5.04,0.0,
2004-06-11,25.8,11.9,29.16,17:40,5.04,0.0,
2004-06-12,18.8,14.7,38.88,15:50,11.16,0.0,
2004-06-12,18.8,14.7,38.88,15:50,11.16,0.0,
2004-06-13,24.8,12.2,37.08,14:00,14.04,0.0,
2004-06-13,24.8,12.2,37.08,14:00,14.04,0.0,
2004-06-14,25.3,7.9,42.12,17:20,9.0,0.0,
2004-06-14,25.3,7.9,42.12,17:20,9.0,0.0,
2004-06-15,24.3,7.3,38.88,14:55,9.0,0.0,
2004-06-15,24.3,7.3,38.88,14:55,9.0,0.0,
2004-06-16,29.6,7.4,25.92,15:40,2.88,0.0,
2004-06-16,29.6,7.4,25.92,15:40,2.88,0.0,
2004-06-17,31.3,8.2,29.88,15:05,2.88,0.0,
2004-06-17,31.3,8.2,29.88,15:05,2.88,0.0,
2004-06-18,29.5,8.2,27.0,17:40,3.96,0.0,
2004-06-18,29.5,8.2,27.0,17:40,3.96,0.0,
2004-06-19,19.5,11.8,19.08,02:50,6.12,0.0,
2004-06-19,19.5,11.8,19.08,02:50,6.12,0.0,
2004-06-20,21.2,11.0,29.88,16:55,3.96,13.0,
2004-06-20,21.2,11.0,29.88,16:55,3.96,13.0,
2004-06-21,22.4,12.8,36.0,14:30,10.08,7.6,
2004-06-21,22.4,12.8,36.0,14:30,10.08,7.6,
2004-06-22,22.6,11.6,61.92,15:00,16.92,1.9,
2004-06-22,22.6,11.6,61.92,15:00,16.92,1.9,
2004-06-23,23.4,15.1,33.12,09:50,6.84,5.3,
2004-06-23,23.4,15.1,33.12,09:50,6.84,5.3,
2004-06-24,25.0,14.3,25.92,12:10,6.84,0.0,
2004-06-24,25.0,14.3,25.92,12:10,6.84,0.0,
2004-06-25,28.9,13.8,20.88,17:50,3.96,0.0,
2004-06-25,28.9,13.8,20.88,17:50,3.96,0.0,
2004-06-26,28.3,12.6,30.96,16:40,6.84,0.0,
2004-06-26,28.3,12.6,30.96,16:40,6.84,0.0,
2004-06-27,24.2,14.9,33.84,16:50,6.12,0.0,
2004-06-27,24.2,14.9,33.84,16:50,6.12,0.0,
2004-06-28,20.7,14.9,36.0,17:00,10.08,0.0,
2004-06-28,20.7,14.9,36.0,17:00,10.08,0.0,
2004-06-29,25.4,13.6,21.96,17:40,6.84,0.0,
2004-06-29,25.4,13.6,21.96,17:40,6.84,0.0,
2004-06-30,26.1,14.6,27.0,15:40,5.04,0.0,
2004-06-30,26.1,14.6,27.0,15:40,5.04,0.0,
2004-07-01,24.2,10.2,30.96,15:40,6.84,0.0,
2004-07-01,24.2,10.2,30.96,15:40,6.84,0.0,
2004-07-02,23.8,7.4,25.92,17:30,5.04,0.0,
2004-07-02,23.8,7.4,25.92,17:30,5.04,0.0,
2004-07-03,26.8,7.6,24.12,14:10,3.96,0.0,
2004-07-03,26.8,7.6,24.12,14:10,3.96,0.0,
2004-07-04,25.0,7.6,25.92,17:05,5.04,0.0,
2004-07-04,25.0,7.6,25.92,17:05,5.04,0.0,
2004-07-05,19.6,13.2,33.84,15:40,10.08,0.0,
2004-07-05,19.6,13.2,33.84,15:40,10.08,0.0,
2004-07-06,15.0,11.0,39.96,15:25,11.16,1.4,
2004-07-06,15.0,11.0,39.96,15:25,11.16,1.4,
2004-07-07,18.2,9.1,41.04,14:12,9.0,7.1,
2004-07-07,18.2,9.1,41.04,14:12,9.0,7.1,
2004-07-08,19.2,9.2,34.92,14:05,10.08,4.7,
2004-07-08,19.2,9.2,34.92,14:05,10.08,4.7,
2004-07-09,17.2,8.1,25.92,14:00,6.84,1.3,
2004-07-09,17.2,8.1,25.92,14:00,6.84,1.3,
2004-07-10,19.8,10.0,41.04,22:00,7.92,2.6,
2004-07-10,19.8,10.0,41.04,22:00,7.92,2.6,
2004-07-11,21.3,7.7,29.16,18:15,11.88,0.0,
2004-07-11,21.3,7.7,29.16,18:15,11.88,0.0,
2004-07-12,20.9,5.2,55.08,12:23,12.96,0.0,
2004-07-12,20.9,5.2,55.08,12:23,12.96,0.0,
2004-07-13,25.9,7.2,38.16,12:34,11.88,0.0,
2004-07-13,25.9,7.2,38.16,12:34,11.88,0.0,
2004-07-14,25.2,7.9,38.88,17:12,14.04,0.0,
2004-07-14,25.2,7.9,38.88,17:12,14.04,0.0,
2004-07-15,25.0,12.7,38.16,12:20,11.88,0.0,
2004-07-15,25.0,12.7,38.16,12:20,11.88,0.0,
2004-07-16,26.6,16.0,32.04,16:49,10.08,0.0,
2004-07-16,26.6,16.0,32.04,16:49,10.08,0.0,
2004-07-17,24.9,15.0,21.96,15:20,10.08,0.0,
2004-07-17,24.9,15.0,21.96,15:20,10.08,0.0,
2004-07-18,25.9,14.3,29.16,15:13,6.12,0.0,
2004-07-18,25.9,14.3,29.16,15:13,6.12,0.0,
2004-07-19,24.4,11.8,33.12,15:13,6.84,0.0,
2004-07-19,24.4,11.8,33.12,15:13,6.84,0.0,
2004-07-20,25.5,9.6,38.88,16:36,3.96,0.0,
2004-07-20,25.5,9.6,38.88,16:36,3.96,0.0,
2004-07-21,27.1,13.6,32.04,17:25,6.84,0.0,
2004-07-21,27.1,13.6,32.04,17:25,6.84,0.0,
2004-07-22,27.2,16.0,32.04,18:16,6.84,0.0,
2004-07-22,27.2,16.0,32.04,18:16,6.84,0.0,
2004-07-23,29.6,15.4,32.04,17:30,9.0,0.0,
2004-07-23,29.6,15.4,32.04,17:30,9.0,0.0,
2004-07-24,32.3,15.8,24.84,18:39,6.84,0.0,
2004-07-24,32.3,15.8,24.84,18:39,6.84,0.0,
2004-07-25,27.8,15.2,38.88,17:04,11.16,0.0,
2004-07-25,27.8,15.2,38.88,17:04,11.16,0.0,
2004-07-26,28.1,13.3,33.84,15:26,11.16,0.0,
2004-07-26,28.1,13.3,33.84,15:26,11.16,0.0,
2004-07-27,28.4,14.7,30.96,18:23,10.08,0.0,
2004-07-27,28.4,14.7,30.96,18:23,10.08,0.0,
2004-07-28,23.4,12.0,28.08,17:38,6.84,0.0,
2004-07-28,23.4,12.0,28.08,17:38,6.84,0.0,
2004-07-29,27.1,10.6,25.92,15:26,7.92,0.0,
2004-07-29,27.1,10.6,25.92,15:26,7.92,0.0,
2004-07-30,31.4,10.7,28.08,15:30,6.84,0.0,
2004-07-30,31.4,10.7,28.08,15:30,6.84,0.0,
2004-07-31,35.8,12.7,20.16,17:38,6.12,0.0,
2004-07-31,35.8,12.7,20.16,17:38,6.12,0.0,
2004-09-01,23.2,13.3,25.92,18:12,5.04,0.0,
2004-09-01,23.2,13.3,25.92,18:12,5.04,0.0,
2004-09-02,23.0,14.0,38.88,16:26,9.0,0.1,
2004-09-02,23.0,14.0,38.88,16:26,9.0,0.1,
2004-09-03,24.1,12.5,54.0,11:56,16.92,0.2,
2004-09-03,24.1,12.5,54.0,11:56,16.92,0.2,
2004-09-04,26.0,16.6,34.92,16:09,9.0,16.5,
2004-09-04,26.0,16.6,34.92,16:09,9.0,16.5,
2004-09-05,23.2,14.8,65.16,16:10,3.96,4.3,
2004-09-05,23.2,14.8,65.16,16:10,3.96,4.3,
2004-09-06,21.8,14.5,39.96,14:24,6.84,13.3,
2004-09-06,21.8,14.5,39.96,14:24,6.84,13.3,
2004-09-07,24.2,12.8,33.12,14:22,6.12,5.1,
2004-09-07,24.2,12.8,33.12,14:22,6.12,5.1,
2004-09-08,22.2,11.2,28.08,17:34,5.04,14.4,
2004-09-08,22.2,11.2,28.08,17:34,5.04,14.4,
2004-09-09,24.5,13.0,34.92,11:48,2.88,0.0,
2004-09-09,24.5,13.0,34.92,11:48,2.88,0.0,
2004-09-10,21.8,14.8,30.96,09:24,11.88,0.0,
2004-09-10,21.8,14.8,30.96,09:24,11.88,0.0,
2004-09-11,20.8,11.7,24.84,12:54,6.84,0.0,
2004-09-11,20.8,11.7,24.84,12:54,6.84,0.0,
2004-09-12,22.9,11.1,20.88,14:44,3.96,0.0,
2004-09-12,22.9,11.1,20.88,14:44,3.96,0.0,
2004-09-13,20.1,12.0,36.0,11:24,15.12,2.7,
2004-09-13,20.1,12.0,36.0,11:24,15.12,2.7,
2004-09-14,18.3,7.9,30.96,14:57,11.16,0.2,
2004-09-14,18.3,7.9,30.96,14:57,11.16,0.2,
2004-09-15,19.0,6.2,32.04,15:36,9.0,0.0,
2004-09-15,19.0,6.2,32.04,15:36,9.0,0.0,
2004-09-16,24.5,5.0,16.92,12:29,3.96,0.0,
2004-09-16,24.5,5.0,16.92,12:29,3.96,0.0,
2004-09-17,28.0,6.3,15.84,16:10,2.88,0.0,
2004-09-17,28.0,6.3,15.84,16:10,2.88,0.0,
2004-09-18,21.7,8.6,37.08,10:33,6.84,0.0,
2004-09-18,21.7,8.6,37.08,10:33,6.84,0.0,
2004-09-19,19.8,9.1,38.88,14:44,11.88,0.0,
2004-09-19,19.8,9.1,38.88,14:44,11.88,0.0,
2004-09-20,17.8,7.4,29.88,11:04,9.0,0.0,
2004-09-20,17.8,7.4,29.88,11:04,9.0,0.0,
2004-09-21,21.0,11.7,33.12,12:43,11.88,0.0,
2004-09-21,21.0,11.7,33.12,12:43,11.88,0.0,
2004-09-22,22.8,9.8,37.08,16:01,11.16,0.0,
2004-09-22,22.8,9.8,37.08,16:01,11.16,0.0,
2004-09-23,24.2,9.4,33.12,17:05,9.0,0.0,
2004-09-23,24.2,9.4,33.12,17:05,9.0,0.0,
2004-09-24,23.4,8.0,45.0,09:55,15.12,0.0,
2004-09-24,23.4,8.0,45.0,09:55,15.12,0.0,
2004-09-25,21.2,10.4,37.08,13:21,11.88,0.0,
2004-09-25,21.2,10.4,37.08,13:21,11.88,0.0,
2004-09-26,25.0,6.1,33.84,00:18,9.0,0.0,
2004-09-26,25.0,6.1,33.84,00:18,9.0,0.0,
2004-09-27,25.4,5.0,38.88,13:10,6.84,0.0,
2004-09-27,25.4,5.0,38.88,13:10,6.84,0.0,
2004-09-28,28.4,10.7,14.04,12:42,3.96,0.0,
2004-09-28,28.4,10.7,14.04,12:42,3.96,0.0,
2004-09-29,27.6,6.7,27.0,14:10,6.12,0.0,
2004-09-29,27.6,6.7,27.0,14:10,6.12,0.0,
2004-09-30,20.1,12.3,32.04,17:59,11.88,0.0,
2004-09-30,20.1,12.3,32.04,17:59,11.88,0.0,
2004-10-01,21.5,7.9,25.92,13:58,6.84,0.2,
2004-10-01,21.5,7.9,25.92,13:58,6.84,0.2,
2004-10-02,20.0,7.2,23.04,17:41,6.12,0.0,
2004-10-02,20.0,7.2,23.04,17:41,6.12,0.0,
2004-10-03,26.0,8.5,25.92,12:36,5.04,0.0,
2004-10-03,26.0,8.5,25.92,12:36,5.04,0.0,
2004-10-04,25.6,5.8,34.92,10:27,7.92,7.3,
2004-10-04,25.6,5.8,34.92,10:27,7.92,7.3,
2004-10-05,16.5,10.8,28.08,02:46,6.12,0.0,
2004-10-05,16.5,10.8,28.08,02:46,6.12,0.0,
2004-10-06,16.6,8.6,33.12,11:36,7.92,0.5,
2004-10-06,16.6,8.6,33.12,11:36,7.92,0.5,
2004-10-07,19.7,10.7,24.12,17:04,5.04,3.1,
2004-10-07,19.7,10.7,24.12,17:04,5.04,3.1,
2004-10-08,23.5,12.6,65.88,23:23,14.04,6.6,
2004-10-08,23.5,12.6,65.88,23:23,14.04,6.6,
2004-10-09,14.4,10.6,91.08,15:14,24.84,20.6,
2004-10-09,14.4,10.6,91.08,15:14,24.84,20.6,
2004-10-10,16.9,10.9,59.04,12:01,16.92,3.2,
2004-10-10,16.9,10.9,59.04,12:01,16.92,3.2,
2004-10-11,14.4,8.5,24.84,05:28,9.0,3.7,
2004-10-11,14.4,8.5,24.84,05:28,9.0,3.7,
2004-10-12,15.0,8.3,29.16,13:11,7.92,0.0,
2004-10-12,15.0,8.3,29.16,13:11,7.92,0.0,
2004-10-13,13.2,7.2,43.92,07:52,11.16,0.3,
2004-10-13,13.2,7.2,43.92,07:52,11.16,0.3,
2004-10-14,13.4,8.5,33.84,12:16,11.16,1.5,
2004-10-14,13.4,8.5,33.84,12:16,11.16,1.5,
2004-10-15,13.4,8.9,39.96,16:47,9.0,6.3,
2004-10-15,13.4,8.9,39.96,16:47,9.0,6.3,
2004-10-16,12.4,9.7,38.16,06:31,10.08,7.4,
2004-10-16,12.4,9.7,38.16,06:31,10.08,7.4,
2004-10-17,15.8,10.4,24.84,11:48,5.04,0.5,
2004-10-17,15.8,10.4,24.84,11:48,5.04,0.5,
2004-10-18,13.4,8.7,10.08,19:54,0.0,34.7,
2004-10-18,13.4,8.7,10.08,19:54,0.0,34.7,
2004-10-19,17.3,9.9,56.88,17:24,7.92,20.7,
2004-10-19,17.3,9.9,56.88,17:24,7.92,20.7,
2004-10-20,17.5,9.7,68.04,13:33,20.16,2.5,
2004-10-20,17.5,9.7,68.04,13:33,20.16,2.5,
2004-10-21,16.8,5.6,24.84,10:33,9.0,0.0,
2004-10-21,16.8,5.6,24.84,10:33,9.0,0.0,
2004-10-22,17.6,3.0,50.04,12:25,11.88,0.0,
2004-10-22,17.6,3.0,50.04,12:25,11.88,0.0,
2004-10-23,21.6,12.4,65.16,12:25,23.04,4.6,
2004-10-23,21.6,12.4,65.16,12:25,23.04,4.6,
2004-10-24,17.1,9.4,56.16,00:41,11.88,1.1,
2004-10-24,17.1,9.4,56.16,00:41,11.88,1.1,
2004-10-25,16.0,5.7,29.88,15:43,6.12,1.7,
2004-10-25,16.0,5.7,29.88,15:43,6.12,1.7,
2004-10-26,12.9,2.9,79.92,21:02,7.92,7.2,
2004-10-26,12.9,2.9,79.92,21:02,7.92,7.2,
2004-10-27,14.9,9.5,60.84,01:36,18.0,8.3,
2004-10-27,14.9,9.5,60.84,01:36,18.0,8.3,
2004-10-28,13.5,7.4,65.88,14:46,20.16,1.0,
2004-10-28,13.5,7.4,65.88,14:46,20.16,1.0,
2004-10-29,12.8,7.9,41.04,10:56,15.84,3.5,
2004-10-29,12.8,7.9,41.04,10:56,15.84,3.5,
2004-10-30,12.7,8.3,33.12,09:45,11.16,20.0,
2004-10-30,12.7,8.3,33.12,09:45,11.16,20.0,
2004-10-31,15.9,6.6,46.08,15:27,14.04,0.0,
2004-10-31,15.9,6.6,46.08,15:27,14.04,0.0,
2004-11-01,16.4,3.0,30.96,12:09,3.96,0.0,
2004-11-01,16.4,3.0,30.96,12:09,3.96,0.0,
2004-11-02,13.3,0.7,39.96,19:07,9.0,0.0,
2004-11-02,13.3,0.7,39.96,19:07,9.0,0.0,
2004-11-03,15.4,8.7,32.04,11:54,7.92,10.0,
2004-11-03,15.4,8.7,32.04,11:54,7.92,10.0,
2004-11-04,15.6,5.6,37.08,15:40,6.12,0.0,
2004-11-04,15.6,5.6,37.08,15:40,6.12,0.0,
2004-11-05,16.0,9.8,47.16,12:33,15.84,0.0,
2004-11-05,16.0,9.8,47.16,12:33,15.84,0.0,
2004-11-06,15.3,6.1,33.12,01:10,10.08,0.0,
2004-11-06,15.3,6.1,33.12,01:10,10.08,0.0,
2004-11-07,15.6,7.0,51.12,01:03,15.84,0.0,
2004-11-07,15.6,7.0,51.12,01:03,15.84,0.0,
2004-11-08,15.2,4.7,37.08,13:30,7.92,0.0,
2004-11-08,15.2,4.7,37.08,13:30,7.92,0.0,
2004-11-09,12.1,7.0,32.04,12:07,5.04,0.0,
2004-11-09,12.1,7.0,32.04,12:07,5.04,0.0,
2004-11-10,11.5,5.6,46.08,16:17,12.96,0.0,
2004-11-10,11.5,5.6,46.08,16:17,12.96,0.0,
2004-11-11,10.7,6.7,54.0,07:03,16.92,0.0,
2004-11-11,10.7,6.7,54.0,07:03,16.92,0.0,
2004-11-12,12.4,5.1,43.92,14:35,14.04,0.0,
2004-11-12,12.4,5.1,43.92,14:35,14.04,0.0,
2004-11-13,12.2,0.4,45.0,18:21,12.96,0.0,
2004-11-13,12.2,0.4,45.0,18:21,12.96,0.0,
2004-11-14,10.5,5.7,50.04,22:06,16.92,0.0,
2004-11-14,10.5,5.7,50.04,22:06,16.92,0.0,
2004-11-15,12.8,0.7,48.96,11:51,7.92,0.0,
2004-11-15,12.8,0.7,48.96,11:51,7.92,0.0,
2004-11-16,13.5,-1.8,27.0,15:56,7.92,0.2,
2004-11-16,13.5,-1.8,27.0,15:56,7.92,0.2,
2004-11-17,12.7,-0.3,15.12,19:53,5.04,0.2,
2004-11-17,12.7,-0.3,15.12,19:53,5.04,0.2,
2004-11-18,7.5,-0.5,20.88,12:27,6.12,0.0,
2004-11-18,7.5,-0.5,20.88,12:27,6.12,0.0,
2004-11-19,12.6,5.9,18.0,21:33,3.96,0.1,
2004-11-19,12.6,5.9,18.0,21:33,3.96,0.1,
2004-11-20,13.8,2.2,11.88,13:16,5.04,0.2,
2004-11-20,13.8,2.2,11.88,13:16,5.04,0.2,
2004-11-21,11.2,3.0,12.96,00:20,3.96,0.3,
2004-11-21,11.2,3.0,12.96,00:20,3.96,0.3,
2004-11-22,6.8,0.4,9.0,11:07,2.88,0.3,
2004-11-22,6.8,0.4,9.0,11:07,2.88,0.3,
2004-11-23,5.3,-2.0,6.84,11:20,3.96,0.3,
2004-11-23,5.3,-2.0,6.84,11:20,3.96,0.3,
2004-11-24,5.3,-2.0,10.08,20:59,3.96,0.3,
2004-11-24,5.3,-2.0,10.08,20:59,3.96,0.3,
2004-11-25,10.7,-4.1,10.08,20:00,2.88,2.8,
2004-11-25,10.7,-4.1,10.08,20:00,2.88,2.8,
2004-11-26,13.9,0.3,11.88,01:29,6.12,0.1,
2004-11-26,13.9,0.3,11.88,01:29,6.12,0.1,
2004-11-27,10.5,-0.3,10.08,23:48,3.96,0.1,
2004-11-27,10.5,-0.3,10.08,23:48,3.96,0.1,
2004-11-28,10.4,3.8,27.0,22:50,2.16,1.3,
2004-11-28,10.4,3.8,27.0,22:50,2.16,1.3,
2004-11-29,11.6,0.5,24.84,14:19,7.92,0.0,
2004-11-29,11.6,0.5,24.84,14:19,7.92,0.0,
2004-11-30,9.8,0.5,42.12,19:56,3.96,12.9,
2004-11-30,9.8,0.5,42.12,19:56,3.96,12.9,
2004-12-01,9.0,6.7,15.12,17:20,2.88,18.2,
2004-12-01,9.0,6.7,15.12,17:20,2.88,18.2,
2004-12-02,8.0,5.9,27.0,19:38,3.96,1.0,
2004-12-02,8.0,5.9,27.0,19:38,3.96,1.0,
2004-12-03,10.0,0.4,37.08,15:37,10.08,0.0,
2004-12-03,10.0,0.4,37.08,15:37,10.08,0.0,
2004-12-04,10.8,-0.8,38.88,11:39,6.84,0.0,
2004-12-04,10.8,-0.8,38.88,11:39,6.84,0.0,
2004-12-05,10.4,-0.7,63.0,12:36,12.96,0.0,
2004-12-05,10.4,-0.7,63.0,12:36,12.96,0.0,
2004-12-06,9.9,-2.9,24.84,14:15,3.96,0.1,
2004-12-06,9.9,-2.9,24.84,14:15,3.96,0.1,
2004-12-07,7.0,-3.1,19.08,00:22,3.96,0.1,
2004-12-07,7.0,-3.1,19.08,00:22,3.96,0.1,
2004-12-08,7.9,-5.0,14.04,13:10,2.16,0.0,
2004-12-08,7.9,-5.0,14.04,13:10,2.16,0.0,
2004-12-09,6.7,-2.0,12.96,15:02,2.88,0.0,
2004-12-09,6.7,-2.0,12.96,15:02,2.88,0.0,
2004-12-10,4.0,-2.3,6.84,14:29,1.08,0.1,
2004-12-10,4.0,-2.3,6.84,14:29,1.08,0.1,
2004-12-11,7.0,-2.0,9.0,22:35,2.16,0.2,
2004-12-11,7.0,-2.0,9.0,22:35,2.16,0.2,
2004-12-12,13.6,-2.9,23.04,21:34,6.12,0.0,
2004-12-12,13.6,-2.9,23.04,21:34,6.12,0.0,
2004-12-13,15.0,-0.5,30.96,11:20,2.88,0.0,
2004-12-13,15.0,-0.5,30.96,11:20,2.88,0.0,
2004-12-14,16.0,1.2,15.12,00:41,6.84,0.1,
2004-12-14,16.0,1.2,15.12,00:41,6.84,0.1,
2004-12-15,9.2,1.0,11.88,17:37,1.08,0.0,
2004-12-15,9.2,1.0,11.88,17:37,1.08,0.0,
2004-12-16,12.2,3.5,27.0,12:05,6.12,0.0,
2004-12-16,12.2,3.5,27.0,12:05,6.12,0.0,
2004-12-17,11.0,1.4,27.0,12:33,11.16,0.4,
2004-12-17,11.0,1.4,27.0,12:33,11.16,0.4,
2004-12-18,12.9,9.2,32.04,21:50,7.92,2.0,
2004-12-18,12.9,9.2,32.04,21:50,7.92,2.0,
2004-12-19,10.9,7.0,48.96,02:30,16.92,2.5,
2004-12-19,10.9,7.0,48.96,02:30,16.92,2.5,
2004-12-20,9.0,2.0,24.84,00:52,3.96,1.1,
2004-12-20,9.0,2.0,24.84,00:52,3.96,1.1,
2004-12-21,8.0,2.1,42.12,13:59,7.92,6.4,
2004-12-21,8.0,2.1,42.12,13:59,7.92,6.4,
2004-12-22,9.8,1.5,41.04,16:09,2.88,0.0,
2004-12-22,9.8,1.5,41.04,16:09,2.88,0.0,
2004-12-23,11.5,1.5,20.16,16:21,1.08,0.0,
2004-12-23,11.5,1.5,20.16,16:21,1.08,0.0,
2004-12-24,12.1,2.1,34.92,15:54,10.08,1.3,
2004-12-24,12.1,2.1,34.92,15:54,10.08,1.3,
2004-12-25,7.0,0.8,48.96,15:32,9.0,12.3,
2004-12-25,7.0,0.8,48.96,15:32,9.0,12.3,
2004-12-26,6.8,0.1,0.0,,0.0,14.1,
2004-12-26,6.8,0.1,0.0,,0.0,14.1,
2004-12-27,8.0,0.7,0.0,,5.04,4.2,
2004-12-27,8.0,0.7,0.0,,5.04,4.2,
2004-12-28,9.2,0.3,34.92,10:34,9.0,0.2,
2004-12-28,9.2,0.3,34.92,10:34,9.0,0.2,
2004-12-29,9.3,-0.5,18.0,19:56,0.0,0.1,
2004-12-29,9.3,-0.5,18.0,19:56,0.0,0.1,
2004-12-30,12.6,-0.1,20.16,14:24,6.12,0.3,
2004-12-30,12.6,-0.1,20.16,14:24,6.12,0.3,
2004-12-31,8.1,2.2,11.16,22:16,3.96,0.0,
2004-12-31,8.1,2.2,11.16,22:16,3.96,0.0,
2005-01-01,8.1,3.9,16.92,04:34,3.96,0.0,
2005-01-01,8.1,3.9,16.92,04:34,3.96,0.0,
2005-01-02,9.9,4.5,29.88,15:39,6.12,0.0,
2005-01-02,9.9,4.5,29.88,15:39,6.12,0.0,
2005-01-03,9.9,-1.6,20.88,10:58,6.84,0.4,
2005-01-03,9.9,-1.6,20.88,10:58,6.84,0.4,
2005-01-04,11.0,-4.3,30.96,12:12,9.0,0.0,
2005-01-04,11.0,-4.3,30.96,12:12,9.0,0.0,
2005-01-05,10.0,-1.9,34.92,10:47,9.0,0.0,
2005-01-05,10.0,-1.9,34.92,10:47,9.0,0.0,
2005-01-06,15.5,0.8,16.92,03:33,5.04,0.1,
2005-01-06,15.5,0.8,16.92,03:33,5.04,0.1,
2005-01-07,14.4,-3.2,37.08,21:07,6.84,0.0,
2005-01-07,14.4,-3.2,37.08,21:07,6.84,0.0,
2005-01-08,10.2,4.6,43.92,04:01,15.12,0.3,
2005-01-08,10.2,4.6,43.92,04:01,15.12,0.3,
2005-01-09,13.8,-0.2,33.12,04:44,9.0,0.0,
2005-01-09,13.8,-0.2,33.12,04:44,9.0,0.0,
2005-01-10,11.0,-0.2,57.96,10:55,18.0,0.0,
2005-01-10,11.0,-0.2,57.96,10:55,18.0,0.0,
2005-01-11,11.2,8.7,51.84,15:13,15.84,3.0,
2005-01-11,11.2,8.7,51.84,15:13,15.84,3.0,
2005-01-12,11.0,8.4,45.0,04:14,7.92,14.0,
2005-01-12,11.0,8.4,45.0,04:14,7.92,14.0,
2005-01-13,12.3,9.3,34.92,17:24,11.88,8.2,
2005-01-13,12.3,9.3,34.92,17:24,11.88,8.2,
2005-01-14,15.7,6.0,38.16,13:17,10.08,0.0,
2005-01-14,15.7,6.0,38.16,13:17,10.08,0.0,
2005-01-15,12.4,1.8,41.04,12:52,11.16,0.3,
2005-01-15,12.4,1.8,41.04,12:52,11.16,0.3,
2005-01-16,14.6,-0.4,33.12,09:43,5.04,0.0,
2005-01-16,14.6,-0.4,33.12,09:43,5.04,0.0,
2005-01-17,14.0,-2.0,29.88,16:11,5.04,0.1,
2005-01-17,14.0,-2.0,29.88,16:11,5.04,0.1,
2005-01-18,9.4,1.4,42.84,13:06,7.92,4.6,
2005-01-18,9.4,1.4,42.84,13:06,7.92,4.6,
2005-01-19,10.0,0.7,15.84,16:55,5.04,0.9,
2005-01-19,10.0,0.7,15.84,16:55,5.04,0.9,
2005-01-20,13.8,4.0,20.88,17:58,6.12,0.0,
2005-01-20,13.8,4.0,20.88,17:58,6.12,0.0,
2005-01-21,11.7,2.6,42.84,10:07,10.08,0.0,
2005-01-21,11.7,2.6,42.84,10:07,10.08,0.0,
2005-01-22,12.2,0.1,28.08,14:55,6.84,0.0,
2005-01-22,12.2,0.1,28.08,14:55,6.84,0.0,
2005-01-23,11.6,-1.3,46.08,19:22,9.0,0.0,
2005-01-23,11.6,-1.3,46.08,19:22,9.0,0.0,
2005-01-24,8.6,0.4,48.96,10:38,11.16,0.0,
2005-01-24,8.6,0.4,48.96,10:38,11.16,0.0,
2005-01-25,6.2,1.0,45.0,14:26,14.04,3.2,
2005-01-25,6.2,1.0,45.0,14:26,14.04,3.2,
2005-01-26,6.0,-0.5,69.12,11:52,16.92,0.0,
2005-01-26,6.0,-0.5,69.12,11:52,16.92,0.0,
2005-01-27,4.8,0.5,55.08,05:55,16.92,0.1,
2005-01-27,4.8,0.5,55.08,05:55,16.92,0.1,
2005-01-28,7.6,0.0,28.08,14:15,6.84,3.4,
2005-01-28,7.6,0.0,28.08,14:15,6.84,3.4,
2005-01-29,8.0,0.4,37.08,14:49,10.08,2.0,
2005-01-29,8.0,0.4,37.08,14:49,10.08,2.0,
2005-01-30,8.3,0.4,42.12,02:24,9.0,0.0,
2005-01-30,8.3,0.4,42.12,02:24,9.0,0.0,
2005-01-31,11.3,-0.3,47.16,06:25,15.12,0.0,
2005-01-31,11.3,-0.3,47.16,06:25,15.12,0.0,
2005-02-01,10.1,1.9,56.88,07:02,16.92,0.0,
2005-02-01,10.1,1.9,56.88,07:02,16.92,0.0,
2005-02-02,11.9,2.1,45.0,12:37,15.12,0.0,
2005-02-02,11.9,2.1,45.0,12:37,15.12,0.0,
2005-02-03,10.6,-1.6,51.84,17:00,15.84,0.0,
2005-02-03,10.6,-1.6,51.84,17:00,15.84,0.0,
2005-02-04,10.0,-2.4,38.88,08:22,7.92,0.0,
2005-02-04,10.0,-2.4,38.88,08:22,7.92,0.0,
2005-02-05,7.8,-2.1,37.08,06:52,6.84,1.3,
2005-02-05,7.8,-2.1,37.08,06:52,6.84,1.3,
2005-02-06,7.6,-2.4,21.96,01:53,6.12,0.2,
2005-02-06,7.6,-2.4,21.96,01:53,6.12,0.2,
2005-02-07,8.3,-4.9,12.96,19:00,2.88,0.3,
2005-02-07,8.3,-4.9,12.96,19:00,2.88,0.3,
2005-02-08,12.4,-4.2,25.92,16:53,6.12,0.0,
2005-02-08,12.4,-4.2,25.92,16:53,6.12,0.0,
2005-02-09,14.0,-4.0,23.04,16:36,7.92,0.1,
2005-02-09,14.0,-4.0,23.04,16:36,7.92,0.1,
2005-02-10,14.6,-2.1,20.16,12:25,6.12,0.0,
2005-02-10,14.6,-2.1,20.16,12:25,6.12,0.0,
2005-02-11,13.6,0.2,21.96,16:23,2.88,0.0,
2005-02-11,13.6,0.2,21.96,16:23,2.88,0.0,
2005-02-12,12.3,2.7,20.88,13:29,5.04,0.5,
2005-02-12,12.3,2.7,20.88,13:29,5.04,0.5,
2005-02-13,9.8,4.9,54.0,21:14,9.0,0.6,
2005-02-13,9.8,4.9,54.0,21:14,9.0,0.6,
2005-02-14,9.3,1.9,55.08,08:37,11.16,0.1,
2005-02-14,9.3,1.9,55.08,08:37,11.16,0.1,
2005-02-15,8.3,2.8,51.12,17:00,10.08,0.9,
2005-02-15,8.3,2.8,51.12,17:00,10.08,0.9,
2005-02-16,7.9,0.6,38.88,15:29,10.08,0.0,
2005-02-16,7.9,0.6,38.88,15:29,10.08,0.0,
2005-02-17,8.3,-1.7,42.12,16:42,14.04,0.0,
2005-02-17,8.3,-1.7,42.12,16:42,14.04,0.0,
2005-02-18,11.2,-3.0,38.88,14:49,11.16,0.0,
2005-02-18,11.2,-3.0,38.88,14:49,11.16,0.0,
2005-02-19,9.8,-2.4,29.16,14:50,6.12,0.3,
2005-02-19,9.8,-2.4,29.16,14:50,6.12,0.3,
2005-02-20,8.7,1.8,43.92,14:26,6.84,3.6,
2005-02-20,8.7,1.8,43.92,14:26,6.84,3.6,
2005-02-21,6.2,-0.5,33.12,12:28,6.12,6.3,
2005-02-21,6.2,-0.5,33.12,12:28,6.12,6.3,
2005-02-22,8.0,-1.9,50.04,08:40,10.08,1.9,
2005-02-22,8.0,-1.9,50.04,08:40,10.08,1.9,
2005-02-23,8.5,-5.4,28.08,15:29,9.0,0.4,
2005-02-23,8.5,-5.4,28.08,15:29,9.0,0.4,
2005-02-24,8.4,-5.1,38.88,16:29,6.84,0.3,
2005-02-24,8.4,-5.1,38.88,16:29,6.84,0.3,
2005-02-25,5.5,-6.0,29.16,16:06,7.92,0.1,
2005-02-25,5.5,-6.0,29.16,16:06,7.92,0.1,
2005-02-26,4.9,-0.3,34.92,13:51,6.84,2.2,
2005-02-26,4.9,-0.3,34.92,13:51,6.84,2.2,
2005-02-27,8.0,0.6,48.96,17:12,16.92,0.0,
2005-02-27,8.0,0.6,48.96,17:12,16.92,0.0,
2005-02-28,3.7,-2.5,65.88,16:11,23.04,0.7,
2005-02-28,3.7,-2.5,65.88,16:11,23.04,0.7,
2005-03-01,6.9,-5.3,47.88,08:49,11.16,0.3,
2005-03-01,6.9,-5.3,47.88,08:49,11.16,0.3,
2005-03-02,6.2,-8.2,51.12,11:17,9.0,0.8,
2005-03-02,6.2,-8.2,51.12,11:17,9.0,0.8,
2005-03-03,4.5,-2.1,51.84,17:31,7.92,5.9,
2005-03-03,4.5,-2.1,51.84,17:31,7.92,5.9,
2005-03-04,5.2,-4.1,33.84,15:13,9.0,6.4,
2005-03-04,5.2,-4.1,33.84,15:13,9.0,6.4,
2005-03-05,8.3,0.6,38.88,17:57,9.0,2.9,
2005-03-05,8.3,0.6,38.88,17:57,9.0,2.9,
2005-03-06,8.9,-0.2,55.08,13:58,11.88,0.4,
2005-03-06,8.9,-0.2,55.08,13:58,11.88,0.4,
2005-03-07,11.0,-2.3,34.92,16:07,12.96,0.2,
2005-03-07,11.0,-2.3,34.92,16:07,12.96,0.2,
2005-03-08,12.0,-5.5,32.04,14:37,9.0,0.0,
2005-03-08,12.0,-5.5,32.04,14:37,9.0,0.0,
2005-03-09,13.2,-5.3,25.92,17:02,9.0,0.0,
2005-03-09,13.2,-5.3,25.92,17:02,9.0,0.0,
2005-03-10,14.5,-4.6,25.92,17:55,7.92,0.0,
2005-03-10,14.5,-4.6,25.92,17:55,7.92,0.0,
2005-03-11,16.9,-1.9,21.96,15:25,5.04,0.0,
2005-03-11,16.9,-1.9,21.96,15:25,5.04,0.0,
2005-03-12,18.8,-3.6,28.08,15:44,3.96,0.0,
2005-03-12,18.8,-3.6,28.08,15:44,3.96,0.0,
2005-03-13,19.5,2.5,21.96,17:47,9.0,0.0,
2005-03-13,19.5,2.5,21.96,17:47,9.0,0.0,
2005-03-14,18.4,3.2,30.96,09:55,6.12,0.0,
2005-03-14,18.4,3.2,30.96,09:55,6.12,0.0,
2005-03-15,22.5,0.0,38.88,14:38,12.96,0.0,
2005-03-15,22.5,0.0,38.88,14:38,12.96,0.0,
2005-03-16,20.4,4.3,36.0,12:34,11.16,0.0,
2005-03-16,20.4,4.3,36.0,12:34,11.16,0.0,
2005-03-17,25.0,3.1,27.0,16:24,7.92,0.0,
2005-03-17,25.0,3.1,27.0,16:24,7.92,0.0,
2005-03-18,23.8,3.5,23.04,15:40,6.12,0.0,
2005-03-18,23.8,3.5,23.04,15:40,6.12,0.0,
2005-03-19,24.0,4.8,29.88,15:50,5.04,0.0,
2005-03-19,24.0,4.8,29.88,15:50,5.04,0.0,
2005-03-20,19.0,6.8,34.92,22:53,11.16,9.1,
2005-03-20,19.0,6.8,34.92,22:53,11.16,9.1,
2005-03-21,18.5,11.3,68.04,17:47,33.84,8.7,
2005-03-21,18.5,11.3,68.04,17:47,33.84,8.7,
2005-03-22,17.4,3.8,55.08,01:23,18.0,0.0,
2005-03-22,17.4,3.8,55.08,01:23,18.0,0.0,
2005-03-23,15.6,3.6,60.12,09:09,16.92,4.0,
2005-03-23,15.6,3.6,60.12,09:09,16.92,4.0,
2005-03-24,18.2,7.8,39.96,11:50,14.04,0.0,
2005-03-24,18.2,7.8,39.96,11:50,14.04,0.0,
2005-03-25,15.8,6.6,61.92,16:36,15.84,9.4,
2005-03-25,15.8,6.6,61.92,16:36,15.84,9.4,
2005-03-26,11.8,7.9,56.16,22:31,15.84,23.2,
2005-03-26,11.8,7.9,56.16,22:31,15.84,23.2,
2005-03-27,13.1,7.8,48.96,23:48,15.12,2.9,
2005-03-27,13.1,7.8,48.96,23:48,15.12,2.9,
2005-03-28,15.2,8.8,47.16,12:19,15.84,3.4,
2005-03-28,15.2,8.8,47.16,12:19,15.84,3.4,
2005-03-29,15.1,9.4,38.88,13:25,12.96,2.6,
2005-03-29,15.1,9.4,38.88,13:25,12.96,2.6,
2005-03-30,16.5,9.7,34.92,14:01,6.12,0.4,
2005-03-30,16.5,9.7,34.92,14:01,6.12,0.4,
2005-03-31,24.2,5.6,23.04,17:05,6.12,0.0,
2005-03-31,24.2,5.6,23.04,17:05,6.12,0.0,
2005-04-01,22.6,6.6,36.0,21:03,7.92,6.5,
2005-04-01,22.6,6.6,36.0,21:03,7.92,6.5,
2005-04-02,18.4,7.7,28.08,10:36,10.08,0.2,
2005-04-02,18.4,7.7,28.08,10:36,10.08,0.2,
2005-04-03,16.5,7.3,25.92,13:51,5.04,9.8,
2005-04-03,16.5,7.3,25.92,13:51,5.04,9.8,
2005-04-04,14.5,7.0,23.04,15:48,5.04,0.3,
2005-04-04,14.5,7.0,23.04,15:48,5.04,0.3,
2005-04-05,18.6,8.2,37.08,02:53,6.12,0.0,
2005-04-05,18.6,8.2,37.08,02:53,6.12,0.0,
2005-04-06,21.5,6.5,45.0,12:27,7.92,0.2,
2005-04-06,21.5,6.5,45.0,12:27,7.92,0.2,
2005-04-07,13.8,6.3,45.0,15:34,12.96,1.4,
2005-04-07,13.8,6.3,45.0,15:34,12.96,1.4,
2005-04-08,10.5,2.3,52.92,10:16,20.16,1.1,
2005-04-08,10.5,2.3,52.92,10:16,20.16,1.1,
2005-04-09,10.7,-0.8,42.84,15:47,11.88,0.0,
2005-04-09,10.7,-0.8,42.84,15:47,11.88,0.0,
2005-04-10,14.0,-3.0,42.12,15:34,11.88,0.0,
2005-04-10,14.0,-3.0,42.12,15:34,11.88,0.0,
2005-04-11,14.9,-0.1,48.96,17:43,15.12,0.0,
2005-04-11,14.9,-0.1,48.96,17:43,15.12,0.0,
2005-04-12,15.3,4.8,42.12,15:55,15.12,0.0,
2005-04-12,15.3,4.8,42.12,15:55,15.12,0.0,
2005-04-13,17.4,1.6,24.84,16:18,9.0,0.4,
2005-04-13,17.4,1.6,24.84,16:18,9.0,0.4,
2005-04-14,10.7,2.0,42.84,19:34,12.96,4.1,
2005-04-14,10.7,2.0,42.84,19:34,12.96,4.1,
2005-04-15,7.9,2.8,36.0,14:37,11.16,5.5,
2005-04-15,7.9,2.8,36.0,14:37,11.16,5.5,
2005-04-16,11.1,3.0,33.12,12:31,6.84,4.1,
2005-04-16,11.1,3.0,33.12,12:31,6.84,4.1,
2005-04-17,14.3,8.0,61.92,19:05,18.0,9.9,
2005-04-17,14.3,8.0,61.92,19:05,18.0,9.9,
2005-04-18,14.5,5.2,47.16,15:16,12.96,11.7,
2005-04-18,14.5,5.2,47.16,15:16,12.96,11.7,
2005-04-19,12.8,5.6,43.92,15:38,9.0,6.8,
2005-04-19,12.8,5.6,43.92,15:38,9.0,6.8,
2005-04-20,11.3,7.6,37.08,20:18,15.12,4.5,
2005-04-20,11.3,7.6,37.08,20:18,15.12,4.5,
2005-04-21,14.4,9.7,36.0,01:08,12.96,0.0,
2005-04-21,14.4,9.7,36.0,01:08,12.96,0.0,
2005-04-22,17.6,9.3,45.0,14:15,12.96,3.3,
2005-04-22,17.6,9.3,45.0,14:15,12.96,3.3,
2005-04-23,15.8,8.3,51.12,16:01,15.12,3.0,
2005-04-23,15.8,8.3,51.12,16:01,15.12,3.0,
2005-04-24,14.1,6.9,51.12,14:17,12.96,0.4,
2005-04-24,14.1,6.9,51.12,14:17,12.96,0.4,
2005-04-25,15.0,6.6,37.08,23:42,15.84,0.0,
2005-04-25,15.0,6.6,37.08,23:42,15.84,0.0,
2005-04-26,17.2,5.4,50.04,09:07,15.12,0.0,
2005-04-26,17.2,5.4,50.04,09:07,15.12,0.0,
2005-04-27,23.0,3.5,37.08,02:39,7.92,0.0,
2005-04-27,23.0,3.5,37.08,02:39,7.92,0.0,
2005-04-28,23.5,4.2,29.88,11:49,6.84,0.0,
2005-04-28,23.5,4.2,29.88,11:49,6.84,0.0,
2005-04-29,27.5,1.7,28.08,13:33,6.12,0.0,
2005-04-29,27.5,1.7,28.08,13:33,6.12,0.0,
2005-04-30,27.3,6.6,39.96,14:57,7.92,0.0,
2005-04-30,27.3,6.6,39.96,14:57,7.92,0.0,
2005-05-01,21.5,11.8,52.92,12:46,18.0,0.1,
2005-05-01,21.5,11.8,52.92,12:46,18.0,0.1,
2005-05-02,18.1,11.0,60.12,12:07,15.84,4.9,
2005-05-02,18.1,11.0,60.12,12:07,15.84,4.9,
2005-05-03,18.6,7.3,42.12,00:30,11.16,0.8,
2005-05-03,18.6,7.3,42.12,00:30,11.16,0.8,
2005-05-04,15.6,6.5,0.0,,7.92,0.0,
2005-05-04,15.6,6.5,0.0,,7.92,0.0,
2005-05-05,16.6,1.5,43.92,16:07,14.04,0.0,
2005-05-05,16.6,1.5,43.92,16:07,14.04,0.0,
2005-05-06,20.7,5.0,33.12,13:33,11.88,0.0,
2005-05-06,20.7,5.0,33.12,13:33,11.88,0.0,
2005-05-07,26.2,6.1,29.88,15:13,6.84,0.0,
2005-05-07,26.2,6.1,29.88,15:13,6.84,0.0,
2005-05-08,18.7,9.8,33.12,15:35,10.08,0.0,
2005-05-08,18.7,9.8,33.12,15:35,10.08,0.0,
2005-05-09,20.2,10.4,36.0,15:23,5.04,0.0,
2005-05-09,20.2,10.4,36.0,15:23,5.04,0.0,
2005-05-10,17.1,6.2,30.96,13:24,5.04,11.0,
2005-05-10,17.1,6.2,30.96,13:24,5.04,11.0,
2005-05-11,19.2,4.8,32.04,13:13,5.04,8.7,
2005-05-11,19.2,4.8,32.04,13:13,5.04,8.7,
2005-05-12,19.0,9.2,23.04,13:47,6.84,0.7,
2005-05-12,19.0,9.2,23.04,13:47,6.84,0.7,
2005-05-13,15.4,9.2,42.12,16:03,11.88,6.8,
2005-05-13,15.4,9.2,42.12,16:03,11.88,6.8,
2005-05-14,14.9,6.8,52.92,10:06,18.0,10.1,
2005-05-14,14.9,6.8,52.92,10:06,18.0,10.1,
2005-05-15,11.0,7.9,42.12,07:40,15.84,26.7,
2005-05-15,11.0,7.9,42.12,07:40,15.84,26.7,
2005-05-16,14.4,7.4,39.96,13:45,11.88,7.3,
2005-05-16,14.4,7.4,39.96,13:45,11.88,7.3,
2005-05-17,15.0,5.5,20.88,16:58,6.12,0.0,
2005-05-17,15.0,5.5,20.88,16:58,6.12,0.0,
2005-05-18,20.2,5.4,24.84,13:21,5.04,0.0,
2005-05-18,20.2,5.4,24.84,13:21,5.04,0.0,
2005-05-19,25.5,4.2,41.04,17:25,9.0,0.0,
2005-05-19,25.5,4.2,41.04,17:25,9.0,0.0,
2005-05-20,20.0,7.4,37.08,13:39,11.16,0.4,
2005-05-20,20.0,7.4,37.08,13:39,11.16,0.4,
2005-05-21,18.3,8.0,36.0,16:34,11.88,0.8,
2005-05-21,18.3,8.0,36.0,16:34,11.88,0.8,
2005-05-22,15.2,5.0,32.04,15:06,11.16,0.7,
2005-05-22,15.2,5.0,32.04,15:06,11.16,0.7,
2005-05-23,20.6,2.6,29.88,13:18,6.12,0.0,
2005-05-23,20.6,2.6,29.88,13:18,6.12,0.0,
2005-05-24,27.6,3.2,25.92,16:13,7.92,0.0,
2005-05-24,27.6,3.2,25.92,16:13,7.92,0.0,
2005-05-25,28.2,7.2,29.16,13:46,6.84,0.0,
2005-05-25,28.2,7.2,29.16,13:46,6.84,0.0,
2005-05-26,31.2,8.4,38.88,15:32,9.0,0.0,
2005-05-26,31.2,8.4,38.88,15:32,9.0,0.0,
2005-05-27,25.2,10.5,57.96,10:13,11.88,0.0,
2005-05-27,25.2,10.5,57.96,10:13,11.88,0.0,
2005-05-28,14.5,10.2,34.92,11:52,14.04,0.0,
2005-05-28,14.5,10.2,34.92,11:52,14.04,0.0,
2005-05-29,13.9,10.1,30.96,06:00,11.16,0.0,
2005-05-29,13.9,10.1,30.96,06:00,11.16,0.0,
2005-05-30,19.1,5.0,46.08,16:38,11.88,0.0,
2005-05-30,19.1,5.0,46.08,16:38,11.88,0.0,
2005-05-31,21.2,4.0,45.0,13:29,15.12,0.0,
2005-05-31,21.2,4.0,45.0,13:29,15.12,0.0,
2005-06-01,22.5,5.9,36.0,13:41,11.88,0.0,
2005-06-01,22.5,5.9,36.0,13:41,11.88,0.0,
2005-06-02,28.8,10.2,32.04,13:16,9.0,0.0,
2005-06-02,28.8,10.2,32.04,13:16,9.0,0.0,
2005-06-03,21.4,10.1,29.16,13:14,6.84,0.0,
2005-06-03,21.4,10.1,29.16,13:14,6.84,0.0,
2005-06-04,21.3,7.9,37.08,18:50,11.88,0.0,
2005-06-04,21.3,7.9,37.08,18:50,11.88,0.0,
2005-06-05,26.7,6.1,30.96,16:27,11.16,0.0,
2005-06-05,26.7,6.1,30.96,16:27,11.16,0.0,
2005-06-06,23.5,6.2,56.16,17:08,14.04,0.0,
2005-06-06,23.5,6.2,56.16,17:08,14.04,0.0,
2005-06-07,24.2,8.3,41.04,18:30,15.12,0.0,
2005-06-07,24.2,8.3,41.04,18:30,15.12,0.0,
2005-06-08,28.1,13.7,28.08,16:11,10.08,0.0,
2005-06-08,28.1,13.7,28.08,16:11,10.08,0.0,
2005-06-09,28.0,10.2,32.04,17:29,10.08,0.0,
2005-06-09,28.0,10.2,32.04,17:29,10.08,0.0,
2005-06-10,23.3,9.2,27.0,13:48,9.0,0.0,
2005-06-10,23.3,9.2,27.0,13:48,9.0,0.0,
2005-06-11,27.4,12.3,33.12,14:55,6.12,0.1,
2005-06-11,27.4,12.3,33.12,14:55,6.12,0.1,
2005-06-12,23.7,13.3,24.84,16:24,6.84,0.1,
2005-06-12,23.7,13.3,24.84,16:24,6.84,0.1,
2005-06-13,17.8,12.2,24.84,14:38,2.88,24.6,
2005-06-13,17.8,12.2,24.84,14:38,2.88,24.6,
2005-06-14,22.6,11.0,30.96,11:37,11.88,0.0,
2005-06-14,22.6,11.0,30.96,11:37,11.88,0.0,
2005-06-15,23.6,15.2,51.84,18:32,14.04,0.2,
2005-06-15,23.6,15.2,51.84,18:32,14.04,0.2,
2005-06-16,27.2,13.6,32.04,18:48,10.08,0.0,
2005-06-16,27.2,13.6,32.04,18:48,10.08,0.0,
2005-06-17,32.2,16.0,20.16,14:09,3.96,0.0,
2005-06-17,32.2,16.0,20.16,14:09,3.96,0.0,
2005-06-18,33.2,14.5,0.0,,6.84,0.0,
2005-06-18,33.2,14.5,0.0,,6.84,0.0,
2005-06-19,22.7,14.5,29.88,17:11,11.16,0.0,
2005-06-19,22.7,14.5,29.88,17:11,11.16,0.0,
2005-06-20,23.9,15.0,38.88,17:12,11.16,0.0,
2005-06-20,23.9,15.0,38.88,17:12,11.16,0.0,
2005-06-21,21.5,14.6,30.96,14:06,10.08,0.0,
2005-06-21,21.5,14.6,30.96,14:06,10.08,0.0,
2005-06-22,34.1,13.4,16.92,15:17,3.96,0.0,
2005-06-22,34.1,13.4,16.92,15:17,3.96,0.0,
2005-06-23,31.7,14.3,38.88,10:44,5.04,0.0,
2005-06-23,31.7,14.3,38.88,10:44,5.04,0.0,
2005-06-24,20.0,13.0,18.0,17:15,6.84,0.0,
2005-06-24,20.0,13.0,18.0,17:15,6.84,0.0,
2005-06-25,22.7,10.7,33.12,16:29,6.84,0.0,
2005-06-25,22.7,10.7,33.12,16:29,6.84,0.0,
2005-06-26,26.8,14.6,34.92,16:47,10.08,0.0,
2005-06-26,26.8,14.6,34.92,16:47,10.08,0.0,
2005-06-27,27.8,14.6,38.88,12:05,7.92,0.0,
2005-06-27,27.8,14.6,38.88,12:05,7.92,0.0,
2005-06-28,18.2,12.2,39.96,09:03,10.08,9.7,
2005-06-28,18.2,12.2,39.96,09:03,10.08,9.7,
2005-06-29,21.6,13.1,33.84,15:39,10.08,1.4,
2005-06-29,21.6,13.1,33.84,15:39,10.08,1.4,
2005-06-30,21.2,8.8,29.88,16:55,10.08,0.1,
2005-06-30,21.2,8.8,29.88,16:55,10.08,0.1,
2005-07-01,27.6,8.0,29.16,16:20,6.84,0.0,
2005-07-01,27.6,8.0,29.16,16:20,6.84,0.0,
2005-07-02,33.0,9.3,24.84,16:57,6.84,0.0,
2005-07-02,33.0,9.3,24.84,16:57,6.84,0.0,
2005-07-03,19.8,13.8,25.92,15:52,7.92,0.7,
2005-07-03,19.8,13.8,25.92,15:52,7.92,0.7,
2005-07-04,21.2,9.4,29.16,09:59,6.84,0.0,
2005-07-04,21.2,9.4,29.16,09:59,6.84,0.0,
2005-07-05,23.6,12.6,24.12,18:06,7.92,0.0,
2005-07-05,23.6,12.6,24.12,18:06,7.92,0.0,
2005-07-06,21.5,13.0,42.12,14:06,11.88,0.0,
2005-07-06,21.5,13.0,42.12,14:06,11.88,0.0,
2005-07-07,21.0,12.1,56.88,15:51,18.0,0.0,
2005-07-07,21.0,12.1,56.88,15:51,18.0,0.0,
2005-07-08,22.1,12.3,47.16,17:18,19.08,0.0,
2005-07-08,22.1,12.3,47.16,17:18,19.08,0.0,
2005-07-09,23.8,12.7,46.08,16:12,15.12,0.0,
2005-07-09,23.8,12.7,46.08,16:12,15.12,0.0,
2005-07-10,27.2,11.3,51.84,15:55,14.04,0.0,
2005-07-10,27.2,11.3,51.84,15:55,14.04,0.0,
2005-07-11,31.9,9.0,34.92,16:55,9.0,0.0,
2005-07-11,31.9,9.0,34.92,16:55,9.0,0.0,
2005-07-12,32.5,10.0,34.92,13:40,7.92,0.0,
2005-07-12,32.5,10.0,34.92,13:40,7.92,0.0,
2005-07-13,34.0,11.4,36.0,16:26,6.84,0.0,
2005-07-13,34.0,11.4,36.0,16:26,6.84,0.0,
2005-07-14,32.0,13.2,30.96,15:35,6.84,0.0,
2005-07-14,32.0,13.2,30.96,15:35,6.84,0.0,
2005-07-15,29.5,11.3,30.96,17:35,10.08,0.0,
2005-07-15,29.5,11.3,30.96,17:35,10.08,0.0,
2005-07-16,27.0,11.6,29.88,15:27,6.12,0.0,
2005-07-16,27.0,11.6,29.88,15:27,6.12,0.0,
2005-07-17,22.8,12.2,43.92,14:34,9.0,0.0,
2005-07-17,22.8,12.2,43.92,14:34,9.0,0.0,
2005-07-18,24.5,11.6,34.92,06:23,11.16,0.0,
2005-07-18,24.5,11.6,34.92,06:23,11.16,0.0,
2005-07-19,26.9,12.3,39.96,16:27,10.08,0.0,
2005-07-19,26.9,12.3,39.96,16:27,10.08,0.0,
2005-07-20,27.9,13.1,38.16,17:21,12.96,0.0,
2005-07-20,27.9,13.1,38.16,17:21,12.96,0.0,
2005-07-21,26.1,15.9,37.08,16:56,12.96,0.0,
2005-07-21,26.1,15.9,37.08,16:56,12.96,0.0,
2005-07-22,26.5,16.5,33.84,18:28,12.96,0.0,
2005-07-22,26.5,16.5,33.84,18:28,12.96,0.0,
2005-07-23,25.7,15.4,30.96,16:53,7.92,0.0,
2005-07-23,25.7,15.4,30.96,16:53,7.92,0.0,
2005-07-24,22.5,15.8,30.96,14:38,11.88,0.3,
2005-07-24,22.5,15.8,30.96,14:38,11.88,0.3,
2005-07-25,24.6,11.8,38.88,17:40,12.96,0.0,
2005-07-25,24.6,11.8,38.88,17:40,12.96,0.0,
2005-07-26,26.8,16.8,39.96,10:50,11.16,0.0,
2005-07-26,26.8,16.8,39.96,10:50,11.16,0.0,
2005-07-27,26.0,15.0,59.04,11:51,12.96,15.4,
2005-07-27,26.0,15.0,59.04,11:51,12.96,15.4,
2005-07-28,24.6,12.4,48.96,12:30,12.96,7.4,
2005-07-28,24.6,12.4,48.96,12:30,12.96,7.4,
2005-07-29,20.0,11.7,32.04,12:45,9.0,0.0,
2005-07-29,20.0,11.7,32.04,12:45,9.0,0.0,
2005-07-30,21.2,8.1,33.12,17:56,9.0,0.0,
2005-07-30,21.2,8.1,33.12,17:56,9.0,0.0,
2005-07-31,21.1,7.1,33.12,16:05,10.08,0.0,
2005-07-31,21.1,7.1,33.12,16:05,10.08,0.0,
2005-08-01,22.8,8.2,39.96,15:55,11.88,0.0,
2005-08-01,22.8,8.2,39.96,15:55,11.88,0.0,
2005-08-02,25.8,7.4,32.04,18:10,7.92,0.0,
2005-08-02,25.8,7.4,32.04,18:10,7.92,0.0,
2005-08-03,26.0,8.2,42.84,16:24,12.96,0.0,
2005-08-03,26.0,8.2,42.84,16:24,12.96,0.0,
2005-08-04,28.2,10.8,30.96,15:10,11.88,0.0,
2005-08-04,28.2,10.8,30.96,15:10,11.88,0.0,
2005-08-05,28.6,10.2,36.0,16:40,11.88,0.0,
2005-08-05,28.6,10.2,36.0,16:40,11.88,0.0,
2005-08-06,28.7,10.8,30.96,15:45,11.16,0.0,
2005-08-06,28.7,10.8,30.96,15:45,11.16,0.0,
2005-08-07,29.2,9.7,27.0,17:55,9.0,0.0,
2005-08-07,29.2,9.7,27.0,17:55,9.0,0.0,
2005-08-08,24.0,16.2,24.12,17:44,5.04,0.0,
2005-08-08,24.0,16.2,24.12,17:44,5.04,0.0,
2005-08-09,27.8,16.4,0.0,,7.92,20.2,
2005-08-09,27.8,16.4,0.0,,7.92,20.2,
2005-08-10,21.2,14.5,0.0,,9.0,6.0,
2005-08-10,21.2,14.5,0.0,,9.0,6.0,
2005-08-11,27.6,10.8,29.16,16:16,10.08,0.0,
2005-08-11,27.6,10.8,29.16,16:16,10.08,0.0,
2005-08-12,28.4,10.6,30.96,17:55,7.92,0.0,
2005-08-12,28.4,10.6,30.96,17:55,7.92,0.0,
2005-08-13,25.8,15.1,48.96,19:37,15.12,0.0,
2005-08-13,25.8,15.1,48.96,19:37,15.12,0.0,
2005-08-14,24.9,13.8,42.12,13:46,15.84,0.0,
2005-08-14,24.9,13.8,42.12,13:46,15.84,0.0,
2005-08-15,24.0,13.2,46.08,07:55,12.96,4.7,
2005-08-15,24.0,13.2,46.08,07:55,12.96,4.7,
2005-08-16,21.3,15.0,36.0,11:34,5.04,0.0,
2005-08-16,21.3,15.0,36.0,11:34,5.04,0.0,
2005-08-17,25.7,12.4,29.16,16:36,10.08,0.0,
2005-08-17,25.7,12.4,29.16,16:36,10.08,0.0,
2005-08-18,26.6,9.4,34.92,18:17,6.84,0.0,
2005-08-18,26.6,9.4,34.92,18:17,6.84,0.0,
2005-08-19,21.9,10.8,46.08,14:59,12.96,0.0,
2005-08-19,21.9,10.8,46.08,14:59,12.96,0.0,
2005-08-20,22.3,9.0,41.04,17:38,11.16,0.0,
2005-08-20,22.3,9.0,41.04,17:38,11.16,0.0,
2005-08-21,22.1,8.3,39.96,15:47,10.08,0.0,
2005-08-21,22.1,8.3,39.96,15:47,10.08,0.0,
2005-08-22,26.0,7.6,29.88,16:50,7.92,0.0,
2005-08-22,26.0,7.6,29.88,16:50,7.92,0.0,
2005-08-23,22.6,10.9,30.96,16:08,14.04,0.0,
2005-08-23,22.6,10.9,30.96,16:08,14.04,0.0,
2005-08-24,28.2,6.0,27.0,17:10,6.84,0.0,
2005-08-24,28.2,6.0,27.0,17:10,6.84,0.0,
2005-08-25,21.6,11.0,25.92,10:19,10.08,1.5,
2005-08-25,21.6,11.0,25.92,10:19,10.08,1.5,
2005-08-26,24.4,13.1,28.08,17:05,5.04,0.0,
2005-08-26,24.4,13.1,28.08,17:05,5.04,0.0,
2005-08-27,19.9,13.6,24.84,10:51,10.08,0.7,
2005-08-27,19.9,13.6,24.84,10:51,10.08,0.7,
2005-08-28,24.0,16.4,32.04,16:08,7.92,0.0,
2005-08-28,24.0,16.4,32.04,16:08,7.92,0.0,
2005-08-29,26.6,16.8,32.04,16:14,11.88,0.1,
2005-08-29,26.6,16.8,32.04,16:14,11.88,0.1,
2005-08-30,35.3,14.5,34.92,12:01,6.84,0.0,
2005-08-30,35.3,14.5,34.92,12:01,6.84,0.0,
2005-08-31,23.9,12.2,28.08,11:58,9.0,0.0,
2005-08-31,23.9,12.2,28.08,11:58,9.0,0.0,
2005-09-01,27.6,10.0,36.0,16:44,7.92,0.0,
2005-09-01,27.6,10.0,36.0,16:44,7.92,0.0,
2005-09-02,32.2,10.4,37.08,16:42,5.04,0.0,
2005-09-02,32.2,10.4,37.08,16:42,5.04,0.0,
2005-09-03,31.4,10.7,32.04,15:15,7.92,0.0,
2005-09-03,31.4,10.7,32.04,15:15,7.92,0.0,
2005-09-04,25.0,12.0,37.08,12:50,10.08,0.3,
2005-09-04,25.0,12.0,37.08,12:50,10.08,0.3,
2005-09-05,21.6,10.4,39.96,13:44,11.88,0.5,
2005-09-05,21.6,10.4,39.96,13:44,11.88,0.5,
2005-09-06,20.0,12.9,36.0,14:57,11.16,0.0,
2005-09-06,20.0,12.9,36.0,14:57,11.16,0.0,
2005-09-07,22.0,8.7,24.84,14:53,5.04,0.0,
2005-09-07,22.0,8.7,24.84,14:53,5.04,0.0,
2005-09-08,25.2,7.8,24.12,23:14,3.96,10.8,
2005-09-08,25.2,7.8,24.12,23:14,3.96,10.8,
2005-09-09,18.8,11.5,39.96,08:57,11.88,2.9,
2005-09-09,18.8,11.5,39.96,08:57,11.88,2.9,
2005-09-10,16.0,11.2,37.08,12:12,11.16,16.3,
2005-09-10,16.0,11.2,37.08,12:12,11.16,16.3,
2005-09-11,20.8,9.2,24.84,17:01,7.92,0.0,
2005-09-11,20.8,9.2,24.84,17:01,7.92,0.0,
2005-09-12,22.8,9.8,33.12,13:29,9.0,0.0,
2005-09-12,22.8,9.8,33.12,13:29,9.0,0.0,
2005-09-13,25.3,7.5,29.88,18:23,6.84,0.0,
2005-09-13,25.3,7.5,29.88,18:23,6.84,0.0,
2005-09-14,28.2,9.0,38.88,12:59,3.96,0.0,
2005-09-14,28.2,9.0,38.88,12:59,3.96,0.0,
2005-09-15,30.6,11.5,24.84,14:51,5.04,0.0,
2005-09-15,30.6,11.5,24.84,14:51,5.04,0.0,
2005-09-16,21.8,11.0,38.88,20:48,7.92,0.4,
2005-09-16,21.8,11.0,38.88,20:48,7.92,0.4,
2005-09-17,17.6,6.3,43.92,10:41,14.04,0.0,
2005-09-17,17.6,6.3,43.92,10:41,14.04,0.0,
2005-09-18,20.0,3.6,37.08,10:19,7.92,0.0,
2005-09-18,20.0,3.6,37.08,10:19,7.92,0.0,
2005-09-19,24.6,2.6,25.92,16:03,5.04,0.0,
2005-09-19,24.6,2.6,25.92,16:03,5.04,0.0,
2005-09-20,22.6,4.2,27.0,14:55,6.84,0.0,
2005-09-20,22.6,4.2,27.0,14:55,6.84,0.0,
2005-09-21,27.8,4.4,23.04,17:14,2.88,0.0,
2005-09-21,27.8,4.4,23.04,17:14,2.88,0.0,
2005-09-22,25.2,5.4,20.88,16:09,3.96,0.0,
2005-09-22,25.2,5.4,20.88,16:09,3.96,0.0,
2005-09-23,24.2,9.4,24.12,17:24,1.08,0.0,
2005-09-23,24.2,9.4,24.12,17:24,1.08,0.0,
2005-09-24,22.3,10.7,25.92,15:47,5.04,0.0,
2005-09-24,22.3,10.7,25.92,15:47,5.04,0.0,
2005-09-25,21.9,7.5,21.96,16:36,6.84,0.5,
2005-09-25,21.9,7.5,21.96,16:36,6.84,0.5,
2005-09-26,25.1,3.1,20.88,13:39,6.12,0.0,
2005-09-26,25.1,3.1,20.88,13:39,6.12,0.0,
2005-09-27,15.8,4.8,25.92,16:13,3.96,0.3,
2005-09-27,15.8,4.8,25.92,16:13,3.96,0.3,
2005-09-28,19.6,12.0,29.16,15:05,7.92,0.0,
2005-09-28,19.6,12.0,29.16,15:05,7.92,0.0,
2005-09-29,22.7,8.5,33.12,12:55,11.16,0.0,
2005-09-29,22.7,8.5,33.12,12:55,11.16,0.0,
2005-09-30,28.4,5.7,21.96,17:19,2.16,0.0,
2005-09-30,28.4,5.7,21.96,17:19,2.16,0.0,
2005-10-01,18.9,9.5,37.08,12:48,11.16,0.0,
2005-10-01,18.9,9.5,37.08,12:48,11.16,0.0,
2005-10-02,17.7,6.7,43.92,14:48,14.04,0.0,
2005-10-02,17.7,6.7,43.92,14:48,14.04,0.0,
2005-10-03,21.2,4.6,32.04,17:05,6.12,0.0,
2005-10-03,21.2,4.6,32.04,17:05,6.12,0.0,
2005-10-04,24.0,2.5,19.08,16:21,5.04,0.0,
2005-10-04,24.0,2.5,19.08,16:21,5.04,0.0,
2005-10-05,24.6,1.6,23.04,18:29,1.08,0.0,
2005-10-05,24.6,1.6,23.04,18:29,1.08,0.0,
2005-10-06,26.2,1.6,18.0,17:02,0.0,0.0,
2005-10-06,26.2,1.6,18.0,17:02,0.0,0.0,
2005-10-07,28.2,0.5,20.16,13:08,3.96,0.0,
2005-10-07,28.2,0.5,20.16,13:08,3.96,0.0,
2005-10-08,25.8,3.1,20.16,16:24,1.08,0.0,
2005-10-08,25.8,3.1,20.16,16:24,1.08,0.0,
2005-10-09,26.8,4.7,20.88,11:54,3.96,0.9,
2005-10-09,26.8,4.7,20.88,11:54,3.96,0.9,
2005-10-10,23.0,13.4,36.0,12:04,6.84,16.2,
2005-10-10,23.0,13.4,36.0,12:04,6.84,16.2,
2005-10-11,20.0,16.2,38.88,21:45,9.0,13.8,
2005-10-11,20.0,16.2,38.88,21:45,9.0,13.8,
2005-10-12,16.7,9.9,41.04,02:12,6.84,5.7,
2005-10-12,16.7,9.9,41.04,02:12,6.84,5.7,
2005-10-13,12.9,8.3,33.12,13:54,5.04,0.4,
2005-10-13,12.9,8.3,33.12,13:54,5.04,0.4,
2005-10-14,12.9,7.1,33.84,11:19,3.96,8.0,
2005-10-14,12.9,7.1,33.84,11:19,3.96,8.0,
2005-10-15,18.1,4.6,29.88,12:43,5.04,0.0,
2005-10-15,18.1,4.6,29.88,12:43,5.04,0.0,
2005-10-16,20.4,4.6,33.84,12:57,5.04,0.6,
2005-10-16,20.4,4.6,33.84,12:57,5.04,0.6,
2005-10-17,16.8,10.3,29.16,11:57,6.84,2.1,
2005-10-17,16.8,10.3,29.16,11:57,6.84,2.1,
2005-10-18,16.6,6.6,33.84,11:19,5.04,10.6,
2005-10-18,16.6,6.6,33.84,11:19,5.04,10.6,
2005-10-19,17.6,10.7,43.92,02:36,7.92,15.7,
2005-10-19,17.6,10.7,43.92,02:36,7.92,15.7,
2005-10-20,18.6,9.7,34.92,23:03,6.84,4.6,
2005-10-20,18.6,9.7,34.92,23:03,6.84,4.6,
2005-10-21,19.0,10.6,51.12,19:51,20.16,9.2,
2005-10-21,19.0,10.6,51.12,19:51,20.16,9.2,
2005-10-22,16.0,11.6,32.04,08:30,6.84,4.5,
2005-10-22,16.0,11.6,32.04,08:30,6.84,4.5,
2005-10-23,17.9,8.4,24.84,11:25,2.88,0.0,
2005-10-23,17.9,8.4,24.84,11:25,2.88,0.0,
2005-10-24,19.6,8.8,42.84,11:15,14.04,0.0,
2005-10-24,19.6,8.8,42.84,11:15,14.04,0.0,
2005-10-25,20.9,14.5,48.96,13:37,14.04,0.0,
2005-10-25,20.9,14.5,48.96,13:37,14.04,0.0,
2005-10-26,24.9,10.3,46.08,15:00,5.04,0.0,
2005-10-26,24.9,10.3,46.08,15:00,5.04,0.0,
2005-10-27,19.9,11.8,72.0,09:14,16.92,4.9,
2005-10-27,19.9,11.8,72.0,09:14,16.92,4.9,
2005-10-28,18.8,12.0,37.08,14:05,11.88,1.4,
2005-10-28,18.8,12.0,37.08,14:05,11.88,1.4,
2005-10-29,18.6,12.8,51.12,10:17,19.08,10.5,
2005-10-29,18.6,12.8,51.12,10:17,19.08,10.5,
2005-10-30,15.9,8.8,37.08,00:34,5.04,7.5,
2005-10-30,15.9,8.8,37.08,00:34,5.04,7.5,
2005-10-31,13.0,8.7,45.0,11:09,14.04,12.5,
2005-10-31,13.0,8.7,45.0,11:09,14.04,12.5,
2005-11-01,15.5,8.8,48.96,13:05,20.88,1.7,
2005-11-01,15.5,8.8,48.96,13:05,20.88,1.7,
2005-11-02,17.8,13.8,55.08,10:09,24.12,5.3,
2005-11-02,17.8,13.8,55.08,10:09,24.12,5.3,
2005-11-03,14.2,8.5,39.96,06:18,9.0,2.0,
2005-11-03,14.2,8.5,39.96,06:18,9.0,2.0,
2005-11-04,13.3,3.4,39.96,13:08,5.04,2.5,
2005-11-04,13.3,3.4,39.96,13:08,5.04,2.5,
2005-11-05,14.1,-0.4,21.96,11:27,5.04,0.0,
2005-11-05,14.1,-0.4,21.96,11:27,5.04,0.0,
2005-11-06,15.6,4.8,38.88,03:38,11.16,0.0,
2005-11-06,15.6,4.8,38.88,03:38,11.16,0.0,
2005-11-07,16.1,10.7,32.04,00:06,7.92,0.0,
2005-11-07,16.1,10.7,32.04,00:06,7.92,0.0,
2005-11-08,16.2,5.4,57.96,11:41,11.16,19.7,
2005-11-08,16.2,5.4,57.96,11:41,11.16,19.7,
2005-11-09,13.4,4.2,25.92,13:34,2.88,0.6,
2005-11-09,13.4,4.2,25.92,13:34,2.88,0.6,
2005-11-10,12.7,4.8,27.0,14:28,3.96,0.0,
2005-11-10,12.7,4.8,27.0,14:28,3.96,0.0,
2005-11-11,13.8,0.8,15.84,20:19,2.16,3.5,
2005-11-11,13.8,0.8,15.84,20:19,2.16,3.5,
2005-11-12,10.5,2.1,29.88,13:03,6.12,4.2,
2005-11-12,10.5,2.1,29.88,13:03,6.12,4.2,
2005-11-13,10.7,2.4,50.04,13:45,15.84,16.6,
2005-11-13,10.7,2.4,50.04,13:45,15.84,16.6,
2005-11-14,14.6,9.5,38.16,00:29,12.96,0.0,
2005-11-14,14.6,9.5,38.16,00:29,12.96,0.0,
2005-11-15,12.4,5.6,39.96,00:16,14.04,0.4,
2005-11-15,12.4,5.6,39.96,00:16,14.04,0.4,
2005-11-16,11.6,5.7,12.96,14:53,0.0,0.5,
2005-11-16,11.6,5.7,12.96,14:53,0.0,0.5,
2005-11-17,14.5,3.0,18.0,12:13,2.88,0.0,
2005-11-17,14.5,3.0,18.0,12:13,2.88,0.0,
2005-11-18,14.4,0.9,33.84,21:08,0.0,0.0,
2005-11-18,14.4,0.9,33.84,21:08,0.0,0.0,
2005-11-19,15.0,7.5,36.0,00:12,5.04,1.9,
2005-11-19,15.0,7.5,36.0,00:12,5.04,1.9,
2005-11-20,14.8,8.3,27.0,09:59,1.08,0.0,
2005-11-20,14.8,8.3,27.0,09:59,1.08,0.0,
2005-11-21,17.4,6.2,24.12,15:37,2.88,0.0,
2005-11-21,17.4,6.2,24.12,15:37,2.88,0.0,
2005-11-22,14.0,4.2,28.08,20:19,6.12,0.0,
2005-11-22,14.0,4.2,28.08,20:19,6.12,0.0,
2005-11-23,11.8,3.4,42.12,12:03,7.92,0.0,
2005-11-23,11.8,3.4,42.12,12:03,7.92,0.0,
2005-11-24,11.0,0.8,25.92,15:50,2.16,0.2,
2005-11-24,11.0,0.8,25.92,15:50,2.16,0.2,
2005-11-25,8.0,0.5,45.0,15:39,6.12,10.0,
2005-11-25,8.0,0.5,45.0,15:39,6.12,10.0,
2005-11-26,4.8,0.3,25.92,06:36,3.96,7.3,
2005-11-26,4.8,0.3,25.92,06:36,3.96,7.3,
2005-11-27,7.0,1.9,20.88,23:51,3.96,1.4,
2005-11-27,7.0,1.9,20.88,23:51,3.96,1.4,
2005-11-28,8.0,0.8,28.08,06:46,10.08,0.5,
2005-11-28,8.0,0.8,28.08,06:46,10.08,0.5,
2005-11-29,8.2,0.1,21.96,14:21,0.0,0.9,
2005-11-29,8.2,0.1,21.96,14:21,0.0,0.9,
2005-11-30,7.6,-0.5,25.92,23:55,6.12,0.1,
2005-11-30,7.6,-0.5,25.92,23:55,6.12,0.1,
2005-12-01,10.4,7.0,41.04,11:15,21.96,34.1,
2005-12-01,10.4,7.0,41.04,11:15,21.96,34.1,
2005-12-02,8.9,4.9,39.96,09:40,12.96,6.7,
2005-12-02,8.9,4.9,39.96,09:40,12.96,6.7,
2005-12-03,12.2,4.8,39.96,23:09,12.96,3.2,
2005-12-03,12.2,4.8,39.96,23:09,12.96,3.2,
2005-12-04,10.4,7.0,41.04,09:07,14.04,4.5,
2005-12-04,10.4,7.0,41.04,09:07,14.04,4.5,
2005-12-05,9.5,2.5,33.12,13:50,2.88,2.3,
2005-12-05,9.5,2.5,33.12,13:50,2.88,2.3,
2005-12-06,9.0,4.6,19.08,01:34,2.88,0.8,
2005-12-06,9.0,4.6,19.08,01:34,2.88,0.8,
2005-12-07,10.1,7.2,16.92,20:27,2.16,1.8,
2005-12-07,10.1,7.2,16.92,20:27,2.16,1.8,
2005-12-08,11.9,3.9,30.96,04:48,2.16,0.4,
2005-12-08,11.9,3.9,30.96,04:48,2.16,0.4,
2005-12-09,13.2,0.9,24.12,14:04,2.88,0.1,
2005-12-09,13.2,0.9,24.12,14:04,2.88,0.1,
2005-12-10,11.0,-1.6,24.12,14:14,2.88,0.2,
2005-12-10,11.0,-1.6,24.12,14:14,2.88,0.2,
2005-12-11,10.0,-5.5,19.08,20:29,1.08,0.0,
2005-12-11,10.0,-5.5,19.08,20:29,1.08,0.0,
2005-12-12,11.2,-2.8,34.92,12:43,7.92,0.0,
2005-12-12,11.2,-2.8,34.92,12:43,7.92,0.0,
2005-12-13,9.4,5.9,37.08,08:27,12.96,0.0,
2005-12-13,9.4,5.9,37.08,08:27,12.96,0.0,
2005-12-14,8.2,4.1,39.96,01:03,15.12,0.0,
2005-12-14,8.2,4.1,39.96,01:03,15.12,0.0,
2005-12-15,10.4,3.6,38.88,14:51,11.16,0.0,
2005-12-15,10.4,3.6,38.88,14:51,11.16,0.0,
2005-12-16,10.2,-1.3,34.92,14:26,7.92,0.1,
2005-12-16,10.2,-1.3,34.92,14:26,7.92,0.1,
2005-12-17,12.0,3.6,34.92,12:47,6.12,0.2,
2005-12-17,12.0,3.6,34.92,12:47,6.12,0.2,
2005-12-18,12.0,-1.3,33.12,11:09,2.16,0.0,
2005-12-18,12.0,-1.3,33.12,11:09,2.16,0.0,
2005-12-19,9.1,-4.1,18.0,16:21,0.0,0.2,
2005-12-19,9.1,-4.1,18.0,16:21,0.0,0.2,
2005-12-20,7.8,-5.3,11.88,13:14,1.08,0.0,
2005-12-20,7.8,-5.3,11.88,13:14,1.08,0.0,
2005-12-21,7.7,-6.8,10.08,23:03,0.0,0.0,
2005-12-21,7.7,-6.8,10.08,23:03,0.0,0.0,
2005-12-22,0.5,-7.2,9.0,01:08,0.0,0.0,
2005-12-22,0.5,-7.2,9.0,01:08,0.0,0.0,
2005-12-23,5.1,-10.0,12.96,18:25,0.0,0.0,
2005-12-23,5.1,-10.0,12.96,18:25,0.0,0.0,
2005-12-24,7.1,-10.0,11.16,14:26,0.0,0.3,
2005-12-24,7.1,-10.0,11.16,14:26,0.0,0.3,
2005-12-25,6.0,-4.0,6.12,08:52,0.0,0.0,
2005-12-25,6.0,-4.0,6.12,08:52,0.0,0.0,
2005-12-26,7.0,-2.9,7.92,14:34,0.0,11.4,
2005-12-26,7.0,-2.9,7.92,14:34,0.0,11.4,
2005-12-27,7.2,-1.7,20.88,04:39,1.08,6.1,
2005-12-27,7.2,-1.7,20.88,04:39,1.08,6.1,
2005-12-28,7.4,-4.4,29.88,22:20,2.16,3.9,
2005-12-28,7.4,-4.4,29.88,22:20,2.16,3.9,
2005-12-29,11.0,4.1,28.08,15:03,6.84,5.2,
2005-12-29,11.0,4.1,28.08,15:03,6.84,5.2,
2005-12-30,11.6,9.3,42.12,23:51,11.88,10.4,
2005-12-30,11.6,9.3,42.12,23:51,11.88,10.4,
2005-12-31,9.9,5.7,47.88,04:14,7.92,10.3,
2005-12-31,9.9,5.7,47.88,04:14,7.92,10.3,
2006-01-01,9.7,2.1,34.92,13:51,3.96,0.0,
2006-01-01,9.7,2.1,34.92,13:51,3.96,0.0,
2006-01-02,8.8,6.2,16.92,14:15,0.0,0.0,
2006-01-02,8.8,6.2,16.92,14:15,0.0,0.0,
2006-01-03,10.2,-0.3,29.88,13:54,2.16,0.0,
2006-01-03,10.2,-0.3,29.88,13:54,2.16,0.0,
2006-01-04,11.9,-1.3,24.12,12:53,3.96,0.0,
2006-01-04,11.9,-1.3,24.12,12:53,3.96,0.0,
2006-01-05,9.8,4.2,28.08,23:47,3.96,0.0,
2006-01-05,9.8,4.2,28.08,23:47,3.96,0.0,
2006-01-06,8.6,4.9,25.92,00:25,6.12,0.0,
2006-01-06,8.6,4.9,25.92,00:25,6.12,0.0,
2006-01-07,6.5,0.7,33.84,01:48,10.08,0.0,
2006-01-07,6.5,0.7,33.84,01:48,10.08,0.0,
2006-01-08,10.0,0.3,0.0,,0.0,0.0,
2006-01-08,10.0,0.3,0.0,,0.0,0.0,
2006-01-09,8.2,-1.2,15.84,14:17,0.0,0.0,
2006-01-09,8.2,-1.2,15.84,14:17,0.0,0.0,
2006-01-10,8.2,-4.8,14.04,21:24,0.0,0.0,
2006-01-10,8.2,-4.8,14.04,21:24,0.0,0.0,
2006-01-11,11.2,-2.8,25.92,01:41,3.96,0.0,
2006-01-11,11.2,-2.8,25.92,01:41,3.96,0.0,
2006-01-12,11.2,-3.6,27.0,13:27,6.12,0.0,
2006-01-12,11.2,-3.6,27.0,13:27,6.12,0.0,
2006-01-13,10.6,1.0,39.96,11:57,11.16,0.0,
2006-01-13,10.6,1.0,39.96,11:57,11.16,0.0,
2006-01-14,9.1,0.5,34.92,23:57,2.88,0.0,
2006-01-14,9.1,0.5,34.92,23:57,2.88,0.0,
2006-01-15,6.6,2.9,46.08,07:19,15.12,0.0,
2006-01-15,6.6,2.9,46.08,07:19,15.12,0.0,
2006-01-16,8.0,0.9,11.88,14:36,0.0,0.0,
2006-01-16,8.0,0.9,11.88,14:36,0.0,0.0,
2006-01-17,7.9,3.5,42.12,10:38,9.0,0.0,
2006-01-17,7.9,3.5,42.12,10:38,9.0,0.0,
2006-01-18,11.9,7.0,18.0,14:13,0.0,0.0,
2006-01-18,11.9,7.0,18.0,14:13,0.0,0.0,
2006-01-19,12.4,-0.1,19.08,16:34,1.08,0.0,
2006-01-19,12.4,-0.1,19.08,16:34,1.08,0.0,
2006-01-20,11.9,1.6,32.04,14:31,0.0,0.0,
2006-01-20,11.9,1.6,32.04,14:31,0.0,0.0,
2006-01-21,11.8,5.8,15.84,16:03,0.0,0.0,
2006-01-21,11.8,5.8,15.84,16:03,0.0,0.0,
2006-01-22,10.5,-0.6,20.88,01:30,0.0,0.0,
2006-01-22,10.5,-0.6,20.88,01:30,0.0,0.0,
2006-01-23,12.5,-1.6,15.12,13:37,0.0,0.0,
2006-01-23,12.5,-1.6,15.12,13:37,0.0,0.0,
2006-01-24,11.6,-4.3,15.12,15:12,0.0,0.0,
2006-01-24,11.6,-4.3,15.12,15:12,0.0,0.0,
2006-01-25,12.8,-1.4,0.0,,0.0,0.0,
2006-01-25,12.8,-1.4,0.0,,0.0,0.0,
2006-01-26,10.5,-3.2,0.0,,7.92,0.0,
2006-01-26,10.5,-3.2,0.0,,7.92,0.0,
2006-01-27,6.4,0.5,0.0,,11.88,0.0,
2006-01-27,6.4,0.5,0.0,,11.88,0.0,
2006-01-28,2.0,-2.5,0.0,,0.0,0.0,
2006-01-28,2.0,-2.5,0.0,,0.0,0.0,
2006-01-29,5.0,-7.8,0.0,,0.0,0.0,
2006-01-29,5.0,-7.8,0.0,,0.0,0.0,
2006-01-30,9.7,-2.8,0.0,,2.88,0.0,
2006-01-30,9.7,-2.8,0.0,,2.88,0.0,
2006-01-31,11.0,-4.4,0.0,,2.88,0.0,
2006-01-31,11.0,-4.4,0.0,,2.88,0.0,
2006-02-01,15.0,-5.8,12.96,18:28,2.88,0.0,
2006-02-01,15.0,-5.8,12.96,18:28,2.88,0.0,
2006-02-02,15.7,-2.1,12.96,15:31,3.96,0.0,
2006-02-02,15.7,-2.1,12.96,15:31,3.96,0.0,
2006-02-03,10.8,-1.8,33.84,15:27,10.08,0.0,
2006-02-03,10.8,-1.8,33.84,15:27,10.08,0.0,
2006-02-04,9.8,-0.6,38.16,11:50,11.16,0.0,
2006-02-04,9.8,-0.6,38.16,11:50,11.16,0.0,
2006-02-05,11.0,-2.2,36.0,11:55,7.92,0.0,
2006-02-05,11.0,-2.2,36.0,11:55,7.92,0.0,
2006-02-06,12.5,-3.9,20.16,16:27,5.04,0.0,
2006-02-06,12.5,-3.9,20.16,16:27,5.04,0.0,
2006-02-07,12.9,-3.9,12.96,15:09,1.08,0.0,
2006-02-07,12.9,-3.9,12.96,15:09,1.08,0.0,
2006-02-08,14.2,-5.0,14.04,17:06,2.88,0.0,
2006-02-08,14.2,-5.0,14.04,17:06,2.88,0.0,
2006-02-09,12.4,-3.4,21.96,16:11,5.04,0.0,
2006-02-09,12.4,-3.4,21.96,16:11,5.04,0.0,
2006-02-10,13.0,-3.5,15.84,16:46,2.88,0.0,
2006-02-10,13.0,-3.5,15.84,16:46,2.88,0.0,
2006-02-11,11.2,-1.9,34.92,15:27,7.92,0.0,
2006-02-11,11.2,-1.9,34.92,15:27,7.92,0.0,
2006-02-12,14.5,-1.7,15.84,00:00,3.96,0.0,
2006-02-12,14.5,-1.7,15.84,00:00,3.96,0.0,
2006-02-13,17.4,-3.8,29.88,16:43,6.12,0.0,
2006-02-13,17.4,-3.8,29.88,16:43,6.12,0.0,
2006-02-14,13.4,2.2,28.08,02:21,3.96,0.0,
2006-02-14,13.4,2.2,28.08,02:21,3.96,0.0,
2006-02-15,11.3,5.7,50.04,09:54,21.96,0.0,
2006-02-15,11.3,5.7,50.04,09:54,21.96,0.0,
2006-02-16,10.8,4.8,38.88,13:43,15.12,0.0,
2006-02-16,10.8,4.8,38.88,13:43,15.12,0.0,
2006-02-17,10.0,4.5,56.16,12:12,15.84,0.0,
2006-02-17,10.0,4.5,56.16,12:12,15.84,0.0,
2006-02-18,10.0,3.5,68.04,15:46,25.92,0.0,
2006-02-18,10.0,3.5,68.04,15:46,25.92,0.0,
2006-02-19,9.2,3.0,56.16,12:49,14.04,0.0,
2006-02-19,9.2,3.0,56.16,12:49,14.04,0.0,
2006-02-20,6.0,2.2,38.16,09:30,10.08,0.0,
2006-02-20,6.0,2.2,38.16,09:30,10.08,0.0,
2006-02-21,7.6,0.0,37.08,13:06,9.0,0.0,
2006-02-21,7.6,0.0,37.08,13:06,9.0,0.0,
2006-02-22,6.6,-2.5,19.08,15:45,1.08,0.0,
2006-02-22,6.6,-2.5,19.08,15:45,1.08,0.0,
2006-02-23,9.0,-6.1,24.12,17:03,6.12,0.0,
2006-02-23,9.0,-6.1,24.12,17:03,6.12,0.0,
2006-02-24,6.0,-3.4,37.08,13:22,10.08,0.0,
2006-02-24,6.0,-3.4,37.08,13:22,10.08,0.0,
2006-02-25,4.6,0.5,34.92,11:05,7.92,0.0,
2006-02-25,4.6,0.5,34.92,11:05,7.92,0.0,
2006-02-26,5.2,0.0,42.84,16:14,10.08,0.0,
2006-02-26,5.2,0.0,42.84,16:14,10.08,0.0,
2006-02-27,11.0,-1.3,32.04,15:18,9.0,0.0,
2006-02-27,11.0,-1.3,32.04,15:18,9.0,0.0,
2006-02-28,9.1,-3.3,39.96,14:12,12.96,0.0,
2006-02-28,9.1,-3.3,39.96,14:12,12.96,0.0,
2006-03-01,10.7,-4.4,24.12,14:39,5.04,0.9,
2006-03-01,10.7,-4.4,24.12,14:39,5.04,0.9,
2006-03-02,10.3,-0.8,56.88,15:29,15.84,5.8,
2006-03-02,10.3,-0.8,56.88,15:29,15.84,5.8,
2006-03-03,14.1,7.0,65.88,14:34,23.04,1.8,
2006-03-03,14.1,7.0,65.88,14:34,23.04,1.8,
2006-03-04,12.4,0.5,55.08,13:35,21.96,22.8,
2006-03-04,12.4,0.5,55.08,13:35,21.96,22.8,
2006-03-05,8.5,-0.7,34.92,14:24,6.84,2.3,
2006-03-05,8.5,-0.7,34.92,14:24,6.84,2.3,
2006-03-06,9.6,-2.3,25.92,10:50,6.12,1.1,
2006-03-06,9.6,-2.3,25.92,10:50,6.12,1.1,
2006-03-07,14.6,6.7,28.08,16:20,9.0,0.6,
2006-03-07,14.6,6.7,28.08,16:20,9.0,0.6,
2006-03-08,13.5,8.9,42.84,13:03,15.12,0.3,
2006-03-08,13.5,8.9,42.84,13:03,15.12,0.3,
2006-03-09,12.7,4.0,42.84,15:49,15.84,6.4,
2006-03-09,12.7,4.0,42.84,15:49,15.84,6.4,
2006-03-10,11.0,4.8,42.84,15:33,12.96,1.0,
2006-03-10,11.0,4.8,42.84,15:33,12.96,1.0,
2006-03-11,14.1,7.6,24.84,00:01,6.84,0.0,
2006-03-11,14.1,7.6,24.84,00:01,6.84,0.0,
2006-03-12,18.2,5.6,23.04,15:20,5.04,0.0,
2006-03-12,18.2,5.6,23.04,15:20,5.04,0.0,
2006-03-13,21.5,1.7,23.04,18:12,6.84,0.0,
2006-03-13,21.5,1.7,23.04,18:12,6.84,0.0,
2006-03-14,23.5,1.5,20.16,15:43,2.88,0.0,
2006-03-14,23.5,1.5,20.16,15:43,2.88,0.0,
2006-03-15,23.2,1.7,24.12,16:49,6.12,0.0,
2006-03-15,23.2,1.7,24.12,16:49,6.12,0.0,
2006-03-16,16.3,4.3,21.96,16:35,6.84,0.1,
2006-03-16,16.3,4.3,21.96,16:35,6.84,0.1,
2006-03-17,12.6,6.9,19.08,13:25,2.16,9.8,
2006-03-17,12.6,6.9,19.08,13:25,2.16,9.8,
2006-03-18,15.4,7.7,24.12,10:55,7.92,7.2,
2006-03-18,15.4,7.7,24.12,10:55,7.92,7.2,
2006-03-19,12.2,7.3,39.96,10:02,11.88,10.2,
2006-03-19,12.2,7.3,39.96,10:02,11.88,10.2,
2006-03-20,12.0,7.5,42.12,10:15,14.04,7.0,
2006-03-20,12.0,7.5,42.12,10:15,14.04,7.0,
2006-03-21,15.0,7.5,27.0,13:46,6.84,4.6,
2006-03-21,15.0,7.5,27.0,13:46,6.84,4.6,
2006-03-22,12.0,6.6,42.12,12:24,11.16,12.6,
2006-03-22,12.0,6.6,42.12,12:24,11.16,12.6,
2006-03-23,13.6,8.7,69.84,14:56,20.88,24.5,
2006-03-23,13.6,8.7,69.84,14:56,20.88,24.5,
2006-03-24,16.8,10.0,61.92,11:00,23.04,1.7,
2006-03-24,16.8,10.0,61.92,11:00,23.04,1.7,
2006-03-25,18.5,11.0,88.92,00:18,24.12,2.5,
2006-03-25,18.5,11.0,88.92,00:18,24.12,2.5,
2006-03-26,20.4,12.4,91.08,14:17,20.88,1.1,
2006-03-26,20.4,12.4,91.08,14:17,20.88,1.1,
2006-03-27,16.9,6.5,54.0,15:11,14.04,7.1,
2006-03-27,16.9,6.5,54.0,15:11,14.04,7.1,
2006-03-28,14.6,5.9,52.92,13:35,16.92,1.5,
2006-03-28,14.6,5.9,52.92,13:35,16.92,1.5,
2006-03-29,14.8,8.2,52.92,16:44,18.0,4.1,
2006-03-29,14.8,8.2,52.92,16:44,18.0,4.1,
2006-03-30,16.3,10.2,63.0,13:12,20.88,5.8,
2006-03-30,16.3,10.2,63.0,13:12,20.88,5.8,
2006-03-31,17.9,8.1,57.96,11:12,15.84,0.0,
2006-03-31,17.9,8.1,57.96,11:12,15.84,0.0,
2006-04-01,17.0,9.0,39.96,14:11,15.84,3.3,
2006-04-01,17.0,9.0,39.96,14:11,15.84,3.3,
2006-04-02,18.4,6.4,34.92,14:15,11.88,0.1,
2006-04-02,18.4,6.4,34.92,14:15,11.88,0.1,
2006-04-03,20.0,3.5,32.04,14:12,9.0,0.0,
2006-04-03,20.0,3.5,32.04,14:12,9.0,0.0,
2006-04-04,21.2,6.6,45.0,12:38,9.0,6.0,
2006-04-04,21.2,6.6,45.0,12:38,9.0,6.0,
2006-04-05,16.4,8.2,36.0,13:42,9.0,1.8,
2006-04-05,16.4,8.2,36.0,13:42,9.0,1.8,
2006-04-06,11.5,6.9,30.96,12:32,10.08,2.9,
2006-04-06,11.5,6.9,30.96,12:32,10.08,2.9,
2006-04-07,16.8,6.9,23.04,00:40,5.04,0.0,
2006-04-07,16.8,6.9,23.04,00:40,5.04,0.0,
2006-04-08,17.6,8.0,25.92,17:30,6.84,0.2,
2006-04-08,17.6,8.0,25.92,17:30,6.84,0.2,
2006-04-09,13.0,6.1,45.0,19:29,12.96,0.8,
2006-04-09,13.0,6.1,45.0,19:29,12.96,0.8,
2006-04-10,12.6,1.4,50.04,11:37,20.16,0.0,
2006-04-10,12.6,1.4,50.04,11:37,20.16,0.0,
2006-04-11,15.6,-3.4,30.96,17:10,9.0,0.0,
2006-04-11,15.6,-3.4,30.96,17:10,9.0,0.0,
2006-04-12,16.8,-1.2,43.92,15:22,11.16,0.0,
2006-04-12,16.8,-1.2,43.92,15:22,11.16,0.0,
2006-04-13,20.2,1.8,28.08,15:38,9.0,10.8,
2006-04-13,20.2,1.8,28.08,15:38,9.0,10.8,
2006-04-14,24.6,2.3,51.84,13:04,6.84,0.0,
2006-04-14,24.6,2.3,51.84,13:04,6.84,0.0,
2006-04-15,14.8,8.8,50.04,10:16,15.84,0.0,
2006-04-15,14.8,8.8,50.04,10:16,15.84,0.0,
2006-04-16,12.6,7.9,21.96,13:51,3.96,0.0,
2006-04-16,12.6,7.9,21.96,13:51,3.96,0.0,
2006-04-17,16.0,3.5,28.08,17:10,11.16,0.0,
2006-04-17,16.0,3.5,28.08,17:10,11.16,0.0,
2006-04-18,16.6,1.6,24.84,17:20,3.96,0.0,
2006-04-18,16.6,1.6,24.84,17:20,3.96,0.0,
2006-04-19,16.6,2.8,24.12,15:10,6.12,0.0,
2006-04-19,16.6,2.8,24.12,15:10,6.12,0.0,
2006-04-20,17.7,6.0,50.04,17:21,15.84,7.2,
2006-04-20,17.7,6.0,50.04,17:21,15.84,7.2,
2006-04-21,11.9,6.4,51.84,00:18,16.92,3.7,
2006-04-21,11.9,6.4,51.84,00:18,16.92,3.7,
2006-04-22,18.9,3.6,42.84,15:13,11.16,0.0,
2006-04-22,18.9,3.6,42.84,15:13,11.16,0.0,
2006-04-23,23.0,4.9,51.84,15:04,10.08,0.0,
2006-04-23,23.0,4.9,51.84,15:04,10.08,0.0,
2006-04-24,19.5,9.0,37.08,17:37,11.88,0.0,
2006-04-24,19.5,9.0,37.08,17:37,11.88,0.0,
2006-04-25,20.3,8.9,37.08,01:51,14.04,0.0,
2006-04-25,20.3,8.9,37.08,01:51,14.04,0.0,
2006-04-26,23.0,4.6,33.84,20:12,10.08,0.0,
2006-04-26,23.0,4.6,33.84,20:12,10.08,0.0,
2006-04-27,17.3,10.0,50.04,17:36,16.92,0.0,
2006-04-27,17.3,10.0,50.04,17:36,16.92,0.0,
2006-04-28,16.9,7.9,52.92,14:47,15.84,0.0,
2006-04-28,16.9,7.9,52.92,14:47,15.84,0.0,
2006-04-29,17.7,2.8,51.12,15:01,12.96,0.0,
2006-04-29,17.7,2.8,51.12,15:01,12.96,0.0,
2006-04-30,18.3,4.9,39.96,18:21,14.04,0.0,
2006-04-30,18.3,4.9,39.96,18:21,14.04,0.0,
2006-05-01,21.8,5.9,32.04,16:24,6.84,0.0,
2006-05-01,21.8,5.9,32.04,16:24,6.84,0.0,
2006-05-02,23.6,3.4,28.08,15:22,6.84,0.0,
2006-05-02,23.6,3.4,28.08,15:22,6.84,0.0,
2006-05-03,21.4,5.0,25.92,15:23,5.04,0.0,
2006-05-03,21.4,5.0,25.92,15:23,5.04,0.0,
2006-05-04,20.0,7.6,38.88,15:26,9.0,0.0,
2006-05-04,20.0,7.6,38.88,15:26,9.0,0.0,
2006-05-05,20.5,4.6,25.92,16:39,2.88,0.0,
2006-05-05,20.5,4.6,25.92,16:39,2.88,0.0,
2006-05-06,17.8,4.7,29.88,16:49,6.84,0.0,
2006-05-06,17.8,4.7,29.88,16:49,6.84,0.0,
2006-05-07,15.2,6.0,39.96,12:30,10.08,1.1,
2006-05-07,15.2,6.0,39.96,12:30,10.08,1.1,
2006-05-08,15.6,4.4,25.92,13:30,10.08,0.0,
2006-05-08,15.6,4.4,25.92,13:30,10.08,0.0,
2006-05-09,22.3,3.2,33.84,18:15,7.92,0.0,
2006-05-09,22.3,3.2,33.84,18:15,7.92,0.0,
2006-05-10,26.2,7.8,28.08,15:43,6.84,1.0,
2006-05-10,26.2,7.8,28.08,15:43,6.84,1.0,
2006-05-11,23.7,7.7,30.96,14:03,6.84,0.0,
2006-05-11,23.7,7.7,30.96,14:03,6.84,0.0,
2006-05-12,20.7,8.2,29.88,16:48,3.96,0.0,
2006-05-12,20.7,8.2,29.88,16:48,3.96,0.0,
2006-05-13,20.7,8.3,30.96,16:56,11.16,0.0,
2006-05-13,20.7,8.3,30.96,16:56,11.16,0.0,
2006-05-14,24.7,7.0,33.12,12:42,6.84,0.0,
2006-05-14,24.7,7.0,33.12,12:42,6.84,0.0,
2006-05-15,24.8,11.8,29.88,14:31,6.12,0.0,
2006-05-15,24.8,11.8,29.88,14:31,6.12,0.0,
2006-05-16,27.5,11.8,20.88,17:39,10.08,0.0,
2006-05-16,27.5,11.8,20.88,17:39,10.08,0.0,
2006-05-17,26.6,10.6,41.04,18:15,14.04,0.8,
2006-05-17,26.6,10.6,41.04,18:15,14.04,0.8,
2006-05-18,20.6,9.5,43.92,10:55,11.88,0.0,
2006-05-18,20.6,9.5,43.92,10:55,11.88,0.0,
2006-05-19,21.6,8.5,42.84,16:09,11.88,0.4,
2006-05-19,21.6,8.5,42.84,16:09,11.88,0.4,
2006-05-20,19.7,11.8,51.84,14:52,15.12,1.2,
2006-05-20,19.7,11.8,51.84,14:52,15.12,1.2,
2006-05-21,18.0,9.4,60.12,17:50,24.12,3.8,
2006-05-21,18.0,9.4,60.12,17:50,24.12,3.8,
2006-05-22,14.5,5.4,43.92,00:26,7.92,2.3,
2006-05-22,14.5,5.4,43.92,00:26,7.92,2.3,
2006-05-23,17.1,2.2,30.96,10:14,6.12,0.0,
2006-05-23,17.1,2.2,30.96,10:14,6.12,0.0,
2006-05-24,20.8,3.2,27.0,12:01,7.92,0.0,
2006-05-24,20.8,3.2,27.0,12:01,7.92,0.0,
2006-05-25,24.9,6.2,41.04,15:32,7.92,0.0,
2006-05-25,24.9,6.2,41.04,15:32,7.92,0.0,
2006-05-26,25.0,8.0,41.04,16:17,7.92,0.0,
2006-05-26,25.0,8.0,41.04,16:17,7.92,0.0,
2006-05-27,24.8,12.1,33.84,16:12,9.0,0.0,
2006-05-27,24.8,12.1,33.84,16:12,9.0,0.0,
2006-05-28,22.6,12.5,30.96,15:23,11.88,0.0,
2006-05-28,22.6,12.5,30.96,15:23,11.88,0.0,
2006-05-29,21.2,11.7,46.08,23:19,14.04,0.0,
2006-05-29,21.2,11.7,46.08,23:19,14.04,0.0,
2006-05-30,18.0,8.2,68.04,13:13,16.92,0.0,
2006-05-30,18.0,8.2,68.04,13:13,16.92,0.0,
2006-05-31,19.5,5.0,55.08,15:30,19.08,0.0,
2006-05-31,19.5,5.0,55.08,15:30,19.08,0.0,
2006-06-01,24.0,2.0,51.12,15:51,14.04,0.0,
2006-06-01,24.0,2.0,51.12,15:51,14.04,0.0,
2006-06-02,25.0,3.2,36.0,15:39,11.16,0.0,
2006-06-02,25.0,3.2,36.0,15:39,11.16,0.0,
2006-06-03,24.0,5.2,36.0,14:40,11.88,0.0,
2006-06-03,24.0,5.2,36.0,14:40,11.88,0.0,
2006-06-04,29.2,5.7,30.96,16:02,6.84,0.0,
2006-06-04,29.2,5.7,30.96,16:02,6.84,0.0,
2006-06-05,30.4,7.5,33.84,16:41,7.92,0.0,
2006-06-05,30.4,7.5,33.84,16:41,7.92,0.0,
2006-06-06,31.8,8.0,32.04,15:26,7.92,0.0,
2006-06-06,31.8,8.0,32.04,15:26,7.92,0.0,
2006-06-07,33.4,10.0,33.12,18:54,6.12,0.0,
2006-06-07,33.4,10.0,33.12,18:54,6.12,0.0,
2006-06-08,30.0,10.2,36.0,11:18,10.08,0.0,
2006-06-08,30.0,10.2,36.0,11:18,10.08,0.0,
2006-06-09,27.8,9.7,33.12,12:47,7.92,0.0,
2006-06-09,27.8,9.7,33.12,12:47,7.92,0.0,
2006-06-10,22.7,9.7,38.88,08:58,11.16,0.0,
2006-06-10,22.7,9.7,38.88,08:58,11.16,0.0,
2006-06-11,30.6,13.4,30.96,15:56,7.92,0.0,
2006-06-11,30.6,13.4,30.96,15:56,7.92,0.0,
2006-06-12,17.0,13.1,32.04,16:26,11.16,3.0,
2006-06-12,17.0,13.1,32.04,16:26,11.16,3.0,
2006-06-13,21.2,14.0,24.12,05:03,3.96,1.2,
2006-06-13,21.2,14.0,24.12,05:03,3.96,1.2,
2006-06-14,19.0,14.8,38.88,13:25,9.0,0.7,
2006-06-14,19.0,14.8,38.88,13:25,9.0,0.7,
2006-06-15,27.3,12.8,34.92,13:44,6.12,0.5,
2006-06-15,27.3,12.8,34.92,13:44,6.12,0.5,
2006-06-16,25.6,9.0,30.96,16:39,6.12,3.1,
2006-06-16,25.6,9.0,30.96,16:39,6.12,3.1,
2006-06-17,22.9,14.7,45.0,12:04,6.84,0.0,
2006-06-17,22.9,14.7,45.0,12:04,6.84,0.0,
2006-06-18,28.0,14.3,27.0,16:24,9.0,0.3,
2006-06-18,28.0,14.3,27.0,16:24,9.0,0.3,
2006-06-19,23.6,13.4,29.88,15:35,7.92,0.0,
2006-06-19,23.6,13.4,29.88,15:35,7.92,0.0,
2006-06-20,21.4,8.3,29.16,13:10,11.16,0.2,
2006-06-20,21.4,8.3,29.16,13:10,11.16,0.2,
2006-06-21,27.0,8.1,36.0,18:53,7.92,0.0,
2006-06-21,27.0,8.1,36.0,18:53,7.92,0.0,
2006-06-22,24.5,13.4,33.84,14:07,12.96,0.0,
2006-06-22,24.5,13.4,33.84,14:07,12.96,0.0,
2006-06-23,23.7,14.2,29.88,17:07,9.0,0.0,
2006-06-23,23.7,14.2,29.88,17:07,9.0,0.0,
2006-06-24,19.0,12.4,29.88,10:54,9.0,0.0,
2006-06-24,19.0,12.4,29.88,10:54,9.0,0.0,
2006-06-25,20.0,9.3,24.84,17:17,6.84,0.0,
2006-06-25,20.0,9.3,24.84,17:17,6.84,0.0,
2006-06-26,21.5,12.4,33.84,15:46,9.0,0.0,
2006-06-26,21.5,12.4,33.84,15:46,9.0,0.0,
2006-06-27,23.0,6.4,30.96,16:30,9.0,0.0,
2006-06-27,23.0,6.4,30.96,16:30,9.0,0.0,
2006-06-28,25.7,11.8,29.88,18:01,9.0,0.0,
2006-06-28,25.7,11.8,29.88,18:01,9.0,0.0,
2006-06-29,25.8,10.0,33.12,17:18,9.0,0.0,
2006-06-29,25.8,10.0,33.12,17:18,9.0,0.0,
2006-06-30,26.6,15.2,34.92,15:21,9.0,0.0,
2006-06-30,26.6,15.2,34.92,15:21,9.0,0.0,
2006-07-01,30.2,15.5,30.96,15:10,6.84,0.0,
2006-07-01,30.2,15.5,30.96,15:10,6.84,0.0,
2006-07-02,21.5,14.7,16.92,15:01,3.96,0.0,
2006-07-02,21.5,14.7,16.92,15:01,3.96,0.0,
2006-07-03,25.8,12.4,27.0,14:54,7.92,0.8,
2006-07-03,25.8,12.4,27.0,14:54,7.92,0.8,
2006-07-04,23.2,10.4,28.08,05:32,7.92,0.4,
2006-07-04,23.2,10.4,28.08,05:32,7.92,0.4,
2006-07-05,21.4,9.4,25.92,14:10,6.12,0.0,
2006-07-05,21.4,9.4,25.92,14:10,6.12,0.0,
2006-07-06,25.5,7.5,30.96,11:26,6.84,0.0,
2006-07-06,25.5,7.5,30.96,11:26,6.84,0.0,
2006-07-07,29.0,9.0,30.96,17:11,7.92,0.0,
2006-07-07,29.0,9.0,30.96,17:11,7.92,0.0,
2006-07-08,28.4,12.4,24.12,12:51,9.0,0.0,
2006-07-08,28.4,12.4,24.12,12:51,9.0,0.0,
2006-07-09,32.5,12.3,32.04,16:48,6.84,0.0,
2006-07-09,32.5,12.3,32.04,16:48,6.84,0.0,
2006-07-10,34.2,9.0,34.92,17:37,6.12,0.0,
2006-07-10,34.2,9.0,34.92,17:37,6.12,0.0,
2006-07-11,26.2,16.5,46.08,16:23,14.04,0.0,
2006-07-11,26.2,16.5,46.08,16:23,14.04,0.0,
2006-07-12,22.5,16.0,42.84,11:09,18.0,0.0,
2006-07-12,22.5,16.0,42.84,11:09,18.0,0.0,
2006-07-13,24.2,16.0,43.92,15:31,15.12,0.0,
2006-07-13,24.2,16.0,43.92,15:31,15.12,0.0,
2006-07-14,30.0,16.5,30.96,02:34,7.92,0.0,
2006-07-14,30.0,16.5,30.96,02:34,7.92,0.0,
2006-07-15,33.0,16.7,33.84,15:21,6.84,0.0,
2006-07-15,33.0,16.7,33.84,15:21,6.84,0.0,
2006-07-16,35.0,15.8,43.92,14:40,5.04,0.0,
2006-07-16,35.0,15.8,43.92,14:40,5.04,0.0,
2006-07-17,37.4,16.2,30.96,16:36,6.12,0.0,
2006-07-17,37.4,16.2,30.96,16:36,6.12,0.0,
2006-07-18,29.7,15.9,43.92,15:55,2.88,0.0,
2006-07-18,29.7,15.9,43.92,15:55,2.88,0.0,
2006-07-19,28.1,13.5,37.08,05:17,10.08,0.0,
2006-07-19,28.1,13.5,37.08,05:17,10.08,0.0,
2006-07-20,30.0,12.8,25.92,16:37,6.12,0.0,
2006-07-20,30.0,12.8,25.92,16:37,6.12,0.0,
2006-07-21,29.5,14.7,29.88,15:48,6.84,0.0,
2006-07-21,29.5,14.7,29.88,15:48,6.84,0.0,
2006-07-22,28.2,9.9,25.92,16:58,10.08,0.0,
2006-07-22,28.2,9.9,25.92,16:58,10.08,0.0,
2006-07-23,27.6,9.8,32.04,15:01,11.16,0.0,
2006-07-23,27.6,9.8,32.04,15:01,11.16,0.0,
2006-07-24,32.2,17.8,32.04,15:46,5.04,0.0,
2006-07-24,32.2,17.8,32.04,15:46,5.04,0.0,
2006-07-25,25.6,16.0,25.92,18:38,6.12,0.0,
2006-07-25,25.6,16.0,25.92,18:38,6.12,0.0,
2006-07-26,21.4,16.4,34.92,03:38,10.08,0.4,
2006-07-26,21.4,16.4,34.92,03:38,10.08,0.4,
2006-07-27,22.2,15.5,24.84,14:15,7.92,0.0,
2006-07-27,22.2,15.5,24.84,14:15,7.92,0.0,
2006-07-28,28.3,12.8,28.08,17:12,6.84,0.0,
2006-07-28,28.3,12.8,28.08,17:12,6.84,0.0,
2006-07-29,30.1,11.4,38.16,15:30,9.0,1.2,
2006-07-29,30.1,11.4,38.16,15:30,9.0,1.2,
2006-07-30,26.9,13.3,29.16,11:24,7.92,0.0,
2006-07-30,26.9,13.3,29.16,11:24,7.92,0.0,
2006-07-31,29.2,9.0,30.96,11:36,6.84,0.3,
2006-07-31,29.2,9.0,30.96,11:36,6.84,0.3,
2006-08-01,29.6,13.0,29.88,17:28,6.84,0.0,
2006-08-01,29.6,13.0,29.88,17:28,6.84,0.0,
2006-08-02,30.0,10.6,34.92,15:47,9.0,0.1,
2006-08-02,30.0,10.6,34.92,15:47,9.0,0.1,
2006-08-03,23.0,14.3,47.16,14:34,15.12,0.0,
2006-08-03,23.0,14.3,47.16,14:34,15.12,0.0,
2006-08-04,26.4,12.4,48.96,09:12,14.04,0.0,
2006-08-04,26.4,12.4,48.96,09:12,14.04,0.0,
2006-08-05,27.3,10.9,43.92,16:01,12.96,0.0,
2006-08-05,27.3,10.9,43.92,16:01,12.96,0.0,
2006-08-06,28.1,11.5,45.0,17:09,11.88,0.0,
2006-08-06,28.1,11.5,45.0,17:09,11.88,0.0,
2006-08-07,27.2,15.2,45.0,15:37,12.96,0.0,
2006-08-07,27.2,15.2,45.0,15:37,12.96,0.0,
2006-08-08,27.4,14.0,43.92,13:08,12.96,0.0,
2006-08-08,27.4,14.0,43.92,13:08,12.96,0.0,
2006-08-09,27.6,11.6,47.88,16:04,15.12,0.0,
2006-08-09,27.6,11.6,47.88,16:04,15.12,0.0,
2006-08-10,26.6,14.0,41.04,13:57,16.92,0.0,
2006-08-10,26.6,14.0,41.04,13:57,16.92,0.0,
2006-08-11,27.2,13.0,42.84,13:14,11.88,0.0,
2006-08-11,27.2,13.0,42.84,13:14,11.88,0.0,
2006-08-12,23.7,11.5,50.04,14:38,15.84,0.0,
2006-08-12,23.7,11.5,50.04,14:38,15.84,0.0,
2006-08-13,24.0,7.7,42.12,17:40,11.16,0.0,
2006-08-13,24.0,7.7,42.12,17:40,11.16,0.0,
2006-08-14,24.2,8.0,39.96,17:17,11.16,0.0,
2006-08-14,24.2,8.0,39.96,17:17,11.16,0.0,
2006-08-15,23.0,7.1,29.88,11:10,7.92,7.4,
2006-08-15,23.0,7.1,29.88,11:10,7.92,7.4,
2006-08-16,16.8,12.3,41.04,11:56,11.88,2.7,
2006-08-16,16.8,12.3,41.04,11:56,11.88,2.7,
2006-08-17,20.8,11.1,45.0,16:37,16.92,0.2,
2006-08-17,20.8,11.1,45.0,16:37,16.92,0.2,
2006-08-18,20.0,12.2,30.96,12:51,7.92,0.6,
2006-08-18,20.0,12.2,30.96,12:51,7.92,0.6,
2006-08-19,20.6,10.5,29.88,13:44,9.0,0.2,
2006-08-19,20.6,10.5,29.88,13:44,9.0,0.2,
2006-08-20,25.0,10.2,25.92,16:37,7.92,0.0,
2006-08-20,25.0,10.2,25.92,16:37,7.92,0.0,
2006-08-21,27.8,12.4,29.88,15:22,9.0,0.0,
2006-08-21,27.8,12.4,29.88,15:22,9.0,0.0,
2006-08-22,28.0,15.4,30.96,18:50,10.08,0.0,
2006-08-22,28.0,15.4,30.96,18:50,10.08,0.0,
2006-08-23,24.6,12.5,29.16,11:11,10.08,0.0,
2006-08-23,24.6,12.5,29.16,11:11,10.08,0.0,
2006-08-24,26.0,10.5,28.08,14:16,3.96,0.0,
2006-08-24,26.0,10.5,28.08,14:16,3.96,0.0,
2006-08-25,23.6,11.5,30.96,16:01,10.08,0.0,
2006-08-25,23.6,11.5,30.96,16:01,10.08,0.0,
2006-08-26,25.2,10.7,28.08,14:21,3.96,0.0,
2006-08-26,25.2,10.7,28.08,14:21,3.96,0.0,
2006-08-27,26.5,13.0,24.84,19:03,3.96,0.0,
2006-08-27,26.5,13.0,24.84,19:03,3.96,0.0,
2006-08-28,26.8,13.2,24.12,18:06,6.12,0.0,
2006-08-28,26.8,13.2,24.12,18:06,6.12,0.0,
2006-08-29,25.9,11.9,29.88,16:16,3.96,0.0,
2006-08-29,25.9,11.9,29.88,16:16,3.96,0.0,
2006-08-30,26.2,13.4,36.0,15:27,7.92,0.0,
2006-08-30,26.2,13.4,36.0,15:27,7.92,0.0,
2006-08-31,35.1,11.1,28.08,16:55,3.96,0.0,
2006-08-31,35.1,11.1,28.08,16:55,3.96,0.0,
2006-09-01,29.7,12.9,27.0,16:29,2.88,0.0,
2006-09-01,29.7,12.9,27.0,16:29,2.88,0.0,
2006-09-02,29.4,9.8,23.04,14:24,2.88,0.0,
2006-09-02,29.4,9.8,23.04,14:24,2.88,0.0,
2006-09-03,31.7,11.2,24.84,15:42,2.16,0.0,
2006-09-03,31.7,11.2,24.84,15:42,2.16,0.0,
2006-09-04,33.9,15.2,23.04,15:32,2.16,0.0,
2006-09-04,33.9,15.2,23.04,15:32,2.16,0.0,
2006-09-05,37.7,11.9,21.96,16:21,1.08,0.0,
2006-09-05,37.7,11.9,21.96,16:21,1.08,0.0,
2006-09-06,35.8,11.3,23.04,16:36,2.16,0.0,
2006-09-06,35.8,11.3,23.04,16:36,2.16,0.0,
2006-09-07,29.3,11.5,29.16,16:22,3.96,0.0,
2006-09-07,29.3,11.5,29.16,16:22,3.96,0.0,
2006-09-08,33.4,17.0,33.12,15:38,2.16,0.0,
2006-09-08,33.4,17.0,33.12,15:38,2.16,0.0,
2006-09-09,32.5,15.3,29.16,16:34,3.96,0.0,
2006-09-09,32.5,15.3,29.16,16:34,3.96,0.0,
2006-09-10,28.8,14.7,24.12,15:55,3.96,0.0,
2006-09-10,28.8,14.7,24.12,15:55,3.96,0.0,
2006-09-11,23.4,12.0,25.92,16:11,2.88,0.0,
2006-09-11,23.4,12.0,25.92,16:11,2.88,0.0,
2006-09-12,25.6,12.5,28.08,16:56,2.16,0.0,
2006-09-12,25.6,12.5,28.08,16:56,2.16,0.0,
2006-09-13,19.6,12.8,34.92,16:25,7.92,8.7,
2006-09-13,19.6,12.8,34.92,16:25,7.92,8.7,
2006-09-14,18.5,10.8,33.12,13:42,3.96,2.2,
2006-09-14,18.5,10.8,33.12,13:42,3.96,2.2,
2006-09-15,16.3,7.5,42.84,13:42,2.16,0.7,
2006-09-15,16.3,7.5,42.84,13:42,2.16,0.7,
2006-09-16,20.0,4.0,19.08,12:58,2.88,0.7,
2006-09-16,20.0,4.0,19.08,12:58,2.88,0.7,
2006-09-17,23.8,13.9,29.88,06:04,9.0,1.9,
2006-09-17,23.8,13.9,29.88,06:04,9.0,1.9,
2006-09-18,23.7,11.0,18.0,13:49,2.16,0.0,
2006-09-18,23.7,11.0,18.0,13:49,2.16,0.0,
2006-09-19,25.8,11.3,15.12,17:39,1.08,0.0,
2006-09-19,25.8,11.3,15.12,17:39,1.08,0.0,
2006-09-20,28.6,8.8,47.88,13:31,6.12,0.0,
2006-09-20,28.6,8.8,47.88,13:31,6.12,0.0,
2006-09-21,22.7,12.4,74.16,07:46,14.04,1.6,
2006-09-21,22.7,12.4,74.16,07:46,14.04,1.6,
2006-09-22,20.2,12.0,60.84,12:01,14.04,12.2,
2006-09-22,20.2,12.0,60.84,12:01,14.04,12.2,
2006-09-23,18.7,11.1,42.12,11:37,12.96,16.4,
2006-09-23,18.7,11.1,42.12,11:37,12.96,16.4,
2006-09-24,16.8,11.5,39.96,11:58,6.12,13.7,
2006-09-24,16.8,11.5,39.96,11:58,6.12,13.7,
2006-09-25,18.8,12.8,24.12,03:12,5.04,0.0,
2006-09-25,18.8,12.8,24.12,03:12,5.04,0.0,
2006-09-26,26.8,11.2,12.96,11:52,2.88,0.0,
2006-09-26,26.8,11.2,12.96,11:52,2.88,0.0,
2006-09-27,25.5,11.4,24.84,13:08,6.12,0.1,
2006-09-27,25.5,11.4,24.84,13:08,6.12,0.1,
2006-09-28,22.6,15.7,38.16,23:58,10.08,2.0,
2006-09-28,22.6,15.7,38.16,23:58,10.08,2.0,
2006-09-29,19.6,14.3,38.16,05:54,12.96,6.8,
2006-09-29,19.6,14.3,38.16,05:54,12.96,6.8,
2006-09-30,19.2,13.8,54.0,12:41,12.96,4.1,
2006-09-30,19.2,13.8,54.0,12:41,12.96,4.1,
2006-10-01,18.8,13.0,45.0,01:33,10.08,12.0,
2006-10-01,18.8,13.0,45.0,01:33,10.08,12.0,
2006-10-02,19.0,12.0,51.84,17:40,9.0,26.5,
2006-10-02,19.0,12.0,51.84,17:40,9.0,26.5,
2006-10-03,16.5,10.7,28.08,23:27,6.12,4.1,
2006-10-03,16.5,10.7,28.08,23:27,6.12,4.1,
2006-10-04,18.9,10.1,25.92,00:45,6.12,1.2,
2006-10-04,18.9,10.1,25.92,00:45,6.12,1.2,
2006-10-05,18.7,10.4,24.12,12:18,5.04,0.2,
2006-10-05,18.7,10.4,24.12,12:18,5.04,0.2,
2006-10-06,16.7,12.1,36.0,08:58,10.08,36.9,
2006-10-06,16.7,12.1,36.0,08:58,10.08,36.9,
2006-10-07,21.2,13.3,20.88,00:51,2.88,2.1,
2006-10-07,21.2,13.3,20.88,00:51,2.88,2.1,
2006-10-08,22.5,13.7,38.16,13:41,5.04,0.0,
2006-10-08,22.5,13.7,38.16,13:41,5.04,0.0,
2006-10-09,24.6,12.5,25.92,13:59,2.16,0.1,
2006-10-09,24.6,12.5,25.92,13:59,2.16,0.1,
2006-10-10,18.4,10.6,32.04,23:26,1.08,27.1,
2006-10-10,18.4,10.6,32.04,23:26,1.08,27.1,
2006-10-11,16.6,6.3,29.88,04:01,3.96,0.0,
2006-10-11,16.6,6.3,29.88,04:01,3.96,0.0,
2006-10-12,19.0,2.5,23.04,16:36,1.08,0.1,
2006-10-12,19.0,2.5,23.04,16:36,1.08,0.1,
2006-10-13,21.2,2.0,21.96,13:12,2.16,0.1,
2006-10-13,21.2,2.0,21.96,13:12,2.16,0.1,
2006-10-14,23.5,3.0,23.04,12:28,6.12,0.0,
2006-10-14,23.5,3.0,23.04,12:28,6.12,0.0,
2006-10-15,22.4,4.7,36.0,22:32,3.96,0.1,
2006-10-15,22.4,4.7,36.0,22:32,3.96,0.1,
2006-10-16,22.2,11.6,48.96,12:22,11.88,5.4,
2006-10-16,22.2,11.6,48.96,12:22,11.88,5.4,
2006-10-17,20.8,11.0,47.88,10:53,9.0,0.4,
2006-10-17,20.8,11.0,47.88,10:53,9.0,0.4,
2006-10-18,18.9,10.7,66.96,12:52,20.16,13.4,
2006-10-18,18.9,10.7,66.96,12:52,20.16,13.4,
2006-10-19,15.0,10.6,50.04,20:01,14.04,46.4,
2006-10-19,15.0,10.6,50.04,20:01,14.04,46.4,
2006-10-20,19.5,14.0,59.04,00:57,6.84,2.0,
2006-10-20,19.5,14.0,59.04,00:57,6.84,2.0,
2006-10-21,15.0,13.1,42.12,00:08,11.16,14.8,
2006-10-21,15.0,13.1,42.12,00:08,11.16,14.8,
2006-10-22,16.3,13.3,52.92,03:15,15.84,47.0,
2006-10-22,16.3,13.3,52.92,03:15,15.84,47.0,
2006-10-23,17.0,10.4,84.96,05:57,24.84,5.0,
2006-10-23,17.0,10.4,84.96,05:57,24.84,5.0,
2006-10-24,18.0,9.6,41.04,21:22,14.04,20.3,
2006-10-24,18.0,9.6,41.04,21:22,14.04,20.3,
2006-10-25,19.6,14.0,46.08,03:05,15.84,4.0,
2006-10-25,19.6,14.0,46.08,03:05,15.84,4.0,
2006-10-26,19.8,9.1,30.96,00:27,0.0,0.0,
2006-10-26,19.8,9.1,30.96,00:27,0.0,0.0,
2006-10-27,22.5,6.4,15.12,16:18,1.08,0.1,
2006-10-27,22.5,6.4,15.12,16:18,1.08,0.1,
2006-10-28,25.4,6.4,14.04,16:00,0.0,0.0,
2006-10-28,25.4,6.4,14.04,16:00,0.0,0.0,
2006-10-29,25.6,7.8,9.0,21:30,0.0,0.1,
2006-10-29,25.6,7.8,9.0,21:30,0.0,0.1,
2006-10-30,25.3,9.6,10.08,14:30,0.0,0.2,
2006-10-30,25.3,9.6,10.08,14:30,0.0,0.2,
2006-10-31,20.1,12.5,18.0,07:56,0.0,0.0,
2006-10-31,20.1,12.5,18.0,07:56,0.0,0.0,
2006-11-01,18.3,11.3,29.88,16:32,3.96,0.0,
2006-11-01,18.3,11.3,29.88,16:32,3.96,0.0,
2006-11-02,16.0,6.5,29.16,13:13,3.96,0.0,
2006-11-02,16.0,6.5,29.16,13:13,3.96,0.0,
2006-11-03,15.8,5.4,21.96,16:19,5.04,0.2,
2006-11-03,15.8,5.4,21.96,16:19,5.04,0.2,
2006-11-04,15.6,10.7,20.16,13:29,2.88,0.0,
2006-11-04,15.6,10.7,20.16,13:29,2.88,0.0,
2006-11-05,20.1,9.2,11.16,21:17,0.0,0.6,
2006-11-05,20.1,9.2,11.16,21:17,0.0,0.6,
2006-11-06,21.4,11.6,24.84,12:58,3.96,0.0,
2006-11-06,21.4,11.6,24.84,12:58,3.96,0.0,
2006-11-07,19.5,8.0,12.96,12:26,3.96,0.0,
2006-11-07,19.5,8.0,12.96,12:26,3.96,0.0,
2006-11-08,20.0,6.6,11.88,16:47,1.08,0.0,
2006-11-08,20.0,6.6,11.88,16:47,1.08,0.0,
2006-11-09,21.2,8.0,11.16,16:42,1.08,0.0,
2006-11-09,21.2,8.0,11.16,16:42,1.08,0.0,
2006-11-10,19.8,5.9,14.04,17:53,2.88,0.0,
2006-11-10,19.8,5.9,14.04,17:53,2.88,0.0,
2006-11-11,15.7,4.4,12.96,12:21,0.0,0.1,
2006-11-11,15.7,4.4,12.96,12:21,0.0,0.1,
2006-11-12,18.1,6.1,24.12,15:43,0.0,0.2,
2006-11-12,18.1,6.1,24.12,15:43,0.0,0.2,
2006-11-13,13.7,7.0,11.16,22:33,0.0,0.3,
2006-11-13,13.7,7.0,11.16,22:33,0.0,0.3,
2006-11-14,16.1,3.1,21.96,11:51,2.88,0.0,
2006-11-14,16.1,3.1,21.96,11:51,2.88,0.0,
2006-11-15,17.0,5.8,60.12,11:48,20.16,19.1,
2006-11-15,17.0,5.8,60.12,11:48,20.16,19.1,
2006-11-16,12.9,6.7,37.08,23:17,7.92,0.3,
2006-11-16,12.9,6.7,37.08,23:17,7.92,0.3,
2006-11-17,12.3,6.8,56.88,11:56,15.12,6.3,
2006-11-17,12.3,6.8,56.88,11:56,15.12,6.3,
2006-11-18,12.2,7.9,48.96,13:26,11.88,38.7,
2006-11-18,12.2,7.9,48.96,13:26,11.88,38.7,
2006-11-19,14.1,9.7,21.96,00:05,2.88,2.2,
2006-11-19,14.1,9.7,21.96,00:05,2.88,2.2,
2006-11-20,12.1,7.6,36.0,14:29,14.04,3.9,
2006-11-20,12.1,7.6,36.0,14:29,14.04,3.9,
2006-11-21,14.2,11.9,33.84,13:33,10.08,5.9,
2006-11-21,14.2,11.9,33.84,13:33,10.08,5.9,
2006-11-22,13.5,10.8,36.0,23:31,12.96,1.7,
2006-11-22,13.5,10.8,36.0,23:31,12.96,1.7,
2006-11-23,14.6,10.3,0.0,,16.92,15.1,
2006-11-23,14.6,10.3,0.0,,16.92,15.1,
2006-11-24,12.7,9.5,55.08,22:19,18.0,28.4,
2006-11-24,12.7,9.5,55.08,22:19,18.0,28.4,
2006-11-25,12.2,7.0,57.96,01:03,14.04,3.1,
2006-11-25,12.2,7.0,57.96,01:03,14.04,3.1,
2006-11-26,13.2,6.4,61.92,12:59,15.84,7.5,
2006-11-26,13.2,6.4,61.92,12:59,15.84,7.5,
2006-11-27,13.8,10.0,63.0,02:58,11.16,25.5,
2006-11-27,13.8,10.0,63.0,02:58,11.16,25.5,
2006-11-28,13.4,2.0,33.12,13:07,6.12,0.2,
2006-11-28,13.4,2.0,33.12,13:07,6.12,0.2,
2006-11-29,7.6,-0.4,7.92,09:52,0.0,0.2,
2006-11-29,7.6,-0.4,7.92,09:52,0.0,0.2,
2006-11-30,14.5,-1.3,30.96,19:05,3.96,0.0,
2006-11-30,14.5,-1.3,30.96,19:05,3.96,0.0,
2006-12-01,13.5,9.7,42.12,09:50,14.04,15.6,
2006-12-01,13.5,9.7,42.12,09:50,14.04,15.6,
2006-12-02,12.2,4.7,29.16,23:59,1.08,0.9,
2006-12-02,12.2,4.7,29.16,23:59,1.08,0.9,
2006-12-03,14.0,6.1,56.88,05:17,15.12,13.2,
2006-12-03,14.0,6.1,56.88,05:17,15.12,13.2,
2006-12-04,14.6,12.1,41.04,23:51,11.16,4.1,
2006-12-04,14.6,12.1,41.04,23:51,11.16,4.1,
2006-12-05,12.5,5.8,64.08,02:54,7.92,17.9,
2006-12-05,12.5,5.8,64.08,02:54,7.92,17.9,
2006-12-06,11.2,4.4,38.88,23:14,11.16,4.1,
2006-12-06,11.2,4.4,38.88,23:14,11.16,4.1,
2006-12-07,15.0,8.2,75.96,23:07,14.04,20.2,
2006-12-07,15.0,8.2,75.96,23:07,14.04,20.2,
2006-12-08,13.2,3.7,74.88,01:40,10.08,28.0,
2006-12-08,13.2,3.7,74.88,01:40,10.08,28.0,
2006-12-09,7.0,1.3,32.04,12:20,3.96,12.6,
2006-12-09,7.0,1.3,32.04,12:20,3.96,12.6,
2006-12-10,6.2,-0.3,11.88,05:05,0.0,0.2,
2006-12-10,6.2,-0.3,11.88,05:05,0.0,0.2,
2006-12-11,9.2,-0.9,39.96,12:42,14.04,5.1,
2006-12-11,9.2,-0.9,39.96,12:42,14.04,5.1,
2006-12-12,10.5,3.0,15.84,15:35,1.08,0.1,
2006-12-12,10.5,3.0,15.84,15:35,1.08,0.1,
2006-12-13,12.6,-0.1,15.12,13:18,0.0,0.0,
2006-12-13,12.6,-0.1,15.12,13:18,0.0,0.0,
2006-12-14,8.0,-1.5,7.92,18:01,0.0,0.0,
2006-12-14,8.0,-1.5,7.92,18:01,0.0,0.0,
2006-12-15,11.5,-3.7,11.88,18:04,2.16,0.2,
2006-12-15,11.5,-3.7,11.88,18:04,2.16,0.2,
2006-12-16,8.9,-2.2,24.84,22:33,0.0,5.0,
2006-12-16,8.9,-2.2,24.84,22:33,0.0,5.0,
2006-12-17,9.1,5.4,18.0,15:42,0.0,0.8,
2006-12-17,9.1,5.4,18.0,15:42,0.0,0.8,
2006-12-18,9.4,2.2,11.16,16:07,0.0,2.4,
2006-12-18,9.4,2.2,11.16,16:07,0.0,2.4,
2006-12-19,8.4,-1.6,29.16,14:25,6.84,0.0,
2006-12-19,8.4,-1.6,29.16,14:25,6.84,0.0,
2006-12-20,9.4,-0.7,39.96,15:58,2.16,0.2,
2006-12-20,9.4,-0.7,39.96,15:58,2.16,0.2,
2006-12-21,9.6,-2.3,29.88,14:56,3.96,0.4,
2006-12-21,9.6,-2.3,29.88,14:56,3.96,0.4,
2006-12-22,10.6,-1.6,33.12,14:14,6.84,0.0,
2006-12-22,10.6,-1.6,33.12,14:14,6.84,0.0,
2006-12-23,10.3,-2.4,14.04,15:03,0.0,0.6,
2006-12-23,10.3,-2.4,14.04,15:03,0.0,0.6,
2006-12-24,3.6,-5.4,11.16,20:20,0.0,1.4,
2006-12-24,3.6,-5.4,11.16,20:20,0.0,1.4,
2006-12-25,6.3,-7.2,9.0,15:29,0.0,0.2,
2006-12-25,6.3,-7.2,9.0,15:29,0.0,0.2,
2006-12-26,6.7,-5.2,11.16,22:26,0.0,0.5,
2006-12-26,6.7,-5.2,11.16,22:26,0.0,0.5,
2006-12-27,11.2,-4.3,12.96,19:12,0.0,0.2,
2006-12-27,11.2,-4.3,12.96,19:12,0.0,0.2,
2006-12-28,14.4,-2.4,42.12,11:07,9.0,0.0,
2006-12-28,14.4,-2.4,42.12,11:07,9.0,0.0,
2006-12-29,12.3,8.2,48.96,12:53,19.08,7.0,
2006-12-29,12.3,8.2,48.96,12:53,19.08,7.0,
2006-12-30,13.3,11.9,57.96,10:55,15.84,0.0,
2006-12-30,13.3,11.9,57.96,10:55,15.84,0.0,
2006-12-31,14.4,12.3,54.0,12:23,16.92,0.0,
2006-12-31,14.4,12.3,54.0,12:23,16.92,0.0,
2007-01-01,14.7,6.1,42.84,02:14,9.0,0.0,
2007-01-01,14.7,6.1,42.84,02:14,9.0,0.0,
2007-01-02,6.1,1.2,10.08,22:30,0.0,0.2,
2007-01-02,6.1,1.2,10.08,22:30,0.0,0.2,
2007-01-03,11.3,-1.7,21.96,23:14,0.0,1.3,
2007-01-03,11.3,-1.7,21.96,23:14,0.0,1.3,
2007-01-04,12.8,7.0,32.04,07:59,11.88,1.4,
2007-01-04,12.8,7.0,32.04,07:59,11.88,1.4,
2007-01-05,15.6,10.5,30.96,14:27,9.0,0.0,
2007-01-05,15.6,10.5,30.96,14:27,9.0,0.0,
2007-01-06,14.0,9.8,42.12,11:42,11.16,1.6,
2007-01-06,14.0,9.8,42.12,11:42,11.16,1.6,
2007-01-07,12.0,8.7,45.0,21:24,10.08,3.2,
2007-01-07,12.0,8.7,45.0,21:24,10.08,3.2,
2007-01-08,12.2,8.8,41.04,12:21,12.96,2.0,
2007-01-08,12.2,8.8,41.04,12:21,12.96,2.0,
2007-01-09,14.5,6.5,47.88,11:45,15.12,0.0,
2007-01-09,14.5,6.5,47.88,11:45,15.12,0.0,
2007-01-10,12.5,7.4,43.92,11:18,9.0,0.9,
2007-01-10,12.5,7.4,43.92,11:18,9.0,0.9,
2007-01-11,15.1,4.8,28.08,10:57,2.16,0.1,
2007-01-11,15.1,4.8,28.08,10:57,2.16,0.1,
2007-01-12,12.4,1.8,11.88,20:11,0.0,0.1,
2007-01-12,12.4,1.8,11.88,20:11,0.0,0.1,
2007-01-13,10.3,-1.5,24.12,15:18,0.0,0.2,
2007-01-13,10.3,-1.5,24.12,15:18,0.0,0.2,
2007-01-14,7.9,-0.8,10.08,14:10,0.0,0.1,
2007-01-14,7.9,-0.8,10.08,14:10,0.0,0.1,
2007-01-15,11.2,1.8,11.88,15:01,0.0,0.5,
2007-01-15,11.2,1.8,11.88,15:01,0.0,0.5,
2007-01-16,12.0,6.8,33.84,12:45,9.0,0.0,
2007-01-16,12.0,6.8,33.84,12:45,9.0,0.0,
2007-01-17,13.2,9.1,51.12,19:50,14.04,2.6,
2007-01-17,13.2,9.1,51.12,19:50,14.04,2.6,
2007-01-18,14.1,11.2,47.16,00:27,14.04,0.0,
2007-01-18,14.1,11.2,47.16,00:27,14.04,0.0,
2007-01-19,14.6,6.6,33.84,02:14,6.84,0.0,
2007-01-19,14.6,6.6,33.84,02:14,6.84,0.0,
2007-01-20,13.2,3.8,24.84,12:45,2.16,0.7,
2007-01-20,13.2,3.8,24.84,12:45,2.16,0.7,
2007-01-21,9.7,5.7,20.88,11:39,2.16,7.2,
2007-01-21,9.7,5.7,20.88,11:39,2.16,7.2,
2007-01-22,5.7,0.9,23.04,16:13,0.0,13.2,
2007-01-22,5.7,0.9,23.04,16:13,0.0,13.2,
2007-01-23,4.1,-0.7,19.08,09:16,0.0,5.6,
2007-01-23,4.1,-0.7,19.08,09:16,0.0,5.6,
2007-01-24,4.5,-0.6,20.88,15:43,0.0,8.1,
2007-01-24,4.5,-0.6,20.88,15:43,0.0,8.1,
2007-01-25,4.7,-0.7,39.96,11:55,2.88,3.8,
2007-01-25,4.7,-0.7,39.96,11:55,2.88,3.8,
2007-01-26,5.9,-0.2,39.96,23:38,7.92,0.0,
2007-01-26,5.9,-0.2,39.96,23:38,7.92,0.0,
2007-01-27,8.1,1.1,39.96,02:07,3.96,0.1,
2007-01-27,8.1,1.1,39.96,02:07,3.96,0.1,
2007-01-28,9.9,-3.1,24.12,12:07,1.08,0.1,
2007-01-28,9.9,-3.1,24.12,12:07,1.08,0.1,
2007-01-29,7.0,-2.8,18.0,13:03,2.16,2.9,
2007-01-29,7.0,-2.8,18.0,13:03,2.16,2.9,
2007-01-30,7.0,3.4,14.04,13:02,0.0,6.3,
2007-01-30,7.0,3.4,14.04,13:02,0.0,6.3,
2007-01-31,9.0,-1.1,15.12,14:06,0.0,0.1,
2007-01-31,9.0,-1.1,15.12,14:06,0.0,0.1,
2007-02-01,11.6,-2.5,21.96,15:23,0.0,0.1,
2007-02-01,11.6,-2.5,21.96,15:23,0.0,0.1,
2007-02-02,12.0,-2.3,20.88,12:52,2.16,0.0,
2007-02-02,12.0,-2.3,20.88,12:52,2.16,0.0,
2007-02-03,7.8,-1.9,10.08,02:13,0.0,0.2,
2007-02-03,7.8,-1.9,10.08,02:13,0.0,0.2,
2007-02-04,13.4,-2.0,11.88,14:23,0.0,0.3,
2007-02-04,13.4,-2.0,11.88,14:23,0.0,0.3,
2007-02-05,10.9,5.6,15.12,13:30,1.08,0.0,
2007-02-05,10.9,5.6,15.12,13:30,1.08,0.0,
2007-02-06,8.9,5.6,43.92,15:59,6.12,3.2,
2007-02-06,8.9,5.6,43.92,15:59,6.12,3.2,
2007-02-07,11.5,6.1,48.96,18:48,12.96,6.7,
2007-02-07,11.5,6.1,48.96,18:48,12.96,6.7,
2007-02-08,13.6,7.6,52.92,20:51,7.92,8.6,
2007-02-08,13.6,7.6,52.92,20:51,7.92,8.6,
2007-02-09,12.2,4.7,54.0,22:49,18.0,7.4,
2007-02-09,12.2,4.7,54.0,22:49,18.0,7.4,
2007-02-10,14.5,6.9,74.88,01:07,21.96,2.1,
2007-02-10,14.5,6.9,74.88,01:07,21.96,2.1,
2007-02-11,14.7,12.0,54.0,19:36,12.96,22.9,
2007-02-11,14.7,12.0,54.0,19:36,12.96,22.9,
2007-02-12,13.4,3.7,46.08,00:41,6.84,0.0,
2007-02-12,13.4,3.7,46.08,00:41,6.84,0.0,
2007-02-13,13.5,-0.4,60.84,21:29,16.92,10.8,
2007-02-13,13.5,-0.4,60.84,21:29,16.92,10.8,
2007-02-14,14.3,1.5,74.88,04:59,10.08,2.0,
2007-02-14,14.3,1.5,74.88,04:59,10.08,2.0,
2007-02-15,16.2,3.0,64.08,17:09,15.84,0.3,
2007-02-15,16.2,3.0,64.08,17:09,15.84,0.3,
2007-02-16,18.0,5.9,51.84,01:59,11.16,2.6,
2007-02-16,18.0,5.9,51.84,01:59,11.16,2.6,
2007-02-17,8.1,5.5,38.88,05:01,10.08,8.3,
2007-02-17,8.1,5.5,38.88,05:01,10.08,8.3,
2007-02-18,10.5,3.5,19.08,01:00,0.0,0.1,
2007-02-18,10.5,3.5,19.08,01:00,0.0,0.1,
2007-02-19,11.3,3.7,46.08,13:28,15.84,8.5,
2007-02-19,11.3,3.7,46.08,13:28,15.84,8.5,
2007-02-20,10.3,0.9,33.84,14:47,0.0,0.7,
2007-02-20,10.3,0.9,33.84,14:47,0.0,0.7,
2007-02-21,12.6,1.8,57.96,23:27,9.0,3.4,
2007-02-21,12.6,1.8,57.96,23:27,9.0,3.4,
2007-02-22,13.7,7.9,52.92,01:23,16.92,10.0,
2007-02-22,13.7,7.9,52.92,01:23,16.92,10.0,
2007-02-23,11.8,8.3,45.0,18:35,12.96,10.2,
2007-02-23,11.8,8.3,45.0,18:35,12.96,10.2,
2007-02-24,12.2,9.8,42.84,13:56,14.04,6.7,
2007-02-24,12.2,9.8,42.84,13:56,14.04,6.7,
2007-02-25,12.2,3.5,37.08,01:13,2.88,1.1,
2007-02-25,12.2,3.5,37.08,01:13,2.88,1.1,
2007-02-26,11.4,5.9,23.04,11:07,1.08,0.0,
2007-02-26,11.4,5.9,23.04,11:07,1.08,0.0,
2007-02-27,16.0,3.7,39.96,21:42,7.92,0.7,
2007-02-27,16.0,3.7,39.96,21:42,7.92,0.7,
2007-02-28,14.6,8.0,41.04,00:27,12.96,0.0,
2007-02-28,14.6,8.0,41.04,00:27,12.96,0.0,
2007-03-01,12.5,8.5,59.04,13:09,18.0,0.0,
2007-03-01,12.5,8.5,59.04,13:09,18.0,0.0,
2007-03-02,15.4,11.0,60.12,15:09,20.88,9.8,
2007-03-02,15.4,11.0,60.12,15:09,20.88,9.8,
2007-03-03,16.1,12.2,51.12,12:10,14.04,0.6,
2007-03-03,16.1,12.2,51.12,12:10,14.04,0.6,
2007-03-04,14.7,4.6,73.08,09:46,20.16,11.4,
2007-03-04,14.7,4.6,73.08,09:46,20.16,11.4,
2007-03-05,12.4,4.1,48.96,13:32,15.12,0.0,
2007-03-05,12.4,4.1,48.96,13:32,15.12,0.0,
2007-03-06,15.8,8.8,63.0,09:13,15.12,16.7,
2007-03-06,15.8,8.8,63.0,09:13,15.12,16.7,
2007-03-07,11.7,6.3,66.96,14:14,23.04,1.4,
2007-03-07,11.7,6.3,66.96,14:14,23.04,1.4,
2007-03-08,15.6,4.4,19.08,14:09,0.0,0.0,
2007-03-08,15.6,4.4,19.08,14:09,0.0,0.0,
2007-03-09,14.0,3.3,32.04,15:47,1.08,0.3,
2007-03-09,14.0,3.3,32.04,15:47,1.08,0.3,
2007-03-10,20.6,-1.2,12.96,13:01,0.0,0.0,
2007-03-10,20.6,-1.2,12.96,13:01,0.0,0.0,
2007-03-11,21.8,-1.2,18.0,14:27,2.16,0.0,
2007-03-11,21.8,-1.2,18.0,14:27,2.16,0.0,
2007-03-12,18.2,1.0,25.92,17:03,2.88,0.0,
2007-03-12,18.2,1.0,25.92,17:03,2.88,0.0,
2007-03-13,14.6,2.4,37.08,15:52,10.08,0.0,
2007-03-13,14.6,2.4,37.08,15:52,10.08,0.0,
2007-03-14,17.4,2.8,36.0,17:26,6.12,0.0,
2007-03-14,17.4,2.8,36.0,17:26,6.12,0.0,
2007-03-15,17.3,0.4,39.96,17:10,6.84,0.0,
2007-03-15,17.3,0.4,39.96,17:10,6.84,0.0,
2007-03-16,15.6,5.8,47.16,14:47,12.96,0.0,
2007-03-16,15.6,5.8,47.16,14:47,12.96,0.0,
2007-03-17,15.6,0.8,50.04,16:39,7.92,0.0,
2007-03-17,15.6,0.8,50.04,16:39,7.92,0.0,
2007-03-18,16.6,2.9,33.84,20:30,1.08,1.3,
2007-03-18,16.6,2.9,33.84,20:30,1.08,1.3,
2007-03-19,9.1,1.2,59.04,13:04,9.0,6.5,
2007-03-19,9.1,1.2,59.04,13:04,9.0,6.5,
2007-03-20,8.7,0.4,64.08,11:53,10.08,3.6,
2007-03-20,8.7,0.4,64.08,11:53,10.08,3.6,
2007-03-21,7.9,0.4,52.92,12:24,11.16,1.0,
2007-03-21,7.9,0.4,52.92,12:24,11.16,1.0,
2007-03-22,7.8,1.5,27.0,18:34,0.0,5.4,
2007-03-22,7.8,1.5,27.0,18:34,0.0,5.4,
2007-03-23,12.1,5.7,29.88,15:32,1.08,0.3,
2007-03-23,12.1,5.7,29.88,15:32,1.08,0.3,
2007-03-24,12.7,2.7,33.84,15:17,9.0,0.0,
2007-03-24,12.7,2.7,33.84,15:17,9.0,0.0,
2007-03-25,14.3,-1.0,45.0,09:14,6.12,0.1,
2007-03-25,14.3,-1.0,45.0,09:14,6.12,0.1,
2007-03-26,10.6,0.2,33.12,13:42,0.0,0.3,
2007-03-26,10.6,0.2,33.12,13:42,0.0,0.3,
2007-03-27,13.2,3.5,38.88,13:55,5.04,0.9,
2007-03-27,13.2,3.5,38.88,13:55,5.04,0.9,
2007-03-28,9.8,1.8,20.16,13:54,0.0,11.3,
2007-03-28,9.8,1.8,20.16,13:54,0.0,11.3,
2007-03-29,12.8,1.6,27.0,11:27,1.08,1.0,
2007-03-29,12.8,1.6,27.0,11:27,1.08,1.0,
2007-03-30,9.5,3.7,47.16,14:38,10.08,10.2,
2007-03-30,9.5,3.7,47.16,14:38,10.08,10.2,
2007-03-31,9.8,1.8,37.08,15:36,2.88,0.4,
2007-03-31,9.8,1.8,37.08,15:36,2.88,0.4,
2007-04-01,10.8,-0.5,46.08,10:30,5.04,1.5,
2007-04-01,10.8,-0.5,46.08,10:30,5.04,1.5,
2007-04-02,15.5,1.2,21.96,04:57,0.0,0.0,
2007-04-02,15.5,1.2,21.96,04:57,0.0,0.0,
2007-04-03,16.6,-0.3,37.08,17:47,3.96,0.3,
2007-04-03,16.6,-0.3,37.08,17:47,3.96,0.3,
2007-04-04,12.7,2.5,41.04,14:07,9.0,0.1,
2007-04-04,12.7,2.5,41.04,14:07,9.0,0.1,
2007-04-05,13.2,0.0,42.84,14:56,7.92,0.0,
2007-04-05,13.2,0.0,42.84,14:56,7.92,0.0,
2007-04-06,15.8,0.3,37.08,16:19,7.92,0.0,
2007-04-06,15.8,0.3,37.08,16:19,7.92,0.0,
2007-04-07,19.2,2.4,33.12,15:52,6.12,0.1,
2007-04-07,19.2,2.4,33.12,15:52,6.12,0.1,
2007-04-08,20.0,2.1,36.0,15:13,3.96,3.7,
2007-04-08,20.0,2.1,36.0,15:13,3.96,3.7,
2007-04-09,16.6,3.6,33.12,14:02,7.92,1.2,
2007-04-09,16.6,3.6,33.12,14:02,7.92,1.2,
2007-04-10,18.2,7.8,27.0,15:59,7.92,0.0,
2007-04-10,18.2,7.8,27.0,15:59,7.92,0.0,
2007-04-11,21.2,5.7,25.92,11:04,2.88,0.4,
2007-04-11,21.2,5.7,25.92,11:04,2.88,0.4,
2007-04-12,19.4,4.0,29.88,16:26,7.92,0.0,
2007-04-12,19.4,4.0,29.88,16:26,7.92,0.0,
2007-04-13,18.2,5.0,33.12,15:47,3.96,0.0,
2007-04-13,18.2,5.0,33.12,15:47,3.96,0.0,
2007-04-14,18.7,4.4,34.92,14:19,6.84,0.0,
2007-04-14,18.7,4.4,34.92,14:19,6.84,0.0,
2007-04-15,20.3,6.4,38.88,17:11,6.12,0.0,
2007-04-15,20.3,6.4,38.88,17:11,6.12,0.0,
2007-04-16,17.9,10.0,34.92,15:54,9.0,0.0,
2007-04-16,17.9,10.0,34.92,15:54,9.0,0.0,
2007-04-17,18.5,8.7,29.88,15:10,7.92,0.0,
2007-04-17,18.5,8.7,29.88,15:10,7.92,0.0,
2007-04-18,25.8,6.2,29.88,15:23,5.04,0.0,
2007-04-18,25.8,6.2,29.88,15:23,5.04,0.0,
2007-04-19,25.5,7.4,36.0,15:03,1.08,0.0,
2007-04-19,25.5,7.4,36.0,15:03,1.08,0.0,
2007-04-20,24.2,5.8,39.96,10:30,6.12,0.0,
2007-04-20,24.2,5.8,39.96,10:30,6.12,0.0,
2007-04-21,26.1,5.5,33.84,15:57,6.12,0.0,
2007-04-21,26.1,5.5,33.84,15:57,6.12,0.0,
2007-04-22,26.4,5.3,27.0,16:53,3.96,0.0,
2007-04-22,26.4,5.3,27.0,16:53,3.96,0.0,
2007-04-23,27.5,6.2,28.08,11:10,5.04,2.8,
2007-04-23,27.5,6.2,28.08,11:10,5.04,2.8,
2007-04-24,22.0,10.8,28.08,16:19,5.04,0.7,
2007-04-24,22.0,10.8,28.08,16:19,5.04,0.7,
2007-04-25,11.5,8.1,29.88,14:19,6.84,0.0,
2007-04-25,11.5,8.1,29.88,14:19,6.84,0.0,
2007-04-26,12.2,7.8,36.0,14:09,10.08,0.8,
2007-04-26,12.2,7.8,36.0,14:09,10.08,0.8,
2007-04-27,16.6,8.5,24.12,16:17,6.12,10.0,
2007-04-27,16.6,8.5,24.12,16:17,6.12,10.0,
2007-04-28,17.7,9.2,21.96,05:06,3.96,0.5,
2007-04-28,17.7,9.2,21.96,05:06,3.96,0.5,
2007-04-29,19.8,10.6,29.88,14:54,6.12,12.5,
2007-04-29,19.8,10.6,29.88,14:54,6.12,12.5,
2007-04-30,13.5,5.2,41.04,11:05,6.84,4.0,
2007-04-30,13.5,5.2,41.04,11:05,6.84,4.0,
2007-05-01,9.4,5.2,46.08,09:18,12.96,8.1,
2007-05-01,9.4,5.2,46.08,09:18,12.96,8.1,
2007-05-02,17.4,3.3,36.0,17:32,6.84,3.9,
2007-05-02,17.4,3.3,36.0,17:32,6.84,3.9,
2007-05-03,18.7,5.3,33.84,15:49,10.08,0.0,
2007-05-03,18.7,5.3,33.84,15:49,10.08,0.0,
2007-05-04,19.0,10.0,32.04,17:31,7.92,0.0,
2007-05-04,19.0,10.0,32.04,17:31,7.92,0.0,
2007-05-05,18.6,4.6,34.92,16:03,10.08,0.0,
2007-05-05,18.6,4.6,34.92,16:03,10.08,0.0,
2007-05-06,22.0,3.6,28.08,16:50,6.84,0.1,
2007-05-06,22.0,3.6,28.08,16:50,6.84,0.1,
2007-05-07,21.2,6.6,23.04,15:41,6.12,0.0,
2007-05-07,21.2,6.6,23.04,15:41,6.12,0.0,
2007-05-08,27.0,5.6,34.92,15:14,6.84,0.0,
2007-05-08,27.0,5.6,34.92,15:14,6.84,0.0,
2007-05-09,28.7,4.2,38.88,13:30,6.84,0.0,
2007-05-09,28.7,4.2,38.88,13:30,6.84,0.0,
2007-05-10,20.7,5.4,42.12,15:31,11.88,0.0,
2007-05-10,20.7,5.4,42.12,15:31,11.88,0.0,
2007-05-11,19.6,11.4,50.04,15:05,14.04,0.0,
2007-05-11,19.6,11.4,50.04,15:05,14.04,0.0,
2007-05-12,22.0,12.4,43.92,23:40,12.96,0.0,
2007-05-12,22.0,12.4,43.92,23:40,12.96,0.0,
2007-05-13,13.9,7.8,64.08,08:42,12.96,0.0,
2007-05-13,13.9,7.8,64.08,08:42,12.96,0.0,
2007-05-14,15.8,5.1,47.88,09:49,11.16,1.2,
2007-05-14,15.8,5.1,47.88,09:49,11.16,1.2,
2007-05-15,17.3,1.8,23.04,10:52,6.12,0.0,
2007-05-15,17.3,1.8,23.04,10:52,6.12,0.0,
2007-05-16,21.4,8.4,29.88,18:16,9.0,0.0,
2007-05-16,21.4,8.4,29.88,18:16,9.0,0.0,
2007-05-17,25.2,5.5,29.88,16:36,11.16,0.0,
2007-05-17,25.2,5.5,29.88,16:36,11.16,0.0,
2007-05-18,24.9,10.4,29.88,19:50,9.0,0.0,
2007-05-18,24.9,10.4,29.88,19:50,9.0,0.0,
2007-05-19,13.4,10.4,43.92,14:08,14.04,0.0,
2007-05-19,13.4,10.4,43.92,14:08,14.04,0.0,
2007-05-20,11.0,8.6,41.04,10:40,15.84,0.2,
2007-05-20,11.0,8.6,41.04,10:40,15.84,0.2,
2007-05-21,11.4,7.6,37.08,17:28,14.04,3.5,
2007-05-21,11.4,7.6,37.08,17:28,14.04,3.5,
2007-05-22,18.8,10.1,42.84,03:15,11.16,4.5,
2007-05-22,18.8,10.1,42.84,03:15,11.16,4.5,
2007-05-23,17.5,10.8,29.88,17:11,9.0,0.4,
2007-05-23,17.5,10.8,29.88,17:11,9.0,0.4,
2007-05-24,25.0,11.3,33.12,16:33,10.08,4.9,
2007-05-24,25.0,11.3,33.12,16:33,10.08,4.9,
2007-05-25,22.5,12.4,37.08,15:29,2.88,0.4,
2007-05-25,22.5,12.4,37.08,15:29,2.88,0.4,
2007-05-26,16.4,6.4,28.08,10:12,7.92,0.0,
2007-05-26,16.4,6.4,28.08,10:12,7.92,0.0,
2007-05-27,16.3,6.2,38.16,17:29,12.96,1.2,
2007-05-27,16.3,6.2,38.16,17:29,12.96,1.2,
2007-05-28,16.9,4.5,28.08,11:57,7.92,0.0,
2007-05-28,16.9,4.5,28.08,11:57,7.92,0.0,
2007-05-29,17.2,8.4,33.12,07:21,11.16,0.4,
2007-05-29,17.2,8.4,33.12,07:21,11.16,0.4,
2007-05-30,18.9,10.7,47.88,04:23,14.04,1.5,
2007-05-30,18.9,10.7,47.88,04:23,14.04,1.5,
2007-05-31,17.9,9.8,43.92,11:52,14.04,2.4,
2007-05-31,17.9,9.8,43.92,11:52,14.04,2.4,
2007-06-01,20.2,9.0,20.88,08:50,6.84,0.0,
2007-06-01,20.2,9.0,20.88,08:50,6.84,0.0,
2007-06-02,25.0,7.4,21.96,17:22,6.12,0.0,
2007-06-02,25.0,7.4,21.96,17:22,6.12,0.0,
2007-06-03,23.4,9.6,28.08,16:13,7.92,0.0,
2007-06-03,23.4,9.6,28.08,16:13,7.92,0.0,
2007-06-04,20.4,11.0,42.12,15:23,14.04,0.0,
2007-06-04,20.4,11.0,42.12,15:23,14.04,0.0,
2007-06-05,21.5,6.5,38.16,13:33,14.04,0.0,
2007-06-05,21.5,6.5,38.16,13:33,14.04,0.0,
2007-06-06,24.5,12.2,36.0,16:15,10.08,0.0,
2007-06-06,24.5,12.2,36.0,16:15,10.08,0.0,
2007-06-07,30.1,11.2,34.92,01:19,9.0,0.0,
2007-06-07,30.1,11.2,34.92,01:19,9.0,0.0,
2007-06-08,27.7,10.4,29.16,15:51,6.12,3.3,
2007-06-08,27.7,10.4,29.16,15:51,6.12,3.3,
2007-06-09,26.2,12.6,66.96,14:54,6.12,14.8,
2007-06-09,26.2,12.6,66.96,14:54,6.12,14.8,
2007-06-10,23.0,12.3,41.04,13:49,9.0,0.3,
2007-06-10,23.0,12.3,41.04,13:49,9.0,0.3,
2007-06-11,24.1,12.8,41.04,07:40,10.08,0.0,
2007-06-11,24.1,12.8,41.04,07:40,10.08,0.0,
2007-06-12,24.6,9.7,34.92,17:10,9.0,1.2,
2007-06-12,24.6,9.7,34.92,17:10,9.0,1.2,
2007-06-13,19.6,9.2,60.12,19:26,15.84,14.7,
2007-06-13,19.6,9.2,60.12,19:26,15.84,14.7,
2007-06-14,19.6,12.2,72.0,17:57,20.88,13.4,
2007-06-14,19.6,12.2,72.0,17:57,20.88,13.4,
2007-06-15,20.6,10.5,42.12,13:14,15.84,0.0,
2007-06-15,20.6,10.5,42.12,13:14,15.84,0.0,
2007-06-16,20.3,6.5,39.96,22:03,6.84,6.2,
2007-06-16,20.3,6.5,39.96,22:03,6.84,6.2,
2007-06-17,18.8,13.7,56.16,11:47,18.0,7.5,
2007-06-17,18.8,13.7,56.16,11:47,18.0,7.5,
2007-06-18,22.2,13.6,54.0,15:20,15.84,0.9,
2007-06-18,22.2,13.6,54.0,15:20,15.84,0.9,
2007-06-19,20.5,11.4,69.12,11:36,15.84,15.1,
2007-06-19,20.5,11.4,69.12,11:36,15.84,15.1,
2007-06-20,20.0,10.6,47.16,16:07,15.12,3.5,
2007-06-20,20.0,10.6,47.16,16:07,15.12,3.5,
2007-06-21,17.6,10.2,55.08,10:04,14.04,1.8,
2007-06-21,17.6,10.2,55.08,10:04,14.04,1.8,
2007-06-22,18.6,9.0,28.08,13:22,11.16,0.0,
2007-06-22,18.6,9.0,28.08,13:22,11.16,0.0,
2007-06-23,23.1,5.6,20.88,17:26,5.04,0.0,
2007-06-23,23.1,5.6,20.88,17:26,5.04,0.0,
2007-06-24,23.6,8.6,42.84,16:25,12.96,3.2,
2007-06-24,23.6,8.6,42.84,16:25,12.96,3.2,
2007-06-25,19.3,7.8,36.0,15:14,7.92,0.0,
2007-06-25,19.3,7.8,36.0,15:14,7.92,0.0,
2007-06-26,17.5,6.7,29.88,17:01,6.12,0.0,
2007-06-26,17.5,6.7,29.88,17:01,6.12,0.0,
2007-06-27,19.7,5.4,28.08,17:46,9.0,0.0,
2007-06-27,19.7,5.4,28.08,17:46,9.0,0.0,
2007-06-28,22.1,6.2,28.08,16:27,6.84,0.0,
2007-06-28,22.1,6.2,28.08,16:27,6.84,0.0,
2007-06-29,24.3,5.8,21.96,20:03,6.12,0.0,
2007-06-29,24.3,5.8,21.96,20:03,6.12,0.0,
2007-06-30,25.7,8.4,38.88,13:22,12.96,0.3,
2007-06-30,25.7,8.4,38.88,13:22,12.96,0.3,
2007-07-01,19.7,12.3,42.84,14:56,16.92,1.2,
2007-07-01,19.7,12.3,42.84,14:56,16.92,1.2,
2007-07-02,23.0,12.6,34.92,17:02,14.04,0.0,
2007-07-02,23.0,12.6,34.92,17:02,14.04,0.0,
2007-07-03,21.6,12.4,39.96,13:52,16.92,0.1,
2007-07-03,21.6,12.4,39.96,13:52,16.92,0.1,
2007-07-04,23.5,9.4,27.0,17:56,6.84,0.1,
2007-07-04,23.5,9.4,27.0,17:56,6.84,0.1,
2007-07-05,27.0,7.2,25.92,17:22,7.92,0.1,
2007-07-05,27.0,7.2,25.92,17:22,7.92,0.1,
2007-07-06,25.2,10.5,29.88,17:58,9.0,0.1,
2007-07-06,25.2,10.5,29.88,17:58,9.0,0.1,
2007-07-07,23.5,13.9,23.04,16:32,7.92,0.0,
2007-07-07,23.5,13.9,23.04,16:32,7.92,0.0,
2007-07-08,19.3,8.0,32.04,18:02,10.08,0.2,
2007-07-08,19.3,8.0,32.04,18:02,10.08,0.2,
2007-07-09,20.5,5.6,36.0,22:21,7.92,0.0,
2007-07-09,20.5,5.6,36.0,22:21,7.92,0.0,
2007-07-10,22.6,12.3,23.04,17:30,7.92,0.0,
2007-07-10,22.6,12.3,23.04,17:30,7.92,0.0,
2007-07-11,25.0,11.3,29.88,17:38,6.84,0.1,
2007-07-11,25.0,11.3,29.88,17:38,6.84,0.1,
2007-07-12,28.5,9.4,19.08,15:30,6.12,0.0,
2007-07-12,28.5,9.4,19.08,15:30,6.12,0.0,
2007-07-13,28.6,11.4,29.88,15:18,9.0,0.0,
2007-07-13,28.6,11.4,29.88,15:18,9.0,0.0,
2007-07-14,30.2,10.2,36.0,13:46,9.0,0.0,
2007-07-14,30.2,10.2,36.0,13:46,9.0,0.0,
2007-07-15,20.1,13.5,36.0,20:05,7.92,13.5,
2007-07-15,20.1,13.5,36.0,20:05,7.92,13.5,
2007-07-16,19.6,12.4,45.0,14:20,15.12,2.4,
2007-07-16,19.6,12.4,45.0,14:20,15.12,2.4,
2007-07-17,23.0,11.1,30.96,15:22,10.08,0.0,
2007-07-17,23.0,11.1,30.96,15:22,10.08,0.0,
2007-07-18,23.4,6.6,0.0,,6.84,0.0,
2007-07-18,23.4,6.6,0.0,,6.84,0.0,
2007-07-19,20.6,9.5,30.96,13:05,9.0,0.8,
2007-07-19,20.6,9.5,30.96,13:05,9.0,0.8,
2007-07-20,21.7,7.2,28.08,18:10,7.92,0.0,
2007-07-20,21.7,7.2,28.08,18:10,7.92,0.0,
2007-07-21,21.4,8.0,27.0,17:06,6.12,0.0,
2007-07-21,21.4,8.0,27.0,17:06,6.12,0.0,
2007-07-22,17.6,6.0,47.16,19:03,11.16,13.1,
2007-07-22,17.6,6.0,47.16,19:03,11.16,13.1,
2007-07-23,17.6,12.4,45.0,02:23,14.04,1.3,
2007-07-23,17.6,12.4,45.0,02:23,14.04,1.3,
2007-07-24,23.1,10.6,38.88,18:16,6.84,0.0,
2007-07-24,23.1,10.6,38.88,18:16,6.84,0.0,
2007-07-25,27.6,9.8,23.04,13:42,6.84,0.0,
2007-07-25,27.6,9.8,23.04,13:42,6.84,0.0,
2007-07-26,26.6,13.3,25.92,14:49,9.0,0.0,
2007-07-26,26.6,13.3,25.92,14:49,9.0,0.0,
2007-07-27,28.7,9.3,23.04,12:34,5.04,0.0,
2007-07-27,28.7,9.3,23.04,12:34,5.04,0.0,
2007-07-28,28.8,17.2,24.12,15:27,6.84,0.0,
2007-07-28,28.8,17.2,24.12,15:27,6.84,0.0,
2007-07-29,27.0,13.5,30.96,16:29,9.0,0.0,
2007-07-29,27.0,13.5,30.96,16:29,9.0,0.0,
2007-07-30,29.4,13.8,25.92,15:01,9.0,0.0,
2007-07-30,29.4,13.8,25.92,15:01,9.0,0.0,
2007-07-31,32.0,15.5,38.16,19:17,7.92,0.8,
2007-07-31,32.0,15.5,38.16,19:17,7.92,0.8,
2007-08-01,23.2,13.3,29.16,12:07,7.92,0.0,
2007-08-01,23.2,13.3,29.16,12:07,7.92,0.0,
2007-08-02,24.6,11.9,32.04,16:19,11.16,0.0,
2007-08-02,24.6,11.9,32.04,16:19,11.16,0.0,
2007-08-03,26.4,10.3,30.96,14:59,9.0,0.0,
2007-08-03,26.4,10.3,30.96,14:59,9.0,0.0,
2007-08-04,35.6,11.6,28.08,15:19,7.92,0.0,
2007-08-04,35.6,11.6,28.08,15:19,7.92,0.0,
2007-08-05,30.0,14.0,29.16,16:15,7.92,0.0,
2007-08-05,30.0,14.0,29.16,16:15,7.92,0.0,
2007-08-06,18.4,9.1,36.0,16:48,11.88,0.0,
2007-08-06,18.4,9.1,36.0,16:48,11.88,0.0,
2007-08-07,20.7,5.6,42.12,13:10,12.96,0.0,
2007-08-07,20.7,5.6,42.12,13:10,12.96,0.0,
2007-08-08,21.6,6.0,36.0,15:55,10.08,0.0,
2007-08-08,21.6,6.0,36.0,15:55,10.08,0.0,
2007-08-09,24.8,6.6,39.96,15:34,11.16,0.0,
2007-08-09,24.8,6.6,39.96,15:34,11.16,0.0,
2007-08-10,27.4,8.4,28.08,17:34,9.0,0.0,
2007-08-10,27.4,8.4,28.08,17:34,9.0,0.0,
2007-08-11,28.3,9.1,29.88,16:50,6.84,0.0,
2007-08-11,28.3,9.1,29.88,16:50,6.84,0.0,
2007-08-12,22.6,11.3,28.08,12:55,11.16,0.1,
2007-08-12,22.6,11.3,28.08,12:55,11.16,0.1,
2007-08-13,24.9,10.2,25.92,16:25,5.04,0.0,
2007-08-13,24.9,10.2,25.92,16:25,5.04,0.0,
2007-08-14,24.0,12.8,52.92,18:30,14.04,0.9,
2007-08-14,24.0,12.8,52.92,18:30,14.04,0.9,
2007-08-15,21.0,12.6,56.88,03:16,12.96,1.8,
2007-08-15,21.0,12.6,56.88,03:16,12.96,1.8,
2007-08-16,20.0,7.1,30.96,09:46,7.92,0.0,
2007-08-16,20.0,7.1,30.96,09:46,7.92,0.0,
2007-08-17,21.8,4.0,27.0,14:23,6.12,0.1,
2007-08-17,21.8,4.0,27.0,14:23,6.12,0.1,
2007-08-18,22.3,9.2,29.16,16:03,10.08,1.4,
2007-08-18,22.3,9.2,29.16,16:03,10.08,1.4,
2007-08-19,20.0,9.8,39.96,15:48,10.08,0.1,
2007-08-19,20.0,9.8,39.96,15:48,10.08,0.1,
2007-08-20,19.3,8.4,30.96,18:24,6.12,0.0,
2007-08-20,19.3,8.4,30.96,18:24,6.12,0.0,
2007-08-21,20.2,9.0,43.92,12:23,11.16,0.7,
2007-08-21,20.2,9.0,43.92,12:23,11.16,0.7,
2007-08-22,19.7,10.3,33.12,12:15,9.0,0.0,
2007-08-22,19.7,10.3,33.12,12:15,9.0,0.0,
2007-08-23,21.7,7.9,29.88,14:23,11.16,0.0,
2007-08-23,21.7,7.9,29.88,14:23,11.16,0.0,
2007-08-24,22.7,14.5,38.88,17:29,11.88,0.0,
2007-08-24,22.7,14.5,38.88,17:29,11.88,0.0,
2007-08-25,24.9,12.5,38.88,16:56,10.08,8.7,
2007-08-25,24.9,12.5,38.88,16:56,10.08,8.7,
2007-08-26,27.5,14.2,37.08,08:17,6.12,11.0,
2007-08-26,27.5,14.2,37.08,08:17,6.12,11.0,
2007-08-27,32.7,15.8,28.08,17:17,6.84,0.3,
2007-08-27,32.7,15.8,28.08,17:17,6.84,0.3,
2007-08-28,30.2,14.3,29.88,12:56,9.0,13.5,
2007-08-28,30.2,14.3,29.88,12:56,9.0,13.5,
2007-08-29,19.6,12.2,36.0,17:47,11.16,0.8,
2007-08-29,19.6,12.2,36.0,17:47,11.16,0.8,
2007-08-30,21.6,8.4,47.16,14:03,11.16,0.0,
2007-08-30,21.6,8.4,47.16,14:03,11.16,0.0,
2007-08-31,23.5,7.0,38.88,15:34,11.88,0.0,
2007-08-31,23.5,7.0,38.88,15:34,11.88,0.0,
2007-09-01,24.3,7.7,33.12,15:16,11.88,0.0,
2007-09-01,24.3,7.7,33.12,15:16,11.88,0.0,
2007-09-02,22.4,15.1,36.0,19:44,11.16,0.0,
2007-09-02,22.4,15.1,36.0,19:44,11.16,0.0,
2007-09-03,24.0,12.9,38.88,13:12,11.88,0.0,
2007-09-03,24.0,12.9,38.88,13:12,11.88,0.0,
2007-09-04,23.7,8.5,41.04,15:25,11.16,0.0,
2007-09-04,23.7,8.5,41.04,15:25,11.16,0.0,
2007-09-05,23.6,8.9,36.0,15:02,11.88,0.0,
2007-09-05,23.6,8.9,36.0,15:02,11.88,0.0,
2007-09-06,27.5,5.0,32.04,15:29,9.0,0.0,
2007-09-06,27.5,5.0,32.04,15:29,9.0,0.0,
2007-09-07,27.0,7.2,38.88,15:16,10.08,0.0,
2007-09-07,27.0,7.2,38.88,15:16,10.08,0.0,
2007-09-08,25.4,9.2,32.04,16:41,10.08,0.0,
2007-09-08,25.4,9.2,32.04,16:41,10.08,0.0,
2007-09-09,25.1,12.3,32.04,16:17,10.08,0.0,
2007-09-09,25.1,12.3,32.04,16:17,10.08,0.0,
2007-09-10,25.2,7.2,38.16,12:20,11.16,0.0,
2007-09-10,25.2,7.2,38.16,12:20,11.16,0.0,
2007-09-11,23.2,10.0,41.04,18:17,11.16,0.0,
2007-09-11,23.2,10.0,41.04,18:17,11.16,0.0,
2007-09-12,24.4,10.7,34.92,17:11,9.0,0.0,
2007-09-12,24.4,10.7,34.92,17:11,9.0,0.0,
2007-09-13,26.0,10.5,25.92,15:44,7.92,0.0,
2007-09-13,26.0,10.5,25.92,15:44,7.92,0.0,
2007-09-14,23.2,11.2,38.88,15:48,10.08,0.0,
2007-09-14,23.2,11.2,38.88,15:48,10.08,0.0,
2007-09-15,26.2,11.8,27.0,15:09,7.92,0.0,
2007-09-15,26.2,11.8,27.0,15:09,7.92,0.0,
2007-09-16,26.9,10.0,16.92,16:50,5.04,6.7,
2007-09-16,26.9,10.0,16.92,16:50,5.04,6.7,
2007-09-17,21.6,11.9,29.16,19:17,9.0,0.4,
2007-09-17,21.6,11.9,29.16,19:17,9.0,0.4,
2007-09-18,16.8,9.6,46.08,15:17,14.04,0.0,
2007-09-18,16.8,9.6,46.08,15:17,14.04,0.0,
2007-09-19,21.6,5.2,32.04,14:49,9.0,0.0,
2007-09-19,21.6,5.2,32.04,14:49,9.0,0.0,
2007-09-20,29.0,4.4,21.96,16:50,6.84,0.0,
2007-09-20,29.0,4.4,21.96,16:50,6.84,0.0,
2007-09-21,27.2,7.4,33.12,18:39,6.12,0.0,
2007-09-21,27.2,7.4,33.12,18:39,6.12,0.0,
2007-09-22,23.0,6.9,24.84,17:12,7.92,0.0,
2007-09-22,23.0,6.9,24.84,17:12,7.92,0.0,
2007-09-23,25.5,7.8,16.92,13:40,3.96,0.0,
2007-09-23,25.5,7.8,16.92,13:40,3.96,0.0,
2007-09-24,18.2,7.0,21.96,16:21,6.12,0.8,
2007-09-24,18.2,7.0,21.96,16:21,6.12,0.8,
2007-09-25,19.0,3.3,30.96,14:25,10.08,0.0,
2007-09-25,19.0,3.3,30.96,14:25,10.08,0.0,
2007-09-26,19.0,3.9,41.04,15:49,10.08,0.0,
2007-09-26,19.0,3.9,41.04,15:49,10.08,0.0,
2007-09-27,17.4,4.3,38.88,15:31,10.08,0.0,
2007-09-27,17.4,4.3,38.88,15:31,10.08,0.0,
2007-09-28,22.5,1.0,27.0,11:55,6.84,0.0,
2007-09-28,22.5,1.0,27.0,11:55,6.84,0.0,
2007-09-29,18.6,7.5,38.16,11:54,11.16,0.6,
2007-09-29,18.6,7.5,38.16,11:54,11.16,0.6,
2007-09-30,21.7,14.4,34.92,08:13,12.96,8.4,
2007-09-30,21.7,14.4,34.92,08:13,12.96,8.4,
2007-10-01,23.4,10.5,29.88,09:44,7.92,0.0,
2007-10-01,23.4,10.5,29.88,09:44,7.92,0.0,
2007-10-02,22.6,8.2,24.12,16:47,6.12,0.0,
2007-10-02,22.6,8.2,24.12,16:47,6.12,0.0,
2007-10-03,17.6,10.7,34.92,11:42,10.08,0.1,
2007-10-03,17.6,10.7,34.92,11:42,10.08,0.1,
2007-10-04,22.8,12.5,19.08,17:05,3.96,0.1,
2007-10-04,22.8,12.5,19.08,17:05,3.96,0.1,
2007-10-05,24.0,12.0,18.0,16:20,5.04,0.0,
2007-10-05,24.0,12.0,18.0,16:20,5.04,0.0,
2007-10-06,21.3,11.1,21.96,16:21,5.04,0.0,
2007-10-06,21.3,11.1,21.96,16:21,5.04,0.0,
2007-10-07,18.6,11.1,10.08,14:19,3.96,0.1,
2007-10-07,18.6,11.1,10.08,14:19,3.96,0.1,
2007-10-08,21.6,9.4,23.04,16:46,6.12,0.2,
2007-10-08,21.6,9.4,23.04,16:46,6.12,0.2,
2007-10-09,21.2,7.4,32.04,15:24,9.0,0.0,
2007-10-09,21.2,7.4,32.04,15:24,9.0,0.0,
2007-10-10,21.6,5.8,33.12,13:33,10.08,0.0,
2007-10-10,21.6,5.8,33.12,13:33,10.08,0.0,
2007-10-11,20.6,5.8,33.12,14:36,10.08,0.0,
2007-10-11,20.6,5.8,33.12,14:36,10.08,0.0,
2007-10-12,21.8,2.2,20.88,17:00,6.12,0.2,
2007-10-12,21.8,2.2,20.88,17:00,6.12,0.2,
2007-10-13,23.3,5.4,16.92,16:19,5.04,0.0,
2007-10-13,23.3,5.4,16.92,16:19,5.04,0.0,
2007-10-14,24.7,2.4,25.92,12:13,6.84,0.0,
2007-10-14,24.7,2.4,25.92,12:13,6.84,0.0,
2007-10-15,24.4,3.1,20.16,16:21,2.88,0.0,
2007-10-15,24.4,3.1,20.16,16:21,2.88,0.0,
2007-10-16,23.2,5.6,29.16,14:49,6.12,0.3,
2007-10-16,23.2,5.6,29.16,14:49,6.12,0.3,
2007-10-17,20.2,7.8,27.0,18:19,6.12,0.6,
2007-10-17,20.2,7.8,27.0,18:19,6.12,0.6,
2007-10-18,20.4,9.9,32.04,12:35,7.92,0.0,
2007-10-18,20.4,9.9,32.04,12:35,7.92,0.0,
2007-10-19,22.0,6.4,12.96,14:53,5.04,0.2,
2007-10-19,22.0,6.4,12.96,14:53,5.04,0.2,
2007-10-20,22.4,4.1,15.84,16:07,3.96,0.1,
2007-10-20,22.4,4.1,15.84,16:07,3.96,0.1,
2007-10-21,24.4,2.7,15.12,21:28,5.04,0.1,
2007-10-21,24.4,2.7,15.12,21:28,5.04,0.1,
2007-10-22,17.5,0.9,14.04,12:47,5.04,0.1,
2007-10-22,17.5,0.9,14.04,12:47,5.04,0.1,
2007-10-23,14.6,11.2,16.92,23:26,6.12,11.3,
2007-10-23,14.6,11.2,16.92,23:26,6.12,11.3,
2007-10-24,16.6,6.7,37.08,14:22,9.0,1.7,
2007-10-24,16.6,6.7,37.08,14:22,9.0,1.7,
2007-10-25,15.6,5.8,33.84,17:51,10.08,0.0,
2007-10-25,15.6,5.8,33.84,17:51,10.08,0.0,
2007-10-26,14.6,5.3,32.04,12:36,9.0,0.0,
2007-10-26,14.6,5.3,32.04,12:36,9.0,0.0,
2007-10-27,17.9,0.8,23.04,16:10,5.04,0.1,
2007-10-27,17.9,0.8,23.04,16:10,5.04,0.1,
2007-10-28,18.5,0.8,28.08,10:59,6.12,0.3,
2007-10-28,18.5,0.8,28.08,10:59,6.12,0.3,
2007-10-29,15.4,5.1,27.0,12:49,6.84,0.0,
2007-10-29,15.4,5.1,27.0,12:49,6.84,0.0,
2007-10-30,13.8,2.7,33.12,14:26,6.84,0.4,
2007-10-30,13.8,2.7,33.12,14:26,6.84,0.4,
2007-10-31,16.5,3.5,38.88,14:22,9.0,0.1,
2007-10-31,16.5,3.5,38.88,14:22,9.0,0.1,
2007-11-01,17.5,0.5,28.08,15:37,6.84,0.1,
2007-11-01,17.5,0.5,28.08,15:37,6.84,0.1,
2007-11-02,18.9,-0.6,29.16,15:35,7.92,0.0,
2007-11-02,18.9,-0.6,29.16,15:35,7.92,0.0,
2007-11-03,16.1,5.0,29.16,15:04,6.84,0.1,
2007-11-03,16.1,5.0,29.16,15:04,6.84,0.1,
2007-11-04,18.2,4.0,15.12,16:15,5.04,0.1,
2007-11-04,18.2,4.0,15.12,16:15,5.04,0.1,
2007-11-05,16.2,6.5,33.12,22:47,6.84,0.0,
2007-11-05,16.2,6.5,33.12,22:47,6.84,0.0,
2007-11-06,15.4,3.5,33.12,14:39,10.08,0.2,
2007-11-06,15.4,3.5,33.12,14:39,10.08,0.2,
2007-11-07,17.4,-0.5,15.84,16:27,5.04,0.1,
2007-11-07,17.4,-0.5,15.84,16:27,5.04,0.1,
2007-11-08,16.0,0.9,28.08,15:17,5.04,0.0,
2007-11-08,16.0,0.9,28.08,15:17,5.04,0.0,
2007-11-09,16.0,5.0,36.0,13:44,10.08,0.0,
2007-11-09,16.0,5.0,36.0,13:44,10.08,0.0,
2007-11-10,16.7,0.5,20.16,14:30,6.12,0.1,
2007-11-10,16.7,0.5,20.16,14:30,6.12,0.1,
2007-11-11,15.1,-2.5,11.88,01:11,5.04,0.1,
2007-11-11,15.1,-2.5,11.88,01:11,5.04,0.1,
2007-11-12,14.2,-1.6,25.92,15:30,6.12,0.0,
2007-11-12,14.2,-1.6,25.92,15:30,6.12,0.0,
2007-11-13,15.4,-1.7,30.96,16:01,6.84,0.2,
2007-11-13,15.4,-1.7,30.96,16:01,6.84,0.2,
2007-11-14,12.8,1.3,30.96,15:50,6.84,0.1,
2007-11-14,12.8,1.3,30.96,15:50,6.84,0.1,
2007-11-15,11.7,1.1,28.08,17:04,5.04,0.6,
2007-11-15,11.7,1.1,28.08,17:04,5.04,0.6,
2007-11-16,13.9,-2.8,10.08,18:07,5.04,0.9,
2007-11-16,13.9,-2.8,10.08,18:07,5.04,0.9,
2007-11-17,12.2,-7.3,12.96,17:19,3.96,1.3,
2007-11-17,12.2,-7.3,12.96,17:19,3.96,1.3,
2007-11-18,11.9,-6.3,37.08,17:49,10.08,20.2,
2007-11-18,11.9,-6.3,37.08,17:49,10.08,20.2,
2007-11-19,8.0,6.3,25.92,09:58,9.0,12.5,
2007-11-19,8.0,6.3,25.92,09:58,9.0,12.5,
2007-11-20,11.2,3.3,34.92,22:11,11.16,14.1,
2007-11-20,11.2,3.3,34.92,22:11,11.16,14.1,
2007-11-21,12.2,5.8,43.92,02:19,15.84,4.5,
2007-11-21,12.2,5.8,43.92,02:19,15.84,4.5,
2007-11-22,10.2,1.1,21.96,13:26,3.96,4.3,
2007-11-22,10.2,1.1,21.96,13:26,3.96,4.3,
2007-11-23,8.3,1.0,14.04,14:46,5.04,1.5,
2007-11-23,8.3,1.0,14.04,14:46,5.04,1.5,
2007-11-24,8.9,2.5,39.96,12:10,6.84,0.3,
2007-11-24,8.9,2.5,39.96,12:10,6.84,0.3,
2007-11-25,11.6,3.0,30.96,23:36,6.84,0.0,
2007-11-25,11.6,3.0,30.96,23:36,6.84,0.0,
2007-11-26,11.2,7.1,42.12,23:29,11.16,0.0,
2007-11-26,11.2,7.1,42.12,23:29,11.16,0.0,
2007-11-27,13.3,1.9,33.12,14:59,6.84,0.1,
2007-11-27,13.3,1.9,33.12,14:59,6.84,0.1,
2007-11-28,12.4,-1.0,20.16,13:47,5.04,0.1,
2007-11-28,12.4,-1.0,20.16,13:47,5.04,0.1,
2007-11-29,10.6,-0.6,11.16,12:09,2.88,0.0,
2007-11-29,10.6,-0.6,11.16,12:09,2.88,0.0,
2007-11-30,14.6,6.2,24.12,23:32,6.84,0.5,
2007-11-30,14.6,6.2,24.12,23:32,6.84,0.5,
2007-12-01,11.9,0.7,27.0,01:17,7.92,1.5,
2007-12-01,11.9,0.7,27.0,01:17,7.92,1.5,
2007-12-02,9.6,-0.5,46.08,20:10,14.04,0.5,
2007-12-02,9.6,-0.5,46.08,20:10,14.04,0.5,
2007-12-03,13.4,9.5,32.04,01:13,5.04,0.0,
2007-12-03,13.4,9.5,32.04,01:13,5.04,0.0,
2007-12-04,16.1,7.3,33.84,22:12,6.12,0.0,
2007-12-04,16.1,7.3,33.84,22:12,6.12,0.0,
2007-12-05,13.2,5.8,56.16,02:47,12.96,0.2,
2007-12-05,13.2,5.8,56.16,02:47,12.96,0.2,
2007-12-06,13.0,3.6,25.92,23:50,6.84,0.1,
2007-12-06,13.0,3.6,25.92,23:50,6.84,0.1,
2007-12-07,13.8,7.8,32.04,13:13,11.16,0.8,
2007-12-07,13.8,7.8,32.04,13:13,11.16,0.8,
2007-12-08,13.6,5.8,50.04,23:43,14.04,7.2,
2007-12-08,13.6,5.8,50.04,23:43,14.04,7.2,
2007-12-09,12.0,6.0,48.96,01:16,15.12,1.0,
2007-12-09,12.0,6.0,48.96,01:16,15.12,1.0,
2007-12-10,10.6,2.3,19.08,04:30,6.84,0.2,
2007-12-10,10.6,2.3,19.08,04:30,6.84,0.2,
2007-12-11,10.5,-1.7,14.04,14:34,5.04,0.0,
2007-12-11,10.5,-1.7,14.04,14:34,5.04,0.0,
2007-12-12,4.6,-3.9,10.08,11:27,3.96,0.2,
2007-12-12,4.6,-3.9,10.08,11:27,3.96,0.2,
2007-12-13,9.4,-6.5,11.88,12:44,5.04,0.6,
2007-12-13,9.4,-6.5,11.88,12:44,5.04,0.6,
2007-12-14,11.5,-5.9,11.88,21:04,3.96,0.7,
2007-12-14,11.5,-5.9,11.88,21:04,3.96,0.7,
2007-12-15,2.6,-6.5,11.16,12:44,2.88,0.6,
2007-12-15,2.6,-6.5,11.16,12:44,2.88,0.6,
2007-12-16,8.3,-7.5,11.88,05:15,5.04,0.9,
2007-12-16,8.3,-7.5,11.88,05:15,5.04,0.9,
2007-12-17,5.4,-8.4,14.04,18:09,3.96,0.4,
2007-12-17,5.4,-8.4,14.04,18:09,3.96,0.4,
2007-12-18,7.9,-8.2,38.88,10:54,6.12,5.0,
2007-12-18,7.9,-8.2,38.88,10:54,6.12,5.0,
2007-12-19,11.0,4.6,42.12,16:17,11.16,0.0,
2007-12-19,11.0,4.6,42.12,16:17,11.16,0.0,
2007-12-20,13.5,6.0,47.16,12:45,12.96,0.0,
2007-12-20,13.5,6.0,47.16,12:45,12.96,0.0,
2007-12-21,15.3,1.8,16.92,13:08,6.84,0.0,
2007-12-21,15.3,1.8,16.92,13:08,6.84,0.0,
2007-12-22,9.6,1.2,11.88,12:42,3.96,0.6,
2007-12-22,9.6,1.2,11.88,12:42,3.96,0.6,
2007-12-23,13.5,0.4,14.04,05:02,5.04,0.2,
2007-12-23,13.5,0.4,14.04,05:02,5.04,0.2,
2007-12-24,5.0,-3.1,20.16,23:43,2.88,10.9,
2007-12-24,5.0,-3.1,20.16,23:43,2.88,10.9,
2007-12-25,9.0,0.5,30.96,12:49,6.84,0.7,
2007-12-25,9.0,0.5,30.96,12:49,6.84,0.7,
2007-12-26,11.0,-1.1,21.96,15:28,5.04,0.1,
2007-12-26,11.0,-1.1,21.96,15:28,5.04,0.1,
2007-12-27,7.8,-2.6,11.16,21:19,5.04,0.2,
2007-12-27,7.8,-2.6,11.16,21:19,5.04,0.2,
2007-12-28,12.3,-5.6,25.92,12:52,7.92,2.0,
2007-12-28,12.3,-5.6,25.92,12:52,7.92,2.0,
2007-12-29,9.4,7.0,34.92,08:33,7.92,0.0,
2007-12-29,9.4,7.0,34.92,08:33,7.92,0.0,
2007-12-30,11.1,2.0,15.12,04:51,3.96,0.0,
2007-12-30,11.1,2.0,15.12,04:51,3.96,0.0,
2007-12-31,5.1,0.0,10.08,19:49,3.96,0.0,
2007-12-31,5.1,0.0,10.08,19:49,3.96,0.0,
2008-01-01,12.2,-1.7,48.96,23:04,15.12,0.0,
2008-01-01,12.2,-1.7,48.96,23:04,15.12,0.0,
2008-01-02,9.3,6.2,47.88,10:47,15.84,26.1,
2008-01-02,9.3,6.2,47.88,10:47,15.84,26.1,
2008-01-03,8.0,4.3,65.16,00:44,12.96,1.4,
2008-01-03,8.0,4.3,65.16,00:44,12.96,1.4,
2008-01-04,9.2,-0.8,43.92,22:59,10.08,0.2,
2008-01-04,9.2,-0.8,43.92,22:59,10.08,0.2,
2008-01-05,14.0,9.0,42.84,00:14,19.08,1.0,
2008-01-05,14.0,9.0,42.84,00:14,19.08,1.0,
2008-01-06,14.6,11.9,48.96,16:24,14.04,5.0,
2008-01-06,14.6,11.9,48.96,16:24,14.04,5.0,
2008-01-07,13.4,0.9,34.92,02:09,5.04,0.2,
2008-01-07,13.4,0.9,34.92,02:09,5.04,0.2,
2008-01-08,11.3,-2.4,38.16,19:32,11.16,6.5,
2008-01-08,11.3,-2.4,38.16,19:32,11.16,6.5,
2008-01-09,14.5,6.0,45.0,21:27,6.12,0.6,
2008-01-09,14.5,6.0,45.0,21:27,6.12,0.6,
2008-01-10,11.6,8.0,65.88,16:11,18.0,16.9,
2008-01-10,11.6,8.0,65.88,16:11,18.0,16.9,
2008-01-11,10.8,3.0,69.84,06:06,15.84,13.7,
2008-01-11,10.8,3.0,69.84,06:06,15.84,13.7,
2008-01-12,10.0,4.3,45.0,21:50,11.88,0.1,
2008-01-12,10.0,4.3,45.0,21:50,11.88,0.1,
2008-01-13,8.6,5.7,61.92,06:16,20.88,26.3,
2008-01-13,8.6,5.7,61.92,06:16,20.88,26.3,
2008-01-14,11.6,5.0,50.04,23:33,14.04,0.0,
2008-01-14,11.6,5.0,50.04,23:33,14.04,0.0,
2008-01-15,12.0,7.0,83.88,17:36,28.08,27.6,
2008-01-15,12.0,7.0,83.88,17:36,28.08,27.6,
2008-01-16,12.0,5.1,72.0,07:01,15.84,2.3,
2008-01-16,12.0,5.1,72.0,07:01,15.84,2.3,
2008-01-17,13.3,7.7,48.96,09:09,16.92,2.5,
2008-01-17,13.3,7.7,48.96,09:09,16.92,2.5,
2008-01-18,12.8,10.0,33.84,11:16,9.0,0.0,
2008-01-18,12.8,10.0,33.84,11:16,9.0,0.0,
2008-01-19,16.2,1.0,15.12,04:48,6.12,0.0,
2008-01-19,16.2,1.0,15.12,04:48,6.12,0.0,
2008-01-20,17.7,-1.9,20.88,13:43,6.12,0.2,
2008-01-20,17.7,-1.9,20.88,13:43,6.12,0.2,
2008-01-21,17.5,-0.2,28.08,13:01,6.12,0.0,
2008-01-21,17.5,-0.2,28.08,13:01,6.12,0.0,
2008-01-22,16.0,0.4,12.96,23:42,6.12,0.0,
2008-01-22,16.0,0.4,12.96,23:42,6.12,0.0,
2008-01-23,13.6,0.5,12.96,21:31,2.88,0.0,
2008-01-23,13.6,0.5,12.96,21:31,2.88,0.0,
2008-01-24,10.0,-0.8,29.88,14:40,6.84,0.0,
2008-01-24,10.0,-0.8,29.88,14:40,6.84,0.0,
2008-01-25,15.1,1.7,23.04,15:10,6.84,0.0,
2008-01-25,15.1,1.7,23.04,15:10,6.84,0.0,
2008-01-26,14.6,0.6,12.96,19:23,5.04,0.0,
2008-01-26,14.6,0.6,12.96,19:23,5.04,0.0,
2008-01-27,15.6,-1.2,14.04,18:45,3.96,0.0,
2008-01-27,15.6,-1.2,14.04,18:45,3.96,0.0,
2008-01-28,11.8,-2.5,11.16,01:26,3.96,0.2,
2008-01-28,11.8,-2.5,11.16,01:26,3.96,0.2,
2008-01-29,11.2,0.1,11.88,04:13,5.04,0.1,
2008-01-29,11.2,0.1,11.88,04:13,5.04,0.1,
2008-01-30,8.7,-2.0,34.92,13:13,6.84,1.9,
2008-01-30,8.7,-2.0,34.92,13:13,6.84,1.9,
2008-01-31,9.5,-3.0,43.92,23:40,7.92,0.2,
2008-01-31,9.5,-3.0,43.92,23:40,7.92,0.2,
2008-02-01,10.3,3.6,48.96,12:26,14.04,9.4,
2008-02-01,10.3,3.6,48.96,12:26,14.04,9.4,
2008-02-02,12.5,-0.7,25.92,11:08,5.04,0.0,
2008-02-02,12.5,-0.7,25.92,11:08,5.04,0.0,
2008-02-03,10.0,3.2,60.12,18:15,23.04,18.2,
2008-02-03,10.0,3.2,60.12,18:15,23.04,18.2,
2008-02-04,9.7,3.4,45.0,22:40,12.96,0.6,
2008-02-04,9.7,3.4,45.0,22:40,12.96,0.6,
2008-02-05,14.6,8.3,47.88,15:14,18.0,0.0,
2008-02-05,14.6,8.3,47.88,15:14,18.0,0.0,
2008-02-06,17.8,3.7,33.12,00:39,6.12,0.0,
2008-02-06,17.8,3.7,33.12,00:39,6.12,0.0,
2008-02-07,20.0,-2.0,12.96,18:20,5.04,0.0,
2008-02-07,20.0,-2.0,12.96,18:20,5.04,0.0,
2008-02-08,19.5,-1.3,11.16,18:25,3.96,0.0,
2008-02-08,19.5,-1.3,11.16,18:25,3.96,0.0,
2008-02-09,19.4,-1.6,15.12,17:18,5.04,0.0,
2008-02-09,19.4,-1.6,15.12,17:18,5.04,0.0,
2008-02-10,19.2,-2.0,14.04,23:09,3.96,0.0,
2008-02-10,19.2,-2.0,14.04,23:09,3.96,0.0,
2008-02-11,17.6,-2.0,21.96,16:46,3.96,0.0,
2008-02-11,17.6,-2.0,21.96,16:46,3.96,0.0,
2008-02-12,18.2,-2.2,18.0,14:05,5.04,0.0,
2008-02-12,18.2,-2.2,18.0,14:05,5.04,0.0,
2008-02-13,16.0,-2.7,21.96,16:52,3.96,0.0,
2008-02-13,16.0,-2.7,21.96,16:52,3.96,0.0,
2008-02-14,15.6,-5.0,20.88,15:53,6.12,0.3,
2008-02-14,15.6,-5.0,20.88,15:53,6.12,0.3,
2008-02-15,17.3,-1.2,12.96,13:45,2.88,0.0,
2008-02-15,17.3,-1.2,12.96,13:45,2.88,0.0,
2008-02-16,17.6,-1.0,23.04,16:17,5.04,0.0,
2008-02-16,17.6,-1.0,23.04,16:17,5.04,0.0,
2008-02-17,16.4,-0.3,34.92,19:08,6.12,0.0,
2008-02-17,16.4,-0.3,34.92,19:08,6.12,0.0,
2008-02-18,16.7,3.3,37.08,11:10,7.92,0.0,
2008-02-18,16.7,3.3,37.08,11:10,7.92,0.0,
2008-02-19,15.9,5.3,25.92,13:39,9.0,1.8,
2008-02-19,15.9,5.3,25.92,13:39,9.0,1.8,
2008-02-20,17.4,8.4,28.08,11:28,7.92,5.3,
2008-02-20,17.4,8.4,28.08,11:28,7.92,5.3,
2008-02-21,19.1,2.8,25.92,17:42,5.04,0.2,
2008-02-21,19.1,2.8,25.92,17:42,5.04,0.2,
2008-02-22,19.0,3.0,23.04,15:39,6.12,0.0,
2008-02-22,19.0,3.0,23.04,15:39,6.12,0.0,
2008-02-23,19.6,1.9,24.12,13:46,3.96,0.8,
2008-02-23,19.6,1.9,24.12,13:46,3.96,0.8,
2008-02-24,14.0,8.4,11.16,03:16,2.16,3.3,
2008-02-24,14.0,8.4,11.16,03:16,2.16,3.3,
2008-02-25,17.2,6.4,24.84,11:51,6.84,0.5,
2008-02-25,17.2,6.4,24.84,11:51,6.84,0.5,
2008-02-26,13.3,8.1,30.96,13:22,11.16,0.8,
2008-02-26,13.3,8.1,30.96,13:22,11.16,0.8,
2008-02-27,13.3,9.3,30.96,10:32,6.84,15.9,
2008-02-27,13.3,9.3,30.96,10:32,6.84,15.9,
2008-02-28,17.6,4.0,19.08,14:20,5.04,0.0,
2008-02-28,17.6,4.0,19.08,14:20,5.04,0.0,
2008-02-29,17.2,6.7,25.92,12:49,6.84,0.1,
2008-02-29,17.2,6.7,25.92,12:49,6.84,0.1,
2008-03-01,17.6,5.4,20.16,04:21,5.04,0.2,
2008-03-01,17.6,5.4,20.16,04:21,5.04,0.2,
2008-03-02,19.8,3.6,27.0,15:56,6.12,0.1,
2008-03-02,19.8,3.6,27.0,15:56,6.12,0.1,
2008-03-03,12.5,4.2,37.08,10:03,9.0,0.5,
2008-03-03,12.5,4.2,37.08,10:03,9.0,0.5,
2008-03-04,10.8,-0.2,50.04,16:33,11.88,0.8,
2008-03-04,10.8,-0.2,50.04,16:33,11.88,0.8,
2008-03-05,10.2,-1.4,47.16,13:01,10.08,0.0,
2008-03-05,10.2,-1.4,47.16,13:01,10.08,0.0,
2008-03-06,13.6,-4.0,29.88,15:16,7.92,0.2,
2008-03-06,13.6,-4.0,29.88,15:16,7.92,0.2,
2008-03-07,14.1,-5.0,20.88,17:57,6.84,0.0,
2008-03-07,14.1,-5.0,20.88,17:57,6.84,0.0,
2008-03-08,10.1,6.6,34.92,23:39,7.92,2.1,
2008-03-08,10.1,6.6,34.92,23:39,7.92,2.1,
2008-03-09,10.6,3.8,46.08,15:47,11.88,7.1,
2008-03-09,10.6,3.8,46.08,15:47,11.88,7.1,
2008-03-10,11.8,6.4,57.96,01:21,16.92,2.9,
2008-03-10,11.8,6.4,57.96,01:21,16.92,2.9,
2008-03-11,13.6,8.1,50.04,08:57,20.16,0.7,
2008-03-11,13.6,8.1,50.04,08:57,20.16,0.7,
2008-03-12,16.7,5.8,32.04,02:48,10.08,0.0,
2008-03-12,16.7,5.8,32.04,02:48,10.08,0.0,
2008-03-13,18.4,2.5,15.84,15:10,5.04,0.0,
2008-03-13,18.4,2.5,15.84,15:10,5.04,0.0,
2008-03-14,21.8,1.5,43.92,13:52,11.88,1.8,
2008-03-14,21.8,1.5,43.92,13:52,11.88,1.8,
2008-03-15,12.6,7.8,65.16,16:52,19.08,4.1,
2008-03-15,12.6,7.8,65.16,16:52,19.08,4.1,
2008-03-16,15.5,7.3,38.16,10:23,12.96,0.4,
2008-03-16,15.5,7.3,38.16,10:23,12.96,0.4,
2008-03-17,12.4,6.4,32.04,13:05,11.16,2.9,
2008-03-17,12.4,6.4,32.04,13:05,11.16,2.9,
2008-03-18,13.7,5.0,23.04,17:41,6.12,0.2,
2008-03-18,13.7,5.0,23.04,17:41,6.12,0.2,
2008-03-19,11.7,4.6,54.0,18:03,14.04,0.0,
2008-03-19,11.7,4.6,54.0,18:03,14.04,0.0,
2008-03-20,12.2,2.4,56.88,15:18,16.92,0.0,
2008-03-20,12.2,2.4,56.88,15:18,16.92,0.0,
2008-03-21,11.4,-1.2,29.16,15:34,6.84,9.3,
2008-03-21,11.4,-1.2,29.16,15:34,6.84,9.3,
2008-03-22,8.0,0.8,51.12,10:13,11.16,9.2,
2008-03-22,8.0,0.8,51.12,10:13,11.16,9.2,
2008-03-23,10.4,0.0,42.84,16:37,10.08,2.7,
2008-03-23,10.4,0.0,42.84,16:37,10.08,2.7,
2008-03-24,13.0,3.9,34.92,11:49,11.88,1.3,
2008-03-24,13.0,3.9,34.92,11:49,11.88,1.3,
2008-03-25,11.7,5.7,30.96,16:08,11.16,4.9,
2008-03-25,11.7,5.7,30.96,16:08,11.16,4.9,
2008-03-26,10.6,4.2,56.88,12:18,10.08,9.9,
2008-03-26,10.6,4.2,56.88,12:18,10.08,9.9,
2008-03-27,13.6,5.3,51.84,01:42,15.84,3.9,
2008-03-27,13.6,5.3,51.84,01:42,15.84,3.9,
2008-03-28,15.4,2.1,46.08,11:51,15.84,2.2,
2008-03-28,15.4,2.1,46.08,11:51,15.84,2.2,
2008-03-29,20.5,-1.4,60.84,16:20,15.84,8.0,
2008-03-29,20.5,-1.4,60.84,16:20,15.84,8.0,
2008-03-30,12.6,5.0,54.0,13:19,16.92,5.4,
2008-03-30,12.6,5.0,54.0,13:19,16.92,5.4,
2008-03-31,15.8,4.6,37.08,14:16,11.88,0.0,
2008-03-31,15.8,4.6,37.08,14:16,11.88,0.0,
2008-04-01,18.2,6.6,34.92,17:09,6.12,0.0,
2008-04-01,18.2,6.6,34.92,17:09,6.12,0.0,
2008-04-02,20.2,2.2,32.04,15:49,10.08,0.0,
2008-04-02,20.2,2.2,32.04,15:49,10.08,0.0,
2008-04-03,21.6,4.3,30.96,16:26,11.16,0.0,
2008-04-03,21.6,4.3,30.96,16:26,11.16,0.0,
2008-04-04,22.1,4.5,29.16,16:47,9.0,0.0,
2008-04-04,22.1,4.5,29.16,16:47,9.0,0.0,
2008-04-05,24.2,1.0,23.04,16:02,9.0,0.0,
2008-04-05,24.2,1.0,23.04,16:02,9.0,0.0,
2008-04-06,16.2,2.9,42.12,14:45,10.08,0.0,
2008-04-06,16.2,2.9,42.12,14:45,10.08,0.0,
2008-04-07,10.9,-0.8,20.16,09:19,3.96,6.2,
2008-04-07,10.9,-0.8,20.16,09:19,3.96,6.2,
2008-04-08,11.6,7.0,18.0,18:16,6.12,29.8,
2008-04-08,11.6,7.0,18.0,18:16,6.12,29.8,
2008-04-09,10.2,5.5,33.12,11:15,10.08,27.0,
2008-04-09,10.2,5.5,33.12,11:15,10.08,27.0,
2008-04-10,6.9,0.8,46.08,13:42,15.12,13.2,
2008-04-10,6.9,0.8,46.08,13:42,15.12,13.2,
2008-04-11,12.6,0.8,38.16,11:42,10.08,1.0,
2008-04-11,12.6,0.8,38.16,11:42,10.08,1.0,
2008-04-12,12.6,4.3,51.12,14:06,12.96,2.0,
2008-04-12,12.6,4.3,51.12,14:06,12.96,2.0,
2008-04-13,12.0,3.7,36.0,11:31,11.88,3.6,
2008-04-13,12.0,3.7,36.0,11:31,11.88,3.6,
2008-04-14,16.4,0.5,29.88,15:24,10.08,0.0,
2008-04-14,16.4,0.5,29.88,15:24,10.08,0.0,
2008-04-15,20.4,-0.2,28.08,14:12,9.0,0.0,
2008-04-15,20.4,-0.2,28.08,14:12,9.0,0.0,
2008-04-16,22.0,1.8,54.0,17:50,18.0,7.3,
2008-04-16,22.0,1.8,54.0,17:50,18.0,7.3,
2008-04-17,12.2,6.0,47.16,00:49,15.12,11.0,
2008-04-17,12.2,6.0,47.16,00:49,15.12,11.0,
2008-04-18,9.8,4.6,69.12,02:52,16.92,18.4,
2008-04-18,9.8,4.6,69.12,02:52,16.92,18.4,
2008-04-19,9.8,6.2,38.16,15:57,12.96,6.8,
2008-04-19,9.8,6.2,38.16,15:57,12.96,6.8,
2008-04-20,11.8,7.0,43.92,12:10,14.04,16.1,
2008-04-20,11.8,7.0,43.92,12:10,14.04,16.1,
2008-04-21,14.8,7.0,43.92,14:44,11.16,1.2,
2008-04-21,14.8,7.0,43.92,14:44,11.16,1.2,
2008-04-22,13.7,8.0,46.08,09:40,12.96,4.0,
2008-04-22,13.7,8.0,46.08,09:40,12.96,4.0,
2008-04-23,20.2,9.7,38.88,14:07,12.96,0.1,
2008-04-23,20.2,9.7,38.88,14:07,12.96,0.1,
2008-04-24,23.0,6.1,28.08,18:52,10.08,0.0,
2008-04-24,23.0,6.1,28.08,18:52,10.08,0.0,
2008-04-25,29.2,4.8,30.96,12:46,9.0,0.1,
2008-04-25,29.2,4.8,30.96,12:46,9.0,0.1,
2008-04-26,28.9,8.5,23.04,13:54,6.12,0.1,
2008-04-26,28.9,8.5,23.04,13:54,6.12,0.1,
2008-04-27,22.1,8.6,33.84,13:48,6.84,0.2,
2008-04-27,22.1,8.6,33.84,13:48,6.84,0.2,
2008-04-28,16.4,7.6,38.16,15:20,11.16,0.6,
2008-04-28,16.4,7.6,38.16,15:20,11.16,0.6,
2008-04-29,13.4,6.5,60.84,12:12,23.04,7.0,
2008-04-29,13.4,6.5,60.84,12:12,23.04,7.0,
2008-04-30,12.5,5.4,46.08,13:22,7.92,0.8,
2008-04-30,12.5,5.4,46.08,13:22,7.92,0.8,
2008-05-01,15.2,4.8,36.0,14:34,11.16,0.8,
2008-05-01,15.2,4.8,36.0,14:34,11.16,0.8,
2008-05-02,24.6,2.5,33.84,11:51,9.0,0.0,
2008-05-02,24.6,2.5,33.84,11:51,9.0,0.0,
2008-05-03,26.8,9.6,45.0,13:27,9.0,0.1,
2008-05-03,26.8,9.6,45.0,13:27,9.0,0.1,
2008-05-04,16.2,8.2,30.96,16:26,9.0,0.1,
2008-05-04,16.2,8.2,30.96,16:26,9.0,0.1,
2008-05-05,21.6,11.3,15.84,13:35,6.12,0.0,
2008-05-05,21.6,11.3,15.84,13:35,6.12,0.0,
2008-05-06,25.0,9.6,24.12,15:11,6.84,0.0,
2008-05-06,25.0,9.6,24.12,15:11,6.84,0.0,
2008-05-07,25.5,8.2,39.96,14:40,6.84,8.8,
2008-05-07,25.5,8.2,39.96,14:40,6.84,8.8,
2008-05-08,19.0,10.5,34.92,12:45,7.92,20.6,
2008-05-08,19.0,10.5,34.92,12:45,7.92,20.6,
2008-05-09,12.5,8.2,20.88,02:32,3.96,4.0,
2008-05-09,12.5,8.2,20.88,02:32,3.96,4.0,
2008-05-10,13.9,9.7,32.04,11:55,11.16,3.3,
2008-05-10,13.9,9.7,32.04,11:55,11.16,3.3,
2008-05-11,20.1,8.0,33.84,16:46,10.08,0.0,
2008-05-11,20.1,8.0,33.84,16:46,10.08,0.0,
2008-05-12,23.0,8.1,29.88,13:16,6.12,8.8,
2008-05-12,23.0,8.1,29.88,13:16,6.12,8.8,
2008-05-13,16.4,8.0,33.84,15:25,11.88,7.6,
2008-05-13,16.4,8.0,33.84,15:25,11.88,7.6,
2008-05-14,15.5,8.3,41.04,13:50,11.16,10.5,
2008-05-14,15.5,8.3,41.04,13:50,11.16,10.5,
2008-05-15,17.8,9.3,45.0,14:45,11.16,6.2,
2008-05-15,17.8,9.3,45.0,14:45,11.16,6.2,
2008-05-16,16.1,9.0,33.84,15:41,3.96,0.2,
2008-05-16,16.1,9.0,33.84,15:41,3.96,0.2,
2008-05-17,18.4,9.5,24.12,13:19,6.84,3.3,
2008-05-17,18.4,9.5,24.12,13:19,6.84,3.3,
2008-05-18,15.1,8.0,34.92,10:34,5.04,7.2,
2008-05-18,15.1,8.0,34.92,10:34,5.04,7.2,
2008-05-19,20.5,8.0,21.96,16:58,6.84,0.0,
2008-05-19,20.5,8.0,21.96,16:58,6.84,0.0,
2008-05-20,22.5,4.4,27.0,13:27,7.92,0.0,
2008-05-20,22.5,4.4,27.0,13:27,7.92,0.0,
2008-05-21,19.6,9.0,37.08,11:21,12.96,6.0,
2008-05-21,19.6,9.0,37.08,11:21,12.96,6.0,
2008-05-22,20.4,8.5,36.0,00:15,6.12,17.0,
2008-05-22,20.4,8.5,36.0,00:15,6.12,17.0,
2008-05-23,17.2,9.8,0.0,,0.0,19.8,
2008-05-23,17.2,9.8,0.0,,0.0,19.8,
2008-05-24,14.6,8.3,33.84,12:44,7.92,10.8,
2008-05-24,14.6,8.3,33.84,12:44,7.92,10.8,
2008-05-25,18.4,4.6,30.96,16:07,7.92,1.6,
2008-05-25,18.4,4.6,30.96,16:07,7.92,1.6,
2008-05-26,14.4,9.7,36.0,10:55,11.16,7.7,
2008-05-26,14.4,9.7,36.0,10:55,11.16,7.7,
2008-05-27,16.2,8.0,24.84,12:18,6.12,2.7,
2008-05-27,16.2,8.0,24.84,12:18,6.12,2.7,
2008-05-28,15.8,9.4,38.88,11:57,19.08,8.5,
2008-05-28,15.8,9.4,38.88,11:57,19.08,8.5,
2008-05-29,17.6,9.2,47.88,11:56,12.96,4.2,
2008-05-29,17.6,9.2,47.88,11:56,12.96,4.2,
2008-05-30,19.0,8.8,29.88,14:51,6.12,1.7,
2008-05-30,19.0,8.8,29.88,14:51,6.12,1.7,
2008-05-31,18.6,8.9,33.84,10:25,7.92,0.0,
2008-05-31,18.6,8.9,33.84,10:25,7.92,0.0,
2008-06-01,20.0,8.8,29.16,17:29,10.08,0.0,
2008-06-01,20.0,8.8,29.16,17:29,10.08,0.0,
2008-06-02,17.8,5.4,23.04,09:22,7.92,1.8,
2008-06-02,17.8,5.4,23.04,09:22,7.92,1.8,
2008-06-03,21.4,9.7,33.84,17:34,10.08,0.0,
2008-06-03,21.4,9.7,33.84,17:34,10.08,0.0,
2008-06-04,18.0,6.0,20.88,23:36,6.12,0.0,
2008-06-04,18.0,6.0,20.88,23:36,6.12,0.0,
2008-06-05,21.0,10.1,29.88,18:24,9.0,0.0,
2008-06-05,21.0,10.1,29.88,18:24,9.0,0.0,
2008-06-06,19.4,8.0,42.12,17:28,11.88,0.0,
2008-06-06,19.4,8.0,42.12,17:28,11.88,0.0,
2008-06-07,19.8,4.5,41.04,11:28,11.88,0.0,
2008-06-07,19.8,4.5,41.04,11:28,11.88,0.0,
2008-06-08,20.0,9.1,43.92,18:10,11.88,1.7,
2008-06-08,20.0,9.1,43.92,18:10,11.88,1.7,
2008-06-09,21.2,7.7,47.16,10:47,14.04,0.0,
2008-06-09,21.2,7.7,47.16,10:47,14.04,0.0,
2008-06-10,24.0,10.0,45.0,13:58,14.04,0.0,
2008-06-10,24.0,10.0,45.0,13:58,14.04,0.0,
2008-06-11,23.2,12.0,33.84,13:49,10.08,0.0,
2008-06-11,23.2,12.0,33.84,13:49,10.08,0.0,
2008-06-12,23.6,11.2,37.08,14:06,11.16,0.0,
2008-06-12,23.6,11.2,37.08,14:06,11.16,0.0,
2008-06-13,20.9,8.4,30.96,17:20,11.88,0.0,
2008-06-13,20.9,8.4,30.96,17:20,11.88,0.0,
2008-06-14,25.3,5.5,23.04,17:04,6.84,3.8,
2008-06-14,25.3,5.5,23.04,17:04,6.84,3.8,
2008-06-15,17.5,10.6,33.84,17:40,15.12,2.9,
2008-06-15,17.5,10.6,33.84,17:40,15.12,2.9,
2008-06-16,16.8,10.8,33.84,12:15,9.0,1.8,
2008-06-16,16.8,10.8,33.84,12:15,9.0,1.8,
2008-06-17,20.9,6.0,29.16,17:41,9.0,0.0,
2008-06-17,20.9,6.0,29.16,17:41,9.0,0.0,
2008-06-18,25.3,4.5,42.12,11:05,6.84,0.0,
2008-06-18,25.3,4.5,42.12,11:05,6.84,0.0,
2008-06-19,25.7,7.5,36.0,17:56,9.0,0.0,
2008-06-19,25.7,7.5,36.0,17:56,9.0,0.0,
2008-06-20,27.8,13.9,27.0,12:30,7.92,0.0,
2008-06-20,27.8,13.9,27.0,12:30,7.92,0.0,
2008-06-21,29.9,12.8,25.92,17:15,6.84,0.0,
2008-06-21,29.9,12.8,25.92,17:15,6.84,0.0,
2008-06-22,26.0,14.8,41.04,20:22,7.92,0.0,
2008-06-22,26.0,14.8,41.04,20:22,7.92,0.0,
2008-06-23,23.1,16.3,25.92,14:58,6.84,0.0,
2008-06-23,23.1,16.3,25.92,14:58,6.84,0.0,
2008-06-24,25.7,14.5,30.96,15:36,6.12,0.0,
2008-06-24,25.7,14.5,30.96,15:36,6.12,0.0,
2008-06-25,19.0,13.5,33.12,17:41,10.08,0.0,
2008-06-25,19.0,13.5,33.12,17:41,10.08,0.0,
2008-06-26,21.7,15.2,39.96,04:08,12.96,0.0,
2008-06-26,21.7,15.2,39.96,04:08,12.96,0.0,
2008-06-27,23.8,9.5,37.08,13:40,15.12,0.0,
2008-06-27,23.8,9.5,37.08,13:40,15.12,0.0,
2008-06-28,26.1,9.5,32.04,14:18,14.04,0.0,
2008-06-28,26.1,9.5,32.04,14:18,14.04,0.0,
2008-06-29,23.0,12.4,36.0,16:33,12.96,0.0,
2008-06-29,23.0,12.4,36.0,16:33,12.96,0.0,
2008-06-30,25.7,12.6,21.96,08:18,9.0,0.0,
2008-06-30,25.7,12.6,21.96,08:18,9.0,0.0,
2008-07-01,25.2,13.6,39.96,09:49,14.04,0.8,
2008-07-01,25.2,13.6,39.96,09:49,14.04,0.8,
2008-07-02,20.0,10.7,47.88,17:31,15.84,0.3,
2008-07-02,20.0,10.7,47.88,17:31,15.84,0.3,
2008-07-03,21.8,8.6,23.04,16:01,7.92,0.0,
2008-07-03,21.8,8.6,23.04,16:01,7.92,0.0,
2008-07-04,21.6,14.5,51.84,16:02,16.92,0.0,
2008-07-04,21.6,14.5,51.84,16:02,16.92,0.0,
2008-07-05,21.2,8.7,24.84,17:18,6.84,0.5,
2008-07-05,21.2,8.7,24.84,17:18,6.84,0.5,
2008-07-06,19.2,7.0,24.84,16:25,7.92,0.1,
2008-07-06,19.2,7.0,24.84,16:25,7.92,0.1,
2008-07-07,21.4,8.9,36.0,17:13,9.0,0.0,
2008-07-07,21.4,8.9,36.0,17:13,9.0,0.0,
2008-07-08,25.2,4.7,20.88,17:30,7.92,0.0,
2008-07-08,25.2,4.7,20.88,17:30,7.92,0.0,
2008-07-09,28.4,7.2,29.88,15:42,7.92,0.0,
2008-07-09,28.4,7.2,29.88,15:42,7.92,0.0,
2008-07-10,23.6,13.9,42.84,17:00,11.16,2.5,
2008-07-10,23.6,13.9,42.84,17:00,11.16,2.5,
2008-07-11,22.2,10.1,29.88,12:55,11.88,0.1,
2008-07-11,22.2,10.1,29.88,12:55,11.88,0.1,
2008-07-12,18.3,7.2,27.0,17:07,6.84,1.0,
2008-07-12,18.3,7.2,27.0,17:07,6.84,1.0,
2008-07-13,23.8,9.7,23.04,18:18,7.92,0.0,
2008-07-13,23.8,9.7,23.04,18:18,7.92,0.0,
2008-07-14,24.6,8.1,42.12,09:03,11.16,0.0,
2008-07-14,24.6,8.1,42.12,09:03,11.16,0.0,
2008-07-15,24.9,12.0,42.84,14:53,14.04,0.0,
2008-07-15,24.9,12.0,42.84,14:53,14.04,0.0,
2008-07-16,24.9,13.9,45.0,15:08,12.96,0.0,
2008-07-16,24.9,13.9,45.0,15:08,12.96,0.0,
2008-07-17,23.2,15.3,38.16,15:08,12.96,0.0,
2008-07-17,23.2,15.3,38.16,15:08,12.96,0.0,
2008-07-18,26.3,14.8,25.92,13:31,9.0,0.0,
2008-07-18,26.3,14.8,25.92,13:31,9.0,0.0,
2008-07-19,26.2,16.8,36.0,15:00,10.08,0.2,
2008-07-19,26.2,16.8,36.0,15:00,10.08,0.2,
2008-07-20,18.7,14.9,52.92,07:21,12.96,0.0,
2008-07-20,18.7,14.9,52.92,07:21,12.96,0.0,
2008-07-21,24.6,13.4,48.96,17:48,15.12,0.0,
2008-07-21,24.6,13.4,48.96,17:48,15.12,0.0,
2008-07-22,29.8,11.6,23.04,14:29,9.0,0.0,
2008-07-22,29.8,11.6,23.04,14:29,9.0,0.0,
2008-07-23,27.6,12.5,28.08,19:02,10.08,0.0,
2008-07-23,27.6,12.5,28.08,19:02,10.08,0.0,
2008-07-24,22.0,13.8,27.0,13:46,9.0,1.3,
2008-07-24,22.0,13.8,27.0,13:46,9.0,1.3,
2008-07-25,24.4,15.5,45.0,17:05,12.96,0.3,
2008-07-25,24.4,15.5,45.0,17:05,12.96,0.3,
2008-07-26,26.9,13.7,24.12,17:42,7.92,0.0,
2008-07-26,26.9,13.7,24.12,17:42,7.92,0.0,
2008-07-27,28.2,11.5,32.04,15:33,9.0,0.0,
2008-07-27,28.2,11.5,32.04,15:33,9.0,0.0,
2008-07-28,24.2,13.7,41.04,12:48,14.04,0.0,
2008-07-28,24.2,13.7,41.04,12:48,14.04,0.0,
2008-07-29,26.7,7.6,24.12,17:46,6.84,0.0,
2008-07-29,26.7,7.6,24.12,17:46,6.84,0.0,
2008-07-30,28.2,11.5,33.12,16:26,10.08,0.0,
2008-07-30,28.2,11.5,33.12,16:26,10.08,0.0,
2008-07-31,24.3,13.3,54.0,08:43,20.16,3.4,
2008-07-31,24.3,13.3,54.0,08:43,20.16,3.4,
2008-08-01,24.9,11.6,33.12,02:46,7.92,0.0,
2008-08-01,24.9,11.6,33.12,02:46,7.92,0.0,
2008-08-02,29.0,12.2,25.92,16:28,7.92,0.0,
2008-08-02,29.0,12.2,25.92,16:28,7.92,0.0,
2008-08-03,31.8,12.9,24.84,16:00,6.84,0.0,
2008-08-03,31.8,12.9,24.84,16:00,6.84,0.0,
2008-08-04,30.2,15.2,29.88,17:00,6.84,0.0,
2008-08-04,30.2,15.2,29.88,17:00,6.84,0.0,
2008-08-05,31.2,15.5,21.96,17:48,6.84,0.2,
2008-08-05,31.2,15.5,21.96,17:48,6.84,0.2,
2008-08-06,24.8,15.4,28.08,17:26,7.92,0.4,
2008-08-06,24.8,15.4,28.08,17:26,7.92,0.4,
2008-08-07,21.0,13.2,24.84,18:17,10.08,0.1,
2008-08-07,21.0,13.2,24.84,18:17,10.08,0.1,
2008-08-08,23.8,10.5,29.88,17:21,6.84,0.0,
2008-08-08,23.8,10.5,29.88,17:21,6.84,0.0,
2008-08-09,30.4,8.4,25.92,17:41,7.92,0.1,
2008-08-09,30.4,8.4,25.92,17:41,7.92,0.1,
2008-08-10,27.0,11.5,24.12,17:11,6.84,5.9,
2008-08-10,27.0,11.5,24.12,17:11,6.84,5.9,
2008-08-11,23.0,16.2,63.0,16:31,16.92,3.6,
2008-08-11,23.0,16.2,63.0,16:31,16.92,3.6,
2008-08-12,21.0,12.2,42.12,13:26,11.88,0.2,
2008-08-12,21.0,12.2,42.12,13:26,11.88,0.2,
2008-08-13,21.5,9.9,32.04,13:22,6.84,0.0,
2008-08-13,21.5,9.9,32.04,13:22,6.84,0.0,
2008-08-14,19.4,7.2,0.0,,0.0,0.4,
2008-08-14,19.4,7.2,0.0,,0.0,0.4,
2008-08-15,24.0,7.8,0.0,,0.0,13.9,
2008-08-15,24.0,7.8,0.0,,0.0,13.9,
2008-08-16,23.8,12.8,0.0,,0.0,0.7,
2008-08-16,23.8,12.8,0.0,,0.0,0.7,
2008-08-17,25.2,14.2,0.0,,0.0,0.4,
2008-08-17,25.2,14.2,0.0,,0.0,0.4,
2008-08-18,23.8,13.8,0.0,,11.88,0.0,
2008-08-18,23.8,13.8,0.0,,11.88,0.0,
2008-08-19,22.5,9.3,25.92,17:08,9.0,0.0,
2008-08-19,22.5,9.3,25.92,17:08,9.0,0.0,
2008-08-20,25.4,5.5,20.88,17:24,6.84,0.0,
2008-08-20,25.4,5.5,20.88,17:24,6.84,0.0,
2008-08-21,25.5,10.6,37.08,14:43,10.08,2.3,
2008-08-21,25.5,10.6,37.08,14:43,10.08,2.3,
2008-08-22,22.7,10.8,38.16,12:58,11.16,0.0,
2008-08-22,22.7,10.8,38.16,12:58,11.16,0.0,
2008-08-23,25.6,5.5,25.92,18:58,6.12,0.0,
2008-08-23,25.6,5.5,25.92,18:58,6.12,0.0,
2008-08-24,25.5,12.9,24.12,11:29,7.92,0.0,
2008-08-24,25.5,12.9,24.12,11:29,7.92,0.0,
2008-08-25,25.1,12.0,33.12,14:55,9.0,0.0,
2008-08-25,25.1,12.0,33.12,14:55,9.0,0.0,
2008-08-26,26.6,10.3,46.08,17:43,11.16,0.0,
2008-08-26,26.6,10.3,46.08,17:43,11.16,0.0,
2008-08-27,26.6,16.9,42.12,15:36,11.88,0.0,
2008-08-27,26.6,16.9,42.12,15:36,11.88,0.0,
2008-08-28,26.9,15.3,36.0,15:23,10.08,0.0,
2008-08-28,26.9,15.3,36.0,15:23,10.08,0.0,
2008-08-29,31.0,16.5,28.08,17:08,5.04,10.3,
2008-08-29,31.0,16.5,28.08,17:08,5.04,10.3,
2008-08-30,23.0,14.8,41.04,16:21,6.12,9.7,
2008-08-30,23.0,14.8,41.04,16:21,6.12,9.7,
2008-08-31,23.8,13.8,28.08,08:32,6.12,0.5,
2008-08-31,23.8,13.8,28.08,08:32,6.12,0.5,
2008-09-01,25.0,10.6,23.04,16:07,3.96,0.0,
2008-09-01,25.0,10.6,23.04,16:07,3.96,0.0,
2008-09-02,23.2,13.8,32.04,13:45,10.08,5.3,
2008-09-02,23.2,13.8,32.04,13:45,10.08,5.3,
2008-09-03,17.0,12.0,24.84,05:28,7.92,10.1,
2008-09-03,17.0,12.0,24.84,05:28,7.92,10.1,
2008-09-04,20.3,10.6,55.08,23:33,10.08,0.5,
2008-09-04,20.3,10.6,55.08,23:33,10.08,0.5,
2008-09-05,19.6,12.9,64.08,04:20,20.88,17.4,
2008-09-05,19.6,12.9,64.08,04:20,20.88,17.4,
2008-09-06,18.1,10.7,29.88,13:16,10.08,0.2,
2008-09-06,18.1,10.7,29.88,13:16,10.08,0.2,
2008-09-07,23.2,4.2,21.96,17:14,6.84,0.2,
2008-09-07,23.2,4.2,21.96,17:14,6.84,0.2,
2008-09-08,27.2,7.0,39.96,12:36,10.08,0.6,
2008-09-08,27.2,7.0,39.96,12:36,10.08,0.6,
2008-09-09,25.4,12.4,30.96,11:40,9.0,0.0,
2008-09-09,25.4,12.4,30.96,11:40,9.0,0.0,
2008-09-10,27.2,12.8,33.12,14:37,11.16,5.4,
2008-09-10,27.2,12.8,33.12,14:37,11.16,5.4,
2008-09-11,18.2,9.8,48.96,13:13,6.84,2.0,
2008-09-11,18.2,9.8,48.96,13:13,6.84,2.0,
2008-09-12,19.1,7.2,24.12,13:07,5.04,0.3,
2008-09-12,19.1,7.2,24.12,13:07,5.04,0.3,
2008-09-13,20.6,6.3,32.04,17:05,7.92,0.0,
2008-09-13,20.6,6.3,32.04,17:05,7.92,0.0,
2008-09-14,26.5,5.2,19.08,11:52,3.96,0.1,
2008-09-14,26.5,5.2,19.08,11:52,3.96,0.1,
2008-09-15,23.6,7.8,29.88,15:50,6.84,0.1,
2008-09-15,23.6,7.8,29.88,15:50,6.84,0.1,
2008-09-16,22.5,12.0,32.04,19:17,9.0,0.1,
2008-09-16,22.5,12.0,32.04,19:17,9.0,0.1,
2008-09-17,23.2,11.8,20.16,18:46,5.04,0.0,
2008-09-17,23.2,11.8,20.16,18:46,5.04,0.0,
2008-09-18,22.5,9.5,23.04,15:29,5.04,0.2,
2008-09-18,22.5,9.5,23.04,15:29,5.04,0.2,
2008-09-19,23.6,12.8,29.88,15:54,9.0,0.0,
2008-09-19,23.6,12.8,29.88,15:54,9.0,0.0,
2008-09-20,28.2,10.6,19.08,16:03,5.04,0.0,
2008-09-20,28.2,10.6,19.08,16:03,5.04,0.0,
2008-09-21,21.0,13.0,28.08,16:17,6.84,1.1,
2008-09-21,21.0,13.0,28.08,16:17,6.84,1.1,
2008-09-22,19.6,12.2,34.92,15:18,6.84,0.7,
2008-09-22,19.6,12.2,34.92,15:18,6.84,0.7,
2008-09-23,20.0,7.6,39.96,14:05,11.16,0.0,
2008-09-23,20.0,7.6,39.96,14:05,11.16,0.0,
2008-09-24,22.0,5.8,38.88,14:21,9.0,0.0,
2008-09-24,22.0,5.8,38.88,14:21,9.0,0.0,
2008-09-25,22.0,5.4,38.16,15:25,10.08,0.0,
2008-09-25,22.0,5.4,38.16,15:25,10.08,0.0,
2008-09-26,22.7,4.7,34.92,15:10,7.92,0.0,
2008-09-26,22.7,4.7,34.92,15:10,7.92,0.0,
2008-09-27,21.8,3.2,29.16,14:43,6.12,0.0,
2008-09-27,21.8,3.2,29.16,14:43,6.12,0.0,
2008-09-28,25.0,3.9,24.84,16:36,5.04,0.0,
2008-09-28,25.0,3.9,24.84,16:36,5.04,0.0,
2008-09-29,21.2,6.9,42.84,12:19,9.0,28.7,
2008-09-29,21.2,6.9,42.84,12:19,9.0,28.7,
2008-09-30,20.2,3.6,32.04,16:04,7.92,0.0,
2008-09-30,20.2,3.6,32.04,16:04,7.92,0.0,
2008-10-01,18.8,9.6,23.04,14:51,3.96,0.0,
2008-10-01,18.8,9.6,23.04,14:51,3.96,0.0,
2008-10-02,16.2,7.9,28.08,16:51,6.12,0.2,
2008-10-02,16.2,7.9,28.08,16:51,6.12,0.2,
2008-10-03,15.6,3.0,29.16,13:10,6.12,0.0,
2008-10-03,15.6,3.0,29.16,13:10,6.12,0.0,
2008-10-04,19.0,-1.4,33.84,11:42,6.12,0.0,
2008-10-04,19.0,-1.4,33.84,11:42,6.12,0.0,
2008-10-05,19.9,8.9,43.92,13:44,12.96,0.0,
2008-10-05,19.9,8.9,43.92,13:44,12.96,0.0,
2008-10-06,22.2,13.3,41.04,23:15,11.16,24.4,
2008-10-06,22.2,13.3,41.04,23:15,11.16,24.4,
2008-10-07,19.7,6.4,47.16,04:37,10.08,16.8,
2008-10-07,19.7,6.4,47.16,04:37,10.08,16.8,
2008-10-08,18.2,6.0,20.88,13:56,2.88,0.4,
2008-10-08,18.2,6.0,20.88,13:56,2.88,0.4,
2008-10-09,19.4,1.6,37.08,15:59,9.0,0.0,
2008-10-09,19.4,1.6,37.08,15:59,9.0,0.0,
2008-10-10,26.0,1.4,15.84,15:20,6.12,0.0,
2008-10-10,26.0,1.4,15.84,15:20,6.12,0.0,
2008-10-11,25.6,5.2,25.92,20:31,10.08,0.0,
2008-10-11,25.6,5.2,25.92,20:31,10.08,0.0,
2008-10-12,24.2,11.9,23.04,11:42,6.84,0.0,
2008-10-12,24.2,11.9,23.04,11:42,6.84,0.0,
2008-10-13,23.4,12.3,19.08,12:16,3.96,0.0,
2008-10-13,23.4,12.3,19.08,12:16,3.96,0.0,
2008-10-14,22.4,12.7,16.92,11:58,2.88,0.0,
2008-10-14,22.4,12.7,16.92,11:58,2.88,0.0,
2008-10-15,23.7,10.7,27.0,14:35,6.84,0.0,
2008-10-15,23.7,10.7,27.0,14:35,6.84,0.0,
2008-10-16,20.0,14.1,27.0,14:29,6.12,2.6,
2008-10-16,20.0,14.1,27.0,14:29,6.12,2.6,
2008-10-17,19.3,12.5,14.04,16:52,3.96,0.0,
2008-10-17,19.3,12.5,14.04,16:52,3.96,0.0,
2008-10-18,19.8,8.0,28.08,14:29,6.12,0.0,
2008-10-18,19.8,8.0,28.08,14:29,6.12,0.0,
2008-10-19,22.5,5.2,18.0,23:50,3.96,0.0,
2008-10-19,22.5,5.2,18.0,23:50,3.96,0.0,
2008-10-20,23.5,6.6,29.16,15:29,7.92,0.0,
2008-10-20,23.5,6.6,29.16,15:29,7.92,0.0,
2008-10-21,13.2,6.0,33.84,06:22,5.04,21.2,
2008-10-21,13.2,6.0,33.84,06:22,5.04,21.2,
2008-10-22,14.0,2.7,43.92,11:58,9.0,0.0,
2008-10-22,14.0,2.7,43.92,11:58,9.0,0.0,
2008-10-23,17.4,0.8,12.96,14:13,5.04,0.0,
2008-10-23,17.4,0.8,12.96,14:13,5.04,0.0,
2008-10-24,19.8,-0.2,0.0,,0.0,0.0,
2008-10-24,19.8,-0.2,0.0,,0.0,0.0,
2008-10-25,20.6,1.0,0.0,,0.0,0.0,
2008-10-25,20.6,1.0,0.0,,0.0,0.0,
2008-10-26,20.6,-0.6,0.0,,0.0,0.0,
2008-10-26,20.6,-0.6,0.0,,0.0,0.0,
2008-10-27,13.6,5.4,0.0,,2.16,0.0,
2008-10-27,13.6,5.4,0.0,,2.16,0.0,
2008-10-28,10.8,0.9,38.88,14:16,9.0,0.0,
2008-10-28,10.8,0.9,38.88,14:16,9.0,0.0,
2008-10-29,10.8,0.8,37.08,21:13,7.92,7.8,
2008-10-29,10.8,0.8,37.08,21:13,7.92,7.8,
2008-10-30,12.5,5.7,38.16,13:33,14.04,8.6,
2008-10-30,12.5,5.7,38.16,13:33,14.04,8.6,
2008-10-31,9.9,1.4,24.12,18:10,5.04,19.2,
2008-10-31,9.9,1.4,24.12,18:10,5.04,19.2,
2008-11-01,6.7,2.6,14.04,01:18,2.16,37.6,
2008-11-01,6.7,2.6,14.04,01:18,2.16,37.6,
2008-11-02,11.5,5.8,36.0,15:01,10.08,3.2,
2008-11-02,11.5,5.8,36.0,15:01,10.08,3.2,
2008-11-04,12.2,7.3,24.12,00:20,2.88,5.6,
2008-11-04,12.2,7.3,24.12,00:20,2.88,5.6,
2008-11-05,14.9,3.1,16.92,20:23,2.88,0.0,
2008-11-05,14.9,3.1,16.92,20:23,2.88,0.0,
2008-11-07,14.0,6.0,28.08,23:13,6.12,0.0,
2008-11-07,14.0,6.0,28.08,23:13,6.12,0.0,
2008-11-08,11.4,8.0,42.12,09:14,10.08,0.2,
2008-11-08,11.4,8.0,42.12,09:14,10.08,0.2,
2008-11-09,13.8,11.0,43.92,14:15,15.12,2.0,
2008-11-09,13.8,11.0,43.92,14:15,15.12,2.0,
2008-11-11,13.7,4.7,25.92,15:35,5.04,0.2,
2008-11-11,13.7,4.7,25.92,15:35,5.04,0.2,
2008-11-12,11.1,2.8,20.88,07:29,5.04,0.0,
2008-11-12,11.1,2.8,20.88,07:29,5.04,0.0,
2008-11-13,11.4,1.6,10.08,23:03,2.88,0.0,
2008-11-13,11.4,1.6,10.08,23:03,2.88,0.0,
2008-11-14,14.9,-1.5,20.16,15:54,5.04,0.2,
2008-11-14,14.9,-1.5,20.16,15:54,5.04,0.2,
2008-11-15,15.9,1.3,20.88,15:07,6.12,0.2,
2008-11-15,15.9,1.3,20.88,15:07,6.12,0.2,
2008-11-16,16.0,3.4,29.88,15:43,6.84,0.2,
2008-11-16,16.0,3.4,29.88,15:43,6.84,0.2,
2008-11-17,14.1,2.6,23.04,21:44,6.84,0.6,
2008-11-17,14.1,2.6,23.04,21:44,6.84,0.6,
2008-11-18,10.6,7.5,24.12,15:19,5.04,0.0,
2008-11-18,10.6,7.5,24.12,15:19,5.04,0.0,
2008-11-19,12.0,5.0,30.96,15:12,6.84,0.0,
2008-11-19,12.0,5.0,30.96,15:12,6.84,0.0,
2008-11-20,14.3,3.8,33.84,13:12,7.92,0.0,
2008-11-20,14.3,3.8,33.84,13:12,7.92,0.0,
2008-11-21,12.8,4.1,29.16,18:55,3.96,0.0,
2008-11-21,12.8,4.1,29.16,18:55,3.96,0.0,
2008-11-22,12.3,9.0,30.96,10:20,6.84,1.6,
2008-11-22,12.3,9.0,30.96,10:20,6.84,1.6,
2008-11-23,11.4,8.4,25.92,22:26,6.12,0.0,
2008-11-23,11.4,8.4,25.92,22:26,6.12,0.0,
2008-11-24,8.7,4.9,39.96,10:00,6.12,0.0,
2008-11-24,8.7,4.9,39.96,10:00,6.12,0.0,
2008-11-26,9.3,-0.8,36.0,13:13,6.12,0.0,
2008-11-26,9.3,-0.8,36.0,13:13,6.12,0.0,
2008-11-28,6.0,2.5,39.96,20:59,16.92,18.8,
2008-11-28,6.0,2.5,39.96,20:59,16.92,18.8,
2008-11-29,3.4,0.8,42.12,15:02,15.84,25.6,
2008-11-29,3.4,0.8,42.12,15:02,15.84,25.6,
2008-11-30,4.3,0.0,29.88,01:41,7.92,6.6,
2008-11-30,4.3,0.0,29.88,01:41,7.92,6.6,
2008-12-01,4.3,-0.1,20.16,15:06,3.96,7.4,
2008-12-01,4.3,-0.1,20.16,15:06,3.96,7.4,
2008-12-03,10.6,5.5,45.0,06:19,10.08,0.0,
2008-12-03,10.6,5.5,45.0,06:19,10.08,0.0,
2008-12-04,13.2,7.0,50.04,22:53,20.16,7.6,
2008-12-04,13.2,7.0,50.04,22:53,20.16,7.6,
2008-12-08,10.4,3.2,24.12,12:59,7.92,4.6,
2008-12-08,10.4,3.2,24.12,12:59,7.92,4.6,
2008-12-11,7.3,3.1,50.04,22:50,10.08,12.8,
2008-12-11,7.3,3.1,50.04,22:50,10.08,12.8,
2008-12-12,9.5,4.5,54.0,22:22,3.96,13.4,
2008-12-12,9.5,4.5,54.0,22:22,3.96,13.4,
2008-12-13,9.0,1.3,51.84,15:19,15.84,20.8,
2008-12-13,9.0,1.3,51.84,15:19,15.84,20.8,
2008-12-14,4.1,-0.1,36.0,14:01,9.0,21.0,
2008-12-14,4.1,-0.1,36.0,14:01,9.0,21.0,
2008-12-15,6.6,0.0,34.92,18:35,6.12,9.0,
2008-12-15,6.6,0.0,34.92,18:35,6.12,9.0,
2008-12-16,10.6,4.3,14.04,15:31,2.16,0.0,
2008-12-16,10.6,4.3,14.04,15:31,2.16,0.0,
2008-12-17,8.6,5.2,15.84,15:49,3.96,0.0,
2008-12-17,8.6,5.2,15.84,15:49,3.96,0.0,
2008-12-21,7.1,-4.0,10.08,20:39,2.88,0.2,
2008-12-21,7.1,-4.0,10.08,20:39,2.88,0.2,
2008-12-22,11.8,-5.8,11.16,17:49,2.88,0.0,
2008-12-22,11.8,-5.8,11.16,17:49,2.88,0.0,
2008-12-23,11.5,-5.8,10.08,20:58,2.88,0.0,
2008-12-23,11.5,-5.8,10.08,20:58,2.88,0.0,
2008-12-24,9.3,-6.3,9.0,18:12,3.96,0.0,
2008-12-24,9.3,-6.3,9.0,18:12,3.96,0.0,
2008-12-25,9.2,-6.6,27.0,17:03,3.96,0.0,
2008-12-25,9.2,-6.6,27.0,17:03,3.96,0.0,
2008-12-26,9.3,1.0,45.0,17:22,11.88,0.2,
2008-12-26,9.3,1.0,45.0,17:22,11.88,0.2,
2008-12-27,8.9,-0.4,51.12,11:01,11.88,0.0,
2008-12-27,8.9,-0.4,51.12,11:01,11.88,0.0,
2008-12-28,13.3,2.2,41.04,00:12,7.92,0.0,
2008-12-28,13.3,2.2,41.04,00:12,7.92,0.0,
2008-12-29,14.0,3.5,33.12,14:04,9.0,0.0,
2008-12-29,14.0,3.5,33.12,14:04,9.0,0.0,
2008-12-30,15.5,4.3,27.0,19:50,7.92,0.2,
2008-12-30,15.5,4.3,27.0,19:50,7.92,0.2,
2008-12-31,12.5,10.5,34.92,10:33,9.0,0.2,
2008-12-31,12.5,10.5,34.92,10:33,9.0,0.2,
2009-01-01,14.8,4.8,23.04,12:22,6.12,11.0,
2009-01-01,14.8,4.8,23.04,12:22,6.12,11.0,
2009-01-02,11.6,1.7,9.0,00:30,2.16,7.4,
2009-01-02,11.6,1.7,9.0,00:30,2.16,7.4,
2009-01-03,11.1,3.0,25.92,16:31,6.84,0.1,
2009-01-03,11.1,3.0,25.92,16:31,6.84,0.1,
2009-01-04,9.8,-0.5,29.88,19:52,5.04,0.0,
2009-01-04,9.8,-0.5,29.88,19:52,5.04,0.0,
2009-01-05,6.0,1.7,15.12,15:49,3.96,1.0,
2009-01-05,6.0,1.7,15.12,15:49,3.96,1.0,
2009-01-06,6.5,0.0,36.0,15:18,5.04,0.8,
2009-01-06,6.5,0.0,36.0,15:18,5.04,0.8,
2009-01-07,2.9,0.2,30.96,22:23,6.12,0.1,
2009-01-07,2.9,0.2,30.96,22:23,6.12,0.1,
2009-01-08,7.2,-3.0,39.96,13:36,5.04,0.0,
2009-01-08,7.2,-3.0,39.96,13:36,5.04,0.0,
2009-01-09,5.5,-3.8,18.0,12:43,3.96,0.8,
2009-01-09,5.5,-3.8,18.0,12:43,3.96,0.8,
2009-01-10,9.7,-5.2,28.08,14:40,5.04,0.4,
2009-01-10,9.7,-5.2,28.08,14:40,5.04,0.4,
2009-01-11,10.4,-6.4,23.04,14:26,6.12,0.1,
2009-01-11,10.4,-6.4,23.04,14:26,6.12,0.1,
2009-01-12,10.5,0.6,43.92,13:09,11.88,3.3,
2009-01-12,10.5,0.6,43.92,13:09,11.88,3.3,
2009-01-13,10.2,-1.0,42.84,01:30,3.96,1.0,
2009-01-13,10.2,-1.0,42.84,01:30,3.96,1.0,
2009-01-14,8.5,-2.7,33.84,15:18,7.92,0.4,
2009-01-14,8.5,-2.7,33.84,15:18,7.92,0.4,
2009-01-15,9.6,5.5,50.04,03:20,11.88,1.3,
2009-01-15,9.6,5.5,50.04,03:20,11.88,1.3,
2009-01-16,8.4,0.6,29.88,11:18,7.92,3.1,
2009-01-16,8.4,0.6,29.88,11:18,7.92,3.1,
2009-01-17,11.5,4.2,52.92,22:29,15.12,0.3,
2009-01-17,11.5,4.2,52.92,22:29,15.12,0.3,
2009-01-18,13.1,9.1,65.88,23:11,18.0,6.3,
2009-01-18,13.1,9.1,65.88,23:11,18.0,6.3,
2009-01-19,11.4,1.6,60.12,10:30,15.12,10.7,
2009-01-19,11.4,1.6,60.12,10:30,15.12,10.7,
2009-01-20,2.8,0.6,38.16,13:29,14.04,13.5,
2009-01-20,2.8,0.6,38.16,13:29,14.04,13.5,
2009-01-21,7.2,1.6,47.88,23:18,11.88,9.8,
2009-01-21,7.2,1.6,47.88,23:18,11.88,9.8,
2009-01-22,13.1,7.2,61.92,14:50,20.88,3.4,
2009-01-22,13.1,7.2,61.92,14:50,20.88,3.4,
2009-01-23,13.2,7.3,110.88,22:39,29.88,14.8,
2009-01-23,13.2,7.3,110.88,22:39,29.88,14.8,
2009-01-24,9.5,5.2,87.84,02:46,0.0,15.0,
2009-01-24,9.5,5.2,87.84,02:46,0.0,15.0,
2009-01-25,8.3,1.0,0.0,,0.0,20.5,
2009-01-25,8.3,1.0,0.0,,0.0,20.5,
2009-01-26,8.3,0.8,34.92,11:28,10.08,9.2,
2009-01-26,8.3,0.8,34.92,11:28,10.08,9.2,
2009-01-27,9.7,6.5,38.16,16:50,11.16,4.4,
2009-01-27,9.7,6.5,38.16,16:50,11.16,4.4,
2009-01-28,12.4,9.7,32.04,00:28,9.0,19.8,
2009-01-28,12.4,9.7,32.04,00:28,9.0,19.8,
2009-01-29,14.7,11.1,50.04,13:16,15.12,1.0,
2009-01-29,14.7,11.1,50.04,13:16,15.12,1.0,
2009-01-30,14.6,6.2,69.12,05:04,16.92,16.7,
2009-01-30,14.6,6.2,69.12,05:04,16.92,16.7,
2009-01-31,9.7,5.2,39.96,23:28,11.16,1.4,
2009-01-31,9.7,5.2,39.96,23:28,11.16,1.4,
2009-02-01,11.1,2.0,43.92,02:06,11.16,5.2,
2009-02-01,11.1,2.0,43.92,02:06,11.16,5.2,
2009-02-02,6.3,1.4,0.0,,0.0,0.8,
2009-02-02,6.3,1.4,0.0,,0.0,0.8,
2009-02-03,6.8,0.3,56.88,23:19,10.08,18.2,
2009-02-03,6.8,0.3,56.88,23:19,10.08,18.2,
2009-02-04,7.5,4.3,39.96,01:30,20.88,22.4,
2009-02-04,7.5,4.3,39.96,01:30,20.88,22.4,
2009-02-05,9.0,3.0,36.0,14:10,16.92,7.8,
2009-02-05,9.0,3.0,36.0,14:10,16.92,7.8,
2009-02-06,5.6,0.0,48.96,14:29,6.12,11.4,
2009-02-06,5.6,0.0,48.96,14:29,6.12,11.4,
2009-02-07,7.2,-0.8,0.0,,0.0,3.6,
2009-02-07,7.2,-0.8,0.0,,0.0,3.6,
2009-02-08,10.2,2.0,0.0,,0.0,2.6,
2009-02-08,10.2,2.0,0.0,,0.0,2.6,
2009-02-09,,,0.0,,27.0,8.0,
2009-02-09,,,0.0,,27.0,8.0,
2009-02-10,10.8,3.8,41.04,06:21,10.08,0.4,
2009-02-10,10.8,3.8,41.04,06:21,10.08,0.4,
2009-02-11,11.1,3.9,27.0,13:09,7.92,0.8,
2009-02-11,11.1,3.9,27.0,13:09,7.92,0.8,
2009-02-12,11.3,2.0,24.12,15:10,6.84,0.0,
2009-02-12,11.3,2.0,24.12,15:10,6.84,0.0,
2009-02-13,14.7,0.8,15.84,04:18,3.96,0.4,
2009-02-13,14.7,0.8,15.84,04:18,3.96,0.4,
2009-02-14,13.8,-0.8,28.08,16:14,5.04,0.0,
2009-02-14,13.8,-0.8,28.08,16:14,5.04,0.0,
2009-02-15,12.9,1.3,28.08,16:26,6.12,0.0,
2009-02-15,12.9,1.3,28.08,16:26,6.12,0.0,
2009-02-16,12.8,-0.3,21.96,18:20,6.84,0.0,
2009-02-16,12.8,-0.3,21.96,18:20,6.84,0.0,
2009-02-17,15.2,-2.8,24.84,16:18,6.12,0.2,
2009-02-17,15.2,-2.8,24.84,16:18,6.12,0.2,
2009-02-18,14.0,0.0,36.0,16:26,6.12,0.0,
2009-02-18,14.0,0.0,36.0,16:26,6.12,0.0,
2009-02-19,13.6,-2.3,33.84,16:09,7.92,0.0,
2009-02-19,13.6,-2.3,33.84,16:09,7.92,0.0,
2009-02-20,13.2,-1.4,36.0,14:12,7.92,0.0,
2009-02-20,13.2,-1.4,36.0,14:12,7.92,0.0,
2009-02-21,17.2,-2.1,25.92,16:01,3.96,0.0,
2009-02-21,17.2,-2.1,25.92,16:01,3.96,0.0,
2009-02-22,15.4,-0.3,36.0,17:00,9.0,0.0,
2009-02-22,15.4,-0.3,36.0,17:00,9.0,0.0,
2009-02-23,14.9,5.0,32.04,15:48,10.08,0.0,
2009-02-23,14.9,5.0,32.04,15:48,10.08,0.0,
2009-02-24,15.6,2.5,34.92,17:05,7.92,0.0,
2009-02-24,15.6,2.5,34.92,17:05,7.92,0.0,
2009-02-25,17.2,2.2,21.96,00:27,6.84,0.0,
2009-02-25,17.2,2.2,21.96,00:27,6.84,0.0,
2009-02-26,20.5,0.5,21.96,17:31,5.04,0.0,
2009-02-26,20.5,0.5,21.96,17:31,5.04,0.0,
2009-02-27,21.4,-1.3,15.12,17:12,5.04,0.0,
2009-02-27,21.4,-1.3,15.12,17:12,5.04,0.0,
2009-02-28,18.6,1.5,32.04,17:07,6.84,0.0,
2009-02-28,18.6,1.5,32.04,17:07,6.84,0.0,
2009-03-01,12.2,5.3,21.96,14:24,6.12,0.2,
2009-03-01,12.2,5.3,21.96,14:24,6.12,0.2,
2009-03-02,11.6,-0.3,39.96,14:14,7.92,0.0,
2009-03-02,11.6,-0.3,39.96,14:14,7.92,0.0,
2009-03-03,12.6,-3.0,39.96,23:54,6.84,3.8,
2009-03-03,12.6,-3.0,39.96,23:54,6.84,3.8,
2009-03-04,8.2,3.6,56.88,15:50,15.84,26.2,
2009-03-04,8.2,3.6,56.88,15:50,15.84,26.2,
2009-03-05,9.7,3.7,57.96,13:30,16.92,9.6,
2009-03-05,9.7,3.7,57.96,13:30,16.92,9.6,
2009-03-06,11.7,5.6,33.12,13:36,9.0,2.4,
2009-03-06,11.7,5.6,33.12,13:36,9.0,2.4,
2009-03-07,13.4,8.6,16.92,16:31,5.04,0.2,
2009-03-07,13.4,8.6,16.92,16:31,5.04,0.2,
2009-03-08,14.2,3.2,29.16,15:09,6.12,0.0,
2009-03-08,14.2,3.2,29.16,15:09,6.12,0.0,
2009-03-09,15.5,-1.7,27.0,16:25,6.12,0.0,
2009-03-09,15.5,-1.7,27.0,16:25,6.12,0.0,
2009-03-10,18.9,-0.5,14.04,13:34,5.04,0.0,
2009-03-10,18.9,-0.5,14.04,13:34,5.04,0.0,
2009-03-11,20.9,0.8,19.08,15:16,5.04,0.0,
2009-03-11,20.9,0.8,19.08,15:16,5.04,0.0,
2009-03-12,24.4,0.5,21.96,13:04,6.84,0.0,
2009-03-12,24.4,0.5,21.96,13:04,6.84,0.0,
2009-03-13,24.4,1.0,32.04,15:00,6.84,0.0,
2009-03-13,24.4,1.0,32.04,15:00,6.84,0.0,
2009-03-14,20.7,2.1,33.12,15:56,7.92,0.0,
2009-03-14,20.7,2.1,33.12,15:56,7.92,0.0,
2009-03-15,20.0,3.5,34.92,17:30,7.92,0.0,
2009-03-15,20.0,3.5,34.92,17:30,7.92,0.0,
2009-03-16,25.0,4.7,24.84,16:38,5.04,0.0,
2009-03-16,25.0,4.7,24.84,16:38,5.04,0.0,
2009-03-17,26.0,1.3,24.84,17:28,9.0,0.0,
2009-03-17,26.0,1.3,24.84,17:28,9.0,0.0,
2009-03-18,24.8,2.3,32.04,15:04,6.84,0.0,
2009-03-18,24.8,2.3,32.04,15:04,6.84,0.0,
2009-03-19,24.8,0.7,25.92,16:39,6.84,0.0,
2009-03-19,24.8,0.7,25.92,16:39,6.84,0.0,
2009-03-20,22.8,1.1,27.0,17:24,6.12,0.0,
2009-03-20,22.8,1.1,27.0,17:24,6.12,0.0,
2009-03-21,18.3,2.2,38.88,14:36,11.16,0.0,
2009-03-21,18.3,2.2,38.88,14:36,11.16,0.0,
2009-03-22,15.7,-0.8,50.04,13:13,0.0,0.0,
2009-03-22,15.7,-0.8,50.04,13:13,0.0,0.0,
2009-03-23,17.6,-1.6,33.12,16:55,11.16,0.0,
2009-03-23,17.6,-1.6,33.12,16:55,11.16,0.0,
2009-03-24,15.7,1.1,41.04,16:05,12.96,0.0,
2009-03-24,15.7,1.1,41.04,16:05,12.96,0.0,
2009-03-25,16.6,2.0,33.84,17:38,11.16,0.0,
2009-03-25,16.6,2.0,33.84,17:38,11.16,0.0,
2009-03-26,20.7,-1.2,27.0,16:30,10.08,0.0,
2009-03-26,20.7,-1.2,27.0,16:30,10.08,0.0,
2009-03-27,17.7,0.4,33.84,22:20,6.84,0.6,
2009-03-27,17.7,0.4,33.84,22:20,6.84,0.6,
2009-03-28,10.7,0.8,47.88,12:18,10.08,3.4,
2009-03-28,10.7,0.8,47.88,12:18,10.08,3.4,
2009-03-29,8.9,0.1,37.08,13:20,9.0,1.6,
2009-03-29,8.9,0.1,37.08,13:20,9.0,1.6,
2009-03-30,12.6,-2.4,34.92,14:58,7.92,0.0,
2009-03-30,12.6,-2.4,34.92,14:58,7.92,0.0,
2009-03-31,14.6,-3.1,38.88,17:30,11.88,0.0,
2009-03-31,14.6,-3.1,38.88,17:30,11.88,0.0,
2009-04-01,16.2,-2.4,32.04,15:51,9.0,0.0,
2009-04-01,16.2,-2.4,32.04,15:51,9.0,0.0,
2009-04-02,15.8,-1.2,28.08,11:25,7.92,0.0,
2009-04-02,15.8,-1.2,28.08,11:25,7.92,0.0,
2009-04-03,18.6,-1.1,24.12,17:16,6.12,0.4,
2009-04-03,18.6,-1.1,24.12,17:16,6.12,0.4,
2009-04-04,16.8,7.6,28.08,17:11,7.92,0.0,
2009-04-04,16.8,7.6,28.08,17:11,7.92,0.0,
2009-04-05,19.4,3.6,24.84,16:24,9.0,0.0,
2009-04-05,19.4,3.6,24.84,16:24,9.0,0.0,
2009-04-06,10.7,1.9,36.0,14:06,11.16,9.2,
2009-04-06,10.7,1.9,36.0,14:06,11.16,9.2,
2009-04-07,14.0,3.3,33.12,10:55,6.84,1.0,
2009-04-07,14.0,3.3,33.12,10:55,6.84,1.0,
2009-04-08,15.7,5.7,32.04,09:14,11.16,0.0,
2009-04-08,15.7,5.7,32.04,09:14,11.16,0.0,
2009-04-09,12.8,5.2,51.12,14:15,15.12,21.8,
2009-04-09,12.8,5.2,51.12,14:15,15.12,21.8,
2009-04-10,11.1,3.6,43.92,11:02,9.0,2.2,
2009-04-10,11.1,3.6,43.92,11:02,9.0,2.2,
2009-04-11,13.4,5.1,34.92,15:40,9.0,1.8,
2009-04-11,13.4,5.1,34.92,15:40,9.0,1.8,
2009-04-12,14.3,2.0,21.96,10:21,3.96,0.0,
2009-04-12,14.3,2.0,21.96,10:21,3.96,0.0,
2009-04-13,13.2,1.2,37.08,12:38,14.04,4.8,
2009-04-13,13.2,1.2,37.08,12:38,14.04,4.8,
2009-04-14,13.6,3.0,37.08,15:29,11.16,5.6,
2009-04-14,13.6,3.0,37.08,15:29,11.16,5.6,
2009-04-15,12.8,5.4,38.88,13:35,9.0,5.0,
2009-04-15,12.8,5.4,38.88,13:35,9.0,5.0,
2009-04-16,11.0,5.9,39.96,08:05,14.04,5.4,
2009-04-16,11.0,5.9,39.96,08:05,14.04,5.4,
2009-04-17,13.2,4.7,41.04,11:42,11.16,3.0,
2009-04-17,13.2,4.7,41.04,11:42,11.16,3.0,
2009-04-18,15.0,5.3,29.88,12:59,9.0,4.0,
2009-04-18,15.0,5.3,29.88,12:59,9.0,4.0,
2009-04-19,18.2,3.4,28.08,17:58,9.0,0.0,
2009-04-19,18.2,3.4,28.08,17:58,9.0,0.0,
2009-04-20,18.9,2.8,28.08,14:30,7.92,0.0,
2009-04-20,18.9,2.8,28.08,14:30,7.92,0.0,
2009-04-21,20.2,2.1,39.96,15:42,7.92,0.0,
2009-04-21,20.2,2.1,39.96,15:42,7.92,0.0,
2009-04-22,25.7,6.1,24.12,17:11,6.12,0.0,
2009-04-22,25.7,6.1,24.12,17:11,6.12,0.0,
2009-04-23,26.6,3.6,34.92,14:12,10.08,0.0,
2009-04-23,26.6,3.6,34.92,14:12,10.08,0.0,
2009-04-24,12.0,2.7,39.96,12:36,9.0,0.2,
2009-04-24,12.0,2.7,39.96,12:36,9.0,0.2,
2009-04-25,11.8,0.7,30.96,15:28,6.12,1.2,
2009-04-25,11.8,0.7,30.96,15:28,6.12,1.2,
2009-04-26,14.5,1.1,37.08,14:33,7.92,0.8,
2009-04-26,14.5,1.1,37.08,14:33,7.92,0.8,
2009-04-27,11.7,6.4,48.96,12:21,15.12,4.6,
2009-04-27,11.7,6.4,48.96,12:21,15.12,4.6,
2009-04-28,14.4,5.9,34.92,13:24,11.88,0.4,
2009-04-28,14.4,5.9,34.92,13:24,11.88,0.4,
2009-04-29,14.6,8.8,37.08,16:06,11.88,0.8,
2009-04-29,14.6,8.8,37.08,16:06,11.88,0.8,
2009-04-30,12.1,3.2,34.92,09:36,10.08,1.6,
2009-04-30,12.1,3.2,34.92,09:36,10.08,1.6,
2009-05-01,16.9,0.3,34.92,18:00,10.08,0.0,
2009-05-01,16.9,0.3,34.92,18:00,10.08,0.0,
2009-05-02,21.8,2.0,34.92,18:17,10.08,0.0,
2009-05-02,21.8,2.0,34.92,18:17,10.08,0.0,
2009-05-03,17.6,5.5,47.88,15:18,14.04,0.0,
2009-05-03,17.6,5.5,47.88,15:18,14.04,0.0,
2009-05-04,17.4,7.5,45.0,15:51,16.92,0.0,
2009-05-04,17.4,7.5,45.0,15:51,16.92,0.0,
2009-05-05,20.0,5.7,33.84,12:59,11.16,0.0,
2009-05-05,20.0,5.7,33.84,12:59,11.16,0.0,
2009-05-06,29.4,7.4,28.08,14:38,7.92,0.0,
2009-05-06,29.4,7.4,28.08,14:38,7.92,0.0,
2009-05-07,22.9,7.7,32.04,20:31,6.12,0.0,
2009-05-07,22.9,7.7,32.04,20:31,6.12,0.0,
2009-05-08,13.7,10.2,33.12,18:04,11.88,0.0,
2009-05-08,13.7,10.2,33.12,18:04,11.88,0.0,
2009-05-09,21.5,10.6,27.0,17:06,6.84,0.0,
2009-05-09,21.5,10.6,27.0,17:06,6.84,0.0,
2009-05-10,23.1,9.7,43.92,18:07,7.92,19.2,
2009-05-10,23.1,9.7,43.92,18:07,7.92,19.2,
2009-05-11,18.0,10.6,38.16,13:13,7.92,3.6,
2009-05-11,18.0,10.6,38.16,13:13,7.92,3.6,
2009-05-12,16.7,8.4,30.96,12:56,9.0,1.8,
2009-05-12,16.7,8.4,30.96,12:56,9.0,1.8,
2009-05-13,16.8,4.6,36.0,15:37,7.92,1.8,
2009-05-13,16.8,4.6,36.0,15:37,7.92,1.8,
2009-05-14,13.3,7.3,38.88,15:15,12.96,1.0,
2009-05-14,13.3,7.3,38.88,15:15,12.96,1.0,
2009-05-15,16.4,4.6,37.08,12:03,11.88,1.0,
2009-05-15,16.4,4.6,37.08,12:03,11.88,1.0,
2009-05-16,12.8,8.0,36.0,01:02,11.88,9.6,
2009-05-16,12.8,8.0,36.0,01:02,11.88,9.6,
2009-05-17,14.0,6.8,38.16,10:03,11.88,2.2,
2009-05-17,14.0,6.8,38.16,10:03,11.88,2.2,
2009-05-18,17.9,3.2,24.12,20:17,6.84,0.0,
2009-05-18,17.9,3.2,24.12,20:17,6.84,0.0,
2009-05-19,20.3,3.1,33.12,17:00,10.08,0.0,
2009-05-19,20.3,3.1,33.12,17:00,10.08,0.0,
2009-05-20,22.7,3.4,34.92,17:07,6.84,0.0,
2009-05-20,22.7,3.4,34.92,17:07,6.84,0.0,
2009-05-21,18.5,9.2,34.92,13:52,11.88,0.0,
2009-05-21,18.5,9.2,34.92,13:52,11.88,0.0,
2009-05-22,22.4,11.8,25.92,17:07,7.92,0.0,
2009-05-22,22.4,11.8,25.92,17:07,7.92,0.0,
2009-05-23,19.5,11.6,18.0,11:15,5.04,3.2,
2009-05-23,19.5,11.6,18.0,11:15,5.04,3.2,
2009-05-24,14.0,10.6,28.08,15:24,7.92,12.8,
2009-05-24,14.0,10.6,28.08,15:24,7.92,12.8,
2009-05-25,12.4,8.2,27.0,14:18,10.08,5.6,
2009-05-25,12.4,8.2,27.0,14:18,10.08,5.6,
2009-05-26,17.5,7.7,32.04,16:54,7.92,0.0,
2009-05-26,17.5,7.7,32.04,16:54,7.92,0.0,
2009-05-27,20.2,3.4,39.96,16:56,11.16,0.0,
2009-05-27,20.2,3.4,39.96,16:56,11.16,0.0,
2009-05-28,23.5,5.1,32.04,14:14,10.08,0.0,
2009-05-28,23.5,5.1,32.04,14:14,10.08,0.0,
2009-05-29,31.2,7.2,24.84,17:18,6.84,0.0,
2009-05-29,31.2,7.2,24.84,17:18,6.84,0.0,
2009-05-30,30.8,7.5,28.08,17:58,6.12,0.0,
2009-05-30,30.8,7.5,28.08,17:58,6.12,0.0,
2009-05-31,27.7,6.3,33.84,15:46,7.92,0.0,
2009-05-31,27.7,6.3,33.84,15:46,7.92,0.0,
2009-06-01,28.5,8.6,29.16,17:41,6.12,0.0,
2009-06-01,28.5,8.6,29.16,17:41,6.12,0.0,
2009-06-02,28.5,8.2,21.96,14:18,7.92,0.0,
2009-06-02,28.5,8.2,21.96,14:18,7.92,0.0,
2009-06-03,22.7,9.4,27.0,18:04,6.12,0.0,
2009-06-03,22.7,9.4,27.0,18:04,6.12,0.0,
2009-06-04,18.1,12.5,16.92,17:36,6.12,0.0,
2009-06-04,18.1,12.5,16.92,17:36,6.12,0.0,
2009-06-05,18.6,10.7,33.84,12:01,9.0,0.0,
2009-06-05,18.6,10.7,33.84,12:01,9.0,0.0,
2009-06-06,15.0,10.4,34.92,13:48,10.08,0.0,
2009-06-06,15.0,10.4,34.92,13:48,10.08,0.0,
2009-06-07,14.9,10.5,42.84,23:04,9.0,0.0,
2009-06-07,14.9,10.5,42.84,23:04,9.0,0.0,
2009-06-08,14.8,10.2,57.96,17:56,20.88,0.0,
2009-06-08,14.8,10.2,57.96,17:56,20.88,0.0,
2009-06-09,16.3,11.0,43.92,22:03,11.16,0.0,
2009-06-09,16.3,11.0,43.92,22:03,11.16,0.0,
2009-06-10,19.2,13.0,56.16,14:22,16.92,0.0,
2009-06-10,19.2,13.0,56.16,14:22,16.92,0.0,
2009-06-11,25.7,14.0,23.04,19:17,6.12,0.0,
2009-06-11,25.7,14.0,23.04,19:17,6.12,0.0,
2009-06-12,28.7,13.0,25.92,15:25,6.84,0.0,
2009-06-12,28.7,13.0,25.92,15:25,6.84,0.0,
2009-06-13,29.0,13.5,23.04,16:26,6.84,0.0,
2009-06-13,29.0,13.5,23.04,16:26,6.84,0.0,
2009-06-14,21.4,14.5,27.0,18:03,9.0,0.0,
2009-06-14,21.4,14.5,27.0,18:03,9.0,0.0,
2009-06-15,18.0,13.6,32.04,18:50,11.16,0.0,
2009-06-15,18.0,13.6,32.04,18:50,11.16,0.0,
2009-06-16,21.5,12.0,32.04,11:47,11.16,0.0,
2009-06-16,21.5,12.0,32.04,11:47,11.16,0.0,
2009-06-17,29.5,13.7,24.12,17:13,7.92,0.0,
2009-06-17,29.5,13.7,24.12,17:13,7.92,0.0,
2009-06-18,27.6,14.4,25.92,21:29,6.84,0.0,
2009-06-18,27.6,14.4,25.92,21:29,6.84,0.0,
2009-06-19,18.9,13.6,37.08,12:56,11.16,0.0,
2009-06-19,18.9,13.6,37.08,12:56,11.16,0.0,
2009-06-20,22.4,11.4,45.0,15:36,14.04,0.0,
2009-06-20,22.4,11.4,45.0,15:36,14.04,0.0,
2009-06-21,25.6,9.1,32.04,15:38,10.08,0.0,
2009-06-21,25.6,9.1,32.04,15:38,10.08,0.0,
2009-06-22,28.6,7.8,21.96,16:17,6.84,0.0,
2009-06-22,28.6,7.8,21.96,16:17,6.84,0.0,
2009-06-23,21.6,13.8,20.88,17:49,6.84,0.0,
2009-06-23,21.6,13.8,20.88,17:49,6.84,0.0,
2009-06-24,21.9,12.9,20.88,15:46,6.12,0.0,
2009-06-24,21.9,12.9,20.88,15:46,6.12,0.0,
2009-06-25,19.0,12.7,33.12,15:06,11.16,0.0,
2009-06-25,19.0,12.7,33.12,15:06,11.16,0.0,
2009-06-26,20.2,12.4,29.16,10:46,7.92,0.0,
2009-06-26,20.2,12.4,29.16,10:46,7.92,0.0,
2009-06-27,24.5,10.5,28.08,14:50,6.84,0.0,
2009-06-27,24.5,10.5,28.08,14:50,6.84,0.0,
2009-06-28,22.7,12.5,37.08,12:03,11.88,0.0,
2009-06-28,22.7,12.5,37.08,12:03,11.88,0.0,
2009-06-29,25.1,12.3,33.84,17:14,10.08,0.0,
2009-06-29,25.1,12.3,33.84,17:14,10.08,0.0,
2009-06-30,29.6,16.2,24.12,11:58,3.96,0.0,
2009-06-30,29.6,16.2,24.12,11:58,3.96,0.0,
2009-07-01,28.9,15.9,24.12,15:36,6.84,0.0,
2009-07-01,28.9,15.9,24.12,15:36,6.84,0.0,
2009-07-02,25.3,13.8,23.04,18:05,7.92,0.0,
2009-07-02,25.3,13.8,23.04,18:05,7.92,0.0,
2009-07-03,22.4,12.3,28.08,16:37,7.92,0.0,
2009-07-03,22.4,12.3,28.08,16:37,7.92,0.0,
2009-07-04,23.5,12.6,27.0,14:55,7.92,0.0,
2009-07-04,23.5,12.6,27.0,14:55,7.92,0.0,
2009-07-05,22.0,10.7,29.88,12:59,9.0,0.0,
2009-07-05,22.0,10.7,29.88,12:59,9.0,0.0,
2009-07-06,19.9,8.8,27.0,12:43,9.0,0.0,
2009-07-06,19.9,8.8,27.0,12:43,9.0,0.0,
2009-07-07,21.4,9.2,30.96,17:32,9.0,0.0,
2009-07-07,21.4,9.2,30.96,17:32,9.0,0.0,
2009-07-08,21.7,8.8,33.12,17:43,12.96,0.0,
2009-07-08,21.7,8.8,33.12,17:43,12.96,0.0,
2009-07-09,22.6,8.4,33.84,17:18,10.08,0.0,
2009-07-09,22.6,8.4,33.84,17:18,10.08,0.0,
2009-07-10,24.4,10.8,30.96,16:35,9.0,0.0,
2009-07-10,24.4,10.8,30.96,16:35,9.0,0.0,
2009-07-11,28.2,13.6,32.04,16:15,11.88,0.0,
2009-07-11,28.2,13.6,32.04,16:15,11.88,0.0,
2009-07-12,26.4,15.2,33.12,13:15,10.08,0.0,
2009-07-12,26.4,15.2,33.12,13:15,10.08,0.0,
2009-07-13,22.6,14.2,39.96,17:49,11.88,0.0,
2009-07-13,22.6,14.2,39.96,17:49,11.88,0.0,
2009-07-14,21.9,12.2,47.88,12:44,16.92,0.0,
2009-07-14,21.9,12.2,47.88,12:44,16.92,0.0,
2009-07-15,24.3,10.9,30.96,12:30,7.92,0.0,
2009-07-15,24.3,10.9,30.96,12:30,7.92,0.0,
2009-07-16,22.9,8.9,38.88,12:34,11.16,0.0,
2009-07-16,22.9,8.9,38.88,12:34,11.16,0.0,
2009-07-17,20.5,8.5,33.12,14:16,10.08,0.8,
2009-07-17,20.5,8.5,33.12,14:16,10.08,0.8,
2009-07-18,23.4,4.8,23.04,15:20,6.12,0.0,
2009-07-18,23.4,4.8,23.04,15:20,6.12,0.0,
2009-07-19,27.3,13.0,20.88,18:12,6.84,0.0,
2009-07-19,27.3,13.0,20.88,18:12,6.84,0.0,
2009-07-20,30.8,10.9,27.0,15:21,6.84,0.0,
2009-07-20,30.8,10.9,27.0,15:21,6.84,0.0,
2009-07-21,24.5,13.0,37.08,11:06,14.04,0.4,
2009-07-21,24.5,13.0,37.08,11:06,14.04,0.4,
2009-07-22,18.2,15.6,38.88,23:45,9.0,49.2,
2009-07-22,18.2,15.6,38.88,23:45,9.0,49.2,
2009-07-23,21.7,11.0,42.84,01:05,19.08,1.6,
2009-07-23,21.7,11.0,42.84,01:05,19.08,1.6,
2009-07-24,23.1,10.4,34.92,07:56,11.16,0.0,
2009-07-24,23.1,10.4,34.92,07:56,11.16,0.0,
2009-07-25,27.0,9.2,29.16,16:22,6.12,0.0,
2009-07-25,27.0,9.2,29.16,16:22,6.12,0.0,
2009-07-26,27.9,11.8,24.84,17:38,6.84,0.0,
2009-07-26,27.9,11.8,24.84,17:38,6.84,0.0,
2009-07-27,23.9,10.2,25.92,17:56,11.16,0.0,
2009-07-27,23.9,10.2,25.92,17:56,11.16,0.0,
2009-07-28,26.8,8.9,27.0,18:03,7.92,0.0,
2009-07-28,26.8,8.9,27.0,18:03,7.92,0.0,
2009-07-29,22.5,11.9,38.16,14:09,11.88,0.0,
2009-07-29,22.5,11.9,38.16,14:09,11.88,0.0,
2009-07-30,25.4,11.3,23.04,19:03,6.84,0.0,
2009-07-30,25.4,11.3,23.04,19:03,6.84,0.0,
2009-07-31,23.6,10.2,33.84,17:56,10.08,9.4,
2009-07-31,23.6,10.2,33.84,17:56,10.08,9.4,
2009-08-01,20.3,12.8,29.88,03:46,9.0,5.6,
2009-08-01,20.3,12.8,29.88,03:46,9.0,5.6,
2009-08-02,21.5,8.8,24.12,18:44,3.96,0.0,
2009-08-02,21.5,8.8,24.12,18:44,3.96,0.0,
2009-08-03,25.0,11.7,28.08,09:49,6.84,0.0,
2009-08-03,25.0,11.7,28.08,09:49,6.84,0.0,
2009-08-04,27.6,13.8,19.08,09:22,5.04,0.0,
2009-08-04,27.6,13.8,19.08,09:22,5.04,0.0,
2009-08-05,21.0,14.3,25.92,15:46,6.84,0.0,
2009-08-05,21.0,14.3,25.92,15:46,6.84,0.0,
2009-08-06,19.1,13.7,27.0,17:01,7.92,0.2,
2009-08-06,19.1,13.7,27.0,17:01,7.92,0.2,
2009-08-07,16.7,13.4,29.88,13:40,7.92,0.0,
2009-08-07,16.7,13.4,29.88,13:40,7.92,0.0,
2009-08-08,17.2,12.1,41.04,14:53,12.96,0.0,
2009-08-08,17.2,12.1,41.04,14:53,12.96,0.0,
2009-08-09,21.3,12.1,36.0,17:23,11.88,0.0,
2009-08-09,21.3,12.1,36.0,17:23,11.88,0.0,
2009-08-10,24.6,7.1,33.84,16:18,11.16,0.0,
2009-08-10,24.6,7.1,33.84,16:18,11.16,0.0,
2009-08-11,25.7,9.7,33.12,16:55,10.08,0.0,
2009-08-11,25.7,9.7,33.12,16:55,10.08,0.0,
2009-08-12,26.7,14.2,32.04,16:14,9.0,0.0,
2009-08-12,26.7,14.2,32.04,16:14,9.0,0.0,
2009-08-13,26.1,16.7,36.0,16:21,11.16,0.0,
2009-08-13,26.1,16.7,36.0,16:21,11.16,0.0,
2009-08-14,33.5,13.1,28.08,16:34,6.84,0.0,
2009-08-14,33.5,13.1,28.08,16:34,6.84,0.0,
2009-08-15,34.1,11.3,23.04,17:40,6.84,0.0,
2009-08-15,34.1,11.3,23.04,17:40,6.84,0.0,
2009-08-16,32.4,14.1,30.96,15:47,6.12,0.0,
2009-08-16,32.4,14.1,30.96,15:47,6.12,0.0,
2009-08-17,28.1,15.8,23.04,18:25,6.12,0.0,
2009-08-17,28.1,15.8,23.04,18:25,6.12,0.0,
2009-08-18,31.3,13.6,21.96,16:47,6.84,0.0,
2009-08-18,31.3,13.6,21.96,16:47,6.84,0.0,
2009-08-19,31.0,12.5,24.12,17:38,6.12,0.0,
2009-08-19,31.0,12.5,24.12,17:38,6.12,0.0,
2009-08-20,20.6,10.2,28.08,09:34,6.84,1.6,
2009-08-20,20.6,10.2,28.08,09:34,6.84,1.6,
2009-08-21,25.4,9.2,23.04,18:11,6.12,0.0,
2009-08-21,25.4,9.2,23.04,18:11,6.12,0.0,
2009-08-22,27.5,10.2,32.04,17:46,7.92,0.0,
2009-08-22,27.5,10.2,32.04,17:46,7.92,0.0,
2009-08-23,28.8,14.3,27.0,19:07,6.84,0.0,
2009-08-23,28.8,14.3,27.0,19:07,6.84,0.0,
2009-08-24,23.3,13.1,24.84,17:18,7.92,2.8,
2009-08-24,23.3,13.1,24.84,17:18,7.92,2.8,
2009-08-25,23.7,10.7,20.88,14:47,3.96,0.0,
2009-08-25,23.7,10.7,20.88,14:47,3.96,0.0,
2009-08-26,23.9,10.3,38.16,11:45,11.16,0.0,
2009-08-26,23.9,10.3,38.16,11:45,11.16,0.0,
2009-08-27,27.4,15.7,24.84,16:45,6.84,0.2,
2009-08-27,27.4,15.7,24.84,16:45,6.84,0.2,
2009-08-28,17.8,12.4,48.96,16:35,15.84,0.2,
2009-08-28,17.8,12.4,48.96,16:35,15.84,0.2,
2009-08-29,23.6,12.6,36.0,15:50,11.16,0.0,
2009-08-29,23.6,12.6,36.0,15:50,11.16,0.0,
2009-08-30,27.6,9.5,24.12,15:51,6.12,0.0,
2009-08-30,27.6,9.5,24.12,15:51,6.12,0.0,
2009-08-31,30.1,10.2,38.16,14:43,9.0,0.0,
2009-08-31,30.1,10.2,38.16,14:43,9.0,0.0,
2009-09-01,23.7,9.7,21.96,12:21,6.84,0.0,
2009-09-01,23.7,9.7,21.96,12:21,6.84,0.0,
2009-09-02,23.2,8.7,42.84,21:23,14.04,0.0,
2009-09-02,23.2,8.7,42.84,21:23,14.04,0.0,
2009-09-03,24.4,14.7,34.92,21:05,12.96,0.0,
2009-09-03,24.4,14.7,34.92,21:05,12.96,0.0,
2009-09-04,21.4,10.4,39.96,17:04,10.08,0.0,
2009-09-04,21.4,10.4,39.96,17:04,10.08,0.0,
2009-09-05,23.7,6.3,32.04,16:14,10.08,0.0,
2009-09-05,23.7,6.3,32.04,16:14,10.08,0.0,
2009-09-06,30.7,6.2,25.92,17:21,5.04,0.0,
2009-09-06,30.7,6.2,25.92,17:21,5.04,0.0,
2009-09-07,29.4,7.1,21.96,17:07,3.96,0.0,
2009-09-07,29.4,7.1,21.96,17:07,3.96,0.0,
2009-09-08,34.3,10.4,30.96,16:21,7.92,0.0,
2009-09-08,34.3,10.4,30.96,16:21,7.92,0.0,
2009-09-09,23.4,16.6,39.96,11:09,11.88,0.0,
2009-09-09,23.4,16.6,39.96,11:09,11.88,0.0,
2009-09-10,26.0,15.2,25.92,17:07,7.92,0.0,
2009-09-10,26.0,15.2,25.92,17:07,7.92,0.0,
2009-09-11,27.9,10.4,38.88,15:14,9.0,0.0,
2009-09-11,27.9,10.4,38.88,15:14,9.0,0.0,
2009-09-12,25.2,10.7,33.84,16:13,7.92,0.0,
2009-09-12,25.2,10.7,33.84,16:13,7.92,0.0,
2009-09-13,24.9,10.9,33.84,16:35,11.16,0.0,
2009-09-13,24.9,10.9,33.84,16:35,11.16,0.0,
2009-09-14,23.1,9.8,42.12,14:45,11.16,0.0,
2009-09-14,23.1,9.8,42.12,14:45,11.16,0.0,
2009-09-15,19.1,8.8,38.88,13:16,7.92,1.2,
2009-09-15,19.1,8.8,38.88,13:16,7.92,1.2,
2009-09-16,16.2,10.0,34.92,16:05,7.92,1.9,
2009-09-16,16.2,10.0,34.92,16:05,7.92,1.9,
2009-09-17,15.9,8.7,14.04,16:22,2.16,1.4,
2009-09-17,15.9,8.7,14.04,16:22,2.16,1.4,
2009-09-18,21.3,11.6,18.0,16:29,5.04,0.0,
2009-09-18,21.3,11.6,18.0,16:29,5.04,0.0,
2009-09-19,18.5,7.7,29.16,14:42,7.92,3.8,
2009-09-19,18.5,7.7,29.16,14:42,7.92,3.8,
2009-09-20,20.3,5.2,0.0,,0.0,0.3,
2009-09-20,20.3,5.2,0.0,,0.0,0.3,
2009-09-21,22.4,3.0,29.88,16:27,5.04,0.0,
2009-09-21,22.4,3.0,29.88,16:27,5.04,0.0,
2009-09-22,24.3,10.1,30.96,16:15,6.84,0.0,
2009-09-22,24.3,10.1,30.96,16:15,6.84,0.0,
2009-09-23,29.1,11.7,25.92,17:06,3.96,0.0,
2009-09-23,29.1,11.7,25.92,17:06,3.96,0.0,
2009-09-24,24.3,10.0,29.88,15:17,6.84,0.0,
2009-09-24,24.3,10.0,29.88,15:17,6.84,0.0,
2009-09-25,23.4,10.8,38.16,14:40,10.08,0.0,
2009-09-25,23.4,10.8,38.16,14:40,10.08,0.0,
2009-09-26,23.7,11.9,34.92,15:30,9.0,0.0,
2009-09-26,23.7,11.9,34.92,15:30,9.0,0.0,
2009-09-27,23.7,10.7,33.12,15:31,9.0,0.0,
2009-09-27,23.7,10.7,33.12,15:31,9.0,0.0,
2009-09-28,24.8,8.1,32.04,15:59,7.92,0.0,
2009-09-28,24.8,8.1,32.04,15:59,7.92,0.0,
2009-09-29,28.2,9.2,29.88,14:57,5.04,0.1,
2009-09-29,28.2,9.2,29.88,14:57,5.04,0.1,
2009-09-30,26.2,8.9,21.96,15:17,3.96,0.0,
2009-09-30,26.2,8.9,21.96,15:17,3.96,0.0,
2009-10-01,23.3,12.2,25.92,18:56,5.04,0.0,
2009-10-01,23.3,12.2,25.92,18:56,5.04,0.0,
2009-10-02,22.6,9.7,23.04,16:11,5.04,0.0,
2009-10-02,22.6,9.7,23.04,16:11,5.04,0.0,
2009-10-03,25.2,7.8,24.12,12:20,5.04,23.2,
2009-10-03,25.2,7.8,24.12,12:20,5.04,23.2,
2009-10-04,22.5,16.2,36.0,20:11,10.08,2.8,
2009-10-04,22.5,16.2,36.0,20:11,10.08,2.8,
2009-10-05,21.6,15.5,33.84,14:59,6.12,49.6,
2009-10-05,21.6,15.5,33.84,14:59,6.12,49.6,
2009-10-06,23.4,16.4,42.12,13:14,10.08,14.4,
2009-10-06,23.4,16.4,42.12,13:14,10.08,14.4,
2009-10-07,21.7,15.3,38.16,11:48,9.0,5.0,
2009-10-07,21.7,15.3,38.16,11:48,9.0,5.0,
2009-10-08,20.0,13.9,21.96,02:56,3.96,0.0,
2009-10-08,20.0,13.9,21.96,02:56,3.96,0.0,
2009-10-09,20.5,14.3,24.84,10:39,6.12,2.2,
2009-10-09,20.5,14.3,24.84,10:39,6.12,2.2,
2009-10-10,21.3,13.4,24.84,06:58,6.84,0.4,
2009-10-10,21.3,13.4,24.84,06:58,6.84,0.4,
2009-10-11,24.2,14.3,25.92,17:18,6.84,0.0,
2009-10-11,24.2,14.3,25.92,17:18,6.84,0.0,
2009-10-12,21.9,9.8,30.96,14:33,6.84,0.2,
2009-10-12,21.9,9.8,30.96,14:33,6.84,0.2,
2009-10-13,21.0,6.2,28.08,11:44,7.92,0.0,
2009-10-13,21.0,6.2,28.08,11:44,7.92,0.0,
2009-10-14,21.6,3.7,23.04,16:48,6.84,0.0,
2009-10-14,21.6,3.7,23.04,16:48,6.84,0.0,
2009-10-15,20.3,4.5,36.0,15:05,9.0,0.0,
2009-10-15,20.3,4.5,36.0,15:05,9.0,0.0,
2009-10-16,16.3,0.2,29.16,14:02,6.84,0.0,
2009-10-16,16.3,0.2,29.16,14:02,6.84,0.0,
2009-10-17,19.1,-0.1,25.92,15:58,6.12,0.0,
2009-10-17,19.1,-0.1,25.92,15:58,6.12,0.0,
2009-10-18,21.1,2.9,18.0,08:48,3.96,0.0,
2009-10-18,21.1,2.9,18.0,08:48,3.96,0.0,
2009-10-19,19.8,1.5,41.04,17:06,11.16,1.2,
2009-10-19,19.8,1.5,41.04,17:06,11.16,1.2,
2009-10-20,15.3,7.5,47.88,05:10,9.0,0.0,
2009-10-20,15.3,7.5,47.88,05:10,9.0,0.0,
2009-10-21,12.9,7.4,42.84,13:05,12.96,5.4,
2009-10-21,12.9,7.4,42.84,13:05,12.96,5.4,
2009-10-22,16.1,8.6,38.16,10:54,11.88,0.6,
2009-10-22,16.1,8.6,38.16,10:54,11.88,0.6,
2009-10-23,16.4,10.9,37.08,10:38,14.04,0.2,
2009-10-23,16.4,10.9,37.08,10:38,14.04,0.2,
2009-10-24,18.8,15.7,43.92,09:05,12.96,2.0,
2009-10-24,18.8,15.7,43.92,09:05,12.96,2.0,
2009-10-25,23.6,14.7,18.0,11:13,2.16,0.0,
2009-10-25,23.6,14.7,18.0,11:13,2.16,0.0,
2009-10-26,24.3,11.7,15.12,14:55,2.16,0.0,
2009-10-26,24.3,11.7,15.12,14:55,2.16,0.0,
2009-10-27,22.5,10.1,24.12,14:27,6.12,0.0,
2009-10-27,22.5,10.1,24.12,14:27,6.12,0.0,
2009-10-28,25.7,7.0,18.0,12:16,6.12,0.0,
2009-10-28,25.7,7.0,18.0,12:16,6.12,0.0,
2009-10-29,23.9,11.2,27.0,10:03,6.12,0.2,
2009-10-29,23.9,11.2,27.0,10:03,6.12,0.2,
2009-10-30,20.7,9.9,32.04,12:58,11.16,0.0,
2009-10-30,20.7,9.9,32.04,12:58,11.16,0.0,
2009-10-31,20.7,14.7,23.04,23:10,6.12,0.0,
2009-10-31,20.7,14.7,23.04,23:10,6.12,0.0,
2009-11-01,18.2,8.6,34.92,12:27,11.16,14.2,
2009-11-01,18.2,8.6,34.92,12:27,11.16,14.2,
2009-11-02,14.5,7.1,32.04,14:27,7.92,1.2,
2009-11-02,14.5,7.1,32.04,14:27,7.92,1.2,
2009-11-03,15.7,10.5,46.08,16:17,11.88,4.4,
2009-11-03,15.7,10.5,46.08,16:17,11.88,4.4,
2009-11-04,12.7,8.0,41.04,16:34,12.96,10.6,
2009-11-04,12.7,8.0,41.04,16:34,12.96,10.6,
2009-11-05,10.2,6.2,41.04,04:29,2.88,14.0,
2009-11-05,10.2,6.2,41.04,04:29,2.88,14.0,
2009-11-06,15.3,8.8,27.0,23:07,10.08,0.6,
2009-11-06,15.3,8.8,27.0,23:07,10.08,0.6,
2009-11-07,10.8,7.1,42.84,08:20,11.88,12.0,
2009-11-07,10.8,7.1,42.84,08:20,11.88,12.0,
2009-11-08,13.3,5.8,33.12,12:13,6.12,0.4,
2009-11-08,13.3,5.8,33.12,12:13,6.12,0.4,
2009-11-09,12.5,6.1,14.04,23:07,2.16,4.0,
2009-11-09,12.5,6.1,14.04,23:07,2.16,4.0,
2009-11-10,14.5,10.2,33.12,15:36,10.08,0.4,
2009-11-10,14.5,10.2,33.12,15:36,10.08,0.4,
2009-11-11,17.5,11.7,57.96,14:05,15.12,16.0,
2009-11-11,17.5,11.7,57.96,14:05,15.12,16.0,
2009-11-12,16.8,12.1,45.0,12:05,15.84,0.0,
2009-11-12,16.8,12.1,45.0,12:05,15.84,0.0,
2009-11-13,18.2,9.2,70.92,15:39,20.16,27.0,
2009-11-13,18.2,9.2,70.92,15:39,20.16,27.0,
2009-11-14,14.3,8.7,50.04,16:43,14.04,9.8,
2009-11-14,14.3,8.7,50.04,16:43,14.04,9.8,
2009-11-15,15.4,10.1,42.84,13:54,9.0,51.8,
2009-11-15,15.4,10.1,42.84,13:54,9.0,51.8,
2009-11-16,13.5,8.9,33.12,02:22,6.12,18.0,
2009-11-16,13.5,8.9,33.12,02:22,6.12,18.0,
2009-11-17,14.5,3.5,19.08,14:07,2.88,0.2,
2009-11-17,14.5,3.5,19.08,14:07,2.88,0.2,
2009-11-18,14.1,-0.3,19.08,13:58,3.96,0.0,
2009-11-18,14.1,-0.3,19.08,13:58,3.96,0.0,
2009-11-19,16.7,2.8,43.92,23:02,9.0,0.0,
2009-11-19,16.7,2.8,43.92,23:02,9.0,0.0,
2009-11-20,14.9,12.0,59.04,06:40,16.92,1.4,
2009-11-20,14.9,12.0,59.04,06:40,16.92,1.4,
2009-11-21,15.1,8.1,63.0,13:38,18.0,7.0,
2009-11-21,15.1,8.1,63.0,13:38,18.0,7.0,
2009-11-22,12.6,7.9,56.88,08:12,16.92,1.8,
2009-11-22,12.6,7.9,56.88,08:12,16.92,1.8,
2009-11-23,13.1,9.0,33.12,11:56,12.96,0.2,
2009-11-23,13.1,9.0,33.12,11:56,12.96,0.2,
2009-11-24,14.2,7.0,42.12,19:34,11.88,0.0,
2009-11-24,14.2,7.0,42.12,19:34,11.88,0.0,
2009-11-25,11.4,5.9,47.88,04:23,10.08,2.8,
2009-11-25,11.4,5.9,47.88,04:23,10.08,2.8,
2009-11-26,11.9,4.2,30.96,13:02,11.16,7.2,
2009-11-26,11.9,4.2,30.96,13:02,11.16,7.2,
2009-11-27,10.7,7.3,33.12,22:54,9.0,1.0,
2009-11-27,10.7,7.3,33.12,22:54,9.0,1.0,
2009-11-28,11.1,6.2,56.88,14:30,19.08,18.3,
2009-11-28,11.1,6.2,56.88,14:30,19.08,18.3,
2009-11-29,7.8,2.8,37.08,05:13,14.04,14.8,
2009-11-29,7.8,2.8,37.08,05:13,14.04,14.8,
2009-11-30,9.2,2.2,33.84,13:47,1.08,9.6,
2009-11-30,9.2,2.2,33.84,13:47,1.08,9.6,
2009-12-01,11.6,3.6,37.08,16:00,9.0,4.6,
2009-12-01,11.6,3.6,37.08,16:00,9.0,4.6,
2009-12-02,11.5,6.5,50.04,13:07,18.0,13.4,
2009-12-02,11.5,6.5,50.04,13:07,18.0,13.4,
2009-12-03,10.5,6.0,29.16,14:32,6.84,2.4,
2009-12-03,10.5,6.0,29.16,14:32,6.84,2.4,
2009-12-04,10.6,7.4,46.08,21:16,12.96,1.6,
2009-12-04,10.6,7.4,46.08,21:16,12.96,1.6,
2009-12-05,13.8,9.9,51.84,12:24,16.92,46.8,
2009-12-05,13.8,9.9,51.84,12:24,16.92,46.8,
2009-12-06,13.1,7.6,50.04,00:28,6.84,35.4,
2009-12-06,13.1,7.6,50.04,00:28,6.84,35.4,
2009-12-07,10.2,5.9,39.96,13:48,12.96,0.4,
2009-12-07,10.2,5.9,39.96,13:48,12.96,0.4,
2009-12-08,12.1,9.0,39.96,11:04,10.08,0.6,
2009-12-08,12.1,9.0,39.96,11:04,10.08,0.6,
2009-12-09,16.2,9.6,33.12,11:25,6.84,0.0,
2009-12-09,16.2,9.6,33.12,11:25,6.84,0.0,
2009-12-10,16.0,4.7,11.88,18:52,2.16,0.2,
2009-12-10,16.0,4.7,11.88,18:52,2.16,0.2,
2009-12-11,8.5,0.2,2.88,Varias,2.88,0.4,
2009-12-11,8.5,0.2,2.88,Varias,2.88,0.4,
2009-12-12,9.2,-1.6,27.0,22:47,2.88,0.0,
2009-12-12,9.2,-1.6,27.0,22:47,2.88,0.0,
2009-12-13,9.0,1.3,41.04,11:35,7.92,0.6,
2009-12-13,9.0,1.3,41.04,11:35,7.92,0.6,
2009-12-14,5.7,0.5,38.16,15:13,7.92,0.6,
2009-12-14,5.7,0.5,38.16,15:13,7.92,0.6,
2009-12-15,7.8,-3.6,36.0,11:24,2.16,1.4,
2009-12-15,7.8,-3.6,36.0,11:24,2.16,1.4,
2009-12-16,4.3,-3.7,18.0,06:37,2.88,42.4,
2009-12-16,4.3,-3.7,18.0,06:37,2.88,42.4,
2009-12-17,8.4,-1.9,19.08,13:19,2.88,4.6,
2009-12-17,8.4,-1.9,19.08,13:19,2.88,4.6,
2009-12-18,7.8,-2.2,42.12,14:38,6.12,0.0,
2009-12-18,7.8,-2.2,42.12,14:38,6.12,0.0,
2009-12-19,5.3,-4.1,24.12,15:21,2.88,0.2,
2009-12-19,5.3,-4.1,24.12,15:21,2.88,0.2,
2009-12-20,5.3,-8.0,29.88,14:17,6.84,5.0,
2009-12-20,5.3,-8.0,29.88,14:17,6.84,5.0,
2009-12-21,10.2,-2.6,55.08,19:04,15.84,21.6,
2009-12-21,10.2,-2.6,55.08,19:04,15.84,21.6,
2009-12-22,7.5,2.3,38.16,17:31,3.96,5.6,
2009-12-22,7.5,2.3,38.16,17:31,3.96,5.6,
2009-12-23,9.0,1.5,24.12,00:33,2.88,3.2,
2009-12-23,9.0,1.5,24.12,00:33,2.88,3.2,
2009-12-24,11.5,2.6,55.08,07:08,7.92,10.4,
2009-12-24,11.5,2.6,55.08,07:08,7.92,10.4,
2009-12-25,8.4,-2.3,24.84,04:17,5.04,7.2,
2009-12-25,8.4,-2.3,24.84,04:17,5.04,7.2,
2009-12-26,9.2,-4.1,21.96,22:52,2.16,1.2,
2009-12-26,9.2,-4.1,21.96,22:52,2.16,1.2,
2009-12-27,10.7,3.8,56.16,21:03,14.04,3.0,
2009-12-27,10.7,3.8,56.16,21:03,14.04,3.0,
2009-12-28,14.8,9.5,51.84,00:29,12.96,5.8,
2009-12-28,14.8,9.5,51.84,00:29,12.96,5.8,
2009-12-29,14.0,7.9,51.84,12:43,15.12,2.0,
2009-12-29,14.0,7.9,51.84,12:43,15.12,2.0,
2009-12-30,9.8,6.1,61.92,06:20,12.96,5.8,
2009-12-30,9.8,6.1,61.92,06:20,12.96,5.8,
2009-12-31,6.8,2.2,37.08,21:22,10.08,1.4,
2009-12-31,6.8,2.2,37.08,21:22,10.08,1.4,
2010-01-01,7.2,2.0,36.0,02:41,6.12,1.8,
2010-01-01,7.2,2.0,36.0,02:41,6.12,1.8,
2010-01-02,11.2,5.7,42.12,22:30,10.08,4.8,
2010-01-02,11.2,5.7,42.12,22:30,10.08,4.8,
2010-01-03,13.4,3.3,39.96,01:11,9.0,8.0,
2010-01-03,13.4,3.3,39.96,01:11,9.0,8.0,
2010-01-04,10.4,-0.8,25.92,22:34,2.16,13.4,
2010-01-04,10.4,-0.8,25.92,22:34,2.16,13.4,
2010-01-05,7.4,-0.1,33.12,08:35,6.12,5.2,
2010-01-05,7.4,-0.1,33.12,08:35,6.12,5.2,
2010-01-06,4.1,-0.8,21.96,11:56,2.88,2.2,
2010-01-06,4.1,-0.8,21.96,11:56,2.88,2.2,
2010-01-07,4.2,-1.9,33.12,13:26,5.04,3.4,
2010-01-07,4.2,-1.9,33.12,13:26,5.04,3.4,
2010-01-08,4.9,-2.7,32.04,13:38,3.96,5.2,
2010-01-08,4.9,-2.7,32.04,13:38,3.96,5.2,
2010-01-09,4.2,-4.6,6.12,02:23,2.88,4.0,
2010-01-09,4.2,-4.6,6.12,02:23,2.88,4.0,
2010-01-10,1.0,-9.2,0.0,,0.0,0.6,
2010-01-10,1.0,-9.2,0.0,,0.0,0.6,
2010-01-11,6.5,-2.0,42.12,22:04,0.0,9.0,
2010-01-11,6.5,-2.0,42.12,22:04,0.0,9.0,
2010-01-12,10.6,5.1,54.0,06:55,24.12,25.2,
2010-01-12,10.6,5.1,54.0,06:55,24.12,25.2,
2010-01-13,10.7,5.9,37.08,22:24,11.88,25.4,
2010-01-13,10.7,5.9,37.08,22:24,11.88,25.4,
2010-01-14,10.9,5.1,100.08,03:11,10.08,9.4,
2010-01-14,10.9,5.1,100.08,03:11,10.08,9.4,
2010-01-15,10.9,4.3,48.96,16:28,15.12,1.4,
2010-01-15,10.9,4.3,48.96,16:28,15.12,1.4,
2010-01-16,12.4,9.8,48.96,02:26,14.04,6.8,
2010-01-16,12.4,9.8,48.96,02:26,14.04,6.8,
2010-01-17,11.8,8.0,15.12,13:54,3.96,1.4,
2010-01-17,11.8,8.0,15.12,13:54,3.96,1.4,
2010-01-18,16.1,6.5,27.0,13:51,5.04,0.4,
2010-01-18,16.1,6.5,27.0,13:51,5.04,0.4,
2010-01-19,13.1,8.1,52.92,13:32,14.04,3.2,
2010-01-19,13.1,8.1,52.92,13:32,14.04,3.2,
2010-01-20,10.9,4.8,38.88,09:46,7.92,0.8,
2010-01-20,10.9,4.8,38.88,09:46,7.92,0.8,
2010-01-21,12.4,6.4,36.0,12:03,15.12,0.0,
2010-01-21,12.4,6.4,36.0,12:03,15.12,0.0,
2010-01-22,12.9,8.4,37.08,02:35,6.84,6.4,
2010-01-22,12.9,8.4,37.08,02:35,6.84,6.4,
2010-01-23,12.0,5.4,20.88,23:13,2.88,0.8,
2010-01-23,12.0,5.4,20.88,23:13,2.88,0.8,
2010-01-24,10.5,-0.1,33.12,14:03,6.84,0.0,
2010-01-24,10.5,-0.1,33.12,14:03,6.84,0.0,
2010-01-25,10.1,-1.2,28.08,11:58,6.84,0.0,
2010-01-25,10.1,-1.2,28.08,11:58,6.84,0.0,
2010-01-26,9.5,-0.3,45.0,16:15,14.04,0.8,
2010-01-26,9.5,-0.3,45.0,16:15,14.04,0.8,
2010-01-27,7.6,1.0,42.84,13:20,12.96,0.0,
2010-01-27,7.6,1.0,42.84,13:20,12.96,0.0,
2010-01-28,8.8,-3.6,19.08,11:37,3.96,1.6,
2010-01-28,8.8,-3.6,19.08,11:37,3.96,1.6,
2010-01-29,9.8,4.8,37.08,12:42,10.08,4.8,
2010-01-29,9.8,4.8,37.08,12:42,10.08,4.8,
2010-01-30,8.7,2.3,39.96,14:59,9.0,0.2,
2010-01-30,8.7,2.3,39.96,14:59,9.0,0.2,
2010-01-31,9.9,1.1,32.04,12:37,10.08,1.8,
2010-01-31,9.9,1.1,32.04,12:37,10.08,1.8,
2010-02-01,10.3,-1.5,16.92,15:30,5.04,0.4,
2010-02-01,10.3,-1.5,16.92,15:30,5.04,0.4,
2010-02-02,12.4,-4.5,27.0,11:08,6.12,0.2,
2010-02-02,12.4,-4.5,27.0,11:08,6.12,0.2,
2010-02-03,12.6,-3.7,29.88,13:58,6.84,0.0,
2010-02-03,12.6,-3.7,29.88,13:58,6.84,0.0,
2010-02-04,12.2,4.7,54.0,15:18,15.84,13.8,
2010-02-04,12.2,4.7,54.0,15:18,15.84,13.8,
2010-02-05,10.3,4.4,59.04,11:44,20.16,3.2,
2010-02-05,10.3,4.4,59.04,11:44,20.16,3.2,
2010-02-06,10.7,7.6,29.88,00:21,6.84,1.6,
2010-02-06,10.7,7.6,29.88,00:21,6.84,1.6,
2010-02-07,13.3,4.4,24.12,15:33,6.12,1.2,
2010-02-07,13.3,4.4,24.12,15:33,6.12,1.2,
2010-02-08,11.4,7.2,23.04,00:26,6.12,1.0,
2010-02-08,11.4,7.2,23.04,00:26,6.12,1.0,
2010-02-09,10.1,-1.1,36.0,14:21,6.12,0.0,
2010-02-09,10.1,-1.1,36.0,14:21,6.12,0.0,
2010-02-10,7.2,-2.6,24.12,21:25,3.96,0.6,
2010-02-10,7.2,-2.6,24.12,21:25,3.96,0.6,
2010-02-11,6.4,-2.6,36.0,15:27,5.04,0.0,
2010-02-11,6.4,-2.6,36.0,15:27,5.04,0.0,
2010-02-12,8.6,-4.2,43.92,14:10,9.0,0.0,
2010-02-12,8.6,-4.2,43.92,14:10,9.0,0.0,
2010-02-13,7.3,-2.1,41.04,12:50,6.84,0.0,
2010-02-13,7.3,-2.1,41.04,12:50,6.84,0.0,
2010-02-14,7.8,-5.4,36.0,10:12,6.12,0.0,
2010-02-14,7.8,-5.4,36.0,10:12,6.12,0.0,
2010-02-15,8.7,-1.3,41.04,15:00,9.0,0.0,
2010-02-15,8.7,-1.3,41.04,15:00,9.0,0.0,
2010-02-16,8.6,-2.0,24.12,16:22,5.04,0.8,
2010-02-16,8.6,-2.0,24.12,16:22,5.04,0.8,
2010-02-17,11.2,3.8,33.12,16:54,3.96,2.4,
2010-02-17,11.2,3.8,33.12,16:54,3.96,2.4,
2010-02-18,11.0,0.8,29.16,10:29,7.92,0.0,
2010-02-18,11.0,0.8,29.16,10:29,7.92,0.0,
2010-02-19,8.7,-1.9,30.96,12:29,2.88,2.0,
2010-02-19,8.7,-1.9,30.96,12:29,2.88,2.0,
2010-02-20,8.7,2.0,36.0,12:35,11.88,1.0,
2010-02-20,8.7,2.0,36.0,12:35,11.88,1.0,
2010-02-21,13.3,3.7,69.12,15:00,24.12,3.2,
2010-02-21,13.3,3.7,69.12,15:00,24.12,3.2,
2010-02-22,11.5,7.4,68.04,17:31,19.08,19.2,
2010-02-22,11.5,7.4,68.04,17:31,19.08,19.2,
2010-02-23,11.7,6.5,52.92,16:40,15.84,12.8,
2010-02-23,11.7,6.5,52.92,16:40,15.84,12.8,
2010-02-24,11.7,5.9,60.84,16:12,20.16,13.8,
2010-02-24,11.7,5.9,60.84,16:12,20.16,13.8,
2010-02-25,13.5,6.9,88.92,12:31,30.96,16.0,
2010-02-25,13.5,6.9,88.92,12:31,30.96,16.0,
2010-02-26,12.3,3.4,42.84,14:34,11.16,8.0,
2010-02-26,12.3,3.4,42.84,14:34,11.16,8.0,
2010-02-27,15.8,5.4,79.92,19:13,20.16,6.2,
2010-02-27,15.8,5.4,79.92,19:13,20.16,6.2,
2010-02-28,9.9,4.1,37.08,00:00,7.92,3.2,
2010-02-28,9.9,4.1,37.08,00:00,7.92,3.2,
2010-03-01,11.6,4.1,45.0,14:22,15.84,3.2,
2010-03-01,11.6,4.1,45.0,14:22,15.84,3.2,
2010-03-02,17.7,-0.9,48.96,22:29,3.96,2.4,
2010-03-02,17.7,-0.9,48.96,22:29,3.96,2.4,
2010-03-03,11.4,7.3,21.96,12:45,7.92,2.0,
2010-03-03,11.4,7.3,21.96,12:45,7.92,2.0,
2010-03-04,13.1,3.2,24.84,17:16,9.0,1.0,
2010-03-04,13.1,3.2,24.84,17:16,9.0,1.0,
2010-03-05,12.3,0.2,34.92,11:10,7.92,0.4,
2010-03-05,12.3,0.2,34.92,11:10,7.92,0.4,
2010-03-06,13.6,2.6,20.16,13:08,3.96,5.2,
2010-03-06,13.6,2.6,20.16,13:08,3.96,5.2,
2010-03-07,8.9,0.6,36.0,16:09,6.84,3.2,
2010-03-07,8.9,0.6,36.0,16:09,6.84,3.2,
2010-03-08,8.2,-1.8,47.88,11:06,6.12,0.0,
2010-03-08,8.2,-1.8,47.88,11:06,6.12,0.0,
2010-03-09,10.1,-2.2,38.88,15:40,6.84,0.0,
2010-03-09,10.1,-2.2,38.88,15:40,6.84,0.0,
2010-03-10,10.1,-3.6,42.12,13:25,9.0,0.0,
2010-03-10,10.1,-3.6,42.12,13:25,9.0,0.0,
2010-03-11,10.2,-3.4,46.08,10:43,7.92,0.0,
2010-03-11,10.2,-3.4,46.08,10:43,7.92,0.0,
2010-03-12,11.7,-1.5,39.96,17:41,9.0,0.0,
2010-03-12,11.7,-1.5,39.96,17:41,9.0,0.0,
2010-03-13,10.5,-0.8,37.08,14:37,3.96,1.0,
2010-03-13,10.5,-0.8,37.08,14:37,3.96,1.0,
2010-03-14,13.0,-2.0,33.84,12:27,6.84,0.0,
2010-03-14,13.0,-2.0,33.84,12:27,6.84,0.0,
2010-03-15,17.8,-4.2,16.92,15:21,1.08,0.0,
2010-03-15,17.8,-4.2,16.92,15:21,1.08,0.0,
2010-03-16,18.5,-3.2,32.04,12:53,6.12,0.0,
2010-03-16,18.5,-3.2,32.04,12:53,6.12,0.0,
2010-03-17,21.2,-1.6,45.0,15:39,9.0,0.2,
2010-03-17,21.2,-1.6,45.0,15:39,9.0,0.2,
2010-03-18,19.0,6.9,55.08,17:07,15.12,4.2,
2010-03-18,19.0,6.9,55.08,17:07,15.12,4.2,
2010-03-19,17.4,11.2,54.0,09:37,20.16,4.2,
2010-03-19,17.4,11.2,54.0,09:37,20.16,4.2,
2010-03-20,17.5,9.4,41.04,14:47,11.88,13.2,
2010-03-20,17.5,9.4,41.04,14:47,11.88,13.2,
2010-03-21,16.7,5.0,20.88,18:47,6.84,0.0,
2010-03-21,16.7,5.0,20.88,18:47,6.84,0.0,
2010-03-22,18.9,4.3,25.92,14:26,6.12,0.0,
2010-03-22,18.9,4.3,25.92,14:26,6.12,0.0,
2010-03-23,18.1,3.3,48.96,23:17,3.96,0.4,
2010-03-23,18.1,3.3,48.96,23:17,3.96,0.4,
2010-03-24,15.1,8.6,45.0,10:45,15.84,8.2,
2010-03-24,15.1,8.6,45.0,10:45,15.84,8.2,
2010-03-25,11.3,4.0,70.92,10:33,14.04,23.6,
2010-03-25,11.3,4.0,70.92,10:33,14.04,23.6,
2010-03-26,10.5,5.0,61.92,15:19,18.0,6.2,
2010-03-26,10.5,5.0,61.92,15:19,18.0,6.2,
2010-03-27,15.0,6.9,54.0,13:08,16.92,0.0,
2010-03-27,15.0,6.9,54.0,13:08,16.92,0.0,
2010-03-28,17.7,3.2,36.0,15:06,5.04,0.0,
2010-03-28,17.7,3.2,36.0,15:06,5.04,0.0,
2010-03-29,13.8,5.8,70.92,15:23,24.84,14.4,
2010-03-29,13.8,5.8,70.92,15:23,24.84,14.4,
2010-03-30,10.4,5.7,54.0,01:57,14.04,1.6,
2010-03-30,10.4,5.7,54.0,01:57,14.04,1.6,
2010-03-31,10.2,2.0,48.96,08:08,12.96,7.8,
2010-03-31,10.2,2.0,48.96,08:08,12.96,7.8,
2010-04-01,11.0,1.9,38.88,14:45,11.88,0.0,
2010-04-01,11.0,1.9,38.88,14:45,11.88,0.0,
2010-04-02,12.5,5.7,59.04,15:37,23.04,6.8,
2010-04-02,12.5,5.7,59.04,15:37,23.04,6.8,
2010-04-05,19.7,-1.0,33.84,12:51,6.12,0.0,
2010-04-05,19.7,-1.0,33.84,12:51,6.12,0.0,
2010-04-06,19.5,0.8,38.88,10:40,11.16,0.6,
2010-04-06,19.5,0.8,38.88,10:40,11.16,0.6,
2010-04-07,15.8,3.0,38.88,15:17,10.08,0.4,
2010-04-07,15.8,3.0,38.88,15:17,10.08,0.4,
2010-04-08,17.7,0.5,32.04,17:37,9.0,0.0,
2010-04-08,17.7,0.5,32.04,17:37,9.0,0.0,
2010-04-09,20.8,4.1,28.08,17:40,5.04,0.0,
2010-04-09,20.8,4.1,28.08,17:40,5.04,0.0,
2010-04-10,24.3,3.6,32.04,16:15,6.84,0.0,
2010-04-10,24.3,3.6,32.04,16:15,6.84,0.0,
2010-04-11,19.5,3.2,47.16,15:01,10.08,0.0,
2010-04-11,19.5,3.2,47.16,15:01,10.08,0.0,
2010-04-12,14.9,5.2,52.92,17:04,15.12,0.0,
2010-04-12,14.9,5.2,52.92,17:04,15.12,0.0,
2010-04-13,15.7,0.9,48.96,12:50,11.16,0.0,
2010-04-13,15.7,0.9,48.96,12:50,11.16,0.0,
2010-04-14,16.7,1.8,43.92,13:42,11.16,2.4,
2010-04-14,16.7,1.8,43.92,13:42,11.16,2.4,
2010-04-15,19.2,6.4,34.92,15:27,6.84,9.2,
2010-04-15,19.2,6.4,34.92,15:27,6.84,9.2,
2010-04-16,19.6,7.1,32.04,15:29,6.12,3.4,
2010-04-16,19.6,7.1,32.04,15:29,6.12,3.4,
2010-04-17,20.2,7.7,29.16,13:35,2.16,3.2,
2010-04-17,20.2,7.7,29.16,13:35,2.16,3.2,
2010-04-18,19.5,6.7,25.92,10:08,6.84,16.0,
2010-04-18,19.5,6.7,25.92,10:08,6.84,16.0,
2010-04-19,21.0,7.4,24.84,17:42,6.12,0.2,
2010-04-19,21.0,7.4,24.84,17:42,6.12,0.2,
2010-04-20,22.1,6.4,27.0,11:11,6.84,0.4,
2010-04-20,22.1,6.4,27.0,11:11,6.84,0.4,
2010-04-21,18.3,11.0,21.96,14:08,5.04,6.0,
2010-04-21,18.3,11.0,21.96,14:08,5.04,6.0,
2010-04-22,21.0,9.4,24.12,13:20,5.04,4.2,
2010-04-22,21.0,9.4,24.12,13:20,5.04,4.2,
2010-04-23,18.0,9.4,20.16,14:12,7.92,0.2,
2010-04-23,18.0,9.4,20.16,14:12,7.92,0.2,
2010-04-24,21.1,6.6,29.88,16:21,7.92,0.4,
2010-04-24,21.1,6.6,29.88,16:21,7.92,0.4,
2010-04-25,21.3,9.2,25.92,17:09,7.92,0.0,
2010-04-25,21.3,9.2,25.92,17:09,7.92,0.0,
2010-04-26,27.4,7.6,29.16,17:17,7.92,0.0,
2010-04-26,27.4,7.6,29.16,17:17,7.92,0.0,
2010-04-27,28.5,6.8,24.84,16:30,5.04,0.0,
2010-04-27,28.5,6.8,24.84,16:30,5.04,0.0,
2010-04-28,28.9,7.9,38.88,15:16,7.92,8.2,
2010-04-28,28.9,7.9,38.88,15:16,7.92,8.2,
2010-04-29,21.1,9.5,30.96,17:24,7.92,0.0,
2010-04-29,21.1,9.5,30.96,17:24,7.92,0.0,
2010-04-30,17.5,10.3,25.92,14:42,3.96,1.2,
2010-04-30,17.5,10.3,25.92,14:42,3.96,1.2,
2010-05-01,18.7,9.7,25.92,15:57,9.0,0.0,
2010-05-01,18.7,9.7,25.92,15:57,9.0,0.0,
2010-05-02,15.4,6.9,33.12,16:31,7.92,1.2,
2010-05-02,15.4,6.9,33.12,16:31,7.92,1.2,
2010-05-03,12.7,3.0,47.88,13:45,11.16,3.4,
2010-05-03,12.7,3.0,47.88,13:45,11.16,3.4,
2010-05-04,11.4,3.0,47.88,12:41,15.84,0.8,
2010-05-04,11.4,3.0,47.88,12:41,15.84,0.8,
2010-05-05,12.1,2.3,42.12,12:50,11.16,0.0,
2010-05-05,12.1,2.3,42.12,12:50,11.16,0.0,
2010-05-06,16.2,-0.4,29.88,14:49,6.84,2.2,
2010-05-06,16.2,-0.4,29.88,14:49,6.84,2.2,
2010-05-07,15.8,6.4,30.96,13:54,3.96,3.0,
2010-05-07,15.8,6.4,30.96,13:54,3.96,3.0,
2010-05-08,13.9,6.9,28.08,12:09,2.88,14.0,
2010-05-08,13.9,6.9,28.08,12:09,2.88,14.0,
2010-05-09,14.1,7.5,59.04,15:58,20.88,4.2,
2010-05-09,14.1,7.5,59.04,15:58,20.88,4.2,
2010-05-10,14.3,7.8,48.96,01:39,15.84,2.2,
2010-05-10,14.3,7.8,48.96,01:39,15.84,2.2,
2010-05-11,12.7,6.3,29.88,16:01,5.04,0.0,
2010-05-11,12.7,6.3,29.88,16:01,5.04,0.0,
2010-05-12,12.4,3.1,32.04,18:59,7.92,0.0,
2010-05-12,12.4,3.1,32.04,18:59,7.92,0.0,
2010-05-13,14.4,-0.2,32.04,13:10,7.92,2.0,
2010-05-13,14.4,-0.2,32.04,13:10,7.92,2.0,
2010-05-14,14.5,4.9,42.84,14:15,11.16,5.0,
2010-05-14,14.5,4.9,42.84,14:15,11.16,5.0,
2010-05-15,14.3,3.7,27.0,18:30,5.04,0.0,
2010-05-15,14.3,3.7,27.0,18:30,5.04,0.0,
2010-05-16,17.6,0.9,33.12,17:59,9.0,0.0,
2010-05-16,17.6,0.9,33.12,17:59,9.0,0.0,
2010-05-17,22.7,2.3,28.08,15:47,7.92,0.0,
2010-05-17,22.7,2.3,28.08,15:47,7.92,0.0,
2010-05-18,25.8,5.6,24.84,16:17,6.12,0.0,
2010-05-18,25.8,5.6,24.84,16:17,6.12,0.0,
2010-05-19,23.3,8.7,36.0,14:43,9.0,0.0,
2010-05-19,23.3,8.7,36.0,14:43,9.0,0.0,
2010-05-20,24.9,6.9,36.0,14:31,9.0,0.0,
2010-05-20,24.9,6.9,36.0,14:31,9.0,0.0,
2010-05-21,29.6,6.8,28.08,16:39,6.12,0.0,
2010-05-21,29.6,6.8,28.08,16:39,6.12,0.0,
2010-05-22,30.8,8.9,32.04,17:21,5.04,0.0,
2010-05-22,30.8,8.9,32.04,17:21,5.04,0.0,
2010-05-23,28.5,9.9,28.08,13:29,6.12,0.0,
2010-05-23,28.5,9.9,28.08,13:29,6.12,0.0,
2010-05-24,25.9,11.3,47.88,14:36,10.08,0.8,
2010-05-24,25.9,11.3,47.88,14:36,10.08,0.8,
2010-05-25,19.0,11.3,56.88,12:54,15.12,4.0,
2010-05-25,19.0,11.3,56.88,12:54,15.12,4.0,
2010-05-26,16.6,11.0,37.08,09:51,7.92,0.4,
2010-05-26,16.6,11.0,37.08,09:51,7.92,0.4,
2010-05-27,18.8,10.5,21.96,15:52,5.04,1.4,
2010-05-27,18.8,10.5,21.96,15:52,5.04,1.4,
2010-05-28,19.3,9.7,19.08,19:14,6.12,0.0,
2010-05-28,19.3,9.7,19.08,19:14,6.12,0.0,
2010-05-29,20.5,11.7,36.0,11:08,11.16,0.0,
2010-05-29,20.5,11.7,36.0,11:08,11.16,0.0,
2010-05-30,25.6,12.5,24.12,08:13,7.92,0.0,
2010-05-30,25.6,12.5,24.12,08:13,7.92,0.0,
2010-05-31,27.9,12.2,32.04,15:52,6.84,0.0,
2010-05-31,27.9,12.2,32.04,15:52,6.84,0.0,
2010-06-01,23.0,12.8,24.12,18:14,6.12,0.2,
2010-06-01,23.0,12.8,24.12,18:14,6.12,0.2,
2010-06-02,23.9,12.3,29.16,14:13,9.0,0.0,
2010-06-02,23.9,12.3,29.16,14:13,9.0,0.0,
2010-06-03,29.7,12.7,36.0,15:45,9.0,0.0,
2010-06-03,29.7,12.7,36.0,15:45,9.0,0.0,
2010-06-04,25.6,8.9,32.04,18:11,9.0,0.0,
2010-06-04,25.6,8.9,32.04,18:11,9.0,0.0,
2010-06-05,18.0,13.5,20.88,13:31,6.84,0.0,
2010-06-05,18.0,13.5,20.88,13:31,6.84,0.0,
2010-06-06,21.3,8.9,28.08,15:30,9.0,0.0,
2010-06-06,21.3,8.9,28.08,15:30,9.0,0.0,
2010-06-07,22.3,6.8,43.92,14:38,15.12,0.0,
2010-06-07,22.3,6.8,43.92,14:38,15.12,0.0,
2010-06-08,14.7,12.4,33.12,14:23,11.16,19.8,
2010-06-08,14.7,12.4,33.12,14:23,11.16,19.8,
2010-06-09,13.5,11.3,20.16,23:37,5.04,45.0,
2010-06-09,13.5,11.3,20.16,23:37,5.04,45.0,
2010-06-10,13.6,11.0,38.88,17:22,15.12,23.8,
2010-06-10,13.6,11.0,38.88,17:22,15.12,23.8,
2010-06-11,15.0,12.0,29.88,10:43,9.0,12.8,
2010-06-11,15.0,12.0,29.88,10:43,9.0,12.8,
2010-06-12,15.8,10.7,24.12,12:31,3.96,0.4,
2010-06-12,15.8,10.7,24.12,12:31,3.96,0.4,
2010-06-13,15.4,9.9,29.88,20:54,9.0,0.0,
2010-06-13,15.4,9.9,29.88,20:54,9.0,0.0,
2010-06-14,17.2,8.4,36.0,11:08,9.0,0.8,
2010-06-14,17.2,8.4,36.0,11:08,9.0,0.8,
2010-06-15,17.6,10.4,36.0,11:29,11.88,1.8,
2010-06-15,17.6,10.4,36.0,11:29,11.88,1.8,
2010-06-16,16.7,7.2,38.88,13:32,11.16,0.4,
2010-06-16,16.7,7.2,38.88,13:32,11.16,0.4,
2010-06-17,18.4,5.3,32.04,12:42,10.08,0.0,
2010-06-17,18.4,5.3,32.04,12:42,10.08,0.0,
2010-06-18,21.0,6.3,38.88,15:02,11.88,0.0,
2010-06-18,21.0,6.3,38.88,15:02,11.88,0.0,
2010-06-19,20.9,9.8,30.96,16:32,7.92,0.0,
2010-06-19,20.9,9.8,30.96,16:32,7.92,0.0,
2010-06-20,21.3,9.0,45.0,15:36,11.16,0.0,
2010-06-20,21.3,9.0,45.0,15:36,11.16,0.0,
2010-06-21,23.2,4.9,29.88,18:55,10.08,0.0,
2010-06-21,23.2,4.9,29.88,18:55,10.08,0.0,
2010-06-22,29.2,8.7,23.04,17:09,7.92,0.0,
2010-06-22,29.2,8.7,23.04,17:09,7.92,0.0,
2010-06-23,29.4,9.4,23.04,14:34,6.84,0.0,
2010-06-23,29.4,9.4,23.04,14:34,6.84,0.0,
2010-06-24,27.5,10.9,28.08,15:35,9.0,0.0,
2010-06-24,27.5,10.9,28.08,15:35,9.0,0.0,
2010-06-25,29.6,12.4,33.12,15:07,5.04,64.0,
2010-06-25,29.6,12.4,33.12,15:07,5.04,64.0,
2010-06-26,27.4,13.0,27.0,14:58,6.84,0.0,
2010-06-26,27.4,13.0,27.0,14:58,6.84,0.0,
2010-06-27,24.8,11.8,32.04,15:05,10.08,0.0,
2010-06-27,24.8,11.8,32.04,15:05,10.08,0.0,
2010-06-28,26.9,10.8,28.08,17:29,6.84,0.0,
2010-06-28,26.9,10.8,28.08,17:29,6.84,0.0,
2010-06-29,26.4,12.4,24.84,17:20,7.92,0.0,
2010-06-29,26.4,12.4,24.84,17:20,7.92,0.0,
2010-06-30,30.3,15.4,15.84,15:13,6.12,0.0,
2010-06-30,30.3,15.4,15.84,15:13,6.12,0.0,
2010-07-01,30.7,14.5,29.88,16:36,6.84,0.0,
2010-07-01,30.7,14.5,29.88,16:36,6.84,0.0,
2010-07-02,19.3,13.3,24.84,23:02,5.04,1.8,
2010-07-02,19.3,13.3,24.84,23:02,5.04,1.8,
2010-07-03,19.6,14.7,32.04,13:34,11.16,0.0,
2010-07-03,19.6,14.7,32.04,13:34,11.16,0.0,
2010-07-04,23.4,15.9,33.84,16:51,12.96,0.0,
2010-07-04,23.4,15.9,33.84,16:51,12.96,0.0,
2010-07-05,23.3,14.7,38.88,18:22,14.04,0.0,
2010-07-05,23.3,14.7,38.88,18:22,14.04,0.0,
2010-07-06,22.8,14.2,36.0,17:11,11.16,0.0,
2010-07-06,22.8,14.2,36.0,17:11,11.16,0.0,
2010-07-07,27.0,15.8,21.96,13:17,9.0,6.2,
2010-07-07,27.0,15.8,21.96,13:17,9.0,6.2,
2010-07-08,32.3,17.4,38.88,18:29,9.0,18.6,
2010-07-08,32.3,17.4,38.88,18:29,9.0,18.6,
2010-07-09,26.5,16.2,20.16,17:55,6.84,0.0,
2010-07-09,26.5,16.2,20.16,17:55,6.84,0.0,
2010-07-10,30.3,14.4,25.92,15:51,6.84,0.0,
2010-07-10,30.3,14.4,25.92,15:51,6.84,0.0,
2010-07-11,27.0,15.1,27.0,18:16,6.12,0.0,
2010-07-11,27.0,15.1,27.0,18:16,6.12,0.0,
2010-07-13,24.2,14.4,34.92,13:54,14.04,0.8,
2010-07-13,24.2,14.4,34.92,13:54,14.04,0.8,
2010-07-14,21.0,12.0,48.96,11:04,18.0,0.2,
2010-07-14,21.0,12.0,48.96,11:04,18.0,0.2,
2010-07-15,25.3,9.6,38.88,13:45,12.96,1.2,
2010-07-15,25.3,9.6,38.88,13:45,12.96,1.2,
2010-07-16,23.3,9.8,28.08,01:47,6.12,0.6,
2010-07-16,23.3,9.8,28.08,01:47,6.12,0.6,
2010-07-17,23.0,8.1,36.0,15:52,11.16,0.0,
2010-07-17,23.0,8.1,36.0,15:52,11.16,0.0,
2010-07-18,29.4,13.0,21.96,17:16,6.12,0.0,
2010-07-18,29.4,13.0,21.96,17:16,6.12,0.0,
2010-07-19,25.0,15.4,27.0,18:24,9.0,0.0,
2010-07-19,25.0,15.4,27.0,18:24,9.0,0.0,
2010-07-20,26.2,15.6,34.92,14:20,6.12,0.0,
2010-07-20,26.2,15.6,34.92,14:20,6.12,0.0,
2010-07-21,23.2,11.4,33.12,18:03,7.92,0.0,
2010-07-21,23.2,11.4,33.12,18:03,7.92,0.0,
2010-07-22,22.3,8.2,33.12,16:39,9.0,0.0,
2010-07-22,22.3,8.2,33.12,16:39,9.0,0.0,
2010-07-23,22.8,6.7,38.16,16:53,10.08,0.0,
2010-07-23,22.8,6.7,38.16,16:53,10.08,0.0,
2010-07-24,25.7,9.4,29.88,14:59,9.0,0.0,
2010-07-24,25.7,9.4,29.88,14:59,9.0,0.0,
2010-07-25,26.3,11.1,46.08,15:37,11.88,0.0,
2010-07-25,26.3,11.1,46.08,15:37,11.88,0.0,
2010-07-26,27.6,10.9,34.92,18:11,11.16,0.0,
2010-07-26,27.6,10.9,34.92,18:11,11.16,0.0,
2010-07-27,27.8,14.0,30.96,12:42,10.08,0.0,
2010-07-27,27.8,14.0,30.96,12:42,10.08,0.0,
2010-07-28,27.3,17.3,33.12,19:02,11.16,0.0,
2010-07-28,27.3,17.3,33.12,19:02,11.16,0.0,
2010-07-29,25.6,16.3,39.96,16:11,11.88,0.0,
2010-07-29,25.6,16.3,39.96,16:11,11.88,0.0,
2010-07-30,25.5,16.5,37.08,17:31,10.08,0.0,
2010-07-30,25.5,16.5,37.08,17:31,10.08,0.0,
2010-07-31,24.3,16.8,36.0,17:33,11.16,0.0,
2010-07-31,24.3,16.8,36.0,17:33,11.16,0.0,
2010-08-01,21.4,14.8,33.84,12:09,11.16,0.0,
2010-08-01,21.4,14.8,33.84,12:09,11.16,0.0,
2010-08-02,24.3,12.0,38.88,13:28,10.08,0.0,
2010-08-02,24.3,12.0,38.88,13:28,10.08,0.0,
2010-08-03,25.4,13.0,33.84,15:54,11.16,0.0,
2010-08-03,25.4,13.0,33.84,15:54,11.16,0.0,
2010-08-04,27.4,11.4,28.08,15:55,6.84,0.0,
2010-08-04,27.4,11.4,28.08,15:55,6.84,0.0,
2010-08-05,23.4,13.2,39.96,18:11,11.88,0.0,
2010-08-05,23.4,13.2,39.96,18:11,11.88,0.0,
2010-08-06,26.2,9.0,33.84,16:41,9.0,0.0,
2010-08-06,26.2,9.0,33.84,16:41,9.0,0.0,
2010-08-07,26.6,11.6,38.16,17:42,9.0,0.0,
2010-08-07,26.6,11.6,38.16,17:42,9.0,0.0,
2010-08-08,25.0,16.6,33.84,17:22,11.16,0.0,
2010-08-08,25.0,16.6,33.84,17:22,11.16,0.0,
2010-08-09,25.9,16.9,29.88,11:43,9.0,0.0,
2010-08-09,25.9,16.9,29.88,11:43,9.0,0.0,
2010-08-10,32.0,12.7,24.84,15:41,6.84,0.0,
2010-08-10,32.0,12.7,24.84,15:41,6.84,0.0,
2010-08-11,28.9,10.9,28.08,17:53,6.84,0.0,
2010-08-11,28.9,10.9,28.08,17:53,6.84,0.0,
2010-08-12,23.0,14.0,33.12,20:55,11.16,0.0,
2010-08-12,23.0,14.0,33.12,20:55,11.16,0.0,
2010-08-13,20.7,10.2,41.04,14:55,12.96,0.0,
2010-08-13,20.7,10.2,41.04,14:55,12.96,0.0,
2010-08-14,23.2,7.7,36.0,11:47,10.08,0.0,
2010-08-14,23.2,7.7,36.0,11:47,10.08,0.0,
2010-08-15,23.3,6.9,47.88,12:44,11.16,0.0,
2010-08-15,23.3,6.9,47.88,12:44,11.16,0.0,
2010-08-16,25.6,8.6,34.92,17:07,10.08,0.0,
2010-08-16,25.6,8.6,34.92,17:07,10.08,0.0,
2010-08-17,29.6,11.6,29.16,15:55,3.96,0.0,
2010-08-17,29.6,11.6,29.16,15:55,3.96,0.0,
2010-08-18,27.0,14.1,36.0,12:44,11.16,1.0,
2010-08-18,27.0,14.1,36.0,12:44,11.16,1.0,
2010-08-19,30.3,10.0,23.04,14:19,6.12,0.0,
2010-08-19,30.3,10.0,23.04,14:19,6.12,0.0,
2010-08-20,32.8,10.5,28.08,17:15,6.12,0.0,
2010-08-20,32.8,10.5,28.08,17:15,6.12,0.0,
2010-08-21,35.8,12.5,32.04,12:55,9.0,0.0,
2010-08-21,35.8,12.5,32.04,12:55,9.0,0.0,
2010-08-22,29.1,16.6,39.96,12:30,11.88,0.0,
2010-08-22,29.1,16.6,39.96,12:30,11.88,0.0,
2010-08-23,23.3,15.1,50.04,09:59,11.88,5.2,
2010-08-23,23.3,15.1,50.04,09:59,11.88,5.2,
2010-08-24,27.5,14.7,27.0,16:41,6.84,0.0,
2010-08-24,27.5,14.7,27.0,16:41,6.84,0.0,
2010-08-25,32.3,16.5,34.92,11:12,14.04,0.0,
2010-08-25,32.3,16.5,34.92,11:12,14.04,0.0,
2010-08-26,26.1,14.7,51.84,17:15,15.84,0.6,
2010-08-26,26.1,14.7,51.84,17:15,15.84,0.6,
2010-08-27,24.8,14.7,43.92,03:42,11.16,0.0,
2010-08-27,24.8,14.7,43.92,03:42,11.16,0.0,
2010-08-28,25.8,12.5,39.96,13:19,9.0,0.0,
2010-08-28,25.8,12.5,39.96,13:19,9.0,0.0,
2010-08-29,27.0,12.4,33.12,17:46,11.16,0.0,
2010-08-29,27.0,12.4,33.12,17:46,11.16,0.0,
2010-08-30,28.0,9.0,29.88,13:57,9.0,0.0,
2010-08-30,28.0,9.0,29.88,13:57,9.0,0.0,
2010-08-31,29.8,10.5,19.08,20:03,2.88,0.0,
2010-08-31,29.8,10.5,19.08,20:03,2.88,0.0,
2010-09-01,26.6,13.8,30.96,12:25,6.84,6.0,
2010-09-01,26.6,13.8,30.96,12:25,6.84,6.0,
2010-09-02,28.9,12.1,21.96,17:03,5.04,0.2,
2010-09-02,28.9,12.1,21.96,17:03,5.04,0.2,
2010-09-03,30.6,13.4,24.84,17:07,5.04,0.0,
2010-09-03,30.6,13.4,24.84,17:07,5.04,0.0,
2010-09-04,29.0,12.8,20.16,16:13,6.12,0.0,
2010-09-04,29.0,12.8,20.16,16:13,6.12,0.0,
2010-09-05,29.5,12.1,28.08,15:30,9.0,0.0,
2010-09-05,29.5,12.1,28.08,15:30,9.0,0.0,
2010-09-06,19.2,13.2,39.96,09:58,10.08,3.4,
2010-09-06,19.2,13.2,39.96,09:58,10.08,3.4,
2010-09-07,18.7,10.6,50.04,12:47,15.12,4.6,
2010-09-07,18.7,10.6,50.04,12:47,15.12,4.6,
2010-09-08,20.4,11.9,41.04,12:56,15.12,0.0,
2010-09-08,20.4,11.9,41.04,12:56,15.12,0.0,
2010-09-09,24.2,10.7,24.12,17:56,6.12,0.0,
2010-09-09,24.2,10.7,24.12,17:56,6.12,0.0,
2010-09-10,30.3,8.7,20.16,12:55,5.04,0.0,
2010-09-10,30.3,8.7,20.16,12:55,5.04,0.0,
2010-09-11,27.9,9.6,36.0,16:11,7.92,0.0,
2010-09-11,27.9,9.6,36.0,16:11,7.92,0.0,
2010-09-12,21.9,14.8,47.16,10:07,14.04,0.0,
2010-09-12,21.9,14.8,47.16,10:07,14.04,0.0,
2010-09-13,26.1,9.7,32.04,01:02,9.0,0.0,
2010-09-13,26.1,9.7,32.04,01:02,9.0,0.0,
2010-09-14,33.7,8.4,23.04,17:39,3.96,0.0,
2010-09-14,33.7,8.4,23.04,17:39,3.96,0.0,
2010-09-15,31.6,12.6,30.96,15:36,3.96,0.2,
2010-09-15,31.6,12.6,30.96,15:36,3.96,0.2,
2010-09-16,21.7,15.7,30.96,18:26,7.92,0.0,
2010-09-16,21.7,15.7,30.96,18:26,7.92,0.0,
2010-09-17,19.9,12.7,38.88,16:55,12.96,0.0,
2010-09-17,19.9,12.7,38.88,16:55,12.96,0.0,
2010-09-18,23.3,7.7,34.92,12:55,10.08,0.0,
2010-09-18,23.3,7.7,34.92,12:55,10.08,0.0,
2010-09-19,27.3,5.2,29.88,16:05,6.84,0.0,
2010-09-19,27.3,5.2,29.88,16:05,6.84,0.0,
2010-09-20,29.6,7.1,28.08,13:06,6.84,0.0,
2010-09-20,29.6,7.1,28.08,13:06,6.84,0.0,
2010-09-21,27.9,8.6,25.92,16:41,6.84,0.0,
2010-09-21,27.9,8.6,25.92,16:41,6.84,0.0,
2010-09-22,25.4,11.0,36.0,13:53,6.12,0.0,
2010-09-22,25.4,11.0,36.0,13:53,6.12,0.0,
2010-09-23,23.6,11.5,36.0,15:36,9.0,0.8,
2010-09-23,23.6,11.5,36.0,15:36,9.0,0.8,
2010-09-24,20.2,7.7,29.16,15:28,7.92,0.2,
2010-09-24,20.2,7.7,29.16,15:28,7.92,0.2,
2010-09-25,18.1,5.2,33.84,15:02,7.92,0.4,
2010-09-25,18.1,5.2,33.84,15:02,7.92,0.4,
2010-09-26,20.1,2.5,29.88,16:49,6.84,0.0,
2010-09-26,20.1,2.5,29.88,16:49,6.84,0.0,
2010-09-27,22.3,1.7,23.04,16:11,6.12,0.0,
2010-09-27,22.3,1.7,23.04,16:11,6.12,0.0,
2010-09-29,18.8,4.4,23.04,09:30,5.04,13.6,
2010-09-29,18.8,4.4,23.04,09:30,5.04,13.6,
2010-09-30,21.1,7.3,20.16,17:10,3.96,0.0,
2010-09-30,21.1,7.3,20.16,17:10,3.96,0.0,
2010-10-01,21.0,10.0,37.08,13:55,12.96,0.0,
2010-10-01,21.0,10.0,37.08,13:55,12.96,0.0,
2010-10-02,22.1,14.2,60.12,23:02,19.08,43.8,
2010-10-02,22.1,14.2,60.12,23:02,19.08,43.8,
2010-10-03,16.3,11.8,66.96,14:50,16.92,35.4,
2010-10-03,16.3,11.8,66.96,14:50,16.92,35.4,
2010-10-04,19.3,10.3,33.12,15:47,10.08,0.2,
2010-10-04,19.3,10.3,33.12,15:47,10.08,0.2,
2010-10-05,16.9,11.7,48.96,10:54,15.12,17.0,
2010-10-05,16.9,11.7,48.96,10:54,15.12,17.0,
2010-10-06,17.6,11.8,19.08,14:01,5.04,7.8,
2010-10-06,17.6,11.8,19.08,14:01,5.04,7.8,
2010-10-07,22.9,12.4,48.96,16:38,10.08,10.4,
2010-10-07,22.9,12.4,48.96,16:38,10.08,10.4,
2010-10-08,21.5,14.8,60.84,10:39,15.84,22.8,
2010-10-08,21.5,14.8,60.84,10:39,15.84,22.8,
2010-10-09,19.5,8.6,29.16,12:55,6.84,0.2,
2010-10-09,19.5,8.6,29.16,12:55,6.84,0.2,
2010-10-10,19.3,6.4,27.0,16:10,2.88,0.4,
2010-10-10,19.3,6.4,27.0,16:10,2.88,0.4,
2010-10-11,19.8,10.7,33.84,16:16,6.12,0.4,
2010-10-11,19.8,10.7,33.84,16:16,6.12,0.4,
2010-10-12,22.0,11.1,29.88,16:22,7.92,0.0,
2010-10-12,22.0,11.1,29.88,16:22,7.92,0.0,
2010-10-13,20.8,7.1,33.12,15:52,6.84,0.0,
2010-10-13,20.8,7.1,33.12,15:52,6.84,0.0,
2010-10-14,18.5,5.7,30.96,14:07,6.12,0.0,
2010-10-14,18.5,5.7,30.96,14:07,6.12,0.0,
2010-10-15,18.4,5.4,34.92,13:13,6.84,0.0,
2010-10-15,18.4,5.4,34.92,13:13,6.84,0.0,
2010-10-16,18.1,3.0,34.92,17:45,7.92,0.0,
2010-10-16,18.1,3.0,34.92,17:45,7.92,0.0,
2010-10-17,18.1,3.9,34.92,17:11,6.84,0.0,
2010-10-17,18.1,3.9,34.92,17:11,6.84,0.0,
2010-10-18,16.7,1.4,33.12,13:39,6.84,0.0,
2010-10-18,16.7,1.4,33.12,13:39,6.84,0.0,
2010-10-19,17.2,-0.1,23.04,14:35,6.84,0.0,
2010-10-19,17.2,-0.1,23.04,14:35,6.84,0.0,
2010-10-20,18.8,-0.1,25.92,17:03,5.04,0.2,
2010-10-20,18.8,-0.1,25.92,17:03,5.04,0.2,
2010-10-21,21.3,2.9,21.96,13:38,3.96,0.0,
2010-10-21,21.3,2.9,21.96,13:38,3.96,0.0,
2010-10-22,17.8,2.2,12.96,12:41,2.88,0.2,
2010-10-22,17.8,2.2,12.96,12:41,2.88,0.2,
2010-10-23,16.3,6.2,16.92,13:38,5.04,0.2,
2010-10-23,16.3,6.2,16.92,13:38,5.04,0.2,
2010-10-24,15.6,11.0,33.12,10:51,9.0,2.8,
2010-10-24,15.6,11.0,33.12,10:51,9.0,2.8,
2010-10-25,17.4,4.0,27.0,10:28,5.04,0.2,
2010-10-25,17.4,4.0,27.0,10:28,5.04,0.2,
2010-10-26,18.8,1.8,20.88,11:56,5.04,0.0,
2010-10-26,18.8,1.8,20.88,11:56,5.04,0.0,
2010-10-27,17.9,1.8,11.88,12:27,3.96,0.0,
2010-10-27,17.9,1.8,11.88,12:27,3.96,0.0,
2010-10-28,21.9,4.5,27.0,22:51,5.04,0.0,
2010-10-28,21.9,4.5,27.0,22:51,5.04,0.0,
2010-10-29,15.4,8.1,50.04,05:23,14.04,21.6,
2010-10-29,15.4,8.1,50.04,05:23,14.04,21.6,
2010-10-30,12.4,8.0,60.12,10:53,15.84,21.4,
2010-10-30,12.4,8.0,60.12,10:53,15.84,21.4,
2010-10-31,12.3,8.1,37.08,14:12,12.96,15.8,
2010-10-31,12.3,8.1,37.08,14:12,12.96,15.8,
2010-11-01,12.8,7.7,28.08,00:09,5.04,4.6,
2010-11-01,12.8,7.7,28.08,00:09,5.04,4.6,
2010-11-02,15.4,7.3,20.16,12:04,6.84,0.0,
2010-11-02,15.4,7.3,20.16,12:04,6.84,0.0,
2010-11-03,19.2,9.8,15.12,00:26,2.88,0.6,
2010-11-03,19.2,9.8,15.12,00:26,2.88,0.6,
2010-11-04,19.7,10.3,7.92,12:40,5.04,0.4,
2010-11-04,19.7,10.3,7.92,12:40,5.04,0.4,
2010-11-05,16.5,8.4,10.08,09:06,3.96,0.4,
2010-11-05,16.5,8.4,10.08,09:06,3.96,0.4,
2010-11-06,13.0,5.2,11.88,13:24,2.16,2.2,
2010-11-06,13.0,5.2,11.88,13:24,2.16,2.2,
2010-11-07,12.2,4.3,29.88,13:16,5.04,4.6,
2010-11-07,12.2,4.3,29.88,13:16,5.04,4.6,
2010-11-08,11.4,6.4,48.96,12:41,20.16,19.6,
2010-11-08,11.4,6.4,48.96,12:41,20.16,19.6,
2010-11-09,9.9,5.7,56.88,12:56,16.92,19.6,
2010-11-09,9.9,5.7,56.88,12:56,16.92,19.6,
2010-11-10,13.2,3.9,28.08,13:16,6.84,1.0,
2010-11-10,13.2,3.9,28.08,13:16,6.84,1.0,
2010-11-11,13.5,8.1,47.16,13:17,12.96,0.6,
2010-11-11,13.5,8.1,47.16,13:17,12.96,0.6,
2010-11-12,14.9,12.0,39.96,13:01,14.04,0.2,
2010-11-12,14.9,12.0,39.96,13:01,14.04,0.2,
2010-11-13,16.6,11.7,63.0,20:34,16.92,25.6,
2010-11-13,16.6,11.7,63.0,20:34,16.92,25.6,
2010-11-14,11.9,4.0,43.92,03:07,11.16,21.0,
2010-11-14,11.9,4.0,43.92,03:07,11.16,21.0,
2010-11-15,12.6,4.7,33.12,04:13,9.0,3.2,
2010-11-15,12.6,4.7,33.12,04:13,9.0,3.2,
2010-11-16,11.3,4.7,51.12,23:15,12.96,5.6,
2010-11-16,11.3,4.7,51.12,23:15,12.96,5.6,
2010-11-17,11.9,5.7,45.0,00:07,11.16,2.2,
2010-11-17,11.9,5.7,45.0,00:07,11.16,2.2,
2010-11-18,12.6,5.8,28.08,11:49,11.16,1.0,
2010-11-18,12.6,5.8,28.08,11:49,11.16,1.0,
2010-11-19,11.6,8.0,41.04,17:49,14.04,19.8,
2010-11-19,11.6,8.0,41.04,17:49,14.04,19.8,
2010-11-20,9.3,6.7,54.0,10:55,18.0,20.2,
2010-11-20,9.3,6.7,54.0,10:55,18.0,20.2,
2010-11-21,12.0,4.6,25.92,13:28,6.84,7.6,
2010-11-21,12.0,4.6,25.92,13:28,6.84,7.6,
2010-11-22,10.3,4.2,15.84,11:20,5.04,6.8,
2010-11-22,10.3,4.2,15.84,11:20,5.04,6.8,
2010-11-23,11.0,0.5,15.12,15:33,2.16,0.0,
2010-11-23,11.0,0.5,15.12,15:33,2.16,0.0,
2010-11-24,11.0,-2.3,24.12,15:31,2.88,0.2,
2010-11-24,11.0,-2.3,24.12,15:31,2.88,0.2,
2010-11-25,8.1,-2.1,28.08,17:03,3.96,0.6,
2010-11-25,8.1,-2.1,28.08,17:03,3.96,0.6,
2010-11-26,8.4,-1.8,21.96,12:13,5.04,0.2,
2010-11-26,8.4,-1.8,21.96,12:13,5.04,0.2,
2010-11-27,8.4,-2.4,32.04,16:20,5.04,0.6,
2010-11-27,8.4,-2.4,32.04,16:20,5.04,0.6,
2010-11-28,7.0,-2.2,16.92,23:37,3.96,0.0,
2010-11-28,7.0,-2.2,16.92,23:37,3.96,0.0,
2010-11-29,5.1,-5.1,29.16,18:16,3.96,4.6,
2010-11-29,5.1,-5.1,29.16,18:16,3.96,4.6,
2010-11-30,8.4,1.7,28.08,20:05,7.92,4.4,
2010-11-30,8.4,1.7,28.08,20:05,7.92,4.4,
2010-12-01,7.0,-1.5,38.16,15:36,5.04,1.4,
2010-12-01,7.0,-1.5,38.16,15:36,5.04,1.4,
2010-12-02,3.1,-0.6,36.0,10:21,6.84,6.4,
2010-12-02,3.1,-0.6,36.0,10:21,6.84,6.4,
2010-12-03,3.7,-1.1,24.84,14:09,6.84,2.2,
2010-12-03,3.7,-1.1,24.84,14:09,6.84,2.2,
2010-12-04,5.7,-0.1,41.04,20:23,6.84,7.9,
2010-12-04,5.7,-0.1,41.04,20:23,6.84,7.9,
2010-12-05,13.1,3.0,51.84,12:33,15.84,19.2,
2010-12-05,13.1,3.0,51.84,12:33,15.84,19.2,
2010-12-06,15.2,10.7,51.12,13:25,15.12,23.2,
2010-12-06,15.2,10.7,51.12,13:25,15.12,23.2,
2010-12-07,15.3,9.3,43.92,04:22,9.0,26.8,
2010-12-07,15.3,9.3,43.92,04:22,9.0,26.8,
2010-12-08,11.3,6.0,48.96,04:26,12.96,3.2,
2010-12-08,11.3,6.0,48.96,04:26,12.96,3.2,
2010-12-09,9.6,4.7,30.96,00:07,9.0,0.0,
2010-12-09,9.6,4.7,30.96,00:07,9.0,0.0,
2010-12-10,15.6,2.4,12.96,00:04,3.96,0.0,
2010-12-10,15.6,2.4,12.96,00:04,3.96,0.0,
2010-12-11,15.9,5.2,30.96,03:33,6.12,0.0,
2010-12-11,15.9,5.2,30.96,03:33,6.12,0.0,
2010-12-12,10.1,3.4,11.88,02:21,2.88,0.0,
2010-12-12,10.1,3.4,11.88,02:21,2.88,0.0,
2010-12-13,12.0,2.7,19.08,15:10,2.88,0.0,
2010-12-13,12.0,2.7,19.08,15:10,2.88,0.0,
2010-12-14,10.7,-0.8,27.0,12:55,6.12,0.0,
2010-12-14,10.7,-0.8,27.0,12:55,6.12,0.0,
2010-12-15,8.9,-1.9,41.04,12:38,7.92,0.0,
2010-12-15,8.9,-1.9,41.04,12:38,7.92,0.0,
2010-12-16,9.0,-3.8,23.04,11:27,5.04,0.0,
2010-12-16,9.0,-3.8,23.04,11:27,5.04,0.0,
2010-12-17,5.4,-4.0,20.88,10:04,3.96,1.8,
2010-12-17,5.4,-4.0,20.88,10:04,3.96,1.8,
2010-12-18,3.6,-1.6,12.96,12:06,6.12,0.0,
2010-12-18,3.6,-1.6,12.96,12:06,6.12,0.0,
2010-12-19,7.3,-3.1,33.12,13:25,11.16,1.0,
2010-12-19,7.3,-3.1,33.12,13:25,11.16,1.0,
2010-12-20,10.1,6.9,38.88,22:03,10.08,10.0,
2010-12-20,10.1,6.9,38.88,22:03,10.08,10.0,
2010-12-21,10.1,3.4,15.12,00:05,2.16,7.0,
2010-12-21,10.1,3.4,15.12,00:05,2.16,7.0,
2010-12-22,7.7,4.0,33.84,19:11,9.0,18.4,
2010-12-22,7.7,4.0,33.84,19:11,9.0,18.4,
2010-12-23,5.2,-0.7,30.96,14:58,7.92,2.0,
2010-12-23,5.2,-0.7,30.96,14:58,7.92,2.0,
2010-12-24,5.3,-1.6,15.12,02:04,5.04,0.2,
2010-12-24,5.3,-1.6,15.12,02:04,5.04,0.2,
2010-12-25,7.2,-3.2,23.04,14:46,5.04,0.0,
2010-12-25,7.2,-3.2,23.04,14:46,5.04,0.0,
2010-12-26,6.7,-6.3,16.92,14:31,5.04,0.0,
2010-12-26,6.7,-6.3,16.92,14:31,5.04,0.0,
2010-12-27,10.6,-2.9,55.08,16:10,11.88,2.4,
2010-12-27,10.6,-2.9,55.08,16:10,11.88,2.4,
2010-12-28,13.8,5.0,33.84,00:20,5.04,1.8,
2010-12-28,13.8,5.0,33.84,00:20,5.04,1.8,
2010-12-29,14.7,4.3,43.92,13:46,9.0,0.0,
2010-12-29,14.7,4.3,43.92,13:46,9.0,0.0,
2010-12-30,15.0,5.8,29.88,13:15,9.0,0.0,
2010-12-30,15.0,5.8,29.88,13:15,9.0,0.0,
2010-12-31,14.9,2.4,11.88,16:06,5.04,0.0,
2010-12-31,14.9,2.4,11.88,16:06,5.04,0.0,
2011-01-01,8.7,1.3,7.92,04:01,3.96,0.0,
2011-01-01,8.7,1.3,7.92,04:01,3.96,0.0,
2011-01-02,12.5,5.3,18.0,15:41,5.04,0.0,
2011-01-02,12.5,5.3,18.0,15:41,5.04,0.0,
2011-01-03,9.0,3.8,21.96,22:39,3.96,0.0,
2011-01-03,9.0,3.8,21.96,22:39,3.96,0.0,
2011-01-04,12.2,7.8,39.96,08:07,10.08,0.0,
2011-01-04,12.2,7.8,39.96,08:07,10.08,0.0,
2011-01-05,13.0,10.6,47.88,23:00,16.92,0.0,
2011-01-05,13.0,10.6,47.88,23:00,16.92,0.0,
2011-01-06,12.8,11.0,57.96,05:25,12.96,0.0,
2011-01-06,12.8,11.0,57.96,05:25,12.96,0.0,
2011-01-07,12.0,9.2,56.16,01:01,18.0,0.0,
2011-01-07,12.0,9.2,56.16,01:01,18.0,0.0,
2011-01-08,11.8,6.2,47.88,12:39,18.0,0.0,
2011-01-08,11.8,6.2,47.88,12:39,18.0,0.0,
2011-01-09,11.4,-0.7,15.84,23:44,3.96,0.0,
2011-01-09,11.4,-0.7,15.84,23:44,3.96,0.0,
2011-01-10,9.9,0.7,43.92,08:43,14.04,0.0,
2011-01-10,9.9,0.7,43.92,08:43,14.04,0.0,
2011-01-11,13.1,9.5,29.88,04:53,11.16,0.0,
2011-01-11,13.1,9.5,29.88,04:53,11.16,0.0,
2011-01-12,13.9,10.7,34.92,12:51,12.96,0.0,
2011-01-12,13.9,10.7,34.92,12:51,12.96,0.0,
2011-01-13,13.0,3.4,33.12,15:15,10.08,0.0,
2011-01-13,13.0,3.4,33.12,15:15,10.08,0.0,
2011-01-14,14.1,4.7,34.92,11:05,11.16,0.0,
2011-01-14,14.1,4.7,34.92,11:05,11.16,0.0,
2011-01-15,13.9,3.4,30.96,12:08,6.84,0.0,
2011-01-15,13.9,3.4,30.96,12:08,6.84,0.0,
2011-01-16,12.2,3.3,41.04,13:23,14.04,0.0,
2011-01-16,12.2,3.3,41.04,13:23,14.04,0.0,
2011-01-17,14.9,8.7,33.12,11:35,7.92,0.0,
2011-01-17,14.9,8.7,33.12,11:35,7.92,0.0,
2011-01-18,9.7,7.2,24.12,15:14,6.12,0.0,
2011-01-18,9.7,7.2,24.12,15:14,6.12,0.0,
2011-01-19,13.8,4.7,14.04,00:42,2.88,0.0,
2011-01-19,13.8,4.7,14.04,00:42,2.88,0.0,
2011-01-20,12.2,1.7,20.88,22:34,6.12,0.0,
2011-01-20,12.2,1.7,20.88,22:34,6.12,0.0,
2011-01-21,10.4,-1.2,27.0,17:19,6.84,0.0,
2011-01-21,10.4,-1.2,27.0,17:19,6.84,0.0,
2011-01-22,8.1,-0.9,45.0,10:27,10.08,0.0,
2011-01-22,8.1,-0.9,45.0,10:27,10.08,0.0,
2011-01-23,8.5,-0.6,45.0,14:39,5.04,0.0,
2011-01-23,8.5,-0.6,45.0,14:39,5.04,0.0,
2011-01-24,10.0,1.6,38.88,13:56,11.16,0.0,
2011-01-24,10.0,1.6,38.88,13:56,11.16,0.0,
2011-01-25,11.2,-3.7,28.08,16:23,6.84,0.0,
2011-01-25,11.2,-3.7,28.08,16:23,6.84,0.0,
2011-01-26,9.8,-4.6,23.04,13:47,2.88,0.0,
2011-01-26,9.8,-4.6,23.04,13:47,2.88,0.0,
2011-01-27,9.3,0.3,24.12,15:13,5.04,0.0,
2011-01-27,9.3,0.3,24.12,15:13,5.04,0.0,
2011-01-28,11.9,-0.2,25.92,14:47,3.96,0.0,
2011-01-28,11.9,-0.2,25.92,14:47,3.96,0.0,
2011-01-29,5.6,2.3,20.16,16:41,5.04,0.0,
2011-01-29,5.6,2.3,20.16,16:41,5.04,0.0,
2011-01-30,6.1,1.5,29.88,11:42,3.96,0.0,
2011-01-30,6.1,1.5,29.88,11:42,3.96,0.0,
2011-01-31,5.8,-0.6,20.88,13:34,5.04,0.0,
2011-01-31,5.8,-0.6,20.88,13:34,5.04,0.0,
2011-02-01,9.3,-1.9,28.08,13:12,6.12,0.0,
2011-02-01,9.3,-1.9,28.08,13:12,6.12,0.0,
2011-02-02,12.7,-3.8,15.12,14:25,5.04,0.0,
2011-02-02,12.7,-3.8,15.12,14:25,5.04,0.0,
2011-02-03,8.9,-1.3,16.92,03:35,3.96,0.0,
2011-02-03,8.9,-1.3,16.92,03:35,3.96,0.0,
2011-02-04,12.9,0.1,15.12,13:58,5.04,0.0,
2011-02-04,12.9,0.1,15.12,13:58,5.04,0.0,
2011-02-05,16.0,-2.7,12.96,19:26,2.88,0.0,
2011-02-05,16.0,-2.7,12.96,19:26,2.88,0.0,
2011-02-06,19.4,-3.3,24.84,15:31,6.12,0.0,
2011-02-06,19.4,-3.3,24.84,15:31,6.12,0.0,
2011-02-07,16.3,-0.2,33.84,15:54,11.16,0.0,
2011-02-07,16.3,-0.2,33.84,15:54,11.16,0.0,
2011-02-08,17.1,-0.8,33.12,14:13,7.92,0.0,
2011-02-08,17.1,-0.8,33.12,14:13,7.92,0.0,
2011-02-09,15.5,9.9,42.84,11:22,14.04,0.0,
2011-02-09,15.5,9.9,42.84,11:22,14.04,0.0,
2011-02-11,16.2,7.1,51.84,12:06,15.84,1.0,
2011-02-11,16.2,7.1,51.84,12:06,15.84,1.0,
2011-02-12,12.8,1.2,29.16,21:47,6.84,0.2,
2011-02-12,12.8,1.2,29.16,21:47,6.84,0.2,
2011-02-13,8.8,2.0,55.08,07:53,14.04,12.0,
2011-02-13,8.8,2.0,55.08,07:53,14.04,12.0,
2011-02-14,7.3,1.5,61.92,18:03,20.88,11.0,
2011-02-14,7.3,1.5,61.92,18:03,20.88,11.0,
2011-02-15,7.1,2.3,42.12,16:36,9.0,18.6,
2011-02-15,7.1,2.3,42.12,16:36,9.0,18.6,
2011-02-16,7.4,0.5,63.0,03:24,12.96,22.6,
2011-02-16,7.4,0.5,63.0,03:24,12.96,22.6,
2011-02-17,11.3,1.0,43.92,12:34,11.16,9.0,
2011-02-17,11.3,1.0,43.92,12:34,11.16,9.0,
2011-02-18,10.3,4.4,45.0,14:27,16.92,4.2,
2011-02-18,10.3,4.4,45.0,14:27,16.92,4.2,
2011-02-19,15.3,4.4,20.88,00:07,3.96,0.0,
2011-02-19,15.3,4.4,20.88,00:07,3.96,0.0,
2011-02-20,9.8,2.0,70.92,13:25,9.0,12.6,
2011-02-20,9.8,2.0,70.92,13:25,9.0,12.6,
2011-02-21,12.5,7.1,41.04,12:17,14.04,3.6,
2011-02-21,12.5,7.1,41.04,12:17,14.04,3.6,
2011-02-22,13.9,8.2,29.16,14:42,6.12,0.0,
2011-02-22,13.9,8.2,29.16,14:42,6.12,0.0,
2011-02-23,13.9,4.0,19.08,16:21,5.04,0.0,
2011-02-23,13.9,4.0,19.08,16:21,5.04,0.0,
2011-02-24,17.9,-0.3,19.08,14:04,3.96,0.0,
2011-02-24,17.9,-0.3,19.08,14:04,3.96,0.0,
2011-02-25,19.7,1.1,12.96,15:53,2.16,0.0,
2011-02-25,19.7,1.1,12.96,15:53,2.16,0.0,
2011-02-26,16.0,5.3,20.88,16:44,6.12,0.2,
2011-02-26,16.0,5.3,20.88,16:44,6.12,0.2,
2011-02-27,12.2,2.0,39.96,11:55,6.12,0.6,
2011-02-27,12.2,2.0,39.96,11:55,6.12,0.6,
2011-02-28,10.9,0.2,36.0,14:16,7.92,1.0,
2011-02-28,10.9,0.2,36.0,14:16,7.92,1.0,
2011-03-01,9.8,0.7,37.08,14:26,6.84,0.2,
2011-03-01,9.8,0.7,37.08,14:26,6.84,0.2,
2011-03-02,8.5,3.4,33.12,15:51,9.0,0.0,
2011-03-02,8.5,3.4,33.12,15:51,9.0,0.0,
2011-03-03,10.6,3.4,37.08,16:02,7.92,0.2,
2011-03-03,10.6,3.4,37.08,16:02,7.92,0.2,
2011-03-04,11.4,0.2,30.96,15:07,5.04,0.0,
2011-03-04,11.4,0.2,30.96,15:07,5.04,0.0,
2011-03-05,14.3,-0.6,36.0,13:11,7.92,0.0,
2011-03-05,14.3,-0.6,36.0,13:11,7.92,0.0,
2011-03-06,17.4,-2.5,28.08,14:03,6.12,0.0,
2011-03-06,17.4,-2.5,28.08,14:03,6.12,0.0,
2011-03-07,18.0,-0.7,21.96,15:50,3.96,0.0,
2011-03-07,18.0,-0.7,21.96,15:50,3.96,0.0,
2011-03-08,19.4,-0.6,23.04,15:18,5.04,0.0,
2011-03-08,19.4,-0.6,23.04,15:18,5.04,0.0,
2011-03-09,14.4,3.2,36.0,13:16,7.92,0.0,
2011-03-09,14.4,3.2,36.0,13:16,7.92,0.0,
2011-03-10,17.6,2.9,25.92,17:03,7.92,0.0,
2011-03-10,17.6,2.9,25.92,17:03,7.92,0.0,
2011-03-11,18.2,4.3,32.04,17:25,6.12,1.2,
2011-03-11,18.2,4.3,32.04,17:25,6.12,1.2,
2011-03-12,14.3,6.5,32.04,10:51,10.08,3.4,
2011-03-12,14.3,6.5,32.04,10:51,10.08,3.4,
2011-03-13,10.5,4.9,23.04,16:06,5.04,1.2,
2011-03-13,10.5,4.9,23.04,16:06,5.04,1.2,
2011-03-14,12.0,3.7,15.12,15:33,3.96,10.2,
2011-03-14,12.0,3.7,15.12,15:33,3.96,10.2,
2011-03-15,10.0,6.1,28.08,09:07,6.84,8.6,
2011-03-15,10.0,6.1,28.08,09:07,6.84,8.6,
2011-03-16,9.8,6.3,24.84,13:58,7.92,2.6,
2011-03-16,9.8,6.3,24.84,13:58,7.92,2.6,
2011-03-17,11.9,0.7,15.84,03:53,5.04,0.0,
2011-03-17,11.9,0.7,15.84,03:53,5.04,0.0,
2011-03-18,15.7,-0.4,25.92,15:50,6.84,0.2,
2011-03-18,15.7,-0.4,25.92,15:50,6.84,0.2,
2011-03-19,18.2,0.0,29.16,14:11,6.84,0.0,
2011-03-19,18.2,0.0,29.16,14:11,6.84,0.0,
2011-03-20,18.4,5.0,37.08,16:40,7.92,0.0,
2011-03-20,18.4,5.0,37.08,16:40,7.92,0.0,
2011-03-21,17.3,1.1,42.84,15:32,10.08,0.0,
2011-03-21,17.3,1.1,42.84,15:32,10.08,0.0,
2011-03-22,17.2,0.0,38.16,15:27,9.0,4.0,
2011-03-22,17.2,0.0,38.16,15:27,9.0,4.0,
2011-03-23,15.9,3.0,39.96,15:16,11.88,0.0,
2011-03-23,15.9,3.0,39.96,15:16,11.88,0.0,
2011-03-24,17.0,2.9,43.92,10:10,10.08,0.6,
2011-03-24,17.0,2.9,43.92,10:10,10.08,0.6,
2011-03-25,18.8,6.8,43.92,13:12,12.96,3.8,
2011-03-25,18.8,6.8,43.92,13:12,12.96,3.8,
2011-03-26,15.6,6.8,55.08,15:55,12.96,14.6,
2011-03-26,15.6,6.8,55.08,15:55,12.96,14.6,
2011-03-27,11.4,7.2,42.12,00:13,14.04,1.8,
2011-03-27,11.4,7.2,42.12,00:13,14.04,1.8,
2011-03-28,15.8,7.5,39.96,16:36,11.88,1.0,
2011-03-28,15.8,7.5,39.96,16:36,11.88,1.0,
2011-03-29,13.3,7.6,41.04,12:13,11.88,6.0,
2011-03-29,13.3,7.6,41.04,12:13,11.88,6.0,
2011-03-30,17.3,10.4,41.04,12:35,15.84,0.0,
2011-03-30,17.3,10.4,41.04,12:35,15.84,0.0,
2011-03-31,24.1,8.1,24.12,13:47,5.04,0.0,
2011-03-31,24.1,8.1,24.12,13:47,5.04,0.0,
2011-04-01,27.5,3.7,47.16,16:38,11.16,0.0,
2011-04-01,27.5,3.7,47.16,16:38,11.16,0.0,
2011-04-02,16.5,8.5,24.84,17:41,5.04,0.0,
2011-04-02,16.5,8.5,24.84,17:41,5.04,0.0,
2011-04-03,17.0,3.5,33.12,13:51,7.92,0.0,
2011-04-03,17.0,3.5,33.12,13:51,7.92,0.0,
2011-04-04,19.7,2.0,33.84,18:02,7.92,0.0,
2011-04-04,19.7,2.0,33.84,18:02,7.92,0.0,
2011-04-05,26.4,2.2,29.16,14:57,5.04,0.0,
2011-04-05,26.4,2.2,29.16,14:57,5.04,0.0,
2011-04-06,28.6,5.3,14.04,16:57,5.04,0.0,
2011-04-06,28.6,5.3,14.04,16:57,5.04,0.0,
2011-04-07,31.2,7.9,29.88,14:19,6.12,0.0,
2011-04-07,31.2,7.9,29.88,14:19,6.12,0.0,
2011-04-08,31.8,8.5,20.88,15:38,3.96,0.0,
2011-04-08,31.8,8.5,20.88,15:38,3.96,0.0,
2011-04-09,21.8,7.8,37.08,14:33,14.04,0.0,
2011-04-09,21.8,7.8,37.08,14:33,14.04,0.0,
2011-04-10,19.5,10.8,27.0,15:05,7.92,0.0,
2011-04-10,19.5,10.8,27.0,15:05,7.92,0.0,
2011-04-11,16.6,9.8,38.88,18:07,10.08,0.0,
2011-04-11,16.6,9.8,38.88,18:07,10.08,0.0,
2011-04-12,18.1,8.1,37.08,14:10,10.08,0.0,
2011-04-12,18.1,8.1,37.08,14:10,10.08,0.0,
2011-04-13,25.5,7.3,30.96,15:41,6.84,0.0,
2011-04-13,25.5,7.3,30.96,15:41,6.84,0.0,
2011-04-14,20.2,5.6,32.04,18:02,9.0,0.0,
2011-04-14,20.2,5.6,32.04,18:02,9.0,0.0,
2011-04-15,18.3,1.1,42.84,13:06,11.88,0.0,
2011-04-15,18.3,1.1,42.84,13:06,11.88,0.0,
2011-04-16,19.9,2.9,34.92,14:41,9.0,0.0,
2011-04-16,19.9,2.9,34.92,14:41,9.0,0.0,
2011-04-17,26.5,5.1,24.84,17:00,6.84,0.0,
2011-04-17,26.5,5.1,24.84,17:00,6.84,0.0,
2011-04-18,25.0,8.0,38.88,16:05,6.84,18.4,
2011-04-18,25.0,8.0,38.88,16:05,6.84,18.4,
2011-04-19,17.3,11.6,43.92,01:53,3.96,11.0,
2011-04-19,17.3,11.6,43.92,01:53,3.96,11.0,
2011-04-20,20.3,10.0,45.0,14:06,5.04,2.6,
2011-04-20,20.3,10.0,45.0,14:06,5.04,2.6,
2011-04-21,21.7,8.9,24.12,14:45,5.04,12.2,
2011-04-21,21.7,8.9,24.12,14:45,5.04,12.2,
2011-04-22,16.3,11.0,21.96,13:39,6.84,14.0,
2011-04-22,16.3,11.0,21.96,13:39,6.84,14.0,
2011-04-23,20.2,7.4,38.88,16:34,9.0,0.0,
2011-04-23,20.2,7.4,38.88,16:34,9.0,0.0,
2011-04-24,14.7,11.0,28.08,13:51,10.08,0.0,
2011-04-24,14.7,11.0,28.08,13:51,10.08,0.0,
2011-04-25,19.8,10.8,32.04,15:06,9.0,0.0,
2011-04-25,19.8,10.8,32.04,15:06,9.0,0.0,
2011-04-26,22.6,8.0,34.92,14:27,10.08,0.0,
2011-04-26,22.6,8.0,34.92,14:27,10.08,0.0,
2011-04-27,22.9,4.1,34.92,15:12,6.84,0.0,
2011-04-27,22.9,4.1,34.92,15:12,6.84,0.0,
2011-04-28,22.2,4.9,33.84,18:25,6.84,0.0,
2011-04-28,22.2,4.9,33.84,18:25,6.84,0.0,
2011-04-29,20.9,7.2,32.04,14:44,9.0,0.2,
2011-04-29,20.9,7.2,32.04,14:44,9.0,0.2,
2011-04-30,19.2,7.3,24.12,14:08,6.12,2.8,
2011-04-30,19.2,7.3,24.12,14:08,6.12,2.8,
2011-05-01,21.3,7.5,29.88,15:44,5.04,11.6,
2011-05-01,21.3,7.5,29.88,15:44,5.04,11.6,
2011-05-02,18.4,8.2,30.96,14:24,5.04,0.0,
2011-05-02,18.4,8.2,30.96,14:24,5.04,0.0,
2011-05-03,19.8,8.0,23.04,14:14,5.04,0.0,
2011-05-03,19.8,8.0,23.04,14:14,5.04,0.0,
2011-05-04,19.4,5.7,28.08,10:17,9.0,0.0,
2011-05-04,19.4,5.7,28.08,10:17,9.0,0.0,
2011-05-05,21.4,5.9,34.92,13:19,9.0,0.0,
2011-05-05,21.4,5.9,34.92,13:19,9.0,0.0,
2011-05-06,22.4,9.3,34.92,12:16,6.84,7.2,
2011-05-06,22.4,9.3,34.92,12:16,6.84,7.2,
2011-05-07,17.8,9.1,60.84,16:15,23.04,9.0,
2011-05-07,17.8,9.1,60.84,16:15,23.04,9.0,
2011-05-08,15.8,7.8,46.08,11:25,11.16,5.0,
2011-05-08,15.8,7.8,46.08,11:25,11.16,5.0,
2011-05-09,21.2,4.7,36.0,17:51,11.16,0.0,
2011-05-09,21.2,4.7,36.0,17:51,11.16,0.0,
2011-05-10,21.1,6.7,34.92,16:11,9.0,0.0,
2011-05-10,21.1,6.7,34.92,16:11,9.0,0.0,
2011-05-11,18.3,12.5,34.92,14:22,9.0,0.0,
2011-05-11,18.3,12.5,34.92,14:22,9.0,0.0,
2011-05-12,18.2,12.0,39.96,12:37,11.16,0.0,
2011-05-12,18.2,12.0,39.96,12:37,11.16,0.0,
2011-05-13,25.2,12.3,36.0,16:21,6.84,0.0,
2011-05-13,25.2,12.3,36.0,16:21,6.84,0.0,
2011-05-14,17.7,7.6,47.16,14:43,14.04,0.0,
2011-05-14,17.7,7.6,47.16,14:43,14.04,0.0,
2011-05-15,18.8,3.1,45.0,17:30,11.88,0.0,
2011-05-15,18.8,3.1,45.0,17:30,11.88,0.0,
2011-05-16,21.2,5.4,34.92,15:07,11.16,0.0,
2011-05-16,21.2,5.4,34.92,15:07,11.16,0.0,
2011-05-17,20.0,10.3,30.96,14:37,9.0,0.0,
2011-05-17,20.0,10.3,30.96,14:37,9.0,0.0,
2011-05-18,15.7,12.1,32.04,17:15,9.0,0.0,
2011-05-18,15.7,12.1,32.04,17:15,9.0,0.0,
2011-05-19,20.1,12.4,36.0,13:50,10.08,0.0,
2011-05-19,20.1,12.4,36.0,13:50,10.08,0.0,
2011-05-20,17.7,12.6,29.88,15:01,9.0,0.0,
2011-05-20,17.7,12.6,29.88,15:01,9.0,0.0,
2011-05-21,24.3,11.6,29.88,16:03,7.92,0.0,
2011-05-21,24.3,11.6,29.88,16:03,7.92,0.0,
2011-05-22,20.8,10.2,34.92,16:34,10.08,0.0,
2011-05-22,20.8,10.2,34.92,16:34,10.08,0.0,
2011-05-23,26.8,8.4,33.84,18:24,7.92,0.0,
2011-05-23,26.8,8.4,33.84,18:24,7.92,0.0,
2011-05-24,20.7,13.3,36.0,15:59,11.16,0.0,
2011-05-24,20.7,13.3,36.0,15:59,11.16,0.0,
2011-05-25,28.7,12.3,33.84,15:38,7.92,0.0,
2011-05-25,28.7,12.3,33.84,15:38,7.92,0.0,
2011-05-26,14.3,10.0,38.88,13:52,11.16,0.0,
2011-05-26,14.3,10.0,38.88,13:52,11.16,0.0,
2011-05-27,18.6,8.7,37.08,12:34,11.88,0.0,
2011-05-27,18.6,8.7,37.08,12:34,11.88,0.0,
2011-05-28,22.7,7.7,38.88,17:19,11.16,0.0,
2011-05-28,22.7,7.7,38.88,17:19,11.16,0.0,
2011-05-29,24.4,11.4,24.84,16:55,7.92,1.6,
2011-05-29,24.4,11.4,24.84,16:55,7.92,1.6,
2011-05-30,19.9,11.9,25.92,16:01,5.04,4.6,
2011-05-30,19.9,11.9,25.92,16:01,5.04,4.6,
2011-05-31,15.7,8.3,43.92,15:57,11.88,0.0,
2011-05-31,15.7,8.3,43.92,15:57,11.88,0.0,
2011-06-01,19.8,5.8,42.12,15:17,10.08,0.0,
2011-06-01,19.8,5.8,42.12,15:17,10.08,0.0,
2011-06-02,20.4,6.3,48.96,12:50,11.88,0.0,
2011-06-02,20.4,6.3,48.96,12:50,11.88,0.0,
2011-06-03,24.6,7.2,41.04,17:30,11.88,0.0,
2011-06-03,24.6,7.2,41.04,17:30,11.88,0.0,
2011-06-04,25.2,8.7,36.0,16:23,10.08,0.0,
2011-06-04,25.2,8.7,36.0,16:23,10.08,0.0,
2011-06-05,23.7,9.2,32.04,16:12,7.92,0.0,
2011-06-05,23.7,9.2,32.04,16:12,7.92,0.0,
2011-06-06,17.2,10.9,28.08,13:01,7.92,0.0,
2011-06-06,17.2,10.9,28.08,13:01,7.92,0.0,
2011-06-07,15.8,9.1,27.0,15:54,6.84,0.0,
2011-06-07,15.8,9.1,27.0,15:54,6.84,0.0,
2011-06-08,17.8,7.2,27.0,17:07,6.84,0.0,
2011-06-08,17.8,7.2,27.0,17:07,6.84,0.0,
2011-06-09,17.9,5.3,23.04,15:55,3.96,0.0,
2011-06-09,17.9,5.3,23.04,15:55,3.96,0.0,
2011-06-10,19.6,8.4,27.0,16:31,6.84,0.0,
2011-06-10,19.6,8.4,27.0,16:31,6.84,0.0,
2011-06-11,23.0,6.4,21.96,13:37,6.12,0.0,
2011-06-11,23.0,6.4,21.96,13:37,6.12,0.0,
2011-06-12,24.6,11.3,32.04,13:32,9.0,0.2,
2011-06-12,24.6,11.3,32.04,13:32,9.0,0.2,
2011-06-13,22.8,13.4,34.92,11:22,10.08,0.6,
2011-06-13,22.8,13.4,34.92,11:22,10.08,0.6,
2011-06-14,24.9,11.6,29.88,14:58,10.08,0.0,
2011-06-14,24.9,11.6,29.88,14:58,10.08,0.0,
2011-06-15,24.3,11.2,37.08,15:11,11.16,1.2,
2011-06-15,24.3,11.2,37.08,15:11,11.16,1.2,
2011-06-16,22.1,10.1,20.88,12:01,7.92,0.0,
2011-06-16,22.1,10.1,20.88,12:01,7.92,0.0,
2011-06-17,19.5,10.1,47.88,13:21,14.04,0.6,
2011-06-17,19.5,10.1,47.88,13:21,14.04,0.6,
2011-06-18,20.8,7.2,24.84,17:16,9.0,0.0,
2011-06-18,20.8,7.2,24.84,17:16,9.0,0.0,
2011-06-19,27.1,4.8,25.92,14:24,6.84,0.0,
2011-06-19,27.1,4.8,25.92,14:24,6.84,0.0,
2011-06-20,27.9,12.7,30.96,15:36,11.16,0.0,
2011-06-20,27.9,12.7,30.96,15:36,11.16,0.0,
2011-06-21,27.3,10.4,34.92,12:55,7.92,0.0,
2011-06-21,27.3,10.4,34.92,12:55,7.92,0.0,
2011-06-22,22.4,7.4,27.0,14:15,9.0,0.0,
2011-06-22,22.4,7.4,27.0,14:15,9.0,0.0,
2011-06-23,22.1,6.0,33.12,19:01,7.92,0.0,
2011-06-23,22.1,6.0,33.12,19:01,7.92,0.0,
2011-06-24,27.0,7.0,30.96,18:39,9.0,0.0,
2011-06-24,27.0,7.0,30.96,18:39,9.0,0.0,
2011-06-25,34.6,9.2,25.92,18:41,5.04,0.0,
2011-06-25,34.6,9.2,25.92,18:41,5.04,0.0,
2011-06-26,36.4,14.2,36.0,14:08,5.04,0.2,
2011-06-26,36.4,14.2,36.0,14:08,5.04,0.2,
2011-06-27,31.3,14.1,29.88,13:16,9.0,0.0,
2011-06-27,31.3,14.1,29.88,13:16,9.0,0.0,
2011-06-28,16.4,9.3,41.04,15:05,11.88,0.2,
2011-06-28,16.4,9.3,41.04,15:05,11.88,0.2,
2011-06-29,20.8,9.1,50.04,17:28,14.04,0.0,
2011-06-29,20.8,9.1,50.04,17:28,14.04,0.0,
2011-06-30,21.8,9.3,42.12,13:17,11.88,0.0,
2011-06-30,21.8,9.3,42.12,13:17,11.88,0.0,
2011-07-01,26.9,10.4,28.08,12:03,9.0,0.0,
2011-07-01,26.9,10.4,28.08,12:03,9.0,0.0,
2011-07-02,31.6,9.4,30.96,15:52,6.84,0.0,
2011-07-02,31.6,9.4,30.96,15:52,6.84,0.0,
2011-07-03,26.0,11.5,29.16,19:36,7.92,0.0,
2011-07-03,26.0,11.5,29.16,19:36,7.92,0.0,
2011-07-04,29.3,10.1,23.04,16:45,3.96,0.0,
2011-07-04,29.3,10.1,23.04,16:45,3.96,0.0,
2011-07-05,23.8,11.3,38.88,14:20,11.88,0.4,
2011-07-05,23.8,11.3,38.88,14:20,11.88,0.4,
2011-07-06,21.9,12.0,33.12,14:59,10.08,0.0,
2011-07-06,21.9,12.0,33.12,14:59,10.08,0.0,
2011-07-07,18.9,11.5,34.92,17:18,14.04,0.0,
2011-07-07,18.9,11.5,34.92,17:18,14.04,0.0,
2011-07-08,19.6,10.8,39.96,08:10,15.84,2.4,
2011-07-08,19.6,10.8,39.96,08:10,15.84,2.4,
2011-07-09,20.6,14.7,23.04,17:53,6.12,5.0,
2011-07-09,20.6,14.7,23.04,17:53,6.12,5.0,
2011-07-10,23.5,12.6,32.04,15:09,6.84,0.0,
2011-07-10,23.5,12.6,32.04,15:09,6.84,0.0,
2011-07-11,26.8,11.1,25.92,16:39,7.92,7.4,
2011-07-11,26.8,11.1,25.92,16:39,7.92,7.4,
2011-07-12,19.7,10.4,33.84,16:43,6.84,2.6,
2011-07-12,19.7,10.4,33.84,16:43,6.84,2.6,
2011-07-13,22.6,10.4,20.88,18:34,6.12,0.0,
2011-07-13,22.6,10.4,20.88,18:34,6.12,0.0,
2011-07-14,24.2,10.4,36.0,13:17,6.12,0.0,
2011-07-14,24.2,10.4,36.0,13:17,6.12,0.0,
2011-07-15,28.1,14.0,29.16,17:18,7.92,0.0,
2011-07-15,28.1,14.0,29.16,17:18,7.92,0.0,
2011-07-16,20.8,13.3,37.08,15:06,11.88,0.8,
2011-07-16,20.8,13.3,37.08,15:06,11.88,0.8,
2011-07-17,19.8,10.9,33.12,15:37,7.92,0.0,
2011-07-17,19.8,10.9,33.12,15:37,7.92,0.0,
2011-07-18,17.8,11.1,39.96,16:02,14.04,1.4,
2011-07-18,17.8,11.1,39.96,16:02,14.04,1.4,
2011-07-19,20.6,10.5,25.92,15:06,6.12,0.0,
2011-07-19,20.6,10.5,25.92,15:06,6.12,0.0,
2011-07-20,22.6,11.9,24.84,16:23,7.92,0.4,
2011-07-20,22.6,11.9,24.84,16:23,7.92,0.4,
2011-07-21,19.7,10.0,0.0,,0.0,0.0,
2011-07-21,19.7,10.0,0.0,,0.0,0.0,
2011-07-22,21.5,10.0,0.0,,0.0,0.0,
2011-07-22,21.5,10.0,0.0,,0.0,0.0,
2011-07-23,23.3,8.3,0.0,,0.0,0.0,
2011-07-23,23.3,8.3,0.0,,0.0,0.0,
2011-07-24,23.8,8.8,0.0,,0.0,0.2,
2011-07-24,23.8,8.8,0.0,,0.0,0.2,
2011-07-25,25.9,15.4,0.0,,0.0,0.6,
2011-07-25,25.9,15.4,0.0,,0.0,0.6,
2011-07-26,24.2,13.1,0.0,,0.0,0.0,
2011-07-26,24.2,13.1,0.0,,0.0,0.0,
2011-07-27,24.9,10.8,0.0,,0.0,0.0,
2011-07-27,24.9,10.8,0.0,,0.0,0.0,
2011-07-28,25.2,12.8,0.0,,0.0,0.0,
2011-07-28,25.2,12.8,0.0,,0.0,0.0,
2011-07-29,25.9,14.0,0.0,,0.0,0.0,
2011-07-29,25.9,14.0,0.0,,0.0,0.0,
2011-07-30,26.9,14.2,0.0,,0.0,0.0,
2011-07-30,26.9,14.2,0.0,,0.0,0.0,
2011-07-31,28.2,14.4,0.0,,0.0,0.0,
2011-07-31,28.2,14.4,0.0,,0.0,0.0,
2011-08-01,27.4,13.2,0.0,,0.0,0.0,
2011-08-01,27.4,13.2,0.0,,0.0,0.0,
2011-08-02,22.2,15.8,0.0,,0.0,0.0,
2011-08-02,22.2,15.8,0.0,,0.0,0.0,
2011-08-03,27.6,12.5,0.0,,0.0,0.0,
2011-08-03,27.6,12.5,0.0,,0.0,0.0,
2011-08-04,27.9,12.5,0.0,,0.0,0.6,
2011-08-04,27.9,12.5,0.0,,0.0,0.6,
2011-08-05,25.9,14.7,0.0,,0.0,0.2,
2011-08-05,25.9,14.7,0.0,,0.0,0.2,
2011-08-06,21.0,13.2,0.0,,0.0,1.0,
2011-08-06,21.0,13.2,0.0,,0.0,1.0,
2011-08-07,24.0,9.0,0.0,,0.0,0.2,
2011-08-07,24.0,9.0,0.0,,0.0,0.2,
2011-08-08,24.7,8.6,0.0,,0.0,0.0,
2011-08-08,24.7,8.6,0.0,,0.0,0.0,
2011-08-09,23.5,7.4,0.0,,0.0,0.0,
2011-08-09,23.5,7.4,0.0,,0.0,0.0,
2011-08-10,27.7,9.8,0.0,,0.0,0.0,
2011-08-10,27.7,9.8,0.0,,0.0,0.0,
2011-08-11,29.3,11.4,0.0,,0.0,0.0,
2011-08-11,29.3,11.4,0.0,,0.0,0.0,
2011-08-12,29.9,9.0,0.0,,0.0,0.0,
2011-08-12,29.9,9.0,0.0,,0.0,0.0,
2011-08-13,30.3,10.0,0.0,,0.0,0.0,
2011-08-13,30.3,10.0,0.0,,0.0,0.0,
2011-08-14,21.4,17.4,0.0,,0.0,0.8,
2011-08-14,21.4,17.4,0.0,,0.0,0.8,
2011-08-15,29.0,12.7,28.08,12:50,3.96,0.0,
2011-08-15,29.0,12.7,28.08,12:50,3.96,0.0,
2011-08-16,32.1,10.5,19.08,18:00,6.12,0.0,
2011-08-16,32.1,10.5,19.08,18:00,6.12,0.0,
2011-08-17,27.0,14.8,29.88,17:00,3.96,0.0,
2011-08-17,27.0,14.8,29.88,17:00,3.96,0.0,
2011-08-18,26.8,15.1,23.04,18:30,6.84,0.0,
2011-08-18,26.8,15.1,23.04,18:30,6.84,0.0,
2011-08-19,30.5,14.9,29.16,15:40,6.12,3.6,
2011-08-19,30.5,14.9,29.16,15:40,6.12,3.6,
2011-08-20,35.2,15.3,0.0,,0.0,0.0,
2011-08-20,35.2,15.3,0.0,,0.0,0.0,
2011-08-21,31.2,14.9,0.0,,0.0,8.6,
2011-08-21,31.2,14.9,0.0,,0.0,8.6,
2011-08-22,19.4,14.0,0.0,,0.0,3.4,
2011-08-22,19.4,14.0,0.0,,0.0,3.4,
2011-08-23,18.7,11.9,0.0,,0.0,0.0,
2011-08-23,18.7,11.9,0.0,,0.0,0.0,
2011-08-24,23.0,10.5,0.0,,0.0,0.0,
2011-08-24,23.0,10.5,0.0,,0.0,0.0,
2011-08-25,23.1,10.2,0.0,,0.0,2.8,
2011-08-25,23.1,10.2,0.0,,0.0,2.8,
2011-08-26,20.4,7.9,48.96,15:50,11.16,0.0,
2011-08-26,20.4,7.9,48.96,15:50,11.16,0.0,
2011-08-27,23.2,5.5,33.84,15:20,6.12,0.0,
2011-08-27,23.2,5.5,33.84,15:20,6.12,0.0,
2011-08-28,27.3,6.5,33.12,17:40,5.04,0.0,
2011-08-28,27.3,6.5,33.12,17:40,5.04,0.0,
2011-08-29,25.6,11.0,30.96,17:40,5.04,0.0,
2011-08-29,25.6,11.0,30.96,17:40,5.04,0.0,
2011-08-30,26.8,11.4,24.84,16:30,3.96,0.2,
2011-08-30,26.8,11.4,24.84,16:30,3.96,0.2,
2011-08-31,23.4,13.3,29.88,13:20,6.12,1.0,
2011-08-31,23.4,13.3,29.88,13:20,6.12,1.0,
2011-09-01,25.0,13.1,34.92,12:00,6.12,0.4,
2011-09-01,25.0,13.1,34.92,12:00,6.12,0.4,
2011-09-02,25.4,13.6,19.08,14:30,6.12,0.0,
2011-09-02,25.4,13.6,19.08,14:30,6.12,0.0,
2011-09-03,23.2,13.8,34.92,14:40,10.08,7.6,
2011-09-03,23.2,13.8,34.92,14:40,10.08,7.6,
2011-09-04,21.5,12.5,27.0,14:10,6.84,0.0,
2011-09-04,21.5,12.5,27.0,14:10,6.84,0.0,
2011-09-05,22.6,9.4,19.08,16:20,5.04,0.0,
2011-09-05,22.6,9.4,19.08,16:20,5.04,0.0,
2011-09-06,27.7,6.3,27.0,16:00,5.04,0.0,
2011-09-06,27.7,6.3,27.0,16:00,5.04,0.0,
2011-09-07,25.9,9.0,18.0,16:20,2.88,0.0,
2011-09-07,25.9,9.0,18.0,16:20,2.88,0.0,
2011-09-08,27.2,16.1,23.04,17:20,6.12,0.0,
2011-09-08,27.2,16.1,23.04,17:20,6.12,0.0,
2011-09-09,31.7,14.2,39.96,16:10,9.0,0.0,
2011-09-09,31.7,14.2,39.96,16:10,9.0,0.0,
2011-09-10,23.1,11.2,41.04,14:40,11.88,0.0,
2011-09-10,23.1,11.2,41.04,14:40,11.88,0.0,
2011-09-11,19.3,14.9,36.0,07:00,11.88,0.2,
2011-09-11,19.3,14.9,36.0,07:00,11.88,0.2,
2011-09-12,29.2,14.2,30.96,11:00,7.92,0.0,
2011-09-12,29.2,14.2,30.96,11:00,7.92,0.0,
2011-09-13,23.5,14.9,34.92,17:10,6.12,0.0,
2011-09-13,23.5,14.9,34.92,17:10,6.12,0.0,
2011-09-14,22.6,14.6,32.04,14:20,7.92,0.0,
2011-09-14,22.6,14.6,32.04,14:20,7.92,0.0,
2011-09-15,31.6,13.2,29.88,14:50,3.96,0.0,
2011-09-15,31.6,13.2,29.88,14:50,3.96,0.0,
2011-09-16,23.6,12.6,24.84,17:10,5.04,0.0,
2011-09-16,23.6,12.6,24.84,17:10,5.04,0.0,
2011-09-17,20.7,12.5,24.12,15:40,3.96,0.6,
2011-09-17,20.7,12.5,24.12,15:40,3.96,0.6,
2011-09-18,18.7,5.6,32.04,11:50,5.04,1.0,
2011-09-18,18.7,5.6,32.04,11:50,5.04,1.0,
2011-09-19,22.0,4.6,20.16,21:50,3.96,0.0,
2011-09-19,22.0,4.6,20.16,21:50,3.96,0.0,
2011-09-20,29.2,10.8,34.92,16:50,3.96,0.0,
2011-09-20,29.2,10.8,34.92,16:50,3.96,0.0,
2011-09-21,22.4,10.7,29.88,15:50,5.04,0.0,
2011-09-21,22.4,10.7,29.88,15:50,5.04,0.0,
2011-09-22,24.1,13.5,27.0,15:40,6.84,0.0,
2011-09-22,24.1,13.5,27.0,15:40,6.84,0.0,
2011-09-23,21.7,11.7,21.96,16:10,6.12,0.0,
2011-09-23,21.7,11.7,21.96,16:10,6.12,0.0,
2011-09-24,24.2,11.3,20.88,12:40,6.12,0.0,
2011-09-24,24.2,11.3,20.88,12:40,6.12,0.0,
2011-09-25,28.0,10.8,25.92,13:20,5.04,0.0,
2011-09-25,28.0,10.8,25.92,13:20,5.04,0.0,
2011-09-26,28.0,8.9,20.88,15:50,3.96,0.0,
2011-09-26,28.0,8.9,20.88,15:50,3.96,0.0,
2011-09-27,25.9,13.3,11.16,11:40,1.08,0.0,
2011-09-27,25.9,13.3,11.16,11:40,1.08,0.0,
2011-09-28,21.0,12.2,25.92,13:10,5.04,1.4,
2011-09-28,21.0,12.2,25.92,13:10,5.04,1.4,
2011-09-29,29.6,10.2,27.0,12:10,6.12,0.0,
2011-09-29,29.6,10.2,27.0,12:10,6.12,0.0,
2011-09-30,29.3,11.3,25.92,12:50,6.84,0.0,
2011-09-30,29.3,11.3,25.92,12:50,6.84,0.0,
2011-10-01,29.7,9.7,25.92,11:00,3.96,0.0,
2011-10-01,29.7,9.7,25.92,11:00,3.96,0.0,
2011-10-02,30.6,8.5,20.88,11:40,5.04,0.0,
2011-10-02,30.6,8.5,20.88,11:40,5.04,0.0,
2011-10-03,30.4,7.9,24.12,16:20,2.88,0.0,
2011-10-03,30.4,7.9,24.12,16:20,2.88,0.0,
2011-10-04,29.0,8.7,23.04,16:30,3.96,0.0,
2011-10-04,29.0,8.7,23.04,16:30,3.96,0.0,
2011-10-05,29.3,12.2,18.0,15:30,2.88,0.0,
2011-10-05,29.3,12.2,18.0,15:30,2.88,0.0,
2011-10-06,22.0,8.6,24.12,16:40,6.12,4.4,
2011-10-06,22.0,8.6,24.12,16:40,6.12,4.4,
2011-10-07,17.1,11.1,29.88,09:20,6.12,0.0,
2011-10-07,17.1,11.1,29.88,09:20,6.12,0.0,
2011-10-08,18.0,8.1,38.88,16:40,6.84,0.0,
2011-10-08,18.0,8.1,38.88,16:40,6.84,0.0,
2011-10-09,22.9,4.9,24.12,14:20,5.04,0.0,
2011-10-09,22.9,4.9,24.12,14:20,5.04,0.0,
2011-10-10,29.2,5.3,14.04,14:50,2.88,0.0,
2011-10-10,29.2,5.3,14.04,14:50,2.88,0.0,
2011-10-11,30.0,6.0,15.84,17:10,3.96,0.0,
2011-10-11,30.0,6.0,15.84,17:10,3.96,0.0,
2011-10-12,29.2,5.8,18.0,16:30,3.96,0.0,
2011-10-12,29.2,5.8,18.0,16:30,3.96,0.0,
2011-10-13,27.4,10.1,15.12,15:40,2.88,0.0,
2011-10-13,27.4,10.1,15.12,15:40,2.88,0.0,
2011-10-14,28.6,4.6,15.84,16:40,2.16,0.0,
2011-10-14,28.6,4.6,15.84,16:40,2.16,0.0,
2011-10-15,28.9,1.4,28.08,15:30,2.16,0.0,
2011-10-15,28.9,1.4,28.08,15:30,2.16,0.0,
2011-10-16,26.2,3.4,15.12,15:50,2.16,0.0,
2011-10-16,26.2,3.4,15.12,15:50,2.16,0.0,
2011-10-17,26.5,4.7,16.92,13:30,2.16,0.0,
2011-10-17,26.5,4.7,16.92,13:30,2.16,0.0,
2011-10-18,19.4,7.2,15.84,18:10,3.96,0.2,
2011-10-18,19.4,7.2,15.84,18:10,3.96,0.2,
2011-10-19,17.3,9.9,34.92,15:40,5.04,1.4,
2011-10-19,17.3,9.9,34.92,15:40,5.04,1.4,
2011-10-20,17.6,3.2,38.16,09:40,5.04,0.0,
2011-10-20,17.6,3.2,38.16,09:40,5.04,0.0,
2011-10-21,20.1,-0.6,23.04,14:10,6.12,0.0,
2011-10-21,20.1,-0.6,23.04,14:10,6.12,0.0,
2011-10-22,23.1,2.1,39.96,14:10,6.12,0.0,
2011-10-22,23.1,2.1,39.96,14:10,6.12,0.0,
2011-10-23,19.0,12.7,60.84,08:20,15.84,47.4,
2011-10-23,19.0,12.7,60.84,08:20,15.84,47.4,
2011-10-24,13.4,6.5,60.12,14:40,11.88,5.4,
2011-10-24,13.4,6.5,60.12,14:40,11.88,5.4,
2011-10-25,12.2,5.4,39.96,13:40,10.08,3.2,
2011-10-25,12.2,5.4,39.96,13:40,10.08,3.2,
2011-10-26,15.3,8.1,0.0,,0.0,72.8,
2011-10-26,15.3,8.1,0.0,,0.0,72.8,
2011-10-27,13.5,8.0,0.0,,0.0,7.4,
2011-10-27,13.5,8.0,0.0,,0.0,7.4,
2011-10-28,16.4,3.1,19.08,13:40,2.16,0.0,
2011-10-28,16.4,3.1,19.08,13:40,2.16,0.0,
2011-10-29,19.0,1.4,20.88,12:20,6.12,0.2,
2011-10-29,19.0,1.4,20.88,12:20,6.12,0.2,
2011-10-30,20.1,3.5,20.16,14:30,5.04,0.0,
2011-10-30,20.1,3.5,20.16,14:30,5.04,0.0,
2011-10-31,18.5,3.6,39.96,12:20,9.0,8.6,
2011-10-31,18.5,3.6,39.96,12:20,9.0,8.6,
2011-11-01,14.6,3.9,21.96,12:10,3.96,0.2,
2011-11-01,14.6,3.9,21.96,12:10,3.96,0.2,
2011-11-02,16.9,10.1,68.04,10:50,11.88,19.4,
2011-11-02,16.9,10.1,68.04,10:50,11.88,19.4,
2011-11-03,13.0,8.7,42.12,11:20,14.04,2.8,
2011-11-03,13.0,8.7,42.12,11:20,14.04,2.8,
2011-11-04,12.0,5.7,28.08,13:00,5.04,1.2,
2011-11-04,12.0,5.7,28.08,13:00,5.04,1.2,
2011-11-05,12.7,5.8,30.96,14:30,2.88,4.6,
2011-11-05,12.7,5.8,30.96,14:30,2.88,4.6,
2011-11-06,12.2,4.5,29.16,15:20,3.96,0.2,
2011-11-06,12.2,4.5,29.16,15:20,3.96,0.2,
2011-11-07,17.1,3.7,14.04,12:20,6.12,0.0,
2011-11-07,17.1,3.7,14.04,12:20,6.12,0.0,
2011-11-08,13.7,1.8,30.96,23:40,6.12,0.2,
2011-11-08,13.7,1.8,30.96,23:40,6.12,0.2,
2011-11-09,14.5,9.9,29.88,11:00,5.04,2.0,
2011-11-09,14.5,9.9,29.88,11:00,5.04,2.0,
2011-11-10,15.7,9.7,39.96,22:00,7.92,10.6,
2011-11-10,15.7,9.7,39.96,22:00,7.92,10.6,
2011-11-11,15.3,8.7,30.96,00:10,5.04,7.8,
2011-11-11,15.3,8.7,30.96,00:10,5.04,7.8,
2011-11-12,20.7,7.8,45.0,23:30,9.0,0.0,
2011-11-12,20.7,7.8,45.0,23:30,9.0,0.0,
2011-11-13,20.3,15.2,75.96,12:10,14.04,0.4,
2011-11-13,20.3,15.2,75.96,12:10,14.04,0.4,
2011-11-14,17.1,7.9,45.0,11:40,10.08,1.2,
2011-11-14,17.1,7.9,45.0,11:40,10.08,1.2,
2011-11-15,13.3,5.1,25.92,12:50,3.96,6.0,
2011-11-15,13.3,5.1,25.92,12:50,3.96,6.0,
2011-11-16,11.4,6.8,23.04,00:40,6.84,1.4,
2011-11-16,11.4,6.8,23.04,00:40,6.84,1.4,
2011-11-17,14.2,3.6,19.08,11:40,3.96,0.2,
2011-11-17,14.2,3.6,19.08,11:40,3.96,0.2,
2011-11-18,13.4,0.5,30.96,11:00,6.84,3.4,
2011-11-18,13.4,0.5,30.96,11:00,6.84,3.4,
2011-11-19,16.0,6.8,24.12,01:50,5.04,1.8,
2011-11-19,16.0,6.8,24.12,01:50,5.04,1.8,
2011-11-20,15.8,8.6,12.96,13:20,2.88,2.2,
2011-11-20,15.8,8.6,12.96,13:20,2.88,2.2,
2011-11-21,13.3,6.9,28.08,19:10,5.04,2.2,
2011-11-21,13.3,6.9,28.08,19:10,5.04,2.2,
2011-11-22,13.8,3.0,24.12,17:00,5.04,5.6,
2011-11-22,13.8,3.0,24.12,17:00,5.04,5.6,
2011-11-23,14.3,5.4,24.84,05:50,3.96,0.2,
2011-11-23,14.3,5.4,24.84,05:50,3.96,0.2,
2011-11-24,12.9,3.2,11.16,04:30,2.88,0.2,
2011-11-24,12.9,3.2,11.16,04:30,2.88,0.2,
2011-11-25,10.8,2.5,15.84,08:30,1.08,0.2,
2011-11-25,10.8,2.5,15.84,08:30,1.08,0.2,
2011-11-26,8.7,2.4,10.08,00:50,2.16,0.4,
2011-11-26,8.7,2.4,10.08,00:50,2.16,0.4,
2011-11-27,14.0,2.2,25.92,14:00,3.96,0.2,
2011-11-27,14.0,2.2,25.92,14:00,3.96,0.2,
2011-11-28,15.6,-0.1,18.0,13:20,2.88,0.2,
2011-11-28,15.6,-0.1,18.0,13:20,2.88,0.2,
2011-11-29,12.4,5.0,48.96,14:30,9.0,1.4,
2011-11-29,12.4,5.0,48.96,14:30,9.0,1.4,
2011-11-30,15.0,9.3,36.0,19:30,9.0,0.0,
2011-11-30,15.0,9.3,36.0,19:30,9.0,0.0,
2011-12-01,13.6,5.7,56.88,14:00,15.12,20.0,
2011-12-01,13.6,5.7,56.88,14:00,15.12,20.0,
2011-12-02,12.0,2.0,24.84,14:10,3.96,1.4,
2011-12-02,12.0,2.0,24.84,14:10,3.96,1.4,
2011-12-03,9.2,1.6,29.88,13:20,7.92,1.6,
2011-12-03,9.2,1.6,29.88,13:20,7.92,1.6,
2011-12-04,11.3,8.7,37.08,19:40,10.08,1.0,
2011-12-04,11.3,8.7,37.08,19:40,10.08,1.0,
2011-12-05,13.0,10.6,24.84,12:50,9.0,4.6,
2011-12-05,13.0,10.6,24.84,12:50,9.0,4.6,
2011-12-06,10.9,7.6,29.16,20:10,6.84,0.0,
2011-12-06,10.9,7.6,29.16,20:10,6.84,0.0,
2011-12-07,12.9,6.6,28.08,01:00,7.92,0.0,
2011-12-07,12.9,6.6,28.08,01:00,7.92,0.0,
2011-12-08,13.3,4.7,23.04,10:20,7.92,0.4,
2011-12-08,13.3,4.7,23.04,10:20,7.92,0.4,
2011-12-09,12.1,8.8,32.04,13:30,7.92,12.6,
2011-12-09,12.1,8.8,32.04,13:30,7.92,12.6,
2011-12-10,13.0,2.8,25.92,08:20,6.12,1.8,
2011-12-10,13.0,2.8,25.92,08:20,6.12,1.8,
2011-12-11,9.9,0.3,28.08,19:30,6.84,1.2,
2011-12-11,9.9,0.3,28.08,19:30,6.84,1.2,
2011-12-12,10.2,6.0,45.0,19:40,10.08,0.8,
2011-12-12,10.2,6.0,45.0,19:40,10.08,0.8,
2011-12-13,12.2,9.9,50.04,02:00,15.84,11.2,
2011-12-13,12.2,9.9,50.04,02:00,15.84,11.2,
2011-12-14,10.1,6.4,52.92,12:50,15.12,2.4,
2011-12-14,10.1,6.4,52.92,12:50,15.12,2.4,
2011-12-15,12.2,7.4,81.0,15:00,14.04,1.2,
2011-12-15,12.2,7.4,81.0,15:00,14.04,1.2,
2011-12-16,14.1,3.1,83.16,09:40,16.92,12.8,
2011-12-16,14.1,3.1,83.16,09:40,16.92,12.8,
2011-12-17,8.4,2.2,25.92,12:50,2.88,0.6,
2011-12-17,8.4,2.2,25.92,12:50,2.88,0.6,
2011-12-18,8.6,0.5,10.08,04:30,2.88,0.2,
2011-12-18,8.6,0.5,10.08,04:30,2.88,0.2,
2011-12-19,9.3,-0.6,20.88,23:20,2.88,1.4,
2011-12-19,9.3,-0.6,20.88,23:20,2.88,1.4,
2011-12-20,11.0,4.8,30.96,00:40,5.04,1.6,
2011-12-20,11.0,4.8,30.96,00:40,5.04,1.6,
2011-12-21,11.8,8.3,14.04,22:40,2.16,0.2,
2011-12-21,11.8,8.3,14.04,22:40,2.16,0.2,
2011-12-22,12.2,0.8,21.96,12:40,6.12,0.4,
2011-12-22,12.2,0.8,21.96,12:40,6.12,0.4,
2011-12-23,10.0,-0.3,29.88,20:10,3.96,1.2,
2011-12-23,10.0,-0.3,29.88,20:10,3.96,1.2,
2011-12-24,11.7,0.0,20.16,11:50,2.88,0.0,
2011-12-24,11.7,0.0,20.16,11:50,2.88,0.0,
2011-12-25,11.3,-3.2,12.96,12:50,2.16,0.0,
2011-12-25,11.3,-3.2,12.96,12:50,2.16,0.0,
2011-12-26,6.0,-5.0,11.88,19:10,2.16,0.2,
2011-12-26,6.0,-5.0,11.88,19:10,2.16,0.2,
2011-12-27,10.2,-5.2,15.12,23:20,3.96,0.2,
2011-12-27,10.2,-5.2,15.12,23:20,3.96,0.2,
2011-12-28,6.0,-1.5,23.04,11:40,2.16,0.8,
2011-12-28,6.0,-1.5,23.04,11:40,2.16,0.8,
2011-12-29,9.5,-1.2,27.0,12:50,3.96,0.0,
2011-12-29,9.5,-1.2,27.0,12:50,3.96,0.0,
2011-12-30,10.1,-1.7,18.0,14:50,2.16,0.0,
2011-12-30,10.1,-1.7,18.0,14:50,2.16,0.0,
2011-12-31,10.8,5.9,36.0,12:00,9.0,0.2,
2011-12-31,10.8,5.9,36.0,12:00,9.0,0.2,
2012-01-01,11.7,8.3,65.88,14:50,14.04,9.2,
2012-01-01,11.7,8.3,65.88,14:50,14.04,9.2,
2012-01-02,10.8,6.0,47.16,05:10,10.08,0.0,
2012-01-02,10.8,6.0,47.16,05:10,10.08,0.0,
2012-01-03,11.6,8.4,47.16,14:10,11.88,1.2,
2012-01-03,11.6,8.4,47.16,14:10,11.88,1.2,
2012-01-04,14.1,7.7,29.88,00:00,6.84,1.0,
2012-01-04,14.1,7.7,29.88,00:00,6.84,1.0,
2012-01-05,10.9,7.5,24.12,12:20,6.12,0.0,
2012-01-05,10.9,7.5,24.12,12:20,6.12,0.0,
2012-01-06,12.5,7.9,24.12,14:50,3.96,0.4,
2012-01-06,12.5,7.9,24.12,14:50,3.96,0.4,
2012-01-07,12.9,1.9,20.88,16:20,3.96,0.0,
2012-01-07,12.9,1.9,20.88,16:20,3.96,0.0,
2012-01-08,12.7,0.0,18.0,10:10,2.88,0.4,
2012-01-08,12.7,0.0,18.0,10:10,2.88,0.4,
2012-01-09,11.3,-2.5,15.84,17:00,1.08,0.2,
2012-01-09,11.3,-2.5,15.84,17:00,1.08,0.2,
2012-01-10,4.3,-2.1,7.92,18:50,2.16,0.2,
2012-01-10,4.3,-2.1,7.92,18:50,2.16,0.2,
2012-01-11,10.0,-2.2,12.96,11:50,2.16,0.6,
2012-01-11,10.0,-2.2,12.96,11:50,2.16,0.6,
2012-01-12,6.2,-3.6,6.84,00:50,1.08,0.4,
2012-01-12,6.2,-3.6,6.84,00:50,1.08,0.4,
2012-01-13,10.1,-3.1,9.0,13:20,2.88,0.0,
2012-01-13,10.1,-3.1,9.0,13:20,2.88,0.0,
2012-01-14,10.9,-3.6,38.88,19:40,6.12,1.2,
2012-01-14,10.9,-3.6,38.88,19:40,6.12,1.2,
2012-01-15,7.6,-0.9,38.16,09:10,9.0,4.6,
2012-01-15,7.6,-0.9,38.16,09:10,9.0,4.6,
2012-01-16,6.7,-1.7,15.12,14:40,2.16,0.0,
2012-01-16,6.7,-1.7,15.12,14:40,2.16,0.0,
2012-01-17,10.5,-2.8,16.92,14:30,2.16,0.0,
2012-01-17,10.5,-2.8,16.92,14:30,2.16,0.0,
2012-01-18,10.1,3.8,11.88,11:20,1.08,0.6,
2012-01-18,10.1,3.8,11.88,11:20,1.08,0.6,
2012-01-19,10.2,7.8,16.92,08:40,3.96,0.6,
2012-01-19,10.2,7.8,16.92,08:40,3.96,0.6,
2012-01-20,12.7,7.1,15.12,12:10,2.16,1.0,
2012-01-20,12.7,7.1,15.12,12:10,2.16,1.0,
2012-01-21,10.6,7.8,11.88,15:30,2.16,0.2,
2012-01-21,10.6,7.8,11.88,15:30,2.16,0.2,
2012-01-22,11.0,3.9,28.08,15:10,2.88,0.0,
2012-01-22,11.0,3.9,28.08,15:10,2.88,0.0,
2012-01-23,13.2,2.5,28.08,13:20,2.88,0.0,
2012-01-23,13.2,2.5,28.08,13:20,2.88,0.0,
2012-01-24,13.9,0.7,23.04,16:50,2.88,0.2,
2012-01-24,13.9,0.7,23.04,16:50,2.88,0.2,
2012-01-25,14.5,-1.6,27.0,12:00,6.12,1.6,
2012-01-25,14.5,-1.6,27.0,12:00,6.12,1.6,
2012-01-26,8.7,0.5,23.04,14:50,5.04,0.2,
2012-01-26,8.7,0.5,23.04,14:50,5.04,0.2,
2012-01-27,10.5,-2.0,27.0,14:40,2.88,0.2,
2012-01-27,10.5,-2.0,27.0,14:40,2.88,0.2,
2012-01-28,10.7,-4.2,24.84,14:50,3.96,0.0,
2012-01-28,10.7,-4.2,24.84,14:50,3.96,0.0,
2012-01-29,11.0,-1.5,24.12,15:40,3.96,0.0,
2012-01-29,11.0,-1.5,24.12,15:40,3.96,0.0,
2012-01-30,12.6,-3.5,12.96,12:40,6.12,0.0,
2012-01-30,12.6,-3.5,12.96,12:40,6.12,0.0,
2012-01-31,8.6,-2.0,23.04,09:40,2.88,1.0,
2012-01-31,8.6,-2.0,23.04,09:40,2.88,1.0,
2012-02-01,10.3,2.8,36.0,19:10,6.12,1.2,
2012-02-01,10.3,2.8,36.0,19:10,6.12,1.2,
2012-02-02,5.6,0.4,38.88,14:00,6.84,0.0,
2012-02-02,5.6,0.4,38.88,14:00,6.84,0.0,
2012-02-03,6.4,-3.8,36.0,12:20,6.84,0.0,
2012-02-03,6.4,-3.8,36.0,12:20,6.84,0.0,
2012-02-04,7.2,-7.0,24.12,12:40,3.96,0.0,
2012-02-04,7.2,-7.0,24.12,12:40,3.96,0.0,
2012-02-05,9.6,-2.7,27.0,15:40,6.12,5.0,
2012-02-05,9.6,-2.7,27.0,15:40,6.12,5.0,
2012-02-06,10.3,7.6,29.88,13:00,7.92,1.6,
2012-02-06,10.3,7.6,29.88,13:00,7.92,1.6,
2012-02-07,9.6,2.5,38.88,13:10,6.84,0.8,
2012-02-07,9.6,2.5,38.88,13:10,6.84,0.8,
2012-02-08,6.6,-2.0,51.12,11:20,6.12,0.2,
2012-02-08,6.6,-2.0,51.12,11:20,6.12,0.2,
2012-02-09,7.1,-2.4,30.96,12:50,6.84,0.0,
2012-02-09,7.1,-2.4,30.96,12:50,6.84,0.0,
2012-02-10,9.0,-4.3,33.12,13:10,3.96,0.0,
2012-02-10,9.0,-4.3,33.12,13:10,3.96,0.0,
2012-02-11,9.8,-1.4,36.0,17:00,5.04,0.0,
2012-02-11,9.8,-1.4,36.0,17:00,5.04,0.0,
2012-02-12,7.3,-2.7,34.92,13:00,6.84,0.0,
2012-02-12,7.3,-2.7,34.92,13:00,6.84,0.0,
2012-02-13,9.6,-5.3,29.16,14:40,5.04,2.0,
2012-02-13,9.6,-5.3,29.16,14:40,5.04,2.0,
2012-02-14,8.7,2.3,51.12,11:40,7.92,4.8,
2012-02-14,8.7,2.3,51.12,11:40,7.92,4.8,
2012-02-15,10.3,0.2,27.0,19:00,2.88,0.2,
2012-02-15,10.3,0.2,27.0,19:00,2.88,0.2,
2012-02-16,9.7,3.8,38.88,15:30,6.84,0.0,
2012-02-16,9.7,3.8,38.88,15:30,6.84,0.0,
2012-02-17,12.9,-0.6,29.88,15:20,5.04,0.0,
2012-02-17,12.9,-0.6,29.88,15:20,5.04,0.0,
2012-02-18,12.0,-1.9,19.08,17:20,2.88,0.0,
2012-02-18,12.0,-1.9,19.08,17:20,2.88,0.0,
2012-02-19,10.4,-0.4,28.08,16:00,3.96,0.2,
2012-02-19,10.4,-0.4,28.08,16:00,3.96,0.2,
2012-02-20,13.6,-3.3,23.04,16:40,5.04,0.0,
2012-02-20,13.6,-3.3,23.04,16:40,5.04,0.0,
2012-02-21,14.8,-4.3,18.0,14:30,2.88,0.0,
2012-02-21,14.8,-4.3,18.0,14:30,2.88,0.0,
2012-02-22,17.1,-4.0,24.12,16:10,2.88,0.0,
2012-02-22,17.1,-4.0,24.12,16:10,2.88,0.0,
2012-02-23,19.6,-3.3,23.04,15:30,2.88,0.0,
2012-02-23,19.6,-3.3,23.04,15:30,2.88,0.0,
2012-02-24,19.8,-0.8,23.04,16:20,3.96,0.0,
2012-02-24,19.8,-0.8,23.04,16:20,3.96,0.0,
2012-02-25,15.1,4.5,14.04,11:50,2.88,0.0,
2012-02-25,15.1,4.5,14.04,11:50,2.88,0.0,
2012-02-26,14.8,5.4,23.04,16:50,3.96,0.0,
2012-02-26,14.8,5.4,23.04,16:50,3.96,0.0,
2012-02-27,17.9,1.9,30.96,12:50,6.12,0.0,
2012-02-27,17.9,1.9,30.96,12:50,6.12,0.0,
2012-02-28,19.8,1.3,15.84,11:40,2.88,0.0,
2012-02-28,19.8,1.3,15.84,11:40,2.88,0.0,
2012-02-29,20.5,-0.8,39.96,14:50,2.16,0.0,
2012-02-29,20.5,-0.8,39.96,14:50,2.16,0.0,
2012-03-01,19.9,3.0,25.92,16:20,3.96,1.6,
2012-03-01,19.9,3.0,25.92,16:20,3.96,1.6,
2012-03-02,16.9,-0.1,42.12,17:20,9.0,0.4,
2012-03-02,16.9,-0.1,42.12,17:20,9.0,0.4,
2012-03-03,14.4,7.6,38.16,04:00,11.16,0.4,
2012-03-03,14.4,7.6,38.16,04:00,11.16,0.4,
2012-03-04,11.3,0.8,39.96,07:00,10.08,0.0,
2012-03-04,11.3,0.8,39.96,07:00,10.08,0.0,
2012-03-05,13.5,-2.8,24.84,17:00,2.88,0.0,
2012-03-05,13.5,-2.8,24.84,17:00,2.88,0.0,
2012-03-06,14.6,-3.0,21.96,18:30,5.04,0.6,
2012-03-06,14.6,-3.0,21.96,18:30,5.04,0.6,
2012-03-07,15.0,7.3,29.16,17:40,5.04,0.0,
2012-03-07,15.0,7.3,29.16,17:40,5.04,0.0,
2012-03-08,16.4,3.6,25.92,15:30,6.84,0.0,
2012-03-08,16.4,3.6,25.92,15:30,6.84,0.0,
2012-03-09,20.4,-0.6,27.0,15:10,6.84,0.0,
2012-03-09,20.4,-0.6,27.0,15:10,6.84,0.0,
2012-03-10,22.5,0.7,34.92,16:40,6.84,0.0,
2012-03-10,22.5,0.7,34.92,16:40,6.84,0.0,
2012-03-11,17.4,3.1,33.84,15:00,6.84,0.0,
2012-03-11,17.4,3.1,33.84,15:00,6.84,0.0,
2012-03-12,21.6,3.0,21.96,16:50,5.04,0.0,
2012-03-12,21.6,3.0,21.96,16:50,5.04,0.0,
2012-03-13,21.6,2.9,15.84,15:10,3.96,0.0,
2012-03-13,21.6,2.9,15.84,15:10,3.96,0.0,
2012-03-14,24.9,0.6,32.04,13:20,2.88,0.0,
2012-03-14,24.9,0.6,32.04,13:20,2.88,0.0,
2012-03-15,25.8,1.4,34.92,14:50,3.96,0.0,
2012-03-15,25.8,1.4,34.92,14:50,3.96,0.0,
2012-03-16,20.8,2.9,39.96,14:20,6.12,0.0,
2012-03-16,20.8,2.9,39.96,14:20,6.12,0.0,
2012-03-17,11.0,3.1,51.84,15:50,15.12,8.0,
2012-03-17,11.0,3.1,51.84,15:50,15.12,8.0,
2012-03-18,10.3,0.2,51.12,14:20,7.92,4.4,
2012-03-18,10.3,0.2,51.12,14:20,7.92,4.4,
2012-03-19,12.5,-0.3,32.04,14:10,5.04,0.0,
2012-03-19,12.5,-0.3,32.04,14:10,5.04,0.0,
2012-03-20,13.7,-2.1,57.96,10:50,6.84,0.0,
2012-03-20,13.7,-2.1,57.96,10:50,6.84,0.0,
2012-03-21,13.6,-2.8,34.92,11:10,6.12,0.0,
2012-03-21,13.6,-2.8,34.92,11:10,6.12,0.0,
2012-03-22,18.8,-2.4,29.88,11:40,5.04,0.0,
2012-03-22,18.8,-2.4,29.88,11:40,5.04,0.0,
2012-03-23,24.0,-0.5,29.16,14:10,6.12,0.0,
2012-03-23,24.0,-0.5,29.16,14:10,6.12,0.0,
2012-03-24,25.5,5.4,30.96,16:50,3.96,0.0,
2012-03-24,25.5,5.4,30.96,16:50,3.96,0.0,
2012-03-25,23.5,5.8,34.92,15:40,6.12,0.0,
2012-03-25,23.5,5.8,34.92,15:40,6.12,0.0,
2012-03-26,26.0,3.1,29.16,14:20,5.04,0.0,
2012-03-26,26.0,3.1,29.16,14:20,5.04,0.0,
2012-03-27,25.3,2.8,27.0,16:50,5.04,0.0,
2012-03-27,25.3,2.8,27.0,16:50,5.04,0.0,
2012-03-28,24.8,1.7,33.84,16:40,5.04,0.0,
2012-03-28,24.8,1.7,33.84,16:40,5.04,0.0,
2012-03-29,22.3,1.6,29.16,14:30,3.96,0.0,
2012-03-29,22.3,1.6,29.16,14:30,3.96,0.0,
2012-03-30,23.5,1.2,33.84,15:40,6.12,0.0,
2012-03-30,23.5,1.2,33.84,15:40,6.12,0.0,
2012-03-31,21.1,1.7,32.04,12:50,6.84,0.0,
2012-03-31,21.1,1.7,32.04,12:50,6.84,0.0,
2012-04-01,20.5,6.3,37.08,14:40,6.84,0.0,
2012-04-01,20.5,6.3,37.08,14:40,6.84,0.0,
2012-04-02,14.9,8.3,21.96,14:50,5.04,0.0,
2012-04-02,14.9,8.3,21.96,14:50,5.04,0.0,
2012-04-03,10.6,5.6,34.92,15:30,6.12,0.0,
2012-04-03,10.6,5.6,34.92,15:30,6.12,0.0,
2012-04-04,13.2,4.0,37.08,17:10,6.84,0.2,
2012-04-04,13.2,4.0,37.08,17:10,6.84,0.2,
2012-04-05,13.5,1.0,25.92,17:50,5.04,0.0,
2012-04-05,13.5,1.0,25.92,17:50,5.04,0.0,
2012-04-06,9.0,1.3,28.08,15:20,3.96,7.4,
2012-04-06,9.0,1.3,28.08,15:20,3.96,7.4,
2012-04-07,10.6,0.1,21.96,12:10,2.88,0.2,
2012-04-07,10.6,0.1,21.96,12:10,2.88,0.2,
2012-04-08,17.7,-1.8,27.0,14:20,6.12,0.0,
2012-04-08,17.7,-1.8,27.0,14:20,6.12,0.0,
2012-04-09,22.5,2.1,54.0,17:50,11.16,3.2,
2012-04-09,22.5,2.1,54.0,17:50,11.16,3.2,
2012-04-10,11.7,6.3,57.96,14:40,10.08,2.6,
2012-04-10,11.7,6.3,57.96,14:40,10.08,2.6,
2012-04-11,10.8,6.3,52.92,12:30,11.16,7.6,
2012-04-11,10.8,6.3,52.92,12:30,11.16,7.6,
2012-04-12,12.9,6.1,33.12,18:00,6.84,2.2,
2012-04-12,12.9,6.1,33.12,18:00,6.84,2.2,
2012-04-13,10.5,4.6,38.16,22:40,7.92,13.8,
2012-04-13,10.5,4.6,38.16,22:40,7.92,13.8,
2012-04-14,11.5,3.9,38.88,11:30,6.84,17.8,
2012-04-14,11.5,3.9,38.88,11:30,6.84,17.8,
2012-04-15,9.8,0.7,43.92,14:10,6.84,6.0,
2012-04-15,9.8,0.7,43.92,14:10,6.84,6.0,
2012-04-16,13.8,-0.6,33.12,09:00,3.96,0.6,
2012-04-16,13.8,-0.6,33.12,09:00,3.96,0.6,
2012-04-17,12.1,5.6,45.0,12:10,10.08,5.0,
2012-04-17,12.1,5.6,45.0,12:10,10.08,5.0,
2012-04-18,8.8,5.6,43.92,10:30,15.12,25.2,
2012-04-18,8.8,5.6,43.92,10:30,15.12,25.2,
2012-04-19,12.0,6.5,41.04,00:20,9.0,4.2,
2012-04-19,12.0,6.5,41.04,00:20,9.0,4.2,
2012-04-20,13.7,8.4,39.96,10:30,11.16,5.8,
2012-04-20,13.7,8.4,39.96,10:30,11.16,5.8,
2012-04-21,13.0,5.2,36.0,11:40,9.0,2.6,
2012-04-21,13.0,5.2,36.0,11:40,9.0,2.6,
2012-04-22,12.9,5.2,33.84,16:20,7.92,2.2,
2012-04-22,12.9,5.2,33.84,16:20,7.92,2.2,
2012-04-23,11.5,4.9,61.92,14:20,12.96,2.8,
2012-04-23,11.5,4.9,61.92,14:20,12.96,2.8,
2012-04-24,11.6,4.5,74.16,23:20,15.12,11.4,
2012-04-24,11.6,4.5,74.16,23:20,15.12,11.4,
2012-04-25,12.8,5.8,74.88,02:30,24.84,2.4,
2012-04-25,12.8,5.8,74.88,02:30,24.84,2.4,
2012-04-26,12.2,4.8,60.12,14:40,14.04,5.4,
2012-04-26,12.2,4.8,60.12,14:40,14.04,5.4,
2012-04-27,14.5,1.7,29.16,15:50,5.04,0.2,
2012-04-27,14.5,1.7,29.16,15:50,5.04,0.2,
2012-04-28,16.4,0.8,36.0,15:40,5.04,4.4,
2012-04-28,16.4,0.8,36.0,15:40,5.04,4.4,
2012-04-29,13.8,0.6,27.0,12:00,9.0,2.6,
2012-04-29,13.8,0.6,27.0,12:00,9.0,2.6,
2012-04-30,10.1,3.0,51.12,14:30,14.04,1.6,
2012-04-30,10.1,3.0,51.12,14:30,14.04,1.6,
2012-05-01,14.0,6.5,52.92,11:00,11.16,0.0,
2012-05-01,14.0,6.5,52.92,11:00,11.16,0.0,
2012-05-02,15.5,5.2,42.84,10:30,10.08,2.8,
2012-05-02,15.5,5.2,42.84,10:30,10.08,2.8,
2012-05-03,15.0,8.2,45.0,14:40,6.84,7.4,
2012-05-03,15.0,8.2,45.0,14:40,6.84,7.4,
2012-05-04,13.6,7.9,42.12,08:50,11.16,15.8,
2012-05-04,13.6,7.9,42.12,08:50,11.16,15.8,
2012-05-05,14.1,7.9,38.88,11:20,10.08,9.6,
2012-05-05,14.1,7.9,38.88,11:20,10.08,9.6,
2012-05-06,15.8,8.1,48.96,15:10,9.0,1.4,
2012-05-06,15.8,8.1,48.96,15:10,9.0,1.4,
2012-05-07,16.0,8.4,51.12,20:30,11.16,10.4,
2012-05-07,16.0,8.4,51.12,20:30,11.16,10.4,
2012-05-08,19.0,12.8,73.08,15:30,15.12,4.0,
2012-05-08,19.0,12.8,73.08,15:30,15.12,4.0,
2012-05-09,25.5,14.1,57.96,17:10,15.12,0.0,
2012-05-09,25.5,14.1,57.96,17:10,15.12,0.0,
2012-05-10,29.8,13.9,54.0,12:00,11.88,0.0,
2012-05-10,29.8,13.9,54.0,12:00,11.88,0.0,
2012-05-11,27.2,11.8,32.04,17:10,6.12,0.0,
2012-05-11,27.2,11.8,32.04,17:10,6.12,0.0,
2012-05-12,14.5,11.1,30.96,14:40,7.92,0.0,
2012-05-12,14.5,11.1,30.96,14:40,7.92,0.0,
2012-05-13,19.6,10.9,27.0,15:20,6.84,0.0,
2012-05-13,19.6,10.9,27.0,15:20,6.84,0.0,
2012-05-14,17.2,5.3,30.96,19:00,6.84,0.0,
2012-05-14,17.2,5.3,30.96,19:00,6.84,0.0,
2012-05-15,18.9,3.8,41.04,15:00,7.92,0.0,
2012-05-15,18.9,3.8,41.04,15:00,7.92,0.0,
2012-05-16,27.8,5.7,20.88,00:00,3.96,0.0,
2012-05-16,27.8,5.7,20.88,00:00,3.96,0.0,
2012-05-17,21.5,11.0,51.12,13:50,19.08,0.0,
2012-05-17,21.5,11.0,51.12,13:50,19.08,0.0,
2012-05-18,19.2,9.1,25.92,08:20,6.84,2.2,
2012-05-18,19.2,9.1,25.92,08:20,6.84,2.2,
2012-05-19,13.5,6.5,29.16,13:40,5.04,4.6,
2012-05-19,13.5,6.5,29.16,13:40,5.04,4.6,
2012-05-20,16.9,2.8,27.0,15:30,2.88,1.6,
2012-05-20,16.9,2.8,27.0,15:30,2.88,1.6,
2012-05-21,14.7,6.2,27.0,07:20,10.08,0.0,
2012-05-21,14.7,6.2,27.0,07:20,10.08,0.0,
2012-05-22,21.9,11.6,28.08,09:10,6.84,0.6,
2012-05-22,21.9,11.6,28.08,09:10,6.84,0.6,
2012-05-23,27.9,9.4,24.84,11:40,3.96,0.0,
2012-05-23,27.9,9.4,24.84,11:40,3.96,0.0,
2012-05-24,30.8,9.0,24.84,17:10,3.96,0.0,
2012-05-24,30.8,9.0,24.84,17:10,3.96,0.0,
2012-05-25,28.3,10.1,41.04,15:20,11.88,0.0,
2012-05-25,28.3,10.1,41.04,15:20,11.88,0.0,
2012-05-26,17.5,9.6,52.92,11:40,11.16,1.0,
2012-05-26,17.5,9.6,52.92,11:40,11.16,1.0,
2012-05-27,18.1,9.6,45.0,12:50,11.88,0.0,
2012-05-27,18.1,9.6,45.0,12:50,11.88,0.0,
2012-05-28,23.8,6.1,24.12,16:40,5.04,0.0,
2012-05-28,23.8,6.1,24.12,16:40,5.04,0.0,
2012-05-29,25.2,6.8,30.96,17:50,6.12,0.0,
2012-05-29,25.2,6.8,30.96,17:50,6.12,0.0,
2012-05-30,25.7,7.9,33.12,17:30,6.12,0.0,
2012-05-30,25.7,7.9,33.12,17:30,6.12,0.0,
2012-05-31,29.8,11.9,23.04,15:00,5.04,0.0,
2012-05-31,29.8,11.9,23.04,15:00,5.04,0.0,
2012-06-01,34.2,11.0,39.96,17:20,3.96,2.0,
2012-06-01,34.2,11.0,39.96,17:20,3.96,2.0,
2012-06-02,20.4,14.2,29.88,08:20,6.84,2.0,
2012-06-02,20.4,14.2,29.88,08:20,6.84,2.0,
2012-06-03,23.0,13.0,25.92,10:40,6.12,0.0,
2012-06-03,23.0,13.0,25.92,10:40,6.12,0.0,
2012-06-04,26.6,8.3,24.84,17:50,6.12,0.0,
2012-06-04,26.6,8.3,24.84,17:50,6.12,0.0,
2012-06-05,22.1,12.9,38.16,14:30,6.12,3.6,
2012-06-05,22.1,12.9,38.16,14:30,6.12,3.6,
2012-06-06,22.0,13.2,50.04,17:40,14.04,6.8,
2012-06-06,22.0,13.2,50.04,17:40,14.04,6.8,
2012-06-07,19.6,10.5,59.04,14:50,15.84,0.2,
2012-06-07,19.6,10.5,59.04,14:50,15.84,0.2,
2012-06-08,18.7,9.4,24.12,08:20,6.84,0.0,
2012-06-08,18.7,9.4,24.12,08:20,6.84,0.0,
2012-06-09,16.9,9.4,43.92,14:40,11.88,3.2,
2012-06-09,16.9,9.4,43.92,14:40,11.88,3.2,
2012-06-10,20.1,13.7,47.16,16:20,18.0,0.0,
2012-06-10,20.1,13.7,47.16,16:20,18.0,0.0,
2012-06-11,17.3,11.1,42.12,17:10,11.16,4.8,
2012-06-11,17.3,11.1,42.12,17:10,11.16,4.8,
2012-06-12,17.2,10.4,38.88,15:30,10.08,0.2,
2012-06-12,17.2,10.4,38.88,15:30,10.08,0.2,
2012-06-13,21.7,6.3,27.0,15:30,3.96,0.0,
2012-06-13,21.7,6.3,27.0,15:30,3.96,0.0,
2012-06-14,22.0,9.1,57.96,11:50,19.08,0.0,
2012-06-14,22.0,9.1,57.96,11:50,19.08,0.0,
2012-06-15,21.5,12.4,60.84,11:00,14.04,16.4,
2012-06-15,21.5,12.4,60.84,11:00,14.04,16.4,
2012-06-16,21.9,12.7,42.84,09:20,9.0,0.2,
2012-06-16,21.9,12.7,42.84,09:20,9.0,0.2,
2012-06-17,19.8,10.8,32.04,15:50,6.12,12.0,
2012-06-17,19.8,10.8,32.04,15:50,6.12,12.0,
2012-06-18,17.6,10.6,29.88,17:20,6.12,0.2,
2012-06-18,17.6,10.6,29.88,17:20,6.12,0.2,
2012-06-19,20.2,12.5,27.0,16:40,6.12,0.0,
2012-06-19,20.2,12.5,27.0,16:40,6.12,0.0,
2012-06-20,18.8,13.5,37.08,00:00,6.84,6.6,
2012-06-20,18.8,13.5,37.08,00:00,6.84,6.6,
2012-06-21,20.3,8.0,37.08,00:00,11.88,0.0,
2012-06-21,20.3,8.0,37.08,00:00,11.88,0.0,
2012-06-22,21.4,4.4,33.12,17:50,6.12,0.0,
2012-06-22,21.4,4.4,33.12,17:50,6.12,0.0,
2012-06-23,25.7,6.4,18.0,18:10,3.96,0.0,
2012-06-23,25.7,6.4,18.0,18:10,3.96,0.0,
2012-06-24,28.7,8.3,23.04,17:00,3.96,0.0,
2012-06-24,28.7,8.3,23.04,17:00,3.96,0.0,
2012-06-25,29.7,11.7,29.88,16:50,5.04,0.0,
2012-06-25,29.7,11.7,29.88,16:50,5.04,0.0,
2012-06-26,32.2,11.5,15.12,11:40,2.16,0.0,
2012-06-26,32.2,11.5,15.12,11:40,2.16,0.0,
2012-06-27,33.8,17.0,38.16,16:10,11.16,0.0,
2012-06-27,33.8,17.0,38.16,16:10,11.16,0.0,
2012-06-28,23.6,13.4,41.04,15:30,11.16,0.0,
2012-06-28,23.6,13.4,41.04,15:30,11.16,0.0,
2012-06-29,21.2,11.7,52.92,15:00,14.04,1.2,
2012-06-29,21.2,11.7,52.92,15:00,14.04,1.2,
2012-06-30,18.1,8.1,20.88,18:20,5.04,0.2,
2012-06-30,18.1,8.1,20.88,18:20,5.04,0.2,
2012-07-01,21.5,4.9,20.88,18:20,3.96,0.0,
2012-07-01,21.5,4.9,20.88,18:20,3.96,0.0,
2012-07-02,23.4,9.2,23.04,19:00,5.04,0.0,
2012-07-02,23.4,9.2,23.04,19:00,5.04,0.0,
2012-07-03,23.2,14.2,28.08,17:40,6.84,0.4,
2012-07-03,23.2,14.2,28.08,17:40,6.84,0.4,
2012-07-04,22.7,12.4,30.96,07:40,9.0,0.4,
2012-07-04,22.7,12.4,30.96,07:40,9.0,0.4,
2012-07-05,18.3,11.2,33.12,10:50,10.08,1.4,
2012-07-05,18.3,11.2,33.12,10:50,10.08,1.4,
2012-07-06,20.3,12.3,34.92,12:10,9.0,0.2,
2012-07-06,20.3,12.3,34.92,12:10,9.0,0.2,
2012-07-07,17.4,13.1,41.04,14:40,11.16,3.6,
2012-07-07,17.4,13.1,41.04,14:40,11.16,3.6,
2012-07-08,23.2,10.9,25.92,15:50,6.12,0.2,
2012-07-08,23.2,10.9,25.92,15:50,6.12,0.2,
2012-07-09,21.5,14.2,25.92,15:00,6.12,0.0,
2012-07-09,21.5,14.2,25.92,15:00,6.12,0.0,
2012-07-10,20.1,12.6,29.88,16:20,6.12,0.0,
2012-07-10,20.1,12.6,29.88,16:20,6.12,0.0,
2012-07-11,20.0,7.4,25.92,17:50,5.04,0.0,
2012-07-11,20.0,7.4,25.92,17:50,5.04,0.0,
2012-07-12,23.1,5.5,34.92,12:30,6.12,0.0,
2012-07-12,23.1,5.5,34.92,12:30,6.12,0.0,
2012-07-13,19.6,11.5,47.16,09:40,14.04,1.6,
2012-07-13,19.6,11.5,47.16,09:40,14.04,1.6,
2012-07-14,21.2,9.6,29.16,15:50,6.84,0.0,
2012-07-14,21.2,9.6,29.16,15:50,6.84,0.0,
2012-07-15,22.8,9.0,33.12,17:40,5.04,0.0,
2012-07-15,22.8,9.0,33.12,17:40,5.04,0.0,
2012-07-16,29.3,7.8,28.08,15:40,5.04,0.0,
2012-07-16,29.3,7.8,28.08,15:40,5.04,0.0,
2012-07-17,35.2,9.4,24.12,17:20,3.96,0.0,
2012-07-17,35.2,9.4,24.12,17:20,3.96,0.0,
2012-07-18,28.4,10.9,24.12,17:50,5.04,0.0,
2012-07-18,28.4,10.9,24.12,17:50,5.04,0.0,
2012-07-19,24.7,9.2,30.96,13:40,6.84,0.0,
2012-07-19,24.7,9.2,30.96,13:40,6.84,0.0,
2012-07-20,23.6,12.5,25.92,14:30,6.84,0.0,
2012-07-20,23.6,12.5,25.92,14:30,6.84,0.0,
2012-07-21,24.4,12.5,30.96,18:00,7.92,0.0,
2012-07-21,24.4,12.5,30.96,18:00,7.92,0.0,
2012-07-22,26.1,14.4,29.88,15:50,6.12,0.0,
2012-07-22,26.1,14.4,29.88,15:50,6.12,0.0,
2012-07-23,28.2,15.4,34.92,18:40,7.92,0.0,
2012-07-23,28.2,15.4,34.92,18:40,7.92,0.0,
2012-07-24,31.5,15.0,24.84,17:20,3.96,0.0,
2012-07-24,31.5,15.0,24.84,17:20,3.96,0.0,
2012-07-25,33.4,15.0,51.84,16:20,3.96,1.4,
2012-07-25,33.4,15.0,51.84,16:20,3.96,1.4,
2012-07-26,31.7,14.7,30.96,17:10,6.12,0.0,
2012-07-26,31.7,14.7,30.96,17:10,6.12,0.0,
2012-07-27,26.3,12.3,34.92,18:10,7.92,0.0,
2012-07-27,26.3,12.3,34.92,18:10,7.92,0.0,
2012-07-28,18.5,12.3,27.0,14:00,6.84,0.0,
2012-07-28,18.5,12.3,27.0,14:00,6.84,0.0,
2012-07-29,24.6,8.9,28.08,14:40,3.96,0.0,
2012-07-29,24.6,8.9,28.08,14:40,3.96,0.0,
2012-07-30,28.1,10.3,27.0,18:00,5.04,0.0,
2012-07-30,28.1,10.3,27.0,18:00,5.04,0.0,
2012-07-31,31.0,9.2,32.04,15:50,7.92,0.0,
2012-07-31,31.0,9.2,32.04,15:50,7.92,0.0,
2012-08-01,23.7,11.7,48.96,13:10,12.96,0.0,
2012-08-01,23.7,11.7,48.96,13:10,12.96,0.0,
2012-08-02,25.3,11.9,25.92,15:10,3.96,0.0,
2012-08-02,25.3,11.9,25.92,15:10,3.96,0.0,
2012-08-03,26.8,11.7,28.08,17:20,6.12,0.0,
2012-08-03,26.8,11.7,28.08,17:20,6.12,0.0,
2012-08-04,20.2,8.2,27.0,14:20,7.92,1.8,
2012-08-04,20.2,8.2,27.0,14:20,7.92,1.8,
2012-08-05,20.2,10.4,30.96,14:20,6.12,0.0,
2012-08-05,20.2,10.4,30.96,14:20,6.12,0.0,
2012-08-06,23.8,10.3,29.88,09:40,6.12,0.0,
2012-08-06,23.8,10.3,29.88,09:40,6.12,0.0,
2012-08-07,27.5,10.1,24.12,13:20,3.96,0.0,
2012-08-07,27.5,10.1,24.12,13:20,3.96,0.0,
2012-08-08,34.9,13.3,30.96,16:30,6.12,0.0,
2012-08-08,34.9,13.3,30.96,16:30,6.12,0.0,
2012-08-09,36.6,11.5,28.08,17:20,6.12,0.0,
2012-08-09,36.6,11.5,28.08,17:20,6.12,0.0,
2012-08-10,35.4,11.5,38.88,14:40,7.92,0.0,
2012-08-10,35.4,11.5,38.88,14:40,7.92,0.0,
2012-08-11,25.4,11.5,37.08,11:20,9.0,0.0,
2012-08-11,25.4,11.5,37.08,11:20,9.0,0.0,
2012-08-12,24.9,13.1,29.88,13:50,11.16,0.0,
2012-08-12,24.9,13.1,29.88,13:50,11.16,0.0,
2012-08-13,26.8,13.2,32.04,15:00,11.16,1.8,
2012-08-13,26.8,13.2,32.04,15:00,11.16,1.8,
2012-08-14,22.3,15.6,47.16,22:40,9.0,7.0,
2012-08-14,22.3,15.6,47.16,22:40,9.0,7.0,
2012-08-15,21.2,12.8,54.0,12:40,16.92,0.0,
2012-08-15,21.2,12.8,54.0,12:40,16.92,0.0,
2012-08-16,27.8,10.5,45.0,11:30,11.16,0.0,
2012-08-16,27.8,10.5,45.0,11:30,11.16,0.0,
2012-08-17,32.6,9.2,37.08,13:50,9.0,0.0,
2012-08-17,32.6,9.2,37.08,13:50,9.0,0.0,
2012-08-18,32.9,9.9,28.08,15:00,6.12,0.0,
2012-08-18,32.9,9.9,28.08,15:00,6.12,0.0,
2012-08-19,30.4,14.2,32.04,12:00,6.84,0.0,
2012-08-19,30.4,14.2,32.04,12:00,6.84,0.0,
2012-08-20,29.1,17.0,20.88,17:10,3.96,0.0,
2012-08-20,29.1,17.0,20.88,17:10,3.96,0.0,
2012-08-21,29.2,16.6,27.0,18:40,6.12,0.0,
2012-08-21,29.2,16.6,27.0,18:40,6.12,0.0,
2012-08-22,25.8,16.9,29.16,17:40,6.84,0.0,
2012-08-22,25.8,16.9,29.16,17:40,6.84,0.0,
2012-08-23,25.3,15.2,25.92,15:00,5.04,0.0,
2012-08-23,25.3,15.2,25.92,15:00,5.04,0.0,
2012-08-24,23.2,14.3,47.16,13:00,15.12,2.6,
2012-08-24,23.2,14.3,47.16,13:00,15.12,2.6,
2012-08-25,23.6,9.9,24.84,13:10,7.92,0.4,
2012-08-25,23.6,9.9,24.84,13:10,7.92,0.4,
2012-08-26,27.8,7.8,25.92,17:50,6.84,0.0,
2012-08-26,27.8,7.8,25.92,17:50,6.84,0.0,
2012-08-27,25.3,9.8,37.08,12:30,7.92,0.4,
2012-08-27,25.3,9.8,37.08,12:30,7.92,0.4,
2012-08-28,25.8,12.3,30.96,15:10,9.0,0.0,
2012-08-28,25.8,12.3,30.96,15:10,9.0,0.0,
2012-08-29,23.2,11.1,23.04,13:30,3.96,0.0,
2012-08-29,23.2,11.1,23.04,13:30,3.96,0.0,
2012-08-30,23.0,9.4,34.92,17:40,6.84,0.0,
2012-08-30,23.0,9.4,34.92,17:40,6.84,0.0,
2012-08-31,23.0,7.3,39.96,16:30,6.84,0.0,
2012-08-31,23.0,7.3,39.96,16:30,6.84,0.0,
2012-09-01,25.4,6.3,33.12,14:00,6.84,0.0,
2012-09-01,25.4,6.3,33.12,14:00,6.84,0.0,
2012-09-02,26.4,8.0,30.96,15:40,6.12,0.0,
2012-09-02,26.4,8.0,30.96,15:40,6.12,0.0,
2012-09-03,26.4,9.1,34.92,13:00,6.84,0.0,
2012-09-03,26.4,9.1,34.92,13:00,6.84,0.0,
2012-09-04,24.7,10.2,36.0,14:50,7.92,0.0,
2012-09-04,24.7,10.2,36.0,14:50,7.92,0.0,
2012-09-05,26.3,11.1,36.0,15:10,6.84,0.0,
2012-09-05,26.3,11.1,36.0,15:10,6.84,0.0,
2012-09-06,28.5,11.2,24.84,13:40,5.04,0.0,
2012-09-06,28.5,11.2,24.84,13:40,5.04,0.0,
2012-09-07,34.8,13.3,25.92,17:00,3.96,0.0,
2012-09-07,34.8,13.3,25.92,17:00,3.96,0.0,
2012-09-08,33.4,11.1,36.0,16:30,6.12,0.0,
2012-09-08,33.4,11.1,36.0,16:30,6.12,0.0,
2012-09-09,25.6,12.4,23.04,16:20,5.04,0.0,
2012-09-09,25.6,12.4,23.04,16:20,5.04,0.0,
2012-09-10,25.9,11.2,29.88,12:30,6.84,0.0,
2012-09-10,25.9,11.2,29.88,12:30,6.84,0.0,
2012-09-11,27.6,14.6,20.88,16:00,2.88,0.0,
2012-09-11,27.6,14.6,20.88,16:00,2.88,0.0,
2012-09-12,22.1,12.7,25.92,16:40,3.96,0.0,
2012-09-12,22.1,12.7,25.92,16:40,3.96,0.0,
2012-09-13,23.4,11.8,30.96,15:10,6.12,0.0,
2012-09-13,23.4,11.8,30.96,15:10,6.12,0.0,
2012-09-14,26.4,6.6,25.92,13:50,6.12,0.0,
2012-09-14,26.4,6.6,25.92,13:50,6.12,0.0,
2012-09-15,30.2,11.0,20.16,14:10,5.04,0.0,
2012-09-15,30.2,11.0,20.16,14:10,5.04,0.0,
2012-09-16,30.4,8.4,21.96,13:30,5.04,0.0,
2012-09-16,30.4,8.4,21.96,13:30,5.04,0.0,
2012-09-17,24.8,7.5,18.0,17:30,3.96,0.0,
2012-09-17,24.8,7.5,18.0,17:30,3.96,0.0,
2012-09-18,25.0,13.4,36.0,15:50,5.04,0.0,
2012-09-18,25.0,13.4,36.0,15:50,5.04,0.0,
2012-09-19,23.1,11.4,34.92,12:20,9.0,0.0,
2012-09-19,23.1,11.4,34.92,12:20,9.0,0.0,
2012-09-20,31.5,7.8,34.92,14:20,7.92,0.0,
2012-09-20,31.5,7.8,34.92,14:20,7.92,0.0,
2012-09-21,25.3,13.0,28.08,13:30,7.92,0.0,
2012-09-21,25.3,13.0,28.08,13:30,7.92,0.0,
2012-09-22,29.4,7.7,42.84,13:20,6.84,2.0,
2012-09-22,29.4,7.7,42.84,13:20,6.84,2.0,
2012-09-23,21.0,12.9,54.0,13:30,18.0,14.2,
2012-09-23,21.0,12.9,54.0,13:30,18.0,14.2,
2012-09-24,15.5,12.3,46.08,14:30,12.96,9.0,
2012-09-24,15.5,12.3,46.08,14:30,12.96,9.0,
2012-09-25,13.9,9.5,48.96,13:50,11.88,14.8,
2012-09-25,13.9,9.5,48.96,13:50,11.88,14.8,
2012-09-26,15.4,7.7,33.12,11:50,7.92,5.8,
2012-09-26,15.4,7.7,33.12,11:50,7.92,5.8,
2012-09-27,20.1,3.7,27.0,16:20,5.04,0.2,
2012-09-27,20.1,3.7,27.0,16:20,5.04,0.2,
2012-09-28,20.1,6.1,34.92,17:20,6.84,0.0,
2012-09-28,20.1,6.1,34.92,17:20,6.84,0.0,
2012-09-29,19.9,10.0,38.88,14:00,7.92,0.0,
2012-09-29,19.9,10.0,38.88,14:00,7.92,0.0,
2012-09-30,20.8,4.9,20.88,15:40,3.96,0.0,
2012-09-30,20.8,4.9,20.88,15:40,3.96,0.0,
2012-10-01,21.8,5.6,15.84,12:00,2.88,0.0,
2012-10-01,21.8,5.6,15.84,12:00,2.88,0.0,
2012-10-02,19.0,11.5,23.04,16:30,3.96,0.8,
2012-10-02,19.0,11.5,23.04,16:30,3.96,0.8,
2012-10-03,20.0,8.6,24.84,11:20,6.12,0.0,
2012-10-03,20.0,8.6,24.84,11:20,6.12,0.0,
2012-10-04,23.3,5.6,20.88,14:00,5.04,0.0,
2012-10-04,23.3,5.6,20.88,14:00,5.04,0.0,
2012-10-05,26.6,3.9,37.08,12:30,6.12,0.0,
2012-10-05,26.6,3.9,37.08,12:30,6.12,0.0,
2012-10-06,20.1,16.5,42.12,12:40,14.04,1.2,
2012-10-06,20.1,16.5,42.12,12:40,14.04,1.2,
2012-10-07,28.1,16.3,29.88,12:00,5.04,0.0,
2012-10-07,28.1,16.3,29.88,12:00,5.04,0.0,
2012-10-08,24.2,15.5,39.96,13:40,10.08,1.6,
2012-10-08,24.2,15.5,39.96,13:40,10.08,1.6,
2012-10-09,22.5,12.0,29.16,08:50,2.88,0.2,
2012-10-09,22.5,12.0,29.16,08:50,2.88,0.2,
2012-10-10,19.2,14.8,28.08,13:40,5.04,3.6,
2012-10-10,19.2,14.8,28.08,13:40,5.04,3.6,
2012-10-11,18.4,11.2,28.08,11:20,5.04,2.2,
2012-10-11,18.4,11.2,28.08,11:20,5.04,2.2,
2012-10-12,18.1,5.5,14.04,13:50,2.88,0.0,
2012-10-12,18.1,5.5,14.04,13:50,2.88,0.0,
2012-10-13,16.3,2.5,27.0,22:20,5.04,1.6,
2012-10-13,16.3,2.5,27.0,22:20,5.04,1.6,
2012-10-14,13.7,6.9,32.04,04:30,7.92,0.8,
2012-10-14,13.7,6.9,32.04,04:30,7.92,0.8,
2012-10-15,15.6,5.6,36.0,16:10,9.0,4.8,
2012-10-15,15.6,5.6,36.0,16:10,9.0,4.8,
2012-10-16,15.2,11.2,43.92,13:50,11.88,20.0,
2012-10-16,15.2,11.2,43.92,13:50,11.88,20.0,
2012-10-17,14.1,9.7,29.88,06:20,9.0,12.4,
2012-10-17,14.1,9.7,29.88,06:20,9.0,12.4,
2012-10-18,12.6,7.3,15.12,,5.04,0.0,
2012-10-18,12.6,7.3,15.12,,5.04,0.0,
2012-10-19,15.6,3.3,15.84,12:50,2.88,0.0,
2012-10-19,15.6,3.3,15.84,12:50,2.88,0.0,
2012-10-20,17.8,0.4,20.16,13:30,3.96,0.0,
2012-10-20,17.8,0.4,20.16,13:30,3.96,0.0,
2012-10-21,19.1,0.3,24.84,14:00,5.04,0.0,
2012-10-21,19.1,0.3,24.84,14:00,5.04,0.0,
2012-10-22,21.7,6.6,25.92,13:30,5.04,0.0,
2012-10-22,21.7,6.6,25.92,13:30,5.04,0.0,
2012-10-23,25.4,11.3,15.12,15:50,2.16,0.0,
2012-10-23,25.4,11.3,15.12,15:50,2.16,0.0,
2012-10-24,18.0,9.6,34.92,14:00,3.96,9.6,
2012-10-24,18.0,9.6,34.92,14:00,3.96,9.6,
2012-10-25,20.4,6.1,30.96,12:20,6.12,0.2,
2012-10-25,20.4,6.1,30.96,12:20,6.12,0.2,
2012-10-26,18.3,10.6,20.88,16:30,1.08,3.2,
2012-10-26,18.3,10.6,20.88,16:30,1.08,3.2,
2012-10-27,12.5,2.4,36.0,13:10,9.0,0.2,
2012-10-27,12.5,2.4,36.0,13:10,9.0,0.2,
2012-10-28,14.2,-0.2,27.0,11:10,2.88,0.0,
2012-10-28,14.2,-0.2,27.0,11:10,2.88,0.0,
2012-10-29,15.2,-1.8,29.88,10:30,3.96,0.0,
2012-10-29,15.2,-1.8,29.88,10:30,3.96,0.0,
2012-10-30,15.7,1.7,25.92,15:10,3.96,0.0,
2012-10-30,15.7,1.7,25.92,15:10,3.96,0.0,
2012-10-31,11.9,0.7,33.84,23:50,6.84,3.0,
2012-10-31,11.9,0.7,33.84,23:50,6.84,3.0,
2012-11-01,11.9,9.2,39.96,00:20,12.96,4.2,
2012-11-01,11.9,9.2,39.96,00:20,12.96,4.2,
2012-11-02,16.4,9.2,47.88,13:40,15.12,4.8,
2012-11-02,16.4,9.2,47.88,13:40,15.12,4.8,
2012-11-03,12.9,9.2,28.08,03:40,3.96,9.2,
2012-11-03,12.9,9.2,28.08,03:40,3.96,9.2,
2012-11-04,12.7,7.1,28.08,15:50,7.92,1.8,
2012-11-04,12.7,7.1,28.08,15:50,7.92,1.8,
2012-11-05,12.3,2.4,30.96,10:40,6.84,1.4,
2012-11-05,12.3,2.4,30.96,10:40,6.84,1.4,
2012-11-06,13.2,1.1,25.92,15:40,3.96,0.2,
2012-11-06,13.2,1.1,25.92,15:40,3.96,0.2,
2012-11-07,12.8,-0.9,18.0,10:50,2.16,4.0,
2012-11-07,12.8,-0.9,18.0,10:50,2.16,4.0,
2012-11-08,13.2,7.0,14.04,17:20,1.08,12.8,
2012-11-08,13.2,7.0,14.04,17:20,1.08,12.8,
2012-11-09,15.6,7.5,19.08,12:30,5.04,3.4,
2012-11-09,15.6,7.5,19.08,12:30,5.04,3.4,
2012-11-10,11.3,3.8,34.92,14:30,6.84,8.6,
2012-11-10,11.3,3.8,34.92,14:30,6.84,8.6,
2012-11-11,10.9,1.7,15.84,14:10,2.88,1.2,
2012-11-11,10.9,1.7,15.84,14:10,2.88,1.2,
2012-11-12,13.2,0.6,15.12,16:00,2.16,0.2,
2012-11-12,13.2,0.6,15.12,16:00,2.16,0.2,
2012-11-13,12.2,0.2,10.08,13:10,3.96,0.2,
2012-11-13,12.2,0.2,10.08,13:10,3.96,0.2,
2012-11-14,11.4,-1.8,9.0,22:10,1.08,0.0,
2012-11-14,11.4,-1.8,9.0,22:10,1.08,0.0,
2012-11-15,20.2,3.9,20.88,23:59,2.16,1.6,
2012-11-15,20.2,3.9,20.88,23:59,2.16,1.6,
2012-11-16,17.0,5.5,24.84,12:40,5.04,4.4,
2012-11-16,17.0,5.5,24.84,12:40,5.04,4.4,
2012-11-17,12.0,8.1,28.08,21:50,2.16,8.0,
2012-11-17,12.0,8.1,28.08,21:50,2.16,8.0,
2012-11-18,13.3,1.4,18.0,02:00,2.16,0.0,
2012-11-18,13.3,1.4,18.0,02:00,2.16,0.0,
2012-11-19,13.4,1.0,38.88,12:40,7.92,0.0,
2012-11-19,13.4,1.0,38.88,12:40,7.92,0.0,
2012-11-20,14.4,8.0,46.08,14:40,11.88,7.0,
2012-11-20,14.4,8.0,46.08,14:40,11.88,7.0,
2012-11-21,12.6,0.5,24.84,00:50,5.04,0.0,
2012-11-21,12.6,0.5,24.84,00:50,5.04,0.0,
2012-11-22,10.2,-1.8,33.12,21:20,6.84,0.0,
2012-11-22,10.2,-1.8,33.12,21:20,6.84,0.0,
2012-11-23,13.2,9.2,33.12,08:10,9.0,1.2,
2012-11-23,13.2,9.2,33.12,08:10,9.0,1.2,
2012-11-24,15.1,4.8,60.12,10:20,15.12,0.6,
2012-11-24,15.1,4.8,60.12,10:20,15.12,0.6,
2012-11-25,9.4,2.7,24.12,21:30,2.88,0.8,
2012-11-25,9.4,2.7,24.12,21:30,2.88,0.8,
2012-11-26,9.6,3.5,27.0,11:10,6.84,8.4,
2012-11-26,9.6,3.5,27.0,11:10,6.84,8.4,
2012-11-27,6.9,0.2,25.92,14:10,5.04,7.8,
2012-11-27,6.9,0.2,25.92,14:10,5.04,7.8,
2012-11-28,7.5,1.2,20.88,12:00,1.08,3.6,
2012-11-28,7.5,1.2,20.88,12:00,1.08,3.6,
2012-11-29,8.8,0.2,23.04,14:10,5.04,5.0,
2012-11-29,8.8,0.2,23.04,14:10,5.04,5.0,
2012-11-30,8.1,3.8,24.84,12:10,3.96,2.8,
2012-11-30,8.1,3.8,24.84,12:10,3.96,2.8,
2012-12-01,9.5,0.8,20.16,16:50,2.16,0.0,
2012-12-01,9.5,0.8,20.16,16:50,2.16,0.0,
2012-12-02,6.4,-0.8,9.0,12:10,1.08,0.0,
2012-12-02,6.4,-0.8,9.0,12:10,1.08,0.0,
2012-12-03,9.3,5.2,29.16,21:00,6.84,7.4,
2012-12-03,9.3,5.2,29.16,21:00,6.84,7.4,
2012-12-04,9.8,5.0,24.12,13:00,6.84,2.0,
2012-12-04,9.8,5.0,24.12,13:00,6.84,2.0,
2012-12-05,9.2,4.8,21.96,13:50,6.12,0.0,
2012-12-05,9.2,4.8,21.96,13:50,6.12,0.0,
2012-12-06,12.5,6.6,28.08,18:30,7.92,7.2,
2012-12-06,12.5,6.6,28.08,18:30,7.92,7.2,
2012-12-07,10.5,4.0,24.12,15:30,2.16,0.2,
2012-12-07,10.5,4.0,24.12,15:30,2.16,0.2,
2012-12-08,11.2,-0.2,19.08,14:00,2.88,0.2,
2012-12-08,11.2,-0.2,19.08,14:00,2.88,0.2,
2012-12-09,7.5,-3.4,10.08,01:00,2.88,0.0,
2012-12-09,7.5,-3.4,10.08,01:00,2.88,0.0,
2012-12-10,3.5,-3.9,6.84,19:10,2.16,0.0,
2012-12-10,3.5,-3.9,6.84,19:10,2.16,0.0,
2012-12-11,3.4,-1.5,7.92,12:50,1.08,0.2,
2012-12-11,3.4,-1.5,7.92,12:50,1.08,0.2,
2012-12-12,10.6,-0.9,28.08,18:10,6.12,1.6,
2012-12-12,10.6,-0.9,28.08,18:10,6.12,1.6,
2012-12-13,12.5,6.9,43.92,10:10,12.96,34.2,
2012-12-13,12.5,6.9,43.92,10:10,12.96,34.2,
2012-12-14,13.1,8.6,50.04,06:10,14.04,34.6,
2012-12-14,13.1,8.6,50.04,06:10,14.04,34.6,
2012-12-15,11.3,8.4,50.04,13:20,11.16,2.0,
2012-12-15,11.3,8.4,50.04,13:20,11.16,2.0,
2012-12-16,11.7,8.8,42.12,11:50,14.04,13.6,
2012-12-16,11.7,8.8,42.12,11:50,14.04,13.6,
2012-12-17,13.0,7.0,25.92,13:30,6.12,2.0,
2012-12-17,13.0,7.0,25.92,13:30,6.12,2.0,
2012-12-18,12.7,9.5,32.04,13:50,7.92,3.0,
2012-12-18,12.7,9.5,32.04,13:50,7.92,3.0,
2012-12-19,13.5,10.4,45.0,21:20,11.88,22.8,
2012-12-19,13.5,10.4,45.0,21:20,11.88,22.8,
2012-12-20,11.2,8.0,47.16,23:00,15.84,2.6,
2012-12-20,11.2,8.0,47.16,23:00,15.84,2.6,
2012-12-21,14.7,9.7,54.0,04:00,11.16,0.2,
2012-12-21,14.7,9.7,54.0,04:00,11.16,0.2,
2012-12-22,15.0,11.1,47.88,23:50,15.84,0.0,
2012-12-22,15.0,11.1,47.88,23:50,15.84,0.0,
2012-12-23,17.8,9.7,47.88,02:30,10.08,0.0,
2012-12-23,17.8,9.7,47.88,02:30,10.08,0.0,
2012-12-24,14.8,7.2,63.0,12:10,15.12,10.8,
2012-12-24,14.8,7.2,63.0,12:10,15.12,10.8,
2012-12-25,10.8,5.8,25.92,02:00,6.84,0.4,
2012-12-25,10.8,5.8,25.92,02:00,6.84,0.4,
2012-12-26,10.8,5.0,33.12,23:40,6.84,0.2,
2012-12-26,10.8,5.0,33.12,23:40,6.84,0.2,
2012-12-27,11.3,8.4,33.12,02:20,9.0,0.2,
2012-12-27,11.3,8.4,33.12,02:20,9.0,0.2,
2012-12-28,14.8,4.5,33.84,14:40,6.12,4.6,
2012-12-28,14.8,4.5,33.84,14:40,6.12,4.6,
2012-12-29,11.1,7.0,55.08,01:40,15.84,7.2,
2012-12-29,11.1,7.0,55.08,01:40,15.84,7.2,
2012-12-30,10.5,6.3,29.88,10:20,9.0,0.6,
2012-12-30,10.5,6.3,29.88,10:20,9.0,0.6,
2012-12-31,10.2,8.0,57.96,14:00,14.04,7.6,
2012-12-31,10.2,8.0,57.96,14:00,14.04,7.6,
2013-01-01,11.2,5.6,18.0,06:40,6.84,0.6,
2013-01-01,11.2,5.6,18.0,06:40,6.84,0.6,
2013-01-02,12.2,2.4,19.08,16:10,2.88,0.0,
2013-01-02,12.2,2.4,19.08,16:10,2.88,0.0,
2013-01-03,14.3,-0.1,7.92,13:20,3.96,0.0,
2013-01-03,14.3,-0.1,7.92,13:20,3.96,0.0,
2013-01-04,12.6,-0.4,9.0,18:00,2.88,0.2,
2013-01-04,12.6,-0.4,9.0,18:00,2.88,0.2,
2013-01-05,9.8,-0.7,10.08,20:00,2.16,0.2,
2013-01-05,9.8,-0.7,10.08,20:00,2.16,0.2,
2013-01-06,7.5,-1.3,10.08,15:00,1.08,0.0,
2013-01-06,7.5,-1.3,10.08,15:00,1.08,0.0,
2013-01-07,7.8,-2.8,15.12,23:50,1.08,0.2,
2013-01-07,7.8,-2.8,15.12,23:50,1.08,0.2,
2013-01-08,12.0,-1.3,21.96,23:50,2.16,1.4,
2013-01-08,12.0,-1.3,21.96,23:50,2.16,1.4,
2013-01-09,11.4,8.4,30.96,12:00,7.92,1.4,
2013-01-09,11.4,8.4,30.96,12:00,7.92,1.4,
2013-01-10,10.6,-0.5,24.84,04:30,3.96,0.2,
2013-01-10,10.6,-0.5,24.84,04:30,3.96,0.2,
2013-01-11,10.0,-1.5,34.92,19:40,6.84,4.0,
2013-01-11,10.0,-1.5,34.92,19:40,6.84,4.0,
2013-01-12,7.0,2.9,38.88,16:00,9.0,5.6,
2013-01-12,7.0,2.9,38.88,16:00,9.0,5.6,
2013-01-13,8.5,2.5,29.16,13:50,6.12,5.8,
2013-01-13,8.5,2.5,29.16,13:50,6.12,5.8,
2013-01-14,8.4,1.8,28.08,16:00,3.96,3.4,
2013-01-14,8.4,1.8,28.08,16:00,3.96,3.4,
2013-01-15,8.7,5.0,24.84,23:20,7.92,8.0,
2013-01-15,8.7,5.0,24.84,23:20,7.92,8.0,
2013-01-16,12.7,6.6,38.88,12:40,10.08,3.6,
2013-01-16,12.7,6.6,38.88,12:40,10.08,3.6,
2013-01-17,11.9,7.8,32.04,22:40,6.84,18.6,
2013-01-17,11.9,7.8,32.04,22:40,6.84,18.6,
2013-01-18,13.3,8.8,50.04,12:00,6.84,63.4,
2013-01-18,13.3,8.8,50.04,12:00,6.84,63.4,
2013-01-19,11.0,3.4,37.08,01:20,6.84,15.0,
2013-01-19,11.0,3.4,37.08,01:20,6.84,15.0,
2013-01-20,7.6,2.2,43.92,16:00,12.96,13.6,
2013-01-20,7.6,2.2,43.92,16:00,12.96,13.6,
2013-01-21,8.5,1.8,43.92,18:10,10.08,13.2,
2013-01-21,8.5,1.8,43.92,18:10,10.08,13.2,
2013-01-22,4.1,0.5,42.12,00:20,11.16,11.0,
2013-01-22,4.1,0.5,42.12,00:20,11.16,11.0,
2013-01-23,9.0,1.0,32.04,23:20,11.16,8.4,
2013-01-23,9.0,1.0,32.04,23:20,11.16,8.4,
2013-01-24,9.9,3.2,27.0,00:50,2.88,2.2,
2013-01-24,9.9,3.2,27.0,00:50,2.88,2.2,
2013-01-25,11.1,5.1,33.84,23:50,9.0,2.6,
2013-01-25,11.1,5.1,33.84,23:50,9.0,2.6,
2013-01-26,13.6,3.4,34.92,22:40,5.04,3.0,
2013-01-26,13.6,3.4,34.92,22:40,5.04,3.0,
2013-01-27,10.8,4.2,47.16,07:30,7.92,11.6,
2013-01-27,10.8,4.2,47.16,07:30,7.92,11.6,
2013-01-28,11.3,5.2,42.12,13:30,11.16,0.0,
2013-01-28,11.3,5.2,42.12,13:30,11.16,0.0,
2013-01-29,14.1,7.8,51.12,04:50,16.92,0.0,
2013-01-29,14.1,7.8,51.12,04:50,16.92,0.0,
2013-01-30,13.2,11.3,50.04,06:30,14.04,10.2,
2013-01-30,13.2,11.3,50.04,06:30,14.04,10.2,
2013-01-31,14.6,11.1,33.12,06:20,11.16,2.4,
2013-01-31,14.6,11.1,33.12,06:20,11.16,2.4,
2013-02-01,12.5,4.6,59.04,11:10,15.12,17.2,
2013-02-01,12.5,4.6,59.04,11:10,15.12,17.2,
2013-02-02,9.3,1.7,34.92,14:30,6.84,2.2,
2013-02-02,9.3,1.7,34.92,14:30,6.84,2.2,
2013-02-03,9.0,-0.3,15.12,10:50,5.04,0.0,
2013-02-03,9.0,-0.3,15.12,10:50,5.04,0.0,
2013-02-04,11.0,6.7,16.92,18:40,3.96,1.0,
2013-02-04,11.0,6.7,16.92,18:40,3.96,1.0,
2013-02-05,12.2,5.3,37.08,23:10,7.92,6.8,
2013-02-05,12.2,5.3,37.08,23:10,7.92,6.8,
2013-02-06,7.8,1.1,38.16,16:50,5.04,5.4,
2013-02-06,7.8,1.1,38.16,16:50,5.04,5.4,
2013-02-07,9.3,-0.9,25.92,15:20,2.16,1.0,
2013-02-07,9.3,-0.9,25.92,15:20,2.16,1.0,
2013-02-08,9.1,2.0,32.04,14:30,6.84,1.4,
2013-02-08,9.1,2.0,32.04,14:30,6.84,1.4,
2013-02-09,11.2,1.4,18.0,00:00,2.88,1.0,
2013-02-09,11.2,1.4,18.0,00:00,2.88,1.0,
2013-02-10,8.7,0.9,63.0,11:20,11.88,16.2,
2013-02-10,8.7,0.9,63.0,11:20,11.88,16.2,
2013-02-11,4.6,0.7,34.92,15:40,5.04,13.0,
2013-02-11,4.6,0.7,34.92,15:40,5.04,13.0,
2013-02-12,7.7,2.0,15.12,12:10,5.04,4.6,
2013-02-12,7.7,2.0,15.12,12:10,5.04,4.6,
2013-02-13,11.2,7.4,12.96,05:20,1.08,0.0,
2013-02-13,11.2,7.4,12.96,05:20,1.08,0.0,
2013-02-14,12.2,7.2,11.88,04:30,2.16,0.0,
2013-02-14,12.2,7.2,11.88,04:30,2.16,0.0,
2013-02-15,15.4,5.4,15.84,14:40,2.88,0.2,
2013-02-15,15.4,5.4,15.84,14:40,2.88,0.2,
2013-02-16,16.8,3.4,20.88,15:10,3.96,0.0,
2013-02-16,16.8,3.4,20.88,15:10,3.96,0.0,
2013-02-17,10.7,6.3,29.16,14:50,6.84,2.0,
2013-02-17,10.7,6.3,29.16,14:50,6.84,2.0,
2013-02-18,14.6,3.4,25.92,17:00,6.84,0.0,
2013-02-18,14.6,3.4,25.92,17:00,6.84,0.0,
2013-02-19,12.8,2.9,11.88,08:20,2.88,1.2,
2013-02-19,12.8,2.9,11.88,08:20,2.88,1.2,
2013-02-20,16.0,2.0,29.88,14:20,6.12,1.6,
2013-02-20,16.0,2.0,29.88,14:20,6.12,1.6,
2013-02-21,14.0,7.5,33.84,12:10,6.84,4.8,
2013-02-21,14.0,7.5,33.84,12:10,6.84,4.8,
2013-02-22,11.6,2.0,29.16,21:40,3.96,11.4,
2013-02-22,11.6,2.0,29.16,21:40,3.96,11.4,
2013-02-23,6.4,-0.6,27.0,03:30,5.04,0.0,
2013-02-23,6.4,-0.6,27.0,03:30,5.04,0.0,
2013-02-24,7.0,0.0,28.08,13:30,5.04,0.4,
2013-02-24,7.0,0.0,28.08,13:30,5.04,0.4,
2013-02-25,7.9,-1.4,24.84,18:10,6.12,0.0,
2013-02-25,7.9,-1.4,24.84,18:10,6.12,0.0,
2013-02-26,7.8,-0.7,23.04,21:00,2.16,3.0,
2013-02-26,7.8,-0.7,23.04,21:00,2.16,3.0,
2013-02-27,8.4,1.1,36.0,13:00,9.0,0.0,
2013-02-27,8.4,1.1,36.0,13:00,9.0,0.0,
2013-02-28,11.4,-2.1,33.84,16:00,6.84,0.0,
2013-02-28,11.4,-2.1,33.84,16:00,6.84,0.0,
2013-03-01,12.4,-3.0,29.88,10:40,3.96,0.0,
2013-03-01,12.4,-3.0,29.88,10:40,3.96,0.0,
2013-03-02,13.6,-3.5,20.88,16:30,2.88,0.0,
2013-03-02,13.6,-3.5,20.88,16:30,2.88,0.0,
2013-03-03,17.2,-0.6,24.12,13:20,3.96,0.0,
2013-03-03,17.2,-0.6,24.12,13:20,3.96,0.0,
2013-03-04,15.7,4.7,43.92,21:40,6.84,0.0,
2013-03-04,15.7,4.7,43.92,21:40,6.84,0.0,
2013-03-05,17.7,10.1,29.16,00:50,6.12,0.0,
2013-03-05,17.7,10.1,29.16,00:50,6.12,0.0,
2013-03-06,15.8,7.9,37.08,15:20,10.08,2.0,
2013-03-06,15.8,7.9,37.08,15:20,10.08,2.0,
2013-03-07,13.6,7.7,51.12,14:40,11.88,14.0,
2013-03-07,13.6,7.7,51.12,14:40,11.88,14.0,
2013-03-08,13.5,8.5,42.12,10:40,10.08,8.2,
2013-03-08,13.5,8.5,42.12,10:40,10.08,8.2,
2013-03-09,12.0,7.1,50.04,18:30,11.88,12.2,
2013-03-09,12.0,7.1,50.04,18:30,11.88,12.2,
2013-03-10,10.3,6.2,42.12,02:50,11.16,15.8,
2013-03-10,10.3,6.2,42.12,02:50,11.16,15.8,
2013-03-11,9.9,5.6,39.96,12:20,15.84,23.2,
2013-03-11,9.9,5.6,39.96,12:20,15.84,23.2,
2013-03-12,7.2,-0.3,30.96,10:00,7.92,12.8,
2013-03-12,7.2,-0.3,30.96,10:00,7.92,12.8,
2013-03-13,6.2,-0.1,33.12,13:30,2.88,4.4,
2013-03-13,6.2,-0.1,33.12,13:30,2.88,4.4,
2013-03-14,10.0,-0.8,32.04,16:30,3.96,2.8,
2013-03-14,10.0,-0.8,32.04,16:30,3.96,2.8,
2013-03-15,11.8,-1.0,20.16,14:10,2.88,0.4,
2013-03-15,11.8,-1.0,20.16,14:10,2.88,0.4,
2013-03-16,7.8,2.6,38.88,11:40,7.92,1.2,
2013-03-16,7.8,2.6,38.88,11:40,7.92,1.2,
2013-03-17,12.3,2.9,32.04,23:20,6.12,2.6,
2013-03-17,12.3,2.9,32.04,23:20,6.12,2.6,
2013-03-18,8.6,3.2,43.92,15:00,10.08,1.4,
2013-03-18,8.6,3.2,43.92,15:00,10.08,1.4,
2013-03-19,11.0,3.9,29.16,15:40,5.04,0.6,
2013-03-19,11.0,3.9,29.16,15:40,5.04,0.6,
2013-03-20,13.1,1.3,38.16,00:00,9.0,0.6,
2013-03-20,13.1,1.3,38.16,00:00,9.0,0.6,
2013-03-21,17.8,9.5,54.0,10:50,15.12,8.4,
2013-03-21,17.8,9.5,54.0,10:50,15.12,8.4,
2013-03-22,13.6,7.0,56.16,02:20,15.12,4.4,
2013-03-22,13.6,7.0,56.16,02:20,15.12,4.4,
2013-03-23,13.6,3.1,38.16,13:20,6.84,2.2,
2013-03-23,13.6,3.1,38.16,13:20,6.84,2.2,
2013-03-24,12.8,6.3,29.88,15:30,11.16,8.6,
2013-03-24,12.8,6.3,29.88,15:30,11.16,8.6,
2013-03-25,13.2,6.2,34.92,15:00,9.0,14.6,
2013-03-25,13.2,6.2,34.92,15:00,9.0,14.6,
2013-03-26,12.6,10.5,24.12,12:10,6.84,14.2,
2013-03-26,12.6,10.5,24.12,12:10,6.84,14.2,
2013-03-27,14.2,9.6,16.92,20:40,2.88,27.0,
2013-03-27,14.2,9.6,16.92,20:40,2.88,27.0,
2013-03-28,15.7,9.0,45.0,22:40,11.16,6.6,
2013-03-28,15.7,9.0,45.0,22:40,11.16,6.6,
2013-03-29,13.6,9.6,32.04,17:00,6.12,19.4,
2013-03-29,13.6,9.6,32.04,17:00,6.12,19.4,
2013-03-30,15.4,8.3,39.96,14:50,11.88,0.2,
2013-03-30,15.4,8.3,39.96,14:50,11.88,0.2,
2013-03-31,19.2,8.0,34.92,21:40,9.0,16.0,
2013-03-31,19.2,8.0,34.92,21:40,9.0,16.0,
2013-04-01,12.2,6.5,41.04,12:10,7.92,14.6,
2013-04-01,12.2,6.5,41.04,12:10,7.92,14.6,
2013-04-02,14.8,6.0,33.12,13:30,6.84,1.0,
2013-04-02,14.8,6.0,33.12,13:30,6.84,1.0,
2013-04-03,12.4,5.1,33.12,10:30,5.04,6.6,
2013-04-03,12.4,5.1,33.12,10:30,5.04,6.6,
2013-04-04,8.2,3.0,37.08,15:10,6.84,1.0,
2013-04-04,8.2,3.0,37.08,15:10,6.84,1.0,
2013-04-05,9.0,2.4,38.16,11:20,6.12,0.6,
2013-04-05,9.0,2.4,38.16,11:20,6.12,0.6,
2013-04-06,10.1,-1.2,21.96,13:10,3.96,0.0,
2013-04-06,10.1,-1.2,21.96,13:10,3.96,0.0,
2013-04-07,10.1,0.5,38.16,11:40,10.08,7.0,
2013-04-07,10.1,0.5,38.16,11:40,10.08,7.0,
2013-04-08,11.9,5.6,47.16,14:30,15.12,8.8,
2013-04-08,11.9,5.6,47.16,14:30,15.12,8.8,
2013-04-09,12.6,7.7,38.88,12:00,14.04,3.4,
2013-04-09,12.6,7.7,38.88,12:00,14.04,3.4,
2013-04-10,16.2,9.1,57.96,11:10,19.08,36.6,
2013-04-10,16.2,9.1,57.96,11:10,19.08,36.6,
2013-04-11,13.8,8.0,51.84,03:30,15.84,13.0,
2013-04-11,13.8,8.0,51.84,03:30,15.84,13.0,
2013-04-12,15.3,8.0,38.88,17:20,12.96,0.0,
2013-04-12,15.3,8.0,38.88,17:20,12.96,0.0,
2013-04-13,20.1,9.6,52.92,10:50,16.92,0.0,
2013-04-13,20.1,9.6,52.92,10:50,16.92,0.0,
2013-04-14,22.8,9.7,43.92,15:50,15.12,3.0,
2013-04-14,22.8,9.7,43.92,15:50,15.12,3.0,
2013-04-15,20.2,6.2,30.96,14:50,6.12,0.0,
2013-04-15,20.2,6.2,30.96,14:50,6.12,0.0,
2013-04-16,24.0,4.0,21.96,10:10,3.96,0.0,
2013-04-16,24.0,4.0,21.96,10:10,3.96,0.0,
2013-04-17,23.3,4.3,34.92,15:30,11.16,0.0,
2013-04-17,23.3,4.3,34.92,15:30,11.16,0.0,
2013-04-18,15.7,6.4,27.0,13:20,6.12,0.0,
2013-04-18,15.7,6.4,27.0,13:20,6.12,0.0,
2013-04-19,16.0,3.4,39.96,15:50,6.12,0.0,
2013-04-19,16.0,3.4,39.96,15:50,6.12,0.0,
2013-04-20,18.2,-0.7,29.88,16:10,5.04,0.0,
2013-04-20,18.2,-0.7,29.88,16:10,5.04,0.0,
2013-04-21,17.2,1.8,33.84,16:30,6.12,0.0,
2013-04-21,17.2,1.8,33.84,16:30,6.12,0.0,
2013-04-22,18.4,5.4,27.0,16:10,6.12,0.0,
2013-04-22,18.4,5.4,27.0,16:10,6.12,0.0,
2013-04-23,20.8,7.2,27.0,17:30,6.84,0.0,
2013-04-23,20.8,7.2,27.0,17:30,6.84,0.0,
2013-04-24,25.2,5.0,21.96,17:20,3.96,0.0,
2013-04-24,25.2,5.0,21.96,17:20,3.96,0.0,
2013-04-25,26.3,8.3,29.88,15:30,2.88,0.0,
2013-04-25,26.3,8.3,29.88,15:30,2.88,0.0,
2013-04-26,13.1,3.5,38.88,15:10,10.08,0.2,
2013-04-26,13.1,3.5,38.88,15:10,10.08,0.2,
2013-04-27,10.0,1.0,36.0,14:10,5.04,8.6,
2013-04-27,10.0,1.0,36.0,14:10,5.04,8.6,
2013-04-28,9.7,0.3,38.88,14:00,7.92,1.0,
2013-04-28,9.7,0.3,38.88,14:00,7.92,1.0,
2013-04-29,13.4,0.9,47.16,12:40,10.08,1.2,
2013-04-29,13.4,0.9,47.16,12:40,10.08,1.2,
2013-04-30,8.5,5.6,27.0,14:40,6.12,5.6,
2013-04-30,8.5,5.6,27.0,14:40,6.12,5.6,
2013-05-01,11.0,6.0,29.16,16:50,6.84,0.8,
2013-05-01,11.0,6.0,29.16,16:50,6.84,0.8,
2013-05-02,15.0,1.9,32.04,13:30,6.84,0.0,
2013-05-02,15.0,1.9,32.04,13:30,6.84,0.0,
2013-05-03,19.4,0.3,28.08,14:40,6.12,0.0,
2013-05-03,19.4,0.3,28.08,14:40,6.12,0.0,
2013-05-04,24.0,3.1,24.12,16:50,3.96,0.0,
2013-05-04,24.0,3.1,24.12,16:50,3.96,0.0,
2013-05-05,24.9,4.1,28.08,12:00,6.12,0.0,
2013-05-05,24.9,4.1,28.08,12:00,6.12,0.0,
2013-05-06,14.5,7.3,34.92,19:50,6.12,2.6,
2013-05-06,14.5,7.3,34.92,19:50,6.12,2.6,
2013-05-07,18.2,12.8,51.12,16:20,14.04,1.0,
2013-05-07,18.2,12.8,51.12,16:20,14.04,1.0,
2013-05-08,19.5,10.4,34.92,00:00,10.08,1.0,
2013-05-08,19.5,10.4,34.92,00:00,10.08,1.0,
2013-05-09,13.8,2.9,21.96,13:30,3.96,0.4,
2013-05-09,13.8,2.9,21.96,13:30,3.96,0.4,
2013-05-10,17.6,1.0,24.12,16:10,5.04,0.0,
2013-05-10,17.6,1.0,24.12,16:10,5.04,0.0,
2013-05-11,17.6,-0.1,27.0,17:10,5.04,0.0,
2013-05-11,17.6,-0.1,27.0,17:10,5.04,0.0,
2013-05-12,19.5,2.0,29.16,16:50,6.12,0.0,
2013-05-12,19.5,2.0,29.16,16:50,6.12,0.0,
2013-05-13,20.5,2.5,28.08,15:10,6.84,0.0,
2013-05-13,20.5,2.5,28.08,15:10,6.84,0.0,
2013-05-14,16.0,7.5,25.92,16:20,6.12,3.0,
2013-05-14,16.0,7.5,25.92,16:20,6.12,3.0,
2013-05-15,14.5,3.9,33.84,18:00,6.12,4.2,
2013-05-15,14.5,3.9,33.84,18:00,6.12,4.2,
2013-05-16,10.1,4.7,25.92,12:10,9.0,9.0,
2013-05-16,10.1,4.7,25.92,12:10,9.0,9.0,
2013-05-17,11.5,4.8,25.92,03:10,5.04,11.8,
2013-05-17,11.5,4.8,25.92,03:10,5.04,11.8,
2013-05-18,10.1,5.7,36.0,14:20,7.92,6.2,
2013-05-18,10.1,5.7,36.0,14:20,7.92,6.2,
2013-05-19,14.7,3.7,28.08,10:00,6.12,1.6,
2013-05-19,14.7,3.7,28.08,10:00,6.12,1.6,
2013-05-20,17.1,1.0,24.84,14:00,6.12,0.0,
2013-05-20,17.1,1.0,24.84,14:00,6.12,0.0,
2013-05-21,16.7,1.7,25.92,17:50,6.12,0.0,
2013-05-21,16.7,1.7,25.92,17:50,6.12,0.0,
2013-05-22,17.3,8.5,29.88,16:30,6.84,0.0,
2013-05-22,17.3,8.5,29.88,16:30,6.84,0.0,
2013-05-23,17.3,6.8,29.88,17:40,6.84,0.0,
2013-05-23,17.3,6.8,29.88,17:40,6.84,0.0,
2013-05-24,17.8,4.5,25.92,16:00,6.12,0.0,
2013-05-24,17.8,4.5,25.92,16:00,6.12,0.0,
2013-05-25,19.0,2.1,24.12,16:30,6.12,0.0,
2013-05-25,19.0,2.1,24.12,16:30,6.12,0.0,
2013-05-26,13.8,3.9,27.0,18:40,5.04,0.0,
2013-05-26,13.8,3.9,27.0,18:40,5.04,0.0,
2013-05-27,17.7,4.1,37.08,20:30,7.92,2.8,
2013-05-27,17.7,4.1,37.08,20:30,7.92,2.8,
2013-05-28,13.9,5.9,37.08,13:10,9.0,2.8,
2013-05-28,13.9,5.9,37.08,13:10,9.0,2.8,
2013-05-29,13.4,6.3,32.04,15:50,9.0,9.0,
2013-05-29,13.4,6.3,32.04,15:50,9.0,9.0,
2013-05-30,17.8,7.3,24.84,17:10,6.12,0.0,
2013-05-30,17.8,7.3,24.84,17:10,6.12,0.0,
2013-05-31,18.6,7.6,32.04,15:50,6.84,0.0,
2013-05-31,18.6,7.6,32.04,15:50,6.84,0.0,
2013-06-01,17.7,8.5,33.12,15:40,6.84,0.0,
2013-06-01,17.7,8.5,33.12,15:40,6.84,0.0,
2013-06-02,18.5,7.9,39.96,14:20,9.0,0.0,
2013-06-02,18.5,7.9,39.96,14:20,9.0,0.0,
2013-06-03,21.9,5.2,30.96,16:40,7.92,0.0,
2013-06-03,21.9,5.2,30.96,16:40,7.92,0.0,
2013-06-04,24.7,10.2,21.96,13:40,6.12,0.0,
2013-06-04,24.7,10.2,21.96,13:40,6.12,0.0,
2013-06-05,27.8,9.0,27.0,15:20,3.96,0.0,
2013-06-05,27.8,9.0,27.0,15:20,3.96,0.0,
2013-06-06,20.7,7.4,24.12,14:50,3.96,0.2,
2013-06-06,20.7,7.4,24.12,14:50,3.96,0.2,
2013-06-07,17.8,9.4,23.04,14:10,5.04,1.4,
2013-06-07,17.8,9.4,23.04,14:10,5.04,1.4,
2013-06-08,14.1,8.6,20.88,13:10,7.92,10.0,
2013-06-08,14.1,8.6,20.88,13:10,7.92,10.0,
2013-06-09,21.3,11.5,24.84,17:30,6.12,0.0,
2013-06-09,21.3,11.5,24.84,17:30,6.12,0.0,
2013-06-10,18.7,12.6,37.08,20:10,10.08,0.4,
2013-06-10,18.7,12.6,37.08,20:10,10.08,0.4,
2013-06-11,23.1,13.6,39.96,14:10,11.88,0.0,
2013-06-11,23.1,13.6,39.96,14:10,11.88,0.0,
2013-06-12,26.2,12.7,33.12,14:10,11.88,3.4,
2013-06-12,26.2,12.7,33.12,14:10,11.88,3.4,
2013-06-13,19.7,9.9,24.12,07:50,5.04,0.4,
2013-06-13,19.7,9.9,24.12,07:50,5.04,0.4,
2013-06-14,24.5,9.8,33.12,16:10,10.08,0.0,
2013-06-14,24.5,9.8,33.12,16:10,10.08,0.0,
2013-06-15,23.9,9.8,20.16,15:40,6.12,0.0,
2013-06-15,23.9,9.8,20.16,15:40,6.12,0.0,
2013-06-16,20.9,8.4,28.08,10:10,5.04,13.0,
2013-06-16,20.9,8.4,28.08,10:10,5.04,13.0,
2013-06-17,14.7,8.8,38.16,12:10,9.0,1.2,
2013-06-17,14.7,8.8,38.16,12:10,9.0,1.2,
2013-06-18,20.6,6.2,27.0,15:00,6.12,4.2,
2013-06-18,20.6,6.2,27.0,15:00,6.12,4.2,
2013-06-19,16.5,10.2,25.92,18:40,6.12,0.0,
2013-06-19,16.5,10.2,25.92,18:40,6.12,0.0,
2013-06-20,19.1,9.1,24.84,12:40,7.92,4.0,
2013-06-20,19.1,9.1,24.84,12:40,7.92,4.0,
2013-06-21,20.6,10.6,20.16,12:50,6.84,0.2,
2013-06-21,20.6,10.6,20.16,12:50,6.84,0.2,
2013-06-22,22.9,7.0,28.08,17:50,6.12,0.0,
2013-06-22,22.9,7.0,28.08,17:50,6.12,0.0,
2013-06-23,18.8,9.2,30.96,15:50,6.84,0.0,
2013-06-23,18.8,9.2,30.96,15:50,6.84,0.0,
2013-06-24,20.0,8.0,33.12,17:20,7.92,0.0,
2013-06-24,20.0,8.0,33.12,17:20,7.92,0.0,
2013-06-25,22.2,8.5,34.92,13:50,7.92,0.0,
2013-06-25,22.2,8.5,34.92,13:50,7.92,0.0,
2013-06-26,21.4,11.1,37.08,17:20,9.0,0.0,
2013-06-26,21.4,11.1,37.08,17:20,9.0,0.0,
2013-06-27,22.3,9.8,41.04,17:10,6.84,0.0,
2013-06-27,22.3,9.8,41.04,17:10,6.84,0.0,
2013-06-28,22.5,10.3,34.92,15:30,9.0,0.0,
2013-06-28,22.5,10.3,34.92,15:30,9.0,0.0,
2013-06-29,25.0,8.0,32.04,18:00,6.84,0.0,
2013-06-29,25.0,8.0,32.04,18:00,6.84,0.0,
2013-06-30,26.4,10.2,24.84,21:30,6.12,0.0,
2013-06-30,26.4,10.2,24.84,21:30,6.12,0.0,
2013-07-01,17.6,13.8,24.12,01:20,6.84,0.0,
2013-07-01,17.6,13.8,24.12,01:20,6.84,0.0,
2013-07-02,26.3,14.3,19.08,14:20,3.96,0.0,
2013-07-02,26.3,14.3,19.08,14:20,3.96,0.0,
2013-07-03,26.9,16.4,23.04,17:00,3.96,0.0,
2013-07-03,26.9,16.4,23.04,17:00,3.96,0.0,
2013-07-04,26.8,14.5,24.12,14:50,6.12,0.0,
2013-07-04,26.8,14.5,24.12,14:50,6.12,0.0,
2013-07-05,25.8,14.9,20.16,11:20,6.12,0.0,
2013-07-05,25.8,14.9,20.16,11:20,6.12,0.0,
2013-07-06,30.2,15.3,24.12,15:40,6.12,0.0,
2013-07-06,30.2,15.3,24.12,15:40,6.12,0.0,
2013-07-07,30.4,13.8,29.16,16:10,6.12,0.0,
2013-07-07,30.4,13.8,29.16,16:10,6.12,0.0,
2013-07-08,31.7,14.5,20.88,Varias,6.12,0.0,
2013-07-08,31.7,14.5,20.88,Varias,6.12,0.0,
2013-07-09,30.5,13.7,24.84,14:30,5.04,0.0,
2013-07-09,30.5,13.7,24.84,14:30,5.04,0.0,
2013-07-10,30.0,13.5,28.08,16:10,6.12,0.0,
2013-07-10,30.0,13.5,28.08,16:10,6.12,0.0,
2013-07-11,29.7,16.1,29.16,15:20,7.92,0.0,
2013-07-11,29.7,16.1,29.16,15:20,7.92,0.0,
2013-07-12,28.0,18.3,24.12,14:00,5.04,0.0,
2013-07-12,28.0,18.3,24.12,14:00,5.04,0.0,
2013-07-13,28.5,17.7,28.08,14:10,6.12,0.0,
2013-07-13,28.5,17.7,28.08,14:10,6.12,0.0,
2013-07-14,28.6,15.5,33.12,16:40,6.84,0.0,
2013-07-14,28.6,15.5,33.12,16:40,6.84,0.0,
2013-07-15,29.2,12.6,29.16,14:10,6.12,0.0,
2013-07-15,29.2,12.6,29.16,14:10,6.12,0.0,
2013-07-16,29.4,13.4,27.0,15:20,6.12,0.0,
2013-07-16,29.4,13.4,27.0,15:20,6.12,0.0,
2013-07-17,28.6,11.1,29.88,14:20,6.84,0.0,
2013-07-17,28.6,11.1,29.88,14:20,6.84,0.0,
2013-07-18,29.4,9.5,24.84,14:50,6.12,0.0,
2013-07-18,29.4,9.5,24.84,14:50,6.12,0.0,
2013-07-19,33.0,13.1,24.84,15:20,2.88,0.0,
2013-07-19,33.0,13.1,24.84,15:20,2.88,0.0,
2013-07-20,29.2,17.4,25.92,15:40,2.88,0.0,
2013-07-20,29.2,17.4,25.92,15:40,2.88,0.0,
2013-07-21,30.6,15.9,21.96,16:30,6.12,0.0,
2013-07-21,30.6,15.9,21.96,16:30,6.12,0.0,
2013-07-22,24.0,14.1,24.12,16:20,2.88,0.0,
2013-07-22,24.0,14.1,24.12,16:20,2.88,0.0,
2013-07-23,28.1,13.4,36.0,14:40,5.04,0.0,
2013-07-23,28.1,13.4,36.0,14:40,5.04,0.0,
2013-07-24,28.5,11.8,30.96,14:40,6.84,0.0,
2013-07-24,28.5,11.8,30.96,14:40,6.84,0.0,
2013-07-25,25.8,14.8,27.0,14:10,6.84,0.0,
2013-07-25,25.8,14.8,27.0,14:10,6.84,0.0,
2013-07-26,25.6,13.5,32.04,13:50,6.84,0.0,
2013-07-26,25.6,13.5,32.04,13:50,6.84,0.0,
2013-07-27,21.9,13.8,38.88,18:00,12.96,0.6,
2013-07-27,21.9,13.8,38.88,18:00,12.96,0.6,
2013-07-28,18.8,13.5,38.88,08:20,10.08,13.6,
2013-07-28,18.8,13.5,38.88,08:20,10.08,13.6,
2013-07-29,23.2,12.5,32.04,15:50,11.16,0.0,
2013-07-29,23.2,12.5,32.04,15:50,11.16,0.0,
2013-07-30,30.0,9.4,20.16,11:10,3.96,0.0,
2013-07-30,30.0,9.4,20.16,11:10,3.96,0.0,
2013-07-31,34.4,12.4,29.88,13:20,6.12,0.0,
2013-07-31,34.4,12.4,29.88,13:20,6.12,0.0,
2013-08-01,30.6,14.2,41.04,15:40,9.0,0.0,
2013-08-01,30.6,14.2,41.04,15:40,9.0,0.0,
2013-08-02,23.6,13.0,48.96,16:50,16.92,0.0,
2013-08-02,23.6,13.0,48.96,16:50,16.92,0.0,
2013-08-03,25.0,10.1,21.96,14:40,5.04,0.0,
2013-08-03,25.0,10.1,21.96,14:40,5.04,0.0,
2013-08-04,30.4,6.9,29.16,16:50,3.96,0.0,
2013-08-04,30.4,6.9,29.16,16:50,3.96,0.0,
2013-08-05,26.2,13.3,20.88,18:10,3.96,0.0,
2013-08-05,26.2,13.3,20.88,18:10,3.96,0.0,
2013-08-06,22.2,10.2,21.96,16:50,3.96,1.6,
2013-08-06,22.2,10.2,21.96,16:50,3.96,1.6,
2013-08-07,22.6,9.7,34.92,19:50,7.92,5.2,
2013-08-07,22.6,9.7,34.92,19:50,7.92,5.2,
2013-08-08,24.4,10.4,0.0,,5.04,0.2,
2013-08-08,24.4,10.4,0.0,,5.04,0.2,
2013-08-09,28.5,9.0,27.0,,3.96,0.0,
2013-08-09,28.5,9.0,27.0,,3.96,0.0,
2013-08-10,27.2,12.0,25.92,Varias,6.84,0.0,
2013-08-10,27.2,12.0,25.92,Varias,6.84,0.0,
2013-08-11,25.5,17.3,29.88,13:40,6.12,0.0,
2013-08-11,25.5,17.3,29.88,13:40,6.12,0.0,
2013-08-12,23.0,16.3,38.88,12:00,6.84,0.0,
2013-08-12,23.0,16.3,38.88,12:00,6.84,0.0,
2013-08-13,23.4,16.0,32.04,17:00,6.84,0.0,
2013-08-13,23.4,16.0,32.04,17:00,6.84,0.0,
2013-08-14,26.0,15.0,28.08,14:30,6.84,0.0,
2013-08-14,26.0,15.0,28.08,14:30,6.84,0.0,
2013-08-15,27.9,15.0,23.04,16:10,6.12,0.0,
2013-08-15,27.9,15.0,23.04,16:10,6.12,0.0,
2013-08-16,26.8,12.0,0.0,,2.88,0.0,
2013-08-16,26.8,12.0,0.0,,2.88,0.0,
2013-08-17,29.8,9.1,0.0,,0.0,0.0,
2013-08-17,29.8,9.1,0.0,,0.0,0.0,
2013-08-18,30.0,15.1,0.0,,0.0,0.0,
2013-08-18,30.0,15.1,0.0,,0.0,0.0,
2013-08-19,25.8,14.8,0.0,,6.12,0.0,
2013-08-19,25.8,14.8,0.0,,6.12,0.0,
2013-08-20,28.2,12.8,29.16,13:30,6.84,0.0,
2013-08-20,28.2,12.8,29.16,13:30,6.84,0.0,
2013-08-21,36.0,11.3,24.84,12:20,3.96,0.0,
2013-08-21,36.0,11.3,24.84,12:20,3.96,0.0,
2013-08-22,27.9,11.4,21.96,18:10,6.12,0.0,
2013-08-22,27.9,11.4,21.96,18:10,6.12,0.0,
2013-08-23,29.9,15.3,25.92,17:50,6.12,1.4,
2013-08-23,29.9,15.3,25.92,17:50,6.12,1.4,
2013-08-24,21.3,12.0,36.0,17:10,6.12,0.0,
2013-08-24,21.3,12.0,36.0,17:10,6.12,0.0,
2013-08-25,24.8,8.1,32.04,15:00,5.04,0.0,
2013-08-25,24.8,8.1,32.04,15:00,5.04,0.0,
2013-08-26,23.9,13.4,38.88,16:30,7.92,0.0,
2013-08-26,23.9,13.4,38.88,16:30,7.92,0.0,
2013-08-27,24.9,8.8,34.92,16:30,6.84,0.0,
2013-08-27,24.9,8.8,34.92,16:30,6.84,0.0,
2013-08-28,24.4,11.7,39.96,13:50,7.92,0.0,
2013-08-28,24.4,11.7,39.96,13:50,7.92,0.0,
2013-08-29,25.2,7.5,34.92,16:00,6.12,0.0,
2013-08-29,25.2,7.5,34.92,16:00,6.12,0.0,
2013-08-30,26.8,7.6,38.16,17:30,9.0,0.0,
2013-08-30,26.8,7.6,38.16,17:30,9.0,0.0,
2013-08-31,26.2,9.5,30.96,14:00,6.12,0.0,
2013-08-31,26.2,9.5,30.96,14:00,6.12,0.0,
2013-09-01,28.2,10.5,34.92,17:20,6.12,0.0,
2013-09-01,28.2,10.5,34.92,17:20,6.12,0.0,
2013-09-02,30.8,11.2,18.0,13:50,2.88,0.0,
2013-09-02,30.8,11.2,18.0,13:50,2.88,0.0,
2013-09-03,34.3,10.8,24.84,16:10,2.88,0.0,
2013-09-03,34.3,10.8,24.84,16:10,2.88,0.0,
2013-09-04,33.3,9.6,25.92,16:40,3.96,0.4,
2013-09-04,33.3,9.6,25.92,16:40,3.96,0.4,
2013-09-05,25.3,14.3,28.08,01:50,3.96,0.2,
2013-09-05,25.3,14.3,28.08,01:50,3.96,0.2,
2013-09-06,22.1,12.3,24.84,13:20,3.96,0.0,
2013-09-06,22.1,12.3,24.84,13:20,3.96,0.0,
2013-09-07,16.6,7.1,32.04,14:40,5.04,0.0,
2013-09-07,16.6,7.1,32.04,14:40,5.04,0.0,
2013-09-08,22.5,3.7,23.04,12:00,2.88,0.0,
2013-09-08,22.5,3.7,23.04,12:00,2.88,0.0,
2013-09-09,26.1,5.2,24.12,17:20,3.96,0.0,
2013-09-09,26.1,5.2,24.12,17:20,3.96,0.0,
2013-09-10,20.4,10.2,34.92,16:40,6.12,0.0,
2013-09-10,20.4,10.2,34.92,16:40,6.12,0.0,
2013-09-11,23.0,10.0,36.0,13:10,6.12,0.0,
2013-09-11,23.0,10.0,36.0,13:10,6.12,0.0,
2013-09-12,24.3,6.2,29.16,14:00,5.04,0.0,
2013-09-12,24.3,6.2,29.16,14:00,5.04,0.0,
2013-09-13,29.0,6.5,21.96,12:40,3.96,0.0,
2013-09-13,29.0,6.5,21.96,12:40,3.96,0.0,
2013-09-14,23.4,14.8,24.84,15:40,6.12,0.0,
2013-09-14,23.4,14.8,24.84,15:40,6.12,0.0,
2013-09-15,23.9,8.7,29.16,14:00,5.04,0.0,
2013-09-15,23.9,8.7,29.16,14:00,5.04,0.0,
2013-09-16,22.3,6.5,27.0,13:30,3.96,0.0,
2013-09-16,22.3,6.5,27.0,13:30,3.96,0.0,
2013-09-17,23.0,7.6,19.08,15:30,5.04,1.0,
2013-09-17,23.0,7.6,19.08,15:30,5.04,1.0,
2013-09-18,21.0,12.5,20.16,13:20,3.96,0.0,
2013-09-18,21.0,12.5,20.16,13:20,3.96,0.0,
2013-09-19,25.7,15.2,30.96,15:40,6.12,0.0,
2013-09-19,25.7,15.2,30.96,15:40,6.12,0.0,
2013-09-20,25.5,14.9,25.92,13:10,3.96,0.0,
2013-09-20,25.5,14.9,25.92,13:10,3.96,0.0,
2013-09-21,27.9,12.9,19.08,15:20,2.88,0.0,
2013-09-21,27.9,12.9,19.08,15:20,2.88,0.0,
2013-09-22,34.0,12.5,24.84,17:00,5.04,0.0,
2013-09-22,34.0,12.5,24.84,17:00,5.04,0.0,
2013-09-23,33.8,10.5,30.96,12:40,3.96,0.0,
2013-09-23,33.8,10.5,30.96,12:40,3.96,0.0,
2013-09-24,27.5,14.5,33.12,13:10,5.04,1.6,
2013-09-24,27.5,14.5,33.12,13:10,5.04,1.6,
2013-09-25,25.3,13.5,38.16,14:30,5.04,0.2,
2013-09-25,25.3,13.5,38.16,14:30,5.04,0.2,
2013-09-26,28.1,11.1,34.92,14:40,5.04,5.4,
2013-09-26,28.1,11.1,34.92,14:40,5.04,5.4,
2013-09-27,20.0,13.4,33.12,14:50,7.92,34.6,
2013-09-27,20.0,13.4,33.12,14:50,7.92,34.6,
2013-09-28,20.1,13.5,37.08,11:10,7.92,3.2,
2013-09-28,20.1,13.5,37.08,11:10,7.92,3.2,
2013-09-29,20.6,14.6,34.92,12:40,10.08,1.0,
2013-09-29,20.6,14.6,34.92,12:40,10.08,1.0,
2013-09-30,23.8,16.1,37.08,12:00,10.08,5.2,
2013-09-30,23.8,16.1,37.08,12:00,10.08,5.2,
2013-10-01,24.2,16.0,34.92,14:30,10.08,0.2,
2013-10-01,24.2,16.0,34.92,14:30,10.08,0.2,
2013-10-02,21.0,14.7,24.12,11:50,6.84,19.0,
2013-10-02,21.0,14.7,24.12,11:50,6.84,19.0,
2013-10-03,20.0,14.4,54.0,11:50,15.12,0.8,
2013-10-03,20.0,14.4,54.0,11:50,15.12,0.8,
2013-10-04,20.5,11.4,28.08,14:50,3.96,3.4,
2013-10-04,20.5,11.4,28.08,14:50,3.96,3.4,
2013-10-05,22.5,9.1,20.16,17:20,3.96,0.0,
2013-10-05,22.5,9.1,20.16,17:20,3.96,0.0,
2013-10-06,23.0,7.2,20.16,16:50,3.96,0.0,
2013-10-06,23.0,7.2,20.16,16:50,3.96,0.0,
2013-10-07,24.2,9.5,15.12,14:00,3.96,0.0,
2013-10-07,24.2,9.5,15.12,14:00,3.96,0.0,
2013-10-08,21.8,6.1,25.92,16:00,2.88,0.0,
2013-10-08,21.8,6.1,25.92,16:00,2.88,0.0,
2013-10-09,22.0,6.4,25.92,16:10,6.12,0.0,
2013-10-09,22.0,6.4,25.92,16:10,6.12,0.0,
2013-10-10,20.4,5.8,29.88,13:50,5.04,0.0,
2013-10-10,20.4,5.8,29.88,13:50,5.04,0.0,
2013-10-11,18.3,5.8,36.0,14:40,5.04,0.0,
2013-10-11,18.3,5.8,36.0,14:40,5.04,0.0,
2013-10-12,19.9,4.3,15.12,14:40,2.16,0.0,
2013-10-12,19.9,4.3,15.12,14:40,2.16,0.0,
2013-10-13,17.8,10.5,24.12,09:40,6.12,3.6,
2013-10-13,17.8,10.5,24.12,09:40,6.12,3.6,
2013-10-14,18.4,12.5,29.16,23:59,6.12,10.8,
2013-10-14,18.4,12.5,29.16,23:59,6.12,10.8,
2013-10-15,19.5,14.1,41.04,00:30,12.96,4.6,
2013-10-15,19.5,14.1,41.04,00:30,12.96,4.6,
2013-10-16,18.8,12.1,33.84,08:30,5.04,6.2,
2013-10-16,18.8,12.1,33.84,08:30,5.04,6.2,
2013-10-17,22.6,11.4,24.12,13:20,6.84,0.2,
2013-10-17,22.6,11.4,24.12,13:20,6.84,0.2,
2013-10-18,21.6,13.8,41.04,Varias,11.16,23.2,
2013-10-18,21.6,13.8,41.04,Varias,11.16,23.2,
2013-10-19,17.0,12.7,37.08,15:00,11.16,14.8,
2013-10-19,17.0,12.7,37.08,15:00,11.16,14.8,
2013-10-20,18.1,12.4,37.08,02:50,9.0,2.8,
2013-10-20,18.1,12.4,37.08,02:50,9.0,2.8,
2013-10-21,19.3,13.7,51.84,13:10,12.96,34.8,
2013-10-21,19.3,13.7,51.84,13:10,12.96,34.8,
2013-10-22,18.4,13.4,48.96,14:20,14.04,8.4,
2013-10-22,18.4,13.4,48.96,14:20,14.04,8.4,
2013-10-23,19.4,13.0,37.08,13:20,11.16,4.4,
2013-10-23,19.4,13.0,37.08,13:20,11.16,4.4,
2013-10-24,17.5,13.0,37.08,18:50,10.08,15.8,
2013-10-24,17.5,13.0,37.08,18:50,10.08,15.8,
2013-10-25,19.1,11.4,43.92,12:10,6.84,0.0,
2013-10-25,19.1,11.4,43.92,12:10,6.84,0.0,
2013-10-26,17.2,11.2,38.88,12:20,10.08,0.2,
2013-10-26,17.2,11.2,38.88,12:20,10.08,0.2,
2013-10-27,19.6,12.1,46.08,23:59,14.04,11.6,
2013-10-27,19.6,12.1,46.08,23:59,14.04,11.6,
2013-10-28,15.8,8.2,63.0,01:20,7.92,3.0,
2013-10-28,15.8,8.2,63.0,01:20,7.92,3.0,
2013-10-29,14.5,3.5,24.12,00:20,3.96,0.2,
2013-10-29,14.5,3.5,24.12,00:20,3.96,0.2,
2013-10-30,15.4,0.8,12.96,14:10,3.96,0.2,
2013-10-30,15.4,0.8,12.96,14:10,3.96,0.2,
2013-10-31,18.4,1.5,23.04,13:20,6.12,0.6,
2013-10-31,18.4,1.5,23.04,13:20,6.12,0.6,
2013-11-01,16.4,13.0,42.84,11:20,14.04,24.4,
2013-11-01,16.4,13.0,42.84,11:20,14.04,24.4,
2013-11-02,16.5,9.9,37.08,04:50,7.92,13.4,
2013-11-02,16.5,9.9,37.08,04:50,7.92,13.4,
2013-11-03,13.3,7.3,34.92,23:00,10.08,14.0,
2013-11-03,13.3,7.3,34.92,23:00,10.08,14.0,
2013-11-04,15.1,10.3,38.88,08:10,15.12,6.0,
2013-11-04,15.1,10.3,38.88,08:10,15.12,6.0,
2013-11-05,17.1,14.0,33.12,12:10,9.0,1.4,
2013-11-05,17.1,14.0,33.12,12:10,9.0,1.4,
2013-11-06,18.4,13.2,33.12,12:00,10.08,0.0,
2013-11-06,18.4,13.2,33.12,12:00,10.08,0.0,
2013-11-07,15.9,12.2,43.92,12:00,10.08,7.2,
2013-11-07,15.9,12.2,43.92,12:00,10.08,7.2,
2013-11-08,14.0,6.3,33.12,12:00,10.08,2.6,
2013-11-08,14.0,6.3,33.12,12:00,10.08,2.6,
2013-11-09,14.4,6.0,34.92,08:10,9.0,2.0,
2013-11-09,14.4,6.0,34.92,08:10,9.0,2.0,
2013-11-10,14.7,10.2,24.12,00:20,2.88,0.4,
2013-11-10,14.7,10.2,24.12,00:20,2.88,0.4,
2013-11-11,14.4,10.3,15.12,14:40,2.16,0.0,
2013-11-11,14.4,10.3,15.12,14:40,2.16,0.0,
2013-11-12,13.7,9.9,16.92,13:20,2.88,0.2,
2013-11-12,13.7,9.9,16.92,13:20,2.88,0.2,
2013-11-13,14.4,9.4,29.88,15:20,6.12,0.2,
2013-11-13,14.4,9.4,29.88,15:20,6.12,0.2,
2013-11-14,13.8,6.5,33.84,15:40,6.12,0.0,
2013-11-14,13.8,6.5,33.84,15:40,6.12,0.0,
2013-11-15,10.8,4.1,47.16,12:30,7.92,5.2,
2013-11-15,10.8,4.1,47.16,12:30,7.92,5.2,
2013-11-16,11.4,4.7,28.08,13:50,5.04,0.2,
2013-11-16,11.4,4.7,28.08,13:50,5.04,0.2,
2013-11-17,9.9,5.6,28.08,11:00,5.04,0.0,
2013-11-17,9.9,5.6,28.08,11:00,5.04,0.0,
2013-11-18,10.0,5.1,12.96,16:20,1.08,7.8,
2013-11-18,10.0,5.1,12.96,16:20,1.08,7.8,
2013-11-19,11.3,3.6,32.04,12:30,3.96,2.2,
2013-11-19,11.3,3.6,32.04,12:30,3.96,2.2,
2013-11-20,10.1,0.2,0.0,,0.0,0.8,
2013-11-20,10.1,0.2,0.0,,0.0,0.8,
2013-11-21,9.8,5.1,0.0,,6.84,0.8,
2013-11-21,9.8,5.1,0.0,,6.84,0.8,
2013-11-22,10.8,-0.2,24.84,15:40,2.88,0.0,
2013-11-22,10.8,-0.2,24.84,15:40,2.88,0.0,
2013-11-23,11.5,-2.0,29.88,12:10,2.88,0.0,
2013-11-23,11.5,-2.0,29.88,12:10,2.88,0.0,
2013-11-24,9.6,-0.4,33.84,20:00,5.04,0.0,
2013-11-24,9.6,-0.4,33.84,20:00,5.04,0.0,
2013-11-25,12.6,1.9,32.04,11:00,5.04,0.0,
2013-11-25,12.6,1.9,32.04,11:00,5.04,0.0,
2013-11-26,11.0,2.2,47.16,12:50,5.04,0.0,
2013-11-26,11.0,2.2,47.16,12:50,5.04,0.0,
2013-11-27,10.4,1.7,24.12,13:20,5.04,0.0,
2013-11-27,10.4,1.7,24.12,13:20,5.04,0.0,
2013-11-28,10.9,-2.3,19.08,15:40,3.96,0.0,
2013-11-28,10.9,-2.3,19.08,15:40,3.96,0.0,
2013-11-29,11.3,-2.9,21.96,15:10,5.04,0.0,
2013-11-29,11.3,-2.9,21.96,15:10,5.04,0.0,
2013-11-30,10.0,0.8,21.96,13:40,3.96,0.8,
2013-11-30,10.0,0.8,21.96,13:40,3.96,0.8,
2013-12-01,11.4,0.0,32.04,14:10,3.96,0.0,
2013-12-01,11.4,0.0,32.04,14:10,3.96,0.0,
2013-12-02,12.0,-2.7,20.16,15:30,2.88,0.0,
2013-12-02,12.0,-2.7,20.16,15:30,2.88,0.0,
2013-12-03,12.5,-3.9,11.88,19:30,2.88,0.0,
2013-12-03,12.5,-3.9,11.88,19:30,2.88,0.0,
2013-12-04,11.2,-4.7,7.92,16:10,2.88,0.4,
2013-12-04,11.2,-4.7,7.92,16:10,2.88,0.4,
2013-12-05,12.0,-1.5,20.16,15:00,2.16,0.0,
2013-12-05,12.0,-1.5,20.16,15:00,2.16,0.0,
2013-12-06,11.4,-3.0,15.12,15:00,1.08,0.2,
2013-12-06,11.4,-3.0,15.12,15:00,1.08,0.2,
2013-12-07,6.9,-6.5,10.08,14:00,2.16,0.2,
2013-12-07,6.9,-6.5,10.08,14:00,2.16,0.2,
2013-12-08,3.1,-5.3,7.92,17:40,2.88,0.0,
2013-12-08,3.1,-5.3,7.92,17:40,2.88,0.0,
2013-12-09,9.5,-7.9,10.08,17:50,2.88,0.2,
2013-12-09,9.5,-7.9,10.08,17:50,2.88,0.2,
2013-12-10,13.3,-4.5,20.88,00:20,3.96,0.0,
2013-12-10,13.3,-4.5,20.88,00:20,3.96,0.0,
2013-12-11,15.4,-3.6,24.12,13:00,6.84,0.0,
2013-12-11,15.4,-3.6,24.12,13:00,6.84,0.0,
2013-12-12,17.2,4.9,32.04,12:50,6.12,0.0,
2013-12-12,17.2,4.9,32.04,12:50,6.12,0.0,
2013-12-13,13.7,1.2,29.88,14:30,7.92,1.4,
2013-12-13,13.7,1.2,29.88,14:30,7.92,1.4,
2013-12-14,13.6,-0.7,27.0,22:30,3.96,0.0,
2013-12-14,13.6,-0.7,27.0,22:30,3.96,0.0,
2013-12-15,15.9,2.1,32.04,13:40,6.12,0.0,
2013-12-15,15.9,2.1,32.04,13:40,6.12,0.0,
2013-12-16,14.8,4.4,34.92,13:10,7.92,2.2,
2013-12-16,14.8,4.4,34.92,13:10,7.92,2.2,
2013-12-17,10.0,6.4,27.0,00:40,5.04,1.4,
2013-12-17,10.0,6.4,27.0,00:40,5.04,1.4,
2013-12-18,10.8,5.5,45.0,13:30,14.04,17.2,
2013-12-18,10.8,5.5,45.0,13:30,14.04,17.2,
2013-12-19,10.4,0.4,39.96,11:20,6.12,4.8,
2013-12-19,10.4,0.4,39.96,11:20,6.12,4.8,
2013-12-20,9.7,-2.0,18.0,17:00,2.88,0.0,
2013-12-20,9.7,-2.0,18.0,17:00,2.88,0.0,
2013-12-21,9.2,2.3,38.16,19:50,7.92,0.0,
2013-12-21,9.2,2.3,38.16,19:50,7.92,0.0,
2013-12-22,11.2,7.6,33.84,Varias,7.92,0.0,
2013-12-22,11.2,7.6,33.84,Varias,7.92,0.0,
2013-12-23,12.0,7.0,63.0,20:10,19.08,3.8,
2013-12-23,12.0,7.0,63.0,20:10,19.08,3.8,
2013-12-24,12.0,5.3,70.92,07:40,20.16,12.6,
2013-12-24,12.0,5.3,70.92,07:40,20.16,12.6,
2013-12-25,6.6,2.7,51.12,11:40,16.92,1.6,
2013-12-25,6.6,2.7,51.12,11:40,16.92,1.6,
2013-12-26,11.8,3.4,45.0,22:50,10.08,0.4,
2013-12-26,11.8,3.4,45.0,22:50,10.08,0.4,
2013-12-27,13.4,6.3,55.08,20:00,19.08,8.8,
2013-12-27,13.4,6.3,55.08,20:00,19.08,8.8,
2013-12-28,8.3,3.0,42.84,05:00,14.04,2.4,
2013-12-28,8.3,3.0,42.84,05:00,14.04,2.4,
2013-12-29,9.1,2.9,29.88,19:50,7.92,0.0,
2013-12-29,9.1,2.9,29.88,19:50,7.92,0.0,
2013-12-30,9.7,6.1,47.88,13:20,15.12,0.4,
2013-12-30,9.7,6.1,47.88,13:20,15.12,0.4,
2013-12-31,10.0,7.1,43.92,09:40,15.84,6.2,
2013-12-31,10.0,7.1,43.92,09:40,15.84,6.2,
2014-01-01,11.1,7.3,47.88,05:10,16.92,11.4,
2014-01-01,11.1,7.3,47.88,05:10,16.92,11.4,
2014-01-02,13.1,9.0,39.96,13:30,11.88,1.6,
2014-01-02,13.1,9.0,39.96,13:30,11.88,1.6,
2014-01-03,12.2,8.3,38.16,18:10,11.88,18.8,
2014-01-03,12.2,8.3,38.16,18:10,11.88,18.8,
2014-01-04,8.3,3.1,72.0,02:00,14.04,2.8,
2014-01-04,8.3,3.1,72.0,02:00,14.04,2.8,
2014-01-05,13.2,5.0,59.04,19:40,20.16,8.8,
2014-01-05,13.2,5.0,59.04,19:40,20.16,8.8,
2014-01-06,12.4,8.9,54.0,06:00,15.12,6.8,
2014-01-06,12.4,8.9,54.0,06:00,15.12,6.8,
2014-01-07,12.6,8.5,33.84,12:50,11.88,3.2,
2014-01-07,12.6,8.5,33.84,12:50,11.88,3.2,
2014-01-08,14.8,10.1,42.12,12:00,14.04,0.6,
2014-01-08,14.8,10.1,42.12,12:00,14.04,0.6,
2014-01-09,12.0,7.3,21.96,01:00,2.88,0.0,
2014-01-09,12.0,7.3,21.96,01:00,2.88,0.0,
2014-01-10,10.2,5.7,10.08,22:30,1.08,0.0,
2014-01-10,10.2,5.7,10.08,22:30,1.08,0.0,
2014-01-11,11.9,1.8,11.16,12:10,2.16,0.0,
2014-01-11,11.9,1.8,11.16,12:10,2.16,0.0,
2014-01-12,12.0,1.8,50.04,11:10,11.16,2.6,
2014-01-12,12.0,1.8,50.04,11:10,11.16,2.6,
2014-01-13,7.0,4.6,39.96,14:10,11.16,12.8,
2014-01-13,7.0,4.6,39.96,14:10,11.16,12.8,
2014-01-14,11.1,7.0,33.84,06:10,9.0,0.8,
2014-01-14,11.1,7.0,33.84,06:10,9.0,0.8,
2014-01-15,11.1,5.8,48.96,18:30,14.04,15.2,
2014-01-15,11.1,5.8,48.96,18:30,14.04,15.2,
2014-01-16,7.7,4.8,45.0,14:30,12.96,9.8,
2014-01-16,7.7,4.8,45.0,14:30,12.96,9.8,
2014-01-17,10.2,5.2,37.08,01:00,9.0,0.6,
2014-01-17,10.2,5.2,37.08,01:00,9.0,0.6,
2014-01-18,7.8,3.2,28.08,08:10,9.0,4.8,
2014-01-18,7.8,3.2,28.08,08:10,9.0,4.8,
2014-01-19,6.2,1.0,27.0,21:30,6.12,5.2,
2014-01-19,6.2,1.0,27.0,21:30,6.12,5.2,
2014-01-20,8.2,4.1,23.04,23:59,3.96,0.2,
2014-01-20,8.2,4.1,23.04,23:59,3.96,0.2,
2014-01-21,9.5,5.8,33.12,13:30,10.08,3.0,
2014-01-21,9.5,5.8,33.12,13:30,10.08,3.0,
2014-01-22,10.2,1.7,29.16,14:20,5.04,3.8,
2014-01-22,10.2,1.7,29.16,14:20,5.04,3.8,
2014-01-23,11.2,0.5,14.04,16:40,2.88,0.2,
2014-01-23,11.2,0.5,14.04,16:40,2.88,0.2,
2014-01-24,10.2,6.5,24.12,12:50,10.08,0.4,
2014-01-24,10.2,6.5,24.12,12:50,10.08,0.4,
2014-01-25,12.9,9.0,16.92,03:30,5.04,0.0,
2014-01-25,12.9,9.0,16.92,03:30,5.04,0.0,
2014-01-26,12.1,7.0,37.08,13:50,15.12,2.0,
2014-01-26,12.1,7.0,37.08,13:50,15.12,2.0,
2014-01-27,8.0,3.7,47.16,15:10,15.12,6.0,
2014-01-27,8.0,3.7,47.16,15:10,15.12,6.0,
2014-01-28,9.3,3.4,54.0,11:00,15.84,15.2,
2014-01-28,9.3,3.4,54.0,11:00,15.84,15.2,
2014-01-29,8.4,2.4,37.08,14:50,5.04,9.0,
2014-01-29,8.4,2.4,37.08,14:50,5.04,9.0,
2014-01-30,7.7,0.9,28.08,16:40,9.0,7.4,
2014-01-30,7.7,0.9,28.08,16:40,9.0,7.4,
2014-01-31,10.7,6.9,45.0,23:59,10.08,3.6,
2014-01-31,10.7,6.9,45.0,23:59,10.08,3.6,
2014-02-01,10.0,1.4,52.92,00:40,12.96,0.4,
2014-02-01,10.0,1.4,52.92,00:40,12.96,0.4,
2014-02-02,8.7,2.5,42.12,23:59,9.0,0.6,
2014-02-02,8.7,2.5,42.12,23:59,9.0,0.6,
2014-02-03,7.3,2.8,61.92,02:00,15.84,0.4,
2014-02-03,7.3,2.8,61.92,02:00,15.84,0.4,
2014-02-04,7.5,2.4,69.84,16:50,20.88,11.4,
2014-02-04,7.5,2.4,69.84,16:50,20.88,11.4,
2014-02-05,9.2,4.4,60.12,03:40,14.04,0.8,
2014-02-05,9.2,4.4,60.12,03:40,14.04,0.8,
2014-02-06,14.2,4.5,77.04,11:00,19.08,8.0,
2014-02-06,14.2,4.5,77.04,11:00,19.08,8.0,
2014-02-07,9.1,4.1,56.88,23:30,15.84,11.0,
2014-02-07,9.1,4.1,56.88,23:30,15.84,11.0,
2014-02-08,8.9,2.6,69.12,12:20,16.92,4.2,
2014-02-08,8.9,2.6,69.12,12:20,16.92,4.2,
2014-02-09,9.7,3.1,47.88,21:10,15.12,4.4,
2014-02-09,9.7,3.1,47.88,21:10,15.12,4.4,
2014-02-10,8.0,0.6,46.08,00:30,10.08,1.6,
2014-02-10,8.0,0.6,46.08,00:30,10.08,1.6,
2014-02-11,11.1,1.0,60.84,04:30,11.16,1.4,
2014-02-11,11.1,1.0,60.84,04:30,11.16,1.4,
2014-02-12,11.7,2.5,47.88,09:40,11.16,1.6,
2014-02-12,11.7,2.5,47.88,09:40,11.16,1.6,
2014-02-13,12.8,10.1,50.04,06:10,20.88,0.4,
2014-02-13,12.8,10.1,50.04,06:10,20.88,0.4,
2014-02-14,14.0,5.1,74.88,08:10,19.08,10.0,
2014-02-14,14.0,5.1,74.88,08:10,19.08,10.0,
2014-02-15,8.6,2.3,43.92,15:10,10.08,0.4,
2014-02-15,8.6,2.3,43.92,15:10,10.08,0.4,
2014-02-16,9.5,0.9,33.12,Varias,9.0,0.0,
2014-02-16,9.5,0.9,33.12,Varias,9.0,0.0,
2014-02-17,9.8,4.7,41.04,06:20,12.96,0.6,
2014-02-17,9.8,4.7,41.04,06:20,12.96,0.6,
2014-02-18,11.5,4.5,19.08,14:30,3.96,0.0,
2014-02-18,11.5,4.5,19.08,14:30,3.96,0.0,
2014-02-19,13.5,6.1,28.08,13:10,7.92,0.0,
2014-02-19,13.5,6.1,28.08,13:10,7.92,0.0,
2014-02-20,12.3,4.1,41.04,08:30,14.04,2.2,
2014-02-20,12.3,4.1,41.04,08:30,14.04,2.2,
2014-02-21,9.7,2.4,43.92,16:30,15.12,1.6,
2014-02-21,9.7,2.4,43.92,16:30,15.12,1.6,
2014-02-22,12.1,5.5,38.88,02:30,9.0,0.0,
2014-02-22,12.1,5.5,38.88,02:30,9.0,0.0,
2014-02-23,15.2,3.6,46.08,10:20,11.88,0.0,
2014-02-23,15.2,3.6,46.08,10:20,11.88,0.0,
2014-02-24,12.1,3.5,43.92,14:50,9.0,0.0,
2014-02-24,12.1,3.5,43.92,14:50,9.0,0.0,
2014-02-25,9.3,3.6,55.08,15:30,11.88,14.8,
2014-02-25,9.3,3.6,55.08,15:30,11.88,14.8,
2014-02-26,11.3,1.6,33.12,21:50,10.08,0.0,
2014-02-26,11.3,1.6,33.12,21:50,10.08,0.0,
2014-02-27,14.8,7.0,38.88,00:20,11.16,0.2,
2014-02-27,14.8,7.0,38.88,00:20,11.16,0.2,
2014-02-28,9.3,5.9,45.0,02:20,15.12,3.2,
2014-02-28,9.3,5.9,45.0,02:20,15.12,3.2,
2014-03-01,11.6,6.2,32.04,07:20,11.16,3.8,
2014-03-01,11.6,6.2,32.04,07:20,11.16,3.8,
2014-03-02,12.3,4.2,47.88,18:00,12.96,2.0,
2014-03-02,12.3,4.2,47.88,18:00,12.96,2.0,
2014-03-03,10.4,3.1,54.0,00:20,14.04,8.8,
2014-03-03,10.4,3.1,54.0,00:20,14.04,8.8,
2014-03-04,10.1,4.0,39.96,16:20,11.88,0.4,
2014-03-04,10.1,4.0,39.96,16:20,11.88,0.4,
2014-03-05,12.7,4.6,21.96,00:10,3.96,0.0,
2014-03-05,12.7,4.6,21.96,00:10,3.96,0.0,
2014-03-06,19.1,5.8,15.12,00:10,2.88,0.2,
2014-03-06,19.1,5.8,15.12,00:10,2.88,0.2,
2014-03-07,16.7,4.0,20.16,14:20,2.88,0.0,
2014-03-07,16.7,4.0,20.16,14:20,2.88,0.0,
2014-03-08,23.9,1.0,18.0,15:10,2.88,0.0,
2014-03-08,23.9,1.0,18.0,15:10,2.88,0.0,
2014-03-09,22.9,2.2,30.96,12:40,6.84,0.0,
2014-03-09,22.9,2.2,30.96,12:40,6.84,0.0,
2014-03-10,21.7,3.0,36.0,15:50,5.04,0.0,
2014-03-10,21.7,3.0,36.0,15:50,5.04,0.0,
2014-03-11,18.3,0.6,28.08,15:30,6.84,0.0,
2014-03-11,18.3,0.6,28.08,15:30,6.84,0.0,
2014-03-12,21.2,-0.2,14.04,18:20,2.88,0.0,
2014-03-12,21.2,-0.2,14.04,18:20,2.88,0.0,
2014-03-13,22.2,0.1,23.04,15:50,3.96,0.0,
2014-03-13,22.2,0.1,23.04,15:50,3.96,0.0,
2014-03-14,19.3,-1.2,20.88,16:00,2.88,0.0,
2014-03-14,19.3,-1.2,20.88,16:00,2.88,0.0,
2014-03-15,15.8,0.2,32.04,18:00,6.84,0.0,
2014-03-15,15.8,0.2,32.04,18:00,6.84,0.0,
2014-03-16,21.6,-0.2,23.04,16:40,5.04,0.0,
2014-03-16,21.6,-0.2,23.04,16:40,5.04,0.0,
2014-03-17,23.1,1.8,29.88,17:54,6.12,0.0,
2014-03-17,23.1,1.8,29.88,17:54,6.12,0.0,
2014-03-18,10.9,6.6,25.92,17:00,3.96,0.0,
2014-03-18,10.9,6.6,25.92,17:00,3.96,0.0,
2014-03-19,19.7,0.9,21.96,00:40,3.96,0.0,
2014-03-19,19.7,0.9,21.96,00:40,3.96,0.0,
2014-03-20,22.0,1.8,42.12,16:20,10.08,0.0,
2014-03-20,22.0,1.8,42.12,16:20,10.08,0.0,
2014-03-21,13.5,7.4,36.0,15:20,11.88,3.4,
2014-03-21,13.5,7.4,36.0,15:20,11.88,3.4,
2014-03-22,10.1,3.3,46.08,13:50,11.88,1.0,
2014-03-22,10.1,3.3,46.08,13:50,11.88,1.0,
2014-03-23,10.6,1.8,21.96,15:10,5.04,0.0,
2014-03-23,10.6,1.8,21.96,15:10,5.04,0.0,
2014-03-24,12.7,6.7,41.04,15:30,11.88,1.4,
2014-03-24,12.7,6.7,41.04,15:30,11.88,1.4,
2014-03-25,8.5,3.4,51.12,12:10,12.96,10.2,
2014-03-25,8.5,3.4,51.12,12:10,12.96,10.2,
2014-03-26,10.2,1.5,37.08,02:10,6.12,1.0,
2014-03-26,10.2,1.5,37.08,02:10,6.12,1.0,
2014-03-27,11.4,-0.1,25.92,13:30,5.04,0.0,
2014-03-27,11.4,-0.1,25.92,13:30,5.04,0.0,
2014-03-28,14.2,-0.8,21.96,13:20,3.96,0.6,
2014-03-28,14.2,-0.8,21.96,13:20,3.96,0.6,
2014-03-29,11.3,6.7,24.84,10:10,5.04,0.0,
2014-03-29,11.3,6.7,24.84,10:10,5.04,0.0,
2014-03-30,13.9,2.5,38.88,12:50,11.16,2.2,
2014-03-30,13.9,2.5,38.88,12:50,11.16,2.2,
2014-03-31,15.6,6.5,38.88,10:40,6.84,0.6,
2014-03-31,15.6,6.5,38.88,10:40,6.84,0.6,
2014-04-01,12.9,8.0,43.92,04:50,7.92,7.4,
2014-04-01,12.9,8.0,43.92,04:50,7.92,7.4,
2014-04-02,15.3,6.9,34.92,14:40,7.92,12.0,
2014-04-02,15.3,6.9,34.92,14:40,7.92,12.0,
2014-04-03,12.9,6.2,28.08,11:50,7.92,3.0,
2014-04-03,12.9,6.2,28.08,11:50,7.92,3.0,
2014-04-04,14.0,5.2,38.16,11:40,11.16,1.0,
2014-04-04,14.0,5.2,38.16,11:40,11.16,1.0,
2014-04-05,19.5,12.2,32.04,Varias,7.92,0.0,
2014-04-05,19.5,12.2,32.04,Varias,7.92,0.0,
2014-04-06,20.6,8.6,36.0,15:40,10.08,0.0,
2014-04-06,20.6,8.6,36.0,15:40,10.08,0.0,
2014-04-07,17.9,8.1,41.04,15:10,12.96,0.8,
2014-04-07,17.9,8.1,41.04,15:10,12.96,0.8,
2014-04-08,15.6,6.7,32.04,17:30,6.12,0.0,
2014-04-08,15.6,6.7,32.04,17:30,6.12,0.0,
2014-04-09,25.7,3.7,23.04,18:50,2.16,0.8,
2014-04-09,25.7,3.7,23.04,18:50,2.16,0.8,
2014-04-10,23.2,9.7,29.16,00:30,5.04,0.6,
2014-04-10,23.2,9.7,29.16,00:30,5.04,0.6,
2014-04-11,16.1,9.2,37.08,16:10,6.84,0.0,
2014-04-11,16.1,9.2,37.08,16:10,6.84,0.0,
2014-04-12,16.4,8.1,29.88,16:30,6.84,0.0,
2014-04-12,16.4,8.1,29.88,16:30,6.84,0.0,
2014-04-13,19.1,5.0,23.04,18:40,6.12,0.0,
2014-04-13,19.1,5.0,23.04,18:40,6.12,0.0,
2014-04-14,23.4,9.7,18.0,03:30,3.96,0.0,
2014-04-14,23.4,9.7,18.0,03:30,3.96,0.0,
2014-04-15,24.5,9.7,37.08,16:00,2.88,0.0,
2014-04-15,24.5,9.7,37.08,16:00,2.88,0.0,
2014-04-16,25.9,7.1,24.84,16:50,3.96,0.0,
2014-04-16,25.9,7.1,24.84,16:50,3.96,0.0,
2014-04-17,26.3,5.6,21.96,17:40,5.04,0.0,
2014-04-17,26.3,5.6,21.96,17:40,5.04,0.0,
2014-04-18,26.8,6.0,24.84,15:00,3.96,0.0,
2014-04-18,26.8,6.0,24.84,15:00,3.96,0.0,
2014-04-19,15.3,7.6,23.04,15:30,3.96,0.0,
2014-04-19,15.3,7.6,23.04,15:30,3.96,0.0,
2014-04-20,12.3,5.2,18.0,11:00,3.96,3.6,
2014-04-20,12.3,5.2,18.0,11:00,3.96,3.6,
2014-04-21,13.0,2.6,20.88,16:40,2.88,1.0,
2014-04-21,13.0,2.6,20.88,16:40,2.88,1.0,
2014-04-22,15.8,5.4,33.12,12:20,10.08,2.4,
2014-04-22,15.8,5.4,33.12,12:20,10.08,2.4,
2014-04-23,16.0,6.7,33.12,10:50,7.92,0.0,
2014-04-23,16.0,6.7,33.12,10:50,7.92,0.0,
2014-04-24,11.2,3.3,33.12,09:30,6.84,7.4,
2014-04-24,11.2,3.3,33.12,09:30,6.84,7.4,
2014-04-25,11.4,4.5,51.12,14:10,11.88,9.6,
2014-04-25,11.4,4.5,51.12,14:10,11.88,9.6,
2014-04-26,16.7,7.4,42.84,13:20,10.08,0.0,
2014-04-26,16.7,7.4,42.84,13:20,10.08,0.0,
2014-04-27,14.2,6.4,29.16,09:30,10.08,0.0,
2014-04-27,14.2,6.4,29.16,09:30,10.08,0.0,
2014-04-28,18.0,9.7,33.12,13:10,12.96,0.2,
2014-04-28,18.0,9.7,33.12,13:10,12.96,0.2,
2014-04-29,16.8,9.2,33.12,16:40,9.0,0.0,
2014-04-29,16.8,9.2,33.12,16:40,9.0,0.0,
2014-04-30,18.7,10.8,28.08,16:00,6.12,0.4,
2014-04-30,18.7,10.8,28.08,16:00,6.12,0.4,
2014-05-01,18.3,9.4,20.88,15:20,5.04,0.0,
2014-05-01,18.3,9.4,20.88,15:20,5.04,0.0,
2014-05-02,18.5,6.1,33.84,12:40,6.84,0.0,
2014-05-02,18.5,6.1,33.84,12:40,6.84,0.0,
2014-05-03,20.2,6.3,29.16,14:30,6.84,0.0,
2014-05-03,20.2,6.3,29.16,14:30,6.84,0.0,
2014-05-04,26.4,5.8,16.92,13:50,3.96,0.0,
2014-05-04,26.4,5.8,16.92,13:50,3.96,0.0,
2014-05-05,25.8,6.8,27.0,13:40,6.12,0.0,
2014-05-05,25.8,6.8,27.0,13:40,6.12,0.0,
2014-05-06,19.0,9.6,0.0,,9.0,0.2,
2014-05-06,19.0,9.6,0.0,,9.0,0.2,
2014-05-07,22.7,7.7,19.08,10:30,5.04,0.0,
2014-05-07,22.7,7.7,19.08,10:30,5.04,0.0,
2014-05-08,23.5,8.8,27.0,15:00,6.12,0.0,
2014-05-08,23.5,8.8,27.0,15:00,6.12,0.0,
2014-05-09,24.2,11.6,21.96,17:00,3.96,0.0,
2014-05-09,24.2,11.6,21.96,17:00,3.96,0.0,
2014-05-10,22.0,11.4,24.12,14:40,6.12,0.0,
2014-05-10,22.0,11.4,24.12,14:40,6.12,0.0,
2014-05-11,19.4,6.9,20.88,17:20,6.12,0.0,
2014-05-11,19.4,6.9,20.88,17:20,6.12,0.0,
2014-05-12,17.9,4.8,33.12,15:50,5.04,0.0,
2014-05-12,17.9,4.8,33.12,15:50,5.04,0.0,
2014-05-13,17.7,3.4,33.12,18:00,6.12,0.0,
2014-05-13,17.7,3.4,33.12,18:00,6.12,0.0,
2014-05-14,21.5,4.2,29.88,12:30,6.12,0.0,
2014-05-14,21.5,4.2,29.88,12:30,6.12,0.0,
2014-05-15,24.0,8.5,30.96,15:00,6.84,0.0,
2014-05-15,24.0,8.5,30.96,15:00,6.84,0.0,
2014-05-16,23.1,5.5,37.08,13:50,6.84,0.0,
2014-05-16,23.1,5.5,37.08,13:50,6.84,0.0,
2014-05-17,21.9,2.1,32.04,16:00,6.84,0.0,
2014-05-17,21.9,2.1,32.04,16:00,6.84,0.0,
2014-05-18,26.6,4.5,34.92,16:30,6.84,0.0,
2014-05-18,26.6,4.5,34.92,16:30,6.84,0.0,
2014-05-19,15.6,5.8,32.04,10:10,7.92,4.0,
2014-05-19,15.6,5.8,32.04,10:10,7.92,4.0,
2014-05-20,14.3,5.1,38.88,16:00,6.12,6.4,
2014-05-20,14.3,5.1,38.88,16:00,6.12,6.4,
2014-05-21,13.2,7.9,51.12,12:00,11.88,6.0,
2014-05-21,13.2,7.9,51.12,12:00,11.88,6.0,
2014-05-22,16.6,7.9,47.16,14:00,15.84,10.4,
2014-05-22,16.6,7.9,47.16,14:00,15.84,10.4,
2014-05-23,14.8,5.6,36.0,05:20,9.0,2.2,
2014-05-23,14.8,5.6,36.0,05:20,9.0,2.2,
2014-05-24,15.2,5.3,20.88,16:50,6.12,0.0,
2014-05-24,15.2,5.3,20.88,16:50,6.12,0.0,
2014-05-25,15.4,2.8,27.0,13:10,6.12,1.0,
2014-05-25,15.4,2.8,27.0,13:10,6.12,1.0,
2014-05-26,14.0,3.6,15.84,15:20,3.96,0.0,
2014-05-26,14.0,3.6,15.84,15:20,3.96,0.0,
2014-05-27,18.0,3.1,24.12,09:50,3.96,4.4,
2014-05-27,18.0,3.1,24.12,09:50,3.96,4.4,
2014-05-28,17.7,11.3,23.04,13:50,6.84,1.0,
2014-05-28,17.7,11.3,23.04,13:50,6.84,1.0,
2014-05-29,16.4,9.2,20.16,Varias,5.04,4.2,
2014-05-29,16.4,9.2,20.16,Varias,5.04,4.2,
2014-05-30,18.7,7.8,29.88,19:10,6.12,0.2,
2014-05-30,18.7,7.8,29.88,19:10,6.12,0.2,
2014-05-31,18.9,5.9,33.84,17:20,5.04,0.0,
2014-05-31,18.9,5.9,33.84,17:20,5.04,0.0,
2014-06-01,22.7,5.2,27.0,16:30,5.04,0.0,
2014-06-01,22.7,5.2,27.0,16:30,5.04,0.0,
2014-06-02,24.3,10.5,24.12,16:50,3.96,0.0,
2014-06-02,24.3,10.5,24.12,16:50,3.96,0.0,
2014-06-03,24.0,11.0,34.92,17:30,10.08,0.4,
2014-06-03,24.0,11.0,34.92,17:30,10.08,0.4,
2014-06-04,18.2,6.5,24.12,17:30,5.04,0.0,
2014-06-04,18.2,6.5,24.12,17:30,5.04,0.0,
2014-06-05,21.8,5.7,38.16,11:20,11.16,0.0,
2014-06-05,21.8,5.7,38.16,11:20,11.16,0.0,
2014-06-06,20.1,12.0,60.12,12:40,10.08,5.4,
2014-06-06,20.1,12.0,60.12,12:40,10.08,5.4,
2014-06-07,19.2,11.1,51.12,11:00,14.04,0.0,
2014-06-07,19.2,11.1,51.12,11:00,14.04,0.0,
2014-06-08,17.8,11.8,32.04,09:30,6.12,0.0,
2014-06-08,17.8,11.8,32.04,09:30,6.12,0.0,
2014-06-09,19.6,8.8,37.08,12:30,11.16,0.6,
2014-06-09,19.6,8.8,37.08,12:30,11.16,0.6,
2014-06-10,23.4,6.2,20.88,18:00,5.04,0.0,
2014-06-10,23.4,6.2,20.88,18:00,5.04,0.0,
2014-06-11,26.8,9.3,24.12,15:30,5.04,0.0,
2014-06-11,26.8,9.3,24.12,15:30,5.04,0.0,
2014-06-12,31.9,13.5,21.96,16:40,5.04,0.0,
2014-06-12,31.9,13.5,21.96,16:40,5.04,0.0,
2014-06-13,25.3,12.0,25.92,17:10,6.12,0.0,
2014-06-13,25.3,12.0,25.92,17:10,6.12,0.0,
2014-06-14,25.4,12.9,41.04,16:40,6.84,0.0,
2014-06-14,25.4,12.9,41.04,16:40,6.84,0.0,
2014-06-15,25.5,8.5,41.04,13:10,6.84,0.0,
2014-06-15,25.5,8.5,41.04,13:10,6.84,0.0,
2014-06-16,23.9,8.9,36.0,16:40,6.84,0.0,
2014-06-16,23.9,8.9,36.0,16:40,6.84,0.0,
2014-06-17,26.5,7.3,29.88,15:40,3.96,0.0,
2014-06-17,26.5,7.3,29.88,15:40,3.96,0.0,
2014-06-18,27.0,11.1,27.0,15:20,6.12,0.0,
2014-06-18,27.0,11.1,27.0,15:20,6.12,0.0,
2014-06-19,25.9,14.8,23.04,19:00,6.12,0.0,
2014-06-19,25.9,14.8,23.04,19:00,6.12,0.0,
2014-06-20,27.1,15.1,24.84,14:50,3.96,0.6,
2014-06-20,27.1,15.1,24.84,14:50,3.96,0.6,
2014-06-21,24.9,11.6,39.96,12:10,6.12,6.0,
2014-06-21,24.9,11.6,39.96,12:10,6.12,6.0,
2014-06-22,25.3,13.2,30.96,16:30,2.88,0.2,
2014-06-22,25.3,13.2,30.96,16:30,2.88,0.2,
2014-06-23,26.5,11.7,34.92,15:40,2.88,4.8,
2014-06-23,26.5,11.7,34.92,15:40,2.88,4.8,
2014-06-24,21.3,13.2,19.08,15:50,3.96,0.0,
2014-06-24,21.3,13.2,19.08,15:50,3.96,0.0,
2014-06-25,20.4,13.2,18.0,17:20,3.96,0.0,
2014-06-25,20.4,13.2,18.0,17:20,3.96,0.0,
2014-06-26,23.0,11.6,29.16,13:50,7.92,0.0,
2014-06-26,23.0,11.6,29.16,13:50,7.92,0.0,
2014-06-27,23.6,12.9,24.12,15:50,3.96,3.6,
2014-06-27,23.6,12.9,24.12,15:50,3.96,3.6,
2014-06-28,19.3,10.9,37.08,05:10,9.0,4.2,
2014-06-28,19.3,10.9,37.08,05:10,9.0,4.2,
2014-06-29,19.9,11.3,21.96,08:00,6.12,0.0,
2014-06-29,19.9,11.3,21.96,08:00,6.12,0.0,
2014-06-30,20.7,10.9,30.96,22:40,10.08,1.4,
2014-06-30,20.7,10.9,30.96,22:40,10.08,1.4,
2014-07-01,18.0,11.8,33.12,12:40,11.88,4.4,
2014-07-01,18.0,11.8,33.12,12:40,11.88,4.4,
2014-07-02,22.1,11.8,33.84,14:20,6.12,0.0,
2014-07-02,22.1,11.8,33.84,14:20,6.12,0.0,
2014-07-03,25.8,10.7,25.92,15:50,5.04,0.0,
2014-07-03,25.8,10.7,25.92,15:50,5.04,0.0,
2014-07-04,26.3,12.6,29.88,18:40,9.0,0.0,
2014-07-04,26.3,12.6,29.88,18:40,9.0,0.0,
2014-07-05,22.1,15.6,48.96,17:20,15.12,17.0,
2014-07-05,22.1,15.6,48.96,17:20,15.12,17.0,
2014-07-06,20.6,12.5,27.0,00:30,5.04,0.0,
2014-07-06,20.6,12.5,27.0,00:30,5.04,0.0,
2014-07-07,21.4,8.8,21.96,23:10,5.04,0.6,
2014-07-07,21.4,8.8,21.96,23:10,5.04,0.6,
2014-07-08,20.4,12.2,29.16,14:50,3.96,0.0,
2014-07-08,20.4,12.2,29.16,14:50,3.96,0.0,
2014-07-09,21.0,11.6,36.0,11:00,7.92,0.0,
2014-07-09,21.0,11.6,36.0,11:00,7.92,0.0,
2014-07-10,22.6,7.2,32.04,17:30,6.84,0.0,
2014-07-10,22.6,7.2,32.04,17:30,6.84,0.0,
2014-07-11,23.4,10.2,29.16,16:30,6.84,0.0,
2014-07-11,23.4,10.2,29.16,16:30,6.84,0.0,
2014-07-12,25.3,10.9,27.0,18:30,6.12,0.0,
2014-07-12,25.3,10.9,27.0,18:30,6.12,0.0,
2014-07-13,26.3,13.7,20.88,Varias,5.04,0.0,
2014-07-13,26.3,13.7,20.88,Varias,5.04,0.0,
2014-07-14,26.7,16.2,23.04,16:10,5.04,0.0,
2014-07-14,26.7,16.2,23.04,16:10,5.04,0.0,
2014-07-15,27.1,16.9,24.12,17:00,5.04,0.0,
2014-07-15,27.1,16.9,24.12,17:00,5.04,0.0,
2014-07-16,26.4,16.8,23.04,16:00,6.12,0.0,
2014-07-16,26.4,16.8,23.04,16:00,6.12,0.0,
2014-07-17,28.1,12.1,39.96,11:30,6.84,0.0,
2014-07-17,28.1,12.1,39.96,11:30,6.84,0.0,
2014-07-18,24.0,9.4,29.88,16:00,6.12,4.4,
2014-07-18,24.0,9.4,29.88,16:00,6.12,4.4,
2014-07-19,20.7,13.4,33.12,07:40,6.84,7.4,
2014-07-19,20.7,13.4,33.12,07:40,6.84,7.4,
2014-07-20,21.5,11.0,28.08,15:50,7.92,0.4,
2014-07-20,21.5,11.0,28.08,15:50,7.92,0.4,
2014-07-21,26.1,7.5,27.0,15:40,3.96,0.0,
2014-07-21,26.1,7.5,27.0,15:40,3.96,0.0,
2014-07-22,29.5,15.5,20.88,15:30,5.04,0.0,
2014-07-22,29.5,15.5,20.88,15:30,5.04,0.0,
2014-07-23,31.3,15.4,20.88,16:00,3.96,0.0,
2014-07-23,31.3,15.4,20.88,16:00,3.96,0.0,
2014-07-24,25.3,16.3,28.08,14:40,6.12,0.0,
2014-07-24,25.3,16.3,28.08,14:40,6.12,0.0,
2014-07-25,23.3,16.0,27.0,13:10,6.12,0.0,
2014-07-25,23.3,16.0,27.0,13:10,6.12,0.0,
2014-07-26,26.3,17.0,25.92,14:30,6.84,0.0,
2014-07-26,26.3,17.0,25.92,14:30,6.84,0.0,
2014-07-27,28.4,14.9,29.88,18:00,6.84,0.0,
2014-07-27,28.4,14.9,29.88,18:00,6.84,0.0,
2014-07-28,25.3,13.7,30.96,17:40,5.04,0.0,
2014-07-28,25.3,13.7,30.96,17:40,5.04,0.0,
2014-07-29,24.8,12.7,33.84,14:50,6.12,0.0,
2014-07-29,24.8,12.7,33.84,14:50,6.12,0.0,
2014-07-30,27.4,9.5,30.96,16:40,3.96,0.0,
2014-07-30,27.4,9.5,30.96,16:40,3.96,0.0,
2014-07-31,28.2,16.3,29.16,18:00,6.12,0.0,
2014-07-31,28.2,16.3,29.16,18:00,6.12,0.0,
2014-08-01,24.4,15.2,36.0,17:10,7.92,0.0,
2014-08-01,24.4,15.2,36.0,17:10,7.92,0.0,
2014-08-02,23.0,14.8,33.12,16:30,11.16,2.2,
2014-08-02,23.0,14.8,33.12,16:30,11.16,2.2,
2014-08-03,22.0,11.1,20.88,12:20,5.04,0.0,
2014-08-03,22.0,11.1,20.88,12:20,5.04,0.0,
2014-08-04,26.3,8.5,18.0,13:50,3.96,0.0,
2014-08-04,26.3,8.5,18.0,13:50,3.96,0.0,
2014-08-05,28.5,9.5,24.12,09:40,3.96,0.0,
2014-08-05,28.5,9.5,24.12,09:40,3.96,0.0,
2014-08-06,26.4,14.1,28.08,12:10,6.84,0.0,
2014-08-06,26.4,14.1,28.08,12:10,6.84,0.0,
2014-08-07,27.4,17.7,27.0,15:30,9.0,0.0,
2014-08-07,27.4,17.7,27.0,15:30,9.0,0.0,
2014-08-08,22.8,17.2,29.88,12:50,10.08,10.2,
2014-08-08,22.8,17.2,29.88,12:50,10.08,10.2,
2014-08-09,26.4,17.1,30.96,19:20,7.92,0.0,
2014-08-09,26.4,17.1,30.96,19:20,7.92,0.0,
2014-08-10,21.2,14.4,30.96,03:00,9.0,0.8,
2014-08-10,21.2,14.4,30.96,03:00,9.0,0.8,
2014-08-11,24.0,10.6,20.16,14:30,3.96,0.4,
2014-08-11,24.0,10.6,20.16,14:30,3.96,0.4,
2014-08-12,21.3,10.4,36.0,16:30,6.84,0.4,
2014-08-12,21.3,10.4,36.0,16:30,6.84,0.4,
2014-08-13,21.6,10.2,24.12,17:50,6.12,0.0,
2014-08-13,21.6,10.2,24.12,17:50,6.12,0.0,
2014-08-14,23.0,7.2,24.12,17:00,2.88,0.0,
2014-08-14,23.0,7.2,24.12,17:00,2.88,0.0,
2014-08-15,23.7,6.3,28.08,16:50,6.84,0.0,
2014-08-15,23.7,6.3,28.08,16:50,6.84,0.0,
2014-08-16,23.5,8.5,30.96,15:50,6.12,0.0,
2014-08-16,23.5,8.5,30.96,15:50,6.12,0.0,
2014-08-17,28.5,7.1,24.12,18:30,3.96,0.0,
2014-08-17,28.5,7.1,24.12,18:30,3.96,0.0,
2014-08-18,23.8,13.0,32.04,17:40,6.12,0.0,
2014-08-18,23.8,13.0,32.04,17:40,6.12,0.0,
2014-08-19,22.3,11.8,25.92,14:40,2.88,0.0,
2014-08-19,22.3,11.8,25.92,14:40,2.88,0.0,
2014-08-20,23.7,8.0,24.12,Varias,2.88,0.0,
2014-08-20,23.7,8.0,24.12,Varias,2.88,0.0,
2014-08-21,24.8,5.1,21.96,12:30,3.96,0.0,
2014-08-21,24.8,5.1,21.96,12:30,3.96,0.0,
2014-08-22,23.7,8.1,28.08,14:00,6.12,0.0,
2014-08-22,23.7,8.1,28.08,14:00,6.12,0.0,
2014-08-23,25.4,5.9,23.04,17:00,2.88,0.0,
2014-08-23,25.4,5.9,23.04,17:00,2.88,0.0,
2014-08-24,29.5,6.7,25.92,14:50,5.04,0.0,
2014-08-24,29.5,6.7,25.92,14:50,5.04,0.0,
2014-08-25,28.0,10.2,45.0,20:30,15.12,0.0,
2014-08-25,28.0,10.2,45.0,20:30,15.12,0.0,
2014-08-26,22.2,18.0,33.12,15:20,10.08,1.2,
2014-08-26,22.2,18.0,33.12,15:20,10.08,1.2,
2014-08-27,27.0,18.2,41.04,14:30,11.88,0.2,
2014-08-27,27.0,18.2,41.04,14:30,11.88,0.2,
2014-08-28,23.8,10.9,24.12,11:10,6.84,0.0,
2014-08-28,23.8,10.9,24.12,11:10,6.84,0.0,
2014-08-29,24.2,9.1,24.84,16:30,5.04,0.0,
2014-08-29,24.2,9.1,24.84,16:30,5.04,0.0,
2014-08-30,27.0,9.2,28.08,16:20,6.12,0.0,
2014-08-30,27.0,9.2,28.08,16:20,6.12,0.0,
2014-08-31,28.9,13.7,25.92,15:30,5.04,0.0,
2014-08-31,28.9,13.7,25.92,15:30,5.04,0.0,
2014-09-01,29.6,16.7,27.0,16:50,6.12,0.0,
2014-09-01,29.6,16.7,27.0,16:50,6.12,0.0,
2014-09-02,35.0,13.8,20.16,14:50,3.96,0.0,
2014-09-02,35.0,13.8,20.16,14:50,3.96,0.0,
2014-09-03,25.7,13.5,20.88,12:20,3.96,0.0,
2014-09-03,25.7,13.5,20.88,12:20,3.96,0.0,
2014-09-04,23.6,13.8,16.92,16:30,3.96,0.0,
2014-09-04,23.6,13.8,16.92,16:30,3.96,0.0,
2014-09-05,27.1,12.5,16.92,14:30,2.88,0.0,
2014-09-05,27.1,12.5,16.92,14:30,2.88,0.0,
2014-09-06,25.1,12.3,32.04,14:30,5.04,0.0,
2014-09-06,25.1,12.3,32.04,14:30,5.04,0.0,
2014-09-07,20.3,14.2,24.84,17:00,6.12,10.8,
2014-09-07,20.3,14.2,24.84,17:00,6.12,10.8,
2014-09-08,27.0,11.5,19.08,15:40,5.04,1.0,
2014-09-08,27.0,11.5,19.08,15:40,5.04,1.0,
2014-09-09,28.2,14.2,15.12,16:20,2.88,0.0,
2014-09-09,28.2,14.2,15.12,16:20,2.88,0.0,
2014-09-10,29.2,13.4,25.92,12:30,5.04,0.0,
2014-09-10,29.2,13.4,25.92,12:30,5.04,0.0,
2014-09-11,27.6,11.8,16.92,16:20,2.88,0.0,
2014-09-11,27.6,11.8,16.92,16:20,2.88,0.0,
2014-09-12,27.4,12.2,28.08,11:00,2.88,0.0,
2014-09-12,27.4,12.2,28.08,11:00,2.88,0.0,
2014-09-13,27.8,13.4,29.16,15:20,2.88,3.8,
2014-09-13,27.8,13.4,29.16,15:20,2.88,3.8,
2014-09-14,22.6,11.5,39.96,12:20,2.88,1.2,
2014-09-14,22.6,11.5,39.96,12:20,2.88,1.2,
2014-09-15,24.5,9.3,33.12,12:20,2.88,4.4,
2014-09-15,24.5,9.3,33.12,12:20,2.88,4.4,
2014-09-16,23.6,15.6,39.96,17:00,6.84,1.6,
2014-09-16,23.6,15.6,39.96,17:00,6.84,1.6,
2014-09-17,24.3,16.1,47.16,10:10,11.16,1.8,
2014-09-17,24.3,16.1,47.16,10:10,11.16,1.8,
2014-09-18,19.2,15.2,46.08,12:50,11.88,4.4,
2014-09-18,19.2,15.2,46.08,12:50,11.88,4.4,
2014-09-19,22.6,16.6,37.08,11:50,9.0,1.6,
2014-09-19,22.6,16.6,37.08,11:50,9.0,1.6,
2014-09-20,23.9,11.5,34.92,11:40,6.12,0.0,
2014-09-20,23.9,11.5,34.92,11:40,6.12,0.0,
2014-09-21,26.7,10.0,27.0,15:50,2.16,22.4,
2014-09-21,26.7,10.0,27.0,15:50,2.16,22.4,
2014-09-22,19.1,12.1,23.04,09:30,3.96,0.0,
2014-09-22,19.1,12.1,23.04,09:30,3.96,0.0,
2014-09-23,19.1,9.5,27.0,13:00,3.96,0.2,
2014-09-23,19.1,9.5,27.0,13:00,3.96,0.2,
2014-09-24,20.7,7.6,30.96,12:20,2.88,0.0,
2014-09-24,20.7,7.6,30.96,12:20,2.88,0.0,
2014-09-25,23.1,4.3,21.96,16:10,3.96,0.0,
2014-09-25,23.1,4.3,21.96,16:10,3.96,0.0,
2014-09-26,24.1,6.3,20.16,16:30,3.96,0.0,
2014-09-26,24.1,6.3,20.16,16:30,3.96,0.0,
2014-09-27,26.3,7.5,33.84,20:20,3.96,2.2,
2014-09-27,26.3,7.5,33.84,20:20,3.96,2.2,
2014-09-28,22.4,13.9,18.0,12:20,3.96,0.8,
2014-09-28,22.4,13.9,18.0,12:20,3.96,0.8,
2014-09-29,22.3,10.0,18.0,13:10,2.88,0.2,
2014-09-29,22.3,10.0,18.0,13:10,2.88,0.2,
2014-09-30,23.3,8.4,21.96,15:50,5.04,0.0,
2014-09-30,23.3,8.4,21.96,15:50,5.04,0.0,
2014-10-01,23.4,9.9,24.84,16:40,3.96,0.0,
2014-10-01,23.4,9.9,24.84,16:40,3.96,0.0,
2014-10-02,24.4,10.2,23.04,16:40,3.96,0.0,
2014-10-02,24.4,10.2,23.04,16:40,3.96,0.0,
2014-10-03,27.0,12.4,20.88,13:50,2.88,0.0,
2014-10-03,27.0,12.4,20.88,13:50,2.88,0.0,
2014-10-04,19.2,10.4,24.12,15:30,2.88,5.6,
2014-10-04,19.2,10.4,24.12,15:30,2.88,5.6,
2014-10-05,20.3,6.1,15.12,13:10,2.88,0.0,
2014-10-05,20.3,6.1,15.12,13:10,2.88,0.0,
2014-10-07,17.7,12.6,30.96,09:50,9.0,5.8,
2014-10-07,17.7,12.6,30.96,09:50,9.0,5.8,
2014-10-08,18.9,11.5,38.88,09:10,7.92,20.4,
2014-10-08,18.9,11.5,38.88,09:10,7.92,20.4,
2014-10-09,15.3,9.9,25.92,12:50,6.84,3.0,
2014-10-09,15.3,9.9,25.92,12:50,6.84,3.0,
2014-10-10,17.8,8.0,20.16,16:00,2.16,0.0,
2014-10-10,17.8,8.0,20.16,16:00,2.16,0.0,
2014-10-11,18.5,6.0,15.12,16:00,2.88,0.0,
2014-10-11,18.5,6.0,15.12,16:00,2.88,0.0,
2014-10-12,16.4,8.8,21.96,10:30,2.88,13.4,
2014-10-12,16.4,8.8,21.96,10:30,2.88,13.4,
2014-10-13,14.5,8.4,27.0,19:20,6.12,3.2,
2014-10-13,14.5,8.4,27.0,19:20,6.12,3.2,
2014-10-14,17.8,4.0,33.12,21:00,7.92,5.4,
2014-10-14,17.8,4.0,33.12,21:00,7.92,5.4,
2014-10-15,18.5,13.0,36.0,Varias,11.88,14.4,
2014-10-15,18.5,13.0,36.0,Varias,11.88,14.4,
2014-10-16,16.5,13.4,30.96,02:00,6.12,45.0,
2014-10-16,16.5,13.4,30.96,02:00,6.12,45.0,
2014-10-17,22.3,14.5,60.84,14:00,14.04,3.4,
2014-10-17,22.3,14.5,60.84,14:00,14.04,3.4,
2014-10-18,21.4,13.5,38.88,15:40,7.92,2.8,
2014-10-18,21.4,13.5,38.88,15:40,7.92,2.8,
2014-10-19,24.5,12.5,18.0,02:40,2.16,0.0,
2014-10-19,24.5,12.5,18.0,02:40,2.16,0.0,
2014-10-20,27.3,9.9,14.04,Varias,2.16,0.2,
2014-10-20,27.3,9.9,14.04,Varias,2.16,0.2,
2014-10-21,25.1,9.9,12.96,18:30,2.16,0.0,
2014-10-21,25.1,9.9,12.96,18:30,2.16,0.0,
2014-10-22,23.4,9.8,11.16,06:40,2.88,0.0,
2014-10-22,23.4,9.8,11.16,06:40,2.88,0.0,
2014-10-23,25.0,7.1,10.08,18:20,2.16,0.0,
2014-10-23,25.0,7.1,10.08,18:20,2.16,0.0,
2014-10-24,22.8,11.6,16.92,13:40,2.88,0.0,
2014-10-24,22.8,11.6,16.92,13:40,2.88,0.0,
2014-10-25,23.8,9.8,11.88,05:20,1.08,0.0,
2014-10-25,23.8,9.8,11.88,05:20,1.08,0.0,
2014-10-26,26.4,7.9,12.96,15:50,2.88,0.0,
2014-10-26,26.4,7.9,12.96,15:50,2.88,0.0,
2014-10-27,24.6,7.8,16.92,Varias,5.04,0.0,
2014-10-27,24.6,7.8,16.92,Varias,5.04,0.0,
2014-10-28,23.9,8.5,16.92,13:20,2.88,0.0,
2014-10-28,23.9,8.5,16.92,13:20,2.88,0.0,
2014-10-29,22.8,8.6,15.12,14:10,1.08,0.0,
2014-10-29,22.8,8.6,15.12,14:10,1.08,0.0,
2014-10-30,24.8,6.3,25.92,14:30,2.16,0.0,
2014-10-30,24.8,6.3,25.92,14:30,2.16,0.0,
2014-10-31,23.2,9.2,37.08,13:20,6.84,6.4,
2014-10-31,23.2,9.2,37.08,13:20,6.84,6.4,
2014-11-01,17.2,9.2,12.96,15:00,2.88,0.0,
2014-11-01,17.2,9.2,12.96,15:00,2.88,0.0,
2014-11-02,13.4,9.6,28.08,08:50,9.0,7.6,
2014-11-02,13.4,9.6,28.08,08:50,9.0,7.6,
2014-11-03,12.2,5.7,42.84,13:20,11.16,35.0,
2014-11-03,12.2,5.7,42.84,13:20,11.16,35.0,
2014-11-04,9.4,5.2,30.96,17:40,6.12,20.8,
2014-11-04,9.4,5.2,30.96,17:40,6.12,20.8,
2014-11-05,12.6,2.6,20.88,15:50,3.96,4.2,
2014-11-05,12.6,2.6,20.88,15:50,3.96,4.2,
2014-11-06,14.1,7.0,47.16,20:20,11.16,9.6,
2014-11-06,14.1,7.0,47.16,20:20,11.16,9.6,
2014-11-07,14.4,8.7,43.92,00:10,9.0,0.0,
2014-11-07,14.4,8.7,43.92,00:10,9.0,0.0,
2014-11-08,10.6,7.0,41.04,09:00,9.0,14.6,
2014-11-08,10.6,7.0,41.04,09:00,9.0,14.6,
2014-11-09,12.3,5.0,20.88,00:10,5.04,1.4,
2014-11-09,12.3,5.0,20.88,00:10,5.04,1.4,
2014-11-10,12.8,6.2,42.84,11:50,11.16,19.8,
2014-11-10,12.8,6.2,42.84,11:50,11.16,19.8,
2014-11-11,13.0,8.4,38.16,12:50,14.04,6.2,
2014-11-11,13.0,8.4,38.16,12:50,14.04,6.2,
2014-11-12,13.1,8.3,46.08,23:50,11.88,9.0,
2014-11-12,13.1,8.3,46.08,23:50,11.88,9.0,
2014-11-13,17.3,8.8,51.12,01:40,15.84,8.6,
2014-11-13,17.3,8.8,51.12,01:40,15.84,8.6,
2014-11-14,10.3,6.8,38.88,12:50,11.16,17.4,
2014-11-14,10.3,6.8,38.88,12:50,11.16,17.4,
2014-11-15,12.0,6.9,42.84,15:40,15.12,9.0,
2014-11-15,12.0,6.9,42.84,15:40,15.12,9.0,
2014-11-16,12.3,8.0,42.12,10:50,14.04,5.2,
2014-11-16,12.3,8.0,42.12,10:50,14.04,5.2,
2014-11-17,11.8,6.2,24.12,13:30,6.12,0.0,
2014-11-17,11.8,6.2,24.12,13:30,6.12,0.0,
2014-11-18,14.2,5.6,37.08,13:10,11.16,3.2,
2014-11-18,14.2,5.6,37.08,13:10,11.16,3.2,
2014-11-19,13.3,9.6,20.16,00:50,1.08,3.0,
2014-11-19,13.3,9.6,20.16,00:50,1.08,3.0,
2014-11-20,18.8,10.1,16.92,13:50,5.04,0.0,
2014-11-20,18.8,10.1,16.92,13:50,5.04,0.0,
2014-11-21,19.2,5.9,15.84,14:20,3.96,3.6,
2014-11-21,19.2,5.9,15.84,14:20,3.96,3.6,
2014-11-22,15.6,10.8,19.08,15:50,1.08,23.4,
2014-11-22,15.6,10.8,19.08,15:50,1.08,23.4,
2014-11-23,10.9,9.3,32.04,06:50,6.12,5.6,
2014-11-23,10.9,9.3,32.04,06:50,6.12,5.6,
2014-11-24,11.9,10.5,21.96,06:20,3.96,0.2,
2014-11-24,11.9,10.5,21.96,06:20,3.96,0.2,
2014-11-25,11.2,8.2,14.04,00:50,2.88,0.0,
2014-11-25,11.2,8.2,14.04,00:50,2.88,0.0,
2014-11-26,13.2,2.0,11.88,14:40,2.16,0.0,
2014-11-26,13.2,2.0,11.88,14:40,2.16,0.0,
2014-11-27,13.8,0.0,43.92,14:40,6.84,0.2,
2014-11-27,13.8,0.0,43.92,14:40,6.84,0.2,
2014-11-28,11.9,2.6,32.04,01:00,5.04,5.8,
2014-11-28,11.9,2.6,32.04,01:00,5.04,5.8,
2014-11-29,12.4,2.8,19.08,23:59,2.16,1.4,
2014-11-29,12.4,2.8,19.08,23:59,2.16,1.4,
2014-11-30,15.7,9.9,33.12,13:50,6.84,0.2,
2014-11-30,15.7,9.9,33.12,13:50,6.84,0.2,
2014-12-01,11.8,8.0,24.12,12:20,2.88,0.2,
2014-12-01,11.8,8.0,24.12,12:20,2.88,0.2,
2014-12-02,10.5,8.0,25.92,23:50,3.96,4.0,
2014-12-02,10.5,8.0,25.92,23:50,3.96,4.0,
2014-12-03,10.0,1.9,25.92,12:50,5.04,0.2,
2014-12-03,10.0,1.9,25.92,12:50,5.04,0.2,
2014-12-04,9.9,2.3,11.88,09:40,2.88,3.0,
2014-12-04,9.9,2.3,11.88,09:40,2.88,3.0,
2014-12-05,9.5,2.1,19.08,15:30,2.88,1.0,
2014-12-05,9.5,2.1,19.08,15:30,2.88,1.0,
2014-12-06,9.4,2.0,23.04,12:50,3.96,4.0,
2014-12-06,9.4,2.0,23.04,12:50,3.96,4.0,
2014-12-07,10.0,5.7,16.92,12:00,2.16,0.6,
2014-12-07,10.0,5.7,16.92,12:00,2.16,0.6,
2014-12-08,10.2,5.7,18.0,09:00,2.88,1.0,
2014-12-08,10.2,5.7,18.0,09:00,2.88,1.0,
2014-12-09,9.9,2.4,11.88,22:00,2.16,0.0,
2014-12-09,9.9,2.4,11.88,22:00,2.16,0.0,
2014-12-10,10.7,4.1,15.12,12:30,2.88,1.2,
2014-12-10,10.7,4.1,15.12,12:30,2.88,1.2,
2014-12-11,11.2,3.1,12.96,15:20,2.88,0.0,
2014-12-11,11.2,3.1,12.96,15:20,2.88,0.0,
2014-12-12,10.9,5.3,50.04,20:30,14.04,19.8,
2014-12-12,10.9,5.3,50.04,20:30,14.04,19.8,
2014-12-13,9.6,4.7,37.08,21:40,5.04,6.2,
2014-12-13,9.6,4.7,37.08,21:40,5.04,6.2,
2014-12-14,8.9,2.5,30.96,05:40,3.96,0.0,
2014-12-14,8.9,2.5,30.96,05:40,3.96,0.0,
2014-12-15,8.8,-1.1,18.0,20:50,2.88,12.2,
2014-12-15,8.8,-1.1,18.0,20:50,2.88,12.2,
2014-12-16,12.9,8.3,18.0,01:20,2.88,1.8,
2014-12-16,12.9,8.3,18.0,01:20,2.88,1.8,
2014-12-17,10.8,8.3,16.92,Varias,2.88,0.2,
2014-12-17,10.8,8.3,16.92,Varias,2.88,0.2,
2014-12-18,10.5,7.3,15.12,10:20,3.96,0.0,
2014-12-18,10.5,7.3,15.12,10:20,3.96,0.0,
2014-12-19,9.1,5.3,18.0,08:20,6.12,0.2,
2014-12-19,9.1,5.3,18.0,08:20,6.12,0.2,
2014-12-20,11.7,7.2,9.0,01:00,1.08,1.0,
2014-12-20,11.7,7.2,9.0,01:00,1.08,1.0,
2014-12-21,10.0,7.6,16.92,21:10,2.16,0.0,
2014-12-21,10.0,7.6,16.92,21:10,2.16,0.0,
2014-12-22,11.8,0.3,14.04,12:50,5.04,0.0,
2014-12-22,11.8,0.3,14.04,12:50,5.04,0.0,
2014-12-23,9.9,-1.3,19.08,14:00,6.84,0.0,
2014-12-23,9.9,-1.3,19.08,14:00,6.84,0.0,
2014-12-24,11.3,5.2,18.0,12:40,2.16,0.0,
2014-12-24,11.3,5.2,18.0,12:40,2.16,0.0,
2014-12-25,13.4,3.8,15.12,11:20,2.16,0.2,
2014-12-25,13.4,3.8,15.12,11:20,2.16,0.2,
2014-12-26,9.9,4.7,10.08,Varias,3.96,0.2,
2014-12-26,9.9,4.7,10.08,Varias,3.96,0.2,
2014-12-27,11.5,6.7,24.84,13:00,10.08,5.0,
2014-12-27,11.5,6.7,24.84,13:00,10.08,5.0,
2014-12-28,9.5,-0.5,29.88,14:20,2.88,1.0,
2014-12-28,9.5,-0.5,29.88,14:20,2.88,1.0,
2014-12-29,9.3,-3.4,12.96,13:30,2.88,0.0,
2014-12-29,9.3,-3.4,12.96,13:30,2.88,0.0,
2014-12-30,9.9,-5.7,10.08,18:50,3.96,0.0,
2014-12-30,9.9,-5.7,10.08,18:50,3.96,0.0,
2014-12-31,12.1,-4.6,11.88,19:00,2.16,0.0,
2014-12-31,12.1,-4.6,11.88,19:00,2.16,0.0,
2015-01-01,12.3,-4.5,10.08,15:10,1.08,0.0,
2015-01-01,12.3,-4.5,10.08,15:10,1.08,0.0,
2015-01-02,12.4,-2.6,11.88,12:20,2.88,0.0,
2015-01-02,12.4,-2.6,11.88,12:20,2.88,0.0,
2015-01-03,14.0,-2.5,10.08,Varias,3.96,0.0,
2015-01-03,14.0,-2.5,10.08,Varias,3.96,0.0,
2015-01-04,14.5,4.6,10.08,10:20,2.16,0.2,
2015-01-04,14.5,4.6,10.08,10:20,2.16,0.2,
2015-01-05,12.4,-0.5,18.0,16:30,2.88,0.0,
2015-01-05,12.4,-0.5,18.0,16:30,2.88,0.0,
2015-01-06,13.1,1.7,19.08,10:50,5.04,0.0,
2015-01-06,13.1,1.7,19.08,10:50,5.04,0.0,
2015-01-07,10.8,-0.8,9.0,18:40,2.88,0.0,
2015-01-07,10.8,-0.8,9.0,18:40,2.88,0.0,
2015-01-08,12.6,-1.4,15.84,13:50,2.88,0.4,
2015-01-08,12.6,-1.4,15.84,13:50,2.88,0.4,
2015-01-09,16.4,-0.8,16.92,15:00,1.08,0.0,
2015-01-09,16.4,-0.8,16.92,15:00,1.08,0.0,
2015-01-10,16.7,-1.2,23.04,12:10,5.04,2.0,
2015-01-10,16.7,-1.2,23.04,12:10,5.04,2.0,
2015-01-11,12.1,1.7,15.12,12:00,5.04,0.2,
2015-01-11,12.1,1.7,15.12,12:00,5.04,0.2,
2015-01-12,14.4,-0.5,41.04,22:10,6.84,0.0,
2015-01-12,14.4,-0.5,41.04,22:10,6.84,0.0,
2015-01-13,10.3,6.1,45.0,11:20,11.16,8.2,
2015-01-13,10.3,6.1,45.0,11:20,11.16,8.2,
2015-01-14,9.8,5.7,47.88,23:10,11.88,0.2,
2015-01-14,9.8,5.7,47.88,23:10,11.88,0.2,
2015-01-15,9.3,2.4,60.84,04:50,10.08,27.8,
2015-01-15,9.3,2.4,60.84,04:50,10.08,27.8,
2015-01-16,7.8,0.4,33.12,06:40,7.92,3.8,
2015-01-16,7.8,0.4,33.12,06:40,7.92,3.8,
2015-01-17,6.8,1.2,43.92,23:50,9.0,3.8,
2015-01-17,6.8,1.2,43.92,23:50,9.0,3.8,
2015-01-18,6.4,1.9,42.84,19:00,5.04,10.6,
2015-01-18,6.4,1.9,42.84,19:00,5.04,10.6,
2015-01-19,8.0,0.8,25.92,12:40,3.96,4.0,
2015-01-19,8.0,0.8,25.92,12:40,3.96,4.0,
2015-01-20,7.2,1.9,25.92,00:20,3.96,7.4,
2015-01-20,7.2,1.9,25.92,00:20,3.96,7.4,
2015-01-21,6.2,1.9,28.08,07:20,3.96,15.8,
2015-01-21,6.2,1.9,28.08,07:20,3.96,15.8,
2015-01-22,8.6,3.1,18.0,13:50,2.88,2.2,
2015-01-22,8.6,3.1,18.0,13:50,2.88,2.2,
2015-01-23,9.4,4.9,11.16,11:20,0.0,0.2,
2015-01-23,9.4,4.9,11.16,11:20,0.0,0.2,
2015-01-24,11.6,3.8,16.92,14:50,2.16,0.2,
2015-01-24,11.6,3.8,16.92,14:50,2.16,0.2,
2015-01-25,11.4,0.4,19.08,12:00,2.16,0.0,
2015-01-25,11.4,0.4,19.08,12:00,2.16,0.0,
2015-01-26,9.4,-2.6,16.92,18:20,2.16,0.2,
2015-01-26,9.4,-2.6,16.92,18:20,2.16,0.2,
2015-01-27,11.4,4.6,16.92,15:20,2.16,0.0,
2015-01-27,11.4,4.6,16.92,15:20,2.16,0.0,
2015-01-28,9.4,2.7,20.16,14:30,6.12,0.4,
2015-01-28,9.4,2.7,20.16,14:30,6.12,0.4,
2015-01-29,11.4,4.8,38.88,23:20,11.88,14.6,
2015-01-29,11.4,4.8,38.88,23:20,11.88,14.6,
2015-01-30,11.4,8.0,51.12,20:10,12.96,35.2,
2015-01-30,11.4,8.0,51.12,20:10,12.96,35.2,
2015-01-31,8.3,1.5,42.12,09:40,6.12,10.8,
2015-01-31,8.3,1.5,42.12,09:40,6.12,10.8,
2015-02-01,6.4,1.3,24.12,15:20,6.12,7.2,
2015-02-01,6.4,1.3,24.12,15:20,6.12,7.2,
2015-02-02,8.8,4.0,38.88,07:30,11.88,13.4,
2015-02-02,8.8,4.0,38.88,07:30,11.88,13.4,
2015-02-03,6.2,0.7,50.04,14:10,6.84,13.8,
2015-02-03,6.2,0.7,50.04,14:10,6.84,13.8,
2015-02-04,4.6,0.1,28.08,15:50,5.04,8.4,
2015-02-04,4.6,0.1,28.08,15:50,5.04,8.4,
2015-02-05,6.5,0.0,23.04,14:30,2.88,15.4,
2015-02-05,6.5,0.0,23.04,14:30,2.88,15.4,
2015-02-06,3.1,-0.2,20.88,19:30,2.88,4.2,
2015-02-06,3.1,-0.2,20.88,19:30,2.88,4.2,
2015-02-07,3.6,-0.6,24.84,09:00,3.96,0.0,
2015-02-07,3.6,-0.6,24.84,09:00,3.96,0.0,
2015-02-08,8.4,-2.4,33.84,16:40,5.04,0.0,
2015-02-08,8.4,-2.4,33.84,16:40,5.04,0.0,
2015-02-09,11.0,-0.6,33.84,03:00,5.04,0.0,
2015-02-09,11.0,-0.6,33.84,03:00,5.04,0.0,
2015-02-10,12.8,-3.9,21.96,15:00,3.96,0.0,
2015-02-10,12.8,-3.9,21.96,15:00,3.96,0.0,
2015-02-11,12.8,-3.1,19.08,12:50,3.96,1.8,
2015-02-11,12.8,-3.1,19.08,12:50,3.96,1.8,
2015-02-12,10.2,0.5,25.92,13:10,6.84,1.4,
2015-02-12,10.2,0.5,25.92,13:10,6.84,1.4,
2015-02-13,9.9,5.2,45.0,08:30,12.96,4.6,
2015-02-13,9.9,5.2,45.0,08:30,12.96,4.6,
2015-02-14,10.3,6.1,34.92,17:50,11.88,2.2,
2015-02-14,10.3,6.1,34.92,17:50,11.88,2.2,
2015-02-15,11.2,7.1,41.04,03:30,6.84,0.6,
2015-02-15,11.2,7.1,41.04,03:30,6.84,0.6,
2015-02-16,9.4,3.5,29.16,21:20,5.04,7.6,
2015-02-16,9.4,3.5,29.16,21:20,5.04,7.6,
2015-02-17,10.3,-0.5,34.92,10:10,5.04,0.2,
2015-02-17,10.3,-0.5,34.92,10:10,5.04,0.2,
2015-02-18,11.2,-1.7,25.92,15:20,5.04,0.0,
2015-02-18,11.2,-1.7,25.92,15:20,5.04,0.0,
2015-02-19,11.5,-3.3,19.08,12:20,5.04,0.4,
2015-02-19,11.5,-3.3,19.08,12:20,5.04,0.4,
2015-02-20,9.2,4.6,38.88,15:30,11.88,9.4,
2015-02-20,9.2,4.6,38.88,15:30,11.88,9.4,
2015-02-21,11.0,4.1,34.92,15:50,7.92,1.8,
2015-02-21,11.0,4.1,34.92,15:50,7.92,1.8,
2015-02-22,9.7,4.7,27.0,20:40,6.84,1.6,
2015-02-22,9.7,4.7,27.0,20:40,6.84,1.6,
2015-02-23,11.5,3.2,51.12,13:50,12.96,15.8,
2015-02-23,11.5,3.2,51.12,13:50,12.96,15.8,
2015-02-24,10.0,3.1,32.04,13:20,6.84,5.6,
2015-02-24,10.0,3.1,32.04,13:20,6.84,5.6,
2015-02-25,10.9,6.5,24.84,15:00,6.84,0.8,
2015-02-25,10.9,6.5,24.84,15:00,6.84,0.8,
2015-02-26,12.0,8.4,23.04,12:50,6.84,2.0,
2015-02-26,12.0,8.4,23.04,12:50,6.84,2.0,
2015-02-27,11.2,3.0,16.92,01:00,3.96,1.6,
2015-02-27,11.2,3.0,16.92,01:00,3.96,1.6,
2015-02-28,13.2,7.0,29.16,Varias,9.0,2.6,
2015-02-28,13.2,7.0,29.16,Varias,9.0,2.6,
2015-03-01,13.6,10.2,37.08,23:00,14.04,2.8,
2015-03-01,13.6,10.2,37.08,23:00,14.04,2.8,
2015-03-02,12.1,9.9,39.96,01:10,5.04,16.4,
2015-03-02,12.1,9.9,39.96,01:10,5.04,16.4,
2015-03-03,12.5,5.1,20.16,17:50,2.88,7.0,
2015-03-03,12.5,5.1,20.16,17:50,2.88,7.0,
2015-03-04,11.6,1.0,29.16,12:40,5.04,0.0,
2015-03-04,11.6,1.0,29.16,12:40,5.04,0.0,
2015-03-05,15.0,-1.3,25.92,16:00,2.88,0.0,
2015-03-05,15.0,-1.3,25.92,16:00,2.88,0.0,
2015-03-06,20.4,-1.5,12.96,16:10,2.16,0.0,
2015-03-06,20.4,-1.5,12.96,16:10,2.16,0.0,
2015-03-07,23.5,-0.2,16.92,13:00,2.88,0.0,
2015-03-07,23.5,-0.2,16.92,13:00,2.88,0.0,
2015-03-08,21.0,-0.3,21.96,13:50,2.88,0.0,
2015-03-08,21.0,-0.3,21.96,13:50,2.88,0.0,
2015-03-09,22.4,-0.6,14.04,14:30,2.16,0.0,
2015-03-09,22.4,-0.6,14.04,14:30,2.16,0.0,
2015-03-10,21.3,2.4,16.92,18:00,3.96,0.0,
2015-03-10,21.3,2.4,16.92,18:00,3.96,0.0,
2015-03-11,15.5,5.0,16.92,12:40,3.96,0.0,
2015-03-11,15.5,5.0,16.92,12:40,3.96,0.0,
2015-03-12,12.7,2.4,30.96,20:50,5.04,0.6,
2015-03-12,12.7,2.4,30.96,20:50,5.04,0.6,
2015-03-13,12.5,0.3,25.92,14:40,5.04,0.0,
2015-03-13,12.5,0.3,25.92,14:40,5.04,0.0,
2015-03-14,11.9,-1.2,33.12,17:00,6.12,0.0,
2015-03-14,11.9,-1.2,33.12,17:00,6.12,0.0,
2015-03-15,8.6,0.4,24.12,11:40,5.04,0.0,
2015-03-15,8.6,0.4,24.12,11:40,5.04,0.0,
2015-03-16,15.2,-2.4,29.88,12:10,5.04,0.0,
2015-03-16,15.2,-2.4,29.88,12:10,5.04,0.0,
2015-03-17,16.7,1.3,19.08,16:00,3.96,0.0,
2015-03-17,16.7,1.3,19.08,16:00,3.96,0.0,
2015-03-18,16.3,3.0,33.84,14:10,6.84,0.0,
2015-03-18,16.3,3.0,33.84,14:10,6.84,0.0,
2015-03-19,17.0,6.8,29.88,Varias,5.04,0.0,
2015-03-19,17.0,6.8,29.88,Varias,5.04,0.0,
2015-03-20,10.0,5.1,36.0,18:10,7.92,0.0,
2015-03-20,10.0,5.1,36.0,18:10,7.92,0.0,
2015-03-21,14.8,3.8,38.88,11:50,6.12,0.0,
2015-03-21,14.8,3.8,38.88,11:50,6.12,0.0,
2015-03-22,11.6,4.5,32.04,14:20,6.84,1.4,
2015-03-22,11.6,4.5,32.04,14:20,6.84,1.4,
2015-03-23,10.8,2.3,38.16,18:00,6.12,3.0,
2015-03-23,10.8,2.3,38.16,18:00,6.12,3.0,
2015-03-24,11.4,0.5,37.08,00:30,6.84,0.6,
2015-03-24,11.4,0.5,37.08,00:30,6.84,0.6,
2015-03-25,11.5,0.4,33.84,11:30,3.96,3.4,
2015-03-25,11.5,0.4,33.84,11:30,3.96,3.4,
2015-03-26,13.4,5.1,34.92,15:40,9.0,0.4,
2015-03-26,13.4,5.1,34.92,15:40,9.0,0.4,
2015-03-27,14.8,6.5,21.96,12:10,6.12,0.0,
2015-03-27,14.8,6.5,21.96,12:10,6.12,0.0,
2015-03-28,17.1,7.6,28.08,13:50,6.84,0.0,
2015-03-28,17.1,7.6,28.08,13:50,6.84,0.0,
2015-03-29,18.5,7.1,24.12,00:40,10.08,0.0,
2015-03-29,18.5,7.1,24.12,00:40,10.08,0.0,
2015-03-30,21.7,4.5,29.88,15:50,6.84,0.0,
2015-03-30,21.7,4.5,29.88,15:50,6.84,0.0,
2015-03-31,17.9,6.8,23.04,17:20,3.96,0.0,
2015-03-31,17.9,6.8,23.04,17:20,3.96,0.0,
2015-04-01,18.0,4.7,24.84,14:30,5.04,0.0,
2015-04-01,18.0,4.7,24.84,14:30,5.04,0.0,
2015-04-02,23.7,0.2,20.88,15:30,3.96,0.0,
2015-04-02,23.7,0.2,20.88,15:30,3.96,0.0,
2015-04-03,19.9,1.7,28.08,17:00,5.04,0.0,
2015-04-03,19.9,1.7,28.08,17:00,5.04,0.0,
2015-04-04,16.5,4.7,30.96,13:30,6.12,0.0,
2015-04-04,16.5,4.7,30.96,13:30,6.12,0.0,
2015-04-05,20.2,5.1,25.92,16:20,3.96,0.0,
2015-04-05,20.2,5.1,25.92,16:20,3.96,0.0,
2015-04-06,18.4,5.5,30.96,13:50,6.12,0.0,
2015-04-06,18.4,5.5,30.96,13:50,6.12,0.0,
2015-04-07,20.6,1.4,24.12,13:20,6.12,0.0,
2015-04-07,20.6,1.4,24.12,13:20,6.12,0.0,
2015-04-08,22.8,1.1,21.96,10:30,3.96,0.6,
2015-04-08,22.8,1.1,21.96,10:30,3.96,0.6,
2015-04-09,16.5,9.0,15.84,23:40,2.88,9.8,
2015-04-09,16.5,9.0,15.84,23:40,2.88,9.8,
2015-04-10,15.6,9.3,24.84,12:30,9.0,0.4,
2015-04-10,15.6,9.3,24.84,12:30,9.0,0.4,
2015-04-11,19.7,6.7,20.88,17:00,2.88,0.0,
2015-04-11,19.7,6.7,20.88,17:00,2.88,0.0,
2015-04-12,24.8,5.2,20.88,16:10,2.88,0.0,
2015-04-12,24.8,5.2,20.88,16:10,2.88,0.0,
2015-04-13,26.5,5.9,32.04,12:00,2.88,0.0,
2015-04-13,26.5,5.9,32.04,12:00,2.88,0.0,
2015-04-14,24.9,6.4,29.88,11:30,6.12,0.4,
2015-04-14,24.9,6.4,29.88,11:30,6.12,0.4,
2015-04-15,19.6,10.6,38.88,04:30,2.88,9.6,
2015-04-15,19.6,10.6,38.88,04:30,2.88,9.6,
2015-04-16,14.5,10.9,37.08,12:50,11.16,0.6,
2015-04-16,14.5,10.9,37.08,12:50,11.16,0.6,
2015-04-17,16.7,5.4,28.08,13:30,6.12,0.2,
2015-04-17,16.7,5.4,28.08,13:30,6.12,0.2,
2015-04-18,14.0,4.4,33.84,10:20,3.96,6.4,
2015-04-18,14.0,4.4,33.84,10:20,3.96,6.4,
2015-04-19,14.2,5.3,15.84,14:50,3.96,0.2,
2015-04-19,14.2,5.3,15.84,14:50,3.96,0.2,
2015-04-20,20.0,3.4,25.92,17:10,3.96,0.0,
2015-04-20,20.0,3.4,25.92,17:10,3.96,0.0,
2015-04-21,25.8,7.2,24.84,11:50,2.88,0.0,
2015-04-21,25.8,7.2,24.84,11:50,2.88,0.0,
2015-04-22,15.8,5.6,27.0,12:30,9.0,7.4,
2015-04-22,15.8,5.6,27.0,12:30,9.0,7.4,
2015-04-23,20.9,1.7,24.84,10:00,3.96,0.0,
2015-04-23,20.9,1.7,24.84,10:00,3.96,0.0,
2015-04-24,14.5,9.0,32.04,10:10,6.84,3.2,
2015-04-24,14.5,9.0,32.04,10:10,6.84,3.2,
2015-04-25,17.2,10.1,47.16,11:30,9.0,9.7,
2015-04-25,17.2,10.1,47.16,11:30,9.0,9.7,
2015-04-26,15.8,9.4,33.12,13:20,7.92,7.0,
2015-04-26,15.8,9.4,33.12,13:20,7.92,7.0,
2015-04-27,13.6,8.2,16.92,Varias,3.96,11.0,
2015-04-27,13.6,8.2,16.92,Varias,3.96,11.0,
2015-04-28,17.4,4.4,19.08,15:20,3.96,0.0,
2015-04-28,17.4,4.4,19.08,15:20,3.96,0.0,
2015-04-29,16.9,6.1,20.16,14:50,6.84,1.2,
2015-04-29,16.9,6.1,20.16,14:50,6.84,1.2,
2015-04-30,16.9,10.9,41.04,15:50,10.08,1.2,
2015-04-30,16.9,10.9,41.04,15:50,10.08,1.2,
2015-05-01,20.5,12.8,43.92,07:30,14.04,1.0,
2015-05-01,20.5,12.8,43.92,07:30,14.04,1.0,
2015-05-02,18.7,13.1,52.92,12:50,20.88,5.4,
2015-05-02,18.7,13.1,52.92,12:50,20.88,5.4,
2015-05-03,20.7,12.7,37.08,14:30,11.16,11.0,
2015-05-03,20.7,12.7,37.08,14:30,11.16,11.0,
2015-05-04,20.0,9.3,69.12,17:10,15.12,9.2,
2015-05-04,20.0,9.3,69.12,17:10,15.12,9.2,
2015-05-05,14.3,6.9,47.88,13:00,15.84,0.6,
2015-05-05,14.3,6.9,47.88,13:00,15.84,0.6,
2015-05-06,17.9,6.6,24.84,13:50,6.12,0.8,
2015-05-06,17.9,6.6,24.84,13:50,6.12,0.8,
2015-05-07,23.8,6.3,41.04,12:30,10.08,4.4,
2015-05-07,23.8,6.3,41.04,12:30,10.08,4.4,
2015-05-08,19.8,10.1,42.12,13:50,15.84,0.0,
2015-05-08,19.8,10.1,42.12,13:50,15.84,0.0,
2015-05-09,23.8,6.8,21.96,16:20,3.96,0.0,
2015-05-09,23.8,6.8,21.96,16:20,3.96,0.0,
2015-05-10,28.3,8.4,33.12,12:20,6.84,0.0,
2015-05-10,28.3,8.4,33.12,12:20,6.84,0.0,
2015-05-11,28.8,9.2,19.08,13:50,2.88,0.0,
2015-05-11,28.8,9.2,19.08,13:50,2.88,0.0,
2015-05-12,30.1,8.8,37.08,15:00,5.04,0.0,
2015-05-12,30.1,8.8,37.08,15:00,5.04,0.0,
2015-05-13,27.5,8.8,34.92,13:40,6.84,1.0,
2015-05-13,27.5,8.8,34.92,13:40,6.84,1.0,
2015-05-14,17.0,8.5,33.84,14:10,11.16,0.0,
2015-05-14,17.0,8.5,33.84,14:10,11.16,0.0,
2015-05-15,19.7,6.3,24.84,13:40,5.04,0.0,
2015-05-15,19.7,6.3,24.84,13:40,5.04,0.0,
2015-05-16,21.8,4.9,28.08,14:20,5.04,0.0,
2015-05-16,21.8,4.9,28.08,14:20,5.04,0.0,
2015-05-17,22.0,11.4,29.88,14:10,6.84,0.0,
2015-05-17,22.0,11.4,29.88,14:10,6.84,0.0,
2015-05-18,20.2,8.5,27.0,21:20,5.04,0.0,
2015-05-18,20.2,8.5,27.0,21:20,5.04,0.0,
2015-05-19,13.9,6.9,20.88,09:20,2.88,0.0,
2015-05-19,13.9,6.9,20.88,09:20,2.88,0.0,
2015-05-20,14.2,8.1,24.12,17:20,2.88,0.0,
2015-05-20,14.2,8.1,24.12,17:20,2.88,0.0,
2015-05-21,18.4,5.7,30.96,12:30,6.84,0.0,
2015-05-21,18.4,5.7,30.96,12:30,6.84,0.0,
2015-05-22,18.9,2.7,33.12,16:30,6.84,0.0,
2015-05-22,18.9,2.7,33.12,16:30,6.84,0.0,
2015-05-23,20.4,6.0,34.92,13:00,7.92,0.0,
2015-05-23,20.4,6.0,34.92,13:00,7.92,0.0,
2015-05-24,21.0,6.8,33.12,14:40,6.12,0.0,
2015-05-24,21.0,6.8,33.12,14:40,6.12,0.0,
2015-05-25,21.6,10.5,30.96,13:40,6.84,0.0,
2015-05-25,21.6,10.5,30.96,13:40,6.84,0.0,
2015-05-26,22.0,9.6,33.12,09:50,6.84,0.0,
2015-05-26,22.0,9.6,33.12,09:50,6.84,0.0,
2015-05-27,21.9,9.2,32.04,16:10,6.84,0.0,
2015-05-27,21.9,9.2,32.04,16:10,6.84,0.0,
2015-05-28,22.5,10.0,30.96,16:00,6.84,0.0,
2015-05-28,22.5,10.0,30.96,16:00,6.84,0.0,
2015-05-29,23.7,7.0,25.92,18:00,6.84,0.0,
2015-05-29,23.7,7.0,25.92,18:00,6.84,0.0,
2015-05-30,22.9,7.1,20.88,16:00,6.12,0.0,
2015-05-30,22.9,7.1,20.88,16:00,6.12,0.0,
2015-05-31,18.7,8.0,20.88,10:30,6.12,0.4,
2015-05-31,18.7,8.0,20.88,10:30,6.12,0.4,
2015-06-01,23.1,8.9,18.0,17:40,5.04,0.0,
2015-06-01,23.1,8.9,18.0,17:40,5.04,0.0,
2015-06-02,27.3,5.0,24.84,14:30,5.04,0.0,
2015-06-02,27.3,5.0,24.84,14:30,5.04,0.0,
2015-06-03,23.5,13.7,24.84,16:00,6.12,0.0,
2015-06-03,23.5,13.7,24.84,16:00,6.12,0.0,
2015-06-04,33.2,13.2,34.92,15:40,3.96,0.2,
2015-06-04,33.2,13.2,34.92,15:40,3.96,0.2,
2015-06-05,23.2,13.3,29.16,15:50,3.96,0.0,
2015-06-05,23.2,13.3,29.16,15:50,3.96,0.0,
2015-06-06,20.3,13.1,29.88,Varias,6.12,0.0,
2015-06-06,20.3,13.1,29.88,Varias,6.12,0.0,
2015-06-07,22.3,12.3,27.0,13:50,6.12,0.0,
2015-06-07,22.3,12.3,27.0,13:50,6.12,0.0,
2015-06-08,24.4,14.3,33.84,16:50,6.12,0.0,
2015-06-08,24.4,14.3,33.84,16:50,6.12,0.0,
2015-06-09,19.8,11.3,29.16,20:00,5.04,0.4,
2015-06-09,19.8,11.3,29.16,20:00,5.04,0.4,
2015-06-10,20.0,10.4,34.92,11:20,6.12,0.0,
2015-06-10,20.0,10.4,34.92,11:20,6.12,0.0,
2015-06-11,22.0,10.5,29.88,15:10,5.04,0.0,
2015-06-11,22.0,10.5,29.88,15:10,5.04,0.0,
2015-06-12,16.7,9.5,28.08,13:00,10.08,0.0,
2015-06-12,16.7,9.5,28.08,13:00,10.08,0.0,
2015-06-13,17.4,7.3,0.0,,6.12,2.8,
2015-06-13,17.4,7.3,0.0,,6.12,2.8,
2015-06-14,18.0,9.8,23.04,18:20,2.88,8.4,
2015-06-14,18.0,9.8,23.04,18:20,2.88,8.4,
2015-06-15,21.3,10.6,29.16,18:00,6.12,0.0,
2015-06-15,21.3,10.6,29.16,18:00,6.12,0.0,
2015-06-16,22.1,7.9,29.16,18:40,5.04,0.0,
2015-06-16,22.1,7.9,29.16,18:40,5.04,0.0,
2015-06-17,23.5,7.2,38.88,13:30,6.12,0.0,
2015-06-17,23.5,7.2,38.88,13:30,6.12,0.0,
2015-06-18,26.8,9.8,30.96,16:40,6.84,0.0,
2015-06-18,26.8,9.8,30.96,16:40,6.84,0.0,
2015-06-19,25.3,7.9,30.96,15:20,6.84,0.0,
2015-06-19,25.3,7.9,30.96,15:20,6.84,0.0,
2015-06-20,28.6,11.0,24.84,15:50,5.04,0.0,
2015-06-20,28.6,11.0,24.84,15:50,5.04,0.0,
2015-06-21,26.5,13.8,24.12,13:30,5.04,0.0,
2015-06-21,26.5,13.8,24.12,13:30,5.04,0.0,
2015-06-22,32.7,13.6,25.92,15:00,5.04,0.0,
2015-06-22,32.7,13.6,25.92,15:00,5.04,0.0,
2015-06-23,24.4,12.5,20.16,16:20,3.96,0.0,
2015-06-23,24.4,12.5,20.16,16:20,3.96,0.0,
2015-06-24,28.1,11.6,23.04,14:50,5.04,0.0,
2015-06-24,28.1,11.6,23.04,14:50,5.04,0.0,
2015-06-25,32.4,10.6,23.04,13:30,5.04,0.0,
2015-06-25,32.4,10.6,23.04,13:30,5.04,0.0,
2015-06-26,30.9,12.1,21.96,13:40,3.96,0.0,
2015-06-26,30.9,12.1,21.96,13:40,3.96,0.0,
2015-06-27,32.6,12.7,23.04,12:30,3.96,0.0,
2015-06-27,32.6,12.7,23.04,12:30,3.96,0.0,
2015-06-28,27.0,15.3,25.92,16:00,5.04,0.0,
2015-06-28,27.0,15.3,25.92,16:00,5.04,0.0,
2015-06-29,34.3,15.3,16.92,16:30,5.04,0.0,
2015-06-29,34.3,15.3,16.92,16:30,5.04,0.0,
2015-06-30,35.1,13.4,27.0,14:30,5.04,0.0,
2015-06-30,35.1,13.4,27.0,14:30,5.04,0.0,
2015-07-01,26.3,15.1,28.08,10:50,3.96,5.0,
2015-07-01,26.3,15.1,28.08,10:50,3.96,5.0,
2015-07-02,25.4,10.2,24.12,16:20,3.96,0.2,
2015-07-02,25.4,10.2,24.12,16:20,3.96,0.2,
2015-07-03,29.2,11.2,47.88,16:00,11.88,0.0,
2015-07-03,29.2,11.2,47.88,16:00,11.88,0.0,
2015-07-04,26.3,15.0,24.12,14:30,2.88,0.0,
2015-07-04,26.3,15.0,24.12,14:30,2.88,0.0,
2015-07-05,26.3,13.6,24.12,15:00,3.96,0.0,
2015-07-05,26.3,13.6,24.12,15:00,3.96,0.0,
2015-07-06,32.4,12.6,29.16,17:20,5.04,0.0,
2015-07-06,32.4,12.6,29.16,17:20,5.04,0.0,
2015-07-07,27.6,9.8,24.84,16:40,5.04,0.0,
2015-07-07,27.6,9.8,24.84,16:40,5.04,0.0,
2015-07-08,23.5,13.7,37.08,16:20,6.84,0.0,
2015-07-08,23.5,13.7,37.08,16:20,6.84,0.0,
2015-07-09,29.6,12.1,27.0,14:30,5.04,0.0,
2015-07-09,29.6,12.1,27.0,14:30,5.04,0.0,
2015-07-10,26.7,11.9,41.04,11:50,6.84,0.0,
2015-07-10,26.7,11.9,41.04,11:50,6.84,0.0,
2015-07-11,27.8,9.8,25.92,14:30,6.12,0.0,
2015-07-11,27.8,9.8,25.92,14:30,6.12,0.0,
2015-07-12,27.7,14.6,29.16,17:10,5.04,0.0,
2015-07-12,27.7,14.6,29.16,17:10,5.04,0.0,
2015-07-13,28.3,15.5,27.0,15:30,6.12,0.0,
2015-07-13,28.3,15.5,27.0,15:30,6.12,0.0,
2015-07-14,28.8,15.3,36.0,17:30,6.12,0.0,
2015-07-14,28.8,15.3,36.0,17:30,6.12,0.0,
2015-07-15,26.8,16.6,24.84,15:50,6.12,0.0,
2015-07-15,26.8,16.6,24.84,15:50,6.12,0.0,
2015-07-16,31.0,15.6,30.96,13:20,11.16,0.0,
2015-07-16,31.0,15.6,30.96,13:20,11.16,0.0,
2015-07-17,31.8,12.1,24.12,16:10,6.84,0.0,
2015-07-17,31.8,12.1,24.12,16:10,6.84,0.0,
2015-07-18,26.9,14.0,37.08,12:50,11.16,0.0,
2015-07-18,26.9,14.0,37.08,12:50,11.16,0.0,
2015-07-19,28.5,12.3,29.88,14:30,9.0,0.0,
2015-07-19,28.5,12.3,29.88,14:30,9.0,0.0,
2015-07-20,30.8,18.6,33.84,15:10,7.92,0.0,
2015-07-20,30.8,18.6,33.84,15:10,7.92,0.0,
2015-07-21,29.7,16.4,21.96,16:40,3.96,0.0,
2015-07-21,29.7,16.4,21.96,16:40,3.96,0.0,
2015-07-22,27.4,13.5,23.04,14:00,5.04,0.0,
2015-07-22,27.4,13.5,23.04,14:00,5.04,0.0,
2015-07-23,31.2,9.7,25.92,14:10,5.04,0.0,
2015-07-23,31.2,9.7,25.92,14:10,5.04,0.0,
2015-07-24,22.6,11.9,38.88,10:20,9.0,0.8,
2015-07-24,22.6,11.9,38.88,10:20,9.0,0.8,
2015-07-25,27.3,7.1,27.0,15:20,3.96,0.0,
2015-07-25,27.3,7.1,27.0,15:20,3.96,0.0,
2015-07-26,27.0,10.3,42.84,14:30,14.04,0.0,
2015-07-26,27.0,10.3,42.84,14:30,14.04,0.0,
2015-07-27,26.1,12.4,25.92,12:30,7.92,0.0,
2015-07-27,26.1,12.4,25.92,12:30,7.92,0.0,
2015-07-28,26.8,10.0,33.84,13:30,11.16,0.6,
2015-07-28,26.8,10.0,33.84,13:30,11.16,0.6,
2015-07-29,24.3,14.3,27.0,17:10,5.04,0.2,
2015-07-29,24.3,14.3,27.0,17:10,5.04,0.2,
2015-07-30,19.3,13.9,28.08,16:20,5.04,8.0,
2015-07-30,19.3,13.9,28.08,16:20,5.04,8.0,
2015-07-31,20.0,11.1,27.0,14:50,5.04,0.0,
2015-07-31,20.0,11.1,27.0,14:50,5.04,0.0,
2015-08-01,26.8,7.0,23.04,16:20,5.04,0.0,
2015-08-01,26.8,7.0,23.04,16:20,5.04,0.0,
2015-08-02,32.5,9.5,38.16,14:40,9.0,0.0,
2015-08-02,32.5,9.5,38.16,14:40,9.0,0.0,
2015-08-03,27.3,9.0,29.88,13:20,5.04,0.0,
2015-08-03,27.3,9.0,29.88,13:20,5.04,0.0,
2015-08-04,27.1,9.4,18.0,14:50,3.96,0.0,
2015-08-04,27.1,9.4,18.0,14:50,3.96,0.0,
2015-08-05,28.3,9.5,32.04,15:10,7.92,0.0,
2015-08-05,28.3,9.5,32.04,15:10,7.92,0.0,
2015-08-06,28.0,13.0,24.12,11:50,6.12,0.0,
2015-08-06,28.0,13.0,24.12,11:50,6.12,0.0,
2015-08-07,23.3,9.6,29.16,17:20,3.96,0.0,
2015-08-07,23.3,9.6,29.16,17:20,3.96,0.0,
2015-08-08,22.7,5.5,28.08,13:00,5.04,0.0,
2015-08-08,22.7,5.5,28.08,13:00,5.04,0.0,
2015-08-09,27.6,8.0,29.16,16:10,5.04,0.0,
2015-08-09,27.6,8.0,29.16,16:10,5.04,0.0,
2015-08-10,33.2,11.3,23.04,12:50,5.04,0.0,
2015-08-10,33.2,11.3,23.04,12:50,5.04,0.0,
2015-08-11,27.2,14.4,27.0,18:00,5.04,0.0,
2015-08-11,27.2,14.4,27.0,18:00,5.04,0.0,
2015-08-12,30.1,14.0,45.0,19:40,15.12,5.4,
2015-08-12,30.1,14.0,45.0,19:40,15.12,5.4,
2015-08-13,16.7,11.9,33.12,01:10,10.08,2.0,
2015-08-13,16.7,11.9,33.12,01:10,10.08,2.0,
2015-08-14,17.3,11.6,23.04,13:00,6.12,1.0,
2015-08-14,17.3,11.6,23.04,13:00,6.12,1.0,
2015-08-15,21.8,12.9,18.0,13:30,3.96,0.2,
2015-08-15,21.8,12.9,18.0,13:30,3.96,0.2,
2015-08-16,22.4,15.1,21.96,14:00,5.04,0.8,
2015-08-16,22.4,15.1,21.96,14:00,5.04,0.8,
2015-08-17,25.9,12.0,20.88,16:20,2.88,0.2,
2015-08-17,25.9,12.0,20.88,16:20,2.88,0.2,
2015-08-18,26.0,11.4,29.16,16:40,2.88,0.0,
2015-08-18,26.0,11.4,29.16,16:40,2.88,0.0,
2015-08-19,29.3,9.7,21.96,18:30,3.96,0.0,
2015-08-19,29.3,9.7,21.96,18:30,3.96,0.0,
2015-08-20,33.8,10.8,23.04,17:00,5.04,0.0,
2015-08-20,33.8,10.8,23.04,17:00,5.04,0.0,
2015-08-21,31.5,13.9,24.84,18:00,3.96,0.0,
2015-08-21,31.5,13.9,24.84,18:00,3.96,0.0,
2015-08-22,25.0,12.1,33.84,13:00,10.08,4.0,
2015-08-22,25.0,12.1,33.84,13:00,10.08,4.0,
2015-08-23,17.9,11.8,60.12,15:30,20.16,7.0,
2015-08-23,17.9,11.8,60.12,15:30,20.16,7.0,
2015-08-24,21.2,11.0,33.84,17:40,11.16,0.4,
2015-08-24,21.2,11.0,33.84,17:40,11.16,0.4,
2015-08-25,25.6,12.7,34.92,15:00,11.16,0.0,
2015-08-25,25.6,12.7,34.92,15:00,11.16,0.0,
2015-08-26,22.6,14.7,47.88,09:00,15.12,0.2,
2015-08-26,22.6,14.7,47.88,09:00,15.12,0.2,
2015-08-27,24.5,17.9,56.88,10:30,18.0,0.2,
2015-08-27,24.5,17.9,56.88,10:30,18.0,0.2,
2015-08-28,29.7,19.7,33.12,10:50,10.08,0.0,
2015-08-28,29.7,19.7,33.12,10:50,10.08,0.0,
2015-08-29,31.7,15.9,20.88,15:50,5.04,0.0,
2015-08-29,31.7,15.9,20.88,15:50,5.04,0.0,
2015-08-30,33.7,14.7,32.04,12:10,5.04,0.0,
2015-08-30,33.7,14.7,32.04,12:10,5.04,0.0,
2015-08-31,24.6,14.6,25.92,22:30,3.96,0.0,
2015-08-31,24.6,14.6,25.92,22:30,3.96,0.0,
2015-09-01,20.3,13.9,25.92,14:40,5.04,0.0,
2015-09-01,20.3,13.9,25.92,14:40,5.04,0.0,
2015-09-02,18.4,12.7,32.04,16:10,5.04,0.0,
2015-09-02,18.4,12.7,32.04,16:10,5.04,0.0,
2015-09-03,19.3,9.0,30.96,14:30,6.12,0.0,
2015-09-03,19.3,9.0,30.96,14:30,6.12,0.0,
2015-09-04,20.8,9.0,29.16,15:30,6.12,0.0,
2015-09-04,20.8,9.0,29.16,15:30,6.12,0.0,
2015-09-05,22.9,6.2,30.96,18:10,5.04,0.0,
2015-09-05,22.9,6.2,30.96,18:10,5.04,0.0,
2015-09-06,25.1,5.9,30.96,18:00,3.96,0.0,
2015-09-06,25.1,5.9,30.96,18:00,3.96,0.0,
2015-09-07,26.3,12.4,30.96,18:00,6.12,0.0,
2015-09-07,26.3,12.4,30.96,18:00,6.12,0.0,
2015-09-08,29.5,10.1,24.84,16:00,5.04,0.0,
2015-09-08,29.5,10.1,24.84,16:00,5.04,0.0,
2015-09-09,22.9,7.9,32.04,15:10,9.0,0.0,
2015-09-09,22.9,7.9,32.04,15:10,9.0,0.0,
2015-09-10,23.6,9.6,25.92,17:50,3.96,0.0,
2015-09-10,23.6,9.6,25.92,17:50,3.96,0.0,
2015-09-11,23.2,8.4,23.04,12:30,6.12,0.0,
2015-09-11,23.2,8.4,23.04,12:30,6.12,0.0,
2015-09-12,21.6,12.8,29.16,23:00,3.96,0.6,
2015-09-12,21.6,12.8,29.16,23:00,3.96,0.6,
2015-09-13,19.0,10.9,46.08,12:50,18.0,5.2,
2015-09-13,19.0,10.9,46.08,12:50,18.0,5.2,
2015-09-14,17.2,10.2,37.08,15:30,14.04,3.2,
2015-09-14,17.2,10.2,37.08,15:30,14.04,3.2,
2015-09-15,18.2,10.5,55.08,09:50,11.16,26.6,
2015-09-15,18.2,10.5,55.08,09:50,11.16,26.6,
2015-09-16,17.5,10.3,63.0,11:50,20.16,2.8,
2015-09-16,17.5,10.3,63.0,11:50,20.16,2.8,
2015-09-17,18.1,9.6,29.88,11:20,9.0,0.8,
2015-09-17,18.1,9.6,29.88,11:20,9.0,0.8,
2015-09-18,17.5,6.9,16.92,11:40,3.96,0.0,
2015-09-18,17.5,6.9,16.92,11:40,3.96,0.0,
2015-09-19,23.8,4.2,21.96,15:30,5.04,0.0,
2015-09-19,23.8,4.2,21.96,15:30,5.04,0.0,
2015-09-20,27.9,9.2,20.88,13:00,6.12,0.0,
2015-09-20,27.9,9.2,20.88,13:00,6.12,0.0,
2015-09-21,24.0,7.0,25.92,15:20,5.04,0.0,
2015-09-21,24.0,7.0,25.92,15:20,5.04,0.0,
2015-09-22,15.8,11.3,23.04,12:20,5.04,0.0,
2015-09-22,15.8,11.3,23.04,12:20,5.04,0.0,
2015-09-23,22.3,11.4,18.0,13:10,3.96,0.0,
2015-09-23,22.3,11.4,18.0,13:10,3.96,0.0,
2015-09-24,24.6,11.5,18.0,15:20,2.88,0.0,
2015-09-24,24.6,11.5,18.0,15:20,2.88,0.0,
2015-09-25,24.3,13.6,20.88,17:50,5.04,0.0,
2015-09-25,24.3,13.6,20.88,17:50,5.04,0.0,
2015-09-26,25.4,13.2,19.08,16:40,3.96,0.0,
2015-09-26,25.4,13.2,19.08,16:40,3.96,0.0,
2015-09-27,23.9,10.4,23.04,16:00,5.04,0.0,
2015-09-27,23.9,10.4,23.04,16:00,5.04,0.0,
2015-09-28,25.7,6.2,20.88,16:30,3.96,0.0,
2015-09-28,25.7,6.2,20.88,16:30,3.96,0.0,
2015-09-29,23.8,8.1,29.16,14:30,2.88,0.0,
2015-09-29,23.8,8.1,29.16,14:30,2.88,0.0,
2015-09-30,21.2,7.6,23.04,15:50,2.88,0.0,
2015-09-30,21.2,7.6,23.04,15:50,2.88,0.0,
2015-10-01,22.3,5.2,23.04,14:50,3.96,0.0,
2015-10-01,22.3,5.2,23.04,14:50,3.96,0.0,
2015-10-02,19.3,4.3,20.88,15:40,2.88,0.0,
2015-10-02,19.3,4.3,20.88,15:40,2.88,0.0,
2015-10-03,17.0,1.9,15.84,14:10,2.88,5.2,
2015-10-03,17.0,1.9,15.84,14:10,2.88,5.2,
2015-10-04,21.8,12.0,59.04,07:00,20.16,41.0,
2015-10-04,21.8,12.0,59.04,07:00,20.16,41.0,
2015-10-05,18.0,14.2,45.0,14:10,12.96,54.2,
2015-10-05,18.0,14.2,45.0,14:10,12.96,54.2,
2015-10-06,16.1,10.6,36.0,03:00,15.12,1.8,
2015-10-06,16.1,10.6,36.0,03:00,15.12,1.8,
2015-10-07,16.6,8.4,12.96,11:50,2.88,0.0,
2015-10-07,16.6,8.4,12.96,11:50,2.88,0.0,
2015-10-08,20.5,6.6,19.08,15:50,2.88,0.0,
2015-10-08,20.5,6.6,19.08,15:50,2.88,0.0,
2015-10-09,22.7,6.1,20.88,14:10,2.88,0.4,
2015-10-09,22.7,6.1,20.88,14:10,2.88,0.4,
2015-10-10,20.4,9.0,24.84,13:10,6.84,1.0,
2015-10-10,20.4,9.0,24.84,13:10,6.84,1.0,
2015-10-11,20.7,13.0,15.84,21:30,2.88,5.8,
2015-10-11,20.7,13.0,15.84,21:30,2.88,5.8,
2015-10-12,14.9,10.4,25.92,15:00,6.12,0.2,
2015-10-12,14.9,10.4,25.92,15:00,6.12,0.2,
2015-10-13,18.7,5.6,24.84,12:10,2.88,0.0,
2015-10-13,18.7,5.6,24.84,12:10,2.88,0.0,
2015-10-14,19.0,3.7,20.16,16:10,2.88,0.0,
2015-10-14,19.0,3.7,20.16,16:10,2.88,0.0,
2015-10-15,18.8,3.9,16.92,16:20,2.88,0.0,
2015-10-15,18.8,3.9,16.92,16:20,2.88,0.0,
2015-10-16,20.7,3.4,11.16,15:30,2.16,0.0,
2015-10-16,20.7,3.4,11.16,15:30,2.16,0.0,
2015-10-17,24.5,8.8,27.0,17:00,3.96,0.6,
2015-10-17,24.5,8.8,27.0,17:00,3.96,0.6,
2015-10-18,17.0,11.1,10.08,Varias,2.88,13.4,
2015-10-18,17.0,11.1,10.08,Varias,2.88,13.4,
2015-10-19,14.3,12.5,30.96,14:00,6.12,9.4,
2015-10-19,14.3,12.5,30.96,14:00,6.12,9.4,
2015-10-20,16.5,9.0,30.96,15:20,6.12,0.0,
2015-10-20,16.5,9.0,30.96,15:20,6.12,0.0,
2015-10-21,18.0,4.3,24.84,12:00,2.88,0.0,
2015-10-21,18.0,4.3,24.84,12:00,2.88,0.0,
2015-10-22,20.5,4.1,16.92,11:10,2.88,0.0,
2015-10-22,20.5,4.1,16.92,11:10,2.88,0.0,
2015-10-23,23.2,6.2,21.96,13:10,3.96,0.0,
2015-10-23,23.2,6.2,21.96,13:10,3.96,0.0,
2015-10-24,17.6,11.2,15.84,15:10,3.96,0.6,
2015-10-24,17.6,11.2,15.84,15:10,3.96,0.6,
2015-10-25,22.3,9.1,23.04,00:10,2.88,0.6,
2015-10-25,22.3,9.1,23.04,00:10,2.88,0.6,
2015-10-26,17.4,9.9,37.08,14:00,7.92,9.0,
2015-10-26,17.4,9.9,37.08,14:00,7.92,9.0,
2015-10-27,12.2,8.5,42.12,10:40,9.0,14.6,
2015-10-27,12.2,8.5,42.12,10:40,9.0,14.6,
2015-10-28,12.8,8.4,38.88,21:30,9.0,4.6,
2015-10-28,12.8,8.4,38.88,21:30,9.0,4.6,
2015-10-29,17.9,12.6,36.0,02:00,10.08,1.0,
2015-10-29,17.9,12.6,36.0,02:00,10.08,1.0,
2015-10-30,18.6,9.9,37.08,02:10,6.84,0.0,
2015-10-30,18.6,9.9,37.08,02:10,6.84,0.0,
2015-10-31,18.4,9.5,33.84,05:20,5.04,0.0,
2015-10-31,18.4,9.5,33.84,05:20,5.04,0.0,
2015-11-01,21.0,7.7,16.92,14:00,2.88,0.0,
2015-11-01,21.0,7.7,16.92,14:00,2.88,0.0,
2015-11-02,16.7,5.4,20.16,23:20,1.08,21.7,
2015-11-02,16.7,5.4,20.16,23:20,1.08,21.7,
2015-11-03,14.4,10.5,33.84,13:10,11.88,0.6,
2015-11-03,14.4,10.5,33.84,13:10,11.88,0.6,
2015-11-04,18.6,12.3,34.92,12:00,9.0,2.0,
2015-11-04,18.6,12.3,34.92,12:00,9.0,2.0,
2015-11-05,16.7,13.0,39.96,09:40,10.08,4.0,
2015-11-05,16.7,13.0,39.96,09:40,10.08,4.0,
2015-11-06,19.9,10.8,33.84,11:40,6.84,0.0,
2015-11-06,19.9,10.8,33.84,11:40,6.84,0.0,
2015-11-07,22.9,10.1,24.12,03:00,6.84,0.0,
2015-11-07,22.9,10.1,24.12,03:00,6.84,0.0,
2015-11-08,23.1,7.7,38.88,13:50,5.04,0.0,
2015-11-08,23.1,7.7,38.88,13:50,5.04,0.0,
2015-11-09,21.3,10.0,12.96,13:20,2.16,0.2,
2015-11-09,21.3,10.0,12.96,13:20,2.16,0.2,
2015-11-10,22.4,7.3,18.0,13:00,3.96,0.4,
2015-11-10,22.4,7.3,18.0,13:00,3.96,0.4,
2015-11-11,18.2,7.2,15.12,15:00,2.88,0.0,
2015-11-11,18.2,7.2,15.12,15:00,2.88,0.0,
2015-11-12,18.8,6.6,15.12,12:10,2.88,0.0,
2015-11-12,18.8,6.6,15.12,12:10,2.88,0.0,
2015-11-13,16.4,7.9,15.84,15:40,2.16,0.0,
2015-11-13,16.4,7.9,15.84,15:40,2.16,0.0,
2015-11-14,20.2,6.3,12.96,14:30,3.96,0.0,
2015-11-14,20.2,6.3,12.96,14:30,3.96,0.0,
2015-11-15,19.9,2.2,19.08,13:00,3.96,0.2,
2015-11-15,19.9,2.2,19.08,13:00,3.96,0.2,
2015-11-16,15.4,5.8,27.0,Varias,6.84,0.0,
2015-11-16,15.4,5.8,27.0,Varias,6.84,0.0,
2015-11-17,15.4,11.8,28.08,13:20,6.84,0.0,
2015-11-17,15.4,11.8,28.08,13:20,6.84,0.0,
2015-11-18,17.5,12.0,24.12,09:10,3.96,0.0,
2015-11-18,17.5,12.0,24.12,09:10,3.96,0.0,
2015-11-19,17.3,10.9,21.96,21:20,3.96,0.0,
2015-11-19,17.3,10.9,21.96,21:20,3.96,0.0,
2015-11-20,16.2,8.0,45.0,21:20,11.16,5.1,
2015-11-20,16.2,8.0,45.0,21:20,11.16,5.1,
2015-11-21,14.0,3.1,34.92,00:30,2.88,6.4,
2015-11-21,14.0,3.1,34.92,00:30,2.88,6.4,
2015-11-22,10.0,4.1,24.12,12:50,3.96,0.0,
2015-11-22,10.0,4.1,24.12,12:50,3.96,0.0,
2015-11-23,11.6,-0.2,18.0,14:10,2.16,0.0,
2015-11-23,11.6,-0.2,18.0,14:10,2.16,0.0,
2015-11-24,9.2,5.0,19.08,14:10,2.88,2.6,
2015-11-24,9.2,5.0,19.08,14:10,2.88,2.6,
2015-11-25,14.6,6.2,24.84,13:30,3.96,0.6,
2015-11-25,14.6,6.2,24.84,13:30,3.96,0.6,
2015-11-26,12.7,7.5,10.08,20:20,2.16,4.0,
2015-11-26,12.7,7.5,10.08,20:20,2.16,4.0,
2015-11-27,13.6,9.3,16.92,23:50,2.16,0.8,
2015-11-27,13.6,9.3,16.92,23:50,2.16,0.8,
2015-11-28,11.3,0.4,20.88,01:40,2.16,0.0,
2015-11-28,11.3,0.4,20.88,01:40,2.16,0.0,
2015-11-29,12.0,-1.9,9.0,17:20,2.88,0.2,
2015-11-29,12.0,-1.9,9.0,17:20,2.88,0.2,
2015-11-30,4.6,-2.2,6.84,16:40,1.08,0.0,
2015-11-30,4.6,-2.2,6.84,16:40,1.08,0.0,
2015-12-01,10.0,-3.9,6.84,13:30,2.88,0.2,
2015-12-01,10.0,-3.9,6.84,13:30,2.88,0.2,
2015-12-02,13.3,0.8,20.88,14:10,5.04,0.0,
2015-12-02,13.3,0.8,20.88,14:10,5.04,0.0,
2015-12-03,17.5,2.9,54.0,18:20,15.12,0.4,
2015-12-03,17.5,2.9,54.0,18:20,15.12,0.4,
2015-12-04,13.7,5.9,19.08,11:20,2.16,0.2,
2015-12-04,13.7,5.9,19.08,11:20,2.16,0.2,
2015-12-05,17.8,1.7,21.96,13:30,5.04,0.2,
2015-12-05,17.8,1.7,21.96,13:30,5.04,0.2,
2015-12-06,17.8,3.8,34.92,12:00,6.84,0.0,
2015-12-06,17.8,3.8,34.92,12:00,6.84,0.0,
2015-12-07,15.8,2.5,45.0,09:50,11.16,3.2,
2015-12-07,15.8,2.5,45.0,09:50,11.16,3.2,
2015-12-08,13.6,2.1,28.08,00:20,2.88,0.2,
2015-12-08,13.6,2.1,28.08,00:20,2.88,0.2,
2015-12-09,5.7,-0.5,7.92,11:40,2.16,0.2,
2015-12-09,5.7,-0.5,7.92,11:40,2.16,0.2,
2015-12-10,11.2,-0.4,9.0,10:20,2.88,0.2,
2015-12-10,11.2,-0.4,9.0,10:20,2.88,0.2,
2015-12-11,5.2,-0.1,9.0,16:50,1.08,0.2,
2015-12-11,5.2,-0.1,9.0,16:50,1.08,0.2,
2015-12-12,13.6,-1.8,19.08,15:10,2.88,0.2,
2015-12-12,13.6,-1.8,19.08,15:10,2.88,0.2,
2015-12-15,16.8,13.0,51.12,14:00,15.84,0.2,
2015-12-15,16.8,13.0,51.12,14:00,15.84,0.2,
2015-12-16,17.9,14.4,41.04,00:30,9.0,0.0,
2015-12-16,17.9,14.4,41.04,00:30,9.0,0.0,
2015-12-17,18.3,12.1,43.92,14:00,14.04,3.6,
2015-12-17,18.3,12.1,43.92,14:00,14.04,3.6,
2015-12-18,17.2,12.5,38.16,22:40,9.0,0.0,
2015-12-18,17.2,12.5,38.16,22:40,9.0,0.0,
2015-12-19,18.9,11.5,59.04,12:40,15.84,5.2,
2015-12-19,18.9,11.5,59.04,12:40,15.84,5.2,
2015-12-20,12.8,6.5,36.0,13:40,10.08,0.6,
2015-12-20,12.8,6.5,36.0,13:40,10.08,0.6,
2015-12-21,13.0,6.3,37.08,13:10,10.08,0.0,
2015-12-21,13.0,6.3,37.08,13:10,10.08,0.0,
2015-12-22,12.4,7.5,47.88,16:40,12.96,1.6,
2015-12-22,12.4,7.5,47.88,16:40,12.96,1.6,
2015-12-23,12.6,9.1,25.92,Varias,6.84,0.6,
2015-12-23,12.6,9.1,25.92,Varias,6.84,0.6,
2015-12-24,14.2,10.1,42.84,04:10,12.96,0.0,
2015-12-24,14.2,10.1,42.84,04:10,12.96,0.0,
2015-12-25,14.9,10.8,36.0,03:40,11.88,0.0,
2015-12-25,14.9,10.8,36.0,03:40,11.88,0.0,
2015-12-26,15.4,6.9,33.12,Varias,10.08,0.0,
2015-12-26,15.4,6.9,33.12,Varias,10.08,0.0,
2015-12-27,17.6,4.0,38.88,22:40,6.84,0.0,
2015-12-27,17.6,4.0,38.88,22:40,6.84,0.0,
2015-12-28,14.0,7.2,65.16,10:40,16.92,22.6,
2015-12-28,14.0,7.2,65.16,10:40,16.92,22.6,
2015-12-29,12.4,6.9,38.88,21:00,11.88,0.2,
2015-12-29,12.4,6.9,38.88,21:00,11.88,0.2,
2015-12-30,13.9,5.7,73.08,11:40,18.0,8.0,
2015-12-30,13.9,5.7,73.08,11:40,18.0,8.0,
2015-12-31,11.0,5.3,29.16,13:00,9.0,0.4,
2015-12-31,11.0,5.3,29.16,13:00,9.0,0.4,
2016-01-01,12.1,6.5,64.08,13:30,11.88,5.6,
2016-01-01,12.1,6.5,64.08,13:30,11.88,5.6,
2016-01-02,11.1,4.8,37.08,23:10,11.88,0.0,
2016-01-02,11.1,4.8,37.08,23:10,11.88,0.0,
2016-01-03,13.4,8.6,52.92,07:50,19.08,19.2,
2016-01-03,13.4,8.6,52.92,07:50,19.08,19.2,
2016-01-04,9.7,5.2,33.84,02:10,12.96,9.0,
2016-01-04,9.7,5.2,33.84,02:10,12.96,9.0,
2016-01-05,5.8,3.1,41.04,15:20,12.96,12.0,
2016-01-05,5.8,3.1,41.04,15:20,12.96,12.0,
2016-01-06,11.5,4.0,51.12,20:00,16.92,10.0,
2016-01-06,11.5,4.0,51.12,20:00,16.92,10.0,
2016-01-07,13.5,11.1,56.16,00:40,18.0,39.0,
2016-01-07,13.5,11.1,56.16,00:40,18.0,39.0,
2016-01-08,13.3,6.0,47.88,02:30,5.04,23.8,
2016-01-08,13.3,6.0,47.88,02:30,5.04,23.8,
2016-01-09,9.8,6.0,65.88,15:10,15.84,21.4,
2016-01-09,9.8,6.0,65.88,15:10,15.84,21.4,
2016-01-10,8.5,6.8,50.04,10:20,11.88,33.0,
2016-01-10,8.5,6.8,50.04,10:20,11.88,33.0,
2016-01-11,9.0,4.8,65.88,00:30,18.0,2.0,
2016-01-11,9.0,4.8,65.88,00:30,18.0,2.0,
2016-01-12,8.3,1.1,25.92,02:30,6.84,0.6,
2016-01-12,8.3,1.1,25.92,02:30,6.84,0.6,
2016-01-13,9.9,0.6,47.16,21:20,12.96,38.6,
2016-01-13,9.9,0.6,47.16,21:20,12.96,38.6,
2016-01-14,10.7,2.3,30.96,00:30,5.04,1.0,
2016-01-14,10.7,2.3,30.96,00:30,5.04,1.0,
2016-01-15,7.6,-0.1,36.0,15:10,6.84,0.8,
2016-01-15,7.6,-0.1,36.0,15:10,6.84,0.8,
2016-01-16,11.6,-2.7,11.88,17:30,3.96,0.0,
2016-01-16,11.6,-2.7,11.88,17:30,3.96,0.0,
2016-01-18,9.5,5.0,43.92,06:40,11.88,1.2,
2016-01-18,9.5,5.0,43.92,06:40,11.88,1.2,
2016-01-19,10.6,3.8,25.92,12:30,6.84,0.0,
2016-01-19,10.6,3.8,25.92,12:30,6.84,0.0,
2016-01-20,13.2,0.5,28.08,Varias,7.92,0.0,
2016-01-20,13.2,0.5,28.08,Varias,7.92,0.0,
2016-01-21,15.7,9.0,36.0,12:30,7.92,2.2,
2016-01-21,15.7,9.0,36.0,12:30,7.92,2.2,
2016-01-22,15.3,12.1,37.08,07:40,10.08,0.8,
2016-01-22,15.3,12.1,37.08,07:40,10.08,0.8,
2016-01-23,18.1,7.7,25.92,13:40,6.84,0.2,
2016-01-23,18.1,7.7,25.92,13:40,6.84,0.2,
2016-01-24,20.3,4.4,46.08,14:10,10.08,0.0,
2016-01-24,20.3,4.4,46.08,14:10,10.08,0.0,
2016-01-25,14.7,8.0,42.12,02:40,9.0,4.2,
2016-01-25,14.7,8.0,42.12,02:40,9.0,4.2,
2016-01-26,13.1,4.6,33.12,14:10,11.16,0.0,
2016-01-26,13.1,4.6,33.12,14:10,11.16,0.0,
2016-01-27,12.7,7.4,46.08,13:00,15.84,4.2,
2016-01-27,12.7,7.4,46.08,13:00,15.84,4.2,
2016-01-28,11.1,5.1,29.16,00:20,6.84,5.6,
2016-01-28,11.1,5.1,29.16,00:20,6.84,5.6,
2016-01-29,11.5,-0.9,16.92,15:30,2.88,0.0,
2016-01-29,11.5,-0.9,16.92,15:30,2.88,0.0,
2016-01-30,8.9,3.5,32.04,21:10,12.96,4.0,
2016-01-30,8.9,3.5,32.04,21:10,12.96,4.0,
2016-01-31,13.4,8.8,29.88,00:50,10.08,0.2,
2016-01-31,13.4,8.8,29.88,00:50,10.08,0.2,
2016-02-01,11.7,8.3,16.92,03:10,3.96,0.0,
2016-02-01,11.7,8.3,16.92,03:10,3.96,0.0,
2016-02-02,11.2,8.2,16.92,20:40,3.96,0.8,
2016-02-02,11.2,8.2,16.92,20:40,3.96,0.8,
2016-02-03,10.6,0.3,29.88,13:00,7.92,0.0,
2016-02-03,10.6,0.3,29.88,13:00,7.92,0.0,
2016-02-04,13.2,-0.7,14.04,Varias,2.88,0.0,
2016-02-04,13.2,-0.7,14.04,Varias,2.88,0.0,
2016-02-05,15.1,-2.4,29.16,15:40,6.12,0.0,
2016-02-05,15.1,-2.4,29.16,15:40,6.12,0.0,
2016-02-06,11.4,2.8,68.04,12:30,19.08,20.4,
2016-02-06,11.4,2.8,68.04,12:30,19.08,20.4,
2016-02-07,9.5,3.1,45.0,13:30,16.92,1.0,
2016-02-07,9.5,3.1,45.0,13:30,16.92,1.0,
2016-02-08,12.9,8.6,56.16,19:40,16.92,5.0,
2016-02-08,12.9,8.6,56.16,19:40,16.92,5.0,
2016-02-09,11.7,7.4,60.84,10:00,23.04,14.8,
2016-02-09,11.7,7.4,60.84,10:00,23.04,14.8,
2016-02-10,12.6,7.5,42.84,14:10,12.96,17.8,
2016-02-10,12.6,7.5,42.84,14:10,12.96,17.8,
2016-02-11,13.8,7.4,38.88,15:30,9.0,15.0,
2016-02-11,13.8,7.4,38.88,15:30,9.0,15.0,
2016-02-12,13.5,9.8,39.96,03:10,15.12,12.4,
2016-02-12,13.5,9.8,39.96,03:10,15.12,12.4,
2016-02-13,13.3,6.8,59.04,18:10,15.84,15.6,
2016-02-13,13.3,6.8,59.04,18:10,15.84,15.6,
2016-02-14,6.9,2.2,63.0,04:40,10.08,22.6,
2016-02-14,6.9,2.2,63.0,04:40,10.08,22.6,
2016-02-15,7.6,1.2,56.16,12:00,10.08,3.8,
2016-02-15,7.6,1.2,56.16,12:00,10.08,3.8,
2016-02-16,9.3,-1.4,27.0,12:30,6.12,0.2,
2016-02-16,9.3,-1.4,27.0,12:30,6.12,0.2,
2016-02-17,6.7,-1.8,30.96,11:30,10.08,7.2,
2016-02-17,6.7,-1.8,30.96,11:30,10.08,7.2,
2016-02-18,9.3,-0.6,24.12,15:00,3.96,0.6,
2016-02-18,9.3,-0.6,24.12,15:00,3.96,0.6,
2016-02-19,10.5,-1.7,21.96,13:30,3.96,0.2,
2016-02-19,10.5,-1.7,21.96,13:30,3.96,0.2,
2016-02-20,16.2,5.6,24.12,19:40,2.88,0.0,
2016-02-20,16.2,5.6,24.12,19:40,2.88,0.0,
2016-02-21,17.0,4.8,15.12,17:10,2.88,0.0,
2016-02-21,17.0,4.8,15.12,17:10,2.88,0.0,
2016-02-22,11.0,1.1,16.92,11:50,3.96,0.6,
2016-02-22,11.0,1.1,16.92,11:50,3.96,0.6,
2016-02-23,10.2,6.8,28.08,22:50,9.0,0.0,
2016-02-23,10.2,6.8,28.08,22:50,9.0,0.0,
2016-02-24,10.1,6.6,33.12,00:10,7.92,12.0,
2016-02-24,10.1,6.6,33.12,00:10,7.92,12.0,
2016-02-25,10.6,6.2,20.88,Varias,3.96,8.0,
2016-02-25,10.6,6.2,20.88,Varias,3.96,8.0,
2016-02-26,7.2,0.8,38.88,15:20,9.0,18.4,
2016-02-26,7.2,0.8,38.88,15:20,9.0,18.4,
2016-02-27,6.9,0.4,28.08,13:00,6.12,8.2,
2016-02-27,6.9,0.4,28.08,13:00,6.12,8.2,
2016-02-28,6.0,3.5,23.04,17:00,5.04,2.4,
2016-02-28,6.0,3.5,23.04,17:00,5.04,2.4,
2016-02-29,10.2,-0.3,38.88,12:00,6.84,0.0,
2016-02-29,10.2,-0.3,38.88,12:00,6.84,0.0,
2016-03-01,16.0,-2.4,24.12,20:40,5.04,0.2,
2016-03-01,16.0,-2.4,24.12,20:40,5.04,0.2,
2016-03-02,11.6,6.1,27.0,13:50,7.92,0.0,
2016-03-02,11.6,6.1,27.0,13:50,7.92,0.0,
2016-03-03,9.2,5.6,28.08,21:50,6.84,1.0,
2016-03-03,9.2,5.6,28.08,21:50,6.84,1.0,
2016-03-04,9.9,2.7,55.08,09:50,14.04,13.0,
2016-03-04,9.9,2.7,55.08,09:50,14.04,13.0,
2016-03-05,9.3,2.7,36.0,14:40,7.92,6.0,
2016-03-05,9.3,2.7,36.0,14:40,7.92,6.0,
2016-03-06,9.5,2.6,28.08,14:20,7.92,11.2,
2016-03-06,9.5,2.6,28.08,14:20,7.92,11.2,
2016-03-07,10.1,2.7,37.08,01:30,10.08,5.8,
2016-03-07,10.1,2.7,37.08,01:30,10.08,5.8,
2016-03-08,10.8,3.3,19.08,12:10,3.96,4.0,
2016-03-08,10.8,3.3,19.08,12:10,3.96,4.0,
2016-03-09,10.7,4.1,36.0,10:10,10.08,3.6,
2016-03-09,10.7,4.1,36.0,10:10,10.08,3.6,
2016-03-10,10.6,2.2,32.04,13:10,6.84,0.4,
2016-03-10,10.6,2.2,32.04,13:10,6.84,0.4,
2016-03-11,12.4,1.1,32.04,17:10,9.0,0.2,
2016-03-11,12.4,1.1,32.04,17:10,9.0,0.2,
2016-03-12,14.2,-1.6,29.16,15:10,6.12,0.0,
2016-03-12,14.2,-1.6,29.16,15:10,6.12,0.0,
2016-03-13,14.8,-1.1,29.88,14:30,7.92,0.0,
2016-03-13,14.8,-1.1,29.88,14:30,7.92,0.0,
2016-03-14,14.9,-1.3,24.12,00:20,6.12,0.0,
2016-03-14,14.9,-1.3,24.12,00:20,6.12,0.0,
2016-03-15,16.9,-1.7,27.0,16:10,3.96,0.0,
2016-03-15,16.9,-1.7,27.0,16:10,3.96,0.0,
2016-03-16,15.2,-1.6,30.96,16:20,6.84,0.0,
2016-03-16,15.2,-1.6,30.96,16:20,6.84,0.0,
2016-03-17,12.6,-1.6,29.16,11:00,7.92,0.0,
2016-03-17,12.6,-1.6,29.16,11:00,7.92,0.0,
2016-03-18,10.3,-0.8,15.12,11:00,2.88,7.0,
2016-03-18,10.3,-0.8,15.12,11:00,2.88,7.0,
2016-03-19,14.3,4.8,27.0,16:00,5.04,1.8,
2016-03-19,14.3,4.8,27.0,16:00,5.04,1.8,
2016-03-20,9.9,5.4,24.12,16:50,3.96,3.0,
2016-03-20,9.9,5.4,24.12,16:50,3.96,3.0,
2016-03-21,13.8,6.8,43.92,15:30,11.16,0.0,
2016-03-21,13.8,6.8,43.92,15:30,11.16,0.0,
2016-03-22,13.4,4.1,30.96,12:00,10.08,0.0,
2016-03-22,13.4,4.1,30.96,12:00,10.08,0.0,
2016-03-23,11.3,0.6,34.92,10:10,10.08,0.0,
2016-03-23,11.3,0.6,34.92,10:10,10.08,0.0,
2016-03-24,18.0,-1.4,23.04,16:30,5.04,0.0,
2016-03-24,18.0,-1.4,23.04,16:30,5.04,0.0,
2016-03-25,14.7,4.5,37.08,23:20,7.92,3.4,
2016-03-25,14.7,4.5,37.08,23:20,7.92,3.4,
2016-03-26,15.0,5.9,59.04,12:50,20.88,8.4,
2016-03-26,15.0,5.9,59.04,12:50,20.88,8.4,
2016-03-27,13.2,4.6,64.08,18:50,23.04,11.0,
2016-03-27,13.2,4.6,64.08,18:50,23.04,11.0,
2016-03-28,15.6,8.6,51.84,00:20,18.0,9.2,
2016-03-28,15.6,8.6,51.84,00:20,18.0,9.2,
2016-03-29,13.8,9.1,37.08,15:10,11.88,2.2,
2016-03-29,13.8,9.1,37.08,15:10,11.88,2.2,
2016-03-30,15.6,2.4,46.08,10:40,9.0,21.4,
2016-03-30,15.6,2.4,46.08,10:40,9.0,21.4,
2016-03-31,11.2,0.5,33.12,12:00,7.92,3.6,
2016-03-31,11.2,0.5,33.12,12:00,7.92,3.6,
2016-04-01,15.9,-1.7,23.04,11:10,2.16,0.0,
2016-04-01,15.9,-1.7,23.04,11:10,2.16,0.0,
2016-04-02,14.2,4.9,59.04,23:20,9.0,15.0,
2016-04-02,14.2,4.9,59.04,23:20,9.0,15.0,
2016-04-03,9.8,5.5,65.88,13:50,16.92,10.0,
2016-04-03,9.8,5.5,65.88,13:50,16.92,10.0,
2016-04-04,11.9,5.9,28.08,16:20,7.92,5.4,
2016-04-04,11.9,5.9,28.08,16:20,7.92,5.4,
2016-04-05,13.2,2.7,23.04,13:50,6.84,0.0,
2016-04-05,13.2,2.7,23.04,13:50,6.84,0.0,
2016-04-06,18.6,0.8,34.92,16:00,7.92,0.0,
2016-04-06,18.6,0.8,34.92,16:00,7.92,0.0,
2016-04-07,11.3,4.8,28.08,13:40,6.12,0.0,
2016-04-07,11.3,4.8,28.08,13:40,6.12,0.0,
2016-04-08,11.9,0.5,20.88,14:30,5.04,1.4,
2016-04-08,11.9,0.5,20.88,14:30,5.04,1.4,
2016-04-09,12.2,6.2,32.04,23:50,6.12,0.8,
2016-04-09,12.2,6.2,32.04,23:50,6.12,0.8,
2016-04-10,8.7,3.4,56.88,08:40,15.12,12.6,
2016-04-10,8.7,3.4,56.88,08:40,15.12,12.6,
2016-04-11,13.3,2.6,47.88,12:40,11.88,0.8,
2016-04-11,13.3,2.6,47.88,12:40,11.88,0.8,
2016-04-12,14.2,6.4,52.92,13:10,15.84,7.8,
2016-04-12,14.2,6.4,52.92,13:10,15.84,7.8,
2016-04-13,14.4,4.2,63.0,16:00,16.92,7.6,
2016-04-13,14.4,4.2,63.0,16:00,16.92,7.6,
2016-04-14,15.4,6.5,47.88,03:00,16.92,2.2,
2016-04-14,15.4,6.5,47.88,03:00,16.92,2.2,
2016-04-15,12.2,6.3,28.08,21:50,5.04,22.6,
2016-04-15,12.2,6.3,28.08,21:50,5.04,22.6,
2016-04-16,10.4,7.3,27.0,05:30,7.92,10.2,
2016-04-16,10.4,7.3,27.0,05:30,7.92,10.2,
2016-04-17,12.2,3.5,30.96,16:00,9.0,0.0,
2016-04-17,12.2,3.5,30.96,16:00,9.0,0.0,
2016-04-18,18.5,0.3,30.96,14:50,7.92,3.4,
2016-04-18,18.5,0.3,30.96,14:50,7.92,3.4,
2016-04-19,17.2,9.1,19.08,23:20,5.04,9.6,
2016-04-19,17.2,9.1,19.08,23:20,5.04,9.6,
2016-04-20,20.6,7.3,27.0,Varias,10.08,0.0,
2016-04-20,20.6,7.3,27.0,Varias,10.08,0.0,
2016-04-21,16.1,7.4,33.84,14:10,6.12,2.6,
2016-04-21,16.1,7.4,33.84,14:10,6.12,2.6,
2016-04-22,16.5,7.1,29.16,17:30,6.84,1.2,
2016-04-22,16.5,7.1,29.16,17:30,6.84,1.2,
2016-04-23,16.2,4.7,21.96,16:50,5.04,3.6,
2016-04-23,16.2,4.7,21.96,16:50,5.04,3.6,
2016-04-24,16.6,3.0,38.88,18:30,9.0,0.2,
2016-04-24,16.6,3.0,38.88,18:30,9.0,0.2,
2016-04-25,18.5,3.2,27.0,15:10,9.0,0.0,
2016-04-25,18.5,3.2,27.0,15:10,9.0,0.0,
2016-04-26,17.3,4.2,28.08,13:40,10.08,0.0,
2016-04-26,17.3,4.2,28.08,13:40,10.08,0.0,
2016-04-27,12.3,1.4,27.0,Varias,6.12,0.0,
2016-04-27,12.3,1.4,27.0,Varias,6.12,0.0,
2016-04-28,14.6,2.3,39.96,10:10,11.16,0.0,
2016-04-28,14.6,2.3,39.96,10:10,11.16,0.0,
2016-04-29,15.4,0.3,32.04,18:20,6.12,0.0,
2016-04-29,15.4,0.3,32.04,18:20,6.12,0.0,
2016-04-30,14.4,3.3,36.0,14:10,11.16,0.0,
2016-04-30,14.4,3.3,36.0,14:10,11.16,0.0,
2016-05-01,18.1,-0.6,32.04,15:00,6.84,0.0,
2016-05-01,18.1,-0.6,32.04,15:00,6.84,0.0,
2016-05-02,21.6,1.3,33.12,17:50,6.12,0.0,
2016-05-02,21.6,1.3,33.12,17:50,6.12,0.0,
2016-05-03,19.7,1.6,29.16,15:30,6.84,0.0,
2016-05-03,19.7,1.6,29.16,15:30,6.84,0.0,
2016-05-04,29.4,6.3,24.12,17:30,3.96,0.0,
2016-05-04,29.4,6.3,24.12,17:30,3.96,0.0,
2016-05-05,21.7,9.6,25.92,14:20,6.12,5.0,
2016-05-05,21.7,9.6,25.92,14:20,6.12,5.0,
2016-05-06,14.7,11.1,18.0,11:00,2.88,16.2,
2016-05-06,14.7,11.1,18.0,11:00,2.88,16.2,
2016-05-07,16.9,9.4,34.92,12:40,7.92,10.0,
2016-05-07,16.9,9.4,34.92,12:40,7.92,10.0,
2016-05-08,18.2,9.0,46.08,13:20,9.0,7.0,
2016-05-08,18.2,9.0,46.08,13:20,9.0,7.0,
2016-05-09,17.4,9.8,37.08,11:00,6.84,5.2,
2016-05-09,17.4,9.8,37.08,11:00,6.84,5.2,
2016-05-10,17.2,5.5,25.92,10:10,2.88,6.4,
2016-05-10,17.2,5.5,25.92,10:10,2.88,6.4,
2016-05-11,19.2,5.6,32.04,16:20,6.12,14.2,
2016-05-11,19.2,5.6,32.04,16:20,6.12,14.2,
2016-05-12,14.9,8.3,20.88,Varias,6.12,4.2,
2016-05-12,14.9,8.3,20.88,Varias,6.12,4.2,
2016-05-13,13.3,9.4,25.92,Varias,9.0,1.6,
2016-05-13,13.3,9.4,25.92,Varias,9.0,1.6,
2016-05-14,14.1,10.6,18.0,Varias,6.12,0.0,
2016-05-14,14.1,10.6,18.0,Varias,6.12,0.0,
2016-05-15,18.7,11.0,27.0,Varias,6.12,0.0,
2016-05-15,18.7,11.0,27.0,Varias,6.12,0.0,
2016-05-16,20.9,9.6,27.0,17:30,7.92,0.0,
2016-05-16,20.9,9.6,27.0,17:30,7.92,0.0,
2016-06-01,21.1,4.6,33.84,15:20,9.0,0.0,
2016-06-01,21.1,4.6,33.84,15:20,9.0,0.0,
2016-06-02,24.6,5.3,24.12,14:30,2.88,0.0,
2016-06-02,24.6,5.3,24.12,14:30,2.88,0.0,
2016-06-03,26.6,10.8,24.84,18:00,7.92,0.0,
2016-06-03,26.6,10.8,24.84,18:00,7.92,0.0,
2016-06-04,21.9,10.1,15.84,18:40,5.04,0.0,
2016-06-04,21.9,10.1,15.84,18:40,5.04,0.0,
2016-06-05,23.0,10.0,21.96,18:40,2.88,0.8,
2016-06-05,23.0,10.0,21.96,18:40,2.88,0.8,
2016-06-06,23.6,12.6,24.12,12:30,6.84,0.0,
2016-06-06,23.6,12.6,24.12,12:30,6.84,0.0,
2016-06-07,25.3,11.6,24.84,14:20,5.04,0.0,
2016-06-07,25.3,11.6,24.84,14:20,5.04,0.0,
2016-06-08,30.6,12.4,24.12,12:30,6.12,0.0,
2016-06-08,30.6,12.4,24.12,12:30,6.12,0.0,
2016-06-09,25.5,13.0,21.96,18:30,2.88,0.4,
2016-06-09,25.5,13.0,21.96,18:30,2.88,0.4,
2016-06-10,19.8,9.3,21.96,09:20,6.12,0.0,
2016-06-10,19.8,9.3,21.96,09:20,6.12,0.0,
2016-06-11,24.0,8.3,28.08,16:50,6.12,0.0,
2016-06-11,24.0,8.3,28.08,16:50,6.12,0.0,
2016-06-12,20.8,15.2,33.12,18:10,10.08,0.8,
2016-06-12,20.8,15.2,33.12,18:10,10.08,0.8,
2016-06-13,21.3,13.0,38.88,11:50,11.16,0.2,
2016-06-13,21.3,13.0,38.88,11:50,11.16,0.2,
2016-06-14,18.1,12.0,47.16,15:40,10.08,2.2,
2016-06-14,18.1,12.0,47.16,15:40,10.08,2.2,
2016-06-15,14.2,9.9,38.16,09:10,10.08,26.8,
2016-06-15,14.2,9.9,38.16,09:10,10.08,26.8,
2016-06-16,16.5,9.8,33.12,10:50,6.84,3.8,
2016-06-16,16.5,9.8,33.12,10:50,6.84,3.8,
2016-06-17,16.6,10.9,28.08,14:00,9.0,0.8,
2016-06-17,16.6,10.9,28.08,14:00,9.0,0.8,
2016-06-18,18.2,8.7,24.12,16:50,2.88,0.2,
2016-06-18,18.2,8.7,24.12,16:50,2.88,0.2,
2016-06-19,24.5,7.6,20.88,13:20,5.04,0.0,
2016-06-19,24.5,7.6,20.88,13:20,5.04,0.0,
2016-06-20,28.3,10.9,21.96,17:00,5.04,0.0,
2016-06-20,28.3,10.9,21.96,17:00,5.04,0.0,
2016-06-21,28.8,11.3,23.04,14:10,5.04,0.0,
2016-06-21,28.8,11.3,23.04,14:10,5.04,0.0,
2016-06-22,29.7,13.7,30.96,16:30,3.96,1.0,
2016-06-22,29.7,13.7,30.96,16:30,3.96,1.0,
2016-06-23,25.3,15.9,24.12,13:20,6.12,0.0,
2016-06-23,25.3,15.9,24.12,13:20,6.12,0.0,
2016-06-24,18.5,13.0,32.04,16:50,10.08,0.0,
2016-06-24,18.5,13.0,32.04,16:50,10.08,0.0,
2016-06-25,18.1,12.0,38.88,19:00,11.16,0.0,
2016-06-25,18.1,12.0,38.88,19:00,11.16,0.0,
2016-06-26,19.8,11.1,42.84,09:40,14.04,0.0,
2016-06-26,19.8,11.1,42.84,09:40,14.04,0.0,
2016-06-27,24.0,9.7,29.88,15:50,9.0,0.0,
2016-06-27,24.0,9.7,29.88,15:50,9.0,0.0,
2016-06-28,23.4,11.7,29.88,16:40,9.0,0.0,
2016-06-28,23.4,11.7,29.88,16:40,9.0,0.0,
2016-06-29,25.4,12.3,21.96,16:40,5.04,0.0,
2016-06-29,25.4,12.3,21.96,16:40,5.04,0.0,
2016-06-30,25.0,9.7,23.04,17:00,5.04,0.0,
2016-06-30,25.0,9.7,23.04,17:00,5.04,0.0,
2016-07-01,23.2,14.8,20.88,16:50,5.04,0.0,
2016-07-01,23.2,14.8,20.88,16:50,5.04,0.0,
2016-07-02,21.4,12.2,30.96,17:10,6.84,0.0,
2016-07-02,21.4,12.2,30.96,17:10,6.84,0.0,
2016-07-03,25.2,10.3,34.92,18:00,11.16,0.0,
2016-07-03,25.2,10.3,34.92,18:00,11.16,0.0,
2016-07-04,19.7,14.9,34.92,19:20,15.12,0.0,
2016-07-04,19.7,14.9,34.92,19:20,15.12,0.0,
2016-07-05,20.1,15.5,36.0,10:50,12.96,0.0,
2016-07-05,20.1,15.5,36.0,10:50,12.96,0.0,
2016-07-06,27.8,15.3,27.0,16:20,5.04,4.4,
2016-07-06,27.8,15.3,27.0,16:20,5.04,4.4,
2016-07-07,30.3,14.4,25.92,14:40,3.96,0.2,
2016-07-07,30.3,14.4,25.92,14:40,3.96,0.2,
2016-07-08,28.7,14.8,30.96,17:40,6.12,0.0,
2016-07-08,28.7,14.8,30.96,17:40,6.12,0.0,
2016-07-09,31.5,14.3,24.12,16:30,3.96,0.0,
2016-07-09,31.5,14.3,24.12,16:30,3.96,0.0,
2016-07-10,27.9,12.5,27.0,15:00,6.12,0.0,
2016-07-10,27.9,12.5,27.0,15:00,6.12,0.0,
2016-07-11,22.8,12.2,19.08,15:00,3.96,0.0,
2016-07-11,22.8,12.2,19.08,15:00,3.96,0.0,
2016-07-12,21.1,8.5,0.0,,0.0,0.0,
2016-07-12,21.1,8.5,0.0,,0.0,0.0,
2016-07-13,20.2,6.7,0.0,,10.08,0.0,
2016-07-13,20.2,6.7,0.0,,10.08,0.0,
2016-07-14,22.8,6.8,0.0,,0.0,0.0,
2016-07-14,22.8,6.8,0.0,,0.0,0.0,
2016-07-15,25.6,9.8,29.88,13:30,6.12,0.0,
2016-07-15,25.6,9.8,29.88,13:30,6.12,0.0,
2016-07-16,30.8,9.2,20.16,Varias,3.96,0.0,
2016-07-16,30.8,9.2,20.16,Varias,3.96,0.0,
2016-07-17,35.3,11.1,21.96,17:10,5.04,0.0,
2016-07-17,35.3,11.1,21.96,17:10,5.04,0.0,
2016-07-18,38.4,14.6,20.88,14:50,2.88,0.0,
2016-07-18,38.4,14.6,20.88,14:50,2.88,0.0,
2016-07-19,33.6,15.9,33.84,12:00,9.0,0.0,
2016-07-19,33.6,15.9,33.84,12:00,9.0,0.0,
2016-07-20,24.6,13.4,24.12,13:00,6.12,0.0,
2016-07-20,24.6,13.4,24.12,13:00,6.12,0.0,
2016-07-21,25.9,11.1,20.16,14:10,2.88,0.8,
2016-07-21,25.9,11.1,20.16,14:10,2.88,0.8,
2016-07-22,23.2,14.3,29.88,14:30,7.92,0.0,
2016-07-22,23.2,14.3,29.88,14:30,7.92,0.0,
2016-07-23,24.8,14.1,36.0,16:00,7.92,0.0,
2016-07-23,24.8,14.1,36.0,16:00,7.92,0.0,
2016-07-24,28.0,12.1,32.04,17:10,9.0,0.0,
2016-07-24,28.0,12.1,32.04,17:10,9.0,0.0,
2016-07-25,23.5,15.4,36.0,16:00,10.08,0.0,
2016-07-25,23.5,15.4,36.0,16:00,10.08,0.0,
2016-07-26,23.4,16.3,36.0,16:50,15.12,0.0,
2016-07-26,23.4,16.3,36.0,16:50,15.12,0.0,
2016-07-27,23.8,14.3,33.84,13:50,10.08,0.0,
2016-07-27,23.8,14.3,33.84,13:50,10.08,0.0,
2016-07-28,25.9,14.1,30.96,14:20,11.16,0.0,
2016-07-28,25.9,14.1,30.96,14:20,11.16,0.0,
2016-07-29,22.9,16.1,29.88,18:10,9.0,0.0,
2016-07-29,22.9,16.1,29.88,18:10,9.0,0.0,
2016-07-30,23.5,15.6,28.08,13:10,6.84,0.0,
2016-07-30,23.5,15.6,28.08,13:10,6.84,0.0,
2016-07-31,21.1,12.6,29.16,16:00,9.0,0.0,
2016-07-31,21.1,12.6,29.16,16:00,9.0,0.0,
2016-08-01,25.1,9.7,27.0,10:00,6.84,0.0,
2016-08-01,25.1,9.7,27.0,10:00,6.84,0.0,
2016-08-02,28.5,10.5,30.96,15:30,6.12,0.0,
2016-08-02,28.5,10.5,30.96,15:30,6.12,0.0,
2016-08-03,29.8,10.7,27.0,15:40,3.96,0.0,
2016-08-03,29.8,10.7,27.0,15:40,3.96,0.0,
2016-08-04,25.9,11.1,36.0,10:50,10.08,0.6,
2016-08-04,25.9,11.1,36.0,10:50,10.08,0.6,
2016-08-05,25.9,10.1,37.08,15:20,6.12,0.0,
2016-08-05,25.9,10.1,37.08,15:20,6.12,0.0,
2016-08-06,28.7,9.9,29.88,14:20,7.92,0.0,
2016-08-06,28.7,9.9,29.88,14:20,7.92,0.0,
2016-08-07,31.3,11.8,33.12,Varias,10.08,0.0,
2016-08-07,31.3,11.8,33.12,Varias,10.08,0.0,
2016-08-08,26.5,15.1,33.12,11:40,7.92,0.0,
2016-08-08,26.5,15.1,33.12,11:40,7.92,0.0,
2016-08-09,20.5,13.0,51.84,12:30,18.0,0.0,
2016-08-09,20.5,13.0,51.84,12:30,18.0,0.0,
2016-08-10,22.2,11.2,51.84,11:10,12.96,0.0,
2016-08-10,22.2,11.2,51.84,11:10,12.96,0.0,
2016-08-11,24.9,9.1,36.0,17:00,10.08,0.0,
2016-08-11,24.9,9.1,36.0,17:00,10.08,0.0,
2016-08-12,33.9,8.2,30.96,17:10,6.12,0.0,
2016-08-12,33.9,8.2,30.96,17:10,6.12,0.0,
2016-08-13,32.8,11.0,19.08,13:50,3.96,0.0,
2016-08-13,32.8,11.0,19.08,13:50,3.96,0.0,
2016-08-14,32.7,11.8,42.12,23:59,3.96,0.0,
2016-08-14,32.7,11.8,42.12,23:59,3.96,0.0,
2016-08-15,34.1,14.8,42.12,00:00,6.12,0.0,
2016-08-15,34.1,14.8,42.12,00:00,6.12,0.0,
2016-08-16,29.4,13.5,27.0,17:40,6.84,0.0,
2016-08-16,29.4,13.5,27.0,17:40,6.84,0.0,
2016-08-17,22.7,11.6,21.96,15:50,6.12,0.2,
2016-08-17,22.7,11.6,21.96,15:50,6.12,0.2,
2016-08-18,29.1,8.7,24.84,15:10,6.84,0.0,
2016-08-18,29.1,8.7,24.84,15:10,6.84,0.0,
2016-08-19,24.8,11.1,24.12,Varias,6.84,4.4,
2016-08-19,24.8,11.1,24.12,Varias,6.84,4.4,
2016-08-20,23.8,9.4,24.12,16:10,3.96,0.0,
2016-08-20,23.8,9.4,24.12,16:10,3.96,0.0,
2016-08-21,26.4,6.2,25.92,16:50,5.04,0.0,
2016-08-21,26.4,6.2,25.92,16:50,5.04,0.0,
2016-08-22,36.0,9.6,27.0,17:40,5.04,0.0,
2016-08-22,36.0,9.6,27.0,17:40,5.04,0.0,
2016-08-23,33.9,12.0,32.04,17:20,6.12,0.0,
2016-08-23,33.9,12.0,32.04,17:20,6.12,0.0,
2016-08-24,25.7,14.1,19.08,11:00,6.84,4.2,
2016-08-24,25.7,14.1,19.08,11:00,6.84,4.2,
2016-08-25,29.9,15.4,25.92,16:20,6.12,0.0,
2016-08-25,29.9,15.4,25.92,16:20,6.12,0.0,
2016-08-26,26.7,16.4,27.0,02:00,9.0,0.0,
2016-08-26,26.7,16.4,27.0,02:00,9.0,0.0,
2016-08-27,29.8,15.0,24.12,14:20,5.04,0.0,
2016-08-27,29.8,15.0,24.12,14:20,5.04,0.0,
2016-08-28,25.9,10.7,30.96,18:20,6.12,0.0,
2016-08-28,25.9,10.7,30.96,18:20,6.12,0.0,
2016-08-29,22.9,9.6,38.16,18:30,9.0,0.0,
2016-08-29,22.9,9.6,38.16,18:30,9.0,0.0,
2016-08-30,27.1,10.2,32.04,16:00,6.84,0.0,
2016-08-30,27.1,10.2,32.04,16:00,6.84,0.0,
2016-08-31,25.3,13.1,34.92,16:20,6.84,0.0,
2016-08-31,25.3,13.1,34.92,16:20,6.84,0.0,
2016-09-01,28.1,13.9,30.96,17:00,7.92,0.0,
2016-09-01,28.1,13.9,30.96,17:00,7.92,0.0,
2016-09-02,30.0,15.3,24.12,17:30,5.04,0.0,
2016-09-02,30.0,15.3,24.12,17:30,5.04,0.0,
2016-09-03,35.0,13.6,25.92,14:30,6.12,0.0,
2016-09-03,35.0,13.6,25.92,14:30,6.12,0.0,
2016-09-04,32.8,12.6,29.88,13:20,9.0,0.0,
2016-09-04,32.8,12.6,29.88,13:20,9.0,0.0,
2016-09-05,34.3,9.7,20.88,16:10,2.88,0.0,
2016-09-05,34.3,9.7,20.88,16:10,2.88,0.0,
2016-09-06,37.6,12.1,23.04,15:20,2.88,0.0,
2016-09-06,37.6,12.1,23.04,15:20,2.88,0.0,
2016-09-07,30.3,13.7,27.0,15:00,5.04,0.0,
2016-09-07,30.3,13.7,27.0,15:00,5.04,0.0,
2016-09-08,23.7,9.4,28.08,15:50,3.96,0.0,
2016-09-08,23.7,9.4,28.08,15:50,3.96,0.0,
2016-09-09,26.4,9.3,21.96,17:10,5.04,0.0,
2016-09-09,26.4,9.3,21.96,17:10,5.04,0.0,
2016-09-10,25.4,9.7,23.04,10:30,3.96,0.0,
2016-09-10,25.4,9.7,23.04,10:30,3.96,0.0,
2016-09-11,29.4,15.9,16.92,14:50,5.04,0.0,
2016-09-11,29.4,15.9,16.92,14:50,5.04,0.0,
2016-09-12,30.7,12.6,42.84,12:30,7.92,9.8,
2016-09-12,30.7,12.6,42.84,12:30,7.92,9.8,
2016-09-13,16.4,10.1,33.12,03:10,7.92,20.4,
2016-09-13,16.4,10.1,33.12,03:10,7.92,20.4,
2016-09-14,12.6,9.5,28.08,11:30,10.08,8.4,
2016-09-14,12.6,9.5,28.08,11:30,10.08,8.4,
2016-09-15,16.7,10.6,33.12,13:20,10.08,0.4,
2016-09-15,16.7,10.6,33.12,13:20,10.08,0.4,
2016-09-16,17.9,10.0,29.88,16:00,5.04,0.0,
2016-09-16,17.9,10.0,29.88,16:00,5.04,0.0,
2016-09-17,18.7,6.7,30.96,10:40,6.84,0.0,
2016-09-17,18.7,6.7,30.96,10:40,6.84,0.0,
2016-09-18,21.8,5.8,29.16,17:50,6.12,0.0,
2016-09-18,21.8,5.8,29.16,17:50,6.12,0.0,
2016-09-19,22.0,6.6,30.96,16:10,6.12,0.0,
2016-09-19,22.0,6.6,30.96,16:10,6.12,0.0,
2016-09-20,21.6,8.0,29.88,09:40,6.84,0.0,
2016-09-20,21.6,8.0,29.88,09:40,6.84,0.0,
2016-09-21,21.6,8.5,18.0,17:20,5.04,0.0,
2016-09-21,21.6,8.5,18.0,17:20,5.04,0.0,
2016-09-22,22.5,10.4,24.12,16:50,3.96,0.0,
2016-09-22,22.5,10.4,24.12,16:50,3.96,0.0,
2016-09-23,24.7,10.0,18.0,13:10,3.96,0.0,
2016-09-23,24.7,10.0,18.0,13:10,3.96,0.0,
2016-09-24,23.0,8.5,0.0,,6.12,11.4,
2016-09-24,23.0,8.5,0.0,,6.12,11.4,
2016-09-25,18.8,10.4,0.0,,0.0,0.0,
2016-09-25,18.8,10.4,0.0,,0.0,0.0,
2016-09-26,19.5,7.6,0.0,,0.0,0.4,
2016-09-26,19.5,7.6,0.0,,0.0,0.4,
2016-09-27,22.9,15.0,25.92,18:00,5.04,0.2,
2016-09-27,22.9,15.0,25.92,18:00,5.04,0.2,
2016-09-28,27.0,14.8,15.12,Varias,3.96,0.0,
2016-09-28,27.0,14.8,15.12,Varias,3.96,0.0,
2016-09-29,27.3,11.9,29.88,12:40,6.12,0.0,
2016-09-29,27.3,11.9,29.88,12:40,6.12,0.0,
2016-09-30,19.0,10.6,16.92,Varias,2.88,0.0,
2016-09-30,19.0,10.6,16.92,Varias,2.88,0.0,
2016-10-01,19.1,6.5,18.0,15:30,2.16,0.0,
2016-10-01,19.1,6.5,18.0,15:30,2.16,0.0,
2016-10-02,20.3,4.6,18.0,17:10,2.88,0.2,
2016-10-02,20.3,4.6,18.0,17:10,2.88,0.2,
2016-10-03,24.4,6.4,19.08,14:20,3.96,0.0,
2016-10-03,24.4,6.4,19.08,14:20,3.96,0.0,
2016-10-04,18.7,6.6,21.96,17:50,6.12,0.0,
2016-10-04,18.7,6.6,21.96,17:50,6.12,0.0,
2016-10-05,20.3,6.5,21.96,14:40,3.96,0.0,
2016-10-05,20.3,6.5,21.96,14:40,3.96,0.0,
2016-10-06,22.6,8.4,21.96,Varias,5.04,0.0,
2016-10-06,22.6,8.4,21.96,Varias,5.04,0.0,
2016-10-07,21.9,8.1,15.84,18:50,1.08,0.0,
2016-10-07,21.9,8.1,15.84,18:50,1.08,0.0,
2016-10-08,19.3,8.2,30.96,15:00,7.92,0.0,
2016-10-08,19.3,8.2,30.96,15:00,7.92,0.0,
2016-10-09,19.7,7.8,28.08,15:50,7.92,0.0,
2016-10-09,19.7,7.8,28.08,15:50,7.92,0.0,
2016-10-10,22.9,3.9,19.08,13:20,3.96,0.0,
2016-10-10,22.9,3.9,19.08,13:20,3.96,0.0,
2016-10-11,14.7,6.1,29.16,17:00,3.96,5.0,
2016-10-11,14.7,6.1,29.16,17:00,3.96,5.0,
2016-10-12,18.0,10.8,19.08,16:30,2.16,0.0,
2016-10-12,18.0,10.8,19.08,16:30,2.16,0.0,
2016-10-13,14.2,8.9,20.88,13:20,2.88,6.2,
2016-10-13,14.2,8.9,20.88,13:20,2.88,6.2,
2016-10-14,16.2,8.4,33.12,20:20,6.84,2.2,
2016-10-14,16.2,8.4,33.12,20:20,6.84,2.2,
2016-10-15,14.8,10.0,0.0,,0.0,15.6,
2016-10-15,14.8,10.0,0.0,,0.0,15.6,
2016-10-16,16.8,11.8,0.0,,0.0,8.4,
2016-10-16,16.8,11.8,0.0,,0.0,8.4,
2016-10-17,17.6,12.2,19.08,19:30,2.88,0.4,
2016-10-17,17.6,12.2,19.08,19:30,2.88,0.4,
2016-10-18,18.7,9.0,24.12,18:40,7.92,0.0,
2016-10-18,18.7,9.0,24.12,18:40,7.92,0.0,
2016-10-19,16.9,11.3,27.0,15:10,7.92,0.0,
2016-10-19,16.9,11.3,27.0,15:10,7.92,0.0,
2016-10-20,17.0,7.5,25.92,13:10,7.92,0.0,
2016-10-20,17.0,7.5,25.92,13:10,7.92,0.0,
2016-10-21,19.6,5.5,16.92,15:20,3.96,0.0,
2016-10-21,19.6,5.5,16.92,15:20,3.96,0.0,
2016-10-22,18.0,7.6,28.08,20:40,3.96,7.8,
2016-10-22,18.0,7.6,28.08,20:40,3.96,7.8,
2016-10-23,15.6,6.1,47.88,08:40,11.88,0.6,
2016-10-23,15.6,6.1,47.88,08:40,11.88,0.6,
2016-10-24,18.4,4.7,27.0,12:20,2.88,0.0,
2016-10-24,18.4,4.7,27.0,12:20,2.88,0.0,
2016-10-25,22.4,6.7,24.12,13:00,5.04,0.0,
2016-10-25,22.4,6.7,24.12,13:00,5.04,0.0,
2016-10-26,24.3,7.6,18.0,14:30,2.16,0.0,
2016-10-26,24.3,7.6,18.0,14:30,2.16,0.0,
2016-10-27,22.2,10.7,14.04,14:50,2.88,0.2,
2016-10-27,22.2,10.7,14.04,14:50,2.88,0.2,
2016-10-28,24.5,8.2,7.92,Varias,2.88,0.0,
2016-10-28,24.5,8.2,7.92,Varias,2.88,0.0,
2016-10-29,24.1,8.4,9.0,19:20,2.88,0.0,
2016-10-29,24.1,8.4,9.0,19:20,2.88,0.0,
2016-10-30,26.0,7.6,0.0,,6.12,0.0,
2016-10-30,26.0,7.6,0.0,,6.12,0.0,
2016-10-31,21.4,5.6,10.08,18:50,2.88,0.0,
2016-10-31,21.4,5.6,10.08,18:50,2.88,0.0,
2016-11-01,18.7,4.1,10.08,12:00,2.16,0.2,
2016-11-01,18.7,4.1,10.08,12:00,2.16,0.2,
2016-11-02,19.6,5.1,10.08,Varias,3.96,0.2,
2016-11-02,19.6,5.1,10.08,Varias,3.96,0.2,
2016-11-03,19.3,5.2,11.88,18:40,1.08,0.0,
2016-11-03,19.3,5.2,11.88,18:40,1.08,0.0,
2016-11-04,15.8,7.7,18.0,18:30,2.88,5.0,
2016-11-04,15.8,7.7,18.0,18:30,2.88,5.0,
2016-11-05,12.5,4.1,24.12,13:30,2.16,4.0,
2016-11-05,12.5,4.1,24.12,13:30,2.16,4.0,
2016-11-06,11.7,0.8,28.08,14:00,5.04,5.8,
2016-11-06,11.7,0.8,28.08,14:00,5.04,5.8,
2016-11-07,9.6,0.8,30.96,14:30,2.16,5.6,
2016-11-07,9.6,0.8,30.96,14:30,2.16,5.6,
2016-11-08,9.8,2.6,43.92,21:40,7.92,11.0,
2016-11-08,9.8,2.6,43.92,21:40,7.92,11.0,
2016-11-09,12.7,6.7,28.08,00:00,3.96,0.4,
2016-11-09,12.7,6.7,28.08,00:00,3.96,0.4,
2016-11-10,11.7,6.8,18.0,10:20,3.96,0.6,
2016-11-10,11.7,6.8,18.0,10:20,3.96,0.6,
2016-11-11,14.3,6.8,20.16,22:40,3.96,0.2,
2016-11-11,14.3,6.8,20.16,22:40,3.96,0.2,
2016-11-12,13.2,11.0,24.12,09:20,5.04,10.0,
2016-11-12,13.2,11.0,24.12,09:20,5.04,10.0,
2016-11-13,13.0,7.8,32.04,11:30,6.84,0.2,
2016-11-13,13.0,7.8,32.04,11:30,6.84,0.2,
2016-11-14,14.4,4.2,34.92,14:20,7.92,0.0,
2016-11-14,14.4,4.2,34.92,14:20,7.92,0.0,
2016-11-15,14.5,1.8,24.84,15:20,7.92,0.0,
2016-11-15,14.5,1.8,24.84,15:20,7.92,0.0,
2016-11-16,15.9,1.7,9.0,12:00,2.16,0.2,
2016-11-16,15.9,1.7,9.0,12:00,2.16,0.2,
2016-11-17,13.6,4.3,28.08,22:10,2.88,1.0,
2016-11-17,13.6,4.3,28.08,22:10,2.88,1.0,
2016-11-18,11.9,7.2,33.12,11:00,11.16,0.2,
2016-11-18,11.9,7.2,33.12,11:00,11.16,0.2,
2016-11-19,10.5,6.9,52.92,16:10,15.84,7.0,
2016-11-19,10.5,6.9,52.92,16:10,15.84,7.0,
2016-11-20,13.7,9.4,43.92,17:40,15.12,26.6,
2016-11-20,13.7,9.4,43.92,17:40,15.12,26.6,
2016-11-21,10.0,3.2,61.92,01:10,9.0,9.4,
2016-11-21,10.0,3.2,61.92,01:10,9.0,9.4,
2016-11-22,8.0,-0.8,19.08,Varias,2.16,0.2,
2016-11-22,8.0,-0.8,19.08,Varias,2.16,0.2,
2016-11-23,7.7,0.1,21.96,12:20,2.88,3.8,
2016-11-23,7.7,0.1,21.96,12:20,2.88,3.8,
2016-11-24,5.0,-0.2,46.08,15:30,12.96,26.0,
2016-11-24,5.0,-0.2,46.08,15:30,12.96,26.0,
2016-11-25,11.3,-1.8,25.92,14:50,5.04,0.2,
2016-11-25,11.3,-1.8,25.92,14:50,5.04,0.2,
2016-11-26,8.1,-0.1,16.92,16:00,1.08,0.2,
2016-11-26,8.1,-0.1,16.92,16:00,1.08,0.2,
2016-11-27,13.9,0.9,14.04,15:10,3.96,0.0,
2016-11-27,13.9,0.9,14.04,15:10,3.96,0.0,
2016-11-28,13.1,0.7,18.0,12:40,3.96,0.4,
2016-11-28,13.1,0.7,18.0,12:40,3.96,0.4,
2016-11-29,12.2,0.3,14.04,15:20,3.96,0.4,
2016-11-29,12.2,0.3,14.04,15:20,3.96,0.4,
2016-11-30,15.2,-2.4,23.04,14:20,2.88,0.0,
2016-11-30,15.2,-2.4,23.04,14:20,2.88,0.0,
2016-12-01,11.5,1.8,6.84,13:30,1.08,0.0,
2016-12-01,11.5,1.8,6.84,13:30,1.08,0.0,
2016-12-02,15.2,0.4,18.0,13:40,2.88,0.0,
2016-12-02,15.2,0.4,18.0,13:40,2.88,0.0,
2016-12-03,16.3,-0.5,27.0,13:50,3.96,0.2,
2016-12-03,16.3,-0.5,27.0,13:50,3.96,0.2,
2016-12-04,18.1,7.1,23.04,09:30,3.96,0.0,
2016-12-04,18.1,7.1,23.04,09:30,3.96,0.0,
2016-12-05,17.9,4.3,10.08,Varias,3.96,0.0,
2016-12-05,17.9,4.3,10.08,Varias,3.96,0.0,
2016-12-06,18.0,1.2,15.12,14:20,3.96,0.0,
2016-12-06,18.0,1.2,15.12,14:20,3.96,0.0,
2016-12-07,16.2,1.6,15.84,14:50,3.96,0.2,
2016-12-07,16.2,1.6,15.84,14:50,3.96,0.2,
2016-12-08,17.1,4.4,15.12,14:30,2.16,0.0,
2016-12-08,17.1,4.4,15.12,14:30,2.16,0.0,
2016-12-09,17.3,1.2,29.88,14:30,5.04,0.0,
2016-12-09,17.3,1.2,29.88,14:30,5.04,0.0,
2016-12-10,18.0,2.3,32.04,13:30,7.92,0.0,
2016-12-10,18.0,2.3,32.04,13:30,7.92,0.0,
2016-12-11,18.2,2.9,15.84,01:40,2.16,0.0,
2016-12-11,18.2,2.9,15.84,01:40,2.16,0.0,
2016-12-12,15.9,0.5,11.88,00:40,2.16,0.0,
2016-12-12,15.9,0.5,11.88,00:40,2.16,0.0,
2016-12-13,14.9,1.8,27.0,23:10,3.96,2.6,
2016-12-13,14.9,1.8,27.0,23:10,3.96,2.6,
2016-12-14,11.5,6.7,39.96,03:40,6.84,3.0,
2016-12-14,11.5,6.7,39.96,03:40,6.84,3.0,
2016-12-15,8.7,2.9,33.12,13:40,9.0,14.2,
2016-12-15,8.7,2.9,33.12,13:40,9.0,14.2,
2016-12-16,10.2,4.4,25.92,14:30,2.88,5.2,
2016-12-16,10.2,4.4,25.92,14:30,2.88,5.2,
2016-12-17,13.1,0.8,24.12,17:20,5.04,0.0,
2016-12-17,13.1,0.8,24.12,17:20,5.04,0.0,
2016-12-18,12.1,-0.4,18.0,16:20,2.88,0.6,
2016-12-18,12.1,-0.4,18.0,16:20,2.88,0.6,
2016-12-19,10.3,-1.2,34.92,15:40,9.0,0.2,
2016-12-19,10.3,-1.2,34.92,15:40,9.0,0.2,
2016-12-20,10.8,4.0,11.88,13:40,2.88,0.4,
2016-12-20,10.8,4.0,11.88,13:40,2.88,0.4,
2016-12-21,9.5,3.3,23.04,23:10,6.84,0.0,
2016-12-21,9.5,3.3,23.04,23:10,6.84,0.0,
2016-12-22,12.5,9.1,23.04,Varias,7.92,1.6,
2016-12-22,12.5,9.1,23.04,Varias,7.92,1.6,
2016-12-23,10.9,7.3,16.92,Varias,6.84,0.0,
2016-12-23,10.9,7.3,16.92,Varias,6.84,0.0,
2016-12-24,14.9,5.0,11.88,00:50,2.88,0.2,
2016-12-24,14.9,5.0,11.88,00:50,2.88,0.2,
2016-12-25,8.5,4.9,12.96,01:00,2.16,0.6,
2016-12-25,8.5,4.9,12.96,01:00,2.16,0.6,
2016-12-26,10.1,2.9,29.16,13:40,3.96,0.2,
2016-12-26,10.1,2.9,29.16,13:40,3.96,0.2,
2016-12-27,8.0,-0.9,12.96,08:20,2.16,0.2,
2016-12-27,8.0,-0.9,12.96,08:20,2.16,0.2,
2016-12-28,6.0,-3.8,7.92,12:10,2.16,0.0,
2016-12-28,6.0,-3.8,7.92,12:10,2.16,0.0,
2016-12-29,9.5,-4.2,7.92,13:10,1.08,0.4,
2016-12-29,9.5,-4.2,7.92,13:10,1.08,0.4,
2016-12-30,3.4,-3.1,7.92,Varias,1.08,0.2,
2016-12-30,3.4,-3.1,7.92,Varias,1.08,0.2,
2016-12-31,6.9,-6.0,10.08,18:20,2.16,0.2,
2016-12-31,6.9,-6.0,10.08,18:20,2.16,0.2,
2017-01-01,6.6,-4.9,21.96,23:20,2.88,0.4,
2017-01-01,6.6,-4.9,21.96,23:20,2.88,0.4,
2017-01-02,11.9,2.6,20.88,19:30,2.88,0.2,
2017-01-02,11.9,2.6,20.88,19:30,2.88,0.2,
2017-01-03,14.8,4.9,16.92,18:00,3.96,0.8,
2017-01-03,14.8,4.9,16.92,18:00,3.96,0.8,
2017-01-04,14.7,5.5,15.12,Varias,5.04,0.6,
2017-01-04,14.7,5.5,15.12,Varias,5.04,0.6,
2017-01-05,14.6,1.3,20.88,Varias,1.08,0.2,
2017-01-05,14.6,1.3,20.88,Varias,1.08,0.2,
2017-01-06,6.8,-1.4,12.96,20:20,2.16,0.2,
2017-01-06,6.8,-1.4,12.96,20:20,2.16,0.2,
2017-01-07,9.1,-4.3,9.0,13:40,2.16,0.2,
2017-01-07,9.1,-4.3,9.0,13:40,2.16,0.2,
2017-01-08,10.2,-5.6,9.0,21:20,2.88,0.0,
2017-01-08,10.2,-5.6,9.0,21:20,2.88,0.0,
2017-01-09,11.7,-3.8,10.08,13:10,2.88,0.6,
2017-01-09,11.7,-3.8,10.08,13:10,2.88,0.6,
2017-01-10,9.7,4.2,18.0,13:40,2.88,1.4,
2017-01-10,9.7,4.2,18.0,13:40,2.88,1.4,
2017-01-11,14.2,7.8,14.04,17:00,2.16,0.2,
2017-01-11,14.2,7.8,14.04,17:00,2.16,0.2,
2017-01-12,10.2,4.2,29.88,18:10,5.04,1.8,
2017-01-12,10.2,4.2,29.88,18:10,5.04,1.8,
2017-01-13,7.6,0.5,24.84,14:30,2.88,1.4,
2017-01-13,7.6,0.5,24.84,14:30,2.88,1.4,
2017-01-14,7.8,-0.4,14.04,15:50,2.16,1.0,
2017-01-14,7.8,-0.4,14.04,15:50,2.16,1.0,
2017-01-15,7.7,0.9,24.12,14:20,2.16,0.8,
2017-01-15,7.7,0.9,24.12,14:20,2.16,0.8,
2017-01-16,8.7,3.7,23.04,15:30,2.88,2.0,
2017-01-16,8.7,3.7,23.04,15:30,2.88,2.0,
2017-01-17,11.1,0.2,32.04,11:30,6.12,0.0,
2017-01-17,11.1,0.2,32.04,11:30,6.12,0.0,
2017-01-18,5.7,-1.3,51.12,17:10,14.04,0.0,
2017-01-18,5.7,-1.3,51.12,17:10,14.04,0.0,
2017-01-19,6.5,-3.7,30.96,11:50,7.92,0.0,
2017-01-19,6.5,-3.7,30.96,11:50,7.92,0.0,
2017-01-20,8.0,-5.9,20.88,13:00,6.12,0.0,
2017-01-20,8.0,-5.9,20.88,13:00,6.12,0.0,
2017-01-21,7.2,-5.9,10.08,12:40,2.16,0.0,
2017-01-21,7.2,-5.9,10.08,12:40,2.16,0.0,
2017-01-22,2.7,-4.4,10.08,11:50,2.16,0.2,
2017-01-22,2.7,-4.4,10.08,11:50,2.16,0.2,
2017-01-23,9.7,-3.8,25.92,16:30,2.16,0.2,
2017-01-23,9.7,-3.8,25.92,16:30,2.16,0.2,
2017-01-24,7.7,-4.9,14.04,13:30,2.88,0.0,
2017-01-24,7.7,-4.9,14.04,13:30,2.88,0.0,
2017-01-25,12.9,-6.3,16.92,15:40,2.88,0.4,
2017-01-25,12.9,-6.3,16.92,15:40,2.88,0.4,
2017-01-26,11.2,1.7,42.84,11:40,11.16,1.4,
2017-01-26,11.2,1.7,42.84,11:40,11.16,1.4,
2017-01-27,7.8,3.6,29.88,12:30,6.84,3.8,
2017-01-27,7.8,3.6,29.88,12:30,6.84,3.8,
2017-01-28,10.6,3.7,30.96,13:00,10.08,0.2,
2017-01-28,10.6,3.7,30.96,13:00,10.08,0.2,
2017-01-29,12.8,8.2,36.0,16:50,14.04,2.2,
2017-01-29,12.8,8.2,36.0,16:50,14.04,2.2,
2017-01-30,13.3,9.8,43.92,14:00,12.96,2.8,
2017-01-30,13.3,9.8,43.92,14:00,12.96,2.8,
2017-01-31,11.1,8.3,38.88,04:20,9.0,9.0,
2017-01-31,11.1,8.3,38.88,04:20,9.0,9.0,
2017-02-01,13.0,7.9,54.0,Varias,15.84,8.2,
2017-02-01,13.0,7.9,54.0,Varias,15.84,8.2,
2017-02-02,11.2,4.5,73.08,05:00,16.92,26.2,
2017-02-02,11.2,4.5,73.08,05:00,16.92,26.2,
2017-02-03,11.5,6.2,83.16,04:10,18.0,25.6,
2017-02-03,11.5,6.2,83.16,04:10,18.0,25.6,
2017-02-04,11.2,5.4,65.16,23:10,16.92,53.2,
2017-02-04,11.2,5.4,65.16,23:10,16.92,53.2,
2017-02-05,8.3,3.9,48.96,02:10,6.84,0.4,
2017-02-05,8.3,3.9,48.96,02:10,6.84,0.4,
2017-02-06,12.5,6.2,37.08,15:20,12.96,11.8,
2017-02-06,12.5,6.2,37.08,15:20,12.96,11.8,
2017-02-07,10.7,0.7,33.84,16:00,6.84,3.0,
2017-02-07,10.7,0.7,33.84,16:00,6.84,3.0,
2017-02-08,10.5,-1.6,15.12,14:10,2.16,0.0,
2017-02-08,10.5,-1.6,15.12,14:10,2.16,0.0,
2017-02-09,12.6,-0.2,47.88,20:10,9.0,0.2,
2017-02-09,12.6,-0.2,47.88,20:10,9.0,0.2,
2017-02-10,12.4,1.3,29.16,12:10,5.04,0.0,
2017-02-10,12.4,1.3,29.16,12:10,5.04,0.0,
2017-02-11,11.8,1.6,38.16,17:10,10.08,0.0,
2017-02-11,11.8,1.6,38.16,17:10,10.08,0.0,
2017-02-12,10.9,3.3,30.96,Varias,10.08,2.2,
2017-02-12,10.9,3.3,30.96,Varias,10.08,2.2,
2017-02-13,11.4,5.3,42.12,14:10,11.88,4.2,
2017-02-13,11.4,5.3,42.12,14:10,11.88,4.2,
2017-02-14,13.5,5.0,41.04,11:50,9.0,3.6,
2017-02-14,13.5,5.0,41.04,11:50,9.0,3.6,
2017-02-15,16.6,7.1,24.12,03:40,6.12,0.2,
2017-02-15,16.6,7.1,24.12,03:40,6.12,0.2,
2017-02-16,18.2,2.9,15.12,14:50,3.96,0.0,
2017-02-16,18.2,2.9,15.12,14:50,3.96,0.0,
2017-02-17,18.8,0.9,18.0,12:30,5.04,2.8,
2017-02-17,18.8,0.9,18.0,12:30,5.04,2.8,
2017-02-18,11.0,3.1,20.88,13:00,6.84,4.0,
2017-02-18,11.0,3.1,20.88,13:00,6.84,4.0,
2017-02-19,14.4,1.8,28.08,15:00,6.12,0.0,
2017-02-19,14.4,1.8,28.08,15:00,6.12,0.0,
2017-02-20,15.7,1.5,30.96,15:50,6.12,0.0,
2017-02-20,15.7,1.5,30.96,15:50,6.12,0.0,
2017-02-21,15.7,6.4,29.88,16:00,6.84,0.0,
2017-02-21,15.7,6.4,29.88,16:00,6.84,0.0,
2017-02-22,19.2,3.9,18.0,Varias,2.16,0.0,
2017-02-22,19.2,3.9,18.0,Varias,2.16,0.0,
2017-02-23,13.5,1.3,25.92,20:40,3.96,0.0,
2017-02-23,13.5,1.3,25.92,20:40,3.96,0.0,
2017-02-24,12.8,1.2,36.0,09:10,10.08,0.0,
2017-02-24,12.8,1.2,36.0,09:10,10.08,0.0,
2017-02-25,19.0,-1.1,28.08,16:50,6.12,0.2,
2017-02-25,19.0,-1.1,28.08,16:50,6.12,0.2,
2017-02-26,13.2,3.5,33.84,16:30,9.0,0.0,
2017-02-26,13.2,3.5,33.84,16:30,9.0,0.0,
2017-02-27,10.4,6.7,51.12,Varias,23.04,6.8,
2017-02-27,10.4,6.7,51.12,Varias,23.04,6.8,
2017-02-28,9.7,6.6,45.0,03:50,11.16,3.2,
2017-02-28,9.7,6.6,45.0,03:50,11.16,3.2,
2017-03-01,12.6,7.8,39.96,14:40,14.04,1.8,
2017-03-01,12.6,7.8,39.96,14:40,14.04,1.8,
2017-03-02,13.2,9.3,41.04,14:00,15.12,2.2,
2017-03-02,13.2,9.3,41.04,14:00,15.12,2.2,
2017-03-03,10.4,2.0,42.84,06:20,12.96,7.4,
2017-03-03,10.4,2.0,42.84,06:20,12.96,7.4,
2017-03-04,10.0,2.0,43.92,23:30,12.96,5.4,
2017-03-04,10.0,2.0,43.92,23:30,12.96,5.4,
2017-03-05,11.9,6.9,43.92,02:20,9.0,4.4,
2017-03-05,11.9,6.9,43.92,02:20,9.0,4.4,
2017-03-06,17.4,8.0,37.08,00:50,7.92,0.6,
2017-03-06,17.4,8.0,37.08,00:50,7.92,0.6,
2017-03-07,16.2,5.6,29.16,11:10,7.92,0.2,
2017-03-07,16.2,5.6,29.16,11:10,7.92,0.2,
2017-03-08,18.1,3.4,14.04,09:10,3.96,0.2,
2017-03-08,18.1,3.4,14.04,09:10,3.96,0.2,
2017-03-09,25.4,1.6,33.12,13:50,5.04,0.0,
2017-03-09,25.4,1.6,33.12,13:50,5.04,0.0,
2017-03-10,26.9,2.0,33.12,13:50,7.92,0.0,
2017-03-10,26.9,2.0,33.12,13:50,7.92,0.0,
2017-03-11,14.2,6.5,41.04,10:20,10.08,1.8,
2017-03-11,14.2,6.5,41.04,10:20,10.08,1.8,
2017-03-12,11.3,3.9,30.96,03:20,7.92,5.4,
2017-03-12,11.3,3.9,30.96,03:20,7.92,5.4,
2017-03-13,12.2,3.7,42.84,17:00,6.84,0.2,
2017-03-13,12.2,3.7,42.84,17:00,6.84,0.2,
2017-03-14,14.8,5.8,39.96,14:40,11.16,0.0,
2017-03-14,14.8,5.8,39.96,14:40,11.16,0.0,
2017-03-15,18.9,5.7,24.12,Varias,6.84,0.0,
2017-03-15,18.9,5.7,24.12,Varias,6.84,0.0,
2017-03-16,23.7,1.3,23.04,16:10,3.96,0.0,
2017-03-16,23.7,1.3,23.04,16:10,3.96,0.0,
2017-03-17,15.6,3.2,37.08,19:30,7.92,0.0,
2017-03-17,15.6,3.2,37.08,19:30,7.92,0.0,
2017-03-18,17.1,5.3,25.92,15:30,5.04,0.0,
2017-03-18,17.1,5.3,25.92,15:30,5.04,0.0,
2017-03-19,16.3,6.1,24.84,14:10,7.92,0.0,
2017-03-19,16.3,6.1,24.84,14:10,7.92,0.0,
2017-03-20,11.6,5.8,21.96,15:20,6.84,6.0,
2017-03-20,11.6,5.8,21.96,15:20,6.84,6.0,
2017-03-21,12.9,5.5,37.08,19:10,5.04,13.0,
2017-03-21,12.9,5.5,37.08,19:10,5.04,13.0,
2017-03-22,6.0,0.5,36.0,15:00,12.96,8.0,
2017-03-22,6.0,0.5,36.0,15:00,12.96,8.0,
2017-03-23,4.2,0.5,28.08,11:20,11.16,10.8,
2017-03-23,4.2,0.5,28.08,11:20,11.16,10.8,
2017-03-24,11.5,1.5,33.12,17:40,10.08,0.0,
2017-03-24,11.5,1.5,33.12,17:40,10.08,0.0,
2017-03-25,7.4,1.3,18.0,15:30,3.96,2.2,
2017-03-25,7.4,1.3,18.0,15:30,3.96,2.2,
2017-03-26,14.2,3.3,46.08,12:40,10.08,4.2,
2017-03-26,14.2,3.3,46.08,12:40,10.08,4.2,
2017-03-27,15.0,6.1,48.96,14:20,15.12,0.0,
2017-03-27,15.0,6.1,48.96,14:20,15.12,0.0,
2017-03-28,19.0,7.5,47.16,10:30,11.88,0.0,
2017-03-28,19.0,7.5,47.16,10:30,11.88,0.0,
2017-03-29,21.2,6.8,38.88,11:00,11.16,0.0,
2017-03-29,21.2,6.8,38.88,11:00,11.16,0.0,
2017-03-30,21.3,8.7,69.12,17:50,20.88,3.8,
2017-03-30,21.3,8.7,69.12,17:50,20.88,3.8,
2017-03-31,13.5,6.7,48.96,12:20,11.16,13.4,
2017-03-31,13.5,6.7,48.96,12:20,11.16,13.4,
2017-04-01,14.1,6.5,28.08,14:40,7.92,1.0,
2017-04-01,14.1,6.5,28.08,14:40,7.92,1.0,
2017-04-02,15.3,3.2,27.0,18:20,6.12,0.0,
2017-04-02,15.3,3.2,27.0,18:20,6.12,0.0,
2017-04-03,21.4,0.7,27.0,17:10,6.12,0.0,
2017-04-03,21.4,0.7,27.0,17:10,6.12,0.0,
2017-04-04,17.3,0.7,45.0,20:00,9.0,0.0,
2017-04-04,17.3,0.7,45.0,20:00,9.0,0.0,
2017-04-05,15.7,5.4,51.84,10:20,11.16,0.0,
2017-04-05,15.7,5.4,51.84,10:20,11.16,0.0,
2017-04-06,19.3,1.5,33.84,14:50,6.84,0.0,
2017-04-06,19.3,1.5,33.84,14:50,6.84,0.0,
2017-04-07,23.4,2.9,20.88,15:10,3.96,0.0,
2017-04-07,23.4,2.9,20.88,15:10,3.96,0.0,
2017-04-08,25.9,3.1,29.16,15:40,6.84,0.0,
2017-04-08,25.9,3.1,29.16,15:40,6.84,0.0,
2017-04-09,25.9,4.2,32.04,17:20,6.12,0.0,
2017-04-09,25.9,4.2,32.04,17:20,6.12,0.0,
2017-04-10,21.1,5.1,25.92,19:20,5.04,0.0,
2017-04-10,21.1,5.1,25.92,19:20,5.04,0.0,
2017-04-11,19.8,8.4,25.92,17:40,7.92,0.0,
2017-04-11,19.8,8.4,25.92,17:40,7.92,0.0,
2017-04-12,26.3,7.9,18.0,18:00,5.04,0.0,
2017-04-12,26.3,7.9,18.0,18:00,5.04,0.0,
2017-04-13,25.9,4.6,24.12,14:20,6.12,0.0,
2017-04-13,25.9,4.6,24.12,14:20,6.12,0.0,
2017-04-14,15.8,8.6,18.0,10:20,6.12,0.0,
2017-04-14,15.8,8.6,18.0,10:20,6.12,0.0,
2017-04-15,15.7,6.1,29.88,Varias,6.12,0.0,
2017-04-15,15.7,6.1,29.88,Varias,6.12,0.0,
2017-04-16,20.5,5.5,28.08,16:50,6.84,0.0,
2017-04-16,20.5,5.5,28.08,16:50,6.84,0.0,
2017-04-17,19.8,8.2,28.08,Varias,6.84,0.0,
2017-04-17,19.8,8.2,28.08,Varias,6.84,0.0,
2017-04-18,18.4,9.0,37.08,23:10,10.08,0.0,
2017-04-18,18.4,9.0,37.08,23:10,10.08,0.0,
2017-04-19,17.3,6.3,47.88,14:20,10.08,0.0,
2017-04-19,17.3,6.3,47.88,14:20,10.08,0.0,
2017-04-20,18.3,3.7,34.92,13:50,10.08,0.0,
2017-04-20,18.3,3.7,34.92,13:50,10.08,0.0,
2017-04-21,23.7,0.7,28.08,14:40,3.96,0.0,
2017-04-21,23.7,0.7,28.08,14:40,3.96,0.0,
2017-04-22,26.0,2.2,25.92,17:00,6.12,0.0,
2017-04-22,26.0,2.2,25.92,17:00,6.12,0.0,
2017-04-23,26.5,3.4,24.84,16:00,3.96,0.0,
2017-04-23,26.5,3.4,24.84,16:00,3.96,0.0,
2017-04-24,26.3,4.2,21.96,16:10,2.88,0.0,
2017-04-24,26.3,4.2,21.96,16:10,2.88,0.0,
2017-04-25,13.7,5.1,38.16,21:10,3.96,1.6,
2017-04-25,13.7,5.1,38.16,21:10,3.96,1.6,
2017-04-26,11.1,0.0,54.0,14:30,12.96,0.0,
2017-04-26,11.1,0.0,54.0,14:30,12.96,0.0,
2017-04-27,11.9,-2.3,46.08,13:10,11.16,0.0,
2017-04-27,11.9,-2.3,46.08,13:10,11.16,0.0,
2017-04-28,15.6,-1.9,34.92,12:50,10.08,0.0,
2017-04-28,15.6,-1.9,34.92,12:50,10.08,0.0,
2017-04-29,19.5,-1.0,54.0,14:00,14.04,6.6,
2017-04-29,19.5,-1.0,54.0,14:00,14.04,6.6,
2017-04-30,10.1,3.6,54.0,14:10,11.88,2.6,
2017-04-30,10.1,3.6,54.0,14:10,11.88,2.6,
2017-05-01,13.6,3.8,32.04,15:10,11.16,0.0,
2017-05-01,13.6,3.8,32.04,15:10,11.16,0.0,
2017-05-02,22.4,3.3,29.88,17:40,5.04,0.0,
2017-05-02,22.4,3.3,29.88,17:40,5.04,0.0,
2017-05-03,24.3,8.3,20.16,14:40,3.96,0.0,
2017-05-03,24.3,8.3,20.16,14:40,3.96,0.0,
2017-05-04,25.3,9.5,20.16,19:40,2.88,3.6,
2017-05-04,25.3,9.5,20.16,19:40,2.88,3.6,
2017-05-05,17.0,9.0,63.0,15:50,12.96,4.0,
2017-05-05,17.0,9.0,63.0,15:50,12.96,4.0,
2017-05-06,18.4,8.4,38.88,00:10,6.84,0.0,
2017-05-06,18.4,8.4,38.88,00:10,6.84,0.0,
2017-05-07,24.6,7.9,33.12,17:20,7.92,0.0,
2017-05-07,24.6,7.9,33.12,17:20,7.92,0.0,
2017-05-08,26.7,8.3,23.04,Varias,5.04,0.0,
2017-05-08,26.7,8.3,23.04,Varias,5.04,0.0,
2017-05-09,23.2,9.4,45.0,16:30,3.96,21.0,
2017-05-09,23.2,9.4,45.0,16:30,3.96,21.0,
2017-05-10,18.3,11.2,33.12,14:40,5.04,5.2,
2017-05-10,18.3,11.2,33.12,14:40,5.04,5.2,
2017-05-11,16.2,10.5,43.92,Varias,12.96,29.2,
2017-05-11,16.2,10.5,43.92,Varias,12.96,29.2,
2017-05-12,17.3,9.4,36.0,14:30,10.08,2.2,
2017-05-12,17.3,9.4,36.0,14:30,10.08,2.2,
2017-05-13,15.9,8.8,39.96,15:20,11.88,4.6,
2017-05-13,15.9,8.8,39.96,15:20,11.88,4.6,
2017-05-14,20.7,11.2,42.12,12:00,14.04,0.0,
2017-05-14,20.7,11.2,42.12,12:00,14.04,0.0,
2017-05-15,26.2,12.2,33.12,12:50,7.92,0.0,
2017-05-15,26.2,12.2,33.12,12:50,7.92,0.0,
2017-05-16,28.4,13.9,24.84,16:10,5.04,0.0,
2017-05-16,28.4,13.9,24.84,16:10,5.04,0.0,
2017-05-17,19.6,9.0,25.92,14:30,5.04,0.6,
2017-05-17,19.6,9.0,25.92,14:30,5.04,0.6,
2017-05-18,16.3,6.5,30.96,12:20,6.12,0.0,
2017-05-18,16.3,6.5,30.96,12:20,6.12,0.0,
2017-05-19,17.2,7.3,27.0,11:10,6.84,0.0,
2017-05-19,17.2,7.3,27.0,11:10,6.84,0.0,
2017-05-20,22.1,5.7,27.0,16:10,6.12,0.0,
2017-05-20,22.1,5.7,27.0,16:10,6.12,0.0,
2017-05-21,29.3,7.7,18.0,06:10,3.96,0.0,
2017-05-21,29.3,7.7,18.0,06:10,3.96,0.0,
2017-05-22,22.8,9.2,28.08,13:20,6.84,0.0,
2017-05-22,22.8,9.2,28.08,13:20,6.84,0.0,
2017-05-23,23.6,8.5,24.84,13:30,9.0,0.0,
2017-05-23,23.6,8.5,24.84,13:30,9.0,0.0,
2017-05-24,31.7,8.0,19.08,15:30,6.12,0.0,
2017-05-24,31.7,8.0,19.08,15:30,6.12,0.0,
2017-05-25,28.9,12.6,45.0,12:40,9.0,2.4,
2017-05-25,28.9,12.6,45.0,12:40,9.0,2.4,
2017-05-26,20.0,13.1,42.12,07:00,9.0,18.4,
2017-05-26,20.0,13.1,42.12,07:00,9.0,18.4,
2017-05-27,26.6,13.0,28.08,13:30,6.12,0.4,
2017-05-27,26.6,13.0,28.08,13:30,6.12,0.4,
2017-05-28,19.3,13.2,23.04,20:40,3.96,17.4,
2017-05-28,19.3,13.2,23.04,20:40,3.96,17.4,
2017-05-29,20.6,10.6,27.0,12:10,2.88,13.8,
2017-05-29,20.6,10.6,27.0,12:10,2.88,13.8,
2017-05-30,22.5,12.1,28.08,16:40,6.84,0.0,
2017-05-30,22.5,12.1,28.08,16:40,6.84,0.0,
2017-05-31,26.4,13.2,27.0,17:30,6.84,0.0,
2017-05-31,26.4,13.2,27.0,17:30,6.84,0.0,
2017-06-01,27.4,11.9,20.16,Varias,6.12,0.0,
2017-06-01,27.4,11.9,20.16,Varias,6.12,0.0,
2017-06-02,23.0,13.6,21.96,17:10,5.04,0.6,
2017-06-02,23.0,13.6,21.96,17:10,5.04,0.6,
2017-06-03,15.3,7.7,28.08,11:20,7.92,0.4,
2017-06-03,15.3,7.7,28.08,11:20,7.92,0.4,
2017-06-04,18.2,6.6,28.08,09:40,6.12,0.0,
2017-06-04,18.2,6.6,28.08,09:40,6.12,0.0,
2017-06-05,19.7,7.3,43.92,17:20,15.84,4.0,
2017-06-05,19.7,7.3,43.92,17:20,15.84,4.0,
2017-06-06,19.9,8.1,20.88,13:10,3.96,0.0,
2017-06-06,19.9,8.1,20.88,13:10,3.96,0.0,
2017-06-07,28.4,5.3,19.08,Varias,6.12,0.0,
2017-06-07,28.4,5.3,19.08,Varias,6.12,0.0,
2017-06-08,24.4,10.6,20.88,13:10,5.04,0.0,
2017-06-08,24.4,10.6,20.88,13:10,5.04,0.0,
2017-06-09,25.6,12.9,24.12,15:10,5.04,0.0,
2017-06-09,25.6,12.9,24.12,15:10,5.04,0.0,
2017-06-10,28.6,10.0,23.04,16:40,5.04,0.0,
2017-06-10,28.6,10.0,23.04,16:40,5.04,0.0,
2017-06-11,23.2,11.1,30.96,17:30,6.84,0.0,
2017-06-11,23.2,11.1,30.96,17:30,6.84,0.0,
2017-06-12,20.1,13.2,29.88,00:10,9.0,0.0,
2017-06-12,20.1,13.2,29.88,00:10,9.0,0.0,
2017-06-13,22.9,14.4,33.12,11:30,6.84,4.2,
2017-06-13,22.9,14.4,33.12,11:30,6.84,4.2,
2017-06-14,29.6,12.5,21.96,15:50,3.96,0.0,
2017-06-14,29.6,12.5,21.96,15:50,3.96,0.0,
2017-06-15,23.4,13.1,33.84,20:50,10.08,0.0,
2017-06-15,23.4,13.1,33.84,20:50,10.08,0.0,
2017-06-16,21.9,13.7,29.16,08:40,10.08,0.0,
2017-06-16,21.9,13.7,29.16,08:40,10.08,0.0,
2017-06-17,31.6,15.1,21.96,00:10,2.88,0.0,
2017-06-17,31.6,15.1,21.96,00:10,2.88,0.0,
2017-06-18,35.2,15.0,14.04,17:20,3.96,0.0,
2017-06-18,35.2,15.0,14.04,17:20,3.96,0.0,
2017-06-19,29.4,17.1,29.88,14:30,5.04,0.0,
2017-06-19,29.4,17.1,29.88,14:30,5.04,0.0,
2017-06-20,34.0,15.2,24.12,13:00,5.04,0.0,
2017-06-20,34.0,15.2,24.12,13:00,5.04,0.0,
2017-06-21,34.9,16.5,28.08,15:00,3.96,0.0,
2017-06-21,34.9,16.5,28.08,15:00,3.96,0.0,
2017-06-22,24.4,15.9,18.0,19:40,3.96,0.0,
2017-06-22,24.4,15.9,18.0,19:40,3.96,0.0,
2017-06-23,26.2,13.6,25.92,17:10,3.96,0.0,
2017-06-23,26.2,13.6,25.92,17:10,3.96,0.0,
2017-06-24,25.0,11.1,29.88,17:10,5.04,0.0,
2017-06-24,25.0,11.1,29.88,17:10,5.04,0.0,
2017-06-25,24.2,10.4,27.0,17:40,9.0,0.0,
2017-06-25,24.2,10.4,27.0,17:40,9.0,0.0,
2017-06-26,24.7,15.8,20.88,17:40,5.04,2.0,
2017-06-26,24.7,15.8,20.88,17:40,5.04,2.0,
2017-06-27,20.3,14.3,41.04,16:00,14.04,4.0,
2017-06-27,20.3,14.3,41.04,16:00,14.04,4.0,
2017-06-28,18.0,10.6,42.12,10:50,11.16,6.2,
2017-06-28,18.0,10.6,42.12,10:50,11.16,6.2,
2017-06-29,16.1,9.9,43.92,16:00,11.88,5.8,
2017-06-29,16.1,9.9,43.92,16:00,11.88,5.8,
2017-06-30,17.6,9.6,28.08,16:10,6.84,4.4,
2017-06-30,17.6,9.6,28.08,16:10,6.84,4.4,
2017-07-01,20.3,8.6,24.84,17:00,6.84,0.0,
2017-07-01,20.3,8.6,24.84,17:00,6.84,0.0,
2017-07-02,24.1,7.8,30.96,20:10,6.84,0.0,
2017-07-02,24.1,7.8,30.96,20:10,6.84,0.0,
2017-07-03,29.8,14.5,21.96,15:30,6.12,0.0,
2017-07-03,29.8,14.5,21.96,15:30,6.12,0.0,
2017-07-04,34.6,13.9,20.88,16:50,3.96,0.0,
2017-07-04,34.6,13.9,20.88,16:50,3.96,0.0,
2017-07-05,24.4,13.1,21.96,17:40,6.12,0.0,
2017-07-05,24.4,13.1,21.96,17:40,6.12,0.0,
2017-07-06,26.0,13.1,24.12,13:10,6.84,1.8,
2017-07-06,26.0,13.1,24.12,13:10,6.84,1.8,
2017-07-07,27.6,15.3,36.0,16:10,7.92,0.0,
2017-07-07,27.6,15.3,36.0,16:10,7.92,0.0,
2017-07-08,20.1,15.1,23.04,Varias,6.84,0.0,
2017-07-08,20.1,15.1,23.04,Varias,6.84,0.0,
2017-07-09,21.9,14.4,20.16,14:20,5.04,1.2,
2017-07-09,21.9,14.4,20.16,14:20,5.04,1.2,
2017-07-10,21.7,11.4,21.96,Varias,5.04,0.2,
2017-07-10,21.7,11.4,21.96,Varias,5.04,0.2,
2017-07-11,27.7,11.2,27.0,14:40,7.92,0.0,
2017-07-11,27.7,11.2,27.0,14:40,7.92,0.0,
2017-07-12,28.3,15.1,24.12,15:40,6.84,0.0,
2017-07-12,28.3,15.1,24.12,15:40,6.84,0.0,
2017-07-13,21.5,14.6,29.88,19:50,6.84,0.0,
2017-07-13,21.5,14.6,29.88,19:50,6.84,0.0,
2017-07-14,22.7,14.4,38.88,17:40,12.96,0.0,
2017-07-14,22.7,14.4,38.88,17:40,12.96,0.0,
2017-07-15,24.2,13.2,36.0,03:50,11.16,0.0,
2017-07-15,24.2,13.2,36.0,03:50,11.16,0.0,
2017-07-16,25.3,15.0,37.08,16:30,11.16,0.0,
2017-07-16,25.3,15.0,37.08,16:30,11.16,0.0,
2017-07-17,29.7,16.7,20.88,02:10,5.04,0.0,
2017-07-17,29.7,16.7,20.88,02:10,5.04,0.0,
2017-07-18,29.2,14.5,34.92,16:10,10.08,0.0,
2017-07-18,29.2,14.5,34.92,16:10,10.08,0.0,
2017-07-19,22.4,14.8,39.96,12:20,7.92,0.2,
2017-07-19,22.4,14.8,39.96,12:20,7.92,0.2,
2017-07-20,22.0,10.3,25.92,18:50,5.04,0.0,
2017-07-20,22.0,10.3,25.92,18:50,5.04,0.0,
2017-07-21,23.7,6.3,29.88,17:30,10.08,0.0,
2017-07-21,23.7,6.3,29.88,17:30,10.08,0.0,
2017-07-22,23.0,10.6,24.84,13:10,6.84,2.4,
2017-07-22,23.0,10.6,24.84,13:10,6.84,2.4,
2017-07-23,23.2,9.5,23.04,16:50,5.04,0.0,
2017-07-23,23.2,9.5,23.04,16:50,5.04,0.0,
2017-07-24,22.1,14.1,38.16,17:00,7.92,0.0,
2017-07-24,22.1,14.1,38.16,17:00,7.92,0.0,
2017-07-25,23.9,12.0,29.88,12:50,7.92,0.0,
2017-07-25,23.9,12.0,29.88,12:50,7.92,0.0,
2017-07-26,30.9,9.3,24.12,16:50,5.04,0.0,
2017-07-26,30.9,9.3,24.12,16:50,5.04,0.0,
2017-07-27,25.8,12.1,25.92,17:30,6.12,0.0,
2017-07-27,25.8,12.1,25.92,17:30,6.12,0.0,
2017-07-28,29.5,16.4,24.12,Varias,6.84,0.0,
2017-07-28,29.5,16.4,24.12,Varias,6.84,0.0,
2017-07-29,28.5,17.8,46.08,17:10,15.84,0.0,
2017-07-29,28.5,17.8,46.08,17:10,15.84,0.0,
2017-07-30,23.8,14.6,36.0,13:10,7.92,0.0,
2017-07-30,23.8,14.6,36.0,13:10,7.92,0.0,
2017-07-31,23.3,13.3,27.0,16:50,6.12,0.0,
2017-07-31,23.3,13.3,27.0,16:50,6.12,0.0,
2017-08-01,25.3,11.4,19.08,13:10,3.96,0.0,
2017-08-01,25.3,11.4,19.08,13:10,3.96,0.0,
2017-08-02,28.6,7.8,30.96,21:30,10.08,0.0,
2017-08-02,28.6,7.8,30.96,21:30,10.08,0.0,
2017-08-03,29.5,17.7,33.12,14:30,11.16,0.0,
2017-08-03,29.5,17.7,33.12,14:30,11.16,0.0,
2017-08-04,28.4,16.8,30.96,13:10,10.08,0.0,
2017-08-04,28.4,16.8,30.96,13:10,10.08,0.0,
2017-08-05,17.8,13.8,39.96,15:00,11.16,0.0,
2017-08-05,17.8,13.8,39.96,15:00,11.16,0.0,
2017-08-06,22.4,12.5,39.96,13:50,11.88,0.0,
2017-08-06,22.4,12.5,39.96,13:50,11.88,0.0,
2017-08-07,18.1,8.7,28.08,14:00,6.12,1.2,
2017-08-07,18.1,8.7,28.08,14:00,6.12,1.2,
2017-08-08,22.4,8.6,23.04,17:40,6.84,0.0,
2017-08-08,22.4,8.6,23.04,17:40,6.84,0.0,
2017-08-09,18.9,9.2,37.08,15:50,10.08,0.0,
2017-08-09,18.9,9.2,37.08,15:50,10.08,0.0,
2017-08-10,21.5,9.2,38.88,16:00,10.08,0.0,
2017-08-10,21.5,9.2,38.88,16:00,10.08,0.0,
2017-08-11,25.0,6.8,27.0,15:00,5.04,0.0,
2017-08-11,25.0,6.8,27.0,15:00,5.04,0.0,
2017-08-12,26.6,10.0,29.16,16:30,6.84,0.0,
2017-08-12,26.6,10.0,29.16,16:30,6.84,0.0,
2017-08-13,27.8,10.6,27.0,13:50,7.92,0.0,
2017-08-13,27.8,10.6,27.0,13:50,7.92,0.0,
2017-08-14,27.5,12.3,24.84,11:40,6.12,0.0,
2017-08-14,27.5,12.3,24.84,11:40,6.12,0.0,
2017-08-15,27.0,12.6,20.88,17:10,5.04,0.0,
2017-08-15,27.0,12.6,20.88,17:10,5.04,0.0,
2017-08-16,29.6,9.6,20.88,12:00,5.04,0.0,
2017-08-16,29.6,9.6,20.88,12:00,5.04,0.0,
2017-08-17,31.7,15.5,24.12,15:10,6.84,0.2,
2017-08-17,31.7,15.5,24.12,15:10,6.84,0.2,
2017-08-18,26.8,15.4,29.88,16:40,6.12,0.0,
2017-08-18,26.8,15.4,29.88,16:40,6.12,0.0,
2017-08-19,23.5,14.4,34.92,15:20,10.08,0.0,
2017-08-19,23.5,14.4,34.92,15:20,10.08,0.0,
2017-08-20,29.3,10.7,28.08,16:50,6.12,0.0,
2017-08-20,29.3,10.7,28.08,16:50,6.12,0.0,
2017-08-21,39.1,10.4,38.88,16:10,2.88,0.0,
2017-08-21,39.1,10.4,38.88,16:10,2.88,0.0,
2017-08-22,33.1,12.2,24.12,18:20,6.12,0.0,
2017-08-22,33.1,12.2,24.12,18:20,6.12,0.0,
2017-08-23,25.2,12.1,32.04,16:30,6.84,0.0,
2017-08-23,25.2,12.1,32.04,16:30,6.84,0.0,
2017-08-24,25.6,14.7,27.0,15:50,5.04,0.0,
2017-08-24,25.6,14.7,27.0,15:50,5.04,0.0,
2017-08-25,28.9,14.7,24.84,17:30,5.04,0.0,
2017-08-25,28.9,14.7,24.84,17:30,5.04,0.0,
2017-08-26,24.7,13.0,29.16,16:10,3.96,1.4,
2017-08-26,24.7,13.0,29.16,16:10,3.96,1.4,
2017-08-27,30.4,10.6,33.12,13:50,6.12,15.8,
2017-08-27,30.4,10.6,33.12,13:50,6.12,15.8,
2017-08-28,30.2,12.1,25.92,15:30,5.04,8.6,
2017-08-28,30.2,12.1,25.92,15:30,5.04,8.6,
2017-08-29,24.4,15.8,32.04,16:50,5.04,3.2,
2017-08-29,24.4,15.8,32.04,16:50,5.04,3.2,
2017-08-30,17.7,12.9,20.88,16:50,5.04,3.0,
2017-08-30,17.7,12.9,20.88,16:50,5.04,3.0,
2017-08-31,21.1,9.5,32.04,12:40,9.0,0.0,
2017-08-31,21.1,9.5,32.04,12:40,9.0,0.0,
2017-09-01,21.8,7.1,36.0,15:50,6.84,0.0,
2017-09-01,21.8,7.1,36.0,15:50,6.84,0.0,
2017-09-02,26.7,5.2,15.12,14:50,3.96,0.0,
2017-09-02,26.7,5.2,15.12,14:50,3.96,0.0,
2017-09-03,26.8,10.6,39.96,13:40,11.16,0.8,
2017-09-03,26.8,10.6,39.96,13:40,11.16,0.8,
2017-09-04,24.3,15.8,19.08,14:40,3.96,0.2,
2017-09-04,24.3,15.8,19.08,14:40,3.96,0.2,
2017-09-05,27.8,15.4,27.0,16:30,3.96,0.0,
2017-09-05,27.8,15.4,27.0,16:30,3.96,0.0,
2017-09-06,22.0,11.0,34.92,13:10,10.08,0.0,
2017-09-06,22.0,11.0,34.92,13:10,10.08,0.0,
2017-09-07,22.3,8.8,23.04,16:50,7.92,0.0,
2017-09-07,22.3,8.8,23.04,16:50,7.92,0.0,
2017-09-08,24.7,7.3,24.12,16:40,3.96,1.6,
2017-09-08,24.7,7.3,24.12,16:40,3.96,1.6,
2017-09-09,19.8,11.0,29.16,15:00,6.84,0.0,
2017-09-09,19.8,11.0,29.16,15:00,6.84,0.0,
2017-09-10,18.2,8.8,33.12,21:30,6.84,0.0,
2017-09-10,18.2,8.8,33.12,21:30,6.84,0.0,
2017-09-11,22.4,13.3,29.88,12:50,7.92,1.0,
2017-09-11,22.4,13.3,29.88,12:50,7.92,1.0,
2017-09-12,20.2,13.2,24.12,06:40,9.0,0.8,
2017-09-12,20.2,13.2,24.12,06:40,9.0,0.8,
2017-09-13,21.6,15.7,27.0,15:40,6.12,1.4,
2017-09-13,21.6,15.7,27.0,15:40,6.12,1.4,
2017-09-14,18.4,6.4,32.04,16:20,6.12,0.2,
2017-09-14,18.4,6.4,32.04,16:20,6.12,0.2,
2017-09-15,17.8,5.1,25.92,14:40,5.04,0.0,
2017-09-15,17.8,5.1,25.92,14:40,5.04,0.0,
2017-09-16,16.8,2.9,20.88,12:30,3.96,0.0,
2017-09-16,16.8,2.9,20.88,12:30,3.96,0.0,
2017-09-17,17.9,7.1,24.12,Varias,7.92,2.2,
2017-09-17,17.9,7.1,24.12,Varias,7.92,2.2,
2017-09-18,21.2,10.9,29.16,12:40,7.92,0.0,
2017-09-18,21.2,10.9,29.16,12:40,7.92,0.0,
2017-09-19,21.8,8.4,20.16,17:20,5.04,0.0,
2017-09-19,21.8,8.4,20.16,17:20,5.04,0.0,
2017-09-20,25.2,7.8,16.92,16:30,3.96,0.0,
2017-09-20,25.2,7.8,16.92,16:30,3.96,0.0,
2017-09-21,15.9,8.1,27.0,Varias,2.88,0.0,
2017-09-21,15.9,8.1,27.0,Varias,2.88,0.0,
2017-09-22,20.3,9.7,23.04,13:50,5.04,0.0,
2017-09-22,20.3,9.7,23.04,13:50,5.04,0.0,
2017-09-23,25.5,7.1,33.84,13:10,6.84,0.0,
2017-09-23,25.5,7.1,33.84,13:10,6.84,0.0,
2017-09-24,24.0,5.6,34.92,16:50,6.12,0.6,
2017-09-24,24.0,5.6,34.92,16:50,6.12,0.6,
2017-09-25,22.2,8.9,19.08,17:10,6.84,0.0,
2017-09-25,22.2,8.9,19.08,17:10,6.84,0.0,
2017-09-26,24.4,8.6,23.04,13:50,3.96,0.0,
2017-09-26,24.4,8.6,23.04,13:50,3.96,0.0,
2017-09-27,24.8,7.6,24.12,11:50,6.12,0.0,
2017-09-27,24.8,7.6,24.12,11:50,6.12,0.0,
2017-09-28,27.5,11.0,30.96,15:30,9.0,0.0,
2017-09-28,27.5,11.0,30.96,15:30,9.0,0.0,
2017-09-29,21.1,10.1,19.08,11:00,3.96,0.0,
2017-09-29,21.1,10.1,19.08,11:00,3.96,0.0,
2017-09-30,21.8,12.5,18.0,14:20,2.88,0.2,
2017-09-30,21.8,12.5,18.0,14:20,2.88,0.2,
2017-10-01,24.9,15.2,18.0,11:30,3.96,0.0,
2017-10-01,24.9,15.2,18.0,11:30,3.96,0.0,
2017-10-02,28.8,15.4,20.88,Varias,3.96,0.0,
2017-10-02,28.8,15.4,20.88,Varias,3.96,0.0,
2017-10-03,25.0,15.9,27.0,17:30,6.12,0.0,
2017-10-03,25.0,15.9,27.0,17:30,6.12,0.0,
2017-10-04,23.5,13.5,25.92,09:40,6.12,0.0,
2017-10-04,23.5,13.5,25.92,09:40,6.12,0.0,
2017-10-05,21.4,14.9,28.08,Varias,6.84,0.0,
2017-10-05,21.4,14.9,28.08,Varias,6.84,0.0,
2017-10-06,22.4,9.9,30.96,14:30,6.84,0.0,
2017-10-06,22.4,9.9,30.96,14:30,6.84,0.0,
2017-10-07,26.0,6.9,20.88,15:10,2.88,0.0,
2017-10-07,26.0,6.9,20.88,15:10,2.88,0.0,
2017-10-08,26.7,3.0,20.88,16:10,2.16,0.0,
2017-10-08,26.7,3.0,20.88,16:10,2.16,0.0,
2017-10-09,24.9,3.3,20.88,16:00,2.88,0.0,
2017-10-09,24.9,3.3,20.88,16:00,2.88,0.0,
2017-10-10,28.7,7.3,14.04,14:20,3.96,0.0,
2017-10-10,28.7,7.3,14.04,14:20,3.96,0.0,
2017-10-11,26.0,3.1,24.84,15:00,3.96,0.0,
2017-10-11,26.0,3.1,24.84,15:00,3.96,0.0,
2017-10-12,27.8,7.4,14.04,16:30,2.16,0.0,
2017-10-12,27.8,7.4,14.04,16:30,2.16,0.0,
2017-10-13,25.8,5.1,14.04,15:30,2.88,0.0,
2017-10-13,25.8,5.1,14.04,15:30,2.88,0.0,
2017-10-14,28.8,7.8,27.0,Varias,6.12,0.0,
2017-10-14,28.8,7.8,27.0,Varias,6.12,0.0,
2017-10-15,31.9,14.1,46.08,11:30,11.16,0.0,
2017-10-15,31.9,14.1,46.08,11:30,11.16,0.0,
2017-10-16,24.4,11.4,50.04,02:10,5.04,9.0,
2017-10-16,24.4,11.4,50.04,02:10,5.04,9.0,
2017-10-17,18.9,11.1,32.04,12:30,6.84,1.8,
2017-10-17,18.9,11.1,32.04,12:30,6.84,1.8,
2017-10-18,14.6,7.1,27.0,11:30,5.04,2.2,
2017-10-18,14.6,7.1,27.0,11:30,5.04,2.2,
2017-10-19,14.5,5.4,32.04,14:10,7.92,0.2,
2017-10-19,14.5,5.4,32.04,14:10,7.92,0.2,
2017-10-20,21.6,12.8,50.04,19:30,11.16,1.8,
2017-10-20,21.6,12.8,50.04,19:30,11.16,1.8,
2017-10-21,15.7,6.9,27.0,00:20,6.12,0.0,
2017-10-21,15.7,6.9,27.0,00:20,6.12,0.0,
2017-10-22,16.2,4.2,15.84,14:40,2.16,0.0,
2017-10-22,16.2,4.2,15.84,14:40,2.16,0.0,
2017-10-23,23.0,2.3,14.04,13:30,2.88,0.0,
2017-10-23,23.0,2.3,14.04,13:30,2.88,0.0,
2017-10-24,25.8,2.9,24.84,12:30,5.04,0.0,
2017-10-24,25.8,2.9,24.84,12:30,5.04,0.0,
2017-10-25,25.4,3.2,20.16,Varias,6.84,0.0,
2017-10-25,25.4,3.2,20.16,Varias,6.84,0.0,
2017-10-26,24.2,6.9,29.88,12:10,6.12,0.0,
2017-10-26,24.2,6.9,29.88,12:10,6.12,0.0,
2017-10-27,26.1,5.7,24.12,15:10,2.88,0.0,
2017-10-27,26.1,5.7,24.12,15:10,2.88,0.0,
2017-10-28,20.3,9.8,33.12,12:00,6.12,0.0,
2017-10-28,20.3,9.8,33.12,12:00,6.12,0.0,
2017-10-29,17.8,8.5,39.96,16:50,11.88,0.0,
2017-10-29,17.8,8.5,39.96,16:50,11.88,0.0,
2017-10-30,15.7,8.4,34.92,12:20,10.08,0.0,
2017-10-30,15.7,8.4,34.92,12:20,10.08,0.0,
2017-10-31,18.2,2.3,16.92,13:40,2.88,0.0,
2017-10-31,18.2,2.3,16.92,13:40,2.88,0.0,
2017-11-01,18.6,5.1,28.08,13:40,3.96,0.0,
2017-11-01,18.6,5.1,28.08,13:40,3.96,0.0,
2017-11-02,15.3,7.6,25.92,03:40,5.04,2.8,
2017-11-02,15.3,7.6,25.92,03:40,5.04,2.8,
2017-11-03,15.6,6.6,27.0,11:20,5.04,3.2,
2017-11-03,15.6,6.6,27.0,11:20,5.04,3.2,
2017-11-04,15.3,8.7,25.92,12:10,3.96,0.6,
2017-11-04,15.3,8.7,25.92,12:10,3.96,0.6,
2017-11-05,13.2,4.9,19.08,14:30,2.16,0.8,
2017-11-05,13.2,4.9,19.08,14:30,2.16,0.8,
2017-11-06,13.2,2.2,23.04,14:50,5.04,0.0,
2017-11-06,13.2,2.2,23.04,14:50,5.04,0.0,
2017-11-07,9.8,0.5,11.88,13:00,3.96,0.8,
2017-11-07,9.8,0.5,11.88,13:00,3.96,0.8,
2017-11-08,10.7,2.2,23.04,18:20,3.96,1.6,
2017-11-08,10.7,2.2,23.04,18:20,3.96,1.6,
2017-11-09,10.6,2.7,9.0,15:50,1.08,2.8,
2017-11-09,10.6,2.7,9.0,15:50,1.08,2.8,
2017-11-10,14.2,9.4,24.12,11:00,6.12,0.0,
2017-11-10,14.2,9.4,24.12,11:00,6.12,0.0,
2017-11-11,13.6,9.5,11.88,13:30,1.08,0.0,
2017-11-11,13.6,9.5,11.88,13:30,1.08,0.0,
2017-11-12,12.6,9.7,16.92,11:00,5.04,3.8,
2017-11-12,12.6,9.7,16.92,11:00,5.04,3.8,
2017-11-13,12.1,1.5,33.84,14:20,9.0,0.2,
2017-11-13,12.1,1.5,33.84,14:20,9.0,0.2,
2017-11-14,13.9,0.0,20.16,13:10,6.12,0.0,
2017-11-14,13.9,0.0,20.16,13:10,6.12,0.0,
2017-11-15,17.9,-0.1,10.08,02:10,2.16,0.0,
2017-11-15,17.9,-0.1,10.08,02:10,2.16,0.0,
2017-11-16,16.0,-0.4,16.92,15:50,2.16,0.0,
2017-11-16,16.0,-0.4,16.92,15:50,2.16,0.0,
2017-11-17,15.0,1.7,19.08,16:40,2.88,0.2,
2017-11-17,15.0,1.7,19.08,16:40,2.88,0.2,
2017-11-18,15.4,0.2,18.0,16:30,2.88,0.2,
2017-11-18,15.4,0.2,18.0,16:30,2.88,0.2,
2017-11-19,15.0,1.6,9.0,13:00,2.88,0.0,
2017-11-19,15.0,1.6,9.0,13:00,2.88,0.0,
2017-11-20,17.6,-1.0,12.96,14:40,2.16,0.0,
2017-11-20,17.6,-1.0,12.96,14:40,2.16,0.0,
2017-11-21,18.9,-1.6,25.92,23:50,3.96,0.0,
2017-11-21,18.9,-1.6,25.92,23:50,3.96,0.0,
2017-11-22,18.7,10.8,56.88,15:00,15.12,12.4,
2017-11-22,18.7,10.8,56.88,15:00,15.12,12.4,
2017-11-23,18.4,11.6,48.96,15:20,11.88,5.6,
2017-11-23,18.4,11.6,48.96,15:20,11.88,5.6,
2017-11-24,12.7,8.4,20.16,00:00,2.16,21.2,
2017-11-24,12.7,8.4,20.16,00:00,2.16,21.2,
2017-11-25,9.6,0.9,41.04,15:20,10.08,0.2,
2017-11-25,9.6,0.9,41.04,15:20,10.08,0.2,
2017-11-26,12.4,-1.2,19.08,12:20,3.96,0.0,
2017-11-26,12.4,-1.2,19.08,12:20,3.96,0.0,
2017-11-27,12.5,-2.5,10.08,13:00,2.88,0.0,
2017-11-27,12.5,-2.5,10.08,13:00,2.88,0.0,
2017-11-28,9.5,-3.8,10.08,13:20,2.16,0.0,
2017-11-28,9.5,-3.8,10.08,13:20,2.16,0.0,
2017-11-29,7.7,-0.4,34.92,13:00,6.84,2.0,
2017-11-29,7.7,-0.4,34.92,13:00,6.84,2.0,
2017-11-30,8.4,-1.4,9.0,00:20,2.16,1.2,
2017-11-30,8.4,-1.4,9.0,00:20,2.16,1.2,
2017-12-01,8.3,-0.1,54.0,13:30,5.04,1.2,
2017-12-01,8.3,-0.1,54.0,13:30,5.04,1.2,
2017-12-02,8.5,-0.3,29.16,14:30,2.88,0.4,
2017-12-02,8.5,-0.3,29.16,14:30,2.88,0.4,
2017-12-03,10.3,-2.0,15.12,14:50,2.16,0.0,
2017-12-03,10.3,-2.0,15.12,14:50,2.16,0.0,
2017-12-04,11.0,-1.0,10.08,12:30,2.16,0.2,
2017-12-04,11.0,-1.0,10.08,12:30,2.16,0.2,
2017-12-05,7.3,-3.2,7.92,20:20,2.88,0.2,
2017-12-05,7.3,-3.2,7.92,20:20,2.88,0.2,
2017-12-06,12.0,-5.9,20.16,12:50,6.12,0.6,
2017-12-06,12.0,-5.9,20.16,12:50,6.12,0.6,
2017-12-07,10.1,6.4,32.04,09:30,9.0,10.0,
2017-12-07,10.1,6.4,32.04,09:30,9.0,10.0,
2017-12-08,12.0,7.6,21.96,00:10,2.16,5.6,
2017-12-08,12.0,7.6,21.96,00:10,2.16,5.6,
2017-12-09,12.4,7.4,29.88,23:10,11.16,9.2,
2017-12-09,12.4,7.4,29.88,23:10,11.16,9.2,
2017-12-10,13.2,6.4,74.88,17:50,23.04,68.4,
2017-12-10,13.2,6.4,74.88,17:50,23.04,68.4,
2017-12-11,7.4,0.9,36.0,00:00,6.84,9.8,
2017-12-11,7.4,0.9,36.0,00:00,6.84,9.8,
2017-12-12,7.4,1.2,34.92,23:50,6.12,1.0,
2017-12-12,7.4,1.2,34.92,23:50,6.12,1.0,
2017-12-13,11.4,6.5,36.0,13:40,14.04,13.2,
2017-12-13,11.4,6.5,36.0,13:40,14.04,13.2,
2017-12-14,11.8,7.2,28.08,20:10,6.84,2.4,
2017-12-14,11.8,7.2,28.08,20:10,6.84,2.4,
2017-12-15,9.3,3.1,23.04,Varias,3.96,0.6,
2017-12-15,9.3,3.1,23.04,Varias,3.96,0.6,
2017-12-16,8.5,0.4,18.0,13:30,1.08,0.6,
2017-12-16,8.5,0.4,18.0,13:30,1.08,0.6,
2017-12-17,3.1,-0.9,7.92,06:00,1.08,0.0,
2017-12-17,3.1,-0.9,7.92,06:00,1.08,0.0,
2017-12-18,7.4,-1.9,9.0,08:00,2.16,2.0,
2017-12-18,7.4,-1.9,9.0,08:00,2.16,2.0,
2017-12-19,12.3,2.4,27.0,12:10,2.88,0.2,
2017-12-19,12.3,2.4,27.0,12:10,2.88,0.2,
2017-12-20,10.0,-0.6,9.0,00:00,2.88,0.2,
2017-12-20,10.0,-0.6,9.0,00:00,2.88,0.2,
2017-12-21,13.1,-1.9,9.0,12:20,2.88,0.2,
2017-12-21,13.1,-1.9,9.0,12:20,2.88,0.2,
2017-12-22,8.0,-1.4,14.04,18:40,2.16,0.2,
2017-12-22,8.0,-1.4,14.04,18:40,2.16,0.2,
2017-12-23,12.1,0.1,20.16,18:10,6.12,0.0,
2017-12-23,12.1,0.1,20.16,18:10,6.12,0.0,
2017-12-24,13.4,-0.5,21.96,13:40,5.04,0.0,
2017-12-24,13.4,-0.5,21.96,13:40,5.04,0.0,
2017-12-25,10.9,2.5,52.92,14:30,12.96,6.2,
2017-12-25,10.9,2.5,52.92,14:30,12.96,6.2,
2017-12-26,10.6,3.9,59.04,19:10,14.04,17.8,
2017-12-26,10.6,3.9,59.04,19:10,14.04,17.8,
2017-12-27,7.0,4.7,36.0,01:40,6.84,10.0,
2017-12-27,7.0,4.7,36.0,01:40,6.84,10.0,
2017-12-28,10.5,6.5,28.08,23:30,7.92,5.4,
2017-12-28,10.5,6.5,28.08,23:30,7.92,5.4,
2017-12-29,15.0,9.2,32.04,14:10,11.88,1.2,
2017-12-29,15.0,9.2,32.04,14:10,11.88,1.2,
2017-12-30,14.4,10.9,47.16,Varias,15.84,0.0,
2017-12-30,14.4,10.9,47.16,Varias,15.84,0.0,
2017-12-31,11.9,4.9,59.04,14:20,15.84,15.8,
2017-12-31,11.9,4.9,59.04,14:20,15.84,15.8,
2018-01-01,11.7,6.4,48.96,13:20,16.92,2.6,
2018-01-01,11.7,6.4,48.96,13:20,16.92,2.6,
2018-01-02,14.1,9.8,34.92,05:20,14.04,2.6,
2018-01-02,14.1,9.8,34.92,05:20,14.04,2.6,
2018-01-03,14.9,12.3,34.92,19:50,14.04,2.0,
2018-01-03,14.9,12.3,34.92,19:50,14.04,2.0,
2018-01-04,13.5,10.5,54.0,15:30,18.0,15.4,
2018-01-04,13.5,10.5,54.0,15:30,18.0,15.4,
2018-01-05,11.4,2.0,52.92,01:10,11.16,3.2,
2018-01-05,11.4,2.0,52.92,01:10,11.16,3.2,
2018-01-06,5.8,-1.2,14.04,18:20,2.88,3.0,
2018-01-06,5.8,-1.2,14.04,18:20,2.88,3.0,
2018-01-07,7.5,0.2,24.84,11:50,5.04,6.6,
2018-01-07,7.5,0.2,24.84,11:50,5.04,6.6,
2018-01-08,9.1,4.6,18.0,13:20,5.04,0.6,
2018-01-08,9.1,4.6,18.0,13:20,5.04,0.6,
2018-01-09,8.1,4.8,41.04,09:50,12.96,4.6,
2018-01-09,8.1,4.8,41.04,09:50,12.96,4.6,
2018-01-10,9.4,3.4,56.88,13:10,15.12,19.8,
2018-01-10,9.4,3.4,56.88,13:10,15.12,19.8,
2018-01-11,8.6,3.1,33.84,00:00,6.84,1.0,
2018-01-11,8.6,3.1,33.84,00:00,6.84,1.0,
2018-01-12,8.8,0.4,29.16,15:50,6.12,6.2,
2018-01-12,8.8,0.4,29.16,15:50,6.12,6.2,
2018-01-13,9.4,3.5,29.88,15:30,6.84,2.6,
2018-01-13,9.4,3.5,29.88,15:30,6.84,2.6,
2018-01-14,9.5,-0.6,16.92,01:10,2.16,0.0,
2018-01-14,9.5,-0.6,16.92,01:10,2.16,0.0,
2018-01-15,8.4,-1.9,37.08,20:10,7.92,2.0,
2018-01-15,8.4,-1.9,37.08,20:10,7.92,2.0,
2018-01-16,12.3,8.4,33.12,15:50,12.96,0.4,
2018-01-16,12.3,8.4,33.12,15:50,12.96,0.4,
2018-01-17,10.8,0.8,25.92,03:20,2.16,0.0,
2018-01-17,10.8,0.8,25.92,03:20,2.16,0.0,
2018-01-18,8.7,-1.4,16.92,13:10,3.96,0.6,
2018-01-18,8.7,-1.4,16.92,13:10,3.96,0.6,
2018-01-19,12.9,3.7,20.88,12:00,5.04,0.0,
2018-01-19,12.9,3.7,20.88,12:00,5.04,0.0,
2018-01-20,10.1,3.5,33.12,10:50,10.08,1.0,
2018-01-20,10.1,3.5,33.12,10:50,10.08,1.0,
2018-01-21,13.4,9.7,32.04,14:50,9.0,0.2,
2018-01-21,13.4,9.7,32.04,14:50,9.0,0.2,
2018-01-22,14.1,9.3,24.12,01:30,9.0,0.4,
2018-01-22,14.1,9.3,24.12,01:30,9.0,0.4,
2018-01-23,12.0,6.1,21.96,13:00,6.84,0.0,
2018-01-23,12.0,6.1,21.96,13:00,6.84,0.0,
2018-01-24,11.3,5.8,41.04,19:50,14.04,10.8,
2018-01-24,11.3,5.8,41.04,19:50,14.04,10.8,
2018-01-25,9.1,3.5,43.92,15:30,2.88,8.8,
2018-01-25,9.1,3.5,43.92,15:30,2.88,8.8,
2018-01-26,9.6,1.0,23.04,14:40,2.88,4.4,
2018-01-26,9.6,1.0,23.04,14:40,2.88,4.4,
2018-01-27,8.4,1.0,15.12,12:00,2.88,2.2,
2018-01-27,8.4,1.0,15.12,12:00,2.88,2.2,
2018-01-28,13.4,0.3,20.88,14:10,5.04,0.0,
2018-01-28,13.4,0.3,20.88,14:10,5.04,0.0,
2018-01-29,14.6,-2.6,20.16,16:40,2.16,0.2,
2018-01-29,14.6,-2.6,20.16,16:40,2.16,0.2,
2018-01-30,13.8,-0.8,11.88,Varias,2.88,0.2,
2018-01-30,13.8,-0.8,11.88,Varias,2.88,0.2,
2018-01-31,9.6,0.3,16.92,16:20,2.88,2.0,
2018-01-31,9.6,0.3,16.92,16:20,2.88,2.0,
2018-02-01,7.2,1.5,30.96,22:50,2.88,11.4,
2018-02-01,7.2,1.5,30.96,22:50,2.88,11.4,
2018-02-02,5.7,0.2,24.12,16:50,2.16,4.0,
2018-02-02,5.7,0.2,24.12,16:50,2.16,4.0,
2018-02-03,7.3,1.3,25.92,16:20,7.92,8.8,
2018-02-03,7.3,1.3,25.92,16:20,7.92,8.8,
2018-02-04,4.5,0.3,34.92,22:30,2.16,12.4,
2018-02-04,4.5,0.3,34.92,22:30,2.16,12.4,
2018-02-05,5.4,0.8,47.16,10:20,11.16,2.6,
2018-02-05,5.4,0.8,47.16,10:20,11.16,2.6,
2018-02-06,5.2,-0.9,28.08,00:00,1.08,4.6,
2018-02-06,5.2,-0.9,28.08,00:00,1.08,4.6,
2018-02-07,4.3,-1.6,21.96,15:10,3.96,8.8,
2018-02-07,4.3,-1.6,21.96,15:10,3.96,8.8,
2018-02-08,7.2,-2.0,20.88,23:30,3.96,5.0,
2018-02-08,7.2,-2.0,20.88,23:30,3.96,5.0,
2018-02-09,7.4,1.1,29.88,14:50,6.12,2.2,
2018-02-09,7.4,1.1,29.88,14:50,6.12,2.2,
2018-02-10,7.4,0.9,18.0,14:00,6.12,1.0,
2018-02-10,7.4,0.9,18.0,14:00,6.12,1.0,
2018-02-11,10.2,-0.2,27.0,14:30,6.84,6.6,
2018-02-11,10.2,-0.2,27.0,14:30,6.84,6.6,
2018-02-12,6.9,-3.2,24.12,Varias,3.96,6.6,
2018-02-12,6.9,-3.2,24.12,Varias,3.96,6.6,
2018-02-13,8.5,1.6,41.04,07:50,9.0,19.4,
2018-02-13,8.5,1.6,41.04,07:50,9.0,19.4,
2018-02-14,13.5,8.2,37.08,04:30,15.84,1.0,
2018-02-14,13.5,8.2,37.08,04:30,15.84,1.0,
2018-02-15,14.5,11.6,41.04,06:00,12.96,6.8,
2018-02-15,14.5,11.6,41.04,06:00,12.96,6.8,
2018-02-16,11.7,6.9,28.08,19:50,9.0,0.0,
2018-02-16,11.7,6.9,28.08,19:50,9.0,0.0,
2018-02-17,11.9,0.6,27.0,13:20,5.04,0.0,
2018-02-17,11.9,0.6,27.0,13:20,5.04,0.0,
2018-02-18,13.1,-1.3,25.92,15:00,3.96,0.0,
2018-02-18,13.1,-1.3,25.92,15:00,3.96,0.0,
2018-02-19,10.1,5.1,16.92,17:10,3.96,0.0,
2018-02-19,10.1,5.1,16.92,17:10,3.96,0.0,
2018-02-20,12.2,5.6,32.04,14:00,10.08,0.0,
2018-02-20,12.2,5.6,32.04,14:00,10.08,0.0,
2018-02-21,9.7,1.7,43.92,12:10,7.92,0.0,
2018-02-21,9.7,1.7,43.92,12:10,7.92,0.0,
2018-02-22,11.4,-2.6,27.0,16:00,6.84,0.0,
2018-02-22,11.4,-2.6,27.0,16:00,6.84,0.0,
2018-02-23,12.4,-3.3,15.84,17:30,5.04,0.0,
2018-02-23,12.4,-3.3,15.84,17:30,5.04,0.0,
2018-02-24,12.2,-4.3,23.04,17:30,3.96,0.0,
2018-02-24,12.2,-4.3,23.04,17:30,3.96,0.0,
2018-02-25,14.9,-2.7,21.96,17:30,3.96,0.0,
2018-02-25,14.9,-2.7,21.96,17:30,3.96,0.0,
2018-02-26,12.3,-2.7,36.0,Varias,10.08,0.0,
2018-02-26,12.3,-2.7,36.0,Varias,10.08,0.0,
2018-02-27,6.9,-1.8,34.92,10:40,10.08,0.0,
2018-02-27,6.9,-1.8,34.92,10:40,10.08,0.0,
2018-02-28,3.1,-2.1,25.92,01:00,2.16,0.0,
2018-02-28,3.1,-2.1,25.92,01:00,2.16,0.0,
2018-03-01,10.8,1.8,47.16,23:00,11.16,0.0,
2018-03-01,10.8,1.8,47.16,23:00,11.16,0.0,
2018-03-02,9.9,0.8,42.84,14:00,11.16,0.0,
2018-03-02,9.9,0.8,42.84,14:00,11.16,0.0,
2018-03-03,9.2,4.2,56.88,10:40,12.96,0.0,
2018-03-03,9.2,4.2,56.88,10:40,12.96,0.0,
2018-03-04,10.6,3.7,61.92,17:10,11.88,0.0,
2018-03-04,10.6,3.7,61.92,17:10,11.88,0.0,
2018-03-05,9.7,4.0,37.08,02:50,9.0,0.0,
2018-03-05,9.7,4.0,37.08,02:50,9.0,0.0,
2018-03-06,8.6,2.9,43.92,12:30,12.96,0.0,
2018-03-06,8.6,2.9,43.92,12:30,12.96,0.0,
2018-03-07,11.4,2.6,38.16,12:40,11.16,0.0,
2018-03-07,11.4,2.6,38.16,12:40,11.16,0.0,
2018-03-08,14.9,5.9,45.0,18:00,14.04,0.0,
2018-03-08,14.9,5.9,45.0,18:00,14.04,0.0,
2018-03-09,16.5,10.6,65.16,23:40,15.12,0.0,
2018-03-09,16.5,10.6,65.16,23:40,15.12,0.0,
2018-03-10,13.7,6.5,57.96,23:00,11.16,0.0,
2018-03-10,13.7,6.5,57.96,23:00,11.16,0.0,
2018-03-11,10.6,6.0,65.88,12:40,21.96,0.0,
2018-03-11,10.6,6.0,65.88,12:40,21.96,0.0,
2018-03-12,11.4,4.3,46.08,16:00,14.04,0.0,
2018-03-12,11.4,4.3,46.08,16:00,14.04,0.0,
2018-03-13,16.0,4.3,45.0,23:50,11.16,0.0,
2018-03-13,16.0,4.3,45.0,23:50,11.16,0.0,
2018-03-14,12.3,5.2,73.08,12:00,15.12,0.0,
2018-03-14,12.3,5.2,73.08,12:00,15.12,0.0,
2018-03-15,8.3,3.7,39.96,04:40,10.08,0.0,
2018-03-15,8.3,3.7,39.96,04:40,10.08,0.0,
2018-03-16,8.2,3.2,43.92,15:40,14.04,0.0,
2018-03-16,8.2,3.2,43.92,15:40,14.04,0.0,
2018-03-17,10.9,2.1,33.12,14:50,6.12,0.0,
2018-03-17,10.9,2.1,33.12,14:50,6.12,0.0,
2018-03-18,10.1,2.5,33.12,Varias,11.16,0.0,
2018-03-18,10.1,2.5,33.12,Varias,11.16,0.0,
2018-03-19,7.2,2.4,51.12,13:20,9.0,0.0,
2018-03-19,7.2,2.4,51.12,13:20,9.0,0.0,
2018-03-20,5.2,0.5,33.84,10:10,6.84,2.2,
2018-03-20,5.2,0.5,33.84,10:10,6.84,2.2,
2018-03-21,10.3,-1.3,34.92,10:10,6.84,0.0,
2018-03-21,10.3,-1.3,34.92,10:10,6.84,0.0,
2018-03-22,16.3,-3.6,28.08,16:00,6.12,1.8,
2018-03-22,16.3,-3.6,28.08,16:00,6.12,1.8,
2018-03-23,12.2,3.1,56.88,15:30,11.16,24.2,
2018-03-23,12.2,3.1,56.88,15:30,11.16,24.2,
2018-03-24,8.1,2.4,47.88,11:30,11.88,11.2,
2018-03-24,8.1,2.4,47.88,11:30,11.88,11.2,
2018-03-25,12.0,2.5,33.12,12:30,6.84,0.4,
2018-03-25,12.0,2.5,33.12,12:30,6.84,0.4,
2018-03-26,11.0,2.0,23.04,11:40,6.84,0.0,
2018-03-26,11.0,2.0,23.04,11:40,6.84,0.0,
2018-03-27,17.8,7.5,27.0,11:10,11.88,0.0,
2018-03-27,17.8,7.5,27.0,11:10,11.88,0.0,
2018-03-28,10.9,2.9,34.92,05:50,12.96,2.6,
2018-03-28,10.9,2.9,34.92,05:50,12.96,2.6,
2018-03-29,8.0,2.5,45.0,21:20,18.0,13.6,
2018-03-29,8.0,2.5,45.0,21:20,18.0,13.6,
2018-03-30,5.0,1.0,46.08,08:40,15.84,37.4,
2018-03-30,5.0,1.0,46.08,08:40,15.84,37.4,
2018-03-31,11.4,1.7,29.88,15:10,11.16,1.0,
2018-03-31,11.4,1.7,29.88,15:10,11.16,1.0,
2018-04-01,17.1,6.1,42.84,13:10,12.96,2.4,
2018-04-01,17.1,6.1,42.84,13:10,12.96,2.4,
2018-04-02,14.8,9.3,51.12,15:50,19.08,19.8,
2018-04-02,14.8,9.3,51.12,15:50,19.08,19.8,
2018-04-03,12.4,4.9,68.04,15:50,15.12,11.6,
2018-04-03,12.4,4.9,68.04,15:50,15.12,11.6,
2018-04-04,13.0,4.9,45.0,14:00,15.12,2.0,
2018-04-04,13.0,4.9,45.0,14:00,15.12,2.0,
2018-04-05,17.9,4.4,39.96,14:50,11.88,0.0,
2018-04-05,17.9,4.4,39.96,14:50,11.88,0.0,
2018-04-06,11.8,6.0,37.08,07:40,7.92,12.0,
2018-04-06,11.8,6.0,37.08,07:40,7.92,12.0,
2018-04-07,15.0,5.5,45.0,15:20,7.92,12.4,
2018-04-07,15.0,5.5,45.0,15:20,7.92,12.4,
2018-04-08,15.1,5.3,36.0,13:00,12.96,1.2,
2018-04-08,15.1,5.3,36.0,13:00,12.96,1.2,
2018-04-09,13.8,6.4,36.0,23:20,6.12,8.2,
2018-04-09,13.8,6.4,36.0,23:20,6.12,8.2,
2018-04-10,10.9,3.2,36.0,02:40,3.96,8.8,
2018-04-10,10.9,3.2,36.0,02:40,3.96,8.8,
2018-04-11,12.2,0.3,23.04,15:00,3.96,2.8,
2018-04-11,12.2,0.3,23.04,15:00,3.96,2.8,
2018-04-12,14.0,4.9,21.96,13:50,6.12,1.8,
2018-04-12,14.0,4.9,21.96,13:50,6.12,1.8,
2018-04-13,11.8,6.9,19.08,18:10,5.04,3.4,
2018-04-13,11.8,6.9,19.08,18:10,5.04,3.4,
2018-04-14,17.0,5.6,37.08,15:40,12.96,0.4,
2018-04-14,17.0,5.6,37.08,15:40,12.96,0.4,
2018-04-15,13.6,6.1,46.08,11:20,11.88,0.2,
2018-04-15,13.6,6.1,46.08,11:20,11.88,0.2,
2018-04-16,17.5,4.7,39.96,16:10,12.96,0.0,
2018-04-16,17.5,4.7,39.96,16:10,12.96,0.0,
2018-04-17,22.8,8.5,43.92,10:40,12.96,0.0,
2018-04-17,22.8,8.5,43.92,10:40,12.96,0.0,
2018-04-18,27.0,4.4,41.04,12:10,6.84,0.0,
2018-04-18,27.0,4.4,41.04,12:10,6.84,0.0,
2018-04-19,25.8,5.3,30.96,15:00,3.96,0.2,
2018-04-19,25.8,5.3,30.96,15:00,3.96,0.2,
2018-04-20,25.2,7.9,29.16,14:00,6.12,0.0,
2018-04-20,25.2,7.9,29.16,14:00,6.12,0.0,
2018-04-21,24.7,5.2,29.16,18:00,6.84,0.0,
2018-04-21,24.7,5.2,29.16,18:00,6.84,0.0,
2018-04-22,24.0,7.9,27.0,16:00,3.96,0.0,
2018-04-22,24.0,7.9,27.0,16:00,3.96,0.0,
2018-04-23,17.4,9.7,27.0,13:00,7.92,0.0,
2018-04-23,17.4,9.7,27.0,13:00,7.92,0.0,
2018-04-24,24.4,9.9,33.12,15:10,6.12,0.0,
2018-04-24,24.4,9.9,33.12,15:10,6.12,0.0,
2018-04-25,17.0,6.8,33.84,14:30,7.92,0.0,
2018-04-25,17.0,6.8,33.84,14:30,7.92,0.0,
2018-04-26,18.8,5.6,29.88,10:00,7.92,0.0,
2018-04-26,18.8,5.6,29.88,10:00,7.92,0.0,
2018-04-27,14.5,5.0,25.92,11:30,6.84,0.0,
2018-04-27,14.5,5.0,25.92,11:30,6.84,0.0,
2018-04-28,16.9,1.4,29.88,16:40,3.96,11.4,
2018-04-28,16.9,1.4,29.88,16:40,3.96,11.4,
2018-04-29,10.1,4.4,42.12,13:40,10.08,5.4,
2018-04-29,10.1,4.4,42.12,13:40,10.08,5.4,
2018-04-30,10.6,1.8,24.12,17:10,5.04,3.0,
2018-04-30,10.6,1.8,24.12,17:10,5.04,3.0,
2018-05-01,15.3,-0.7,32.04,17:20,9.0,1.2,
2018-05-01,15.3,-0.7,32.04,17:20,9.0,1.2,
2018-05-02,11.6,6.5,29.88,10:00,7.92,1.2,
2018-05-02,11.6,6.5,29.88,10:00,7.92,1.2,
2018-05-03,14.2,6.3,34.92,16:00,9.0,0.0,
2018-05-03,14.2,6.3,34.92,16:00,9.0,0.0,
2018-05-04,17.0,5.2,39.96,17:00,11.88,0.0,
2018-05-04,17.0,5.2,39.96,17:00,11.88,0.0,
2018-05-05,19.5,2.8,36.0,14:50,9.0,0.0,
2018-05-05,19.5,2.8,36.0,14:50,9.0,0.0,
2018-05-06,24.5,5.1,28.08,14:50,3.96,0.0,
2018-05-06,24.5,5.1,28.08,14:50,3.96,0.0,
2018-05-07,26.2,7.0,27.0,16:20,6.12,0.0,
2018-05-07,26.2,7.0,27.0,16:20,6.12,0.0,
2018-05-08,18.9,11.3,29.16,18:50,6.12,0.0,
2018-05-08,18.9,11.3,29.16,18:50,6.12,0.0,
2018-05-09,17.8,9.9,23.04,14:20,6.12,0.0,
2018-05-09,17.8,9.9,23.04,14:20,6.12,0.0,
2018-05-10,17.7,5.7,34.92,09:10,9.0,0.0,
2018-05-10,17.7,5.7,34.92,09:10,9.0,0.0,
2018-05-11,16.1,4.3,28.08,Varias,7.92,1.8,
2018-05-11,16.1,4.3,28.08,Varias,7.92,1.8,
2018-05-12,13.2,5.2,37.08,08:40,9.0,0.4,
2018-05-12,13.2,5.2,37.08,08:40,9.0,0.4,
2018-05-13,11.3,5.7,27.0,14:10,5.04,0.2,
2018-05-13,11.3,5.7,27.0,14:10,5.04,0.2,
2018-05-14,17.4,6.9,32.04,13:10,7.92,0.2,
2018-05-14,17.4,6.9,32.04,13:10,7.92,0.2,
2018-05-15,18.6,2.4,38.88,19:40,7.92,0.0,
2018-05-15,18.6,2.4,38.88,19:40,7.92,0.0,
2018-05-16,18.2,9.6,33.84,16:10,11.16,0.0,
2018-05-16,18.2,9.6,33.84,16:10,11.16,0.0,
2018-05-17,19.9,9.3,42.12,14:00,11.16,0.0,
2018-05-17,19.9,9.3,42.12,14:00,11.16,0.0,
2018-05-18,20.2,10.2,38.16,16:10,9.0,0.0,
2018-05-18,20.2,10.2,38.16,16:10,9.0,0.0,
2018-05-19,23.6,8.2,42.12,17:30,9.0,0.0,
2018-05-19,23.6,8.2,42.12,17:30,9.0,0.0,
2018-05-20,23.2,5.4,32.04,14:30,7.92,0.0,
2018-05-20,23.2,5.4,32.04,14:30,7.92,0.0,
2018-05-21,24.3,6.9,27.0,Varias,2.88,0.2,
2018-05-21,24.3,6.9,27.0,Varias,2.88,0.2,
2018-05-22,24.8,9.9,33.12,15:20,5.04,0.0,
2018-05-22,24.8,9.9,33.12,15:20,5.04,0.0,
2018-05-23,24.8,8.2,24.84,14:00,3.96,0.0,
2018-05-23,24.8,8.2,24.84,14:00,3.96,0.0,
2018-05-24,21.8,11.7,33.12,15:10,2.88,1.8,
2018-05-24,21.8,11.7,33.12,15:10,2.88,1.8,
2018-05-25,14.2,11.9,33.84,10:00,9.0,10.0,
2018-05-25,14.2,11.9,33.84,10:00,9.0,10.0,
2018-05-26,16.6,11.7,14.04,19:20,2.16,1.4,
2018-05-26,16.6,11.7,14.04,19:20,2.16,1.4,
2018-05-27,18.9,10.7,20.16,15:30,3.96,0.0,
2018-05-27,18.9,10.7,20.16,15:30,3.96,0.0,
2018-05-28,18.3,9.6,27.0,17:40,6.12,4.8,
2018-05-28,18.3,9.6,27.0,17:40,6.12,4.8,
2018-05-29,16.8,11.9,20.88,15:30,6.84,0.2,
2018-05-29,16.8,11.9,20.88,15:30,6.84,0.2,
2018-05-30,14.5,11.5,24.12,14:10,6.84,0.0,
2018-05-30,14.5,11.5,24.12,14:10,6.84,0.0,
2018-05-31,18.2,11.0,33.12,14:10,9.0,0.4,
2018-05-31,18.2,11.0,33.12,14:10,9.0,0.4,
2018-06-01,19.5,9.1,32.04,16:20,5.04,1.6,
2018-06-01,19.5,9.1,32.04,16:20,5.04,1.6,
2018-06-02,23.6,9.2,21.96,15:30,6.12,0.0,
2018-06-02,23.6,9.2,21.96,15:30,6.12,0.0,
2018-06-03,18.8,11.3,37.08,14:10,11.88,1.0,
2018-06-03,18.8,11.3,37.08,14:10,11.88,1.0,
2018-06-04,14.2,10.1,37.08,16:30,6.12,5.4,
2018-06-04,14.2,10.1,37.08,16:30,6.12,5.4,
2018-06-05,14.5,9.9,16.92,15:10,5.04,4.4,
2018-06-05,14.5,9.9,16.92,15:10,5.04,4.4,
2018-06-06,17.6,12.3,18.0,18:50,2.16,2.0,
2018-06-06,17.6,12.3,18.0,18:50,2.16,2.0,
2018-06-07,17.7,12.1,24.84,11:50,6.12,4.8,
2018-06-07,17.7,12.1,24.84,11:50,6.12,4.8,
2018-06-08,16.2,11.2,21.96,16:50,2.88,10.4,
2018-06-08,16.2,11.2,21.96,16:50,2.88,10.4,
2018-06-09,17.2,10.0,36.0,10:40,7.92,6.4,
2018-06-09,17.2,10.0,36.0,10:40,7.92,6.4,
2018-06-10,18.4,10.2,28.08,12:20,2.88,3.8,
2018-06-10,18.4,10.2,28.08,12:20,2.88,3.8,
2018-06-11,16.8,10.8,16.92,12:40,3.96,1.4,
2018-06-11,16.8,10.8,16.92,12:40,3.96,1.4,
2018-06-12,17.6,11.9,21.96,19:30,3.96,0.0,
2018-06-12,17.6,11.9,21.96,19:30,3.96,0.0,
2018-06-13,20.4,8.8,24.12,13:10,7.92,0.0,
2018-06-13,20.4,8.8,24.12,13:10,7.92,0.0,
2018-06-14,26.0,9.6,27.0,18:10,6.12,0.0,
2018-06-14,26.0,9.6,27.0,18:10,6.12,0.0,
2018-06-15,17.1,12.3,27.0,11:50,10.08,0.0,
2018-06-15,17.1,12.3,27.0,11:50,10.08,0.0,
2018-06-16,24.4,11.2,33.12,18:20,6.84,0.0,
2018-06-16,24.4,11.2,33.12,18:20,6.84,0.0,
2018-06-17,26.4,12.0,27.0,16:20,9.0,0.0,
2018-06-17,26.4,12.0,27.0,16:20,9.0,0.0,
2018-06-18,23.1,11.7,38.16,15:40,10.08,0.0,
2018-06-18,23.1,11.7,38.16,15:40,10.08,0.0,
2018-06-19,22.2,14.0,34.92,12:50,9.0,0.0,
2018-06-19,22.2,14.0,34.92,12:50,9.0,0.0,
2018-06-20,27.4,15.0,19.08,14:50,3.96,0.0,
2018-06-20,27.4,15.0,19.08,14:50,3.96,0.0,
2018-06-21,23.3,16.0,33.84,20:50,10.08,0.0,
2018-06-21,23.3,16.0,33.84,20:50,10.08,0.0,
2018-06-22,20.9,15.1,36.0,15:10,7.92,0.0,
2018-06-22,20.9,15.1,36.0,15:10,7.92,0.0,
2018-06-23,26.4,14.5,21.96,11:30,7.92,0.0,
2018-06-23,26.4,14.5,21.96,11:30,7.92,0.0,
2018-06-24,33.6,13.7,19.08,15:00,3.96,0.0,
2018-06-24,33.6,13.7,19.08,15:00,3.96,0.0,
2018-06-25,31.7,14.6,27.0,14:10,3.96,0.0,
2018-06-25,31.7,14.6,27.0,14:10,3.96,0.0,
2018-06-26,21.5,15.0,14.04,16:20,2.88,0.0,
2018-06-26,21.5,15.0,14.04,16:20,2.88,0.0,
2018-06-27,22.2,12.1,23.04,19:10,5.04,0.0,
2018-06-27,22.2,12.1,23.04,19:10,5.04,0.0,
2018-06-28,20.1,12.3,21.96,16:20,6.12,1.0,
2018-06-28,20.1,12.3,21.96,16:20,6.12,1.0,
2018-06-29,28.6,13.7,27.0,16:00,5.04,3.0,
2018-06-29,28.6,13.7,27.0,16:00,5.04,3.0,
2018-06-30,21.9,13.6,38.16,15:20,2.88,19.2,
2018-06-30,21.9,13.6,38.16,15:20,2.88,19.2,
2018-07-01,21.8,12.3,36.0,11:30,2.88,9.0,
2018-07-01,21.8,12.3,36.0,11:30,2.88,9.0,
2018-07-02,22.7,13.3,38.16,14:40,6.84,0.6,
2018-07-02,22.7,13.3,38.16,14:40,6.84,0.6,
2018-07-03,24.8,13.2,28.08,12:20,7.92,6.6,
2018-07-03,24.8,13.2,28.08,12:20,7.92,6.6,
2018-07-04,22.6,15.1,27.0,16:00,6.12,1.4,
2018-07-04,22.6,15.1,27.0,16:00,6.12,1.4,
2018-07-05,21.0,14.7,14.04,17:40,2.88,0.0,
2018-07-05,21.0,14.7,14.04,17:40,2.88,0.0,
2018-07-06,24.5,14.4,21.96,15:40,3.96,0.0,
2018-07-06,24.5,14.4,21.96,15:40,3.96,0.0,
2018-07-07,25.2,15.3,28.08,14:30,6.84,0.0,
2018-07-07,25.2,15.3,28.08,14:30,6.84,0.0,
2018-07-08,25.3,16.7,29.16,12:20,6.84,0.0,
2018-07-08,25.3,16.7,29.16,12:20,6.84,0.0,
2018-07-09,28.4,14.2,38.88,15:20,9.0,0.0,
2018-07-09,28.4,14.2,38.88,15:20,9.0,0.0,
2018-07-10,27.5,15.2,28.08,Varias,7.92,0.0,
2018-07-10,27.5,15.2,28.08,Varias,7.92,0.0,
2018-07-11,19.1,15.2,28.08,13:30,7.92,0.0,
2018-07-11,19.1,15.2,28.08,13:30,7.92,0.0,
2018-07-12,25.3,14.9,25.92,Varias,6.84,0.0,
2018-07-12,25.3,14.9,25.92,Varias,6.84,0.0,
2018-07-13,23.8,16.0,33.12,14:20,11.16,0.0,
2018-07-13,23.8,16.0,33.12,14:20,11.16,0.0,
2018-07-14,27.3,16.3,25.92,14:10,6.12,0.0,
2018-07-14,27.3,16.3,25.92,14:10,6.12,0.0,
2018-07-15,23.4,15.6,25.92,Varias,5.04,0.8,
2018-07-15,23.4,15.6,25.92,Varias,5.04,0.8,
2018-07-16,24.3,14.9,18.0,15:50,3.96,0.0,
2018-07-16,24.3,14.9,18.0,15:50,3.96,0.0,
2018-07-17,21.4,14.7,29.16,16:20,7.92,0.0,
2018-07-17,21.4,14.7,29.16,16:20,7.92,0.0,
2018-07-18,25.6,16.3,25.92,17:10,3.96,0.0,
2018-07-18,25.6,16.3,25.92,17:10,3.96,0.0,
2018-07-19,17.9,14.7,42.12,09:40,6.84,0.0,
2018-07-19,17.9,14.7,42.12,09:40,6.84,0.0,
2018-07-20,19.6,10.8,29.16,14:30,6.84,0.0,
2018-07-20,19.6,10.8,29.16,14:30,6.84,0.0,
2018-07-21,19.6,10.6,21.96,15:40,3.96,0.0,
2018-07-21,19.6,10.6,21.96,15:40,3.96,0.0,
2018-07-22,24.4,11.9,28.08,12:20,6.84,0.0,
2018-07-22,24.4,11.9,28.08,12:20,6.84,0.0,
2018-07-23,32.0,15.1,30.96,16:00,5.04,0.0,
2018-07-23,32.0,15.1,30.96,16:00,5.04,0.0,
2018-07-24,23.6,17.0,27.0,15:10,6.84,0.0,
2018-07-24,23.6,17.0,27.0,15:10,6.84,0.0,
2018-07-25,27.1,17.1,24.12,Varias,6.84,0.0,
2018-07-25,27.1,17.1,24.12,Varias,6.84,0.0,
2018-07-26,26.5,14.7,19.08,18:00,6.12,0.0,
2018-07-26,26.5,14.7,19.08,18:00,6.12,0.0,
2018-07-27,23.4,14.4,28.08,19:00,6.84,0.0,
2018-07-27,23.4,14.4,28.08,19:00,6.84,0.0,
2018-07-28,25.1,14.8,24.12,13:20,5.04,0.0,
2018-07-28,25.1,14.8,24.12,13:20,5.04,0.0,
2018-07-29,23.9,12.7,34.92,15:10,11.88,0.0,
2018-07-29,23.9,12.7,34.92,15:10,11.88,0.0,
2018-07-30,25.1,16.1,33.12,16:40,10.08,0.2,
2018-07-30,25.1,16.1,33.12,16:40,10.08,0.2,
2018-07-31,24.4,14.3,29.88,18:10,5.04,0.0,
2018-07-31,24.4,14.3,29.88,18:10,5.04,0.0,
2018-08-01,24.4,12.3,28.08,13:10,7.92,0.0,
2018-08-01,24.4,12.3,28.08,13:10,7.92,0.0,
2018-08-02,32.7,15.4,18.0,14:10,5.04,0.0,
2018-08-02,32.7,15.4,18.0,14:10,5.04,0.0,
2018-08-03,35.6,17.7,19.08,Varias,2.88,0.0,
2018-08-03,35.6,17.7,19.08,Varias,2.88,0.0,
2018-08-04,27.6,18.3,20.88,12:30,3.96,0.0,
2018-08-04,27.6,18.3,20.88,12:30,3.96,0.0,
2018-08-05,34.9,17.2,11.88,14:00,3.96,0.0,
2018-08-05,34.9,17.2,11.88,14:00,3.96,0.0,
2018-08-06,34.7,15.7,25.92,12:10,5.04,0.0,
2018-08-06,34.7,15.7,25.92,12:10,5.04,0.0,
2018-08-07,22.9,14.7,16.92,09:20,5.04,0.0,
2018-08-07,22.9,14.7,16.92,09:20,5.04,0.0,
2018-08-08,25.0,12.8,25.92,18:30,6.12,5.0,
2018-08-08,25.0,12.8,25.92,18:30,6.12,5.0,
2018-08-09,20.9,9.2,27.0,13:10,6.84,0.0,
2018-08-09,20.9,9.2,27.0,13:10,6.84,0.0,
2018-08-10,23.9,6.4,29.16,16:50,5.04,0.2,
2018-08-10,23.9,6.4,29.16,16:50,5.04,0.2,
2018-08-11,30.1,10.4,23.04,17:20,6.12,0.0,
2018-08-11,30.1,10.4,23.04,17:20,6.12,0.0,
2018-08-12,24.8,11.5,36.0,13:30,11.88,0.0,
2018-08-12,24.8,11.5,36.0,13:30,11.88,0.0,
2018-08-13,23.2,12.9,23.04,20:50,3.96,0.0,
2018-08-13,23.2,12.9,23.04,20:50,3.96,0.0,
2018-08-14,24.7,10.2,33.12,13:30,9.0,0.0,
2018-08-14,24.7,10.2,33.12,13:30,9.0,0.0,
2018-08-15,28.1,11.3,25.92,16:10,5.04,0.0,
2018-08-15,28.1,11.3,25.92,16:10,5.04,0.0,
2018-08-16,23.1,14.1,28.08,13:20,7.92,0.2,
2018-08-16,23.1,14.1,28.08,13:20,7.92,0.2,
2018-08-17,19.4,12.4,43.92,14:30,11.16,0.2,
2018-08-17,19.4,12.4,43.92,14:30,11.16,0.2,
2018-08-18,24.5,8.4,30.96,16:20,6.12,0.0,
2018-08-18,24.5,8.4,30.96,16:20,6.12,0.0,
2018-08-19,26.6,10.1,33.12,15:30,5.04,0.0,
2018-08-19,26.6,10.1,33.12,15:30,5.04,0.0,
2018-08-20,27.6,12.4,24.84,15:40,6.12,0.0,
2018-08-20,27.6,12.4,24.84,15:40,6.12,0.0,
2018-08-21,30.2,13.2,23.04,16:20,6.84,0.0,
2018-08-21,30.2,13.2,23.04,16:20,6.84,0.0,
2018-08-22,27.3,17.5,29.88,17:20,7.92,0.0,
2018-08-22,27.3,17.5,29.88,17:20,7.92,0.0,
2018-08-23,26.0,15.2,30.96,16:50,7.92,0.0,
2018-08-23,26.0,15.2,30.96,16:50,7.92,0.0,
2018-08-24,20.5,11.7,29.16,14:00,6.84,0.0,
2018-08-24,20.5,11.7,29.16,14:00,6.84,0.0,
2018-08-25,22.0,8.8,28.08,13:40,6.84,0.0,
2018-08-25,22.0,8.8,28.08,13:40,6.84,0.0,
2018-08-26,28.5,8.5,20.16,17:40,5.04,0.0,
2018-08-26,28.5,8.5,20.16,17:40,5.04,0.0,
2018-08-27,27.2,10.4,24.84,15:50,5.04,3.2,
2018-08-27,27.2,10.4,24.84,15:50,5.04,3.2,
2018-08-28,29.0,16.3,30.96,12:30,9.0,0.0,
2018-08-28,29.0,16.3,30.96,12:30,9.0,0.0,
2018-08-29,25.3,14.4,24.12,18:20,5.04,0.0,
2018-08-29,25.3,14.4,24.12,18:20,5.04,0.0,
2018-08-30,23.7,11.4,24.12,Varias,6.84,0.0,
2018-08-30,23.7,11.4,24.12,Varias,6.84,0.0,
2018-09-03,22.6,15.6,38.88,14:30,7.92,0.0,
2018-09-03,22.6,15.6,38.88,14:30,7.92,0.0,
2018-09-04,22.7,14.6,37.08,13:20,11.16,8.2,
2018-09-04,22.7,14.6,37.08,13:20,11.16,8.2,
2018-09-05,19.4,13.7,36.0,00:20,7.92,0.0,
2018-09-05,19.4,13.7,36.0,00:20,7.92,0.0,
2018-09-06,18.4,13.5,36.0,09:40,10.08,0.2,
2018-09-06,18.4,13.5,36.0,09:40,10.08,0.2,
2018-09-07,22.9,11.7,28.08,13:40,7.92,0.0,
2018-09-07,22.9,11.7,28.08,13:40,7.92,0.0,
2018-09-08,29.0,11.2,28.08,18:20,7.92,17.4,
2018-09-08,29.0,11.2,28.08,18:20,7.92,17.4,
2018-09-09,26.6,10.6,27.0,14:50,5.04,0.0,
2018-09-09,26.6,10.6,27.0,14:50,5.04,0.0,
2018-09-10,28.6,15.0,24.12,17:00,3.96,0.0,
2018-09-10,28.6,15.0,24.12,17:00,3.96,0.0,
2018-09-12,27.4,12.9,25.92,16:30,6.12,0.0,
2018-09-12,27.4,12.9,25.92,16:30,6.12,0.0,
2018-09-14,24.2,15.4,30.96,16:00,6.84,0.0,
2018-09-14,24.2,15.4,30.96,16:00,6.84,0.0,
2018-09-15,27.3,15.1,19.08,04:40,6.12,0.0,
2018-09-15,27.3,15.1,19.08,04:40,6.12,0.0,
2018-09-16,23.8,14.6,16.92,10:20,3.96,0.0,
2018-09-16,23.8,14.6,16.92,10:20,3.96,0.0,
2018-09-17,30.8,10.3,30.96,Varias,7.92,0.0,
2018-09-17,30.8,10.3,30.96,Varias,7.92,0.0,
2018-09-18,26.0,11.7,21.96,14:10,3.96,0.0,
2018-09-18,26.0,11.7,21.96,14:10,3.96,0.0,
2018-09-19,26.8,10.1,21.96,12:40,2.88,0.0,
2018-09-19,26.8,10.1,21.96,12:40,2.88,0.0,
2018-09-20,28.0,10.8,33.84,14:30,6.12,0.0,
2018-09-20,28.0,10.8,33.84,14:30,6.12,0.0,
2018-09-21,21.4,14.5,24.12,09:30,6.12,0.0,
2018-09-21,21.4,14.5,24.12,09:30,6.12,0.0,
2018-09-22,30.5,12.6,19.08,15:10,2.88,0.0,
2018-09-22,30.5,12.6,19.08,15:10,2.88,0.0,
2018-09-23,29.1,12.3,29.88,17:00,5.04,0.0,
2018-09-23,29.1,12.3,29.88,17:00,5.04,0.0,
2018-09-24,19.4,11.6,37.08,14:10,11.16,0.0,
2018-09-24,19.4,11.6,37.08,14:10,11.16,0.0,
2018-09-25,21.3,7.6,33.84,15:10,9.0,0.0,
2018-09-25,21.3,7.6,33.84,15:10,9.0,0.0,
2018-09-26,31.5,5.9,20.88,13:40,3.96,0.0,
2018-09-26,31.5,5.9,20.88,13:40,3.96,0.0,
2018-09-27,30.2,11.4,27.0,07:50,7.92,4.2,
2018-09-27,30.2,11.4,27.0,07:50,7.92,4.2,
2018-09-28,26.9,12.0,20.16,15:20,3.96,0.0,
2018-09-28,26.9,12.0,20.16,15:20,3.96,0.0,
2018-09-29,28.9,12.7,25.92,15:10,2.88,0.0,
2018-09-29,28.9,12.7,25.92,15:10,2.88,0.0,
2018-09-30,21.8,11.4,29.88,18:40,6.84,0.0,
2018-09-30,21.8,11.4,29.88,18:40,6.84,0.0,
2018-10-01,18.6,9.7,41.04,14:50,11.88,0.0,
2018-10-01,18.6,9.7,41.04,14:50,11.88,0.0,
2018-10-02,20.5,5.3,33.12,16:30,7.92,0.0,
2018-10-02,20.5,5.3,33.12,16:30,7.92,0.0,
2018-10-03,28.8,4.0,18.0,14:30,2.16,0.0,
2018-10-03,28.8,4.0,18.0,14:30,2.16,0.0,
2018-10-04,30.4,6.0,18.0,17:10,2.88,0.0,
2018-10-04,30.4,6.0,18.0,17:10,2.88,0.0,
2018-10-05,27.6,6.6,25.92,12:20,5.04,0.0,
2018-10-05,27.6,6.6,25.92,12:20,5.04,0.0,
2018-10-06,16.2,5.1,29.88,15:30,6.84,0.6,
2018-10-06,16.2,5.1,29.88,15:30,6.84,0.6,
2018-10-07,15.4,3.9,38.88,11:40,9.0,0.2,
2018-10-07,15.4,3.9,38.88,11:40,9.0,0.2,
2018-10-08,20.7,2.4,21.96,15:00,5.04,0.0,
2018-10-08,20.7,2.4,21.96,15:00,5.04,0.0,
2018-10-09,23.3,6.0,15.12,14:00,3.96,0.0,
2018-10-09,23.3,6.0,15.12,14:00,3.96,0.0,
2018-10-10,23.4,4.1,43.92,23:40,9.0,22.6,
2018-10-10,23.4,4.1,43.92,23:40,9.0,22.6,
2018-10-11,18.8,12.9,42.12,00:10,15.12,0.2,
2018-10-11,18.8,12.9,42.12,00:10,15.12,0.2,
2018-10-12,22.4,14.1,51.12,14:40,14.04,0.0,
2018-10-12,22.4,14.1,51.12,14:40,14.04,0.0,
2018-10-16,19.4,6.6,10.08,Varias,2.16,0.0,
2018-10-16,19.4,6.6,10.08,Varias,2.16,0.0,
2018-10-17,16.6,6.9,20.88,14:50,2.16,6.8,
2018-10-17,16.6,6.9,20.88,14:50,2.16,6.8,
2018-10-18,17.1,11.7,48.96,12:20,9.0,0.0,
2018-10-18,17.1,11.7,48.96,12:20,9.0,0.0,
2018-10-19,19.0,10.1,42.12,16:20,5.04,0.0,
2018-10-19,19.0,10.1,42.12,16:20,5.04,0.0,
2018-10-20,20.0,8.6,33.12,10:30,5.04,0.0,
2018-10-20,20.0,8.6,33.12,10:30,5.04,0.0,
2018-10-21,21.8,8.1,30.96,18:40,5.04,0.0,
2018-10-21,21.8,8.1,30.96,18:40,5.04,0.0,
2018-10-22,18.9,11.5,47.16,19:10,12.96,0.0,
2018-10-22,18.9,11.5,47.16,19:10,12.96,0.0,
2018-10-23,19.5,8.9,32.04,16:30,5.04,0.0,
2018-10-23,19.5,8.9,32.04,16:30,5.04,0.0,
2018-10-24,21.1,8.5,18.0,02:00,3.96,0.0,
2018-10-24,21.1,8.5,18.0,02:00,3.96,0.0,
2018-10-25,21.6,5.1,10.08,00:40,2.88,0.0,
2018-10-25,21.6,5.1,10.08,00:40,2.88,0.0,
2018-10-26,15.9,6.8,37.08,Varias,11.16,0.2,
2018-10-26,15.9,6.8,37.08,Varias,11.16,0.2,
2018-10-27,8.7,3.5,30.96,11:50,2.16,22.0,
2018-10-27,8.7,3.5,30.96,11:50,2.16,22.0,
2018-10-28,6.6,1.9,33.12,13:20,6.12,23.4,
2018-10-28,6.6,1.9,33.12,13:20,6.12,23.4,
2018-10-29,9.2,2.4,36.0,23:10,7.92,9.0,
2018-10-29,9.2,2.4,36.0,23:10,7.92,9.0,
2018-10-30,9.8,5.5,32.04,00:00,6.12,6.4,
2018-10-30,9.8,5.5,32.04,00:00,6.12,6.4,
2018-10-31,13.7,5.9,20.88,09:30,3.96,0.2,
2018-10-31,13.7,5.9,20.88,09:30,3.96,0.2,
2018-11-01,11.9,6.6,33.84,19:50,7.92,2.6,
2018-11-01,11.9,6.6,33.84,19:50,7.92,2.6,
2018-11-02,18.6,11.7,19.08,01:30,2.88,0.2,
2018-11-02,18.6,11.7,19.08,01:30,2.88,0.2,
2018-11-03,13.7,8.6,14.04,08:40,2.88,0.4,
2018-11-03,13.7,8.6,14.04,08:40,2.88,0.4,
2018-11-04,13.1,9.0,33.84,20:20,7.92,11.0,
2018-11-04,13.1,9.0,33.84,20:20,7.92,11.0,
2018-11-05,9.5,6.3,27.0,14:00,6.84,15.6,
2018-11-05,9.5,6.3,27.0,14:00,6.84,15.6,
2018-11-06,11.4,6.3,47.88,18:10,14.04,19.4,
2018-11-06,11.4,6.3,47.88,18:10,14.04,19.4,
2018-11-07,13.0,6.4,39.96,03:20,11.88,1.6,
2018-11-07,13.0,6.4,39.96,03:20,11.88,1.6,
2018-11-08,11.5,5.3,43.92,11:10,9.0,4.0,
2018-11-08,11.5,5.3,43.92,11:10,9.0,4.0,
2018-11-09,13.3,6.1,47.16,14:20,15.12,24.8,
2018-11-09,13.3,6.1,47.16,14:20,15.12,24.8,
2018-11-10,14.2,10.3,51.84,13:10,16.92,18.6,
2018-11-10,14.2,10.3,51.84,13:10,16.92,18.6,
2018-11-11,12.0,8.2,36.0,06:20,6.84,1.2,
2018-11-11,12.0,8.2,36.0,06:20,6.84,1.2,
2018-11-12,14.5,3.5,19.08,10:10,3.96,0.0,
2018-11-12,14.5,3.5,19.08,10:10,3.96,0.0,
2018-11-13,9.0,2.0,9.0,09:10,2.16,0.2,
2018-11-13,9.0,2.0,9.0,09:10,2.16,0.2,
2018-11-14,16.9,-0.1,11.16,21:10,2.16,0.0,
2018-11-14,16.9,-0.1,11.16,21:10,2.16,0.0,
2018-11-15,18.0,3.1,11.88,17:50,3.96,7.0,
2018-11-15,18.0,3.1,11.88,17:50,3.96,7.0,
2018-11-16,20.4,3.6,20.88,18:20,3.96,0.0,
2018-11-16,20.4,3.6,20.88,18:20,3.96,0.0,
2018-11-17,19.7,3.1,29.16,12:40,6.12,0.0,
2018-11-17,19.7,3.1,29.16,12:40,6.12,0.0,
2018-11-18,15.2,4.3,23.04,15:30,6.12,3.8,
2018-11-18,15.2,4.3,23.04,15:30,6.12,3.8,
2018-11-19,16.2,5.9,15.84,17:40,2.16,7.8,
2018-11-19,16.2,5.9,15.84,17:40,2.16,7.8,
2018-11-20,9.4,3.9,15.12,14:00,2.88,1.4,
2018-11-20,9.4,3.9,15.12,14:00,2.88,1.4,
2018-11-21,10.7,3.7,36.0,11:30,9.0,3.2,
2018-11-21,10.7,3.7,36.0,11:30,9.0,3.2,
2018-11-22,11.5,5.0,46.08,14:00,12.96,1.0,
2018-11-22,11.5,5.0,46.08,14:00,12.96,1.0,
2018-11-23,9.9,4.6,32.04,12:10,10.08,2.2,
2018-11-23,9.9,4.6,32.04,12:10,10.08,2.2,
2018-11-24,10.4,7.0,36.0,17:10,9.0,17.0,
2018-11-24,10.4,7.0,36.0,17:10,9.0,17.0,
2018-11-25,9.5,-0.2,29.88,21:50,2.16,9.6,
2018-11-25,9.5,-0.2,29.88,21:50,2.16,9.6,
2018-11-26,10.4,4.6,34.92,02:40,3.96,0.0,
2018-11-26,10.4,4.6,34.92,02:40,3.96,0.0,
2018-11-27,10.5,5.3,37.08,15:40,9.0,0.0,
2018-11-27,10.5,5.3,37.08,15:40,9.0,0.0,
2018-11-28,15.0,8.4,41.04,11:50,14.04,4.4,
2018-11-28,15.0,8.4,41.04,11:50,14.04,4.4,
2018-11-29,12.2,7.1,54.0,01:10,9.0,1.8,
2018-11-29,12.2,7.1,54.0,01:10,9.0,1.8,
2018-11-30,11.7,6.8,27.0,22:10,9.0,0.4,
2018-11-30,11.7,6.8,27.0,22:10,9.0,0.4,
2018-12-01,12.8,8.5,39.96,15:20,12.96,0.0,
2018-12-01,12.8,8.5,39.96,15:20,12.96,0.0,
2018-12-02,15.1,11.5,46.08,15:50,11.16,3.2,
2018-12-02,15.1,11.5,46.08,15:50,11.16,3.2,
2018-12-03,14.3,11.8,38.16,04:50,12.96,16.0,
2018-12-03,14.3,11.8,38.16,04:50,12.96,16.0,
2018-12-04,18.0,6.0,21.96,14:20,5.04,0.0,
2018-12-04,18.0,6.0,21.96,14:20,5.04,0.0,
2018-12-05,15.1,5.2,34.92,11:40,11.88,0.0,
2018-12-05,15.1,5.2,34.92,11:40,11.88,0.0,
2018-12-06,15.0,6.0,24.12,13:40,6.12,0.0,
2018-12-06,15.0,6.0,24.12,13:40,6.12,0.0,
2018-12-07,11.5,4.6,39.96,09:00,7.92,1.4,
2018-12-07,11.5,4.6,39.96,09:00,7.92,1.4,
2018-12-08,13.2,4.9,24.84,20:20,9.0,0.0,
2018-12-08,13.2,4.9,24.84,20:20,9.0,0.0,
2018-12-09,16.4,4.0,19.08,00:00,3.96,0.2,
2018-12-09,16.4,4.0,19.08,00:00,3.96,0.2,
2018-12-10,12.0,1.8,12.96,07:30,2.88,0.0,
2018-12-10,12.0,1.8,12.96,07:30,2.88,0.0,
2018-12-11,13.8,-0.1,18.0,13:20,3.96,0.6,
2018-12-11,13.8,-0.1,18.0,13:20,3.96,0.6,
2018-12-12,11.7,4.9,48.96,20:50,6.84,13.0,
2018-12-12,11.7,4.9,48.96,20:50,6.84,13.0,
2018-12-13,9.7,5.2,45.0,01:00,6.84,9.6,
2018-12-13,9.7,5.2,45.0,01:00,6.84,9.6,
2018-12-14,10.0,4.9,32.04,19:00,7.92,2.2,
2018-12-14,10.0,4.9,32.04,19:00,7.92,2.2,
2018-12-15,13.2,8.9,51.12,11:00,15.84,18.2,
2018-12-15,13.2,8.9,51.12,11:00,15.84,18.2,
2018-12-16,10.4,5.6,52.92,11:30,12.96,5.8,
2018-12-16,10.4,5.6,52.92,11:30,12.96,5.8,
2018-12-17,10.4,5.4,32.04,15:10,9.0,0.0,
2018-12-17,10.4,5.4,32.04,15:10,9.0,0.0,
2018-12-18,11.0,6.4,56.88,05:50,15.12,16.8,
2018-12-18,11.0,6.4,56.88,05:50,15.12,16.8,
2018-12-19,9.8,5.8,39.96,17:40,14.04,1.2,
2018-12-19,9.8,5.8,39.96,17:40,14.04,1.2,
2018-12-20,11.1,7.9,38.88,22:40,10.08,0.4,
2018-12-20,11.1,7.9,38.88,22:40,10.08,0.4,
2018-12-21,12.8,10.2,46.08,01:00,12.96,0.6,
2018-12-21,12.8,10.2,46.08,01:00,12.96,0.6,
2018-12-22,15.6,7.7,33.12,13:20,9.0,0.0,
2018-12-22,15.6,7.7,33.12,13:20,9.0,0.0,
2018-12-23,15.4,3.3,21.96,01:30,5.04,0.0,
2018-12-23,15.4,3.3,21.96,01:30,5.04,0.0,
2018-12-24,11.8,-0.2,7.92,Varias,2.16,0.0,
2018-12-24,11.8,-0.2,7.92,Varias,2.16,0.0,
2018-12-25,14.0,1.0,10.08,20:10,2.16,0.0,
2018-12-25,14.0,1.0,10.08,20:10,2.16,0.0,
2018-12-26,15.1,0.0,7.92,Varias,2.88,0.2,
2018-12-26,15.1,0.0,7.92,Varias,2.88,0.2,
2018-12-27,10.4,0.6,16.92,02:30,2.16,0.4,
2018-12-27,10.4,0.6,16.92,02:30,2.16,0.4,
2018-12-28,14.5,4.2,21.96,14:20,3.96,0.0,
2018-12-28,14.5,4.2,21.96,14:20,3.96,0.0,
2018-12-29,11.6,1.3,27.0,14:10,2.88,0.0,
2018-12-29,11.6,1.3,27.0,14:10,2.88,0.0,
2018-12-30,4.9,-0.8,10.08,06:40,2.88,0.2,
2018-12-30,4.9,-0.8,10.08,06:40,2.88,0.2,
2018-12-31,9.6,-3.8,7.92,Varias,2.88,0.2,
2018-12-31,9.6,-3.8,7.92,Varias,2.88,0.2,
2019-01-01,12.1,-3.7,23.04,22:20,2.16,0.0,
2019-01-01,12.1,-3.7,23.04,22:20,2.16,0.0,
2019-01-02,10.4,0.1,25.92,13:40,6.12,0.0,
2019-01-02,10.4,0.1,25.92,13:40,6.12,0.0,
2019-01-03,11.4,-2.7,12.96,13:00,2.88,0.2,
2019-01-03,11.4,-2.7,12.96,13:00,2.88,0.2,
2019-01-04,7.7,-6.2,7.92,Varias,2.16,0.2,
2019-01-04,7.7,-6.2,7.92,Varias,2.16,0.2,
2019-01-05,7.9,-7.0,10.08,19:40,2.16,0.0,
2019-01-05,7.9,-7.0,10.08,19:40,2.16,0.0,
2019-01-06,12.7,-7.2,18.0,17:20,2.16,0.0,
2019-01-06,12.7,-7.2,18.0,17:20,2.16,0.0,
2019-01-07,9.8,-3.7,24.12,14:00,5.04,0.2,
2019-01-07,9.8,-3.7,24.12,14:00,5.04,0.2,
2019-01-08,10.2,-3.0,0.0,,0.0,0.0,
2019-01-08,10.2,-3.0,0.0,,0.0,0.0,
2019-01-09,10.7,1.1,32.04,15:50,6.12,0.0,
2019-01-09,10.7,1.1,32.04,15:50,6.12,0.0,
2019-01-10,10.2,0.8,38.88,17:20,11.88,0.2,
2019-01-10,10.2,0.8,38.88,17:20,11.88,0.2,
2019-01-11,9.8,-1.1,42.12,15:10,9.0,0.0,
2019-01-11,9.8,-1.1,42.12,15:10,9.0,0.0,
2019-01-12,10.0,-2.7,29.88,12:20,6.84,0.0,
2019-01-12,10.0,-2.7,29.88,12:20,6.84,0.0,
2019-01-13,11.4,-1.4,29.16,12:10,3.96,0.0,
2019-01-13,11.4,-1.4,29.16,12:10,3.96,0.0,
2019-01-14,12.8,1.2,21.96,Varias,3.96,0.0,
2019-01-14,12.8,1.2,21.96,Varias,3.96,0.0,
2019-01-15,11.0,-0.7,14.04,07:30,2.88,0.0,
2019-01-15,11.0,-0.7,14.04,07:30,2.88,0.0,
2019-01-16,9.5,-0.9,21.96,10:40,7.92,2.0,
2019-01-16,9.5,-0.9,21.96,10:40,7.92,2.0,
2019-01-17,9.5,-0.3,11.88,15:10,3.96,2.0,
2019-01-17,9.5,-0.3,11.88,15:10,3.96,2.0,
2019-01-18,5.9,0.1,25.92,17:00,5.04,3.6,
2019-01-18,5.9,0.1,25.92,17:00,5.04,3.6,
2019-01-19,8.5,5.4,42.12,10:00,9.0,15.2,
2019-01-19,8.5,5.4,42.12,10:00,9.0,15.2,
2019-01-20,9.5,2.5,25.92,14:40,2.16,3.4,
2019-01-20,9.5,2.5,25.92,14:40,2.16,3.4,
2019-01-21,10.4,3.5,11.88,13:00,2.16,0.8,
2019-01-21,10.4,3.5,11.88,13:00,2.16,0.8,
2019-01-22,7.3,4.4,20.88,08:20,6.12,18.6,
2019-01-22,7.3,4.4,20.88,08:20,6.12,18.6,
2019-01-23,10.7,7.0,29.88,06:20,5.04,3.0,
2019-01-23,10.7,7.0,29.88,06:20,5.04,3.0,
2019-01-24,11.0,8.5,21.96,14:10,3.96,1.4,
2019-01-24,11.0,8.5,21.96,14:10,3.96,1.4,
2019-01-25,11.0,1.6,20.88,11:10,6.84,0.0,
2019-01-25,11.0,1.6,20.88,11:10,6.84,0.0,
2019-01-26,11.1,-0.6,23.04,23:00,2.16,1.8,
2019-01-26,11.1,-0.6,23.04,23:00,2.16,1.8,
2019-01-27,10.3,4.4,27.0,00:20,3.96,3.8,
2019-01-27,10.3,4.4,27.0,00:20,3.96,3.8,
2019-01-28,11.4,5.9,25.92,14:40,7.92,2.8,
2019-01-28,11.4,5.9,25.92,14:40,7.92,2.8,
2019-01-29,9.5,3.7,46.08,13:10,9.0,6.4,
2019-01-29,9.5,3.7,46.08,13:10,9.0,6.4,
2019-01-30,11.0,2.9,38.88,12:50,12.96,17.4,
2019-01-30,11.0,2.9,38.88,12:50,12.96,17.4,
2019-01-31,12.4,5.3,42.84,20:50,15.84,11.8,
2019-01-31,12.4,5.3,42.84,20:50,15.84,11.8,
2019-02-01,5.5,0.5,55.08,03:20,11.88,17.2,
2019-02-01,5.5,0.5,55.08,03:20,11.88,17.2,
2019-02-02,8.1,0.2,32.04,13:50,5.04,4.8,
2019-02-02,8.1,0.2,32.04,13:50,5.04,4.8,
2019-02-03,9.0,-1.6,20.88,21:20,2.16,0.0,
2019-02-03,9.0,-1.6,20.88,21:20,2.16,0.0,
2019-02-04,9.2,0.0,24.12,08:50,7.92,0.0,
2019-02-04,9.2,0.0,24.12,08:50,7.92,0.0,
2019-02-05,13.7,5.5,21.96,02:00,6.12,0.0,
2019-02-05,13.7,5.5,21.96,02:00,6.12,0.0,
2019-02-06,14.5,5.9,29.88,23:40,9.0,0.8,
2019-02-06,14.5,5.9,29.88,23:40,9.0,0.8,
2019-02-07,12.6,3.5,24.12,08:20,6.12,0.2,
2019-02-07,12.6,3.5,24.12,08:20,6.12,0.2,
2019-02-08,11.3,0.6,42.84,12:10,15.12,0.0,
2019-02-08,11.3,0.6,42.84,12:10,15.12,0.0,
2019-02-09,12.4,8.7,60.12,19:30,16.92,14.2,
2019-02-09,12.4,8.7,60.12,19:30,16.92,14.2,
2019-02-10,12.4,1.1,43.92,00:40,6.84,2.4,
2019-02-10,12.4,1.1,43.92,00:40,6.84,2.4,
2019-02-11,12.9,-1.2,20.88,15:10,6.12,0.0,
2019-02-11,12.9,-1.2,20.88,15:10,6.12,0.0,
2019-02-12,15.6,-2.5,11.16,14:20,2.16,0.0,
2019-02-12,15.6,-2.5,11.16,14:20,2.16,0.0,
2019-02-13,18.1,-2.3,19.08,12:30,3.96,0.0,
2019-02-13,18.1,-2.3,19.08,12:30,3.96,0.0,
2019-02-14,21.3,-1.6,24.84,13:30,5.04,0.0,
2019-02-14,21.3,-1.6,24.84,13:30,5.04,0.0,
2019-02-15,19.9,-0.4,11.88,Varias,3.96,0.0,
2019-02-15,19.9,-0.4,11.88,Varias,3.96,0.0,
2019-02-16,21.3,-0.6,20.16,16:40,2.88,0.0,
2019-02-16,21.3,-0.6,20.16,16:40,2.88,0.0,
2019-02-17,16.4,7.3,38.88,15:10,10.08,8.2,
2019-02-17,16.4,7.3,38.88,15:10,10.08,8.2,
2019-02-18,7.5,0.8,10.08,23:30,2.88,4.4,
2019-02-18,7.5,0.8,10.08,23:30,2.88,4.4,
2019-02-19,11.9,0.0,16.92,15:30,1.08,0.0,
2019-02-19,11.9,0.0,16.92,15:30,1.08,0.0,
2019-02-20,15.1,-2.8,27.0,16:00,3.96,0.2,
2019-02-20,15.1,-2.8,27.0,16:00,3.96,0.2,
2019-02-21,19.4,0.3,38.16,12:50,6.84,0.0,
2019-02-21,19.4,0.3,38.16,12:50,6.84,0.0,
2019-02-22,21.9,1.7,30.96,15:00,6.12,0.0,
2019-02-22,21.9,1.7,30.96,15:00,6.12,0.0,
2019-02-23,19.5,4.5,16.92,12:40,3.96,0.0,
2019-02-23,19.5,4.5,16.92,12:40,3.96,0.0,
2019-02-24,21.8,1.4,15.84,15:40,2.88,0.0,
2019-02-24,21.8,1.4,15.84,15:40,2.88,0.0,
2019-02-25,23.1,0.9,20.88,17:50,6.12,0.0,
2019-02-25,23.1,0.9,20.88,17:50,6.12,0.0,
2019-02-26,24.0,1.1,33.12,12:10,3.96,0.0,
2019-02-26,24.0,1.1,33.12,12:10,3.96,0.0,
2019-02-27,18.3,3.6,45.0,14:30,11.16,0.0,
2019-02-27,18.3,3.6,45.0,14:30,11.16,0.0,
2019-02-28,17.0,0.4,15.84,10:40,2.16,0.0,
2019-02-28,17.0,0.4,15.84,10:40,2.16,0.0,
2019-03-01,17.4,2.4,20.88,16:50,6.12,0.0,
2019-03-01,17.4,2.4,20.88,16:50,6.12,0.0,
2019-03-02,18.2,6.8,32.04,12:20,7.92,0.0,
2019-03-02,18.2,6.8,32.04,12:20,7.92,0.0,
2019-03-03,15.9,7.8,65.88,15:30,21.96,6.0,
2019-03-03,15.9,7.8,65.88,15:30,21.96,6.0,
2019-03-04,11.9,5.7,42.84,14:20,16.92,0.0,
2019-03-04,11.9,5.7,42.84,14:20,16.92,0.0,
2019-03-05,15.2,6.3,52.92,13:50,15.12,48.8,
2019-03-05,15.2,6.3,52.92,13:50,15.12,48.8,
2019-03-06,10.8,4.4,57.96,17:00,14.04,14.4,
2019-03-06,10.8,4.4,57.96,17:00,14.04,14.4,
2019-03-07,11.0,4.0,46.08,10:50,12.96,3.6,
2019-03-07,11.0,4.0,46.08,10:50,12.96,3.6,
2019-03-08,13.0,4.3,24.84,14:30,6.84,0.0,
2019-03-08,13.0,4.3,24.84,14:30,6.84,0.0,
2019-03-09,17.7,9.0,29.16,16:10,6.84,0.2,
2019-03-09,17.7,9.0,29.16,16:10,6.84,0.2,
2019-03-10,15.1,7.0,29.88,02:40,10.08,0.2,
2019-03-10,15.1,7.0,29.88,02:40,10.08,0.2,
2019-03-11,18.6,1.1,28.08,09:40,3.96,0.0,
2019-03-11,18.6,1.1,28.08,09:40,3.96,0.0,
2019-03-12,13.0,0.5,46.08,14:50,9.0,5.6,
2019-03-12,13.0,0.5,46.08,14:50,9.0,5.6,
2019-03-13,10.6,1.6,38.88,13:10,6.12,1.0,
2019-03-13,10.6,1.6,38.88,13:10,6.12,1.0,
2019-03-14,11.3,0.5,18.0,14:50,2.88,0.0,
2019-03-14,11.3,0.5,18.0,14:50,2.88,0.0,
2019-03-15,17.4,-0.8,16.92,17:10,3.96,0.0,
2019-03-15,17.4,-0.8,16.92,17:10,3.96,0.0,
2019-03-16,23.2,-1.2,42.12,15:40,11.16,1.8,
2019-03-16,23.2,-1.2,42.12,15:40,11.16,1.8,
2019-03-17,10.9,0.0,36.0,01:30,6.84,0.6,
2019-03-17,10.9,0.0,36.0,01:30,6.84,0.6,
2019-03-18,12.8,-1.5,29.88,11:40,7.92,0.0,
2019-03-18,12.8,-1.5,29.88,11:40,7.92,0.0,
2019-03-19,12.8,1.9,32.04,Varias,9.0,0.0,
2019-03-19,12.8,1.9,32.04,Varias,9.0,0.0,
2019-03-20,15.9,1.1,41.04,15:30,6.84,0.0,
2019-03-20,15.9,1.1,41.04,15:30,6.84,0.0,
2019-03-21,16.8,0.6,24.12,15:40,7.92,0.0,
2019-03-21,16.8,0.6,24.12,15:40,7.92,0.0,
2019-03-22,20.2,-0.1,23.04,18:40,5.04,0.0,
2019-03-22,20.2,-0.1,23.04,18:40,5.04,0.0,
2019-03-23,22.0,-0.1,28.08,17:30,6.84,0.0,
2019-03-23,22.0,-0.1,28.08,17:30,6.84,0.0,
2019-03-24,19.2,1.2,37.08,Varias,9.0,0.0,
2019-03-24,19.2,1.2,37.08,Varias,9.0,0.0,
2019-03-25,16.6,4.4,48.96,15:30,9.0,0.0,
2019-03-25,16.6,4.4,48.96,15:30,9.0,0.0,
2019-03-26,16.8,2.5,38.88,16:40,9.0,0.0,
2019-03-26,16.8,2.5,38.88,16:40,9.0,0.0,
2019-03-27,18.3,-0.8,30.96,Varias,12.96,0.0,
2019-03-27,18.3,-0.8,30.96,Varias,12.96,0.0,
2019-03-28,18.4,-0.2,33.12,14:20,6.12,0.0,
2019-03-28,18.4,-0.2,33.12,14:20,6.12,0.0,
2019-03-29,21.7,0.1,18.0,Varias,5.04,0.0,
2019-03-29,21.7,0.1,18.0,Varias,5.04,0.0,
2019-03-30,20.8,0.7,24.12,16:40,5.04,0.0,
2019-03-30,20.8,0.7,24.12,16:40,5.04,0.0,
2019-03-31,18.6,1.7,29.16,16:50,2.88,0.8,
2019-03-31,18.6,1.7,29.16,16:50,2.88,0.8,
2019-04-01,19.8,2.1,32.04,15:10,6.12,0.0,
2019-04-01,19.8,2.1,32.04,15:10,6.12,0.0,
2019-04-02,13.8,3.0,25.92,14:20,5.04,0.6,
2019-04-02,13.8,3.0,25.92,14:20,5.04,0.6,
2019-04-03,11.0,1.2,42.12,14:50,9.0,4.4,
2019-04-03,11.0,1.2,42.12,14:50,9.0,4.4,
2019-04-04,8.2,1.2,41.04,13:40,12.96,11.4,
2019-04-04,8.2,1.2,41.04,13:40,12.96,11.4,
2019-04-05,9.0,2.3,45.0,11:20,10.08,9.2,
2019-04-05,9.0,2.3,45.0,11:20,10.08,9.2,
2019-04-06,9.1,2.6,46.08,05:40,11.88,5.4,
2019-04-06,9.1,2.6,46.08,05:40,11.88,5.4,
2019-04-07,11.4,2.8,36.0,20:20,10.08,16.6,
2019-04-07,11.4,2.8,36.0,20:20,10.08,16.6,
2019-04-08,13.4,5.8,51.12,14:10,15.84,11.2,
2019-04-08,13.4,5.8,51.12,14:10,15.84,11.2,
2019-04-09,11.9,5.5,50.04,14:20,12.96,10.2,
2019-04-09,11.9,5.5,50.04,14:20,12.96,10.2,
2019-04-10,13.9,4.0,30.96,13:50,6.12,4.8,
2019-04-10,13.9,4.0,30.96,13:50,6.12,4.8,
2019-04-11,15.6,1.7,27.0,16:40,7.92,0.0,
2019-04-11,15.6,1.7,27.0,16:40,7.92,0.0,
2019-04-12,19.7,2.7,25.92,18:20,5.04,0.0,
2019-04-12,19.7,2.7,25.92,18:20,5.04,0.0,
2019-04-13,20.8,5.0,27.0,10:20,9.0,0.0,
2019-04-13,20.8,5.0,27.0,10:20,9.0,0.0,
2019-04-14,22.0,13.3,25.92,10:00,9.0,3.6,
2019-04-14,22.0,13.3,25.92,10:00,9.0,3.6,
2019-04-15,16.3,4.9,46.08,14:30,7.92,2.0,
2019-04-15,16.3,4.9,46.08,14:30,7.92,2.0,
2019-04-16,20.5,4.2,27.0,11:30,6.12,0.0,
2019-04-16,20.5,4.2,27.0,11:30,6.12,0.0,
2019-04-17,18.3,7.1,42.84,11:30,7.92,8.0,
2019-04-17,18.3,7.1,42.84,11:30,7.92,8.0,
2019-04-18,18.0,5.6,32.04,15:30,6.84,0.0,
2019-04-18,18.0,5.6,32.04,15:30,6.84,0.0,
2019-04-19,18.9,9.3,33.84,15:10,11.16,0.0,
2019-04-19,18.9,9.3,33.84,15:10,11.16,0.0,
2019-04-20,22.7,4.6,38.88,16:40,9.0,0.0,
2019-04-20,22.7,4.6,38.88,16:40,9.0,0.0,
2019-04-21,20.9,3.7,39.96,13:50,9.0,0.0,
2019-04-21,20.9,3.7,39.96,13:50,9.0,0.0,
2019-04-22,20.1,3.0,33.12,14:30,10.08,5.4,
2019-04-22,20.1,3.0,33.12,14:30,10.08,5.4,
2019-04-23,10.8,4.4,42.84,11:30,11.16,5.0,
2019-04-23,10.8,4.4,42.84,11:30,11.16,5.0,
2019-04-24,10.8,4.8,51.12,12:10,11.88,21.6,
2019-04-24,10.8,4.8,51.12,12:10,11.88,21.6,
2019-04-25,9.0,4.5,43.92,11:30,12.96,0.0,
2019-04-25,9.0,4.5,43.92,11:30,12.96,0.0,
2019-04-26,13.1,5.8,33.12,10:10,12.96,0.4,
2019-04-26,13.1,5.8,33.12,10:10,12.96,0.4,
2019-04-27,18.9,8.5,27.0,20:40,6.84,0.0,
2019-04-27,18.9,8.5,27.0,20:40,6.84,0.0,
2019-04-28,23.2,7.3,24.84,16:00,6.12,0.0,
2019-04-28,23.2,7.3,24.84,16:00,6.12,0.0,
2019-04-30,22.2,6.6,23.04,Varias,6.84,0.0,
2019-04-30,22.2,6.6,23.04,Varias,6.84,0.0,
2019-05-01,16.0,8.0,37.08,15:10,9.0,0.0,
2019-05-01,16.0,8.0,37.08,15:10,9.0,0.0,
2019-05-02,15.9,6.0,38.88,11:10,9.0,0.0,
2019-05-02,15.9,6.0,38.88,11:10,9.0,0.0,
2019-05-03,17.5,4.5,32.04,02:20,7.92,0.0,
2019-05-03,17.5,4.5,32.04,02:20,7.92,0.0,
2019-05-04,19.2,2.2,34.92,Varias,6.84,0.0,
2019-05-04,19.2,2.2,34.92,Varias,6.84,0.0,
2019-05-05,19.9,4.5,24.12,13:00,6.84,0.0,
2019-05-05,19.9,4.5,24.12,13:00,6.84,0.0,
2019-05-08,14.8,9.6,64.08,16:40,23.04,1.2,
2019-05-08,14.8,9.6,64.08,16:40,23.04,1.2,
2019-05-09,14.8,8.0,33.12,16:18,7.92,9.4,
2019-05-09,14.8,8.0,33.12,16:18,7.92,9.4,
2019-05-10,20.8,11.5,50.04,11:00,15.84,0.0,
2019-05-10,20.8,11.5,50.04,11:00,15.84,0.0,
2019-05-11,20.3,8.2,29.16,19:10,6.12,0.0,
2019-05-11,20.3,8.2,29.16,19:10,6.12,0.0,
2019-05-12,24.0,5.8,24.12,17:00,5.04,0.0,
2019-05-12,24.0,5.8,24.12,17:00,5.04,0.0,
2019-05-13,23.7,7.7,24.12,14:30,6.12,0.2,
2019-05-13,23.7,7.7,24.12,14:30,6.12,0.2,
2019-05-14,29.6,5.3,19.08,17:20,3.96,0.0,
2019-05-14,29.6,5.3,19.08,17:20,3.96,0.0,
2019-05-15,29.9,6.6,24.12,16:30,3.96,0.0,
2019-05-15,29.9,6.6,24.12,16:30,3.96,0.0,
2019-05-16,12.7,9.0,24.84,Varias,6.12,0.0,
2019-05-16,12.7,9.0,24.84,Varias,6.12,0.0,
2019-05-17,13.3,5.7,37.08,10:50,6.12,0.0,
2019-05-17,13.3,5.7,37.08,10:50,6.12,0.0,
2019-05-18,11.7,4.4,29.16,12:40,6.84,0.0,
2019-05-18,11.7,4.4,29.16,12:40,6.84,0.0,
2019-05-19,16.3,3.5,29.16,15:20,6.84,0.0,
2019-05-19,16.3,3.5,29.16,15:20,6.84,0.0,
2019-05-20,18.8,1.5,20.16,13:10,2.88,0.0,
2019-05-20,18.8,1.5,20.16,13:10,2.88,0.0,
2019-05-21,21.6,6.0,23.04,16:00,5.04,0.0,
2019-05-21,21.6,6.0,23.04,16:00,5.04,0.0,
2019-05-22,25.6,6.3,25.92,12:30,5.04,0.0,
2019-05-22,25.6,6.3,25.92,12:30,5.04,0.0,
2019-05-23,20.8,7.1,34.92,15:00,6.84,0.0,
2019-05-23,20.8,7.1,34.92,15:00,6.84,0.0,
2019-05-24,16.5,5.6,34.92,15:50,11.16,0.0,
2019-05-24,16.5,5.6,34.92,15:50,11.16,0.0,
2019-05-25,20.0,6.9,33.12,14:30,6.84,0.0,
2019-05-25,20.0,6.9,33.12,14:30,6.84,0.0,
2019-05-26,22.2,7.3,27.0,15:40,10.08,0.0,
2019-05-26,22.2,7.3,27.0,15:40,10.08,0.0,
2019-05-27,19.2,8.2,29.88,12:50,6.12,0.0,
2019-05-27,19.2,8.2,29.88,12:50,6.12,0.0,
2019-05-28,18.6,5.8,34.92,16:20,7.92,0.0,
2019-05-28,18.6,5.8,34.92,16:20,7.92,0.0,
2019-05-29,23.7,4.2,27.0,14:50,5.04,0.0,
2019-05-29,23.7,4.2,27.0,14:50,5.04,0.0,
2019-05-30,30.8,7.8,25.92,17:10,6.12,0.0,
2019-05-30,30.8,7.8,25.92,17:10,6.12,0.0,
2019-05-31,33.3,10.1,24.84,17:10,6.12,0.0,
2019-05-31,33.3,10.1,24.84,17:10,6.12,0.0,
2019-06-01,31.9,10.7,30.96,16:00,6.84,0.0,
2019-06-01,31.9,10.7,30.96,16:00,6.84,0.0,
2019-06-02,27.3,8.2,29.88,15:50,6.12,0.0,
2019-06-02,27.3,8.2,29.88,15:50,6.12,0.0,
2019-06-03,23.7,13.4,27.0,16:10,6.84,0.0,
2019-06-03,23.7,13.4,27.0,16:10,6.84,0.0,
2019-06-04,18.9,10.0,33.12,06:40,9.0,0.0,
2019-06-04,18.9,10.0,33.12,06:40,9.0,0.0,
2019-06-05,15.2,8.0,34.92,11:40,7.92,0.0,
2019-06-05,15.2,8.0,34.92,11:40,7.92,0.0,
2019-06-06,15.2,6.9,51.12,12:40,11.88,0.0,
2019-06-06,15.2,6.9,51.12,12:40,11.88,0.0,
2019-06-07,14.3,6.2,33.12,08:30,9.0,0.0,
2019-06-07,14.3,6.2,33.12,08:30,9.0,0.0,
2019-06-08,17.9,3.3,29.88,15:50,5.04,0.0,
2019-06-08,17.9,3.3,29.88,15:50,5.04,0.0,
2019-06-09,15.6,6.7,25.92,16:40,6.12,0.0,
2019-06-09,15.6,6.7,25.92,16:40,6.12,0.0,
2019-06-10,18.2,7.1,23.04,18:00,7.92,0.0,
2019-06-10,18.2,7.1,23.04,18:00,7.92,0.0,
2019-06-11,15.8,6.1,29.88,12:20,6.84,0.2,
2019-06-11,15.8,6.1,29.88,12:20,6.84,0.2,
2019-06-12,17.5,5.0,24.12,15:00,7.92,0.0,
2019-06-12,17.5,5.0,24.12,15:00,7.92,0.0,
2019-06-13,18.6,6.3,21.96,16:50,3.96,0.0,
2019-06-13,18.6,6.3,21.96,16:50,3.96,0.0,
2019-06-14,19.6,5.0,29.16,17:30,7.92,0.0,
2019-06-14,19.6,5.0,29.16,17:30,7.92,0.0,
2019-06-15,18.4,7.7,25.92,09:00,9.0,0.0,
2019-06-15,18.4,7.7,25.92,09:00,9.0,0.0,
2019-06-16,24.9,6.6,29.88,16:50,6.12,0.0,
2019-06-16,24.9,6.6,29.88,16:50,6.12,0.0,
2019-06-17,21.5,12.3,14.04,13:00,5.04,0.8,
2019-06-17,21.5,12.3,14.04,13:00,5.04,0.8,
2019-06-18,21.8,11.9,38.16,14:20,10.08,3.6,
2019-06-18,21.8,11.9,38.16,14:20,10.08,3.6,
2019-06-19,19.0,13.1,27.0,09:20,7.92,0.4,
2019-06-19,19.0,13.1,27.0,09:20,7.92,0.4,
2019-06-20,17.2,12.3,29.88,10:50,9.0,0.0,
2019-06-20,17.2,12.3,29.88,10:50,9.0,0.0,
2019-06-21,21.3,10.8,24.84,16:40,6.84,0.0,
2019-06-21,21.3,10.8,24.84,16:40,6.84,0.0,
2019-06-22,25.9,10.9,23.04,14:10,5.04,8.1,
2019-06-22,25.9,10.9,23.04,14:10,5.04,8.1,
2019-06-23,24.3,12.1,32.04,01:30,10.08,1.0,
2019-06-23,24.3,12.1,32.04,01:30,10.08,1.0,
2019-06-24,22.1,13.0,19.08,14:30,3.96,0.6,
2019-06-24,22.1,13.0,19.08,14:30,3.96,0.6,
2019-06-25,23.5,13.0,27.0,18:10,6.84,3.8,
2019-06-25,23.5,13.0,27.0,18:10,6.84,3.8,
2019-06-26,26.5,14.9,33.84,12:50,9.0,0.0,
2019-06-26,26.5,14.9,33.84,12:50,9.0,0.0,
2019-06-27,25.3,13.7,20.16,16:40,5.04,0.0,
2019-06-27,25.3,13.7,20.16,16:40,5.04,0.0,
2019-06-28,26.8,14.6,27.0,16:10,6.12,0.0,
2019-06-28,26.8,14.6,27.0,16:10,6.12,0.0,
2019-06-29,26.8,14.4,27.0,14:10,6.12,0.0,
2019-06-29,26.8,14.4,27.0,14:10,6.12,0.0,
2019-06-30,17.4,14.2,25.92,09:00,6.84,0.0,
2019-06-30,17.4,14.2,25.92,09:00,6.84,0.0,
2019-07-01,19.8,14.0,38.16,16:30,9.0,0.0,
2019-07-01,19.8,14.0,38.16,16:30,9.0,0.0,
2019-07-02,19.7,14.1,38.16,02:00,10.08,0.0,
2019-07-02,19.7,14.1,38.16,02:00,10.08,0.0,
2019-07-03,24.8,14.8,29.16,17:40,10.08,0.0,
2019-07-03,24.8,14.8,29.16,17:40,10.08,0.0,
2019-07-04,30.6,14.1,41.04,14:30,6.12,13.8,
2019-07-04,30.6,14.1,41.04,14:30,6.12,13.8,
2019-07-05,28.5,14.5,29.16,16:50,3.96,0.0,
2019-07-05,28.5,14.5,29.16,16:50,3.96,0.0,
2019-07-06,27.0,14.5,29.88,17:00,6.84,0.0,
2019-07-06,27.0,14.5,29.88,17:00,6.84,0.0,
2019-07-07,24.4,11.5,29.88,18:00,9.0,0.0,
2019-07-07,24.4,11.5,29.88,18:00,9.0,0.0,
2019-07-08,22.4,13.8,32.04,10:00,9.0,0.0,
2019-07-08,22.4,13.8,32.04,10:00,9.0,0.0,
2019-07-09,24.1,12.5,29.16,13:40,6.84,0.0,
2019-07-09,24.1,12.5,29.16,13:40,6.84,0.0,
2019-07-10,28.7,9.6,24.12,17:50,6.12,0.0,
2019-07-10,28.7,9.6,24.12,17:50,6.12,0.0,
2019-07-11,30.3,10.6,25.92,17:20,5.04,0.0,
2019-07-11,30.3,10.6,25.92,17:20,5.04,0.0,
2019-07-12,28.1,14.6,24.12,15:10,6.12,0.0,
2019-07-12,28.1,14.6,24.12,15:10,6.12,0.0,
2019-07-13,22.7,16.5,32.04,06:50,9.0,6.4,
2019-07-13,22.7,16.5,32.04,06:50,9.0,6.4,
2019-07-14,25.7,16.5,25.92,16:20,5.04,0.0,
2019-07-14,25.7,16.5,25.92,16:20,5.04,0.0,
2019-07-15,25.1,15.3,28.08,14:20,6.84,0.0,
2019-07-15,25.1,15.3,28.08,14:20,6.84,0.0,
2019-07-16,22.9,10.6,38.88,08:50,10.08,0.0,
2019-07-16,22.9,10.6,38.88,08:50,10.08,0.0,
2019-07-17,17.6,12.4,28.08,09:00,9.0,0.0,
2019-07-17,17.6,12.4,28.08,09:00,9.0,0.0,
2019-07-18,26.8,10.3,25.92,16:20,6.12,0.0,
2019-07-18,26.8,10.3,25.92,16:20,6.12,0.0,
2019-07-19,29.2,14.8,24.12,16:20,5.04,0.0,
2019-07-19,29.2,14.8,24.12,16:20,5.04,0.0,
2019-07-20,27.3,12.1,28.08,17:30,7.92,0.0,
2019-07-20,27.3,12.1,28.08,17:30,7.92,0.0,
2019-07-21,25.4,12.3,28.08,14:10,6.12,0.0,
2019-07-21,25.4,12.3,28.08,14:10,6.12,0.0,
2019-07-22,27.5,17.2,23.04,14:50,9.0,0.0,
2019-07-22,27.5,17.2,23.04,14:50,9.0,0.0,
2019-07-23,32.5,15.6,29.88,14:50,6.84,0.0,
2019-07-23,32.5,15.6,29.88,14:50,6.84,0.0,
2019-07-24,33.0,14.9,38.88,13:50,9.0,0.0,
2019-07-24,33.0,14.9,38.88,13:50,9.0,0.0,
2019-07-25,25.8,12.6,36.0,08:40,7.92,0.6,
2019-07-25,25.8,12.6,36.0,08:40,7.92,0.6,
2019-07-26,22.7,11.4,21.96,14:30,6.12,4.0,
2019-07-26,22.7,11.4,21.96,14:30,6.12,4.0,
2019-07-27,21.0,10.3,29.16,18:00,6.84,4.8,
2019-07-27,21.0,10.3,29.16,18:00,6.84,4.8,
2019-07-28,27.1,7.4,27.0,17:00,6.12,0.6,
2019-07-28,27.1,7.4,27.0,17:00,6.12,0.6,
2019-07-29,20.6,11.0,43.92,11:50,11.88,0.2,
2019-07-29,20.6,11.0,43.92,11:50,11.88,0.2,
2019-07-30,22.0,9.9,23.04,17:50,6.12,0.0,
2019-07-30,22.0,9.9,23.04,17:50,6.12,0.0,
2019-07-31,21.5,5.6,29.88,15:30,6.84,0.0,
2019-07-31,21.5,5.6,29.88,15:30,6.84,0.0,
2019-08-01,23.5,14.3,25.92,17:10,6.84,0.0,
2019-08-01,23.5,14.3,25.92,17:10,6.84,0.0,
2019-08-02,28.8,15.0,18.0,Varias,5.04,0.0,
2019-08-02,28.8,15.0,18.0,Varias,5.04,0.0,
2019-08-03,29.2,14.5,25.92,16:40,5.04,0.0,
2019-08-03,29.2,14.5,25.92,16:40,5.04,0.0,
2019-08-04,27.8,16.6,24.84,16:10,5.04,0.0,
2019-08-04,27.8,16.6,24.84,16:10,5.04,0.0,
2019-08-05,28.8,12.6,20.88,18:30,6.12,0.0,
2019-08-05,28.8,12.6,20.88,18:30,6.12,0.0,
2019-08-06,23.4,14.6,23.04,15:00,6.12,0.8,
2019-08-06,23.4,14.6,23.04,15:00,6.12,0.8,
2019-08-07,22.1,15.1,29.88,Varias,6.84,4.8,
2019-08-07,22.1,15.1,29.88,Varias,6.84,4.8,
2019-08-08,26.4,18.5,56.16,16:10,12.96,6.0,
2019-08-08,26.4,18.5,56.16,16:10,12.96,6.0,
2019-08-09,23.7,15.0,61.92,13:40,21.96,1.0,
2019-08-09,23.7,15.0,61.92,13:40,21.96,1.0,
2019-08-10,23.9,14.1,27.0,11:10,7.92,0.0,
2019-08-10,23.9,14.1,27.0,11:10,7.92,0.0,
2019-08-11,19.3,10.6,29.16,14:00,7.92,3.4,
2019-08-11,19.3,10.6,29.16,14:00,7.92,3.4,
2019-08-12,20.9,7.4,28.08,16:50,3.96,0.0,
2019-08-12,20.9,7.4,28.08,16:50,3.96,0.0,
2019-08-13,25.4,6.4,23.04,17:40,6.12,0.0,
2019-08-13,25.4,6.4,23.04,17:40,6.12,0.0,
2019-08-14,23.9,10.0,21.96,12:50,6.12,0.0,
2019-08-14,23.9,10.0,21.96,12:50,6.12,0.0,
2019-08-15,25.7,11.4,20.88,13:10,3.96,0.0,
2019-08-15,25.7,11.4,20.88,13:10,3.96,0.0,
2019-08-16,29.3,8.9,28.08,15:10,6.84,0.0,
2019-08-16,29.3,8.9,28.08,15:10,6.84,0.0,
2019-08-17,28.8,15.0,33.12,11:50,12.96,3.4,
2019-08-17,28.8,15.0,33.12,11:50,12.96,3.4,
2019-08-18,20.3,10.0,28.08,02:50,5.04,1.6,
2019-08-18,20.3,10.0,28.08,02:50,5.04,1.6,
2019-08-19,20.3,8.9,42.12,17:10,7.92,0.0,
2019-08-19,20.3,8.9,42.12,17:10,7.92,0.0,
2019-08-20,22.5,12.6,33.84,14:00,9.0,0.0,
2019-08-20,22.5,12.6,33.84,14:00,9.0,0.0,
2019-08-21,24.2,10.0,30.96,15:30,9.0,0.0,
2019-08-21,24.2,10.0,30.96,15:30,9.0,0.0,
2019-08-22,29.7,12.1,20.88,16:30,5.04,0.0,
2019-08-22,29.7,12.1,20.88,16:30,5.04,0.0,
2019-08-23,34.8,11.7,33.84,14:20,7.92,0.0,
2019-08-23,34.8,11.7,33.84,14:20,7.92,0.0,
2019-08-24,30.1,12.1,27.0,14:00,5.04,2.2,
2019-08-24,30.1,12.1,27.0,14:00,5.04,2.2,
2019-08-25,20.0,14.8,29.88,18:00,7.92,0.6,
2019-08-25,20.0,14.8,29.88,18:00,7.92,0.6,
2019-08-26,23.6,16.4,28.08,Varias,9.0,0.0,
2019-08-26,23.6,16.4,28.08,Varias,9.0,0.0,
2019-08-27,27.3,16.3,19.08,16:10,2.88,0.0,
2019-08-27,27.3,16.3,19.08,16:10,2.88,0.0,
2019-08-28,27.9,16.2,21.96,Varias,5.04,0.0,
2019-08-28,27.9,16.2,21.96,Varias,5.04,0.0,
2019-08-29,24.2,15.8,23.04,14:20,6.12,0.0,
2019-08-29,24.2,15.8,23.04,14:20,6.12,0.0,
2019-08-30,30.9,16.8,23.04,15:40,5.04,0.0,
2019-08-30,30.9,16.8,23.04,15:40,5.04,0.0,
2019-08-31,27.3,13.9,30.96,15:50,6.84,0.0,
2019-08-31,27.3,13.9,30.96,15:50,6.84,0.0,
2019-09-01,16.3,13.4,42.12,15:30,11.88,0.0,
2019-09-01,16.3,13.4,42.12,15:30,11.88,0.0,
2019-09-02,22.5,12.5,37.08,12:40,12.96,0.0,
2019-09-02,22.5,12.5,37.08,12:40,12.96,0.0,
2019-09-03,26.1,9.2,24.84,16:30,6.84,0.0,
2019-09-03,26.1,9.2,24.84,16:30,6.84,0.0,
2019-09-04,22.9,9.3,43.92,15:50,9.0,0.0,
2019-09-04,22.9,9.3,43.92,15:50,9.0,0.0,
2019-09-05,19.5,11.8,45.0,16:40,15.12,0.0,
2019-09-05,19.5,11.8,45.0,16:40,15.12,0.0,
2019-09-06,21.5,7.8,43.92,15:20,10.08,0.0,
2019-09-06,21.5,7.8,43.92,15:20,10.08,0.0,
2019-09-07,22.7,9.6,38.88,15:00,11.88,0.0,
2019-09-07,22.7,9.6,38.88,15:00,11.88,0.0,
2019-09-08,22.9,7.0,28.08,14:20,6.84,0.0,
2019-09-08,22.9,7.0,28.08,14:20,6.84,0.0,
2019-09-09,22.2,7.1,25.92,19:30,5.04,0.2,
2019-09-09,22.2,7.1,25.92,19:30,5.04,0.2,
2019-09-10,17.7,8.4,34.92,16:10,7.92,0.0,
2019-09-10,17.7,8.4,34.92,16:10,7.92,0.0,
2019-09-11,21.1,11.3,38.88,15:50,7.92,0.0,
2019-09-11,21.1,11.3,38.88,15:50,7.92,0.0,
2019-09-12,26.2,6.8,32.04,15:40,3.96,0.0,
2019-09-12,26.2,6.8,32.04,15:40,3.96,0.0,
2019-09-13,23.9,14.4,41.04,16:30,10.08,0.0,
2019-09-13,23.9,14.4,41.04,16:30,10.08,0.0,
2019-09-14,26.7,14.3,34.92,14:20,6.84,0.0,
2019-09-14,26.7,14.3,34.92,14:20,6.84,0.0,
2019-09-15,27.5,13.1,29.88,17:20,6.84,0.0,
2019-09-15,27.5,13.1,29.88,17:20,6.84,0.0,
2019-09-16,26.1,13.8,29.88,15:50,6.84,0.0,
2019-09-16,26.1,13.8,29.88,15:50,6.84,0.0,
2019-09-17,26.5,13.6,20.88,13:30,2.16,2.6,
2019-09-17,26.5,13.6,20.88,13:30,2.16,2.6,
2019-09-18,26.5,11.3,27.0,18:00,6.84,0.0,
2019-09-18,26.5,11.3,27.0,18:00,6.84,0.0,
2019-09-19,25.0,15.8,21.96,16:30,6.84,0.0,
2019-09-19,25.0,15.8,21.96,16:30,6.84,0.0,
2019-09-20,29.6,13.2,46.08,16:00,6.12,0.2,
2019-09-20,29.6,13.2,46.08,16:00,6.12,0.2,
2019-09-21,21.1,13.2,39.96,14:30,9.0,8.6,
2019-09-21,21.1,13.2,39.96,14:30,9.0,8.6,
2019-09-22,20.8,11.8,38.88,13:20,11.88,1.2,
2019-09-22,20.8,11.8,38.88,13:20,11.88,1.2,
2019-09-23,18.1,12.4,41.04,Varias,12.96,7.4,
2019-09-23,18.1,12.4,41.04,Varias,12.96,7.4,
2019-09-24,21.3,12.5,45.0,14:20,15.12,0.2,
2019-09-24,21.3,12.5,45.0,14:20,15.12,0.2,
2019-09-25,19.2,12.3,29.16,14:10,11.16,0.0,
2019-09-25,19.2,12.3,29.16,14:10,11.16,0.0,
2019-09-26,23.1,13.2,33.12,15:30,10.08,0.0,
2019-09-26,23.1,13.2,33.12,15:30,10.08,0.0,
2019-09-27,20.2,12.0,28.08,07:50,6.12,0.2,
2019-09-27,20.2,12.0,28.08,07:50,6.12,0.2,
2019-09-28,24.6,6.0,20.88,13:20,5.04,0.0,
2019-09-28,24.6,6.0,20.88,13:20,5.04,0.0,
2019-09-29,20.2,11.8,36.0,12:20,14.04,0.2,
2019-09-29,20.2,11.8,36.0,12:20,14.04,0.2,
2019-09-30,25.3,14.9,29.88,14:40,11.88,0.0,
2019-09-30,25.3,14.9,29.88,14:40,11.88,0.0,
2019-10-01,22.1,12.8,38.16,11:00,11.16,0.0,
2019-10-01,22.1,12.8,38.16,11:00,11.16,0.0,
2019-10-02,17.9,8.7,14.04,00:50,2.88,0.2,
2019-10-02,17.9,8.7,14.04,00:50,2.88,0.2,
2019-10-03,20.9,5.5,28.08,10:00,6.12,0.8,
2019-10-03,20.9,5.5,28.08,10:00,6.12,0.8,
2019-10-04,19.3,9.6,12.96,00:00,2.88,0.0,
2019-10-04,19.3,9.6,12.96,00:00,2.88,0.0,
2019-10-05,21.5,10.0,20.88,12:30,2.88,0.2,
2019-10-05,21.5,10.0,20.88,12:30,2.88,0.2,
2019-10-06,21.2,10.6,12.96,Varias,3.96,0.2,
2019-10-06,21.2,10.6,12.96,Varias,3.96,0.2,
2019-10-07,25.4,8.5,12.96,12:20,2.88,0.0,
2019-10-07,25.4,8.5,12.96,12:20,2.88,0.0,
2019-10-08,19.5,9.6,24.12,09:50,5.04,1.0,
2019-10-08,19.5,9.6,24.12,09:50,5.04,1.0,
2019-10-09,19.0,7.1,15.12,15:40,2.16,0.2,
2019-10-09,19.0,7.1,15.12,15:40,2.16,0.2,
2019-10-10,21.5,5.4,16.92,14:00,2.88,0.0,
2019-10-10,21.5,5.4,16.92,14:00,2.88,0.0,
2019-10-11,26.6,5.6,42.12,14:20,6.12,0.0,
2019-10-11,26.6,5.6,42.12,14:20,6.12,0.0,
2019-10-12,23.9,9.0,47.16,15:30,15.12,1.0,
2019-10-12,23.9,9.0,47.16,15:30,15.12,1.0,
2019-10-13,17.4,10.6,51.12,03:40,7.92,46.4,
2019-10-13,17.4,10.6,51.12,03:40,7.92,46.4,
2019-10-14,11.9,7.6,47.16,15:00,10.08,7.6,
2019-10-14,11.9,7.6,47.16,15:00,10.08,7.6,
2019-10-15,13.8,7.8,37.08,13:50,10.08,1.2,
2019-10-15,13.8,7.8,37.08,13:50,10.08,1.2,
2019-10-16,15.3,12.1,42.84,13:00,15.12,23.8,
2019-10-16,15.3,12.1,42.84,13:00,15.12,23.8,
2019-10-17,16.4,11.2,36.0,12:30,11.16,0.0,
2019-10-17,16.4,11.2,36.0,12:30,11.16,0.0,
2019-10-18,14.6,10.4,29.16,23:30,9.0,12.2,
2019-10-18,14.6,10.4,29.16,23:30,9.0,12.2,
2019-10-19,12.0,8.2,20.88,15:10,2.16,22.6,
2019-10-19,12.0,8.2,20.88,15:10,2.16,22.6,
2019-10-20,12.9,7.0,20.88,12:20,2.16,7.0,
2019-10-20,12.9,7.0,20.88,12:20,2.16,7.0,
2019-10-21,12.6,3.2,21.96,16:50,2.16,0.0,
2019-10-21,12.6,3.2,21.96,16:50,2.16,0.0,
2019-10-22,15.0,0.4,32.04,Varias,7.92,0.0,
2019-10-22,15.0,0.4,32.04,Varias,7.92,0.0,
2019-10-23,15.0,7.6,23.04,11:00,5.04,0.0,
2019-10-23,15.0,7.6,23.04,11:00,5.04,0.0,
2019-10-24,14.7,9.2,30.96,15:20,9.0,4.6,
2019-10-24,14.7,9.2,30.96,15:20,9.0,4.6,
2019-10-25,20.2,8.0,37.08,13:30,6.84,0.0,
2019-10-25,20.2,8.0,37.08,13:30,6.84,0.0,
2019-10-26,23.6,12.9,34.92,12:30,9.0,0.0,
2019-10-26,23.6,12.9,34.92,12:30,9.0,0.0,
2019-10-27,20.2,8.9,16.92,00:00,2.16,0.0,
2019-10-27,20.2,8.9,16.92,00:00,2.16,0.0,
2019-10-28,21.6,7.4,32.04,11:20,6.12,2.2,
2019-10-28,21.6,7.4,32.04,11:20,6.12,2.2,
2019-10-29,20.3,13.3,29.88,13:00,7.92,1.4,
2019-10-29,20.3,13.3,29.88,13:00,7.92,1.4,
2019-10-30,18.8,14.5,33.12,10:10,7.92,9.2,
2019-10-30,18.8,14.5,33.12,10:10,7.92,9.2,
2019-10-31,19.2,14.6,23.04,20:00,6.12,1.8,
2019-10-31,19.2,14.6,23.04,20:00,6.12,1.8,
2019-11-01,18.5,14.7,42.12,13:10,15.84,21.4,
2019-11-01,18.5,14.7,42.12,13:10,15.84,21.4,
2019-11-02,14.8,10.6,50.04,19:50,12.96,5.6,
2019-11-02,14.8,10.6,50.04,19:50,12.96,5.6,
2019-11-03,14.1,8.2,54.0,00:40,14.04,6.8,
2019-11-03,14.1,8.2,54.0,00:40,14.04,6.8,
2019-11-04,13.1,6.7,43.92,16:50,12.96,23.6,
2019-11-04,13.1,6.7,43.92,16:50,12.96,23.6,
2019-11-05,13.4,7.2,32.04,12:00,6.84,4.6,
2019-11-05,13.4,7.2,32.04,12:00,6.84,4.6,
2019-11-06,11.4,7.4,29.16,22:10,7.92,5.0,
2019-11-06,11.4,7.4,29.16,22:10,7.92,5.0,
2019-11-07,8.5,3.6,38.88,15:30,11.16,26.0,
2019-11-07,8.5,3.6,38.88,15:30,11.16,26.0,
2019-11-08,12.2,3.6,36.0,14:20,6.12,4.2,
2019-11-08,12.2,3.6,36.0,14:20,6.12,4.2,
2019-11-09,14.1,5.5,36.0,07:00,11.16,4.0,
2019-11-09,14.1,5.5,36.0,07:00,11.16,4.0,
2019-11-10,7.8,5.0,25.92,11:30,3.96,10.2,
2019-11-10,7.8,5.0,25.92,11:30,3.96,10.2,
2019-11-11,11.8,6.2,21.96,11:40,2.88,0.0,
2019-11-11,11.8,6.2,21.96,11:40,2.88,0.0,
2019-11-12,13.3,6.5,34.92,14:40,9.0,0.0,
2019-11-12,13.3,6.5,34.92,14:40,9.0,0.0,
2019-11-13,13.0,6.5,37.08,20:20,7.92,10.2,
2019-11-13,13.0,6.5,37.08,20:20,7.92,10.2,
2019-11-14,9.0,2.5,46.08,03:50,12.96,23.2,
2019-11-14,9.0,2.5,46.08,03:50,12.96,23.2,
2019-11-15,6.7,2.7,29.88,13:40,5.04,19.6,
2019-11-15,6.7,2.7,29.88,13:40,5.04,19.6,
2019-11-16,9.4,3.3,23.04,Varias,6.84,0.0,
2019-11-16,9.4,3.3,23.04,Varias,6.84,0.0,
2019-11-17,11.2,4.5,30.96,12:40,7.92,0.0,
2019-11-17,11.2,4.5,30.96,12:40,7.92,0.0,
2019-11-18,10.6,1.9,10.08,01:20,2.16,0.0,
2019-11-18,10.6,1.9,10.08,01:20,2.16,0.0,
2019-11-19,10.0,0.6,27.0,12:00,5.04,0.0,
2019-11-19,10.0,0.6,27.0,12:00,5.04,0.0,
2019-11-20,11.8,3.9,27.0,14:10,6.84,0.0,
2019-11-20,11.8,3.9,27.0,14:10,6.84,0.0,
2019-11-21,11.6,5.5,32.04,14:30,9.0,0.0,
2019-11-21,11.6,5.5,32.04,14:30,9.0,0.0,
2019-11-22,12.2,7.3,69.12,10:40,20.16,5.2,
2019-11-22,12.2,7.3,69.12,10:40,20.16,5.2,
2019-11-23,11.5,5.9,37.08,00:30,6.84,0.0,
2019-11-23,11.5,5.9,37.08,00:30,6.84,0.0,
2019-11-24,12.6,6.8,43.92,17:20,11.16,0.0,
2019-11-24,12.6,6.8,43.92,17:20,11.16,0.0,
2019-11-25,13.4,10.5,33.84,Varias,10.08,0.0,
2019-11-25,13.4,10.5,33.84,Varias,10.08,0.0,
2019-11-26,15.5,9.0,56.88,16:40,19.08,0.0,
2019-11-26,15.5,9.0,56.88,16:40,19.08,0.0,
2019-11-27,11.2,9.4,37.08,01:20,11.88,0.0,
2019-11-27,11.2,9.4,37.08,01:20,11.88,0.0,
2019-11-28,13.3,10.0,27.0,14:40,6.12,0.0,
2019-11-28,13.3,10.0,27.0,14:40,6.12,0.0,
2019-11-29,16.3,8.1,32.04,22:50,6.84,0.0,
2019-11-29,16.3,8.1,32.04,22:50,6.84,0.0,
2019-11-30,13.6,8.1,38.16,02:20,10.08,0.0,
2019-11-30,13.6,8.1,38.16,02:20,10.08,0.0,
2019-12-01,10.2,6.0,33.84,21:40,6.84,0.0,
2019-12-01,10.2,6.0,33.84,21:40,6.84,0.0,
2019-12-02,8.9,2.3,41.04,12:40,11.16,0.0,
2019-12-02,8.9,2.3,41.04,12:40,11.16,0.0,
2019-12-03,9.8,-1.3,21.96,14:30,3.96,0.0,
2019-12-03,9.8,-1.3,21.96,14:30,3.96,0.0,
2019-12-04,8.9,-4.5,19.08,17:00,2.16,0.0,
2019-12-04,8.9,-4.5,19.08,17:00,2.16,0.0,
2019-12-05,11.8,0.4,30.96,14:40,6.12,0.0,
2019-12-05,11.8,0.4,30.96,14:40,6.12,0.0,
2019-12-06,13.8,3.1,15.84,Varias,5.04,0.0,
2019-12-06,13.8,3.1,15.84,Varias,5.04,0.0,
2019-12-07,13.0,4.4,24.12,23:40,3.96,1.4,
2019-12-07,13.0,4.4,24.12,23:40,3.96,1.4,
2019-12-08,13.6,5.4,24.12,01:50,5.04,4.2,
2019-12-08,13.6,5.4,24.12,01:50,5.04,4.2,
2019-12-09,11.3,1.3,15.84,04:30,6.12,0.0,
2019-12-09,11.3,1.3,15.84,04:30,6.12,0.0,
2019-12-10,12.4,-0.2,29.16,23:20,6.12,4.4,
2019-12-10,12.4,-0.2,29.16,23:20,6.12,4.4,
2019-12-11,9.3,4.3,33.12,15:50,7.92,5.8,
2019-12-11,9.3,4.3,33.12,15:50,7.92,5.8,
2019-12-12,12.0,7.4,39.96,10:00,14.04,27.4,
2019-12-12,12.0,7.4,39.96,10:00,14.04,27.4,
2019-12-13,12.6,9.8,38.88,17:50,16.92,2.4,
2019-12-13,12.6,9.8,38.88,17:50,16.92,2.4,
2019-12-14,11.3,9.2,43.92,20:50,15.84,24.6,
2019-12-14,11.3,9.2,43.92,20:50,15.84,24.6,
2019-12-15,10.9,7.4,43.92,00:30,6.84,10.2,
2019-12-15,10.9,7.4,43.92,00:30,6.84,10.2,
2019-12-16,7.4,4.2,16.92,13:00,5.04,22.0,
2019-12-16,7.4,4.2,16.92,13:00,5.04,22.0,
2019-12-17,8.4,0.6,30.96,23:00,6.84,0.2,
2019-12-17,8.4,0.6,30.96,23:00,6.84,0.2,
2019-12-18,13.0,6.5,59.04,10:50,16.92,35.6,
2019-12-18,13.0,6.5,59.04,10:50,16.92,35.6,
2019-12-19,12.0,6.6,73.08,03:40,15.12,29.2,
2019-12-19,12.0,6.6,73.08,03:40,15.12,29.2,
2019-12-20,8.9,5.7,41.04,03:20,11.16,14.0,
2019-12-20,8.9,5.7,41.04,03:20,11.16,14.0,
2019-12-21,14.1,8.1,84.96,14:20,24.12,21.6,
2019-12-21,14.1,8.1,84.96,14:20,24.12,21.6,
2019-12-22,13.6,7.2,84.96,09:30,14.04,5.8,
2019-12-22,13.6,7.2,84.96,09:30,14.04,5.8,
2019-12-23,12.9,6.8,38.16,12:50,11.88,0.4,
2019-12-23,12.9,6.8,38.16,12:50,11.88,0.4,
2019-12-24,18.2,6.4,29.88,10:30,9.0,0.4,
2019-12-24,18.2,6.4,29.88,10:30,9.0,0.4,
2019-12-25,16.2,4.6,47.88,Varias,6.84,1.2,
2019-12-25,16.2,4.6,47.88,Varias,6.84,1.2,
2019-12-26,13.5,-0.2,28.08,01:10,6.12,0.0,
2019-12-26,13.5,-0.2,28.08,01:10,6.12,0.0,
2019-12-27,3.9,-3.5,9.0,Varias,2.16,0.2,
2019-12-27,3.9,-3.5,9.0,Varias,2.16,0.2,
2019-12-28,11.6,-4.5,11.16,02:10,1.08,0.0,
2019-12-28,11.6,-4.5,11.16,02:10,1.08,0.0,
2019-12-29,14.1,-3.4,7.92,22:30,2.16,0.0,
2019-12-29,14.1,-3.4,7.92,22:30,2.16,0.0,
2019-12-30,13.4,-2.9,12.96,18:00,3.96,0.0,
2019-12-30,13.4,-2.9,12.96,18:00,3.96,0.0,
2019-12-31,8.3,-0.8,11.16,17:40,2.16,0.2,
2019-12-31,8.3,-0.8,11.16,17:40,2.16,0.2,
2020-01-01,3.9,-1.8,10.08,Varias,2.16,0.0,
2020-01-01,3.9,-1.8,10.08,Varias,2.16,0.0,
2020-01-02,11.1,-4.1,29.88,23:50,6.84,0.4,
2020-01-02,11.1,-4.1,29.88,23:50,6.84,0.4,
2020-01-03,13.0,2.7,24.12,00:20,5.04,0.8,
2020-01-03,13.0,2.7,24.12,00:20,5.04,0.8,
2020-01-04,11.6,0.4,19.08,11:00,6.12,0.0,
2020-01-04,11.6,0.4,19.08,11:00,6.12,0.0,
2020-01-05,9.9,-1.0,14.04,00:50,5.04,0.0,
2020-01-05,9.9,-1.0,14.04,00:50,5.04,0.0,
2020-01-06,10.3,-4.0,19.08,13:50,2.88,0.0,
2020-01-06,10.3,-4.0,19.08,13:50,2.88,0.0,
2020-01-07,14.0,-3.5,12.96,Varias,2.16,0.2,
2020-01-07,14.0,-3.5,12.96,Varias,2.16,0.2,
2020-01-08,15.7,5.0,16.92,Varias,3.96,0.0,
2020-01-08,15.7,5.0,16.92,Varias,3.96,0.0,
2020-01-09,12.9,4.6,51.12,12:40,12.96,2.2,
2020-01-09,12.9,4.6,51.12,12:40,12.96,2.2,
2020-01-10,9.8,-0.5,20.16,13:20,3.96,0.0,
2020-01-10,9.8,-0.5,20.16,13:20,3.96,0.0,
2020-01-11,12.1,-2.4,15.84,14:10,1.08,0.0,
2020-01-11,12.1,-2.4,15.84,14:10,1.08,0.0,
2020-01-12,14.0,-2.7,11.88,23:59,2.88,0.0,
2020-01-12,14.0,-2.7,11.88,23:59,2.88,0.0,
2020-01-13,11.3,5.8,50.04,20:20,16.92,0.2,
2020-01-13,11.3,5.8,50.04,20:20,16.92,0.2,
2020-01-14,13.9,9.4,51.84,Varias,20.88,14.4,
2020-01-14,13.9,9.4,51.84,Varias,20.88,14.4,
2020-01-15,13.7,7.5,48.96,04:20,6.12,1.8,
2020-01-15,13.7,7.5,48.96,04:20,6.12,1.8,
2020-01-16,13.8,7.4,57.96,11:30,15.84,15.8,
2020-01-16,13.8,7.4,57.96,11:30,15.84,15.8,
2020-01-17,10.0,3.9,33.84,01:00,9.0,0.2,
2020-01-17,10.0,3.9,33.84,01:00,9.0,0.2,
2020-01-18,11.3,5.7,45.0,13:00,11.88,8.6,
2020-01-18,11.3,5.7,45.0,13:00,11.88,8.6,
2020-01-19,9.4,4.2,50.04,11:40,14.04,0.0,
2020-01-19,9.4,4.2,50.04,11:40,14.04,0.0,
2020-01-20,7.3,3.1,68.04,16:00,23.04,0.0,
2020-01-20,7.3,3.1,68.04,16:00,23.04,0.0,
2020-01-21,7.6,3.1,60.12,16:40,15.84,0.0,
2020-01-21,7.6,3.1,60.12,16:40,15.84,0.0,
2020-01-22,10.3,3.2,50.04,01:20,10.08,0.8,
2020-01-22,10.3,3.2,50.04,01:20,10.08,0.8,
2020-01-23,12.7,-1.1,16.92,17:30,3.96,0.2,
2020-01-23,12.7,-1.1,16.92,17:30,3.96,0.2,
2020-01-24,13.3,-0.4,18.0,15:10,2.16,0.0,
2020-01-24,13.3,-0.4,18.0,15:10,2.16,0.0,
2020-01-25,13.3,-0.2,10.08,14:20,2.16,0.0,
2020-01-25,13.3,-0.2,10.08,14:20,2.16,0.0,
2020-01-26,11.3,0.7,41.04,15:40,11.16,12.8,
2020-01-26,11.3,0.7,41.04,15:40,11.16,12.8,
2020-01-27,10.3,8.7,41.04,02:50,11.88,3.4,
2020-01-27,10.3,8.7,41.04,02:50,11.88,3.4,
2020-01-28,11.4,7.4,25.92,00:40,6.84,6.2,
2020-01-28,11.4,7.4,25.92,00:40,6.84,6.2,
2020-01-29,12.6,10.7,42.12,13:30,11.88,7.6,
2020-01-29,12.6,10.7,42.12,13:30,11.88,7.6,
2020-01-30,13.7,10.8,39.96,07:10,15.12,1.8,
2020-01-30,13.7,10.8,39.96,07:10,15.12,1.8,
2020-01-31,16.6,12.6,42.84,15:20,11.88,10.2,
2020-01-31,16.6,12.6,42.84,15:20,11.88,10.2,
2020-02-01,16.2,12.9,42.12,23:59,11.16,2.0,
2020-02-01,16.2,12.9,42.12,23:59,11.16,2.0,
2020-02-02,18.8,13.5,47.88,12:40,12.96,0.0,
2020-02-02,18.8,13.5,47.88,12:40,12.96,0.0,
2020-02-03,21.7,6.3,47.16,14:40,10.08,0.0,
2020-02-03,21.7,6.3,47.16,14:40,10.08,0.0,
2020-02-04,14.4,4.9,27.0,18:40,5.04,0.0,
2020-02-04,14.4,4.9,27.0,18:40,5.04,0.0,
2020-02-05,14.2,0.9,20.88,17:00,5.04,0.0,
2020-02-05,14.2,0.9,20.88,17:00,5.04,0.0,
2020-02-06,17.7,-1.0,29.16,13:50,5.04,0.0,
2020-02-06,17.7,-1.0,29.16,13:50,5.04,0.0,
2020-02-07,15.2,3.6,33.12,13:30,11.16,6.0,
2020-02-07,15.2,3.6,33.12,13:30,11.16,6.0,
2020-02-08,13.1,5.9,27.0,13:20,6.84,1.0,
2020-02-08,13.1,5.9,27.0,13:20,6.84,1.0,
2020-02-09,13.4,7.1,42.84,12:50,19.08,0.0,
2020-02-09,13.4,7.1,42.84,12:50,19.08,0.0,
2020-02-10,18.0,9.4,48.96,15:10,14.04,0.2,
2020-02-10,18.0,9.4,48.96,15:10,14.04,0.2,
2020-02-11,12.6,9.0,20.16,10:30,5.04,0.8,
2020-02-11,12.6,9.0,20.16,10:30,5.04,0.8,
2020-02-12,16.4,6.0,27.0,23:59,6.84,0.2,
2020-02-12,16.4,6.0,27.0,23:59,6.84,0.2,
2020-02-13,14.1,9.5,36.0,Varias,14.04,0.4,
2020-02-13,14.1,9.5,36.0,Varias,14.04,0.4,
2020-02-14,14.6,6.0,20.88,00:20,6.84,0.0,
2020-02-14,14.6,6.0,20.88,00:20,6.84,0.0,
2020-02-15,14.1,6.8,55.08,18:50,16.92,0.0,
2020-02-15,14.1,6.8,55.08,18:50,16.92,0.0,
2020-02-16,15.8,12.3,69.12,11:30,20.88,12.2,
2020-02-16,15.8,12.3,69.12,11:30,20.88,12.2,
2020-02-17,12.7,0.2,30.96,00:20,6.12,0.4,
2020-02-17,12.7,0.2,30.96,00:20,6.12,0.4,
2020-02-18,11.7,-1.7,15.12,16:40,2.88,0.0,
2020-02-18,11.7,-1.7,15.12,16:40,2.88,0.0,
2020-02-19,15.1,-1.0,20.88,14:40,3.96,0.0,
2020-02-19,15.1,-1.0,20.88,14:40,3.96,0.0,
2020-02-20,15.6,-1.2,32.04,19:50,5.04,0.0,
2020-02-20,15.6,-1.2,32.04,19:50,5.04,0.0,
2020-02-21,18.1,2.2,18.0,01:20,2.88,0.0,
2020-02-21,18.1,2.2,18.0,01:20,2.88,0.0,
2020-02-22,19.5,-0.9,14.04,09:40,2.88,0.0,
2020-02-22,19.5,-0.9,14.04,09:40,2.88,0.0,
2020-02-23,22.1,-0.7,10.08,18:30,2.88,0.0,
2020-02-23,22.1,-0.7,10.08,18:30,2.88,0.0,
2020-02-24,21.4,-1.0,34.92,16:10,6.84,1.8,
2020-02-24,21.4,-1.0,34.92,16:10,6.84,1.8,
2020-02-25,12.6,6.4,32.04,09:20,7.92,1.4,
2020-02-25,12.6,6.4,32.04,09:20,7.92,1.4,
2020-02-26,10.7,5.7,34.92,21:20,11.16,0.2,
2020-02-26,10.7,5.7,34.92,21:20,11.16,0.2,
2020-02-27,16.7,7.6,38.16,12:00,15.12,0.0,
2020-02-27,16.7,7.6,38.16,12:00,15.12,0.0,
2020-02-28,18.4,7.2,51.12,17:50,15.12,11.8,
2020-02-28,18.4,7.2,51.12,17:50,15.12,11.8,
2020-02-29,10.8,6.7,59.04,03:50,19.08,10.4,
2020-02-29,10.8,6.7,59.04,03:50,19.08,10.4,
2020-03-01,13.6,7.5,64.08,22:40,19.08,34.6,
2020-03-01,13.6,7.5,64.08,22:40,19.08,34.6,
2020-03-02,11.7,4.5,60.84,00:20,9.0,7.2,
2020-03-02,11.7,4.5,60.84,00:20,9.0,7.2,
2020-03-03,16.4,6.7,42.84,05:10,15.12,4.2,
2020-03-03,16.4,6.7,42.84,05:10,15.12,4.2,
2020-03-04,16.2,11.4,50.04,14:50,11.88,19.4,
2020-03-04,16.2,11.4,50.04,14:50,11.88,19.4,
2020-03-05,12.5,6.6,45.0,14:30,11.16,10.4,
2020-03-05,12.5,6.6,45.0,14:30,11.16,10.4,
2020-03-06,10.6,4.4,42.84,04:30,7.92,1.8,
2020-03-06,10.6,4.4,42.84,04:30,7.92,1.8,
2020-03-07,15.4,6.6,24.84,12:10,5.04,0.2,
2020-03-07,15.4,6.6,24.84,12:10,5.04,0.2,
2020-03-08,15.6,6.4,42.12,14:20,9.0,0.0,
2020-03-08,15.6,6.4,42.12,14:20,9.0,0.0,
2020-03-09,15.5,3.9,23.04,14:30,5.04,0.0,
2020-03-09,15.5,3.9,23.04,14:30,5.04,0.0,
2020-03-10,20.2,2.3,33.84,13:40,7.92,0.2,
2020-03-10,20.2,2.3,33.84,13:40,7.92,0.2,
2020-03-11,22.8,5.6,23.04,16:50,5.04,0.0,
2020-03-11,22.8,5.6,23.04,16:50,5.04,0.0,
2020-03-12,12.7,6.4,33.12,17:20,6.84,0.0,
2020-03-12,12.7,6.4,33.12,17:20,6.84,0.0,
2020-03-13,12.6,6.5,27.0,04:40,7.92,0.0,
2020-03-13,12.6,6.5,27.0,04:40,7.92,0.0,
2020-03-14,17.7,2.9,16.92,10:20,3.96,0.0,
2020-03-14,17.7,2.9,16.92,10:20,3.96,0.0,
2020-03-15,12.8,0.0,37.08,11:30,3.96,10.2,
2020-03-15,12.8,0.0,37.08,11:30,3.96,10.2,
2020-03-16,10.4,2.3,42.84,16:20,10.08,4.6,
2020-03-16,10.4,2.3,42.84,16:20,10.08,4.6,
2020-03-17,15.3,3.8,33.12,12:50,6.12,0.0,
2020-03-17,15.3,3.8,33.12,12:50,6.12,0.0,
2020-03-18,21.7,3.5,23.04,17:20,2.88,0.0,
2020-03-18,21.7,3.5,23.04,17:20,2.88,0.0,
2020-03-19,22.4,4.4,38.88,17:30,5.04,30.6,
2020-03-19,22.4,4.4,38.88,17:30,5.04,30.6,
2020-03-20,16.6,8.7,37.08,15:40,1.08,3.0,
2020-03-20,16.6,8.7,37.08,15:40,1.08,3.0,
2020-03-21,18.4,7.3,20.88,17:00,5.04,0.6,
2020-03-21,18.4,7.3,20.88,17:00,5.04,0.6,
2020-03-22,13.5,8.6,27.0,17:10,6.84,0.0,
2020-03-22,13.5,8.6,27.0,17:10,6.84,0.0,
2020-03-23,14.1,5.9,27.0,14:30,6.12,0.0,
2020-03-23,14.1,5.9,27.0,14:30,6.12,0.0,
2020-03-24,19.8,1.9,24.12,16:50,3.96,0.0,
2020-03-24,19.8,1.9,24.12,16:50,3.96,0.0,
2020-03-25,20.2,2.4,27.0,16:00,3.96,0.0,
2020-03-25,20.2,2.4,27.0,16:00,3.96,0.0,
2020-03-26,13.8,-0.8,28.08,15:00,6.84,0.0,
2020-03-26,13.8,-0.8,28.08,15:00,6.84,0.0,
2020-03-27,15.3,0.4,29.88,14:00,6.12,0.0,
2020-03-27,15.3,0.4,29.88,14:00,6.12,0.0,
2020-03-28,18.1,-0.7,32.04,17:00,6.84,0.0,
2020-03-28,18.1,-0.7,32.04,17:00,6.84,0.0,
2020-03-29,14.9,2.3,42.12,16:10,7.92,0.0,
2020-03-29,14.9,2.3,42.12,16:10,7.92,0.0,
2020-03-30,7.2,1.8,50.04,11:00,19.08,0.0,
2020-03-30,7.2,1.8,50.04,11:00,19.08,0.0,
2020-03-31,7.8,-0.8,42.12,11:10,11.88,4.2,
2020-03-31,7.8,-0.8,42.12,11:10,11.88,4.2,
2020-04-01,15.2,4.2,33.12,15:00,5.04,0.8,
2020-04-01,15.2,4.2,33.12,15:00,5.04,0.8,
2020-04-02,12.5,5.3,34.92,14:00,10.08,0.0,
2020-04-02,12.5,5.3,34.92,14:00,10.08,0.0,
2020-04-03,20.0,0.3,24.12,12:00,6.12,0.0,
2020-04-03,20.0,0.3,24.12,12:00,6.12,0.0,
2020-04-04,21.3,1.5,43.92,15:10,7.92,0.0,
2020-04-04,21.3,1.5,43.92,15:10,7.92,0.0,
2020-04-05,16.2,10.0,42.12,04:10,10.08,11.8,
2020-04-05,16.2,10.0,42.12,04:10,10.08,11.8,
2020-04-06,16.0,7.3,18.0,17:00,3.96,0.0,
2020-04-06,16.0,7.3,18.0,17:00,3.96,0.0,
2020-04-07,21.2,7.2,27.0,14:30,6.12,0.0,
2020-04-07,21.2,7.2,27.0,14:30,6.12,0.0,
2020-04-08,24.1,6.8,27.0,12:40,6.84,2.4,
2020-04-08,24.1,6.8,27.0,12:40,6.84,2.4,
2020-04-09,19.0,9.6,24.84,13:40,3.96,2.6,
2020-04-09,19.0,9.6,24.84,13:40,3.96,2.6,
2020-04-10,15.4,11.4,25.92,14:30,7.92,1.8,
2020-04-10,15.4,11.4,25.92,14:30,7.92,1.8,
2020-04-11,18.3,9.9,25.92,17:40,6.12,0.0,
2020-04-11,18.3,9.9,25.92,17:40,6.12,0.0,
2020-04-12,20.4,8.3,30.96,15:40,6.12,1.0,
2020-04-12,20.4,8.3,30.96,15:40,6.12,1.0,
2020-04-13,15.2,5.7,33.12,17:10,7.92,0.0,
2020-04-13,15.2,5.7,33.12,17:10,7.92,0.0,
2020-04-14,19.8,7.7,34.92,15:30,6.84,18.6,
2020-04-14,19.8,7.7,34.92,15:30,6.84,18.6,
2020-04-15,17.8,8.4,42.84,17:00,3.96,7.4,
2020-04-15,17.8,8.4,42.84,17:00,3.96,7.4,
2020-04-16,15.4,6.9,33.84,13:40,6.12,2.6,
2020-04-16,15.4,6.9,33.84,13:40,6.12,2.6,
2020-04-17,16.1,9.9,37.08,13:10,11.88,1.0,
2020-04-17,16.1,9.9,37.08,13:10,11.88,1.0,
2020-04-18,18.3,7.4,29.88,12:40,6.12,10.0,
2020-04-18,18.3,7.4,29.88,12:40,6.12,10.0,
2020-04-19,17.5,6.3,28.08,17:50,7.92,0.4,
2020-04-19,17.5,6.3,28.08,17:50,7.92,0.4,
2020-04-20,17.4,6.1,29.88,17:10,5.04,0.2,
2020-04-20,17.4,6.1,29.88,17:10,5.04,0.2,
2020-04-21,16.6,9.0,23.04,17:40,5.04,0.2,
2020-04-21,16.6,9.0,23.04,17:40,5.04,0.2,
2020-04-22,14.4,9.9,19.08,15:40,3.96,0.4,
2020-04-22,14.4,9.9,19.08,15:40,3.96,0.4,
2020-04-23,22.8,9.8,32.04,13:30,6.12,0.2,
2020-04-23,22.8,9.8,32.04,13:30,6.12,0.2,
2020-04-24,24.1,11.0,37.08,14:30,6.12,1.4,
2020-04-24,24.1,11.0,37.08,14:30,6.12,1.4,
2020-04-25,16.9,11.7,12.96,15:30,2.16,0.0,
2020-04-25,16.9,11.7,12.96,15:30,2.16,0.0,
2020-04-26,14.2,9.6,20.88,16:30,2.88,1.0,
2020-04-26,14.2,9.6,20.88,16:30,2.88,1.0,
2020-04-27,14.1,8.4,30.96,12:40,7.92,1.4,
2020-04-27,14.1,8.4,30.96,12:40,7.92,1.4,
2020-04-28,15.1,7.5,38.88,13:40,11.16,3.0,
2020-04-28,15.1,7.5,38.88,13:40,11.16,3.0,
2020-04-29,14.2,9.3,51.12,11:40,16.92,7.6,
2020-04-29,14.2,9.3,51.12,11:40,16.92,7.6,
2020-04-30,15.9,9.0,56.88,13:40,15.84,5.8,
2020-04-30,15.9,9.0,56.88,13:40,15.84,5.8,
2020-05-01,17.9,13.3,43.92,16:10,16.92,0.8,
2020-05-01,17.9,13.3,43.92,16:10,16.92,0.8,
2020-05-02,21.7,10.4,34.92,14:30,11.88,1.2,
2020-05-02,21.7,10.4,34.92,14:30,11.88,1.2,
2020-05-03,28.2,6.6,27.0,12:10,6.84,0.0,
2020-05-03,28.2,6.6,27.0,12:10,6.84,0.0,
2020-05-04,27.9,10.6,78.84,14:50,10.08,0.6,
2020-05-04,27.9,10.6,78.84,14:50,10.08,0.6,
2020-05-05,20.4,11.0,39.96,15:30,12.96,0.0,
2020-05-05,20.4,11.0,39.96,15:30,12.96,0.0,
2020-05-06,22.9,7.8,29.88,08:10,9.0,0.0,
2020-05-06,22.9,7.8,29.88,08:10,9.0,0.0,
2020-05-07,25.4,8.7,24.12,Varias,3.96,0.0,
2020-05-07,25.4,8.7,24.12,Varias,3.96,0.0,
2020-05-08,25.7,11.9,29.88,16:10,6.12,0.8,
2020-05-08,25.7,11.9,29.88,16:10,6.12,0.8,
2020-05-09,20.9,11.3,47.16,14:50,6.12,5.4,
2020-05-09,20.9,11.3,47.16,14:50,6.12,5.4,
2020-05-10,18.3,10.1,16.92,15:10,5.04,0.0,
2020-05-10,18.3,10.1,16.92,15:10,5.04,0.0,
2020-05-11,21.0,10.4,34.92,17:20,7.92,0.0,
2020-05-11,21.0,10.4,34.92,17:20,7.92,0.0,
2020-05-12,15.1,9.6,23.04,16:50,3.96,3.6,
2020-05-12,15.1,9.6,23.04,16:50,3.96,3.6,
2020-05-13,17.9,9.5,37.08,15:10,7.92,0.2,
2020-05-13,17.9,9.5,37.08,15:10,7.92,0.2,
2020-05-14,14.3,9.9,36.0,10:10,11.16,0.2,
2020-05-14,14.3,9.9,36.0,10:10,11.16,0.2,
2020-05-15,13.5,7.3,39.96,09:20,12.96,0.0,
2020-05-15,13.5,7.3,39.96,09:20,12.96,0.0,
2020-05-16,18.7,6.4,34.92,11:20,11.88,0.0,
2020-05-16,18.7,6.4,34.92,11:20,11.88,0.0,
2020-05-17,24.6,4.1,20.16,16:20,3.96,0.0,
2020-05-17,24.6,4.1,20.16,16:20,3.96,0.0,
2020-05-18,26.8,4.5,27.0,17:10,3.96,0.0,
2020-05-18,26.8,4.5,27.0,17:10,3.96,0.0,
2020-05-19,29.0,5.7,20.16,17:40,2.88,0.0,
2020-05-19,29.0,5.7,20.16,17:40,2.88,0.0,
2020-05-20,29.8,9.9,30.96,15:20,3.96,0.0,
2020-05-20,29.8,9.9,30.96,15:20,3.96,0.0,
2020-05-21,29.1,10.9,36.0,14:40,6.84,0.0,
2020-05-21,29.1,10.9,36.0,14:40,6.84,0.0,
2020-05-22,23.8,9.3,21.96,15:50,6.12,0.0,
2020-05-22,23.8,9.3,21.96,15:50,6.12,0.0,
2020-05-23,19.3,11.1,38.16,15:10,11.16,0.0,
2020-05-23,19.3,11.1,38.16,15:10,11.16,0.0,
2020-05-24,21.7,10.1,36.0,14:50,10.08,0.0,
2020-05-24,21.7,10.1,36.0,14:50,10.08,0.0,
2020-05-25,21.4,11.9,38.88,19:40,12.96,0.0,
2020-05-25,21.4,11.9,38.88,19:40,12.96,0.0,
2020-05-26,23.7,8.8,38.88,17:00,9.0,0.0,
2020-05-26,23.7,8.8,38.88,17:00,9.0,0.0,
2020-05-27,27.3,10.3,24.84,15:30,7.92,0.0,
2020-05-27,27.3,10.3,24.84,15:30,7.92,0.0,
2020-05-28,33.2,11.8,23.04,Varias,5.04,0.0,
2020-05-28,33.2,11.8,23.04,Varias,5.04,0.0,
2020-05-29,30.8,12.4,21.96,16:50,6.12,0.0,
2020-05-29,30.8,12.4,21.96,16:50,6.12,0.0,
2020-05-30,31.5,9.1,19.08,14:50,3.96,0.0,
2020-05-30,31.5,9.1,19.08,14:50,3.96,0.0,
2020-05-31,26.6,13.2,29.88,09:10,3.96,11.2,
2020-05-31,26.6,13.2,29.88,09:10,3.96,11.2,
2020-06-01,27.3,14.6,28.08,16:00,5.04,1.8,
2020-06-01,27.3,14.6,28.08,16:00,5.04,1.8,
2020-06-02,27.7,15.3,20.88,14:20,6.12,0.0,
2020-06-02,27.7,15.3,20.88,14:20,6.12,0.0,
2020-06-03,23.9,10.4,30.96,18:10,5.04,0.0,
2020-06-03,23.9,10.4,30.96,18:10,5.04,0.0,
2020-06-04,18.5,7.3,24.84,13:00,5.04,0.0,
2020-06-04,18.5,7.3,24.84,13:00,5.04,0.0,
2020-06-05,23.4,4.9,23.04,Varias,7.92,0.0,
2020-06-05,23.4,4.9,23.04,Varias,7.92,0.0,
2020-06-06,18.6,10.5,23.04,16:50,5.04,0.2,
2020-06-06,18.6,10.5,23.04,16:50,5.04,0.2,
2020-06-07,16.7,6.2,29.88,Varias,7.92,0.0,
2020-06-07,16.7,6.2,29.88,Varias,7.92,0.0,
2020-06-08,17.4,5.4,29.88,14:00,5.04,0.0,
2020-06-08,17.4,5.4,29.88,14:00,5.04,0.0,
2020-06-09,19.2,5.8,29.88,15:10,6.84,0.0,
2020-06-09,19.2,5.8,29.88,15:10,6.84,0.0,
2020-06-10,21.3,5.7,24.12,14:00,3.96,0.0,
2020-06-10,21.3,5.7,24.12,14:00,3.96,0.0,
2020-06-11,15.2,9.6,42.84,16:30,10.08,6.0,
2020-06-11,15.2,9.6,42.84,16:30,10.08,6.0,
2020-06-12,17.2,8.2,33.12,13:20,7.92,5.4,
2020-06-12,17.2,8.2,33.12,13:20,7.92,5.4,
2020-06-13,16.1,10.3,37.08,14:10,11.88,1.2,
2020-06-13,16.1,10.3,37.08,14:10,11.88,1.2,
2020-06-14,16.8,10.4,38.16,15:40,10.08,0.6,
2020-06-14,16.8,10.4,38.16,15:40,10.08,0.6,
2020-06-15,18.6,10.6,24.84,Varias,9.0,3.4,
2020-06-15,18.6,10.6,24.84,Varias,9.0,3.4,
2020-06-16,17.0,12.1,27.0,12:10,6.84,0.4,
2020-06-16,17.0,12.1,27.0,12:10,6.84,0.4,
2020-06-17,16.3,9.4,21.96,14:20,3.96,0.2,
2020-06-17,16.3,9.4,21.96,14:20,3.96,0.2,
2020-06-18,20.6,6.3,20.16,14:30,5.04,0.0,
2020-06-18,20.6,6.3,20.16,14:30,5.04,0.0,
2020-06-19,24.0,5.6,24.12,16:40,6.12,0.0,
2020-06-19,24.0,5.6,24.12,16:40,6.12,0.0,
2020-06-20,24.8,13.3,30.96,17:10,11.88,0.0,
2020-06-20,24.8,13.3,30.96,17:10,11.88,0.0,
2020-06-21,23.9,12.1,23.04,11:50,6.84,0.0,
2020-06-21,23.9,12.1,23.04,11:50,6.84,0.0,
2020-06-22,29.8,10.5,21.96,14:50,3.96,0.0,
2020-06-22,29.8,10.5,21.96,14:50,3.96,0.0,
2020-06-23,35.2,11.8,25.92,16:30,3.96,0.0,
2020-06-23,35.2,11.8,25.92,16:30,3.96,0.0,
2020-06-24,29.6,15.1,28.08,15:30,3.96,0.0,
2020-06-24,29.6,15.1,28.08,15:30,3.96,0.0,
2020-06-25,23.5,13.8,24.12,16:20,6.12,0.0,
2020-06-25,23.5,13.8,24.12,16:20,6.12,0.0,
2020-06-26,23.3,13.1,33.12,17:10,10.08,0.0,
2020-06-26,23.3,13.1,33.12,17:10,10.08,0.0,
2020-06-27,21.5,13.3,33.84,16:10,11.88,0.0,
2020-06-27,21.5,13.3,33.84,16:10,11.88,0.0,
2020-06-28,22.9,12.0,24.12,13:00,6.84,0.4,
2020-06-28,22.9,12.0,24.12,13:00,6.84,0.4,
2020-06-29,24.4,12.5,27.0,17:40,7.92,0.0,
2020-06-29,24.4,12.5,27.0,17:40,7.92,0.0,
2020-06-30,27.6,10.3,24.84,17:40,6.84,0.0,
2020-06-30,27.6,10.3,24.84,17:40,6.84,0.0,
2020-07-01,22.8,13.6,28.08,10:00,6.12,0.0,
2020-07-01,22.8,13.6,28.08,10:00,6.12,0.0,
2020-07-02,18.6,7.9,24.84,18:50,6.84,0.0,
2020-07-02,18.6,7.9,24.84,18:50,6.84,0.0,
2020-07-03,23.4,4.8,25.92,16:30,6.84,0.0,
2020-07-03,23.4,4.8,25.92,16:30,6.84,0.0,
2020-07-04,29.6,7.3,24.12,Varias,5.04,0.0,
2020-07-04,29.6,7.3,24.12,Varias,5.04,0.0,
2020-07-05,27.8,12.7,29.16,12:30,9.0,0.0,
2020-07-05,27.8,12.7,29.16,12:30,9.0,0.0,
2020-07-06,18.7,14.3,38.88,10:30,10.08,0.0,
2020-07-06,18.7,14.3,38.88,10:30,10.08,0.0,
2020-07-07,23.3,13.8,33.12,00:10,10.08,0.0,
2020-07-07,23.3,13.8,33.12,00:10,10.08,0.0,
2020-07-08,20.1,14.8,34.92,18:20,10.08,0.4,
2020-07-08,20.1,14.8,34.92,18:20,10.08,0.4,
2020-07-09,26.9,12.8,28.08,13:30,7.92,0.0,
2020-07-09,26.9,12.8,28.08,13:30,7.92,0.0,
2020-07-10,20.3,12.5,38.88,15:20,10.08,0.0,
2020-07-10,20.3,12.5,38.88,15:20,10.08,0.0,
2020-07-11,22.9,14.0,37.08,16:20,11.16,0.0,
2020-07-11,22.9,14.0,37.08,16:20,11.16,0.0,
2020-07-12,25.4,15.3,36.0,17:00,7.92,0.0,
2020-07-12,25.4,15.3,36.0,17:00,7.92,0.0,
2020-07-13,25.2,14.1,39.96,16:10,10.08,0.0,
2020-07-13,25.2,14.1,39.96,16:10,10.08,0.0,
2020-07-14,23.5,12.4,43.92,18:50,7.92,0.0,
2020-07-14,23.5,12.4,43.92,18:50,7.92,0.0,
2020-07-15,22.2,13.6,38.16,13:30,7.92,0.0,
2020-07-15,22.2,13.6,38.16,13:30,7.92,0.0,
2020-07-16,25.2,10.2,33.84,16:50,9.0,0.0,
2020-07-16,25.2,10.2,33.84,16:50,9.0,0.0,
2020-07-17,27.1,11.6,32.04,16:30,9.0,0.0,
2020-07-17,27.1,11.6,32.04,16:30,9.0,0.0,
2020-07-18,33.5,10.0,23.04,14:30,3.96,0.0,
2020-07-18,33.5,10.0,23.04,14:30,3.96,0.0,
2020-07-19,23.8,15.8,30.96,20:50,7.92,0.0,
2020-07-19,23.8,15.8,30.96,20:50,7.92,0.0,
2020-07-20,21.4,16.0,32.04,Varias,11.88,0.0,
2020-07-20,21.4,16.0,32.04,Varias,11.88,0.0,
2020-07-21,24.2,15.4,37.08,15:10,9.0,0.0,
2020-07-21,24.2,15.4,37.08,15:10,9.0,0.0,
2020-07-22,30.3,16.2,28.08,16:10,6.84,0.0,
2020-07-22,30.3,16.2,28.08,16:10,6.84,0.0,
2020-07-23,28.5,13.6,28.08,18:00,6.84,0.0,
2020-07-23,28.5,13.6,28.08,18:00,6.84,0.0,
2020-07-24,26.6,11.8,25.92,14:40,6.84,0.0,
2020-07-24,26.6,11.8,25.92,14:40,6.84,0.0,
2020-07-25,28.6,14.3,25.92,15:00,6.84,0.0,
2020-07-25,28.6,14.3,25.92,15:00,6.84,0.0,
2020-07-26,31.7,15.7,21.96,16:10,6.12,0.0,
2020-07-26,31.7,15.7,21.96,16:10,6.12,0.0,
2020-07-27,32.0,12.0,28.08,14:50,7.92,0.0,
2020-07-27,32.0,12.0,28.08,14:50,7.92,0.0,
2020-07-28,21.1,15.1,33.12,14:20,9.0,0.0,
2020-07-28,21.1,15.1,33.12,14:20,9.0,0.0,
2020-07-29,23.8,15.0,32.04,13:10,10.08,0.0,
2020-07-29,23.8,15.0,32.04,13:10,10.08,0.0,
2020-07-30,36.7,14.5,29.16,15:40,6.84,0.0,
2020-07-30,36.7,14.5,29.16,15:40,6.84,0.0,
2020-07-31,32.0,12.1,25.92,15:40,6.12,0.0,
2020-07-31,32.0,12.1,25.92,15:40,6.12,0.0,
2020-08-01,24.5,15.3,34.92,18:50,6.84,0.0,
2020-08-01,24.5,15.3,34.92,18:50,6.84,0.0,
2020-08-02,24.1,12.9,27.0,17:10,7.92,0.0,
2020-08-02,24.1,12.9,27.0,17:10,7.92,0.0,
2020-08-03,26.2,12.1,28.08,18:00,7.92,0.0,
2020-08-03,26.2,12.1,28.08,18:00,7.92,0.0,
2020-08-04,28.5,13.0,29.16,16:50,7.92,0.0,
2020-08-04,28.5,13.0,29.16,16:50,7.92,0.0,
2020-08-05,33.4,10.8,25.92,Varias,6.12,0.0,
2020-08-05,33.4,10.8,25.92,Varias,6.12,0.0,
2020-08-06,36.3,12.6,23.04,15:40,2.88,0.0,
2020-08-06,36.3,12.6,23.04,15:40,2.88,0.0,
2020-08-07,32.4,15.2,27.0,16:30,6.84,0.0,
2020-08-07,32.4,15.2,27.0,16:30,6.84,0.0,
2020-08-08,27.8,13.6,28.08,17:30,6.84,0.0,
2020-08-08,27.8,13.6,28.08,17:30,6.84,0.0,
2020-08-09,28.7,17.2,25.92,18:20,5.04,0.0,
2020-08-09,28.7,17.2,25.92,18:20,5.04,0.0,
2020-08-10,21.2,16.6,23.04,14:30,6.12,0.0,
2020-08-10,21.2,16.6,23.04,14:30,6.12,0.0,
2020-08-11,25.7,16.7,39.96,17:00,9.0,22.2,
2020-08-11,25.7,16.7,39.96,17:00,9.0,22.2,
2020-08-12,17.3,14.2,24.84,17:30,5.04,8.0,
2020-08-12,17.3,14.2,24.84,17:30,5.04,8.0,
2020-08-13,23.6,11.8,18.0,Varias,6.12,0.0,
2020-08-13,23.6,11.8,18.0,Varias,6.12,0.0,
2020-08-14,25.7,9.4,23.04,16:40,3.96,0.0,
2020-08-14,25.7,9.4,23.04,16:40,3.96,0.0,
2020-08-15,22.5,13.0,34.92,18:10,10.08,0.2,
2020-08-15,22.5,13.0,34.92,18:10,10.08,0.2,
2020-08-16,21.5,13.6,33.84,13:40,7.92,4.2,
2020-08-16,21.5,13.6,33.84,13:40,7.92,4.2,
2020-08-17,19.4,16.2,30.96,03:40,6.84,19.6,
2020-08-17,19.4,16.2,30.96,03:40,6.84,19.6,
2020-08-18,23.8,17.0,36.0,Varias,10.08,0.6,
2020-08-18,23.8,17.0,36.0,Varias,10.08,0.6,
2020-08-19,25.5,16.2,52.92,13:10,16.92,9.0,
2020-08-19,25.5,16.2,52.92,13:10,16.92,9.0,
2020-08-20,25.9,14.6,42.84,17:37,15.84,0.0,
2020-08-20,25.9,14.6,42.84,17:37,15.84,0.0,
2020-08-21,22.0,12.1,30.96,15:20,9.0,0.0,
2020-08-21,22.0,12.1,30.96,15:20,9.0,0.0,
2020-08-22,24.8,9.3,23.04,17:30,6.12,0.0,
2020-08-22,24.8,9.3,23.04,17:30,6.12,0.0,
2020-08-23,25.2,9.9,28.08,17:40,6.84,0.0,
2020-08-23,25.2,9.9,28.08,17:40,6.84,0.0,
2020-08-24,29.5,10.5,16.92,08:10,2.88,0.0,
2020-08-24,29.5,10.5,16.92,08:10,2.88,0.0,
2020-08-25,28.0,11.7,23.04,Varias,6.12,0.0,
2020-08-25,28.0,11.7,23.04,Varias,6.12,0.0,
2020-08-26,30.2,17.0,21.96,17:30,2.88,0.0,
2020-08-26,30.2,17.0,21.96,17:30,2.88,0.0,
2020-08-27,27.0,16.8,30.96,15:00,10.08,0.0,
2020-08-27,27.0,16.8,30.96,15:00,10.08,0.0,
2020-08-28,20.5,11.6,28.08,14:00,6.12,1.6,
2020-08-28,20.5,11.6,28.08,14:00,6.12,1.6,
2020-08-29,19.3,10.9,37.08,14:50,3.96,1.2,
2020-08-29,19.3,10.9,37.08,14:50,3.96,1.2,
2020-08-30,18.3,7.3,30.96,16:50,6.12,0.0,
2020-08-30,18.3,7.3,30.96,16:50,6.12,0.0,
2020-08-31,25.5,5.1,27.0,13:00,6.12,0.0,
2020-08-31,25.5,5.1,27.0,13:00,6.12,0.0,
2020-09-01,23.6,10.7,33.12,16:00,6.12,0.0,
2020-09-01,23.6,10.7,33.12,16:00,6.12,0.0,
2020-09-02,25.5,9.4,20.88,16:00,5.04,0.0,
2020-09-02,25.5,9.4,20.88,16:00,5.04,0.0,
2020-09-03,31.3,10.3,18.0,14:30,2.88,0.0,
2020-09-03,31.3,10.3,18.0,14:30,2.88,0.0,
2020-09-04,33.5,11.7,28.08,17:40,5.04,0.0,
2020-09-04,33.5,11.7,28.08,17:40,5.04,0.0,
2020-09-05,19.4,15.1,41.04,14:10,14.04,0.0,
2020-09-05,19.4,15.1,41.04,14:10,14.04,0.0,
2020-09-06,19.7,12.3,43.92,15:00,12.96,0.0,
2020-09-06,19.7,12.3,43.92,15:00,12.96,0.0,
2020-09-07,22.2,10.0,41.04,13:00,11.16,0.0,
2020-09-07,22.2,10.0,41.04,13:00,11.16,0.0,
2020-09-08,24.4,7.9,28.08,17:40,7.92,0.0,
2020-09-08,24.4,7.9,28.08,17:40,7.92,0.0,
2020-09-09,26.4,8.2,29.16,16:00,5.04,0.0,
2020-09-09,26.4,8.2,29.16,16:00,5.04,0.0,
2020-09-10,27.1,9.6,21.96,15:00,3.96,0.0,
2020-09-10,27.1,9.6,21.96,15:00,3.96,0.0,
2020-09-11,28.8,14.2,21.96,15:20,5.04,0.0,
2020-09-11,28.8,14.2,21.96,15:20,5.04,0.0,
2020-09-12,27.9,13.0,20.88,03:00,3.96,0.0,
2020-09-12,27.9,13.0,20.88,03:00,3.96,0.0,
2020-09-13,34.1,12.1,20.16,17:50,3.96,0.0,
2020-09-13,34.1,12.1,20.16,17:50,3.96,0.0,
2020-09-14,26.5,14.7,20.16,15:00,3.96,0.0,
2020-09-14,26.5,14.7,20.16,15:00,3.96,0.0,
2020-09-15,26.8,13.2,30.96,11:40,6.84,0.0,
2020-09-15,26.8,13.2,30.96,11:40,6.84,0.0,
2020-09-16,28.6,11.5,28.08,16:00,2.88,0.2,
2020-09-16,28.6,11.5,28.08,16:00,2.88,0.2,
2020-09-17,28.4,15.2,41.04,18:10,6.12,19.4,
2020-09-17,28.4,15.2,41.04,18:10,6.12,19.4,
2020-09-18,24.9,13.4,27.0,13:10,7.92,0.0,
2020-09-18,24.9,13.4,27.0,13:10,7.92,0.0,
2020-09-19,21.2,10.4,21.96,11:50,2.16,0.4,
2020-09-19,21.2,10.4,21.96,11:50,2.16,0.4,
2020-09-20,24.1,13.9,15.84,13:10,2.16,1.0,
2020-09-20,24.1,13.9,15.84,13:10,2.16,1.0,
2020-09-21,23.3,14.9,15.84,17:50,5.04,0.0,
2020-09-21,23.3,14.9,15.84,17:50,5.04,0.0,
2020-09-22,23.2,13.8,28.08,23:40,5.04,5.0,
2020-09-22,23.2,13.8,28.08,23:40,5.04,5.0,
2020-09-23,21.2,13.3,34.92,14:20,7.92,0.0,
2020-09-23,21.2,13.3,34.92,14:20,7.92,0.0,
2020-09-24,16.4,9.6,43.92,14:40,12.96,5.4,
2020-09-24,16.4,9.6,43.92,14:40,12.96,5.4,
2020-09-25,15.3,8.3,36.0,12:10,2.88,0.6,
2020-09-25,15.3,8.3,36.0,12:10,2.88,0.6,
2020-09-26,16.8,9.9,29.16,15:40,6.84,2.2,
2020-09-26,16.8,9.9,29.16,15:40,6.84,2.2,
2020-09-27,18.0,4.8,25.92,14:00,6.12,0.0,
2020-09-27,18.0,4.8,25.92,14:00,6.12,0.0,
2020-09-28,18.5,2.5,18.0,17:10,2.88,0.0,
2020-09-28,18.5,2.5,18.0,17:10,2.88,0.0,
2020-09-29,23.3,5.5,14.04,14:40,2.88,0.0,
2020-09-29,23.3,5.5,14.04,14:40,2.88,0.0,
2020-09-30,19.8,8.1,33.12,17:10,9.0,0.6,
2020-09-30,19.8,8.1,33.12,17:10,9.0,0.6,
2020-10-01,16.0,11.4,55.08,18:20,11.88,19.0,
2020-10-01,16.0,11.4,55.08,18:20,11.88,19.0,
2020-10-02,14.8,7.1,50.04,00:20,9.0,16.0,
2020-10-02,14.8,7.1,50.04,00:20,9.0,16.0,
2020-10-03,15.3,7.1,36.0,15:10,7.92,1.2,
2020-10-03,15.3,7.1,36.0,15:10,7.92,1.2,
2020-10-04,14.3,9.5,29.88,00:40,7.92,3.4,
2020-10-04,14.3,9.5,29.88,00:40,7.92,3.4,
2020-10-05,15.2,9.1,29.16,11:40,9.0,0.0,
2020-10-05,15.2,9.1,29.16,11:40,9.0,0.0,
2020-10-06,19.9,14.8,36.0,11:30,11.16,0.8,
2020-10-06,19.9,14.8,36.0,11:30,11.16,0.8,
2020-10-07,22.4,13.7,19.08,01:50,5.04,0.2,
2020-10-07,22.4,13.7,19.08,01:50,5.04,0.2,
2020-10-08,22.4,12.4,14.04,16:20,2.88,0.0,
2020-10-08,22.4,12.4,14.04,16:20,2.88,0.0,
2020-10-09,21.2,10.1,24.84,17:20,3.96,0.2,
2020-10-09,21.2,10.1,24.84,17:20,3.96,0.2,
2020-10-10,16.7,10.1,34.92,Varias,11.16,0.0,
2020-10-10,16.7,10.1,34.92,Varias,11.16,0.0,
2020-10-11,15.4,6.3,38.88,12:30,7.92,0.0,
2020-10-11,15.4,6.3,38.88,12:30,7.92,0.0,
2020-10-12,15.1,3.8,11.88,22:10,2.16,1.6,
2020-10-12,15.1,3.8,11.88,22:10,2.16,1.6,
2020-10-13,15.3,8.5,23.04,Varias,3.96,0.2,
2020-10-13,15.3,8.5,23.04,Varias,3.96,0.2,
2020-10-14,14.3,7.2,24.84,11:50,2.88,1.4,
2020-10-14,14.3,7.2,24.84,11:50,2.88,1.4,
2020-10-15,14.9,2.8,23.04,15:40,2.88,0.0,
2020-10-15,14.9,2.8,23.04,15:40,2.88,0.0,
2020-10-16,17.3,0.1,23.04,12:10,5.04,0.0,
2020-10-16,17.3,0.1,23.04,12:10,5.04,0.0,
2020-10-17,18.5,5.8,20.88,12:20,6.12,0.0,
2020-10-17,18.5,5.8,20.88,12:20,6.12,0.0,
2020-10-18,22.5,3.8,18.0,13:10,6.12,0.0,
2020-10-18,22.5,3.8,18.0,13:10,6.12,0.0,
2020-10-19,21.8,9.2,42.12,10:20,9.0,2.6,
2020-10-19,21.8,9.2,42.12,10:20,9.0,2.6,
2020-10-20,18.3,12.1,30.96,03:30,6.84,12.0,
2020-10-20,18.3,12.1,30.96,03:30,6.84,12.0,
2020-10-21,16.6,7.8,38.16,14:10,7.92,0.2,
2020-10-21,16.6,7.8,38.16,14:10,7.92,0.2,
2020-10-22,17.1,7.8,47.16,14:30,6.84,2.6,
2020-10-22,17.1,7.8,47.16,14:30,6.84,2.6,
2020-10-23,15.2,9.7,30.96,11:40,7.92,0.4,
2020-10-23,15.2,9.7,30.96,11:40,7.92,0.4,
2020-10-24,15.5,10.8,57.96,15:00,16.92,23.8,
2020-10-24,15.5,10.8,57.96,15:00,16.92,23.8,
2020-10-25,13.3,6.0,45.0,14:40,10.08,15.0,
2020-10-25,13.3,6.0,45.0,14:40,10.08,15.0,
2020-10-26,13.2,5.4,33.12,14:00,11.16,1.8,
2020-10-26,13.2,5.4,33.12,14:00,11.16,1.8,
2020-10-27,15.0,8.9,42.84,14:00,11.88,3.0,
2020-10-27,15.0,8.9,42.84,14:00,11.88,3.0,
2020-10-28,15.2,9.8,32.04,13:50,7.92,0.6,
2020-10-28,15.2,9.8,32.04,13:50,7.92,0.6,
2020-10-29,17.4,5.4,27.0,13:00,6.84,0.2,
2020-10-29,17.4,5.4,27.0,13:00,6.84,0.2,
2020-10-30,20.7,3.6,28.08,23:50,6.12,0.0,
2020-10-30,20.7,3.6,28.08,23:50,6.12,0.0,
2020-10-31,18.8,13.0,41.04,09:20,12.96,0.0,
2020-10-31,18.8,13.0,41.04,09:20,12.96,0.0,
2020-11-01,19.0,15.8,47.88,03:40,12.96,2.6,
2020-11-01,19.0,15.8,47.88,03:40,12.96,2.6,
2020-11-02,16.6,5.0,33.12,00:40,5.04,6.8,
2020-11-02,16.6,5.0,33.12,00:40,5.04,6.8,
2020-11-03,12.4,3.9,25.92,12:00,2.88,0.2,
2020-11-03,12.4,3.9,25.92,12:00,2.88,0.2,
2020-11-04,11.1,3.1,54.0,22:20,9.0,0.2,
2020-11-04,11.1,3.1,54.0,22:20,9.0,0.2,
2020-11-05,11.7,6.6,33.12,08:20,7.92,0.0,
2020-11-05,11.7,6.6,33.12,08:20,7.92,0.0,
2020-11-06,18.6,8.8,38.88,14:50,6.12,9.2,
2020-11-06,18.6,8.8,38.88,14:50,6.12,9.2,
2020-11-07,17.3,8.2,38.16,11:00,7.92,2.2,
2020-11-07,17.3,8.2,38.16,11:00,7.92,2.2,
2020-11-08,17.3,11.1,42.12,13:20,10.08,21.2,
2020-11-08,17.3,11.1,42.12,13:20,10.08,21.2,
2020-11-09,14.8,6.4,23.04,00:30,6.12,1.8,
2020-11-09,14.8,6.4,23.04,00:30,6.12,1.8,
2020-11-10,16.1,6.1,19.08,12:20,3.96,0.0,
2020-11-10,16.1,6.1,19.08,12:20,3.96,0.0,
2020-11-11,14.1,7.3,33.84,13:30,6.84,0.0,
2020-11-11,14.1,7.3,33.84,13:30,6.84,0.0,
2020-11-12,19.2,9.7,28.08,14:10,7.92,0.0,
2020-11-12,19.2,9.7,28.08,14:10,7.92,0.0,
2020-11-13,18.8,7.4,33.12,13:00,7.92,0.0,
2020-11-13,18.8,7.4,33.12,13:00,7.92,0.0,
2020-11-14,18.3,8.7,42.12,21:10,11.16,3.6,
2020-11-14,18.3,8.7,42.12,21:10,11.16,3.6,
2020-11-15,16.6,9.5,43.92,05:00,10.08,7.0,
2020-11-15,16.6,9.5,43.92,05:00,10.08,7.0,
2020-11-16,14.8,4.0,11.88,13:30,2.88,0.2,
2020-11-16,14.8,4.0,11.88,13:30,2.88,0.2,
2020-11-17,20.4,1.7,20.16,23:40,2.16,0.0,
2020-11-17,20.4,1.7,20.16,23:40,2.16,0.0,
2020-11-18,20.9,10.6,38.88,11:10,7.92,0.0,
2020-11-18,20.9,10.6,38.88,11:10,7.92,0.0,
2020-11-19,12.6,9.4,33.12,15:10,6.84,0.0,
2020-11-19,12.6,9.4,33.12,15:10,6.84,0.0,
2020-11-20,14.6,4.9,23.04,15:10,5.04,0.0,
2020-11-20,14.6,4.9,23.04,15:10,5.04,0.0,
2020-11-21,17.5,1.7,9.0,14:00,2.16,0.0,
2020-11-21,17.5,1.7,9.0,14:00,2.16,0.0,
2020-11-22,18.3,1.2,12.96,14:20,2.16,0.0,
2020-11-22,18.3,1.2,12.96,14:20,2.16,0.0,
2020-11-23,12.8,0.1,7.92,00:20,1.08,0.2,
2020-11-23,12.8,0.1,7.92,00:20,1.08,0.2,
2020-11-24,14.5,0.6,33.84,11:40,10.08,10.8,
2020-11-24,14.5,0.6,33.84,11:40,10.08,10.8,
2020-11-25,10.2,7.2,32.04,03:10,2.88,8.6,
2020-11-25,10.2,7.2,32.04,03:10,2.88,8.6,
2020-11-26,13.6,5.0,10.08,02:40,3.96,0.0,
2020-11-26,13.6,5.0,10.08,02:40,3.96,0.0,
2020-11-27,14.9,2.8,14.04,21:10,3.96,0.0,
2020-11-27,14.9,2.8,14.04,21:10,3.96,0.0,
2020-11-28,14.2,0.2,10.08,18:30,2.16,0.2,
2020-11-28,14.2,0.2,10.08,18:30,2.16,0.2,
2020-11-29,12.2,3.6,11.88,06:10,1.08,0.0,
2020-11-29,12.2,3.6,11.88,06:10,1.08,0.0,
2020-11-30,15.8,1.2,24.12,15:40,2.88,0.0,
2020-11-30,15.8,1.2,24.12,15:40,2.88,0.0,
2020-12-01,11.8,2.1,14.04,17:40,5.04,0.8,
2020-12-01,11.8,2.1,14.04,17:40,5.04,0.8,
2020-12-02,10.0,2.4,33.12,13:00,7.92,0.0,
2020-12-02,10.0,2.4,33.12,13:00,7.92,0.0,
2020-12-03,8.7,0.5,48.96,18:00,14.04,13.0,
2020-12-03,8.7,0.5,48.96,18:00,14.04,13.0,
2020-12-04,3.3,0.4,37.08,02:00,7.92,20.4,
2020-12-04,3.3,0.4,37.08,02:00,7.92,20.4,
2020-12-05,6.0,1.3,29.16,12:10,6.12,15.0,
2020-12-05,6.0,1.3,29.16,12:10,6.12,15.0,
2020-12-06,9.4,2.4,28.08,23:59,7.92,2.8,
2020-12-06,9.4,2.4,28.08,23:59,7.92,2.8,
2020-12-07,9.4,4.5,39.96,13:00,10.08,19.2,
2020-12-07,9.4,4.5,39.96,13:00,10.08,19.2,
2020-12-08,8.8,3.9,29.16,12:40,5.04,3.4,
2020-12-08,8.8,3.9,29.16,12:40,5.04,3.4,
2020-12-09,10.8,2.4,39.96,20:40,7.92,6.8,
2020-12-09,10.8,2.4,39.96,20:40,7.92,6.8,
2020-12-10,13.4,10.0,30.96,Varias,9.0,23.6,
2020-12-10,13.4,10.0,30.96,Varias,9.0,23.6,
2020-12-11,13.9,8.6,41.04,11:20,11.16,1.8,
2020-12-11,13.9,8.6,41.04,11:20,11.16,1.8,
2020-12-12,13.0,8.3,30.96,11:30,7.92,0.0,
2020-12-12,13.0,8.3,30.96,11:30,7.92,0.0,
2020-12-13,16.6,10.6,43.92,12:50,14.04,7.2,
2020-12-13,16.6,10.6,43.92,12:50,14.04,7.2,
2020-12-14,12.0,5.7,36.0,11:20,11.16,7.6,
2020-12-14,12.0,5.7,36.0,11:20,11.16,7.6,
2020-12-15,11.0,5.2,54.0,23:10,11.88,14.6,
2020-12-15,11.0,5.2,54.0,23:10,11.88,14.6,
2020-12-16,10.6,4.3,41.04,00:20,5.04,6.6,
2020-12-16,10.6,4.3,41.04,00:20,5.04,6.6,
2020-12-17,10.6,4.3,28.08,23:30,9.0,0.0,
2020-12-17,10.6,4.3,28.08,23:30,9.0,0.0,
2020-12-18,13.4,8.8,46.08,14:20,11.88,11.8,
2020-12-18,13.4,8.8,46.08,14:20,11.88,11.8,
2020-12-19,11.2,7.0,29.88,16:10,7.92,0.8,
2020-12-19,11.2,7.0,29.88,16:10,7.92,0.8,
2020-12-20,12.2,7.2,43.92,22:50,11.16,3.6,
2020-12-20,12.2,7.2,43.92,22:50,11.16,3.6,
2020-12-21,15.0,10.6,42.12,05:10,11.16,0.0,
2020-12-21,15.0,10.6,42.12,05:10,11.16,0.0,
2020-12-22,17.8,11.6,47.16,12:00,11.16,2.6,
2020-12-22,17.8,11.6,47.16,12:00,11.16,2.6,
2020-12-23,12.3,2.5,38.16,00:10,6.12,2.4,
2020-12-23,12.3,2.5,38.16,00:10,6.12,2.4,
2020-12-24,7.0,-0.9,20.16,20:30,1.08,1.2,
2020-12-24,7.0,-0.9,20.16,20:30,1.08,1.2,
2020-12-25,8.4,-1.5,29.88,15:10,7.92,0.0,
2020-12-25,8.4,-1.5,29.88,15:10,7.92,0.0,
2020-12-26,9.5,-3.3,14.04,Varias,2.88,0.0,
2020-12-26,9.5,-3.3,14.04,Varias,2.88,0.0,
2020-12-27,9.1,-1.8,68.04,14:20,20.88,12.0,
2020-12-27,9.1,-1.8,68.04,14:20,20.88,12.0,
2020-12-28,6.4,3.1,47.16,00:20,12.96,24.0,
2020-12-28,6.4,3.1,47.16,00:20,12.96,24.0,
2020-12-29,6.1,1.3,29.88,04:20,5.04,7.2,
2020-12-29,6.1,1.3,29.88,04:20,5.04,7.2,
2020-12-30,7.2,1.2,24.12,23:20,7.92,3.6,
2020-12-30,7.2,1.2,24.12,23:20,7.92,3.6,
2020-12-31,8.9,1.2,33.84,07:00,11.16,7.4,
2020-12-31,8.9,1.2,33.84,07:00,11.16,7.4,
2021-01-01,4.9,-0.2,29.88,14:40,2.88,6.8,
2021-01-01,4.9,-0.2,29.88,14:40,2.88,6.8,
2021-01-02,5.3,0.0,10.08,13:00,2.88,0.8,
2021-01-02,5.3,0.0,10.08,13:00,2.88,0.8,
2021-01-03,4.8,0.2,20.88,13:20,5.04,2.8,
2021-01-03,4.8,0.2,20.88,13:20,5.04,2.8,
2021-01-04,4.6,-0.7,14.04,12:30,3.96,0.8,
2021-01-04,4.6,-0.7,14.04,12:30,3.96,0.8,
2021-01-05,3.9,-1.3,10.08,11:40,2.16,0.2,
2021-01-05,3.9,-1.3,10.08,11:40,2.16,0.2,
2021-01-06,4.1,-2.6,9.0,00:50,2.88,0.0,
2021-01-06,4.1,-2.6,9.0,00:50,2.88,0.0,
2021-01-07,2.0,-4.9,9.0,17:40,2.16,0.2,
2021-01-07,2.0,-4.9,9.0,17:40,2.16,0.2,
2021-01-08,6.4,-4.1,27.0,15:00,5.04,0.0,
2021-01-08,6.4,-4.1,27.0,15:00,5.04,0.0,
2021-01-09,4.8,-4.5,45.0,20:50,6.84,0.2,
2021-01-09,4.8,-4.5,45.0,20:50,6.84,0.2,
2021-01-10,6.3,2.2,46.08,10:10,7.92,0.0,
2021-01-10,6.3,2.2,46.08,10:10,7.92,0.0,
2021-01-11,8.8,-2.5,42.84,11:50,9.0,0.0,
2021-01-11,8.8,-2.5,42.84,11:50,9.0,0.0,
2021-01-12,9.5,-4.8,12.96,13:40,2.88,0.0,
2021-01-12,9.5,-4.8,12.96,13:40,2.88,0.0,
2021-01-13,1.3,-4.4,6.12,Varias,2.16,0.0,
2021-01-13,1.3,-4.4,6.12,Varias,2.16,0.0,
2021-01-14,7.5,-1.7,15.12,05:50,2.16,0.8,
2021-01-14,7.5,-1.7,15.12,05:50,2.16,0.8,
2021-01-15,6.2,2.5,11.88,22:30,2.88,0.0,
2021-01-15,6.2,2.5,11.88,22:30,2.88,0.0,
2021-01-16,9.5,-0.9,11.88,14:00,2.16,0.0,
2021-01-16,9.5,-0.9,11.88,14:00,2.16,0.0,
2021-01-17,11.5,-1.8,11.88,14:40,2.88,0.2,
2021-01-17,11.5,-1.8,11.88,14:40,2.88,0.2,
2021-01-18,15.0,2.2,16.92,15:00,2.88,0.0,
2021-01-18,15.0,2.2,16.92,15:00,2.88,0.0,
2021-01-19,11.2,2.0,60.84,23:00,11.16,1.2,
2021-01-19,11.2,2.0,60.84,23:00,11.16,1.2,
2021-01-20,10.5,8.0,54.0,14:10,15.84,23.2,
2021-01-20,10.5,8.0,54.0,14:10,15.84,23.2,
2021-01-21,13.1,6.9,66.96,14:40,24.12,38.2,
2021-01-21,13.1,6.9,66.96,14:40,24.12,38.2,
2021-01-22,10.5,5.0,51.12,01:40,11.16,4.8,
2021-01-22,10.5,5.0,51.12,01:40,11.16,4.8,
2021-01-23,11.8,6.4,51.12,11:50,18.0,9.6,
2021-01-23,11.8,6.4,51.12,11:50,18.0,9.6,
2021-01-24,9.6,6.3,33.84,13:10,11.16,7.6,
2021-01-24,9.6,6.3,33.84,13:10,11.16,7.6,
2021-01-25,11.6,8.0,30.96,02:30,5.04,8.4,
2021-01-25,11.6,8.0,30.96,02:30,5.04,8.4,
2021-01-26,14.7,10.7,25.92,09:10,5.04,0.6,
2021-01-26,14.7,10.7,25.92,09:10,5.04,0.6,
2021-01-27,14.9,12.1,24.12,Varias,9.0,0.0,
2021-01-27,14.9,12.1,24.12,Varias,9.0,0.0,
2021-01-28,16.1,11.7,47.16,14:20,15.12,1.0,
2021-01-28,16.1,11.7,47.16,14:20,15.12,1.0,
2021-01-29,14.3,10.3,59.04,18:30,14.04,12.2,
2021-01-29,14.3,10.3,59.04,18:30,14.04,12.2,
2021-01-30,10.4,7.0,47.88,05:00,15.12,7.8,
2021-01-30,10.4,7.0,47.88,05:00,15.12,7.8,
2021-01-31,15.5,7.9,54.0,15:00,18.0,0.2,
2021-01-31,15.5,7.9,54.0,15:00,18.0,0.2,
2021-02-01,13.6,10.1,42.12,Varias,12.96,2.4,
2021-02-01,13.6,10.1,42.12,Varias,12.96,2.4,
2021-02-02,12.4,10.4,47.88,16:30,14.04,22.2,
2021-02-02,12.4,10.4,47.88,16:30,14.04,22.2,
2021-02-03,13.7,7.6,48.96,01:40,14.04,1.8,
2021-02-03,13.7,7.6,48.96,01:40,14.04,1.8,
2021-02-04,13.0,4.1,24.12,00:30,5.04,0.8,
2021-02-04,13.0,4.1,24.12,00:30,5.04,0.8,
2021-02-05,10.3,2.3,32.04,14:10,6.12,11.8,
2021-02-05,10.3,2.3,32.04,14:10,6.12,11.8,
2021-02-06,8.1,0.7,30.96,12:30,5.04,0.0,
2021-02-06,8.1,0.7,30.96,12:30,5.04,0.0,
2021-02-07,7.7,-1.2,38.88,15:20,10.08,13.6,
2021-02-07,7.7,-1.2,38.88,15:20,10.08,13.6,
2021-02-08,10.7,5.8,33.84,20:40,11.88,13.6,
2021-02-08,10.7,5.8,33.84,20:40,11.88,13.6,
2021-02-09,10.4,4.8,56.88,07:20,18.0,13.0,
2021-02-09,10.4,4.8,56.88,07:20,18.0,13.0,
2021-02-10,13.5,4.7,32.04,22:50,9.0,1.0,
2021-02-10,13.5,4.7,32.04,22:50,9.0,1.0,
2021-02-11,15.1,8.2,41.04,14:40,11.16,20.4,
2021-02-11,15.1,8.2,41.04,14:40,11.16,20.4,
2021-02-12,14.7,7.1,36.0,02:20,9.0,0.0,
2021-02-12,14.7,7.1,36.0,02:20,9.0,0.0,
2021-02-13,13.9,7.4,32.04,10:00,9.0,0.0,
2021-02-13,13.9,7.4,32.04,10:00,9.0,0.0,
2021-02-14,18.6,10.5,42.84,11:20,10.08,0.0,
2021-02-14,18.6,10.5,42.84,11:20,10.08,0.0,
2021-02-15,20.8,12.0,48.96,15:30,12.96,0.4,
2021-02-15,20.8,12.0,48.96,15:30,12.96,0.4,
2021-02-16,14.5,6.9,50.04,06:30,14.04,5.0,
2021-02-16,14.5,6.9,50.04,06:30,14.04,5.0,
2021-02-17,14.7,2.8,51.84,13:20,14.04,36.2,
2021-02-17,14.7,2.8,51.84,13:20,14.04,36.2,
2021-02-18,12.7,7.0,43.92,01:10,11.16,1.2,
2021-02-18,12.7,7.0,43.92,01:10,11.16,1.2,
2021-02-19,14.7,7.2,57.96,19:10,20.88,0.0,
2021-02-19,14.7,7.2,57.96,19:10,20.88,0.0,
2021-02-20,13.4,7.3,64.08,01:20,15.12,34.2,
2021-02-20,13.4,7.3,64.08,01:20,15.12,34.2,
2021-02-21,9.5,1.8,19.08,07:50,3.96,5.4,
2021-02-21,9.5,1.8,19.08,07:50,3.96,5.4,
2021-02-22,13.8,-1.2,25.92,15:50,6.12,0.2,
2021-02-22,13.8,-1.2,25.92,15:50,6.12,0.2,
2021-02-23,17.5,6.3,46.08,13:20,12.96,0.0,
2021-02-23,17.5,6.3,46.08,13:20,12.96,0.0,
2021-02-24,18.1,8.6,55.08,12:50,14.04,9.2,
2021-02-24,18.1,8.6,55.08,12:50,14.04,9.2,
2021-02-25,10.0,6.4,29.88,17:30,6.84,5.2,
2021-02-25,10.0,6.4,29.88,17:30,6.84,5.2,
2021-02-26,13.3,7.0,25.92,16:40,6.84,0.0,
2021-02-26,13.3,7.0,25.92,16:40,6.84,0.0,
2021-02-27,14.9,4.5,33.12,15:40,5.04,0.0,
2021-02-27,14.9,4.5,33.12,15:40,5.04,0.0,
2021-02-28,13.8,0.0,29.16,12:00,7.92,0.0,
2021-02-28,13.8,0.0,29.16,12:00,7.92,0.0,
2021-03-01,13.0,1.4,29.16,13:50,2.88,4.4,
2021-03-01,13.0,1.4,29.16,13:50,2.88,4.4,
2021-03-02,12.8,4.8,32.04,11:50,9.0,0.2,
2021-03-02,12.8,4.8,32.04,11:50,9.0,0.2,
2021-03-03,18.9,0.7,33.12,13:50,5.04,0.0,
2021-03-03,18.9,0.7,33.12,13:50,5.04,0.0,
2021-03-04,18.8,4.2,41.04,17:10,5.04,3.8,
2021-03-04,18.8,4.2,41.04,17:10,5.04,3.8,
2021-03-05,15.1,5.6,34.92,15:10,6.84,0.0,
2021-03-05,15.1,5.6,34.92,15:10,6.84,0.0,
2021-03-06,13.3,2.4,34.92,16:20,6.12,0.0,
2021-03-06,13.3,2.4,34.92,16:20,6.12,0.0,
2021-03-07,10.4,-1.5,28.08,11:10,6.84,0.0,
2021-03-07,10.4,-1.5,28.08,11:10,6.84,0.0,
2021-03-08,10.4,1.7,41.04,14:20,11.16,0.0,
2021-03-08,10.4,1.7,41.04,14:20,11.16,0.0,
2021-03-09,12.3,-1.2,25.92,09:50,6.84,0.0,
2021-03-09,12.3,-1.2,25.92,09:50,6.84,0.0,
2021-03-10,12.8,-0.9,29.88,14:30,7.92,0.2,
2021-03-10,12.8,-0.9,29.88,14:30,7.92,0.2,
2021-03-11,11.8,6.9,43.92,08:50,10.08,6.2,
2021-03-11,11.8,6.9,43.92,08:50,10.08,6.2,
2021-03-12,12.9,2.7,28.08,17:30,9.0,0.2,
2021-03-12,12.9,2.7,28.08,17:30,9.0,0.2,
2021-03-13,12.2,5.2,33.12,15:00,10.08,5.8,
2021-03-13,12.2,5.2,33.12,15:00,10.08,5.8,
2021-03-14,12.9,2.4,20.16,16:10,2.88,0.0,
2021-03-14,12.9,2.4,20.16,16:10,2.88,0.0,
2021-03-15,16.4,-0.3,24.84,Varias,5.04,0.2,
2021-03-15,16.4,-0.3,24.84,Varias,5.04,0.2,
2021-03-16,16.4,2.1,38.88,15:50,11.88,0.0,
2021-03-16,16.4,2.1,38.88,15:50,11.88,0.0,
2021-03-17,16.8,3.0,39.96,16:40,10.08,0.0,
2021-03-17,16.8,3.0,39.96,16:40,10.08,0.0,
2021-03-18,13.5,2.8,38.88,14:40,11.16,0.0,
2021-03-18,13.5,2.8,38.88,14:40,11.16,0.0,
2021-03-19,8.8,3.9,43.92,22:30,6.84,1.6,
2021-03-19,8.8,3.9,43.92,22:30,6.84,1.6,
2021-03-20,10.8,2.6,43.92,15:00,10.08,0.0,
2021-03-20,10.8,2.6,43.92,15:00,10.08,0.0,
2021-03-21,14.4,-2.6,33.84,17:10,9.0,0.0,
2021-03-21,14.4,-2.6,33.84,17:10,9.0,0.0,
2021-03-22,17.1,-1.0,23.04,09:50,3.96,0.0,
2021-03-22,17.1,-1.0,23.04,09:50,3.96,0.0,
2021-03-23,22.4,-0.9,25.92,17:10,6.12,0.0,
2021-03-23,22.4,-0.9,25.92,17:10,6.12,0.0,
2021-03-24,16.1,2.9,24.12,17:50,5.04,0.0,
2021-03-24,16.1,2.9,24.12,17:50,5.04,0.0,
2021-03-25,18.1,0.5,21.96,16:20,3.96,0.0,
2021-03-25,18.1,0.5,21.96,16:20,3.96,0.0,
2021-03-26,13.5,2.0,28.08,12:50,6.12,0.8,
2021-03-26,13.5,2.0,28.08,12:50,6.12,0.8,
2021-03-27,18.4,-2.1,20.16,17:00,2.88,0.2,
2021-03-27,18.4,-2.1,20.16,17:00,2.88,0.2,
2021-03-28,23.5,0.1,23.04,17:50,6.12,0.0,
2021-03-28,23.5,0.1,23.04,17:50,6.12,0.0,
2021-03-29,21.8,2.8,20.88,14:40,2.16,0.0,
2021-03-29,21.8,2.8,20.88,14:40,2.16,0.0,
2021-03-30,21.0,6.9,10.08,15:20,1.08,0.0,
2021-03-30,21.0,6.9,10.08,15:20,1.08,0.0,
2021-03-31,27.8,7.3,28.08,13:10,6.84,0.0,
2021-03-31,27.8,7.3,28.08,13:10,6.84,0.0,
2021-04-01,22.0,10.8,37.08,07:30,6.84,1.6,
2021-04-01,22.0,10.8,37.08,07:30,6.84,1.6,
2021-04-02,20.1,10.4,24.12,19:00,3.96,0.2,
2021-04-02,20.1,10.4,24.12,19:00,3.96,0.2,
2021-04-03,15.7,5.2,37.08,16:00,7.92,0.0,
2021-04-03,15.7,5.2,37.08,16:00,7.92,0.0,
2021-04-04,17.3,1.9,32.04,09:40,6.84,0.0,
2021-04-04,17.3,1.9,32.04,09:40,6.84,0.0,
2021-04-05,19.6,1.3,27.0,11:30,6.84,0.0,
2021-04-05,19.6,1.3,27.0,11:30,6.84,0.0,
2021-04-06,13.2,6.2,45.0,15:40,7.92,0.0,
2021-04-06,13.2,6.2,45.0,15:40,7.92,0.0,
2021-04-07,15.9,3.0,34.92,13:50,9.0,0.0,
2021-04-07,15.9,3.0,34.92,13:50,9.0,0.0,
2021-04-08,22.2,1.3,38.16,13:30,6.12,0.0,
2021-04-08,22.2,1.3,38.16,13:30,6.12,0.0,
2021-04-09,20.3,3.8,33.12,16:00,6.12,13.6,
2021-04-09,20.3,3.8,33.12,16:00,6.12,13.6,
2021-04-10,14.5,7.5,21.96,10:50,5.04,11.0,
2021-04-10,14.5,7.5,21.96,10:50,5.04,11.0,
2021-04-11,9.7,2.6,42.12,14:50,11.16,0.0,
2021-04-11,9.7,2.6,42.12,14:50,11.16,0.0,
2021-04-12,17.6,-1.0,23.04,16:00,3.96,0.0,
2021-04-12,17.6,-1.0,23.04,16:00,3.96,0.0,
2021-04-13,16.0,2.2,15.12,17:20,3.96,1.4,
2021-04-13,16.0,2.2,15.12,17:20,3.96,1.4,
2021-04-14,17.7,5.4,29.88,17:50,6.12,0.0,
2021-04-14,17.7,5.4,29.88,17:50,6.12,0.0,
2021-04-15,16.8,3.7,38.88,18:00,11.16,0.0,
2021-04-15,16.8,3.7,38.88,18:00,11.16,0.0,
2021-04-16,15.8,1.9,38.88,15:00,7.92,0.0,
2021-04-16,15.8,1.9,38.88,15:00,7.92,0.0,
2021-04-17,17.2,-1.6,33.84,16:50,3.96,0.0,
2021-04-17,17.2,-1.6,33.84,16:50,3.96,0.0,
2021-04-18,21.9,-1.1,21.96,10:50,3.96,0.4,
2021-04-18,21.9,-1.1,21.96,10:50,3.96,0.4,
2021-04-19,20.9,8.9,24.84,13:00,6.84,0.2,
2021-04-19,20.9,8.9,24.84,13:00,6.84,0.2,
2021-04-20,15.7,8.2,19.08,12:00,2.88,7.8,
2021-04-20,15.7,8.2,19.08,12:00,2.88,7.8,
2021-04-21,19.0,6.9,24.84,16:40,3.96,0.8,
2021-04-21,19.0,6.9,24.84,16:40,3.96,0.8,
2021-04-22,18.5,7.8,23.04,10:00,3.96,0.0,
2021-04-22,18.5,7.8,23.04,10:00,3.96,0.0,
2021-04-23,19.6,5.2,23.04,10:10,3.96,7.2,
2021-04-23,19.6,5.2,23.04,10:10,3.96,7.2,
2021-04-24,22.7,11.2,33.12,13:10,7.92,2.2,
2021-04-24,22.7,11.2,33.12,13:10,7.92,2.2,
2021-04-25,18.7,8.5,33.12,12:10,5.04,7.4,
2021-04-25,18.7,8.5,33.12,12:10,5.04,7.4,
2021-04-26,18.8,7.3,19.08,16:30,3.96,0.6,
2021-04-26,18.8,7.3,19.08,16:30,3.96,0.6,
2021-04-27,16.7,8.4,27.0,14:40,5.04,0.0,
2021-04-27,16.7,8.4,27.0,14:40,5.04,0.0,
2021-04-28,14.9,6.5,33.12,17:50,11.16,0.0,
2021-04-28,14.9,6.5,33.12,17:50,11.16,0.0,
2021-04-29,13.7,3.6,29.88,14:40,7.92,0.2,
2021-04-29,13.7,3.6,29.88,14:40,7.92,0.2,
2021-04-30,15.7,2.6,28.08,17:00,3.96,0.0,
2021-04-30,15.7,2.6,28.08,17:00,3.96,0.0,
2021-05-01,13.3,1.9,27.0,16:40,6.12,0.0,
2021-05-01,13.3,1.9,27.0,16:40,6.12,0.0,
2021-05-02,15.3,-0.7,30.96,16:30,7.92,0.0,
2021-05-02,15.3,-0.7,30.96,16:30,7.92,0.0,
2021-05-03,21.0,0.6,28.08,12:30,5.04,0.0,
2021-05-03,21.0,0.6,28.08,12:30,5.04,0.0,
2021-05-04,19.7,4.9,29.88,16:40,6.12,0.0,
2021-05-04,19.7,4.9,29.88,16:40,6.12,0.0,
2021-05-05,20.5,10.7,29.16,15:40,6.84,0.0,
2021-05-05,20.5,10.7,29.16,15:40,6.84,0.0,
2021-05-06,18.8,10.1,46.08,14:10,16.92,0.0,
2021-05-06,18.8,10.1,46.08,14:10,16.92,0.0,
2021-05-07,21.9,8.1,33.84,16:10,9.0,0.0,
2021-05-07,21.9,8.1,33.84,16:10,9.0,0.0,
2021-05-08,24.3,5.7,54.0,14:20,14.04,0.4,
2021-05-08,24.3,5.7,54.0,14:20,14.04,0.4,
2021-05-09,14.9,7.9,56.16,15:40,11.88,3.6,
2021-05-09,14.9,7.9,56.16,15:40,11.88,3.6,
2021-05-10,11.6,5.0,29.16,19:50,9.0,7.4,
2021-05-10,11.6,5.0,29.16,19:50,9.0,7.4,
2021-05-11,14.5,4.6,42.84,13:20,11.88,8.0,
2021-05-11,14.5,4.6,42.84,13:20,11.88,8.0,
2021-05-12,12.7,8.7,42.84,06:50,12.96,4.0,
2021-05-12,12.7,8.7,42.84,06:50,12.96,4.0,
2021-05-13,15.0,4.9,34.92,07:50,9.0,2.4,
2021-05-13,15.0,4.9,34.92,07:50,9.0,2.4,
2021-05-14,16.6,3.1,39.96,19:30,9.0,2.0,
2021-05-14,16.6,3.1,39.96,19:30,9.0,2.0,
2021-05-15,16.0,12.3,48.96,17:00,15.12,9.2,
2021-05-15,16.0,12.3,48.96,17:00,15.12,9.2,
2021-05-16,18.2,7.4,42.12,15:20,11.88,0.0,
2021-05-16,18.2,7.4,42.12,15:20,11.88,0.0,
2021-05-17,19.8,7.1,24.84,14:10,5.04,1.2,
2021-05-17,19.8,7.1,24.84,14:10,5.04,1.2,
2021-05-18,19.2,7.2,36.0,05:00,11.16,1.4,
2021-05-18,19.2,7.2,36.0,05:00,11.16,1.4,
2021-05-19,20.1,5.0,20.88,17:50,5.04,0.0,
2021-05-19,20.1,5.0,20.88,17:50,5.04,0.0,
2021-05-20,24.9,4.4,25.92,12:20,6.84,0.6,
2021-05-20,24.9,4.4,25.92,12:20,6.84,0.6,
2021-05-21,17.3,9.0,27.0,11:40,6.84,0.0,
2021-05-21,17.3,9.0,27.0,11:40,6.84,0.0,
2021-05-22,16.0,5.7,32.04,12:10,6.84,0.2,
2021-05-22,16.0,5.7,32.04,12:10,6.84,0.2,
2021-05-23,18.1,5.7,38.88,15:30,11.88,2.4,
2021-05-23,18.1,5.7,38.88,15:30,11.88,2.4,
2021-05-24,16.8,5.4,32.04,10:20,9.0,0.0,
2021-05-24,16.8,5.4,32.04,10:20,9.0,0.0,
2021-05-25,18.4,2.7,25.92,18:00,7.92,0.2,
2021-05-25,18.4,2.7,25.92,18:00,7.92,0.2,
2021-05-26,22.4,5.7,21.96,15:00,5.04,0.0,
2021-05-26,22.4,5.7,21.96,15:00,5.04,0.0,
2021-05-27,25.3,8.4,21.96,17:30,6.12,0.0,
2021-05-27,25.3,8.4,21.96,17:30,6.12,0.0,
2021-05-28,25.4,12.3,29.88,16:40,5.04,0.0,
2021-05-28,25.4,12.3,29.88,16:40,5.04,0.0,
2021-05-29,23.1,10.2,36.0,16:00,10.08,0.0,
2021-05-29,23.1,10.2,36.0,16:00,10.08,0.0,
2021-05-30,24.1,7.8,27.0,16:40,7.92,0.0,
2021-05-30,24.1,7.8,27.0,16:40,7.92,0.0,
2021-05-31,30.1,10.1,21.96,13:20,5.04,0.0,
2021-05-31,30.1,10.1,21.96,13:20,5.04,0.0,
2021-06-01,24.3,11.3,38.16,15:50,9.0,0.0,
2021-06-01,24.3,11.3,38.16,15:50,9.0,0.0,
2021-06-02,21.5,10.9,24.84,11:50,7.92,0.2,
2021-06-02,21.5,10.9,24.84,11:50,7.92,0.2,
2021-06-03,16.2,5.3,29.16,16:10,6.84,0.0,
2021-06-03,16.2,5.3,29.16,16:10,6.84,0.0,
2021-06-04,20.6,2.6,24.84,16:50,6.12,0.2,
2021-06-04,20.6,2.6,24.84,16:50,6.12,0.2,
2021-06-05,24.6,4.2,27.0,16:20,6.12,0.0,
2021-06-05,24.6,4.2,27.0,16:20,6.12,0.0,
2021-06-06,21.8,9.9,29.88,17:10,7.92,0.0,
2021-06-06,21.8,9.9,29.88,17:10,7.92,0.0,
2021-06-07,26.5,11.7,23.04,15:50,6.12,0.2,
2021-06-07,26.5,11.7,23.04,15:50,6.12,0.2,
2021-06-08,22.7,12.0,23.04,14:00,6.84,0.0,
2021-06-08,22.7,12.0,23.04,14:00,6.84,0.0,
2021-06-09,24.5,12.9,34.92,14:20,6.84,0.0,
2021-06-09,24.5,12.9,34.92,14:20,6.84,0.0,
2021-06-10,23.4,13.7,28.08,Varias,6.84,0.0,
2021-06-10,23.4,13.7,28.08,Varias,6.84,0.0,
2021-06-11,19.2,13.6,38.16,18:10,11.16,0.0,
2021-06-11,19.2,13.6,38.16,18:10,11.16,0.0,
2021-06-12,22.2,13.5,32.04,12:40,10.08,0.0,
2021-06-12,22.2,13.5,32.04,12:40,10.08,0.0,
2021-06-13,30.9,14.3,29.88,15:30,6.12,6.2,
2021-06-13,30.9,14.3,29.88,15:30,6.12,6.2,
2021-06-14,29.6,13.2,29.16,17:50,9.0,0.0,
2021-06-14,29.6,13.2,29.16,17:50,9.0,0.0,
2021-06-15,26.6,16.0,29.16,16:20,7.92,0.0,
2021-06-15,26.6,16.0,29.16,16:20,7.92,0.0,
2021-06-16,24.5,15.0,24.12,18:00,5.04,4.4,
2021-06-16,24.5,15.0,24.12,18:00,5.04,4.4,
2021-06-17,19.2,12.0,25.92,15:50,6.12,31.6,
2021-06-17,19.2,12.0,25.92,15:50,6.12,31.6,
2021-06-18,13.4,10.9,33.12,08:30,6.12,23.6,
2021-06-18,13.4,10.9,33.12,08:30,6.12,23.6,
2021-06-19,17.0,12.0,30.96,19:10,6.84,4.8,
2021-06-19,17.0,12.0,30.96,19:10,6.84,4.8,
2021-06-20,15.5,10.5,37.08,11:10,12.96,12.4,
2021-06-20,15.5,10.5,37.08,11:10,12.96,12.4,
2021-06-21,17.2,11.3,30.96,00:20,6.84,7.6,
2021-06-21,17.2,11.3,30.96,00:20,6.84,7.6,
2021-06-22,16.3,10.0,29.88,14:20,5.04,0.8,
2021-06-22,16.3,10.0,29.88,14:20,5.04,0.8,
2021-06-23,17.7,6.5,34.92,15:50,7.92,0.2,
2021-06-23,17.7,6.5,34.92,15:50,7.92,0.2,
2021-06-24,21.5,7.1,29.16,19:20,7.92,0.2,
2021-06-24,21.5,7.1,29.16,19:20,7.92,0.2,
2021-06-25,23.2,10.9,24.84,15:20,6.84,0.0,
2021-06-25,23.2,10.9,24.84,15:20,6.84,0.0,
2021-06-26,21.0,13.0,19.08,20:40,3.96,0.4,
2021-06-26,21.0,13.0,19.08,20:40,3.96,0.4,
2021-06-27,18.0,9.9,29.16,17:50,6.84,0.8,
2021-06-27,18.0,9.9,29.16,17:50,6.84,0.8,
2021-06-28,15.5,10.6,25.92,00:50,6.12,0.0,
2021-06-28,15.5,10.6,25.92,00:50,6.12,0.0,
2021-06-29,21.2,8.5,28.08,17:50,6.12,0.2,
2021-06-29,21.2,8.5,28.08,17:50,6.12,0.2,
2021-06-30,23.8,8.5,24.12,18:50,6.84,0.0,
2021-06-30,23.8,8.5,24.12,18:50,6.84,0.0,
2021-07-01,26.4,13.5,16.92,14:30,5.04,0.0,
2021-07-01,26.4,13.5,16.92,14:30,5.04,0.0,
2021-07-02,22.2,13.4,29.16,19:00,3.96,1.2,
2021-07-02,22.2,13.4,29.16,19:00,3.96,1.2,
2021-07-03,24.0,14.5,32.04,16:20,6.84,0.0,
2021-07-03,24.0,14.5,32.04,16:20,6.84,0.0,
2021-07-04,20.3,14.4,42.12,13:50,11.16,0.0,
2021-07-04,20.3,14.4,42.12,13:50,11.16,0.0,
2021-07-05,24.7,13.7,55.08,14:00,15.12,0.6,
2021-07-05,24.7,13.7,55.08,14:00,15.12,0.6,
2021-07-06,18.9,10.4,36.0,14:10,12.96,1.4,
2021-07-06,18.9,10.4,36.0,14:10,12.96,1.4,
2021-07-07,18.7,9.0,23.04,14:40,3.96,0.2,
2021-07-07,18.7,9.0,23.04,14:40,3.96,0.2,
2021-07-08,22.2,6.8,27.0,18:00,7.92,0.0,
2021-07-08,22.2,6.8,27.0,18:00,7.92,0.0,
2021-07-09,26.5,11.0,24.12,16:20,6.84,0.0,
2021-07-09,26.5,11.0,24.12,16:20,6.84,0.0,
2021-07-10,27.6,8.9,16.92,13:50,3.96,0.0,
2021-07-10,27.6,8.9,16.92,13:50,3.96,0.0,
2021-07-11,25.1,12.7,27.0,16:30,6.12,0.0,
2021-07-11,25.1,12.7,27.0,16:30,6.12,0.0,
2021-07-12,18.5,11.6,36.0,16:30,9.0,0.0,
2021-07-12,18.5,11.6,36.0,16:30,9.0,0.0,
2021-07-13,18.9,11.7,15.84,17:50,5.04,0.0,
2021-07-13,18.9,11.7,15.84,17:50,5.04,0.0,
2021-07-14,21.1,12.6,33.84,16:20,6.84,0.0,
2021-07-14,21.1,12.6,33.84,16:20,6.84,0.0,
2021-07-15,22.9,10.6,32.04,15:10,10.08,0.0,
2021-07-15,22.9,10.6,32.04,15:10,10.08,0.0,
2021-07-16,27.3,11.4,23.04,17:10,6.84,0.0,
2021-07-16,27.3,11.4,23.04,17:10,6.84,0.0,
2021-07-17,32.2,14.7,18.0,15:00,2.88,0.0,
2021-07-17,32.2,14.7,18.0,15:00,2.88,0.0,
2021-07-18,32.4,12.2,24.84,16:40,5.04,0.0,
2021-07-18,32.4,12.2,24.84,16:40,5.04,0.0,
2021-07-19,30.6,15.6,23.04,15:10,5.04,0.0,
2021-07-19,30.6,15.6,23.04,15:10,5.04,0.0,
2021-07-20,26.9,15.5,15.12,13:00,3.96,0.0,
2021-07-20,26.9,15.5,15.12,13:00,3.96,0.0,
2021-07-21,25.8,16.0,16.92,17:50,5.04,0.2,
2021-07-21,25.8,16.0,16.92,17:50,5.04,0.2,
2021-07-22,28.7,15.1,24.84,17:20,5.04,0.0,
2021-07-22,28.7,15.1,24.84,17:20,5.04,0.0,
2021-07-23,23.0,14.9,42.84,16:30,11.16,0.0,
2021-07-23,23.0,14.9,42.84,16:30,11.16,0.0,
2021-07-24,20.1,14.0,27.0,11:40,6.84,1.6,
2021-07-24,20.1,14.0,27.0,11:40,6.84,1.6,
2021-07-25,23.3,12.0,19.08,Varias,5.04,0.0,
2021-07-25,23.3,12.0,19.08,Varias,5.04,0.0,
2021-07-26,25.3,12.8,21.96,18:00,6.12,0.0,
2021-07-26,25.3,12.8,21.96,18:00,6.12,0.0,
2021-07-27,22.6,12.4,23.04,16:20,6.12,0.0,
2021-07-27,22.6,12.4,23.04,16:20,6.12,0.0,
2021-07-28,23.0,11.2,33.12,11:50,7.92,0.0,
2021-07-28,23.0,11.2,33.12,11:50,7.92,0.0,
2021-07-29,25.2,9.2,19.08,Varias,5.04,0.0,
2021-07-29,25.2,9.2,19.08,Varias,5.04,0.0,
2021-07-30,20.0,10.3,25.92,16:20,6.12,0.0,
2021-07-30,20.0,10.3,25.92,16:20,6.12,0.0,
2021-07-31,21.5,7.3,28.08,17:20,6.84,0.0,
2021-07-31,21.5,7.3,28.08,17:20,6.84,0.0,
2021-08-01,21.3,11.6,24.12,12:00,5.04,7.2,
2021-08-01,21.3,11.6,24.12,12:00,5.04,7.2,
2021-08-02,23.4,9.3,25.92,08:00,5.04,0.2,
2021-08-02,23.4,9.3,25.92,08:00,5.04,0.2,
2021-08-03,22.1,9.7,25.92,18:10,9.0,1.2,
2021-08-03,22.1,9.7,25.92,18:10,9.0,1.2,
2021-08-04,25.9,14.1,27.0,09:20,9.0,0.0,
2021-08-04,25.9,14.1,27.0,09:20,9.0,0.0,
2021-08-05,23.7,13.6,42.12,13:00,15.84,0.0,
2021-08-05,23.7,13.6,42.12,13:00,15.84,0.0,
2021-08-06,21.9,13.9,33.12,17:10,11.16,0.4,
2021-08-06,21.9,13.9,33.12,17:10,11.16,0.4,
2021-08-07,21.4,9.6,25.92,12:10,7.92,0.0,
2021-08-07,21.4,9.6,25.92,12:10,7.92,0.0,
2021-08-08,23.6,7.6,25.92,17:50,6.12,0.0,
2021-08-08,23.6,7.6,25.92,17:50,6.12,0.0,
2021-08-09,29.1,8.2,25.92,18:20,6.12,0.0,
2021-08-09,29.1,8.2,25.92,18:20,6.12,0.0,
2021-08-10,26.9,9.8,27.0,15:10,5.04,0.0,
2021-08-10,26.9,9.8,27.0,15:10,5.04,0.0,
2021-08-11,28.1,13.4,24.84,18:40,6.12,0.0,
2021-08-11,28.1,13.4,24.84,18:40,6.12,0.0,
2021-08-12,28.4,12.9,30.96,18:00,5.04,0.0,
2021-08-12,28.4,12.9,30.96,18:00,5.04,0.0,
2021-08-13,29.0,12.0,21.96,16:20,2.88,0.0,
2021-08-13,29.0,12.0,21.96,16:20,2.88,0.0,
2021-08-14,31.5,16.1,23.04,15:10,6.84,0.0,
2021-08-14,31.5,16.1,23.04,15:10,6.84,0.0,
2021-08-15,25.8,12.2,33.84,16:50,7.92,0.0,
2021-08-15,25.8,12.2,33.84,16:50,7.92,0.0,
2021-08-16,22.1,12.4,38.16,15:00,9.0,0.0,
2021-08-16,22.1,12.4,38.16,15:00,9.0,0.0,
2021-08-17,22.1,13.0,38.88,14:50,9.0,0.0,
2021-08-17,22.1,13.0,38.88,14:50,9.0,0.0,
2021-08-18,21.8,9.4,34.92,08:50,7.92,0.0,
2021-08-18,21.8,9.4,34.92,08:50,7.92,0.0,
2021-08-19,23.4,12.7,24.84,02:20,9.0,0.0,
2021-08-19,23.4,12.7,24.84,02:20,9.0,0.0,
2021-08-20,27.8,13.4,23.04,Varias,6.84,0.0,
2021-08-20,27.8,13.4,23.04,Varias,6.84,0.0,
2021-08-21,25.7,12.3,20.88,14:40,6.12,0.0,
2021-08-21,25.7,12.3,20.88,14:40,6.12,0.0,
2021-08-22,24.2,15.6,34.92,14:30,7.92,0.0,
2021-08-22,24.2,15.6,34.92,14:30,7.92,0.0,
2021-08-23,26.1,15.7,33.12,14:10,10.08,0.0,
2021-08-23,26.1,15.7,33.12,14:10,10.08,0.0,
2021-08-24,26.4,12.8,34.92,15:50,9.0,0.0,
2021-08-24,26.4,12.8,34.92,15:50,9.0,0.0,
2021-08-25,27.6,14.4,27.0,14:40,5.04,0.0,
2021-08-25,27.6,14.4,27.0,14:40,5.04,0.0,
2021-08-26,31.6,16.1,21.96,15:10,3.96,0.0,
2021-08-26,31.6,16.1,21.96,15:10,3.96,0.0,
2021-08-27,31.5,14.3,23.04,14:40,6.12,0.0,
2021-08-27,31.5,14.3,23.04,14:40,6.12,0.0,
2021-08-28,25.3,14.1,21.96,16:20,5.04,0.0,
2021-08-28,25.3,14.1,21.96,16:20,5.04,0.0,
2021-08-29,24.6,12.9,25.92,17:20,3.96,0.0,
2021-08-29,24.6,12.9,25.92,17:20,3.96,0.0,
2021-08-30,24.3,12.3,21.96,17:10,5.04,0.0,
2021-08-30,24.3,12.3,21.96,17:10,5.04,0.0,
2021-08-31,27.5,12.0,29.16,16:00,3.96,0.0,
2021-08-31,27.5,12.0,29.16,16:00,3.96,0.0,
2021-09-01,23.4,15.0,21.96,15:00,6.12,0.0,
2021-09-01,23.4,15.0,21.96,15:00,6.12,0.0,
2021-09-02,25.8,12.4,24.12,16:40,2.88,0.0,
2021-09-02,25.8,12.4,24.12,16:40,2.88,0.0,
2021-09-03,25.4,10.3,21.96,14:30,5.04,0.0,
2021-09-03,25.4,10.3,21.96,14:30,5.04,0.0,
2021-09-04,29.5,10.8,24.84,13:50,5.04,0.0,
2021-09-04,29.5,10.8,24.84,13:50,5.04,0.0,
2021-09-05,33.7,9.6,27.0,13:10,3.96,0.0,
2021-09-05,33.7,9.6,27.0,13:10,3.96,0.0,
2021-09-06,33.7,14.3,36.0,12:30,7.92,0.0,
2021-09-06,33.7,14.3,36.0,12:30,7.92,0.0,
2021-09-07,25.3,14.9,38.88,15:20,7.92,0.0,
2021-09-07,25.3,14.9,38.88,15:20,7.92,0.0,
2021-09-08,22.5,16.8,38.16,10:50,9.0,0.0,
2021-09-08,22.5,16.8,38.16,10:50,9.0,0.0,
2021-09-09,20.8,15.1,29.88,16:30,6.12,0.0,
2021-09-09,20.8,15.1,29.88,16:30,6.12,0.0,
2021-09-10,21.9,13.7,20.16,11:30,3.96,0.0,
2021-09-10,21.9,13.7,20.16,11:30,3.96,0.0,
2021-09-11,25.6,11.9,16.92,13:40,5.04,0.0,
2021-09-11,25.6,11.9,16.92,13:40,5.04,0.0,
2021-09-12,30.2,10.5,24.12,14:00,3.96,0.0,
2021-09-12,30.2,10.5,24.12,14:00,3.96,0.0,
2021-09-13,23.4,13.3,30.96,10:30,2.88,0.0,
2021-09-13,23.4,13.3,30.96,10:30,2.88,0.0,
2021-09-14,25.1,14.0,25.92,16:30,5.04,0.0,
2021-09-14,25.1,14.0,25.92,16:30,5.04,0.0,
2021-09-15,19.6,14.6,24.84,13:50,5.04,0.0,
2021-09-15,19.6,14.6,24.84,13:50,5.04,0.0,
2021-09-16,22.5,12.0,24.12,13:20,5.04,0.0,
2021-09-16,22.5,12.0,24.12,13:20,5.04,0.0,
2021-09-17,17.9,9.4,27.0,13:20,3.96,0.0,
2021-09-17,17.9,9.4,27.0,13:20,3.96,0.0,
2021-09-18,19.5,7.9,27.0,13:30,2.88,0.0,
2021-09-18,19.5,7.9,27.0,13:30,2.88,0.0,
2021-09-19,19.6,6.4,21.96,16:20,3.96,0.0,
2021-09-19,19.6,6.4,21.96,16:20,3.96,0.0,
2021-09-20,18.2,9.1,39.96,13:20,6.84,0.0,
2021-09-20,18.2,9.1,39.96,13:20,6.84,0.0,
2021-09-21,19.9,6.8,37.08,15:40,10.08,0.0,
2021-09-21,19.9,6.8,37.08,15:40,10.08,0.0,
2021-09-22,20.2,8.4,43.92,16:20,10.08,0.0,
2021-09-22,20.2,8.4,43.92,16:20,10.08,0.0,
2021-09-23,22.0,10.2,34.92,12:10,6.12,0.0,
2021-09-23,22.0,10.2,34.92,12:10,6.12,0.0,
2021-09-24,22.4,13.7,23.04,14:50,5.04,0.0,
2021-09-24,22.4,13.7,23.04,14:50,5.04,0.0,
2021-09-25,19.4,10.7,27.0,11:50,6.84,0.0,
2021-09-25,19.4,10.7,27.0,11:50,6.84,0.0,
2021-09-26,20.7,14.1,42.84,23:10,7.92,0.0,
2021-09-26,20.7,14.1,42.84,23:10,7.92,0.0,
2021-09-27,21.3,9.8,33.84,02:30,3.96,0.0,
2021-09-27,21.3,9.8,33.84,02:30,3.96,0.0,
2021-09-28,20.4,8.7,23.04,14:20,5.04,0.0,
2021-09-28,20.4,8.7,23.04,14:20,5.04,0.0,
2021-09-29,20.4,8.4,21.96,17:10,3.96,0.0,
2021-09-29,20.4,8.4,21.96,17:10,3.96,0.0,
2021-09-30,22.3,8.3,14.04,15:30,2.16,0.0,
2021-09-30,22.3,8.3,14.04,15:30,2.16,0.0,
2021-10-01,21.8,10.1,24.84,13:40,5.04,0.0,
2021-10-01,21.8,10.1,24.84,13:40,5.04,0.0,
2021-10-02,19.7,14.2,54.0,20:10,15.84,0.0,
2021-10-02,19.7,14.2,54.0,20:10,15.84,0.0,
2021-10-03,16.5,8.4,29.16,01:00,3.96,0.0,
2021-10-03,16.5,8.4,29.16,01:00,3.96,0.0,
2021-10-04,16.7,9.4,30.96,23:30,7.92,0.0,
2021-10-04,16.7,9.4,30.96,23:30,7.92,0.0,
2021-10-05,18.9,10.3,33.12,00:10,5.04,0.0,
2021-10-05,18.9,10.3,33.12,00:10,5.04,0.0,
2021-10-06,22.8,7.8,16.92,15:50,2.16,0.0,
2021-10-06,22.8,7.8,16.92,15:50,2.16,0.0,
2021-10-07,25.8,7.8,11.16,13:50,2.16,0.8,
2021-10-07,25.8,7.8,11.16,13:50,2.16,0.8,
2021-10-08,25.3,8.0,11.88,Varias,2.16,0.0,
2021-10-08,25.3,8.0,11.88,Varias,2.16,0.0,
2021-10-09,19.2,9.0,28.08,15:40,6.12,0.0,
2021-10-09,19.2,9.0,28.08,15:40,6.12,0.0,
2021-10-10,19.5,7.5,33.12,14:10,7.92,0.0,
2021-10-10,19.5,7.5,33.12,14:10,7.92,0.0,
2021-10-11,20.5,5.3,24.12,17:00,6.12,0.0,
2021-10-11,20.5,5.3,24.12,17:00,6.12,0.0,
2021-10-12,21.8,6.4,21.96,16:30,2.88,0.0,
2021-10-12,21.8,6.4,21.96,16:30,2.88,0.0,
2021-10-13,22.7,2.7,16.92,17:10,2.16,0.0,
2021-10-13,22.7,2.7,16.92,17:10,2.16,0.0,
2021-10-14,22.4,4.8,15.84,12:50,3.96,0.0,
2021-10-14,22.4,4.8,15.84,12:50,3.96,0.0,
2021-10-15,21.0,2.9,16.92,13:00,3.96,0.2,
2021-10-15,21.0,2.9,16.92,13:00,3.96,0.2,
2021-10-16,17.2,10.2,23.04,20:00,2.88,5.2,
2021-10-16,17.2,10.2,23.04,20:00,2.88,5.2,
2021-10-17,22.5,13.5,24.12,13:50,5.04,0.0,
2021-10-17,22.5,13.5,24.12,13:50,5.04,0.0,
2021-10-18,24.5,14.3,29.88,11:00,6.12,0.0,
2021-10-18,24.5,14.3,29.88,11:00,6.12,0.0,
2021-10-19,26.8,10.9,45.0,12:40,12.96,4.0,
2021-10-19,26.8,10.9,45.0,12:40,12.96,4.0,
2021-10-20,20.8,11.4,61.92,13:30,16.92,3.0,
2021-10-20,20.8,11.4,61.92,13:30,16.92,3.0,
2021-10-21,16.9,7.4,23.04,10:40,2.88,0.2,
2021-10-21,16.9,7.4,23.04,10:40,2.88,0.2,
2021-10-22,14.3,4.9,24.84,16:20,6.12,0.2,
2021-10-22,14.3,4.9,24.84,16:20,6.12,0.2,
2021-10-23,19.8,2.5,24.12,13:50,3.96,0.0,
2021-10-23,19.8,2.5,24.12,13:50,3.96,0.0,
2021-10-24,13.1,2.6,20.88,09:40,3.96,4.0,
2021-10-24,13.1,2.6,20.88,09:40,3.96,4.0,
2021-10-25,17.4,5.8,15.84,12:10,1.08,0.0,
2021-10-25,17.4,5.8,15.84,12:10,1.08,0.0,
2021-10-26,17.8,4.8,9.0,11:30,2.88,0.0,
2021-10-26,17.8,4.8,9.0,11:30,2.88,0.0,
2021-10-27,21.3,2.3,23.04,13:50,3.96,0.0,
2021-10-27,21.3,2.3,23.04,13:50,3.96,0.0,
2021-10-28,18.1,5.0,46.08,19:50,10.08,14.8,
2021-10-28,18.1,5.0,46.08,19:50,10.08,14.8,
2021-10-29,14.1,10.3,27.0,15:30,6.12,18.2,
2021-10-29,14.1,10.3,27.0,15:30,6.12,18.2,
2021-10-30,16.9,10.7,29.88,10:50,10.08,4.2,
2021-10-30,16.9,10.7,29.88,10:50,10.08,4.2,
2021-10-31,16.3,10.0,37.08,06:10,7.92,4.4,
2021-10-31,16.3,10.0,37.08,06:10,7.92,4.4,
2021-11-01,14.4,7.6,41.04,14:30,10.08,1.2,
2021-11-01,14.4,7.6,41.04,14:30,10.08,1.2,
2021-11-02,11.9,5.3,38.88,13:20,10.08,10.2,
2021-11-02,11.9,5.3,38.88,13:20,10.08,10.2,
2021-11-03,11.1,4.9,30.96,14:40,3.96,2.6,
2021-11-03,11.1,4.9,30.96,14:40,3.96,2.6,
2021-11-04,12.2,3.9,20.16,15:30,3.96,1.4,
2021-11-04,12.2,3.9,20.16,15:30,3.96,1.4,
2021-11-05,11.0,3.0,28.08,14:00,2.88,0.6,
2021-11-05,11.0,3.0,28.08,14:00,2.88,0.6,
2021-11-06,13.2,0.6,27.0,12:50,5.04,0.0,
2021-11-06,13.2,0.6,27.0,12:50,5.04,0.0,
2021-11-07,14.4,-0.4,30.96,10:40,5.04,0.0,
2021-11-07,14.4,-0.4,30.96,10:40,5.04,0.0,
2021-11-08,18.5,5.6,19.08,18:00,6.12,0.0,
2021-11-08,18.5,5.6,19.08,18:00,6.12,0.0,
2021-11-09,16.4,7.9,25.92,14:10,6.84,0.0,
2021-11-09,16.4,7.9,25.92,14:10,6.84,0.0,
2021-11-10,15.7,2.7,21.96,14:50,2.88,0.0,
2021-11-10,15.7,2.7,21.96,14:50,2.88,0.0,
2021-11-11,10.0,1.1,12.96,22:30,2.88,0.0,
2021-11-11,10.0,1.1,12.96,22:30,2.88,0.0,
2021-11-12,15.1,3.8,23.04,16:10,2.88,0.0,
2021-11-12,15.1,3.8,23.04,16:10,2.88,0.0,
2021-11-13,16.1,3.7,20.16,11:00,2.16,0.2,
2021-11-13,16.1,3.7,20.16,11:00,2.16,0.2,
2021-11-14,14.6,1.5,27.0,21:40,6.12,0.2,
2021-11-14,14.6,1.5,27.0,21:40,6.12,0.2,
2021-11-15,13.8,3.5,25.92,14:30,6.12,0.0,
2021-11-15,13.8,3.5,25.92,14:30,6.12,0.0,
2021-11-16,14.4,2.0,30.96,14:00,5.04,0.0,
2021-11-16,14.4,2.0,30.96,14:00,5.04,0.0,
2021-11-17,13.9,3.4,33.84,15:20,6.84,0.0,
2021-11-17,13.9,3.4,33.84,15:20,6.84,0.0,
2021-11-18,15.4,0.7,25.92,00:20,5.04,0.0,
2021-11-18,15.4,0.7,25.92,00:20,5.04,0.0,
2021-11-19,16.1,-1.7,11.16,00:40,2.88,0.0,
2021-11-19,16.1,-1.7,11.16,00:40,2.88,0.0,
2021-11-20,15.4,-0.9,9.0,19:20,2.16,0.0,
2021-11-20,15.4,-0.9,9.0,19:20,2.16,0.0,
2021-11-21,11.2,2.3,27.0,23:10,2.16,1.2,
2021-11-21,11.2,2.3,27.0,23:10,2.16,1.2,
2021-11-22,6.9,2.7,29.88,14:30,2.88,9.8,
2021-11-22,6.9,2.7,29.88,14:30,2.88,9.8,
2021-11-23,9.4,6.0,42.84,11:50,7.92,0.4,
2021-11-23,9.4,6.0,42.84,11:50,7.92,0.4,
2021-11-24,8.3,4.6,30.96,12:00,3.96,6.2,
2021-11-24,8.3,4.6,30.96,12:00,3.96,6.2,
2021-11-25,9.9,5.2,30.96,13:10,6.12,4.0,
2021-11-25,9.9,5.2,30.96,13:10,6.12,4.0,
2021-11-26,8.6,2.3,24.12,01:00,5.04,5.0,
2021-11-26,8.6,2.3,24.12,01:00,5.04,5.0,
2021-11-27,7.9,2.1,47.88,14:30,6.12,3.2,
2021-11-27,7.9,2.1,47.88,14:30,6.12,3.2,
2021-11-28,8.8,0.3,18.0,19:40,6.84,6.6,
2021-11-28,8.8,0.3,18.0,19:40,6.84,6.6,
2021-11-29,11.6,4.1,20.16,13:00,5.04,0.8,
2021-11-29,11.6,4.1,20.16,13:00,5.04,0.8,
2021-11-30,14.3,3.4,20.88,Varias,2.16,0.0,
2021-11-30,14.3,3.4,20.88,Varias,2.16,0.0,
2021-12-01,10.3,6.2,25.92,06:30,6.84,13.2,
2021-12-01,10.3,6.2,25.92,06:30,6.84,13.2,
2021-12-02,9.5,2.8,30.96,00:20,2.16,0.4,
2021-12-02,9.5,2.8,30.96,00:20,2.16,0.4,
2021-12-03,9.7,5.1,29.16,20:00,9.0,10.6,
2021-12-03,9.7,5.1,29.16,20:00,9.0,10.6,
2021-12-04,12.6,5.4,28.08,00:30,6.12,4.8,
2021-12-04,12.6,5.4,28.08,00:30,6.12,4.8,
2021-12-05,10.5,5.9,23.04,12:10,6.12,3.4,
2021-12-05,10.5,5.9,23.04,12:10,6.12,3.4,
2021-12-06,11.2,6.7,27.0,09:20,6.12,10.4,
2021-12-06,11.2,6.7,27.0,09:20,6.12,10.4,
2021-12-07,13.0,4.2,43.92,08:30,14.04,31.6,
2021-12-07,13.0,4.2,43.92,08:30,14.04,31.6,
2021-12-08,6.8,1.8,45.0,02:00,10.08,12.8,
2021-12-08,6.8,1.8,45.0,02:00,10.08,12.8,
2021-12-09,10.7,6.5,33.12,14:00,11.16,9.4,
2021-12-09,10.7,6.5,33.12,14:00,11.16,9.4,
2021-12-10,11.7,8.3,28.08,01:00,7.92,2.2,
2021-12-10,11.7,8.3,28.08,01:00,7.92,2.2,
2021-12-11,13.4,5.9,15.84,11:30,6.12,0.2,
2021-12-11,13.4,5.9,15.84,11:30,6.12,0.2,
2021-12-12,15.9,1.6,16.92,14:30,3.96,0.2,
2021-12-12,15.9,1.6,16.92,14:30,3.96,0.2,
2021-12-13,17.5,1.3,18.0,13:20,5.04,0.0,
2021-12-13,17.5,1.3,18.0,13:20,5.04,0.0,
2021-12-14,6.6,-0.4,7.92,02:30,1.08,0.2,
2021-12-14,6.6,-0.4,7.92,02:30,1.08,0.2,
2021-12-15,5.4,-2.1,5.04,00:50,1.08,0.2,
2021-12-15,5.4,-2.1,5.04,00:50,1.08,0.2,
2021-12-16,13.8,-2.6,6.84,15:30,2.16,0.2,
2021-12-16,13.8,-2.6,6.84,15:30,2.16,0.2,
2021-12-17,13.9,-2.6,10.08,Varias,2.88,0.0,
2021-12-17,13.9,-2.6,10.08,Varias,2.88,0.0,
2021-12-18,10.7,-3.2,7.92,17:30,2.16,0.2,
2021-12-18,10.7,-3.2,7.92,17:30,2.16,0.2,
2021-12-19,11.2,-3.0,10.08,19:40,2.88,0.0,
2021-12-19,11.2,-3.0,10.08,19:40,2.88,0.0,
2021-12-20,13.9,0.2,25.92,23:30,2.88,0.6,
2021-12-20,13.9,0.2,25.92,23:30,2.88,0.6,
2021-12-21,18.9,6.8,28.08,17:20,7.92,0.0,
2021-12-21,18.9,6.8,28.08,17:20,7.92,0.0,
2021-12-22,16.6,6.6,42.84,14:10,9.0,8.4,
2021-12-22,16.6,6.6,42.84,14:10,9.0,8.4,
2021-12-23,14.7,9.0,41.04,01:10,6.12,5.0,
2021-12-23,14.7,9.0,41.04,01:10,6.12,5.0,
2021-12-24,10.7,8.6,42.84,01:30,9.0,26.2,
2021-12-24,10.7,8.6,42.84,01:30,9.0,26.2,
2021-12-25,14.5,9.0,29.16,02:20,7.92,0.2,
2021-12-25,14.5,9.0,29.16,02:20,7.92,0.2,
2021-12-26,14.1,9.3,38.88,19:10,11.88,15.6,
2021-12-26,14.1,9.3,38.88,19:10,11.88,15.6,
2021-12-27,13.6,10.0,60.12,16:00,16.92,7.2,
2021-12-27,13.6,10.0,60.12,16:00,16.92,7.2,
2021-12-28,16.2,11.5,43.92,01:00,12.96,0.6,
2021-12-28,16.2,11.5,43.92,01:00,12.96,0.6,
2021-12-29,16.2,8.0,37.08,03:40,7.92,1.0,
2021-12-29,16.2,8.0,37.08,03:40,7.92,1.0,
2021-12-30,20.2,3.2,24.84,23:59,5.04,0.0,
2021-12-30,20.2,3.2,24.84,23:59,5.04,0.0,
2021-12-31,20.9,3.8,38.88,21:20,9.0,0.0,
2021-12-31,20.9,3.8,38.88,21:20,9.0,0.0,
2022-01-01,21.3,13.1,50.04,12:30,15.12,0.4,
2022-01-01,21.3,13.1,50.04,12:30,15.12,0.4,
2022-01-02,15.5,6.0,33.84,01:00,7.92,0.0,
2022-01-02,15.5,6.0,33.84,01:00,7.92,0.0,
2022-01-03,16.5,8.3,56.88,18:40,14.04,11.6,
2022-01-03,16.5,8.3,56.88,18:40,14.04,11.6,
2022-01-04,13.3,5.0,39.96,00:40,6.84,13.8,
2022-01-04,13.3,5.0,39.96,00:40,6.84,13.8,
2022-01-05,10.7,3.7,33.84,10:50,6.84,5.8,
2022-01-05,10.7,3.7,33.84,10:50,6.84,5.8,
2022-01-06,9.6,6.5,16.92,11:20,3.96,1.6,
2022-01-06,9.6,6.5,16.92,11:20,3.96,1.6,
2022-01-07,10.7,1.6,11.88,12:00,2.16,0.0,
2022-01-07,10.7,1.6,11.88,12:00,2.16,0.0,
2022-01-08,8.4,2.0,32.04,22:00,10.08,1.8,
2022-01-08,8.4,2.0,32.04,22:00,10.08,1.8,
2022-01-09,13.0,8.4,29.88,03:10,10.08,2.0,
2022-01-09,13.0,8.4,29.88,03:10,10.08,2.0,
2022-01-10,13.4,9.2,20.16,01:00,3.96,0.4,
2022-01-10,13.4,9.2,20.16,01:00,3.96,0.4,
2022-01-11,11.1,7.5,28.08,20:30,2.88,0.0,
2022-01-11,11.1,7.5,28.08,20:30,2.88,0.0,
2022-01-12,12.3,0.1,37.08,14:40,6.84,0.0,
2022-01-12,12.3,0.1,37.08,14:40,6.84,0.0,
2022-01-13,12.8,-2.6,12.96,18:30,2.88,0.2,
2022-01-13,12.8,-2.6,12.96,18:30,2.88,0.2,
2022-01-14,11.8,-4.8,18.0,14:50,3.96,0.0,
2022-01-14,11.8,-4.8,18.0,14:50,3.96,0.0,
2022-01-15,11.9,-4.7,25.92,13:40,3.96,0.0,
2022-01-15,11.9,-4.7,25.92,13:40,3.96,0.0,
2022-01-16,10.1,-1.0,14.04,00:10,1.08,0.0,
2022-01-16,10.1,-1.0,14.04,00:10,1.08,0.0,
2022-01-17,10.4,-0.8,9.0,14:30,2.16,0.0,
2022-01-17,10.4,-0.8,9.0,14:30,2.16,0.0,
2022-01-18,13.9,-1.4,18.0,15:40,1.08,0.2,
2022-01-18,13.9,-1.4,18.0,15:40,1.08,0.2,
2022-01-19,12.3,-3.3,19.08,15:40,2.88,0.0,
2022-01-19,12.3,-3.3,19.08,15:40,2.88,0.0,
2022-01-20,11.0,-1.5,38.88,16:30,6.12,0.0,
2022-01-20,11.0,-1.5,38.88,16:30,6.12,0.0,
2022-01-21,10.7,1.5,36.0,11:50,9.0,0.2,
2022-01-21,10.7,1.5,36.0,11:50,9.0,0.2,
2022-01-22,10.5,-2.7,20.16,04:30,3.96,0.0,
2022-01-22,10.5,-2.7,20.16,04:30,3.96,0.0,
2022-01-23,10.2,-3.9,7.92,02:10,2.16,0.0,
2022-01-23,10.2,-3.9,7.92,02:10,2.16,0.0,
2022-01-24,12.2,-5.3,14.04,19:10,3.96,0.0,
2022-01-24,12.2,-5.3,14.04,19:10,3.96,0.0,
2022-01-25,11.9,-4.5,15.84,17:20,3.96,0.0,
2022-01-25,11.9,-4.5,15.84,17:20,3.96,0.0,
2022-01-26,11.4,-4.0,20.16,15:40,3.96,0.2,
2022-01-26,11.4,-4.0,20.16,15:40,3.96,0.2,
2022-01-27,12.5,-0.3,24.12,16:10,6.12,0.0,
2022-01-27,12.5,-0.3,24.12,16:10,6.12,0.0,
2022-01-28,11.9,-3.5,21.96,13:10,3.96,0.0,
2022-01-28,11.9,-3.5,21.96,13:10,3.96,0.0,
2022-01-29,11.3,-5.5,10.08,09:10,2.16,0.2,
2022-01-29,11.3,-5.5,10.08,09:10,2.16,0.2,
2022-01-30,14.2,-2.0,14.04,23:30,2.88,0.0,
2022-01-30,14.2,-2.0,14.04,23:30,2.88,0.0,
2022-01-31,12.1,0.8,36.0,21:30,6.84,0.0,
2022-01-31,12.1,0.8,36.0,21:30,6.84,0.0,
2022-02-01,13.2,1.2,28.08,14:20,5.04,0.0,
2022-02-01,13.2,1.2,28.08,14:20,5.04,0.0,
2022-02-02,17.3,-1.6,11.16,14:10,2.88,0.2,
2022-02-02,17.3,-1.6,11.16,14:10,2.88,0.2,
2022-02-03,15.5,0.1,30.96,13:20,7.92,0.0,
2022-02-03,15.5,0.1,30.96,13:20,7.92,0.0,
2022-02-04,10.4,7.1,20.16,03:20,2.88,0.8,
2022-02-04,10.4,7.1,20.16,03:20,2.88,0.8,
2022-02-05,11.3,-0.6,28.08,Varias,6.84,0.0,
2022-02-05,11.3,-0.6,28.08,Varias,6.84,0.0,
2022-02-06,13.4,-2.7,19.08,15:20,2.88,0.2,
2022-02-06,13.4,-2.7,19.08,15:20,2.88,0.2,
2022-02-07,14.2,-1.6,25.92,15:20,5.04,0.0,
2022-02-07,14.2,-1.6,25.92,15:20,5.04,0.0,
2022-02-08,17.6,-1.4,20.88,15:50,3.96,0.0,
2022-02-08,17.6,-1.4,20.88,15:50,3.96,0.0,
2022-02-09,18.9,-1.9,30.96,15:10,6.12,0.0,
2022-02-09,18.9,-1.9,30.96,15:10,6.12,0.0,
2022-02-10,16.0,1.8,19.08,14:50,1.08,5.4,
2022-02-10,16.0,1.8,19.08,14:50,1.08,5.4,
2022-02-11,13.5,5.8,18.0,Varias,2.16,0.0,
2022-02-11,13.5,5.8,18.0,Varias,2.16,0.0,
2022-02-12,13.8,2.6,15.12,15:20,5.04,0.0,
2022-02-12,13.8,2.6,15.12,15:20,5.04,0.0,
2022-02-13,9.9,2.7,55.08,12:50,15.84,10.4,
2022-02-13,9.9,2.7,55.08,12:50,15.84,10.4,
2022-02-14,10.6,1.4,36.0,13:50,6.84,5.8,
2022-02-14,10.6,1.4,36.0,13:50,6.84,5.8,
2022-02-15,9.6,1.4,32.04,10:20,11.16,0.2,
2022-02-15,9.6,1.4,32.04,10:20,11.16,0.2,
2022-02-16,13.7,7.9,39.96,13:20,10.08,1.2,
2022-02-16,13.7,7.9,39.96,13:20,10.08,1.2,
2022-02-17,13.5,8.1,29.88,12:30,9.0,0.6,
2022-02-17,13.5,8.1,29.88,12:30,9.0,0.6,
2022-02-18,10.0,2.0,33.12,03:10,6.84,4.2,
2022-02-18,10.0,2.0,33.12,03:10,6.84,4.2,
2022-02-19,12.0,0.0,15.84,17:00,2.16,0.0,
2022-02-19,12.0,0.0,15.84,17:00,2.16,0.0,
2022-02-20,14.5,3.7,15.84,15:20,2.88,0.2,
2022-02-20,14.5,3.7,15.84,15:20,2.88,0.2,
2022-02-21,16.0,1.5,20.88,15:20,2.88,0.0,
2022-02-21,16.0,1.5,20.88,15:20,2.88,0.0,
2022-02-22,18.9,-2.0,27.0,15:40,2.88,0.0,
2022-02-22,18.9,-2.0,27.0,15:40,2.88,0.0,
2022-02-23,20.1,-1.9,15.84,14:40,2.16,0.0,
2022-02-23,20.1,-1.9,15.84,14:40,2.16,0.0,
2022-02-24,12.1,3.8,37.08,15:40,3.96,0.0,
2022-02-24,12.1,3.8,37.08,15:40,3.96,0.0,
2022-02-25,13.4,0.9,42.12,10:00,12.96,0.0,
2022-02-25,13.4,0.9,42.12,10:00,12.96,0.0,
2022-02-26,16.7,-1.8,25.92,15:40,5.04,0.0,
2022-02-26,16.7,-1.8,25.92,15:40,5.04,0.0,
2022-02-27,16.3,3.2,27.0,11:00,6.84,0.0,
2022-02-27,16.3,3.2,27.0,11:00,6.84,0.0,
2022-02-28,16.7,3.7,28.08,14:30,5.04,1.0,
2022-02-28,16.7,3.7,28.08,14:30,5.04,1.0,
2022-03-01,16.0,7.0,39.96,11:20,10.08,10.4,
2022-03-01,16.0,7.0,39.96,11:20,10.08,10.4,
2022-03-02,11.9,7.0,37.08,01:20,11.16,14.8,
2022-03-02,11.9,7.0,37.08,01:20,11.16,14.8,
2022-03-03,10.6,2.6,37.08,14:40,6.12,5.8,
2022-03-03,10.6,2.6,37.08,14:40,6.12,5.8,
2022-03-04,10.3,-0.8,29.88,12:50,7.92,0.0,
2022-03-04,10.3,-0.8,29.88,12:50,7.92,0.0,
2022-03-05,11.6,-2.0,33.84,15:30,6.12,0.0,
2022-03-05,11.6,-2.0,33.84,15:30,6.12,0.0,
2022-03-06,9.4,-1.8,24.84,13:30,3.96,0.0,
2022-03-06,9.4,-1.8,24.84,13:30,3.96,0.0,
2022-03-07,13.2,-3.2,41.04,21:00,3.96,4.8,
2022-03-07,13.2,-3.2,41.04,21:00,3.96,4.8,
2022-03-08,12.4,4.0,37.08,16:40,11.88,3.4,
2022-03-08,12.4,4.0,37.08,16:40,11.88,3.4,
2022-03-09,14.1,1.4,51.84,13:10,12.96,4.6,
2022-03-09,14.1,1.4,51.84,13:10,12.96,4.6,
2022-03-10,15.0,-1.5,48.96,23:40,10.08,14.4,
2022-03-10,15.0,-1.5,48.96,23:40,10.08,14.4,
2022-03-11,12.1,3.7,51.12,13:10,12.96,3.4,
2022-03-11,12.1,3.7,51.12,13:10,12.96,3.4,
2022-03-12,11.1,3.2,52.92,13:10,14.04,8.0,
2022-03-12,11.1,3.2,52.92,13:10,14.04,8.0,
2022-03-13,10.6,2.9,45.0,13:00,11.88,0.8,
2022-03-13,10.6,2.9,45.0,13:00,11.88,0.8,
2022-03-14,14.6,2.8,34.92,11:50,6.84,0.0,
2022-03-14,14.6,2.8,34.92,11:50,6.84,0.0,
2022-03-15,17.5,2.7,18.0,16:20,3.96,0.0,
2022-03-15,17.5,2.7,18.0,16:20,3.96,0.0,
2022-03-16,9.9,6.7,29.88,22:20,3.96,0.8,
2022-03-16,9.9,6.7,29.88,22:20,3.96,0.8,
2022-03-17,12.7,4.1,46.08,13:00,15.12,0.0,
2022-03-17,12.7,4.1,46.08,13:00,15.12,0.0,
2022-03-18,15.8,0.3,32.04,10:00,7.92,0.0,
2022-03-18,15.8,0.3,32.04,10:00,7.92,0.0,
2022-03-19,19.2,0.7,24.12,16:10,5.04,0.0,
2022-03-19,19.2,0.7,24.12,16:10,5.04,0.0,
2022-03-20,19.4,4.0,32.04,15:10,6.84,0.0,
2022-03-20,19.4,4.0,32.04,15:10,6.84,0.0,
2022-03-21,17.8,2.9,21.96,15:20,2.88,0.0,
2022-03-21,17.8,2.9,21.96,15:20,2.88,0.0,
2022-03-22,17.1,4.7,33.12,11:40,9.0,1.2,
2022-03-22,17.1,4.7,33.12,11:40,9.0,1.2,
2022-03-23,19.0,5.0,23.04,15:40,3.96,0.0,
2022-03-23,19.0,5.0,23.04,15:40,3.96,0.0,
2022-03-24,17.1,0.8,36.0,14:30,5.04,0.0,
2022-03-24,17.1,0.8,36.0,14:30,5.04,0.0,
2022-03-25,18.9,5.9,21.96,16:20,2.88,0.0,
2022-03-25,18.9,5.9,21.96,16:20,2.88,0.0,
2022-03-26,17.7,7.4,12.96,12:40,5.04,0.0,
2022-03-26,17.7,7.4,12.96,12:40,5.04,0.0,
2022-03-27,21.9,5.8,25.92,16:40,3.96,0.0,
2022-03-27,21.9,5.8,25.92,16:40,3.96,0.0,
2022-03-28,20.6,6.0,20.88,11:20,6.12,0.0,
2022-03-28,20.6,6.0,20.88,11:20,6.12,0.0,
2022-03-29,16.9,5.2,29.88,14:30,5.04,0.2,
2022-03-29,16.9,5.2,29.88,14:30,5.04,0.2,
2022-03-30,12.9,3.2,28.08,14:50,6.12,5.4,
2022-03-30,12.9,3.2,28.08,14:50,6.12,5.4,
2022-03-31,13.3,3.7,30.96,22:40,6.84,4.8,
2022-03-31,13.3,3.7,30.96,22:40,6.84,4.8,
2022-04-01,9.4,-0.6,39.96,12:50,6.84,0.4,
2022-04-01,9.4,-0.6,39.96,12:50,6.84,0.4,
2022-04-02,11.8,-1.1,32.04,18:30,7.92,0.2,
2022-04-02,11.8,-1.1,32.04,18:30,7.92,0.2,
2022-04-03,9.8,-1.8,45.0,11:20,11.16,0.0,
2022-04-03,9.8,-1.8,45.0,11:20,11.16,0.0,
2022-04-04,11.1,-1.3,48.96,11:50,14.04,0.0,
2022-04-04,11.1,-1.3,48.96,11:50,14.04,0.0,
2022-04-05,15.3,-3.4,33.84,15:00,11.16,0.0,
2022-04-05,15.3,-3.4,33.84,15:00,11.16,0.0,
2022-04-06,16.8,-1.7,30.96,21:50,5.04,0.0,
2022-04-06,16.8,-1.7,30.96,21:50,5.04,0.0,
2022-04-07,14.7,8.6,56.16,12:30,18.0,1.4,
2022-04-07,14.7,8.6,56.16,12:30,18.0,1.4,
2022-04-08,17.2,5.8,46.08,02:30,14.04,8.4,
2022-04-08,17.2,5.8,46.08,02:30,14.04,8.4,
2022-04-09,19.7,4.1,18.0,18:10,2.88,0.0,
2022-04-09,19.7,4.1,18.0,18:10,2.88,0.0,
2022-04-10,23.0,3.7,50.04,14:20,9.0,0.8,
2022-04-10,23.0,3.7,50.04,14:20,9.0,0.8,
2022-04-11,15.8,9.0,38.88,17:20,9.0,8.6,
2022-04-11,15.8,9.0,38.88,17:20,9.0,8.6,
2022-04-12,16.4,8.3,41.04,13:30,11.88,1.2,
2022-04-12,16.4,8.3,41.04,13:30,11.88,1.2,
2022-04-13,18.2,7.2,24.12,13:30,6.12,0.2,
2022-04-13,18.2,7.2,24.12,13:30,6.12,0.2,
2022-04-14,20.9,4.6,23.04,18:40,3.96,0.0,
2022-04-14,20.9,4.6,23.04,18:40,3.96,0.0,
2022-04-15,23.7,9.2,18.0,Varias,5.04,0.0,
2022-04-15,23.7,9.2,18.0,Varias,5.04,0.0,
2022-04-16,26.3,5.7,21.96,16:30,3.96,0.0,
2022-04-16,26.3,5.7,21.96,16:30,3.96,0.0,
2022-04-17,16.3,8.8,28.08,16:20,6.84,0.0,
2022-04-17,16.3,8.8,28.08,16:20,6.84,0.0,
2022-04-18,15.2,6.9,28.08,10:30,3.96,0.2,
2022-04-18,15.2,6.9,28.08,10:30,3.96,0.2,
2022-04-19,13.5,3.8,32.04,12:00,6.12,3.4,
2022-04-19,13.5,3.8,32.04,12:00,6.12,3.4,
2022-04-20,13.1,0.9,38.16,11:30,6.12,0.2,
2022-04-20,13.1,0.9,38.16,11:30,6.12,0.2,
2022-04-21,15.0,-0.8,29.16,12:40,7.92,4.0,
2022-04-21,15.0,-0.8,29.16,12:40,7.92,4.0,
2022-04-22,15.8,6.0,27.0,10:50,6.84,19.8,
2022-04-22,15.8,6.0,27.0,10:50,6.84,19.8,
2022-04-23,12.0,6.0,29.88,16:40,6.84,0.2,
2022-04-23,12.0,6.0,29.88,16:40,6.84,0.2,
2022-04-24,17.2,6.6,30.96,13:20,6.12,0.0,
2022-04-24,17.2,6.6,30.96,13:20,6.12,0.0,
2022-04-25,21.3,4.0,29.16,12:00,5.04,1.6,
2022-04-25,21.3,4.0,29.16,12:00,5.04,1.6,
2022-04-26,19.2,6.2,29.88,15:40,3.96,1.0,
2022-04-26,19.2,6.2,29.88,15:40,3.96,1.0,
2022-04-27,18.3,5.4,28.08,13:50,5.04,1.0,
2022-04-27,18.3,5.4,28.08,13:50,5.04,1.0,
2022-04-28,18.6,5.1,29.88,16:50,9.0,0.2,
2022-04-28,18.6,5.1,29.88,16:50,9.0,0.2,
2022-04-29,24.4,5.8,23.04,17:10,5.04,0.0,
2022-04-29,24.4,5.8,23.04,17:10,5.04,0.0,
2022-04-30,25.3,8.1,27.0,16:40,6.12,0.0,
2022-04-30,25.3,8.1,27.0,16:40,6.12,0.0,
2022-05-01,16.3,7.9,23.04,20:50,5.04,0.0,
2022-05-01,16.3,7.9,23.04,20:50,5.04,0.0,
2022-05-02,14.9,7.4,29.88,16:30,9.0,0.0,
2022-05-02,14.9,7.4,29.88,16:30,9.0,0.0,
2022-05-03,16.6,6.8,41.04,11:40,11.16,0.0,
2022-05-03,16.6,6.8,41.04,11:40,11.16,0.0,
2022-05-04,17.7,6.4,34.92,17:30,10.08,0.0,
2022-05-04,17.7,6.4,34.92,17:30,10.08,0.0,
2022-05-05,20.8,4.6,29.88,18:30,6.84,0.0,
2022-05-05,20.8,4.6,29.88,18:30,6.84,0.0,
2022-05-06,20.9,7.2,32.04,15:30,6.12,0.0,
2022-05-06,20.9,7.2,32.04,15:30,6.12,0.0,
2022-05-07,24.8,4.4,23.04,15:20,3.96,0.0,
2022-05-07,24.8,4.4,23.04,15:20,3.96,0.0,
2022-05-08,25.7,8.3,23.04,14:40,5.04,0.0,
2022-05-08,25.7,8.3,23.04,14:40,5.04,0.0,
2022-05-09,29.2,6.4,21.96,17:20,6.12,0.0,
2022-05-09,29.2,6.4,21.96,17:20,6.12,0.0,
2022-05-10,28.6,6.5,21.96,16:50,3.96,0.0,
2022-05-10,28.6,6.5,21.96,16:50,3.96,0.0,
2022-05-11,23.2,6.8,29.88,19:00,6.84,0.0,
2022-05-11,23.2,6.8,29.88,19:00,6.84,0.0,
2022-05-12,20.9,12.3,29.16,17:40,9.0,0.0,
2022-05-12,20.9,12.3,29.16,17:40,9.0,0.0,
2022-05-13,25.7,11.7,25.92,17:10,5.04,0.0,
2022-05-13,25.7,11.7,25.92,17:10,5.04,0.0,
2022-05-14,26.9,10.6,47.88,21:10,5.04,4.0,
2022-05-14,26.9,10.6,47.88,21:10,5.04,4.0,
2022-05-15,20.0,13.1,52.92,13:50,14.04,0.2,
2022-05-15,20.0,13.1,52.92,13:50,14.04,0.2,
2022-05-16,23.5,13.8,46.08,17:40,15.84,0.0,
2022-05-16,23.5,13.8,46.08,17:40,15.84,0.0,
2022-05-17,22.3,12.3,54.0,09:50,11.88,0.4,
2022-05-17,22.3,12.3,54.0,09:50,11.88,0.4,
2022-05-18,22.0,10.3,27.0,11:40,5.04,0.0,
2022-05-18,22.0,10.3,27.0,11:40,5.04,0.0,
2022-05-19,25.4,7.7,0.0,,2.88,0.0,
2022-05-19,25.4,7.7,0.0,,2.88,0.0,
2022-05-20,22.9,13.0,29.16,16:10,6.12,0.0,
2022-05-20,22.9,13.0,29.16,16:10,6.12,0.0,
2022-05-21,23.6,13.7,24.12,19:50,3.96,4.4,
2022-05-21,23.6,13.7,24.12,19:50,3.96,4.4,
2022-05-22,20.8,13.4,24.12,Varias,6.84,0.2,
2022-05-22,20.8,13.4,24.12,Varias,6.84,0.2,
2022-05-23,17.8,7.1,25.92,Varias,7.92,1.8,
2022-05-23,17.8,7.1,25.92,Varias,7.92,1.8,
2022-05-24,14.5,7.1,19.08,14:10,5.04,1.2,
2022-05-24,14.5,7.1,19.08,14:10,5.04,1.2,
2022-05-25,20.1,4.7,29.16,17:50,6.12,0.0,
2022-05-25,20.1,4.7,29.16,17:50,6.12,0.0,
2022-05-26,21.9,6.2,29.88,14:50,6.84,0.0,
2022-05-26,21.9,6.2,29.88,14:50,6.84,0.0,
2022-05-27,23.9,11.1,25.92,15:50,6.84,0.0,
2022-05-27,23.9,11.1,25.92,15:50,6.84,0.0,
2022-05-28,24.9,10.6,25.92,13:40,5.04,0.0,
2022-05-28,24.9,10.6,25.92,13:40,5.04,0.0,
2022-05-29,26.6,13.4,24.84,15:50,6.12,0.0,
2022-05-29,26.6,13.4,24.84,15:50,6.12,0.0,
2022-05-30,19.6,11.4,18.0,14:50,2.88,0.0,
2022-05-30,19.6,11.4,18.0,14:50,2.88,0.0,
2022-05-31,20.4,10.8,21.96,16:20,2.88,14.2,
2022-05-31,20.4,10.8,21.96,16:20,2.88,14.2,
2022-06-01,21.7,10.9,36.0,09:40,3.96,6.2,
2022-06-01,21.7,10.9,36.0,09:40,3.96,6.2,
2022-06-02,23.8,8.2,30.96,14:10,6.84,11.2,
2022-06-02,23.8,8.2,30.96,14:10,6.84,11.2,
2022-06-03,23.4,12.8,23.04,14:50,3.96,5.8,
2022-06-03,23.4,12.8,23.04,14:50,3.96,5.8,
2022-06-04,22.7,12.0,42.84,15:40,2.88,18.8,
2022-06-04,22.7,12.0,42.84,15:40,2.88,18.8,
2022-06-05,21.0,11.8,29.16,09:40,7.92,0.0,
2022-06-05,21.0,11.8,29.16,09:40,7.92,0.0,
2022-06-06,22.5,10.8,32.04,17:30,10.08,0.0,
2022-06-06,22.5,10.8,32.04,17:30,10.08,0.0,
2022-06-07,25.4,9.2,29.88,18:10,9.0,0.0,
2022-06-07,25.4,9.2,29.88,18:10,9.0,0.0,
2022-06-08,20.7,15.7,33.12,10:40,9.0,4.2,
2022-06-08,20.7,15.7,33.12,10:40,9.0,4.2,
2022-06-09,27.6,12.5,24.12,15:40,2.88,0.0,
2022-06-09,27.6,12.5,24.12,15:40,2.88,0.0,
2022-06-10,22.6,12.7,25.92,17:50,6.84,0.0,
2022-06-10,22.6,12.7,25.92,17:50,6.84,0.0,
2022-06-11,18.9,14.5,34.92,15:00,9.0,0.0,
2022-06-11,18.9,14.5,34.92,15:00,9.0,0.0,
2022-06-12,19.3,13.9,42.12,12:00,15.12,0.0,
2022-06-12,19.3,13.9,42.12,12:00,15.12,0.0,
2022-06-13,20.0,14.2,36.0,09:10,9.0,0.0,
2022-06-13,20.0,14.2,36.0,09:10,9.0,0.0,
2022-06-14,32.4,15.2,21.96,17:20,3.96,0.0,
2022-06-14,32.4,15.2,21.96,17:20,3.96,0.0,
2022-06-15,31.5,15.7,54.0,20:00,2.88,5.8,
2022-06-15,31.5,15.7,54.0,20:00,2.88,5.8,
2022-06-16,32.3,15.4,21.96,17:30,5.04,0.0,
2022-06-16,32.3,15.4,21.96,17:30,5.04,0.0,
2022-06-17,29.8,16.3,14.04,20:30,2.88,0.0,
2022-06-17,29.8,16.3,14.04,20:30,2.88,0.0,
2022-06-18,24.0,14.5,29.88,13:30,6.84,11.8,
2022-06-18,24.0,14.5,29.88,13:30,6.84,11.8,
2022-06-19,16.0,10.4,36.0,10:30,9.0,5.4,
2022-06-19,16.0,10.4,36.0,10:30,9.0,5.4,
2022-06-20,18.5,10.7,29.88,15:10,5.04,0.6,
2022-06-20,18.5,10.7,29.88,15:10,5.04,0.6,
2022-06-21,17.8,10.9,12.96,15:10,2.88,7.4,
2022-06-21,17.8,10.9,12.96,15:10,2.88,7.4,
2022-06-22,21.1,11.7,20.88,15:00,2.88,4.2,
2022-06-22,21.1,11.7,20.88,15:00,2.88,4.2,
2022-06-23,18.3,12.9,23.04,16:30,3.96,0.8,
2022-06-23,18.3,12.9,23.04,16:30,3.96,0.8,
2022-06-24,17.5,11.9,33.84,09:40,9.0,2.4,
2022-06-24,17.5,11.9,33.84,09:40,9.0,2.4,
2022-06-25,16.5,7.6,29.88,11:10,6.12,1.4,
2022-06-25,16.5,7.6,29.88,11:10,6.12,1.4,
2022-06-26,18.0,5.4,20.88,16:20,5.04,0.0,
2022-06-26,18.0,5.4,20.88,16:20,5.04,0.0,
2022-06-27,20.9,7.0,25.92,18:00,6.84,0.0,
2022-06-27,20.9,7.0,25.92,18:00,6.84,0.0,
2022-06-28,24.6,6.6,27.0,14:30,5.04,0.2,
2022-06-28,24.6,6.6,27.0,14:30,5.04,0.2,
2022-06-29,17.8,8.0,27.0,16:00,5.04,0.0,
2022-06-29,17.8,8.0,27.0,16:00,5.04,0.0,
2022-06-30,21.0,7.6,20.88,15:00,3.96,0.0,
2022-06-30,21.0,7.6,20.88,15:00,3.96,0.0,
2022-07-01,25.1,6.5,27.0,17:10,6.12,0.0,
2022-07-01,25.1,6.5,27.0,17:10,6.12,0.0,
2022-07-02,21.8,9.5,30.96,17:00,9.0,0.0,
2022-07-02,21.8,9.5,30.96,17:00,9.0,0.0,
2022-07-03,19.8,14.1,36.0,13:20,11.16,0.0,
2022-07-03,19.8,14.1,36.0,13:20,11.16,0.0,
2022-07-04,19.8,13.7,33.12,14:20,9.0,0.0,
2022-07-04,19.8,13.7,33.12,14:20,9.0,0.0,
2022-07-05,20.8,14.6,43.92,12:20,15.12,0.0,
2022-07-05,20.8,14.6,43.92,12:20,15.12,0.0,
2022-07-06,23.8,13.7,39.96,16:10,11.16,0.0,
2022-07-06,23.8,13.7,39.96,16:10,11.16,0.0,
2022-07-07,25.3,10.9,30.96,16:40,11.16,0.0,
2022-07-07,25.3,10.9,30.96,16:40,11.16,0.0,
2022-07-08,27.3,12.9,27.0,16:40,6.12,0.0,
2022-07-08,27.3,12.9,27.0,16:40,6.12,0.0,
2022-07-09,30.1,16.3,19.08,15:20,3.96,0.0,
2022-07-09,30.1,16.3,19.08,15:20,3.96,0.0,
2022-07-10,35.1,13.4,21.96,16:20,2.88,0.0,
2022-07-10,35.1,13.4,21.96,16:20,2.88,0.0,
2022-07-11,32.8,13.8,23.04,13:00,6.84,0.0,
2022-07-11,32.8,13.8,23.04,13:00,6.84,0.0,
2022-07-12,36.2,14.3,24.12,17:10,2.88,0.0,
2022-07-12,36.2,14.3,24.12,17:10,2.88,0.0,
2022-07-13,38.3,14.6,21.96,15:20,2.88,0.0,
2022-07-13,38.3,14.6,21.96,15:20,2.88,0.0,
2022-07-14,35.2,16.9,46.08,19:40,6.12,4.4,
2022-07-14,35.2,16.9,46.08,19:40,6.12,4.4,
2022-07-15,31.7,17.6,34.92,08:00,5.04,0.0,
2022-07-15,31.7,17.6,34.92,08:00,5.04,0.0,
2022-07-16,32.7,16.6,14.04,17:00,2.88,0.0,
2022-07-16,32.7,16.6,14.04,17:00,2.88,0.0,
2022-07-17,38.7,16.3,23.04,15:40,5.04,0.0,
2022-07-17,38.7,16.3,23.04,15:40,5.04,0.0,
2022-07-18,29.5,16.3,24.84,15:40,5.04,0.0,
2022-07-18,29.5,16.3,24.84,15:40,5.04,0.0,
2022-07-19,22.7,15.0,41.04,11:10,14.04,0.4,
2022-07-19,22.7,15.0,41.04,11:10,14.04,0.4,
2022-07-20,25.5,15.2,33.12,16:00,6.84,0.0,
2022-07-20,25.5,15.2,33.12,16:00,6.84,0.0,
2022-07-21,23.9,15.9,29.88,09:10,10.08,0.0,
2022-07-21,23.9,15.9,29.88,09:10,10.08,0.0,
2022-07-22,19.7,14.3,38.88,14:40,6.84,0.0,
2022-07-22,19.7,14.3,38.88,14:40,6.84,0.0,
2022-07-23,26.7,13.5,24.12,02:10,6.12,0.0,
2022-07-23,26.7,13.5,24.12,02:10,6.12,0.0,
2022-07-24,30.9,10.7,24.12,15:30,6.12,0.0,
2022-07-24,30.9,10.7,24.12,15:30,6.12,0.0,
2022-07-25,24.8,13.4,23.04,19:00,5.04,0.0,
2022-07-25,24.8,13.4,23.04,19:00,5.04,0.0,
2022-07-26,22.5,13.6,29.88,17:30,6.84,0.0,
2022-07-26,22.5,13.6,29.88,17:30,6.84,0.0,
2022-07-27,24.4,12.6,24.12,18:00,7.92,0.0,
2022-07-27,24.4,12.6,24.12,18:00,7.92,0.0,
2022-07-28,26.6,10.0,23.04,12:50,5.04,0.0,
2022-07-28,26.6,10.0,23.04,12:50,5.04,0.0,
2022-07-29,27.1,14.8,34.92,17:00,6.12,0.0,
2022-07-29,27.1,14.8,34.92,17:00,6.12,0.0,
2022-07-30,26.2,14.2,38.88,17:30,10.08,0.0,
2022-07-30,26.2,14.2,38.88,17:30,10.08,0.0,
2022-07-31,28.7,15.7,32.04,16:50,6.84,0.0,
2022-07-31,28.7,15.7,32.04,16:50,6.84,0.0,
2022-08-01,26.9,17.8,28.08,17:10,7.92,0.0,
2022-08-01,26.9,17.8,28.08,17:10,7.92,0.0,
2022-08-02,24.9,18.0,32.04,13:10,9.0,0.0,
2022-08-02,24.9,18.0,32.04,13:10,9.0,0.0,
2022-08-03,,,0.0,,0.0,0.0,
2022-08-03,,,0.0,,0.0,0.0,
2022-08-04,,,0.0,,0.0,0.0,
2022-08-04,,,0.0,,0.0,0.0,
2022-08-05,,,0.0,,0.0,0.0,
2022-08-05,,,0.0,,0.0,0.0,
2022-08-06,,,0.0,,0.0,0.0,
2022-08-06,,,0.0,,0.0,0.0,
2022-08-07,27.6,17.3,33.12,22:20,7.92,0.0,
2022-08-07,27.6,17.3,33.12,22:20,7.92,0.0,
2022-08-08,31.9,14.5,33.12,16:50,7.92,0.0,
2022-08-08,31.9,14.5,33.12,16:50,7.92,0.0,
2022-08-09,31.3,16.0,32.04,16:40,6.84,1.0,
2022-08-09,31.3,16.0,32.04,16:40,6.84,1.0,
2022-08-10,27.4,17.1,39.96,22:30,2.88,2.6,
2022-08-10,27.4,17.1,39.96,22:30,2.88,2.6,
2022-08-11,33.9,14.7,29.88,16:50,3.96,0.0,
2022-08-11,33.9,14.7,29.88,16:50,3.96,0.0,
2022-08-12,32.4,12.8,29.16,14:30,6.84,0.0,
2022-08-12,32.4,12.8,29.16,14:30,6.84,0.0,
2022-08-13,29.8,12.2,32.04,16:20,3.96,0.0,
2022-08-13,29.8,12.2,32.04,16:20,3.96,0.0,
2022-08-14,25.2,13.2,36.0,11:20,11.16,0.0,
2022-08-14,25.2,13.2,36.0,11:20,11.16,0.0,
2022-08-15,27.3,13.9,38.88,14:40,10.08,4.6,
2022-08-15,27.3,13.9,38.88,14:40,10.08,4.6,
2022-08-16,20.7,13.2,33.84,10:20,11.16,7.0,
2022-08-16,20.7,13.2,33.84,10:20,11.16,7.0,
2022-08-17,21.0,10.5,24.12,10:50,6.12,0.6,
2022-08-17,21.0,10.5,24.12,10:50,6.12,0.6,
2022-08-18,22.8,7.5,27.0,14:40,6.12,0.0,
2022-08-18,22.8,7.5,27.0,14:40,6.12,0.0,
2022-08-19,29.4,8.1,28.08,17:00,3.96,0.0,
2022-08-19,29.4,8.1,28.08,17:00,3.96,0.0,
2022-08-20,30.4,12.2,21.96,17:10,3.96,0.0,
2022-08-20,30.4,12.2,21.96,17:10,3.96,0.0,
2022-08-21,28.8,15.3,23.04,14:00,6.12,0.0,
2022-08-21,28.8,15.3,23.04,14:00,6.12,0.0,
2022-08-22,27.0,16.6,29.16,18:00,6.12,0.0,
2022-08-22,27.0,16.6,29.16,18:00,6.12,0.0,
2022-08-23,26.6,15.5,27.0,17:10,6.84,0.0,
2022-08-23,26.6,15.5,27.0,17:10,6.84,0.0,
2022-08-24,29.0,18.6,30.96,17:00,6.84,0.0,
2022-08-24,29.0,18.6,30.96,17:00,6.84,0.0,
2022-08-25,21.0,16.9,33.12,11:30,9.0,0.0,
2022-08-25,21.0,16.9,33.12,11:30,9.0,0.0,
2022-08-26,20.5,16.0,30.96,03:10,9.0,0.0,
2022-08-26,20.5,16.0,30.96,03:10,9.0,0.0,
2022-08-27,24.3,16.3,28.08,15:20,6.12,0.0,
2022-08-27,24.3,16.3,28.08,15:20,6.12,0.0,
2022-08-28,33.1,15.2,32.04,16:10,6.12,0.0,
2022-08-28,33.1,15.2,32.04,16:10,6.12,0.0,
2022-08-29,31.1,12.7,29.88,12:40,5.04,0.0,
2022-08-29,31.1,12.7,29.88,12:40,5.04,0.0,
2022-08-30,27.2,11.8,29.16,17:30,6.12,0.0,
2022-08-30,27.2,11.8,29.16,17:30,6.12,0.0,
2022-08-31,25.9,13.2,23.04,14:40,3.96,0.0,
2022-08-31,25.9,13.2,23.04,14:40,3.96,0.0,
2022-09-01,24.9,13.6,34.92,16:10,6.12,0.6,
2022-09-01,24.9,13.6,34.92,16:10,6.12,0.6,
2022-09-02,19.3,9.6,21.96,13:20,2.88,0.0,
2022-09-02,19.3,9.6,21.96,13:20,2.88,0.0,
2022-09-03,23.6,6.5,32.04,14:40,9.0,0.0,
2022-09-03,23.6,6.5,32.04,14:40,9.0,0.0,
2022-09-04,22.8,13.7,47.16,10:00,16.92,0.0,
2022-09-04,22.8,13.7,47.16,10:00,16.92,0.0,
2022-09-05,23.5,15.2,51.12,10:50,12.96,1.8,
2022-09-05,23.5,15.2,51.12,10:50,12.96,1.8,
2022-09-06,22.4,14.0,43.92,15:10,12.96,1.8,
2022-09-06,22.4,14.0,43.92,15:10,12.96,1.8,
2022-09-07,21.9,14.3,39.96,11:40,14.04,1.2,
2022-09-07,21.9,14.3,39.96,11:40,14.04,1.2,
2022-09-08,25.5,12.9,36.0,12:50,9.0,0.0,
2022-09-08,25.5,12.9,36.0,12:50,9.0,0.0,
2022-09-09,27.8,10.0,20.16,08:50,5.04,0.0,
2022-09-09,27.8,10.0,20.16,08:50,5.04,0.0,
2022-09-10,31.2,10.2,20.16,17:40,5.04,0.0,
2022-09-10,31.2,10.2,20.16,17:40,5.04,0.0,
2022-09-11,33.5,12.0,38.88,14:30,5.04,0.0,
2022-09-11,33.5,12.0,38.88,14:30,5.04,0.0,
2022-09-12,26.5,15.7,41.04,12:00,6.84,4.6,
2022-09-12,26.5,15.7,41.04,12:00,6.84,4.6,
2022-09-13,24.3,15.6,39.96,13:00,7.92,6.0,
2022-09-13,24.3,15.6,39.96,13:00,7.92,6.0,
2022-09-14,22.9,16.2,33.12,09:40,5.04,6.2,
2022-09-14,22.9,16.2,33.12,09:40,5.04,6.2,
2022-09-15,24.9,14.6,28.08,14:30,6.84,0.0,
2022-09-15,24.9,14.6,28.08,14:30,6.84,0.0,
2022-09-16,21.4,13.0,29.88,15:10,9.0,0.0,
2022-09-16,21.4,13.0,29.88,15:10,9.0,0.0,
2022-09-17,22.9,9.6,21.96,Varias,3.96,0.0,
2022-09-17,22.9,9.6,21.96,Varias,3.96,0.0,
2022-09-18,26.0,8.4,23.04,15:20,5.04,0.0,
2022-09-18,26.0,8.4,23.04,15:20,5.04,0.0,
2022-09-19,27.2,10.1,24.12,15:50,5.04,0.0,
2022-09-19,27.2,10.1,24.12,15:50,5.04,0.0,
2022-09-20,24.7,10.4,27.0,14:30,6.12,0.0,
2022-09-20,24.7,10.4,27.0,14:30,6.12,0.0,
2022-09-21,24.5,7.2,29.88,16:00,3.96,0.0,
2022-09-21,24.5,7.2,29.88,16:00,3.96,0.0,
2022-09-22,26.4,7.6,24.12,16:50,5.04,0.0,
2022-09-22,26.4,7.6,24.12,16:50,5.04,0.0,
2022-09-23,22.4,12.2,20.88,18:40,5.04,0.6,
2022-09-23,22.4,12.2,20.88,18:40,5.04,0.6,
2022-09-24,17.6,9.6,33.12,11:20,3.96,0.4,
2022-09-24,17.6,9.6,33.12,11:20,3.96,0.4,
2022-09-25,17.4,6.1,30.96,13:20,7.92,0.0,
2022-09-25,17.4,6.1,30.96,13:20,7.92,0.0,
2022-09-26,19.4,5.2,20.88,15:00,3.96,0.4,
2022-09-26,19.4,5.2,20.88,15:00,3.96,0.4,
2022-09-27,21.6,11.1,24.12,15:20,5.04,0.4,
2022-09-27,21.6,11.1,24.12,15:20,5.04,0.4,
2022-09-28,17.0,11.6,28.08,12:00,6.84,3.8,
2022-09-28,17.0,11.6,28.08,12:00,6.84,3.8,
2022-09-29,17.1,7.7,32.04,17:20,2.88,7.6,
2022-09-29,17.1,7.7,32.04,17:20,2.88,7.6,
2022-09-30,17.6,8.2,15.12,14:20,2.16,0.0,
2022-09-30,17.6,8.2,15.12,14:20,2.16,0.0,
2022-10-01,24.1,13.0,19.08,13:00,6.12,0.0,
2022-10-01,24.1,13.0,19.08,13:00,6.12,0.0,
2022-10-02,25.7,12.4,21.96,16:30,3.96,0.0,
2022-10-02,25.7,12.4,21.96,16:30,3.96,0.0,
2022-10-03,29.5,11.2,15.84,14:50,3.96,0.0,
2022-10-03,29.5,11.2,15.84,14:50,3.96,0.0,
2022-10-04,28.4,7.7,21.96,Varias,3.96,0.0,
2022-10-04,28.4,7.7,21.96,Varias,3.96,0.0,
2022-10-05,24.6,5.5,27.0,18:40,3.96,0.0,
2022-10-05,24.6,5.5,27.0,18:40,3.96,0.0,
2022-10-06,21.4,13.7,29.88,03:10,6.12,0.0,
2022-10-06,21.4,13.7,29.88,03:10,6.12,0.0,
2022-10-07,24.0,12.8,29.88,17:10,6.12,0.0,
2022-10-07,24.0,12.8,29.88,17:10,6.12,0.0,
2022-10-08,21.2,10.9,28.08,12:50,2.88,0.0,
2022-10-08,21.2,10.9,28.08,12:50,2.88,0.0,
2022-10-09,21.2,6.6,24.84,12:20,6.12,3.6,
2022-10-09,21.2,6.6,24.84,12:20,6.12,3.6,
2022-10-10,21.3,11.7,19.08,01:40,2.88,2.4,
2022-10-10,21.3,11.7,19.08,01:40,2.88,2.4,
2022-10-11,21.7,11.1,25.92,17:20,5.04,0.0,
2022-10-11,21.7,11.1,25.92,17:20,5.04,0.0,
2022-10-12,23.3,12.9,21.96,16:40,5.04,0.0,
2022-10-12,23.3,12.9,21.96,16:40,5.04,0.0,
2022-10-13,21.8,11.9,20.88,11:30,5.04,0.2,
2022-10-13,21.8,11.9,20.88,11:30,5.04,0.2,
2022-10-14,22.1,13.7,29.16,13:00,9.0,0.0,
2022-10-14,22.1,13.7,29.16,13:00,9.0,0.0,
2022-10-15,19.3,15.0,27.0,03:10,7.92,0.0,
2022-10-15,19.3,15.0,27.0,03:10,7.92,0.0,
2022-10-16,21.5,11.6,46.08,11:30,11.88,45.0,
2022-10-16,21.5,11.6,46.08,11:30,11.88,45.0,
2022-10-17,19.9,11.2,27.0,13:10,6.12,0.2,
2022-10-17,19.9,11.2,27.0,13:10,6.12,0.2,
2022-10-18,24.2,8.9,54.0,11:20,9.0,19.2,
2022-10-18,24.2,8.9,54.0,11:20,9.0,19.2,
2022-10-19,19.2,12.1,47.88,08:40,11.16,11.0,
2022-10-19,19.2,12.1,47.88,08:40,11.16,11.0,
2022-10-20,17.2,12.0,45.0,17:10,10.08,15.2,
2022-10-20,17.2,12.0,45.0,17:10,10.08,15.2,
2022-10-21,16.8,12.2,54.0,13:40,11.88,0.2,
2022-10-21,16.8,12.2,54.0,13:40,11.88,0.2,
2022-10-22,18.9,11.5,55.08,10:40,11.16,13.8,
2022-10-22,18.9,11.5,55.08,10:40,11.16,13.8,
2022-10-23,17.2,10.2,57.96,03:50,15.84,3.4,
2022-10-23,17.2,10.2,57.96,03:50,15.84,3.4,
2022-10-24,18.1,11.3,33.84,11:50,6.12,0.6,
2022-10-24,18.1,11.3,33.84,11:50,6.12,0.6,
2022-10-25,17.9,13.9,43.92,12:50,11.16,4.2,
2022-10-25,17.9,13.9,43.92,12:50,11.16,4.2,
2022-10-26,21.6,13.6,42.12,00:10,7.92,0.2,
2022-10-26,21.6,13.6,42.12,00:10,7.92,0.2,
2022-10-27,22.6,17.0,50.04,15:30,14.04,26.8,
2022-10-27,22.6,17.0,50.04,15:30,14.04,26.8,
2022-10-28,18.7,14.7,60.84,16:10,11.88,20.4,
2022-10-28,18.7,14.7,60.84,16:10,11.88,20.4,
2022-10-29,15.4,11.8,55.08,02:40,10.08,19.2,
2022-10-29,15.4,11.8,55.08,02:40,10.08,19.2,
2022-10-30,18.5,7.2,27.0,09:30,6.12,9.0,
2022-10-30,18.5,7.2,27.0,09:30,6.12,9.0,
2022-10-31,18.2,7.3,41.04,12:50,11.16,12.6,
2022-10-31,18.2,7.3,41.04,12:50,11.16,12.6,
2022-11-01,16.7,6.7,29.88,10:40,7.92,0.0,
2022-11-01,16.7,6.7,29.88,10:40,7.92,0.0,
2022-11-02,15.1,5.6,29.16,23:59,5.04,3.0,
2022-11-02,15.1,5.6,29.16,23:59,5.04,3.0,
2022-11-03,15.9,6.4,50.04,03:00,7.92,2.4,
2022-11-03,15.9,6.4,50.04,03:00,7.92,2.4,
2022-11-04,15.6,3.1,12.96,00:10,2.88,0.0,
2022-11-04,15.6,3.1,12.96,00:10,2.88,0.0,
2022-11-05,17.7,-0.3,20.88,12:10,3.96,2.2,
2022-11-05,17.7,-0.3,20.88,12:10,3.96,2.2,
2022-11-06,16.6,9.9,37.08,15:00,9.0,0.2,
2022-11-06,16.6,9.9,37.08,15:00,9.0,0.2,
2022-11-07,17.2,11.8,55.08,15:10,12.96,11.8,
2022-11-07,17.2,11.8,55.08,15:10,12.96,11.8,
2022-11-08,15.6,11.0,43.92,01:10,11.88,6.0,
2022-11-08,15.6,11.0,43.92,01:10,11.88,6.0,
2022-11-09,15.7,10.2,24.12,00:30,3.96,0.2,
2022-11-09,15.7,10.2,24.12,00:30,3.96,0.2,
2022-11-10,19.5,6.6,27.0,11:40,6.12,0.0,
2022-11-10,19.5,6.6,27.0,11:40,6.12,0.0,
2022-11-11,20.0,2.6,15.12,21:40,2.88,0.0,
2022-11-11,20.0,2.6,15.12,21:40,2.88,0.0,
2022-11-12,20.0,3.3,20.16,11:30,5.04,0.0,
2022-11-12,20.0,3.3,20.16,11:30,5.04,0.0,
2022-11-13,19.4,9.1,37.08,11:40,10.08,7.2,
2022-11-13,19.4,9.1,37.08,11:40,10.08,7.2,
2022-11-14,14.1,6.7,41.04,22:40,9.0,9.4,
2022-11-14,14.1,6.7,41.04,22:40,9.0,9.4,
2022-11-15,13.8,9.9,50.04,04:20,12.96,2.4,
2022-11-15,13.8,9.9,50.04,04:20,12.96,2.4,
2022-11-16,15.6,10.1,48.96,15:30,15.84,2.0,
2022-11-16,15.6,10.1,48.96,15:30,15.84,2.0,
2022-11-17,14.7,8.3,41.04,13:50,11.16,6.2,
2022-11-17,14.7,8.3,41.04,13:50,11.16,6.2,
2022-11-18,10.5,5.6,28.08,19:20,7.92,11.4,
2022-11-18,10.5,5.6,28.08,19:20,7.92,11.4,
2022-11-19,9.4,5.5,29.16,20:50,5.04,7.2,
2022-11-19,9.4,5.5,29.16,20:50,5.04,7.2,
2022-11-20,15.5,9.3,29.16,22:10,5.04,9.2,
2022-11-20,15.5,9.3,29.16,22:10,5.04,9.2,
2022-11-21,14.7,4.9,43.92,02:00,11.16,0.0,
2022-11-21,14.7,4.9,43.92,02:00,11.16,0.0,
2022-11-22,15.1,5.2,42.12,22:30,10.08,0.0,
2022-11-22,15.1,5.2,42.12,22:30,10.08,0.0,
2022-11-23,15.0,9.7,47.88,04:10,11.88,0.0,
2022-11-23,15.0,9.7,47.88,04:10,11.88,0.0,
2022-11-24,13.8,8.2,29.88,18:10,10.08,0.0,
2022-11-24,13.8,8.2,29.88,18:10,10.08,0.0,
2022-11-25,14.1,3.4,20.88,04:00,6.12,0.0,
2022-11-25,14.1,3.4,20.88,04:00,6.12,0.0,
2022-11-26,16.0,2.8,33.12,14:50,9.0,0.0,
2022-11-26,16.0,2.8,33.12,14:50,9.0,0.0,
2022-11-27,11.1,6.4,34.92,11:50,7.92,0.0,
2022-11-27,11.1,6.4,34.92,11:50,7.92,0.0,
2022-11-28,12.6,6.3,25.92,Varias,7.92,0.0,
2022-11-28,12.6,6.3,25.92,Varias,7.92,0.0,
2022-11-29,12.5,6.8,15.12,21:30,3.96,0.0,
2022-11-29,12.5,6.8,15.12,21:30,3.96,0.0,
2022-11-30,10.6,3.6,16.92,07:50,2.16,0.0,
2022-11-30,10.6,3.6,16.92,07:50,2.16,0.0,
2022-12-01,12.9,0.3,27.0,12:20,3.96,0.0,
2022-12-01,12.9,0.3,27.0,12:20,3.96,0.0,
2022-12-02,9.3,-2.6,12.96,00:10,2.88,0.0,
2022-12-02,9.3,-2.6,12.96,00:10,2.88,0.0,
2022-12-03,9.3,-3.1,28.08,12:30,7.92,0.0,
2022-12-03,9.3,-3.1,28.08,12:30,7.92,0.0,
2022-12-04,5.8,-3.3,7.92,03:00,1.08,0.4,
2022-12-04,5.8,-3.3,7.92,03:00,1.08,0.4,
2022-12-05,10.5,-0.8,9.0,11:20,2.88,0.0,
2022-12-05,10.5,-0.8,9.0,11:20,2.88,0.0,
2022-12-06,13.7,3.2,11.16,13:40,1.08,0.0,
2022-12-06,13.7,3.2,11.16,13:40,1.08,0.0,
2022-12-07,13.5,5.7,15.84,06:40,3.96,3.2,
2022-12-07,13.5,5.7,15.84,06:40,3.96,3.2,
2022-12-08,14.5,5.7,11.88,03:10,2.16,2.8,
2022-12-08,14.5,5.7,11.88,03:10,2.16,2.8,
2022-12-09,9.6,5.8,36.0,16:20,6.84,0.0,
2022-12-09,9.6,5.8,36.0,16:20,6.84,0.0,
2022-12-10,8.7,-0.3,21.96,00:20,2.88,2.2,
2022-12-10,8.7,-0.3,21.96,00:20,2.88,2.2,
2022-12-11,9.1,1.6,14.04,Varias,2.88,7.2,
2022-12-11,9.1,1.6,14.04,Varias,2.88,7.2,
2022-12-12,15.5,6.5,56.16,15:10,14.04,27.2,
2022-12-12,15.5,6.5,56.16,15:10,14.04,27.2,
2022-12-13,15.9,11.7,33.12,05:50,6.84,1.2,
2022-12-13,15.9,11.7,33.12,05:50,6.84,1.2,
2022-12-14,16.3,9.5,43.92,12:30,10.08,1.0,
2022-12-14,16.3,9.5,43.92,12:30,10.08,1.0,
2022-12-15,12.6,6.1,27.0,12:00,5.04,0.8,
2022-12-15,12.6,6.1,27.0,12:00,5.04,0.8,
2022-12-16,11.3,2.4,27.0,15:20,3.96,0.0,
2022-12-16,11.3,2.4,27.0,15:20,3.96,0.0,
2022-12-17,13.1,1.3,25.92,15:00,3.96,0.0,
2022-12-17,13.1,1.3,25.92,15:00,3.96,0.0,
2022-12-18,15.3,8.3,55.08,20:20,12.96,0.0,
2022-12-18,15.3,8.3,55.08,20:20,12.96,0.0,
2022-12-19,13.7,11.5,54.0,02:50,11.16,53.0,
2022-12-19,13.7,11.5,54.0,02:50,11.16,53.0,
2022-12-20,15.6,9.9,34.92,13:20,7.92,2.0,
2022-12-20,15.6,9.9,34.92,13:20,7.92,2.0,
2022-12-21,14.7,11.2,41.04,10:20,12.96,1.8,
2022-12-21,14.7,11.2,41.04,10:20,12.96,1.8,
2022-12-22,15.6,12.7,43.92,14:20,12.96,1.8,
2022-12-22,15.6,12.7,43.92,14:20,12.96,1.8,
2022-12-23,14.8,10.5,52.92,01:40,19.08,3.2,
2022-12-23,14.8,10.5,52.92,01:40,19.08,3.2,
2022-12-24,13.7,9.0,46.08,06:30,11.88,36.6,
2022-12-24,13.7,9.0,46.08,06:30,11.88,36.6,
2022-12-25,13.2,8.5,37.08,02:10,10.08,9.4,
2022-12-25,13.2,8.5,37.08,02:10,10.08,9.4,
2022-12-26,13.2,3.4,23.04,01:30,2.88,0.2,
2022-12-26,13.2,3.4,23.04,01:30,2.88,0.2,
2022-12-27,12.8,3.1,24.84,22:10,2.16,0.0,
2022-12-27,12.8,3.1,24.84,22:10,2.16,0.0,
2022-12-28,12.1,7.8,42.12,13:30,12.96,10.4,
2022-12-28,12.1,7.8,42.12,13:30,12.96,10.4,
2022-12-29,11.8,9.5,36.0,23:50,6.84,10.2,
2022-12-29,11.8,9.5,36.0,23:50,6.84,10.2,
2022-12-30,15.7,11.8,63.0,16:40,20.16,0.0,
2022-12-30,15.7,11.8,63.0,16:40,20.16,0.0,
2022-12-31,17.3,8.9,64.08,11:40,19.08,33.6,
2022-12-31,17.3,8.9,64.08,11:40,19.08,33.6,
2023-01-01,11.4,6.8,42.84,10:30,10.08,47.8,
2023-01-01,11.4,6.8,42.84,10:30,10.08,47.8,
2023-01-02,12.0,2.7,24.84,10:40,6.12,0.0,
2023-01-02,12.0,2.7,24.84,10:40,6.12,0.0,
2023-01-03,12.1,1.8,27.0,12:10,7.92,0.2,
2023-01-03,12.1,1.8,27.0,12:10,7.92,0.2,
2023-01-04,14.7,6.4,24.12,10:50,6.12,0.0,
2023-01-04,14.7,6.4,24.12,10:50,6.12,0.0,
2023-01-05,14.6,1.5,18.0,13:00,2.88,0.2,
2023-01-05,14.6,1.5,18.0,13:00,2.88,0.2,
2023-01-06,12.3,2.3,34.92,21:50,9.0,11.0,
2023-01-06,12.3,2.3,34.92,21:50,9.0,11.0,
2023-01-07,12.1,8.3,50.04,04:40,12.96,27.6,
2023-01-07,12.1,8.3,50.04,04:40,12.96,27.6,
2023-01-08,11.6,6.6,42.84,13:00,14.04,4.8,
2023-01-08,11.6,6.6,42.84,13:00,14.04,4.8,
2023-01-09,12.1,4.2,27.0,15:00,6.12,0.0,
2023-01-09,12.1,4.2,27.0,15:00,6.12,0.0,
2023-01-10,12.5,8.1,42.84,Varias,10.08,10.0,
2023-01-10,12.5,8.1,42.84,Varias,10.08,10.0,
2023-01-11,13.5,3.9,29.16,01:40,2.88,0.2,
2023-01-11,13.5,3.9,29.16,01:40,2.88,0.2,
2023-01-12,9.3,2.8,33.12,18:30,10.08,0.0,
2023-01-12,9.3,2.8,33.12,18:30,10.08,0.0,
2023-01-13,14.4,8.7,27.0,04:20,9.0,0.0,
2023-01-13,14.4,8.7,27.0,04:20,9.0,0.0,
2023-01-14,14.1,7.6,52.92,13:10,15.12,9.4,
2023-01-14,14.1,7.6,52.92,13:10,15.12,9.4,
2023-01-15,9.2,2.1,43.92,23:10,11.16,16.4,
2023-01-15,9.2,2.1,43.92,23:10,11.16,16.4,
2023-01-16,10.5,7.4,55.08,18:00,19.08,29.2,
2023-01-16,10.5,7.4,55.08,18:00,19.08,29.2,
2023-01-17,9.7,0.9,65.88,13:20,9.0,16.8,
2023-01-17,9.7,0.9,65.88,13:20,9.0,16.8,
2023-01-18,5.7,0.6,29.16,16:10,2.16,12.4,
2023-01-18,5.7,0.6,29.16,16:10,2.16,12.4,
2023-01-19,10.3,0.8,38.88,12:00,11.16,17.4,
2023-01-19,10.3,0.8,38.88,12:00,11.16,17.4,
2023-01-20,11.5,8.1,15.84,Varias,2.88,2.2,
2023-01-20,11.5,8.1,15.84,Varias,2.88,2.2,
2023-01-21,11.4,0.0,24.84,11:40,2.88,0.4,
2023-01-21,11.4,0.0,24.84,11:40,2.88,0.4,
2023-01-22,7.8,-2.0,19.08,16:10,3.96,0.0,
2023-01-22,7.8,-2.0,19.08,16:10,3.96,0.0,
2023-01-23,8.1,-3.7,29.88,13:40,7.92,0.0,
2023-01-23,8.1,-3.7,29.88,13:40,7.92,0.0,
2023-01-24,6.2,1.1,32.04,13:10,6.84,0.0,
2023-01-24,6.2,1.1,32.04,13:10,6.84,0.0,
2023-01-25,10.1,-1.5,32.04,11:10,6.12,0.2,
2023-01-25,10.1,-1.5,32.04,11:10,6.12,0.2,
2023-01-26,9.0,3.0,36.0,11:50,3.96,7.2,
2023-01-26,9.0,3.0,36.0,11:50,3.96,7.2,
2023-01-27,8.3,1.8,33.84,13:30,6.12,1.8,
2023-01-27,8.3,1.8,33.84,13:30,6.12,1.8,
2023-01-28,7.0,0.1,38.16,15:00,6.12,0.2,
2023-01-28,7.0,0.1,38.16,15:00,6.12,0.2,
2023-01-29,8.7,-1.6,33.12,15:10,6.12,0.0,
2023-01-29,8.7,-1.6,33.12,15:10,6.12,0.0,
2023-01-30,10.1,-3.3,20.88,13:10,3.96,0.0,
2023-01-30,10.1,-3.3,20.88,13:10,3.96,0.0,
2023-01-31,10.7,-4.0,20.88,13:40,2.88,0.0,
2023-01-31,10.7,-4.0,20.88,13:40,2.88,0.0,
2023-02-01,12.3,-1.7,25.92,13:00,6.84,0.0,
2023-02-01,12.3,-1.7,25.92,13:00,6.84,0.0,
2023-02-02,12.6,-3.0,15.84,14:40,2.16,0.2,
2023-02-02,12.6,-3.0,15.84,14:40,2.16,0.2,
2023-02-03,13.5,-2.9,9.0,18:40,2.88,0.0,
2023-02-03,13.5,-2.9,9.0,18:40,2.88,0.0,
2023-02-04,14.6,-4.3,28.08,23:30,2.88,0.0,
2023-02-04,14.6,-4.3,28.08,23:30,2.88,0.0,
2023-02-05,13.3,-0.1,32.04,11:40,7.92,0.0,
2023-02-05,13.3,-0.1,32.04,11:40,7.92,0.0,
2023-02-06,11.5,-1.9,39.96,12:10,6.12,0.2,
2023-02-06,11.5,-1.9,39.96,12:10,6.12,0.2,
2023-02-07,10.3,-4.0,39.96,13:40,7.92,0.0,
2023-02-07,10.3,-4.0,39.96,13:40,7.92,0.0,
2023-02-08,14.4,-3.0,29.16,12:20,9.0,0.0,
2023-02-08,14.4,-3.0,29.16,12:20,9.0,0.0,
2023-02-09,12.6,-3.2,29.88,14:00,7.92,0.0,
2023-02-09,12.6,-3.2,29.88,14:00,7.92,0.0,
2023-02-10,13.8,-3.5,21.96,15:30,2.88,0.2,
2023-02-10,13.8,-3.5,21.96,15:30,2.88,0.2,
2023-02-11,14.4,-6.4,12.96,19:30,2.88,0.0,
2023-02-11,14.4,-6.4,12.96,19:30,2.88,0.0,
2023-02-12,15.9,-4.7,25.92,13:30,2.88,0.0,
2023-02-12,15.9,-4.7,25.92,13:30,2.88,0.0,
2023-02-13,17.4,1.2,27.0,13:20,3.96,0.0,
2023-02-13,17.4,1.2,27.0,13:20,3.96,0.0,
2023-02-14,18.5,0.9,34.92,14:00,5.04,0.0,
2023-02-14,18.5,0.9,34.92,14:00,5.04,0.0,
2023-02-15,18.3,0.6,16.92,01:40,2.88,0.0,
2023-02-15,18.3,0.6,16.92,01:40,2.88,0.0,
2023-02-16,18.3,0.0,21.96,17:10,3.96,0.0,
2023-02-16,18.3,0.0,21.96,17:10,3.96,0.0,
2023-02-17,19.6,-0.1,15.84,15:30,2.16,0.0,
2023-02-17,19.6,-0.1,15.84,15:30,2.16,0.0,
2023-02-18,19.8,1.1,20.88,16:40,2.88,0.0,
2023-02-18,19.8,1.1,20.88,16:40,2.88,0.0,
2023-02-19,16.1,0.6,24.12,15:50,6.84,0.0,
2023-02-19,16.1,0.6,24.12,15:50,6.84,0.0,
2023-02-20,16.2,4.6,11.88,22:40,1.08,1.8,
2023-02-20,16.2,4.6,11.88,22:40,1.08,1.8,
2023-02-21,15.3,8.3,28.08,17:40,7.92,2.6,
2023-02-21,15.3,8.3,28.08,17:40,7.92,2.6,
2023-02-22,11.3,3.6,25.92,13:50,2.16,10.6,
2023-02-22,11.3,3.6,25.92,13:50,2.16,10.6,
2023-02-23,7.0,0.1,32.04,12:40,2.88,4.6,
2023-02-23,7.0,0.1,32.04,12:40,2.88,4.6,
2023-02-24,7.8,-0.9,20.16,13:10,5.04,6.8,
2023-02-24,7.8,-0.9,20.16,13:10,5.04,6.8,
2023-02-25,10.0,1.6,18.0,10:50,3.96,1.4,
2023-02-25,10.0,1.6,18.0,10:50,3.96,1.4,
2023-02-26,9.4,-0.4,37.08,19:50,6.12,0.2,
2023-02-26,9.4,-0.4,37.08,19:50,6.12,0.2,
2023-02-27,8.2,-0.7,39.96,12:20,10.08,0.0,
2023-02-27,8.2,-0.7,39.96,12:20,10.08,0.0,
2023-02-28,7.9,-3.0,33.12,11:00,5.04,0.0,
2023-02-28,7.9,-3.0,33.12,11:00,5.04,0.0,
2023-03-01,7.9,-3.1,28.08,14:40,5.04,2.2,
2023-03-01,7.9,-3.1,28.08,14:40,5.04,2.2,
2023-03-02,11.8,-4.7,18.0,17:00,3.96,0.0,
2023-03-02,11.8,-4.7,18.0,17:00,3.96,0.0,
2023-03-03,13.0,-4.3,29.88,15:40,3.96,0.0,
2023-03-03,13.0,-4.3,29.88,15:40,3.96,0.0,
2023-03-04,14.8,-2.9,24.84,17:00,5.04,0.0,
2023-03-04,14.8,-2.9,24.84,17:00,5.04,0.0,
2023-03-05,15.2,-1.5,29.16,12:20,6.12,0.8,
2023-03-05,15.2,-1.5,29.16,12:20,6.12,0.8,
2023-03-06,15.2,2.1,28.08,11:20,3.96,1.8,
2023-03-06,15.2,2.1,28.08,11:20,3.96,1.8,
2023-03-07,12.5,9.4,54.0,19:20,15.12,3.0,
2023-03-07,12.5,9.4,54.0,19:20,15.12,3.0,
2023-03-08,16.1,11.3,61.92,15:00,16.92,12.4,
2023-03-08,16.1,11.3,61.92,15:00,16.92,12.4,
2023-03-09,14.9,10.3,56.16,09:30,16.92,5.8,
2023-03-09,14.9,10.3,56.16,09:30,16.92,5.8,
2023-03-10,18.0,9.8,47.16,12:40,15.12,0.4,
2023-03-10,18.0,9.8,47.16,12:40,15.12,0.4,
2023-03-11,15.9,12.4,45.0,02:10,15.12,2.4,
2023-03-11,15.9,12.4,45.0,02:10,15.12,2.4,
2023-03-12,18.7,12.7,43.92,20:40,14.04,0.0,
2023-03-12,18.7,12.7,43.92,20:40,14.04,0.0,
2023-03-13,14.6,8.2,66.96,11:10,16.92,7.6,
2023-03-13,14.6,8.2,66.96,11:10,16.92,7.6,
2023-03-14,15.5,5.4,34.92,14:00,12.96,0.0,
2023-03-14,15.5,5.4,34.92,14:00,12.96,0.0,
2023-03-15,22.1,4.4,30.96,15:20,6.84,0.0,
2023-03-15,22.1,4.4,30.96,15:20,6.84,0.0,
2023-03-16,19.5,4.7,51.84,11:30,11.16,5.6,
2023-03-16,19.5,4.7,51.84,11:30,11.16,5.6,
2023-03-17,13.7,8.3,48.96,14:10,14.04,8.4,
2023-03-17,13.7,8.3,48.96,14:10,14.04,8.4,
2023-03-18,15.9,8.1,34.92,01:40,7.92,0.6,
2023-03-18,15.9,8.1,34.92,01:40,7.92,0.6,
2023-03-19,18.0,6.3,16.92,15:20,3.96,0.0,
2023-03-19,18.0,6.3,16.92,15:20,3.96,0.0,
2023-03-20,21.9,2.6,33.12,13:00,7.92,0.0,
2023-03-20,21.9,2.6,33.12,13:00,7.92,0.0,
2023-03-21,19.6,7.6,28.08,15:50,9.0,0.0,
2023-03-21,19.6,7.6,28.08,15:50,9.0,0.0,
2023-03-22,14.6,8.2,38.88,10:40,14.04,0.0,
2023-03-22,14.6,8.2,38.88,10:40,14.04,0.0,
2023-03-23,16.2,10.9,52.92,Varias,19.08,11.8,
2023-03-23,16.2,10.9,52.92,Varias,19.08,11.8,
2023-03-24,16.5,6.9,45.0,14:30,10.08,0.0,
2023-03-24,16.5,6.9,45.0,14:30,10.08,0.0,
2023-03-25,15.2,5.4,56.16,14:40,15.12,2.8,
2023-03-25,15.2,5.4,56.16,14:40,15.12,2.8,
2023-03-26,15.6,2.4,39.96,10:10,11.16,0.0,
2023-03-26,15.6,2.4,39.96,10:10,11.16,0.0,
2023-03-27,21.1,-0.7,19.08,13:40,2.16,0.0,
2023-03-27,21.1,-0.7,19.08,13:40,2.16,0.0,
2023-03-28,24.3,6.7,37.08,17:00,9.0,0.0,
2023-03-28,24.3,6.7,37.08,17:00,9.0,0.0,
2023-03-29,24.4,12.3,69.12,14:10,19.08,0.2,
2023-03-29,24.4,12.3,69.12,14:10,19.08,0.2,
2023-03-30,18.5,11.0,66.96,18:40,19.08,0.6,
2023-03-30,18.5,11.0,66.96,18:40,19.08,0.6,
2023-03-31,16.7,9.5,46.08,13:00,20.16,2.2,
2023-03-31,16.7,9.5,46.08,13:00,20.16,2.2,
2023-04-01,16.6,1.7,34.92,14:30,10.08,0.2,
2023-04-01,16.6,1.7,34.92,14:30,10.08,0.2,
2023-04-02,17.6,0.3,27.0,16:40,2.88,0.0,
2023-04-02,17.6,0.3,27.0,16:40,2.88,0.0,
2023-04-03,17.5,-1.1,15.12,18:30,3.96,0.0,
2023-04-03,17.5,-1.1,15.12,18:30,3.96,0.0,
2023-04-04,19.7,3.2,37.08,14:30,6.84,0.0,
2023-04-04,19.7,3.2,37.08,14:30,6.84,0.0,
2023-04-05,21.5,-0.6,20.16,Varias,2.88,0.0,
2023-04-05,21.5,-0.6,20.16,Varias,2.88,0.0,
2023-04-06,20.4,-0.3,29.88,13:10,6.84,0.0,
2023-04-06,20.4,-0.3,29.88,13:10,6.84,0.0,
2023-04-07,26.5,0.8,28.08,13:40,6.12,0.0,
2023-04-07,26.5,0.8,28.08,13:40,6.12,0.0,
2023-04-08,26.8,2.6,27.0,17:30,6.12,0.0,
2023-04-08,26.8,2.6,27.0,17:30,6.12,0.0,
2023-04-09,24.4,3.3,25.92,14:10,5.04,0.0,
2023-04-09,24.4,3.3,25.92,14:10,5.04,0.0,
2023-04-10,20.3,6.5,30.96,11:30,7.92,0.8,
2023-04-10,20.3,6.5,30.96,11:30,7.92,0.8,
2023-04-11,20.4,9.9,46.08,16:40,12.96,9.0,
2023-04-11,20.4,9.9,46.08,16:40,12.96,9.0,
2023-04-12,13.5,4.9,41.04,00:10,6.84,1.0,
2023-04-12,13.5,4.9,41.04,00:10,6.84,1.0,
2023-04-13,13.5,4.5,33.84,08:50,10.08,7.2,
2023-04-13,13.5,4.5,33.84,08:50,10.08,7.2,
2023-04-14,19.2,8.2,38.88,04:00,11.16,0.2,
2023-04-14,19.2,8.2,38.88,04:00,11.16,0.2,
2023-04-15,20.4,6.9,24.12,18:00,6.84,0.0,
2023-04-15,20.4,6.9,24.12,18:00,6.84,0.0,
2023-04-16,22.6,6.1,20.88,15:10,6.12,0.0,
2023-04-16,22.6,6.1,20.88,15:10,6.12,0.0,
2023-04-17,24.9,4.5,32.04,13:50,7.92,0.0,
2023-04-17,24.9,4.5,32.04,13:50,7.92,0.0,
2023-04-18,21.5,2.1,33.12,15:40,5.04,0.0,
2023-04-18,21.5,2.1,33.12,15:40,5.04,0.0,
2023-04-19,25.7,7.6,21.96,17:10,5.04,0.0,
2023-04-19,25.7,7.6,21.96,17:10,5.04,0.0,
2023-04-20,23.0,4.8,25.92,17:30,6.12,0.0,
2023-04-20,23.0,4.8,25.92,17:30,6.12,0.0,
2023-04-21,19.0,6.1,37.08,11:20,6.84,9.6,
2023-04-21,19.0,6.1,37.08,11:20,6.84,9.6,
2023-04-22,18.2,5.6,46.08,18:00,14.04,16.2,
2023-04-22,18.2,5.6,46.08,18:00,14.04,16.2,
2023-04-23,18.4,10.6,50.04,00:40,9.0,4.8,
2023-04-23,18.4,10.6,50.04,00:40,9.0,4.8,
2023-04-24,17.7,11.6,29.88,Varias,10.08,0.4,
2023-04-24,17.7,11.6,29.88,Varias,10.08,0.4,
2023-04-25,22.1,11.0,30.96,18:50,7.92,0.0,
2023-04-25,22.1,11.0,30.96,18:50,7.92,0.0,
2023-04-26,24.6,14.2,24.84,11:50,6.12,0.0,
2023-04-26,24.6,14.2,24.84,11:50,6.12,0.0,
2023-04-27,28.1,11.9,25.92,15:30,5.04,0.0,
2023-04-27,28.1,11.9,25.92,15:30,5.04,0.0,
2023-04-28,23.7,11.6,20.88,13:10,5.04,0.0,
2023-04-28,23.7,11.6,20.88,13:10,5.04,0.0,
2023-04-29,23.3,8.7,29.88,16:00,5.04,0.0,
2023-04-29,23.3,8.7,29.88,16:00,5.04,0.0,
2023-04-30,21.6,11.3,25.92,18:00,6.84,0.0,
2023-04-30,21.6,11.3,25.92,18:00,6.84,0.0,
2023-05-01,25.9,9.7,20.16,14:50,3.96,0.0,
2023-05-01,25.9,9.7,20.16,14:50,3.96,0.0,
2023-05-02,29.3,8.2,30.96,13:10,6.12,0.0,
2023-05-02,29.3,8.2,30.96,13:10,6.12,0.0,
2023-05-03,27.7,12.1,38.88,10:20,6.12,7.0,
2023-05-03,27.7,12.1,38.88,10:20,6.12,7.0,
2023-05-04,19.8,11.6,41.04,16:20,10.08,0.6,
2023-05-04,19.8,11.6,41.04,16:20,10.08,0.6,
2023-05-05,21.8,10.6,37.08,Varias,11.88,8.4,
2023-05-05,21.8,10.6,37.08,Varias,11.88,8.4,
2023-05-06,21.7,11.6,28.08,15:10,6.12,0.0,
2023-05-06,21.7,11.6,28.08,15:10,6.12,0.0,
2023-05-07,22.8,10.5,18.0,13:20,5.04,0.0,
2023-05-07,22.8,10.5,18.0,13:20,5.04,0.0,
2023-05-08,23.6,8.2,29.16,13:30,6.12,1.4,
2023-05-08,23.6,8.2,29.16,13:30,6.12,1.4,
2023-05-09,20.1,9.0,28.08,11:40,6.12,0.0,
2023-05-09,20.1,9.0,28.08,11:40,6.12,0.0,
2023-05-10,17.7,5.0,24.12,16:00,3.96,0.0,
2023-05-10,17.7,5.0,24.12,16:00,3.96,0.0,
2023-05-11,18.9,4.1,29.88,15:00,5.04,0.0,
2023-05-11,18.9,4.1,29.88,15:00,5.04,0.0,
2023-05-12,16.1,8.0,25.92,11:00,5.04,2.4,
2023-05-12,16.1,8.0,25.92,11:00,5.04,2.4,
2023-05-13,15.7,7.6,25.92,12:50,3.96,0.0,
2023-05-13,15.7,7.6,25.92,12:50,3.96,0.0,
2023-05-14,19.7,10.0,27.0,10:50,6.84,0.0,
2023-05-14,19.7,10.0,27.0,10:50,6.84,0.0,
2023-05-15,15.5,6.0,29.16,15:30,6.84,0.0,
2023-05-15,15.5,6.0,29.16,15:30,6.84,0.0,
2023-05-16,17.8,4.1,36.0,16:00,9.0,0.0,
2023-05-16,17.8,4.1,36.0,16:00,9.0,0.0,
2023-05-17,19.6,3.6,42.12,12:40,9.0,0.0,
2023-05-17,19.6,3.6,42.12,12:40,9.0,0.0,
2023-05-18,18.8,2.1,42.12,10:30,7.92,0.0,
2023-05-18,18.8,2.1,42.12,10:30,7.92,0.0,
2023-05-19,17.5,5.6,38.88,13:20,11.16,0.0,
2023-05-19,17.5,5.6,38.88,13:20,11.16,0.0,
2023-05-20,18.2,8.4,47.88,17:20,9.0,0.0,
2023-05-20,18.2,8.4,47.88,17:20,9.0,0.0,
2023-05-21,18.3,6.6,39.96,13:00,11.88,0.0,
2023-05-21,18.3,6.6,39.96,13:00,11.88,0.0,
2023-05-22,20.7,6.9,43.92,15:20,11.16,0.0,
2023-05-22,20.7,6.9,43.92,15:20,11.16,0.0,
2023-05-23,21.5,12.1,48.96,14:30,11.88,0.0,
2023-05-23,21.5,12.1,48.96,14:30,11.88,0.0,
2023-05-24,20.9,11.7,38.88,12:50,12.96,0.0,
2023-05-24,20.9,11.7,38.88,12:50,12.96,0.0,
2023-05-25,21.7,10.8,46.08,18:30,12.96,0.0,
2023-05-25,21.7,10.8,46.08,18:30,12.96,0.0,
2023-05-26,22.1,8.4,38.88,00:10,14.04,0.6,
2023-05-26,22.1,8.4,38.88,00:10,14.04,0.6,
2023-05-27,26.8,10.1,29.88,14:40,2.88,0.4,
2023-05-27,26.8,10.1,29.88,14:40,2.88,0.4,
2023-05-28,26.4,10.6,34.92,13:30,2.88,1.2,
2023-05-28,26.4,10.6,34.92,13:30,2.88,1.2,
2023-05-29,25.9,12.4,33.12,15:40,6.84,0.4,
2023-05-29,25.9,12.4,33.12,15:40,6.84,0.4,
2023-05-30,25.1,12.0,28.08,13:30,2.16,2.2,
2023-05-30,25.1,12.0,28.08,13:30,2.16,2.2,
2023-05-31,23.9,14.4,27.0,15:50,3.96,0.4,
2023-05-31,23.9,14.4,27.0,15:50,3.96,0.4,
2023-06-01,24.1,11.7,30.96,14:40,7.92,0.0,
2023-06-01,24.1,11.7,30.96,14:40,7.92,0.0,
2023-06-02,25.3,9.4,29.88,16:20,5.04,0.0,
2023-06-02,25.3,9.4,29.88,16:20,5.04,0.0,
2023-06-03,26.2,13.4,47.16,14:00,2.88,7.4,
2023-06-03,26.2,13.4,47.16,14:00,2.88,7.4,
2023-06-04,25.6,13.8,56.16,14:30,6.12,53.2,
2023-06-04,25.6,13.8,56.16,14:30,6.12,53.2,
2023-06-05,27.3,12.1,29.16,17:00,6.12,0.0,
2023-06-05,27.3,12.1,29.16,17:00,6.12,0.0,
2023-06-06,28.7,10.5,45.0,16:40,3.96,2.2,
2023-06-06,28.7,10.5,45.0,16:40,3.96,2.2,
2023-06-07,21.7,15.7,29.16,02:40,2.88,5.2,
2023-06-07,21.7,15.7,29.16,02:40,2.88,5.2,
2023-06-08,25.9,15.4,27.0,10:30,5.04,8.0,
2023-06-08,25.9,15.4,27.0,10:30,5.04,8.0,
2023-06-09,22.0,15.5,39.96,10:10,9.0,3.0,
2023-06-09,22.0,15.5,39.96,10:10,9.0,3.0,
2023-06-10,22.5,13.1,29.16,08:30,6.12,0.0,
2023-06-10,22.5,13.1,29.16,08:30,6.12,0.0,
2023-06-11,24.9,11.1,24.12,13:20,5.04,1.2,
2023-06-11,24.9,11.1,24.12,13:20,5.04,1.2,
2023-06-12,24.7,12.3,47.88,13:30,3.96,20.8,
2023-06-12,24.7,12.3,47.88,13:30,3.96,20.8,
2023-06-13,21.6,11.8,21.96,13:10,5.04,0.0,
2023-06-13,21.6,11.8,21.96,13:10,5.04,0.0,
2023-06-14,25.4,11.5,24.12,16:40,6.12,0.0,
2023-06-14,25.4,11.5,24.12,16:40,6.12,0.0,
2023-06-15,28.8,11.1,20.88,16:50,3.96,0.0,
2023-06-15,28.8,11.1,20.88,16:50,3.96,0.0,
2023-06-16,30.6,14.4,25.92,12:40,3.96,0.0,
2023-06-16,30.6,14.4,25.92,12:40,3.96,0.0,
2023-06-17,26.2,13.8,20.88,16:40,3.96,1.2,
2023-06-17,26.2,13.8,20.88,16:40,3.96,1.2,
2023-06-18,23.0,15.2,23.04,11:10,6.84,12.6,
2023-06-18,23.0,15.2,23.04,11:10,6.84,12.6,
2023-06-19,21.6,14.4,28.08,17:10,6.12,4.0,
2023-06-19,21.6,14.4,28.08,17:10,6.12,4.0,
2023-06-20,23.5,13.5,21.96,11:20,5.04,0.0,
2023-06-20,23.5,13.5,21.96,11:20,5.04,0.0,
2023-06-21,22.8,12.1,25.92,16:50,5.04,0.0,
2023-06-21,22.8,12.1,25.92,16:50,5.04,0.0,
2023-06-22,26.9,13.4,20.16,17:50,6.84,0.0,
2023-06-22,26.9,13.4,20.16,17:50,6.84,0.0,
2023-06-23,30.1,14.9,20.88,15:40,3.96,0.0,
2023-06-23,30.1,14.9,20.88,15:40,3.96,0.0,
2023-06-24,34.0,16.5,24.84,14:20,5.04,0.0,
2023-06-24,34.0,16.5,24.84,14:20,5.04,0.0,
2023-06-25,27.3,14.9,28.08,16:50,5.04,0.0,
2023-06-25,27.3,14.9,28.08,16:50,5.04,0.0,
2023-06-26,23.8,15.9,30.96,15:50,6.84,0.0,
2023-06-26,23.8,15.9,30.96,15:50,6.84,0.0,
2023-06-27,25.0,13.7,37.08,13:40,6.12,0.0,
2023-06-27,25.0,13.7,37.08,13:40,6.12,0.0,
2023-06-28,25.1,14.1,28.08,15:30,6.84,0.0,
2023-06-28,25.1,14.1,28.08,15:30,6.84,0.0,
2023-06-29,18.4,11.2,38.88,13:40,7.92,0.2,
2023-06-29,18.4,11.2,38.88,13:40,7.92,0.2,
2023-06-30,23.6,9.7,20.88,17:50,6.12,0.0,
2023-06-30,23.6,9.7,20.88,17:50,6.12,0.0,
2023-07-01,26.7,15.4,29.88,17:30,6.84,0.0,
2023-07-01,26.7,15.4,29.88,17:30,6.84,0.0,
2023-07-02,25.1,16.1,30.96,17:10,6.84,0.0,
2023-07-02,25.1,16.1,30.96,17:10,6.84,0.0,
2023-07-03,24.6,15.1,23.04,16:40,6.84,0.0,
2023-07-03,24.6,15.1,23.04,16:40,6.84,0.0,
2023-07-04,24.5,13.1,24.12,14:30,6.12,0.0,
2023-07-04,24.5,13.1,24.12,14:30,6.12,0.0,
2023-07-05,24.7,13.2,20.16,18:00,5.04,0.0,
2023-07-05,24.7,13.2,20.16,18:00,5.04,0.0,
2023-07-06,26.5,12.8,20.88,16:40,3.96,0.0,
2023-07-06,26.5,12.8,20.88,16:40,3.96,0.0,
2023-07-07,28.7,13.0,42.84,15:20,11.16,1.6,
2023-07-07,28.7,13.0,42.84,15:20,11.16,1.6,
2023-07-08,24.0,14.3,27.0,14:30,9.0,0.2,
2023-07-08,24.0,14.3,27.0,14:30,9.0,0.2,
2023-07-09,24.4,10.5,21.96,08:30,5.04,0.0,
2023-07-09,24.4,10.5,21.96,08:30,5.04,0.0,
2023-07-10,30.6,10.3,24.12,17:30,2.88,0.0,
2023-07-10,30.6,10.3,24.12,17:30,2.88,0.0,
2023-07-11,26.7,15.9,24.84,15:40,5.04,0.2,
2023-07-11,26.7,15.9,24.84,15:40,5.04,0.2,
2023-07-12,26.1,12.4,24.84,15:20,6.84,0.0,
2023-07-12,26.1,12.4,24.84,15:20,6.84,0.0,
2023-07-13,29.0,11.1,20.16,15:20,3.96,0.0,
2023-07-13,29.0,11.1,20.16,15:20,3.96,0.0,
2023-07-14,23.8,10.8,39.96,12:30,14.04,5.0,
2023-07-14,23.8,10.8,39.96,12:30,14.04,5.0,
2023-07-15,21.9,11.0,32.04,06:40,10.08,0.0,
2023-07-15,21.9,11.0,32.04,06:40,10.08,0.0,
2023-07-16,22.8,7.5,24.12,19:10,3.96,0.0,
2023-07-16,22.8,7.5,24.12,19:10,3.96,0.0,
2023-07-17,25.1,7.5,27.0,17:50,5.04,0.0,
2023-07-17,25.1,7.5,27.0,17:50,5.04,0.0,
2023-07-18,27.9,15.3,29.88,17:00,6.12,0.0,
2023-07-18,27.9,15.3,29.88,17:00,6.12,0.0,
2023-07-19,24.6,14.0,29.16,17:00,6.84,0.0,
2023-07-19,24.6,14.0,29.16,17:00,6.84,0.0,
2023-07-20,25.6,12.2,25.92,17:50,6.12,0.0,
2023-07-20,25.6,12.2,25.92,17:50,6.12,0.0,
2023-07-21,24.9,9.4,29.16,14:50,5.04,0.0,
2023-07-21,24.9,9.4,29.16,14:50,5.04,0.0,
2023-07-22,25.5,12.2,24.84,15:10,5.04,0.0,
2023-07-22,25.5,12.2,24.84,15:10,5.04,0.0,
2023-07-23,23.8,11.4,33.12,15:50,7.92,1.6,
2023-07-23,23.8,11.4,33.12,15:50,7.92,1.6,
2023-07-24,21.5,12.7,24.12,15:50,6.12,0.2,
2023-07-24,21.5,12.7,24.12,15:50,6.12,0.2,
2023-07-25,23.2,11.7,20.88,12:30,5.04,0.0,
2023-07-25,23.2,11.7,20.88,12:30,5.04,0.0,
2023-07-26,28.7,9.9,21.96,Varias,5.04,0.0,
2023-07-26,28.7,9.9,21.96,Varias,5.04,0.0,
2023-07-27,27.6,15.9,23.04,19:40,5.04,0.0,
2023-07-27,27.6,15.9,23.04,19:40,5.04,0.0,
2023-07-28,25.0,16.8,34.92,13:20,11.16,2.8,
2023-07-28,25.0,16.8,34.92,13:20,11.16,2.8,
2023-07-29,26.4,16.1,24.84,16:50,5.04,2.6,
2023-07-29,26.4,16.1,24.84,16:50,5.04,2.6,
2023-07-30,28.3,14.4,20.88,19:30,5.04,0.0,
2023-07-30,28.3,14.4,20.88,19:30,5.04,0.0,
2023-07-31,27.6,13.9,25.92,15:50,6.84,0.0,
2023-07-31,27.6,13.9,25.92,15:50,6.84,0.0,
2023-08-01,28.3,16.9,29.88,10:40,11.16,0.2,
2023-08-01,28.3,16.9,29.88,10:40,11.16,0.2,
2023-08-02,24.1,14.9,32.04,14:30,7.92,4.2,
2023-08-02,24.1,14.9,32.04,14:30,7.92,4.2,
2023-08-03,22.4,11.6,29.88,15:40,6.84,0.0,
2023-08-03,22.4,11.6,29.88,15:40,6.84,0.0,
2023-08-04,22.6,10.1,32.04,14:30,5.04,0.0,
2023-08-04,22.6,10.1,32.04,14:30,5.04,0.0,
2023-08-05,28.7,7.3,32.04,17:50,6.84,0.0,
2023-08-05,28.7,7.3,32.04,17:50,6.84,0.0,
2023-08-06,23.4,13.2,41.04,15:30,7.92,0.0,
2023-08-06,23.4,13.2,41.04,15:30,7.92,0.0,
2023-08-07,27.2,10.6,27.0,17:30,6.12,0.0,
2023-08-07,27.2,10.6,27.0,17:30,6.12,0.0,
2023-08-08,32.5,13.1,24.12,16:50,5.04,0.0,
2023-08-08,32.5,13.1,24.12,16:50,5.04,0.0,
2023-08-09,35.4,13.7,30.96,18:00,9.0,0.0,
2023-08-09,35.4,13.7,30.96,18:00,9.0,0.0,
2023-08-10,31.0,14.1,24.12,13:40,6.84,0.0,
2023-08-10,31.0,14.1,24.12,13:40,6.84,0.0,
2023-08-11,31.5,14.2,27.0,13:10,6.12,0.0,
2023-08-11,31.5,14.2,27.0,13:10,6.12,0.0,
2023-08-12,28.1,12.6,25.92,17:20,6.12,0.0,
2023-08-12,28.1,12.6,25.92,17:20,6.12,0.0,
2023-08-13,27.4,10.1,25.92,15:40,5.04,0.0,
2023-08-13,27.4,10.1,25.92,15:40,5.04,0.0,
2023-08-14,27.8,12.5,24.12,17:50,6.12,0.0,
2023-08-14,27.8,12.5,24.12,17:50,6.12,0.0,
2023-08-15,26.4,15.1,27.0,17:10,5.04,0.0,
2023-08-15,26.4,15.1,27.0,17:10,5.04,0.0,
2023-08-16,25.3,17.2,29.88,16:10,5.04,0.0,
2023-08-16,25.3,17.2,29.88,16:10,5.04,0.0,
2023-08-17,30.2,15.7,30.96,14:40,6.84,0.0,
2023-08-17,30.2,15.7,30.96,14:40,6.84,0.0,
2023-08-18,29.1,18.0,51.12,14:00,15.12,3.6,
2023-08-18,29.1,18.0,51.12,14:00,15.12,3.6,
2023-08-19,22.8,18.6,24.12,01:10,3.96,13.6,
2023-08-19,22.8,18.6,24.12,01:10,3.96,13.6,
2023-08-20,25.8,17.6,27.0,16:10,6.12,0.0,
2023-08-20,25.8,17.6,27.0,16:10,6.12,0.0,
2023-08-21,30.1,18.1,24.12,15:40,3.96,0.0,
2023-08-21,30.1,18.1,24.12,15:40,3.96,0.0,
2023-08-22,29.9,18.4,19.08,Varias,6.12,0.0,
2023-08-22,29.9,18.4,19.08,Varias,6.12,0.0,
2023-08-23,39.7,17.9,23.04,73:50,3.96,0.0,
2023-08-23,39.7,17.9,23.04,73:50,3.96,0.0,
2023-08-24,33.5,18.2,29.16,15:40,6.84,0.6,
2023-08-24,33.5,18.2,29.16,15:40,6.84,0.6,
2023-08-25,21.6,14.7,20.88,18:30,2.88,0.4,
2023-08-25,21.6,14.7,20.88,18:30,2.88,0.4,
2023-08-26,22.3,11.6,29.88,13:00,5.04,1.0,
2023-08-26,22.3,11.6,29.88,13:00,5.04,1.0,
2023-08-27,22.2,10.3,29.16,13:20,5.04,0.2,
2023-08-27,22.2,10.3,29.16,13:20,5.04,0.2,
2023-08-28,23.1,14.6,27.0,14:50,5.04,4.0,
2023-08-28,23.1,14.6,27.0,14:50,5.04,4.0,
2023-08-29,24.0,14.9,24.84,12:00,6.12,0.4,
2023-08-29,24.0,14.9,24.84,12:00,6.12,0.4,
2023-08-30,24.2,13.0,16.92,14:20,5.04,0.0,
2023-08-30,24.2,13.0,16.92,14:20,5.04,0.0,
2023-08-31,28.5,13.8,24.12,17:00,3.96,0.0,
2023-08-31,28.5,13.8,24.12,17:00,3.96,0.0,
2023-09-01,21.9,12.2,23.04,Varias,6.12,3.0,
2023-09-01,21.9,12.2,23.04,Varias,6.12,3.0,
2023-09-02,18.4,14.1,33.84,12:30,5.04,0.2,
2023-09-02,18.4,14.1,33.84,12:30,5.04,0.2,
2023-09-03,25.8,13.8,24.12,15:20,5.04,1.4,
2023-09-03,25.8,13.8,24.12,15:20,5.04,1.4,
2023-09-04,27.5,14.6,36.0,14:40,6.12,0.8,
2023-09-04,27.5,14.6,36.0,14:40,6.12,0.8,
2023-09-05,25.5,16.0,42.84,10:50,5.04,0.0,
2023-09-05,25.5,16.0,42.84,10:50,5.04,0.0,
2023-09-06,30.5,13.4,29.16,12:10,5.04,0.0,
2023-09-06,30.5,13.4,29.16,12:10,5.04,0.0,
2023-09-07,31.8,14.3,34.92,20:20,6.12,3.8,
2023-09-07,31.8,14.3,34.92,20:20,6.12,3.8,
2023-09-08,29.4,13.6,33.12,18:20,6.84,23.4,
2023-09-08,29.4,13.6,33.12,18:20,6.84,23.4,
2023-09-09,24.5,14.2,69.84,13:40,2.88,7.0,
2023-09-09,24.5,14.2,69.84,13:40,2.88,7.0,
2023-09-10,26.2,11.7,34.92,17:10,6.12,11.0,
2023-09-10,26.2,11.7,34.92,17:10,6.12,11.0,
2023-09-11,24.3,13.5,20.88,Varias,6.12,0.2,
2023-09-11,24.3,13.5,20.88,Varias,6.12,0.2,
2023-09-12,24.8,13.6,30.96,16:00,7.92,0.0,
2023-09-12,24.8,13.6,30.96,16:00,7.92,0.0,
2023-09-13,24.1,10.7,28.08,13:10,6.12,0.0,
2023-09-13,24.1,10.7,28.08,13:10,6.12,0.0,
2023-09-14,28.2,12.4,19.08,16:40,3.96,0.0,
2023-09-14,28.2,12.4,19.08,16:40,3.96,0.0,
2023-09-15,27.7,12.8,25.92,11:00,5.04,14.6,
2023-09-15,27.7,12.8,25.92,11:00,5.04,14.6,
2023-09-16,22.3,11.3,28.08,13:30,3.96,0.0,
2023-09-16,22.3,11.3,28.08,13:30,3.96,0.0,
2023-09-17,21.3,8.0,42.84,13:10,10.08,16.6,
2023-09-17,21.3,8.0,42.84,13:10,10.08,16.6,
2023-09-18,20.4,13.9,38.88,00:20,5.04,0.4,
2023-09-18,20.4,13.9,38.88,00:20,5.04,0.4,
2023-09-19,24.2,11.3,18.0,13:50,3.96,0.0,
2023-09-19,24.2,11.3,18.0,13:50,3.96,0.0,
2023-09-20,20.4,11.2,45.0,21:20,11.88,7.2,
2023-09-20,20.4,11.2,45.0,21:20,11.88,7.2,
2023-09-21,17.8,11.6,37.08,12:30,6.12,2.6,
2023-09-21,17.8,11.6,37.08,12:30,6.12,2.6,
2023-09-22,19.5,8.1,29.16,12:40,7.92,0.0,
2023-09-22,19.5,8.1,29.16,12:40,7.92,0.0,
2023-09-23,22.5,5.3,20.88,10:10,2.88,0.0,
2023-09-23,22.5,5.3,20.88,10:10,2.88,0.0,
2023-09-24,27.1,6.1,34.92,12:50,7.92,0.0,
2023-09-24,27.1,6.1,34.92,12:50,7.92,0.0,
2023-09-25,27.5,8.2,20.16,13:20,3.96,0.0,
2023-09-25,27.5,8.2,20.16,13:20,3.96,0.0,
2023-09-26,25.1,13.9,12.96,13:10,2.88,0.0,
2023-09-26,25.1,13.9,12.96,13:10,2.88,0.0,
2023-09-27,24.7,11.6,33.84,14:30,6.84,0.0,
2023-09-27,24.7,11.6,33.84,14:30,6.84,0.0,
2023-09-28,27.2,14.8,37.08,13:40,7.92,0.0,
2023-09-28,27.2,14.8,37.08,13:40,7.92,0.0,
2023-09-29,29.0,15.2,15.84,16:20,2.16,0.0,
2023-09-29,29.0,15.2,15.84,16:20,2.16,0.0,
2023-09-30,32.3,12.4,23.04,15:30,2.16,0.0,
2023-09-30,32.3,12.4,23.04,15:30,2.16,0.0,
2023-10-01,32.7,12.5,23.04,13:40,2.88,0.0,
2023-10-01,32.7,12.5,23.04,13:40,2.88,0.0,
2023-10-02,28.0,13.4,33.84,11:30,6.84,0.0,
2023-10-02,28.0,13.4,33.84,11:30,6.84,0.0,
2023-10-03,17.7,13.3,36.0,17:30,6.84,0.0,
2023-10-03,17.7,13.3,36.0,17:30,6.84,0.0,
2023-10-04,27.6,11.4,18.0,03:00,2.88,0.0,
2023-10-04,27.6,11.4,18.0,03:00,2.88,0.0,
2023-10-05,29.2,10.4,18.0,14:40,2.16,0.0,
2023-10-05,29.2,10.4,18.0,14:40,2.16,0.0,
2023-10-06,29.0,11.6,9.0,12:20,2.88,0.0,
2023-10-06,29.0,11.6,9.0,12:20,2.88,0.0,
2023-10-07,32.8,9.6,15.12,13:50,3.96,0.0,
2023-10-07,32.8,9.6,15.12,13:50,3.96,0.0,
2023-10-08,32.1,10.0,11.16,15:00,3.96,0.0,
2023-10-08,32.1,10.0,11.16,15:00,3.96,0.0,
2023-10-09,30.9,10.1,11.88,12:40,2.88,0.0,
2023-10-09,30.9,10.1,11.88,12:40,2.88,0.0,
2023-10-10,30.5,8.9,10.08,14:30,2.88,0.0,
2023-10-10,30.5,8.9,10.08,14:30,2.88,0.0,
2023-10-11,29.1,8.3,20.88,12:50,5.04,0.0,
2023-10-11,29.1,8.3,20.88,12:50,5.04,0.0,
2023-10-12,28.3,11.7,29.88,Varias,6.12,0.8,
2023-10-12,28.3,11.7,29.88,Varias,6.12,0.8,
2023-10-13,21.0,15.0,43.92,05:40,7.92,3.6,
2023-10-13,21.0,15.0,43.92,05:40,7.92,3.6,
2023-10-14,18.3,9.6,28.08,17:30,5.04,0.0,
2023-10-14,18.3,9.6,28.08,17:30,5.04,0.0,
2023-10-15,17.5,9.4,21.96,23:10,2.16,5.4,
2023-10-15,17.5,9.4,21.96,23:10,2.16,5.4,
2023-10-16,18.8,15.4,33.12,16:40,6.84,1.0,
2023-10-16,18.8,15.4,33.12,16:40,6.84,1.0,
2023-10-17,23.2,17.2,51.84,08:10,14.04,7.8,
2023-10-17,23.2,17.2,51.84,08:10,14.04,7.8,
2023-10-18,18.7,12.9,50.04,16:40,14.04,33.4,
2023-10-18,18.7,12.9,50.04,16:40,14.04,33.4,
2023-10-19,16.8,11.3,36.0,22:10,11.88,31.6,
2023-10-19,16.8,11.3,36.0,22:10,11.88,31.6,
2023-10-20,14.4,8.2,47.88,09:50,10.08,7.4,
2023-10-20,14.4,8.2,47.88,09:50,10.08,7.4,
2023-10-21,15.7,7.6,32.04,12:40,7.92,0.6,
2023-10-21,15.7,7.6,32.04,12:40,7.92,0.6,
2023-10-22,18.4,5.4,18.0,13:40,2.16,4.0,
2023-10-22,18.4,5.4,18.0,13:40,2.16,4.0,
2023-10-23,15.4,8.4,19.08,23:59,5.04,3.2,
2023-10-23,15.4,8.4,19.08,23:59,5.04,3.2,
2023-10-24,15.8,8.6,46.08,13:10,14.04,5.2,
2023-10-24,15.8,8.6,46.08,13:10,14.04,5.2,
2023-10-25,17.4,12.5,38.88,11:40,12.96,39.8,
2023-10-25,17.4,12.5,38.88,11:40,12.96,39.8,
2023-10-26,16.3,10.7,41.04,00:10,11.16,33.4,
2023-10-26,16.3,10.7,41.04,00:10,11.16,33.4,
2023-10-27,14.7,9.1,43.92,16:30,14.04,6.2,
2023-10-27,14.7,9.1,43.92,16:30,14.04,6.2,
2023-10-28,15.7,10.5,50.04,17:00,12.96,26.4,
2023-10-28,15.7,10.5,50.04,17:00,12.96,26.4,
2023-10-29,14.3,9.0,37.08,01:10,9.0,9.0,
2023-10-29,14.3,9.0,37.08,01:10,9.0,9.0,
2023-10-30,13.3,7.9,42.12,15:30,11.16,2.6,
2023-10-30,13.3,7.9,42.12,15:30,11.16,2.6,
2023-10-31,16.2,9.4,41.04,21:30,10.08,4.0,
2023-10-31,16.2,9.4,41.04,21:30,10.08,4.0,
2023-11-01,14.7,10.1,51.84,23:00,15.84,24.6,
2023-11-01,14.7,10.1,51.84,23:00,15.84,24.6,
2023-11-02,12.1,5.8,61.92,03:20,15.12,16.4,
2023-11-02,12.1,5.8,61.92,03:20,15.12,16.4,
2023-11-03,12.2,7.8,41.04,22:40,11.16,21.4,
2023-11-03,12.2,7.8,41.04,22:40,11.16,21.4,
2023-11-04,15.1,8.9,72.0,Varias,25.92,9.2,
2023-11-04,15.1,8.9,72.0,Varias,25.92,9.2,
2023-11-05,11.7,7.1,34.92,03:00,12.96,12.4,
2023-11-05,11.7,7.1,34.92,03:00,12.96,12.4,
2023-11-06,12.8,5.6,29.88,Varias,7.92,6.4,
2023-11-06,12.8,5.6,29.88,Varias,7.92,6.4,
2023-11-07,11.6,6.1,28.08,01:50,6.84,0.8,
2023-11-07,11.6,6.1,28.08,01:50,6.84,0.8,
2023-11-08,13.7,8.2,41.04,13:20,11.88,12.2,
2023-11-08,13.7,8.2,41.04,13:20,11.88,12.2,
2023-11-09,13.5,8.1,32.04,15:10,10.08,1.8,
2023-11-09,13.5,8.1,32.04,15:10,10.08,1.8,
2023-11-10,15.0,9.2,34.92,19:10,6.84,14.4,
2023-11-10,15.0,9.2,34.92,19:10,6.84,14.4,
2023-11-11,17.3,13.7,61.92,14:50,14.04,5.2,
2023-11-11,17.3,13.7,61.92,14:50,14.04,5.2,
2023-11-12,19.0,13.2,42.12,13:00,12.96,0.2,
2023-11-12,19.0,13.2,42.12,13:00,12.96,0.2,
2023-11-13,18.3,15.3,60.12,05:40,18.0,0.6,
2023-11-13,18.3,15.3,60.12,05:40,18.0,0.6,
2023-11-14,16.6,12.2,43.92,02:50,6.84,11.6,
2023-11-14,16.6,12.2,43.92,02:50,6.84,11.6,
2023-11-15,18.5,8.9,34.92,13:30,6.84,7.2,
2023-11-15,18.5,8.9,34.92,13:30,6.84,7.2,
2023-11-16,18.7,8.4,33.12,02:10,5.04,0.0,
2023-11-16,18.7,8.4,33.12,02:10,5.04,0.0,
2023-11-17,19.8,9.0,18.0,12:00,5.04,0.0,
2023-11-17,19.8,9.0,18.0,12:00,5.04,0.0,
2023-11-18,21.0,7.1,24.12,13:00,7.92,0.0,
2023-11-18,21.0,7.1,24.12,13:00,7.92,0.0,
2023-11-19,19.3,8.4,14.04,18:20,3.96,0.0,
2023-11-19,19.3,8.4,14.04,18:20,3.96,0.0,
2023-11-20,13.7,6.4,23.04,12:00,5.04,0.2,
2023-11-20,13.7,6.4,23.04,12:00,5.04,0.2,
2023-11-21,11.3,4.5,27.0,14:40,2.16,1.6,
2023-11-21,11.3,4.5,27.0,14:40,2.16,1.6,
2023-11-22,12.4,5.8,36.0,11:20,3.96,0.4,
2023-11-22,12.4,5.8,36.0,11:20,3.96,0.4,
2023-11-23,14.3,3.1,28.08,14:00,6.12,0.0,
2023-11-23,14.3,3.1,28.08,14:00,6.12,0.0,
2023-11-24,14.3,-0.7,18.0,18:00,3.96,0.2,
2023-11-24,14.3,-0.7,18.0,18:00,3.96,0.2,
2023-11-25,15.0,1.5,12.96,10:10,3.96,0.2,
2023-11-25,15.0,1.5,12.96,10:10,3.96,0.2,
2023-11-26,9.2,1.8,12.96,23:59,2.16,0.2,
2023-11-26,9.2,1.8,12.96,23:59,2.16,0.2,
2023-11-27,13.8,8.9,20.88,08:00,3.96,5.4,
2023-11-27,13.8,8.9,20.88,08:00,3.96,5.4,
2023-11-28,13.9,10.4,16.92,23:00,5.04,6.2,
2023-11-28,13.9,10.4,16.92,23:00,5.04,6.2,
2023-11-29,15.4,10.7,34.92,13:20,10.08,15.6,
2023-11-29,15.4,10.7,34.92,13:20,10.08,15.6,
2023-11-30,10.8,5.2,18.0,Varias,6.12,1.8,
2023-11-30,10.8,5.2,18.0,Varias,6.12,1.8,
2023-12-01,10.0,4.7,24.12,04:00,6.12,4.2,
2023-12-01,10.0,4.7,24.12,04:00,6.12,4.2,
2023-12-02,9.1,2.1,14.04,18:30,2.88,0.2,
2023-12-02,9.1,2.1,14.04,18:30,2.88,0.2,
2023-12-03,9.4,4.9,47.88,17:10,10.08,13.2,
2023-12-03,9.4,4.9,47.88,17:10,10.08,13.2,
2023-12-04,10.7,1.5,38.88,12:40,7.92,3.0,
2023-12-04,10.7,1.5,38.88,12:40,7.92,3.0,
2023-12-05,5.5,-0.6,10.08,20:40,2.16,0.2,
2023-12-05,5.5,-0.6,10.08,20:40,2.16,0.2,
2023-12-06,9.8,-1.0,30.96,23:20,2.88,4.4,
2023-12-06,9.8,-1.0,30.96,23:20,2.88,4.4,
2023-12-07,12.4,7.2,45.0,01:50,11.88,23.6,
2023-12-07,12.4,7.2,45.0,01:50,11.88,23.6,
2023-12-08,12.2,6.3,41.04,23:10,10.08,1.6,
2023-12-08,12.2,6.3,41.04,23:10,10.08,1.6,
2023-12-09,15.2,10.0,43.92,09:50,9.0,2.8,
2023-12-09,15.2,10.0,43.92,09:50,9.0,2.8,
2023-12-10,15.7,13.2,42.12,23:50,15.84,1.2,
2023-12-10,15.7,13.2,42.12,23:50,15.84,1.2,
2023-12-11,16.1,12.9,45.0,13:10,12.96,14.0,
2023-12-11,16.1,12.9,45.0,13:10,12.96,14.0,
2023-12-12,13.7,7.4,36.0,03:50,7.92,6.0,
2023-12-12,13.7,7.4,36.0,03:50,7.92,6.0,
2023-12-13,10.5,5.4,25.92,15:20,3.96,2.4,
2023-12-13,10.5,5.4,25.92,15:20,3.96,2.4,
2023-12-14,11.8,2.6,11.16,13:10,1.08,0.2,
2023-12-14,11.8,2.6,11.16,13:10,1.08,0.2,
2023-12-15,13.3,1.6,23.04,15:10,1.08,0.2,
2023-12-15,13.3,1.6,23.04,15:10,1.08,0.2,
2023-12-16,5.0,-0.2,15.84,03:00,2.88,0.4,
2023-12-16,5.0,-0.2,15.84,03:00,2.88,0.4,
2023-12-17,2.9,-2.4,6.12,Varias,2.16,0.2,
2023-12-17,2.9,-2.4,6.12,Varias,2.16,0.2,
2023-12-18,0.9,-4.8,6.12,Varias,1.08,0.0,
2023-12-18,0.9,-4.8,6.12,Varias,1.08,0.0,
2023-12-19,7.3,-3.0,15.12,10:30,2.88,4.6,
2023-12-19,7.3,-3.0,15.12,10:30,2.88,4.6,
2023-12-20,9.9,4.6,21.96,14:40,2.16,0.2,
2023-12-20,9.9,4.6,21.96,14:40,2.16,0.2,
2023-12-21,11.0,4.9,7.92,04:10,2.16,0.4,
2023-12-21,11.0,4.9,7.92,04:10,2.16,0.4,
2023-12-22,11.7,1.2,21.96,13:20,2.88,0.0,
2023-12-22,11.7,1.2,21.96,13:20,2.88,0.0,
2023-12-23,13.3,1.2,15.84,11:00,3.96,0.0,
2023-12-23,13.3,1.2,15.84,11:00,3.96,0.0,
2023-12-24,10.7,-0.4,11.16,03:00,5.04,0.0,
2023-12-24,10.7,-0.4,11.16,03:00,5.04,0.0,
2023-12-25,10.9,-3.0,10.08,14:50,2.16,0.2,
2023-12-25,10.9,-3.0,10.08,14:50,2.16,0.2,
2023-12-26,13.1,-1.1,24.12,11:40,6.84,0.0,
2023-12-26,13.1,-1.1,24.12,11:40,6.84,0.0,
2023-12-27,12.7,3.6,45.0,14:40,14.04,1.4,
2023-12-27,12.7,3.6,45.0,14:40,14.04,1.4,
2023-12-28,11.9,9.8,33.12,07:20,7.92,6.4,
2023-12-28,11.9,9.8,33.12,07:20,7.92,6.4,
2023-12-29,12.1,6.1,14.04,14:30,2.88,0.4,
2023-12-29,12.1,6.1,14.04,14:30,2.88,0.4,
2023-12-30,12.4,1.9,43.92,17:30,15.12,7.0,
2023-12-30,12.4,1.9,43.92,17:30,15.12,7.0,
2023-12-31,9.9,5.9,38.16,00:30,10.08,0.4,
2023-12-31,9.9,5.9,38.16,00:30,10.08,0.4,
2024-01-01,10.1,5.3,43.92,20:40,11.88,0.0,
2024-01-01,10.1,5.3,43.92,20:40,11.88,0.0,
2024-01-02,13.5,9.6,56.88,07:10,16.92,14.4,
2024-01-02,13.5,9.6,56.88,07:10,16.92,14.4,
2024-01-03,11.5,7.6,33.12,03:40,11.16,0.8,
2024-01-03,11.5,7.6,33.12,03:40,11.16,0.8,
2024-01-04,9.8,4.1,43.92,08:50,11.16,13.6,
2024-01-04,9.8,4.1,43.92,08:50,11.16,13.6,
2024-01-05,7.6,2.0,25.92,12:20,5.04,14.6,
2024-01-05,7.6,2.0,25.92,12:20,5.04,14.6,
2024-01-06,9.1,0.3,11.16,14:00,2.88,0.2,
2024-01-06,9.1,0.3,11.16,14:00,2.88,0.2,
2024-01-07,10.2,-1.0,20.16,15:50,2.88,0.2,
2024-01-07,10.2,-1.0,20.16,15:50,2.88,0.2,
2024-01-08,3.3,-3.7,15.12,02:30,2.16,1.8,
2024-01-08,3.3,-3.7,15.12,02:30,2.16,1.8,
2024-01-09,8.5,1.8,19.08,23:59,2.88,2.8,
2024-01-09,8.5,1.8,19.08,23:59,2.88,2.8,
2024-01-10,8.4,4.4,20.88,01:30,2.88,5.6,
2024-01-10,8.4,4.4,20.88,01:30,2.88,5.6,
2024-01-11,7.5,-1.9,25.92,13:30,5.04,0.0,
2024-01-11,7.5,-1.9,25.92,13:30,5.04,0.0,
2024-01-12,9.5,-3.8,24.84,13:40,6.84,0.2,
2024-01-12,9.5,-3.8,24.84,13:40,6.84,0.2,
2024-01-13,13.4,0.0,36.0,14:50,6.12,10.8,
2024-01-13,13.4,0.0,36.0,14:50,6.12,10.8,
2024-01-14,14.4,8.0,29.88,13:10,7.92,21.8,
2024-01-14,14.4,8.0,29.88,13:10,7.92,21.8,
2024-01-15,15.9,8.0,27.0,16:00,10.08,1.4,
2024-01-15,15.9,8.0,27.0,16:00,10.08,1.4,
2024-01-16,15.3,6.8,51.12,20:30,7.92,9.0,
2024-01-16,15.3,6.8,51.12,20:30,7.92,9.0,
2024-01-17,13.9,10.1,54.0,15:10,15.84,23.4,
2024-01-17,13.9,10.1,54.0,15:10,15.84,23.4,
2024-01-18,10.7,5.4,50.04,06:20,10.08,0.4,
2024-01-18,10.7,5.4,50.04,06:20,10.08,0.4,
2024-01-19,8.9,-1.7,48.96,13:40,11.16,0.4,
2024-01-19,8.9,-1.7,48.96,13:40,11.16,0.4,
2024-01-20,11.5,-5.0,29.88,22:10,5.04,0.0,
2024-01-20,11.5,-5.0,29.88,22:10,5.04,0.0,
2024-01-21,12.6,6.8,41.04,16:50,11.88,0.0,
2024-01-21,12.6,6.8,41.04,16:50,11.88,0.0,
2024-01-22,14.2,11.0,45.0,00:30,12.96,0.8,
2024-01-22,14.2,11.0,45.0,00:30,12.96,0.8,
2024-01-23,16.9,9.1,32.04,14:10,7.92,0.0,
2024-01-23,16.9,9.1,32.04,14:10,7.92,0.0,
2024-01-24,21.0,6.8,15.84,15:50,2.88,0.0,
2024-01-24,21.0,6.8,15.84,15:50,2.88,0.0,
2024-01-25,21.0,5.0,20.16,14:10,2.88,0.0,
2024-01-25,21.0,5.0,20.16,14:10,2.88,0.0,
2024-01-26,15.0,1.5,11.88,16:30,2.16,0.0,
2024-01-26,15.0,1.5,11.88,16:30,2.16,0.0,
2024-01-27,16.2,1.1,6.84,13:20,1.08,0.0,
2024-01-27,16.2,1.1,6.84,13:20,1.08,0.0,
2024-01-28,18.2,0.9,25.92,14:30,3.96,0.0,
2024-01-28,18.2,0.9,25.92,14:30,3.96,0.0,
2024-01-29,19.8,6.3,29.16,14:30,6.12,0.0,
2024-01-29,19.8,6.3,29.16,14:30,6.12,0.0,
2024-01-30,16.7,4.6,15.12,03:50,2.88,0.0,
2024-01-30,16.7,4.6,15.12,03:50,2.88,0.0,
2024-01-31,19.0,2.9,9.0,08:50,2.16,0.0,
2024-01-31,19.0,2.9,9.0,08:50,2.16,0.0,
2024-02-01,15.0,0.8,24.84,19:30,3.96,0.0,
2024-02-01,15.0,0.8,24.84,19:30,3.96,0.0,
2024-02-02,17.1,2.3,23.04,17:00,6.12,0.0,
2024-02-02,17.1,2.3,23.04,17:00,6.12,0.0,
2024-02-03,17.9,4.1,11.88,00:50,2.88,0.2,
2024-02-03,17.9,4.1,11.88,00:50,2.88,0.2,
2024-02-04,17.4,1.1,9.0,18:00,2.88,0.0,
2024-02-04,17.4,1.1,9.0,18:00,2.88,0.0,
2024-02-05,16.1,1.6,11.16,16:10,2.16,0.2,
2024-02-05,16.1,1.6,11.16,16:10,2.16,0.2,
2024-02-06,16.6,4.6,19.08,14:10,5.04,0.0,
2024-02-06,16.6,4.6,19.08,14:10,5.04,0.0,
2024-02-07,15.3,8.0,42.12,23:59,12.96,0.2,
2024-02-07,15.3,8.0,42.12,23:59,12.96,0.2,
2024-02-08,13.0,8.9,61.92,11:00,20.16,8.8,
2024-02-08,13.0,8.9,61.92,11:00,20.16,8.8,
2024-02-09,11.1,6.2,34.92,06:40,7.92,19.4,
2024-02-09,11.1,6.2,34.92,06:40,7.92,19.4,
2024-02-10,9.0,3.9,38.16,09:40,6.84,5.6,
2024-02-10,9.0,3.9,38.16,09:40,6.84,5.6,
2024-02-11,11.0,4.2,43.92,20:40,10.08,0.8,
2024-02-11,11.0,4.2,43.92,20:40,10.08,0.8,
2024-02-12,15.0,8.6,41.04,03:30,3.96,0.6,
2024-02-12,15.0,8.6,41.04,03:30,3.96,0.6,
2024-02-13,19.1,9.0,32.04,12:30,7.92,0.0,
2024-02-13,19.1,9.0,32.04,12:30,7.92,0.0,
2024-02-14,21.1,10.5,28.08,19:00,6.12,0.0,
2024-02-14,21.1,10.5,28.08,19:00,6.12,0.0,
2024-02-15,18.8,8.5,60.84,11:00,10.08,8.6,
2024-02-15,18.8,8.5,60.84,11:00,10.08,8.6,
2024-02-16,16.5,4.1,20.88,12:20,3.96,0.2,
2024-02-16,16.5,4.1,20.88,12:20,3.96,0.2,
2024-02-17,18.0,1.8,12.96,07:20,3.96,0.0,
2024-02-17,18.0,1.8,12.96,07:20,3.96,0.0,
2024-02-18,18.8,3.8,20.88,19:50,3.96,0.0,
2024-02-18,18.8,3.8,20.88,19:50,3.96,0.0,
2024-02-19,17.0,3.4,29.88,16:40,2.88,0.0,
2024-02-19,17.0,3.4,29.88,16:40,2.88,0.0,
2024-02-20,21.4,1.9,15.84,10:00,2.88,0.0,
2024-02-20,21.4,1.9,15.84,10:00,2.88,0.0,
2024-02-21,16.0,5.7,45.0,19:10,15.84,0.0,
2024-02-21,16.0,5.7,45.0,19:10,15.84,0.0,
2024-02-22,12.6,4.0,60.84,03:00,12.96,16.8,
2024-02-22,12.6,4.0,60.84,03:00,12.96,16.8,
2024-02-23,8.4,3.0,47.88,11:00,9.0,18.8,
2024-02-23,8.4,3.0,47.88,11:00,9.0,18.8,
2024-02-24,9.1,3.2,38.88,21:20,10.08,12.0,
2024-02-24,9.1,3.2,38.88,21:20,10.08,12.0,
2024-02-25,12.3,6.8,48.96,05:50,20.16,23.8,
2024-02-25,12.3,6.8,48.96,05:50,20.16,23.8,
2024-02-26,10.2,2.5,39.96,Varias,6.12,11.2,
2024-02-26,10.2,2.5,39.96,Varias,6.12,11.2,
2024-02-27,11.8,2.5,30.96,12:30,5.04,0.2,
2024-02-27,11.8,2.5,30.96,12:30,5.04,0.2,
2024-02-28,12.0,3.7,11.88,12:30,2.16,0.0,
2024-02-28,12.0,3.7,11.88,12:30,2.16,0.0,
2024-02-29,10.3,3.4,42.12,14:50,9.0,6.8,
2024-02-29,10.3,3.4,42.12,14:50,9.0,6.8,
2024-03-01,11.1,3.5,38.16,13:30,12.96,25.2,
2024-03-01,11.1,3.5,38.16,13:30,12.96,25.2,
2024-03-02,8.6,1.6,42.12,02:00,6.84,15.4,
2024-03-02,8.6,1.6,42.12,02:00,6.84,15.4,
2024-03-03,9.5,1.7,29.16,23:40,5.04,8.8,
2024-03-03,9.5,1.7,29.16,23:40,5.04,8.8,
2024-03-04,12.0,4.4,48.96,14:00,14.04,6.2,
2024-03-04,12.0,4.4,48.96,14:00,14.04,6.2,
2024-03-05,13.4,3.7,28.08,14:50,7.92,0.2,
2024-03-05,13.4,3.7,28.08,14:50,7.92,0.2,
2024-03-06,16.5,3.7,30.96,14:50,7.92,0.0,
2024-03-06,16.5,3.7,30.96,14:50,7.92,0.0,
2024-03-07,12.4,4.8,39.96,12:20,11.16,2.0,
2024-03-07,12.4,4.8,39.96,12:20,11.16,2.0,
2024-03-08,9.2,2.9,51.84,10:50,12.96,25.0,
2024-03-08,9.2,2.9,51.84,10:50,12.96,25.0,
2024-03-09,7.3,2.1,45.0,16:50,14.04,19.4,
2024-03-09,7.3,2.1,45.0,16:50,14.04,19.4,
2024-03-10,11.1,5.9,34.92,01:50,7.92,9.2,
2024-03-10,11.1,5.9,34.92,01:50,7.92,9.2,
2024-03-11,13.7,5.7,28.08,12:10,7.92,0.0,
2024-03-11,13.7,5.7,28.08,12:10,7.92,0.0,
2024-03-12,20.0,4.3,21.96,12:00,3.96,0.2,
2024-03-12,20.0,4.3,21.96,12:00,3.96,0.2,
2024-03-13,21.6,0.4,30.96,13:10,9.0,0.0,
2024-03-13,21.6,0.4,30.96,13:10,9.0,0.0,
2024-03-14,17.0,9.1,47.16,13:40,15.12,5.8,
2024-03-14,17.0,9.1,47.16,13:40,15.12,5.8,
2024-03-15,18.9,6.2,25.92,10:20,6.84,0.0,
2024-03-15,18.9,6.2,25.92,10:20,6.84,0.0,
2024-03-16,17.2,4.9,29.88,11:50,6.84,0.0,
2024-03-16,17.2,4.9,29.88,11:50,6.84,0.0,
2024-03-17,20.7,11.4,33.12,10:30,6.84,0.2,
2024-03-17,20.7,11.4,33.12,10:30,6.84,0.2,
2024-03-18,22.2,10.4,23.04,16:20,3.96,0.2,
2024-03-18,22.2,10.4,23.04,16:20,3.96,0.2,
2024-03-19,19.7,10.6,16.92,14:50,2.88,0.0,
2024-03-19,19.7,10.6,16.92,14:50,2.88,0.0,
2024-03-20,17.9,7.0,29.16,14:40,2.88,0.0,
2024-03-20,17.9,7.0,29.16,14:40,2.88,0.0,
2024-03-21,24.7,7.1,30.96,09:50,7.92,0.0,
2024-03-21,24.7,7.1,30.96,09:50,7.92,0.0,
2024-03-22,17.9,8.8,36.0,15:40,5.04,0.0,
2024-03-22,17.9,8.8,36.0,15:40,5.04,0.0,
2024-03-23,15.7,6.4,43.92,17:20,7.92,0.0,
2024-03-23,15.7,6.4,43.92,17:20,7.92,0.0,
2024-03-24,17.2,5.0,36.0,00:50,9.0,0.0,
2024-03-24,17.2,5.0,36.0,00:50,9.0,0.0,
2024-03-25,9.7,1.4,37.08,11:40,6.84,4.2,
2024-03-25,9.7,1.4,37.08,11:40,6.84,4.2,
2024-03-26,7.6,1.0,29.88,12:10,6.84,7.4,
2024-03-26,7.6,1.0,29.88,12:10,6.84,7.4,
2024-03-27,9.0,1.6,65.88,16:00,20.16,17.6,
2024-03-27,9.0,1.6,65.88,16:00,20.16,17.6,
2024-03-28,8.0,1.9,47.88,04:30,11.16,9.6,
2024-03-28,8.0,1.9,47.88,04:30,11.16,9.6,
2024-03-29,12.3,4.2,30.96,10:50,7.92,12.8,
2024-03-29,12.3,4.2,30.96,10:50,7.92,12.8,
2024-03-30,11.0,4.2,42.12,12:30,6.84,2.0,
2024-03-30,11.0,4.2,42.12,12:30,6.84,2.0,
2024-03-31,12.4,1.4,60.12,16:00,12.96,7.6,
2024-03-31,12.4,1.4,60.12,16:00,12.96,7.6,
2024-04-01,11.8,4.1,59.04,15:30,16.92,3.4,
2024-04-01,11.8,4.1,59.04,15:30,16.92,3.4,
2024-04-02,12.7,7.6,48.96,07:50,16.92,3.2,
2024-04-02,12.7,7.6,48.96,07:50,16.92,3.2,
2024-04-03,17.3,10.2,47.88,16:50,16.92,0.0,
2024-04-03,17.3,10.2,47.88,16:50,16.92,0.0,
2024-04-04,20.2,9.6,48.96,18:40,10.08,0.0,
2024-04-04,20.2,9.6,48.96,18:40,10.08,0.0,
2024-04-05,24.8,13.9,48.96,Varias,16.92,7.6,
2024-04-05,24.8,13.9,48.96,Varias,16.92,7.6,
2024-04-06,20.5,10.3,56.88,02:40,14.04,0.0,
2024-04-06,20.5,10.3,56.88,02:40,14.04,0.0,
2024-04-07,19.7,7.6,33.12,11:10,10.08,4.0,
2024-04-07,19.7,7.6,33.12,11:10,10.08,4.0,
2024-04-08,,,0.0,,9.0,12.6,
2024-04-08,,,0.0,,9.0,12.6,
2024-04-09,15.0,2.7,19.08,13:10,5.04,0.0,
2024-04-09,15.0,2.7,19.08,13:10,5.04,0.0,
2024-04-10,21.6,2.7,20.16,17:00,3.96,0.0,
2024-04-10,21.6,2.7,20.16,17:00,3.96,0.0,
2024-04-11,27.4,4.3,18.0,19:40,2.88,0.0,
2024-04-11,27.4,4.3,18.0,19:40,2.88,0.0,
2024-04-12,30.9,7.1,23.04,14:20,5.04,0.0,
2024-04-12,30.9,7.1,23.04,14:20,5.04,0.0,
2024-04-13,29.8,9.4,24.12,16:50,5.04,0.0,
2024-04-13,29.8,9.4,24.12,16:50,5.04,0.0,
2024-04-14,28.0,8.8,25.92,15:40,6.12,0.0,
2024-04-14,28.0,8.8,25.92,15:40,6.12,0.0,
2024-04-15,18.6,5.8,29.16,15:20,6.84,0.0,
2024-04-15,18.6,5.8,29.16,15:20,6.84,0.0,
2024-04-16,15.2,5.5,36.0,14:00,6.84,0.0,
2024-04-16,15.2,5.5,36.0,14:00,6.84,0.0,
2024-04-17,17.7,5.5,39.96,19:10,6.84,0.0,
2024-04-17,17.7,5.5,39.96,19:10,6.84,0.0,
2024-04-18,17.8,3.9,33.12,Varias,7.92,0.0,
2024-04-18,17.8,3.9,33.12,Varias,7.92,0.0,
2024-04-19,23.3,3.0,28.08,16:10,6.12,0.0,
2024-04-19,23.3,3.0,28.08,16:10,6.12,0.0,
2024-04-20,20.7,5.6,29.16,15:40,6.12,0.0,
2024-04-20,20.7,5.6,29.16,15:40,6.12,0.0,
2024-04-21,19.7,4.8,38.16,19:30,9.0,0.0,
2024-04-21,19.7,4.8,38.16,19:30,9.0,0.0,
2024-04-22,17.2,2.7,38.88,09:10,9.0,0.0,
2024-04-22,17.2,2.7,38.88,09:10,9.0,0.0,
2024-04-23,16.6,-0.3,32.04,13:30,7.92,0.0,
2024-04-23,16.6,-0.3,32.04,13:30,7.92,0.0,
2024-04-24,17.0,0.9,24.12,11:10,5.04,0.0,
2024-04-24,17.0,0.9,24.12,11:10,5.04,0.0,
2024-04-25,15.6,6.6,23.04,15:30,5.04,6.6,
2024-04-25,15.6,6.6,23.04,15:30,5.04,6.6,
2024-04-26,13.5,6.1,24.12,13:40,6.84,26.8,
2024-04-26,13.5,6.1,24.12,13:40,6.84,26.8,
2024-04-27,12.8,1.6,23.04,18:20,5.04,10.2,
2024-04-27,12.8,1.6,23.04,18:20,5.04,10.2,
2024-04-28,12.6,2.4,20.16,10:30,3.96,2.6,
2024-04-28,12.6,2.4,20.16,10:30,3.96,2.6,
2024-04-29,17.7,1.0,23.04,13:50,5.04,0.0,
2024-04-29,17.7,1.0,23.04,13:50,5.04,0.0,
2024-04-30,13.5,5.5,32.04,12:30,6.84,3.0,
2024-04-30,13.5,5.5,32.04,12:30,6.84,3.0,
2024-05-01,11.7,3.9,25.92,11:10,5.04,10.0,
2024-05-01,11.7,3.9,25.92,11:10,5.04,10.0,
2024-05-02,11.5,4.9,39.96,12:40,10.08,5.2,
2024-05-02,11.5,4.9,39.96,12:40,10.08,5.2,
2024-05-03,13.8,7.1,41.04,13:20,11.16,20.4,
2024-05-03,13.8,7.1,41.04,13:20,11.16,20.4,
2024-05-04,16.8,11.1,50.04,16:20,16.92,16.6,
2024-05-04,16.8,11.1,50.04,16:20,16.92,16.6,
2024-05-05,14.8,5.1,41.04,05:20,3.96,4.0,
2024-05-05,14.8,5.1,41.04,05:20,3.96,4.0,
2024-05-06,16.5,3.9,18.0,17:00,3.96,0.0,
2024-05-06,16.5,3.9,18.0,17:00,3.96,0.0,
2024-05-07,19.6,3.7,33.12,18:20,7.92,0.0,
2024-05-07,19.6,3.7,33.12,18:20,7.92,0.0,
2024-05-08,23.9,4.8,24.12,14:00,2.88,0.0,
2024-05-08,23.9,4.8,24.12,14:00,2.88,0.0,
2024-05-09,26.2,6.6,19.08,17:40,3.96,0.0,
2024-05-09,26.2,6.6,19.08,17:40,3.96,0.0,
2024-05-10,28.2,8.9,33.12,16:40,5.04,12.4,
2024-05-10,28.2,8.9,33.12,16:40,5.04,12.4,
2024-05-11,25.8,10.9,32.04,01:00,5.04,0.0,
2024-05-11,25.8,10.9,32.04,01:00,5.04,0.0,
2024-05-12,21.5,9.8,18.0,13:50,5.04,0.0,
2024-05-12,21.5,9.8,18.0,13:50,5.04,0.0,
2024-05-13,14.5,9.1,29.88,11:00,6.84,12.6,
2024-05-13,14.5,9.1,29.88,11:00,6.84,12.6,
2024-05-14,14.6,7.6,30.96,09:40,10.08,0.8,
2024-05-14,14.6,7.6,30.96,09:40,10.08,0.8,
2024-05-15,12.5,6.8,29.88,10:00,7.92,3.0,
2024-05-15,12.5,6.8,29.88,10:00,7.92,3.0,
2024-05-16,13.1,7.7,32.04,10:10,7.92,4.4,
2024-05-16,13.1,7.7,32.04,10:10,7.92,4.4,
2024-05-17,16.5,8.2,24.12,18:00,6.12,14.6,
2024-05-17,16.5,8.2,24.12,18:00,6.12,14.6,
2024-05-18,15.3,8.0,25.92,16:40,6.12,18.0,
2024-05-18,15.3,8.0,25.92,16:40,6.12,18.0,
2024-05-19,16.3,6.7,21.96,16:50,3.96,1.0,
2024-05-19,16.3,6.7,21.96,16:50,3.96,1.0,
2024-05-20,16.8,6.2,23.04,17:30,5.04,4.2,
2024-05-20,16.8,6.2,23.04,17:30,5.04,4.2,
2024-05-21,17.3,10.1,24.12,19:10,6.12,1.4,
2024-05-21,17.3,10.1,24.12,19:10,6.12,1.4,
2024-05-22,16.7,7.2,29.88,14:00,7.92,3.2,
2024-05-22,16.7,7.2,29.88,14:00,7.92,3.2,
2024-05-23,17.4,4.4,28.08,15:20,6.84,0.0,
2024-05-23,17.4,4.4,28.08,15:20,6.84,0.0,
2024-05-24,23.9,4.0,18.0,16:50,5.04,0.0,
2024-05-24,23.9,4.0,18.0,16:50,5.04,0.0,
2024-05-25,21.9,8.2,29.88,16:20,6.84,0.0,
2024-05-25,21.9,8.2,29.88,16:20,6.84,0.0,
2024-05-26,19.3,9.7,21.96,Varias,5.04,0.0,
2024-05-26,19.3,9.7,21.96,Varias,5.04,0.0,
2024-05-27,20.9,7.8,29.88,16:40,6.12,0.0,
2024-05-27,20.9,7.8,29.88,16:40,6.12,0.0,
2024-05-28,26.5,6.5,33.12,16:10,3.96,0.0,
2024-05-28,26.5,6.5,33.12,16:10,3.96,0.0,
2024-05-29,26.8,6.2,21.96,17:10,5.04,0.0,
2024-05-29,26.8,6.2,21.96,17:10,5.04,0.0,
2024-05-30,19.6,10.4,37.08,18:10,10.08,0.0,
2024-05-30,19.6,10.4,37.08,18:10,10.08,0.0,
2024-05-31,19.7,9.1,41.04,14:10,11.88,0.0,
2024-05-31,19.7,9.1,41.04,14:10,11.88,0.0,
2024-06-01,21.3,8.5,41.04,15:10,10.08,0.0,
2024-06-01,21.3,8.5,41.04,15:10,10.08,0.0,
2024-06-02,21.1,6.6,33.12,10:50,10.08,0.0,
2024-06-02,21.1,6.6,33.12,10:50,10.08,0.0,
2024-06-03,23.1,10.4,30.96,17:40,7.92,0.0,
2024-06-03,23.1,10.4,30.96,17:40,7.92,0.0,
2024-06-04,28.6,13.2,25.92,13:50,5.04,0.0,
2024-06-04,28.6,13.2,25.92,13:50,5.04,0.0,
2024-06-05,28.2,9.8,24.12,14:30,5.04,0.0,
2024-06-05,28.2,9.8,24.12,14:30,5.04,0.0,
2024-06-06,19.9,13.2,29.16,15:00,6.84,0.0,
2024-06-06,19.9,13.2,29.16,15:00,6.84,0.0,
2024-06-07,20.4,13.0,27.0,02:10,6.12,0.2,
2024-06-07,20.4,13.0,27.0,02:10,6.12,0.2,
2024-06-08,16.8,12.4,36.0,11:50,6.12,0.2,
2024-06-08,16.8,12.4,36.0,11:50,6.12,0.2,
2024-06-09,15.3,11.1,30.96,08:00,9.0,0.0,
2024-06-09,15.3,11.1,30.96,08:00,9.0,0.0,
2024-06-10,19.7,8.8,37.08,17:10,11.16,0.0,
2024-06-10,19.7,8.8,37.08,17:10,11.16,0.0,
2024-06-11,18.8,9.8,27.0,Varias,6.84,0.0,
2024-06-11,18.8,9.8,27.0,Varias,6.84,0.0,
2024-06-12,19.5,8.7,34.92,14:00,10.08,0.0,
2024-06-12,19.5,8.7,34.92,14:00,10.08,0.0,
2024-06-13,22.1,5.9,30.96,11:10,9.0,2.0,
2024-06-13,22.1,5.9,30.96,11:10,9.0,2.0,
2024-06-14,19.8,8.5,39.96,15:00,10.08,0.4,
2024-06-14,19.8,8.5,39.96,15:00,10.08,0.4,
2024-06-15,21.6,8.5,30.96,14:40,9.0,0.0,
2024-06-15,21.6,8.5,30.96,14:40,9.0,0.0,
2024-06-16,17.7,12.9,33.12,10:40,9.0,1.8,
2024-06-16,17.7,12.9,33.12,10:40,9.0,1.8,
2024-06-17,20.6,14.2,32.04,12:40,6.84,9.2,
2024-06-17,20.6,14.2,32.04,12:40,6.84,9.2,
2024-06-18,20.6,11.5,29.16,13:30,3.96,3.4,
2024-06-18,20.6,11.5,29.16,13:30,3.96,3.4,
2024-06-19,18.0,11.8,25.92,14:00,6.12,1.4,
2024-06-19,18.0,11.8,25.92,14:00,6.12,1.4,
2024-06-20,20.3,12.5,25.92,16:00,5.04,0.4,
2024-06-20,20.3,12.5,25.92,16:00,5.04,0.4,
2024-06-21,23.7,11.6,28.08,14:20,6.12,0.0,
2024-06-21,23.7,11.6,28.08,14:20,6.12,0.0,
2024-06-22,23.0,12.6,20.88,14:30,5.04,0.0,
2024-06-22,23.0,12.6,20.88,14:30,5.04,0.0,
2024-06-23,24.0,14.5,28.08,22:00,5.04,0.0,
2024-06-23,24.0,14.5,28.08,22:00,5.04,0.0,
2024-06-24,24.8,15.0,23.04,14:50,6.84,0.0,
2024-06-24,24.8,15.0,23.04,14:50,6.84,0.0,
2024-06-25,23.0,15.9,24.84,14:20,5.04,0.0,
2024-06-25,23.0,15.9,24.84,14:20,5.04,0.0,
2024-06-26,26.1,15.2,28.08,19:00,7.92,0.0,
2024-06-26,26.1,15.2,28.08,19:00,7.92,0.0,
2024-06-27,23.9,14.8,30.96,15:50,6.84,0.0,
2024-06-27,23.9,14.8,30.96,15:50,6.84,0.0,
2024-06-28,18.7,14.1,34.92,12:20,10.08,0.0,
2024-06-28,18.7,14.1,34.92,12:20,10.08,0.0,
2024-06-29,23.1,13.8,19.08,03:10,3.96,0.0,
2024-06-29,23.1,13.8,19.08,03:10,3.96,0.0,
2024-06-30,24.5,11.2,29.16,16:50,3.96,0.0,
2024-06-30,24.5,11.2,29.16,16:50,3.96,0.0,
2024-07-01,23.2,9.2,30.96,17:40,9.0,0.0,
2024-07-01,23.2,9.2,30.96,17:40,9.0,0.0,
2024-07-02,23.5,13.6,27.0,Varias,7.92,0.0,
2024-07-02,23.5,13.6,27.0,Varias,7.92,0.0,
2024-07-03,25.8,12.7,24.12,15:30,7.92,0.0,
2024-07-03,25.8,12.7,24.12,15:30,7.92,0.0,
2024-07-04,24.9,10.5,28.08,19:50,6.12,0.0,
2024-07-04,24.9,10.5,28.08,19:50,6.12,0.0,
2024-07-05,25.8,12.0,25.92,18:40,6.84,2.0,
2024-07-05,25.8,12.0,25.92,18:40,6.84,2.0,
2024-07-06,18.2,7.5,30.96,17:20,6.84,0.4,
2024-07-06,18.2,7.5,30.96,17:20,6.84,0.4,
2024-07-07,24.1,5.6,20.16,13:00,5.04,0.0,
2024-07-07,24.1,5.6,20.16,13:00,5.04,0.0,
2024-07-08,26.5,14.9,37.08,13:50,10.08,3.8,
2024-07-08,26.5,14.9,37.08,13:50,10.08,3.8,
2024-07-09,20.3,14.8,28.08,09:10,5.04,14.8,
2024-07-09,20.3,14.8,28.08,09:10,5.04,14.8,
2024-07-10,23.6,16.2,28.08,11:40,2.88,0.2,
2024-07-10,23.6,16.2,28.08,11:40,2.88,0.2,
2024-07-11,25.9,15.4,32.04,15:40,7.92,1.0,
2024-07-11,25.9,15.4,32.04,15:40,7.92,1.0,
2024-07-12,21.8,12.0,29.88,13:20,9.0,0.0,
2024-07-12,21.8,12.0,29.88,13:20,9.0,0.0,
2024-07-13,23.9,9.8,23.04,17:30,9.0,0.0,
2024-07-13,23.9,9.8,23.04,17:30,9.0,0.0,
2024-07-14,25.5,13.2,39.96,23:20,9.0,1.4,
2024-07-14,25.5,13.2,39.96,23:20,9.0,1.4,
2024-07-15,22.6,13.1,39.96,11:30,14.04,0.0,
2024-07-15,22.6,13.1,39.96,11:30,14.04,0.0,
2024-07-16,24.7,13.3,25.92,16:40,5.04,0.0,
2024-07-16,24.7,13.3,25.92,16:40,5.04,0.0,
2024-07-17,31.0,12.2,23.04,12:30,6.12,0.0,
2024-07-17,31.0,12.2,23.04,12:30,6.12,0.0,
2024-07-18,30.1,13.1,23.04,17:20,3.96,0.0,
2024-07-18,30.1,13.1,23.04,17:20,3.96,0.0,
2024-07-19,30.9,12.9,23.04,14:40,5.04,0.0,
2024-07-19,30.9,12.9,23.04,14:40,5.04,0.0,
2024-07-20,23.2,11.9,41.04,13:30,9.0,3.0,
2024-07-20,23.2,11.9,41.04,13:30,9.0,3.0,
2024-07-21,22.2,10.4,28.08,17:20,6.12,0.0,
2024-07-21,22.2,10.4,28.08,17:20,6.12,0.0,
2024-07-22,29.7,8.5,21.96,16:00,3.96,0.0,
2024-07-22,29.7,8.5,21.96,16:00,3.96,0.0,
2024-07-23,30.4,12.6,28.08,15:40,2.88,0.0,
2024-07-23,30.4,12.6,28.08,15:40,2.88,0.0,
2024-07-24,24.0,17.8,28.08,21:10,7.92,0.0,
2024-07-24,24.0,17.8,28.08,21:10,7.92,0.0,
2024-07-25,24.4,16.8,27.0,17:20,5.04,0.0,
2024-07-25,24.4,16.8,27.0,17:20,5.04,0.0,
2024-07-26,28.4,15.4,27.0,19:10,5.04,0.0,
2024-07-26,28.4,15.4,27.0,19:10,5.04,0.0,
2024-07-27,23.3,14.9,29.88,12:00,11.16,0.0,
2024-07-27,23.3,14.9,29.88,12:00,11.16,0.0,
2024-07-28,27.7,17.6,23.04,08:10,6.84,0.0,
2024-07-28,27.7,17.6,23.04,08:10,6.84,0.0,
2024-07-29,35.3,16.9,79.92,16:00,6.12,13.4,
2024-07-29,35.3,16.9,79.92,16:00,6.12,13.4,
2024-07-30,33.5,16.7,23.04,03:40,6.12,0.0,
2024-07-30,33.5,16.7,23.04,03:40,6.12,0.0,
2024-07-31,32.7,16.0,23.04,16:30,2.88,0.0,
2024-07-31,32.7,16.0,23.04,16:30,2.88,0.0,
2024-08-01,21.4,16.6,20.88,15:10,5.04,0.0,
2024-08-01,21.4,16.6,20.88,15:10,5.04,0.0,
2024-08-02,25.2,14.4,20.88,17:10,6.84,0.0,
2024-08-02,25.2,14.4,20.88,17:10,6.84,0.0,
2024-08-03,28.3,12.8,21.96,15:40,5.04,0.0,
2024-08-03,28.3,12.8,21.96,15:40,5.04,0.0,
2024-08-04,29.2,12.1,20.16,16:20,3.96,0.0,
2024-08-04,29.2,12.1,20.16,16:20,3.96,0.0,
2024-08-05,28.9,15.3,20.16,17:00,5.04,0.0,
2024-08-05,28.9,15.3,20.16,17:00,5.04,0.0,
2024-08-06,27.7,14.9,29.88,19:30,6.12,0.0,
2024-08-06,27.7,14.9,29.88,19:30,6.12,0.0,
2024-08-07,23.2,15.5,28.08,15:10,6.12,0.0,
2024-08-07,23.2,15.5,28.08,15:10,6.12,0.0,
2024-08-08,23.0,15.7,24.84,13:50,6.12,0.0,
2024-08-08,23.0,15.7,24.84,13:50,6.12,0.0,
2024-08-09,28.0,13.2,23.04,Varias,5.04,0.0,
2024-08-09,28.0,13.2,23.04,Varias,5.04,0.0,
2024-08-10,26.9,18.6,25.92,11:20,7.92,0.0,
2024-08-10,26.9,18.6,25.92,11:20,7.92,0.0,
2024-08-11,36.2,18.9,33.12,14:50,5.04,0.0,
2024-08-11,36.2,18.9,33.12,14:50,5.04,0.0,
2024-08-12,27.4,17.7,27.0,17:50,6.12,0.8,
2024-08-12,27.4,17.7,27.0,17:50,6.12,0.8,
2024-08-13,22.8,16.2,27.0,11:40,7.92,0.0,
2024-08-13,22.8,16.2,27.0,11:40,7.92,0.0,
2024-08-14,23.7,10.9,29.16,16:40,5.04,0.0,
2024-08-14,23.7,10.9,29.16,16:40,5.04,0.0,
2024-08-15,29.0,7.9,24.12,17:20,5.04,0.0,
2024-08-15,29.0,7.9,24.12,17:20,5.04,0.0,
2024-08-16,31.9,9.7,19.08,13:20,2.88,0.0,
2024-08-16,31.9,9.7,19.08,13:20,2.88,0.0,
2024-08-17,29.2,15.4,21.96,14:00,5.04,1.6,
2024-08-17,29.2,15.4,21.96,14:00,5.04,1.6,
2024-08-18,25.5,16.7,29.88,13:30,5.04,0.0,
2024-08-18,25.5,16.7,29.88,13:30,5.04,0.0,
2024-08-19,30.4,15.2,21.96,16:50,5.04,0.0,
2024-08-19,30.4,15.2,21.96,16:50,5.04,0.0,
2024-08-20,24.3,13.1,34.92,15:20,6.84,0.0,
2024-08-20,24.3,13.1,34.92,15:20,6.84,0.0,
2024-08-21,24.2,15.3,27.0,12:10,6.84,0.0,
2024-08-21,24.2,15.3,27.0,12:10,6.84,0.0,
2024-08-22,28.4,15.3,20.88,16:30,3.96,0.0,
2024-08-22,28.4,15.3,20.88,16:30,3.96,0.0,
2024-08-23,31.8,17.0,20.88,16:00,5.04,0.0,
2024-08-23,31.8,17.0,20.88,16:00,5.04,0.0,
2024-08-24,23.8,10.1,25.92,14:20,7.92,6.2,
2024-08-24,23.8,10.1,25.92,14:20,7.92,6.2,
2024-08-25,23.2,7.5,33.12,08:30,5.04,0.0,
2024-08-25,23.2,7.5,33.12,08:30,5.04,0.0,
2024-08-26,26.4,7.4,23.04,09:00,6.12,0.0,
2024-08-26,26.4,7.4,23.04,09:00,6.12,0.0,
2024-08-27,29.9,11.3,20.16,15:50,3.96,0.0,
2024-08-27,29.9,11.3,20.16,15:50,3.96,0.0,
2024-08-28,27.7,14.1,29.88,16:10,5.04,0.0,
2024-08-28,27.7,14.1,29.88,16:10,5.04,0.0,
2024-08-29,23.7,15.6,38.16,16:30,7.92,0.0,
2024-08-29,23.7,15.6,38.16,16:30,7.92,0.0,
2024-08-30,24.3,17.4,28.08,12:50,6.12,0.0,
2024-08-30,24.3,17.4,28.08,12:50,6.12,0.0,
2024-08-31,23.9,17.7,23.04,17:50,6.12,0.0,
2024-08-31,23.9,17.7,23.04,17:50,6.12,0.0,
2024-09-01,28.9,17.1,19.08,15:50,3.96,2.6,
2024-09-01,28.9,17.1,19.08,15:50,3.96,2.6,
2024-09-02,17.7,11.0,23.04,18:20,3.96,2.8,
2024-09-02,17.7,11.0,23.04,18:20,3.96,2.8,
2024-09-03,19.2,10.1,34.92,12:50,9.0,0.0,
2024-09-03,19.2,10.1,34.92,12:50,9.0,0.0,
2024-09-04,23.7,7.8,32.04,17:10,5.04,0.4,
2024-09-04,23.7,7.8,32.04,17:10,5.04,0.4,
2024-09-05,16.1,7.8,16.92,Varias,2.88,2.2,
2024-09-05,16.1,7.8,16.92,Varias,2.88,2.2,
2024-09-06,15.0,7.7,25.92,10:10,5.04,46.8,
2024-09-06,15.0,7.7,25.92,10:10,5.04,46.8,
2024-09-07,21.7,8.4,21.96,13:20,5.04,0.0,
2024-09-07,21.7,8.4,21.96,13:20,5.04,0.0,
2024-09-08,22.5,6.6,15.12,Varias,3.96,0.0,
2024-09-08,22.5,6.6,15.12,Varias,3.96,0.0,
2024-09-09,20.9,10.9,20.88,17:10,5.04,0.0,
2024-09-09,20.9,10.9,20.88,17:10,5.04,0.0,
2024-09-10,19.2,7.1,27.0,11:30,5.04,0.0,
2024-09-10,19.2,7.1,27.0,11:30,5.04,0.0,
2024-09-11,20.4,6.8,21.96,15:20,2.88,1.2,
2024-09-11,20.4,6.8,21.96,15:20,2.88,1.2,
2024-09-12,18.9,12.2,24.12,17:40,6.12,2.8,
2024-09-12,18.9,12.2,24.12,17:40,6.12,2.8,
2024-09-13,19.9,6.4,34.92,Varias,6.84,0.0,
2024-09-13,19.9,6.4,34.92,Varias,6.84,0.0,
2024-09-14,23.7,4.4,20.88,16:00,2.88,0.0,
2024-09-14,23.7,4.4,20.88,16:00,2.88,0.0,
2024-09-15,23.8,7.4,27.0,14:30,5.04,0.0,
2024-09-15,23.8,7.4,27.0,14:30,5.04,0.0,
2024-09-16,24.5,6.4,39.96,17:00,6.84,0.0,
2024-09-16,24.5,6.4,39.96,17:00,6.84,0.0,
2024-09-17,22.1,6.4,38.88,12:50,6.84,0.0,
2024-09-17,22.1,6.4,38.88,12:50,6.84,0.0,
2024-09-18,23.6,6.8,27.0,14:20,3.96,0.0,
2024-09-18,23.6,6.8,27.0,14:20,3.96,0.0,
2024-09-19,25.6,12.1,18.0,13:10,5.04,0.0,
2024-09-19,25.6,12.1,18.0,13:10,5.04,0.0,
2024-09-20,20.9,10.8,18.0,13:10,2.88,0.8,
2024-09-20,20.9,10.8,18.0,13:10,2.88,0.8,
2024-09-21,22.3,13.6,15.84,16:00,2.16,0.2,
2024-09-21,22.3,13.6,15.84,16:00,2.16,0.2,
2024-09-22,20.9,9.3,20.16,16:50,3.96,0.0,
2024-09-22,20.9,9.3,20.16,16:50,3.96,0.0,
2024-09-23,21.1,10.0,29.88,19:20,7.92,10.2,
2024-09-23,21.1,10.0,29.88,19:20,7.92,10.2,
2024-09-24,19.4,12.4,30.96,01:20,6.12,1.8,
2024-09-24,19.4,12.4,30.96,01:20,6.12,1.8,
2024-09-25,21.2,14.3,51.12,11:40,14.04,53.2,
2024-09-25,21.2,14.3,51.12,11:40,14.04,53.2,
2024-09-26,19.2,11.7,48.96,08:50,15.84,1.8,
2024-09-26,19.2,11.7,48.96,08:50,15.84,1.8,
2024-09-27,17.1,6.2,32.04,02:10,2.88,2.4,
2024-09-27,17.1,6.2,32.04,02:10,2.88,2.4,
2024-09-28,19.7,5.3,16.92,14:00,2.88,0.0,
2024-09-28,19.7,5.3,16.92,14:00,2.88,0.0,
2024-09-29,24.0,11.9,42.12,16:00,9.0,0.0,
2024-09-29,24.0,11.9,42.12,16:00,9.0,0.0,
2024-09-30,22.1,16.0,28.08,00:10,6.12,0.0,
2024-09-30,22.1,16.0,28.08,00:10,6.12,0.0,
2024-10-01,21.1,16.5,29.88,14:50,9.0,6.6,
2024-10-01,21.1,16.5,29.88,14:50,9.0,6.6,
2024-10-02,20.0,14.3,30.96,13:00,9.0,20.8,
2024-10-02,20.0,14.3,30.96,13:00,9.0,20.8,
2024-10-03,20.5,13.5,14.04,11:50,2.16,0.2,
2024-10-03,20.5,13.5,14.04,11:50,2.16,0.2,
2024-10-04,23.3,13.0,19.08,12:10,1.08,0.2,
2024-10-04,23.3,13.0,19.08,12:10,1.08,0.2,
2024-10-05,19.5,15.7,42.84,13:10,10.08,20.0,
2024-10-05,19.5,15.7,42.84,13:10,10.08,20.0,
2024-10-06,19.6,13.0,42.84,05:40,11.16,3.2,
2024-10-06,19.6,13.0,42.84,05:40,11.16,3.2,
2024-10-07,18.7,12.3,48.96,13:20,12.96,4.6,
2024-10-07,18.7,12.3,48.96,13:20,12.96,4.6,
2024-10-08,17.5,12.3,42.84,17:40,11.88,39.8,
2024-10-08,17.5,12.3,42.84,17:40,11.88,39.8,
2024-10-09,19.0,11.9,63.0,03:00,11.16,17.4,
2024-10-09,19.0,11.9,63.0,03:00,11.16,17.4,
2024-10-10,17.2,7.3,20.88,11:00,2.88,0.8,
2024-10-10,17.2,7.3,20.88,11:00,2.88,0.8,
2024-10-11,19.8,5.3,41.04,17:00,6.12,6.0,
2024-10-11,19.8,5.3,41.04,17:00,6.12,6.0,
2024-10-12,23.2,12.6,28.08,01:30,5.04,0.0,
2024-10-12,23.2,12.6,28.08,01:30,5.04,0.0,
2024-10-13,24.8,10.0,28.08,13:00,5.04,0.0,
2024-10-13,24.8,10.0,28.08,13:00,5.04,0.0,
2024-10-14,23.2,12.0,19.08,11:40,5.04,0.0,
2024-10-14,23.2,12.0,19.08,11:40,5.04,0.0,
2024-10-15,20.4,12.2,11.88,14:10,2.88,6.6,
2024-10-15,20.4,12.2,11.88,14:10,2.88,6.6,
2024-10-16,18.0,11.8,27.0,13:50,9.0,5.8,
2024-10-16,18.0,11.8,27.0,13:50,9.0,5.8,
2024-10-17,17.5,10.0,32.04,11:20,5.04,0.4,
2024-10-17,17.5,10.0,32.04,11:20,5.04,0.4,
2024-10-18,16.9,10.7,28.08,16:00,6.84,1.8,
2024-10-18,16.9,10.7,28.08,16:00,6.84,1.8,
2024-10-19,16.8,14.2,32.04,16:10,9.0,5.4,
2024-10-19,16.8,14.2,32.04,16:10,9.0,5.4,
2024-10-20,20.4,15.3,38.88,13:30,9.0,0.0,
2024-10-20,20.4,15.3,38.88,13:30,9.0,0.0,
2024-10-21,18.6,10.6,24.12,00:20,3.96,1.8,
2024-10-21,18.6,10.6,24.12,00:20,3.96,1.8,
2024-10-22,17.1,7.8,28.08,13:30,6.84,0.0,
2024-10-22,17.1,7.8,28.08,13:30,6.84,0.0,
2024-10-23,22.6,6.3,24.12,14:00,2.88,0.0,
2024-10-23,22.6,6.3,24.12,14:00,2.88,0.0,
2024-10-24,21.1,10.0,41.04,12:10,10.08,7.4,
2024-10-24,21.1,10.0,41.04,12:10,10.08,7.4,
2024-10-25,12.7,7.8,21.96,00:30,6.12,1.8,
2024-10-25,12.7,7.8,21.96,00:30,6.12,1.8,
2024-10-26,12.0,7.1,19.08,15:40,5.04,5.6,
2024-10-26,12.0,7.1,19.08,15:40,5.04,5.6,
2024-10-27,14.9,8.9,28.08,15:10,3.96,0.2,
2024-10-27,14.9,8.9,28.08,15:10,3.96,0.2,
2024-10-28,17.8,8.4,29.16,16:10,3.96,0.2,
2024-10-28,17.8,8.4,29.16,16:10,3.96,0.2,
2024-10-29,18.0,9.3,25.92,13:50,6.12,0.0,
2024-10-29,18.0,9.3,25.92,13:50,6.12,0.0,
2024-10-30,19.7,10.3,33.84,13:30,6.84,0.0,
2024-10-30,19.7,10.3,33.84,13:30,6.84,0.0,
2024-10-31,19.9,7.2,15.12,05:40,2.88,0.0,
2024-10-31,19.9,7.2,15.12,05:40,2.88,0.0,
2024-11-01,22.6,7.7,11.16,13:40,2.88,0.0,
2024-11-01,22.6,7.7,11.16,13:40,2.88,0.0,
2024-11-02,22.0,6.0,9.0,Varias,1.08,0.0,
2024-11-02,22.0,6.0,9.0,Varias,1.08,0.0,
2024-11-03,22.7,7.4,14.04,13:40,2.88,0.0,
2024-11-03,22.7,7.4,14.04,13:40,2.88,0.0,
2024-11-04,16.0,4.5,7.92,12:20,1.08,1.0,
2024-11-04,16.0,4.5,7.92,12:20,1.08,1.0,
2024-11-05,22.4,8.5,23.04,13:30,3.96,0.0,
2024-11-05,22.4,8.5,23.04,13:30,3.96,0.0,
2024-11-06,23.1,6.7,10.08,12:40,2.16,0.0,
2024-11-06,23.1,6.7,10.08,12:40,2.16,0.0,
2024-11-07,22.8,6.3,11.88,14:10,2.88,0.0,
2024-11-07,22.8,6.3,11.88,14:10,2.88,0.0,
2024-11-08,20.4,9.4,20.88,11:40,3.96,5.8,
2024-11-08,20.4,9.4,20.88,11:40,3.96,5.8,
2024-11-09,14.6,9.4,20.88,21:00,3.96,15.8,
2024-11-09,14.6,9.4,20.88,21:00,3.96,15.8,
2024-11-10,17.8,12.3,20.88,14:50,2.16,6.2,
2024-11-10,17.8,12.3,20.88,14:50,2.16,6.2,
2024-11-11,16.9,9.6,27.0,13:20,9.0,0.0,
2024-11-11,16.9,9.6,27.0,13:20,9.0,0.0,
2024-11-12,15.0,5.2,38.16,13:20,6.84,0.0,
2024-11-12,15.0,5.2,38.16,13:20,6.84,0.0,
2024-11-13,12.6,3.3,51.84,14:20,11.88,0.2,
2024-11-13,12.6,3.3,51.84,14:20,11.88,0.2,
2024-11-14,16.0,5.8,38.16,00:20,6.12,2.0,
2024-11-14,16.0,5.8,38.16,00:20,6.12,2.0,
2024-11-15,18.8,7.0,10.08,00:30,2.88,0.4,
2024-11-15,18.8,7.0,10.08,00:30,2.88,0.4,
2024-11-16,16.0,6.0,12.96,12:20,1.08,0.6,
2024-11-16,16.0,6.0,12.96,12:20,1.08,0.6,
2024-11-17,16.3,6.1,20.88,12:50,5.04,0.2,
2024-11-17,16.3,6.1,20.88,12:50,5.04,0.2,
2024-11-18,17.2,8.1,15.12,09:10,2.16,0.2,
2024-11-18,17.2,8.1,15.12,09:10,2.16,0.2,
2024-11-19,12.8,9.9,24.84,13:30,7.92,1.0,
2024-11-19,12.8,9.9,24.84,13:30,7.92,1.0,
2024-11-20,15.2,9.9,42.84,14:10,12.96,2.8,
2024-11-20,15.2,9.9,42.84,14:10,12.96,2.8,
2024-11-21,12.8,8.1,42.12,Varias,14.04,22.6,
2024-11-21,12.8,8.1,42.12,Varias,14.04,22.6,
2024-11-22,12.2,1.0,20.16,23:30,3.96,0.0,
2024-11-22,12.2,1.0,20.16,23:30,3.96,0.0,
2024-11-23,18.6,9.9,48.96,14:50,14.04,0.0,
2024-11-23,18.6,9.9,48.96,14:50,14.04,0.0,
2024-11-24,20.7,11.0,59.04,15:00,16.92,21.4,
2024-11-24,20.7,11.0,59.04,15:00,16.92,21.4,
2024-11-25,11.1,6.6,28.08,12:40,9.0,1.8,
2024-11-25,11.1,6.6,28.08,12:40,9.0,1.8,
2024-11-26,14.2,8.1,30.96,11:20,9.0,0.0,
2024-11-26,14.2,8.1,30.96,11:20,9.0,0.0,
2024-11-27,15.9,5.1,28.08,11:30,6.12,0.0,
2024-11-27,15.9,5.1,28.08,11:30,6.12,0.0,
2024-11-28,20.1,1.8,19.08,14:30,5.04,0.0,
2024-11-28,20.1,1.8,19.08,14:30,5.04,0.0,
2024-11-29,18.9,6.3,33.12,14:50,6.84,0.2,
2024-11-29,18.9,6.3,33.12,14:50,6.84,0.2,
2024-11-30,17.4,7.6,36.0,14:30,5.04,0.6,
2024-11-30,17.4,7.6,36.0,14:30,5.04,0.6,
2024-12-01,17.4,10.9,39.96,01:50,2.88,5.0,
2024-12-01,17.4,10.9,39.96,01:50,2.88,5.0,
2024-12-02,13.6,5.4,15.12,15:30,2.16,0.0,
2024-12-02,13.6,5.4,15.12,15:30,2.16,0.0,
2024-12-03,10.7,4.4,29.16,17:20,6.84,5.6,
2024-12-03,10.7,4.4,29.16,17:20,6.84,5.6,
2024-12-04,13.0,9.0,19.08,19:20,2.16,0.8,
2024-12-04,13.0,9.0,19.08,19:20,2.16,0.8,
2024-12-05,14.2,10.0,30.96,17:10,10.08,0.2,
2024-12-05,14.2,10.0,30.96,17:10,10.08,0.2,
2024-12-06,13.7,11.6,27.0,21:50,7.92,2.2,
2024-12-06,13.7,11.6,27.0,21:50,7.92,2.2,
2024-12-07,12.2,3.9,33.84,02:20,5.04,2.8,
2024-12-07,12.2,3.9,33.84,02:20,5.04,2.8,
2024-12-08,9.1,3.2,29.16,14:30,2.88,3.6,
2024-12-08,9.1,3.2,29.16,14:30,2.88,3.6,
2024-12-09,8.9,2.0,32.04,13:40,2.88,5.2,
2024-12-09,8.9,2.0,32.04,13:40,2.88,5.2,
2024-12-10,8.9,0.8,23.04,14:30,1.08,0.0,
2024-12-10,8.9,0.8,23.04,14:30,1.08,0.0,
2024-12-11,10.2,-0.5,20.88,11:40,3.96,0.0,
2024-12-11,10.2,-0.5,20.88,11:40,3.96,0.0,
2024-12-12,11.3,-1.0,10.08,18:00,2.88,0.0,
2024-12-12,11.3,-1.0,10.08,18:00,2.88,0.0,
2024-12-13,11.6,-1.7,10.08,17:40,2.88,0.0,
2024-12-13,11.6,-1.7,10.08,17:40,2.88,0.0,
2024-12-14,7.5,-2.8,9.0,19:20,1.08,0.0,
2024-12-14,7.5,-2.8,9.0,19:20,1.08,0.0,
2024-12-15,7.4,-3.8,10.08,23:10,1.08,0.0,
2024-12-15,7.4,-3.8,10.08,23:10,1.08,0.0,
2024-12-16,12.5,-2.3,9.0,05:30,2.16,0.0,
2024-12-16,12.5,-2.3,9.0,05:30,2.16,0.0,
2024-12-17,18.2,3.4,42.84,13:40,11.16,0.0,
2024-12-17,18.2,3.4,42.84,13:40,11.16,0.0,
2024-12-18,14.4,12.1,42.12,21:40,14.04,19.2,
2024-12-18,14.4,12.1,42.12,21:40,14.04,19.2,
2024-12-19,12.5,1.4,39.96,04:30,3.96,1.2,
2024-12-19,12.5,1.4,39.96,04:30,3.96,1.2,
2024-12-20,7.3,0.3,11.88,20:40,2.16,0.0,
2024-12-20,7.3,0.3,11.88,20:40,2.16,0.0,
2024-12-21,9.9,3.0,20.88,10:40,3.96,0.8,
2024-12-21,9.9,3.0,20.88,10:40,3.96,0.8,
2024-12-22,12.1,7.4,20.88,15:00,6.12,1.0,
2024-12-22,12.1,7.4,20.88,15:00,6.12,1.0,
2024-12-23,10.4,2.4,32.04,14:40,5.04,0.2,
2024-12-23,10.4,2.4,32.04,14:40,5.04,0.2,
2024-12-24,12.7,0.8,21.96,16:00,5.04,0.0,
2024-12-24,12.7,0.8,21.96,16:00,5.04,0.0,
2024-12-25,11.4,1.6,9.0,Varias,2.16,0.2,
2024-12-25,11.4,1.6,9.0,Varias,2.16,0.2,
2024-12-26,7.1,0.6,5.04,11:30,1.08,0.0,
2024-12-26,7.1,0.6,5.04,11:30,1.08,0.0,
2024-12-27,6.8,0.2,6.12,11:50,1.08,0.0,
2024-12-27,6.8,0.2,6.12,11:50,1.08,0.0,
2024-12-28,9.8,-1.8,16.92,11:50,2.16,0.0,
2024-12-28,9.8,-1.8,16.92,11:50,2.16,0.0,
2024-12-29,11.4,4.9,11.88,Varias,2.88,0.0,
2024-12-29,11.4,4.9,11.88,Varias,2.88,0.0,
2024-12-30,12.1,0.1,19.08,05:50,5.04,0.0,
2024-12-30,12.1,0.1,19.08,05:50,5.04,0.0,
2024-12-31,8.2,-3.5,16.92,23:59,2.16,0.0,
2024-12-31,8.2,-3.5,16.92,23:59,2.16,0.0,
2025-01-01,10.7,-2.2,28.08,14:20,6.84,0.0,
2025-01-01,10.7,-2.2,28.08,14:20,6.84,0.0,
