Fecha,Temperatura_Maxima,Temperatura_Minima,Racha_Max_Km_h,Hora_Racha,Velocidad_Media_Km_h,Precipitacion_lm2,Horas_de_sol
2000-01-01,10.3,1.0,15.12,01:50,2.88,0.0,7.3
2000-01-02,11.0,1.8,29.16,21:50,2.16,0.0,7.2
2000-01-03,12.5,2.8,15.12,00:00,1.08,0.0,6.9
2000-01-04,11.2,5.2,14.04,15:10,2.16,0.0,0.0
2000-01-05,11.6,8.7,41.04,16:35,6.84,0.4,1.8
2000-01-06,15.4,8.4,36.0,02:05,2.16,0.0,2.9
2000-01-07,16.0,5.9,18.0,08:26,2.88,0.0,7.9
2000-01-08,10.4,7.4,21.96,22:45,2.16,8.8,0.0
2000-01-09,11.0,5.8,38.16,11:51,6.84,0.0,7.2
2000-01-10,11.5,3.0,27.0,14:31,2.88,0.0,7.9
2000-01-11,11.2,1.6,24.84,13:10,5.04,0.0,7.9
2000-01-12,13.0,1.3,16.92,04:56,1.08,0.6,6.9
2000-01-13,8.3,3.6,41.04,10:44,3.96,22.9,0.0
2000-01-14,7.5,4.5,33.84,13:46,5.04,2.6,0.0
2000-01-15,11.5,4.7,21.96,01:31,2.88,0.0,6.3
2000-01-16,13.8,4.3,29.88,17:58,6.84,0.0,7.6
2000-01-17,15.3,4.3,25.92,13:32,6.12,0.0,7.6
2000-01-18,12.6,2.8,12.96,10:12,6.12,0.0,7.6
2000-01-19,15.0,1.3,23.04,15:50,2.88,0.0,7.6
2000-01-20,13.2,2.5,19.08,00:00,1.08,0.0,7.4
2000-01-21,12.0,0.6,19.08,23:40,1.08,0.0,7.4
2000-01-22,11.9,2.5,36.0,15:10,5.04,0.0,7.2
2000-01-23,12.4,4.5,38.88,12:40,6.84,0.0,7.4
2000-01-24,11.2,3.0,21.96,12:15,2.16,0.0,7.6
2000-01-25,10.5,1.9,29.88,10:30,6.12,0.0,6.4
2000-01-26,12.6,1.9,29.88,12:40,6.12,0.4,4.2
2000-01-27,14.2,6.2,20.88,13:44,2.88,1.0,3.0
2000-01-28,13.2,6.9,12.96,03:25,2.16,0.0,4.4
2000-01-29,12.6,4.5,15.84,05:13,2.16,0.0,2.2
2000-01-30,15.8,5.7,19.08,23:15,1.08,0.0,8.2
2000-01-31,18.0,5.4,19.08,14:55,2.16,2.8,8.2
2000-02-01,14.6,9.9,28.08,Varias,6.84,15.8,0.0
2000-02-02,14.0,9.0,18.0,06:40,2.88,3.0,0.2
2000-02-03,14.8,6.0,15.12,04:55,3.96,0.0,3.9
2000-02-04,16.8,7.0,19.08,22:40,0.0,0.0,5.4
2000-02-05,18.6,7.5,20.16,01:10,3.96,0.0,5.7
2000-02-06,12.6,7.8,16.92,16:20,2.16,5.8,0.0
2000-02-07,14.5,10.9,27.0,13:40,6.12,0.6,0.0
2000-02-08,13.8,10.7,29.88,06:45,6.12,12.5,0.0
2000-02-09,16.5,9.2,18.0,13:05,3.96,5.6,4.1
2000-02-10,15.0,10.8,25.92,16:12,3.96,4.1,1.1
2000-02-11,12.4,7.4,21.96,22:25,1.08,7.0,0.0
2000-02-12,13.6,5.4,25.92,15:26,6.12,0.0,8.9
2000-02-13,12.4,4.4,14.04,06:52,2.88,0.2,1.5
2000-02-14,14.2,8.8,21.96,14:08,6.12,0.0,0.2
2000-02-15,14.4,7.4,15.12,13:54,1.08,2.0,0.9
2000-02-16,13.2,9.0,25.92,12:30,7.92,4.4,2.5
2000-02-17,14.4,8.2,20.88,14:35,2.88,0.5,0.0
2000-02-18,14.5,10.8,12.96,14:40,0.0,0.0,0.0
2000-02-19,16.4,9.6,30.96,14:20,3.96,0.0,7.5
2000-02-20,18.4,4.8,11.88,23:50,2.88,0.0,9.0
2000-02-21,16.3,6.5,27.0,19:10,7.92,0.0,7.7
2000-02-22,10.8,4.5,12.96,06:40,0.0,0.5,0.0
2000-02-23,17.1,10.0,18.0,16:10,2.88,0.0,2.6
2000-02-24,19.4,7.2,16.92,23:00,1.08,0.0,9.3
2000-02-25,19.8,8.0,20.16,07:55,1.08,0.0,10.5
2000-02-26,17.0,8.4,18.0,06:25,2.16,0.0,9.8
2000-02-27,14.0,8.3,18.0,23:12,1.08,1.9,1.8
2000-02-28,15.4,6.8,20.16,08:54,2.16,7.3,5.5
2000-02-29,13.0,5.5,18.0,21:39,2.88,6.2,0.0
2000-03-01,14.4,7.1,29.88,14:50,6.84,0.2,2.1
2000-03-02,15.5,4.0,15.12,23:20,2.16,0.0,10.0
2000-03-03,15.5,4.2,15.12,06:00,3.96,0.0,9.7
2000-03-04,19.0,6.0,30.96,16:00,6.12,0.0,7.1
2000-03-05,21.2,7.8,21.96,23:30,1.08,0.0,9.8
2000-03-06,21.6,10.8,20.16,07:00,2.88,0.0,6.3
2000-03-07,21.0,9.8,27.0,23:10,1.08,0.0,9.4
2000-03-08,25.3,10.6,20.88,21:40,1.08,0.0,9.5
2000-03-09,26.2,12.6,21.96,02:40,0.0,0.0,9.0
2000-03-10,27.7,13.0,18.0,23:40,1.08,0.0,9.9
2000-03-11,27.5,14.0,29.88,05:50,3.96,0.0,7.2
2000-03-12,17.8,11.3,16.92,13:50,2.16,0.0,2.0
2000-03-13,20.0,7.8,14.04,20:40,1.08,0.0,8.9
2000-03-14,23.6,6.4,23.04,16:15,2.88,0.0,10.2
2000-03-15,23.8,9.8,32.04,14:24,6.12,0.0,10.4
2000-03-16,26.2,8.9,21.96,14:20,1.08,0.0,10.4
2000-03-17,24.5,9.2,29.16,16:26,2.88,0.0,10.5
2000-03-18,22.5,6.7,28.08,20:55,6.84,0.0,10.6
2000-03-19,19.5,7.4,33.84,21:13,5.04,0.0,10.7
2000-03-20,18.4,5.2,27.0,10:46,6.12,0.0,10.7
2000-03-21,19.5,8.0,33.84,15:57,2.88,6.6,6.0
2000-03-22,17.6,8.0,27.0,16:42,2.88,4.8,5.5
2000-03-23,15.2,8.8,24.12,15:07,1.08,0.6,5.3
2000-03-24,15.2,7.7,29.88,11:39,6.84,10.1,2.6
2000-03-25,14.2,6.2,21.96,16:13,1.08,0.6,6.7
2000-03-26,15.0,5.0,20.16,04:55,5.04,0.0,7.6
2000-03-27,14.4,6.0,30.96,15:06,6.12,0.5,1.5
2000-03-28,13.5,3.6,37.08,17:32,6.84,0.0,10.2
2000-03-29,15.2,2.5,23.04,17:10,6.84,0.0,9.7
2000-03-30,17.1,2.0,16.92,15:10,2.88,0.0,11.0
2000-03-31,14.5,3.3,19.08,11:00,2.16,0.0,9.9
2000-04-01,14.8,4.0,47.88,13:50,6.12,20.0,0.0
2000-04-02,13.6,9.5,29.88,21:10,3.96,13.8,0.3
2000-04-03,11.8,8.2,42.12,04:10,2.16,9.6,1.0
2000-04-04,12.0,4.0,45.0,10:40,7.92,1.5,4.8
2000-04-05,11.8,2.5,16.92,23:53,2.16,0.0,4.6
2000-04-06,17.8,3.8,18.0,12:45,1.08,0.0,10.5
2000-04-07,22.7,8.2,19.08,14:05,3.96,0.6,5.1
2000-04-08,18.4,11.1,19.08,02:15,3.96,14.1,0.0
2000-04-09,17.4,8.1,39.96,17:45,9.0,0.3,5.2
2000-04-10,14.4,6.6,33.12,19:17,7.92,0.7,3.3
2000-04-11,14.0,5.0,21.96,14:13,2.16,7.8,1.6
2000-04-12,11.5,8.4,29.16,04:30,0.0,20.3,0.0
2000-04-13,11.4,7.6,19.08,23:40,2.88,46.4,0.0
2000-04-14,12.6,6.7,34.92,04:00,5.04,6.3,5.0
2000-04-15,14.5,6.0,27.0,09:50,2.88,17.0,3.7
2000-04-16,14.0,6.5,30.96,05:20,1.08,13.1,4.1
2000-04-17,16.0,8.2,30.96,21:10,5.04,29.3,4.0
2000-04-18,15.6,10.4,46.08,03:10,2.16,22.9,0.0
2000-04-19,15.6,12.6,47.88,18:05,9.0,27.9,3.5
2000-04-20,16.5,11.4,47.88,02:51,6.84,10.7,5.6
2000-04-21,15.8,10.5,38.16,09:59,2.88,19.2,1.1
2000-04-22,13.4,8.0,30.96,13:15,2.16,25.0,3.7
2000-04-23,14.1,7.4,39.96,10:33,2.88,32.7,2.0
2000-04-24,14.0,9.6,54.0,15:14,11.16,47.6,0.0
2000-04-25,15.6,9.0,46.08,14:56,7.92,7.8,4.8
2000-04-26,15.5,6.5,21.96,16:10,2.88,0.7,4.0
2000-04-27,15.2,7.0,32.04,17:20,5.04,1.0,11.1
2000-04-28,12.5,5.5,33.12,18:50,5.04,10.8,0.6
2000-04-29,16.0,10.0,39.96,04:20,2.88,16.9,2.2
2000-04-30,18.8,10.6,15.12,11:30,2.16,5.8,7.3
2000-05-01,17.6,11.5,12.96,04:40,2.88,0.9,1.1
2000-05-02,19.7,12.0,19.08,21:10,1.08,0.0,9.7
2000-05-03,26.0,11.4,20.88,15:09,2.16,11.8,8.4
2000-05-04,20.4,11.6,24.12,11:59,3.96,4.5,3.0
2000-05-05,20.6,12.0,20.16,09:50,2.16,3.4,4.8
2000-05-06,22.0,10.9,20.16,15:09,1.08,10.9,7.0
2000-05-07,22.0,11.2,16.92,14:35,1.08,2.6,3.8
2000-05-08,19.2,11.0,18.0,13:19,1.08,6.8,2.1
2000-05-09,21.0,10.7,15.12,14:20,2.16,4.8,3.6
2000-05-10,20.0,11.6,14.04,12:14,1.08,8.3,4.8
2000-05-11,17.8,11.6,18.0,13:21,1.08,0.0,4.2
2000-05-12,20.5,9.2,23.04,15:10,2.16,0.0,11.3
2000-05-13,22.2,9.4,15.12,12:40,2.16,0.0,12.8
2000-05-14,23.8,11.4,18.0,14:10,2.16,0.0,12.6
2000-05-15,24.6,12.4,25.92,17:40,6.12,0.0,12.9
2000-05-16,22.6,11.0,33.12,10:20,5.04,0.0,12.8
2000-05-17,21.0,10.2,33.84,15:20,6.84,0.0,9.6
2000-05-18,22.4,7.0,38.88,11:10,7.92,0.0,13.1
2000-05-19,23.8,10.5,38.88,15:51,10.08,0.0,13.2
2000-05-20,26.0,8.8,33.84,14:46,7.92,0.0,13.3
2000-05-21,24.5,12.9,42.12,18:51,7.92,0.0,13.0
2000-05-22,23.6,10.2,15.84,13:37,0.0,0.0,9.5
2000-05-23,23.6,12.2,20.16,15:41,2.88,0.0,13.3
2000-05-24,17.8,11.8,20.88,15:00,2.16,15.8,0.5
2000-05-25,18.8,14.5,16.92,21:00,0.0,7.9,0.0
2000-05-26,17.5,10.2,24.84,15:00,3.96,5.1,2.8
2000-05-27,17.5,8.0,39.96,22:40,5.04,40.4,4.5
2000-05-28,16.8,12.5,29.16,00:30,2.88,33.2,0.0
2000-05-29,19.0,14.6,19.08,03:00,2.16,2.4,0.4
2000-05-30,20.8,13.8,12.96,15:50,1.08,0.0,6.3
2000-05-31,21.5,11.5,15.12,16:10,2.16,0.0,11.3
2000-06-01,22.3,10.5,16.92,11:36,1.08,0.0,12.7
2000-06-02,22.5,11.5,16.92,16:32,0.0,0.0,10.2
2000-06-03,23.6,11.8,39.96,16:54,7.92,0.0,12.3
2000-06-04,19.5,12.3,38.88,11:01,9.0,0.0,7.9
2000-06-05,22.1,10.3,29.88,18:48,6.84,0.0,12.7
2000-06-06,26.5,8.5,32.04,13:30,9.0,0.0,12.8
2000-06-07,26.5,10.7,15.84,14:54,1.08,0.0,12.7
2000-06-08,20.4,12.0,24.12,14:49,2.88,6.3,9.6
2000-06-09,15.8,9.5,38.88,00:34,2.16,5.4,5.3
2000-06-10,18.2,7.2,16.92,13:22,1.08,4.8,3.9
2000-06-11,22.4,12.8,25.92,18:24,1.08,0.9,10.0
2000-06-12,29.2,10.5,38.16,17:05,6.84,0.0,12.5
2000-06-13,31.8,13.2,29.88,14:51,6.84,0.0,12.6
2000-06-14,33.2,15.2,19.08,12:20,2.88,0.0,12.5
2000-06-15,35.0,20.4,20.88,23:40,0.0,0.0,12.3
2000-06-16,31.5,20.5,19.08,00:00,0.0,0.0,11.7
2000-06-17,35.2,19.5,19.08,14:40,2.16,0.0,11.7
2000-06-18,24.6,15.8,27.0,10:59,2.88,0.0,5.0
2000-06-19,20.8,15.8,24.12,17:55,1.08,0.1,1.3
2000-06-20,22.6,14.4,33.12,14:53,3.96,3.1,1.3
2000-06-21,22.4,13.2,18.0,12:08,2.88,0.0,9.3
2000-06-22,23.4,12.6,33.12,17:45,9.0,0.0,9.7
2000-06-23,25.2,12.6,42.84,08:03,7.92,0.0,11.7
2000-06-24,30.6,15.6,38.88,00:35,6.84,0.0,11.8
2000-06-25,35.2,14.2,18.0,14:19,5.04,0.0,8.4
2000-06-26,23.9,17.8,18.0,12:25,0.0,0.1,1.1
2000-06-27,22.2,16.5,25.92,16:01,1.08,1.5,3.8
2000-06-28,22.2,16.0,20.16,16:01,0.0,0.0,3.4
2000-06-29,23.3,14.8,19.08,15:01,1.08,0.0,12.0
2000-06-30,24.7,12.0,25.92,18:20,1.08,16.1,5.8
2000-07-01,20.8,14.9,21.96,13:37,1.08,9.8,5.9
2000-07-02,21.8,15.0,29.88,15:28,5.04,6.1,5.3
2000-07-03,20.5,14.8,24.12,14:10,2.16,11.6,4.4
2000-07-04,21.5,14.5,18.0,13:03,2.16,0.0,5.9
2000-07-05,23.5,11.7,18.0,14:16,2.88,0.0,12.8
2000-07-06,20.4,12.0,29.16,16:09,3.96,4.5,4.1
2000-07-07,23.6,15.4,38.88,17:38,7.92,0.0,9.3
2000-07-08,25.2,13.4,38.88,14:57,10.08,0.0,13.1
2000-07-09,28.0,12.8,29.88,13:56,5.04,12.0,12.9
2000-07-10,21.6,14.6,34.92,14:28,7.92,0.0,4.8
2000-07-11,22.4,12.0,36.0,16:07,6.84,0.0,12.5
2000-07-12,26.4,11.6,29.16,15:51,10.08,0.0,13.4
2000-07-13,29.4,14.2,29.88,16:27,7.92,0.0,13.4
2000-07-14,29.4,15.4,38.88,15:34,6.84,0.0,13.4
2000-07-15,28.8,16.4,39.96,19:17,9.0,0.0,13.4
2000-07-16,30.6,17.8,34.92,15:03,6.84,0.0,13.4
2000-07-17,28.8,15.2,16.92,14:43,2.16,0.0,11.6
2000-07-18,20.4,15.4,12.96,05:15,1.08,0.0,0.1
2000-07-19,21.2,14.8,15.12,13:53,0.0,0.0,0.2
2000-07-20,22.5,14.2,19.08,15:19,0.0,0.0,4.4
2000-07-21,22.8,15.8,19.08,13:21,2.16,0.0,9.9
2000-07-22,21.8,15.0,28.08,13:19,2.16,5.7,7.2
2000-07-23,21.5,15.0,23.04,10:38,2.88,0.8,3.5
2000-07-24,20.4,16.5,24.84,21:55,2.88,23.2,0.0
2000-07-25,21.8,15.6,29.88,15:56,6.12,4.6,4.8
2000-07-26,22.3,16.3,24.84,14:27,2.16,0.7,6.2
2000-07-27,22.8,15.1,15.12,16:42,0.0,0.0,9.4
2000-07-28,24.5,13.8,18.0,23:08,2.88,0.0,8.5
2000-07-29,29.5,14.4,27.0,17:06,6.84,0.0,13.2
2000-07-30,29.4,14.2,15.12,23:03,1.08,0.0,13.2
2000-07-31,28.2,16.6,14.04,13:47,2.16,0.0,13.1
2000-08-01,27.0,14.7,33.12,09:33,7.92,0.0,11.8
2000-08-02,26.4,14.4,34.92,17:48,11.16,0.0,13.1
2000-08-03,25.0,13.5,36.0,17:29,7.92,0.0,12.8
2000-08-04,24.6,12.6,41.04,17:14,6.12,0.0,12.9
2000-08-05,27.8,15.2,36.0,14:28,6.12,0.0,12.9
2000-08-06,30.4,14.4,29.88,14:41,5.04,0.0,12.9
2000-08-07,32.0,14.9,21.96,10:06,2.88,0.0,12.8
2000-08-08,32.0,18.0,18.0,Varias,1.08,0.0,12.7
2000-08-09,26.0,15.0,15.12,15:39,2.88,0.0,12.1
2000-08-10,23.0,13.4,15.12,16:03,1.08,0.0,7.4
2000-08-11,22.4,16.4,15.12,15:38,1.08,0.0,1.6
2000-08-12,23.0,15.0,16.92,11:18,1.08,0.0,7.2
2000-08-13,22.6,17.4,16.92,13:54,1.08,0.2,4.5
2000-08-14,23.6,16.6,14.04,17:50,0.0,1.4,4.3
2000-08-15,30.2,14.2,16.92,11:35,2.16,0.0,12.1
2000-08-16,28.8,15.4,28.08,18:02,6.12,0.0,12.2
2000-08-17,27.4,14.4,24.84,11:35,2.16,0.0,8.9
2000-08-18,22.6,15.4,12.96,14:03,1.08,5.6,0.4
2000-08-19,21.8,17.3,20.16,14:45,2.16,12.6,1.8
2000-08-20,22.0,13.8,20.16,15:01,2.88,0.4,8.5
2000-08-21,21.8,11.4,19.08,13:35,2.16,0.0,11.8
2000-08-22,19.5,13.6,56.88,13:30,11.16,41.0,2.9
2000-08-23,21.3,13.6,46.08,13:29,11.88,0.0,10.7
2000-08-24,23.9,14.5,46.08,13:29,3.96,0.0,11.5
2000-08-25,24.6,13.5,20.16,11:08,5.04,0.0,9.8
2000-08-26,24.1,14.5,30.96,15:48,5.04,0.0,11.5
2000-08-27,25.0,12.5,28.08,14:10,7.92,0.0,12.2
2000-08-28,24.6,11.3,15.84,12:04,0.0,0.0,9.8
2000-08-29,23.3,14.8,15.84,14:55,1.08,0.0,9.5
2000-08-30,23.3,14.9,24.12,18:42,2.88,0.0,6.7
2000-08-31,23.6,12.0,12.96,16:28,0.0,0.0,12.1
2000-09-01,25.4,13.6,29.16,10:21,6.12,0.0,10.6
2000-09-02,26.4,12.8,29.16,12:50,7.92,0.0,10.9
2000-09-03,25.8,14.4,24.84,15:25,2.16,0.0,10.2
2000-09-04,26.6,13.8,28.08,14:07,5.04,0.0,10.9
2000-09-05,27.4,11.8,15.84,14:33,1.08,0.0,11.0
2000-09-06,26.6,13.6,25.92,12:39,6.12,0.0,10.2
2000-09-07,29.2,14.4,29.16,14:35,5.04,0.0,11.2
2000-09-08,28.2,15.6,12.96,23:05,3.96,0.0,11.2
2000-09-09,25.9,16.3,15.12,15:07,2.16,0.0,10.2
2000-09-10,20.8,13.6,11.16,Varias,0.0,0.0,6.2
2000-09-11,24.4,13.2,15.12,14:36,2.16,0.0,9.5
2000-09-12,23.4,13.0,14.04,13:36,1.08,0.0,8.8
2000-09-13,22.6,13.5,11.88,13:58,1.08,0.0,5.0
2000-09-14,23.2,15.6,16.92,23:35,2.16,0.0,8.5
2000-09-15,24.6,13.4,19.08,05:55,1.08,0.0,6.6
2000-09-16,24.2,12.8,16.92,14:31,1.08,0.0,9.9
2000-09-17,23.6,13.0,15.84,14:21,2.16,0.0,9.5
2000-09-18,21.6,13.4,28.08,21:07,2.88,23.6,3.2
2000-09-19,14.0,9.8,29.88,12:58,5.04,34.1,0.2
2000-09-20,18.2,8.6,21.96,23:45,2.88,0.0,7.4
2000-09-21,20.2,15.2,29.16,00:39,2.16,0.8,0.0
2000-09-22,24.4,14.2,16.92,11:10,1.08,0.0,10.7
2000-09-23,20.5,13.0,33.84,12:10,2.88,9.1,1.5
2000-09-24,20.4,12.1,14.04,23:35,0.0,0.0,6.9
2000-09-25,22.4,10.0,20.16,03:05,2.88,4.2,10.3
2000-09-26,22.0,13.8,14.04,12:34,1.08,0.0,7.1
2000-09-27,20.4,10.6,20.16,22:15,2.16,16.1,7.0
2000-09-28,19.6,12.0,41.04,07:18,2.88,26.5,3.1
2000-09-29,18.2,12.2,23.04,13:53,5.04,1.8,3.9
2000-09-30,18.6,11.4,33.12,14:20,5.04,2.5,5.5
2000-10-01,17.8,13.6,29.88,16:33,1.08,6.4,0.0
2000-10-02,19.6,10.4,16.92,23:36,5.04,0.0,9.8
2000-10-03,21.2,8.6,14.04,23:10,0.0,0.0,9.2
2000-10-04,22.6,12.0,28.08,17:38,6.84,0.0,4.9
2000-10-05,21.2,14.5,38.88,10:42,7.92,0.0,10.3
2000-10-06,22.5,11.8,33.12,16:42,6.12,0.0,9.8
2000-10-07,22.8,9.5,12.96,Varias,3.96,0.0,9.5
2000-10-08,22.0,7.0,32.04,12:56,7.92,0.0,9.8
2000-10-09,16.6,10.3,29.16,20:18,1.08,10.1,4.0
2000-10-10,16.5,11.6,39.96,23:21,2.88,27.0,0.0
2000-10-11,16.5,8.2,39.96,03:10,3.96,15.5,3.3
2000-10-12,15.0,8.2,37.08,11:52,2.16,3.5,4.8
2000-10-13,16.5,7.5,21.96,12:02,2.88,3.1,4.9
2000-10-14,12.8,7.6,15.84,01:14,0.0,4.0,0.0
2000-10-15,14.1,10.3,15.12,23:45,0.0,1.3,0.0
2000-10-16,17.4,7.3,19.08,03:37,0.0,0.0,6.1
2000-10-17,20.7,12.7,19.08,11:25,0.0,0.0,7.3
2000-10-18,18.6,13.1,33.84,09:27,6.12,22.5,1.1
2000-10-19,18.2,12.8,12.96,01:15,0.0,10.0,2.7
2000-10-20,12.8,7.2,38.88,12:24,6.12,19.6,0.1
2000-10-21,15.2,5.6,30.96,15:48,6.12,0.0,8.8
2000-10-22,18.4,7.0,15.12,21:35,2.16,0.0,6.9
2000-10-23,19.4,9.8,30.96,16:06,6.84,0.0,8.6
2000-10-24,22.4,10.2,16.92,23:10,1.08,0.0,7.9
2000-10-25,19.2,11.8,12.96,07:38,1.08,7.9,5.9
2000-10-26,18.9,13.0,6.84,Varias,0.0,0.0,1.2
2000-10-27,15.9,10.1,19.08,05:42,0.0,0.0,1.0
2000-10-28,17.0,8.2,33.84,11:27,5.04,8.7,0.0
2000-10-29,15.4,6.2,16.92,23:35,2.88,0.0,4.8
2000-10-30,15.2,8.4,48.96,10:37,7.92,37.1,0.0
2000-10-31,15.2,8.5,36.0,12:52,6.12,6.2,3.3
2000-11-01,16.2,9.6,51.84,20:26,7.92,43.5,0.0
2000-11-02,16.2,8.3,51.12,00:05,2.16,5.9,2.6
2000-11-03,14.0,6.1,37.08,14:24,1.08,7.9,5.0
2000-11-04,13.3,7.3,25.92,15:55,2.16,65.1,0.0
2000-11-05,16.5,11.9,0.0,,6.84,46.0,0.0
2000-11-06,12.3,7.5,66.96,10:22,14.04,13.7,3.3
2000-11-07,11.2,5.1,41.04,02:05,2.88,11.0,3.5
2000-11-08,9.8,4.5,20.16,13:02,2.88,8.9,2.2
2000-11-09,12.6,5.6,21.96,10:35,1.08,2.9,3.3
2000-11-10,14.4,4.2,18.0,02:04,3.96,0.0,7.9
2000-11-11,14.2,3.4,20.16,06:10,2.16,1.9,7.9
2000-11-12,11.7,7.6,66.96,10:49,6.84,50.0,0.0
2000-11-13,13.0,6.5,23.04,05:40,2.16,7.1,5.5
2000-11-14,11.5,4.8,12.96,04:05,2.16,0.0,5.5
2000-11-15,12.6,3.0,14.04,00:50,3.96,6.3,6.3
2000-11-16,12.4,6.8,21.96,13:31,2.16,2.1,0.1
2000-11-17,12.2,5.2,12.96,12:47,1.08,0.0,2.3
2000-11-18,11.2,7.8,15.84,15:47,0.0,10.4,0.0
2000-11-19,13.2,10.2,23.04,12:49,5.04,7.4,1.2
2000-11-20,12.0,9.0,19.08,16:25,0.0,5.1,0.0
2000-11-21,14.0,10.6,47.16,14:54,12.96,32.5,0.0
2000-11-22,14.1,9.1,46.08,17:32,9.0,14.9,0.0
2000-11-23,11.8,6.5,42.84,11:20,6.12,7.3,1.3
2000-11-24,14.6,6.3,33.84,09:25,3.96,39.3,0.0
2000-11-25,16.2,14.2,33.12,13:30,2.88,6.6,0.0
2000-11-26,16.5,13.6,38.16,17:15,5.04,26.3,0.0
2000-11-27,17.2,15.6,43.92,07:01,14.04,0.0,0.0
2000-11-28,22.3,12.3,78.84,13:13,18.0,11.1,3.3
2000-11-29,15.3,10.6,33.12,04:25,5.04,2.2,4.5
2000-11-30,15.7,11.7,64.08,Varias,15.84,58.1,0.0
2000-12-01,15.9,8.7,45.0,10:57,3.96,38.2,2.4
2000-12-02,14.6,8.0,29.16,13:22,2.88,10.7,4.1
2000-12-03,15.8,8.6,55.08,22:13,11.88,13.8,0.0
2000-12-04,17.3,14.3,50.04,21:30,11.16,12.0,0.8
2000-12-05,16.5,11.0,57.96,06:43,10.08,11.7,0.0
2000-12-06,17.2,12.2,47.88,10:55,6.84,62.6,0.0
2000-12-07,19.6,10.6,68.04,07:25,7.92,54.5,0.0
2000-12-08,12.6,8.8,51.12,05:05,3.96,13.8,0.8
2000-12-09,15.4,8.6,54.0,19:12,9.0,38.8,0.0
2000-12-10,16.4,11.4,51.84,00:50,6.12,16.4,0.8
2000-12-11,15.0,13.2,48.96,01:25,14.04,0.5,0.0
2000-12-12,15.6,12.7,56.16,15:25,11.16,12.1,0.0
2000-12-13,15.5,11.4,23.04,12:02,5.04,23.7,2.1
2000-12-14,12.2,7.5,20.16,14:52,2.16,9.2,0.1
2000-12-15,10.5,5.5,11.16,Varias,2.16,1.2,2.1
2000-12-16,11.4,5.4,16.92,22:45,2.16,0.0,1.6
2000-12-17,12.0,8.6,42.12,10:50,6.84,32.0,0.0
2000-12-18,14.0,10.8,47.16,13:14,9.0,21.5,0.0
2000-12-19,16.5,12.3,43.92,15:56,10.08,0.7,0.0
2000-12-20,15.4,6.0,48.96,01:44,3.96,4.2,0.2
2000-12-21,13.4,6.7,59.04,21:14,14.04,1.8,0.0
2000-12-22,13.6,9.5,54.0,00:25,6.84,6.2,0.0
2000-12-23,13.1,9.0,38.16,14:51,10.08,15.2,1.7
2000-12-24,12.6,9.0,25.92,12:39,2.16,14.0,1.3
2000-12-25,11.6,8.5,66.96,19:06,11.16,35.5,0.0
2000-12-26,12.2,8.7,51.84,05:05,5.04,22.6,0.2
2000-12-27,10.1,5.4,47.16,10:49,2.88,17.9,0.2
2000-12-28,14.2,5.0,55.08,08:52,6.84,7.5,0.2
2000-12-29,13.2,7.2,61.92,23:48,3.96,31.9,0.1
2000-12-30,12.4,8.4,60.12,02:25,5.04,1.5,1.3
2000-12-31,15.6,8.6,69.84,19:35,15.12,38.7,0.0
2001-01-01,14.2,8.4,0.0,,0.0,7.2,1.3
2001-01-02,12.2,7.4,39.96,13:05,1.08,11.9,0.3
2001-01-03,14.4,9.7,69.84,23:07,9.0,19.6,0.0
2001-01-04,14.3,10.6,55.08,23:05,11.16,27.0,0.0
2001-01-05,16.0,7.7,86.04,04:28,9.0,15.9,0.0
2001-01-06,9.8,4.6,16.92,23:13,2.16,7.8,3.0
2001-01-07,11.2,3.5,14.04,13:52,0.0,0.5,2.5
2001-01-08,10.8,3.9,59.04,23:55,3.96,13.0,0.0
2001-01-09,12.2,7.7,65.88,10:15,11.16,6.9,0.0
2001-01-10,15.6,10.2,33.84,06:31,5.04,27.0,0.0
2001-01-11,13.5,7.5,29.88,13:35,2.16,3.4,4.1
2001-01-12,14.2,5.3,20.16,14:27,1.08,0.0,7.4
2001-01-13,13.6,7.3,25.92,15:47,2.16,0.0,7.1
2001-01-14,13.6,6.4,19.08,18:13,2.88,0.0,4.5
2001-01-15,10.9,7.1,12.96,06:32,0.0,4.5,0.5
2001-01-16,11.7,6.3,12.96,19:06,0.0,10.0,0.0
2001-01-17,10.4,5.4,50.04,20:25,6.12,15.6,0.2
2001-01-18,10.0,6.6,32.04,07:14,2.16,13.8,0.3
2001-01-19,14.2,6.0,14.04,15:08,0.0,0.0,3.2
2001-01-20,11.4,6.6,20.88,21:33,2.16,0.0,0.0
2001-01-21,11.8,9.0,48.96,23:45,6.12,4.8,0.0
2001-01-22,14.8,10.0,61.92,07:47,10.08,10.5,0.5
2001-01-23,15.6,11.0,65.16,17:56,16.92,19.3,0.0
2001-01-24,12.6,7.7,51.12,12:43,5.04,18.4,0.5
2001-01-25,10.0,5.6,45.0,11:19,2.16,17.6,0.5
2001-01-26,13.4,7.7,45.0,08:55,5.04,55.9,0.0
2001-01-27,13.6,7.8,78.84,21:05,1.08,11.9,1.5
2001-01-28,10.7,6.8,0.0,,18.0,7.5,1.5
2001-01-29,11.9,4.3,27.0,12:52,6.12,0.0,7.1
2001-01-30,11.3,7.7,16.92,02:45,1.08,1.2,0.0
2001-01-31,13.1,10.3,0.0,,0.0,1.2,0.0
2001-02-01,15.6,9.4,0.0,,0.0,0.0,2.3
2001-02-02,14.6,6.0,0.0,,0.0,0.0,7.9
2001-02-03,12.4,8.2,25.92,23:45,0.0,0.6,0.6
2001-02-04,13.8,9.8,42.12,09:05,6.84,9.9,2.6
2001-02-05,14.6,11.0,70.92,19:47,11.88,22.9,0.0
2001-02-06,14.5,10.3,64.08,00:15,10.08,27.8,1.0
2001-02-07,12.0,8.4,38.16,13:44,6.12,34.1,1.5
2001-02-08,14.0,7.2,28.08,08:34,0.0,6.4,3.7
2001-02-09,13.6,5.6,28.08,16:11,2.88,21.7,0.0
2001-02-10,16.8,12.0,19.08,01:15,1.08,0.8,3.4
2001-02-11,20.8,8.2,20.88,14:26,2.16,0.0,7.7
2001-02-12,19.4,10.8,18.0,23:15,0.0,0.0,7.7
2001-02-13,18.9,10.2,15.12,00:35,1.08,0.0,3.4
2001-02-14,16.4,7.0,30.96,21:38,2.88,0.0,7.2
2001-02-15,17.0,4.5,12.96,00:05,2.16,0.0,9.3
2001-02-16,18.0,6.0,19.08,06:28,2.88,0.0,9.3
2001-02-17,18.5,5.0,30.96,08:01,1.08,0.0,9.4
2001-02-18,16.2,2.8,33.12,16:57,6.12,0.0,9.6
2001-02-19,15.6,5.0,24.84,13:24,3.96,0.0,9.6
2001-02-20,17.6,3.2,19.08,06:48,3.96,0.0,9.6
2001-02-21,18.2,4.2,19.08,00:43,0.0,0.0,9.8
2001-02-22,19.0,5.8,18.0,Varias,2.88,0.0,8.4
2001-02-23,14.9,3.3,25.92,19:35,2.88,0.0,8.5
2001-02-24,12.9,5.0,37.08,05:47,7.92,0.0,8.0
2001-02-25,12.5,3.6,30.96,13:26,3.96,0.0,9.8
2001-02-26,12.0,0.0,20.16,18:15,0.0,8.3,6.8
2001-02-27,10.2,3.1,50.04,13:34,6.84,4.4,4.3
2001-02-28,10.4,1.7,29.16,14:50,1.08,5.6,4.1
2001-03-01,11.2,3.8,27.0,19:15,1.08,43.7,0.0
2001-03-02,15.0,9.8,65.16,13:23,10.08,15.5,0.2
2001-03-03,13.0,8.6,29.16,08:46,0.0,42.2,0.5
2001-03-04,13.8,8.8,20.16,23:45,1.08,6.5,0.1
2001-03-05,17.3,10.6,46.08,22:05,7.92,19.4,2.3
2001-03-06,17.7,14.0,65.16,06:15,20.16,24.1,2.2
2001-03-07,16.2,8.6,33.12,20:15,7.92,19.6,3.2
2001-03-08,13.6,8.6,47.16,02:43,2.88,19.7,0.0
2001-03-09,14.6,11.4,24.84,11:47,2.88,33.9,0.0
2001-03-10,15.2,13.6,21.96,23:35,0.0,12.1,0.0
2001-03-11,14.8,12.7,38.88,04:55,6.84,14.3,0.0
2001-03-12,13.1,8.3,34.92,12:29,3.96,2.6,5.1
2001-03-13,15.0,8.0,15.12,15:54,0.0,7.4,1.9
2001-03-14,14.2,8.1,16.92,Varias,0.0,0.5,4.5
2001-03-15,15.0,6.0,24.12,23:05,0.0,10.3,6.1
2001-03-16,13.5,8.2,45.0,12:08,11.16,10.2,1.5
2001-03-17,14.6,8.4,43.92,12:47,11.16,14.9,1.3
2001-03-18,15.2,10.0,25.92,23:25,2.88,18.9,3.7
2001-03-19,14.8,10.5,51.84,13:47,12.96,56.2,0.0
2001-03-20,15.9,13.5,59.04,19:54,15.12,46.1,0.0
2001-03-21,16.3,13.6,83.16,12:27,10.08,30.6,0.0
2001-03-22,17.8,12.3,74.16,11:19,12.96,33.0,0.0
2001-03-23,18.8,12.2,32.04,00:05,3.96,28.8,3.4
2001-03-24,15.6,10.2,39.96,10:16,2.16,6.1,3.5
2001-03-25,14.0,8.2,29.16,13:31,3.96,8.9,1.1
2001-03-26,17.0,8.4,20.16,14:38,1.08,3.9,9.1
2001-03-27,13.6,6.7,27.0,17:54,2.16,20.0,1.4
2001-03-28,15.0,6.7,42.84,21:37,2.16,29.8,0.9
2001-03-29,12.8,9.7,32.04,12:48,2.88,16.2,0.1
2001-03-30,14.9,10.0,25.92,04:45,2.88,0.9,0.0
2001-03-31,18.5,9.8,16.92,11:48,2.88,0.0,9.3
2001-04-01,22.7,10.4,23.04,23:35,1.08,4.8,10.7
2001-04-02,16.2,9.5,34.92,00:35,3.96,2.3,7.3
2001-04-03,14.5,9.1,34.92,14:59,6.84,6.5,0.0
2001-04-04,16.9,10.3,15.12,15:33,2.16,3.1,2.0
2001-04-05,15.5,9.7,15.12,16:03,0.0,2.5,0.0
2001-04-06,14.4,9.3,25.92,13:56,1.08,12.0,0.2
2001-04-07,13.0,8.4,54.0,12:06,7.92,1.0,1.9
2001-04-08,18.0,7.7,19.08,15:07,2.88,0.0,10.6
2001-04-09,19.6,6.4,21.96,19:14,2.16,0.0,11.5
2001-04-10,20.5,10.0,36.0,17:06,6.12,0.0,11.6
2001-04-11,21.0,8.6,34.92,00:13,7.92,0.0,11.7
2001-04-12,22.8,7.2,30.96,15:39,6.84,0.0,11.6
2001-04-13,22.6,7.8,39.96,14:19,6.84,0.0,11.9
2001-04-14,23.0,9.0,27.0,14:53,6.84,0.0,11.9
2001-04-15,23.6,10.2,19.08,23:30,2.88,0.0,11.8
2001-04-16,21.6,7.6,20.88,21:15,2.16,0.0,7.5
2001-04-17,19.8,9.8,38.16,19:51,9.0,0.0,9.1
2001-04-18,18.4,7.8,42.84,17:30,7.92,0.0,12.1
2001-04-19,16.5,6.9,39.96,15:16,7.92,0.0,12.3
2001-04-20,16.2,5.0,45.0,13:22,6.84,0.0,12.5
2001-04-21,15.5,3.8,33.12,13:45,6.84,2.2,9.3
2001-04-22,13.6,8.0,27.0,16:01,2.88,16.0,0.0
2001-04-23,14.4,11.8,59.04,20:11,7.92,12.6,0.0
2001-04-24,16.0,7.5,41.04,13:22,3.96,6.0,6.5
2001-04-25,17.0,8.0,38.16,01:38,2.88,0.8,10.2
2001-04-26,17.6,5.7,33.84,23:55,3.96,10.0,11.6
2001-04-27,18.7,9.3,24.12,13:23,5.04,0.0,12.3
2001-04-28,17.3,6.3,15.12,15:05,0.0,0.0,8.7
2001-04-29,12.5,5.0,50.04,15:20,5.04,5.1,5.5
2001-04-30,13.1,4.0,38.88,11:35,5.04,2.4,3.9
2001-05-01,13.6,4.4,48.96,15:51,3.96,12.9,5.2
2001-05-02,16.5,6.3,36.0,17:45,6.12,7.7,5.0
2001-05-03,16.8,7.0,38.88,00:13,5.04,0.0,6.6
2001-05-04,16.2,9.4,36.0,16:20,6.12,0.0,3.7
2001-05-05,17.0,6.8,36.0,16:20,6.12,0.0,9.7
2001-05-06,18.6,8.8,38.16,14:23,7.92,0.0,12.1
2001-05-07,18.2,6.4,39.96,09:25,7.92,0.0,11.1
2001-05-08,22.0,8.4,38.16,07:55,7.92,0.0,9.4
2001-05-09,19.8,10.6,47.88,14:47,2.16,1.9,3.7
2001-05-10,20.0,8.4,21.96,14:26,2.16,0.0,10.4
2001-05-11,20.1,7.7,25.92,17:08,2.16,0.0,12.2
2001-05-12,15.0,10.6,41.04,15:26,5.04,22.3,0.0
2001-05-13,17.9,10.2,41.04,17:26,10.08,45.4,5.9
2001-05-14,14.0,9.0,51.12,15:23,5.04,26.0,1.0
2001-05-15,17.0,10.0,37.08,17:32,7.92,14.5,4.2
2001-05-16,15.2,12.0,14.04,00:15,2.16,5.3,0.0
2001-05-17,21.5,11.4,27.0,17:49,2.16,0.0,11.9
2001-05-18,25.2,7.2,30.96,17:20,6.12,0.0,13.6
2001-05-19,26.0,10.0,33.12,20:00,5.04,0.0,13.6
2001-05-20,25.6,9.1,19.08,22:54,1.08,0.0,13.6
2001-05-21,20.0,10.8,18.0,13:16,1.08,0.0,2.6
2001-05-22,19.5,11.8,14.04,16:44,2.88,0.0,8.7
2001-05-23,20.0,10.8,16.92,14:48,1.08,0.0,8.8
2001-05-24,21.5,10.0,16.92,13:40,2.88,0.0,13.1
2001-05-25,24.0,11.0,18.0,17:13,2.16,0.0,12.7
2001-05-26,24.5,14.0,14.04,16:37,2.88,0.0,11.0
2001-05-27,30.5,16.5,18.0,23:59,2.88,0.0,13.4
2001-05-28,29.5,16.5,16.92,03:50,5.04,0.0,13.5
2001-05-29,32.5,19.5,21.96,04:45,2.88,0.0,13.4
2001-05-30,30.5,15.0,30.96,22:46,5.04,0.0,12.9
2001-05-31,29.0,14.5,33.84,16:21,6.12,0.0,13.0
2001-06-01,30.2,15.8,28.08,14:39,7.92,0.0,12.7
2001-06-02,25.2,13.6,19.08,14:02,2.16,0.5,12.6
2001-06-03,20.2,14.8,20.16,16:46,1.08,0.1,0.7
2001-06-04,22.4,14.4,19.08,14:30,2.88,0.0,7.7
2001-06-05,21.8,13.4,20.16,12:32,2.88,0.0,9.9
2001-06-06,23.1,10.8,19.08,11:21,2.16,0.0,12.1
2001-06-07,22.8,10.0,19.08,17:22,1.08,0.1,11.3
2001-06-08,19.3,13.0,19.08,13:19,0.0,13.3,0.0
2001-06-09,20.3,14.0,24.12,15:35,2.16,0.0,8.4
2001-06-10,21.0,12.5,34.92,09:03,6.84,0.0,11.0
2001-06-11,24.9,8.6,25.92,00:25,0.0,0.0,8.1
2001-06-12,20.6,13.5,21.96,12:37,1.08,0.0,7.4
2001-06-13,22.2,11.2,16.92,15:20,1.08,1.2,11.5
2001-06-14,21.0,14.3,25.92,10:29,1.08,2.8,3.8
2001-06-15,21.0,13.5,29.16,14:07,2.88,1.9,6.1
2001-06-16,19.5,12.5,23.04,11:03,2.16,0.0,4.9
2001-06-17,22.1,11.0,29.16,16:36,6.84,0.0,9.7
2001-06-18,29.5,9.0,24.12,14:31,5.04,0.0,12.2
2001-06-19,33.5,15.5,15.12,03:28,1.08,0.0,12.9
2001-06-20,32.5,17.0,16.92,03:25,1.08,0.0,12.2
2001-06-21,26.0,13.7,19.08,04:45,5.04,0.0,12.5
2001-06-22,26.5,14.8,19.08,21:25,2.16,0.0,12.5
2001-06-23,29.4,14.2,29.88,17:49,7.92,0.0,12.5
2001-06-24,26.2,12.0,15.12,12:45,2.16,0.0,13.0
2001-06-25,23.0,12.3,21.96,12:44,1.08,0.1,4.9
2001-06-26,22.6,16.0,20.88,16:21,1.08,0.0,6.4
2001-06-27,24.0,14.4,15.12,15:53,2.16,0.0,12.0
2001-06-28,25.0,11.2,19.08,14:25,2.16,0.0,12.6
2001-06-29,26.2,16.4,20.88,15:19,2.88,0.0,11.9
2001-06-30,30.4,14.8,33.84,16:24,7.92,0.0,12.2
2001-07-01,33.8,15.8,14.04,12:47,2.16,0.0,12.0
2001-07-02,23.6,17.8,19.08,15:26,1.08,0.0,8.8
2001-07-03,25.0,16.6,27.0,18:38,2.88,3.8,6.6
2001-07-04,19.4,14.2,25.92,17:28,5.04,12.1,4.7
2001-07-05,19.2,13.2,20.16,06:11,1.08,6.3,0.6
2001-07-06,20.1,11.9,15.12,17:13,1.08,1.7,2.9
2001-07-07,20.5,14.3,15.12,15:45,1.08,0.4,3.8
2001-07-08,20.8,13.0,15.12,02:23,1.08,0.9,3.3
2001-07-09,24.1,13.8,16.92,15:16,1.08,0.0,9.6
2001-07-10,26.3,15.8,27.0,11:11,6.12,0.0,9.9
2001-07-11,27.5,13.2,27.0,10:48,5.04,0.0,13.0
2001-07-12,25.0,15.4,20.16,18:07,2.88,0.3,11.2
2001-07-13,20.2,16.2,25.92,17:33,3.96,36.8,0.0
2001-07-14,21.0,12.5,33.12,17:55,6.12,9.2,6.1
2001-07-15,21.6,10.8,27.0,13:43,3.96,0.0,5.9
2001-07-16,19.6,12.0,24.12,23:50,2.88,4.8,2.1
2001-07-17,19.2,15.0,25.92,07:55,2.16,4.7,0.9
2001-07-18,20.2,12.5,30.96,14:33,1.08,4.0,3.9
2001-07-19,22.5,13.3,25.92,15:05,3.96,0.1,11.5
2001-07-20,23.6,10.7,14.04,15:33,2.88,0.0,13.1
2001-07-21,25.5,13.6,15.12,15:37,2.16,0.0,13.4
2001-07-22,26.7,15.0,32.04,15:59,9.0,0.0,11.4
2001-07-23,28.8,14.9,29.88,01:36,2.88,0.0,8.8
2001-07-24,26.5,16.8,19.08,17:38,3.96,0.0,12.9
2001-07-25,23.3,15.8,18.0,13:55,2.16,0.0,8.6
2001-07-26,24.4,13.8,15.12,15:15,2.88,0.0,7.9
2001-07-27,26.0,14.0,23.04,11:39,5.04,0.0,12.4
2001-07-28,28.2,14.6,33.12,11:40,6.12,0.0,12.8
2001-07-29,32.6,15.4,33.12,17:43,6.84,0.0,12.2
2001-07-30,34.4,18.3,57.96,17:11,6.12,7.1,9.6
2001-07-31,32.8,19.8,24.84,17:23,5.04,0.5,4.2
2001-08-01,24.4,18.6,19.08,13:25,1.08,0.2,4.0
2001-08-02,23.0,15.0,15.12,16:34,1.08,0.1,4.9
2001-08-03,23.0,14.5,16.92,15:49,0.0,0.0,2.0
2001-08-04,25.3,12.7,29.88,13:02,6.84,0.0,12.8
2001-08-05,26.0,12.7,20.88,10:25,1.08,0.0,13.0
2001-08-06,25.4,14.9,12.96,03:55,1.08,0.0,12.8
2001-08-07,23.8,15.7,21.96,17:19,2.88,1.9,0.5
2001-08-08,23.9,14.4,19.08,12:49,1.08,0.0,11.3
2001-08-09,26.4,13.2,30.96,12:43,6.12,0.0,12.6
2001-08-10,29.0,14.4,29.16,16:29,6.84,0.0,12.6
2001-08-11,31.8,14.6,12.96,13:48,0.0,0.0,12.6
2001-08-12,30.2,16.2,12.96,14:03,2.88,0.0,12.5
2001-08-13,24.0,16.0,19.08,11:17,1.08,0.0,12.2
2001-08-14,21.1,14.8,12.96,16:05,1.08,0.5,3.5
2001-08-15,19.5,14.1,16.92,05:37,1.08,19.7,1.3
2001-08-16,22.4,11.3,16.92,14:40,3.96,0.0,10.1
2001-08-17,22.5,12.0,37.08,20:48,3.96,11.2,4.9
2001-08-18,20.8,14.6,19.08,14:35,1.08,0.2,4.2
2001-08-19,20.0,14.0,33.84,14:39,6.12,10.8,0.0
2001-08-20,26.0,16.0,12.96,14:05,2.16,0.0,7.1
2001-08-21,22.8,15.4,15.12,13:36,1.08,0.0,6.4
2001-08-22,25.6,13.6,16.92,13:23,0.0,0.0,12.5
2001-08-23,23.4,14.8,16.92,13:11,2.16,0.0,9.0
2001-08-24,27.0,14.8,12.96,14:45,2.88,0.0,12.3
2001-08-25,27.4,19.0,16.92,05:37,1.08,0.0,10.1
2001-08-26,23.6,16.8,12.96,10:55,1.08,1.8,3.9
2001-08-27,26.6,16.6,20.16,18:12,2.16,19.1,5.2
2001-08-28,23.2,15.6,14.04,16:08,0.0,3.2,4.1
2001-08-29,22.2,17.4,14.04,12:20,0.0,31.7,0.7
2001-08-30,23.5,16.4,21.96,13:42,3.96,0.0,3.6
2001-08-31,24.2,14.9,34.92,16:24,6.84,0.0,12.1
2001-09-01,27.0,14.8,30.96,02:22,5.04,0.0,12.0
2001-09-02,28.4,14.4,12.96,15:48,1.08,0.0,12.2
2001-09-03,27.0,14.3,34.92,19:24,5.04,0.0,12.5
2001-09-04,27.8,16.4,34.92,Varias,7.92,0.0,12.0
2001-09-05,28.1,13.4,24.12,16:17,3.96,0.0,12.1
2001-09-06,27.0,14.5,38.16,23:44,6.84,0.0,12.0
2001-09-07,28.0,15.5,30.96,00:45,6.12,0.0,11.9
2001-09-08,28.4,13.2,23.04,13:01,5.04,0.0,11.8
2001-09-09,29.2,12.9,23.04,15:19,5.04,0.0,11.7
2001-09-10,28.2,12.4,18.0,13:23,2.88,0.0,11.7
2001-09-11,22.5,12.5,14.04,15:07,2.16,0.0,11.6
2001-09-12,22.5,13.4,15.12,14:31,1.08,0.0,4.5
2001-09-13,24.0,13.0,21.96,17:41,5.04,0.0,9.9
2001-09-14,22.8,15.1,36.0,16:51,6.12,0.0,10.8
2001-09-15,27.5,12.5,29.16,15:27,5.04,0.0,11.7
2001-09-16,31.5,12.7,24.12,Varias,5.04,0.0,11.4
2001-09-17,27.1,12.9,36.0,Varias,6.12,0.0,11.3
2001-09-18,25.3,12.7,32.04,00:12,2.88,0.0,11.3
2001-09-19,26.7,9.9,15.84,22:49,0.0,0.0,10.6
2001-09-20,22.0,13.4,15.84,14:15,1.08,1.7,0.2
2001-09-21,20.0,14.8,20.16,14:30,2.88,11.4,0.9
2001-09-22,22.6,14.6,15.84,13:55,1.08,8.7,2.6
2001-09-23,22.2,14.0,24.84,10:39,7.92,0.0,8.8
2001-09-24,20.2,11.8,18.0,14:40,2.88,0.6,8.0
2001-09-25,20.6,11.8,16.92,14:35,0.0,0.0,8.7
2001-09-26,20.8,9.0,19.08,04:19,2.16,0.0,10.2
2001-09-27,24.4,10.2,24.84,11:03,2.16,0.0,6.4
2001-09-28,20.0,15.1,50.04,13:07,6.84,10.0,1.8
2001-09-29,23.0,15.0,20.16,11:40,2.16,8.4,4.6
2001-09-30,21.6,16.6,42.12,21:45,6.12,1.1,1.7
2001-10-01,21.0,17.1,42.12,00:10,6.84,0.5,0.3
2001-10-02,23.0,14.0,45.0,12:11,9.0,9.3,0.0
2001-10-03,20.8,12.0,15.12,14:49,0.0,2.6,8.7
2001-10-04,17.1,9.3,16.92,01:54,1.08,8.6,0.3
2001-10-05,20.3,12.9,47.88,06:45,9.0,14.3,0.9
2001-10-06,20.5,13.5,29.88,22:45,6.84,0.3,5.2
2001-10-07,19.7,12.7,51.12,14:16,9.0,15.2,1.2
2001-10-08,17.9,11.7,29.16,16:25,2.16,37.8,5.0
2001-10-09,18.2,11.3,29.88,13:40,5.04,1.1,6.3
2001-10-10,21.1,10.7,29.88,12:12,3.96,0.0,10.6
2001-10-11,26.5,12.7,20.16,23:55,1.08,0.0,2.4
2001-10-12,24.5,17.2,28.08,00:28,2.16,26.9,0.4
2001-10-13,21.0,14.6,18.0,15:11,0.0,0.0,5.3
2001-10-14,19.8,14.4,42.12,18:47,9.0,24.5,1.9
2001-10-15,20.3,12.6,30.96,04:30,0.0,0.0,7.3
2001-10-16,21.5,11.3,27.0,13:33,3.96,0.0,8.1
2001-10-17,17.5,13.0,38.16,09:17,7.92,25.9,2.5
2001-10-18,19.0,13.2,46.08,18:34,12.96,31.1,1.8
2001-10-19,18.2,11.3,25.92,11:45,5.04,10.7,6.8
2001-10-20,17.0,11.4,36.0,17:27,5.04,38.1,1.0
2001-10-21,16.7,13.6,34.92,17:42,10.08,102.0,0.3
2001-10-22,17.4,14.4,28.08,00:05,3.96,24.4,1.3
2001-10-23,18.0,13.0,21.96,01:05,1.08,2.9,3.2
2001-10-24,19.4,11.6,19.08,21:05,0.0,0.0,3.0
2001-10-25,20.5,10.4,23.04,23:45,2.16,0.0,8.1
2001-10-26,19.3,10.0,16.92,02:35,1.08,0.0,8.3
2001-10-27,18.0,12.0,30.96,11:35,2.16,8.3,0.2
2001-10-28,22.2,15.3,0.0,,6.12,2.8,3.8
2001-10-29,21.5,13.3,19.08,23:25,1.08,0.0,3.6
2001-10-30,22.8,13.9,16.92,22:50,2.16,0.0,4.0
2001-10-31,22.3,13.3,30.96,18:56,5.04,0.0,6.8
2001-11-01,21.5,10.5,14.04,20:48,0.0,0.0,6.3
2001-11-02,21.2,7.8,15.84,22:41,1.08,0.0,8.6
2001-11-03,21.4,11.0,18.0,22:25,0.0,0.0,8.6
2001-11-04,20.0,10.2,21.96,14:41,2.16,0.0,7.2
2001-11-05,18.8,11.0,28.08,13:51,6.12,0.0,8.6
2001-11-06,18.5,10.2,27.0,14:52,5.04,0.0,8.5
2001-11-07,19.6,8.0,24.12,14:13,2.88,0.0,8.5
2001-11-08,16.0,6.9,28.08,10:46,2.88,0.1,2.9
2001-11-09,10.6,3.5,59.04,12:09,5.04,1.1,6.4
2001-11-10,12.3,3.3,36.0,13:21,5.04,0.4,4.4
2001-11-11,12.7,4.3,39.96,21:06,6.12,0.0,8.5
2001-11-12,15.4,6.9,33.84,11:32,6.84,1.1,6.0
2001-11-13,15.8,9.5,33.84,22:11,3.96,0.3,2.9
2001-11-14,13.2,7.3,46.08,12:05,6.12,0.0,7.2
2001-11-15,12.2,7.4,48.96,13:16,7.92,0.0,7.6
2001-11-16,14.0,7.2,32.04,02:35,6.12,0.0,3.7
2001-11-17,13.0,5.4,16.92,03:35,2.88,0.0,3.8
2001-11-18,11.0,4.6,15.84,02:05,2.16,0.0,0.0
2001-11-19,13.8,3.0,24.12,13:22,6.12,0.0,6.5
2001-11-20,14.8,4.4,32.04,13:35,2.88,0.0,7.3
2001-11-21,14.6,4.5,18.0,21:17,5.04,0.0,7.4
2001-11-22,14.0,2.8,23.04,17:22,5.04,0.0,6.3
2001-11-23,17.8,4.0,25.92,16:51,2.88,0.0,7.7
2001-11-24,15.0,4.6,14.04,02:35,2.16,0.0,7.6
2001-11-25,15.6,4.6,11.88,01:37,0.0,0.0,6.6
2001-11-26,11.8,7.8,12.96,22:15,0.0,1.8,0.0
2001-11-27,13.0,5.2,28.08,13:28,3.96,0.0,7.6
2001-11-28,15.4,6.6,15.12,02:55,1.08,0.0,3.0
2001-11-29,13.8,9.0,9.0,08:32,0.0,0.3,0.0
2001-11-30,13.0,10.2,23.04,19:45,1.08,0.0,0.0
2001-12-01,13.0,10.5,25.92,00:04,1.08,15.5,0.0
2001-12-02,13.6,9.1,14.04,09:03,0.0,0.1,0.0
2001-12-03,14.2,5.5,9.0,12:25,0.0,0.0,7.9
2001-12-04,15.5,8.0,6.84,05:30,0.0,0.0,1.5
2001-12-05,15.4,7.4,7.92,05:35,0.0,0.0,3.3
2001-12-06,14.0,7.0,11.88,23:05,1.08,0.0,4.3
2001-12-07,14.7,6.5,18.0,08:07,1.08,0.0,4.2
2001-12-08,13.5,4.5,14.04,02:25,0.0,0.0,7.4
2001-12-09,13.2,3.8,15.84,22:54,0.0,0.0,7.7
2001-12-10,14.7,4.4,15.12,23:12,2.88,0.0,7.5
2001-12-11,15.5,6.9,16.92,17:43,2.16,0.0,7.6
2001-12-12,15.1,5.6,15.12,22:25,0.0,0.0,7.6
2001-12-13,13.0,3.5,19.08,04:58,3.96,0.0,7.5
2001-12-14,12.7,4.0,20.16,23:35,1.08,0.0,7.6
2001-12-15,10.1,2.5,27.0,03:25,5.04,0.0,7.7
2001-12-16,10.3,-0.5,15.12,17:05,2.88,0.0,7.2
2001-12-17,12.8,2.0,20.88,07:15,6.12,0.0,6.3
2001-12-18,9.4,-0.8,10.08,20:38,2.16,0.0,6.0
2001-12-19,11.2,1.4,21.96,22:15,2.88,0.0,6.8
2001-12-20,13.3,2.4,25.92,17:23,6.84,0.0,7.6
2001-12-21,11.6,1.5,18.0,22:47,5.04,0.0,7.6
2001-12-22,10.0,-1.5,20.16,20:25,2.16,0.0,7.6
2001-12-23,10.5,2.5,41.04,13:42,6.12,0.0,7.6
2001-12-24,10.5,-0.6,24.12,13:38,3.96,0.0,7.6
2001-12-25,9.5,-1.3,21.96,14:40,2.16,0.4,7.6
2001-12-26,11.3,4.0,11.88,21:45,0.0,0.1,2.6
2001-12-27,10.4,2.5,16.92,05:51,2.88,0.0,1.5
2001-12-28,8.8,3.0,19.08,05:28,2.16,0.0,0.0
2001-12-29,11.2,5.4,29.88,11:23,6.84,1.1,0.0
2001-12-30,14.3,9.6,29.16,11:08,1.08,27.0,0.0
2001-12-31,15.2,12.6,20.88,10:38,2.88,7.8,0.0
2002-01-01,17.4,12.8,37.08,22:55,3.96,4.2,0.0
2002-01-02,16.8,12.9,47.16,13:25,14.04,28.3,0.0
2002-01-03,13.8,7.5,21.96,11:59,1.08,1.9,1.5
2002-01-04,14.0,4.5,15.84,07:48,2.88,0.0,6.2
2002-01-05,15.0,7.4,19.08,03:12,1.08,0.0,1.5
2002-01-06,12.2,6.8,16.92,00:34,0.0,0.0,0.9
2002-01-07,13.6,4.5,14.04,20:05,2.16,0.0,8.0
2002-01-08,9.6,3.7,16.92,01:53,1.08,0.0,0.0
2002-01-09,12.5,4.3,15.84,07:15,3.96,0.0,2.2
2002-01-10,13.6,3.8,18.0,05:48,2.88,0.0,2.4
2002-01-11,14.8,5.8,19.08,04:24,5.04,0.0,5.6
2002-01-12,15.0,11.0,33.12,23:52,3.96,7.9,0.0
2002-01-13,14.8,11.4,28.08,00:35,0.0,2.1,0.2
2002-01-14,14.2,10.0,6.84,05:05,0.0,3.5,0.0
2002-01-15,13.4,6.6,27.0,13:38,0.0,0.0,3.8
2002-01-16,14.2,3.6,15.12,14:58,2.16,0.0,6.9
2002-01-17,10.8,5.6,12.96,12:07,0.0,10.6,0.0
2002-01-18,11.0,3.3,11.88,20:15,0.0,4.5,1.2
2002-01-19,13.5,6.1,15.12,21:37,0.0,0.0,4.6
2002-01-20,13.9,5.5,25.92,14:25,1.08,0.0,6.6
2002-01-21,12.9,7.3,55.08,11:06,6.84,21.6,0.0
2002-01-22,15.0,5.9,68.04,23:46,9.0,30.8,0.3
2002-01-23,14.8,8.7,78.12,00:43,6.12,17.0,0.2
2002-01-24,13.8,8.4,29.88,23:51,5.04,0.0,1.7
2002-01-25,14.2,10.2,47.88,10:56,10.08,4.6,0.0
2002-01-26,15.0,10.5,37.08,19:28,6.84,0.0,0.3
2002-01-27,16.0,12.6,36.0,08:51,9.0,0.3,0.0
2002-01-28,19.0,10.3,25.92,00:15,2.16,0.0,6.9
2002-01-29,17.8,9.0,23.04,13:55,2.88,0.0,2.3
2002-01-30,15.6,10.1,34.92,14:35,9.0,12.5,1.1
2002-01-31,13.5,6.7,42.12,14:54,7.92,0.0,0.8
2002-02-01,14.9,10.5,43.92,12:04,11.16,0.0,3.4
2002-02-02,15.1,12.4,77.04,21:53,15.84,45.5,0.1
2002-02-03,13.6,9.0,51.12,06:53,6.12,7.2,4.6
2002-02-04,15.0,8.8,38.88,07:35,7.92,10.4,0.0
2002-02-05,14.7,8.7,0.0,,6.84,12.8,0.1
2002-02-06,13.3,7.8,0.0,,3.96,9.2,0.2
2002-02-07,14.5,10.0,10.08,12:25,0.0,0.0,0.0
2002-02-08,15.8,8.4,14.04,05:07,0.0,0.0,1.3
2002-02-09,14.4,9.0,20.88,17:15,2.88,3.5,0.4
2002-02-10,14.6,10.8,11.88,15:15,0.0,0.0,1.5
2002-02-11,14.6,10.6,32.04,12:28,9.0,0.0,0.0
2002-02-12,17.6,9.8,21.96,01:25,2.16,0.0,7.4
2002-02-13,16.7,7.6,36.0,16:39,3.96,0.0,4.8
2002-02-14,13.3,6.0,41.04,15:43,2.88,0.0,8.2
2002-02-15,13.3,5.5,45.0,11:57,3.96,0.0,8.6
2002-02-16,14.4,2.0,27.0,19:10,2.88,0.0,9.9
2002-02-17,14.6,2.2,33.84,16:39,3.96,0.0,9.9
2002-02-18,14.2,5.5,55.08,20:48,3.96,0.0,8.3
2002-02-19,14.8,5.0,37.08,16:51,3.96,0.0,9.1
2002-02-20,12.0,5.6,20.16,15:40,3.96,2.0,0.0
2002-02-21,14.5,7.4,33.12,15:54,11.16,0.0,9.9
2002-02-22,14.2,5.6,32.04,12:28,9.0,0.0,2.6
2002-02-23,16.6,7.8,29.88,17:15,11.16,0.0,6.1
2002-02-24,16.8,7.8,24.12,14:55,6.84,0.3,5.7
2002-02-25,13.5,8.3,41.04,22:17,9.0,1.7,0.0
2002-02-26,13.8,10.3,60.12,16:51,20.16,17.4,0.0
2002-02-27,13.4,8.4,43.92,00:25,3.96,5.1,0.0
2002-02-28,11.0,6.5,20.88,14:45,6.12,15.3,0.3
2002-03-01,10.5,3.4,24.12,13:00,6.84,6.4,7.3
2002-03-02,12.7,2.1,42.12,20:19,14.04,0.0,8.8
2002-03-03,14.4,4.8,38.88,18:31,11.16,0.0,8.1
2002-03-04,16.3,6.5,28.08,12:00,6.12,0.3,3.3
2002-03-05,14.4,7.0,54.0,11:04,16.92,0.0,6.5
2002-03-06,15.0,7.5,45.0,11:15,11.16,0.0,5.3
2002-03-07,20.0,9.2,38.88,15:20,11.88,0.0,10.0
2002-03-08,19.6,7.5,21.96,13:50,6.12,0.0,10.3
2002-03-09,17.4,9.0,38.88,10:55,11.88,0.0,6.2
2002-03-10,15.4,5.6,23.04,14:05,5.04,0.0,2.7
2002-03-11,14.0,8.0,28.08,15:50,6.84,16.0,0.0
2002-03-12,13.4,8.4,50.04,16:37,11.16,29.7,0.3
2002-03-13,14.0,8.1,63.0,13:05,11.88,6.6,2.1
2002-03-14,14.0,7.6,32.04,09:21,6.12,23.7,1.1
2002-03-15,13.3,8.2,37.08,09:58,11.88,11.3,1.7
2002-03-16,13.7,6.7,33.12,21:21,6.84,8.1,2.1
2002-03-17,14.8,8.8,66.96,08:18,14.04,20.0,0.0
2002-03-18,15.8,11.6,50.04,12:37,16.92,9.8,1.5
2002-03-19,16.3,12.5,45.0,15:36,9.0,0.5,0.0
2002-03-20,20.5,11.5,29.88,10:20,3.96,0.0,10.0
2002-03-21,17.0,10.9,25.92,23:17,6.12,0.0,3.8
2002-03-22,27.0,10.3,28.08,03:12,6.84,0.0,10.4
2002-03-23,28.4,14.0,21.96,00:56,5.04,0.0,10.7
2002-03-24,22.6,10.9,19.08,16:16,3.96,0.0,8.6
2002-03-25,23.4,7.0,38.16,16:35,10.08,0.0,11.1
2002-03-26,25.7,9.6,25.92,17:42,6.12,0.0,11.2
2002-03-27,25.4,9.2,30.96,15:59,9.0,0.0,11.4
2002-03-28,21.5,10.4,19.08,14:15,6.12,0.0,11.4
2002-03-29,17.5,6.6,23.04,14:38,5.04,1.4,1.4
2002-03-30,19.5,8.2,38.88,05:39,5.04,0.0,10.2
2002-03-31,19.0,7.1,20.16,04:01,6.12,0.0,11.4
2002-04-01,17.9,6.9,29.88,11:31,7.92,0.0,10.5
2002-04-02,13.1,5.8,34.92,16:10,7.92,17.1,0.6
2002-04-03,13.0,5.2,33.12,16:18,6.12,3.8,4.4
2002-04-04,14.7,2.8,23.04,23:34,7.92,7.0,11.4
2002-04-05,13.0,7.0,42.84,04:21,10.08,18.4,0.0
2002-04-06,14.0,6.4,36.0,08:52,6.12,5.3,3.9
2002-04-07,15.8,5.6,33.84,23:03,6.84,0.3,7.7
2002-04-08,18.3,10.6,38.88,00:07,7.92,0.0,1.0
2002-04-09,20.5,8.8,24.12,17:04,7.92,0.0,0.9
2002-04-10,16.7,7.0,51.12,17:06,12.96,0.0,3.9
2002-04-11,11.6,3.9,74.88,11:38,16.92,0.4,7.2
2002-04-12,14.7,8.0,46.08,09:09,16.92,0.0,2.6
2002-04-13,14.8,6.5,48.96,11:21,11.88,0.0,8.8
2002-04-14,16.5,5.4,48.96,13:49,12.96,0.0,8.3
2002-04-15,17.0,7.0,25.92,17:37,6.12,0.0,10.4
2002-04-16,17.0,5.3,20.88,13:17,6.12,0.0,12.8
2002-04-17,13.4,7.5,14.04,01:21,3.96,3.0,0.0
2002-04-18,18.5,8.5,21.96,15:27,5.04,0.0,10.8
2002-04-19,17.4,5.8,21.96,14:01,6.84,0.0,12.8
2002-04-20,20.4,5.6,20.88,06:29,3.96,0.0,13.0
2002-04-21,24.8,10.2,19.08,13:47,5.04,0.0,13.0
2002-04-22,27.0,11.9,19.08,03:53,6.12,0.0,13.0
2002-04-23,29.0,13.4,21.96,00:48,5.04,0.0,13.1
2002-04-24,25.8,11.3,29.88,01:14,7.92,0.0,13.1
2002-04-25,22.5,7.2,33.84,11:45,7.92,0.0,12.7
2002-04-26,22.2,9.8,51.12,17:41,11.88,0.0,11.7
2002-04-27,22.5,9.4,36.0,14:27,16.92,0.0,11.4
2002-04-28,16.8,8.5,30.96,14:54,6.84,1.3,4.4
2002-04-29,19.0,9.7,32.04,16:24,11.16,0.0,7.2
2002-04-30,16.9,6.0,38.16,13:40,6.12,4.1,0.3
2002-05-01,15.2,8.8,42.12,15:30,9.0,5.8,1.9
2002-05-02,14.5,7.5,57.96,11:34,15.12,4.6,7.5
2002-05-03,17.4,5.6,41.04,12:08,11.16,0.0,10.7
2002-05-04,14.4,7.0,18.0,05:49,6.84,7.0,0.0
2002-05-05,20.8,11.0,50.04,17:30,18.0,0.0,11.6
2002-05-06,18.5,8.8,50.04,15:39,16.92,2.1,9.0
2002-05-07,20.6,7.6,43.92,19:28,12.96,0.0,5.7
2002-05-08,16.0,11.2,45.0,00:47,15.84,0.0,0.0
2002-05-09,19.1,11.8,38.16,15:01,12.96,0.0,4.5
2002-05-10,15.3,9.0,38.88,02:23,5.04,1.9,0.2
2002-05-11,16.7,6.9,36.0,18:31,5.04,1.0,3.9
2002-05-12,15.6,9.3,51.12,23:04,12.96,36.6,0.0
2002-05-13,17.2,11.1,63.0,08:19,9.0,13.6,7.8
2002-05-14,20.9,8.5,25.92,11:58,5.04,0.1,5.8
2002-05-15,22.6,12.8,15.84,23:10,6.12,0.0,12.9
2002-05-16,19.0,12.0,21.96,11:29,5.04,14.1,3.4
2002-05-17,17.6,11.5,27.0,15:13,5.04,2.3,5.3
2002-05-18,19.0,10.4,21.96,13:06,6.84,0.0,5.8
2002-05-19,21.0,9.4,23.04,14:30,6.84,0.0,14.0
2002-05-20,20.0,11.5,36.0,14:03,9.0,0.4,1.6
2002-05-21,14.4,11.2,69.84,11:45,20.16,8.8,0.0
2002-05-22,17.0,10.2,43.92,07:43,6.84,13.7,2.7
2002-05-23,17.8,9.7,37.08,17:12,9.0,4.5,9.5
2002-05-24,16.1,9.4,39.96,01:51,7.92,13.6,0.0
2002-05-25,17.8,8.0,27.0,16:12,6.12,4.8,7.6
2002-05-26,16.2,10.1,42.12,01:12,11.88,1.4,5.1
2002-05-27,16.8,8.5,27.0,15:02,6.12,0.0,2.5
2002-05-28,15.0,11.4,23.04,23:27,6.84,6.7,0.0
2002-05-29,23.0,8.4,36.0,17:46,15.12,0.0,13.1
2002-05-30,26.6,7.8,24.12,12:32,9.0,0.0,12.7
2002-05-31,26.0,13.0,20.88,11:44,6.12,0.3,9.0
2002-06-01,19.0,13.3,16.92,16:50,5.04,0.1,2.9
2002-06-02,21.0,13.1,24.12,15:06,5.04,0.9,1.7
2002-06-03,16.0,13.8,14.04,07:14,3.96,0.0,0.0
2002-06-04,15.4,12.1,37.08,21:31,6.84,18.6,0.0
2002-06-05,16.5,9.5,34.92,12:26,9.0,11.9,2.2
2002-06-06,18.0,10.6,32.04,08:50,9.0,10.9,1.8
2002-06-07,16.2,10.8,39.96,16:10,6.84,10.7,0.9
2002-06-08,16.8,9.0,38.16,12:14,7.92,3.0,7.2
2002-06-09,15.4,8.8,28.08,12:43,6.84,4.2,0.0
2002-06-10,20.0,8.5,42.84,11:15,7.92,0.0,11.5
2002-06-11,22.6,10.0,20.16,16:07,5.04,0.0,11.2
2002-06-12,29.4,12.5,32.04,15:11,11.16,0.0,12.5
2002-06-13,28.2,14.0,19.08,15:25,3.96,0.0,12.4
2002-06-14,21.1,14.5,18.0,14:01,5.04,0.0,4.6
2002-06-15,22.8,15.2,21.96,14:26,5.04,0.0,10.6
2002-06-16,25.6,12.8,20.16,15:10,6.84,0.0,12.8
2002-06-17,24.1,13.1,25.92,17:19,5.04,0.0,10.1
2002-06-18,24.3,14.7,63.0,13:08,11.88,0.0,6.3
2002-06-19,23.1,13.6,39.96,14:19,15.84,0.0,12.2
2002-06-20,24.5,12.9,21.96,08:29,5.04,0.0,12.0
2002-06-21,23.7,11.5,41.04,13:52,5.04,0.0,12.1
2002-06-22,23.5,16.1,20.16,16:10,6.12,0.0,6.0
2002-06-23,20.5,14.7,51.12,15:43,14.04,0.0,1.3
2002-06-24,22.8,13.5,69.12,21:30,20.88,0.0,11.4
2002-06-25,30.5,15.5,43.92,00:26,12.96,0.2,11.7
2002-06-26,26.0,16.9,36.0,11:30,3.96,3.3,1.9
2002-06-27,21.0,15.6,36.0,21:40,7.92,1.0,2.4
2002-06-28,24.8,13.5,51.12,02:01,15.12,0.0,11.6
2002-06-29,25.2,14.2,42.84,21:14,15.84,0.0,12.0
2002-06-30,24.0,11.8,47.88,09:49,18.0,0.0,11.5
2002-07-01,21.2,10.6,15.84,11:14,5.04,0.0,2.8
2002-07-02,21.6,11.0,19.08,12:44,6.84,3.6,12.2
2002-07-03,17.5,13.6,21.96,01:34,3.96,0.8,0.0
2002-07-04,24.6,12.4,37.08,15:52,14.04,0.0,12.6
2002-07-05,20.0,11.6,19.08,12:45,5.04,0.0,0.0
2002-07-06,24.8,13.5,48.96,18:05,12.96,0.0,11.5
2002-07-07,26.3,10.5,25.92,17:56,10.08,0.0,12.6
2002-07-08,21.8,11.7,29.88,22:17,5.04,13.9,6.7
2002-07-09,19.2,15.0,24.12,02:30,3.96,2.8,1.0
2002-07-10,20.6,13.1,28.08,15:29,9.0,0.0,5.0
2002-07-11,21.5,9.2,18.0,05:32,6.12,4.6,5.6
2002-07-12,20.7,15.2,15.84,15:39,5.04,5.0,2.1
2002-07-13,23.4,12.5,57.96,15:44,11.88,0.0,6.7
2002-07-14,28.5,17.2,43.92,14:36,15.84,0.0,13.2
2002-07-15,28.8,13.8,45.0,21:44,14.04,0.0,13.0
2002-07-16,30.2,16.4,42.84,15:47,0.0,0.0,13.1
2002-07-17,33.0,14.4,19.08,13:54,6.12,0.0,13.1
2002-07-18,29.0,15.0,20.88,02:23,5.04,0.0,12.9
2002-07-19,21.6,14.2,18.0,16:00,5.04,0.0,8.9
2002-07-20,21.6,13.8,19.08,11:59,5.04,0.0,13.1
2002-07-21,26.0,15.2,38.16,21:57,5.04,0.1,11.4
2002-07-22,19.0,16.2,34.92,22:50,5.04,2.3,0.2
2002-07-23,27.0,14.2,41.04,13:01,14.04,0.0,13.1
2002-07-24,29.8,13.0,38.88,11:49,14.04,0.0,13.9
2002-07-25,29.8,17.6,39.96,10:28,15.12,0.0,13.5
2002-07-26,29.5,17.0,61.92,14:13,12.96,0.0,13.3
2002-07-27,28.0,15.4,39.96,12:18,7.92,0.0,13.2
2002-07-28,30.2,13.6,32.04,17:33,7.92,0.0,13.2
2002-07-29,29.0,15.4,36.0,13:04,12.96,0.0,11.9
2002-07-30,25.8,15.1,47.88,15:03,14.04,0.0,6.3
2002-07-31,24.2,12.6,45.0,12:54,16.92,0.0,12.8
2002-08-01,24.5,10.6,34.92,19:06,11.88,0.0,10.6
2002-08-02,22.2,11.6,16.92,16:04,5.04,0.0,5.0
2002-08-03,22.0,12.9,19.08,13:29,5.04,0.0,11.3
2002-08-04,25.7,13.5,21.96,12:52,5.04,0.0,13.0
2002-08-05,23.3,15.7,19.08,13:42,6.12,0.0,6.5
2002-08-06,27.0,13.3,48.96,14:31,14.04,0.0,13.0
2002-08-07,30.2,15.7,54.0,18:29,16.92,0.0,13.0
2002-08-08,24.6,15.0,42.12,22:22,16.92,0.0,6.9
2002-08-09,20.5,13.4,15.84,23:47,3.96,4.7,0.4
2002-08-10,23.2,14.7,29.16,17:55,10.08,1.1,5.7
2002-08-11,25.4,11.8,33.84,12:50,9.0,0.0,12.9
2002-08-12,30.5,16.4,36.0,20:45,11.88,0.0,12.9
2002-08-13,33.5,14.2,15.12,14:27,6.12,0.0,12.8
2002-08-14,25.1,15.3,19.08,11:10,5.04,0.0,12.4
2002-08-15,25.6,13.3,21.96,14:02,5.04,0.0,12.7
2002-08-16,23.8,17.0,24.84,14:34,5.04,0.0,7.6
2002-08-17,23.7,13.9,20.16,14:11,6.12,2.9,6.1
2002-08-18,21.3,16.3,16.92,14:37,3.96,2.0,1.6
2002-08-19,20.0,14.7,15.12,14:18,3.96,0.5,2.5
2002-08-20,24.2,12.8,19.08,03:24,3.96,0.0,9.5
2002-08-21,25.5,14.8,19.08,11:58,5.04,0.0,11.3
2002-08-22,26.2,15.2,39.96,16:04,15.12,0.0,5.7
2002-08-23,27.6,15.6,38.88,22:30,10.08,0.0,8.5
2002-08-24,28.2,17.2,41.04,13:46,11.88,0.0,7.6
2002-08-25,27.1,17.6,47.16,17:03,14.04,0.0,5.6
2002-08-26,24.5,15.2,41.04,14:09,14.04,0.0,7.5
2002-08-27,23.2,13.0,52.92,11:18,11.88,0.0,5.7
2002-08-28,26.8,16.6,41.04,14:55,14.04,0.0,11.1
2002-08-29,29.7,13.2,27.0,00:54,10.08,0.0,11.3
2002-08-30,28.0,15.0,29.88,22:43,5.04,0.0,11.3
2002-08-31,29.2,14.8,51.84,15:28,15.12,0.0,10.4
2002-09-01,31.2,14.4,18.0,23:22,3.96,0.0,11.5
2002-09-02,27.0,16.9,24.84,06:06,9.0,0.0,5.0
2002-09-03,21.0,14.0,36.0,12:40,6.12,0.0,0.0
2002-09-04,18.2,14.6,23.04,11:17,3.96,4.9,0.8
2002-09-05,22.1,14.1,21.96,16:43,6.84,0.0,9.3
2002-09-06,21.5,10.3,20.88,18:00,6.12,0.2,10.6
2002-09-07,20.2,14.2,15.84,23:57,6.12,8.6,3.4
2002-09-08,19.0,12.3,27.0,17:30,6.12,1.3,3.1
2002-09-09,19.8,11.4,29.88,15:11,6.12,0.4,6.4
2002-09-10,23.0,10.0,24.84,11:57,6.84,0.0,7.6
2002-09-11,27.6,12.5,21.96,04:03,3.96,0.0,11.8
2002-09-12,24.3,13.5,38.88,01:36,6.12,0.0,4.9
2002-09-13,25.0,16.1,20.16,14:06,5.04,0.0,7.8
2002-09-14,25.0,16.0,16.92,12:54,6.84,0.3,1.7
2002-09-15,26.7,17.2,41.04,18:06,6.12,3.1,0.0
2002-09-16,24.6,16.6,51.12,12:45,5.04,25.0,3.5
2002-09-17,25.0,15.0,41.04,21:30,6.84,5.7,4.3
2002-09-18,20.6,17.2,33.84,17:50,11.16,6.2,0.6
2002-09-19,23.0,16.8,27.0,02:05,6.84,6.1,3.1
2002-09-20,23.6,16.6,30.96,11:59,5.04,4.3,4.1
2002-09-21,21.4,16.4,23.04,12:40,7.92,2.0,2.1
2002-09-22,23.6,14.0,24.12,12:39,5.04,12.4,4.5
2002-09-23,22.5,13.0,16.92,23:12,5.04,0.0,9.6
2002-09-24,24.4,13.6,41.04,21:19,3.96,0.0,5.6
2002-09-25,23.6,13.0,39.96,03:04,5.04,0.0,7.2
2002-09-26,25.0,11.0,21.96,22:35,3.96,0.0,10.6
2002-09-27,27.4,13.0,21.96,00:31,3.96,0.0,9.4
2002-09-28,26.8,15.1,38.88,12:11,3.96,0.0,9.1
2002-09-29,24.2,16.6,19.08,05:49,6.12,0.0,1.9
2002-09-30,24.4,15.7,29.16,19:43,6.12,3.8,2.5
2002-10-01,24.0,13.6,15.84,15:19,3.96,0.0,10.1
2002-10-02,23.8,13.4,19.08,01:20,5.04,0.0,3.7
2002-10-03,24.5,14.0,24.12,16:02,6.12,0.0,7.1
2002-10-04,27.7,14.3,19.08,18:38,2.88,0.0,10.4
2002-10-05,24.4,14.8,19.08,01:50,2.88,0.0,0.2
2002-10-06,24.6,14.1,20.88,02:12,5.04,0.0,9.5
2002-10-07,22.3,14.3,16.92,07:16,6.12,0.0,2.9
2002-10-08,19.2,13.0,21.96,17:25,5.04,5.5,0.0
2002-10-09,15.8,7.8,46.08,14:43,5.04,5.5,4.4
2002-10-10,17.4,6.0,21.96,12:35,6.12,0.3,10.5
2002-10-11,15.4,7.5,20.16,02:40,5.04,9.4,0.0
2002-10-12,19.5,12.5,20.88,14:17,3.96,3.3,7.8
2002-10-13,17.1,12.4,33.84,07:02,11.88,57.9,0.0
2002-10-14,19.3,12.8,60.84,18:46,18.0,27.0,0.0
2002-10-15,18.5,14.7,55.08,21:09,15.12,4.7,0.4
2002-10-16,16.4,10.9,37.08,09:27,7.92,23.4,0.6
2002-10-17,17.6,8.2,38.88,07:28,5.04,0.0,7.8
2002-10-18,18.0,6.3,46.08,00:24,6.84,0.0,3.5
2002-10-19,26.6,12.0,50.04,21:47,9.0,1.5,4.1
2002-10-20,25.8,13.8,83.16,06:50,24.12,24.6,2.3
2002-10-21,18.0,13.4,66.96,10:51,18.0,39.7,0.9
2002-10-22,16.8,13.8,56.16,05:39,7.92,10.2,0.0
2002-10-23,17.5,11.4,23.04,22:05,6.84,34.5,1.4
2002-10-24,18.2,13.8,41.04,09:35,11.88,18.6,0.0
2002-10-25,18.0,15.6,47.88,12:40,12.96,0.6,0.0
2002-10-26,21.3,15.8,28.08,11:06,7.92,4.4,5.4
2002-10-27,18.8,15.3,29.88,01:19,3.96,5.8,0.5
2002-10-28,23.8,13.1,16.92,13:44,3.96,0.0,8.4
2002-10-29,22.5,13.6,43.92,17:55,14.04,32.4,4.7
2002-10-30,19.5,12.3,28.08,02:45,5.04,0.1,6.5
2002-10-31,17.9,12.3,29.88,18:41,0.0,0.7,1.1
2002-11-01,20.4,14.5,25.92,20:47,0.0,3.1,1.8
2002-11-02,18.6,17.0,38.16,04:25,11.16,37.6,0.0
2002-11-03,18.2,11.7,20.16,01:59,3.96,0.0,2.2
2002-11-04,16.4,10.6,18.0,03:41,5.04,0.0,0.7
2002-11-05,15.5,12.9,15.12,00:57,0.0,2.6,0.0
2002-11-06,18.1,11.1,34.92,16:54,2.88,0.9,0.9
2002-11-07,15.6,6.4,34.92,11:42,7.92,0.0,8.3
2002-11-08,15.2,4.8,20.88,06:54,7.92,0.1,2.8
2002-11-09,14.8,10.8,15.84,00:02,2.88,9.1,0.0
2002-11-10,16.8,13.6,32.04,19:48,7.92,14.6,0.3
2002-11-11,17.0,10.8,16.92,00:10,5.04,1.5,6.2
2002-11-12,13.2,9.6,54.0,12:59,12.96,82.5,0.0
2002-11-13,13.8,8.8,83.88,12:53,15.84,31.5,0.0
2002-11-14,11.3,8.0,29.88,01:40,6.12,10.4,0.0
2002-11-15,11.7,6.4,25.92,17:45,9.0,7.2,1.4
2002-11-16,11.8,8.0,42.12,15:41,6.84,12.0,0.0
2002-11-17,14.3,10.2,15.12,21:00,5.04,6.6,2.6
2002-11-18,14.0,10.0,29.88,13:52,5.04,41.4,0.1
2002-11-19,12.2,6.0,29.16,07:16,5.04,6.0,0.2
2002-11-20,13.2,2.8,70.92,18:21,15.12,14.0,3.1
2002-11-21,13.1,8.5,0.0,,10.08,6.8,0.7
2002-11-22,13.4,9.5,0.0,,10.08,13.5,0.6
2002-11-23,13.3,7.3,45.0,13:10,12.96,22.1,1.7
2002-11-24,10.8,5.1,15.12,08:31,2.88,0.0,0.0
2002-11-25,13.3,4.5,19.08,22:38,3.96,0.0,5.7
2002-11-26,14.0,8.5,51.84,01:29,11.88,1.0,0.5
2002-11-27,16.8,11.3,51.84,01:29,12.96,20.7,0.4
2002-11-28,15.5,10.0,46.08,02:31,5.04,12.9,3.6
2002-11-29,13.8,10.9,42.84,02:40,5.04,12.2,0.0
2002-11-30,13.8,11.3,21.96,22:31,3.96,15.8,0.0
2002-12-01,15.2,8.5,42.12,05:07,7.92,32.3,0.0
2002-12-02,12.4,6.8,14.04,04:37,3.96,0.1,1.0
2002-12-03,12.2,8.8,11.16,04:23,3.96,1.9,0.0
2002-12-04,13.7,10.3,29.16,23:12,3.96,1.8,0.0
2002-12-05,13.1,7.1,37.08,13:27,10.08,0.0,7.4
2002-12-06,12.5,3.6,30.96,16:55,7.92,0.0,5.1
2002-12-07,13.9,5.8,27.0,13:15,6.84,0.0,5.9
2002-12-08,10.7,3.5,20.16,08:15,6.12,0.0,2.1
2002-12-09,10.4,4.7,29.88,13:19,5.04,8.4,0.0
2002-12-10,12.9,5.2,20.88,01:48,6.12,7.0,5.3
2002-12-11,11.0,6.5,38.16,16:53,6.12,10.2,4.4
2002-12-12,12.5,7.0,27.0,13:19,10.08,1.5,1.5
2002-12-13,13.4,6.5,42.12,20:08,7.92,9.6,0.0
2002-12-14,14.9,9.1,69.12,02:03,9.0,7.4,1.5
2002-12-15,13.8,8.6,34.92,09:07,7.92,0.4,0.0
2002-12-16,16.3,8.2,30.96,23:46,7.92,7.8,0.0
2002-12-17,17.4,13.7,33.84,10:27,7.92,10.7,0.0
2002-12-18,17.9,14.3,25.92,04:36,6.84,1.8,0.3
2002-12-19,17.5,12.9,25.92,14:14,6.12,2.4,3.3
2002-12-20,15.8,12.5,24.12,23:53,5.04,0.4,0.0
2002-12-21,15.0,12.8,38.88,21:33,11.16,7.7,0.0
2002-12-22,18.7,14.0,45.0,23:54,10.08,7.9,3.2
2002-12-23,17.5,12.3,65.16,02:10,16.92,6.2,0.2
2002-12-24,15.6,12.7,56.16,18:04,12.96,11.3,0.0
2002-12-25,16.6,13.9,0.0,,16.92,28.7,0.0
2002-12-26,16.9,12.4,0.0,,23.04,23.1,0.0
2002-12-27,12.9,8.6,61.92,03:22,16.92,23.8,0.2
2002-12-28,13.2,6.5,33.12,23:46,6.84,0.0,1.9
2002-12-29,13.6,11.0,75.96,21:29,16.92,12.8,0.0
2002-12-30,13.5,9.8,60.12,11:34,9.0,4.7,1.1
2002-12-31,14.3,9.4,55.08,20:59,9.0,22.1,0.0
2003-01-01,16.2,14.0,65.16,10:26,18.0,34.2,0.0
2003-01-02,16.5,12.3,74.16,01:04,6.12,8.2,0.3
2003-01-03,14.4,10.9,51.12,05:48,7.92,4.0,2.7
2003-01-04,15.0,8.6,19.08,23:51,5.04,6.5,2.2
2003-01-05,12.0,6.0,50.04,12:37,11.16,20.5,0.3
2003-01-06,12.0,5.3,37.08,22:45,6.84,17.9,5.1
2003-01-07,12.5,8.2,37.08,02:14,3.96,5.4,0.0
2003-01-08,8.7,6.2,33.12,18:29,7.92,27.5,0.0
2003-01-09,7.6,0.3,47.88,08:52,11.16,2.2,3.9
2003-01-10,9.2,0.3,37.08,13:36,11.16,0.0,6.7
2003-01-11,9.6,1.4,38.16,15:08,9.0,0.0,6.6
2003-01-12,9.0,1.8,38.16,14:37,14.04,0.0,6.9
2003-01-13,10.0,-1.4,20.88,22:26,5.04,0.0,7.6
2003-01-14,11.8,0.2,21.96,22:14,3.96,0.0,7.7
2003-01-15,11.3,0.6,21.96,06:08,2.88,0.0,3.8
2003-01-16,12.0,2.2,18.0,20:05,5.04,0.0,7.8
2003-01-17,10.2,2.2,24.12,23:19,7.92,6.1,0.2
2003-01-18,14.0,8.5,59.04,07:33,16.92,58.3,0.0
2003-01-19,12.2,6.7,47.88,22:34,11.88,18.6,0.6
2003-01-20,12.5,8.6,77.04,06:19,15.84,29.0,0.2
2003-01-21,13.0,8.6,55.08,01:28,7.92,12.4,1.6
2003-01-22,12.2,6.5,38.88,10:53,10.08,3.4,2.5
2003-01-23,14.0,3.8,16.92,23:29,6.84,0.0,8.1
2003-01-24,14.0,2.4,18.0,23:24,5.04,0.0,7.8
2003-01-25,13.5,2.5,23.04,23:24,5.04,0.0,3.3
2003-01-26,17.0,6.0,29.88,15:04,11.16,0.0,6.7
2003-01-27,22.5,9.4,25.92,05:31,6.84,0.0,8.1
2003-01-28,15.5,8.0,46.08,16:16,14.04,0.0,6.3
2003-01-29,11.4,6.0,56.88,13:52,14.04,0.3,3.7
2003-01-30,11.6,5.2,42.84,21:42,11.16,3.7,2.0
2003-01-31,9.3,2.7,50.04,01:11,12.96,0.0,4.2
2003-02-01,9.9,-0.5,15.12,03:38,5.04,1.9,0.0
2003-02-02,10.8,6.7,14.04,19:08,3.96,1.7,0.0
2003-02-03,12.7,9.3,23.04,23:52,5.04,10.7,0.1
2003-02-04,12.6,8.3,54.0,04:30,11.16,0.8,0.1
2003-02-05,12.1,5.6,10.08,01:36,2.88,0.7,0.3
2003-02-06,12.9,9.2,10.08,20:08,2.88,6.1,0.7
2003-02-07,14.7,7.7,23.04,13:29,6.84,0.2,5.2
2003-02-08,14.0,6.0,21.96,06:41,9.0,0.0,7.0
2003-02-09,14.4,8.5,14.04,14:58,2.88,0.8,0.0
2003-02-10,14.8,10.0,18.0,12:19,6.12,5.3,1.6
2003-02-11,14.9,9.4,28.08,13:14,6.84,0.0,0.8
2003-02-12,13.7,6.6,37.08,14:24,9.0,0.0,2.8
2003-02-13,14.4,5.6,24.84,00:22,7.92,0.0,6.3
2003-02-14,13.5,5.0,38.16,15:57,11.16,0.0,8.2
2003-02-15,13.2,2.8,32.04,13:42,11.88,0.0,8.5
2003-02-16,11.5,0.1,16.92,23:16,2.16,0.0,5.5
2003-02-17,12.2,1.5,21.96,03:02,6.84,2.3,2.3
2003-02-18,10.0,5.0,33.12,12:36,7.92,27.9,0.0
2003-02-19,10.2,2.5,36.0,15:32,7.92,2.1,2.0
2003-02-20,13.6,4.2,19.08,06:03,6.84,0.0,9.3
2003-02-21,14.0,5.4,47.16,23:32,12.96,4.1,0.0
2003-02-22,13.5,9.2,57.96,05:34,11.16,3.7,0.5
2003-02-23,16.8,7.5,18.0,03:04,6.84,2.0,1.7
2003-02-24,13.5,9.7,38.16,23:31,7.92,14.3,1.7
2003-02-25,11.4,6.2,42.84,01:21,9.0,0.8,2.2
2003-02-26,11.8,6.3,45.0,11:45,11.88,15.3,0.2
2003-02-27,11.8,7.6,29.88,22:33,6.84,6.2,0.2
2003-02-28,14.0,11.4,48.96,19:55,15.84,19.9,0.0
2003-03-01,15.0,12.0,45.0,01:21,6.84,0.0,2.4
2003-03-02,14.3,11.2,48.96,12:35,14.04,15.8,0.0
2003-03-03,15.9,12.8,28.08,05:47,6.12,0.8,0.0
2003-03-04,15.8,10.9,30.96,09:45,0.0,0.0,0.7
2003-03-05,13.0,9.2,23.04,09:07,5.04,8.8,3.5
2003-03-06,14.8,6.6,21.96,14:21,5.04,0.0,8.7
2003-03-07,13.6,6.8,19.08,12:19,3.96,0.1,0.0
2003-03-08,17.0,4.0,16.92,23:33,6.12,0.0,10.5
2003-03-09,17.3,5.8,20.16,05:55,6.12,0.0,6.9
2003-03-10,18.6,7.0,20.16,01:58,6.12,0.0,8.3
2003-03-11,18.6,11.4,16.92,14:35,5.04,0.0,0.0
2003-03-12,20.6,10.4,16.92,01:19,3.96,0.0,1.8
2003-03-13,19.3,10.5,24.12,16:09,3.96,3.2,0.5
2003-03-14,16.5,9.2,19.08,15:39,3.96,0.0,8.1
2003-03-15,16.0,7.3,15.12,15:36,5.04,0.0,5.6
2003-03-16,20.0,7.5,12.96,23:36,3.96,0.0,7.0
2003-03-17,19.5,9.7,42.12,11:56,14.04,0.0,5.7
2003-03-18,20.5,8.3,30.96,11:30,9.0,0.0,10.3
2003-03-19,18.8,3.7,20.16,02:47,6.84,0.0,10.4
2003-03-20,21.2,7.5,33.84,16:02,11.88,0.0,10.5
2003-03-21,21.6,6.0,19.08,23:48,6.12,0.0,10.6
2003-03-22,20.2,8.0,23.04,00:42,6.12,0.0,9.2
2003-03-23,18.0,6.6,43.92,12:49,9.0,14.0,0.6
2003-03-24,19.5,11.0,29.16,03:14,3.96,17.7,0.5
2003-03-25,16.5,10.2,34.92,15:31,7.92,17.2,2.8
2003-03-26,18.0,9.2,24.12,16:39,3.96,4.1,1.4
2003-03-27,15.9,11.6,42.12,11:58,7.92,5.6,2.3
2003-03-28,13.2,10.0,28.08,15:39,3.96,13.3,0.0
2003-03-29,18.7,10.0,18.0,02:20,3.96,14.6,2.6
2003-03-30,16.5,11.0,24.12,15:30,6.12,24.9,0.0
2003-03-31,19.5,8.6,16.92,16:37,5.04,0.0,10.6
2003-04-01,21.0,8.9,21.96,21:53,3.96,0.0,11.7
2003-04-02,14.6,8.9,47.16,22:45,11.88,0.0,0.8
2003-04-03,16.8,8.5,52.92,14:45,14.04,0.0,9.8
2003-04-04,21.8,7.2,38.16,06:24,11.88,0.0,11.7
2003-04-05,20.0,5.6,24.84,14:06,5.04,0.0,11.7
2003-04-06,22.4,7.4,20.16,05:18,5.04,0.0,11.6
2003-04-07,22.3,10.8,21.96,05:26,3.96,0.0,11.7
2003-04-08,20.3,6.3,24.84,20:16,6.12,0.0,11.6
2003-04-09,16.3,7.0,37.08,08:34,11.16,0.0,6.4
2003-04-10,13.3,7.0,0.0,,5.04,20.8,1.4
2003-04-11,14.4,6.3,28.08,02:48,6.84,4.4,7.1
2003-04-12,17.8,7.7,51.12,15:22,15.84,3.8,0.1
2003-04-13,17.7,11.7,77.04,15:06,25.92,13.4,0.1
2003-04-14,18.0,11.1,41.04,03:11,11.16,8.4,1.8
2003-04-15,19.5,9.5,19.08,15:30,3.96,0.0,12.3
2003-04-16,20.0,8.6,16.92,11:34,0.0,0.0,7.9
2003-04-17,20.7,12.7,23.04,11:32,2.88,17.9,2.1
2003-04-18,15.2,11.9,15.84,03:02,6.12,5.6,0.5
2003-04-19,12.2,8.8,25.92,17:39,5.04,29.5,0.0
2003-04-20,13.8,8.9,21.96,23:44,3.96,5.7,0.0
2003-04-21,18.5,9.5,24.84,03:54,7.92,0.2,7.7
2003-04-22,22.8,11.9,32.04,03:11,3.96,5.9,10.3
2003-04-23,16.5,10.8,30.96,23:42,9.0,4.2,3.5
2003-04-24,18.0,12.0,54.0,23:02,12.96,15.9,0.3
2003-04-25,13.4,11.0,46.08,05:23,6.12,19.0,0.0
2003-04-26,17.0,10.7,38.88,02:10,6.84,0.0,12.0
2003-04-27,18.1,9.8,50.04,23:46,6.12,10.4,3.0
2003-04-28,15.9,11.5,60.84,08:42,12.96,12.6,0.8
2003-04-29,16.2,8.5,0.0,,15.12,18.1,2.9
2003-04-30,16.3,8.5,28.08,12:39,5.04,0.9,9.1
2003-05-01,17.8,10.3,55.08,15:11,10.08,5.5,3.1
2003-05-02,15.9,10.1,18.0,11:14,5.04,1.3,5.0
2003-05-03,20.6,6.6,20.88,01:52,3.96,0.0,13.4
2003-05-04,16.8,8.2,42.12,09:28,6.84,4.6,3.6
2003-05-05,16.0,7.8,50.04,15:33,15.84,0.5,9.3
2003-05-06,16.4,5.7,48.96,16:35,14.04,0.0,9.7
2003-05-07,18.0,8.2,46.08,05:59,15.84,0.0,7.6
2003-05-08,22.5,8.0,38.88,10:37,11.88,0.0,13.3
2003-05-09,22.3,10.6,33.12,11:14,12.96,0.0,11.4
2003-05-10,20.6,7.4,21.96,16:39,5.04,0.0,9.5
2003-05-11,21.6,8.8,33.84,19:09,9.0,0.0,13.6
2003-05-12,21.0,8.0,19.08,14:05,5.04,0.0,8.3
2003-05-13,22.6,9.8,33.84,15:06,14.04,0.0,13.9
2003-05-14,25.6,8.8,33.84,11:37,11.88,0.0,13.9
2003-05-15,21.4,7.5,21.96,15:48,5.04,0.0,12.4
2003-05-16,19.6,11.6,18.0,12:38,6.12,0.0,5.9
2003-05-17,15.4,11.0,19.08,16:07,5.04,7.4,0.0
2003-05-18,18.3,14.8,33.84,15:01,6.84,7.2,0.0
2003-05-19,19.4,11.2,33.12,04:15,6.84,0.0,10.3
2003-05-20,22.1,8.7,36.0,13:00,15.12,0.0,14.1
2003-05-21,30.3,9.6,23.04,16:50,6.84,0.0,14.3
2003-05-22,29.5,15.8,23.04,03:28,5.04,0.0,14.4
2003-05-23,23.5,12.1,25.92,12:42,5.04,2.9,6.3
2003-05-24,17.6,10.2,42.84,14:10,12.96,1.2,5.4
2003-05-25,19.9,7.6,32.04,14:49,9.0,0.0,8.3
2003-05-26,24.8,8.0,34.92,15:53,11.88,0.0,14.1
2003-05-27,26.5,11.2,18.0,11:34,3.96,0.0,13.7
2003-05-28,28.3,15.1,20.16,11:59,2.88,0.0,14.1
2003-05-29,25.2,14.4,25.92,03:33,3.96,0.1,13.4
2003-05-30,25.3,15.2,18.0,07:20,6.12,0.0,5.8
2003-05-31,21.0,13.4,23.04,12:21,6.12,0.0,5.4
2003-06-01,17.0,11.2,19.08,17:48,6.12,12.2,0.0
2003-06-02,19.1,11.4,25.92,23:28,6.12,7.9,2.3
2003-06-03,19.3,14.3,38.16,01:44,6.12,6.3,1.0
2003-06-04,19.6,13.2,33.12,00:46,5.04,0.0,11.4
2003-06-05,21.0,9.8,20.88,16:26,6.12,0.0,14.0
2003-06-06,23.8,10.8,19.08,13:04,5.04,0.0,14.1
2003-06-07,22.4,12.8,15.84,15:45,3.96,0.0,7.4
2003-06-08,22.4,12.0,21.96,16:05,5.04,0.0,12.1
2003-06-09,21.5,9.8,23.04,12:47,6.12,0.0,10.0
2003-06-10,21.6,14.4,28.08,03:54,5.04,3.1,5.4
2003-06-11,24.0,11.4,21.96,14:37,6.12,0.0,14.0
2003-06-12,31.5,14.6,29.88,12:21,11.16,0.0,12.3
2003-06-13,33.0,20.1,33.84,11:19,11.88,0.0,8.5
2003-06-14,24.4,17.5,29.88,03:34,5.04,0.0,4.3
2003-06-15,21.3,15.5,15.12,13:23,3.96,0.0,1.7
2003-06-16,22.5,15.7,21.96,15:06,6.12,0.0,8.3
2003-06-17,23.8,15.5,38.16,16:11,11.88,0.0,6.7
2003-06-18,31.1,12.7,39.96,15:05,12.96,0.0,12.6
2003-06-19,38.0,16.6,34.92,10:19,9.0,0.0,12.6
2003-06-20,31.3,21.6,24.84,10:12,5.04,0.0,12.0
2003-06-21,29.3,18.4,15.12,12:40,5.04,0.0,11.6
2003-06-22,23.0,16.8,21.96,12:31,5.04,0.0,0.7
2003-06-23,27.1,16.2,33.84,15:59,14.04,0.0,4.8
2003-06-24,22.0,17.4,24.84,12:55,5.04,0.3,0.0
2003-06-25,23.6,15.2,24.84,11:31,6.84,0.0,3.2
2003-06-26,23.4,11.8,23.04,17:05,5.04,0.0,11.8
2003-06-27,24.5,14.0,37.08,17:06,11.16,0.0,8.0
2003-06-28,21.9,12.9,24.12,12:30,6.84,5.5,11.1
2003-06-29,15.9,13.4,39.96,23:11,9.0,33.4,0.1
2003-06-30,18.0,14.2,56.88,11:58,14.04,10.1,0.6
2003-07-01,20.5,14.5,27.0,15:35,6.84,4.5,4.4
2003-07-02,19.0,14.0,19.08,16:02,5.04,1.7,1.6
2003-07-03,22.2,13.6,23.04,13:23,5.04,0.0,10.2
2003-07-04,26.0,12.0,34.92,18:25,11.88,0.0,13.7
2003-07-05,25.0,13.5,32.04,15:40,10.08,0.0,11.7
2003-07-06,27.0,13.8,34.92,17:24,12.96,0.0,13.6
2003-07-07,28.5,13.5,18.0,12:39,3.96,0.0,13.5
2003-07-08,24.6,15.8,16.92,15:09,3.96,0.0,13.5
2003-07-09,27.7,14.0,21.96,18:31,6.12,0.0,13.5
2003-07-10,30.7,14.2,33.12,14:26,11.88,0.0,13.4
2003-07-11,28.0,16.5,18.0,01:25,5.04,0.0,13.2
2003-07-12,20.2,17.2,12.96,11:54,3.96,1.1,0.0
2003-07-13,20.6,16.7,16.92,14:28,3.96,0.0,0.0
2003-07-14,20.6,15.0,14.04,14:06,5.04,21.0,0.3
2003-07-15,18.5,14.2,24.12,12:55,6.84,12.0,0.0
2003-07-16,20.6,12.6,19.08,14:27,5.04,0.0,6.1
2003-07-17,22.6,10.5,21.96,13:05,5.04,0.0,13.2
2003-07-18,24.5,12.1,30.96,11:16,7.92,2.4,9.9
2003-07-19,22.9,14.5,28.08,11:35,7.92,0.0,9.9
2003-07-20,22.1,13.5,20.16,15:48,6.12,0.0,9.0
2003-07-21,23.2,11.8,21.96,05:24,6.84,0.0,9.9
2003-07-22,25.3,13.0,25.92,13:24,6.12,0.0,12.9
2003-07-23,23.3,13.3,20.88,13:54,6.12,0.7,6.4
2003-07-24,23.4,16.3,21.96,16:21,6.12,1.4,7.7
2003-07-25,20.5,15.6,23.04,15:55,5.04,17.8,0.0
2003-07-26,21.2,18.0,36.0,16:22,11.88,17.7,0.0
2003-07-27,22.4,14.8,24.12,14:41,5.04,0.0,12.5
2003-07-28,25.5,12.2,27.0,12:34,7.92,0.0,12.7
2003-07-29,32.0,15.8,33.12,15:04,12.96,0.0,13.0
2003-07-30,31.0,18.0,29.88,17:38,15.12,0.0,13.0
2003-07-31,28.9,15.7,16.92,17:20,3.96,0.0,13.0
2003-08-01,32.4,17.4,0.0,,6.84,0.0,12.8
2003-08-02,27.8,22.0,0.0,,6.12,0.0,1.0
2003-08-03,29.1,19.5,37.08,03:47,3.96,0.0,6.2
2003-08-04,25.0,17.7,16.92,12:47,5.04,0.0,6.2
2003-08-05,26.7,15.5,15.12,05:45,2.88,0.0,11.8
2003-08-06,35.5,18.7,20.16,23:57,5.04,0.0,12.4
2003-08-07,35.0,22.4,21.96,00:13,6.12,0.0,12.4
2003-08-08,36.6,23.4,23.04,04:25,6.12,0.0,12.3
2003-08-09,31.0,19.7,18.0,19:27,2.16,0.0,12.3
2003-08-10,30.4,18.5,25.92,17:42,11.16,0.0,11.7
2003-08-11,32.0,19.2,20.16,23:16,5.04,0.0,12.3
2003-08-12,38.2,21.0,25.92,13:37,2.16,0.0,12.3
2003-08-13,26.5,18.0,11.16,12:47,3.96,0.0,6.5
2003-08-14,24.6,17.0,16.92,13:50,1.08,0.5,3.4
2003-08-15,21.7,18.0,15.12,15:25,2.16,13.3,0.0
2003-08-16,23.6,17.1,24.84,02:53,1.08,0.0,8.5
2003-08-17,26.0,15.3,15.84,13:46,1.08,0.0,10.5
2003-08-18,25.0,15.8,15.12,13:55,2.16,0.0,9.9
2003-08-19,24.8,17.2,20.16,18:55,2.16,0.0,11.5
2003-08-20,27.3,14.7,27.0,20:50,2.88,0.0,11.9
2003-08-21,31.7,16.2,33.84,20:20,6.12,0.0,12.6
2003-08-22,31.7,17.5,12.96,22:20,2.88,0.0,9.8
2003-08-23,31.6,19.8,15.84,06:30,2.16,0.0,12.1
2003-08-24,23.6,17.2,19.08,14:45,2.16,1.4,7.8
2003-08-25,24.1,15.0,21.96,15:09,2.16,0.0,10.3
2003-08-26,23.0,12.6,30.96,22:23,5.04,20.3,8.8
2003-08-27,21.7,15.3,41.04,03:46,6.84,6.6,4.7
2003-08-28,19.2,16.2,61.92,22:26,15.12,24.8,0.3
2003-08-29,22.5,17.0,42.12,03:43,6.12,0.9,7.8
2003-08-30,24.0,15.9,18.0,12:55,6.12,0.0,10.5
2003-08-31,23.4,14.4,16.92,16:24,2.88,0.9,3.4
2003-09-01,24.3,15.4,36.0,15:06,10.08,0.0,10.2
2003-09-02,24.7,14.6,38.88,17:09,9.0,0.0,11.4
2003-09-03,26.2,13.2,20.16,11:39,5.04,0.0,11.2
2003-09-04,24.8,13.5,15.12,15:59,3.96,0.0,11.3
2003-09-05,23.7,14.2,18.0,15:06,3.96,0.0,10.4
2003-09-06,24.0,12.6,32.04,13:42,11.88,0.4,9.1
2003-09-07,18.4,13.2,27.0,10:17,6.84,6.9,0.0
2003-09-08,18.6,15.0,27.0,12:07,6.12,9.9,0.0
2003-09-09,22.1,11.4,33.84,10:48,11.16,0.0,11.2
2003-09-10,27.4,10.2,25.92,14:17,9.0,0.0,11.7
2003-09-11,29.3,14.5,15.84,19:27,3.96,0.0,11.5
2003-09-12,30.7,15.5,20.88,21:57,2.88,0.0,11.5
2003-09-13,33.4,19.4,21.96,04:56,6.12,0.0,11.3
2003-09-14,30.7,17.5,27.0,04:27,5.04,0.0,11.2
2003-09-15,26.0,18.2,23.04,00:18,5.04,0.0,11.1
2003-09-16,25.6,15.8,16.92,02:23,6.12,0.0,10.6
2003-09-17,25.0,13.6,20.16,03:17,3.96,0.0,10.6
2003-09-18,26.3,14.8,20.88,22:17,6.84,0.0,10.5
2003-09-19,28.8,16.4,28.08,12:17,3.96,0.0,10.5
2003-09-20,24.2,16.5,37.08,09:47,5.04,5.7,2.9
2003-09-21,24.1,16.7,34.92,10:10,7.92,6.6,8.4
2003-09-22,20.4,15.2,20.88,00:27,5.04,0.2,2.1
2003-09-23,23.7,12.6,27.0,20:12,9.0,0.0,10.5
2003-09-24,26.4,14.0,20.16,15:01,3.96,0.0,10.4
2003-09-25,23.0,13.3,15.12,14:46,5.04,0.0,7.8
2003-09-26,22.2,14.8,12.96,07:28,5.04,0.2,0.0
2003-09-27,24.0,16.5,16.92,14:05,3.96,0.0,5.9
2003-09-28,23.6,15.8,21.96,11:27,3.96,0.0,5.5
2003-09-29,21.2,14.2,16.92,07:31,5.04,0.0,0.2
2003-09-30,19.3,14.5,29.16,17:53,7.92,10.3,0.0
2003-10-01,16.2,12.2,42.84,18:27,5.04,14.8,0.8
2003-10-02,17.2,12.4,28.08,16:46,6.12,13.8,2.5
2003-10-03,20.0,10.8,18.0,12:29,5.04,0.0,6.7
2003-10-04,22.0,12.2,34.92,15:22,9.0,0.0,7.8
2003-10-05,20.2,11.6,42.84,13:27,11.88,0.0,9.0
2003-10-06,20.0,9.2,33.84,15:34,10.08,0.0,10.5
2003-10-07,21.8,10.6,30.96,22:48,11.88,0.0,7.1
2003-10-08,23.6,13.0,43.92,09:23,15.12,0.0,10.6
2003-10-09,24.8,13.1,19.08,22:30,3.96,0.0,10.6
2003-10-10,24.7,13.8,21.96,22:10,2.88,0.0,10.3
2003-10-11,23.0,13.8,29.88,13:57,6.12,12.2,0.4
2003-10-12,17.4,14.2,14.04,13:21,2.88,0.5,0.0
2003-10-13,20.5,11.1,16.92,04:08,5.04,0.0,8.2
2003-10-14,19.9,11.8,18.0,05:40,6.12,0.0,10.0
2003-10-15,19.0,13.2,14.04,14:38,5.04,1.5,2.3
2003-10-16,20.0,11.7,15.12,08:06,3.96,0.0,8.0
2003-10-17,19.0,12.0,15.12,15:08,3.96,0.0,6.2
2003-10-18,17.6,10.1,42.12,14:35,9.0,52.7,0.8
2003-10-19,17.5,12.4,20.16,14:46,5.04,8.2,1.6
2003-10-20,17.7,10.8,25.92,14:49,6.84,0.0,2.3
2003-10-21,17.3,8.8,33.84,12:32,11.16,0.0,9.7
2003-10-22,13.6,5.7,32.04,16:09,6.84,3.0,2.0
2003-10-23,14.3,4.7,33.12,13:32,6.84,0.2,6.7
2003-10-24,13.5,5.7,24.84,23:59,7.92,0.0,0.0
2003-10-25,12.3,8.1,29.16,04:45,9.0,2.7,0.0
2003-10-26,15.0,8.3,24.84,18:38,6.84,5.2,1.4
2003-10-27,18.7,10.2,28.08,07:18,6.12,5.3,2.3
2003-10-28,16.7,10.1,28.08,15:35,6.84,4.2,0.5
2003-10-29,13.5,6.3,38.16,15:58,6.12,6.3,0.0
2003-10-30,15.2,11.1,60.84,14:52,12.96,34.6,0.0
2003-10-31,13.5,8.8,63.0,00:24,9.0,11.4,0.0
2003-11-01,15.5,9.0,29.88,12:40,7.92,0.7,6.2
2003-11-02,15.4,8.8,39.96,17:34,11.88,0.8,0.0
2003-11-03,15.8,11.5,36.0,02:13,10.08,0.3,0.4
2003-11-04,18.0,8.3,25.92,03:55,6.12,0.0,8.2
2003-11-05,17.2,11.5,32.04,08:25,6.84,1.8,0.0
2003-11-06,22.0,15.3,29.16,02:59,6.12,0.0,0.8
2003-11-07,22.3,14.9,32.04,23:40,5.04,9.6,5.0
2003-11-08,15.8,9.6,21.96,00:29,5.04,10.3,2.4
2003-11-09,16.9,9.9,33.12,11:50,7.92,7.6,1.2
2003-11-10,16.5,12.4,20.16,00:06,5.04,0.1,1.5
2003-11-11,15.6,9.3,28.08,14:09,2.88,9.8,1.9
2003-11-12,15.3,9.9,19.08,13:48,6.12,0.0,0.2
2003-11-13,16.0,7.0,34.92,12:57,10.08,43.8,2.6
2003-11-14,15.5,11.4,39.96,23:32,3.96,57.2,0.3
2003-11-15,15.5,11.2,57.96,18:58,9.0,9.6,0.0
2003-11-16,13.5,9.1,57.96,11:43,20.88,0.0,1.5
2003-11-17,15.7,6.8,34.92,10:21,7.92,0.0,7.8
2003-11-18,17.2,5.5,18.0,00:10,2.88,0.0,7.9
2003-11-19,18.5,8.8,19.08,23:57,6.12,0.0,7.6
2003-11-20,17.2,8.9,20.16,00:53,7.92,1.7,1.4
2003-11-21,13.0,11.7,42.84,18:26,10.08,57.7,0.0
2003-11-22,13.2,8.2,15.12,00:03,3.96,2.0,0.0
2003-11-23,14.0,7.4,19.08,23:41,3.96,12.3,2.0
2003-11-24,13.2,7.0,32.04,14:46,10.08,0.0,2.9
2003-11-25,13.6,3.7,33.12,23:51,3.96,5.3,2.7
2003-11-26,14.2,9.2,59.04,19:59,7.92,29.1,0.0
2003-11-27,12.4,5.2,29.16,00:12,5.04,2.8,2.5
2003-11-28,14.4,9.0,34.92,11:30,10.08,25.9,0.0
2003-11-29,15.0,13.6,41.04,23:51,9.0,53.7,0.0
2003-11-30,14.8,6.0,55.08,13:37,6.12,19.8,0.0
2003-12-01,8.5,4.1,20.16,02:21,5.04,5.7,1.9
2003-12-02,10.0,2.4,14.04,18:02,6.12,4.7,4.5
2003-12-03,9.5,5.6,18.0,08:10,6.12,9.4,0.0
2003-12-04,9.4,4.5,18.0,21:34,2.88,0.0,0.0
2003-12-05,14.5,5.0,33.84,23:18,6.84,0.0,4.0
2003-12-06,13.5,10.0,34.92,00:31,7.92,4.0,1.6
2003-12-07,12.4,10.4,41.04,08:24,11.16,7.4,0.0
2003-12-08,12.3,10.2,42.84,07:39,11.16,18.7,0.0
2003-12-09,10.7,7.0,41.04,01:54,6.12,14.8,0.0
2003-12-10,14.3,7.0,15.12,05:01,3.96,0.0,7.2
2003-12-11,11.5,7.8,15.12,09:16,3.96,8.4,0.0
2003-12-12,14.0,10.2,12.96,22:17,3.96,0.0,0.0
2003-12-13,14.1,6.2,14.04,00:10,3.96,0.0,5.0
2003-12-14,16.6,8.2,15.84,03:51,3.96,0.0,5.5
2003-12-15,15.3,9.8,16.92,05:17,2.88,0.1,0.7
2003-12-16,12.8,8.4,16.92,22:28,5.04,0.0,1.4
2003-12-17,15.2,7.3,24.12,23:51,6.12,1.7,0.8
2003-12-18,13.9,10.5,37.08,14:19,6.84,17.0,0.3
2003-12-19,14.5,10.5,33.84,11:45,12.96,1.0,0.0
2003-12-20,14.5,10.7,29.88,05:45,9.0,0.0,0.0
2003-12-21,14.5,7.8,29.88,14:51,0.0,0.0,1.5
2003-12-22,10.8,5.5,0.0,,0.0,0.0,6.3
2003-12-23,11.7,3.7,25.92,15:29,5.04,0.0,7.5
2003-12-24,11.7,2.7,20.88,22:52,6.12,0.0,7.5
2003-12-25,13.9,4.8,18.0,00:00,3.96,0.0,6.4
2003-12-26,12.7,3.6,32.04,11:02,9.0,1.6,0.5
2003-12-27,13.4,9.4,68.04,21:33,9.0,11.3,0.0
2003-12-28,12.0,4.5,39.96,00:06,5.04,2.1,4.7
2003-12-29,13.0,3.2,56.16,11:59,12.96,7.6,0.0
2003-12-30,14.2,11.6,46.08,00:16,6.12,6.0,0.0
2003-12-31,14.0,11.5,16.92,03:05,5.04,11.5,0.0
2004-01-01,15.2,8.2,37.08,15:57,7.92,1.7,2.2
2004-01-02,13.0,7.4,33.84,11:53,7.92,0.0,4.6
2004-01-03,13.2,9.2,20.88,12:08,6.12,0.0,0.0
2004-01-04,14.7,8.0,24.12,15:16,2.16,0.0,3.0
2004-01-05,14.3,5.4,18.0,22:38,3.96,0.0,8.2
2004-01-06,12.4,5.0,19.08,00:24,6.84,0.0,3.5
2004-01-07,13.7,9.3,47.16,20:43,15.84,2.9,0.2
2004-01-08,15.3,12.0,54.0,05:14,11.16,5.9,0.0
2004-01-09,15.1,13.6,39.96,05:45,6.84,0.9,0.0
2004-01-10,15.0,13.0,24.12,14:06,7.92,10.8,0.0
2004-01-11,14.8,13.5,24.12,23:20,5.04,10.8,0.0
2004-01-12,14.4,13.5,39.96,14:53,10.08,1.9,0.0
2004-01-13,15.0,13.5,60.12,12:57,14.04,14.8,0.0
2004-01-14,14.2,6.2,34.92,01:42,5.04,0.4,0.7
2004-01-15,11.3,3.0,20.16,06:55,7.92,1.6,6.9
2004-01-16,12.8,7.0,33.84,19:36,9.0,28.5,0.0
2004-01-17,11.8,6.0,38.88,17:19,6.84,0.4,0.0
2004-01-18,11.2,4.5,41.04,13:34,7.92,0.0,6.9
2004-01-19,12.5,2.0,24.84,00:43,3.96,0.0,7.7
2004-01-20,11.6,1.8,21.96,01:42,2.88,0.0,7.7
2004-01-21,11.5,1.3,23.04,02:18,5.04,0.0,7.6
2004-01-22,12.7,0.9,20.16,06:50,6.12,6.1,3.0
2004-01-23,13.0,8.6,11.16,14:47,3.96,6.4,0.0
2004-01-24,15.4,11.6,10.08,23:30,3.96,2.5,0.0
2004-01-25,13.6,11.4,39.96,19:49,6.84,29.4,0.0
2004-01-26,13.8,10.5,41.04,00:42,3.96,20.7,0.0
2004-01-27,13.5,5.3,37.08,01:26,6.12,0.3,0.0
2004-01-28,11.6,2.6,25.92,12:30,6.12,0.0,7.5
2004-01-29,10.5,2.0,20.88,05:58,6.84,3.7,2.0
2004-01-30,12.6,7.5,48.96,22:13,10.08,7.4,0.2
2004-01-31,16.0,10.5,69.12,03:53,3.96,0.9,0.0
2004-02-01,15.8,9.0,20.88,16:44,5.04,0.0,1.6
2004-02-02,18.4,9.1,42.84,13:38,9.0,0.0,2.9
2004-02-03,20.1,12.5,38.88,13:21,6.12,0.0,6.2
2004-02-04,21.2,13.8,33.84,12:26,9.0,0.0,4.9
2004-02-05,19.6,10.7,19.08,12:56,6.84,0.0,6.2
2004-02-06,15.9,11.4,32.04,15:13,5.04,0.1,0.0
2004-02-07,15.7,8.4,20.88,14:56,6.12,0.0,4.4
2004-02-08,16.6,6.7,16.92,22:45,5.04,0.0,6.7
2004-02-09,17.1,6.4,21.96,21:35,5.04,0.0,7.4
2004-02-10,18.6,6.1,20.88,21:52,2.88,0.0,8.0
2004-02-11,18.6,6.0,21.96,05:51,6.84,0.0,8.0
2004-02-12,16.5,5.5,20.88,00:05,5.04,0.0,8.5
2004-02-13,16.5,3.5,21.96,00:55,6.84,0.0,8.5
2004-02-14,13.6,4.8,20.88,07:35,6.12,0.0,7.8
2004-02-15,12.8,3.5,20.88,06:07,6.84,0.0,8.5
2004-02-16,13.0,4.0,16.92,05:53,3.96,0.0,4.6
2004-02-17,15.2,4.5,15.12,05:04,3.96,0.0,7.7
2004-02-18,15.6,7.0,37.08,18:06,7.92,0.0,6.2
2004-02-19,13.5,4.3,51.84,16:50,15.84,0.0,10.0
2004-02-20,10.5,2.0,38.88,15:24,11.88,0.0,9.7
2004-02-21,12.0,-1.7,19.08,23:28,5.04,0.0,9.1
2004-02-22,11.6,2.0,25.92,13:25,9.0,0.1,0.0
2004-02-23,15.8,3.5,33.84,23:23,9.0,0.0,7.6
2004-02-24,12.0,5.5,29.16,00:06,6.84,1.8,0.0
2004-02-25,14.3,4.6,50.04,23:35,14.04,0.0,7.0
2004-02-26,12.1,3.8,45.0,10:42,15.12,6.7,8.4
2004-02-27,7.7,1.4,69.12,14:05,11.88,1.2,4.6
2004-02-28,10.3,1.2,24.12,17:00,6.84,0.6,3.0
2004-02-29,11.1,3.6,30.96,13:25,6.84,0.0,6.4
2004-03-01,12.3,0.7,38.16,12:50,10.08,0.0,9.9
2004-03-02,11.0,-0.7,19.08,04:42,6.84,0.0,4.1
2004-03-03,11.9,5.8,29.88,12:32,6.12,1.3,0.0
2004-03-04,16.2,8.5,29.16,11:06,7.92,0.0,0.4
2004-03-05,13.4,7.8,42.84,15:22,10.08,7.3,0.0
2004-03-06,16.3,8.2,30.96,15:05,11.16,0.0,7.4
2004-03-07,15.8,4.6,16.92,00:08,3.96,0.0,7.5
2004-03-08,16.0,6.6,20.88,07:30,6.84,0.5,4.7
2004-03-09,13.1,9.7,15.12,07:15,3.96,2.7,0.0
2004-03-10,15.0,9.7,27.0,14:40,6.12,6.5,4.9
2004-03-11,12.7,8.5,47.88,14:05,11.16,8.7,0.0
2004-03-12,13.7,5.3,37.08,15:04,11.16,0.2,6.3
2004-03-13,14.5,3.0,24.12,01:54,7.92,0.0,10.2
2004-03-14,15.3,4.1,24.12,12:01,2.88,0.0,2.2
2004-03-15,20.0,6.1,20.16,04:53,6.12,0.0,10.4
2004-03-16,19.5,8.3,20.16,01:26,5.04,0.0,8.4
2004-03-17,18.5,9.6,15.84,12:22,6.84,0.1,4.4
2004-03-18,16.8,8.0,24.12,14:48,9.0,1.0,7.2
2004-03-19,14.8,8.9,18.0,14:07,5.04,0.0,0.0
2004-03-20,15.5,12.0,16.92,14:34,5.04,0.8,0.2
2004-03-21,15.5,6.7,42.12,15:35,15.12,1.3,8.3
2004-03-22,12.6,5.3,41.04,13:11,10.08,0.7,6.3
2004-03-23,11.5,4.8,23.04,10:44,5.04,7.1,1.2
2004-03-24,14.0,6.4,56.16,16:56,12.96,0.2,5.1
2004-03-25,13.3,4.0,45.0,10:17,11.88,0.0,11.1
2004-03-26,14.7,4.5,56.16,19:32,20.88,0.0,11.4
2004-03-27,14.3,5.1,57.96,17:27,18.0,0.0,11.5
2004-03-28,14.6,2.5,41.04,18:21,10.08,0.0,11.5
2004-03-29,12.6,6.6,18.0,00:02,2.88,0.0,0.0
2004-03-30,13.5,8.5,21.96,12:53,5.04,8.9,0.3
2004-03-31,15.4,8.4,64.08,20:34,15.12,25.6,1.9
2004-04-01,12.0,6.1,47.16,12:30,15.12,11.4,3.4
2004-04-02,14.0,6.3,39.96,09:35,9.0,4.9,4.4
2004-04-03,16.2,8.2,33.84,12:35,7.92,0.0,1.8
2004-04-04,18.3,8.4,16.92,14:09,6.12,0.0,3.1
2004-04-05,21.9,8.8,34.92,23:05,9.0,0.0,11.2
2004-04-06,19.5,6.6,38.88,23:40,15.12,0.0,11.5
2004-04-07,16.7,7.9,47.88,21:30,18.0,0.0,11.1
2004-04-08,16.5,6.9,57.96,14:26,18.0,0.0,12.5
2004-04-09,15.0,5.1,42.84,00:04,14.04,0.0,9.1
2004-04-10,16.0,3.2,39.96,13:50,11.16,0.0,12.3
2004-04-11,17.5,3.7,46.08,17:11,11.88,0.0,12.8
2004-04-12,19.0,7.0,39.96,16:57,15.12,0.0,12.8
2004-04-13,19.8,7.2,42.12,17:23,16.92,0.0,12.9
2004-04-14,18.2,6.0,29.88,00:33,5.04,0.0,12.9
2004-04-15,19.6,6.0,32.04,17:40,9.0,0.0,12.9
2004-04-16,12.8,6.5,30.96,09:07,14.04,0.0,1.5
2004-04-17,14.0,3.4,36.0,23:40,3.96,20.1,5.0
2004-04-18,13.2,7.0,60.84,06:56,21.96,5.4,4.7
2004-04-19,12.6,7.0,45.0,20:31,10.08,20.4,0.0
2004-04-20,15.3,12.0,45.0,14:25,9.0,14.1,0.0
2004-04-21,15.2,10.2,47.16,01:03,11.16,20.8,5.0
2004-04-22,16.6,8.4,20.88,12:58,6.12,0.0,8.4
2004-04-23,19.2,7.4,20.16,12:53,6.12,0.0,13.4
2004-04-24,22.3,9.1,21.96,02:55,7.92,0.0,13.3
2004-04-25,24.5,10.6,20.16,05:48,0.0,0.0,11.2
2004-04-26,25.5,11.8,27.0,21:11,0.0,0.0,13.3
2004-04-27,23.5,11.1,51.84,21:28,14.04,0.0,13.4
2004-04-28,17.0,9.8,51.12,18:10,20.16,0.1,12.5
2004-04-29,14.1,7.0,42.12,12:53,15.12,1.1,3.2
2004-04-30,14.0,5.5,23.04,16:00,6.12,14.3,1.4
2004-05-01,14.4,6.4,20.88,13:47,6.12,1.0,6.2
2004-05-02,14.4,7.8,24.12,18:25,7.92,3.0,1.0
2004-05-03,17.8,8.4,47.88,16:47,15.12,0.0,10.5
2004-05-04,14.0,8.3,43.92,19:05,5.04,5.7,0.2
2004-05-05,12.0,7.5,34.92,18:41,6.12,9.0,0.5
2004-05-06,14.0,5.8,33.84,15:24,6.12,3.1,4.7
2004-05-07,14.7,6.0,42.12,16:01,11.16,0.2,7.2
2004-05-08,15.8,4.7,27.0,14:39,3.96,7.2,10.0
2004-05-09,14.7,8.3,34.92,10:05,10.08,4.2,3.5
2004-05-10,18.5,6.2,38.88,15:33,11.88,0.0,11.1
2004-05-11,19.2,11.0,57.96,09:53,20.16,0.0,13.0
2004-05-12,20.6,10.8,42.12,09:22,16.92,0.0,13.5
2004-05-13,23.5,11.8,42.12,16:55,15.84,0.0,13.3
2004-05-14,25.8,9.0,34.92,09:17,7.92,0.0,13.7
2004-05-15,26.1,9.5,20.88,11:54,3.96,0.0,13.6
2004-05-16,27.3,12.0,20.16,14:38,6.12,0.0,13.6
2004-05-17,26.5,12.4,20.88,05:03,6.84,0.0,13.8
2004-05-18,28.5,15.0,23.04,14:23,2.16,0.0,11.7
2004-05-19,28.8,14.6,24.84,18:48,6.84,0.0,12.6
2004-05-20,29.2,15.6,41.04,19:28,6.12,0.5,9.4
2004-05-21,25.0,14.7,20.16,00:07,5.04,0.0,6.8
2004-05-22,25.3,14.5,32.04,14:28,6.12,5.7,8.9
2004-05-23,25.0,12.4,16.92,15:58,0.0,0.0,10.1
2004-05-24,21.5,12.9,20.16,14:11,3.96,2.2,4.8
2004-05-25,19.0,13.5,14.04,13:45,3.96,0.6,0.0
2004-05-26,20.0,12.0,18.0,14:01,6.12,0.0,4.9
2004-05-27,19.4,10.4,16.92,12:32,3.96,0.3,5.3
2004-05-28,18.4,12.5,14.04,17:19,3.96,1.1,0.0
2004-05-29,19.2,11.6,14.04,04:39,2.16,2.9,2.3
2004-05-30,22.0,10.0,20.88,15:29,5.04,0.0,13.8
2004-05-31,22.4,11.2,20.88,04:20,2.88,0.0,4.4
2004-06-01,26.0,16.1,29.88,22:10,11.16,0.0,10.3
2004-06-02,30.4,12.8,33.12,13:51,12.96,0.0,13.8
2004-06-03,32.6,14.5,21.96,12:01,6.12,0.0,13.7
2004-06-04,30.1,18.0,16.92,00:06,3.96,0.0,13.7
2004-06-05,21.6,16.2,19.08,14:58,5.04,0.4,5.4
2004-06-06,19.0,15.8,15.12,14:15,5.04,0.0,0.0
2004-06-07,22.2,14.5,19.08,14:18,5.04,0.0,7.6
2004-06-08,23.0,12.7,19.08,14:13,5.04,0.0,11.8
2004-06-09,24.1,13.5,20.88,13:24,5.04,0.0,10.6
2004-06-10,23.9,14.9,20.16,12:19,5.04,0.0,11.5
2004-06-11,23.3,15.3,19.08,14:05,6.12,0.0,11.1
2004-06-12,31.1,14.7,34.92,13:56,12.96,0.0,12.4
2004-06-13,34.0,15.7,29.88,17:30,10.08,0.0,12.5
2004-06-14,33.0,19.5,30.96,18:33,9.0,0.0,11.8
2004-06-15,31.6,17.8,29.16,18:42,6.84,0.0,12.4
2004-06-16,31.8,15.6,28.08,14:39,3.96,0.0,13.2
2004-06-17,28.5,14.2,23.04,02:24,5.04,0.0,13.4
2004-06-18,21.0,13.5,28.08,15:47,6.12,0.0,9.2
2004-06-19,20.6,14.4,24.84,15:45,3.96,0.0,0.3
2004-06-20,21.8,11.2,20.88,13:16,5.04,20.0,5.6
2004-06-21,21.8,16.2,28.08,03:05,6.84,0.9,6.9
2004-06-22,21.0,15.6,48.96,15:19,15.12,3.0,0.3
2004-06-23,22.8,16.5,27.0,10:49,3.96,7.6,2.7
2004-06-24,24.4,18.5,16.92,12:04,5.04,1.5,7.0
2004-06-25,22.4,16.5,19.08,08:37,6.12,0.0,6.6
2004-06-26,25.1,15.7,28.08,12:52,10.08,0.0,3.7
2004-06-27,26.8,17.4,34.92,17:39,9.0,0.0,9.3
2004-06-28,30.0,15.5,33.12,20:08,11.88,0.0,11.1
2004-06-29,28.9,13.5,18.0,14:25,3.96,0.0,12.8
2004-06-30,27.1,15.8,30.96,17:23,15.12,0.0,12.6
2004-07-01,25.5,14.5,38.16,16:14,14.04,0.0,12.1
2004-07-02,26.0,12.7,36.0,18:46,11.16,0.0,13.2
2004-07-03,26.5,13.6,23.04,02:43,5.04,0.0,12.9
2004-07-04,25.4,13.8,29.88,17:12,9.0,0.0,10.9
2004-07-05,25.0,15.0,41.04,17:19,11.16,0.0,10.8
2004-07-06,21.0,15.0,41.04,16:33,14.04,0.0,4.4
2004-07-07,18.2,11.9,28.08,15:07,5.04,15.9,4.2
2004-07-08,20.0,11.5,21.96,12:32,5.04,0.1,7.6
2004-07-09,18.6,11.6,21.96,12:50,5.04,2.3,0.8
2004-07-10,22.2,15.2,21.96,20:20,3.96,0.4,5.6
2004-07-11,24.8,13.2,33.84,18:23,14.04,0.0,13.7
2004-07-12,26.2,11.2,37.08,09:33,16.92,0.0,13.7
2004-07-13,30.2,11.6,34.92,11:10,11.16,0.0,13.7
2004-07-14,32.5,15.1,33.84,14:17,11.16,0.0,13.7
2004-07-15,32.6,16.0,12.96,14:30,2.88,0.0,13.2
2004-07-16,26.5,15.9,15.12,15:47,3.96,0.0,13.1
2004-07-17,25.4,18.0,21.96,13:23,6.12,0.0,6.0
2004-07-18,25.5,18.5,20.16,15:21,3.96,0.0,5.3
2004-07-19,23.0,15.2,20.16,13:55,3.96,0.0,6.6
2004-07-20,24.5,13.3,24.12,13:05,3.96,1.5,5.5
2004-07-21,24.5,17.5,20.88,15:58,3.96,0.2,5.4
2004-07-22,23.7,16.0,24.12,12:40,5.04,0.0,2.8
2004-07-23,28.2,16.3,19.08,05:25,6.12,0.0,8.6
2004-07-24,30.4,17.7,20.16,05:42,6.84,0.0,11.6
2004-07-25,35.0,19.5,29.88,14:13,6.84,0.0,12.7
2004-07-26,30.4,17.4,15.12,16:00,3.96,0.0,12.9
2004-07-27,27.4,17.1,18.0,15:08,6.84,0.0,12.6
2004-07-28,22.0,16.5,16.92,16:13,3.96,0.0,3.6
2004-07-29,27.0,13.8,21.96,13:25,6.84,0.0,12.5
2004-07-30,27.0,16.0,20.88,12:46,6.12,0.0,13.2
2004-07-31,27.2,16.5,20.88,13:38,6.12,0.0,12.9
2004-08-01,23.5,17.1,18.0,14:20,3.96,0.0,4.3
2004-08-02,25.8,18.5,20.16,16:31,5.04,0.0,9.5
2004-08-03,21.8,17.0,24.84,15:11,3.96,5.1,0.9
2004-08-04,24.8,16.0,19.08,12:57,5.04,0.0,12.2
2004-08-05,23.5,16.0,19.08,15:48,6.12,1.5,5.1
2004-08-06,27.5,15.0,21.96,10:28,5.04,0.0,12.1
2004-08-07,26.5,15.8,29.16,18:41,3.96,1.4,11.3
2004-08-08,21.5,16.8,36.0,04:11,6.84,19.3,1.3
2004-08-09,22.4,14.8,38.16,12:06,6.12,5.7,7.6
2004-08-10,22.2,14.0,38.88,14:27,9.0,12.5,3.1
2004-08-11,21.4,15.5,48.96,08:30,11.88,15.1,2.0
2004-08-12,22.5,16.2,32.04,12:59,6.84,2.3,7.5
2004-08-13,23.0,14.3,20.88,11:17,3.96,0.0,2.5
2004-08-14,26.0,15.5,19.08,15:50,5.04,0.0,12.7
2004-08-15,23.3,17.2,18.0,19:12,5.04,10.2,2.4
2004-08-16,23.3,17.5,30.96,14:39,6.84,14.7,1.3
2004-08-17,20.1,16.7,51.84,16:55,11.16,18.9,0.4
2004-08-18,22.0,16.0,51.12,11:46,10.08,20.3,3.9
2004-08-19,21.6,14.1,30.96,08:50,7.92,5.9,9.7
2004-08-20,21.5,14.0,24.84,13:15,7.92,1.6,9.3
2004-08-21,23.0,12.4,16.92,04:59,6.12,0.0,9.9
2004-08-22,22.5,12.3,20.16,00:21,5.04,1.1,6.4
2004-08-23,23.4,14.4,23.04,13:47,2.88,0.0,9.9
2004-08-24,23.6,13.0,28.08,13:13,10.08,0.0,8.6
2004-08-25,23.6,13.0,28.08,20:24,12.96,0.0,11.2
2004-08-26,26.4,14.6,33.12,15:28,14.04,0.0,12.9
2004-08-27,25.9,11.7,29.88,19:01,11.88,0.0,12.5
2004-08-28,23.8,12.7,39.96,13:06,11.16,0.0,11.3
2004-08-29,24.4,14.7,18.0,14:54,3.96,0.0,9.4
2004-08-30,25.7,14.1,29.16,16:35,11.88,0.0,11.3
2004-08-31,22.8,13.0,19.08,15:07,3.96,0.0,12.1
2004-09-01,20.8,15.5,14.04,15:50,2.88,0.0,1.0
2004-09-02,23.6,14.4,33.84,16:33,6.12,0.2,3.0
2004-09-03,28.8,16.0,32.04,14:52,7.92,1.0,9.7
2004-09-04,28.0,16.2,33.12,17:27,2.88,19.7,8.6
2004-09-05,22.0,15.4,15.84,13:04,6.12,0.2,3.2
2004-09-06,24.8,15.5,15.84,16:34,2.88,2.6,3.9
2004-09-07,23.5,15.6,16.92,12:42,6.12,12.8,5.1
2004-09-08,23.5,14.6,15.84,14:15,3.96,1.3,3.6
2004-09-09,24.0,14.5,19.08,12:15,5.04,0.0,1.4
2004-09-10,20.9,17.1,16.92,10:55,2.88,0.0,0.3
2004-09-11,21.0,14.6,14.04,22:00,2.16,0.0,1.7
2004-09-12,21.4,12.1,18.0,14:45,5.04,0.0,11.1
2004-09-13,20.4,12.8,24.84,23:22,6.12,4.0,0.4
2004-09-14,19.9,12.3,29.16,13:58,9.0,0.1,4.8
2004-09-15,21.7,10.5,32.04,16:52,10.08,0.0,11.0
2004-09-16,24.5,11.3,18.0,22:50,2.16,0.0,10.8
2004-09-17,23.4,12.7,23.04,04:37,3.96,0.0,10.6
2004-09-18,20.9,11.8,19.08,03:40,3.96,0.3,3.0
2004-09-19,23.2,13.5,33.84,14:30,10.08,0.0,10.8
2004-09-20,24.3,13.6,32.04,05:40,11.88,0.0,10.4
2004-09-21,28.0,12.5,27.0,14:28,7.92,0.0,10.5
2004-09-22,29.0,14.2,24.12,15:22,5.04,0.0,11.4
2004-09-23,31.0,15.5,28.08,20:39,7.92,0.0,10.5
2004-09-24,28.3,13.4,41.04,14:56,10.08,0.0,10.5
2004-09-25,27.0,15.8,34.92,01:20,11.88,0.0,10.5
2004-09-26,28.2,12.8,19.08,23:58,5.04,0.0,10.5
2004-09-27,28.5,15.5,20.16,00:29,6.12,0.0,10.5
2004-09-28,28.0,12.7,24.12,00:42,6.12,0.0,10.5
2004-09-29,21.0,9.5,19.08,15:22,3.96,0.0,9.1
2004-09-30,23.8,12.6,33.12,12:13,11.16,0.0,8.9
2004-10-01,20.0,11.6,23.04,13:10,3.96,0.0,6.0
2004-10-02,21.6,9.2,27.0,11:57,7.92,0.0,8.3
2004-10-03,22.8,11.0,19.08,04:28,5.04,0.0,10.4
2004-10-04,21.0,10.8,21.96,11:32,5.04,17.9,2.8
2004-10-05,17.1,13.3,15.84,08:52,3.96,2.3,0.0
2004-10-06,19.8,11.1,29.16,11:05,6.84,0.1,4.1
2004-10-07,20.9,13.1,14.04,13:26,0.0,0.4,1.1
2004-10-08,24.0,14.2,66.96,19:29,0.0,5.7,3.3
2004-10-09,16.1,12.5,74.16,12:37,20.88,66.0,0.0
2004-10-10,18.4,12.6,34.92,02:56,5.04,5.3,2.6
2004-10-11,17.0,11.6,20.88,14:20,5.04,3.7,3.0
2004-10-12,17.5,10.0,0.0,,0.0,0.1,4.3
2004-10-13,15.5,9.0,33.12,15:20,6.12,5.9,0.0
2004-10-14,15.2,10.5,20.16,16:01,3.96,2.6,0.9
2004-10-15,16.4,11.4,24.84,14:58,5.04,4.5,3.8
2004-10-16,15.4,13.1,32.04,05:18,3.96,10.3,0.4
2004-10-17,17.1,12.6,24.84,14:54,6.12,0.6,0.3
2004-10-18,13.2,11.6,16.92,22:58,2.88,42.3,0.0
2004-10-19,19.2,12.8,46.08,16:31,0.0,23.5,0.2
2004-10-20,19.2,11.4,83.16,10:47,12.96,3.7,0.3
2004-10-21,17.5,8.8,15.84,20:47,5.04,0.0,8.7
2004-10-22,19.0,8.4,41.04,16:05,16.92,0.0,5.7
2004-10-23,20.6,14.0,59.04,12:19,18.0,28.6,4.5
2004-10-24,18.2,12.5,52.92,00:45,6.84,5.1,3.1
2004-10-25,17.6,9.6,20.88,16:41,5.04,0.0,6.4
2004-10-26,15.0,7.6,72.0,22:49,10.08,18.6,1.5
2004-10-27,17.0,11.3,74.16,00:47,10.08,14.8,3.5
2004-10-28,15.0,10.2,46.08,04:34,9.0,17.1,3.4
2004-10-29,15.8,9.5,28.08,15:21,6.12,33.4,2.5
2004-10-30,14.0,9.3,38.88,03:59,3.96,14.8,0.2
2004-10-31,18.3,10.2,42.12,13:26,11.88,0.0,7.7
2004-11-01,17.3,9.3,24.12,13:15,6.84,0.0,8.2
2004-11-02,15.2,6.8,42.84,23:07,6.12,0.7,0.0
2004-11-03,15.0,11.8,47.16,09:19,7.92,14.6,0.4
2004-11-04,16.6,8.3,33.12,12:52,9.0,0.0,7.7
2004-11-05,19.8,13.0,38.16,13:09,12.96,0.0,8.0
2004-11-06,21.0,10.5,24.12,06:50,9.0,0.0,7.8
2004-11-07,18.7,7.4,19.08,23:57,5.04,0.0,7.3
2004-11-08,18.7,9.4,36.0,22:07,6.84,0.0,6.9
2004-11-09,16.1,10.7,43.92,09:56,14.04,0.0,5.2
2004-11-10,14.7,9.1,47.16,12:55,14.04,1.0,4.7
2004-11-11,13.5,7.0,42.84,15:07,10.08,0.0,0.9
2004-11-12,14.9,6.0,39.96,10:50,9.0,0.0,5.2
2004-11-13,16.7,7.2,47.16,10:44,12.96,0.0,7.7
2004-11-14,14.8,8.2,39.96,11:32,12.96,0.0,7.3
2004-11-15,15.0,5.3,20.88,01:44,6.12,0.0,7.7
2004-11-16,14.4,4.3,19.08,21:27,2.88,0.0,7.6
2004-11-17,14.3,4.8,19.08,23:01,3.96,0.0,7.7
2004-11-18,13.4,4.4,28.08,14:34,5.04,0.0,4.2
2004-11-19,15.5,9.2,29.88,15:28,3.96,0.0,0.2
2004-11-20,16.2,6.9,20.16,22:39,2.88,0.0,7.7
2004-11-21,15.0,6.7,20.16,22:51,5.04,0.0,6.7
2004-11-22,12.8,5.3,20.16,02:13,5.04,0.0,6.5
2004-11-23,13.7,4.1,20.16,02:16,3.96,0.0,6.8
2004-11-24,13.6,3.0,20.16,23:51,2.88,0.0,7.6
2004-11-25,14.2,5.2,21.96,07:27,3.96,0.0,1.2
2004-11-26,17.0,8.6,15.12,04:08,6.12,0.0,3.5
2004-11-27,15.2,7.6,18.0,01:56,5.04,0.0,0.5
2004-11-28,15.0,11.1,18.0,07:46,5.04,0.4,0.0
2004-11-29,16.0,8.2,16.92,23:52,3.96,0.1,6.8
2004-11-30,13.1,9.7,27.0,19:48,6.12,26.3,0.0
2004-12-01,10.5,8.3,12.96,05:27,2.88,8.8,0.0
2004-12-02,10.1,7.6,10.08,23:48,2.88,2.4,0.0
2004-12-03,12.4,5.4,29.16,12:22,6.84,0.0,7.0
2004-12-04,13.4,4.8,34.92,15:49,10.08,0.0,7.1
2004-12-05,13.6,6.8,30.96,11:19,7.92,0.0,7.2
2004-12-06,11.9,2.8,16.92,23:30,5.04,0.0,6.9
2004-12-07,10.4,2.1,20.16,03:30,5.04,0.0,7.2
2004-12-08,9.4,0.2,15.12,22:25,2.88,0.0,6.5
2004-12-09,12.5,2.9,18.0,23:34,5.04,0.0,7.2
2004-12-10,12.3,3.6,16.92,02:41,5.04,0.0,7.1
2004-12-11,15.4,4.8,19.08,20:31,6.12,0.0,7.1
2004-12-12,17.8,8.2,28.08,13:25,10.08,0.0,7.2
2004-12-13,15.3,11.7,18.0,09:40,5.04,0.0,0.0
2004-12-14,17.6,9.8,20.88,15:55,3.96,0.0,5.6
2004-12-15,14.8,6.6,18.0,08:40,5.04,0.3,1.5
2004-12-16,13.2,8.4,14.04,16:25,1.08,0.1,0.0
2004-12-17,12.8,6.5,16.92,02:41,5.04,3.4,0.0
2004-12-18,13.6,11.1,19.08,20:56,2.88,8.0,0.0
2004-12-19,13.7,10.0,42.84,08:21,7.92,0.3,0.5
2004-12-20,12.5,7.1,24.84,13:24,6.12,0.0,2.6
2004-12-21,11.5,5.5,42.84,12:08,9.0,0.0,5.9
2004-12-22,12.5,5.2,28.08,14:17,7.92,0.0,7.3
2004-12-23,14.0,5.5,28.08,11:13,6.84,0.0,7.1
2004-12-24,11.3,3.8,20.16,05:40,5.04,4.9,4.2
2004-12-25,9.6,3.5,51.12,14:13,10.08,8.1,3.1
2004-12-26,9.3,2.9,60.84,15:25,6.84,2.9,2.9
2004-12-27,10.1,3.2,19.08,14:05,6.12,0.8,4.5
2004-12-28,13.0,5.9,43.92,13:12,6.84,19.4,0.0
2004-12-29,12.8,5.5,28.08,16:11,6.12,0.0,3.9
2004-12-30,15.0,5.5,15.84,14:46,5.04,0.0,7.2
2004-12-31,13.0,5.6,21.96,15:05,6.84,0.0,7.2
2005-01-01,11.2,2.5,16.92,03:00,3.96,0.0,0.5
2005-01-02,14.0,8.2,32.04,15:04,7.92,0.0,4.2
2005-01-03,12.2,5.0,20.88,00:07,5.04,0.0,4.6
2005-01-04,12.6,2.8,20.88,22:28,6.12,0.0,4.5
2005-01-05,12.2,2.9,23.04,05:05,3.96,0.0,2.2
2005-01-06,15.9,7.2,12.96,00:45,3.96,0.0,6.7
2005-01-07,12.8,3.2,23.04,23:00,2.88,0.0,7.0
2005-01-08,13.5,7.7,32.04,03:40,7.92,0.0,0.6
2005-01-09,13.1,5.8,21.96,15:35,9.0,0.0,6.9
2005-01-10,13.8,5.4,33.12,05:50,10.08,0.0,0.2
2005-01-11,13.6,10.8,38.88,00:10,14.04,21.4,0.0
2005-01-12,12.5,10.6,34.92,04:57,9.0,23.6,0.0
2005-01-13,14.5,11.8,32.04,00:42,6.12,4.7,0.0
2005-01-14,17.3,11.3,37.08,Varias,2.88,0.0,4.7
2005-01-15,13.0,9.5,42.84,06:29,9.0,4.3,0.0
2005-01-16,15.8,8.0,21.96,21:12,6.12,0.0,7.1
2005-01-17,15.5,5.2,23.04,05:44,3.96,2.1,6.1
2005-01-18,12.8,7.1,38.88,13:07,11.88,0.0,0.5
2005-01-19,13.5,6.0,38.88,13:07,10.08,0.0,3.6
2005-01-20,16.1,8.2,38.88,13:07,9.0,0.0,7.2
2005-01-21,14.9,4.7,16.92,14:28,5.04,0.0,7.5
2005-01-22,15.6,4.0,20.16,18:01,5.04,0.0,7.6
2005-01-23,14.5,3.5,29.88,16:15,3.96,0.0,5.8
2005-01-24,12.5,6.2,45.0,17:16,11.88,0.0,7.7
2005-01-25,9.6,3.2,41.04,13:38,10.08,0.0,6.2
2005-01-26,9.0,2.2,55.08,14:39,11.88,0.0,5.0
2005-01-27,7.5,0.4,38.16,11:55,7.92,0.0,2.2
2005-01-28,10.0,2.0,19.08,03:53,5.04,0.0,2.3
2005-01-29,12.7,4.2,34.92,13:09,11.16,0.0,5.7
2005-01-30,12.0,5.0,47.16,12:57,15.84,0.0,7.6
2005-01-31,13.6,4.1,38.16,15:43,10.08,0.0,7.7
2005-02-01,14.5,6.5,39.96,00:59,11.88,0.0,7.7
2005-02-02,16.1,7.1,36.0,15:00,11.16,0.0,7.8
2005-02-03,14.2,3.6,43.92,12:30,16.92,0.0,7.8
2005-02-04,12.4,3.8,25.92,16:40,10.08,0.0,7.5
2005-02-05,10.1,2.8,23.04,14:00,3.96,2.8,0.5
2005-02-06,9.6,0.8,24.12,01:50,6.12,0.0,4.0
2005-02-07,12.4,0.1,20.88,22:55,5.04,0.0,7.9
2005-02-08,14.2,2.7,23.04,04:05,7.92,0.0,7.8
2005-02-09,16.4,3.6,21.96,22:28,6.12,0.0,8.0
2005-02-10,16.5,5.2,25.92,02:50,6.12,0.0,8.0
2005-02-11,14.0,3.5,20.16,05:40,6.12,0.0,2.6
2005-02-12,13.7,6.0,15.84,06:05,5.04,0.0,0.5
2005-02-13,14.0,9.0,51.12,23:15,15.84,0.0,4.1
2005-02-14,12.5,3.9,41.04,00:02,12.96,0.0,7.2
2005-02-15,13.0,5.7,38.88,17:23,7.92,0.0,2.3
2005-02-16,12.0,3.4,47.16,12:03,15.12,0.0,9.1
2005-02-17,11.5,3.4,51.12,11:44,11.16,0.0,4.4
2005-02-18,14.5,2.0,37.08,16:03,9.0,0.0,9.6
2005-02-19,14.8,5.2,41.04,11:06,11.16,0.0,9.3
2005-02-20,12.5,5.2,37.08,11:44,11.16,0.4,8.0
2005-02-21,9.8,3.5,33.84,16:46,14.04,5.0,6.2
2005-02-22,11.2,5.2,60.84,06:34,15.84,6.0,1.1
2005-02-23,9.6,2.5,20.88,18:31,5.04,0.7,0.2
2005-02-24,10.8,0.0,30.96,12:59,12.96,0.0,9.9
2005-02-25,10.2,-0.8,30.96,14:00,5.04,1.2,5.9
2005-02-26,8.9,0.0,27.0,15:37,7.92,1.0,5.8
2005-02-27,11.5,0.9,47.88,13:41,14.04,0.0,10.5
2005-02-28,8.0,0.5,65.88,12:07,20.88,0.0,10.5
2005-03-01,11.0,-2.0,42.12,00:36,7.92,0.0,10.6
2005-03-02,10.4,-2.0,28.08,13:09,7.92,2.2,6.0
2005-03-03,10.0,0.6,59.04,14:20,11.88,1.3,9.5
2005-03-04,9.4,-1.0,43.92,16:25,11.88,0.0,8.3
2005-03-05,11.5,1.2,36.0,19:20,6.84,1.4,3.0
2005-03-06,12.5,4.6,38.16,13:55,9.0,0.3,8.0
2005-03-07,13.6,3.2,32.04,00:01,6.84,0.0,10.6
2005-03-08,14.4,3.5,18.0,05:40,6.12,0.0,8.6
2005-03-09,16.0,2.3,20.16,05:15,5.04,0.0,9.2
2005-03-10,17.8,4.0,24.12,23:32,6.12,0.0,8.9
2005-03-11,16.8,5.5,25.92,20:38,5.04,0.0,2.5
2005-03-12,19.0,8.0,21.96,23:57,6.12,0.0,4.8
2005-03-13,18.0,8.1,21.96,05:43,6.12,0.0,10.5
2005-03-14,16.8,6.0,20.16,16:44,7.92,0.0,7.8
2005-03-15,21.2,7.7,25.92,12:22,2.88,0.0,9.6
2005-03-16,20.0,9.0,25.92,13:19,5.04,0.0,2.4
2005-03-17,24.0,9.0,20.88,23:29,6.12,0.0,10.9
2005-03-18,26.4,13.6,21.96,13:38,6.12,0.0,7.7
2005-03-19,22.0,12.2,23.04,01:27,6.12,0.1,1.9
2005-03-20,16.0,12.0,45.0,23:14,11.16,25.3,0.0
2005-03-21,16.5,12.4,66.96,14:45,20.16,8.3,0.0
2005-03-22,18.0,11.0,47.16,12:46,11.16,0.8,8.8
2005-03-23,17.0,11.6,42.84,16:13,11.16,4.6,4.3
2005-03-24,18.7,12.6,38.16,11:35,7.92,0.2,4.8
2005-03-25,16.1,10.3,56.88,16:10,14.04,22.5,2.1
2005-03-26,15.0,10.1,63.0,02:09,12.96,30.4,1.8
2005-03-27,15.4,10.3,32.04,10:26,6.84,6.6,4.6
2005-03-28,14.9,10.2,41.04,02:19,7.92,5.0,0.0
2005-03-29,15.5,11.2,29.16,01:35,6.12,2.0,0.7
2005-03-30,15.1,12.0,15.12,22:54,3.96,3.0,0.0
2005-03-31,26.0,10.0,28.08,22:32,5.04,0.0,7.8
2005-04-01,20.8,12.4,29.88,04:20,5.04,2.1,4.3
2005-04-02,19.0,11.7,0.0,,6.12,1.0,4.1
2005-04-03,18.7,11.5,20.16,15:06,6.84,0.0,6.7
2005-04-04,16.8,9.7,29.88,16:25,11.16,0.0,3.2
2005-04-05,20.5,8.4,20.16,13:25,6.84,0.0,10.7
2005-04-06,18.8,10.8,16.92,22:30,5.04,0.0,1.6
2005-04-07,19.1,9.8,43.92,17:20,15.12,0.0,2.5
2005-04-08,14.4,6.2,60.84,16:30,18.0,0.0,11.1
2005-04-09,14.4,4.4,46.08,10:10,15.84,0.0,10.4
2005-04-10,19.3,5.0,38.16,22:40,9.0,0.0,12.4
2005-04-11,19.9,6.0,43.92,20:55,14.04,0.0,12.6
2005-04-12,21.4,9.2,37.08,17:19,12.96,0.0,12.7
2005-04-13,19.8,4.5,33.12,15:52,11.88,7.6,10.3
2005-04-14,14.5,5.8,42.84,14:28,15.12,1.5,5.0
2005-04-15,12.0,3.8,59.04,14:14,10.08,7.9,5.4
2005-04-16,13.5,5.1,20.88,12:59,5.04,9.3,0.7
2005-04-17,15.8,9.9,43.92,17:29,10.08,11.2,0.9
2005-04-18,14.6,8.0,28.08,16:30,6.12,9.3,5.9
2005-04-19,15.2,9.5,33.84,02:36,6.12,2.2,1.8
2005-04-20,13.5,10.6,25.92,21:28,6.84,10.8,0.0
2005-04-21,15.6,12.4,24.84,16:49,6.12,3.2,0.0
2005-04-22,16.8,11.0,27.0,14:27,7.92,15.6,5.7
2005-04-23,16.0,10.6,37.08,03:31,7.92,9.6,6.9
2005-04-24,15.4,9.2,32.04,17:07,7.92,4.8,3.5
2005-04-25,16.5,9.8,27.0,20:40,5.04,0.3,5.9
2005-04-26,17.3,10.1,33.12,07:05,7.92,0.3,3.9
2005-04-27,19.9,7.5,20.16,04:55,6.12,0.0,13.0
2005-04-28,18.3,7.4,19.08,23:40,6.12,0.0,5.9
2005-04-29,20.8,7.6,21.96,01:40,5.04,0.0,4.7
2005-04-30,18.4,8.8,29.16,23:30,6.12,1.5,10.4
2005-05-01,20.2,13.5,45.0,11:10,10.08,8.0,4.9
2005-05-02,17.2,12.8,51.84,11:05,11.16,8.5,4.9
2005-05-03,16.8,12.7,28.08,02:40,6.84,0.6,4.3
2005-05-04,18.6,10.5,46.08,13:47,15.12,0.0,7.8
2005-05-05,23.0,9.9,41.04,08:43,12.96,0.0,13.6
2005-05-06,27.0,9.4,18.0,23:13,5.04,0.0,13.6
2005-05-07,27.2,11.6,20.88,16:28,3.96,0.0,11.6
2005-05-08,20.6,12.8,20.16,15:09,5.04,0.0,2.0
2005-05-09,18.5,13.9,28.08,14:35,5.04,7.1,2.0
2005-05-10,19.7,12.0,29.88,15:03,6.12,3.7,10.5
2005-05-11,19.5,10.5,20.16,14:49,3.96,0.4,5.3
2005-05-12,21.0,9.0,23.04,14:34,5.04,12.0,13.1
2005-05-13,16.5,10.5,33.12,10:09,6.84,7.7,4.3
2005-05-14,16.5,10.2,48.96,10:35,10.08,9.6,1.9
2005-05-15,15.5,10.2,42.84,09:05,11.88,33.6,0.6
2005-05-16,15.6,9.2,38.88,15:14,10.08,1.7,2.0
2005-05-17,18.5,9.0,29.88,13:29,10.08,0.0,8.7
2005-05-18,19.0,7.2,21.96,12:58,6.84,0.0,12.3
2005-05-19,18.9,7.9,28.08,13:19,6.84,0.6,13.3
2005-05-20,19.2,12.9,25.92,14:19,5.04,9.8,0.4
2005-05-21,18.9,12.0,25.92,17:44,6.84,3.0,7.5
2005-05-22,17.5,9.7,25.92,16:22,6.12,1.4,8.1
2005-05-23,19.4,7.8,25.92,13:52,7.92,0.0,13.8
2005-05-24,22.7,8.3,19.08,14:35,5.04,0.0,12.5
2005-05-25,21.8,12.2,20.16,13:45,6.12,0.0,13.2
2005-05-26,21.9,10.2,20.16,14:05,5.04,0.0,12.9
2005-05-27,18.2,13.3,30.96,10:05,6.84,0.0,1.6
2005-05-28,21.7,10.0,37.08,19:50,12.96,0.0,9.1
2005-05-29,19.3,12.3,42.12,12:45,14.04,0.0,4.0
2005-05-30,24.4,9.4,47.16,15:55,20.16,0.0,14.2
2005-05-31,28.3,10.0,38.88,15:50,11.16,0.0,14.2
2005-06-01,27.4,11.3,21.96,13:12,3.96,0.0,13.6
2005-06-02,24.5,14.0,20.16,01:51,5.04,0.0,10.5
2005-06-03,22.2,11.0,29.88,20:36,9.0,0.0,7.1
2005-06-04,26.8,10.5,33.84,17:10,15.12,0.0,13.6
2005-06-05,31.0,10.2,32.04,14:37,10.08,0.0,13.6
2005-06-06,31.5,12.5,46.08,12:57,11.88,0.0,13.6
2005-06-07,34.5,15.8,37.08,00:10,7.92,0.0,13.0
2005-06-08,32.2,20.5,15.84,11:52,5.04,0.0,13.8
2005-06-09,28.0,18.2,21.96,03:38,2.88,0.0,13.8
2005-06-10,23.6,15.3,18.0,16:29,5.04,0.1,11.8
2005-06-11,22.0,15.0,20.88,16:37,5.04,0.2,1.1
2005-06-12,21.0,15.2,18.0,14:29,3.96,0.4,2.6
2005-06-13,22.0,14.8,24.84,10:51,3.96,0.0,5.8
2005-06-14,22.5,14.8,30.96,12:52,9.0,0.0,7.3
2005-06-15,19.6,17.0,28.08,06:28,6.84,1.7,0.0
2005-06-16,27.6,16.1,29.88,11:36,6.84,0.0,12.6
2005-06-17,33.7,17.2,15.84,13:20,5.04,0.0,12.8
2005-06-18,23.9,16.5,19.08,17:13,5.04,0.0,10.6
2005-06-19,31.3,15.0,30.96,17:07,7.92,0.0,8.2
2005-06-20,29.5,17.4,21.96,14:14,5.04,0.0,12.2
2005-06-21,30.0,15.8,21.96,10:59,3.96,0.0,12.8
2005-06-22,34.0,18.4,21.96,05:25,6.12,0.0,12.1
2005-06-23,24.6,17.4,21.96,14:10,5.04,0.0,7.6
2005-06-24,21.0,16.8,15.84,12:55,6.12,0.0,0.5
2005-06-25,23.4,15.6,20.88,13:05,6.84,0.0,5.6
2005-06-26,24.7,14.3,23.04,13:30,5.04,0.0,8.8
2005-06-27,23.2,16.5,29.16,14:35,6.12,14.5,6.5
2005-06-28,20.1,15.2,34.92,07:35,6.12,22.5,0.4
2005-06-29,21.4,15.4,21.96,15:19,6.12,4.4,6.3
2005-06-30,22.4,14.4,29.88,15:24,7.92,0.1,8.8
2005-07-01,25.5,12.0,19.08,14:19,6.84,0.0,13.6
2005-07-02,28.4,14.5,20.88,14:54,5.04,0.0,13.6
2005-07-03,25.0,15.6,38.16,16:41,14.04,0.0,7.1
2005-07-04,23.0,13.6,34.92,17:28,12.96,0.0,11.1
2005-07-05,26.0,15.0,32.04,17:35,9.0,0.0,11.0
2005-07-06,25.8,15.4,46.08,22:40,12.96,0.0,8.7
2005-07-07,26.8,15.0,56.88,21:41,19.08,0.0,13.1
2005-07-08,28.7,16.2,42.84,10:54,18.0,0.0,13.1
2005-07-09,32.3,16.4,33.84,16:48,11.16,0.0,13.1
2005-07-10,34.3,14.5,19.08,14:16,2.88,0.0,13.1
2005-07-11,35.5,21.4,0.0,,5.04,0.0,13.1
2005-07-12,33.6,19.4,0.0,,3.96,0.0,12.9
2005-07-13,24.5,16.9,19.08,14:50,5.04,0.0,9.8
2005-07-14,23.2,16.2,15.84,15:40,3.96,0.2,3.5
2005-07-15,25.1,13.8,24.12,15:35,6.84,0.0,13.0
2005-07-16,24.2,14.3,24.12,11:20,6.84,0.0,10.3
2005-07-17,21.7,14.6,20.16,17:09,5.04,0.6,3.2
2005-07-18,25.3,15.5,20.16,13:04,5.04,0.0,10.2
2005-07-19,33.6,15.7,34.92,17:23,14.04,0.0,13.4
2005-07-20,36.9,16.6,12.96,11:45,3.96,0.0,13.3
2005-07-21,23.3,16.7,19.08,15:20,7.92,0.0,13.0
2005-07-22,24.2,16.7,21.96,14:34,6.12,0.0,9.2
2005-07-23,24.7,15.0,23.04,10:27,5.04,4.6,7.3
2005-07-24,21.9,17.3,20.16,07:30,3.96,2.7,1.0
2005-07-25,23.0,15.6,29.88,19:47,6.12,0.1,0.9
2005-07-26,26.3,18.2,36.0,12:03,9.0,9.5,0.5
2005-07-27,22.3,17.5,38.88,12:25,9.0,4.5,3.3
2005-07-28,21.0,14.6,33.84,11:08,6.84,2.9,1.0
2005-07-29,23.0,13.9,24.12,14:33,3.96,0.3,6.1
2005-07-30,23.3,12.0,38.88,17:20,9.0,0.0,10.6
2005-07-31,23.7,12.1,42.84,13:09,16.92,0.0,8.9
2005-08-01,26.5,13.5,38.88,07:41,12.96,0.0,13.4
2005-08-02,27.5,13.0,37.08,11:37,14.04,0.0,13.4
2005-08-03,32.5,13.8,45.0,17:03,6.84,0.0,13.2
2005-08-04,34.5,15.4,29.88,14:50,9.0,0.0,13.1
2005-08-05,34.8,18.6,27.0,20:45,6.12,0.0,13.1
2005-08-06,37.0,15.4,16.92,13:53,6.12,0.0,13.0
2005-08-07,24.0,16.5,18.0,13:25,6.12,0.6,11.4
2005-08-08,23.2,15.8,15.84,16:29,2.88,0.6,2.5
2005-08-09,23.4,14.8,28.08,12:45,5.04,5.9,5.6
2005-08-10,22.4,17.0,24.12,19:45,5.04,0.0,2.3
2005-08-11,29.5,15.5,16.92,12:15,5.04,0.0,12.9
2005-08-12,32.6,16.7,19.08,13:29,6.12,0.0,11.1
2005-08-13,33.8,16.4,25.92,19:01,10.08,0.0,13.0
2005-08-14,34.6,16.2,41.04,19:05,10.08,0.0,10.8
2005-08-15,33.0,16.2,23.04,16:05,6.84,0.0,12.7
2005-08-16,23.6,16.0,19.08,16:20,5.04,0.0,10.4
2005-08-17,28.6,14.6,29.88,18:35,6.84,0.0,12.7
2005-08-18,28.3,14.4,38.88,18:15,12.96,0.0,11.9
2005-08-19,26.1,16.2,50.04,11:00,19.08,0.0,12.9
2005-08-20,26.8,16.1,39.96,10:15,12.96,0.0,12.8
2005-08-21,25.9,14.6,46.08,12:15,18.0,0.0,13.0
2005-08-22,29.6,12.9,39.96,17:20,15.84,0.0,12.8
2005-08-23,28.8,16.4,33.84,15:20,15.12,0.0,12.5
2005-08-24,26.8,11.8,30.96,11:32,9.0,0.1,12.8
2005-08-25,23.0,15.4,16.92,14:15,6.12,0.0,0.2
2005-08-26,24.7,15.5,23.04,14:48,5.04,0.0,9.4
2005-08-27,20.0,14.5,16.92,08:48,3.96,5.3,0.0
2005-08-28,26.6,17.8,33.84,15:20,11.16,0.0,7.2
2005-08-29,24.3,15.2,20.88,15:21,6.12,0.1,11.1
2005-08-30,20.8,14.3,20.88,14:06,5.04,0.0,4.6
2005-08-31,23.9,15.2,25.92,15:30,6.12,0.0,8.6
2005-09-01,25.0,12.8,21.96,14:56,6.84,0.0,12.5
2005-09-02,22.5,13.6,18.0,14:56,3.96,0.0,9.9
2005-09-03,23.6,14.5,25.92,14:40,6.12,0.0,12.0
2005-09-04,24.6,14.6,24.84,15:03,6.12,3.6,6.5
2005-09-05,21.0,15.0,25.92,13:21,3.96,12.8,5.9
2005-09-06,21.6,15.4,24.12,12:35,6.84,20.3,4.1
2005-09-07,23.5,12.6,27.0,12:14,6.84,0.0,9.4
2005-09-08,23.2,12.4,24.12,14:36,6.12,0.4,11.6
2005-09-09,20.2,15.0,32.04,15:47,9.0,23.0,5.1
2005-09-10,18.9,13.7,37.08,11:30,6.84,4.3,2.9
2005-09-11,18.6,14.6,16.92,01:12,2.88,2.1,1.0
2005-09-12,25.3,12.7,30.96,12:41,11.88,0.0,12.1
2005-09-13,26.9,14.4,20.16,11:44,5.04,0.0,12.1
2005-09-14,29.8,14.9,18.0,22:45,6.12,0.0,11.8
2005-09-15,29.2,17.0,23.04,05:20,7.92,0.0,11.7
2005-09-16,23.7,13.4,41.04,20:50,11.88,0.0,9.1
2005-09-17,21.2,13.5,57.96,09:30,15.12,0.0,11.7
2005-09-18,22.8,11.4,24.12,00:15,6.12,0.0,11.7
2005-09-19,22.4,11.4,20.16,02:20,5.04,0.0,11.6
2005-09-20,25.8,11.7,20.16,22:20,6.12,0.0,11.6
2005-09-21,23.3,11.6,21.96,06:08,6.84,0.0,11.5
2005-09-22,21.6,10.0,20.16,06:03,6.12,0.0,9.7
2005-09-23,24.4,11.8,19.08,15:03,5.04,0.0,6.3
2005-09-24,20.4,15.2,18.0,14:34,3.96,0.8,2.5
2005-09-25,22.4,13.8,25.92,13:53,6.12,0.5,8.2
2005-09-26,22.8,10.4,20.16,14:48,3.96,0.0,10.1
2005-09-27,22.5,11.6,36.0,15:59,11.16,0.0,6.5
2005-09-28,22.8,12.5,36.0,13:05,11.88,0.0,11.0
2005-09-29,26.6,12.7,34.92,15:19,12.96,0.0,10.0
2005-09-30,29.0,13.6,16.92,12:27,6.12,0.0,10.9
2005-10-01,23.0,13.6,52.92,22:44,12.96,0.0,8.2
2005-10-02,21.5,12.5,46.08,12:48,15.12,0.0,10.8
2005-10-03,22.4,11.6,24.12,01:23,5.04,0.0,10.1
2005-10-04,24.4,11.6,18.0,22:15,6.12,0.0,10.6
2005-10-05,25.2,11.8,24.12,04:53,6.84,0.0,10.7
2005-10-06,25.0,11.8,24.84,02:45,7.92,0.0,10.6
2005-10-07,24.3,10.5,23.04,23:12,6.84,0.0,8.8
2005-10-08,25.9,12.1,24.12,04:32,6.84,0.0,4.9
2005-10-09,28.8,15.1,19.08,01:46,5.04,6.7,2.9
2005-10-10,20.9,17.0,29.16,03:46,6.84,84.5,0.5
2005-10-11,19.2,17.3,38.88,00:48,6.84,22.6,0.4
2005-10-12,17.8,11.7,36.0,02:18,3.96,10.8,0.0
2005-10-13,16.7,8.4,41.04,13:40,9.0,0.0,6.8
2005-10-14,18.8,10.9,30.96,09:52,6.84,0.8,3.4
2005-10-15,19.6,11.7,28.08,13:05,6.84,1.2,2.4
2005-10-16,18.7,12.4,18.0,17:20,6.12,8.3,1.1
2005-10-17,18.3,12.8,33.12,12:30,5.04,8.0,3.2
2005-10-18,16.6,10.5,34.92,10:05,6.84,39.8,3.1
2005-10-19,18.0,13.1,36.0,10:25,9.0,16.1,0.0
2005-10-20,15.6,12.8,36.0,22:20,9.0,9.9,2.0
2005-10-21,19.7,12.2,41.04,14:05,6.12,29.9,3.1
2005-10-22,18.3,13.0,21.96,03:47,0.0,0.9,2.7
2005-10-23,19.5,12.0,20.16,14:40,3.96,0.0,3.9
2005-10-24,19.1,11.7,38.88,21:04,12.96,0.1,2.9
2005-10-25,18.0,15.3,41.04,14:02,9.0,0.0,0.0
2005-10-26,24.9,13.5,38.88,23:29,6.12,0.0,8.5
2005-10-27,20.3,14.2,59.04,09:17,14.04,15.2,0.0
2005-10-28,18.4,13.6,36.0,23:03,7.92,16.4,1.6
2005-10-29,18.8,14.6,61.92,11:31,19.08,31.6,0.0
2005-10-30,17.0,11.4,20.16,14:40,2.16,27.1,0.3
2005-10-31,16.0,11.0,39.96,09:48,10.08,12.5,0.4
2005-11-01,16.9,11.0,51.12,23:25,12.96,18.6,0.0
2005-11-02,17.4,15.3,70.92,09:02,18.0,18.7,0.0
2005-11-03,16.0,9.8,24.84,03:16,5.04,5.8,0.7
2005-11-04,14.8,7.5,20.88,15:31,6.12,3.1,5.8
2005-11-05,16.2,6.2,20.88,05:39,6.12,0.0,8.0
2005-11-06,16.2,5.6,23.04,12:00,6.12,0.0,2.9
2005-11-07,16.6,10.9,32.04,23:52,5.04,1.4,0.4
2005-11-08,15.8,6.9,50.04,10:07,18.0,24.8,0.9
2005-11-09,14.3,5.8,34.92,14:35,6.84,0.0,4.7
2005-11-10,15.6,8.3,32.04,14:35,7.92,0.0,2.0
2005-11-11,14.7,6.7,19.08,17:25,6.12,2.7,7.1
2005-11-12,12.0,6.8,34.92,20:40,6.12,1.1,0.2
2005-11-13,12.4,4.3,59.04,13:25,15.84,0.4,1.8
2005-11-14,16.4,10.7,45.0,00:05,7.92,0.0,1.1
2005-11-15,15.5,9.5,42.84,13:55,11.16,0.1,2.7
2005-11-16,15.3,9.4,21.96,16:17,6.12,0.0,0.5
2005-11-17,16.4,8.3,20.16,22:38,3.96,0.0,7.7
2005-11-18,16.2,8.1,23.04,14:18,6.84,0.0,7.4
2005-11-19,16.2,11.6,36.0,04:52,5.04,4.7,0.0
2005-11-20,18.4,13.4,43.92,06:09,15.84,0.0,0.0
2005-11-21,18.5,15.1,39.96,03:35,6.84,0.0,0.0
2005-11-22,20.5,10.2,20.16,08:36,6.12,0.0,6.9
2005-11-23,16.8,6.1,28.08,19:15,6.84,0.0,7.7
2005-11-24,13.8,6.8,46.08,04:32,12.96,0.2,7.0
2005-11-25,11.0,3.8,33.84,12:59,11.88,8.2,0.0
2005-11-26,6.4,1.2,24.84,00:02,5.04,10.6,1.3
2005-11-27,11.0,2.2,34.92,15:16,6.12,8.1,2.8
2005-11-28,9.5,3.6,20.88,23:03,5.04,5.0,0.0
2005-11-29,10.6,2.3,30.96,13:57,6.12,0.0,3.9
2005-11-30,9.8,2.4,20.16,06:09,2.88,2.3,0.0
2005-12-01,12.9,7.8,56.16,20:25,20.88,37.2,0.0
2005-12-02,12.0,8.0,51.84,13:46,9.0,11.5,0.0
2005-12-03,14.0,6.6,33.12,13:55,7.92,3.1,2.0
2005-12-04,13.0,9.5,45.0,08:46,9.0,11.8,0.0
2005-12-05,11.6,5.5,41.04,02:48,5.04,0.0,5.5
2005-12-06,11.4,5.5,15.12,00:53,5.04,0.0,0.0
2005-12-07,13.5,8.5,12.96,06:10,3.96,0.0,1.8
2005-12-08,12.6,8.8,15.12,21:05,5.04,1.7,0.0
2005-12-09,16.3,6.5,16.92,20:00,3.96,0.0,6.6
2005-12-10,16.7,6.0,20.16,21:50,5.04,0.0,7.1
2005-12-11,12.4,3.2,20.16,20:10,3.96,0.0,7.1
2005-12-12,15.8,4.4,39.96,15:30,9.0,0.0,7.2
2005-12-13,14.4,9.8,59.04,21:15,12.96,0.0,6.9
2005-12-14,11.5,8.3,51.84,17:03,21.96,0.0,4.2
2005-12-15,13.0,6.8,37.08,04:44,10.08,0.0,7.3
2005-12-16,11.5,2.5,21.96,19:47,5.04,0.0,7.3
2005-12-17,15.5,6.5,38.16,10:44,11.16,0.0,7.2
2005-12-18,14.2,5.8,25.92,02:28,5.04,0.0,7.3
2005-12-19,11.5,3.3,18.0,23:42,6.12,0.0,7.3
2005-12-20,11.7,2.1,16.92,23:02,3.96,0.0,7.2
2005-12-21,14.5,4.0,27.0,21:08,7.92,0.0,7.1
2005-12-22,12.1,2.0,21.96,20:54,6.12,0.0,7.1
2005-12-23,12.4,1.7,24.84,22:36,5.04,0.0,7.1
2005-12-24,12.9,2.4,28.08,05:09,6.12,0.0,5.9
2005-12-25,15.5,8.0,21.96,00:11,6.84,0.0,2.1
2005-12-26,11.8,9.8,15.12,03:40,3.96,25.5,0.0
2005-12-27,11.6,6.6,30.96,08:55,5.04,12.8,0.0
2005-12-28,10.0,3.6,32.04,14:59,7.92,1.1,7.3
2005-12-29,13.2,6.0,24.12,23:06,5.04,5.5,0.0
2005-12-30,13.4,11.6,30.96,23:54,5.04,27.1,0.0
2005-12-31,12.8,9.2,39.96,16:02,5.04,3.9,0.9
2006-01-01,12.0,6.0,23.04,14:49,6.12,0.5,3.5
2006-01-02,12.5,8.6,15.12,17:08,3.96,0.0,0.0
2006-01-03,14.0,6.8,28.08,14:29,7.92,0.0,7.3
2006-01-04,12.6,3.4,16.92,01:30,3.96,0.0,7.3
2006-01-05,13.0,8.0,29.16,23:00,3.96,9.5,0.3
2006-01-06,10.0,6.1,21.96,07:15,6.12,2.5,1.5
2006-01-07,10.8,5.4,33.12,10:10,9.0,0.0,6.9
2006-01-08,12.3,3.7,16.92,02:50,5.04,0.0,3.0
2006-01-09,12.1,4.4,30.96,14:55,7.92,0.0,4.8
2006-01-10,11.0,1.8,19.08,00:50,5.04,0.0,7.1
2006-01-11,11.3,2.4,19.08,23:58,3.96,0.0,1.4
2006-01-12,13.5,4.4,20.88,00:00,5.04,0.0,0.8
2006-01-13,13.3,6.3,0.0,,12.96,14.2,0.5
2006-01-14,12.3,3.2,37.08,23:56,6.12,3.2,5.9
2006-01-15,11.1,5.9,50.04,07:43,11.88,20.3,0.0
2006-01-16,10.1,3.7,28.08,12:29,7.92,2.1,1.3
2006-01-17,9.2,5.5,15.12,03:28,1.08,9.5,0.0
2006-01-18,15.5,8.4,28.08,14:04,6.12,0.0,4.8
2006-01-19,14.5,5.2,15.84,21:55,3.96,0.0,7.5
2006-01-20,14.8,3.4,32.04,16:08,3.96,0.0,7.5
2006-01-21,12.0,3.6,16.92,22:02,3.96,0.0,7.5
2006-01-22,12.2,3.5,18.0,00:59,5.04,0.0,7.5
2006-01-23,13.6,3.2,0.0,,6.84,0.0,7.6
2006-01-24,13.5,3.5,0.0,,3.96,0.0,2.1
2006-01-25,14.5,8.6,21.96,09:30,6.12,0.0,0.5
2006-01-26,12.9,3.5,21.96,23:36,6.12,0.0,6.3
2006-01-27,9.1,3.3,52.92,13:05,15.84,0.0,7.5
2006-01-28,5.1,1.2,23.04,18:46,6.84,4.2,0.1
2006-01-29,8.0,0.1,45.0,15:24,9.0,0.0,7.5
2006-01-30,11.1,1.0,20.16,22:25,5.04,0.0,7.4
2006-01-31,11.8,0.5,23.04,04:30,7.92,0.0,7.3
2006-02-01,13.0,2.4,20.88,07:55,5.04,0.0,5.7
2006-02-02,15.3,4.2,18.0,12:05,2.16,0.0,3.2
2006-02-03,14.9,5.4,27.0,20:05,6.12,0.0,7.6
2006-02-04,14.8,3.1,29.88,16:05,7.92,0.0,7.7
2006-02-05,13.3,0.7,16.92,21:15,5.04,0.0,7.7
2006-02-06,14.4,2.5,23.04,22:30,3.96,0.0,7.8
2006-02-07,15.8,3.8,25.92,00:40,3.96,0.0,7.8
2006-02-08,15.3,3.1,24.84,00:15,6.12,0.0,7.8
2006-02-09,15.5,2.6,25.92,01:08,6.12,0.0,7.8
2006-02-10,17.7,7.5,20.88,21:48,3.96,0.0,4.6
2006-02-11,16.0,3.7,32.04,15:09,10.08,0.0,7.9
2006-02-12,16.1,2.5,20.88,21:47,3.96,0.0,7.4
2006-02-13,13.7,3.8,24.12,14:55,9.0,2.7,1.9
2006-02-14,14.0,7.1,24.12,14:15,6.12,0.9,3.6
2006-02-15,12.6,7.0,42.12,22:09,9.0,27.4,0.0
2006-02-16,13.0,9.8,43.92,00:32,6.84,5.2,0.7
2006-02-17,13.4,8.6,69.12,16:01,15.84,4.7,0.0
2006-02-18,12.0,6.2,83.16,15:55,15.12,19.2,0.0
2006-02-19,11.5,5.6,88.92,01:40,9.0,14.1,2.3
2006-02-20,8.4,4.4,56.16,03:23,5.04,11.2,1.0
2006-02-21,10.0,2.3,50.04,16:14,11.88,0.1,6.1
2006-02-22,10.0,0.2,39.96,15:41,6.84,1.9,7.5
2006-02-23,11.0,-0.3,24.84,16:30,7.92,0.0,10.1
2006-02-24,7.3,0.2,29.88,16:18,7.92,12.2,1.7
2006-02-25,9.9,3.4,29.88,13:32,3.96,4.9,2.8
2006-02-26,10.4,2.5,42.12,11:03,14.04,0.0,3.6
2006-02-27,13.3,4.5,23.04,01:15,5.04,0.0,9.9
2006-02-28,13.5,0.9,33.12,17:04,11.16,0.0,10.6
2006-03-01,13.4,2.4,39.96,12:30,14.04,2.0,9.2
2006-03-02,11.6,4.0,38.16,18:25,7.92,6.0,0.5
2006-03-03,14.4,9.9,46.08,21:05,14.04,5.4,0.5
2006-03-04,13.5,3.3,81.0,17:50,28.08,11.1,2.3
2006-03-05,11.2,1.5,33.12,14:15,10.08,0.3,6.4
2006-03-06,11.7,2.6,21.96,05:50,6.84,2.9,0.0
2006-03-07,12.6,9.2,10.08,22:15,2.88,3.2,0.0
2006-03-08,13.1,10.8,21.96,23:59,6.12,4.6,0.0
2006-03-09,14.3,8.1,47.88,13:55,12.96,5.0,6.8
2006-03-10,13.5,7.4,33.84,12:23,6.12,3.6,0.8
2006-03-11,15.2,9.8,14.04,15:30,5.04,0.7,1.1
2006-03-12,21.0,7.0,20.88,23:59,3.96,0.0,8.1
2006-03-13,19.0,9.0,21.96,04:42,5.04,0.0,10.9
2006-03-14,21.0,8.5,16.92,22:35,5.04,0.0,10.9
2006-03-15,17.8,9.4,20.88,04:25,3.96,0.0,6.1
2006-03-16,16.6,10.4,20.16,13:05,3.96,1.4,2.3
2006-03-17,13.0,10.6,24.84,12:46,5.04,19.5,0.0
2006-03-18,14.9,10.1,29.88,02:49,3.96,12.4,0.0
2006-03-19,11.8,9.4,42.12,23:31,12.96,26.4,0.0
2006-03-20,13.0,10.0,37.08,08:24,11.16,16.0,0.0
2006-03-21,14.0,9.6,29.16,16:50,5.04,4.5,2.8
2006-03-22,14.3,9.0,38.16,22:27,6.84,26.8,0.3
2006-03-23,14.1,11.5,77.04,22:10,21.96,32.0,0.0
2006-03-24,15.5,12.6,55.08,00:26,11.88,4.4,0.5
2006-03-25,14.9,12.4,56.16,10:59,15.12,4.1,0.5
2006-03-26,19.2,13.6,72.0,11:20,18.0,8.8,3.2
2006-03-27,15.1,9.1,37.08,16:38,6.12,5.9,2.6
2006-03-28,14.6,8.6,33.84,21:24,10.08,2.3,5.5
2006-03-29,14.5,10.5,42.84,08:45,6.84,16.6,0.0
2006-03-30,15.0,11.5,47.16,12:45,11.16,15.8,0.0
2006-03-31,17.9,11.4,30.96,15:05,7.92,0.0,3.9
2006-04-01,17.1,11.2,38.88,13:45,9.0,0.0,2.4
2006-04-02,18.1,11.0,24.84,12:45,6.12,0.0,10.1
2006-04-03,25.4,9.1,19.08,19:55,5.04,0.0,11.6
2006-04-04,20.2,11.7,41.04,06:00,9.0,20.3,4.4
2006-04-05,16.0,11.5,34.92,12:25,6.12,7.5,0.0
2006-04-06,16.5,9.6,20.16,16:30,6.12,5.3,1.7
2006-04-07,16.5,8.8,21.96,11:05,3.96,0.0,0.3
2006-04-08,16.1,10.4,19.08,14:25,5.04,0.3,2.7
2006-04-09,20.5,9.7,41.04,17:55,9.0,0.5,7.5
2006-04-10,16.6,7.5,48.96,09:10,18.0,0.0,11.4
2006-04-11,18.7,3.6,24.12,11:35,7.92,0.0,12.5
2006-04-12,20.4,4.6,37.08,13:13,14.04,0.0,12.7
2006-04-13,23.4,6.6,23.04,15:14,2.88,0.0,12.8
2006-04-14,23.2,11.6,38.16,17:53,6.84,8.5,3.3
2006-04-15,16.0,10.8,33.12,15:43,6.12,11.5,6.6
2006-04-16,14.0,8.8,24.12,18:16,3.96,0.9,3.3
2006-04-17,17.6,7.5,32.04,10:09,9.0,0.0,9.9
2006-04-18,19.0,7.0,20.88,12:48,5.04,0.0,12.6
2006-04-19,17.0,6.6,24.12,13:54,6.84,0.0,10.1
2006-04-20,16.9,10.3,34.92,12:04,6.12,9.2,0.2
2006-04-21,13.5,8.0,47.88,00:20,10.08,29.1,1.8
2006-04-22,21.1,10.0,38.88,14:39,12.96,0.0,12.0
2006-04-23,23.4,9.0,30.96,18:05,10.08,0.0,8.4
2006-04-24,24.1,9.4,28.08,16:43,11.16,0.0,13.1
2006-04-25,26.5,10.1,32.04,14:26,11.16,0.0,13.1
2006-04-26,26.0,9.9,29.88,21:35,6.12,0.0,13.3
2006-04-27,21.4,11.4,47.88,15:40,16.92,0.0,13.4
2006-04-28,21.6,12.2,41.04,14:30,18.0,0.0,13.4
2006-04-29,23.3,9.2,34.92,16:40,6.84,0.0,13.4
2006-04-30,22.3,7.5,23.04,13:10,6.84,0.0,13.2
2006-05-01,21.0,7.4,29.88,11:10,6.12,0.0,13.0
2006-05-02,19.0,7.8,24.12,13:40,6.12,0.0,12.2
2006-05-03,19.5,7.6,24.12,13:05,6.12,0.0,11.7
2006-05-04,19.0,12.7,27.0,11:44,6.12,2.4,7.7
2006-05-05,20.1,10.0,24.12,13:16,6.84,0.0,13.1
2006-05-06,20.0,8.0,24.12,11:30,7.92,0.0,11.8
2006-05-07,15.5,8.4,33.84,14:05,7.92,8.4,3.2
2006-05-08,17.0,6.5,24.84,12:11,5.04,0.0,11.4
2006-05-09,20.4,8.5,19.08,14:29,5.04,0.0,10.2
2006-05-10,22.6,10.8,24.12,14:52,3.96,0.0,13.3
2006-05-11,22.5,10.0,25.92,13:02,6.12,0.0,8.5
2006-05-12,21.0,11.2,24.12,13:40,6.12,0.0,5.5
2006-05-13,22.4,9.0,19.08,13:43,5.04,0.0,8.7
2006-05-14,19.5,13.4,18.0,09:56,5.04,0.0,3.1
2006-05-15,23.0,14.0,29.16,13:27,5.04,1.1,1.5
2006-05-16,24.8,15.5,24.84,09:42,3.96,0.0,7.3
2006-05-17,23.7,14.0,28.08,12:53,6.12,1.5,4.4
2006-05-18,19.9,12.2,32.04,12:22,6.12,0.0,8.5
2006-05-19,19.4,10.4,30.96,15:23,6.12,11.2,8.5
2006-05-20,18.9,13.5,37.08,07:28,9.0,2.0,0.5
2006-05-21,18.4,11.0,48.96,08:05,10.08,11.4,5.1
2006-05-22,17.4,8.7,36.0,09:38,6.84,0.0,8.0
2006-05-23,18.5,6.4,25.92,17:10,11.16,0.0,10.9
2006-05-24,19.5,6.9,23.04,13:10,6.84,0.0,14.3
2006-05-25,24.0,8.4,29.16,18:00,10.08,0.0,14.3
2006-05-26,30.6,12.8,38.88,15:35,15.12,0.0,14.3
2006-05-27,32.6,16.2,28.08,18:20,9.0,0.0,13.8
2006-05-28,32.4,17.2,16.92,15:10,3.96,0.0,13.9
2006-05-29,28.8,15.6,51.12,22:35,11.88,0.0,14.4
2006-05-30,24.2,14.0,47.88,19:39,16.92,0.0,14.3
2006-05-31,25.5,12.2,43.92,16:46,15.12,0.0,14.3
2006-06-01,28.5,10.4,27.0,11:05,6.12,0.0,14.0
2006-06-02,26.6,13.4,23.04,01:50,6.12,0.0,14.2
2006-06-03,28.9,14.5,20.16,14:50,5.04,0.0,14.1
2006-06-04,32.8,17.0,21.96,14:21,5.04,0.0,14.3
2006-06-05,31.4,17.4,24.12,01:01,6.12,0.0,14.3
2006-06-06,34.2,19.0,34.92,12:14,6.12,0.0,7.0
2006-06-07,25.5,16.0,21.96,15:21,6.12,0.0,9.2
2006-06-08,24.8,15.2,24.84,13:52,5.04,0.0,11.7
2006-06-09,24.0,15.0,29.88,15:19,6.84,0.2,7.4
2006-06-10,23.4,16.2,29.88,09:09,6.12,0.4,2.7
2006-06-11,24.6,15.5,21.96,13:29,6.12,0.0,8.1
2006-06-12,25.3,14.9,30.96,18:05,11.88,1.4,4.6
2006-06-13,23.2,16.5,33.84,12:20,6.12,9.5,0.0
2006-06-14,28.6,17.5,27.0,14:00,6.84,0.5,2.9
2006-06-15,26.6,17.0,33.84,01:00,3.96,0.2,6.2
2006-06-16,24.4,15.5,23.04,12:40,6.12,1.7,6.1
2006-06-17,23.8,14.8,33.84,14:30,10.08,0.0,4.1
2006-06-18,23.6,14.4,21.96,15:05,5.04,0.0,11.6
2006-06-19,24.6,14.6,34.92,16:05,11.16,0.0,8.0
2006-06-20,25.0,13.0,38.16,12:05,15.84,0.0,10.5
2006-06-21,25.4,11.5,24.84,20:43,6.12,0.0,12.5
2006-06-22,30.5,14.4,34.92,14:48,15.12,0.0,12.6
2006-06-23,25.5,14.2,33.12,09:33,12.96,0.0,11.6
2006-06-24,22.5,16.0,23.04,19:05,12.96,0.0,0.0
2006-06-25,23.0,14.6,28.08,15:30,9.0,0.0,6.8
2006-06-26,22.8,14.1,36.0,17:12,11.88,0.0,6.7
2006-06-27,26.8,11.5,37.08,13:35,18.0,0.0,12.9
2006-06-28,24.3,11.8,21.96,12:46,6.12,0.0,12.9
2006-06-29,26.0,12.2,20.88,15:14,6.12,0.0,13.1
2006-06-30,24.5,12.8,16.92,15:32,3.96,0.0,12.3
2006-07-01,23.0,15.9,28.08,14:24,6.12,0.0,5.5
2006-07-02,22.9,16.5,21.96,16:54,6.12,0.4,2.3
2006-07-03,24.4,15.0,23.04,11:40,5.04,0.0,13.0
2006-07-04,24.5,14.0,20.88,10:38,6.12,0.0,7.5
2006-07-05,22.6,14.4,21.96,14:13,5.04,1.2,6.7
2006-07-06,28.2,11.2,37.08,15:33,12.96,0.0,12.9
2006-07-07,30.4,14.6,34.92,13:08,12.96,0.0,12.2
2006-07-08,28.1,13.9,24.12,15:34,3.96,0.0,12.8
2006-07-09,28.5,13.7,18.0,15:22,5.04,0.0,13.0
2006-07-10,29.0,16.0,29.88,17:43,10.08,0.0,13.0
2006-07-11,32.5,17.0,47.16,22:08,16.92,0.0,13.0
2006-07-12,34.0,20.4,39.96,01:02,11.16,0.0,12.2
2006-07-13,36.5,18.4,29.88,15:02,11.16,0.0,12.7
2006-07-14,33.5,20.4,20.88,18:15,3.96,0.2,5.3
2006-07-15,34.6,22.3,16.92,13:51,6.84,0.0,11.6
2006-07-16,36.1,22.5,18.0,21:27,7.92,0.0,12.9
2006-07-17,39.5,21.3,24.12,12:36,6.12,0.0,11.4
2006-07-18,26.2,19.1,47.16,14:59,3.96,0.4,0.0
2006-07-19,27.0,18.8,21.96,14:55,6.12,0.0,7.6
2006-07-20,24.6,16.7,27.0,14:30,3.96,0.0,8.3
2006-07-21,24.8,14.2,24.12,11:05,6.84,0.0,13.1
2006-07-22,25.8,13.1,21.96,14:50,5.04,0.0,4.1
2006-07-23,28.1,16.7,23.04,13:35,3.96,0.0,12.9
2006-07-24,23.3,17.8,18.0,16:25,3.96,0.0,3.4
2006-07-25,26.2,17.4,25.92,12:50,7.92,0.0,9.0
2006-07-26,29.0,17.0,39.96,17:20,15.84,0.0,8.0
2006-07-27,26.2,17.3,33.12,17:55,14.04,0.0,7.6
2006-07-28,27.0,14.0,23.04,13:08,5.04,0.0,11.9
2006-07-29,25.6,14.5,27.0,13:24,6.12,1.8,3.3
2006-07-30,26.5,17.6,24.12,13:25,6.12,0.0,9.3
2006-07-31,26.0,16.2,24.84,12:30,5.04,3.2,11.2
2006-08-01,26.6,17.5,23.04,14:03,5.04,0.0,9.5
2006-08-02,31.0,15.8,37.08,16:23,15.12,0.4,13.2
2006-08-03,27.5,18.4,46.08,15:07,19.08,0.0,10.4
2006-08-04,32.5,17.0,50.04,00:36,14.04,0.0,11.8
2006-08-05,35.0,16.2,33.12,14:44,6.84,0.0,12.0
2006-08-06,35.2,17.5,39.96,20:50,11.16,0.0,6.7
2006-08-07,30.8,20.0,45.0,19:10,14.04,0.0,5.9
2006-08-08,32.2,20.4,41.04,12:54,14.04,0.0,5.1
2006-08-09,33.2,17.5,38.88,16:36,11.88,0.0,5.7
2006-08-10,34.2,16.1,34.92,16:05,9.0,0.0,5.9
2006-08-11,35.0,16.0,33.12,14:54,9.0,0.0,8.3
2006-08-12,29.5,15.5,47.16,14:05,14.04,0.0,13.1
2006-08-13,30.2,16.5,37.08,11:22,12.96,0.0,11.8
2006-08-14,28.8,15.8,38.88,17:41,18.0,0.0,11.8
2006-08-15,25.1,13.3,32.04,10:27,7.92,2.0,6.5
2006-08-16,17.1,14.8,42.12,14:30,7.92,26.6,0.0
2006-08-17,21.4,12.0,47.88,04:10,6.84,11.7,3.0
2006-08-18,20.3,14.7,24.84,17:10,6.12,16.2,4.0
2006-08-19,21.8,14.6,24.12,15:25,5.04,0.0,9.1
2006-08-20,25.4,11.6,29.88,18:25,7.92,0.0,13.1
2006-08-21,30.3,12.5,15.12,12:15,2.88,0.0,12.9
2006-08-22,31.1,16.5,18.0,16:05,3.96,0.0,13.0
2006-08-23,27.5,16.4,38.88,15:27,15.12,0.0,11.8
2006-08-24,26.5,15.0,38.16,12:30,11.88,0.0,12.9
2006-08-25,23.1,16.6,20.16,17:12,3.96,0.8,3.3
2006-08-26,25.9,13.9,25.92,13:02,7.92,0.0,10.9
2006-08-27,25.5,15.6,24.12,11:18,5.04,0.0,8.5
2006-08-28,28.5,14.3,32.04,13:14,11.88,0.0,11.1
2006-08-29,26.9,14.9,36.0,14:20,11.88,0.0,10.3
2006-08-30,31.8,16.6,37.08,15:59,11.16,0.0,12.8
2006-08-31,28.6,16.4,18.0,17:10,3.96,0.0,12.8
2006-09-01,25.0,13.0,20.16,12:58,7.92,0.0,10.0
2006-09-02,25.0,13.6,24.12,14:09,5.04,0.0,12.7
2006-09-03,27.4,15.0,18.0,10:19,3.96,0.0,12.6
2006-09-04,32.5,17.0,20.16,21:34,2.88,0.0,12.1
2006-09-05,35.8,17.4,18.0,15:21,5.04,0.0,12.2
2006-09-06,25.6,15.6,16.92,06:19,6.12,0.0,11.5
2006-09-07,25.9,14.3,18.0,12:09,6.12,0.0,10.0
2006-09-08,27.0,17.9,24.12,13:45,5.04,0.0,2.4
2006-09-09,25.4,17.0,19.08,13:39,3.96,0.0,8.8
2006-09-10,24.8,15.7,23.04,13:55,9.0,0.0,8.5
2006-09-11,21.4,15.1,15.84,03:36,2.16,0.5,0.1
2006-09-12,23.9,15.0,24.12,12:15,6.12,0.0,10.7
2006-09-13,19.2,13.4,37.08,20:00,9.0,3.0,0.0
2006-09-14,20.5,12.3,38.88,14:30,3.96,6.9,6.2
2006-09-15,20.0,12.8,33.12,13:10,12.96,0.0,7.7
2006-09-16,20.2,9.6,18.0,02:20,5.04,17.5,0.3
2006-09-17,21.3,15.0,21.96,13:45,5.04,0.7,4.2
2006-09-18,22.9,14.3,19.08,13:40,6.12,0.0,9.2
2006-09-19,23.4,13.2,21.96,14:30,3.96,0.0,10.3
2006-09-20,23.8,13.2,24.84,12:58,5.04,2.1,10.7
2006-09-21,21.5,14.1,69.84,05:05,7.92,12.7,1.8
2006-09-22,21.1,13.8,50.04,12:05,15.12,13.2,5.5
2006-09-23,20.0,12.0,38.88,18:20,11.16,4.8,7.0
2006-09-24,18.6,14.5,42.12,11:34,7.92,16.7,1.5
2006-09-25,21.0,15.5,15.12,11:53,3.96,0.0,1.0
2006-09-26,24.5,13.5,20.88,04:40,2.88,0.0,11.4
2006-09-27,22.0,14.4,21.96,18:04,6.12,2.8,1.8
2006-09-28,20.0,17.0,20.16,16:18,3.96,9.4,3.9
2006-09-29,20.2,15.2,27.0,17:39,7.92,13.2,0.8
2006-09-30,19.4,15.4,38.88,00:37,7.92,15.4,0.6
2006-10-01,20.6,15.6,29.88,00:30,5.04,1.6,0.6
2006-10-02,20.6,14.2,69.12,16:05,6.84,23.8,0.0
2006-10-03,17.5,13.2,25.92,16:16,3.96,18.6,2.2
2006-10-04,19.5,13.2,27.0,01:15,5.04,3.8,1.8
2006-10-05,20.2,11.2,18.0,04:10,3.96,0.7,7.5
2006-10-06,18.6,12.6,25.92,16:29,6.12,14.0,0.0
2006-10-07,20.8,16.9,11.88,01:01,3.96,0.4,0.7
2006-10-08,23.4,15.9,24.84,15:21,5.04,0.0,4.3
2006-10-09,23.5,15.5,23.04,14:45,3.96,0.2,2.9
2006-10-10,17.9,14.4,33.12,13:46,6.84,35.3,0.1
2006-10-11,18.4,11.5,33.12,12:20,6.84,0.0,7.8
2006-10-12,20.7,10.0,21.96,13:10,9.0,0.0,10.5
2006-10-13,23.1,12.0,23.04,22:33,2.88,0.0,9.9
2006-10-14,25.6,12.3,21.96,22:36,6.12,0.0,10.5
2006-10-15,23.0,14.3,34.92,14:53,6.84,10.2,0.2
2006-10-16,19.6,12.4,39.96,15:40,7.92,28.6,0.0
2006-10-17,21.2,12.2,46.08,20:45,11.88,5.6,5.8
2006-10-18,18.2,12.6,61.92,06:35,11.16,32.5,0.0
2006-10-19,16.9,12.4,0.0,,0.0,48.6,0.0
2006-10-20,19.0,15.1,0.0,,0.0,1.4,0.5
2006-10-21,17.3,14.8,0.0,,0.0,88.6,0.0
2006-10-22,19.2,15.6,0.0,,0.0,13.5,0.2
2006-10-23,18.0,13.1,0.0,,0.0,1.4,3.6
2006-10-24,19.3,13.1,0.0,,0.0,70.1,0.0
2006-10-25,19.9,14.4,0.0,,0.0,21.1,0.0
2006-10-26,21.5,15.0,0.0,,0.0,0.0,3.0
2006-10-27,22.5,13.2,0.0,,0.0,0.0,8.6
2006-10-28,26.6,14.5,0.0,,0.0,0.0,8.6
2006-10-29,26.6,17.0,0.0,,0.0,0.0,8.1
2006-10-30,24.4,18.1,0.0,,0.0,0.3,1.2
2006-10-31,21.0,15.0,0.0,,0.0,0.0,2.7
2006-11-01,21.5,12.4,0.0,,0.0,0.0,7.1
2006-11-02,21.9,13.1,0.0,,0.0,0.0,6.8
2006-11-03,18.0,13.7,0.0,,0.0,3.5,0.8
2006-11-04,21.3,13.2,0.0,,0.0,1.5,3.9
2006-11-05,22.5,15.2,0.0,,0.0,0.4,5.3
2006-11-06,22.2,15.4,0.0,,0.0,0.0,3.0
2006-11-07,20.0,14.2,0.0,,0.0,0.0,1.7
2006-11-08,20.4,11.8,0.0,,0.0,0.0,8.3
2006-11-09,23.0,13.4,0.0,,0.0,0.0,8.3
2006-11-10,21.0,12.4,0.0,,0.0,0.0,8.3
2006-11-11,21.0,11.2,0.0,,0.0,0.0,7.0
2006-11-12,21.2,10.4,0.0,,0.0,0.0,8.0
2006-11-13,18.0,8.6,0.0,,0.0,0.0,8.0
2006-11-14,17.0,9.8,0.0,,0.0,0.0,0.5
2006-11-15,17.8,13.8,0.0,,0.0,42.2,0.0
2006-11-16,14.1,9.1,0.0,,0.0,25.0,0.0
2006-11-17,13.0,9.0,0.0,,0.0,32.2,0.0
2006-11-18,16.5,9.0,0.0,,0.0,13.6,0.2
2006-11-19,15.3,10.8,0.0,,0.0,1.0,2.8
2006-11-20,14.3,9.1,0.0,,0.0,10.7,0.0
2006-11-21,15.0,14.0,0.0,,0.0,9.8,0.0
2006-11-22,14.5,12.7,0.0,,0.0,21.9,0.0
2006-11-23,14.9,12.2,0.0,,0.0,31.4,0.8
2006-11-24,15.6,12.0,0.0,,0.0,51.0,0.0
2006-11-25,12.6,8.8,0.0,,0.0,19.5,1.7
2006-11-26,14.3,9.2,0.0,,0.0,19.5,2.6
2006-11-27,15.4,11.7,0.0,,0.0,83.3,0.7
2006-11-28,13.8,8.1,0.0,,0.0,4.3,3.4
2006-11-29,13.4,6.2,0.0,,0.0,0.0,7.2
2006-11-30,15.2,6.2,0.0,,0.0,0.0,1.1
2006-12-01,15.5,11.4,0.0,,0.0,42.1,0.0
2006-12-02,13.0,8.1,0.0,,0.0,7.5,3.0
2006-12-03,15.5,8.9,0.0,,0.0,39.6,0.0
2006-12-04,15.3,13.5,0.0,,0.0,18.3,0.0
2006-12-05,14.5,7.1,0.0,,0.0,35.1,0.0
2006-12-06,12.5,6.1,0.0,,0.0,32.6,1.8
2006-12-07,16.2,11.4,0.0,,0.0,27.7,0.0
2006-12-08,13.9,6.2,0.0,,0.0,21.3,0.2
2006-12-09,9.4,4.8,0.0,,0.0,4.4,0.8
2006-12-10,11.5,2.7,0.0,,0.0,0.0,4.0
2006-12-11,10.0,3.0,0.0,,0.0,0.4,0.4
2006-12-12,12.5,8.4,0.0,,0.0,0.6,0.0
2006-12-13,13.2,5.8,0.0,,0.0,0.0,4.4
2006-12-14,12.0,4.8,0.0,,0.0,0.0,6.7
2006-12-15,12.8,4.3,0.0,,0.0,0.0,7.2
2006-12-16,10.4,3.1,0.0,,0.0,2.6,0.0
2006-12-17,11.4,6.5,0.0,,0.0,1.8,0.0
2006-12-18,12.2,4.6,0.0,,0.0,0.0,6.0
2006-12-19,11.8,3.8,0.0,,0.0,0.0,7.1
2006-12-20,11.5,4.3,0.0,,0.0,0.0,7.1
2006-12-21,10.1,2.3,0.0,,0.0,0.0,7.2
2006-12-22,11.5,1.8,0.0,,0.0,0.0,7.2
2006-12-23,10.6,3.0,0.0,,0.0,0.0,7.1
2006-12-24,11.0,1.5,0.0,,0.0,0.0,7.2
2006-12-25,11.0,1.5,0.0,,0.0,0.0,7.1
2006-12-26,11.5,5.1,0.0,,0.0,0.0,1.1
2006-12-27,13.9,4.7,0.0,,0.0,0.0,7.8
2006-12-28,16.5,9.2,0.0,,0.0,0.0,5.7
2006-12-29,15.0,11.0,0.0,,0.0,3.6,0.0
2006-12-30,15.0,13.0,0.0,,0.0,16.1,0.0
2006-12-31,15.6,14.0,0.0,,0.0,8.5,0.0
2007-01-01,15.0,10.6,0.0,,0.0,0.8,3.5
2007-01-02,12.5,6.0,0.0,,0.0,0.0,7.6
2007-01-03,12.2,3.5,0.0,,0.0,3.2,1.5
2007-01-04,12.8,9.4,0.0,,0.0,9.1,0.0
2007-01-05,15.3,12.0,0.0,,0.0,0.3,1.0
2007-01-06,13.4,12.0,0.0,,0.0,18.2,0.5
2007-01-07,12.7,10.2,0.0,,0.0,10.6,0.0
2007-01-08,14.4,12.1,0.0,,0.0,1.6,0.0
2007-01-09,15.6,11.4,0.0,,0.0,0.0,2.9
2007-01-10,14.4,10.8,0.0,,0.0,0.0,0.0
2007-01-11,14.3,9.0,0.0,,0.0,0.0,0.5
2007-01-12,14.0,5.5,0.0,,0.0,0.0,7.1
2007-01-13,12.3,6.5,0.0,,0.0,0.0,0.0
2007-01-14,11.6,5.1,0.0,,0.0,0.0,0.0
2007-01-15,12.3,7.4,0.0,,0.0,1.1,0.0
2007-01-16,12.7,9.0,0.0,,0.0,5.8,0.8
2007-01-17,15.2,11.3,0.0,,0.0,2.1,0.8
2007-01-18,16.0,13.6,0.0,,0.0,0.6,0.0
2007-01-19,15.6,11.0,0.0,,0.0,0.1,0.0
2007-01-20,14.0,7.0,0.0,,0.0,2.0,0.7
2007-01-21,12.6,7.6,0.0,,0.0,7.1,0.5
2007-01-22,8.5,3.8,0.0,,0.0,1.1,1.1
2007-01-23,10.0,2.4,0.0,,0.0,0.5,4.4
2007-01-24,9.0,0.5,0.0,,0.0,7.0,5.9
2007-01-25,8.4,3.3,0.0,,0.0,0.0,7.0
2007-01-26,8.9,2.4,59.04,12:43,14.04,0.0,7.5
2007-01-27,11.1,3.3,30.96,16:30,6.12,0.0,7.4
2007-01-28,14.1,1.0,29.16,04:35,2.88,0.0,6.8
2007-01-29,13.3,6.1,23.04,14:25,2.16,0.1,0.8
2007-01-30,10.6,6.7,11.88,23:15,1.08,3.9,0.0
2007-01-31,12.5,6.6,16.92,13:45,2.16,0.0,1.4
2007-02-01,14.0,3.0,15.12,08:55,1.08,0.0,7.3
2007-02-02,12.5,3.2,15.12,22:30,0.0,0.0,6.1
2007-02-03,11.6,4.8,15.12,04:40,2.88,0.0,0.0
2007-02-04,14.4,7.0,16.92,14:30,2.88,0.0,3.1
2007-02-05,11.4,8.1,11.16,00:40,2.16,0.8,0.0
2007-02-06,10.9,6.2,19.08,17:40,2.88,9.8,0.0
2007-02-07,13.7,9.0,42.12,13:53,3.96,14.8,0.0
2007-02-08,14.3,9.6,60.84,20:45,1.08,5.1,3.1
2007-02-09,13.5,8.6,63.0,00:47,9.0,1.5,0.0
2007-02-10,15.1,10.7,48.96,01:55,6.12,1.1,0.6
2007-02-11,15.3,11.7,38.88,Varias,10.08,24.1,0.0
2007-02-12,14.5,7.3,34.92,00:05,2.16,0.0,4.6
2007-02-13,15.0,7.0,61.92,23:35,10.08,22.6,0.0
2007-02-14,14.9,9.0,64.08,04:10,2.16,0.1,4.6
2007-02-15,15.0,9.0,52.92,16:35,6.84,12.8,0.8
2007-02-16,15.8,7.3,54.0,14:40,3.96,8.1,0.0
2007-02-17,13.2,6.8,37.08,14:20,9.0,2.6,1.2
2007-02-18,12.6,6.0,14.04,15:00,2.16,1.3,4.5
2007-02-19,11.4,7.2,37.08,13:45,2.88,13.1,0.0
2007-02-20,11.0,5.3,29.88,12:30,6.84,3.8,2.7
2007-02-21,13.6,4.0,47.16,23:35,9.0,12.9,5.7
2007-02-22,15.5,10.0,38.88,12:45,9.0,9.7,0.7
2007-02-23,13.5,11.4,41.04,01:55,5.04,21.2,0.0
2007-02-24,14.4,11.8,29.88,08:24,6.12,6.9,0.0
2007-02-25,14.4,7.6,28.08,13:41,6.84,0.0,8.8
2007-02-26,14.6,6.0,18.0,Varias,2.88,0.0,3.9
2007-02-27,14.6,6.6,28.08,Varias,7.92,12.2,0.0
2007-02-28,16.0,9.6,30.96,00:11,3.96,0.3,5.8
2007-03-01,14.2,11.0,29.88,11:37,9.0,1.1,0.0
2007-03-02,15.4,13.2,47.16,15:00,11.16,0.6,0.0
2007-03-03,15.8,13.9,45.0,13:51,10.08,0.5,0.0
2007-03-04,14.4,8.6,50.04,07:51,9.0,15.2,2.5
2007-03-05,14.6,7.2,38.88,20:55,9.0,0.7,3.0
2007-03-06,15.3,11.2,56.16,06:43,7.92,21.9,2.0
2007-03-07,13.7,10.0,68.04,08:08,18.0,0.1,5.4
2007-03-08,16.0,8.0,18.0,15:23,2.88,0.0,8.4
2007-03-09,17.4,9.0,27.0,14:10,6.12,0.0,4.2
2007-03-10,22.6,11.3,20.88,13:05,3.96,0.0,10.9
2007-03-11,22.7,9.9,16.92,21:40,3.96,0.0,10.3
2007-03-12,18.1,8.2,0.0,,2.88,0.0,1.6
2007-03-13,20.1,9.2,0.0,,7.92,0.0,4.8
2007-03-14,21.5,6.7,28.08,13:59,5.04,0.0,10.8
2007-03-15,21.0,8.2,19.08,22:10,3.96,0.0,11.0
2007-03-16,20.2,8.8,36.0,23:31,7.92,0.0,8.9
2007-03-17,20.2,8.5,29.88,13:11,6.84,0.0,11.4
2007-03-18,18.0,5.6,34.92,15:41,10.08,0.5,10.3
2007-03-19,12.8,4.6,59.04,16:15,7.92,3.0,5.9
2007-03-20,11.5,2.6,51.12,16:13,10.08,0.6,0.8
2007-03-21,11.5,4.4,48.96,13:33,9.0,0.1,7.7
2007-03-22,10.9,4.7,11.16,22:19,2.16,0.2,0.0
2007-03-23,15.1,6.0,29.88,11:19,7.92,0.0,7.3
2007-03-24,16.7,4.6,29.88,15:28,10.08,0.0,11.3
2007-03-25,16.6,4.6,20.16,13:32,3.96,0.0,10.1
2007-03-26,14.3,4.1,32.04,14:23,6.84,0.0,7.0
2007-03-27,14.3,4.9,23.04,14:43,1.08,0.0,6.5
2007-03-28,11.7,5.4,33.12,16:30,5.04,11.8,0.4
2007-03-29,15.0,7.2,27.0,16:30,6.12,0.0,6.8
2007-03-30,12.4,5.6,21.96,15:20,2.88,13.5,0.1
2007-03-31,13.8,5.4,42.12,16:50,11.16,0.1,8.7
2007-04-01,12.8,3.7,38.16,12:40,2.88,1.3,6.0
2007-04-02,15.8,6.0,23.04,10:10,2.88,1.7,7.2
2007-04-03,16.6,6.5,19.08,14:20,2.16,0.0,4.5
2007-04-04,17.4,7.2,43.92,17:41,7.92,0.0,10.2
2007-04-05,15.5,5.0,37.08,13:59,6.84,0.0,11.2
2007-04-06,20.6,5.0,32.04,16:54,6.84,0.0,12.2
2007-04-07,21.6,10.2,21.96,12:12,2.16,1.3,9.9
2007-04-08,20.4,8.2,18.0,06:56,5.04,0.0,8.9
2007-04-09,20.6,7.6,21.96,15:31,1.08,0.8,7.5
2007-04-10,20.0,9.6,23.04,13:44,2.88,0.0,9.8
2007-04-11,19.4,10.4,16.92,20:20,3.96,4.5,1.7
2007-04-12,22.0,9.1,33.84,15:47,6.12,0.0,12.4
2007-04-13,20.0,9.3,32.04,17:11,11.16,0.0,12.5
2007-04-14,21.0,7.5,21.96,14:05,2.16,0.0,12.5
2007-04-15,22.2,8.0,21.96,14:05,2.16,0.0,12.9
2007-04-16,26.6,8.1,23.04,18:46,2.88,0.0,11.8
2007-04-17,25.8,12.5,19.08,14:25,2.88,0.0,12.9
2007-04-18,26.4,14.1,20.16,Varias,2.16,0.0,10.8
2007-04-19,23.1,14.0,21.96,06:30,2.88,0.5,8.7
2007-04-20,22.5,11.8,18.0,14:36,3.96,0.0,10.3
2007-04-21,23.1,10.6,19.08,13:19,1.08,0.0,12.2
2007-04-22,26.1,11.9,16.92,15:49,0.0,0.0,12.6
2007-04-23,23.0,13.7,19.08,12:25,1.08,0.0,6.9
2007-04-24,18.3,12.7,15.12,Varias,3.96,8.3,0.0
2007-04-25,14.1,11.3,28.08,09:30,5.04,1.7,0.2
2007-04-26,15.5,10.0,37.08,09:50,9.0,0.0,4.6
2007-04-27,16.0,10.4,27.0,02:40,5.04,23.1,0.0
2007-04-28,16.8,8.5,18.0,15:30,1.08,0.0,6.8
2007-04-29,17.6,9.0,25.92,22:10,1.08,12.7,4.8
2007-04-30,14.8,8.2,32.04,14:50,2.16,19.4,3.4
2007-05-01,13.4,7.2,25.92,15:10,6.12,9.9,0.2
2007-05-02,17.3,9.6,21.96,07:20,2.16,0.8,4.2
2007-05-03,21.7,9.4,32.04,19:30,7.92,0.0,13.2
2007-05-04,20.0,10.2,33.84,21:39,7.92,0.0,10.1
2007-05-05,21.8,8.8,36.0,17:22,9.0,0.0,13.1
2007-05-06,22.5,7.7,30.96,12:07,6.12,0.0,13.4
2007-05-07,22.8,10.5,32.04,12:09,6.12,0.0,13.5
2007-05-08,21.5,10.0,19.08,23:35,2.16,0.0,13.6
2007-05-09,28.0,12.6,23.04,Varias,2.16,0.0,13.6
2007-05-10,17.0,13.0,23.04,10:45,6.12,0.0,0.8
2007-05-11,18.2,13.6,28.08,Varias,6.84,0.0,0.0
2007-05-12,19.4,12.2,37.08,23:25,3.96,15.4,1.5
2007-05-13,17.0,11.0,38.88,04:30,6.12,13.3,5.6
2007-05-14,17.4,9.4,32.04,14:29,6.84,0.0,10.0
2007-05-15,18.4,6.8,21.96,11:31,6.84,0.0,10.9
2007-05-16,24.2,13.0,27.0,14:46,6.12,0.0,9.5
2007-05-17,29.1,12.4,28.08,13:32,6.12,0.0,13.9
2007-05-18,25.8,13.2,37.08,16:35,9.0,0.0,13.8
2007-05-19,21.7,13.1,38.88,16:23,10.08,0.0,13.7
2007-05-20,14.0,12.0,45.0,12:54,11.88,0.0,0.0
2007-05-21,15.5,11.0,41.04,16:04,11.88,0.0,2.3
2007-05-22,25.7,12.9,0.0,,6.84,24.5,6.2
2007-05-23,21.7,12.6,0.0,,1.08,2.8,0.3
2007-05-24,22.2,14.8,23.04,18:35,2.88,19.5,8.1
2007-05-25,18.8,13.7,20.88,15:10,2.88,0.0,3.3
2007-05-26,19.2,10.5,33.84,18:00,10.08,7.4,6.7
2007-05-27,17.5,9.5,34.92,13:10,10.08,1.9,4.8
2007-05-28,17.1,8.1,21.96,14:20,2.16,3.9,9.4
2007-05-29,15.2,10.6,24.84,18:30,2.88,12.2,0.0
2007-05-30,18.5,12.2,33.12,22:35,2.88,4.1,8.1
2007-05-31,18.0,12.0,29.88,13:17,1.08,1.3,5.0
2007-06-01,20.5,11.6,18.0,13:52,2.88,0.0,8.2
2007-06-02,23.5,12.1,18.0,06:35,2.88,0.0,7.9
2007-06-03,25.1,12.5,33.12,20:07,6.84,0.0,11.0
2007-06-04,25.5,12.7,36.0,16:23,9.0,0.0,13.5
2007-06-05,28.0,12.9,28.08,00:45,3.96,0.0,13.5
2007-06-06,29.5,15.2,20.16,14:58,5.04,0.0,13.6
2007-06-07,21.6,15.0,19.08,14:02,1.08,0.0,11.3
2007-06-08,21.4,14.4,16.92,12:17,2.16,0.0,0.0
2007-06-09,23.5,14.5,19.08,14:51,2.16,0.0,9.5
2007-06-10,24.2,13.4,36.0,15:23,6.12,3.1,5.5
2007-06-11,21.0,14.1,24.84,14:18,2.88,0.0,8.7
2007-06-12,23.0,12.5,25.92,14:15,3.96,4.6,6.6
2007-06-13,19.6,12.8,51.84,17:48,11.88,31.4,0.2
2007-06-14,19.8,14.0,0.0,,0.0,2.5,4.5
2007-06-15,20.8,13.5,25.92,14:30,2.88,0.2,9.5
2007-06-16,20.3,13.0,30.96,20:01,3.96,30.0,0.0
2007-06-17,19.2,15.0,33.84,14:05,6.12,8.1,1.1
2007-06-18,21.2,15.3,47.88,17:14,6.84,49.1,6.8
2007-06-19,20.0,12.8,33.84,00:55,5.04,11.3,5.8
2007-06-20,20.0,12.9,27.0,17:00,2.88,2.1,7.6
2007-06-21,19.4,12.6,24.12,08:30,2.16,3.3,5.1
2007-06-22,20.4,12.8,23.04,14:50,2.16,0.1,5.2
2007-06-23,22.8,10.9,20.16,12:00,2.88,0.0,8.6
2007-06-24,21.6,12.8,24.84,15:30,2.88,3.4,2.6
2007-06-25,20.4,12.9,33.12,17:20,11.16,0.0,8.6
2007-06-26,20.4,10.9,0.0,,7.92,0.0,4.6
2007-06-27,22.8,9.8,0.0,,14.04,0.0,13.9
2007-06-28,22.9,9.8,29.16,11:41,3.96,0.0,13.6
2007-06-29,24.5,11.9,20.88,10:20,2.88,0.0,12.8
2007-06-30,21.1,14.4,0.0,,2.16,4.3,0.0
2007-07-01,20.5,15.6,0.0,,0.0,2.9,1.6
2007-07-02,21.5,14.6,25.92,14:27,2.88,5.7,8.6
2007-07-03,18.5,15.9,20.88,10:02,1.08,4.5,0.0
2007-07-04,24.2,13.0,24.12,15:59,6.84,0.0,13.0
2007-07-05,26.5,12.2,16.92,23:26,1.08,0.0,13.1
2007-07-06,29.2,15.7,30.96,18:04,7.92,0.0,13.1
2007-07-07,26.5,15.6,29.88,10:35,5.04,0.0,12.8
2007-07-08,22.7,13.6,37.08,17:24,12.96,0.0,5.3
2007-07-09,22.5,11.5,38.16,18:55,6.84,0.0,10.6
2007-07-10,24.5,13.2,29.88,12:36,9.0,0.0,12.9
2007-07-11,26.6,14.0,30.96,14:30,6.84,0.0,12.6
2007-07-12,27.5,14.0,16.92,15:45,1.08,0.0,13.4
2007-07-13,23.6,15.4,25.92,17:31,6.84,0.0,8.5
2007-07-14,23.8,15.2,29.16,17:13,2.88,19.4,3.0
2007-07-15,21.2,15.0,30.96,17:18,2.16,19.3,3.7
2007-07-16,20.6,14.2,28.08,15:35,5.04,1.2,7.1
2007-07-17,21.9,14.0,24.12,12:12,2.16,0.0,11.3
2007-07-18,22.7,12.0,20.88,12:50,3.96,0.0,9.3
2007-07-19,21.3,12.3,25.92,14:30,2.88,3.9,6.6
2007-07-20,22.1,10.8,33.12,16:20,6.84,0.0,9.0
2007-07-21,22.1,11.4,28.08,13:50,3.96,0.0,9.8
2007-07-22,19.3,11.3,0.0,,5.04,24.3,1.4
2007-07-23,20.4,14.2,24.12,11:00,1.08,1.7,2.8
2007-07-24,23.6,15.2,20.16,10:50,1.08,0.0,8.2
2007-07-25,23.4,12.6,18.0,12:30,2.16,0.2,13.6
2007-07-26,23.5,16.0,20.88,13:20,1.08,0.0,11.2
2007-07-27,25.0,13.5,20.88,15:02,2.88,0.0,13.6
2007-07-28,31.0,16.0,32.04,13:35,12.96,0.0,13.6
2007-07-29,33.5,16.6,27.0,14:11,10.08,0.0,13.6
2007-07-30,32.4,16.4,18.0,22:50,2.88,0.0,13.5
2007-07-31,24.2,17.2,28.08,10:33,6.12,4.9,2.5
2007-08-01,24.0,17.2,21.96,15:40,6.12,0.0,11.5
2007-08-02,28.0,15.5,38.16,16:54,11.16,0.0,13.4
2007-08-03,32.5,14.6,24.12,15:40,10.08,0.0,13.4
2007-08-04,30.0,19.5,0.0,,2.16,0.0,13.4
2007-08-05,24.5,16.5,0.0,,2.88,0.0,9.6
2007-08-06,27.0,14.5,37.08,03:40,10.08,0.0,11.3
2007-08-07,24.2,12.9,42.12,18:45,11.16,0.0,13.3
2007-08-08,26.5,14.9,36.0,15:22,9.0,0.0,13.0
2007-08-09,28.0,12.5,0.0,,0.0,0.0,13.2
2007-08-10,28.9,15.5,15.12,16:25,1.08,0.0,13.1
2007-08-11,21.5,14.4,18.0,15:23,1.08,0.0,8.0
2007-08-12,25.5,16.3,30.96,16:45,7.92,0.0,8.8
2007-08-13,23.4,13.7,23.04,12:49,1.08,0.0,5.9
2007-08-14,20.3,14.5,34.92,19:10,5.04,8.5,0.0
2007-08-15,20.8,15.2,33.12,02:00,5.04,1.4,3.4
2007-08-16,22.4,12.5,30.96,16:20,7.92,0.0,9.5
2007-08-17,24.1,12.5,29.88,12:10,9.0,0.0,10.7
2007-08-18,22.5,11.2,29.88,12:00,9.0,0.0,7.7
2007-08-19,22.2,14.5,38.16,12:00,7.92,0.0,9.6
2007-08-20,21.7,12.2,30.96,20:00,6.12,0.0,4.1
2007-08-21,22.0,13.9,39.96,13:20,6.84,0.2,9.2
2007-08-22,23.2,13.2,38.16,16:50,5.04,0.0,8.5
2007-08-23,24.5,15.0,46.08,20:28,9.0,0.0,12.7
2007-08-24,28.1,16.0,47.16,18:18,7.92,0.0,12.4
2007-08-25,29.0,15.0,0.0,,7.92,1.1,9.6
2007-08-26,27.9,17.8,25.92,10:23,3.96,1.1,2.6
2007-08-27,31.1,16.5,15.12,13:55,1.08,0.0,11.8
2007-08-28,22.6,17.0,0.0,,3.96,0.0,0.3
2007-08-29,24.0,17.1,37.08,22:50,7.92,0.0,5.5
2007-08-30,25.4,16.0,37.08,00:28,6.84,0.0,12.6
2007-08-31,27.5,14.1,33.12,16:32,7.92,0.0,12.5
2007-09-01,29.2,14.1,15.84,12:58,2.16,0.0,12.4
2007-09-02,28.6,14.8,23.04,14:44,6.12,0.0,12.4
2007-09-03,30.0,16.2,30.96,20:43,11.16,0.0,12.2
2007-09-04,30.5,14.8,25.92,19:17,7.92,0.0,12.0
2007-09-05,30.8,17.6,24.12,12:38,7.92,0.0,12.0
2007-09-06,33.0,15.8,16.92,13:19,6.84,0.0,12.0
2007-09-07,32.6,17.2,21.96,07:07,7.92,0.0,12.0
2007-09-08,26.2,15.2,16.92,13:39,3.96,0.0,12.0
2007-09-09,23.0,12.2,14.04,12:56,2.88,0.0,11.7
2007-09-10,28.3,12.7,21.96,17:57,2.88,0.0,12.0
2007-09-11,29.9,14.6,29.88,14:28,6.12,0.0,11.7
2007-09-12,27.2,13.3,0.0,,0.0,0.0,11.6
2007-09-13,24.8,15.2,16.92,13:20,2.16,0.0,11.4
2007-09-14,28.1,13.3,32.04,18:20,5.04,0.0,12.0
2007-09-15,26.8,14.2,15.12,20:50,3.96,0.0,11.4
2007-09-16,26.2,16.9,15.84,13:30,5.04,2.5,3.4
2007-09-17,19.5,15.3,28.08,20:50,2.88,0.4,0.1
2007-09-18,22.5,13.8,41.04,11:30,11.88,0.0,10.9
2007-09-19,24.9,11.5,21.96,13:35,7.92,0.0,11.6
2007-09-20,28.5,12.8,16.92,12:46,5.04,0.0,11.6
2007-09-21,25.0,13.6,33.12,19:53,7.92,0.0,11.4
2007-09-22,23.6,11.4,25.92,13:51,5.04,0.0,10.4
2007-09-23,24.5,10.0,14.04,15:23,2.88,0.0,11.6
2007-09-24,22.7,12.0,34.92,14:50,6.12,0.0,1.2
2007-09-25,21.3,10.0,42.84,13:08,15.12,0.0,11.3
2007-09-26,23.5,12.5,43.92,12:10,11.88,0.0,11.5
2007-09-27,21.4,11.5,52.92,09:55,12.96,0.0,11.3
2007-09-28,23.5,11.2,23.04,12:07,6.12,1.2,10.9
2007-09-29,17.4,12.6,47.88,22:24,6.12,14.0,0.0
2007-09-30,22.4,16.0,47.88,02:07,9.0,6.4,6.6
2007-10-01,23.0,15.0,36.0,06:30,10.08,0.0,6.5
2007-10-02,23.2,12.6,23.04,14:42,5.04,0.2,6.6
2007-10-03,24.4,13.3,41.04,17:58,11.16,0.0,6.7
2007-10-04,22.9,13.9,20.88,13:21,5.04,0.0,7.0
2007-10-05,23.1,13.1,19.08,07:47,6.84,0.0,7.4
2007-10-06,21.5,12.4,20.16,13:37,6.12,0.0,7.8
2007-10-07,21.3,12.6,20.88,04:27,5.04,0.0,2.8
2007-10-08,23.2,11.7,29.16,12:42,10.08,0.0,10.7
2007-10-09,23.9,10.8,25.92,16:36,6.84,0.0,10.4
2007-10-10,24.4,11.4,32.04,13:40,11.16,0.0,10.6
2007-10-11,23.3,12.5,42.12,04:30,6.12,0.0,10.5
2007-10-12,23.5,11.5,23.04,00:40,6.12,0.0,10.2
2007-10-13,24.1,12.0,24.12,06:20,6.84,0.0,9.8
2007-10-14,22.5,11.0,25.92,04:50,7.92,0.0,9.1
2007-10-15,21.5,10.0,21.96,00:30,3.96,0.0,9.4
2007-10-16,19.6,9.0,18.0,14:40,3.96,0.0,7.4
2007-10-17,21.4,11.8,30.96,15:03,6.84,0.0,6.0
2007-10-18,25.8,11.9,15.84,23:54,5.04,0.0,7.7
2007-10-19,25.7,13.0,18.0,21:25,6.84,0.0,9.3
2007-10-20,23.4,11.3,24.84,07:54,9.0,0.0,9.5
2007-10-21,20.5,8.3,23.04,00:17,6.12,0.0,9.1
2007-10-22,19.9,6.7,19.08,06:47,6.84,0.0,3.7
2007-10-23,20.7,13.7,20.88,12:16,3.96,4.9,0.7
2007-10-24,19.0,11.3,33.12,23:27,11.88,0.0,3.4
2007-10-25,18.4,10.0,30.96,22:44,10.08,0.0,6.0
2007-10-26,17.0,10.0,37.08,13:22,10.08,0.0,5.5
2007-10-27,19.5,8.5,16.92,07:57,6.84,0.0,8.5
2007-10-28,19.5,8.4,19.08,02:39,5.04,0.0,3.5
2007-10-29,18.5,9.4,33.12,14:18,11.16,0.0,2.2
2007-10-30,17.8,7.8,39.96,11:29,10.08,0.0,7.5
2007-10-31,19.5,9.2,33.84,12:09,11.16,0.0,8.4
2007-11-01,17.9,6.8,24.12,00:26,2.88,0.0,8.1
2007-11-02,21.4,7.5,24.12,02:56,3.96,0.0,8.1
2007-11-03,22.0,9.4,23.04,00:10,6.12,0.0,8.1
2007-11-04,20.8,10.0,24.84,02:10,3.96,0.0,8.0
2007-11-05,21.7,10.5,23.04,07:02,6.12,0.0,8.0
2007-11-06,20.7,8.9,18.0,13:55,3.96,0.0,7.5
2007-11-07,20.7,8.2,25.92,23:41,2.16,0.0,8.0
2007-11-08,20.5,9.6,27.0,03:12,5.04,0.0,5.6
2007-11-09,20.8,9.5,25.92,15:46,6.12,0.0,2.5
2007-11-10,20.4,7.4,23.04,03:35,5.04,0.0,7.9
2007-11-11,17.6,8.5,20.88,23:43,3.96,0.0,3.1
2007-11-12,19.0,8.4,24.84,01:34,5.04,0.0,5.6
2007-11-13,17.0,5.0,25.92,21:29,6.12,0.0,7.8
2007-11-14,17.0,9.5,42.12,11:01,11.88,0.0,7.3
2007-11-15,17.6,8.5,42.12,11:42,9.0,0.0,7.5
2007-11-16,18.2,8.5,20.88,17:11,9.0,0.0,7.7
2007-11-17,15.0,2.6,28.08,21:15,3.96,0.0,7.5
2007-11-18,13.7,3.8,34.92,19:46,10.08,32.4,1.0
2007-11-19,13.0,8.8,20.16,20:08,2.16,24.4,0.0
2007-11-20,12.3,5.8,33.84,22:53,9.0,11.8,2.5
2007-11-21,15.4,9.6,38.88,02:00,6.12,20.7,1.4
2007-11-22,13.4,6.5,24.84,13:56,3.96,6.1,3.8
2007-11-23,12.5,5.3,30.96,16:25,9.0,0.0,5.5
2007-11-24,12.4,5.7,48.96,14:29,11.88,0.0,5.7
2007-11-25,16.1,6.5,39.96,13:06,12.96,0.0,5.8
2007-11-26,16.5,10.9,51.12,15:40,12.96,0.0,7.5
2007-11-27,16.5,7.3,33.84,06:28,12.96,0.0,7.4
2007-11-28,14.0,6.0,20.16,06:00,0.0,0.0,2.9
2007-11-29,13.8,4.4,11.88,13:30,3.96,0.0,6.2
2007-11-30,13.5,5.7,14.04,00:30,2.88,4.2,0.8
2007-12-01,13.9,6.5,23.04,09:40,6.12,7.6,2.9
2007-12-02,11.6,3.8,24.12,00:10,6.12,19.8,0.0
2007-12-03,15.3,10.9,11.16,05:00,2.88,0.2,0.0
2007-12-04,16.5,9.8,19.08,23:59,3.96,0.0,5.6
2007-12-05,13.5,10.9,38.16,01:10,6.84,5.7,0.0
2007-12-06,13.8,7.6,19.08,05:10,6.12,1.5,1.8
2007-12-07,15.6,8.6,23.04,16:20,3.96,5.4,1.2
2007-12-08,14.4,7.0,30.96,23:59,3.96,11.8,0.0
2007-12-09,14.8,8.3,48.96,01:50,6.84,1.1,0.7
2007-12-10,13.0,6.4,20.88,14:50,6.12,0.0,5.3
2007-12-11,12.2,4.3,21.96,20:07,3.96,0.0,7.2
2007-12-12,12.0,3.9,19.08,00:57,6.84,0.0,7.2
2007-12-13,12.5,3.0,20.16,20:01,5.04,0.0,7.2
2007-12-14,13.0,3.8,24.12,20:01,3.96,0.0,7.2
2007-12-15,11.2,2.5,21.96,03:50,3.96,0.0,7.2
2007-12-16,10.6,0.3,24.12,23:53,7.92,0.0,7.2
2007-12-17,10.2,1.8,23.04,01:07,5.04,0.0,7.2
2007-12-18,9.7,1.8,47.16,23:58,9.0,14.8,0.0
2007-12-19,16.0,9.0,63.0,04:33,18.0,0.0,0.0
2007-12-20,15.5,11.8,52.92,08:45,15.12,0.0,0.6
2007-12-21,17.5,10.6,24.12,04:09,5.04,0.0,3.5
2007-12-22,14.4,6.4,27.0,15:20,6.84,0.0,1.4
2007-12-23,14.6,6.1,23.04,00:45,5.04,0.0,7.2
2007-12-24,13.9,5.0,20.88,06:58,6.84,0.0,5.3
2007-12-25,12.3,4.9,38.88,12:36,11.88,16.0,0.0
2007-12-26,12.8,4.8,23.04,14:52,7.92,0.0,7.2
2007-12-27,11.5,2.5,24.12,23:32,3.96,0.0,7.3
2007-12-28,12.6,4.0,25.92,06:57,9.0,0.0,6.6
2007-12-29,10.5,8.2,11.16,02:22,2.16,5.9,0.0
2007-12-30,14.4,7.5,20.88,22:53,3.96,0.0,2.8
2007-12-31,12.8,4.6,24.84,02:41,5.04,0.0,7.4
2008-01-01,12.2,4.2,56.88,19:19,14.04,27.9,0.0
2008-01-02,11.6,8.2,52.92,22:40,10.08,36.4,0.0
2008-01-03,10.5,6.0,38.16,13:50,5.04,10.2,0.3
2008-01-04,10.4,4.8,19.08,21:50,6.84,8.7,0.1
2008-01-05,14.7,9.5,24.84,08:20,6.12,12.8,0.0
2008-01-06,15.0,13.0,32.04,11:20,11.16,9.2,0.0
2008-01-07,14.4,7.3,24.84,00:40,5.04,1.0,2.6
2008-01-08,12.6,6.0,28.08,14:40,7.92,16.2,0.0
2008-01-09,14.4,10.1,20.88,20:59,3.96,2.5,2.6
2008-01-10,13.9,10.7,61.92,23:06,11.88,19.7,0.0
2008-01-11,13.8,6.8,83.16,01:49,18.0,3.9,1.5
2008-01-12,12.2,5.5,37.08,18:46,10.08,0.2,2.5
2008-01-13,11.8,7.7,57.96,08:03,15.12,38.8,0.1
2008-01-14,13.0,7.6,43.92,00:30,6.84,3.9,4.0
2008-01-15,13.9,9.4,64.08,10:53,20.16,17.8,0.0
2008-01-16,12.8,9.1,68.04,05:30,7.92,1.8,1.4
2008-01-17,14.5,11.0,33.12,09:16,6.84,3.2,0.0
2008-01-18,15.0,12.5,18.0,03:15,3.96,0.0,0.0
2008-01-19,16.0,8.0,21.96,22:11,6.84,0.0,7.6
2008-01-20,17.0,7.0,20.88,06:23,2.16,0.0,6.8
2008-01-21,15.0,7.4,19.08,00:33,6.12,0.0,7.2
2008-01-22,12.6,6.6,16.92,03:51,6.84,0.0,2.8
2008-01-23,16.7,5.6,23.04,23:08,3.96,0.0,4.2
2008-01-24,14.3,7.0,38.16,15:19,11.16,0.0,6.6
2008-01-25,18.1,9.0,25.92,10:29,7.92,0.0,3.3
2008-01-26,16.7,8.3,21.96,07:44,6.12,0.0,6.8
2008-01-27,15.4,6.6,21.96,02:38,3.96,0.0,6.8
2008-01-28,15.0,6.2,21.96,03:00,5.04,0.0,2.7
2008-01-29,14.9,5.1,24.12,02:00,3.96,0.0,7.3
2008-01-30,12.4,7.0,36.0,13:40,11.16,0.0,0.3
2008-01-31,11.2,2.6,27.0,12:50,10.08,2.0,5.6
2008-02-01,12.9,7.3,30.96,15:00,6.12,16.3,0.0
2008-02-02,13.5,4.6,24.84,05:05,6.12,0.0,7.0
2008-02-03,12.6,7.0,56.88,16:10,11.16,15.8,0.0
2008-02-04,12.6,6.2,46.08,23:15,6.84,2.9,2.8
2008-02-05,15.0,11.0,39.96,10:20,11.88,0.1,0.1
2008-02-06,17.4,9.5,19.08,23:59,5.04,0.0,3.6
2008-02-07,19.2,8.6,23.04,21:34,3.96,0.0,7.9
2008-02-08,20.0,8.1,25.92,01:30,3.96,0.0,7.9
2008-02-09,21.3,9.2,24.84,00:36,6.84,0.0,8.0
2008-02-10,20.0,8.2,23.04,06:38,6.12,0.0,8.0
2008-02-11,19.8,7.7,24.12,00:03,2.88,0.0,8.0
2008-02-12,18.5,8.0,20.16,04:32,3.96,0.0,8.0
2008-02-13,18.3,7.4,27.0,22:08,3.96,0.0,8.0
2008-02-14,16.8,8.5,23.04,04:49,5.04,0.0,8.1
2008-02-15,18.2,7.2,20.16,23:52,5.04,0.0,8.1
2008-02-16,19.5,9.5,23.04,00:30,6.12,0.0,7.7
2008-02-17,18.5,12.4,39.96,10:06,10.08,0.6,1.6
2008-02-18,17.0,10.5,24.12,13:53,6.84,2.0,0.7
2008-02-19,15.6,11.4,15.12,13:58,2.88,1.6,0.2
2008-02-20,17.2,11.3,20.16,12:30,5.04,3.4,0.1
2008-02-21,20.0,9.0,21.96,23:28,3.96,0.0,8.9
2008-02-22,22.4,9.6,20.88,01:17,3.96,0.0,8.9
2008-02-23,20.0,9.9,28.08,12:59,6.84,0.5,1.1
2008-02-24,16.3,12.3,14.04,08:16,6.12,4.9,0.0
2008-02-25,18.0,9.7,19.08,16:26,6.12,0.0,8.9
2008-02-26,13.6,10.5,15.84,11:27,3.96,4.2,0.0
2008-02-27,14.0,12.0,15.12,07:57,2.88,11.9,0.0
2008-02-28,18.5,10.4,19.08,10:50,5.04,0.0,6.5
2008-02-29,16.2,9.7,20.88,16:00,6.12,0.0,3.1
2008-03-01,17.2,8.4,25.92,15:30,9.0,0.0,2.9
2008-03-02,12.2,6.4,33.12,21:50,5.04,0.0,0.4
2008-03-03,15.5,8.5,47.88,19:20,12.96,0.0,5.8
2008-03-04,13.6,6.7,48.96,14:50,15.84,0.0,9.3
2008-03-05,13.6,3.8,51.12,17:52,20.16,0.0,11.0
2008-03-06,14.9,3.3,38.88,00:07,5.04,0.0,10.8
2008-03-07,15.8,1.8,29.88,12:24,10.08,0.0,9.4
2008-03-08,13.0,9.3,23.04,12:44,5.04,7.8,0.0
2008-03-09,13.2,7.2,39.96,14:02,7.92,13.5,7.5
2008-03-10,13.2,9.8,60.12,05:04,11.16,15.8,0.0
2008-03-11,14.0,10.0,27.0,07:24,6.84,1.8,0.0
2008-03-12,17.3,11.9,23.04,00:31,6.12,0.0,2.6
2008-03-13,18.0,6.8,20.88,03:57,3.96,0.0,10.4
2008-03-14,18.4,8.5,19.08,13:45,5.04,7.7,7.5
2008-03-15,15.0,10.0,43.92,12:49,11.88,4.1,4.4
2008-03-16,16.8,9.8,24.12,13:51,5.04,0.0,6.5
2008-03-17,12.6,8.4,30.96,12:00,6.84,18.4,1.7
2008-03-18,14.5,7.5,21.96,14:47,6.84,1.3,5.7
2008-03-19,15.6,6.0,43.92,16:40,11.16,0.0,11.3
2008-03-20,15.5,6.7,48.96,00:29,14.04,0.0,11.5
2008-03-21,14.1,5.3,27.0,02:51,12.96,3.3,1.9
2008-03-22,11.2,3.7,65.16,14:47,15.12,5.1,4.5
2008-03-23,11.5,1.4,33.84,14:20,11.88,0.4,8.9
2008-03-24,12.8,4.5,19.08,14:11,6.12,1.5,1.7
2008-03-25,13.9,7.3,27.0,13:30,7.92,3.4,2.3
2008-03-26,11.7,7.1,54.0,05:20,15.84,18.4,0.0
2008-03-27,13.3,8.1,42.84,10:40,6.84,0.6,0.0
2008-03-28,16.6,8.1,25.92,05:40,6.84,3.9,3.9
2008-03-29,15.8,5.9,42.12,23:50,6.84,10.2,8.2
2008-03-30,14.5,7.5,56.16,08:30,11.16,4.4,8.0
2008-03-31,16.2,7.0,24.12,12:20,6.84,0.0,7.1
2008-04-01,19.5,11.3,30.96,14:16,11.16,0.0,9.2
2008-04-02,23.9,8.9,19.08,12:10,5.04,0.0,12.3
2008-04-03,26.8,13.8,24.12,04:58,6.84,0.0,12.3
2008-04-04,28.0,14.9,20.88,15:07,6.84,0.0,12.3
2008-04-05,26.5,12.5,23.04,03:49,6.12,0.0,12.1
2008-04-06,23.3,9.3,27.0,20:16,10.08,0.0,11.5
2008-04-07,14.0,6.4,20.88,20:16,5.04,9.5,0.0
2008-04-08,16.2,11.1,25.92,22:04,6.12,23.6,0.0
2008-04-09,16.5,9.0,43.92,02:08,9.0,8.3,3.1
2008-04-10,10.8,6.6,51.12,12:22,18.0,0.0,0.2
2008-04-11,14.0,4.6,42.84,11:34,15.12,4.8,8.8
2008-04-12,15.4,7.0,30.96,14:27,6.12,10.4,4.9
2008-04-13,14.6,8.2,41.04,11:21,9.0,0.6,7.3
2008-04-14,17.8,5.6,20.88,14:46,6.12,0.0,12.9
2008-04-15,20.8,7.8,20.88,15:23,6.84,0.0,4.1
2008-04-16,20.6,10.1,51.12,19:37,10.08,11.2,5.5
2008-04-17,15.4,9.2,74.16,23:21,7.92,30.2,2.7
2008-04-18,13.4,7.7,73.08,00:16,6.84,22.8,6.4
2008-04-19,11.9,8.6,32.04,23:43,9.0,27.0,0.2
2008-04-20,11.9,8.7,32.04,01:42,5.04,15.8,0.8
2008-04-21,14.0,9.6,27.0,10:57,6.12,5.8,2.4
2008-04-22,14.4,10.6,30.96,11:20,10.08,40.5,0.0
2008-04-23,17.5,11.9,21.96,12:10,5.04,0.0,8.9
2008-04-24,20.5,12.6,21.96,13:00,5.04,0.0,11.0
2008-04-25,27.1,12.7,24.12,23:50,6.84,0.0,12.3
2008-04-26,27.4,15.6,24.12,04:00,3.96,0.0,9.2
2008-04-27,21.0,12.3,24.84,18:00,9.0,2.6,5.4
2008-04-28,15.6,9.8,37.08,13:30,10.08,2.9,9.2
2008-04-29,14.5,9.1,37.08,16:20,7.92,3.8,0.0
2008-04-30,16.3,7.2,29.88,16:31,5.04,4.3,11.4
2008-05-01,15.7,8.4,29.88,13:24,6.12,4.8,5.0
2008-05-02,19.0,7.5,20.88,13:52,3.96,0.0,7.5
2008-05-03,22.8,12.0,24.12,10:01,3.96,0.0,7.6
2008-05-04,20.0,12.1,21.96,14:01,6.84,0.4,6.6
2008-05-05,21.9,10.0,20.16,05:11,5.04,0.0,5.4
2008-05-06,22.6,11.2,18.0,15:28,5.04,0.0,8.7
2008-05-07,21.6,12.1,20.88,11:41,5.04,5.1,3.8
2008-05-08,18.8,12.3,23.04,15:01,6.12,2.0,3.7
2008-05-09,18.5,9.8,30.96,17:11,6.84,4.0,6.9
2008-05-10,16.4,10.6,41.04,16:45,14.04,0.1,0.6
2008-05-11,21.8,12.6,36.0,13:18,14.04,0.0,7.7
2008-05-12,17.2,12.0,18.0,14:49,3.96,7.2,0.1
2008-05-13,17.0,11.2,27.0,16:16,5.04,5.9,6.6
2008-05-14,14.9,10.8,34.92,13:44,11.16,16.7,0.2
2008-05-15,17.2,10.5,29.88,09:01,6.12,3.1,4.6
2008-05-16,19.5,9.0,27.0,13:17,6.12,0.0,10.5
2008-05-17,18.1,11.0,24.12,17:13,6.84,3.3,3.2
2008-05-18,17.5,11.5,25.92,14:11,5.04,0.1,3.4
2008-05-19,20.1,11.2,25.92,12:49,6.84,0.0,11.8
2008-05-20,20.4,8.9,21.96,14:32,6.84,1.0,13.0
2008-05-21,19.7,13.1,27.0,13:00,6.84,0.0,2.6
2008-05-22,19.4,12.5,23.04,19:00,2.88,23.6,3.2
2008-05-23,17.8,11.5,33.84,16:20,6.84,19.4,3.7
2008-05-24,15.0,9.3,24.12,11:10,5.04,15.5,3.7
2008-05-25,18.0,7.2,29.88,17:10,6.12,15.0,7.6
2008-05-26,16.6,11.0,29.88,15:20,6.12,18.1,0.8
2008-05-27,18.3,10.8,41.04,14:20,9.0,9.2,3.3
2008-05-28,16.8,11.8,32.04,21:33,6.84,10.6,0.8
2008-05-29,17.0,11.6,29.88,09:37,6.84,23.9,0.2
2008-05-30,18.0,11.4,21.96,15:09,6.84,0.1,3.2
2008-05-31,21.5,9.8,30.96,19:08,9.0,0.0,10.5
2008-06-01,20.0,11.6,27.0,13:54,6.84,0.0,5.8
2008-06-02,20.2,10.8,21.96,15:24,5.04,0.0,7.3
2008-06-03,22.8,13.7,29.16,19:01,9.0,0.0,5.8
2008-06-04,19.8,10.8,20.16,16:22,3.96,0.7,3.0
2008-06-05,21.0,12.4,24.12,12:58,6.12,0.9,8.4
2008-06-06,24.4,12.6,38.16,12:16,14.04,0.0,13.1
2008-06-07,24.5,12.0,38.88,11:04,15.84,0.0,13.5
2008-06-08,23.6,11.0,51.84,17:54,15.12,0.0,10.6
2008-06-09,25.6,13.2,41.04,15:42,10.08,0.0,13.0
2008-06-10,28.2,15.6,47.16,15:11,15.84,0.0,12.2
2008-06-11,28.2,16.3,36.0,16:52,14.04,0.0,13.2
2008-06-12,28.6,15.3,25.92,18:57,6.84,0.0,13.4
2008-06-13,27.0,11.9,32.04,15:52,11.16,0.0,13.1
2008-06-14,23.6,11.7,20.88,11:53,5.04,1.5,8.3
2008-06-15,18.5,13.2,18.0,22:59,5.04,15.4,0.1
2008-06-16,20.4,12.9,41.04,14:57,11.16,4.7,6.2
2008-06-17,23.5,10.5,29.88,11:25,12.96,0.0,13.0
2008-06-18,21.4,10.4,21.96,14:40,5.04,0.0,12.9
2008-06-19,22.6,11.0,21.96,15:24,6.12,0.0,5.1
2008-06-20,23.4,16.1,23.04,15:57,3.96,0.0,6.8
2008-06-21,25.5,14.9,24.84,12:40,6.12,0.0,12.6
2008-06-22,25.0,15.5,27.0,10:16,9.0,0.0,8.7
2008-06-23,25.5,15.5,21.96,14:07,5.04,0.0,10.4
2008-06-24,23.4,15.6,24.12,13:29,6.12,0.0,11.2
2008-06-25,27.1,14.5,34.92,19:50,14.04,0.0,13.0
2008-06-26,27.0,17.6,42.84,09:20,15.84,0.0,13.2
2008-06-27,30.3,17.4,43.92,20:40,12.96,0.0,13.2
2008-06-28,32.0,12.0,33.12,17:30,11.16,0.0,13.2
2008-06-29,29.4,13.4,36.0,17:50,14.04,0.0,9.2
2008-06-30,26.4,14.4,27.0,01:10,5.04,0.0,13.1
2008-07-01,21.6,15.4,24.84,14:30,6.12,3.2,1.4
2008-07-02,20.0,13.2,28.08,17:07,6.12,0.8,8.7
2008-07-03,21.0,12.0,25.92,13:37,6.84,0.0,9.2
2008-07-04,19.0,15.0,37.08,12:45,10.08,1.7,0.0
2008-07-05,21.6,14.6,24.84,12:07,6.12,0.0,9.7
2008-07-06,21.0,11.0,29.88,15:43,6.84,0.3,11.0
2008-07-07,20.8,11.2,25.92,10:57,5.04,0.0,5.5
2008-07-08,23.2,12.0,25.92,14:44,6.12,0.0,13.2
2008-07-09,24.6,12.1,21.96,13:44,7.92,0.2,13.5
2008-07-10,21.6,15.9,41.04,13:10,9.0,2.7,0.0
2008-07-11,21.9,13.5,25.92,12:17,9.0,0.1,8.4
2008-07-12,22.4,12.2,34.92,14:45,11.88,0.0,9.3
2008-07-13,23.9,10.6,32.04,13:52,11.16,0.0,13.0
2008-07-14,30.4,12.3,32.04,14:53,9.0,0.0,12.8
2008-07-15,31.9,15.0,24.84,18:44,7.92,0.0,13.8
2008-07-16,30.8,16.0,42.12,23:00,11.88,0.0,13.7
2008-07-17,27.9,16.4,42.12,11:10,15.12,0.0,13.7
2008-07-18,32.2,15.4,18.0,01:30,2.88,0.0,13.7
2008-07-19,33.5,18.5,29.16,13:40,11.88,0.0,13.4
2008-07-20,29.0,18.1,41.04,15:30,11.16,0.0,13.0
2008-07-21,32.2,16.7,37.08,00:50,11.16,0.0,13.7
2008-07-22,32.2,16.7,18.0,16:30,2.88,0.4,13.4
2008-07-23,22.7,16.8,28.08,16:48,5.04,0.3,0.0
2008-07-24,22.3,16.6,30.96,19:52,5.04,8.4,3.2
2008-07-25,20.6,16.5,30.96,14:53,7.92,3.8,0.0
2008-07-26,23.7,15.2,19.08,14:17,6.12,0.0,11.8
2008-07-27,22.8,13.7,24.12,10:54,5.04,1.2,0.2
2008-07-28,22.6,13.5,27.0,14:17,5.04,0.2,10.8
2008-07-29,23.1,11.3,24.12,14:07,6.84,0.0,13.8
2008-07-30,24.5,14.2,29.16,17:14,9.0,0.3,5.4
2008-07-31,20.8,16.0,36.0,07:56,6.84,8.9,2.6
2008-08-01,22.9,15.4,24.12,15:08,3.96,0.0,11.5
2008-08-02,26.1,15.9,24.84,11:31,9.0,0.0,10.1
2008-08-03,28.6,14.4,25.92,10:32,6.12,0.0,13.7
2008-08-04,28.6,15.4,27.0,10:37,7.92,0.0,13.5
2008-08-05,25.6,14.8,23.04,14:14,6.12,0.0,13.1
2008-08-06,24.0,16.0,24.12,16:41,5.04,2.9,3.5
2008-08-07,20.6,15.0,18.0,10:32,2.88,0.0,1.7
2008-08-08,25.2,13.8,29.88,12:40,11.16,0.0,12.9
2008-08-09,26.6,12.8,21.96,15:24,5.04,0.0,13.0
2008-08-10,26.0,13.0,24.12,15:52,6.12,1.9,3.9
2008-08-11,21.0,17.9,39.96,13:32,6.84,6.9,0.1
2008-08-12,20.8,14.2,29.16,14:51,6.12,0.0,6.5
2008-08-13,22.0,11.5,30.96,17:40,11.16,0.0,8.5
2008-08-14,21.0,11.6,25.92,13:00,6.84,0.2,6.2
2008-08-15,21.8,11.4,20.88,13:40,6.84,29.1,8.9
2008-08-16,21.2,15.9,32.04,02:50,5.04,1.1,2.8
2008-08-17,22.3,16.4,30.96,13:40,6.84,3.4,9.2
2008-08-18,22.2,16.0,20.88,18:20,3.96,0.2,7.1
2008-08-19,21.7,14.7,29.88,16:50,6.84,0.0,6.7
2008-08-20,22.8,11.8,19.08,13:48,6.12,0.0,13.1
2008-08-21,22.5,14.8,21.96,13:52,6.12,2.6,0.3
2008-08-22,23.6,13.7,42.84,17:03,15.12,0.0,13.1
2008-08-23,25.4,11.6,24.84,02:03,5.04,0.0,13.0
2008-08-24,23.0,14.0,19.08,11:43,6.84,0.0,4.9
2008-08-25,26.7,13.0,33.84,16:40,14.04,0.0,12.9
2008-08-26,26.2,13.0,16.92,16:35,3.96,0.0,11.1
2008-08-27,23.3,15.0,16.92,14:35,3.96,0.0,7.5
2008-08-28,29.4,17.2,20.88,21:33,5.04,0.0,3.1
2008-08-29,26.0,18.0,28.08,18:44,5.04,67.5,8.5
2008-08-30,21.5,15.5,25.92,16:30,6.84,13.8,3.0
2008-08-31,23.1,16.2,20.88,13:35,5.04,0.0,6.4
2008-09-01,24.2,14.0,21.96,15:01,6.84,0.0,11.3
2008-09-02,22.6,15.2,23.04,15:23,5.04,8.8,7.8
2008-09-03,18.5,14.2,20.88,17:19,5.04,19.6,0.0
2008-09-04,19.2,12.7,43.92,23:11,6.84,4.0,4.5
2008-09-05,20.5,14.9,63.0,03:23,11.88,17.7,2.2
2008-09-06,21.0,12.6,21.96,13:42,5.04,0.0,10.5
2008-09-07,21.5,10.4,20.88,05:06,6.12,0.0,11.8
2008-09-08,22.4,10.4,23.04,13:45,6.12,1.6,6.3
2008-09-09,23.2,16.1,32.04,14:11,6.12,0.1,1.7
2008-09-10,23.0,14.3,24.12,15:20,6.84,10.2,7.8
2008-09-11,19.4,12.1,43.92,13:40,12.96,0.0,10.5
2008-09-12,19.5,10.1,28.08,16:30,11.88,0.0,8.2
2008-09-13,21.6,9.8,32.04,13:30,7.92,0.0,12.0
2008-09-14,22.4,11.6,20.16,12:40,3.96,0.0,11.9
2008-09-15,21.6,10.4,20.16,14:30,3.96,0.0,10.9
2008-09-16,19.0,12.8,16.92,14:40,5.04,0.0,1.0
2008-09-17,21.3,14.6,18.0,16:29,3.96,0.0,3.5
2008-09-18,23.5,15.0,24.84,12:03,6.12,0.5,8.9
2008-09-19,26.0,13.0,21.96,13:03,6.12,0.0,11.2
2008-09-20,29.0,15.5,21.96,22:48,3.96,0.4,8.0
2008-09-21,24.7,17.3,21.96,21:11,5.04,9.5,1.7
2008-09-22,22.4,15.7,16.92,14:25,2.88,0.4,1.1
2008-09-23,23.6,12.2,24.12,18:47,6.84,0.0,9.3
2008-09-24,23.5,11.4,28.08,14:57,6.84,0.0,9.9
2008-09-25,24.4,11.6,24.12,19:17,5.04,0.0,11.4
2008-09-26,24.0,11.8,16.92,15:18,5.04,0.0,11.2
2008-09-27,24.6,13.6,21.96,23:07,7.92,0.0,11.2
2008-09-28,25.8,12.8,20.88,02:36,5.04,0.0,11.0
2008-09-29,23.8,12.2,28.08,20:13,6.12,0.0,11.0
2008-09-30,22.8,11.6,36.0,15:59,11.88,0.0,11.0
2008-10-01,19.8,9.6,37.08,15:56,10.08,0.0,11.0
2008-10-02,18.5,10.5,38.16,16:13,11.88,0.0,8.3
2008-10-03,17.5,7.8,37.08,10:52,10.08,0.0,10.1
2008-10-04,17.1,7.4,23.04,13:54,6.12,0.0,6.2
2008-10-05,19.7,7.0,27.0,13:26,6.84,1.2,3.8
2008-10-06,20.6,14.9,34.92,22:16,6.84,24.8,1.9
2008-10-07,20.5,12.9,41.04,03:36,6.84,4.5,7.3
2008-10-08,18.9,11.8,24.12,15:20,3.96,0.2,5.2
2008-10-09,20.3,8.3,29.16,14:20,3.96,0.0,9.5
2008-10-10,24.6,11.6,21.96,01:30,6.84,0.0,9.9
2008-10-11,25.8,17.8,28.08,10:10,6.12,0.0,5.4
2008-10-12,23.4,15.7,15.84,12:00,2.88,0.0,4.3
2008-10-13,20.0,13.7,20.88,12:40,6.12,0.0,3.4
2008-10-14,21.3,12.4,18.0,14:30,6.84,0.0,8.6
2008-10-15,20.3,11.5,20.88,03:27,5.04,5.0,6.5
2008-10-16,18.2,15.2,14.04,12:41,2.88,7.1,0.0
2008-10-17,19.0,11.4,18.0,07:50,2.88,0.0,5.4
2008-10-18,20.6,11.0,18.0,13:24,6.12,0.0,8.1
2008-10-19,22.2,12.5,15.84,12:29,5.04,0.0,8.6
2008-10-20,21.7,12.0,18.0,07:05,7.92,1.8,8.4
2008-10-21,13.6,7.3,39.96,11:23,6.84,20.7,0.0
2008-10-22,15.5,6.5,39.96,16:14,11.16,0.0,8.2
2008-10-23,16.2,5.6,24.12,03:11,6.12,0.0,8.6
2008-10-24,19.4,6.5,19.08,20:55,3.96,0.0,6.3
2008-10-25,20.4,8.0,23.04,23:55,5.04,0.0,8.5
2008-10-26,20.5,9.4,20.88,01:21,6.84,0.0,8.3
2008-10-27,15.5,8.6,36.0,15:19,5.04,4.4,0.3
2008-10-28,13.4,6.0,50.04,15:18,12.96,0.6,7.2
2008-10-29,12.0,5.0,48.96,12:32,6.84,18.8,4.6
2008-10-30,14.0,8.1,39.96,06:40,11.88,8.4,0.0
2008-10-31,13.4,5.6,38.88,14:07,14.04,2.4,6.4
2008-11-01,10.5,6.7,15.84,21:44,2.88,0.0,0.0
2008-11-02,13.1,7.4,38.88,11:46,11.16,0.0,1.9
2008-11-03,12.0,6.5,24.84,14:00,2.88,2.1,0.0
2008-11-04,13.0,8.7,14.04,07:59,3.96,5.7,0.8
2008-11-05,16.0,8.7,19.08,15:10,3.96,0.1,6.3
2008-11-06,12.3,7.3,29.88,18:50,6.84,23.7,0.0
2008-11-07,14.5,8.8,16.92,13:10,5.04,0.2,2.2
2008-11-08,14.1,8.7,28.08,23:50,6.84,0.5,0.1
2008-11-09,14.4,12.9,32.04,08:50,10.08,13.5,0.0
2008-11-10,17.5,12.8,41.04,15:40,11.16,16.1,0.7
2008-11-11,14.4,7.0,29.16,12:20,10.08,0.0,5.5
2008-11-12,12.3,6.0,16.92,02:22,2.16,0.3,0.6
2008-11-13,15.0,5.5,20.88,06:05,7.92,0.0,7.5
2008-11-14,14.6,4.5,15.84,21:47,3.96,0.0,7.5
2008-11-15,16.6,7.2,24.12,07:13,5.04,0.0,7.5
2008-11-16,16.2,7.0,15.12,22:25,3.96,0.0,7.5
2008-11-17,16.8,6.8,16.92,23:39,3.96,0.0,7.5
2008-11-18,13.4,8.2,37.08,13:57,7.92,0.0,0.7
2008-11-19,16.4,7.2,51.12,15:39,11.88,0.0,7.5
2008-11-20,16.5,7.5,33.84,11:34,11.16,0.0,7.5
2008-11-21,17.4,7.3,39.96,20:20,7.92,0.0,6.9
2008-11-22,16.3,11.5,37.08,12:22,11.16,0.0,3.3
2008-11-23,14.0,8.0,24.12,02:02,5.04,0.1,0.5
2008-11-24,12.0,6.5,46.08,11:31,10.08,3.7,0.8
2008-11-25,10.5,4.5,57.96,13:26,15.12,0.0,6.4
2008-11-26,11.4,3.0,39.96,15:01,11.16,0.0,7.1
2008-11-27,10.4,1.2,20.16,20:44,5.04,0.0,7.1
2008-11-28,9.7,4.4,41.04,18:18,7.92,36.7,0.0
2008-11-29,6.6,3.2,39.96,00:02,5.04,21.3,0.0
2008-11-30,6.7,2.3,19.08,14:38,5.04,8.8,0.3
2008-12-01,7.7,1.8,34.92,15:38,3.96,0.8,2.9
2008-12-02,10.0,0.0,18.0,09:07,6.12,9.9,6.1
2008-12-03,12.5,6.7,41.04,09:10,10.08,27.6,0.0
2008-12-04,13.7,7.8,30.96,12:00,5.04,19.3,0.0
2008-12-05,13.6,10.7,29.88,01:10,5.04,11.0,1.1
2008-12-06,14.6,11.0,50.04,18:20,12.96,48.5,0.0
2008-12-07,14.0,10.9,33.12,00:50,6.12,10.6,0.7
2008-12-08,13.4,6.8,34.92,15:50,11.16,1.0,0.3
2008-12-09,10.8,6.7,60.12,11:50,14.04,0.0,3.7
2008-12-10,10.5,4.7,29.88,14:17,6.84,0.4,5.4
2008-12-11,10.0,4.9,43.92,15:03,6.12,27.8,0.0
2008-12-12,11.7,7.5,33.84,02:22,9.0,22.7,3.9
2008-12-13,12.5,4.0,66.96,09:21,14.04,18.3,1.5
2008-12-14,7.8,3.0,54.0,14:06,9.0,7.1,1.4
2008-12-15,9.8,2.1,39.96,14:05,11.16,0.6,2.7
2008-12-16,11.6,6.0,29.88,14:55,9.0,0.0,6.4
2008-12-17,12.4,5.5,28.08,13:11,6.12,0.3,2.8
2008-12-18,12.6,5.2,25.92,14:46,6.12,0.0,6.8
2008-12-19,11.8,4.0,18.0,00:56,2.16,0.0,7.3
2008-12-20,13.8,4.4,15.12,07:18,5.04,0.0,7.2
2008-12-21,15.0,6.0,18.0,21:27,3.96,0.0,7.2
2008-12-22,14.8,6.7,20.88,21:39,5.04,0.0,7.2
2008-12-23,14.0,5.8,23.04,23:24,5.04,0.0,7.3
2008-12-24,12.6,3.4,23.04,02:39,3.96,0.0,7.2
2008-12-25,11.7,2.7,24.12,00:11,2.88,0.0,7.2
2008-12-26,11.2,1.0,39.96,23:09,6.12,0.0,7.1
2008-12-27,11.0,2.6,50.04,19:31,11.16,0.7,1.6
2008-12-28,14.8,9.2,27.0,08:56,6.12,0.2,3.3
2008-12-29,13.6,9.4,27.0,14:45,3.96,2.7,0.2
2008-12-30,16.5,11.8,21.96,16:27,6.12,5.0,0.3
2008-12-31,14.8,12.1,43.92,13:00,12.96,10.1,0.0
2009-01-01,14.8,11.0,21.96,05:50,5.04,2.5,0.7
2009-01-02,12.8,9.7,18.0,21:30,3.96,12.3,0.0
2009-01-03,13.5,8.3,19.08,01:00,3.96,2.4,1.0
2009-01-04,10.3,3.7,18.0,07:00,6.12,0.0,6.5
2009-01-05,7.8,3.6,11.88,23:30,3.96,0.0,0.1
2009-01-06,9.4,2.0,29.16,17:10,9.0,0.1,1.9
2009-01-07,7.0,2.6,39.96,15:32,10.08,0.0,4.3
2009-01-08,7.7,-0.4,19.08,00:14,5.04,0.0,7.1
2009-01-09,6.3,0.7,20.16,23:12,5.04,0.0,1.0
2009-01-10,10.6,-1.1,28.08,11:29,6.12,0.0,6.2
2009-01-11,9.8,0.4,24.12,05:32,5.04,0.0,7.2
2009-01-12,11.2,2.0,56.88,23:46,7.92,22.3,1.8
2009-01-13,12.5,5.4,60.12,00:03,6.12,0.6,4.5
2009-01-14,10.8,1.8,39.96,14:11,11.88,7.6,1.2
2009-01-15,10.5,5.5,54.0,00:19,6.84,11.0,0.0
2009-01-16,11.2,2.2,20.16,03:08,3.96,0.0,7.0
2009-01-17,12.6,6.0,38.16,20:32,6.84,4.7,0.3
2009-01-18,13.6,10.0,56.88,20:32,6.84,9.8,0.0
2009-01-19,13.6,5.7,52.92,16:06,7.92,22.9,0.1
2009-01-20,6.9,2.0,57.96,02:43,9.0,8.6,0.7
2009-01-21,9.8,2.0,38.88,23:39,9.0,30.3,0.8
2009-01-22,14.0,9.8,38.16,01:36,9.0,32.4,0.0
2009-01-23,13.9,11.2,83.88,23:20,15.12,6.3,0.0
2009-01-24,12.9,10.1,74.88,00:05,10.08,7.0,2.2
2009-01-25,11.6,4.6,66.96,07:30,11.16,15.9,0.0
2009-01-26,11.2,4.2,29.88,17:17,9.0,4.7,1.4
2009-01-27,12.6,8.2,29.16,11:59,6.12,29.2,0.0
2009-01-28,13.8,12.2,34.92,20:00,3.96,31.9,0.0
2009-01-29,14.3,12.4,48.96,19:20,15.12,1.3,0.0
2009-01-30,13.4,6.8,54.0,06:50,11.88,26.6,0.1
2009-01-31,11.4,5.5,74.88,23:40,11.16,2.7,5.4
2009-02-01,12.0,7.2,60.12,00:00,11.16,1.2,0.3
2009-02-02,10.3,3.0,42.84,13:40,11.88,0.0,0.7
2009-02-03,9.3,1.0,51.84,23:40,11.16,19.3,0.1
2009-02-04,9.6,6.2,61.92,16:10,12.96,18.0,0.6
2009-02-05,10.2,5.5,32.04,02:53,6.84,11.0,2.5
2009-02-06,9.4,2.0,47.88,15:07,11.88,0.4,4.8
2009-02-07,10.2,2.0,30.96,16:19,5.04,1.7,6.0
2009-02-08,12.3,3.8,23.04,18:03,6.12,13.6,0.0
2009-02-09,13.2,8.6,60.12,14:27,14.04,9.0,0.0
2009-02-10,12.2,5.7,33.12,14:18,6.84,0.0,6.4
2009-02-11,13.1,4.8,19.08,13:32,6.12,0.0,4.6
2009-02-12,15.5,6.0,36.0,14:30,7.92,0.0,7.9
2009-02-13,17.6,6.6,21.96,00:14,2.88,0.0,7.9
2009-02-14,16.8,6.0,20.16,03:44,6.12,0.0,7.9
2009-02-15,17.6,4.4,20.88,22:40,3.96,0.0,8.0
2009-02-16,17.0,5.5,23.04,03:47,6.12,0.0,8.2
2009-02-17,16.4,4.2,19.08,06:39,6.12,0.0,8.4
2009-02-18,15.6,5.2,24.84,05:00,3.96,0.0,8.3
2009-02-19,15.0,2.9,16.92,21:40,6.12,0.0,8.0
2009-02-20,15.6,4.5,15.12,01:10,2.88,0.0,6.9
2009-02-21,18.4,7.7,18.0,14:50,3.96,0.0,8.3
2009-02-22,17.0,5.3,15.84,13:10,5.04,0.0,8.5
2009-02-23,17.1,5.0,15.84,23:40,5.04,0.0,8.4
2009-02-24,18.5,6.6,20.88,06:00,5.04,0.0,8.7
2009-02-25,18.4,7.0,20.88,05:06,6.12,0.0,9.1
2009-02-26,21.0,9.0,20.88,06:25,9.0,0.0,9.5
2009-02-27,21.1,9.8,23.04,05:39,7.92,0.0,9.9
2009-02-28,13.9,7.3,20.16,10:34,3.96,0.0,0.5
2009-03-01,13.0,7.1,34.92,18:03,9.0,0.0,1.7
2009-03-02,14.0,7.3,38.88,11:13,11.88,0.0,6.9
2009-03-03,13.0,4.6,37.08,12:03,11.16,13.7,5.8
2009-03-04,11.2,6.5,50.04,09:31,15.12,19.3,2.7
2009-03-05,12.4,7.4,60.12,00:53,18.0,4.7,6.3
2009-03-06,13.6,8.4,33.12,12:33,6.84,2.4,0.0
2009-03-07,14.8,10.6,18.0,13:55,3.96,0.0,0.0
2009-03-08,16.2,8.7,33.84,15:17,11.88,0.0,8.7
2009-03-09,18.4,5.8,28.08,16:55,9.0,0.0,9.6
2009-03-10,19.6,4.6,23.04,02:11,7.92,0.0,10.7
2009-03-11,21.7,7.2,24.84,05:08,5.04,0.0,10.5
2009-03-12,25.1,10.4,25.92,22:53,6.84,0.0,10.7
2009-03-13,22.1,8.1,27.0,00:30,2.88,0.0,10.7
2009-03-14,20.2,6.9,32.04,16:53,7.92,0.0,9.8
2009-03-15,23.8,7.9,23.04,23:20,6.12,0.0,10.6
2009-03-16,26.0,11.0,18.0,23:44,3.96,0.0,11.0
2009-03-17,24.5,13.0,24.12,01:25,5.04,0.0,11.1
2009-03-18,24.8,12.6,24.84,02:50,6.12,0.0,11.4
2009-03-19,23.8,10.9,25.92,05:20,9.0,0.0,11.5
2009-03-20,19.8,8.7,21.96,08:10,7.92,0.0,11.0
2009-03-21,18.9,5.9,18.0,18:55,6.12,0.0,10.1
2009-03-22,22.5,9.5,37.08,11:10,11.16,0.0,11.2
2009-03-23,21.9,10.1,20.88,02:19,7.92,0.0,10.1
2009-03-24,23.1,8.5,46.08,15:53,15.84,0.0,11.4
2009-03-25,21.9,6.3,34.92,14:50,11.88,0.0,11.6
2009-03-26,21.2,5.4,29.16,17:30,9.0,0.0,11.6
2009-03-27,18.7,5.3,45.0,22:50,11.88,0.2,11.5
2009-03-28,12.4,5.4,51.12,16:30,14.04,0.1,10.4
2009-03-29,12.8,4.3,51.12,10:00,14.04,0.0,7.5
2009-03-30,16.1,4.5,37.08,14:50,11.88,0.0,12.0
2009-03-31,17.0,3.0,28.08,15:20,5.04,0.0,11.4
2009-04-01,17.0,4.5,21.96,12:52,6.12,0.0,11.9
2009-04-02,18.4,4.5,28.08,12:41,7.92,0.0,11.9
2009-04-03,16.4,4.4,20.88,13:37,6.84,1.3,10.2
2009-04-04,17.6,10.4,24.12,14:25,3.96,0.7,5.8
2009-04-05,16.8,6.5,23.04,12:27,7.92,2.3,12.0
2009-04-06,13.1,7.1,24.84,16:18,7.92,16.6,3.8
2009-04-07,14.9,5.5,23.04,17:22,7.92,0.3,10.5
2009-04-08,15.6,8.5,20.88,10:30,5.04,0.0,2.7
2009-04-09,13.6,7.1,38.16,12:23,11.88,26.7,0.5
2009-04-10,12.1,4.9,38.16,10:44,7.92,1.0,5.7
2009-04-11,14.0,6.5,32.04,15:28,7.92,0.9,5.7
2009-04-12,15.7,6.6,23.04,15:03,6.12,1.1,9.2
2009-04-13,13.0,7.2,23.04,12:24,6.12,11.4,1.0
2009-04-14,12.5,6.0,28.08,13:02,9.0,7.5,1.4
2009-04-15,13.0,6.2,29.88,11:30,7.92,9.1,1.1
2009-04-16,14.4,8.0,34.92,04:10,6.12,8.0,5.0
2009-04-17,15.4,8.8,28.08,12:20,6.12,8.3,8.2
2009-04-18,15.3,8.5,25.92,15:50,6.12,2.6,6.7
2009-04-19,17.6,6.5,19.08,12:10,6.12,0.0,6.5
2009-04-20,18.8,7.4,23.04,11:30,5.04,0.0,12.6
2009-04-21,20.4,5.3,21.96,14:00,6.12,0.0,12.0
2009-04-22,21.8,8.4,21.96,02:17,6.12,0.0,11.9
2009-04-23,22.6,10.6,20.88,05:29,7.92,0.0,11.6
2009-04-24,14.8,7.7,33.12,15:11,9.0,1.3,5.0
2009-04-25,15.5,5.0,28.08,13:11,10.08,0.0,7.2
2009-04-26,15.4,3.0,41.04,15:26,14.04,5.6,8.1
2009-04-27,13.3,9.1,25.92,16:01,6.12,6.7,0.0
2009-04-28,13.8,8.5,21.96,09:40,2.88,2.2,1.2
2009-04-29,14.5,10.8,25.92,21:05,6.12,10.0,0.0
2009-04-30,16.0,7.8,39.96,11:35,12.96,2.0,5.5
2009-05-01,20.6,4.8,34.92,16:57,11.88,0.0,13.4
2009-05-02,23.4,8.6,19.08,15:09,5.04,0.0,13.4
2009-05-03,25.2,10.4,43.92,18:53,12.96,0.0,13.5
2009-05-04,24.4,11.6,38.88,15:08,11.16,0.0,13.6
2009-05-05,26.1,8.8,16.92,11:48,3.96,0.0,13.5
2009-05-06,25.6,12.6,23.04,02:22,6.84,0.0,13.7
2009-05-07,18.8,10.2,21.96,13:42,7.92,0.0,2.5
2009-05-08,20.6,10.3,29.88,08:58,9.0,0.0,3.4
2009-05-09,19.5,11.6,20.88,12:33,6.12,0.0,9.0
2009-05-10,24.6,12.0,29.16,12:48,9.0,16.7,7.3
2009-05-11,18.2,12.1,21.96,11:51,5.04,8.9,3.0
2009-05-12,15.5,11.0,27.0,15:24,3.96,8.8,0.3
2009-05-13,17.0,10.0,28.08,14:15,3.96,7.5,0.6
2009-05-14,15.6,10.0,41.04,13:23,14.04,0.4,5.4
2009-05-15,15.7,6.2,24.84,13:41,9.0,23.9,3.7
2009-05-16,14.0,10.0,24.84,01:58,3.96,18.7,0.0
2009-05-17,15.4,8.7,30.96,06:43,7.92,6.5,4.4
2009-05-18,17.9,6.5,24.84,11:45,5.04,0.0,11.7
2009-05-19,19.5,6.5,24.12,14:37,5.04,0.0,13.0
2009-05-20,22.9,8.7,29.16,17:56,12.96,0.0,7.5
2009-05-21,25.4,9.8,24.84,10:00,7.92,0.0,11.6
2009-05-22,18.5,12.5,20.16,16:00,3.96,0.7,0.8
2009-05-23,18.7,13.0,16.92,16:30,3.96,3.9,0.8
2009-05-24,17.8,12.0,28.08,14:00,7.92,0.5,1.9
2009-05-25,14.8,9.4,21.96,10:50,7.92,3.6,1.2
2009-05-26,20.4,9.4,34.92,23:00,12.96,0.0,11.7
2009-05-27,26.0,8.2,38.16,14:50,9.0,0.0,14.0
2009-05-28,30.6,13.4,21.96,22:53,6.12,0.0,14.1
2009-05-29,32.2,17.5,25.92,00:49,3.96,0.0,13.9
2009-05-30,32.6,17.9,29.16,15:04,11.16,0.0,13.9
2009-05-31,29.6,15.5,27.0,06:05,7.92,0.0,13.8
2009-06-01,28.2,14.8,24.84,01:56,6.12,0.0,12.8
2009-06-02,21.7,11.3,24.12,16:25,6.12,0.0,11.9
2009-06-03,21.5,14.3,24.12,13:46,5.04,0.0,1.8
2009-06-04,22.2,13.7,23.04,13:03,7.92,3.5,9.6
2009-06-05,19.1,12.8,28.08,13:03,6.12,45.2,4.1
2009-06-06,16.8,12.8,20.88,07:52,6.12,11.0,2.0
2009-06-07,17.7,12.9,38.16,23:08,6.84,19.4,0.0
2009-06-08,17.5,12.0,42.84,00:15,10.08,11.6,4.8
2009-06-09,18.2,13.0,34.92,21:33,6.12,59.2,0.9
2009-06-10,17.8,16.0,46.08,04:10,9.0,15.2,0.0
2009-06-11,21.5,14.5,21.96,14:30,6.84,0.0,10.8
2009-06-12,25.4,12.8,18.0,15:00,3.96,0.0,12.6
2009-06-13,23.4,13.5,18.0,23:10,5.04,0.0,9.1
2009-06-14,25.6,15.0,27.0,11:10,9.0,0.0,3.8
2009-06-15,25.4,15.6,34.92,16:30,14.04,0.0,10.7
2009-06-16,26.6,12.7,23.04,11:20,6.84,0.0,9.3
2009-06-17,23.6,15.2,19.08,13:30,5.04,0.0,12.6
2009-06-18,28.5,14.4,24.12,18:05,6.84,0.0,12.3
2009-06-19,28.3,15.0,34.92,12:28,12.96,0.0,12.5
2009-06-20,29.5,16.8,33.84,16:20,11.88,0.0,12.5
2009-06-21,32.4,14.7,20.88,11:48,5.04,0.0,12.6
2009-06-22,26.0,17.0,24.84,12:44,6.12,0.0,9.7
2009-06-23,22.6,14.6,24.12,14:01,6.12,0.0,7.2
2009-06-24,21.4,12.7,20.88,16:25,6.12,3.6,1.6
2009-06-25,20.5,14.8,28.08,15:21,6.12,5.1,4.9
2009-06-26,20.8,14.4,20.88,14:16,6.84,0.8,8.1
2009-06-27,23.6,13.2,38.88,22:57,6.12,8.0,3.3
2009-06-28,20.2,15.6,33.84,01:07,3.96,0.3,3.6
2009-06-29,23.6,15.0,29.16,08:49,6.12,0.0,1.4
2009-06-30,25.5,18.0,27.0,16:01,5.04,0.0,10.9
2009-07-01,24.2,18.1,20.16,12:34,3.96,0.0,4.8
2009-07-02,23.3,15.1,23.04,12:49,3.96,0.0,10.6
2009-07-03,20.2,13.9,18.0,11:02,2.88,1.1,0.0
2009-07-04,22.7,14.8,24.84,17:01,5.04,0.3,10.7
2009-07-05,22.9,15.6,27.0,09:57,5.04,0.0,5.5
2009-07-06,21.5,12.5,30.96,16:24,11.16,0.0,5.4
2009-07-07,23.8,12.5,41.04,16:09,12.96,0.0,11.7
2009-07-08,25.2,13.0,38.88,10:52,15.84,0.0,13.2
2009-07-09,26.5,14.6,39.96,14:28,11.88,0.0,10.9
2009-07-10,26.0,12.4,27.0,18:13,9.0,0.0,13.2
2009-07-11,22.8,13.8,20.88,13:57,5.04,0.0,13.2
2009-07-12,21.0,15.0,20.88,14:58,5.04,2.2,0.0
2009-07-13,21.8,13.7,30.96,15:28,6.84,0.0,9.1
2009-07-14,22.0,15.1,29.16,17:20,7.92,0.3,10.0
2009-07-15,22.6,14.8,21.96,14:10,5.04,0.0,10.0
2009-07-16,21.2,12.6,24.12,16:00,6.84,5.1,6.6
2009-07-17,22.6,12.0,34.92,16:00,12.96,0.0,12.8
2009-07-18,24.5,10.8,28.08,15:40,11.16,0.0,10.8
2009-07-19,26.8,14.9,25.92,10:50,6.12,0.0,13.5
2009-07-20,25.4,15.2,20.16,13:40,5.04,0.0,11.3
2009-07-21,23.2,14.6,30.96,23:20,6.12,15.2,1.8
2009-07-22,18.9,15.8,41.04,06:14,6.84,37.1,0.0
2009-07-23,20.6,15.3,47.16,00:16,7.92,0.9,10.5
2009-07-24,21.8,14.3,25.92,12:17,6.84,1.1,9.3
2009-07-25,24.4,12.0,21.96,14:22,6.12,0.0,13.8
2009-07-26,23.0,12.5,21.96,12:14,6.12,1.7,13.1
2009-07-27,23.4,15.0,33.12,14:17,6.12,0.0,9.7
2009-07-28,22.8,11.7,25.92,14:49,6.12,0.0,13.7
2009-07-29,21.0,11.3,20.16,09:34,6.12,0.3,2.6
2009-07-30,24.3,13.3,24.84,13:05,6.84,0.0,13.5
2009-07-31,23.6,12.3,28.08,13:42,6.12,13.8,3.6
2009-08-01,20.7,14.1,34.92,00:58,5.04,0.3,1.2
2009-08-02,22.0,11.3,24.12,10:22,6.84,0.0,7.2
2009-08-03,22.8,13.5,21.96,14:44,3.96,0.0,5.1
2009-08-04,26.0,16.0,23.04,13:01,3.96,0.0,9.1
2009-08-05,24.9,17.0,32.04,14:09,11.16,0.0,4.9
2009-08-06,20.1,15.7,33.12,10:02,7.92,0.0,1.0
2009-08-07,24.2,14.5,38.88,14:04,11.16,0.0,12.5
2009-08-08,24.0,16.1,39.96,16:44,15.12,0.0,12.1
2009-08-09,25.1,15.2,42.12,18:29,15.84,0.0,13.3
2009-08-10,29.4,13.4,38.88,23:31,12.96,0.0,13.2
2009-08-11,31.1,14.4,28.08,00:10,10.08,0.0,13.2
2009-08-12,33.3,16.2,18.0,20:50,3.96,0.0,13.0
2009-08-13,30.4,18.5,15.84,00:10,3.96,0.0,13.1
2009-08-14,29.6,17.0,23.04,23:40,6.12,0.0,13.0
2009-08-15,27.8,17.6,24.12,03:30,6.84,0.0,12.6
2009-08-16,26.3,16.6,16.92,15:50,3.96,0.0,12.6
2009-08-17,26.4,16.4,20.16,15:20,5.04,0.0,12.4
2009-08-18,25.3,14.8,21.96,15:50,5.04,0.0,12.9
2009-08-19,23.4,13.4,21.96,12:46,5.04,0.3,12.0
2009-08-20,22.7,15.8,33.84,13:39,7.92,0.3,3.0
2009-08-21,25.3,11.7,29.88,13:26,10.08,0.0,12.8
2009-08-22,28.8,14.6,32.04,16:55,11.88,0.0,12.8
2009-08-23,24.5,14.8,21.96,11:35,6.84,0.0,12.5
2009-08-24,20.0,15.0,19.08,13:54,3.96,0.9,0.0
2009-08-25,23.0,11.6,23.04,13:35,6.84,0.0,11.2
2009-08-26,23.5,13.0,23.04,14:07,3.96,0.0,0.6
2009-08-27,24.8,16.0,24.84,12:49,6.84,0.0,9.8
2009-08-28,25.0,15.0,47.88,17:43,15.12,0.0,10.0
2009-08-29,31.0,16.8,38.88,01:07,11.16,0.0,12.7
2009-08-30,31.8,14.0,15.84,23:31,2.88,0.0,12.7
2009-08-31,23.6,16.6,20.88,03:23,2.88,0.4,12.3
2009-09-01,23.4,13.4,24.12,13:58,7.92,0.0,12.5
2009-09-02,21.6,11.0,27.0,14:03,7.92,5.9,5.6
2009-09-03,21.7,15.9,29.16,13:59,3.96,1.9,5.0
2009-09-04,22.7,15.3,34.92,14:18,11.88,0.0,12.4
2009-09-05,26.8,13.5,32.04,00:25,7.92,0.0,12.4
2009-09-06,25.0,14.7,20.16,01:06,5.04,0.0,12.5
2009-09-07,28.5,12.4,18.0,23:24,6.12,0.0,11.6
2009-09-08,28.9,18.0,36.0,20:37,6.84,0.0,12.4
2009-09-09,31.4,18.1,33.12,06:36,12.96,0.0,11.6
2009-09-10,28.8,17.5,15.84,16:05,5.04,0.0,8.1
2009-09-11,27.5,16.0,18.0,14:28,3.96,0.0,11.7
2009-09-12,24.5,13.6,21.96,13:47,3.96,0.0,9.8
2009-09-13,23.2,15.4,21.96,13:14,6.12,0.0,7.4
2009-09-14,25.6,14.2,42.12,23:00,10.08,0.0,9.7
2009-09-15,22.8,14.2,47.88,17:50,15.12,0.0,10.3
2009-09-16,20.2,11.7,39.96,17:40,11.16,2.4,5.9
2009-09-17,17.2,10.8,15.12,01:30,5.04,2.1,0.0
2009-09-18,19.5,13.5,19.08,13:00,6.12,5.2,4.0
2009-09-19,18.0,13.1,21.96,17:00,6.12,2.8,0.6
2009-09-20,21.5,10.5,28.08,14:50,6.84,0.0,6.1
2009-09-21,22.1,10.0,21.96,06:07,6.84,0.0,11.5
2009-09-22,27.2,15.8,19.08,01:09,7.92,0.0,11.5
2009-09-23,29.5,16.2,16.92,03:38,5.04,0.0,11.5
2009-09-24,30.1,17.0,20.88,06:11,6.12,0.0,11.2
2009-09-25,28.6,14.2,24.84,14:34,6.12,0.0,11.1
2009-09-26,27.5,14.4,18.0,13:10,6.12,0.0,10.9
2009-09-27,27.3,14.3,20.88,03:58,3.96,0.0,10.9
2009-09-28,28.6,14.4,19.08,03:29,6.12,0.0,10.7
2009-09-29,28.5,17.6,18.0,03:37,5.04,0.0,10.7
2009-09-30,23.6,15.7,15.12,21:33,2.88,0.0,3.5
2009-10-01,19.5,12.8,20.88,13:58,6.12,0.0,9.0
2009-10-02,20.9,13.0,20.16,15:26,5.04,0.0,7.9
2009-10-03,23.1,12.1,15.84,19:09,3.96,33.5,3.2
2009-10-04,20.7,18.0,20.88,15:45,3.96,6.8,0.0
2009-10-05,20.0,17.1,41.04,22:40,9.0,57.8,0.1
2009-10-06,22.9,18.4,38.88,23:40,9.0,16.7,1.7
2009-10-07,21.4,15.5,48.96,01:22,9.0,24.5,2.6
2009-10-08,20.6,15.2,15.12,03:14,3.96,0.0,5.0
2009-10-09,19.4,15.0,16.92,15:20,3.96,0.3,4.4
2009-10-10,19.8,14.5,12.96,22:28,2.16,0.9,0.3
2009-10-11,24.8,15.4,27.0,14:00,6.12,0.0,9.2
2009-10-12,28.1,13.5,32.04,13:50,5.04,0.0,8.4
2009-10-13,24.8,15.6,24.12,07:20,7.92,0.0,2.6
2009-10-14,24.4,13.3,21.96,00:10,5.04,0.0,8.9
2009-10-15,23.0,11.8,21.96,00:30,2.88,0.0,8.8
2009-10-16,22.2,10.4,20.16,22:50,7.92,0.0,8.7
2009-10-17,20.0,8.5,19.08,23:50,6.84,0.0,8.6
2009-10-18,20.4,10.5,21.96,02:09,5.04,0.0,7.1
2009-10-19,18.0,9.8,32.04,18:23,6.84,5.7,0.2
2009-10-20,17.7,9.5,47.88,15:30,6.84,8.8,3.9
2009-10-21,13.9,9.3,36.0,12:29,3.96,28.2,0.0
2009-10-22,17.0,11.1,28.08,11:27,2.88,1.7,3.2
2009-10-23,18.0,13.3,33.12,23:11,7.92,1.8,0.0
2009-10-24,19.0,17.7,30.96,06:16,7.92,53.9,0.0
2009-10-25,22.4,16.9,15.12,13:26,2.16,0.7,4.2
2009-10-26,23.6,13.9,12.96,01:21,3.96,0.0,7.8
2009-10-27,19.6,14.0,16.92,22:02,3.96,0.0,3.3
2009-10-28,25.0,14.4,23.04,16:37,3.96,0.0,6.7
2009-10-29,22.6,15.9,23.04,01:07,5.04,0.0,5.1
2009-10-30,21.2,15.7,24.12,11:00,6.12,1.1,0.6
2009-10-31,20.7,17.5,19.08,21:51,5.04,7.1,0.0
2009-11-01,19.2,11.7,24.12,02:50,7.92,21.9,0.0
2009-11-02,15.3,10.0,20.88,01:41,3.96,1.8,3.5
2009-11-03,16.5,13.1,32.04,23:30,5.04,16.6,0.2
2009-11-04,15.6,10.6,42.84,00:20,6.12,8.0,1.3
2009-11-05,13.0,9.1,32.04,02:10,3.96,15.8,0.0
2009-11-06,16.5,11.1,24.12,16:40,2.88,4.1,0.0
2009-11-07,13.8,9.6,47.88,07:30,12.96,1.4,2.5
2009-11-08,14.8,10.1,38.88,01:00,6.12,0.0,1.2
2009-11-09,13.0,9.6,10.08,12:10,2.88,2.4,0.0
2009-11-10,15.5,12.4,20.88,21:40,5.04,7.8,0.0
2009-11-11,17.8,14.5,45.0,19:27,10.08,27.3,0.9
2009-11-12,17.8,13.0,33.84,11:52,9.0,0.1,1.8
2009-11-13,18.4,11.8,72.0,15:24,19.08,22.6,0.0
2009-11-14,16.5,11.0,38.16,12:40,9.0,16.7,0.8
2009-11-15,17.0,12.0,72.0,12:03,9.0,42.5,0.0
2009-11-16,14.6,10.7,29.88,00:05,5.04,15.8,0.0
2009-11-17,16.0,8.2,16.92,22:03,2.88,0.0,5.2
2009-11-18,14.2,6.3,24.84,05:12,3.96,0.0,7.3
2009-11-19,15.8,5.6,42.12,20:14,7.92,0.0,5.7
2009-11-20,15.6,13.3,59.04,16:37,12.96,11.1,0.0
2009-11-21,15.3,9.6,59.04,04:19,10.08,16.6,0.0
2009-11-22,14.4,10.3,29.88,11:03,5.04,2.7,0.0
2009-11-23,15.5,9.6,18.0,12:03,2.88,0.0,0.8
2009-11-24,15.2,8.0,42.12,23:11,11.16,0.1,6.8
2009-11-25,13.4,6.4,51.12,07:15,7.92,23.4,0.0
2009-11-26,12.0,5.0,21.96,16:56,3.96,9.0,1.6
2009-11-27,13.8,9.3,20.88,19:18,3.96,8.8,1.8
2009-11-28,13.1,9.2,70.92,20:27,12.96,25.8,0.0
2009-11-29,10.3,4.5,50.04,04:49,6.12,14.5,0.4
2009-11-30,10.8,3.9,20.16,01:12,6.12,3.4,3.7
2009-12-01,14.5,6.6,20.88,15:44,5.04,19.7,0.0
2009-12-02,13.6,8.5,46.08,17:20,9.0,19.6,0.0
2009-12-03,12.5,7.4,28.08,14:40,7.92,0.5,0.1
2009-12-04,12.6,8.7,32.04,19:00,3.96,9.1,0.0
2009-12-05,15.6,11.8,56.16,12:40,15.12,30.8,0.0
2009-12-06,15.5,9.4,73.08,03:40,5.04,28.1,0.0
2009-12-07,12.3,9.3,29.16,15:30,6.84,3.4,0.0
2009-12-08,13.7,10.7,34.92,11:10,11.16,0.3,0.0
2009-12-09,15.5,13.0,29.88,00:26,5.04,1.0,0.3
2009-12-10,16.5,9.5,19.08,22:04,2.88,0.0,2.1
2009-12-11,15.1,5.5,20.88,01:12,5.04,0.0,7.5
2009-12-12,14.7,6.8,24.12,04:51,2.88,0.0,3.0
2009-12-13,11.5,4.6,42.12,13:16,12.96,0.0,7.3
2009-12-14,8.2,2.4,47.88,11:43,11.88,0.0,7.3
2009-12-15,9.8,1.1,20.88,21:33,6.12,2.7,7.3
2009-12-16,12.8,2.6,30.96,22:51,7.92,56.2,0.0
2009-12-17,13.0,3.8,39.96,02:57,6.12,0.0,4.5
2009-12-18,10.6,3.4,46.08,19:13,14.04,0.0,4.4
2009-12-19,8.8,2.0,33.12,13:53,7.92,0.0,7.1
2009-12-20,6.8,-1.0,29.88,22:30,6.12,18.7,5.9
2009-12-21,13.0,3.8,61.92,11:30,12.96,25.9,0.0
2009-12-22,9.8,4.6,29.16,16:21,6.12,1.1,0.9
2009-12-23,10.3,4.7,21.96,07:49,5.04,12.1,3.5
2009-12-24,13.8,4.0,51.84,06:27,15.12,10.4,0.0
2009-12-25,9.9,2.1,20.88,17:23,6.84,0.0,5.3
2009-12-26,11.5,1.4,32.04,12:37,7.92,0.0,6.1
2009-12-27,13.9,5.1,90.0,22:29,14.04,13.2,0.0
2009-12-28,16.9,13.8,68.04,01:22,12.96,7.0,0.5
2009-12-29,15.4,10.2,42.12,23:41,7.92,13.2,0.2
2009-12-30,12.6,8.8,56.16,00:30,9.0,18.9,1.1
2009-12-31,8.8,5.5,42.84,15:20,5.04,31.6,0.0
2010-01-01,10.8,6.6,34.92,01:30,6.84,6.7,1.8
2010-01-02,12.0,7.2,50.04,21:50,12.96,22.8,0.0
2010-01-03,13.8,9.4,50.04,02:20,3.96,0.1,0.4
2010-01-04,13.4,6.8,24.12,23:40,6.12,1.0,0.0
2010-01-05,9.6,3.0,33.12,12:40,12.96,0.0,0.6
2010-01-06,6.5,1.8,20.16,06:56,6.84,0.9,0.1
2010-01-07,7.0,1.0,45.0,11:30,11.16,0.0,7.1
2010-01-08,6.9,-0.1,25.92,14:19,6.12,0.0,6.7
2010-01-09,6.5,-1.3,20.16,03:50,5.04,0.0,7.3
2010-01-10,4.5,0.5,24.84,12:11,6.84,3.6,0.0
2010-01-11,10.1,2.5,42.84,21:33,6.12,31.4,3.2
2010-01-12,13.0,8.6,65.88,06:34,7.92,19.2,0.6
2010-01-13,12.7,9.4,41.04,07:09,6.84,35.8,0.0
2010-01-14,12.6,7.2,106.92,01:25,5.04,1.0,2.6
2010-01-15,13.4,6.9,56.88,19:12,11.16,8.2,0.0
2010-01-16,14.4,11.8,54.0,03:20,6.84,23.9,0.0
2010-01-17,13.7,10.9,20.88,00:58,6.12,1.3,0.0
2010-01-18,15.0,11.8,33.84,19:22,6.84,7.0,0.0
2010-01-19,13.3,10.1,37.08,21:24,9.0,10.3,1.4
2010-01-20,12.8,7.5,16.92,01:55,5.04,1.7,0.5
2010-01-21,13.4,9.9,36.0,20:28,7.92,0.4,0.2
2010-01-22,13.2,10.7,41.04,05:19,6.84,31.2,0.0
2010-01-23,14.2,9.8,29.16,21:54,9.0,0.8,0.0
2010-01-24,12.5,6.9,37.08,16:05,10.08,0.0,6.8
2010-01-25,11.8,4.5,32.04,13:12,7.92,0.0,4.3
2010-01-26,12.5,5.2,46.08,08:57,12.96,0.0,7.5
2010-01-27,10.0,4.0,57.96,07:36,14.04,0.0,7.4
2010-01-28,11.2,0.7,33.12,14:11,6.84,0.0,7.2
2010-01-29,11.8,6.2,30.96,16:20,6.12,0.5,1.2
2010-01-30,12.1,6.2,23.04,16:17,5.04,2.4,1.7
2010-01-31,12.0,6.4,38.16,14:20,6.84,0.7,2.2
2010-02-01,11.9,3.2,28.08,13:48,6.84,0.0,7.4
2010-02-02,13.5,2.2,24.12,22:57,5.04,0.0,7.4
2010-02-03,13.6,3.3,24.12,01:40,6.12,0.0,2.3
2010-02-04,12.4,9.3,55.08,14:30,15.12,11.1,0.0
2010-02-05,12.8,7.7,42.84,03:40,7.92,7.2,1.6
2010-02-06,14.0,10.0,20.88,12:50,5.04,0.0,0.3
2010-02-07,15.0,9.0,28.08,15:30,7.92,7.3,0.2
2010-02-08,14.4,9.6,0.0,,3.96,4.5,4.0
2010-02-09,12.6,6.4,29.16,12:30,6.84,0.2,4.8
2010-02-10,9.5,4.7,24.12,23:10,6.84,3.2,0.0
2010-02-11,9.4,2.6,45.0,16:35,7.92,0.0,8.2
2010-02-12,10.8,1.5,39.96,19:23,10.08,0.0,8.3
2010-02-13,10.2,1.5,38.88,13:40,10.08,0.0,8.1
2010-02-14,8.6,1.0,24.84,12:50,9.0,0.0,0.4
2010-02-15,12.8,3.4,33.12,18:41,11.16,0.0,7.8
2010-02-16,12.6,3.8,28.08,16:15,6.12,0.1,0.1
2010-02-17,12.0,5.9,25.92,08:01,7.92,8.4,4.9
2010-02-18,12.4,4.0,28.08,14:40,3.96,0.7,4.8
2010-02-19,12.6,1.8,33.84,18:20,7.92,5.8,7.6
2010-02-20,11.6,3.6,39.96,23:40,9.0,6.6,6.5
2010-02-21,14.7,7.6,57.96,06:30,18.0,13.8,0.8
2010-02-22,14.6,10.5,56.88,10:30,15.84,12.7,1.8
2010-02-23,14.4,9.6,51.12,15:30,15.12,6.5,1.9
2010-02-24,14.6,9.0,65.16,13:30,15.84,53.4,0.0
2010-02-25,14.2,9.0,78.84,02:00,16.92,13.9,0.5
2010-02-26,13.6,7.1,37.08,13:50,12.96,8.5,4.1
2010-02-27,15.7,6.7,83.16,18:30,15.84,41.3,0.1
2010-02-28,10.2,6.2,37.08,01:00,11.16,17.0,0.0
2010-03-01,12.8,7.2,47.16,10:30,7.92,7.6,5.9
2010-03-02,18.7,7.6,0.0,,11.16,1.0,3.2
2010-03-03,14.6,10.2,15.12,16:45,5.04,3.4,0.2
2010-03-04,16.4,7.7,21.96,16:31,6.84,0.0,8.9
2010-03-05,13.5,6.5,30.96,14:01,10.08,0.4,0.0
2010-03-06,16.8,10.0,42.84,04:53,10.08,1.1,0.3
2010-03-07,12.4,4.1,28.08,23:41,5.04,2.2,0.0
2010-03-08,10.5,2.0,41.04,10:06,6.84,0.0,0.0
2010-03-09,14.0,2.5,32.04,16:30,7.92,0.0,10.9
2010-03-10,14.0,0.4,47.88,19:42,11.16,0.0,10.8
2010-03-11,13.7,4.4,36.0,19:21,10.08,0.0,10.7
2010-03-12,14.0,4.4,47.16,14:59,14.04,0.0,10.1
2010-03-13,13.0,3.4,41.04,15:54,10.08,0.0,8.4
2010-03-14,16.1,3.4,28.08,23:41,5.04,0.0,11.0
2010-03-15,16.9,3.9,20.88,00:01,6.12,0.0,10.7
2010-03-16,18.1,5.5,19.08,23:13,3.96,0.0,3.3
2010-03-17,20.5,6.2,25.92,15:09,6.12,1.7,4.2
2010-03-18,16.8,11.8,43.92,23:55,10.08,23.3,0.0
2010-03-19,18.0,12.4,52.92,02:50,14.04,16.4,0.0
2010-03-20,16.4,12.2,29.88,01:00,5.04,2.2,0.0
2010-03-21,19.2,10.5,21.96,14:11,3.96,0.0,10.9
2010-03-22,16.4,8.4,19.08,12:32,6.12,0.0,9.8
2010-03-23,17.2,7.6,20.88,22:24,3.96,2.8,2.7
2010-03-24,14.6,9.8,41.04,23:56,7.92,25.3,4.3
2010-03-25,13.7,6.4,48.96,02:49,11.88,10.4,2.7
2010-03-26,13.2,8.6,46.08,14:09,11.16,3.5,3.4
2010-03-27,15.4,8.7,30.96,13:18,6.84,0.0,4.9
2010-03-28,17.3,7.4,25.92,16:09,6.12,3.0,6.6
2010-03-29,14.5,9.4,57.96,17:26,15.84,11.3,0.8
2010-03-30,12.5,7.8,54.0,00:30,14.04,10.7,5.7
2010-03-31,12.0,6.2,48.96,14:10,12.96,8.7,1.4
2010-04-01,12.5,4.3,29.88,22:20,6.84,2.1,7.3
2010-04-02,13.8,8.6,38.16,16:00,6.84,9.4,3.7
2010-04-03,13.6,6.2,47.16,12:30,9.0,5.2,4.2
2010-04-04,14.5,3.4,21.96,14:50,6.84,0.0,8.4
2010-04-05,17.8,4.2,21.96,23:59,6.84,0.0,12.1
2010-04-06,17.5,6.3,24.12,13:47,6.84,7.3,5.7
2010-04-07,17.5,6.2,41.04,17:18,11.88,0.0,12.3
2010-04-08,21.4,6.6,20.88,16:22,6.84,0.0,12.1
2010-04-09,22.6,11.6,20.16,01:14,6.12,0.0,12.4
2010-04-10,24.5,10.5,20.88,13:43,6.12,0.0,12.4
2010-04-11,25.0,12.6,34.92,13:41,12.96,0.0,12.5
2010-04-12,20.0,9.0,38.88,13:08,11.88,0.0,6.4
2010-04-13,20.0,7.0,42.84,17:47,10.08,0.0,12.5
2010-04-14,22.0,8.3,25.92,14:22,6.12,1.9,8.5
2010-04-15,21.4,11.1,38.16,10:57,6.84,11.5,6.0
2010-04-16,21.9,12.7,48.96,18:24,9.0,4.6,7.9
2010-04-17,19.5,11.5,46.08,14:17,6.84,2.2,1.5
2010-04-18,19.7,9.6,23.04,13:41,6.84,0.0,8.5
2010-04-19,20.3,10.6,20.88,12:13,7.92,0.0,10.1
2010-04-20,22.3,13.5,20.88,04:55,3.96,2.9,1.6
2010-04-21,20.1,14.2,20.88,00:00,5.04,9.7,3.3
2010-04-22,20.5,13.3,24.84,13:00,6.12,0.2,9.3
2010-04-23,17.7,12.2,16.92,15:50,3.96,0.1,2.4
2010-04-24,19.6,9.6,30.96,13:30,5.04,2.1,2.2
2010-04-25,21.4,10.5,20.88,11:10,6.12,0.0,12.9
2010-04-26,24.3,12.0,20.88,16:10,6.12,0.0,12.8
2010-04-27,24.8,12.0,23.04,05:00,5.04,0.0,6.8
2010-04-28,25.8,13.6,24.12,20:18,5.04,1.7,7.8
2010-04-29,21.1,12.0,23.04,11:23,6.12,0.0,9.8
2010-04-30,18.2,11.3,19.08,12:24,2.88,1.7,0.0
2010-05-01,19.1,11.1,27.0,16:30,9.0,0.0,4.8
2010-05-02,18.5,9.9,42.84,17:05,14.04,0.0,10.3
2010-05-03,16.6,7.1,63.0,14:15,15.12,0.0,9.9
2010-05-04,15.3,5.0,46.08,11:04,14.04,0.0,10.5
2010-05-05,16.6,5.1,46.08,15:55,15.12,0.0,13.6
2010-05-06,19.3,8.4,39.96,16:39,15.12,1.1,11.1
2010-05-07,18.2,9.1,24.12,15:07,5.04,9.0,3.6
2010-05-08,15.4,10.7,43.92,23:12,6.12,30.3,0.0
2010-05-09,13.3,10.1,42.12,00:33,7.92,20.4,0.4
2010-05-10,15.4,9.9,32.04,02:32,5.04,12.0,2.8
2010-05-11,16.1,9.1,33.12,16:52,12.96,0.0,2.2
2010-05-12,14.0,6.8,29.88,13:48,9.0,7.5,1.0
2010-05-13,16.0,5.6,37.08,18:05,15.84,0.7,12.6
2010-05-14,16.4,7.2,38.88,15:48,10.08,0.9,2.7
2010-05-15,17.2,7.8,30.96,17:41,11.16,0.0,5.2
2010-05-16,20.0,6.8,36.0,14:27,15.84,0.0,14.2
2010-05-17,23.6,7.4,19.08,16:38,5.04,0.0,14.2
2010-05-18,26.2,13.6,21.96,03:33,3.96,0.0,14.2
2010-05-19,30.0,11.6,29.88,15:58,9.0,0.0,14.3
2010-05-20,31.5,17.9,23.04,12:13,6.12,0.0,14.2
2010-05-21,31.5,18.5,21.96,15:13,6.84,0.0,14.3
2010-05-22,30.4,17.1,24.84,03:51,3.96,0.0,14.2
2010-05-23,25.1,15.7,21.96,16:36,6.12,0.0,13.0
2010-05-24,20.8,16.1,28.08,22:56,6.12,10.9,4.3
2010-05-25,19.3,13.7,42.12,10:54,7.92,25.3,3.6
2010-05-26,17.9,13.8,20.16,02:00,5.04,16.0,1.2
2010-05-27,20.4,13.0,28.08,17:10,5.04,0.0,4.4
2010-05-28,20.8,10.5,21.96,12:20,6.12,0.3,13.2
2010-05-29,19.6,13.4,19.08,15:00,5.04,0.9,0.0
2010-05-30,24.3,13.4,24.12,15:20,6.12,0.0,9.7
2010-05-31,28.0,15.4,29.88,16:40,5.04,0.0,11.8
2010-06-01,27.3,17.4,34.92,14:40,7.92,0.0,2.3
2010-06-02,29.6,15.4,33.12,13:27,10.08,0.0,12.0
2010-06-03,27.6,15.8,24.84,15:48,6.12,0.0,14.5
2010-06-04,24.5,15.4,28.08,10:38,6.12,0.0,11.3
2010-06-05,22.5,15.0,33.12,17:04,12.96,0.0,5.1
2010-06-06,24.0,13.0,32.04,15:31,11.88,0.0,11.0
2010-06-07,22.4,12.2,25.92,13:01,7.92,4.1,4.7
2010-06-08,15.5,14.0,23.04,09:27,6.12,41.1,0.0
2010-06-09,16.5,13.1,37.08,00:50,11.88,10.2,0.1
2010-06-10,18.4,13.0,23.04,15:10,5.04,22.2,0.1
2010-06-11,16.5,13.7,30.96,17:10,7.92,1.1,0.0
2010-06-12,21.2,13.3,33.12,16:10,11.88,0.0,5.3
2010-06-13,21.6,13.7,37.08,13:20,14.04,0.0,5.8
2010-06-14,20.2,12.2,43.92,15:30,18.0,0.0,8.2
2010-06-15,20.6,11.8,50.04,10:00,14.04,0.0,7.5
2010-06-16,20.4,12.6,45.0,11:15,15.84,0.0,6.6
2010-06-17,22.4,9.5,39.96,11:09,16.92,0.0,12.5
2010-06-18,26.1,10.6,34.92,13:35,14.04,0.0,12.6
2010-06-19,22.8,12.6,42.12,11:21,14.04,0.0,10.6
2010-06-20,25.1,13.1,39.96,13:28,11.16,0.0,12.9
2010-06-21,25.9,11.6,21.96,13:49,6.12,0.0,12.9
2010-06-22,25.9,14.8,21.96,07:12,6.84,0.0,12.9
2010-06-23,26.6,15.1,15.12,12:48,3.96,0.0,11.3
2010-06-24,22.8,15.2,16.92,14:08,5.04,0.0,8.6
2010-06-25,22.0,15.0,21.96,15:10,5.04,0.0,7.1
2010-06-26,26.5,15.4,29.16,17:47,10.08,0.0,10.0
2010-06-27,28.5,16.1,28.08,18:04,11.16,0.0,12.3
2010-06-28,27.7,15.8,14.04,22:37,3.96,0.0,12.1
2010-06-29,30.4,14.7,23.04,12:41,7.92,0.0,12.3
2010-06-30,29.2,14.7,14.04,06:23,3.96,0.0,12.6
2010-07-01,24.4,14.9,20.88,17:56,5.04,0.0,11.8
2010-07-02,20.0,16.5,20.88,20:30,6.84,3.1,0.0
2010-07-03,26.6,16.0,37.08,09:50,12.96,0.0,11.9
2010-07-04,31.1,16.1,34.92,17:16,11.88,0.0,12.9
2010-07-05,31.0,16.5,46.08,21:24,11.16,0.0,12.6
2010-07-06,33.2,17.7,34.92,04:16,11.88,0.0,12.7
2010-07-07,30.1,18.0,12.96,14:33,3.96,10.4,10.2
2010-07-08,28.2,17.2,37.08,04:59,6.12,1.7,5.3
2010-07-09,24.8,16.8,21.96,14:37,5.04,0.0,10.2
2010-07-10,25.2,14.8,25.92,17:53,6.12,0.0,12.9
2010-07-11,24.5,14.2,21.96,11:40,5.04,0.0,9.8
2010-07-12,21.6,15.0,21.96,14:36,5.04,5.4,1.1
2010-07-13,21.5,16.5,24.84,18:38,6.12,4.0,3.8
2010-07-14,21.0,14.0,23.04,15:41,5.04,0.0,2.8
2010-07-15,21.8,12.0,36.0,14:26,5.04,12.3,8.7
2010-07-16,22.5,15.2,33.84,19:23,5.04,0.0,8.3
2010-07-17,27.2,11.7,36.0,13:45,11.16,0.0,13.3
2010-07-18,29.6,13.6,15.12,17:05,3.96,0.0,13.3
2010-07-19,28.3,15.8,33.12,18:49,14.04,0.0,13.3
2010-07-20,24.0,14.9,24.12,14:44,6.12,0.0,4.6
2010-07-21,23.6,14.1,32.04,17:40,11.16,0.0,7.2
2010-07-22,24.0,12.5,41.04,18:30,14.04,0.0,10.8
2010-07-23,26.2,13.8,39.96,09:40,15.84,0.0,13.4
2010-07-24,30.6,13.5,42.84,14:40,11.88,0.0,13.6
2010-07-25,32.8,15.9,38.88,12:40,12.96,0.0,13.6
2010-07-26,35.2,18.0,36.0,16:40,11.16,0.0,13.6
2010-07-27,35.6,18.8,20.16,12:50,6.84,0.0,13.5
2010-07-28,34.6,19.3,20.88,22:20,5.04,0.0,13.0
2010-07-29,32.6,17.5,39.96,14:30,10.08,0.0,13.3
2010-07-30,33.4,16.6,30.96,16:10,11.16,0.0,13.5
2010-07-31,31.4,16.5,47.88,22:29,11.88,0.0,13.5
2010-08-01,26.0,17.6,42.12,09:35,19.08,0.0,13.0
2010-08-02,27.0,15.0,46.08,16:40,14.04,0.0,13.4
2010-08-03,30.4,17.5,47.16,02:08,11.88,0.0,13.4
2010-08-04,28.8,15.2,38.88,19:29,12.96,0.0,13.3
2010-08-05,28.4,16.1,38.88,16:20,14.04,0.0,13.6
2010-08-06,32.6,14.4,39.96,15:04,11.16,0.0,13.6
2010-08-07,33.4,15.7,36.0,14:32,14.04,0.0,13.6
2010-08-08,32.0,15.9,20.88,11:45,5.04,0.0,13.2
2010-08-09,31.9,16.9,20.88,11:52,6.12,0.0,11.5
2010-08-10,29.8,18.6,19.08,06:56,6.12,0.0,12.9
2010-08-11,27.1,14.1,25.92,16:57,7.92,0.0,12.9
2010-08-12,27.6,17.8,42.12,18:21,11.16,0.0,12.6
2010-08-13,25.5,16.6,47.88,16:17,15.12,0.0,13.0
2010-08-14,26.6,15.7,41.04,02:40,15.84,0.0,12.7
2010-08-15,27.5,15.5,39.96,18:00,16.92,0.0,13.2
2010-08-16,31.4,14.1,52.92,01:30,6.84,0.0,13.0
2010-08-17,28.8,12.9,24.12,11:50,5.04,0.0,12.9
2010-08-18,23.4,16.4,19.08,12:18,5.04,0.0,4.4
2010-08-19,24.3,13.7,20.88,16:27,6.84,0.0,12.8
2010-08-20,25.5,14.0,19.08,14:28,5.04,0.0,13.0
2010-08-21,28.5,15.1,18.0,17:11,2.88,0.0,11.5
2010-08-22,22.2,16.1,20.16,15:39,3.96,0.0,0.2
2010-08-23,20.8,17.2,36.0,12:51,9.0,4.2,0.0
2010-08-24,24.3,13.8,20.88,12:26,6.12,0.1,10.3
2010-08-25,25.1,17.3,23.04,13:20,5.04,0.1,3.0
2010-08-26,24.3,18.3,33.12,17:26,10.08,0.6,0.0
2010-08-27,24.7,16.7,23.04,16:22,3.96,0.0,6.1
2010-08-28,30.6,14.4,28.08,16:19,6.12,0.0,12.8
2010-08-29,31.5,15.8,15.12,13:57,5.04,0.0,12.6
2010-08-30,34.7,17.0,16.92,13:15,5.04,0.0,11.9
2010-08-31,34.9,20.0,16.92,00:12,6.12,0.0,3.3
2010-09-01,25.2,17.2,21.96,14:39,6.12,0.0,7.2
2010-09-02,24.1,16.3,29.16,13:04,5.04,0.0,7.1
2010-09-03,26.5,13.9,20.16,13:57,6.84,0.0,12.0
2010-09-04,27.8,15.5,21.96,14:23,5.04,0.0,12.0
2010-09-05,25.0,14.8,23.04,14:20,3.96,0.0,9.3
2010-09-06,20.6,16.4,32.04,09:02,5.04,7.4,0.3
2010-09-07,20.4,15.0,41.04,07:01,16.92,15.0,5.6
2010-09-08,20.6,13.6,21.96,10:15,5.04,7.8,1.4
2010-09-09,23.1,13.5,23.04,14:47,6.84,0.0,11.8
2010-09-10,26.2,13.6,20.16,22:49,3.96,0.0,11.6
2010-09-11,27.5,15.1,33.12,22:56,7.92,0.0,11.8
2010-09-12,27.5,18.1,46.08,09:27,15.84,0.0,12.0
2010-09-13,31.5,16.1,10.08,00:07,6.12,0.0,12.0
2010-09-14,30.3,18.7,15.12,07:25,2.88,0.0,11.2
2010-09-15,24.6,18.0,19.08,13:30,5.04,0.0,1.3
2010-09-16,22.7,16.0,19.08,15:10,6.84,7.6,3.3
2010-09-17,22.8,15.8,34.92,08:40,10.08,0.0,7.6
2010-09-18,24.2,12.5,27.0,09:50,6.84,0.0,11.2
2010-09-19,26.4,13.0,20.88,15:10,5.04,0.0,11.7
2010-09-20,25.3,15.2,20.88,14:00,5.04,0.0,11.6
2010-09-21,22.4,13.5,20.16,12:20,5.04,0.0,9.8
2010-09-22,21.6,13.5,18.0,02:24,6.12,0.0,4.8
2010-09-23,21.4,14.8,20.16,11:25,5.04,2.1,0.0
2010-09-24,20.6,12.0,27.0,17:09,10.08,0.0,6.3
2010-09-25,21.0,9.8,37.08,18:30,10.08,0.0,8.5
2010-09-26,22.4,10.6,27.0,14:29,7.92,0.0,10.8
2010-09-27,21.4,9.5,21.96,06:01,7.92,0.0,9.8
2010-09-28,22.0,10.0,20.88,13:14,6.12,0.0,11.1
2010-09-29,20.0,11.0,20.16,12:30,7.92,0.4,2.1
2010-09-30,20.0,10.0,32.04,14:10,7.92,0.0,8.8
2010-10-01,21.4,11.4,27.0,10:50,3.96,0.0,0.9
2010-10-02,23.4,15.7,50.04,22:50,9.0,46.3,5.2
2010-10-03,18.0,13.8,90.0,17:00,19.08,20.8,0.0
2010-10-04,19.0,11.6,21.96,13:50,3.96,1.0,9.0
2010-10-05,18.0,13.2,47.88,16:20,15.84,35.2,0.2
2010-10-06,19.5,13.6,19.08,13:28,5.04,0.0,2.8
2010-10-07,20.0,14.6,51.84,19:50,6.84,4.4,1.2
2010-10-08,19.5,14.7,54.0,04:58,14.04,67.2,0.2
2010-10-09,19.4,12.4,30.96,13:54,6.12,0.0,8.4
2010-10-10,19.1,10.7,19.08,15:39,6.12,0.0,4.4
2010-10-11,22.8,11.6,36.0,14:46,10.08,0.0,6.3
2010-10-12,22.5,13.3,16.92,05:16,2.88,0.0,8.9
2010-10-13,22.6,12.7,23.04,14:38,6.12,0.0,8.9
2010-10-14,20.8,10.0,20.88,15:21,5.04,0.0,8.5
2010-10-15,20.2,10.2,29.88,19:47,5.04,0.0,8.9
2010-10-16,19.5,9.0,28.08,12:01,6.84,0.0,8.9
2010-10-17,20.8,11.1,29.16,19:24,9.0,0.0,8.8
2010-10-18,19.0,7.7,23.04,16:15,6.84,0.0,8.8
2010-10-19,18.5,6.9,16.92,01:49,5.04,0.0,8.7
2010-10-20,19.9,7.0,15.84,22:14,5.04,0.0,8.7
2010-10-21,21.0,9.7,20.88,01:15,5.04,0.0,8.7
2010-10-22,19.0,9.0,24.84,06:24,6.84,0.0,1.4
2010-10-23,17.5,9.6,25.92,11:34,6.84,0.0,6.0
2010-10-24,17.3,13.5,18.0,15:28,6.12,6.5,0.0
2010-10-25,19.1,11.0,19.08,13:03,6.84,0.0,7.5
2010-10-26,19.0,9.7,21.96,23:41,5.04,0.0,8.4
2010-10-27,17.8,8.0,20.88,07:33,5.04,0.0,4.4
2010-10-28,19.8,9.5,21.96,22:06,6.12,4.1,7.9
2010-10-29,16.0,9.8,47.16,01:50,9.0,49.6,0.5
2010-10-30,16.0,10.0,60.12,20:32,10.08,53.2,0.6
2010-10-31,14.4,9.5,63.0,13:01,20.88,4.7,1.1
2010-11-01,15.6,10.4,30.96,13:04,6.12,0.0,0.8
2010-11-02,17.0,8.4,15.12,00:12,2.88,0.0,0.0
2010-11-03,20.0,12.5,24.12,13:08,9.0,0.1,8.3
2010-11-04,20.8,11.8,12.96,15:37,3.96,0.0,8.3
2010-11-05,21.5,12.0,23.04,23:39,6.12,0.0,8.1
2010-11-06,16.4,11.7,19.08,04:04,6.12,0.8,4.0
2010-11-07,14.4,7.6,33.12,15:00,11.88,4.0,3.2
2010-11-08,14.1,7.8,60.12,11:03,12.96,13.3,0.0
2010-11-09,13.4,9.2,78.12,11:13,18.0,17.9,1.7
2010-11-10,14.3,6.8,16.92,13:10,5.04,0.4,4.4
2010-11-11,14.1,9.4,29.16,14:40,9.0,3.4,0.0
2010-11-12,15.6,13.5,41.04,23:00,11.88,1.7,0.4
2010-11-13,15.6,13.0,57.96,17:00,11.88,26.4,0.0
2010-11-14,13.2,6.5,46.08,12:20,5.04,6.4,2.3
2010-11-15,13.1,6.5,32.04,00:00,6.12,0.5,4.5
2010-11-16,12.1,5.8,42.12,22:20,7.92,9.3,0.0
2010-11-17,13.4,8.2,38.88,01:16,6.12,0.9,3.6
2010-11-18,12.6,7.2,12.96,14:17,5.04,8.4,0.3
2010-11-19,13.2,9.6,51.84,19:17,12.96,28.4,0.0
2010-11-20,13.0,8.5,59.04,00:56,16.92,22.4,1.5
2010-11-21,12.0,7.6,21.96,16:34,3.96,5.2,0.8
2010-11-22,12.0,6.2,24.12,15:22,5.04,7.2,2.3
2010-11-23,13.8,6.0,18.0,05:48,5.04,0.0,4.3
2010-11-24,13.4,4.0,24.12,13:39,5.04,0.0,7.4
2010-11-25,11.5,3.4,37.08,13:13,6.84,0.0,4.4
2010-11-26,10.5,2.7,34.92,11:21,6.84,0.0,6.8
2010-11-27,10.5,2.4,33.84,15:54,6.84,0.0,5.9
2010-11-28,8.1,0.0,20.88,21:27,6.12,0.0,7.1
2010-11-29,7.8,0.2,28.08,17:32,9.0,10.0,0.0
2010-11-30,8.5,3.8,33.84,06:05,7.92,18.1,0.5
2010-12-01,9.6,2.2,42.84,16:40,7.92,5.3,0.3
2010-12-02,4.8,0.5,30.96,16:30,6.12,6.8,0.3
2010-12-03,8.4,-0.4,20.16,07:20,6.12,0.0,4.4
2010-12-04,8.4,2.0,38.88,16:50,6.12,8.1,0.0
2010-12-05,15.5,6.5,57.96,11:30,15.84,51.3,0.0
2010-12-06,15.6,13.1,34.92,21:20,6.84,9.7,1.2
2010-12-07,16.4,11.3,43.92,01:10,6.12,35.8,2.6
2010-12-08,14.0,9.7,33.12,23:58,6.84,0.0,1.4
2010-12-09,15.5,9.6,33.84,16:24,6.12,0.5,0.0
2010-12-10,21.7,13.0,27.0,02:12,10.08,0.0,2.9
2010-12-11,21.1,12.0,38.88,04:09,6.12,0.0,0.3
2010-12-12,16.5,10.0,21.96,23:02,6.12,0.0,0.6
2010-12-13,15.1,7.7,20.16,00:14,6.12,0.0,7.3
2010-12-14,12.5,4.4,18.0,01:50,2.88,0.0,6.9
2010-12-15,11.7,4.1,39.96,13:47,9.0,0.0,6.8
2010-12-16,8.0,1.5,20.16,22:12,5.04,0.0,7.3
2010-12-17,8.4,0.8,18.0,00:21,3.96,0.3,0.3
2010-12-18,10.0,1.1,25.92,12:39,7.92,0.0,7.3
2010-12-19,9.0,0.8,29.88,23:44,3.96,9.6,0.0
2010-12-20,11.6,8.8,33.12,00:26,9.0,5.4,0.0
2010-12-21,12.7,8.0,16.92,00:21,2.88,12.6,0.6
2010-12-22,10.8,7.0,39.96,23:21,6.84,17.1,0.0
2010-12-23,8.2,2.2,38.88,00:00,11.88,0.9,3.8
2010-12-24,8.0,0.0,23.04,08:03,5.04,0.0,6.8
2010-12-25,11.2,3.2,21.96,11:07,6.84,0.0,6.9
2010-12-26,8.0,0.4,16.92,02:07,5.04,0.0,4.5
2010-12-27,11.0,2.4,43.92,16:52,7.92,13.6,0.0
2010-12-28,13.5,10.5,29.16,23:36,5.04,13.2,0.0
2010-12-29,15.6,11.7,50.04,12:15,9.0,1.2,1.8
2010-12-30,16.0,11.3,32.04,09:29,11.16,0.4,0.6
2010-12-31,16.7,9.6,21.96,13:41,6.84,0.0,6.8
2011-01-01,14.2,7.6,20.88,04:48,5.04,0.0,0.1
2011-01-02,13.4,7.8,12.96,23:11,5.04,0.0,6.1
2011-01-03,10.3,4.7,15.12,01:51,2.88,15.4,0.0
2011-01-04,14.0,10.0,32.04,11:12,6.84,56.6,0.0
2011-01-05,14.7,12.5,51.84,14:20,9.0,54.8,0.0
2011-01-06,15.0,13.1,47.88,05:30,9.0,53.7,0.0
2011-01-07,13.7,10.6,51.84,19:50,9.0,50.4,1.6
2011-01-08,11.9,8.9,42.84,07:30,11.88,10.2,0.0
2011-01-09,11.3,4.3,18.0,15:10,3.96,3.5,6.7
2011-01-10,12.6,4.0,27.0,10:10,6.84,11.2,0.0
2011-01-11,13.7,12.4,32.04,00:20,3.96,2.8,0.0
2011-01-12,13.7,11.8,16.92,13:07,3.96,1.2,0.0
2011-01-13,14.0,11.0,23.04,12:36,7.92,0.0,0.0
2011-01-14,15.4,10.8,32.04,10:52,3.96,0.0,1.6
2011-01-15,13.5,6.8,18.0,12:11,6.84,0.0,3.0
2011-01-16,12.5,9.4,47.88,20:20,7.92,21.6,0.0
2011-01-17,15.0,9.8,33.12,00:25,3.96,4.8,1.4
2011-01-18,13.0,9.5,15.12,04:28,3.96,4.6,0.0
2011-01-19,14.0,8.6,12.96,22:58,5.04,0.0,1.2
2011-01-20,16.4,8.8,19.08,15:28,3.96,0.0,6.3
2011-01-21,12.5,4.4,30.96,10:06,7.92,0.0,7.3
2011-01-22,10.7,1.0,39.96,22:30,6.84,0.0,7.3
2011-01-23,12.0,4.4,46.08,13:30,12.96,0.0,7.5
2011-01-24,12.5,4.0,41.04,00:04,11.16,0.0,7.5
2011-01-25,12.8,1.5,21.96,14:23,6.84,0.0,7.4
2011-01-26,11.1,0.0,33.84,13:50,6.84,0.3,6.8
2011-01-27,9.2,5.8,20.16,17:50,6.84,0.1,0.0
2011-01-28,11.7,5.0,29.88,16:20,9.0,0.0,4.6
2011-01-29,8.0,4.0,25.92,13:20,11.16,0.0,0.2
2011-01-30,11.2,3.4,41.04,14:20,9.0,0.0,6.0
2011-01-31,9.8,3.2,38.88,12:20,7.92,0.0,3.5
2011-02-01,11.9,2.7,32.04,12:20,9.0,0.0,7.7
2011-02-02,12.0,0.7,20.16,01:17,3.96,0.0,7.6
2011-02-03,14.7,5.2,38.88,15:01,6.84,0.0,7.7
2011-02-04,13.5,3.4,23.04,22:17,3.96,0.0,7.8
2011-02-05,13.3,2.6,23.04,01:49,5.04,0.0,7.9
2011-02-06,14.1,3.8,23.04,07:55,2.88,0.0,7.9
2011-02-07,16.0,4.5,23.04,15:17,6.12,0.0,7.0
2011-02-08,16.4,8.0,42.12,22:09,7.92,6.0,2.5
2011-02-09,13.6,10.5,39.96,11:03,10.08,2.1,0.0
2011-02-10,17.0,12.0,46.08,23:30,11.16,0.0,0.6
2011-02-11,15.3,9.0,52.92,10:14,7.92,2.3,0.6
2011-02-12,13.8,4.4,27.0,21:51,5.04,2.1,7.5
2011-02-13,10.7,5.5,60.84,16:19,11.16,25.0,0.8
2011-02-14,10.6,3.8,60.12,21:42,9.0,27.9,0.0
2011-02-15,9.2,7.0,38.16,23:41,6.12,16.8,0.7
2011-02-16,10.5,3.0,56.88,15:01,9.0,28.2,0.2
2011-02-17,13.4,3.0,54.0,08:04,12.96,2.8,3.5
2011-02-18,12.0,8.0,45.0,17:47,15.12,11.2,0.0
2011-02-19,15.8,9.4,16.92,17:04,6.12,2.0,5.1
2011-02-20,14.5,8.5,50.04,14:19,6.84,12.7,1.1
2011-02-21,13.2,9.8,38.88,19:54,6.84,3.9,0.0
2011-02-22,14.8,10.2,29.88,07:52,2.16,1.1,0.8
2011-02-23,14.5,8.5,15.84,16:30,3.96,0.0,1.0
2011-02-24,18.4,6.4,19.08,23:59,3.96,0.0,8.4
2011-02-25,17.2,7.8,21.96,03:00,3.96,0.0,4.6
2011-02-26,16.0,7.0,29.88,14:50,9.0,0.0,2.6
2011-02-27,14.2,6.7,42.12,13:10,12.96,0.0,8.6
2011-02-28,13.3,4.6,42.84,11:00,9.0,0.0,6.8
2011-03-01,12.5,4.8,45.0,11:20,11.16,0.0,8.3
2011-03-02,11.5,4.3,42.84,16:16,11.88,0.0,4.6
2011-03-03,12.8,4.6,41.04,17:55,14.04,0.0,8.8
2011-03-04,12.2,4.6,33.12,00:26,7.92,0.0,7.9
2011-03-05,15.7,5.4,42.84,10:46,9.0,0.0,6.7
2011-03-06,17.8,8.0,28.08,11:07,5.04,0.0,3.5
2011-03-07,19.6,8.7,23.04,13:18,7.92,0.0,9.8
2011-03-08,19.2,9.8,29.88,12:39,7.92,0.0,4.5
2011-03-09,19.3,6.8,42.12,09:26,9.0,0.0,10.6
2011-03-10,19.5,7.2,18.0,11:57,5.04,0.0,10.6
2011-03-11,19.6,9.6,21.96,00:21,5.04,1.8,3.0
2011-03-12,13.0,8.8,28.08,16:04,6.84,15.2,0.0
2011-03-13,11.5,7.2,24.84,18:20,6.84,7.4,0.6
2011-03-14,12.6,7.0,15.12,04:24,3.96,17.0,0.0
2011-03-15,11.2,8.2,24.12,12:29,6.84,16.0,0.0
2011-03-16,12.0,8.0,24.12,14:10,6.12,0.5,0.0
2011-03-17,12.8,6.7,25.92,15:20,7.92,0.0,3.9
2011-03-18,17.2,5.4,32.04,16:10,12.96,0.0,11.3
2011-03-19,19.6,5.8,18.0,00:40,3.96,0.0,11.1
2011-03-20,22.5,8.4,16.92,19:30,6.12,0.0,11.6
2011-03-21,23.3,8.0,33.12,16:20,9.0,0.0,11.6
2011-03-22,21.6,9.7,30.96,13:10,7.92,0.0,11.3
2011-03-23,16.6,10.8,45.0,03:05,12.96,0.0,9.2
2011-03-24,19.4,10.7,29.16,01:41,5.04,0.5,5.8
2011-03-25,18.4,9.9,38.88,14:56,6.12,0.1,4.5
2011-03-26,14.3,9.8,38.88,22:18,11.16,40.6,0.9
2011-03-27,13.5,9.7,33.12,02:25,6.12,6.2,0.5
2011-03-28,15.1,10.5,39.96,13:57,9.0,2.4,2.2
2011-03-29,14.0,9.7,19.08,09:25,5.04,10.2,0.0
2011-03-30,15.1,11.8,27.0,08:21,3.96,2.4,0.0
2011-03-31,19.9,12.2,23.04,13:19,3.96,0.0,10.6
2011-04-01,28.0,11.6,33.12,16:11,10.08,0.0,10.5
2011-04-02,17.4,10.4,20.88,12:04,5.04,0.0,0.7
2011-04-03,16.9,7.5,38.16,15:16,11.16,0.0,11.2
2011-04-04,20.0,5.8,30.96,13:06,11.16,0.0,12.1
2011-04-05,25.5,10.0,20.16,12:56,6.84,0.0,12.2
2011-04-06,30.0,19.1,27.0,06:42,6.84,0.0,4.3
2011-04-07,31.3,16.7,16.92,13:11,5.04,0.0,4.8
2011-04-08,28.8,14.7,16.92,14:36,5.04,0.0,11.8
2011-04-09,19.5,12.8,27.0,17:08,6.84,0.0,5.7
2011-04-10,20.4,13.3,34.92,12:29,14.04,0.0,9.9
2011-04-11,22.6,11.3,39.96,15:40,15.12,0.0,11.8
2011-04-12,24.8,11.8,34.92,00:05,7.92,0.0,11.7
2011-04-13,24.5,11.4,21.96,14:06,6.84,0.0,12.7
2011-04-14,24.4,7.8,33.12,13:06,11.88,0.0,12.4
2011-04-15,24.4,7.5,34.92,14:12,11.16,0.0,12.8
2011-04-16,24.5,9.0,25.92,12:58,7.92,0.0,12.8
2011-04-17,23.4,12.2,21.96,12:35,5.04,0.0,12.6
2011-04-18,22.5,12.3,23.04,14:18,3.96,1.2,9.5
2011-04-19,16.7,13.8,20.16,12:42,2.88,12.8,0.0
2011-04-20,19.6,13.6,19.08,18:20,5.04,1.3,3.0
2011-04-21,21.5,11.8,24.12,10:34,3.96,16.1,4.3
2011-04-22,15.5,12.3,20.88,14:08,6.12,17.5,0.0
2011-04-23,19.5,12.0,41.04,17:03,7.92,1.7,6.4
2011-04-24,21.9,12.2,42.12,15:05,15.12,0.0,12.4
2011-04-25,23.1,12.6,38.16,16:32,10.08,0.0,12.9
2011-04-26,25.4,11.0,37.08,14:22,10.08,0.0,13.0
2011-04-27,26.5,14.6,20.88,00:40,6.84,0.0,13.1
2011-04-28,24.6,11.8,20.16,03:30,2.88,0.0,13.1
2011-04-29,23.3,12.2,21.96,13:40,6.12,0.0,12.8
2011-04-30,21.4,12.6,24.12,13:40,5.04,0.0,2.6
2011-05-01,20.4,10.2,20.88,13:20,9.0,6.2,1.9
2011-05-02,20.8,9.2,27.0,17:30,9.0,0.0,12.1
2011-05-03,19.4,10.4,23.04,16:30,6.84,0.0,11.5
2011-05-04,18.8,9.8,28.08,17:32,5.04,0.0,7.8
2011-05-05,19.6,10.0,28.08,14:26,5.04,0.0,3.4
2011-05-06,21.2,11.6,21.96,14:03,6.12,0.4,5.0
2011-05-07,18.5,12.2,47.16,18:12,10.08,8.0,5.7
2011-05-08,18.2,11.0,33.12,08:46,7.92,1.2,6.7
2011-05-09,20.0,11.0,27.0,13:54,6.12,0.0,12.2
2011-05-10,25.6,9.0,24.84,12:20,9.0,0.0,13.5
2011-05-11,28.0,12.7,21.96,21:36,6.84,0.0,13.7
2011-05-12,26.5,14.6,28.08,12:24,11.88,0.0,13.4
2011-05-13,26.3,14.7,28.08,23:58,7.92,0.0,13.2
2011-05-14,21.5,12.7,59.04,09:27,18.0,0.0,12.1
2011-05-15,24.3,11.1,41.04,00:08,12.96,0.0,13.8
2011-05-16,26.6,12.5,21.96,03:56,6.84,0.0,13.9
2011-05-17,23.5,13.4,19.08,12:10,3.96,0.0,2.7
2011-05-18,26.1,13.5,33.12,12:40,11.88,0.0,9.0
2011-05-19,26.6,15.2,32.04,18:50,11.88,0.0,12.4
2011-05-20,25.6,13.8,23.04,16:40,5.04,0.0,13.2
2011-05-21,20.8,13.7,27.0,12:20,3.96,0.0,5.7
2011-05-22,26.7,10.3,32.04,12:00,11.16,0.0,13.8
2011-05-23,25.3,14.2,28.08,20:00,6.84,0.0,13.8
2011-05-24,30.2,14.0,23.04,16:20,7.92,0.0,12.9
2011-05-25,28.8,16.3,0.0,,5.04,0.0,13.6
2011-05-26,23.4,13.0,47.16,18:46,12.96,0.0,13.8
2011-05-27,26.2,12.1,33.84,05:30,11.88,0.0,13.5
2011-05-28,28.1,12.2,21.96,14:45,6.12,0.0,13.6
2011-05-29,25.5,15.8,21.96,13:38,5.04,0.8,2.3
2011-05-30,23.5,14.7,34.92,17:16,11.16,0.0,5.1
2011-05-31,22.2,13.0,45.0,19:04,15.12,0.0,13.1
2011-06-01,27.2,11.4,39.96,02:50,11.88,0.0,13.8
2011-06-02,26.7,12.6,42.12,14:43,11.88,0.0,13.8
2011-06-03,28.5,12.2,34.92,18:15,9.0,0.0,13.8
2011-06-04,29.7,14.3,29.16,13:09,6.12,0.0,11.8
2011-06-05,26.5,13.9,41.04,15:50,16.92,0.0,13.4
2011-06-06,20.5,12.6,43.92,14:17,14.04,0.0,1.6
2011-06-07,18.3,9.9,33.12,17:23,9.0,0.0,5.5
2011-06-08,18.1,8.1,23.04,17:49,6.84,0.0,4.4
2011-06-09,20.5,10.2,24.84,13:06,6.84,0.0,6.9
2011-06-10,22.6,9.8,24.84,12:47,9.0,0.0,11.7
2011-06-11,21.5,9.5,21.96,12:38,6.12,0.0,8.4
2011-06-12,22.0,12.6,28.08,17:02,6.12,2.8,6.8
2011-06-13,21.5,15.4,21.96,12:41,6.84,3.6,1.7
2011-06-14,20.0,14.4,20.88,13:02,6.12,1.2,2.6
2011-06-15,21.2,14.2,25.92,14:15,6.84,0.8,4.8
2011-06-16,20.9,13.9,24.12,13:51,3.96,2.0,4.1
2011-06-17,17.9,12.3,30.96,09:30,7.92,2.3,2.5
2011-06-18,20.5,11.5,21.96,12:46,5.04,0.0,11.7
2011-06-19,24.7,10.4,21.96,13:54,6.84,0.0,13.0
2011-06-20,22.8,15.0,29.16,15:31,6.12,0.0,6.4
2011-06-21,22.4,13.6,23.04,12:42,5.04,0.0,0.5
2011-06-22,22.4,12.6,29.88,16:20,11.16,0.0,11.1
2011-06-23,24.0,11.6,39.96,13:50,11.88,0.0,12.5
2011-06-24,31.6,10.7,29.16,15:50,7.92,0.0,12.8
2011-06-25,37.0,16.8,21.96,13:50,3.96,0.0,12.7
2011-06-26,30.0,17.2,19.08,20:50,5.04,0.0,10.3
2011-06-27,24.6,16.4,21.96,17:40,5.04,0.0,11.4
2011-06-28,21.8,13.8,50.04,14:10,16.92,0.0,6.2
2011-06-29,25.3,13.0,45.0,06:19,12.96,0.0,13.5
2011-06-30,30.0,12.6,34.92,16:03,9.0,0.0,13.5
2011-07-01,31.5,12.8,19.08,11:37,3.96,0.0,12.0
2011-07-02,22.6,13.0,20.88,17:05,5.04,0.0,11.0
2011-07-03,24.2,16.4,24.12,19:35,5.04,0.0,7.2
2011-07-04,23.0,13.0,27.0,12:28,6.12,3.0,13.2
2011-07-05,21.6,15.0,21.96,11:59,5.04,4.2,4.6
2011-07-06,21.5,14.0,32.04,17:03,9.0,0.0,8.4
2011-07-07,19.9,13.5,25.92,16:40,6.12,1.2,3.0
2011-07-08,17.9,13.3,28.08,05:30,6.12,37.8,0.0
2011-07-09,21.5,16.1,19.08,16:42,3.96,6.4,4.3
2011-07-10,25.5,13.6,21.96,10:43,5.04,0.0,12.5
2011-07-11,24.8,15.1,23.04,08:23,7.92,0.8,6.0
2011-07-12,22.0,12.4,42.84,14:58,18.0,0.1,9.5
2011-07-13,24.4,12.2,27.0,13:20,6.12,0.0,9.6
2011-07-14,25.4,13.4,23.04,13:00,6.84,0.0,13.1
2011-07-15,25.8,14.2,23.04,09:50,7.92,0.4,9.1
2011-07-16,20.0,15.6,24.12,22:40,5.04,0.5,0.0
2011-07-17,21.2,14.0,36.0,17:00,15.84,0.0,7.2
2011-07-18,16.9,13.0,24.84,23:20,2.88,2.5,0.0
2011-07-19,21.6,13.6,32.04,18:50,11.88,0.0,9.3
2011-07-20,23.6,12.0,27.0,10:46,6.12,0.0,4.1
2011-07-21,23.0,15.4,41.04,15:31,15.12,0.0,9.0
2011-07-22,24.9,13.0,41.04,20:58,15.84,0.0,13.6
2011-07-23,27.2,14.7,0.0,,0.0,0.0,13.6
2011-07-24,25.8,13.3,34.92,18:37,12.96,0.0,12.0
2011-07-25,26.7,15.8,30.96,10:40,7.92,0.0,9.5
2011-07-26,27.4,16.1,38.88,14:26,12.96,0.0,12.2
2011-07-27,29.7,14.8,0.0,,0.0,0.0,13.6
2011-07-28,33.0,16.8,0.0,,0.0,0.0,13.6
2011-07-29,26.8,15.2,0.0,,0.0,0.0,11.4
2011-07-30,30.2,14.3,0.0,,0.0,0.0,13.5
2011-07-31,27.3,14.1,0.0,,0.0,0.0,13.6
2011-08-01,24.6,15.3,0.0,,0.0,0.0,7.3
2011-08-02,22.5,14.9,0.0,,0.0,0.0,0.2
2011-08-03,24.0,13.8,0.0,,0.0,0.0,12.6
2011-08-04,22.5,17.8,0.0,,0.0,7.5,0.0
2011-08-05,22.0,16.6,0.0,,0.0,7.0,3.0
2011-08-06,22.5,15.0,0.0,,0.0,1.3,5.0
2011-08-07,22.2,12.2,0.0,,0.0,0.0,10.4
2011-08-08,24.8,11.6,0.0,,0.0,0.0,12.8
2011-08-09,30.0,14.6,0.0,,0.0,0.0,12.8
2011-08-10,31.5,14.0,19.08,13:15,0.0,0.0,13.5
2011-08-11,32.6,14.4,37.08,16:40,11.16,0.0,13.5
2011-08-12,30.5,15.7,38.88,17:20,12.96,0.0,11.7
2011-08-13,26.4,15.0,23.04,11:55,2.88,0.1,10.9
2011-08-14,22.9,18.8,20.88,Varias,1.08,8.3,0.1
2011-08-15,25.5,18.1,20.88,14:20,5.04,0.0,10.9
2011-08-16,26.0,16.0,0.0,,0.0,0.0,12.3
2011-08-17,24.0,16.3,0.0,,0.0,0.0,8.3
2011-08-18,26.6,14.8,0.0,,0.0,0.0,10.1
2011-08-19,30.0,15.4,0.0,,0.0,0.0,12.9
2011-08-20,34.0,20.8,37.08,13:10,5.04,1.8,5.0
2011-08-21,27.2,18.2,37.08,13:10,10.08,44.3,1.4
2011-08-22,19.2,17.6,16.92,13:50,2.88,8.5,0.0
2011-08-23,21.0,14.0,25.92,14:20,9.0,0.0,2.3
2011-08-24,23.0,12.0,0.0,,5.04,0.0,7.4
2011-08-25,19.6,13.7,24.84,18:30,5.04,5.0,0.0
2011-08-26,20.4,12.2,0.0,,0.0,0.0,10.7
2011-08-27,23.5,10.8,0.0,,0.0,0.0,12.8
2011-08-28,23.5,12.0,0.0,,0.0,0.0,12.8
2011-08-29,22.0,11.0,0.0,,0.0,0.0,12.7
2011-08-30,20.5,14.2,0.0,,0.0,11.0,0.2
2011-08-31,19.0,15.8,0.0,,0.0,19.2,0.0
2011-09-01,22.5,16.3,0.0,,0.0,0.1,6.6
2011-09-02,22.3,15.1,0.0,,0.0,0.0,6.5
2011-09-03,21.9,14.9,0.0,,0.0,6.4,4.2
2011-09-04,20.8,14.6,0.0,,0.0,1.1,9.3
2011-09-05,22.0,13.9,0.0,,0.0,0.0,10.5
2011-09-06,23.6,12.2,0.0,,0.0,0.0,12.3
2011-09-07,24.6,13.6,0.0,,0.0,0.0,12.0
2011-09-08,26.0,17.0,0.0,,0.0,0.0,8.2
2011-09-09,21.3,17.5,19.08,17:40,3.96,0.0,0.1
2011-09-10,21.0,16.8,30.96,04:40,5.04,2.3,4.4
2011-09-11,21.0,16.2,27.0,10:40,6.84,4.2,0.0
2011-09-12,22.8,17.0,15.84,09:40,3.96,0.4,5.8
2011-09-13,27.0,14.7,0.0,,0.0,0.0,12.0
2011-09-14,28.2,15.4,0.0,,0.0,0.0,11.8
2011-09-15,23.3,17.1,0.0,,5.04,0.0,11.4
2011-09-16,24.6,15.4,0.0,,0.0,0.0,9.6
2011-09-17,21.7,14.0,0.0,,0.0,0.0,9.1
2011-09-18,20.3,12.3,0.0,,0.0,0.0,10.8
2011-09-19,23.9,11.0,0.0,,0.0,0.0,11.8
2011-09-20,26.0,12.5,0.0,,0.0,0.0,11.9
2011-09-21,24.6,12.5,0.0,,0.0,0.0,8.4
2011-09-22,21.6,13.2,0.0,,0.0,0.1,10.9
2011-09-23,19.0,13.9,0.0,,0.0,0.1,1.2
2011-09-24,20.9,10.0,0.0,,0.0,2.1,2.1
2011-09-25,22.3,14.9,0.0,,0.0,0.0,10.8
2011-09-26,25.0,13.0,0.0,,0.0,0.0,7.5
2011-09-27,24.8,15.8,0.0,,0.0,1.0,2.0
2011-09-28,26.2,17.0,0.0,,0.0,0.4,2.8
2011-09-29,29.4,16.4,0.0,,0.0,0.0,8.9
2011-09-30,25.5,17.4,0.0,,6.12,0.0,3.5
2011-10-01,31.2,18.0,21.96,22:30,6.12,0.0,10.7
2011-10-02,29.5,18.8,20.16,05:20,6.12,0.0,10.7
2011-10-03,26.8,17.5,16.92,07:20,6.12,0.0,10.6
2011-10-04,27.4,15.5,15.12,04:50,3.96,0.0,10.6
2011-10-05,27.4,14.8,18.0,04:50,6.12,0.0,10.3
2011-10-06,23.4,14.6,30.96,11:20,10.08,0.0,6.6
2011-10-07,20.8,13.5,39.96,12:10,12.96,0.0,9.7
2011-10-08,22.1,13.0,37.08,13:50,9.0,0.0,10.7
2011-10-09,24.1,10.8,16.92,23:10,5.04,0.0,10.1
2011-10-10,27.4,14.9,24.12,22:50,7.92,0.0,9.7
2011-10-11,27.7,15.8,20.88,01:20,7.92,0.0,9.8
2011-10-12,26.4,15.0,18.0,23:00,2.16,0.0,8.4
2011-10-13,29.8,16.0,20.16,02:30,5.04,0.0,8.8
2011-10-14,32.2,19.0,25.92,15:30,6.84,0.0,8.9
2011-10-15,29.6,15.6,20.16,04:40,2.16,0.0,8.5
2011-10-16,21.5,11.1,16.92,06:40,2.88,0.0,2.1
2011-10-17,19.8,8.8,20.16,01:40,2.16,0.0,6.6
2011-10-18,20.6,9.2,27.0,11:50,6.84,0.0,6.8
2011-10-19,20.3,12.6,32.04,22:30,6.84,0.0,4.2
2011-10-20,21.2,11.6,28.08,00:50,6.84,0.0,9.2
2011-10-21,21.5,10.5,20.16,23:00,5.04,0.0,9.2
2011-10-22,20.6,9.0,20.16,13:30,6.84,0.0,7.8
2011-10-23,17.0,12.5,63.0,13:30,14.04,73.5,0.0
2011-10-24,15.8,8.4,42.12,11:20,3.96,17.6,4.3
2011-10-25,14.8,7.5,38.16,09:40,3.96,7.0,5.2
2011-10-26,15.0,10.8,60.84,10:50,15.84,69.1,0.0
2011-10-27,15.5,10.6,41.04,13:20,11.16,5.6,0.1
2011-10-28,17.5,8.6,29.16,14:10,6.84,0.0,8.3
2011-10-29,17.8,8.0,19.08,02:00,3.96,0.0,6.2
2011-10-30,18.6,9.2,20.88,03:10,2.88,0.0,4.7
2011-10-31,17.4,9.7,41.04,13:10,6.12,17.6,0.6
2011-11-01,16.0,7.4,21.96,23:20,6.12,0.0,5.7
2011-11-02,17.8,12.7,64.08,09:20,14.04,18.5,0.4
2011-11-03,14.2,10.1,34.92,04:10,9.0,29.8,0.1
2011-11-04,13.0,8.4,20.88,02:30,5.04,2.5,0.1
2011-11-05,14.4,7.2,28.08,13:00,10.08,0.2,4.0
2011-11-06,14.6,6.2,32.04,11:40,6.84,0.0,6.2
2011-11-07,15.8,6.0,16.92,23:10,3.96,0.0,7.7
2011-11-08,14.3,8.6,33.84,20:40,5.04,3.2,0.0
2011-11-09,17.8,12.3,24.12,12:30,5.04,10.3,2.1
2011-11-10,16.9,11.8,55.08,22:10,12.96,43.7,0.0
2011-11-11,15.0,10.8,36.0,00:01,3.96,3.7,1.3
2011-11-12,24.0,10.0,65.88,19:50,11.88,3.8,0.0
2011-11-13,19.8,13.3,64.08,17:50,14.04,10.6,0.8
2011-11-14,16.6,12.5,38.16,13:30,5.04,2.4,0.0
2011-11-15,15.0,10.4,38.16,13:30,6.12,16.6,0.0
2011-11-16,13.6,9.8,19.08,00:01,6.84,2.5,0.3
2011-11-17,15.0,5.9,16.92,06:01,3.96,0.0,6.8
2011-11-18,13.4,8.3,43.92,15:30,6.12,22.9,0.0
2011-11-19,16.3,8.6,30.96,00:30,6.84,3.7,6.7
2011-11-20,16.9,9.9,12.96,16:20,2.16,1.5,4.4
2011-11-21,12.6,9.0,51.12,16:30,2.88,38.9,0.0
2011-11-22,14.5,7.1,32.04,19:50,10.08,0.0,2.4
2011-11-23,19.0,12.0,33.12,02:50,5.04,0.0,7.1
2011-11-24,17.5,9.8,18.0,22:10,3.96,0.0,7.2
2011-11-25,16.6,8.0,18.0,06:40,5.04,0.0,5.6
2011-11-26,15.5,6.8,11.88,00:00,2.88,0.0,7.2
2011-11-27,16.0,5.5,21.96,12:40,6.84,0.0,7.2
2011-11-28,13.6,5.8,20.88,06:50,6.12,0.0,3.8
2011-11-29,14.5,8.5,29.88,08:10,6.84,8.4,0.0
2011-11-30,14.5,11.0,36.0,22:00,6.84,0.1,0.6
2011-12-01,14.6,9.3,47.88,14:00,15.12,16.6,0.7
2011-12-02,12.4,6.3,36.0,00:40,5.04,0.8,4.6
2011-12-03,10.2,5.3,21.96,02:50,5.04,4.8,0.0
2011-12-04,13.1,10.0,14.04,14:20,3.96,6.6,0.0
2011-12-05,14.7,12.4,16.92,03:20,3.96,2.6,0.3
2011-12-06,14.0,10.5,21.96,03:50,2.16,1.7,3.6
2011-12-07,13.5,10.5,9.0,00:20,2.16,1.6,0.0
2011-12-08,13.4,10.1,14.04,03:10,2.88,0.5,0.0
2011-12-09,12.6,10.2,24.12,18:10,2.88,34.9,0.0
2011-12-10,12.1,6.7,24.84,15:10,6.84,5.9,0.1
2011-12-11,10.6,5.4,20.16,21:40,5.04,3.6,0.0
2011-12-12,12.0,6.5,33.12,23:40,5.04,1.3,0.0
2011-12-13,14.3,11.8,33.12,00:20,6.12,19.5,0.0
2011-12-14,12.2,8.8,48.96,15:20,5.04,8.0,1.4
2011-12-15,14.4,9.6,38.16,22:30,6.84,0.8,1.0
2011-12-16,15.0,5.0,57.96,11:20,11.88,7.6,0.2
2011-12-17,10.6,4.8,33.12,14:40,6.12,0.5,1.7
2011-12-18,10.8,3.0,20.16,13:50,6.12,0.0,6.6
2011-12-19,10.5,2.6,16.92,00:20,2.88,0.1,6.0
2011-12-20,11.2,7.6,6.84,01:10,2.16,4.8,0.0
2011-12-21,15.6,9.9,24.12,15:40,6.12,0.0,6.9
2011-12-22,13.2,5.7,19.08,23:59,3.96,0.0,6.9
2011-12-23,13.2,6.2,20.88,22:10,3.96,0.0,2.0
2011-12-24,13.2,5.9,28.08,01:00,5.04,0.0,7.0
2011-12-25,12.0,3.4,15.12,21:40,2.88,0.0,7.0
2011-12-26,12.6,4.1,20.88,06:40,3.96,0.0,7.0
2011-12-27,12.0,3.3,23.04,04:50,6.12,0.0,7.0
2011-12-28,13.0,4.0,33.84,18:50,3.96,0.0,0.7
2011-12-29,12.0,5.6,32.04,15:40,6.12,0.0,6.6
2011-12-30,11.4,3.0,19.08,14:20,5.04,0.0,6.8
2011-12-31,10.9,7.4,11.88,01:40,2.16,6.5,0.0
2012-01-01,12.8,10.0,45.0,15:30,9.0,17.7,0.1
2012-01-02,13.4,8.0,33.12,04:10,6.12,0.8,3.5
2012-01-03,13.4,10.9,25.92,10:30,9.0,7.4,1.2
2012-01-04,14.1,11.5,12.96,00:20,1.08,3.4,0.0
2012-01-05,13.4,9.9,11.88,08:20,2.16,0.0,0.8
2012-01-06,15.2,8.2,30.96,12:40,6.84,0.0,4.5
2012-01-07,15.5,7.5,16.92,08:20,6.12,0.0,6.9
2012-01-08,13.1,4.1,15.84,21:20,2.88,0.0,6.9
2012-01-09,11.7,2.2,16.92,01:10,2.88,0.0,6.9
2012-01-10,12.7,3.7,0.0,,3.96,0.0,
2012-01-11,12.3,3.5,23.04,21:50,3.96,0.0,
2012-01-12,11.8,3.3,20.88,07:10,6.12,0.0,7.0
2012-01-13,11.3,3.1,19.08,00:40,3.96,0.0,5.6
2012-01-14,10.4,2.3,28.08,18:51,6.12,9.0,0.3
2012-01-15,9.5,2.8,20.16,12:31,5.04,12.2,1.8
2012-01-16,10.6,0.6,28.08,13:50,7.92,0.0,6.0
2012-01-17,11.8,3.4,14.04,02:20,2.16,0.0,5.1
2012-01-18,14.5,6.8,15.84,16:40,2.88,0.0,1.8
2012-01-19,14.5,8.2,20.16,14:50,6.12,0.0,
2012-01-20,16.4,9.8,33.12,14:50,7.92,0.0,6.5
2012-01-21,14.4,9.0,25.92,14:20,6.12,0.0,6.9
2012-01-22,15.0,6.5,32.04,14:50,6.84,0.0,6.9
2012-01-23,14.8,9.0,36.0,13:10,7.92,0.0,4.5
2012-01-24,15.0,7.2,16.92,08:10,5.04,0.0,7.0
2012-01-25,14.0,5.2,20.16,05:00,5.04,1.9,5.9
2012-01-26,11.2,5.3,0.0,,0.0,0.4,
2012-01-27,11.4,3.5,0.0,,0.0,0.0,
2012-01-28,12.8,3.4,0.0,,6.12,0.0,
2012-01-29,13.1,5.2,0.0,,6.84,0.0,
2012-01-30,13.3,2.9,18.0,06:40,5.04,0.0,6.4
2012-01-31,11.0,4.9,20.88,07:30,5.04,1.6,0.0
2012-02-01,12.4,6.1,43.92,21:10,3.96,3.7,1.4
2012-02-02,8.4,1.9,47.88,11:00,11.16,0.0,7.1
2012-02-03,8.8,-0.5,38.88,11:40,7.92,0.0,7.4
2012-02-04,9.5,0.0,29.88,13:40,6.12,0.0,7.4
2012-02-05,11.3,1.2,18.0,22:50,2.88,1.2,0.4
2012-02-06,13.5,9.5,30.96,12:20,9.0,0.0,3.1
2012-02-07,13.4,6.6,37.08,16:20,11.88,0.0,3.5
2012-02-08,10.0,3.0,41.04,15:40,14.04,0.0,7.2
2012-02-09,11.2,2.8,37.08,10:40,10.08,0.0,7.7
2012-02-10,14.2,-0.6,24.84,15:10,7.92,0.0,7.7
2012-02-11,13.0,3.6,28.08,15:00,7.92,0.0,7.7
2012-02-12,10.5,0.0,39.96,15:40,12.96,0.0,7.5
2012-02-13,12.0,2.5,34.92,14:40,9.0,0.0,7.2
2012-02-14,11.4,5.0,39.96,14:10,11.16,0.1,
2012-02-15,14.0,4.7,38.16,17:30,11.16,0.0,7.7
2012-02-16,15.4,6.0,38.16,10:00,11.16,0.0,7.7
2012-02-17,13.1,3.7,23.04,00:10,5.04,0.0,7.9
2012-02-18,13.4,3.2,23.04,06:40,6.12,0.0,7.8
2012-02-19,15.5,4.5,28.08,14:00,9.0,0.0,6.5
2012-02-20,14.0,3.5,19.08,14:20,3.96,0.0,8.0
2012-02-21,14.4,3.3,20.16,08:00,5.04,0.0,7.7
2012-02-22,15.0,3.5,19.08,05:20,3.96,0.0,8.0
2012-02-23,18.6,5.2,20.88,22:20,5.04,0.0,8.2
2012-02-24,18.4,7.6,24.84,00:30,3.96,0.0,8.1
2012-02-25,16.4,8.4,20.16,03:00,2.88,0.0,5.1
2012-02-26,15.5,8.6,19.08,13:40,6.12,0.0,6.1
2012-02-27,18.0,6.6,15.12,23:30,5.04,0.0,8.7
2012-02-28,14.4,5.6,21.96,01:20,2.88,0.0,5.4
2012-02-29,16.5,5.5,19.08,05:20,5.04,0.0,8.8
2012-03-01,16.3,5.0,23.04,20:40,2.88,0.0,7.5
2012-03-02,15.0,5.4,27.0,14:01,6.12,1.2,5.5
2012-03-03,14.3,9.5,28.08,03:01,2.88,13.7,2.2
2012-03-04,13.6,6.6,33.84,08:20,9.0,0.8,2.0
2012-03-05,13.8,3.7,23.04,02:10,3.96,0.0,8.7
2012-03-06,14.7,5.5,19.08,07:31,6.12,0.2,7.1
2012-03-07,16.5,10.0,20.88,13:20,6.12,0.0,2.2
2012-03-08,22.0,8.7,38.88,15:30,6.84,0.0,9.1
2012-03-09,20.6,9.0,16.92,15:01,3.96,0.0,9.1
2012-03-10,23.1,11.6,16.92,22:10,3.96,0.0,9.7
2012-03-11,22.4,7.8,19.08,01:50,5.04,0.0,9.9
2012-03-12,21.7,10.2,16.92,03:01,3.96,0.0,10.2
2012-03-13,17.3,7.2,19.08,00:20,6.12,0.0,10.4
2012-03-14,17.7,5.0,15.12,22:30,2.88,0.0,10.5
2012-03-15,19.8,10.0,18.0,15:20,2.88,0.0,10.1
2012-03-16,14.4,8.5,21.96,13:00,6.12,10.0,2.1
2012-03-17,13.4,6.8,52.92,23:50,7.92,12.6,3.9
2012-03-18,11.8,5.0,46.08,00:00,9.0,2.4,7.0
2012-03-19,15.2,2.6,33.84,15:40,9.0,0.0,10.5
2012-03-20,16.2,5.0,23.04,12:50,6.84,0.0,11.1
2012-03-21,15.0,3.4,19.08,12:00,5.04,0.0,11.1
2012-03-22,16.5,3.2,23.04,13:30,5.04,0.0,11.0
2012-03-23,25.0,8.2,29.88,14:10,9.0,0.0,10.2
2012-03-24,22.0,12.5,19.08,00:10,5.04,0.0,8.9
2012-03-25,25.3,14.5,20.16,06:00,6.12,0.0,9.4
2012-03-26,25.4,11.6,21.96,04:50,2.88,0.0,11.0
2012-03-27,25.5,12.1,21.96,00:40,2.88,0.0,11.4
2012-03-28,25.8,13.6,20.88,02:50,6.84,0.0,11.5
2012-03-29,25.4,12.4,21.96,05:00,7.92,0.0,11.3
2012-03-30,25.1,12.5,23.04,14:20,6.12,0.0,11.4
2012-03-31,19.6,10.5,21.96,15:00,5.04,0.0,10.4
2012-04-01,20.0,8.8,19.08,14:40,6.12,0.0,11.3
2012-04-02,17.4,8.3,27.0,19:50,7.92,0.0,3.7
2012-04-03,16.0,8.7,36.0,17:00,9.0,0.0,3.7
2012-04-04,15.8,5.0,48.96,17:10,12.96,0.0,8.8
2012-04-05,13.4,3.8,34.92,14:10,6.12,4.1,8.5
2012-04-06,9.5,4.0,20.88,16:00,5.04,4.4,0.0
2012-04-07,13.4,6.8,24.12,15:40,5.04,0.0,1.5
2012-04-08,18.0,5.0,20.88,14:00,3.96,0.0,12.5
2012-04-09,17.5,7.2,21.96,20:20,5.04,13.2,12.0
2012-04-10,14.0,9.2,36.0,09:30,10.08,2.0,5.9
2012-04-11,11.6,9.2,36.0,23:20,6.84,21.4,0.0
2012-04-12,14.7,8.5,42.84,12:30,11.16,0.7,7.3
2012-04-13,12.4,6.8,36.0,13:30,5.04,23.5,1.3
2012-04-14,13.9,7.2,43.92,19:20,11.16,4.7,5.2
2012-04-15,13.4,4.9,54.0,10:20,10.08,0.7,8.1
2012-04-16,16.1,4.6,32.04,18:40,11.16,0.1,10.7
2012-04-17,13.6,9.0,42.12,17:00,10.08,8.5,3.1
2012-04-18,10.8,8.7,56.88,16:20,6.84,38.8,0.0
2012-04-19,13.8,8.6,45.0,11:00,6.84,10.1,2.4
2012-04-20,16.5,11.0,30.96,04:30,2.88,18.5,2.9
2012-04-21,16.3,8.4,37.08,08:30,7.92,1.0,5.4
2012-04-22,14.6,7.4,23.04,17:20,5.04,5.2,5.3
2012-04-23,12.4,8.3,41.04,16:50,6.84,1.5,1.2
2012-04-24,13.4,6.3,45.0,23:59,6.84,11.9,2.8
2012-04-25,14.0,7.9,65.16,00:10,6.12,9.9,5.1
2012-04-26,12.0,5.9,33.84,11:10,6.12,2.3,6.6
2012-04-27,14.8,6.3,20.88,15:50,3.96,0.0,10.1
2012-04-28,16.3,5.0,30.96,18:41,6.84,0.0,10.4
2012-04-29,16.1,4.5,42.84,13:21,12.96,2.8,9.5
2012-04-30,13.5,6.2,41.04,17:20,5.04,1.6,3.7
2012-05-01,14.6,8.3,48.96,12:40,11.16,1.6,3.2
2012-05-02,14.6,10.5,33.84,14:30,6.84,18.9,0.5
2012-05-03,15.3,10.9,37.08,03:50,10.08,8.8,2.7
2012-05-04,14.9,10.2,29.88,19:20,7.92,7.4,2.6
2012-05-05,15.9,10.5,23.04,12:40,5.04,4.8,6.7
2012-05-06,16.0,9.8,28.08,15:41,6.12,3.4,6.0
2012-05-07,17.2,11.7,48.96,11:21,10.08,20.2,0.3
2012-05-08,16.2,14.8,39.96,16:30,7.92,16.0,0.0
2012-05-09,22.0,14.8,33.12,12:10,3.96,0.0,8.7
2012-05-10,22.6,13.8,20.88,14:50,2.88,0.0,12.3
2012-05-11,25.4,15.4,20.16,07:10,3.96,0.0,7.3
2012-05-12,27.4,14.5,19.08,11:50,6.12,0.0,10.1
2012-05-13,25.0,13.5,19.08,12:40,3.96,0.0,11.1
2012-05-14,20.6,12.6,32.04,16:40,10.08,0.0,5.3
2012-05-15,25.0,6.5,32.04,13:30,9.0,0.0,13.4
2012-05-16,30.4,10.4,0.0,,2.88,0.0,
2012-05-17,18.4,12.4,0.0,,3.96,0.0,
2012-05-18,18.3,12.2,20.88,12:50,5.04,0.3,5.1
2012-05-19,17.5,9.6,27.0,16:20,6.12,3.1,8.8
2012-05-20,16.5,8.0,32.04,18:50,5.04,0.2,5.8
2012-05-21,15.3,7.1,19.08,16:50,2.88,3.8,1.4
2012-05-22,19.0,12.2,19.08,13:20,3.96,0.0,8.4
2012-05-23,24.1,10.5,16.92,05:00,2.88,0.0,13.8
2012-05-24,24.0,15.1,20.88,02:30,2.88,0.0,13.6
2012-05-25,18.6,12.4,29.88,15:10,5.04,5.2,4.8
2012-05-26,18.4,11.5,29.88,13:50,6.84,0.9,6.5
2012-05-27,17.0,11.5,27.0,12:20,6.12,0.6,1.2
2012-05-28,21.0,9.6,20.88,13:20,6.84,0.0,13.5
2012-05-29,22.0,9.8,24.84,14:30,6.12,0.0,12.3
2012-05-30,23.0,11.2,20.88,14:00,3.96,0.0,13.8
2012-05-31,30.2,13.5,18.0,23:20,2.88,0.0,13.9
2012-06-01,31.2,17.0,36.0,05:30,5.04,0.0,10.3
2012-06-02,18.8,14.4,18.0,06:10,2.16,2.4,0.1
2012-06-03,21.6,13.4,19.08,13:10,3.96,0.0,
2012-06-04,23.4,10.8,19.08,12:10,6.12,0.0,12.8
2012-06-05,19.5,16.2,19.08,14:30,3.96,12.0,0.0
2012-06-06,21.8,14.5,34.92,14:00,6.12,11.1,3.6
2012-06-07,19.8,13.3,32.04,02:20,6.12,0.1,6.1
2012-06-08,19.9,12.0,25.92,16:50,3.96,0.0,9.8
2012-06-09,17.4,11.3,34.92,15:10,6.12,7.7,0.0
2012-06-10,18.0,14.2,28.08,01:30,3.96,4.2,0.7
2012-06-11,18.0,13.6,33.84,12:20,7.92,3.8,2.7
2012-06-12,17.9,11.6,29.88,12:50,7.92,0.5,1.6
2012-06-13,20.0,8.9,19.08,16:40,5.04,0.1,12.9
2012-06-14,18.0,12.8,28.08,10:30,3.96,3.1,1.8
2012-06-15,19.0,13.9,45.0,08:50,11.16,12.9,0.0
2012-06-16,20.0,12.8,33.12,01:50,6.12,0.0,11.7
2012-06-17,18.4,9.8,42.84,12:50,9.0,10.7,3.9
2012-06-18,21.3,9.8,36.0,13:50,14.04,0.0,14.0
2012-06-19,22.4,11.0,21.96,14:10,5.04,0.0,
2012-06-20,17.8,13.6,33.12,22:20,6.84,9.2,0.7
2012-06-21,20.4,11.8,29.16,00:05,6.12,0.4,11.7
2012-06-22,21.8,9.5,36.0,17:00,11.88,0.0,13.8
2012-06-23,22.6,10.8,20.16,14:20,3.96,0.0,13.9
2012-06-24,25.0,12.5,18.0,15:00,3.96,0.0,14.0
2012-06-25,31.8,15.5,28.08,15:20,6.12,0.0,14.0
2012-06-26,35.4,17.8,20.88,22:30,2.88,0.0,12.1
2012-06-27,27.0,18.3,29.16,09:50,3.96,0.5,10.1
2012-06-28,22.0,15.0,24.12,14:01,11.16,0.8,6.6
2012-06-29,21.0,14.8,32.04,15:40,5.04,8.5,5.9
2012-06-30,19.2,13.1,28.08,14:40,6.12,0.5,8.4
2012-07-01,20.8,10.5,25.92,11:01,9.0,0.0,12.7
2012-07-02,22.8,12.5,21.96,14:20,5.04,0.0,11.7
2012-07-03,21.6,15.4,19.08,16:40,2.88,2.5,5.0
2012-07-04,19.1,15.0,23.04,16:50,5.04,1.5,1.8
2012-07-05,19.0,13.8,27.0,12:01,3.96,2.0,1.9
2012-07-06,19.3,13.5,20.88,17:30,3.96,4.6,3.4
2012-07-07,19.2,14.7,25.92,03:30,3.96,0.5,5.9
2012-07-08,22.0,14.3,21.96,17:20,5.04,0.0,4.5
2012-07-09,21.6,15.2,27.0,18:40,9.0,0.0,4.9
2012-07-10,21.7,12.7,29.88,16:51,11.16,0.0,8.6
2012-07-11,21.7,11.8,34.92,13:40,11.16,0.0,13.7
2012-07-12,22.1,10.5,27.0,09:40,2.88,0.0,13.8
2012-07-13,18.5,14.6,21.96,07:00,6.12,11.9,0.7
2012-07-14,20.6,13.2,23.04,17:30,5.04,0.2,9.1
2012-07-15,24.6,11.1,29.88,18:30,9.0,0.0,13.8
2012-07-16,30.1,12.1,21.96,18:00,2.88,0.0,13.8
2012-07-17,34.4,17.5,15.12,12:50,3.96,0.0,13.8
2012-07-18,28.6,15.8,29.16,17:40,9.0,0.0,13.8
2012-07-19,26.2,13.8,29.88,17:40,11.16,0.0,13.6
2012-07-20,25.3,13.4,25.92,11:40,6.84,0.0,12.3
2012-07-21,27.6,14.5,29.16,12:20,10.08,0.0,13.8
2012-07-22,29.0,14.2,20.16,15:00,3.96,0.0,13.8
2012-07-23,26.5,14.2,14.04,15:20,3.96,0.0,13.8
2012-07-24,22.8,16.0,20.16,12:40,3.96,0.0,12.3
2012-07-25,23.5,16.0,18.0,20:10,2.88,0.0,
2012-07-26,25.0,15.6,12.96,06:20,2.88,0.0,8.4
2012-07-27,24.2,16.2,21.96,13:40,3.96,0.0,12.7
2012-07-28,24.2,16.4,32.04,09:30,11.16,0.0,13.3
2012-07-29,25.5,12.8,29.16,10:40,7.92,0.0,13.7
2012-07-30,28.4,12.4,25.92,17:40,7.92,0.0,13.6
2012-07-31,22.0,14.4,21.96,16:00,2.88,0.0,2.6
2012-08-01,20.4,15.5,21.96,09:20,3.96,4.6,2.9
2012-08-02,23.4,13.6,25.92,11:30,6.12,0.0,12.9
2012-08-03,24.8,11.8,23.04,16:50,3.96,0.0,13.2
2012-08-04,20.6,12.6,16.92,19:10,3.96,5.0,1.0
2012-08-05,21.4,12.6,23.04,17:40,6.12,0.0,10.6
2012-08-06,22.4,12.1,21.96,16:00,3.96,0.0,11.5
2012-08-07,25.7,11.9,19.08,00:00,2.16,0.0,12.8
2012-08-08,27.5,17.1,20.88,14:20,3.96,0.0,13.3
2012-08-09,28.4,14.6,19.08,03:00,2.88,0.0,12.1
2012-08-10,26.0,16.1,19.08,03:50,3.96,0.0,13.1
2012-08-11,24.3,16.2,20.88,12:10,2.88,0.6,9.3
2012-08-12,23.2,16.6,21.96,17:30,5.04,0.1,7.7
2012-08-13,20.8,17.0,24.12,13:00,6.12,11.7,0.0
2012-08-14,21.1,17.3,46.08,18:10,7.92,13.6,0.3
2012-08-15,21.0,14.6,32.04,12:40,7.92,0.0,7.2
2012-08-16,24.1,13.7,32.04,09:10,6.12,0.0,12.5
2012-08-17,25.2,13.5,21.96,12:30,7.92,0.0,12.7
2012-08-18,26.5,16.4,19.08,12:10,3.96,0.0,10.1
2012-08-19,25.3,18.7,24.84,16:10,3.96,0.0,4.6
2012-08-20,26.9,17.7,19.08,13:50,6.12,0.0,11.4
2012-08-21,25.5,15.4,21.96,12:50,5.04,0.0,10.3
2012-08-22,25.3,16.0,27.0,17:20,10.08,0.0,10.1
2012-08-23,23.9,15.8,18.0,19:51,3.96,0.0,5.8
2012-08-24,19.4,15.5,41.04,12:30,7.92,9.5,0.0
2012-08-25,21.3,14.1,20.88,13:01,5.04,0.0,8.7
2012-08-26,22.2,10.8,18.0,13:30,6.12,0.0,12.5
2012-08-27,22.5,11.4,27.0,20:01,7.92,6.5,5.8
2012-08-28,21.2,14.7,19.08,14:01,5.04,0.0,11.5
2012-08-29,22.0,13.0,23.04,13:00,6.84,0.0,10.4
2012-08-30,23.5,15.0,39.96,11:20,11.88,0.0,12.2
2012-08-31,26.2,14.4,32.04,14:30,9.0,0.0,11.8
2012-09-01,27.2,12.2,23.04,15:40,5.04,0.0,12.1
2012-09-02,30.2,14.0,27.0,15:10,11.88,0.0,12.1
2012-09-03,29.2,16.5,32.04,21:10,10.08,0.0,11.9
2012-09-04,28.2,14.2,36.0,19:30,11.88,0.0,11.1
2012-09-05,29.6,16.2,38.16,00:20,5.04,0.0,11.9
2012-09-06,31.8,19.5,20.88,23:20,3.96,0.0,11.9
2012-09-07,31.2,19.5,25.92,05:30,6.12,0.0,11.6
2012-09-08,23.5,16.6,23.04,11:10,2.88,0.0,10.8
2012-09-09,22.2,17.6,21.96,13:40,3.96,0.0,7.1
2012-09-10,23.8,15.0,24.12,11:20,2.88,2.2,7.1
2012-09-11,24.3,17.4,20.88,15:50,3.96,0.8,6.6
2012-09-12,25.0,14.3,33.12,13:40,7.92,0.0,11.2
2012-09-13,26.1,13.7,33.12,11:00,6.84,0.0,11.8
2012-09-14,27.5,13.3,20.16,13:20,5.04,0.0,11.8
2012-09-15,29.6,14.8,20.88,21:40,2.88,0.0,11.6
2012-09-16,24.4,15.6,19.08,01:00,6.12,0.0,8.7
2012-09-17,22.0,14.3,16.92,12:10,6.12,0.0,3.5
2012-09-18,26.9,14.9,38.16,17:50,6.84,0.0,10.7
2012-09-19,28.4,17.4,33.84,02:20,7.92,0.0,11.2
2012-09-20,27.4,16.5,18.0,13:00,5.04,1.2,10.9
2012-09-21,20.6,14.8,15.12,07:50,2.88,0.2,0.7
2012-09-22,25.2,13.5,60.12,23:20,6.12,8.4,7.1
2012-09-23,20.5,15.8,65.16,19:50,10.08,4.0,0.8
2012-09-24,18.0,14.2,36.0,16:00,3.96,31.0,1.3
2012-09-25,16.2,10.5,47.88,14:10,2.16,31.8,0.0
2012-09-26,17.4,9.5,20.16,12:00,3.96,9.7,4.7
2012-09-27,20.6,9.5,28.08,16:30,9.0,0.0,10.4
2012-09-28,22.9,11.4,39.96,14:50,9.0,0.0,10.1
2012-09-29,21.6,13.6,38.16,08:20,10.08,0.0,10.3
2012-09-30,21.9,11.2,27.0,00:00,2.88,0.0,9.4
2012-10-01,20.0,9.6,18.0,16:50,5.04,0.1,9.2
2012-10-02,19.1,12.0,15.12,04:30,2.88,0.7,0.4
2012-10-03,20.0,12.1,18.0,13:20,2.88,0.0,7.2
2012-10-04,21.0,9.0,19.08,01:20,3.96,0.0,8.7
2012-10-05,21.0,11.7,19.08,01:20,5.04,0.0,8.6
2012-10-06,20.5,14.2,33.84,19:20,5.04,8.2,0.0
2012-10-07,24.5,17.5,16.92,14:10,3.96,4.1,7.9
2012-10-08,21.2,16.3,19.08,04:00,2.88,5.7,0.4
2012-10-09,21.0,17.8,19.08,07:00,3.96,1.2,1.6
2012-10-10,19.8,16.8,21.96,14:10,5.04,11.7,0.0
2012-10-11,17.9,13.5,25.92,23:21,2.16,3.0,0.8
2012-10-12,17.9,10.0,24.12,13:20,10.08,0.0,8.4
2012-10-13,17.0,7.5,24.12,15:10,5.04,12.6,8.3
2012-10-14,17.3,9.2,41.04,15:11,6.84,0.4,4.1
2012-10-15,17.6,9.0,28.08,23:20,3.96,13.0,3.3
2012-10-16,15.7,13.5,36.0,15:10,6.12,27.2,0.0
2012-10-17,15.4,10.9,23.04,09:11,6.12,29.9,0.0
2012-10-18,14.3,7.8,25.92,15:31,5.04,0.0,0.1
2012-10-19,15.9,5.5,20.16,03:01,6.12,0.0,6.3
2012-10-20,17.0,6.6,15.84,12:40,3.96,0.0,8.0
2012-10-21,18.0,7.0,28.08,16:30,6.84,0.7,5.0
2012-10-22,18.4,14.4,14.04,05:50,3.96,6.7,0.5
2012-10-23,25.3,14.9,21.96,18:11,7.92,0.2,7.8
2012-10-24,22.0,15.0,46.08,11:30,7.92,9.2,0.7
2012-10-25,22.8,14.2,30.96,11:50,5.04,7.0,4.2
2012-10-26,20.4,13.2,33.84,15:00,10.08,0.0,7.4
2012-10-27,17.4,9.2,47.88,17:10,14.04,0.0,6.6
2012-10-28,15.2,6.5,36.0,01:30,5.04,0.0,7.7
2012-10-29,16.8,4.2,24.84,23:30,6.12,8.1,5.5
2012-10-30,15.8,8.0,24.84,02:20,7.92,0.0,3.3
2012-10-31,14.6,5.0,23.04,16:30,6.84,12.0,5.2
2012-11-01,15.4,11.7,37.08,08:10,2.88,7.6,2.4
2012-11-02,17.3,11.7,32.04,11:30,5.04,32.2,2.7
2012-11-03,15.6,11.7,23.04,00:10,6.12,6.3,2.4
2012-11-04,13.5,8.6,29.16,13:00,7.92,8.2,3.7
2012-11-05,14.5,7.8,29.16,11:10,2.88,2.9,5.1
2012-11-06,14.9,5.8,37.08,12:20,6.12,0.0,7.4
2012-11-07,14.1,5.7,21.96,17:20,6.12,8.4,4.8
2012-11-08,14.8,9.4,20.16,18:50,5.04,11.5,0.5
2012-11-09,17.0,10.3,16.92,23:40,3.96,12.3,6.8
2012-11-10,13.4,7.1,33.84,15:30,6.84,5.3,3.3
2012-11-11,12.5,5.7,41.04,15:40,6.12,1.6,6.2
2012-11-12,14.5,5.0,20.16,14:40,6.84,0.0,7.0
2012-11-13,14.2,5.7,15.12,08:10,3.96,0.0,7.0
2012-11-14,17.5,5.3,16.92,01:00,3.96,0.0,6.9
2012-11-15,22.5,12.6,36.0,19:50,6.84,1.6,5.9
2012-11-16,18.4,10.5,23.04,01:10,6.84,3.5,4.0
2012-11-17,14.5,11.0,36.0,11:30,7.92,17.6,0.0
2012-11-18,14.4,7.2,24.84,15:30,6.12,0.0,6.9
2012-11-19,14.2,6.5,46.08,22:40,11.16,0.0,
2012-11-20,14.6,9.9,47.88,10:30,11.88,29.8,0.1
2012-11-21,14.4,5.3,20.16,22:10,2.88,0.0,6.3
2012-11-22,11.6,3.5,28.08,20:50,6.12,0.0,2.6
2012-11-23,14.8,10.9,54.0,11:50,11.16,2.7,0.0
2012-11-24,15.5,9.2,55.08,00:20,11.88,2.3,0.0
2012-11-25,11.8,7.0,15.12,02:20,5.04,4.2,1.4
2012-11-26,11.9,5.2,33.12,13:30,6.84,3.0,4.0
2012-11-27,9.4,2.9,28.08,17:10,3.96,7.8,3.6
2012-11-28,10.4,2.2,29.16,14:20,6.12,0.6,3.6
2012-11-29,10.0,4.0,15.84,23:59,2.16,9.1,2.4
2012-11-30,10.9,5.6,29.88,14:50,7.92,1.5,2.5
2012-12-01,11.0,4.0,20.16,15:10,5.04,0.0,5.0
2012-12-02,12.1,3.0,23.04,14:20,3.96,0.0,6.7
2012-12-03,11.0,6.4,20.88,20:20,1.08,21.5,0.0
2012-12-04,11.6,6.7,24.12,01:30,2.88,0.9,3.2
2012-12-05,11.5,5.5,16.92,07:31,5.04,1.2,2.1
2012-12-06,12.2,9.4,39.96,15:01,6.12,27.7,0.1
2012-12-07,13.7,8.0,20.88,17:10,5.04,0.0,1.1
2012-12-08,12.9,4.7,24.84,13:10,6.12,0.0,6.7
2012-12-09,11.0,4.0,19.08,23:51,3.96,0.0,5.5
2012-12-10,11.0,3.8,20.88,06:10,3.96,0.0,4.8
2012-12-11,10.5,3.7,15.84,00:01,5.04,0.0,6.1
2012-12-12,9.7,4.2,21.96,15:21,5.04,16.0,1.2
2012-12-13,14.0,8.6,41.04,00:01,10.08,37.4,0.0
2012-12-14,15.3,11.0,54.0,01:01,9.0,42.5,
2012-12-15,13.0,10.5,33.84,13:50,3.96,5.9,0.0
2012-12-16,15.3,11.4,36.0,11:31,6.84,16.6,0.0
2012-12-17,14.7,10.9,25.92,23:10,7.92,15.6,3.8
2012-12-18,14.6,11.5,27.0,17:30,7.92,13.5,0.0
2012-12-19,13.6,10.9,51.12,20:20,11.88,43.3,0.0
2012-12-20,13.6,10.0,39.96,21:20,6.12,2.6,0.5
2012-12-21,16.2,12.5,33.84,01:40,5.04,2.1,2.8
2012-12-22,15.5,12.8,39.96,11:30,9.0,0.0,1.2
2012-12-23,16.8,11.0,29.16,02:50,6.12,0.0,6.7
2012-12-24,15.2,9.5,47.88,07:40,11.88,36.6,0.0
2012-12-25,12.6,7.0,19.08,15:30,3.96,1.5,3.0
2012-12-26,12.6,5.6,21.96,23:10,5.04,2.7,2.5
2012-12-27,13.0,10.0,23.04,04:41,5.04,1.2,0.6
2012-12-28,14.4,9.8,0.0,,7.92,10.4,6.5
2012-12-29,13.0,9.6,0.0,,0.0,5.9,3.3
2012-12-30,12.9,9.0,0.0,,0.0,2.0,3.1
2012-12-31,11.3,9.5,0.0,,0.0,27.3,0.0
2013-01-01,13.2,8.0,0.0,,0.0,1.2,4.5
2013-01-02,13.7,6.0,0.0,,0.0,0.0,6.7
2013-01-03,15.4,5.8,0.0,,0.0,0.0,6.7
2013-01-04,14.5,6.7,0.0,,0.0,0.0,6.7
2013-01-05,13.1,5.1,0.0,,0.0,0.0,6.7
2013-01-06,12.7,4.6,0.0,,0.0,0.0,6.7
2013-01-07,13.5,4.2,0.0,,0.0,0.0,6.1
2013-01-08,13.5,8.0,0.0,,0.0,3.9,0.0
2013-01-09,13.8,11.0,0.0,,0.0,12.4,0.5
2013-01-10,13.5,7.2,0.0,,0.0,1.6,3.0
2013-01-11,12.4,6.4,0.0,,0.0,12.7,1.2
2013-01-12,10.2,4.8,0.0,,0.0,15.3,1.2
2013-01-13,11.6,4.2,0.0,,0.0,1.6,1.6
2013-01-14,11.2,4.4,0.0,,0.0,0.1,1.8
2013-01-15,10.5,6.5,0.0,,0.0,28.8,1.7
2013-01-16,13.8,9.6,0.0,,0.0,5.9,0.4
2013-01-17,13.7,9.9,0.0,,0.0,59.6,0.0
2013-01-18,14.5,12.7,0.0,,0.0,41.1,0.0
2013-01-19,13.6,6.8,0.0,,0.0,5.4,0.0
2013-01-20,10.9,5.2,0.0,,0.0,15.1,0.0
2013-01-21,10.4,4.0,0.0,,0.0,10.7,6.4
2013-01-22,8.7,2.6,0.0,,0.0,15.1,0.7
2013-01-23,11.0,2.1,18.0,00:00,5.04,10.9,0.0
2013-01-24,12.0,8.1,32.04,00:40,3.96,5.5,6.5
2013-01-25,12.9,7.8,29.16,23:30,2.16,5.9,0.0
2013-01-26,13.7,6.4,24.12,23:50,5.04,7.1,4.6
2013-01-27,13.3,6.5,46.08,16:40,6.84,14.0,0.2
2013-01-28,13.0,6.4,39.96,22:50,9.0,0.0,3.8
2013-01-29,13.6,10.9,56.16,20:20,11.88,0.4,0.2
2013-01-30,13.4,11.6,48.96,00:30,6.12,22.9,0.0
2013-01-31,14.7,12.7,24.84,09:41,6.12,1.8,0.0
2013-02-01,14.0,7.7,47.16,19:11,11.88,19.0,0.0
2013-02-02,10.8,4.5,36.0,12:30,9.0,0.3,4.5
2013-02-03,13.0,3.4,21.96,16:10,5.04,0.0,6.3
2013-02-04,13.7,7.3,20.88,14:40,6.12,0.0,3.9
2013-02-05,13.2,8.4,28.08,14:21,6.84,3.1,3.4
2013-02-06,11.3,5.2,47.88,14:50,11.16,0.7,5.0
2013-02-07,11.4,2.9,29.16,14:10,3.96,0.4,5.9
2013-02-08,12.5,6.0,45.0,13:40,9.0,0.0,6.5
2013-02-09,12.5,5.2,19.08,14:31,2.88,5.7,7.0
2013-02-10,11.6,5.1,55.08,12:50,11.88,17.8,0.8
2013-02-11,9.0,2.3,37.08,16:50,7.92,2.3,3.7
2013-02-12,9.0,3.9,11.88,04:40,2.16,1.9,0.0
2013-02-13,13.6,8.8,15.12,05:10,2.88,0.0,1.1
2013-02-14,14.0,9.0,20.88,15:30,6.12,0.0,0.7
2013-02-15,16.6,7.6,18.0,03:30,2.88,0.0,7.6
2013-02-16,14.4,7.4,18.0,12:50,5.04,0.3,6.0
2013-02-17,12.0,9.2,33.84,12:20,6.84,17.9,0.0
2013-02-18,15.2,8.0,29.16,14:10,6.84,0.0,6.2
2013-02-19,13.6,7.8,14.04,14:00,2.88,0.0,0.4
2013-02-20,13.6,5.5,24.12,20:20,3.96,6.1,
2013-02-21,15.4,9.7,28.08,01:30,5.04,11.3,2.1
2013-02-22,12.2,7.1,36.0,11:30,7.92,23.3,1.1
2013-02-23,8.2,2.9,45.0,00:50,11.88,0.0,0.7
2013-02-24,9.4,0.4,33.12,17:50,10.08,0.5,2.8
2013-02-25,10.3,0.5,43.92,13:10,10.08,0.0,6.6
2013-02-26,12.3,1.5,32.04,16:00,7.92,0.0,6.2
2013-02-27,11.6,3.8,52.92,10:30,11.16,0.0,6.3
2013-02-28,13.4,4.0,37.08,14:10,9.0,0.0,8.7
2013-03-01,13.5,1.7,21.96,23:50,6.12,0.0,8.8
2013-03-02,15.4,4.6,25.92,08:40,3.96,0.0,6.8
2013-03-03,18.5,7.6,24.84,22:50,6.12,0.0,6.2
2013-03-04,16.3,11.8,55.08,21:50,7.92,0.5,0.0
2013-03-05,18.0,12.2,37.08,00:30,6.84,1.4,1.4
2013-03-06,14.7,11.4,37.08,18:10,3.96,6.9,0.3
2013-03-07,14.5,10.4,65.16,12:50,11.16,26.7,0.1
2013-03-08,14.4,11.0,43.92,06:40,11.16,11.1,3.9
2013-03-09,14.6,10.0,51.84,14:00,14.04,11.1,2.0
2013-03-10,14.0,9.0,42.84,01:10,6.12,10.3,2.1
2013-03-11,12.5,8.2,43.92,14:00,9.0,28.3,0.8
2013-03-12,12.0,2.6,43.92,15:00,7.92,11.1,2.2
2013-03-13,9.6,1.5,42.12,12:30,7.92,0.1,7.1
2013-03-14,12.1,1.5,24.12,11:50,3.96,0.3,7.8
2013-03-15,12.5,2.8,16.92,12:40,5.04,4.1,8.4
2013-03-16,9.1,7.0,32.04,11:40,5.04,3.4,0.0
2013-03-17,12.9,6.5,38.88,16:40,11.88,2.9,8.5
2013-03-18,12.0,6.2,32.04,12:50,10.08,0.4,5.0
2013-03-19,12.9,5.1,24.84,14:50,2.88,0.2,5.0
2013-03-20,14.0,3.2,38.88,21:00,10.08,4.1,8.4
2013-03-21,17.0,10.5,59.04,21:00,15.84,12.5,5.3
2013-03-22,13.5,8.9,48.96,04:20,9.0,16.6,3.8
2013-03-23,12.0,7.0,42.12,17:50,7.92,25.3,2.1
2013-03-24,12.9,8.6,47.16,13:50,9.0,16.0,1.6
2013-03-25,14.1,9.2,33.12,04:10,6.12,29.3,0.0
2013-03-26,13.8,12.0,20.88,03:00,2.88,30.9,0.0
2013-03-27,14.6,11.6,19.08,11:01,2.88,20.4,0.9
2013-03-28,14.0,11.2,50.04,20:30,3.96,14.7,0.3
2013-03-29,14.4,12.0,29.16,12:30,5.04,17.8,0.1
2013-03-30,15.5,10.9,24.12,13:20,6.12,0.0,8.1
2013-03-31,17.3,10.5,32.04,23:41,5.04,7.5,3.3
2013-04-01,14.6,8.4,28.08,00:01,5.04,39.7,4.0
2013-04-02,14.5,8.4,27.0,13:10,3.96,1.5,7.1
2013-04-03,13.0,8.2,38.16,13:01,6.84,5.9,0.0
2013-04-04,14.0,5.5,41.04,16:40,10.08,0.0,10.1
2013-04-05,11.0,4.2,42.84,09:40,11.88,0.0,7.5
2013-04-06,13.5,3.0,29.88,16:01,6.84,0.0,10.2
2013-04-07,11.6,6.4,29.88,12:30,3.96,6.0,0.2
2013-04-08,12.8,8.9,42.12,13:01,6.12,13.3,0.1
2013-04-09,13.9,10.0,24.12,14:40,3.96,4.6,1.5
2013-04-10,15.9,10.6,50.04,17:10,9.0,48.6,0.1
2013-04-11,15.3,10.4,48.96,00:00,5.04,15.8,6.1
2013-04-12,15.4,9.5,29.88,05:10,6.12,0.0,5.1
2013-04-13,19.4,11.0,39.96,11:30,10.08,0.0,11.1
2013-04-14,20.2,10.6,27.0,13:00,6.84,8.2,8.3
2013-04-15,16.6,9.2,23.04,12:20,3.96,0.0,11.9
2013-04-16,17.8,6.8,23.04,12:30,5.04,0.0,12.4
2013-04-17,18.6,8.5,21.96,14:00,2.88,0.2,8.9
2013-04-18,17.0,9.4,41.04,17:10,14.04,0.0,12.5
2013-04-19,19.4,7.2,46.08,11:50,10.08,0.0,12.6
2013-04-20,20.4,8.0,18.0,15:50,3.96,0.0,12.4
2013-04-21,21.0,7.4,39.96,16:30,11.88,0.0,10.3
2013-04-22,20.1,9.0,34.92,12:40,11.88,0.0,12.0
2013-04-23,22.7,9.2,20.16,13:30,3.96,0.0,12.7
2013-04-24,23.1,12.5,21.96,03:00,5.04,0.0,12.6
2013-04-25,20.8,12.0,20.16,14:10,6.12,0.0,11.4
2013-04-26,18.0,7.8,52.92,15:30,15.84,0.0,5.7
2013-04-27,12.6,4.5,51.12,13:00,15.12,0.8,9.6
2013-04-28,14.2,2.5,42.84,12:00,12.96,0.0,9.6
2013-04-29,17.0,4.8,55.08,11:50,11.16,0.0,13.2
2013-04-30,13.2,7.2,42.12,11:50,11.16,0.0,0.7
2013-05-01,16.5,8.4,41.04,15:20,7.92,0.0,3.1
2013-05-02,19.2,7.6,37.08,15:00,12.96,0.0,13.2
2013-05-03,22.5,6.7,21.96,00:00,6.12,0.0,13.1
2013-05-04,22.0,9.6,20.88,04:10,5.04,0.0,13.2
2013-05-05,20.8,10.5,21.96,14:00,6.12,0.0,13.0
2013-05-06,15.6,11.0,29.88,23:59,3.96,36.4,0.1
2013-05-07,17.4,12.8,33.84,21:00,7.92,5.7,0.1
2013-05-08,17.0,12.9,27.0,01:20,5.04,2.6,1.8
2013-05-09,16.7,9.7,23.04,12:40,9.0,0.1,4.7
2013-05-10,18.9,7.6,33.84,16:40,11.16,0.0,13.5
2013-05-11,18.3,6.3,36.0,16:10,11.88,0.0,12.1
2013-05-12,22.5,8.6,37.08,18:50,15.12,0.0,
2013-05-13,24.7,8.2,38.88,16:00,11.16,0.0,13.7
2013-05-14,17.5,9.0,37.08,15:00,11.16,8.9,8.1
2013-05-15,15.9,6.8,41.04,17:20,11.88,0.0,9.9
2013-05-16,12.4,6.5,19.08,20:10,2.88,15.9,1.9
2013-05-17,13.2,7.4,27.0,20:50,6.12,7.3,3.9
2013-05-18,15.2,6.8,39.96,14:30,11.16,0.2,7.1
2013-05-19,14.5,5.5,21.96,15:20,5.04,8.9,7.0
2013-05-20,18.2,5.4,32.04,11:40,11.16,0.0,13.2
2013-05-21,19.6,6.4,36.0,14:00,11.16,0.0,13.7
2013-05-22,22.5,11.1,38.16,08:40,10.08,0.0,13.7
2013-05-23,21.7,11.2,42.84,14:50,14.04,0.0,13.6
2013-05-24,20.8,8.7,39.96,21:10,11.88,0.0,13.7
2013-05-25,22.2,9.4,33.84,00:50,14.04,0.0,13.8
2013-05-26,18.3,5.2,33.84,10:01,10.08,0.0,10.7
2013-05-27,17.2,6.0,33.84,22:51,2.88,6.4,6.8
2013-05-28,15.1,8.2,43.92,13:50,9.0,2.2,
2013-05-29,14.9,9.0,38.88,17:01,5.04,3.0,2.1
2013-05-30,18.5,9.0,33.84,18:30,7.92,0.0,7.3
2013-05-31,20.4,10.4,42.12,11:01,12.96,0.0,12.9
2013-06-01,21.5,11.0,42.84,18:20,14.04,0.0,13.7
2013-06-02,24.8,12.3,37.08,16:20,11.16,0.0,13.9
2013-06-03,26.3,10.5,24.84,15:01,3.96,0.0,13.9
2013-06-04,26.5,12.8,23.04,14:50,3.96,0.0,13.8
2013-06-05,21.3,12.2,27.0,14:00,3.96,0.0,13.0
2013-06-06,17.5,12.5,25.92,15:10,3.96,0.0,1.0
2013-06-07,17.6,11.0,24.84,14:40,7.92,3.7,5.7
2013-06-08,15.0,11.2,11.88,15:30,2.16,1.7,0.0
2013-06-09,16.2,13.5,14.04,13:10,2.88,1.1,0.0
2013-06-10,17.0,13.4,25.92,19:30,5.04,1.5,0.1
2013-06-11,18.2,13.5,29.88,04:10,3.96,0.1,1.2
2013-06-12,21.0,14.9,28.08,16:40,5.04,1.2,4.7
2013-06-13,22.4,13.1,30.96,16:10,9.0,1.3,9.1
2013-06-14,20.5,10.5,25.92,15:50,6.12,0.0,13.8
2013-06-15,21.0,12.3,23.04,13:10,6.12,0.0,13.1
2013-06-16,18.2,10.2,33.84,22:50,5.04,22.3,3.0
2013-06-17,15.7,10.0,30.96,12:40,3.96,16.8,1.7
2013-06-18,19.4,10.3,32.04,15:10,10.08,0.1,6.2
2013-06-19,17.7,12.6,32.04,13:00,11.16,0.0,1.9
2013-06-20,17.5,9.3,20.88,12:20,2.88,2.6,5.6
2013-06-21,21.4,13.4,28.08,19:30,6.84,0.0,8.7
2013-06-22,21.7,10.6,21.96,22:30,5.04,0.0,10.6
2013-06-23,22.5,12.2,43.92,20:20,16.92,0.0,14.0
2013-06-24,28.2,11.8,36.0,15:40,7.92,0.0,14.0
2013-06-25,29.6,11.4,30.96,16:50,9.0,0.0,14.0
2013-06-26,30.0,13.2,37.08,20:10,7.92,0.0,
2013-06-27,29.0,14.6,42.84,19:10,10.08,0.0,13.4
2013-06-28,29.4,13.5,37.08,18:10,11.16,0.0,13.6
2013-06-29,33.0,13.0,29.16,16:40,6.12,0.0,14.0
2013-06-30,32.6,16.2,21.96,12:30,5.04,0.0,14.0
2013-07-01,26.5,14.5,37.08,12:10,11.16,0.0,11.4
2013-07-02,24.4,14.4,21.96,12:50,5.04,0.0,13.9
2013-07-03,29.0,14.5,33.12,12:20,12.96,0.0,13.5
2013-07-04,35.1,17.0,29.88,14:40,9.0,0.0,14.0
2013-07-05,38.0,20.3,18.0,12:50,5.04,0.0,14.0
2013-07-06,36.8,21.4,16.92,13:10,2.16,0.0,12.9
2013-07-07,37.1,22.1,16.92,23:20,3.96,0.0,13.7
2013-07-08,35.1,21.0,23.04,15:40,2.88,0.0,13.7
2013-07-09,30.3,19.7,15.84,13:50,5.04,0.0,12.3
2013-07-10,26.0,17.2,15.84,15:00,2.88,0.0,13.3
2013-07-11,25.2,17.3,15.12,14:10,3.96,0.0,11.0
2013-07-12,20.8,17.2,16.92,13:40,2.88,0.0,0.0
2013-07-13,24.4,18.3,19.08,15:00,2.16,0.0,4.5
2013-07-14,26.8,15.7,16.92,13:00,2.88,0.0,13.4
2013-07-15,24.5,16.8,15.12,14:40,3.96,0.0,11.6
2013-07-16,24.5,16.8,15.12,15:40,3.96,0.0,8.9
2013-07-17,29.7,15.4,20.88,21:10,3.96,0.0,13.2
2013-07-18,27.2,14.0,14.04,06:31,2.88,0.0,12.3
2013-07-19,21.7,17.1,16.92,14:40,2.88,0.4,1.3
2013-07-20,21.4,16.0,18.0,14:10,2.88,0.0,4.4
2013-07-21,22.0,14.6,23.04,14:50,2.88,0.0,7.3
2013-07-22,22.3,12.8,20.88,11:01,3.96,0.0,3.0
2013-07-23,23.9,13.8,21.96,13:50,3.96,0.0,12.3
2013-07-24,22.7,17.0,20.88,16:50,3.96,0.3,2.7
2013-07-25,22.0,16.0,23.04,13:01,5.04,0.9,3.5
2013-07-26,22.5,14.3,23.04,13:01,5.04,0.0,9.2
2013-07-27,22.8,15.0,29.88,19:20,5.04,4.1,8.9
2013-07-28,20.3,15.9,28.08,09:40,5.04,22.0,4.4
2013-07-29,22.5,15.2,28.08,12:01,6.12,0.0,11.5
2013-07-30,25.2,12.8,23.04,14:30,3.96,0.0,13.5
2013-07-31,23.6,16.8,19.08,15:20,5.04,0.0,8.3
2013-08-01,24.0,16.5,24.84,14:30,3.96,0.8,11.3
2013-08-02,21.8,16.4,27.0,09:30,7.92,1.1,6.6
2013-08-03,23.5,14.2,21.96,13:30,5.04,0.0,12.2
2013-08-04,24.5,12.6,19.08,13:40,6.12,0.0,12.2
2013-08-05,25.2,17.0,21.96,14:10,3.96,0.0,9.2
2013-08-06,24.5,14.8,25.92,14:50,6.84,0.6,1.7
2013-08-07,21.2,13.0,32.04,15:10,9.0,7.3,3.7
2013-08-08,25.4,14.2,33.12,12:50,10.08,0.0,10.7
2013-08-09,30.4,13.4,33.12,12:00,11.16,0.0,13.5
2013-08-10,33.0,16.1,20.88,17:40,7.92,0.0,13.5
2013-08-11,32.3,17.4,14.04,12:40,3.96,0.0,13.2
2013-08-12,28.2,17.6,38.88,16:30,6.84,0.0,13.2
2013-08-13,29.7,19.9,36.0,11:00,9.0,0.0,13.1
2013-08-14,32.0,16.7,20.88,14:10,6.84,0.0,13.0
2013-08-15,27.4,17.2,20.88,23:10,2.88,0.0,13.1
2013-08-16,27.6,16.6,27.0,13:30,6.84,0.0,9.5
2013-08-17,26.3,15.8,21.96,15:40,6.84,0.0,13.3
2013-08-18,27.8,15.6,30.96,13:30,7.92,0.0,13.2
2013-08-19,30.0,16.4,36.0,16:00,11.88,0.0,13.3
2013-08-20,32.4,14.8,16.92,14:50,2.88,0.0,12.9
2013-08-21,23.0,16.7,18.0,12:00,3.96,0.0,12.5
2013-08-22,22.0,16.8,19.08,13:20,3.96,0.0,4.3
2013-08-23,25.0,15.4,41.04,23:00,5.04,0.0,12.2
2013-08-24,25.2,15.6,41.04,15:00,12.96,0.0,12.8
2013-08-25,26.0,14.5,42.12,13:50,11.88,0.0,12.7
2013-08-26,26.4,15.6,50.04,21:00,14.04,0.0,12.7
2013-08-27,28.8,17.6,38.88,16:30,11.88,0.0,12.4
2013-08-28,28.8,18.1,41.04,00:40,11.88,0.0,12.9
2013-08-29,29.4,16.2,34.92,15:20,10.08,0.0,13.1
2013-08-30,29.2,14.6,27.0,18:20,5.04,0.0,12.8
2013-08-31,30.8,14.0,30.96,15:00,9.0,0.0,12.7
2013-09-01,32.5,15.4,29.16,16:40,10.08,0.0,12.7
2013-09-02,31.6,17.8,20.16,22:10,2.88,0.0,12.0
2013-09-03,30.0,17.9,20.16,00:40,2.88,0.0,12.1
2013-09-04,29.4,17.6,23.04,05:20,3.96,0.0,9.7
2013-09-05,23.3,17.5,32.04,04:00,2.88,0.0,1.1
2013-09-06,23.0,15.3,37.08,12:10,10.08,0.0,6.5
2013-09-07,22.5,13.6,42.12,16:00,11.16,0.0,12.3
2013-09-08,23.2,11.5,33.12,12:40,9.0,0.0,12.3
2013-09-09,25.5,9.9,28.08,12:50,6.84,0.0,12.3
2013-09-10,26.2,16.7,45.0,22:00,11.16,0.0,12.1
2013-09-11,27.9,15.2,45.0,06:11,11.88,0.0,12.3
2013-09-12,27.0,12.8,20.88,11:40,2.88,0.0,12.3
2013-09-13,30.0,15.9,19.08,15:20,2.88,0.0,12.2
2013-09-14,24.4,14.8,33.12,11:10,12.96,0.0,10.7
2013-09-15,27.0,15.2,37.08,13:01,15.84,0.0,12.0
2013-09-16,25.0,12.6,38.16,15:01,9.0,0.0,11.7
2013-09-17,23.5,13.2,36.0,13:01,9.0,0.0,12.0
2013-09-18,23.0,15.6,27.0,10:20,7.92,0.0,5.1
2013-09-19,26.3,16.9,38.16,19:50,11.88,0.0,11.8
2013-09-20,28.6,16.4,32.04,15:10,9.0,0.0,10.7
2013-09-21,30.9,15.6,18.0,23:51,2.88,0.0,10.8
2013-09-22,32.3,20.0,21.96,00:30,3.96,0.0,11.6
2013-09-23,25.5,17.0,23.04,14:40,2.88,0.0,11.3
2013-09-24,24.0,16.5,23.04,10:20,2.16,2.5,3.4
2013-09-25,20.7,15.2,16.92,11:10,2.88,5.2,0.6
2013-09-26,23.5,14.2,38.88,21:00,5.04,12.9,5.3
2013-09-27,20.2,16.6,55.08,05:50,10.08,46.3,0.2
2013-09-28,19.0,16.0,32.04,10:40,6.84,13.7,0.0
2013-09-29,19.8,16.5,43.92,21:10,6.12,5.5,0.4
2013-09-30,20.6,17.0,29.16,21:40,2.16,8.5,0.2
2013-10-01,21.2,17.2,33.12,00:50,2.88,0.0,6.0
2013-10-02,21.2,16.1,19.08,23:50,3.96,23.0,0.6
2013-10-03,20.6,15.8,48.96,09:40,7.92,0.4,3.3
2013-10-04,19.6,14.7,24.84,13:10,2.16,3.1,6.0
2013-10-05,21.5,12.4,16.92,14:20,3.96,0.0,8.6
2013-10-06,23.0,11.2,16.92,23:00,3.96,0.0,10.1
2013-10-07,23.5,13.7,21.96,05:20,5.04,0.0,9.9
2013-10-08,23.6,13.1,19.08,07:40,6.84,0.0,9.5
2013-10-09,24.7,12.2,23.04,14:10,6.84,0.0,8.8
2013-10-10,24.0,11.3,27.0,15:30,3.96,0.0,8.3
2013-10-11,21.0,10.9,29.16,18:20,6.12,0.0,8.9
2013-10-12,19.5,9.4,15.12,12:30,2.88,0.0,2.3
2013-10-13,17.7,13.0,15.12,10:10,2.16,9.4,0.0
2013-10-14,20.0,14.7,20.88,22:20,2.88,29.8,0.0
2013-10-15,19.6,15.8,29.16,02:10,3.96,5.9,0.0
2013-10-16,18.8,14.6,32.04,02:30,3.96,10.8,1.2
2013-10-17,19.8,13.0,18.0,03:20,2.16,0.1,0.4
2013-10-18,18.5,15.5,39.96,08:30,7.92,11.5,0.4
2013-10-19,19.4,14.2,30.96,02:40,6.12,6.0,3.3
2013-10-20,20.2,14.8,30.96,10:20,6.84,5.8,4.1
2013-10-21,18.0,15.5,59.04,17:50,14.04,64.9,0.2
2013-10-22,19.8,15.2,43.92,13:40,9.0,14.0,3.1
2013-10-23,20.2,15.0,36.0,20:40,6.84,8.2,3.1
2013-10-24,18.2,15.3,36.0,23:50,10.08,30.4,0.0
2013-10-25,18.4,14.2,36.0,00:00,6.12,0.6,0.5
2013-10-26,18.5,12.9,33.12,11:00,6.12,0.0,3.9
2013-10-27,19.2,14.7,39.96,23:40,6.84,23.8,0.5
2013-10-28,16.4,9.9,41.04,01:50,7.92,2.5,2.0
2013-10-29,15.4,7.3,32.04,13:20,7.92,1.7,5.8
2013-10-30,15.1,5.9,20.16,22:10,3.96,0.0,9.0
2013-10-31,16.0,7.5,20.88,23:20,2.16,1.4,0.0
2013-11-01,17.6,14.2,29.88,10:50,3.96,44.0,0.0
2013-11-02,17.9,12.7,24.12,00:00,2.88,22.0,0.0
2013-11-03,16.3,9.5,20.88,23:00,6.12,17.8,3.8
2013-11-04,16.5,13.5,61.92,10:30,7.92,10.7,0.0
2013-11-05,16.5,15.4,20.16,00:40,2.88,15.9,0.0
2013-11-06,16.7,14.3,20.88,09:30,5.04,2.5,0.0
2013-11-07,16.8,14.0,33.12,19:10,10.08,12.5,0.0
2013-11-08,15.5,7.7,33.84,13:21,7.92,1.8,1.7
2013-11-09,15.3,7.2,21.96,14:40,5.04,18.1,0.0
2013-11-10,16.2,12.3,12.96,23:01,2.88,0.4,0.3
2013-11-11,16.9,11.8,32.04,13:25,6.84,0.0,5.7
2013-11-12,17.0,10.7,33.12,12:20,11.88,0.0,6.4
2013-11-13,18.9,12.0,42.12,16:01,9.0,0.0,7.7
2013-11-14,15.5,10.6,43.92,17:10,10.08,0.0,7.5
2013-11-15,13.9,7.6,50.04,16:30,12.96,0.0,1.4
2013-11-16,14.0,6.0,38.88,16:20,10.08,0.0,7.4
2013-11-17,14.4,9.0,43.92,06:40,11.16,0.0,5.2
2013-11-18,13.8,8.3,21.96,12:50,6.12,0.8,1.4
2013-11-19,13.5,7.0,45.0,14:30,9.0,0.0,4.9
2013-11-20,12.0,2.6,25.92,13:00,6.84,0.1,7.3
2013-11-21,11.8,6.0,12.96,22:40,2.16,0.0,0.4
2013-11-22,13.8,5.6,30.96,13:20,6.12,0.0,7.2
2013-11-23,13.2,5.2,25.92,18:20,6.84,0.0,7.1
2013-11-24,13.8,5.6,42.12,15:10,7.92,0.0,7.0
2013-11-25,14.5,6.6,37.08,11:30,6.84,0.0,7.0
2013-11-26,12.5,7.0,39.96,11:20,10.08,0.0,1.1
2013-11-27,13.2,6.5,28.08,15:20,6.84,0.0,6.9
2013-11-28,12.4,3.7,27.0,13:10,9.0,0.0,7.0
2013-11-29,12.8,1.7,21.96,20:20,5.04,0.0,6.9
2013-11-30,14.0,7.0,36.0,13:30,9.0,0.0,5.4
2013-12-01,13.6,4.4,24.84,00:50,6.12,0.0,7.1
2013-12-02,11.6,1.7,19.08,22:20,5.04,0.0,6.8
2013-12-03,11.9,2.6,23.04,22:30,6.12,0.0,6.7
2013-12-04,13.0,3.4,20.88,07:40,3.96,0.0,6.7
2013-12-05,14.2,4.2,16.92,16:00,3.96,0.0,6.8
2013-12-06,12.2,3.6,9.0,18:10,2.16,0.0,6.4
2013-12-07,11.8,2.6,19.08,23:50,2.16,0.0,6.7
2013-12-08,11.1,2.4,24.12,02:00,3.96,0.0,6.7
2013-12-09,12.0,1.8,23.04,08:00,6.12,0.0,6.7
2013-12-10,13.4,3.8,19.08,04:20,2.88,0.0,3.2
2013-12-11,16.4,7.6,33.12,21:10,2.88,0.0,0.3
2013-12-12,16.6,12.8,32.04,18:10,6.12,0.1,0.2
2013-12-13,14.8,6.6,33.12,02:40,5.04,2.6,0.2
2013-12-14,13.2,4.6,20.88,01:20,2.88,0.0,6.6
2013-12-15,15.0,6.0,20.88,19:40,5.04,0.0,7.2
2013-12-16,15.2,9.5,33.12,21:40,7.92,19.6,4.6
2013-12-17,12.8,8.8,21.96,00:10,1.08,1.0,1.5
2013-12-18,15.0,7.5,46.08,14:10,10.08,31.7,0.0
2013-12-19,11.7,4.5,51.12,07:50,10.08,5.1,0.9
2013-12-20,10.6,2.6,19.08,06:00,3.96,0.0,6.7
2013-12-21,11.3,4.1,33.84,20:10,3.96,2.2,0.0
2013-12-22,12.6,9.2,32.04,23:30,3.96,0.0,1.3
2013-12-23,14.7,10.9,61.92,18:30,11.16,18.1,0.0
2013-12-24,14.3,7.7,91.08,04:40,11.88,22.5,0.0
2013-12-25,9.7,5.2,65.16,12:20,9.0,12.7,0.1
2013-12-26,14.1,5.2,36.0,16:40,9.0,3.8,0.8
2013-12-27,15.4,9.5,54.0,16:40,11.16,10.5,0.0
2013-12-28,10.4,4.9,42.12,12:00,5.04,5.0,2.7
2013-12-29,10.6,3.8,36.0,23:30,6.12,0.0,1.7
2013-12-30,11.1,9.5,51.12,20:40,11.16,5.6,0.0
2013-12-31,13.1,10.5,47.88,00:20,6.12,3.4,0.0
2014-01-01,14.0,10.2,47.16,07:10,15.12,16.6,0.0
2014-01-02,15.1,10.6,29.16,11:10,6.84,20.4,0.0
2014-01-03,14.2,11.2,42.84,23:10,6.12,16.4,0.5
2014-01-04,12.2,7.1,65.88,09:30,14.04,18.3,1.8
2014-01-05,15.0,7.5,48.96,23:40,12.96,29.5,0.0
2014-01-06,14.3,11.3,57.96,02:05,7.92,11.6,0.0
2014-01-07,14.8,10.8,32.04,01:20,10.08,9.5,1.6
2014-01-08,14.4,12.4,47.88,08:50,10.08,10.4,0.0
2014-01-09,13.3,10.5,11.88,11:30,3.96,0.0,0.3
2014-01-10,13.8,7.8,14.04,15:01,2.88,0.0,2.4
2014-01-11,13.8,6.1,15.84,06:51,2.88,0.5,6.8
2014-01-12,13.3,8.2,39.96,09:30,6.12,17.9,0.0
2014-01-13,11.2,7.0,34.92,15:51,9.0,28.3,0.0
2014-01-14,13.8,11.0,39.96,06:50,6.84,2.2,0.3
2014-01-15,12.8,8.2,41.04,16:20,9.0,24.4,0.0
2014-01-16,11.0,7.2,52.92,12:20,6.12,17.0,2.0
2014-01-17,10.0,7.2,45.0,04:00,11.16,12.2,0.0
2014-01-18,9.0,5.4,24.12,23:40,2.88,15.5,0.6
2014-01-19,9.0,3.8,29.88,17:10,2.88,3.5,4.0
2014-01-20,11.4,4.4,15.84,04:50,3.96,0.7,3.2
2014-01-21,11.4,7.5,25.92,09:30,3.96,13.1,0.0
2014-01-22,11.0,6.0,30.96,16:20,9.0,1.5,3.0
2014-01-23,12.8,5.1,14.04,05:20,2.88,0.1,1.8
2014-01-24,10.7,7.7,12.96,02:40,2.16,3.1,0.0
2014-01-25,13.2,10.6,9.0,10:10,2.16,1.2,0.0
2014-01-26,12.6,10.2,33.12,20:20,3.96,4.0,0.0
2014-01-27,10.3,5.6,50.04,15:50,11.16,13.2,0.2
2014-01-28,11.9,5.1,68.04,14:10,10.08,21.1,1.5
2014-01-29,10.4,5.4,42.12,17:00,5.04,1.2,3.8
2014-01-30,10.7,3.3,25.92,14:40,3.96,12.3,0.7
2014-01-31,12.8,9.2,45.0,23:20,2.88,24.0,0.0
2014-02-01,11.0,4.3,65.88,00:30,5.04,8.2,2.8
2014-02-02,10.2,3.8,42.12,23:40,10.08,17.3,2.8
2014-02-03,9.8,5.3,73.08,05:50,9.0,14.7,1.3
2014-02-04,12.6,6.2,72.0,14:10,12.96,26.8,0.0
2014-02-05,11.9,6.6,65.88,01:10,7.92,9.3,0.4
2014-02-06,14.6,7.5,81.0,12:30,15.84,19.0,0.0
2014-02-07,12.2,7.0,63.0,22:40,11.88,16.4,1.4
2014-02-08,12.8,6.6,69.12,17:50,7.92,5.3,2.6
2014-02-09,13.8,6.2,64.08,23:30,11.16,19.1,0.0
2014-02-10,10.2,3.8,65.16,01:20,11.16,10.7,5.5
2014-02-11,12.8,5.0,45.0,10:00,9.0,5.9,2.1
2014-02-12,13.6,4.6,48.96,09:10,6.12,4.0,0.2
2014-02-13,15.2,12.4,51.84,22:50,6.84,0.3,0.8
2014-02-14,15.5,7.7,64.08,09:30,12.96,29.7,0.0
2014-02-15,10.9,3.7,43.92,16:20,6.12,6.9,1.3
2014-02-16,10.6,1.6,30.96,22:20,6.12,2.5,6.1
2014-02-17,11.0,6.5,51.84,05:40,9.0,21.2,2.2
2014-02-18,12.1,4.0,15.12,14:40,2.88,0.1,4.2
2014-02-19,13.8,7.3,20.16,22:20,3.96,4.1,0.0
2014-02-20,14.0,6.9,33.84,12:10,7.92,5.0,0.2
2014-02-21,11.0,3.4,32.04,23:10,6.12,8.2,0.7
2014-02-22,13.5,8.3,29.16,00:10,5.04,0.0,2.2
2014-02-23,15.3,9.6,42.12,12:40,10.08,1.8,1.1
2014-02-24,12.4,8.3,37.08,22:50,6.84,5.4,1.1
2014-02-25,11.7,7.4,68.04,15:00,7.92,12.0,0.6
2014-02-26,13.0,4.0,33.84,00:30,5.04,28.6,1.9
2014-02-27,15.6,9.4,23.04,07:10,5.04,2.1,2.8
2014-02-28,11.9,9.4,42.12,11:20,9.0,15.7,0.0
2014-03-01,13.0,8.8,33.84,21:40,5.04,14.7,0.0
2014-03-02,13.0,8.5,51.12,17:51,6.12,7.8,0.0
2014-03-03,11.9,7.0,68.04,09:20,20.88,7.6,0.0
2014-03-04,12.5,6.8,24.12,20:50,6.12,8.5,0.0
2014-03-05,15.3,7.8,27.0,16:10,6.12,0.0,4.7
2014-03-06,17.9,5.6,15.84,14:01,3.96,0.0,10.7
2014-03-07,20.6,6.6,20.88,14:01,5.04,0.0,10.4
2014-03-08,22.0,10.5,19.08,02:41,3.96,0.0,10.5
2014-03-09,22.9,11.7,20.16,04:40,5.04,0.0,4.7
2014-03-10,25.3,12.8,37.08,19:10,6.12,0.0,11.2
2014-03-11,22.0,9.8,21.96,00:50,6.84,0.0,10.5
2014-03-12,22.0,9.2,20.16,06:00,2.16,0.0,10.5
2014-03-13,19.0,8.8,23.04,15:20,6.12,0.0,10.8
2014-03-14,15.5,7.0,16.92,12:40,2.16,0.0,4.4
2014-03-15,19.5,6.4,15.12,21:00,3.96,0.0,11.0
2014-03-16,22.2,7.5,23.04,13:10,3.96,0.0,11.2
2014-03-17,16.8,9.4,21.96,00:40,5.04,0.0,11.2
2014-03-18,15.2,9.4,43.92,14:30,10.08,0.0,8.4
2014-03-19,20.6,6.6,24.12,00:50,3.96,0.0,11.5
2014-03-20,15.9,7.9,23.04,13:00,5.04,5.3,3.6
2014-03-21,13.9,10.0,23.04,14:40,3.96,10.0,1.1
2014-03-22,12.1,6.6,42.12,11:20,6.84,1.7,6.7
2014-03-23,13.5,3.7,20.88,15:10,5.04,1.3,9.2
2014-03-24,14.5,8.7,51.12,14:40,10.08,9.9,4.6
2014-03-25,11.7,6.1,51.12,14:40,11.16,6.1,0.6
2014-03-26,12.4,5.4,42.84,14:00,7.92,0.7,6.0
2014-03-27,12.4,2.5,23.04,11:10,6.84,0.0,2.9
2014-03-28,14.7,5.2,19.08,01:30,3.96,0.7,1.5
2014-03-29,14.8,6.4,18.0,12:10,3.96,0.0,6.2
2014-03-30,12.5,8.0,42.84,08:10,10.08,20.9,0.6
2014-03-31,16.1,8.4,43.92,23:00,7.92,6.8,2.8
2014-04-01,14.2,9.3,47.88,02:00,7.92,26.3,0.0
2014-04-02,16.4,9.2,33.84,04:20,3.96,4.4,5.1
2014-04-03,14.8,7.8,25.92,15:40,3.96,4.0,7.3
2014-04-04,15.0,8.5,38.88,09:50,6.84,12.0,0.0
2014-04-05,14.6,13.5,15.84,17:40,5.04,3.5,0.0
2014-04-06,16.6,12.8,24.84,23:50,5.04,0.3,1.1
2014-04-07,16.5,11.5,27.0,05:10,2.88,0.8,0.4
2014-04-08,20.6,9.0,33.12,13:40,11.16,0.0,12.4
2014-04-09,26.8,11.0,33.84,20:00,3.96,0.0,8.7
2014-04-10,27.5,13.0,30.96,13:40,6.12,0.0,8.4
2014-04-11,22.9,11.2,39.96,15:00,9.0,0.0,12.5
2014-04-12,22.2,9.1,38.88,00:00,7.92,0.0,11.9
2014-04-13,23.5,11.1,15.84,23:50,2.16,0.0,11.4
2014-04-14,23.4,13.2,19.08,04:00,6.12,0.0,2.8
2014-04-15,24.5,14.8,20.88,12:30,6.12,0.0,7.8
2014-04-16,21.3,11.4,23.04,15:00,5.04,0.0,11.8
2014-04-17,23.2,10.4,19.08,21:50,2.16,0.0,12.7
2014-04-18,16.1,12.1,18.0,00:30,2.16,0.0,0.4
2014-04-19,16.4,11.8,28.08,15:50,6.12,0.0,1.4
2014-04-20,15.4,9.3,18.0,13:50,3.96,8.7,2.7
2014-04-21,16.2,6.7,24.12,15:50,2.88,0.4,3.6
2014-04-22,18.6,9.1,25.92,18:10,6.12,9.0,4.3
2014-04-23,16.5,9.3,30.96,00:41,3.96,4.1,11.2
2014-04-24,14.9,7.7,43.92,14:01,10.08,10.8,5.5
2014-04-25,14.1,7.2,41.04,16:10,5.04,33.1,0.1
2014-04-26,16.8,9.7,37.08,14:10,6.84,0.1,9.9
2014-04-27,16.0,8.4,23.04,11:30,3.96,3.5,0.0
2014-04-28,17.9,11.2,20.88,13:01,2.88,2.0,2.1
2014-04-29,16.1,12.1,15.12,06:21,2.16,4.0,0.0
2014-04-30,17.0,12.0,16.92,10:50,2.16,2.2,0.0
2014-05-01,20.0,10.3,29.88,13:40,11.16,0.0,12.3
2014-05-02,22.8,10.7,37.08,18:51,11.88,0.0,12.0
2014-05-03,24.3,8.5,23.04,00:11,2.88,0.0,13.9
2014-05-04,25.5,12.0,18.0,22:20,3.96,0.0,13.4
2014-05-05,19.4,10.7,20.88,13:51,3.96,0.0,4.3
2014-05-06,16.9,11.9,16.92,15:50,2.88,0.9,0.8
2014-05-07,22.2,10.2,19.08,12:40,5.04,0.0,9.0
2014-05-08,21.2,10.5,21.96,13:10,5.04,0.0,12.1
2014-05-09,23.4,13.0,20.16,12:50,5.04,0.0,12.9
2014-05-10,19.6,14.8,16.92,13:10,2.16,0.0,1.7
2014-05-11,21.0,10.8,29.16,12:20,10.08,0.0,13.3
2014-05-12,20.4,8.0,41.04,17:30,15.84,0.0,13.5
2014-05-13,20.6,9.0,42.12,14:30,10.08,0.0,13.9
2014-05-14,27.0,10.8,24.12,10:10,5.04,0.0,13.3
2014-05-15,29.7,15.1,19.08,15:20,3.96,0.0,13.8
2014-05-16,29.6,13.6,20.16,15:30,3.96,0.0,14.1
2014-05-17,28.5,11.1,18.0,11:40,2.88,0.0,14.2
2014-05-18,23.3,12.9,23.04,16:40,3.96,0.0,12.1
2014-05-19,14.5,7.8,21.96,16:10,3.96,4.6,2.0
2014-05-20,14.5,7.8,36.0,13:10,6.84,9.0,2.5
2014-05-21,12.3,9.6,38.16,08:40,10.08,35.5,0.0
2014-05-22,16.1,9.9,47.16,02:00,3.96,6.6,4.0
2014-05-23,15.6,7.6,23.04,13:00,11.16,2.2,8.6
2014-05-24,16.0,7.6,27.0,15:30,9.0,0.0,6.3
2014-05-25,16.0,6.6,29.88,12:00,5.04,2.2,7.2
2014-05-26,17.4,6.0,27.0,14:20,3.96,0.0,1.4
2014-05-27,17.4,9.0,20.88,19:30,3.96,4.2,1.4
2014-05-28,17.5,12.6,19.08,15:10,2.88,6.8,2.2
2014-05-29,16.6,11.8,18.0,10:50,2.16,4.2,0.0
2014-05-30,20.0,9.2,34.92,13:50,11.16,0.0,12.3
2014-05-31,22.0,9.8,41.04,17:10,14.04,0.0,13.8
2014-06-01,24.0,9.2,27.0,00:20,6.84,0.0,14.0
2014-06-02,22.5,11.5,23.04,10:40,5.04,0.0,12.2
2014-06-03,20.5,11.5,20.88,13:20,3.96,0.7,6.5
2014-06-04,19.6,10.9,23.04,16:00,6.84,0.0,6.1
2014-06-05,19.2,9.5,42.12,19:20,6.84,11.8,0.0
2014-06-06,17.0,13.0,47.16,09:00,11.88,10.6,0.4
2014-06-07,19.7,13.2,42.12,12:10,10.08,9.3,0.6
2014-06-08,18.8,13.5,28.08,15:30,3.96,6.4,4.4
2014-06-09,19.7,13.1,24.12,10:30,5.04,0.0,5.3
2014-06-10,21.0,11.4,23.04,13:00,6.12,0.0,10.9
2014-06-11,25.5,11.5,16.92,06:20,2.88,0.0,11.9
2014-06-12,29.4,15.8,18.0,05:30,2.88,0.0,11.5
2014-06-13,29.0,17.3,28.08,23:10,5.04,0.0,11.4
2014-06-14,29.8,16.4,41.04,15:30,10.08,0.0,12.0
2014-06-15,30.0,17.8,33.12,09:30,9.0,0.0,12.0
2014-06-16,28.9,13.5,28.08,15:10,6.12,0.0,12.5
2014-06-17,29.0,17.4,20.16,14:50,5.04,0.0,12.5
2014-06-18,24.4,15.6,19.08,01:40,2.88,0.0,10.1
2014-06-19,23.6,16.5,20.88,12:40,2.88,0.0,3.0
2014-06-20,22.6,15.3,15.12,13:31,3.96,2.2,1.3
2014-06-21,23.3,13.9,33.12,10:30,5.04,1.2,4.2
2014-06-22,24.5,13.5,21.96,12:01,3.96,3.4,9.1
2014-06-23,25.2,14.1,21.96,12:11,3.96,0.8,5.0
2014-06-24,23.5,14.7,24.12,13:21,7.92,0.0,3.0
2014-06-25,20.6,14.7,15.84,00:51,2.16,0.0,0.0
2014-06-26,22.4,13.4,23.04,13:50,3.96,0.0,7.0
2014-06-27,22.8,14.1,23.04,12:31,2.88,13.1,7.2
2014-06-28,21.0,12.8,39.96,08:01,6.12,0.0,8.9
2014-06-29,22.5,12.3,21.96,14:40,3.96,0.0,10.5
2014-06-30,20.5,11.3,28.08,00:01,3.96,8.9,2.3
2014-07-01,20.1,14.2,30.96,15:10,2.88,8.8,1.4
2014-07-02,24.2,13.7,43.92,17:10,10.08,0.0,12.4
2014-07-03,27.5,14.5,36.0,17:00,11.16,0.0,13.4
2014-07-04,23.5,14.6,18.0,11:20,3.96,0.8,11.2
2014-07-05,20.6,16.5,25.92,11:20,3.96,19.6,0.6
2014-07-06,21.6,14.0,30.96,19:40,9.0,0.0,6.9
2014-07-07,22.4,12.0,24.84,16:30,2.88,1.6,12.3
2014-07-08,22.0,14.5,36.0,18:10,10.08,0.0,7.7
2014-07-09,24.6,14.4,39.96,12:30,11.88,0.0,13.1
2014-07-10,26.9,15.1,41.04,00:20,11.16,0.0,13.0
2014-07-11,28.4,15.4,32.04,14:30,11.16,0.0,13.0
2014-07-12,28.0,15.6,36.0,14:30,11.16,0.0,13.1
2014-07-13,26.0,14.5,29.88,14:50,6.84,0.0,13.1
2014-07-14,28.5,16.8,32.04,12:30,14.04,0.0,13.2
2014-07-15,28.0,15.9,15.12,10:50,2.88,0.0,13.5
2014-07-16,28.0,16.4,12.96,12:20,5.04,0.0,13.2
2014-07-17,22.1,15.5,25.92,15:10,5.04,0.0,5.7
2014-07-18,20.6,12.6,21.96,12:30,3.96,47.9,0.0
2014-07-19,21.4,16.2,25.92,13:40,5.04,2.1,4.3
2014-07-20,22.8,15.8,21.96,13:20,2.88,2.3,8.6
2014-07-21,25.4,13.3,19.08,17:10,5.04,0.0,13.5
2014-07-22,27.0,14.8,14.04,02:30,3.96,0.0,13.7
2014-07-23,24.0,16.2,19.08,16:00,5.04,0.0,8.7
2014-07-24,26.5,18.5,30.96,18:00,10.08,0.0,5.5
2014-07-25,27.1,16.5,33.84,13:10,11.16,0.0,13.6
2014-07-26,30.3,18.2,30.96,14:00,9.0,0.0,13.4
2014-07-27,27.2,17.5,25.92,23:59,3.96,0.0,13.7
2014-07-28,27.2,18.3,36.0,14:30,11.88,0.0,13.0
2014-07-29,27.2,16.9,37.08,13:00,12.96,0.0,13.9
2014-07-30,31.0,15.5,27.0,15:10,9.0,0.0,13.8
2014-07-31,25.3,16.6,15.12,11:10,3.96,0.0,13.3
2014-08-01,22.0,16.5,18.0,14:30,2.88,17.6,2.3
2014-08-02,21.5,16.5,19.08,08:20,3.96,2.8,3.0
2014-08-03,22.2,14.7,24.12,13:30,6.12,0.0,5.9
2014-08-04,23.4,11.7,20.16,14:00,6.12,0.0,13.8
2014-08-05,24.4,14.4,19.08,14:00,6.84,0.0,12.6
2014-08-06,25.0,17.1,19.08,14:20,3.96,2.8,6.9
2014-08-07,23.0,19.2,15.12,14:20,2.88,1.7,1.0
2014-08-08,24.0,18.6,21.96,13:30,2.88,9.1,0.6
2014-08-09,23.0,18.4,29.16,15:50,2.88,7.1,3.0
2014-08-10,21.6,16.4,28.08,22:30,6.12,6.5,0.3
2014-08-11,23.0,13.6,29.16,10:40,7.92,0.0,13.5
2014-08-12,21.0,14.2,24.12,20:00,5.04,1.3,0.0
2014-08-13,21.8,12.0,33.12,17:31,11.16,0.0,9.0
2014-08-14,23.0,12.5,30.96,14:10,10.08,0.0,13.0
2014-08-15,24.6,12.6,30.96,13:01,9.0,0.0,13.3
2014-08-16,26.7,14.8,34.92,16:20,11.16,0.0,13.4
2014-08-17,29.5,14.2,15.84,14:10,3.96,0.0,13.4
2014-08-18,28.6,14.6,29.88,21:50,10.08,0.0,13.3
2014-08-19,26.0,14.6,28.08,16:30,6.84,0.0,13.0
2014-08-20,24.0,12.5,14.04,14:40,3.96,0.0,12.4
2014-08-21,23.5,12.5,12.96,10:51,2.88,0.0,12.1
2014-08-22,24.5,12.5,34.92,16:41,10.08,0.0,13.0
2014-08-23,24.4,11.5,20.16,18:51,3.96,0.0,12.5
2014-08-24,23.3,12.7,20.88,14:30,3.96,0.0,13.1
2014-08-25,22.0,12.6,20.88,23:30,2.88,3.6,0.0
2014-08-26,21.7,19.2,27.0,12:30,6.12,13.4,0.0
2014-08-27,25.3,18.2,21.96,15:00,2.88,1.2,4.4
2014-08-28,22.2,14.8,19.08,15:40,3.96,0.0,5.0
2014-08-29,24.0,13.0,32.04,13:20,10.08,0.0,10.7
2014-08-30,26.5,13.6,19.08,20:10,3.96,0.0,9.2
2014-08-31,28.5,15.8,12.96,23:20,2.16,0.0,12.5
2014-09-01,29.2,16.6,18.0,02:40,3.96,0.0,12.4
2014-09-02,30.0,19.2,16.92,05:00,3.96,0.0,12.0
2014-09-03,22.0,18.4,18.0,16:20,2.88,0.0,1.8
2014-09-04,22.5,17.7,19.08,12:50,3.96,0.0,0.0
2014-09-05,23.7,15.0,18.0,16:40,6.12,0.0,11.5
2014-09-06,24.5,15.8,25.92,16:50,3.96,0.0,3.5
2014-09-07,21.5,17.3,20.88,16:30,2.88,4.5,3.8
2014-09-08,26.8,16.0,19.08,13:30,6.12,0.0,11.1
2014-09-09,25.5,16.4,16.92,11:50,2.88,0.0,11.0
2014-09-10,25.2,17.2,23.04,04:00,3.96,0.0,7.7
2014-09-11,27.4,18.6,32.04,18:10,9.0,0.0,10.6
2014-09-12,25.4,18.0,21.96,13:30,3.96,0.4,0.5
2014-09-13,26.7,16.9,19.08,15:30,2.88,0.3,10.8
2014-09-14,23.4,15.6,24.12,10:30,6.12,0.3,4.2
2014-09-15,24.2,17.0,25.92,10:10,5.04,5.2,2.9
2014-09-16,25.0,17.5,50.04,14:10,10.08,33.0,5.3
2014-09-17,21.0,17.4,46.08,21:20,7.92,21.3,2.5
2014-09-18,18.8,16.4,59.04,06:30,12.96,36.0,0.0
2014-09-19,20.2,16.6,32.04,13:50,6.84,18.5,0.2
2014-09-20,22.6,16.5,28.08,01:00,6.12,0.2,5.5
2014-09-21,26.0,15.0,23.04,17:40,6.12,0.0,10.3
2014-09-22,23.6,15.6,25.92,17:20,6.12,0.0,0.7
2014-09-23,23.0,15.6,32.04,22:30,5.04,0.0,6.7
2014-09-24,22.0,14.4,34.92,12:00,9.0,0.0,11.5
2014-09-25,23.3,11.3,23.04,00:20,2.88,0.0,11.3
2014-09-26,26.1,13.4,20.88,04:00,5.04,0.0,11.4
2014-09-27,24.6,15.0,21.96,00:40,5.04,0.2,7.9
2014-09-28,22.1,14.9,15.84,12:20,2.16,0.0,5.3
2014-09-29,22.1,12.4,20.88,06:40,6.84,0.0,10.8
2014-09-30,23.5,11.6,23.04,15:00,7.92,0.0,10.9
2014-10-01,25.9,12.9,24.12,13:10,6.84,0.0,10.4
2014-10-02,26.5,14.5,15.12,13:50,2.88,0.0,10.4
2014-10-03,25.6,15.5,20.88,07:20,6.12,0.0,10.2
2014-10-04,20.4,13.7,21.96,20:40,6.84,2.1,0.6
2014-10-05,19.4,10.5,20.88,01:10,3.96,0.1,8.2
2014-10-06,18.2,12.7,29.88,14:20,3.96,11.2,0.0
2014-10-07,20.0,15.0,24.12,09:30,5.04,10.4,1.1
2014-10-08,19.2,12.0,28.08,09:40,6.12,21.5,0.0
2014-10-09,18.5,11.0,21.96,09:50,2.88,1.2,1.6
2014-10-10,20.0,11.0,18.0,06:50,5.04,1.1,3.5
2014-10-11,20.0,11.5,15.12,02:20,5.04,1.0,1.6
2014-10-12,19.2,13.9,24.12,14:21,6.84,5.2,0.6
2014-10-13,15.0,11.6,32.04,16:41,9.0,13.0,0.2
2014-10-14,19.2,10.4,33.12,20:10,6.12,6.9,5.4
2014-10-15,20.0,15.0,32.04,02:40,6.12,21.9,0.0
2014-10-16,17.6,14.8,28.08,15:51,3.96,108.1,0.0
2014-10-17,20.1,16.0,47.16,10:20,9.0,0.3,0.3
2014-10-18,22.2,17.6,30.96,08:50,9.0,0.0,4.9
2014-10-19,24.3,15.8,20.16,22:40,5.04,0.0,3.4
2014-10-20,26.5,17.0,21.96,05:40,7.92,0.0,6.9
2014-10-21,26.2,16.4,24.12,01:10,2.88,0.0,7.5
2014-10-22,25.3,13.7,21.96,20:20,5.04,0.0,8.4
2014-10-23,24.2,15.0,24.84,03:10,3.96,0.0,1.5
2014-10-24,25.8,16.0,20.16,08:30,3.96,0.0,3.4
2014-10-25,26.4,15.6,16.92,22:20,2.88,0.0,7.0
2014-10-26,24.8,16.0,19.08,23:50,5.04,0.0,6.9
2014-10-27,23.2,13.4,20.88,03:40,2.88,0.0,6.2
2014-10-28,23.5,15.2,27.0,13:40,5.04,0.0,5.4
2014-10-29,23.4,14.2,20.16,04:00,3.96,0.0,4.1
2014-10-30,24.2,13.8,18.0,03:00,2.16,0.0,6.0
2014-10-31,22.8,15.4,25.92,15:40,2.88,6.4,0.2
2014-11-01,17.9,10.7,16.92,11:50,2.16,0.0,6.1
2014-11-02,15.4,10.4,16.92,12:40,2.88,8.6,0.0
2014-11-03,15.8,8.7,48.96,12:30,11.16,47.5,0.0
2014-11-04,11.5,7.5,29.16,05:20,3.96,4.2,2.3
2014-11-05,13.8,6.4,16.92,05:10,6.12,2.4,3.1
2014-11-06,16.3,8.4,38.88,20:20,7.92,7.1,0.0
2014-11-07,16.1,11.0,33.12,02:40,2.88,1.7,4.4
2014-11-08,13.2,7.9,37.08,14:20,6.12,50.0,0.0
2014-11-09,13.5,7.0,14.04,15:20,5.04,0.4,4.1
2014-11-10,13.2,8.0,28.08,06:30,6.84,19.9,0.0
2014-11-11,15.1,9.9,39.96,15:10,3.96,21.7,2.0
2014-11-12,16.0,10.0,54.0,23:50,6.84,21.3,1.5
2014-11-13,17.8,11.0,47.88,00:10,11.16,25.5,4.3
2014-11-14,12.6,8.5,36.0,18:50,11.16,33.2,0.5
2014-11-15,15.0,8.0,50.04,08:40,5.04,8.2,1.1
2014-11-16,13.2,10.2,42.84,20:50,6.84,7.4,0.0
2014-11-17,14.2,8.4,23.04,00:10,5.04,0.0,1.2
2014-11-18,15.2,9.2,46.08,13:00,9.0,8.5,0.0
2014-11-19,15.4,11.0,25.92,17:50,6.12,1.9,0.8
2014-11-20,19.0,13.5,29.88,15:00,6.84,3.1,0.2
2014-11-21,19.5,12.9,20.88,05:40,6.12,3.2,2.2
2014-11-22,16.0,12.5,30.96,13:40,6.84,12.1,0.0
2014-11-23,14.6,10.9,51.12,16:10,11.88,5.3,1.3
2014-11-24,17.5,11.1,27.0,11:00,7.92,0.0,7.0
2014-11-25,14.9,8.7,20.88,14:20,5.04,0.0,0.8
2014-11-26,14.2,7.8,15.84,20:20,5.04,0.0,1.9
2014-11-27,14.4,6.2,48.96,18:10,12.96,5.8,1.1
2014-11-28,13.3,7.2,25.92,00:00,7.92,0.6,0.3
2014-11-29,14.5,5.2,29.88,14:10,6.84,0.0,4.3
2014-11-30,18.9,11.8,64.08,12:40,12.96,0.0,5.3
2014-12-01,14.8,11.1,33.84,11:10,7.92,0.0,2.4
2014-12-02,14.3,9.9,36.0,20:40,9.0,0.0,2.0
2014-12-03,12.3,8.6,42.84,03:00,11.88,0.0,0.9
2014-12-04,12.4,5.6,21.96,12:30,6.84,0.0,3.5
2014-12-05,12.4,4.2,27.0,16:20,6.12,0.2,5.1
2014-12-06,12.2,5.2,29.16,12:50,6.84,0.0,6.7
2014-12-07,11.4,7.5,19.08,11:31,5.04,0.0,1.1
2014-12-08,13.5,7.0,21.96,14:30,3.96,0.2,2.6
2014-12-09,12.6,6.4,32.04,12:41,6.84,0.0,2.2
2014-12-10,13.7,6.0,18.0,02:41,2.88,0.0,0.9
2014-12-11,13.3,6.3,19.08,14:11,3.96,0.0,6.6
2014-12-12,11.7,6.3,48.96,22:30,11.88,31.3,0.0
2014-12-13,10.6,6.7,54.0,18:50,9.0,3.3,0.0
2014-12-14,12.0,6.4,42.84,10:30,11.16,0.0,3.9
2014-12-15,11.7,5.0,11.88,02:30,3.96,6.8,0.2
2014-12-16,13.6,9.5,20.16,06:51,6.12,1.1,0.0
2014-12-17,13.2,10.4,21.96,04:10,5.04,0.0,0.0
2014-12-18,12.7,9.1,20.16,15:40,6.12,0.0,0.0
2014-12-19,11.5,7.8,16.92,05:00,2.16,0.0,0.0
2014-12-20,15.0,8.8,12.96,16:10,2.88,0.0,0.5
2014-12-21,14.2,7.6,12.96,20:50,2.16,0.0,7.3
2014-12-22,12.2,4.5,15.84,23:50,5.04,0.0,6.0
2014-12-23,11.6,5.0,20.16,04:10,5.04,0.0,0.0
2014-12-24,13.2,8.4,15.84,04:10,3.96,0.0,0.0
2014-12-25,14.8,7.6,23.04,06:50,5.04,0.0,2.6
2014-12-26,13.6,5.7,24.12,14:10,2.88,0.0,6.2
2014-12-27,12.9,5.1,15.84,23:50,2.16,1.3,0.5
2014-12-28,12.8,5.8,34.92,08:10,7.92,0.1,3.7
2014-12-29,11.0,3.8,25.92,00:00,9.0,0.0,6.8
2014-12-30,11.1,2.7,27.0,03:40,5.04,0.0,6.7
2014-12-31,11.6,2.8,20.16,08:00,5.04,0.0,3.7
2015-01-01,12.4,2.6,21.96,23:10,2.16,0.0,6.8
2015-01-02,12.5,3.9,21.96,02:10,6.12,0.0,0.6
2015-01-03,13.2,4.0,20.88,08:30,5.04,0.0,6.7
2015-01-04,12.5,4.5,15.12,01:00,3.96,0.0,6.9
2015-01-05,13.5,5.5,15.12,00:10,2.88,0.0,3.7
2015-01-06,13.4,6.2,18.0,21:00,3.96,0.0,4.2
2015-01-07,12.1,4.2,16.92,05:20,2.88,0.0,4.9
2015-01-08,12.6,4.5,19.08,05:40,2.16,0.0,1.7
2015-01-09,13.8,5.4,16.92,08:30,5.04,0.0,7.5
2015-01-10,11.2,3.4,15.84,23:40,2.88,0.1,6.0
2015-01-11,15.4,7.6,18.0,16:10,2.88,0.0,6.2
2015-01-12,13.6,5.6,29.16,23:59,3.96,0.0,4.9
2015-01-13,12.0,6.8,33.84,07:00,9.0,16.2,0.0
2015-01-14,12.4,7.0,46.08,23:50,9.0,1.1,0.5
2015-01-15,11.4,5.6,50.04,10:30,10.08,51.0,0.0
2015-01-16,9.4,3.4,33.12,00:20,6.12,3.4,0.9
2015-01-17,8.5,2.7,34.92,15:50,6.84,7.0,0.1
2015-01-18,9.6,5.2,51.84,19:00,6.84,6.7,0.0
2015-01-19,9.8,3.1,21.96,13:10,6.12,5.1,4.9
2015-01-20,9.0,4.0,29.88,13:30,5.04,3.6,2.1
2015-01-21,10.1,3.1,41.04,13:10,10.08,3.7,1.5
2015-01-22,10.3,6.1,27.0,02:00,2.88,1.0,0.0
2015-01-23,12.5,7.7,14.04,13:00,5.04,0.0,1.0
2015-01-24,14.9,8.2,25.92,14:40,5.04,0.0,5.6
2015-01-25,13.4,4.3,21.96,15:10,5.04,0.0,5.8
2015-01-26,12.5,2.0,28.08,23:20,9.0,0.0,4.7
2015-01-27,15.2,6.5,28.08,15:30,7.92,0.0,6.0
2015-01-28,11.6,5.7,24.12,00:11,2.88,2.0,0.0
2015-01-29,12.9,8.9,46.08,18:40,11.88,28.6,0.0
2015-01-30,13.2,11.8,72.0,21:50,11.88,30.3,0.0
2015-01-31,12.0,4.0,65.88,00:30,14.04,2.3,3.6
2015-02-01,9.0,2.4,25.92,16:01,3.96,28.5,2.7
2015-02-02,10.9,6.0,42.12,18:01,11.88,7.2,0.3
2015-02-03,9.5,4.0,52.92,14:20,10.08,5.4,0.8
2015-02-04,8.1,1.5,39.96,17:20,10.08,0.0,7.3
2015-02-05,10.1,0.6,30.96,15:01,3.96,0.0,7.0
2015-02-06,7.7,1.7,36.0,12:30,9.0,0.0,4.5
2015-02-07,9.5,3.4,38.88,12:40,10.08,0.0,4.2
2015-02-08,12.9,1.1,45.0,17:50,11.88,0.0,8.0
2015-02-09,14.5,4.4,33.84,00:50,5.04,0.0,8.0
2015-02-10,15.3,5.0,19.08,22:01,2.16,0.0,9.0
2015-02-11,12.5,4.4,20.88,06:30,2.88,0.4,1.0
2015-02-12,12.6,6.4,18.0,13:20,5.04,1.5,3.0
2015-02-13,12.0,7.2,42.84,10:40,7.92,2.0,0.0
2015-02-14,11.8,8.4,36.0,22:10,10.08,9.9,0.0
2015-02-15,12.4,9.2,38.16,01:50,2.88,0.7,0.6
2015-02-16,12.2,5.6,42.12,21:00,6.12,2.0,1.5
2015-02-17,12.4,5.2,46.08,14:50,11.16,0.0,8.7
2015-02-18,13.8,3.6,27.0,14:00,6.84,0.0,8.3
2015-02-19,13.4,3.9,20.88,07:50,3.96,0.5,1.1
2015-02-20,11.9,7.3,20.88,11:20,5.04,24.0,0.0
2015-02-21,12.8,6.7,38.16,16:10,11.88,0.0,4.4
2015-02-22,11.1,6.1,12.96,22:50,2.88,8.0,0.0
2015-02-23,12.5,6.3,72.0,16:20,14.04,7.1,1.7
2015-02-24,11.9,4.9,46.08,15:40,6.84,1.7,2.1
2015-02-25,12.7,7.6,20.16,16:50,3.96,0.4,0.0
2015-02-26,11.9,9.8,29.88,23:30,3.96,1.5,0.0
2015-02-27,12.8,6.1,29.88,02:00,7.92,3.2,1.4
2015-02-28,13.0,8.0,16.92,23:50,2.16,10.1,0.0
2015-03-01,13.3,11.6,23.04,12:20,6.12,24.7,0.0
2015-03-02,13.2,11.7,25.92,01:40,2.88,21.9,0.0
2015-03-03,13.7,8.4,28.08,18:30,5.04,8.9,0.0
2015-03-04,14.5,7.0,39.96,11:20,11.16,0.0,10.4
2015-03-05,19.4,4.0,23.04,05:50,5.04,0.0,10.5
2015-03-06,17.6,6.2,19.08,23:40,5.04,0.0,10.6
2015-03-07,21.6,7.6,24.12,03:00,7.92,0.0,10.8
2015-03-08,20.2,6.8,23.04,07:00,7.92,0.0,10.4
2015-03-09,17.4,7.8,19.08,03:30,6.12,0.0,10.6
2015-03-10,15.0,6.2,20.88,14:50,6.12,0.0,9.1
2015-03-11,16.0,9.2,23.04,15:50,6.12,0.0,4.5
2015-03-12,13.4,9.2,30.96,20:30,2.88,0.7,0.0
2015-03-13,15.1,7.0,38.16,17:50,11.88,0.0,11.0
2015-03-14,14.2,5.5,41.04,11:10,11.16,0.0,11.4
2015-03-15,12.8,6.1,36.0,17:10,9.0,0.0,8.8
2015-03-16,16.0,2.4,21.96,12:30,3.96,0.0,11.5
2015-03-17,15.0,6.8,16.92,12:10,2.88,0.0,3.3
2015-03-18,18.8,9.2,38.16,15:20,10.08,0.0,7.3
2015-03-19,18.0,10.4,42.12,12:40,10.08,0.0,3.7
2015-03-20,18.0,9.4,60.12,17:20,15.12,0.0,7.3
2015-03-21,18.8,8.4,48.96,05:40,11.16,0.0,11.7
2015-03-22,16.3,7.7,50.04,10:20,11.88,0.0,11.8
2015-03-23,13.0,6.2,48.96,17:50,14.04,0.0,9.9
2015-03-24,13.7,6.2,52.92,15:00,18.0,0.0,9.7
2015-03-25,13.6,4.6,42.84,12:30,14.04,1.9,10.6
2015-03-26,12.6,6.5,19.08,16:20,2.16,4.4,0.0
2015-03-27,15.5,10.7,14.04,04:01,2.16,0.0,0.7
2015-03-28,14.9,9.5,19.08,12:40,3.96,0.6,1.2
2015-03-29,15.3,10.0,21.96,14:50,2.88,0.8,3.3
2015-03-30,16.3,10.1,21.96,13:11,6.84,0.0,7.3
2015-03-31,18.9,9.3,37.08,18:11,14.04,0.0,8.3
2015-04-01,23.3,9.5,36.0,14:40,10.08,0.0,12.5
2015-04-02,27.0,10.1,23.04,11:30,6.84,0.0,10.2
2015-04-03,25.5,11.4,37.08,13:40,11.88,0.0,9.8
2015-04-04,23.7,8.9,33.84,01:10,6.84,0.0,12.4
2015-04-05,25.3,11.0,16.92,13:40,2.16,0.0,12.5
2015-04-06,20.4,9.3,14.04,00:01,2.88,0.0,11.6
2015-04-07,25.1,10.0,23.04,15:30,5.04,0.0,12.3
2015-04-08,22.7,12.0,23.04,14:10,6.12,6.4,6.7
2015-04-09,18.8,11.0,14.04,13:40,2.16,0.4,3.3
2015-04-10,16.6,9.8,21.96,13:10,3.96,2.6,5.9
2015-04-11,18.8,8.4,21.96,14:30,6.84,0.0,12.6
2015-04-12,24.6,9.0,21.96,14:10,5.04,0.0,12.6
2015-04-13,27.4,13.6,37.08,12:30,9.0,0.4,10.6
2015-04-14,25.5,16.0,20.88,02:30,2.88,0.0,2.6
2015-04-15,18.5,12.4,29.88,04:10,2.88,3.8,0.0
2015-04-16,13.8,11.4,15.84,15:00,2.88,8.4,0.0
2015-04-17,14.8,9.7,29.16,15:30,6.12,10.6,0.5
2015-04-18,14.0,9.0,27.0,03:40,5.04,12.3,1.9
2015-04-19,17.6,8.6,20.16,14:40,6.12,0.0,11.3
2015-04-20,19.0,8.4,20.88,13:20,2.88,0.0,8.3
2015-04-21,20.6,9.8,16.92,15:00,3.96,1.5,7.5
2015-04-22,15.4,9.4,21.96,15:00,3.96,2.7,5.3
2015-04-23,20.0,8.2,20.88,12:20,6.12,4.3,9.8
2015-04-24,16.3,11.1,24.12,14:30,6.12,4.2,0.3
2015-04-25,17.5,12.6,27.0,03:20,9.0,17.9,1.0
2015-04-26,17.0,11.8,28.08,13:50,2.88,5.8,2.6
2015-04-27,17.8,9.3,25.92,12:30,3.96,10.6,2.2
2015-04-28,17.1,7.6,16.92,12:30,5.04,0.0,6.3
2015-04-29,18.0,6.8,24.12,16:20,6.12,0.0,9.8
2015-04-30,16.0,13.2,29.16,12:30,11.16,31.2,0.0
2015-05-01,16.2,13.0,32.04,00:50,6.84,9.4,0.0
2015-05-02,17.2,14.0,33.12,13:30,7.92,19.4,0.0
2015-05-03,18.4,14.2,36.0,05:00,6.12,17.6,3.6
2015-05-04,19.0,11.0,61.92,16:10,15.84,10.6,1.5
2015-05-05,16.0,8.8,27.0,14:20,6.12,6.3,7.5
2015-05-06,17.2,6.6,24.12,15:30,6.12,0.0,10.8
2015-05-07,20.1,10.5,29.88,19:50,5.04,11.5,5.9
2015-05-08,18.0,13.4,25.92,15:20,5.04,0.5,1.3
2015-05-09,20.0,12.5,18.0,16:20,5.04,0.0,8.2
2015-05-10,20.5,12.3,15.12,14:30,5.04,0.0,6.6
2015-05-11,22.4,11.1,12.96,15:50,2.88,0.0,12.2
2015-05-12,27.4,11.8,24.12,15:10,5.04,0.0,10.9
2015-05-13,20.4,14.7,29.16,17:10,6.12,3.0,2.2
2015-05-14,16.4,11.6,43.92,16:10,11.88,0.0,5.8
2015-05-15,19.9,8.6,37.08,15:10,11.16,0.0,10.3
2015-05-16,25.5,10.5,32.04,09:00,11.88,0.0,14.4
2015-05-17,28.3,12.0,30.96,16:10,9.0,0.0,14.3
2015-05-18,22.2,11.8,43.92,17:10,15.12,0.0,13.4
2015-05-19,16.6,10.2,41.04,14:40,12.96,0.0,5.5
2015-05-20,17.2,9.6,36.0,17:40,10.08,0.0,3.1
2015-05-21,21.5,8.9,42.12,18:50,7.92,0.0,13.6
2015-05-22,23.3,10.6,45.0,17:40,14.04,0.0,13.4
2015-05-23,24.5,11.0,38.88,03:10,15.12,0.0,13.4
2015-05-24,24.9,13.6,41.04,14:50,12.96,0.0,13.4
2015-05-25,26.6,13.4,42.84,20:40,10.08,0.0,13.5
2015-05-26,27.7,12.0,38.16,09:01,11.16,0.0,13.5
2015-05-27,28.8,14.0,37.08,13:10,9.0,0.0,13.6
2015-05-28,28.7,12.7,36.0,16:01,12.96,0.0,13.6
2015-05-29,25.5,12.8,38.88,12:01,15.12,0.0,13.6
2015-05-30,23.9,11.0,27.0,10:50,6.12,0.0,13.3
2015-05-31,21.0,12.0,21.96,14:31,2.88,0.0,0.6
2015-06-01,21.8,12.0,23.04,12:20,9.0,0.0,6.2
2015-06-02,22.3,9.0,25.92,13:21,3.96,0.0,12.4
2015-06-03,27.5,14.0,25.92,10:20,3.96,0.0,13.7
2015-06-04,22.2,15.0,19.08,14:50,3.96,0.0,11.4
2015-06-05,26.0,14.6,38.88,17:00,11.88,0.0,13.3
2015-06-06,29.6,14.4,33.12,12:50,11.88,0.0,13.9
2015-06-07,31.0,15.2,18.0,12:30,2.88,0.0,13.0
2015-06-08,31.0,19.0,24.84,17:40,7.92,0.0,7.4
2015-06-09,29.0,16.2,36.0,19:10,9.0,0.0,7.8
2015-06-10,24.3,13.2,39.96,12:40,11.88,0.0,9.0
2015-06-11,21.5,12.0,24.12,12:00,5.04,0.0,9.9
2015-06-12,18.9,12.3,36.0,13:00,6.12,1.8,6.9
2015-06-13,17.0,11.6,28.08,11:40,5.04,5.0,0.0
2015-06-14,19.2,12.0,19.08,14:00,2.88,5.7,2.1
2015-06-15,23.8,11.4,41.04,18:10,11.16,0.0,12.5
2015-06-16,26.3,11.6,33.84,14:30,9.0,0.0,12.6
2015-06-17,30.0,11.3,34.92,15:20,7.92,0.0,13.1
2015-06-18,32.4,14.8,36.0,16:50,7.92,0.0,13.3
2015-06-19,33.4,15.1,33.12,Varias,7.92,0.0,13.3
2015-06-20,33.5,15.2,21.96,12:10,6.12,0.0,13.3
2015-06-21,34.0,17.5,19.08,11:40,2.16,0.0,13.3
2015-06-22,22.4,16.0,20.88,15:50,6.12,0.0,1.4
2015-06-23,19.0,15.9,16.92,12:10,3.96,0.0,0.3
2015-06-24,22.4,14.6,20.88,Varias,5.04,0.0,8.0
2015-06-25,23.4,12.4,20.88,Varias,3.96,0.0,12.5
2015-06-26,23.8,15.0,23.04,Varias,6.12,0.0,11.9
2015-06-27,26.8,14.4,19.08,14:30,3.96,0.0,13.8
2015-06-28,28.8,13.2,25.92,10:20,6.12,0.0,13.8
2015-06-29,31.6,14.6,16.92,12:20,3.96,0.0,13.8
2015-06-30,23.4,15.0,23.04,12:40,2.88,0.0,10.3
2015-07-01,24.8,14.7,30.96,14:10,3.96,7.2,4.6
2015-07-02,22.7,13.7,23.04,13:00,5.04,0.0,12.2
2015-07-03,24.0,13.2,29.88,15:10,6.12,7.4,9.7
2015-07-04,22.9,15.6,19.08,13:30,3.96,0.4,6.5
2015-07-05,24.6,13.6,29.16,10:30,3.96,0.0,13.2
2015-07-06,25.7,13.4,20.88,14:20,6.12,0.0,13.8
2015-07-07,23.8,13.6,20.16,19:30,5.04,0.0,7.3
2015-07-08,28.7,14.7,39.96,18:00,15.12,0.0,13.9
2015-07-09,33.1,14.4,18.0,Varias,3.96,0.0,13.9
2015-07-10,23.5,15.7,21.96,15:20,6.12,0.0,8.6
2015-07-11,27.5,15.4,33.12,17:20,10.08,0.0,12.9
2015-07-12,28.8,13.9,33.84,15:10,12.96,0.0,13.9
2015-07-13,31.9,14.6,34.92,15:50,9.0,0.0,13.9
2015-07-14,29.2,15.2,24.12,18:00,6.84,0.0,13.8
2015-07-15,27.6,14.9,15.12,17:50,2.88,0.0,13.5
2015-07-16,24.0,16.6,20.88,12:10,2.88,0.0,9.0
2015-07-17,28.2,16.6,24.12,15:30,2.88,0.0,10.7
2015-07-18,22.6,15.6,29.16,12:10,5.04,0.0,1.9
2015-07-19,23.6,15.9,25.92,16:20,2.88,0.0,0.3
2015-07-20,27.6,19.4,23.04,15:20,5.04,0.0,7.6
2015-07-21,27.3,17.8,24.12,12:30,3.96,0.0,11.2
2015-07-22,27.6,15.4,34.92,11:10,11.16,0.0,13.2
2015-07-23,25.7,14.1,21.96,10:20,3.96,6.0,13.1
2015-07-24,22.4,14.7,36.0,17:10,10.08,0.6,3.5
2015-07-25,28.0,13.1,41.04,13:20,10.08,0.0,13.7
2015-07-26,21.5,15.1,19.08,15:20,2.16,0.8,0.7
2015-07-27,24.3,16.4,28.08,17:40,10.08,0.0,10.7
2015-07-28,23.4,15.2,18.0,15:20,2.88,3.6,0.2
2015-07-29,23.5,18.3,21.96,13:50,2.88,1.6,1.6
2015-07-30,25.1,16.9,20.16,17:30,3.96,0.2,5.2
2015-07-31,25.0,16.2,38.16,18:10,11.88,0.0,11.2
2015-08-01,27.8,14.2,25.92,14:20,2.88,0.0,13.5
2015-08-02,23.1,14.8,24.12,12:30,2.88,0.0,9.2
2015-08-03,25.7,14.2,20.16,11:00,5.04,0.0,6.4
2015-08-04,25.9,12.7,25.92,10:00,2.88,0.0,13.5
2015-08-05,24.3,11.0,24.12,11:30,5.04,1.2,6.0
2015-08-06,24.3,16.7,21.96,13:20,5.04,0.0,12.3
2015-08-07,23.0,14.6,41.04,Varias,15.12,0.0,10.7
2015-08-08,25.4,12.4,42.12,19:00,14.04,0.0,13.1
2015-08-09,32.2,14.6,32.04,15:20,6.12,0.0,12.7
2015-08-10,27.5,17.6,20.88,21:40,2.88,0.0,11.7
2015-08-11,22.2,16.8,15.12,16:50,2.88,0.0,10.5
2015-08-12,21.9,15.9,28.08,14:20,3.96,15.6,2.7
2015-08-13,17.6,14.4,29.88,15:20,6.12,0.4,0.2
2015-08-14,19.9,13.0,16.92,14:00,1.08,0.2,1.9
2015-08-15,20.7,15.3,19.08,13:30,1.08,1.2,0.7
2015-08-16,21.0,15.3,18.0,15:40,2.16,1.8,2.4
2015-08-17,24.0,16.7,30.96,17:20,6.84,0.0,8.4
2015-08-18,26.6,15.9,37.08,16:50,11.16,0.0,12.8
2015-08-19,30.1,13.2,29.88,14:40,11.16,0.0,13.2
2015-08-20,29.4,15.6,14.04,06:40,3.96,0.0,13.2
2015-08-21,27.4,15.2,18.0,11:20,5.04,0.0,12.7
2015-08-22,22.3,13.9,23.04,13:00,2.88,5.2,2.3
2015-08-23,18.1,14.0,48.96,13:10,12.96,6.0,2.3
2015-08-24,20.5,13.4,28.08,14:30,3.96,1.0,10.8
2015-08-25,21.9,14.7,20.88,14:20,3.96,0.2,3.7
2015-08-26,21.8,17.2,38.16,14:50,10.08,9.8,0.4
2015-08-27,22.4,19.3,37.08,09:20,12.96,4.8,0.2
2015-08-28,24.9,18.9,25.92,05:40,6.12,0.0,2.8
2015-08-29,25.3,17.2,18.0,14:10,5.04,0.0,8.0
2015-08-30,26.0,16.8,15.12,12:30,2.88,0.0,11.0
2015-08-31,21.7,17.7,20.88,19:40,3.96,0.4,1.2
2015-09-01,24.1,16.3,33.12,13:20,11.16,0.0,11.5
2015-09-02,22.7,15.6,36.0,14:20,11.16,0.0,11.7
2015-09-03,21.3,14.6,43.92,09:30,10.08,0.0,11.6
2015-09-04,22.7,13.1,38.16,16:50,10.08,0.0,11.4
2015-09-05,25.9,13.0,30.96,15:40,6.84,0.0,11.7
2015-09-06,26.6,12.1,15.12,15:40,1.08,0.0,11.7
2015-09-07,27.7,14.0,16.92,14:00,2.88,0.0,11.7
2015-09-08,24.5,14.8,19.08,01:10,3.96,0.0,9.2
2015-09-09,17.9,13.1,19.08,13:50,2.16,1.2,0.2
2015-09-10,21.0,12.5,20.16,14:00,2.88,0.0,7.5
2015-09-11,21.4,11.1,19.08,14:00,2.88,0.3,0.0
2015-09-12,20.4,13.3,15.12,Varias,3.96,0.6,0.0
2015-09-13,19.9,13.3,38.16,06:40,6.84,5.2,3.0
2015-09-14,19.4,12.8,23.04,13:30,5.04,5.0,2.6
2015-09-15,19.1,13.4,42.12,10:20,11.16,30.0,0.0
2015-09-16,18.5,12.1,43.92,00:20,6.84,7.6,4.8
2015-09-17,18.1,11.1,20.16,12:20,2.88,0.4,9.6
2015-09-18,19.2,9.4,33.12,15:20,6.84,0.0,11.1
2015-09-19,23.1,9.0,20.16,23:59,2.16,0.0,12.0
2015-09-20,25.2,13.1,20.16,00:00,2.88,0.0,11.9
2015-09-21,21.0,10.0,21.96,17:20,6.84,0.0,10.9
2015-09-22,17.9,13.2,19.08,10:10,6.12,0.0,0.8
2015-09-23,21.8,12.4,32.04,13:00,11.16,0.0,10.2
2015-09-24,24.5,11.3,15.12,13:30,2.88,0.0,9.8
2015-09-25,24.4,15.9,14.04,11:40,3.96,0.0,8.4
2015-09-26,21.8,12.7,14.04,02:10,5.04,0.0,8.4
2015-09-27,22.7,10.0,14.04,14:20,2.88,0.0,9.5
2015-09-28,26.3,13.3,21.96,22:10,2.88,0.0,9.3
2015-09-29,25.0,13.8,21.96,01:20,2.88,0.0,9.0
2015-09-30,20.2,10.6,21.96,14:40,5.04,0.0,4.2
2015-10-01,20.7,11.0,15.84,00:10,6.12,0.0,8.7
2015-10-02,20.2,8.4,24.12,12:40,6.12,0.0,8.7
2015-10-03,18.5,9.0,16.92,02:20,2.16,16.4,1.2
2015-10-04,21.7,15.0,64.08,07:20,9.0,18.2,2.2
2015-10-05,20.4,16.7,46.08,10:40,11.88,18.0,1.5
2015-10-06,17.3,12.4,29.16,13:20,6.12,0.4,2.9
2015-10-07,17.3,11.4,14.04,15:10,3.96,0.0,2.6
2015-10-08,20.1,9.6,18.0,Varias,2.88,0.0,8.4
2015-10-09,20.7,11.1,16.92,00:20,2.88,0.2,7.6
2015-10-10,18.3,13.8,21.96,13:10,6.12,3.8,0.4
2015-10-11,19.4,16.6,24.12,04:10,5.04,7.4,0.0
2015-10-12,19.8,14.3,41.04,10:20,9.0,0.0,3.6
2015-10-13,21.3,11.5,28.08,00:00,7.92,0.0,8.2
2015-10-14,20.0,10.8,20.88,14:20,5.04,0.0,8.2
2015-10-15,19.7,9.8,20.16,22:50,3.96,0.0,8.2
2015-10-16,20.3,11.4,20.88,00:40,5.04,0.0,2.3
2015-10-17,25.3,16.1,56.16,18:10,11.88,5.0,3.6
2015-10-18,18.9,14.5,23.04,14:10,5.04,2.6,0.0
2015-10-19,17.9,15.2,38.16,18:30,7.92,0.6,0.2
2015-10-20,19.5,13.5,45.0,15:50,11.88,0.0,7.9
2015-10-21,20.5,10.9,24.84,16:30,6.12,0.0,7.8
2015-10-22,19.6,9.3,20.16,22:30,5.04,0.0,7.8
2015-10-23,22.6,12.7,20.88,05:20,3.96,7.0,5.9
2015-10-24,18.6,14.6,25.92,23:40,3.96,2.0,3.4
2015-10-25,21.8,13.0,19.08,14:50,2.88,0.8,6.4
2015-10-26,18.9,11.8,33.12,10:10,6.12,18.0,2.5
2015-10-27,13.6,10.1,32.04,14:00,6.84,32.0,1.7
2015-10-28,15.6,10.6,30.96,18:20,6.84,25.6,0.8
2015-10-29,17.8,14.6,43.92,23:20,9.0,3.4,0.0
2015-10-30,20.5,16.1,46.08,01:30,6.84,0.0,3.1
2015-10-31,18.7,12.2,60.84,08:20,11.88,0.1,3.6
2015-11-01,23.0,10.4,20.88,13:50,6.84,0.0,6.5
2015-11-02,19.6,14.2,19.08,00:30,2.16,1.4,2.3
2015-11-03,15.9,13.9,29.16,21:10,3.96,1.4,0.0
2015-11-04,17.6,14.6,27.0,04:00,7.92,5.8,0.2
2015-11-05,18.0,15.2,38.88,04:10,11.16,31.0,0.0
2015-11-06,17.9,16.1,27.0,06:30,6.12,2.4,0.0
2015-11-07,20.5,15.4,15.12,20:00,2.16,0.0,5.8
2015-11-08,22.9,14.9,18.0,10:40,2.16,0.0,6.5
2015-11-09,20.9,13.4,14.04,13:10,5.04,0.0,7.3
2015-11-10,16.0,10.3,15.84,23:59,2.16,0.0,1.3
2015-11-11,17.6,10.1,0.0,,0.0,0.0,7.7
2015-11-12,17.5,10.0,0.0,,0.0,0.0,3.7
2015-11-13,19.5,10.9,0.0,,0.0,0.0,7.6
2015-11-14,18.9,9.6,0.0,,0.0,0.0,7.6
2015-11-15,17.7,10.4,0.0,,0.0,0.0,7.5
2015-11-16,16.4,12.7,0.0,,0.0,0.0,1.6
2015-11-17,16.3,13.2,0.0,,0.0,0.6,0.0
2015-11-18,17.3,14.4,11.16,14:40,0.0,0.0,0.5
2015-11-19,17.9,11.7,15.84,22:00,2.88,0.0,0.4
2015-11-20,17.5,8.8,24.12,19:10,5.04,9.6,5.3
2015-11-21,16.0,5.4,51.12,03:30,9.0,1.2,4.0
2015-11-22,11.4,5.4,27.0,14:50,1.08,2.6,1.1
2015-11-23,13.2,5.3,21.96,13:00,6.84,0.0,6.5
2015-11-24,12.1,6.5,15.12,00:20,2.88,1.2,0.1
2015-11-25,14.1,8.2,11.88,05:50,1.08,0.0,0.1
2015-11-26,14.9,8.9,25.92,15:40,2.88,0.2,0.6
2015-11-27,15.3,10.6,28.08,12:50,10.08,0.0,4.6
2015-11-28,12.9,6.7,30.96,14:10,6.84,0.0,6.5
2015-11-29,12.9,4.5,0.0,,0.0,0.0,7.0
2015-11-30,13.5,4.7,0.0,,0.0,0.0,6.2
2015-12-01,13.4,4.2,20.88,07:53,5.04,0.6,6.4
2015-12-02,15.6,9.3,0.0,,0.0,3.2,0.0
2015-12-03,18.5,10.2,0.0,,0.0,6.0,1.7
2015-12-04,16.4,10.3,0.0,,0.0,0.0,4.5
2015-12-05,15.2,8.8,0.0,,0.0,0.0,5.5
2015-12-06,15.5,7.7,0.0,,0.0,0.0,5.3
2015-12-07,15.0,10.3,0.0,,0.0,26.0,0.0
2015-12-08,15.0,8.6,0.0,,0.0,0.0,1.9
2015-12-09,13.9,6.4,0.0,,0.0,0.0,4.7
2015-12-10,12.9,7.3,0.0,,0.0,0.0,1.1
2015-12-11,12.3,5.0,0.0,,0.0,0.0,7.4
2015-12-12,13.2,4.4,0.0,,0.0,0.0,2.2
2015-12-13,15.5,7.1,0.0,,0.0,11.6,1.0
2015-12-14,16.6,12.9,0.0,,0.0,10.4,0.8
2015-12-15,16.6,14.5,0.0,,0.0,2.8,0.2
2015-12-16,20.6,15.4,0.0,,0.0,0.0,2.8
2015-12-17,18.8,14.8,0.0,,0.0,16.6,0.8
2015-12-18,16.8,14.7,0.0,,0.0,0.0,0.0
2015-12-19,19.2,12.3,0.0,,0.0,23.8,1.5
2015-12-20,14.5,9.0,0.0,,0.0,1.8,4.5
2015-12-21,14.5,8.4,0.0,,0.0,0.0,1.9
2015-12-22,12.8,10.0,0.0,,0.0,7.8,0.0
2015-12-23,13.4,10.5,25.92,13:00,6.12,5.6,0.6
2015-12-24,15.0,11.5,41.04,23:00,11.88,0.0,1.8
2015-12-25,17.1,12.2,38.88,06:10,11.88,0.0,2.5
2015-12-26,16.5,8.6,33.12,16:00,2.88,0.0,5.7
2015-12-27,17.4,9.7,46.08,20:30,7.92,0.4,4.7
2015-12-28,16.7,10.4,52.92,05:30,7.92,19.8,0.0
2015-12-29,15.1,9.4,42.12,20:50,11.88,0.0,4.5
2015-12-30,15.4,8.6,57.96,11:30,12.96,20.6,0.0
2015-12-31,13.2,7.3,28.08,22:30,6.84,1.6,3.0
2016-01-01,14.1,8.5,72.0,10:30,7.92,12.6,0.0
2016-01-02,12.0,6.7,36.0,21:10,5.04,5.2,1.6
2016-01-03,14.7,10.6,41.04,08:40,7.92,43.2,0.0
2016-01-04,11.9,7.7,33.84,15:30,1.08,24.0,0.0
2016-01-05,8.5,5.2,48.96,06:00,6.84,12.2,0.3
2016-01-06,14.2,5.1,36.0,12:00,6.12,9.8,0.0
2016-01-07,15.1,13.4,46.08,04:10,12.96,25.6,0.0
2016-01-08,14.9,7.6,51.84,02:00,3.96,16.2,0.0
2016-01-09,13.3,7.8,43.92,14:20,11.88,18.0,0.0
2016-01-10,12.0,9.6,38.88,17:50,11.16,36.6,0.0
2016-01-11,13.1,6.7,43.92,02:50,5.04,10.2,3.0
2016-01-12,10.8,5.5,21.96,09:50,3.96,2.0,1.8
2016-01-13,13.0,6.4,45.0,20:30,10.08,22.6,0.0
2016-01-14,13.8,7.0,42.12,01:50,10.08,0.0,2.4
2016-01-15,11.3,4.5,29.16,13:10,6.12,0.0,6.2
2016-01-16,11.3,2.5,23.04,06:20,5.04,0.0,6.4
2016-01-17,8.8,4.1,33.84,16:10,5.04,13.0,0.0
2016-01-18,11.4,6.4,30.96,07:50,3.96,0.0,2.9
2016-01-19,11.4,5.8,16.92,20:00,5.04,0.0,0.5
2016-01-20,12.7,7.7,20.16,13:30,6.12,0.0,0.1
2016-01-21,15.8,11.4,25.92,06:40,5.04,1.6,0.4
2016-01-22,16.4,14.1,25.92,04:00,3.96,3.8,0.1
2016-01-23,17.4,13.6,25.92,14:10,3.96,0.0,0.0
2016-01-24,20.7,11.4,33.12,17:20,9.0,2.4,5.9
2016-01-25,17.2,8.0,37.08,02:30,6.12,1.6,0.4
2016-01-26,13.2,5.0,23.04,21:50,5.04,0.0,4.8
2016-01-27,13.8,9.9,41.04,18:10,12.96,17.0,0.8
2016-01-28,12.1,6.9,39.96,16:00,11.16,1.6,1.5
2016-01-29,12.3,4.1,25.92,13:30,6.84,0.0,6.9
2016-01-30,11.8,5.2,20.88,16:30,6.84,3.4,0.0
2016-01-31,14.1,11.2,21.96,00:20,3.96,0.6,0.0
2016-02-01,13.2,10.8,14.04,16:00,2.16,0.0,0.0
2016-02-02,14.0,10.1,19.08,13:50,2.88,0.0,0.6
2016-02-03,13.1,6.5,32.04,11:30,6.84,0.0,7.1
2016-02-04,14.0,3.7,19.08,02:00,3.96,0.0,7.7
2016-02-05,14.6,5.0,19.08,14:40,3.96,0.0,6.1
2016-02-06,13.7,6.1,72.0,15:50,18.0,15.8,0.0
2016-02-07,13.0,6.0,24.12,Varias,5.04,1.6,0.9
2016-02-08,13.5,11.6,25.92,Varias,9.0,9.6,0.0
2016-02-09,13.5,10.7,48.96,04:10,7.92,17.0,0.0
2016-02-10,13.8,10.7,47.16,09:20,6.84,19.4,0.0
2016-02-11,13.4,11.2,30.96,21:30,3.96,40.8,0.0
2016-02-12,13.9,13.1,29.88,23:00,5.04,56.8,0.0
2016-02-13,14.0,9.8,59.04,20:20,7.92,20.2,0.0
2016-02-14,10.0,6.0,74.88,08:00,19.08,9.2,2.3
2016-02-15,10.7,4.6,51.84,13:10,11.88,0.2,6.8
2016-02-16,12.1,1.8,33.12,11:30,6.84,0.0,7.7
2016-02-17,8.1,2.5,28.08,21:20,2.88,8.2,0.0
2016-02-18,10.1,2.6,41.04,15:00,5.04,2.2,5.7
2016-02-19,11.3,1.7,21.96,13:10,7.92,0.0,6.2
2016-02-20,16.6,6.7,27.0,17:00,6.84,0.0,7.0
2016-02-21,17.1,7.7,16.92,01:10,3.96,0.0,8.3
2016-02-22,13.4,6.3,18.0,01:20,2.16,0.4,0.5
2016-02-23,12.6,8.8,32.04,23:30,3.96,0.4,0.0
2016-02-24,13.1,7.9,34.92,04:00,2.88,9.6,0.8
2016-02-25,12.5,6.7,19.08,14:20,5.04,18.6,1.4
2016-02-26,9.9,5.9,43.92,18:30,7.92,11.8,0.3
2016-02-27,7.4,3.0,48.96,13:50,6.84,18.2,1.0
2016-02-28,9.8,5.5,32.04,17:50,11.88,0.8,0.8
2016-02-29,13.3,5.7,32.04,14:00,9.0,0.0,8.6
2016-03-01,14.1,2.0,15.84,00:20,5.04,1.4,8.5
2016-03-02,14.0,9.5,33.12,Varias,11.88,3.8,2.0
2016-03-03,12.0,8.5,18.0,18:10,3.96,4.4,0.0
2016-03-04,11.5,5.2,52.92,14:40,15.12,7.8,1.5
2016-03-05,11.0,4.3,50.04,12:40,3.96,4.4,4.2
2016-03-06,11.1,3.6,25.92,16:40,3.96,4.6,2.9
2016-03-07,11.6,5.4,51.12,01:20,15.12,1.4,4.3
2016-03-08,12.1,4.9,25.92,12:30,3.96,10.2,3.1
2016-03-09,12.7,8.4,41.04,08:40,11.88,7.4,3.2
2016-03-10,13.9,7.5,48.96,12:40,14.04,0.0,4.8
2016-03-11,15.0,6.6,32.04,Varias,7.92,0.0,8.8
2016-03-12,16.1,3.5,18.0,11:40,2.88,0.0,9.0
2016-03-13,17.1,5.3,18.0,14:20,2.88,0.0,9.1
2016-03-14,17.4,4.9,19.08,13:20,2.88,0.0,9.4
2016-03-15,15.5,6.2,16.92,09:40,3.96,0.0,3.9
2016-03-16,16.4,4.5,21.96,05:30,5.04,0.0,11.1
2016-03-17,13.7,4.6,20.16,06:50,5.04,0.8,5.3
2016-03-18,11.1,6.7,19.08,05:00,3.96,11.8,0.0
2016-03-19,13.5,8.5,20.88,14:00,6.12,5.6,1.3
2016-03-20,13.4,7.0,33.12,16:40,7.92,0.0,3.0
2016-03-21,17.4,8.4,38.88,16:10,11.16,0.0,11.0
2016-03-22,17.0,5.7,23.04,19:50,2.88,0.0,11.4
2016-03-23,15.9,6.5,38.16,10:20,9.0,0.0,11.4
2016-03-24,15.5,4.3,19.08,13:20,6.12,0.0,10.2
2016-03-25,13.0,8.3,27.0,16:40,3.96,21.0,0.0
2016-03-26,15.2,8.6,60.12,12:30,14.04,7.4,0.0
2016-03-27,14.6,7.7,45.0,21:10,10.08,22.6,6.5
2016-03-28,13.8,10.4,42.12,01:10,3.96,25.0,0.7
2016-03-29,14.2,12.0,37.08,21:00,9.0,4.2,0.0
2016-03-30,15.1,4.4,47.16,15:00,12.96,13.0,2.5
2016-03-31,12.9,4.3,38.16,15:00,10.08,0.4,9.0
2016-04-01,14.0,3.2,20.16,14:30,3.96,0.0,11.1
2016-04-02,11.6,6.1,50.04,15:30,6.84,11.6,0.0
2016-04-03,12.8,7.5,36.0,11:10,11.88,16.8,4.1
2016-04-04,13.6,7.7,34.92,17:50,10.08,7.2,4.4
2016-04-05,15.7,8.1,27.0,12:20,7.92,0.0,8.3
2016-04-06,19.3,6.7,37.08,13:00,12.96,0.0,11.4
2016-04-07,15.5,8.5,45.0,17:20,11.88,0.0,9.3
2016-04-08,13.5,4.5,28.08,12:40,10.08,4.2,8.3
2016-04-09,14.5,8.1,32.04,23:50,5.04,4.0,7.0
2016-04-10,10.0,5.5,50.04,06:50,9.0,25.6,2.4
2016-04-11,13.3,5.1,42.12,Varias,14.04,16.8,5.4
2016-04-12,14.3,7.5,51.12,13:30,11.16,13.4,3.8
2016-04-13,15.7,6.3,42.84,11:40,12.96,23.2,5.6
2016-04-14,15.2,9.6,52.92,02:10,6.12,3.0,1.6
2016-04-15,13.9,9.2,20.88,18:20,5.04,31.2,0.0
2016-04-16,12.6,9.3,19.08,16:30,2.88,21.4,0.8
2016-04-17,16.9,7.9,27.0,00:10,5.04,0.0,8.2
2016-04-18,20.0,6.0,32.04,22:10,5.04,0.6,4.4
2016-04-19,21.5,12.2,33.12,02:50,5.04,4.6,1.7
2016-04-20,19.8,8.6,29.88,15:40,5.04,0.6,12.1
2016-04-21,17.2,11.3,27.0,10:10,2.88,1.8,5.5
2016-04-22,17.7,9.2,23.04,10:10,2.88,0.0,4.9
2016-04-23,17.1,10.2,20.88,11:20,2.88,0.8,5.0
2016-04-24,20.7,8.0,33.12,16:40,10.08,0.0,11.4
2016-04-25,21.0,7.3,23.04,13:00,3.96,0.0,13.5
2016-04-26,20.6,8.1,23.04,11:50,6.12,0.0,13.2
2016-04-27,16.3,6.9,15.12,13:30,3.96,0.0,4.0
2016-04-28,18.9,7.7,36.0,20:10,11.88,0.0,12.9
2016-04-29,20.8,5.5,41.04,17:50,7.92,0.0,12.9
2016-04-30,17.7,7.2,38.16,17:20,11.88,0.0,13.1
2016-05-01,22.0,6.4,33.84,02:20,10.08,0.0,13.2
2016-05-02,22.3,7.6,27.0,17:50,6.84,0.0,13.2
2016-05-03,26.5,7.8,19.08,23:59,2.16,0.0,13.2
2016-05-04,29.5,14.4,20.88,14:20,5.04,0.0,13.1
2016-05-05,19.2,14.8,14.04,01:10,3.96,3.0,0.5
2016-05-06,16.3,11.8,24.12,23:00,2.16,2.6,0.0
2016-05-07,14.6,10.9,37.08,11:40,6.84,19.4,0.1
2016-05-08,16.4,10.7,43.92,08:00,9.0,6.8,2.9
2016-05-09,16.2,11.4,28.08,07:00,7.92,6.8,2.7
2016-05-10,17.4,9.4,36.0,12:10,3.96,3.4,1.8
2016-05-11,16.7,9.6,24.12,Varias,3.96,19.0,2.7
2016-05-12,15.8,10.3,20.88,16:40,3.96,3.6,1.4
2016-05-13,13.5,11.4,15.12,15:30,1.08,7.2,0.0
2016-05-14,15.2,12.0,15.12,20:40,2.88,2.0,0.0
2016-05-15,21.2,12.3,28.08,10:00,9.0,0.0,9.5
2016-05-16,21.1,9.5,19.08,13:10,5.04,0.0,11.3
2016-05-17,22.6,9.8,25.92,12:20,6.12,0.0,13.3
2016-05-18,18.7,9.0,29.88,19:00,7.92,0.2,4.2
2016-05-19,19.0,13.0,15.12,16:00,3.96,0.0,3.2
2016-05-20,22.6,11.4,19.08,16:20,3.96,0.0,13.4
2016-05-21,18.3,12.1,29.16,23:20,6.84,24.4,0.0
2016-05-22,17.1,10.2,29.88,11:00,7.92,0.0,13.3
2016-05-23,21.7,9.1,19.08,14:30,3.96,1.2,5.7
2016-05-24,16.9,13.1,23.04,14:00,6.12,11.6,1.1
2016-05-25,16.9,10.8,25.92,17:20,5.04,1.4,4.8
2016-05-26,19.4,9.0,25.92,12:40,2.88,0.0,10.0
2016-05-27,19.4,9.8,24.12,11:00,3.96,26.6,8.7
2016-05-28,18.6,12.6,28.08,12:40,6.84,22.2,2.4
2016-05-29,19.1,12.6,23.04,15:50,3.96,8.2,7.2
2016-05-30,19.6,12.4,21.96,15:40,2.16,2.8,7.3
2016-05-31,23.7,10.2,33.12,12:40,10.08,0.0,13.8
2016-06-01,26.2,10.2,24.12,12:50,6.84,0.0,13.0
2016-06-02,25.7,11.6,18.0,Varias,6.12,0.0,10.1
2016-06-03,21.5,11.9,29.16,14:20,3.96,0.0,11.5
2016-06-04,20.9,13.2,24.12,13:40,6.12,0.0,8.4
2016-06-05,21.3,11.0,19.08,14:40,2.16,1.4,4.9
2016-06-06,20.4,14.5,16.92,12:10,2.88,3.4,5.3
2016-06-07,24.8,12.2,19.08,15:00,2.16,0.0,13.2
2016-06-08,24.6,13.8,16.92,15:20,3.96,0.0,9.2
2016-06-09,22.8,14.2,23.04,23:30,3.96,2.6,8.5
2016-06-10,20.5,13.6,29.88,14:20,7.92,0.0,8.7
2016-06-11,22.3,10.3,20.88,13:40,6.12,0.2,11.6
2016-06-12,19.2,16.2,21.96,09:50,3.96,3.8,0.1
2016-06-13,20.9,15.1,25.92,10:50,2.88,0.6,5.5
2016-06-14,18.4,13.8,41.04,17:00,3.96,22.4,1.0
2016-06-15,15.3,11.7,33.12,12:40,5.04,20.4,1.3
2016-06-16,17.8,11.6,38.88,14:30,10.08,1.2,4.5
2016-06-17,17.7,12.9,32.04,18:40,3.96,2.2,1.1
2016-06-18,21.0,11.4,29.16,17:20,7.92,0.0,6.7
2016-06-19,24.9,11.1,20.88,13:40,5.04,0.0,12.1
2016-06-20,25.5,13.3,15.84,16:20,2.88,0.0,12.6
2016-06-21,29.5,15.3,15.12,11:00,2.88,0.0,12.9
2016-06-22,27.1,16.9,19.08,14:30,3.96,0.0,12.6
2016-06-23,21.5,17.0,19.08,15:50,3.96,0.0,5.0
2016-06-24,23.7,16.4,41.04,Varias,11.16,0.0,11.9
2016-06-25,23.8,14.2,42.84,17:40,12.96,0.0,13.0
2016-06-26,23.9,14.6,45.0,10:10,12.96,0.0,14.0
2016-06-27,29.0,13.1,30.96,00:00,7.92,0.0,14.0
2016-06-28,26.1,13.7,34.92,11:40,11.16,0.0,14.0
2016-06-29,25.0,14.5,32.04,12:20,9.0,0.0,14.0
2016-06-30,23.2,13.3,24.84,14:20,6.12,0.0,12.0
2016-07-01,22.9,15.6,24.84,20:20,6.84,0.0,5.7
2016-07-02,25.7,13.8,32.04,19:20,10.08,0.0,12.2
2016-07-03,30.7,14.9,36.0,14:50,11.16,0.0,13.7
2016-07-04,30.0,15.8,36.0,22:10,11.16,0.0,13.5
2016-07-05,30.0,18.5,29.88,01:30,9.0,0.0,13.5
2016-07-06,30.8,17.4,15.12,13:40,2.88,0.0,8.4
2016-07-07,28.8,17.3,18.0,12:40,3.96,0.0,12.7
2016-07-08,25.3,16.3,20.88,15:10,3.96,0.0,11.8
2016-07-09,28.5,14.9,14.04,14:40,2.16,0.0,13.3
2016-07-10,26.7,14.2,20.16,09:30,2.88,0.0,11.5
2016-07-11,23.5,13.8,29.88,13:40,5.04,0.0,8.5
2016-07-12,23.3,12.6,33.12,16:20,10.08,0.0,13.2
2016-07-13,24.5,12.7,34.92,08:30,10.08,0.0,13.4
2016-07-14,30.0,12.6,33.84,15:20,10.08,0.0,13.3
2016-07-15,32.4,15.2,20.16,15:20,3.96,0.0,13.4
2016-07-16,33.8,18.5,18.0,Varias,5.04,0.0,13.4
2016-07-17,31.8,19.2,19.08,Varias,6.12,0.0,13.6
2016-07-18,30.8,17.8,18.0,14:00,5.04,2.8,13.1
2016-07-19,22.4,16.1,21.96,13:20,3.96,0.0,8.3
2016-07-20,24.8,15.0,30.96,12:00,6.84,0.0,8.9
2016-07-21,25.2,15.2,20.16,14:10,3.96,3.6,11.2
2016-07-22,24.2,16.9,39.96,14:30,12.96,0.0,9.9
2016-07-23,29.2,16.3,36.0,18:00,11.88,0.0,13.6
2016-07-24,33.7,15.8,36.0,13:00,12.96,0.0,13.6
2016-07-25,31.9,16.0,29.16,15:20,7.92,0.0,13.6
2016-07-26,31.8,17.5,41.04,20:30,11.16,0.0,13.6
2016-07-27,30.6,18.6,42.12,17:00,12.96,0.0,13.6
2016-07-28,32.7,18.0,33.12,00:50,11.88,0.0,13.6
2016-07-29,31.0,17.0,32.04,16:00,12.96,0.0,13.5
2016-07-30,25.6,16.7,19.08,13:30,2.88,0.0,13.4
2016-07-31,25.7,15.8,33.84,16:10,11.16,0.0,12.2
2016-08-01,28.8,13.8,34.92,16:40,10.08,0.0,13.5
2016-08-02,31.0,13.8,37.08,14:50,11.88,0.0,13.4
2016-08-03,26.5,14.2,25.92,11:00,5.04,1.6,11.3
2016-08-04,22.8,17.1,25.92,17:40,7.92,7.6,2.9
2016-08-05,28.8,14.8,34.92,14:20,10.08,0.0,13.5
2016-08-06,34.5,15.7,28.08,15:00,7.92,0.0,13.5
2016-08-07,38.1,17.8,33.12,17:30,9.0,0.0,13.3
2016-08-08,35.4,18.5,33.84,14:50,10.08,0.0,12.6
2016-08-09,27.4,17.6,56.88,17:10,15.12,0.0,12.7
2016-08-10,27.4,15.4,42.12,19:10,12.96,0.0,13.0
2016-08-11,32.1,16.0,24.12,14:20,6.12,0.0,12.4
2016-08-12,31.7,18.0,15.84,Varias,3.96,0.0,12.2
2016-08-13,24.3,13.8,21.96,01:40,6.12,0.0,12.5
2016-08-14,24.1,11.1,14.04,13:30,2.88,0.0,12.2
2016-08-15,22.5,13.8,18.0,15:10,3.96,0.0,5.6
2016-08-16,22.0,15.3,20.88,16:10,2.88,0.4,1.8
2016-08-17,21.4,16.2,18.0,15:00,3.96,3.0,3.2
2016-08-18,23.9,12.7,20.16,12:00,2.16,14.6,12.7
2016-08-19,22.3,14.8,20.88,15:00,6.12,3.2,2.3
2016-08-20,23.1,12.3,32.04,18:30,9.0,0.0,10.9
2016-08-21,27.5,12.4,15.84,00:50,2.88,0.0,12.8
2016-08-22,33.2,17.5,20.16,15:30,2.16,0.0,12.6
2016-08-23,25.9,14.4,15.84,15:10,2.16,0.0,12.5
2016-08-24,27.2,17.6,23.04,09:40,3.96,4.8,2.1
2016-08-25,24.1,18.1,28.08,18:00,6.12,0.0,10.2
2016-08-26,29.1,18.5,23.04,07:20,6.12,0.0,11.2
2016-08-27,25.0,16.1,19.08,13:10,2.88,0.0,8.2
2016-08-28,26.0,14.6,33.12,16:00,12.96,0.0,12.2
2016-08-29,26.7,15.1,33.84,08:50,11.88,0.0,12.6
2016-08-30,27.1,14.3,20.16,14:10,2.88,0.0,12.2
2016-08-31,28.3,15.3,33.84,15:40,9.0,0.0,11.7
2016-09-01,29.5,14.7,14.04,16:40,2.16,0.0,12.0
2016-09-02,26.5,16.5,15.12,15:20,2.88,0.0,11.9
2016-09-03,28.6,17.3,18.0,Varias,3.96,0.0,10.6
2016-09-04,28.9,15.2,20.16,06:30,6.12,0.0,10.2
2016-09-05,27.2,14.3,20.88,05:20,3.96,0.0,11.7
2016-09-06,33.7,17.0,15.84,Varias,3.96,0.0,11.2
2016-09-07,25.4,15.4,21.96,21:00,3.96,0.0,6.7
2016-09-08,22.9,13.4,33.84,11:50,5.04,0.0,11.7
2016-09-09,24.5,11.7,27.0,14:10,5.04,0.0,11.5
2016-09-10,22.4,15.3,19.08,12:40,2.16,0.0,5.2
2016-09-11,22.7,14.7,18.0,Varias,2.88,0.0,11.2
2016-09-12,24.4,13.6,38.88,21:10,3.96,85.0,4.5
2016-09-13,20.4,13.2,36.0,12:40,12.96,0.2,7.8
2016-09-14,17.1,10.4,20.16,14:10,2.16,3.8,0.7
2016-09-15,19.8,12.7,20.88,09:30,2.88,0.0,1.3
2016-09-16,21.5,13.1,25.92,17:20,9.0,0.0,6.7
2016-09-17,23.2,12.8,36.0,14:30,11.16,0.0,7.9
2016-09-18,24.7,11.7,33.12,15:10,10.08,0.0,11.8
2016-09-19,25.0,10.9,29.88,23:50,5.04,0.0,8.3
2016-09-20,24.7,14.8,30.96,Varias,7.92,0.0,11.6
2016-09-21,19.8,11.7,18.0,14:00,2.16,0.0,8.1
2016-09-22,20.5,12.9,18.0,15:00,2.88,0.0,7.1
2016-09-23,22.6,11.9,15.84,12:50,2.88,0.0,9.7
2016-09-24,21.8,13.4,24.12,15:10,3.96,19.2,4.6
2016-09-25,20.2,13.1,29.16,12:20,9.0,0.0,9.3
2016-09-26,19.8,11.3,12.96,Varias,2.88,0.0,5.1
2016-09-27,23.8,15.0,32.04,13:40,6.84,0.0,6.7
2016-09-28,26.6,14.2,16.92,23:50,2.88,0.0,10.5
2016-09-29,25.6,15.4,24.84,14:20,3.96,0.0,10.6
2016-09-30,20.4,12.1,20.16,16:40,2.16,0.4,3.7
2016-10-01,18.9,9.9,20.88,15:10,3.96,0.0,9.3
2016-10-02,19.5,8.8,20.16,12:20,5.04,0.0,10.2
2016-10-03,21.3,9.3,18.0,01:00,3.96,0.0,7.0
2016-10-04,20.1,10.7,24.84,18:00,6.84,0.0,1.0
2016-10-05,19.7,9.8,20.88,00:20,2.16,0.0,0.0
2016-10-06,21.7,10.5,19.08,08:40,2.16,0.0,8.1
2016-10-07,18.2,9.2,12.96,00:10,2.16,0.0,7.2
2016-10-08,20.3,9.6,23.04,13:50,7.92,0.0,8.6
2016-10-09,21.3,10.7,19.08,12:40,6.12,0.0,8.6
2016-10-10,21.3,11.6,12.96,03:20,2.88,0.0,8.1
2016-10-11,17.3,11.9,27.0,18:40,3.96,17.2,0.0
2016-10-12,18.5,13.9,11.88,11:30,2.88,7.4,3.4
2016-10-13,16.0,10.9,30.96,16:00,5.04,3.6,0.0
2016-10-14,17.9,7.5,21.96,18:10,6.12,9.8,5.3
2016-10-15,16.6,11.7,29.88,15:20,5.04,15.2,0.2
2016-10-16,17.6,12.8,18.0,02:10,2.16,12.0,0.0
2016-10-17,18.7,14.0,14.04,21:10,1.08,0.0,1.9
2016-10-18,21.5,12.5,20.88,05:00,2.88,0.0,5.5
2016-10-19,21.6,13.6,12.96,13:40,2.16,0.0,4.3
2016-10-20,21.1,12.8,11.16,13:00,3.96,0.0,6.4
2016-10-21,20.6,11.6,11.16,13:00,2.88,0.2,6.0
2016-10-22,19.1,12.7,29.88,21:50,7.92,35.4,1.8
2016-10-23,16.0,11.4,37.08,15:30,11.88,2.6,3.1
2016-10-24,19.7,11.7,25.92,Varias,2.88,0.2,6.7
2016-10-25,22.2,14.8,19.08,21:30,5.04,0.0,5.7
2016-10-26,23.7,15.9,19.08,22:50,3.96,0.0,8.1
2016-10-27,24.6,15.2,20.16,03:30,2.16,0.0,6.6
2016-10-28,24.9,16.4,19.08,00:40,2.88,0.0,2.5
2016-10-29,24.1,16.5,23.04,22:10,2.88,0.0,2.1
2016-10-30,22.5,14.9,18.0,22:20,5.04,0.0,8.1
2016-10-31,22.0,12.7,20.88,00:50,3.96,0.0,5.7
2016-11-01,21.4,13.9,24.12,21:40,3.96,0.0,5.9
2016-11-02,20.1,13.6,21.96,00:30,6.12,0.0,3.0
2016-11-03,20.7,14.1,20.16,14:30,5.04,4.6,3.0
2016-11-04,17.2,13.6,16.92,06:00,2.88,16.2,0.1
2016-11-05,14.8,7.0,38.88,13:20,5.04,0.2,6.3
2016-11-06,12.5,5.1,38.88,12:20,6.12,1.4,5.1
2016-11-07,12.1,3.1,24.12,13:40,6.84,0.0,6.6
2016-11-08,14.2,4.8,32.04,21:40,6.84,26.6,1.3
2016-11-09,14.4,9.0,24.84,01:10,2.16,0.6,0.3
2016-11-10,14.7,8.8,12.96,05:20,2.16,0.2,1.3
2016-11-11,13.3,7.4,14.04,09:20,3.96,3.6,2.1
2016-11-12,17.6,12.0,18.0,12:00,2.88,27.2,0.0
2016-11-13,16.5,11.9,30.96,16:20,5.04,0.0,7.6
2016-11-14,17.8,8.7,29.88,15:40,5.04,0.0,7.1
2016-11-15,15.8,7.3,20.16,00:40,2.16,0.0,7.4
2016-11-16,16.0,8.5,20.88,05:40,5.04,0.0,6.8
2016-11-17,13.6,8.0,18.0,06:10,2.16,3.6,6.5
2016-11-18,14.7,10.3,23.04,13:40,2.16,0.6,0.9
2016-11-19,13.5,8.7,39.96,12:20,5.04,25.0,0.4
2016-11-20,15.7,10.9,45.0,22:30,7.92,21.6,0.7
2016-11-21,11.8,6.8,45.0,07:10,3.96,12.4,0.5
2016-11-22,11.2,3.4,25.92,14:10,6.84,0.0,6.6
2016-11-23,11.4,4.2,36.0,12:10,5.04,0.0,6.2
2016-11-24,8.6,4.6,55.08,22:50,6.84,23.1,0.0
2016-11-25,12.0,7.9,47.88,01:00,6.12,0.3,2.6
2016-11-26,11.4,9.1,29.16,07:10,3.96,1.7,0.0
2016-11-27,14.3,7.4,15.12,00:00,2.88,0.0,2.4
2016-11-28,14.1,6.7,15.12,00:20,3.96,0.0,5.0
2016-11-29,14.1,4.8,14.04,04:20,5.04,0.0,5.1
2016-11-30,17.1,10.1,30.96,11:20,6.12,0.0,1.1
2016-12-01,17.2,10.3,19.08,04:10,2.88,0.0,0.2
2016-12-02,15.9,8.8,19.08,Varias,5.04,0.0,5.0
2016-12-03,17.0,9.7,27.0,11:00,3.96,0.6,0.2
2016-12-04,19.9,12.6,29.88,00:30,5.04,0.0,6.6
2016-12-05,18.5,11.3,18.0,Varias,2.88,0.0,6.1
2016-12-06,17.3,9.7,18.0,00:00,2.88,0.0,5.4
2016-12-07,17.6,10.4,15.12,Varias,2.88,0.0,4.8
2016-12-08,16.8,10.1,18.0,02:50,2.88,0.0,3.8
2016-12-09,17.0,8.4,30.96,03:30,6.12,0.0,6.6
2016-12-10,17.8,12.1,20.88,06:50,6.84,0.0,5.3
2016-12-11,17.0,10.0,19.08,05:30,5.04,0.0,6.8
2016-12-12,16.4,8.5,19.08,Varias,6.84,0.0,6.8
2016-12-13,16.0,8.1,42.12,21:10,3.96,22.4,4.8
2016-12-14,14.2,7.7,38.16,02:00,5.04,8.6,2.6
2016-12-15,11.1,5.9,39.96,16:00,7.92,19.8,0.0
2016-12-16,12.1,7.3,27.0,15:00,6.12,0.2,3.9
2016-12-17,16.0,6.2,16.92,13:50,3.96,0.0,6.2
2016-12-18,14.6,6.3,19.08,Varias,6.12,0.0,6.2
2016-12-19,13.0,2.2,29.16,16:50,3.96,0.0,6.2
2016-12-20,13.0,6.9,28.08,12:50,6.84,0.0,4.0
2016-12-21,11.6,6.5,16.92,05:50,5.04,2.6,0.0
2016-12-22,13.1,10.0,7.92,Varias,1.08,0.6,0.0
2016-12-23,13.4,9.6,10.08,06:10,1.08,0.6,1.9
2016-12-24,15.5,9.7,23.04,15:20,6.84,0.0,6.7
2016-12-25,12.6,5.4,11.88,06:50,3.96,0.0,6.8
2016-12-26,10.3,3.6,15.12,Varias,6.12,0.0,5.4
2016-12-27,11.1,1.7,20.16,23:30,2.16,0.0,6.1
2016-12-28,13.5,4.2,19.08,22:00,5.04,0.0,6.6
2016-12-29,13.7,5.3,18.0,20:50,2.88,0.0,6.4
2016-12-30,12.7,4.3,20.88,21:20,3.96,0.0,6.5
2016-12-31,12.3,4.0,21.96,01:20,3.96,0.0,6.4
2017-01-01,9.8,3.8,24.12,22:00,1.08,4.6,0.0
2017-01-02,13.5,8.2,38.88,20:20,10.08,0.6,0.0
2017-01-03,13.9,10.9,28.08,03:40,3.96,2.4,0.3
2017-01-04,14.9,11.4,12.96,03:10,2.16,0.5,0.2
2017-01-05,17.2,9.4,18.0,23:50,5.04,0.0,6.8
2017-01-06,14.0,5.8,19.08,21:00,2.16,0.0,6.8
2017-01-07,12.5,3.9,20.88,07:10,5.04,0.0,6.8
2017-01-08,11.8,2.9,18.0,20:10,1.08,0.0,6.8
2017-01-09,12.4,3.5,20.88,09:40,3.96,0.0,6.0
2017-01-10,12.7,6.7,23.04,17:30,7.92,0.2,0.7
2017-01-11,15.4,8.2,23.04,14:40,5.04,0.1,4.7
2017-01-12,11.9,6.7,29.16,20:10,2.88,1.8,0.0
2017-01-13,10.2,3.2,29.88,Varias,7.92,0.0,5.2
2017-01-14,10.6,2.0,30.96,13:40,5.04,0.0,6.2
2017-01-15,11.9,2.8,24.12,12:20,6.12,0.0,5.5
2017-01-16,13.2,4.6,28.08,12:50,6.84,0.0,5.4
2017-01-17,15.4,6.5,36.0,11:10,9.0,0.0,5.9
2017-01-18,9.0,2.3,29.88,13:50,10.08,0.0,7.0
2017-01-19,8.4,-1.0,21.96,15:20,5.04,0.0,7.0
2017-01-20,11.1,0.4,20.88,03:40,6.12,0.0,3.8
2017-01-21,11.5,1.8,19.08,00:40,2.88,0.0,6.5
2017-01-22,11.4,1.3,29.16,13:50,6.12,0.0,7.0
2017-01-23,10.7,2.3,15.12,00:30,2.88,0.0,7.1
2017-01-24,10.9,1.6,20.88,21:50,2.88,0.0,6.8
2017-01-25,12.3,1.3,20.88,00:30,6.84,1.0,6.7
2017-01-26,12.8,8.4,48.96,09:50,7.92,16.2,0.0
2017-01-27,10.4,5.7,27.0,13:50,3.96,11.8,0.8
2017-01-28,11.4,5.4,27.0,19:00,6.12,7.5,0.6
2017-01-29,14.0,10.3,37.08,04:00,3.96,13.0,0.0
2017-01-30,14.0,10.7,42.84,15:00,11.16,2.0,0.0
2017-01-31,12.1,10.1,47.16,02:10,2.88,17.2,0.0
2017-02-01,12.6,9.1,61.92,22:20,10.08,9.4,0.5
2017-02-02,13.9,7.7,75.96,11:10,7.92,23.6,0.4
2017-02-03,14.9,8.0,78.12,02:00,21.96,7.4,0.2
2017-02-04,14.0,9.4,68.04,23:20,12.96,43.4,0.0
2017-02-05,11.5,7.2,63.0,03:10,11.16,1.6,2.3
2017-02-06,14.5,9.6,42.12,12:40,12.96,9.0,0.0
2017-02-07,13.0,5.3,33.84,16:30,7.92,0.2,4.9
2017-02-08,11.6,2.2,18.0,12:10,5.04,0.0,7.3
2017-02-09,13.9,3.5,48.96,23:50,7.92,9.8,4.7
2017-02-10,11.5,5.0,38.88,00:10,6.84,1.0,5.2
2017-02-11,14.3,5.8,33.84,21:00,9.0,0.0,6.1
2017-02-12,12.5,6.6,32.04,03:10,3.96,5.8,0.0
2017-02-13,12.4,7.9,28.08,10:30,5.04,12.8,1.5
2017-02-14,14.7,8.8,38.88,06:00,12.96,7.0,3.2
2017-02-15,17.7,10.6,19.08,22:20,2.16,0.0,3.8
2017-02-16,17.9,8.6,18.0,Varias,3.96,0.0,8.1
2017-02-17,17.4,7.6,19.08,02:50,3.96,8.2,7.8
2017-02-18,13.8,6.4,25.92,04:40,6.12,4.8,3.4
2017-02-19,17.5,6.5,37.08,15:30,7.92,0.0,8.3
2017-02-20,19.4,6.0,34.92,16:00,6.12,0.0,8.5
2017-02-21,20.0,7.5,24.84,14:10,6.12,0.0,8.4
2017-02-22,19.4,8.9,20.16,00:20,3.96,0.0,8.2
2017-02-23,16.4,6.3,41.04,16:10,6.84,0.0,4.8
2017-02-24,16.9,9.1,36.0,09:40,10.08,0.0,8.4
2017-02-25,15.3,7.0,19.08,02:50,5.04,0.2,7.6
2017-02-26,13.2,9.0,18.0,15:10,1.08,3.0,0.0
2017-02-27,13.0,9.7,30.96,14:20,9.0,9.0,0.2
2017-02-28,12.7,9.6,33.12,14:00,2.88,7.2,0.8
2017-03-01,13.1,10.2,25.92,13:30,6.12,9.0,0.6
2017-03-02,13.3,11.1,37.08,21:00,10.08,15.8,0.3
2017-03-03,11.9,4.2,39.96,15:30,6.84,18.6,1.2
2017-03-04,13.1,4.2,24.84,22:00,7.92,9.8,6.3
2017-03-05,13.8,9.2,25.92,22:50,5.04,5.4,0.0
2017-03-06,16.4,10.4,27.0,08:00,3.96,2.2,4.8
2017-03-07,14.1,10.9,12.96,07:30,2.16,1.5,0.0
2017-03-08,17.2,9.0,19.08,Varias,5.04,0.0,5.5
2017-03-09,24.5,8.6,23.04,07:00,6.84,0.0,8.2
2017-03-10,25.5,11.6,23.04,16:00,2.88,0.0,8.3
2017-03-11,14.6,9.3,30.96,14:40,6.12,3.0,0.9
2017-03-12,13.4,8.5,59.04,13:10,16.92,0.8,5.7
2017-03-13,15.2,7.3,42.12,11:50,14.04,0.0,6.6
2017-03-14,21.9,9.6,36.0,04:10,10.08,0.0,9.3
2017-03-15,22.4,8.8,15.84,23:59,3.96,0.0,10.3
2017-03-16,21.3,10.9,23.04,02:10,3.96,0.0,10.8
2017-03-17,23.6,7.4,36.0,15:30,7.92,0.0,11.6
2017-03-18,21.0,7.1,14.04,06:00,2.88,0.0,11.3
2017-03-19,19.3,6.3,29.88,12:30,10.08,0.0,11.7
2017-03-20,13.6,8.9,18.0,06:40,5.04,8.8,0.0
2017-03-21,14.5,8.0,29.88,15:30,6.12,9.6,8.3
2017-03-22,9.9,2.0,55.08,06:50,12.96,13.4,4.4
2017-03-23,8.6,1.1,20.88,15:00,2.88,7.6,1.5
2017-03-24,11.9,2.8,20.88,Varias,3.96,0.0,5.5
2017-03-25,14.6,4.7,23.04,13:30,6.12,1.8,0.0
2017-03-26,13.9,7.3,34.92,09:20,9.0,5.6,1.3
2017-03-27,14.4,8.7,38.88,01:30,9.0,0.2,2.4
2017-03-28,18.0,10.3,32.04,13:20,9.0,0.0,6.5
2017-03-29,19.7,12.1,32.04,00:50,5.04,0.0,8.2
2017-03-30,19.9,10.6,45.0,12:40,11.16,9.6,3.6
2017-03-31,15.0,9.6,34.92,12:40,9.0,2.0,4.6
2017-04-01,14.2,9.3,29.88,14:40,7.92,0.0,6.4
2017-04-02,18.7,7.6,33.84,15:10,7.92,0.0,11.1
2017-04-03,18.4,7.7,18.0,Varias,3.96,0.0,12.0
2017-04-04,22.1,7.1,37.08,Varias,10.08,0.0,12.3
2017-04-05,22.2,10.2,41.04,06:10,11.88,0.0,12.0
2017-04-06,21.5,10.1,18.0,Varias,5.04,0.0,12.0
2017-04-07,24.4,11.0,24.12,11:40,6.12,0.0,12.0
2017-04-08,21.3,10.7,20.88,05:10,5.04,0.0,12.0
2017-04-09,26.5,10.6,20.88,01:10,2.88,0.0,11.8
2017-04-10,28.3,14.2,20.88,01:10,3.96,0.0,11.9
2017-04-11,25.6,10.6,19.08,23:30,3.96,0.0,12.2
2017-04-12,22.4,10.6,20.88,07:20,2.88,0.0,12.7
2017-04-13,18.8,9.2,21.96,03:10,3.96,0.0,8.8
2017-04-14,17.0,11.7,15.12,16:00,2.88,0.0,1.9
2017-04-15,20.2,9.0,34.92,15:40,9.0,0.0,8.2
2017-04-16,24.4,9.4,18.0,14:50,2.88,0.0,7.7
2017-04-17,20.6,9.5,18.0,15:20,5.04,0.0,9.8
2017-04-18,19.5,11.0,24.84,20:50,3.96,0.0,0.2
2017-04-19,23.9,12.7,34.92,14:20,10.08,0.0,0.7
2017-04-20,25.6,13.2,32.04,00:40,6.84,0.0,5.4
2017-04-21,26.9,13.8,24.12,04:00,5.04,0.0,12.2
2017-04-22,25.3,11.2,23.04,05:50,3.96,0.0,12.7
2017-04-23,23.1,9.9,18.0,Varias,5.04,0.0,12.9
2017-04-24,20.0,9.7,21.96,15:10,5.04,0.0,11.9
2017-04-25,16.7,10.2,25.92,17:10,6.12,0.0,0.7
2017-04-26,15.1,6.8,48.96,09:00,12.96,0.0,13.1
2017-04-27,15.8,5.2,46.08,12:10,11.16,0.0,13.3
2017-04-28,20.2,3.5,29.88,09:40,5.04,0.0,13.3
2017-04-29,17.3,6.8,33.12,19:10,6.12,6.8,9.4
2017-04-30,12.7,6.5,60.12,04:10,9.0,2.8,6.6
2017-05-01,15.3,4.7,24.84,13:10,3.96,0.0,4.3
2017-05-02,21.7,7.3,19.08,Varias,3.96,0.0,13.4
2017-05-03,27.1,12.2,18.0,Varias,2.16,0.0,12.7
2017-05-04,26.6,15.5,19.08,16:20,3.96,5.6,7.2
2017-05-05,15.7,11.6,42.84,10:40,10.08,9.0,2.2
2017-05-06,18.9,11.1,29.16,15:20,2.88,0.4,8.1
2017-05-07,24.8,11.6,20.88,15:20,6.12,0.0,12.4
2017-05-08,26.1,13.9,16.92,20:40,2.16,0.0,10.0
2017-05-09,20.9,13.3,28.08,14:50,3.96,10.2,4.2
2017-05-10,17.9,12.7,39.96,15:10,6.12,27.8,2.3
2017-05-11,17.5,12.2,25.92,10:40,6.84,58.2,2.6
2017-05-12,18.3,12.2,24.12,12:00,3.96,6.6,5.0
2017-05-13,16.7,11.1,36.0,12:10,6.84,6.6,0.0
2017-05-14,20.1,13.2,28.08,14:00,6.12,0.2,3.3
2017-05-15,22.2,14.8,20.16,14:30,2.88,0.0,5.7
2017-05-16,23.9,14.8,15.12,12:30,3.96,0.2,6.1
2017-05-17,18.9,11.1,29.16,19:40,2.88,0.0,3.2
2017-05-18,16.7,8.4,37.08,15:30,10.08,0.4,9.7
2017-05-19,17.3,8.6,28.08,17:10,7.92,0.0,8.4
2017-05-20,22.9,9.3,18.0,11:10,2.88,0.0,12.3
2017-05-21,28.5,14.8,16.92,03:30,2.88,0.0,6.8
2017-05-22,24.8,12.3,27.0,15:40,5.04,0.0,13.6
2017-05-23,31.4,12.5,28.08,16:00,7.92,0.0,13.4
2017-05-24,33.2,19.2,19.08,03:40,3.96,0.0,13.7
2017-05-25,23.8,16.7,24.12,12:30,2.88,17.0,7.2
2017-05-26,19.3,15.5,24.84,05:00,2.88,13.2,0.5
2017-05-27,19.3,15.3,18.0,15:20,2.16,0.0,0.0
2017-05-28,20.3,15.1,16.92,15:40,2.88,6.0,2.5
2017-05-29,21.1,13.9,19.08,11:30,2.88,0.4,9.6
2017-05-30,23.0,13.4,20.88,13:40,3.96,0.0,13.4
2017-05-31,24.2,12.7,20.16,14:30,5.04,0.0,13.8
2017-06-01,22.7,12.2,21.96,15:10,5.04,0.0,12.7
2017-06-02,21.8,12.8,29.88,19:20,10.08,0.0,7.0
2017-06-03,19.8,13.3,29.88,18:10,11.16,0.0,5.8
2017-06-04,21.2,10.9,34.92,14:50,12.96,0.0,12.6
2017-06-05,19.8,8.9,25.92,17:50,6.12,5.8,4.8
2017-06-06,20.9,12.4,28.08,11:10,10.08,0.0,12.0
2017-06-07,23.9,9.6,15.12,14:50,2.16,0.0,13.0
2017-06-08,21.7,11.7,18.0,14:40,2.88,0.2,3.5
2017-06-09,22.1,14.5,24.84,13:40,3.96,0.0,12.1
2017-06-10,23.5,12.3,21.96,14:00,5.04,0.0,12.7
2017-06-11,25.1,14.9,32.04,14:00,11.16,0.0,11.1
2017-06-12,29.4,15.2,34.92,01:10,6.84,0.0,12.5
2017-06-13,25.1,16.7,33.12,11:20,3.96,3.0,5.4
2017-06-14,27.0,15.7,16.92,20:40,3.96,0.0,12.0
2017-06-15,27.7,13.9,33.84,Varias,11.88,0.0,12.5
2017-06-16,30.3,14.0,11.16,00:00,2.16,0.0,12.2
2017-06-17,31.2,19.2,14.04,05:40,3.96,0.0,12.3
2017-06-18,31.8,18.1,15.12,Varias,2.88,0.0,10.2
2017-06-19,30.2,16.3,15.84,12:20,2.88,0.0,5.2
2017-06-20,33.3,20.5,18.0,02:00,2.88,0.0,11.5
2017-06-21,25.1,18.5,19.08,Varias,5.04,0.0,9.7
2017-06-22,23.4,16.7,20.16,15:20,3.96,0.0,6.7
2017-06-23,25.3,14.3,20.16,Varias,6.12,0.0,11.6
2017-06-24,25.5,13.0,28.08,13:20,9.0,0.0,14.0
2017-06-25,27.3,12.6,15.84,17:10,2.88,0.0,11.3
2017-06-26,24.7,15.8,19.08,16:50,3.96,0.2,5.6
2017-06-27,21.5,16.3,29.88,14:00,3.96,23.0,2.7
2017-06-28,18.6,14.9,47.88,11:20,11.88,2.0,3.9
2017-06-29,17.7,11.9,39.96,Varias,10.08,3.4,7.1
2017-06-30,19.2,11.4,36.0,13:00,11.88,0.0,7.5
2017-07-01,21.1,8.6,32.04,15:40,11.16,0.0,11.4
2017-07-02,29.5,12.4,29.16,17:00,7.92,0.0,13.9
2017-07-03,33.5,16.1,20.88,23:20,2.88,0.0,13.9
2017-07-04,33.7,17.7,20.88,00:10,6.12,0.0,11.2
2017-07-05,21.7,16.1,20.88,17:10,3.96,0.0,2.4
2017-07-06,25.1,14.3,19.08,12:40,3.96,0.0,7.9
2017-07-07,22.2,16.5,20.16,15:50,2.88,0.0,5.1
2017-07-08,27.2,16.6,30.96,11:40,11.88,0.0,12.3
2017-07-09,22.6,16.9,23.04,12:20,2.88,0.0,4.7
2017-07-10,23.0,14.3,30.96,15:10,10.08,0.0,6.9
2017-07-11,24.9,11.8,24.12,14:30,3.96,0.0,10.9
2017-07-12,27.3,17.7,20.16,16:00,5.04,0.0,12.8
2017-07-13,28.4,15.8,34.92,11:20,11.88,0.0,13.0
2017-07-14,30.2,17.5,33.84,13:50,10.08,0.0,13.1
2017-07-15,33.2,14.4,28.08,17:00,9.0,0.0,13.1
2017-07-16,29.8,16.2,15.12,11:00,2.16,0.0,13.1
2017-07-17,23.1,15.1,19.08,14:00,2.88,0.0,7.5
2017-07-18,21.5,17.0,27.0,09:20,3.96,3.8,0.6
2017-07-19,20.4,16.0,21.96,10:50,2.88,3.4,3.7
2017-07-20,21.7,13.3,28.08,13:10,11.16,0.0,10.1
2017-07-21,21.9,11.2,24.12,13:40,3.96,5.8,9.6
2017-07-22,22.1,15.5,20.88,14:00,3.96,0.8,8.9
2017-07-23,24.2,12.9,29.88,11:30,6.12,0.0,10.1
2017-07-24,24.6,17.1,36.0,14:40,11.16,0.0,9.8
2017-07-25,26.8,15.4,33.84,13:30,11.88,0.0,13.6
2017-07-26,25.6,13.9,20.16,00:40,5.04,0.0,13.5
2017-07-27,24.0,14.2,18.0,11:00,2.16,0.0,4.7
2017-07-28,25.3,15.4,19.08,13:20,2.88,4.4,9.7
2017-07-29,22.3,18.9,29.16,13:50,3.96,3.0,2.7
2017-07-30,22.7,15.5,25.92,14:50,6.12,0.0,11.2
2017-07-31,23.5,14.5,21.96,13:10,6.84,0.0,10.4
2017-08-01,24.3,12.9,23.04,15:50,2.88,0.0,13.5
2017-08-02,24.4,11.6,20.16,13:00,6.12,3.0,9.7
2017-08-03,24.3,18.6,21.96,13:00,6.12,6.2,10.1
2017-08-04,23.8,18.2,15.84,14:20,2.88,1.8,0.1
2017-08-05,23.6,16.8,46.08,17:00,11.88,0.0,12.0
2017-08-06,27.3,16.1,33.84,08:20,10.08,0.0,12.0
2017-08-07,20.7,14.0,36.0,17:50,11.16,0.0,4.5
2017-08-08,22.4,11.6,39.96,16:30,11.16,0.0,12.2
2017-08-09,21.8,12.0,41.04,16:10,10.08,0.0,12.4
2017-08-10,25.1,11.0,41.04,09:40,11.16,0.0,13.3
2017-08-11,29.5,11.8,30.96,17:40,5.04,0.0,13.2
2017-08-12,30.1,13.3,29.88,17:30,6.12,0.0,13.2
2017-08-13,30.7,14.3,15.84,13:00,3.96,0.0,12.8
2017-08-14,22.9,15.7,18.0,14:40,2.88,0.0,10.0
2017-08-15,24.7,14.6,20.88,10:30,3.96,0.0,12.9
2017-08-16,25.2,13.0,21.96,Varias,3.96,0.0,13.1
2017-08-17,26.3,17.2,24.12,14:20,3.96,0.0,10.6
2017-08-18,27.7,17.3,23.04,20:40,3.96,0.0,10.7
2017-08-19,29.5,15.3,33.84,Varias,10.08,0.0,13.2
2017-08-20,35.9,15.9,28.08,16:40,7.92,0.0,13.2
2017-08-21,33.4,17.7,16.92,Varias,5.04,0.0,12.8
2017-08-22,26.1,16.8,20.16,Varias,2.88,0.0,9.9
2017-08-23,27.0,15.8,27.0,18:30,6.84,0.0,12.8
2017-08-24,24.6,15.3,20.88,16:00,5.04,0.0,12.2
2017-08-25,23.0,15.3,20.88,13:30,5.04,0.0,4.6
2017-08-26,26.9,14.8,19.08,Varias,6.84,0.0,2.8
2017-08-27,23.0,14.4,21.96,13:40,2.88,0.0,9.1
2017-08-28,25.6,15.3,19.08,09:50,3.96,3.2,8.7
2017-08-29,21.3,17.7,16.92,15:40,2.16,1.8,3.7
2017-08-30,21.4,15.3,25.92,19:00,6.84,0.0,0.9
2017-08-31,24.0,13.5,36.0,14:20,11.16,0.0,12.4
2017-09-01,24.0,13.8,38.16,12:50,11.16,0.0,12.0
2017-09-02,24.5,12.2,21.96,00:10,3.96,0.0,11.6
2017-09-03,24.1,14.8,20.16,12:10,2.88,7.4,6.2
2017-09-04,21.5,17.4,16.92,15:40,2.16,0.0,6.3
2017-09-05,23.3,17.0,27.0,20:40,2.88,0.0,8.1
2017-09-06,26.0,17.2,33.84,10:10,11.88,0.0,11.8
2017-09-07,26.4,12.0,29.16,13:40,9.0,0.0,11.0
2017-09-08,22.5,10.2,25.92,12:40,7.92,0.0,10.7
2017-09-09,20.5,13.6,37.08,15:10,7.92,0.0,6.4
2017-09-10,20.6,10.8,18.0,Varias,2.16,2.8,3.7
2017-09-11,22.4,15.4,29.16,17:30,6.12,1.4,9.0
2017-09-12,20.4,14.8,15.84,16:30,2.88,3.4,2.2
2017-09-13,22.2,16.8,20.16,17:00,2.16,2.2,1.3
2017-09-14,20.6,11.7,38.16,10:50,11.88,0.0,10.3
2017-09-15,18.8,9.8,41.04,13:40,6.84,0.0,9.2
2017-09-16,18.4,8.6,25.92,11:30,6.12,0.0,7.3
2017-09-17,18.9,8.7,21.96,14:00,3.96,5.6,5.3
2017-09-18,19.1,13.4,16.92,14:40,2.88,0.4,3.4
2017-09-19,20.2,11.4,18.0,15:10,6.12,0.0,11.4
2017-09-20,21.5,11.1,16.92,13:40,2.88,0.0,11.6
2017-09-21,18.2,13.1,30.96,12:00,9.0,5.6,1.1
2017-09-22,23.5,12.2,30.96,12:50,6.12,0.0,10.4
2017-09-23,20.4,12.2,16.92,10:20,2.88,0.0,4.8
2017-09-24,17.6,10.1,15.12,Varias,3.96,3.8,2.1
2017-09-25,21.6,13.2,18.0,Varias,2.16,0.0,8.9
2017-09-26,20.7,10.0,15.12,23:10,3.96,0.0,11.2
2017-09-27,25.1,12.9,19.08,15:30,2.16,0.0,6.2
2017-09-28,23.4,13.6,20.88,13:10,3.96,0.2,9.0
2017-09-29,20.9,13.2,15.12,15:00,2.88,0.4,3.3
2017-09-30,20.0,13.5,24.84,11:10,6.12,0.0,7.9
2017-10-01,23.7,15.8,23.04,13:20,3.96,0.0,7.7
2017-10-02,26.9,15.3,19.08,12:20,2.88,0.0,8.3
2017-10-03,24.7,14.3,23.04,11:20,3.96,0.0,8.3
2017-10-04,22.9,13.3,18.0,05:30,5.04,0.0,9.9
2017-10-05,20.6,12.2,12.96,13:30,2.88,0.0,6.7
2017-10-06,26.1,12.3,23.04,19:10,6.12,0.0,9.5
2017-10-07,27.4,14.2,23.04,21:20,1.08,0.0,9.5
2017-10-08,27.7,14.2,20.88,05:20,6.12,0.0,9.5
2017-10-09,24.3,12.5,24.12,06:30,5.04,0.0,9.5
2017-10-10,24.8,12.7,23.04,02:00,5.04,0.0,8.6
2017-10-11,21.1,8.5,21.96,00:10,2.16,0.0,8.4
2017-10-12,23.5,10.7,18.0,04:20,2.88,0.0,8.5
2017-10-13,21.2,11.4,19.08,06:30,3.96,0.0,7.6
2017-10-14,26.0,11.4,20.16,21:30,3.96,0.0,7.5
2017-10-15,31.1,18.7,39.96,22:00,6.12,0.2,1.8
2017-10-16,22.5,14.0,21.96,00:00,2.88,9.4,0.0
2017-10-17,18.6,12.2,34.92,21:10,6.84,15.8,4.2
2017-10-18,15.6,10.4,21.96,14:00,2.16,5.4,2.9
2017-10-19,16.0,10.0,23.04,13:20,3.96,9.2,0.0
2017-10-20,20.2,14.3,28.08,19:10,10.08,8.2,0.6
2017-10-21,16.9,8.8,27.0,14:20,6.84,0.4,6.4
2017-10-22,17.1,7.6,29.16,14:20,9.0,0.0,7.8
2017-10-23,19.0,7.8,16.92,00:00,3.96,0.0,7.8
2017-10-24,23.4,11.5,21.96,22:40,3.96,0.0,7.7
2017-10-25,24.3,12.1,21.96,03:10,3.96,0.0,8.1
2017-10-26,23.2,13.7,20.88,20:50,2.16,0.0,8.3
2017-10-27,28.5,14.1,20.88,00:20,2.88,0.0,8.3
2017-10-28,27.4,14.1,30.96,14:00,7.92,0.0,8.3
2017-10-29,22.8,11.2,37.08,22:20,7.92,0.0,8.3
2017-10-30,20.3,13.0,34.92,00:40,11.16,0.0,8.3
2017-10-31,20.1,11.8,18.0,22:30,5.04,0.0,6.2
2017-11-01,18.4,11.6,29.16,14:50,5.04,2.0,0.0
2017-11-02,18.0,13.5,28.08,13:20,6.12,23.8,3.1
2017-11-03,16.0,12.5,18.0,08:10,5.04,5.2,0.4
2017-11-04,17.8,11.1,33.84,17:00,6.84,0.0,3.8
2017-11-05,14.2,7.7,27.0,11:40,6.84,0.0,3.9
2017-11-06,16.3,6.8,29.16,14:20,5.04,0.0,7.7
2017-11-07,13.1,4.2,24.84,16:30,6.84,0.0,1.1
2017-11-08,13.8,5.6,32.04,13:20,7.92,0.0,5.7
2017-11-09,13.9,6.9,25.92,17:10,3.96,0.0,1.7
2017-11-10,16.7,9.9,29.16,13:00,6.12,0.0,2.7
2017-11-11,16.6,10.0,33.12,10:30,6.12,0.0,7.5
2017-11-12,15.5,10.2,11.88,00:20,2.88,0.2,0.0
2017-11-13,15.2,8.8,30.96,15:20,6.84,0.0,6.8
2017-11-14,14.5,5.3,20.88,00:00,3.96,0.0,6.9
2017-11-15,15.4,7.1,20.88,08:00,5.04,0.0,6.8
2017-11-16,15.1,6.2,21.96,Varias,6.84,0.0,6.7
2017-11-17,15.9,6.8,19.08,07:40,2.16,0.0,6.7
2017-11-18,17.8,6.9,20.16,22:30,2.88,0.0,6.7
2017-11-19,17.3,8.3,20.88,23:50,2.88,0.0,6.6
2017-11-20,17.3,7.8,21.96,03:30,5.04,0.0,6.1
2017-11-21,18.0,7.5,18.0,Varias,3.96,0.0,6.6
2017-11-22,19.8,11.6,60.12,18:00,16.92,12.8,0.0
2017-11-23,18.3,13.6,33.12,00:00,6.12,10.2,0.3
2017-11-24,14.7,11.6,16.92,21:40,2.16,19.6,0.0
2017-11-25,13.6,8.1,37.08,15:20,10.08,0.0,6.3
2017-11-26,13.2,6.2,19.08,19:30,3.96,0.0,6.4
2017-11-27,12.4,3.9,20.88,Varias,3.96,0.0,6.3
2017-11-28,12.5,2.9,24.84,03:00,6.84,0.0,6.3
2017-11-29,10.6,4.2,32.04,12:10,5.04,0.0,5.7
2017-11-30,10.7,2.6,25.92,15:00,6.84,0.0,6.0
2017-12-01,10.9,2.7,33.84,14:10,6.84,0.0,1.8
2017-12-02,10.8,1.3,28.08,14:40,5.04,0.0,6.4
2017-12-03,12.6,2.6,28.08,12:50,6.12,0.0,6.5
2017-12-04,11.6,2.4,18.0,19:50,2.88,0.0,6.4
2017-12-05,11.8,3.1,19.08,Varias,2.16,0.0,6.4
2017-12-06,11.4,3.0,20.88,09:30,5.04,0.0,4.0
2017-12-07,10.9,7.9,19.08,14:50,5.04,23.6,0.0
2017-12-08,13.9,10.7,11.88,16:50,0.0,9.4,0.0
2017-12-09,14.2,11.1,29.88,14:00,2.88,4.0,0.0
2017-12-10,15.0,9.3,77.04,20:00,16.92,55.0,0.0
2017-12-11,9.8,3.5,46.08,01:00,6.12,4.6,2.0
2017-12-12,10.4,2.5,19.08,23:00,3.96,1.4,2.5
2017-12-13,14.0,8.5,20.88,09:20,3.96,9.6,0.6
2017-12-14,14.2,10.5,25.92,Varias,5.04,5.0,0.2
2017-12-15,11.0,5.2,29.16,08:00,5.04,0.0,2.3
2017-12-16,11.0,2.4,21.96,14:20,6.12,0.0,5.4
2017-12-17,10.6,1.5,18.0,21:20,2.88,0.0,6.0
2017-12-18,13.3,2.7,23.04,13:50,9.0,0.0,6.0
2017-12-19,16.4,7.8,24.84,10:50,6.12,0.0,6.1
2017-12-20,14.5,6.1,19.08,07:30,3.96,0.0,5.9
2017-12-21,13.0,5.1,18.0,00:10,6.12,0.0,6.0
2017-12-22,14.3,4.8,19.08,04:20,5.04,0.0,6.1
2017-12-23,13.7,6.2,15.84,23:40,2.16,0.0,6.0
2017-12-24,13.2,5.1,20.88,21:20,2.16,0.0,6.6
2017-12-25,12.2,5.8,45.0,12:10,11.88,12.2,0.0
2017-12-26,13.1,4.8,70.92,Varias,6.84,21.6,0.0
2017-12-27,11.5,7.5,60.84,01:10,6.12,10.2,0.0
2017-12-28,12.7,9.1,16.92,16:00,2.88,9.4,0.0
2017-12-29,14.8,11.3,20.88,04:30,3.96,2.0,0.0
2017-12-30,15.3,13.3,37.08,20:20,9.0,0.0,0.2
2017-12-31,14.0,8.6,48.96,04:20,14.04,15.2,1.5
2018-01-01,13.6,9.3,38.88,09:30,7.92,11.2,0.0
2018-01-02,14.9,12.8,25.92,14:10,5.04,16.8,0.0
2018-01-03,14.9,13.8,20.88,03:40,5.04,6.4,0.0
2018-01-04,14.1,12.6,38.16,21:00,6.84,14.6,0.0
2018-01-05,13.7,4.3,50.04,03:00,7.92,3.4,1.2
2018-01-06,8.7,1.5,24.12,04:30,7.92,0.0,6.1
2018-01-07,9.8,2.2,30.96,13:40,6.12,0.0,2.4
2018-01-08,11.1,5.6,14.04,Varias,3.96,2.4,4.4
2018-01-09,10.6,6.3,42.12,05:10,6.12,8.2,0.0
2018-01-10,11.5,6.7,46.08,12:00,9.0,14.8,1.9
2018-01-11,10.5,4.0,47.16,03:00,6.12,0.6,3.9
2018-01-12,10.9,3.1,41.04,19:00,5.04,15.2,1.6
2018-01-13,9.9,5.7,39.96,01:10,2.88,4.0,2.5
2018-01-14,9.8,3.3,19.08,21:50,3.96,0.2,4.8
2018-01-15,8.9,2.5,20.88,01:00,2.88,9.3,0.5
2018-01-16,12.2,8.7,15.12,12:30,2.88,2.2,0.0
2018-01-17,12.3,5.7,20.88,14:00,5.04,0.0,2.1
2018-01-18,11.1,3.2,19.08,14:00,5.04,0.0,1.3
2018-01-19,13.4,6.9,24.84,13:00,5.04,0.0,3.5
2018-01-20,11.2,4.7,20.16,01:40,2.16,6.7,0.0
2018-01-21,12.8,10.9,12.96,21:20,0.0,2.8,0.0
2018-01-22,13.9,10.9,11.16,14:00,1.08,2.5,0.9
2018-01-23,14.2,9.8,11.16,18:10,2.16,0.0,0.0
2018-01-24,12.2,9.4,36.0,16:40,9.0,29.5,0.0
2018-01-25,11.3,5.0,54.0,16:30,1.08,2.0,1.7
2018-01-26,11.0,3.8,24.84,13:20,7.92,0.8,3.5
2018-01-27,10.6,4.5,12.96,Varias,2.88,0.0,0.0
2018-01-28,17.6,8.2,19.08,22:00,6.84,0.0,8.6
2018-01-29,18.0,6.9,24.12,Varias,5.04,0.0,8.8
2018-01-30,16.4,6.0,20.16,01:10,3.96,0.0,8.6
2018-01-31,12.7,2.4,18.0,00:10,6.12,0.0,8.0
2018-02-01,10.6,3.9,46.08,13:10,11.16,3.0,5.1
2018-02-02,10.1,2.7,42.12,14:50,6.84,0.6,7.3
2018-02-03,9.2,2.6,28.08,22:40,3.96,8.2,0.2
2018-02-04,9.0,2.1,45.0,14:20,7.92,0.0,3.3
2018-02-05,8.8,3.2,46.08,13:40,11.16,0.0,4.5
2018-02-06,9.9,1.4,29.16,13:30,6.12,0.0,4.8
2018-02-07,8.4,1.8,43.92,13:50,7.92,0.0,6.6
2018-02-08,10.3,-0.3,19.08,Varias,5.04,3.6,5.1
2018-02-09,11.0,4.6,36.0,14:30,10.08,0.4,2.6
2018-02-10,10.9,3.5,14.04,03:40,5.04,6.2,2.9
2018-02-11,12.1,4.9,38.16,12:20,6.84,13.6,0.6
2018-02-12,9.5,1.9,20.88,14:20,6.12,5.8,4.6
2018-02-13,11.7,3.3,61.92,08:10,15.84,39.5,0.0
2018-02-14,13.6,10.9,46.08,01:10,15.12,3.6,0.0
2018-02-15,14.3,12.7,38.16,15:50,11.16,22.3,0.0
2018-02-16,12.7,9.6,32.04,12:20,10.08,18.3,0.0
2018-02-17,14.4,6.1,30.96,12:10,6.84,0.0,9.2
2018-02-18,16.3,4.6,28.08,15:50,7.92,0.0,5.2
2018-02-19,14.7,8.5,33.12,14:10,6.12,0.0,1.0
2018-02-20,16.6,8.7,43.92,17:00,9.0,0.0,9.3
2018-02-21,15.4,7.2,47.16,11:00,7.92,0.0,9.2
2018-02-22,15.1,3.3,23.04,13:20,6.84,0.0,9.4
2018-02-23,14.7,3.1,23.04,16:50,6.84,0.0,9.4
2018-02-24,14.4,2.4,23.04,22:10,9.0,0.0,9.5
2018-02-25,17.5,3.5,25.92,23:10,11.16,0.0,9.5
2018-02-26,20.2,5.3,23.04,03:40,5.04,0.0,5.4
2018-02-27,11.8,2.3,23.04,23:50,5.04,6.0,1.5
2018-02-28,11.1,3.4,20.88,00:50,2.88,48.2,0.0
2018-03-01,11.9,6.4,51.12,15:20,11.16,20.4,0.0
2018-03-02,12.6,3.2,68.04,15:30,12.96,22.0,0.5
2018-03-03,12.7,7.2,63.0,02:30,16.92,18.2,1.4
2018-03-04,12.2,6.9,60.12,20:00,11.88,18.4,3.4
2018-03-05,11.7,7.2,41.04,01:20,7.92,10.6,2.8
2018-03-06,11.8,5.7,47.88,13:00,14.04,3.8,6.0
2018-03-07,11.8,3.9,33.12,13:20,9.0,6.2,3.5
2018-03-08,13.6,7.2,39.96,13:30,10.08,20.8,0.1
2018-03-09,16.4,12.3,78.12,23:30,18.0,11.4,0.5
2018-03-10,14.5,8.0,81.0,23:00,18.0,33.8,3.1
2018-03-11,12.1,8.9,93.96,02:20,25.92,6.8,1.4
2018-03-12,13.5,7.7,43.92,Varias,9.0,1.8,7.0
2018-03-13,16.6,8.3,46.08,22:50,11.88,5.4,6.1
2018-03-14,14.2,7.4,78.12,10:20,18.0,44.0,3.1
2018-03-15,10.9,6.5,54.0,00:20,9.0,16.4,0.5
2018-03-16,11.6,5.4,51.12,14:50,6.84,11.2,3.2
2018-03-17,12.3,4.6,34.92,12:00,9.0,1.4,5.8
2018-03-18,12.5,4.6,33.84,14:30,10.08,7.8,7.2
2018-03-19,11.4,6.2,48.96,12:00,15.12,0.6,7.9
2018-03-20,11.6,5.4,46.08,10:50,11.88,0.0,7.2
2018-03-21,14.9,2.4,34.92,16:30,9.0,0.0,11.5
2018-03-22,12.8,0.7,34.92,Varias,9.0,7.8,9.0
2018-03-23,13.8,7.2,64.08,15:50,12.96,21.2,0.0
2018-03-24,12.9,6.3,63.0,07:50,19.08,6.2,4.5
2018-03-25,14.4,4.9,47.16,16:10,7.92,0.0,9.2
2018-03-26,13.1,5.4,20.88,15:30,6.84,0.0,0.8
2018-03-27,15.3,10.0,25.92,18:00,11.16,0.4,7.3
2018-03-28,13.6,5.7,28.08,17:30,12.96,12.2,1.0
2018-03-29,12.4,5.1,72.0,17:40,12.96,18.1,1.7
2018-03-30,10.7,4.2,60.84,20:00,24.12,20.2,1.2
2018-03-31,13.1,4.7,42.12,00:00,9.0,0.0,5.5
2018-04-01,18.0,10.0,52.92,12:30,15.12,17.8,1.6
2018-04-02,15.2,10.8,64.08,23:59,20.88,7.0,1.3
2018-04-03,14.7,8.2,91.08,15:10,23.04,14.4,3.0
2018-04-04,13.7,9.1,63.0,01:30,14.04,7.4,2.7
2018-04-05,18.5,8.4,48.96,13:50,11.88,7.0,10.7
2018-04-06,12.1,8.1,33.84,01:40,6.84,35.6,0.0
2018-04-07,14.3,8.5,42.84,11:00,11.16,11.0,5.2
2018-04-08,13.6,6.6,41.04,13:40,10.08,20.4,1.4
2018-04-09,15.2,6.4,38.16,22:40,6.12,19.2,4.6
2018-04-10,11.3,4.1,46.08,11:40,6.12,6.6,4.9
2018-04-11,12.5,2.4,28.08,13:00,10.08,12.0,3.2
2018-04-12,13.8,8.9,32.04,12:40,7.92,2.2,0.0
2018-04-13,13.7,8.1,18.0,03:20,3.96,1.6,0.4
2018-04-14,14.8,6.5,48.96,15:50,11.16,1.8,4.5
2018-04-15,13.9,8.2,37.08,13:50,11.88,0.9,2.4
2018-04-16,17.8,7.3,46.08,14:00,14.04,0.0,12.4
2018-04-17,20.7,10.7,42.12,02:10,10.08,0.0,8.1
2018-04-18,23.8,9.3,37.08,11:30,12.96,0.0,12.6
2018-04-19,20.4,9.7,27.0,12:50,6.12,0.0,8.9
2018-04-20,28.6,11.7,28.08,14:40,6.12,0.0,5.4
2018-04-21,23.3,14.2,36.0,14:50,3.96,0.0,1.3
2018-04-22,21.0,11.8,28.08,15:20,10.08,0.0,7.8
2018-04-23,27.4,10.9,29.88,15:20,9.0,0.0,12.7
2018-04-24,24.7,10.8,36.0,15:40,10.08,0.0,13.2
2018-04-25,19.7,10.3,47.16,16:40,14.04,0.0,12.2
2018-04-26,23.2,8.8,34.92,14:40,10.08,1.0,13.3
2018-04-27,16.6,9.5,29.88,13:50,9.0,0.0,6.3
2018-04-28,15.4,5.3,38.88,15:00,10.08,21.0,8.4
2018-04-29,11.1,6.3,50.04,10:40,7.92,19.5,2.1
2018-04-30,14.2,5.7,27.0,16:00,9.0,0.5,5.6
2018-05-01,15.3,3.3,32.04,15:00,12.96,1.0,12.4
2018-05-02,12.8,9.0,24.84,02:20,5.04,5.8,0.0
2018-05-03,18.8,8.6,41.04,19:10,11.88,0.0,11.2
2018-05-04,23.8,8.6,38.16,01:40,12.96,0.0,13.7
2018-05-05,24.0,8.0,29.88,15:40,6.84,0.0,13.5
2018-05-06,25.4,11.5,29.16,15:20,7.92,0.0,11.9
2018-05-07,23.3,13.4,27.0,13:50,9.0,0.0,13.5
2018-05-08,23.4,12.3,41.04,11:10,14.04,0.0,11.1
2018-05-09,19.1,11.0,34.92,13:20,10.08,0.0,7.8
2018-05-10,23.9,9.6,39.96,14:00,11.16,0.0,13.5
2018-05-11,14.4,7.9,29.88,12:10,9.0,8.6,0.3
2018-05-12,15.2,7.1,36.0,16:30,11.16,3.4,11.4
2018-05-13,15.0,7.0,27.0,12:30,9.0,5.2,3.4
2018-05-14,19.8,11.1,33.84,17:00,11.16,0.2,3.1
2018-05-15,22.6,8.5,41.04,13:00,11.16,0.0,13.7
2018-05-16,24.9,12.5,33.84,03:00,11.16,0.0,13.8
2018-05-17,26.2,10.1,41.04,16:50,9.0,0.0,12.7
2018-05-18,26.9,10.9,30.96,17:20,7.92,0.0,12.7
2018-05-19,24.1,14.6,27.0,14:30,7.92,0.0,12.2
2018-05-20,20.5,10.1,23.04,14:30,7.92,0.0,13.7
2018-05-21,17.9,10.2,32.04,12:20,11.88,0.0,10.5
2018-05-22,21.4,10.2,29.16,13:50,9.0,0.0,12.4
2018-05-23,21.4,10.7,21.96,15:00,6.12,0.0,7.8
2018-05-24,23.5,12.6,43.92,13:40,6.12,11.4,7.8
2018-05-25,20.1,13.7,30.96,12:20,6.12,8.3,1.6
2018-05-26,20.9,13.0,20.16,15:50,7.92,10.6,8.6
2018-05-27,19.6,11.3,29.16,15:00,9.0,0.0,5.8
2018-05-28,20.5,10.8,34.92,14:20,7.92,0.0,9.8
2018-05-29,19.3,13.1,25.92,Varias,5.04,0.2,0.0
2018-05-30,18.4,11.2,29.16,14:20,10.08,0.0,3.1
2018-05-31,16.3,11.8,27.0,10:30,10.08,6.2,2.1
2018-06-01,18.6,11.6,28.08,Varias,6.84,1.0,5.9
2018-06-02,19.8,11.0,33.12,14:20,10.08,1.8,12.2
2018-06-03,16.8,11.1,41.04,15:40,9.0,4.6,2.9
2018-06-04,16.1,12.0,43.92,12:20,14.04,16.2,1.8
2018-06-05,14.2,11.7,20.16,09:40,2.88,10.4,0.0
2018-06-06,19.8,13.0,29.88,20:10,9.0,1.0,3.6
2018-06-07,16.0,12.1,29.16,14:00,5.04,4.6,0.0
2018-06-08,18.1,10.9,29.88,11:40,6.12,7.4,4.0
2018-06-09,14.6,11.4,28.08,22:10,6.84,26.6,0.0
2018-06-10,20.0,12.8,33.84,15:10,6.84,4.2,4.3
2018-06-11,16.6,13.0,20.88,11:30,3.96,1.0,0.5
2018-06-12,20.0,13.4,23.04,12:20,6.12,0.0,1.5
2018-06-13,23.0,11.8,30.96,17:20,11.88,0.0,11.5
2018-06-14,23.9,11.5,27.0,16:10,7.92,0.0,13.2
2018-06-15,23.2,13.4,36.0,15:20,9.0,0.0,10.3
2018-06-16,25.6,10.6,34.92,17:20,11.88,0.0,11.4
2018-06-17,28.7,12.7,33.12,16:30,11.16,0.0,13.5
2018-06-18,31.2,15.2,39.96,20:50,9.0,0.0,13.5
2018-06-19,30.5,16.2,28.08,13:20,7.92,0.0,13.3
2018-06-20,26.9,17.6,38.88,13:20,9.0,0.0,10.5
2018-06-21,30.9,18.1,25.92,16:50,3.96,1.4,10.1
2018-06-22,32.1,17.7,25.92,13:40,6.84,0.0,14.1
2018-06-23,30.6,18.4,30.96,16:00,5.04,0.0,14.0
2018-06-24,24.8,16.6,33.84,14:10,9.0,0.2,12.2
2018-06-25,19.6,16.1,20.16,Varias,6.12,0.8,0.0
2018-06-26,18.5,15.7,20.88,14:00,5.04,0.2,0.0
2018-06-27,24.5,13.0,32.04,14:20,9.0,0.0,11.4
2018-06-28,26.2,14.0,24.12,13:30,6.12,0.0,10.8
2018-06-29,22.4,16.2,33.12,13:50,9.0,4.6,12.0
2018-06-30,19.8,16.5,23.04,Varias,2.88,0.2,0.5
2018-07-01,20.3,15.0,29.88,11:20,3.96,24.4,1.1
2018-07-02,19.1,16.1,43.92,13:20,6.84,0.8,0.3
2018-07-03,21.4,16.3,34.92,15:10,9.0,0.0,7.3
2018-07-04,21.9,15.0,33.12,14:00,11.16,0.0,10.5
2018-07-05,20.8,16.3,15.84,13:40,6.12,0.0,0.0
2018-07-06,24.0,14.4,27.0,16:00,6.84,0.0,5.4
2018-07-07,24.9,15.0,25.92,15:40,7.92,0.0,13.5
2018-07-08,29.9,16.5,24.12,13:40,5.04,0.0,13.7
2018-07-09,26.8,18.0,23.04,13:30,6.84,0.0,13.4
2018-07-10,26.2,16.5,20.16,Varias,7.92,0.0,12.2
2018-07-11,25.0,16.4,38.16,19:30,11.16,0.0,3.8
2018-07-12,28.3,16.3,37.08,12:20,10.08,0.0,9.7
2018-07-13,23.4,17.5,30.96,14:10,9.0,0.0,7.0
2018-07-14,24.1,17.0,36.0,12:40,10.08,0.0,5.4
2018-07-15,22.2,15.9,21.96,18:10,6.84,0.0,1.0
2018-07-16,23.5,14.6,29.88,17:20,10.08,0.0,11.3
2018-07-17,27.8,15.3,29.16,16:50,10.08,0.0,13.5
2018-07-18,25.0,15.6,38.16,14:50,11.16,0.3,12.1
2018-07-19,23.7,17.4,27.0,23:50,6.12,0.3,2.8
2018-07-20,25.4,15.7,32.04,Varias,11.88,0.0,10.8
2018-07-21,23.8,13.1,29.88,19:50,6.12,0.0,6.0
2018-07-22,28.4,16.2,24.84,15:10,6.84,0.0,13.7
2018-07-23,24.0,16.6,32.04,14:20,10.08,0.0,13.2
2018-07-24,24.9,17.8,24.84,19:10,6.12,0.0,8.9
2018-07-25,25.3,16.4,29.16,15:10,6.12,0.0,13.6
2018-07-26,24.4,16.5,32.04,13:00,11.16,0.2,10.6
2018-07-27,22.7,16.5,38.16,14:20,10.08,1.0,5.3
2018-07-28,23.5,14.2,29.16,14:30,9.0,0.0,8.7
2018-07-29,20.5,12.4,34.92,15:50,6.84,1.4,0.3
2018-07-30,21.9,16.5,41.04,17:40,9.0,6.4,0.5
2018-07-31,25.4,15.9,29.16,Varias,10.08,0.0,8.6
2018-08-01,31.7,13.0,24.84,17:50,7.92,0.0,13.4
2018-08-02,34.8,19.3,20.16,14:50,2.88,0.0,12.4
2018-08-03,37.7,23.7,33.12,12:50,9.0,0.0,5.7
2018-08-04,36.6,21.4,23.04,14:40,5.04,0.0,7.3
2018-08-05,33.9,21.3,21.96,04:00,6.84,0.0,8.2
2018-08-06,21.4,17.6,34.92,17:20,7.92,0.2,0.8
2018-08-07,23.9,16.7,29.88,11:20,9.0,0.0,7.0
2018-08-08,23.7,14.1,32.04,15:30,9.0,6.5,8.4
2018-08-09,24.1,12.9,29.88,17:40,9.0,0.0,12.0
2018-08-10,28.0,11.8,27.0,17:20,7.92,0.0,13.2
2018-08-11,27.3,13.4,23.04,Varias,9.0,0.0,13.3
2018-08-12,22.0,14.2,25.92,16:40,7.92,0.5,4.1
2018-08-13,23.4,16.0,28.08,22:10,5.04,0.1,4.2
2018-08-14,32.5,15.3,30.96,15:40,7.92,0.0,13.2
2018-08-15,30.4,17.1,23.04,14:00,5.04,0.0,13.3
2018-08-16,28.0,15.7,39.96,16:50,11.88,0.0,12.7
2018-08-17,26.1,17.0,42.12,08:50,12.96,0.0,13.1
2018-08-18,32.5,15.3,24.12,15:50,6.12,0.0,12.7
2018-08-19,34.7,15.7,32.04,14:20,6.12,0.0,12.9
2018-08-20,36.8,16.9,21.96,13:10,7.92,0.0,12.9
2018-08-21,33.7,19.1,20.16,13:40,3.96,0.0,12.8
2018-08-22,27.8,15.7,23.04,14:20,6.84,0.0,12.1
2018-08-23,27.5,14.2,21.96,18:10,6.84,0.0,10.6
2018-08-24,28.4,15.4,32.04,Varias,11.88,0.0,12.1
2018-08-25,27.2,13.9,34.92,08:20,10.08,0.0,12.2
2018-08-26,26.9,13.7,29.16,13:10,6.84,0.0,12.5
2018-08-27,30.9,16.1,24.12,23:30,3.96,2.4,9.4
2018-08-28,24.3,17.1,47.16,05:30,10.08,0.0,5.6
2018-08-29,26.0,15.6,34.92,15:20,10.08,0.0,11.5
2018-08-30,29.5,14.7,32.04,11:20,12.96,0.0,12.2
2018-08-31,33.9,14.6,29.88,16:10,11.88,0.0,12.4
2018-09-01,35.5,17.3,19.08,12:30,6.84,0.0,12.2
2018-09-02,30.1,19.8,20.88,00:20,6.12,0.1,10.8
2018-09-03,22.4,16.3,24.84,12:00,7.92,0.0,7.8
2018-09-04,25.6,15.7,23.04,17:40,5.04,5.4,4.3
2018-09-05,24.8,16.6,29.16,16:50,7.92,0.0,5.2
2018-09-06,25.8,17.2,39.96,12:10,10.08,0.0,10.4
2018-09-07,29.8,14.8,25.92,15:10,5.04,0.0,12.1
2018-09-08,27.0,16.4,30.96,13:00,9.0,0.0,10.9
2018-09-09,23.6,14.7,23.04,13:10,7.92,0.0,11.2
2018-09-10,28.1,15.2,23.04,Varias,6.12,0.0,12.0
2018-09-11,30.2,18.1,24.12,04:40,6.84,0.0,12.1
2018-09-12,27.9,16.9,21.96,14:40,6.12,0.0,11.5
2018-09-13,31.2,15.0,32.04,14:20,9.0,0.0,11.5
2018-09-14,30.6,15.4,32.04,Varias,10.08,0.0,11.5
2018-09-15,25.2,14.3,20.16,15:00,3.96,0.0,11.4
2018-09-16,26.5,13.8,18.0,16:40,5.04,0.0,8.0
2018-09-17,24.2,14.1,25.92,14:00,6.12,1.2,9.1
2018-09-18,22.2,14.1,21.96,12:30,6.12,0.2,8.5
2018-09-19,25.0,12.5,27.0,16:30,6.84,0.0,11.1
2018-09-20,23.3,12.9,27.0,15:30,6.12,0.0,3.4
2018-09-21,23.9,17.0,21.96,16:00,6.12,0.0,2.7
2018-09-22,25.7,15.3,23.04,15:20,6.12,0.0,11.4
2018-09-23,30.8,15.3,32.04,20:50,9.0,0.0,11.2
2018-09-24,29.5,16.1,29.16,14:40,9.0,0.0,11.6
2018-09-25,30.8,13.9,25.92,15:20,6.12,0.0,11.4
2018-09-26,28.3,16.3,23.04,12:40,5.04,0.0,11.3
2018-09-27,25.0,17.0,30.96,13:20,11.16,0.0,9.8
2018-09-28,22.6,13.8,24.12,14:10,6.12,0.0,7.6
2018-09-29,23.2,12.3,20.88,14:50,5.04,0.0,10.1
2018-09-30,23.2,12.2,28.08,22:50,6.12,0.0,10.7
2018-10-01,26.8,14.5,33.84,15:20,9.0,0.0,11.2
2018-10-02,29.7,13.2,27.0,12:00,7.92,0.0,11.2
2018-10-03,28.3,13.6,20.88,21:30,3.96,0.0,11.1
2018-10-04,28.8,14.8,24.84,13:00,10.08,0.0,11.0
2018-10-05,20.3,11.5,23.04,13:50,7.92,0.0,9.8
2018-10-06,18.3,9.8,33.84,17:10,9.0,0.2,3.7
2018-10-07,20.2,8.7,50.04,10:50,11.16,0.0,11.0
2018-10-08,23.7,9.3,24.12,03:20,6.12,0.0,11.0
2018-10-09,25.3,11.4,24.12,14:30,6.84,0.0,11.0
2018-10-10,23.5,10.8,38.88,21:40,11.16,34.9,10.0
2018-10-11,19.5,14.2,59.04,00:50,10.08,6.7,6.1
2018-10-12,20.0,16.0,54.0,18:30,19.08,8.7,0.2
2018-10-13,25.3,11.6,48.96,12:10,12.96,26.2,4.8
2018-10-14,17.2,10.3,37.08,11:00,6.84,11.3,5.2
2018-10-15,17.2,11.8,46.08,03:30,6.84,8.6,0.0
2018-10-16,20.8,11.3,19.08,Varias,6.84,0.0,10.6
2018-10-17,15.2,10.5,19.08,03:00,2.88,11.0,0.3
2018-10-18,21.6,12.4,42.84,14:30,11.16,0.0,8.9
2018-10-19,23.3,13.7,34.92,13:50,7.92,0.0,9.6
2018-10-20,25.6,14.5,29.16,18:20,11.16,0.0,9.8
2018-10-21,25.8,15.1,21.96,08:20,7.92,0.0,4.7
2018-10-22,25.1,13.5,30.96,13:30,6.12,0.0,9.9
2018-10-23,26.6,13.4,34.92,05:00,6.12,0.0,9.8
2018-10-24,24.1,12.5,21.96,22:00,3.96,0.0,10.2
2018-10-25,21.8,10.4,20.88,Varias,6.12,0.0,9.5
2018-10-26,21.3,11.4,51.12,23:50,9.0,0.0,5.0
2018-10-27,13.1,3.6,51.12,12:30,11.88,3.8,5.7
2018-10-28,11.8,2.9,51.84,14:50,9.0,0.8,7.2
2018-10-29,12.8,2.3,34.92,22:50,9.0,27.0,5.2
2018-10-30,11.6,8.1,28.08,01:00,2.88,2.0,0.4
2018-10-31,12.8,6.3,11.16,19:20,2.16,0.6,0.2
2018-11-01,14.5,7.8,33.12,22:50,3.96,19.0,0.0
2018-11-02,17.1,13.2,24.84,01:10,5.04,0.0,2.9
2018-11-03,13.6,11.4,11.88,07:00,3.96,0.6,0.0
2018-11-04,13.0,9.6,42.84,14:40,11.88,41.6,0.0
2018-11-05,13.7,8.3,37.08,13:30,7.92,3.6,1.8
2018-11-06,13.3,8.7,70.92,Varias,18.0,58.5,0.0
2018-11-07,15.2,9.5,45.0,00:20,12.96,1.0,7.6
2018-11-08,11.4,8.2,46.08,10:10,7.92,24.6,0.3
2018-11-09,15.4,8.0,73.08,19:00,20.16,29.6,0.0
2018-11-10,16.4,12.8,61.92,10:30,16.92,13.8,2.0
2018-11-11,15.1,9.5,73.08,03:30,11.16,2.4,0.0
2018-11-12,15.3,7.3,19.08,06:10,6.12,0.0,8.9
2018-11-13,16.2,5.2,23.04,04:30,3.96,0.0,9.3
2018-11-14,19.9,7.9,18.0,06:30,6.84,0.0,8.5
2018-11-15,21.0,11.4,16.92,08:10,6.12,0.0,6.2
2018-11-16,20.6,11.5,16.92,15:00,2.88,0.0,8.3
2018-11-17,21.0,12.3,29.88,18:10,9.0,0.0,4.9
2018-11-18,19.3,12.3,33.84,05:00,7.92,6.6,2.1
2018-11-19,16.7,11.3,11.88,13:30,6.12,2.6,2.9
2018-11-20,12.7,8.4,15.84,22:40,5.04,2.0,0.1
2018-11-21,12.5,8.4,37.08,14:10,10.08,20.4,1.7
2018-11-22,11.7,8.3,36.0,13:40,9.0,22.2,0.8
2018-11-23,12.8,7.4,41.04,11:00,6.12,24.4,1.6
2018-11-24,13.0,8.9,65.88,17:10,11.88,17.6,0.0
2018-11-25,11.2,4.4,66.96,20:40,6.84,12.0,2.2
2018-11-26,14.0,7.1,68.04,02:30,2.88,0.0,7.7
2018-11-27,13.3,7.3,39.96,22:20,10.08,0.0,0.0
2018-11-28,14.8,12.0,56.88,21:40,14.04,6.2,0.0
2018-11-29,15.2,10.4,51.84,02:10,9.0,0.6,1.5
2018-11-30,15.1,8.4,25.92,13:10,6.12,1.2,5.2
2018-12-01,14.8,11.0,39.96,Varias,14.04,0.0,0.2
2018-12-02,14.9,13.0,42.12,09:10,11.88,7.6,0.0
2018-12-03,14.9,13.8,32.04,06:00,6.84,32.2,0.0
2018-12-04,15.8,9.7,16.92,09:10,5.04,0.1,0.0
2018-12-05,15.5,9.1,29.16,10:50,6.84,11.9,0.5
2018-12-06,16.2,10.8,15.12,15:10,3.96,0.8,5.6
2018-12-07,13.1,7.8,25.92,10:50,3.96,5.6,0.0
2018-12-08,14.6,6.2,20.88,06:40,6.12,0.3,5.8
2018-12-09,15.6,8.5,19.08,12:50,6.84,0.0,6.5
2018-12-10,16.4,7.3,16.92,20:50,6.12,0.0,5.9
2018-12-11,16.3,8.4,23.04,12:40,5.04,1.2,3.3
2018-12-12,13.8,9.0,56.88,22:20,7.92,24.0,0.0
2018-12-13,13.8,6.1,60.12,00:40,3.96,3.6,2.9
2018-12-14,11.6,5.1,27.0,18:00,5.04,24.2,0.0
2018-12-15,14.4,11.5,59.04,14:50,19.08,19.4,0.0
2018-12-16,12.4,7.2,73.08,09:00,7.92,5.8,1.9
2018-12-17,11.8,7.6,43.92,17:40,14.04,0.6,0.2
2018-12-18,12.5,9.5,65.88,09:50,15.84,51.6,0.5
2018-12-19,13.2,9.1,60.84,05:30,11.16,15.6,1.5
2018-12-20,13.8,10.9,30.96,Varias,10.08,1.8,0.0
2018-12-21,13.8,11.9,45.0,08:20,15.84,5.0,0.0
2018-12-22,15.4,10.1,27.0,10:00,3.96,0.0,0.0
2018-12-23,16.2,8.5,20.16,06:30,2.16,0.0,1.7
2018-12-24,15.2,7.2,20.16,06:00,3.96,0.0,1.8
2018-12-25,14.9,7.7,20.16,21:20,5.04,0.0,2.2
2018-12-26,16.7,7.3,19.08,04:10,5.04,2.6,5.6
2018-12-27,12.7,10.0,18.0,00:40,2.88,3.0,0.0
2018-12-28,16.4,10.2,20.16,13:40,3.96,0.0,6.8
2018-12-29,15.9,6.7,18.0,22:30,6.12,0.0,7.4
2018-12-30,15.8,4.6,19.08,00:40,3.96,0.0,8.2
2018-12-31,16.3,5.1,20.88,00:40,3.96,0.0,8.2
2019-01-01,14.8,4.8,24.12,20:40,2.16,0.0,8.1
2019-01-02,13.6,1.1,23.04,01:20,5.04,0.0,8.1
2019-01-03,13.8,2.5,21.96,22:30,3.96,0.0,8.5
2019-01-04,13.6,2.6,25.92,01:00,3.96,0.0,8.5
2019-01-05,13.6,2.4,24.12,06:20,3.96,0.0,8.6
2019-01-06,14.5,2.9,21.96,00:10,6.12,0.0,8.6
2019-01-07,14.3,2.5,23.04,01:30,3.96,0.0,8.6
2019-01-08,13.9,2.6,11.88,03:50,3.96,0.0,8.1
2019-01-09,16.2,3.6,33.84,12:40,10.08,0.0,8.8
2019-01-10,14.5,5.0,29.16,03:00,10.08,0.0,8.9
2019-01-11,13.5,2.1,18.0,15:10,2.88,0.0,8.8
2019-01-12,13.4,2.2,24.12,14:30,3.96,0.0,9.0
2019-01-13,14.3,3.3,20.88,13:20,2.88,0.0,8.8
2019-01-14,14.6,5.0,20.16,01:00,3.96,0.0,8.9
2019-01-15,13.9,4.6,20.88,22:50,2.88,0.0,6.9
2019-01-16,12.5,7.9,15.84,04:50,5.04,5.4,0.8
2019-01-17,11.7,4.4,23.04,16:50,6.84,0.8,6.9
2019-01-18,8.4,3.6,19.08,02:10,3.96,9.8,0.0
2019-01-19,12.7,7.4,42.84,13:50,9.0,41.6,0.0
2019-01-20,12.2,6.5,28.08,01:00,6.84,0.6,4.8
2019-01-21,11.8,5.2,20.88,Varias,6.12,0.0,4.2
2019-01-22,10.5,6.3,29.88,13:10,6.84,7.0,0.0
2019-01-23,13.1,9.1,33.84,15:10,9.0,0.8,0.0
2019-01-24,14.0,10.0,29.16,15:00,9.0,0.0,0.6
2019-01-25,14.6,7.7,32.04,11:50,6.84,0.0,9.3
2019-01-26,13.8,3.6,19.08,13:50,6.84,3.2,8.2
2019-01-27,12.3,6.6,29.16,01:00,6.84,0.6,2.7
2019-01-28,13.6,7.7,29.16,14:30,5.04,5.4,0.3
2019-01-29,12.0,6.9,61.92,10:40,11.88,9.0,0.0
2019-01-30,12.6,4.9,51.84,23:30,11.16,91.5,0.0
2019-01-31,13.0,8.0,63.0,11:10,20.88,28.5,0.0
2019-02-01,9.8,6.0,82.08,02:30,19.08,9.6,1.2
2019-02-02,10.4,2.5,47.88,02:00,5.04,0.8,6.1
2019-02-03,11.9,1.2,18.0,02:10,5.04,0.0,7.2
2019-02-04,10.1,2.8,15.12,02:20,2.88,0.2,0.0
2019-02-05,15.0,9.0,18.0,17:00,3.96,0.0,4.2
2019-02-06,14.1,6.1,29.16,14:20,6.12,7.6,4.4
2019-02-07,13.5,5.5,21.96,15:00,6.12,0.8,7.2
2019-02-08,12.0,4.4,34.92,14:10,10.08,1.0,1.1
2019-02-09,13.1,11.0,63.0,23:40,15.84,12.7,0.0
2019-02-10,13.9,6.1,66.96,02:10,9.0,0.2,6.1
2019-02-11,16.5,4.3,24.12,16:00,6.84,0.0,9.5
2019-02-12,16.7,5.5,21.96,23:10,5.04,0.0,9.6
2019-02-13,18.4,5.8,24.84,08:30,9.0,0.0,10.2
2019-02-14,21.4,7.9,25.92,01:40,7.92,0.0,10.0
2019-02-15,18.9,9.8,23.04,22:10,5.04,0.0,4.9
2019-02-16,20.3,7.1,27.0,17:20,7.92,0.0,10.0
2019-02-17,15.0,8.2,29.88,15:30,6.12,11.0,0.0
2019-02-18,12.7,6.0,19.08,Varias,3.96,0.4,2.6
2019-02-19,13.6,3.5,21.96,16:20,6.84,0.0,10.1
2019-02-20,14.3,3.3,24.12,15:10,5.04,0.0,8.3
2019-02-21,20.0,7.6,29.88,14:50,5.04,0.0,6.5
2019-02-22,21.9,8.4,21.96,15:00,6.84,0.0,9.1
2019-02-23,21.0,11.4,20.88,04:00,5.04,0.0,7.0
2019-02-24,22.5,10.4,21.96,Varias,6.84,0.0,9.5
2019-02-25,22.6,10.3,23.04,22:40,3.96,0.0,10.3
2019-02-26,23.5,9.5,23.04,17:10,10.08,0.0,9.8
2019-02-27,16.8,9.9,36.0,12:10,6.12,0.0,5.2
2019-02-28,17.5,5.8,24.12,08:00,9.0,0.0,9.6
2019-03-01,16.2,7.0,27.0,14:00,9.0,1.2,3.5
2019-03-02,15.8,10.9,41.04,16:50,12.96,0.0,4.9
2019-03-03,15.2,11.7,75.96,19:40,20.88,10.8,0.4
2019-03-04,13.9,8.6,37.08,01:30,9.0,1.6,1.0
2019-03-05,14.9,9.4,61.92,18:50,23.04,68.9,1.7
2019-03-06,13.0,5.9,66.96,13:10,19.08,24.6,1.3
2019-03-07,12.6,5.3,47.16,13:10,10.08,5.8,1.8
2019-03-08,14.5,5.6,20.88,14:30,6.84,0.4,5.8
2019-03-09,14.2,10.0,20.16,12:50,5.04,0.1,0.4
2019-03-10,14.2,10.2,20.88,21:50,6.12,0.2,0.2
2019-03-11,17.6,6.7,24.84,04:40,5.04,0.0,10.8
2019-03-12,13.9,5.6,38.88,14:50,7.92,1.6,0.7
2019-03-13,13.0,3.9,39.96,14:30,6.84,0.2,5.1
2019-03-14,15.6,3.9,33.12,14:00,14.04,0.0,11.3
2019-03-15,20.5,4.6,23.04,Varias,6.84,0.0,11.3
2019-03-16,14.6,6.4,37.08,13:00,11.88,7.4,6.8
2019-03-17,14.6,6.8,36.0,17:20,9.0,1.0,6.1
2019-03-18,16.4,5.2,36.0,13:50,11.88,0.0,11.0
2019-03-19,17.6,5.7,41.04,09:00,10.08,0.0,11.5
2019-03-20,18.6,6.4,25.92,15:00,6.12,0.0,11.5
2019-03-21,19.7,6.1,24.84,16:20,7.92,0.0,11.5
2019-03-22,20.2,6.3,23.04,14:30,7.92,0.0,11.6
2019-03-23,22.3,7.9,23.04,02:40,7.92,0.0,11.5
2019-03-24,25.4,9.9,30.96,15:00,6.12,0.0,11.3
2019-03-25,24.5,8.5,32.04,13:50,9.0,0.0,11.7
2019-03-26,25.8,7.6,33.84,08:30,9.0,0.0,11.8
2019-03-27,25.6,10.3,25.92,15:50,6.84,0.0,12.0
2019-03-28,24.7,8.2,25.92,16:10,7.92,0.0,12.0
2019-03-29,21.8,9.6,37.08,14:10,10.08,0.0,12.0
2019-03-30,20.7,7.3,24.12,14:50,10.08,0.0,12.0
2019-03-31,21.5,9.2,38.16,14:20,9.0,0.0,8.5
2019-04-01,20.9,9.4,34.92,15:40,10.08,0.0,11.1
2019-04-02,18.7,7.0,33.84,17:30,12.96,0.0,10.1
2019-04-03,13.2,4.6,48.96,13:20,10.08,1.8,8.4
2019-04-04,9.6,3.5,42.84,16:50,9.0,22.6,1.1
2019-04-05,11.6,4.5,37.08,23:20,7.92,27.2,3.5
2019-04-06,13.1,6.0,54.0,05:30,15.84,7.4,2.3
2019-04-07,12.6,4.2,47.16,20:50,9.0,23.8,0.1
2019-04-08,15.7,8.2,56.88,13:20,14.04,15.0,8.0
2019-04-09,13.4,8.0,51.84,13:10,14.04,15.8,3.0
2019-04-10,17.2,8.1,29.88,16:00,9.0,0.6,7.1
2019-04-11,18.1,5.2,29.88,14:40,9.0,0.0,11.9
2019-04-12,18.2,5.9,23.04,Varias,11.16,0.0,11.4
2019-04-13,16.7,9.5,24.12,12:40,6.12,0.4,0.0
2019-04-14,19.1,13.8,24.12,10:10,5.04,7.0,0.3
2019-04-15,16.2,10.7,45.0,12:20,15.84,3.2,5.7
2019-04-16,18.4,8.4,30.96,12:50,7.92,0.0,5.5
2019-04-17,16.2,10.3,34.92,12:40,6.12,10.2,0.0
2019-04-18,18.9,10.7,24.84,12:50,10.08,2.6,7.7
2019-04-19,24.2,11.1,37.08,09:20,10.08,0.0,6.5
2019-04-20,27.0,10.8,43.92,18:40,11.16,0.0,9.2
2019-04-21,24.9,13.3,42.12,16:50,14.04,0.6,12.2
2019-04-22,16.4,8.7,55.08,19:10,10.08,15.4,3.9
2019-04-23,13.8,6.3,43.92,13:30,12.96,23.9,5.2
2019-04-24,14.0,6.9,63.0,15:50,15.12,15.3,1.7
2019-04-25,13.1,7.2,69.12,02:20,15.12,20.4,2.7
2019-04-26,15.1,8.3,30.96,11:50,9.0,0.0,5.5
2019-04-27,19.8,9.8,25.92,15:20,6.84,0.0,9.5
2019-04-28,22.8,7.6,20.88,23:20,5.04,0.0,13.3
2019-04-29,18.6,10.7,29.88,15:50,7.92,0.0,13.2
2019-04-30,21.9,8.3,25.92,14:00,10.08,0.0,13.3
2019-05-01,20.4,11.1,56.16,17:40,14.04,0.0,12.5
2019-05-02,21.8,10.8,45.0,18:50,11.88,0.0,12.7
2019-05-03,21.9,8.1,42.84,13:10,14.04,0.0,13.0
2019-05-04,25.9,7.0,30.96,15:20,9.0,0.0,12.9
2019-05-05,22.8,8.8,34.92,14:30,3.96,0.0,12.8
2019-05-06,16.6,12.4,34.92,13:00,11.16,0.8,3.5
2019-05-07,17.3,12.1,52.92,16:30,11.88,11.0,3.5
2019-05-08,17.0,11.5,69.84,12:40,21.96,0.2,6.5
2019-05-09,15.9,11.3,43.92,15:30,9.0,11.8,0.0
2019-05-10,17.1,11.9,42.84,14:50,11.16,0.2,2.6
2019-05-11,24.5,9.4,28.08,13:30,10.08,0.0,13.8
2019-05-12,29.9,11.0,24.12,23:59,5.04,0.0,13.9
2019-05-13,28.8,16.4,25.92,Varias,7.92,0.0,13.7
2019-05-14,27.6,15.7,24.84,00:00,6.12,0.0,13.8
2019-05-15,19.1,11.6,27.0,11:50,6.84,0.0,10.5
2019-05-16,17.0,11.9,39.96,16:50,7.92,0.4,2.5
2019-05-17,17.0,8.7,39.96,14:20,12.96,2.2,6.6
2019-05-18,16.4,6.7,32.04,15:30,10.08,0.0,9.2
2019-05-19,18.5,5.8,25.92,15:20,6.84,0.0,11.8
2019-05-20,17.6,8.0,24.12,12:20,7.92,0.0,1.8
2019-05-21,22.6,11.0,32.04,16:20,10.08,0.0,13.8
2019-05-22,21.6,11.3,27.0,14:10,9.0,0.0,12.5
2019-05-23,20.6,11.6,33.12,14:10,7.92,0.4,6.4
2019-05-24,21.9,9.9,43.92,16:00,11.16,0.0,13.8
2019-05-25,25.5,11.4,39.96,14:40,12.96,0.0,13.9
2019-05-26,26.6,10.1,32.04,Varias,11.88,0.0,13.5
2019-05-27,23.5,12.2,42.12,20:50,12.96,0.0,11.6
2019-05-28,24.5,9.7,42.12,08:00,12.96,0.0,13.5
2019-05-29,30.8,10.3,28.08,17:30,6.84,0.0,13.6
2019-05-30,30.3,15.6,27.0,13:40,6.12,0.0,13.6
2019-05-31,33.9,19.2,45.0,12:50,11.16,0.0,13.6
2019-06-01,29.4,15.1,30.96,14:30,5.04,0.0,13.5
2019-06-02,22.5,12.5,27.0,16:50,9.0,0.4,8.0
2019-06-03,18.9,14.9,30.96,13:00,10.08,5.6,5.0
2019-06-04,18.7,11.3,45.0,06:10,11.88,3.0,7.0
2019-06-05,17.3,9.6,36.0,15:10,10.08,1.6,6.8
2019-06-06,14.8,10.3,64.08,13:10,20.88,43.8,1.8
2019-06-07,17.5,8.2,38.16,12:00,9.0,2.0,10.3
2019-06-08,19.0,7.3,25.92,14:40,11.16,0.0,2.9
2019-06-09,19.8,9.1,32.04,Varias,10.08,0.0,11.8
2019-06-10,19.9,8.3,29.88,11:20,7.92,0.0,5.7
2019-06-11,19.9,10.6,39.96,11:30,14.04,0.0,13.7
2019-06-12,18.4,7.9,29.88,16:40,10.08,0.0,5.3
2019-06-13,19.3,8.2,30.96,12:50,10.08,0.0,10.6
2019-06-14,19.2,7.8,38.16,15:30,11.16,3.6,10.5
2019-06-15,19.0,10.9,24.84,17:00,6.84,0.0,5.9
2019-06-16,22.7,8.4,33.84,14:00,9.0,0.0,12.4
2019-06-17,18.6,10.3,25.92,11:30,5.04,1.3,2.5
2019-06-18,20.5,12.8,54.0,12:30,15.84,4.3,1.9
2019-06-19,19.9,14.9,32.04,14:00,11.16,0.0,2.9
2019-06-20,22.4,13.8,29.16,17:40,7.92,0.0,2.0
2019-06-21,22.8,11.4,29.88,12:10,10.08,0.0,13.3
2019-06-22,21.2,13.6,27.0,13:00,6.84,2.3,3.7
2019-06-23,21.5,14.7,33.84,14:00,9.0,0.0,5.6
2019-06-24,22.0,13.8,32.04,14:50,11.16,1.1,7.1
2019-06-25,23.2,12.4,29.16,15:30,7.92,1.6,9.7
2019-06-26,21.2,14.8,28.08,16:50,6.84,1.4,5.5
2019-06-27,21.2,14.1,32.04,15:30,7.92,0.0,7.1
2019-06-28,24.8,11.7,24.12,14:50,9.0,0.0,13.8
2019-06-29,23.6,14.4,25.92,16:20,5.04,0.0,7.0
2019-06-30,20.6,14.5,24.12,11:20,9.0,0.0,0.2
2019-07-01,25.8,15.9,38.88,18:20,11.88,0.0,8.6
2019-07-02,28.5,16.8,30.96,14:10,11.16,0.0,13.9
2019-07-03,23.2,15.6,28.08,14:40,6.84,0.0,11.6
2019-07-04,22.5,15.9,32.04,14:10,7.92,0.0,4.5
2019-07-05,21.8,15.5,38.16,12:40,7.92,0.0,7.7
2019-07-06,25.0,13.2,34.92,Varias,11.88,0.0,11.1
2019-07-07,23.1,15.5,24.84,17:10,10.08,0.0,6.0
2019-07-08,24.6,16.4,28.08,14:50,6.84,0.0,3.3
2019-07-09,29.6,14.7,36.0,12:10,11.88,0.0,13.3
2019-07-10,30.0,14.9,23.04,15:50,7.92,0.0,13.2
2019-07-11,31.2,16.4,19.08,11:00,6.12,0.0,13.4
2019-07-12,33.5,15.9,20.88,16:40,5.04,0.0,7.3
2019-07-13,25.1,17.5,32.04,14:10,5.04,7.0,3.4
2019-07-14,24.0,15.4,25.92,14:40,9.0,0.0,13.3
2019-07-15,27.5,16.2,30.96,17:40,11.16,0.0,7.4
2019-07-16,29.3,16.6,42.12,14:00,12.96,0.0,7.9
2019-07-17,26.9,15.7,38.16,12:40,14.04,0.0,13.7
2019-07-18,28.4,13.3,32.04,13:40,7.92,0.0,13.7
2019-07-19,25.4,15.8,28.08,Varias,9.0,0.0,13.7
2019-07-20,25.0,16.2,29.88,17:00,11.16,0.1,9.1
2019-07-21,30.3,13.6,33.84,16:30,10.08,0.0,13.7
2019-07-22,28.7,16.0,24.84,14:40,6.84,0.0,13.6
2019-07-23,24.7,16.2,33.12,11:50,10.08,0.0,7.5
2019-07-24,24.4,13.8,36.0,16:00,11.16,0.0,13.3
2019-07-25,22.4,17.0,42.12,10:30,14.04,2.4,5.0
2019-07-26,22.4,15.6,33.12,Varias,10.08,2.4,10.1
2019-07-27,23.4,14.9,25.92,02:10,3.96,5.4,5.0
2019-07-28,23.5,12.4,34.92,15:10,7.92,5.0,13.4
2019-07-29,21.1,14.4,34.92,14:50,11.88,2.2,7.3
2019-07-30,23.8,11.1,30.96,15:50,10.08,0.0,11.1
2019-07-31,26.9,11.1,28.08,14:00,10.08,0.0,6.9
2019-08-01,27.5,13.1,28.08,16:50,6.12,0.0,13.5
2019-08-02,24.7,14.2,27.0,13:20,7.92,0.0,13.3
2019-08-03,25.6,13.7,27.0,17:00,9.0,0.0,13.3
2019-08-04,24.8,16.4,33.12,14:30,7.92,0.0,12.1
2019-08-05,25.6,13.3,29.88,14:40,10.08,0.0,12.4
2019-08-06,22.4,17.8,24.12,13:00,6.12,0.4,0.0
2019-08-07,20.5,17.5,32.04,16:50,9.0,16.2,0.0
2019-08-08,22.9,17.4,61.92,21:40,15.84,28.4,0.0
2019-08-09,22.1,17.4,50.04,12:40,15.84,0.6,1.8
2019-08-10,22.8,15.3,25.92,11:20,9.0,0.0,7.4
2019-08-11,21.9,12.1,30.96,13:40,11.16,0.0,11.6
2019-08-12,22.7,11.4,29.88,16:20,11.16,0.0,8.7
2019-08-13,24.2,10.8,28.08,15:30,6.84,0.0,12.7
2019-08-14,23.5,14.0,16.92,04:50,7.92,0.0,2.5
2019-08-15,27.4,14.6,24.12,14:40,6.12,0.0,13.3
2019-08-16,24.8,13.6,28.08,14:20,9.0,0.0,12.4
2019-08-17,24.7,17.9,38.16,16:20,9.0,11.0,1.9
2019-08-18,24.1,14.9,29.16,09:40,7.92,0.0,4.7
2019-08-19,24.4,13.7,42.12,16:30,12.96,0.0,10.4
2019-08-20,27.7,14.0,30.96,15:50,10.08,0.0,12.4
2019-08-21,30.4,15.7,32.04,14:20,6.84,0.0,13.0
2019-08-22,32.4,14.1,18.0,15:30,6.12,0.0,13.0
2019-08-23,28.7,17.9,23.04,14:40,6.12,0.0,12.8
2019-08-24,24.2,16.2,24.12,Varias,6.12,0.0,8.8
2019-08-25,26.3,15.1,23.04,Varias,7.92,0.0,4.0
2019-08-26,28.0,16.7,28.08,15:30,6.84,0.0,11.6
2019-08-27,23.5,16.1,27.0,12:10,7.92,0.0,12.9
2019-08-28,23.6,15.7,24.12,13:50,6.84,0.0,8.5
2019-08-29,25.2,12.5,27.0,14:40,6.12,0.0,12.3
2019-08-30,24.8,15.2,24.12,13:00,7.92,0.0,12.2
2019-08-31,26.9,15.0,33.84,17:10,7.92,0.0,11.0
2019-09-01,24.4,14.8,54.0,18:10,15.12,0.0,11.0
2019-09-02,31.3,16.3,38.88,01:20,7.92,0.0,11.9
2019-09-03,32.5,16.6,24.12,14:10,5.04,0.0,11.7
2019-09-04,28.7,15.4,46.08,18:00,11.88,0.0,12.0
2019-09-05,25.8,15.4,54.0,09:00,16.92,0.0,11.9
2019-09-06,27.6,13.9,33.84,Varias,10.08,0.0,12.0
2019-09-07,27.6,13.1,39.96,19:50,10.08,0.0,11.7
2019-09-08,29.5,13.3,33.12,00:00,9.0,0.0,12.1
2019-09-09,23.7,11.6,32.04,16:00,10.08,0.8,6.6
2019-09-10,21.3,10.2,39.96,13:40,15.12,0.0,9.9
2019-09-11,26.8,12.4,33.84,Varias,10.08,0.0,12.0
2019-09-12,28.7,12.8,23.04,14:00,6.84,0.0,12.0
2019-09-13,33.8,15.8,30.96,15:10,10.08,0.0,11.7
2019-09-14,30.3,17.6,21.96,12:10,6.84,0.0,10.5
2019-09-15,30.5,18.4,24.84,12:50,6.84,0.0,10.9
2019-09-16,26.7,16.7,28.08,14:00,6.12,0.0,6.6
2019-09-17,24.8,15.6,24.84,13:10,6.12,0.0,8.4
2019-09-18,24.1,14.9,25.92,16:40,6.12,0.0,9.3
2019-09-19,21.7,13.8,25.92,15:30,6.84,0.2,4.0
2019-09-20,20.7,14.9,24.12,17:00,5.04,1.4,1.4
2019-09-21,18.4,15.0,37.08,13:30,11.88,18.6,1.7
2019-09-22,20.2,14.1,37.08,15:20,11.16,0.2,8.2
2019-09-23,20.0,15.3,48.96,21:50,10.08,25.0,0.6
2019-09-24,20.3,15.2,45.0,03:00,11.88,1.0,3.2
2019-09-25,20.2,14.6,28.08,15:40,7.92,0.0,7.6
2019-09-26,21.3,14.8,29.88,Varias,7.92,4.2,7.6
2019-09-27,20.2,12.9,21.96,14:00,5.04,7.2,2.2
2019-09-28,20.9,10.1,21.96,14:50,9.0,0.4,11.3
2019-09-29,18.5,12.0,12.96,Varias,2.88,24.0,0.0
2019-09-30,20.3,17.6,24.12,12:10,6.12,5.6,0.5
2019-10-01,20.8,15.6,29.88,14:20,7.92,0.0,3.0
2019-10-02,20.5,12.8,16.92,Varias,5.04,0.0,3.6
2019-10-03,19.6,10.0,16.92,04:10,5.04,5.6,1.8
2019-10-04,20.9,12.3,18.0,03:10,6.84,0.0,6.1
2019-10-05,20.9,12.0,21.96,15:20,2.88,0.1,7.6
2019-10-06,23.3,13.5,16.92,Varias,3.96,0.0,6.2
2019-10-07,23.3,11.1,19.08,01:30,7.92,0.0,11.0
2019-10-08,19.2,11.8,24.84,15:50,6.84,4.2,0.0
2019-10-09,20.8,10.2,24.12,Varias,6.84,0.0,9.5
2019-10-10,23.9,10.2,25.92,13:20,7.92,0.0,11.0
2019-10-11,20.3,11.2,20.88,15:00,6.12,0.0,10.7
2019-10-12,19.6,12.5,43.92,22:50,9.0,13.2,0.6
2019-10-13,17.5,12.5,51.12,03:40,5.04,35.4,0.0
2019-10-14,15.9,10.2,42.84,15:10,7.92,12.8,4.3
2019-10-15,16.4,9.2,39.96,16:00,11.88,14.2,1.0
2019-10-16,16.9,14.1,51.12,15:20,12.96,33.0,0.2
2019-10-17,16.4,12.2,28.08,04:10,3.96,3.2,0.1
2019-10-18,17.3,12.2,38.16,22:10,6.84,43.0,0.7
2019-10-19,14.3,10.4,29.88,16:40,5.04,24.2,0.4
2019-10-20,15.7,7.7,29.88,13:30,2.88,0.2,6.0
2019-10-21,15.7,6.9,20.88,12:00,3.96,0.0,5.9
2019-10-22,18.2,6.1,30.96,15:10,7.92,0.0,10.0
2019-10-23,17.6,10.0,27.0,13:20,9.0,2.2,2.0
2019-10-24,16.2,10.9,28.08,12:10,6.84,22.8,0.0
2019-10-25,20.2,11.3,29.88,15:00,9.0,0.0,7.7
2019-10-26,20.9,11.1,29.88,16:30,6.84,0.0,9.5
2019-10-27,20.2,13.9,15.12,06:10,3.96,0.0,1.5
2019-10-28,18.7,14.2,36.0,12:20,6.84,6.2,0.0
2019-10-29,18.3,15.4,24.84,12:20,5.04,5.9,0.0
2019-10-30,18.9,16.5,29.88,09:20,5.04,8.8,0.0
2019-10-31,18.7,16.0,29.88,23:30,5.04,19.4,0.0
2019-11-01,18.5,16.5,54.0,18:20,15.84,27.6,0.0
2019-11-02,16.9,13.5,66.96,23:59,9.0,16.4,0.0
2019-11-03,15.6,11.3,66.96,00:00,10.08,45.0,0.4
2019-11-04,15.0,9.4,51.12,09:50,11.16,18.3,1.0
2019-11-05,14.9,9.4,0.0,,0.0,0.6,1.6
2019-11-06,13.5,9.2,39.96,22:10,5.04,6.3,0.0
2019-11-07,11.6,5.9,46.08,09:40,7.92,14.0,1.9
2019-11-08,13.6,4.7,0.0,,0.0,11.0,6.6
2019-11-09,14.5,6.4,0.0,,0.0,11.1,1.5
2019-11-10,10.2,7.2,0.0,,0.0,11.1,0.0
2019-11-11,14.7,8.1,0.0,,0.0,0.4,2.0
2019-11-12,15.2,7.7,42.84,17:50,11.16,65.0,0.0
2019-11-13,15.2,10.0,52.92,23:20,6.12,8.8,4.1
2019-11-14,11.5,6.0,70.92,13:10,14.04,7.2,1.2
2019-11-15,10.8,3.9,39.96,13:20,6.84,2.6,5.1
2019-11-16,11.0,3.3,20.88,20:10,6.84,5.6,1.9
2019-11-17,13.0,8.1,27.0,14:30,6.84,1.7,1.8
2019-11-18,13.3,5.9,19.08,Varias,2.88,0.2,5.8
2019-11-19,9.6,5.2,15.84,00:40,2.16,9.5,0.0
2019-11-20,10.0,6.2,25.92,12:50,6.12,25.1,0.2
2019-11-21,13.5,6.6,29.88,14:30,6.84,19.2,4.4
2019-11-22,14.3,9.1,69.12,19:40,20.88,30.5,0.1
2019-11-23,13.7,7.3,36.0,00:10,6.12,0.2,3.8
2019-11-24,15.3,7.2,55.08,16:40,7.92,11.4,0.0
2019-11-25,15.4,12.5,47.88,22:30,12.96,2.9,0.0
2019-11-26,16.5,11.7,72.0,16:10,16.92,15.1,0.0
2019-11-27,13.5,11.7,50.04,15:40,7.92,9.7,0.0
2019-11-28,15.2,11.9,57.96,15:00,14.04,10.8,0.0
2019-11-29,16.9,10.8,38.88,23:00,3.96,0.0,2.5
2019-11-30,15.4,10.1,52.92,03:40,15.12,21.4,2.7
2019-12-01,13.9,8.1,38.16,11:00,11.16,0.0,5.8
2019-12-02,13.1,7.2,47.88,14:00,11.16,0.0,8.4
2019-12-03,12.2,3.1,20.88,00:10,2.88,0.0,8.6
2019-12-04,12.3,1.8,21.96,02:40,6.12,0.0,7.6
2019-12-05,15.3,6.2,30.96,11:00,10.08,0.0,7.3
2019-12-06,13.6,7.0,16.92,08:10,2.88,0.0,3.9
2019-12-07,11.7,6.4,16.92,Varias,3.96,7.2,0.0
2019-12-08,13.3,6.4,15.84,23:30,2.88,7.2,0.1
2019-12-09,12.8,5.9,20.88,03:20,3.96,0.0,3.1
2019-12-10,11.8,4.9,21.96,20:20,6.84,17.4,1.7
2019-12-11,12.1,6.4,37.08,02:00,5.04,6.8,3.0
2019-12-12,13.3,10.4,51.12,04:50,19.08,86.0,0.0
2019-12-13,13.2,11.7,42.12,22:40,12.96,8.4,0.0
2019-12-14,14.3,11.8,51.12,22:20,11.88,51.6,0.0
2019-12-15,14.1,8.9,55.08,00:10,6.84,13.0,0.0
2019-12-16,9.0,5.5,23.04,15:30,5.04,6.4,0.0
2019-12-17,11.1,2.9,27.0,22:30,7.92,0.0,4.9
2019-12-18,15.1,8.8,73.08,18:10,23.04,88.8,0.0
2019-12-19,14.6,8.0,92.88,02:30,15.12,23.8,0.0
2019-12-20,12.2,9.0,54.0,06:00,11.16,22.2,0.0
2019-12-21,15.6,10.3,91.08,09:40,32.04,16.0,0.0
2019-12-22,14.6,9.0,83.88,08:00,20.88,2.0,0.9
2019-12-23,14.7,8.9,32.04,18:00,6.84,6.8,0.0
2019-12-24,17.7,11.7,23.04,01:30,5.04,0.8,1.6
2019-12-25,19.8,10.4,51.12,19:10,9.0,2.0,5.6
2019-12-26,14.1,4.9,15.84,10:00,6.12,0.0,4.9
2019-12-27,14.0,2.8,19.08,00:30,2.88,0.0,6.8
2019-12-28,17.6,5.6,20.88,01:30,3.96,0.0,7.0
2019-12-29,18.2,7.7,20.88,23:40,3.96,0.0,6.9
2019-12-30,15.5,6.6,24.12,14:35,2.88,0.0,6.9
2019-12-31,14.2,4.6,24.12,01:10,6.12,0.0,5.9
2020-01-01,9.5,0.5,20.88,02:40,3.96,0.0,8.3
2020-01-02,10.2,2.8,30.96,16:00,5.04,1.4,0.0
2020-01-03,13.7,6.6,15.12,21:10,2.16,6.2,2.8
2020-01-04,13.5,4.2,16.92,19:30,2.88,0.0,8.9
2020-01-05,12.8,2.6,21.96,23:10,2.88,0.0,8.2
2020-01-06,11.4,2.5,21.96,06:00,2.88,0.0,2.1
2020-01-07,12.7,2.9,20.16,04:40,6.84,0.0,8.6
2020-01-08,12.5,7.8,12.96,Varias,2.16,1.8,0.1
2020-01-09,13.5,6.1,47.88,11:40,16.92,2.6,0.1
2020-01-10,13.0,4.0,20.88,14:00,5.04,0.0,6.7
2020-01-11,13.1,3.3,19.08,22:50,5.04,0.0,7.8
2020-01-12,13.0,2.6,23.04,01:50,3.96,0.0,7.7
2020-01-13,10.8,6.9,47.88,23:40,14.04,1.4,0.1
2020-01-14,14.9,10.5,63.0,Varias,21.96,26.2,2.5
2020-01-15,15.2,9.5,66.96,01:20,5.04,6.6,7.4
2020-01-16,14.9,9.5,64.08,12:00,14.04,43.6,0.0
2020-01-17,11.6,7.5,29.88,02:20,3.96,0.0,3.0
2020-01-18,13.9,9.1,48.96,11:10,11.16,4.4,1.0
2020-01-19,12.7,6.2,47.88,05:40,14.04,0.0,8.2
2020-01-20,11.0,5.1,60.12,14:10,16.92,0.0,8.3
2020-01-21,12.0,5.7,55.08,13:00,19.08,0.0,6.1
2020-01-22,15.2,7.6,42.12,10:00,15.12,0.0,5.3
2020-01-23,14.0,6.7,24.12,20:00,5.04,0.0,2.0
2020-01-24,15.8,5.6,20.16,23:30,6.12,0.0,6.9
2020-01-25,13.7,4.0,20.16,16:30,6.12,0.2,9.0
2020-01-26,13.1,6.7,37.08,Varias,9.0,14.0,1.7
2020-01-27,13.0,10.7,60.84,20:10,7.92,17.8,0.0
2020-01-28,12.9,9.7,20.88,20:30,2.16,17.8,0.0
2020-01-29,14.0,12.5,45.0,13:40,15.12,42.0,0.0
2020-01-30,14.7,12.0,41.04,01:50,6.84,7.2,0.0
2020-01-31,15.4,12.9,48.96,22:20,11.88,28.8,0.0
2020-02-01,16.2,13.6,45.0,00:50,9.0,8.8,0.0
2020-02-02,19.7,13.7,41.04,12:40,11.16,0.0,7.8
2020-02-03,22.0,11.3,25.92,12:50,6.12,0.0,9.0
2020-02-04,18.3,10.5,25.92,Varias,6.84,0.0,7.5
2020-02-05,19.1,9.6,20.16,06:10,3.96,0.0,9.1
2020-02-06,18.8,8.2,24.12,14:20,6.84,0.0,7.2
2020-02-07,15.6,10.4,33.12,14:30,7.92,12.2,1.4
2020-02-08,14.2,8.5,34.92,01:30,5.04,0.0,6.4
2020-02-09,13.4,8.4,37.08,04:10,11.88,6.2,0.0
2020-02-10,14.4,11.1,38.16,12:50,12.96,1.6,0.0
2020-02-11,14.8,10.8,15.12,12:00,3.96,1.0,1.0
2020-02-12,16.7,8.5,20.88,14:50,6.84,3.6,2.0
2020-02-13,15.0,11.3,36.0,15:10,6.84,4.2,1.0
2020-02-14,15.2,10.6,20.88,16:40,2.88,0.4,0.4
2020-02-15,14.4,9.5,45.0,22:00,15.84,2.4,0.1
2020-02-16,14.9,12.6,55.08,11:50,20.16,16.2,0.0
2020-02-17,14.4,5.6,30.96,01:10,9.0,0.6,8.0
2020-02-18,13.6,3.2,25.92,14:20,7.92,0.0,8.8
2020-02-19,14.9,2.6,18.0,02:10,5.04,0.0,8.6
2020-02-20,16.6,3.8,23.04,16:40,6.12,0.0,6.6
2020-02-21,19.8,6.7,24.12,23:30,3.96,0.0,10.6
2020-02-22,19.8,5.5,23.04,03:40,6.12,0.0,10.5
2020-02-23,20.3,7.9,23.04,04:20,7.92,0.0,10.6
2020-02-24,14.9,6.6,27.0,15:40,7.92,5.0,10.2
2020-02-25,13.3,8.8,30.96,14:00,7.92,7.0,0.6
2020-02-26,13.8,8.0,32.04,14:10,6.84,3.2,1.7
2020-02-27,16.2,10.3,30.96,12:40,10.08,0.0,6.1
2020-02-28,17.8,7.2,45.0,23:10,10.08,18.2,9.2
2020-02-29,13.1,9.7,75.96,02:20,16.92,6.0,1.2
2020-03-01,14.6,9.7,105.84,21:50,11.88,29.0,1.8
2020-03-02,13.5,7.9,79.92,00:20,15.12,12.4,5.5
2020-03-03,14.4,10.0,66.96,05:30,11.88,27.4,0.0
2020-03-04,16.3,13.2,59.04,23:40,12.96,27.8,0.0
2020-03-05,14.5,9.3,74.16,01:30,15.84,9.0,6.7
2020-03-06,13.9,7.5,42.84,11:00,7.92,0.4,8.3
2020-03-07,15.4,7.3,24.84,17:30,10.08,0.0,9.6
2020-03-08,14.2,6.8,29.88,14:40,6.12,4.4,1.7
2020-03-09,15.6,5.7,20.88,14:40,7.92,0.0,8.7
2020-03-10,15.8,5.8,23.04,15:30,7.92,0.0,10.3
2020-03-11,17.8,7.4,23.04,15:10,7.92,0.0,8.5
2020-03-12,17.3,9.5,47.16,21:40,12.96,0.0,9.5
2020-03-13,17.0,7.7,33.12,12:20,10.08,0.0,11.0
2020-03-14,20.2,4.7,23.04,14:10,7.92,0.0,11.2
2020-03-15,14.0,4.5,46.08,11:50,7.92,6.8,3.2
2020-03-16,13.6,4.0,48.96,12:20,14.04,0.2,9.0
2020-03-17,21.5,7.7,39.96,01:30,11.88,0.0,11.2
2020-03-18,24.1,11.5,23.04,01:30,9.0,0.0,10.3
2020-03-19,18.3,11.5,24.12,13:00,10.08,1.0,8.8
2020-03-20,16.1,11.6,11.88,10:40,2.88,2.6,0.4
2020-03-21,15.2,10.9,24.12,14:10,7.92,0.6,3.2
2020-03-22,19.2,10.1,24.84,14:30,6.84,0.0,9.8
2020-03-23,20.5,8.9,34.92,15:40,11.16,0.0,10.9
2020-03-24,22.0,7.9,27.0,16:40,10.08,0.0,11.1
2020-03-25,17.2,9.0,29.88,13:00,11.16,0.0,10.4
2020-03-26,19.6,5.1,33.12,14:00,15.12,0.0,10.9
2020-03-27,17.0,4.8,29.16,15:20,6.84,0.0,11.3
2020-03-28,18.6,6.5,30.96,16:30,9.0,0.0,9.3
2020-03-29,21.0,5.6,32.04,23:40,5.04,0.0,9.1
2020-03-30,13.8,4.9,56.88,14:20,18.0,0.0,6.3
2020-03-31,10.1,3.1,32.04,00:10,6.12,3.8,1.3
2020-04-01,16.6,4.9,24.12,13:50,9.0,0.0,9.6
2020-04-02,18.8,8.9,34.92,Varias,11.16,0.0,9.0
2020-04-03,19.6,5.2,24.12,13:50,9.0,0.0,11.9
2020-04-04,22.4,9.2,46.08,13:30,9.0,2.4,6.4
2020-04-05,16.8,12.1,46.08,00:20,12.96,28.0,1.5
2020-04-06,16.3,10.3,18.0,16:10,5.04,1.8,0.0
2020-04-07,18.9,11.8,29.16,13:00,7.92,1.8,5.1
2020-04-08,19.6,11.0,25.92,14:00,7.92,7.4,8.8
2020-04-09,16.9,14.0,21.96,14:10,3.96,40.0,0.0
2020-04-10,15.4,12.2,24.84,10:00,6.84,4.0,1.8
2020-04-11,17.0,10.8,20.88,16:20,6.12,0.6,3.7
2020-04-12,18.4,9.0,32.04,15:40,7.92,2.6,11.2
2020-04-13,17.3,6.2,25.92,00:30,6.12,6.0,8.4
2020-04-14,22.9,8.0,34.92,13:30,6.84,4.6,5.8
2020-04-15,17.7,11.2,48.96,13:10,5.04,11.6,3.4
2020-04-16,15.5,11.3,29.88,16:20,5.04,41.0,0.4
2020-04-17,18.1,11.1,38.16,13:40,10.08,4.0,4.3
2020-04-18,17.9,10.2,28.08,14:10,6.84,0.2,7.8
2020-04-19,18.7,7.3,32.04,14:50,11.16,0.0,11.5
2020-04-20,18.1,10.8,33.12,14:10,3.96,2.0,2.4
2020-04-21,18.7,11.1,32.04,13:40,10.08,0.2,5.4
2020-04-22,15.9,9.3,21.96,14:30,6.12,0.0,0.0
2020-04-23,20.3,7.1,25.92,14:40,6.84,0.0,12.6
2020-04-24,20.6,9.6,25.92,13:20,6.84,0.0,11.8
2020-04-25,15.1,12.4,23.04,13:10,6.84,0.0,0.0
2020-04-26,17.8,11.0,39.96,12:50,7.92,19.2,4.5
2020-04-27,16.3,10.2,36.0,16:00,9.0,13.4,5.7
2020-04-28,17.2,9.1,39.96,11:10,11.16,10.4,5.6
2020-04-29,15.2,11.4,47.88,17:10,11.16,10.2,0.3
2020-04-30,15.5,11.2,56.16,00:30,15.12,29.0,0.1
2020-05-01,16.2,14.5,47.88,01:10,10.08,13.0,0.0
2020-05-02,19.1,13.6,34.92,14:30,9.0,0.0,4.1
2020-05-03,28.1,10.6,20.88,13:30,5.04,0.0,13.0
2020-05-04,20.8,14.2,57.96,16:20,11.88,9.2,7.4
2020-05-05,21.4,13.0,39.96,15:20,12.96,1.8,8.2
2020-05-06,20.6,12.5,34.92,Varias,11.16,0.0,11.2
2020-05-07,24.7,12.1,20.88,Varias,5.04,0.0,12.6
2020-05-08,19.5,14.2,36.0,13:10,10.08,0.0,5.5
2020-05-09,18.2,11.7,37.08,11:40,3.96,4.6,2.4
2020-05-10,18.1,9.4,41.04,13:20,10.08,0.0,11.5
2020-05-11,22.6,11.8,25.92,19:20,6.12,2.8,5.7
2020-05-12,19.6,13.7,27.0,14:30,6.84,0.0,4.7
2020-05-13,21.5,11.2,29.16,14:30,9.0,1.4,5.9
2020-05-14,17.6,11.2,30.96,18:40,7.92,0.0,0.5
2020-05-15,20.5,11.9,36.0,16:20,12.96,0.0,10.6
2020-05-16,23.8,10.3,38.16,15:30,10.08,0.0,13.1
2020-05-17,23.2,10.2,29.16,15:20,6.84,0.0,13.5
2020-05-18,23.6,11.9,27.0,13:50,11.16,0.0,13.7
2020-05-19,24.9,11.7,28.08,15:30,6.12,0.0,13.7
2020-05-20,21.6,12.8,34.92,14:50,9.0,0.0,10.5
2020-05-21,22.3,12.2,37.08,14:20,9.0,0.8,13.2
2020-05-22,21.5,14.1,29.88,12:40,9.0,0.0,8.3
2020-05-23,24.9,12.2,36.0,15:50,10.08,0.0,13.2
2020-05-24,26.8,11.0,24.12,14:40,6.12,0.0,13.3
2020-05-25,28.3,12.9,36.0,Varias,10.08,0.0,13.5
2020-05-26,32.0,14.9,29.88,17:40,5.04,0.0,13.5
2020-05-27,32.3,17.4,29.16,17:10,6.84,0.0,13.5
2020-05-28,30.5,19.5,27.0,12:40,6.84,0.0,13.6
2020-05-29,28.3,17.4,20.88,14:00,6.12,0.0,13.3
2020-05-30,23.8,15.1,27.0,14:50,6.84,0.0,11.7
2020-05-31,22.8,15.4,34.92,21:40,9.0,8.2,8.6
2020-06-01,25.0,15.4,32.04,15:30,6.84,0.0,7.9
2020-06-02,26.1,16.2,27.0,12:50,10.08,0.0,11.4
2020-06-03,19.9,15.4,24.12,15:30,7.92,0.0,1.4
2020-06-04,21.9,12.0,36.0,09:40,9.0,0.0,9.9
2020-06-05,22.7,9.5,32.04,Varias,9.0,0.0,13.6
2020-06-06,21.7,12.2,28.08,11:20,9.0,0.0,5.4
2020-06-07,20.8,11.0,36.0,15:00,12.96,0.0,12.7
2020-06-08,21.8,8.6,38.88,17:00,10.08,0.0,10.8
2020-06-09,22.8,9.9,38.16,14:50,12.96,0.0,13.1
2020-06-10,24.5,9.4,29.88,16:10,6.84,3.2,13.6
2020-06-11,18.1,12.3,42.84,11:50,11.16,11.2,4.4
2020-06-12,16.8,11.9,37.08,10:40,7.92,8.2,2.9
2020-06-13,18.0,12.7,33.84,14:40,10.08,2.0,3.9
2020-06-14,17.7,13.1,32.04,12:20,9.0,2.0,0.7
2020-06-15,18.9,13.7,29.88,13:10,10.08,4.8,4.9
2020-06-16,19.0,13.8,29.88,13:20,10.08,0.2,3.6
2020-06-17,19.2,11.2,25.92,13:50,7.92,0.0,7.4
2020-06-18,21.4,10.3,33.12,12:50,10.08,0.0,13.4
2020-06-19,21.1,10.0,29.88,15:50,10.08,0.0,13.9
2020-06-20,21.7,13.8,33.12,Varias,7.92,0.2,11.9
2020-06-21,21.7,16.3,19.08,14:50,6.12,0.0,3.5
2020-06-22,28.9,13.5,20.88,13:10,6.12,0.0,14.0
2020-06-23,28.3,16.5,25.92,14:10,7.92,0.0,13.8
2020-06-24,21.2,16.5,20.88,17:10,6.84,0.0,
2020-06-25,22.0,15.6,30.96,16:50,6.12,0.0,1.1
2020-06-26,20.5,13.9,30.96,13:20,6.12,7.0,0.0
2020-06-27,19.4,15.6,32.04,12:20,7.92,2.6,0.1
2020-06-28,21.0,15.6,19.08,14:30,6.12,0.4,0.0
2020-06-29,27.0,14.5,34.92,17:50,12.96,0.0,
2020-06-30,30.1,15.7,29.88,12:30,11.16,0.0,12.3
2020-07-01,22.0,15.3,25.92,13:00,9.0,0.0,8.8
2020-07-02,22.3,13.2,33.12,12:20,11.16,0.0,7.1
2020-07-03,26.1,10.3,33.12,12:10,12.96,0.0,13.6
2020-07-04,28.4,11.8,27.0,12:40,3.96,0.0,11.9
2020-07-05,34.0,17.3,34.92,21:20,10.08,0.0,13.0
2020-07-06,31.3,17.3,38.88,13:50,12.96,0.0,14.1
2020-07-07,27.3,15.4,25.92,14:30,6.12,0.0,14.0
2020-07-08,24.9,15.2,32.04,19:10,7.92,0.0,12.6
2020-07-09,30.4,16.4,34.92,Varias,11.88,0.0,13.1
2020-07-10,29.3,15.9,39.96,Varias,12.96,0.0,14.1
2020-07-11,33.5,17.2,39.96,00:50,11.16,0.0,13.6
2020-07-12,31.5,17.9,25.92,Varias,6.12,0.0,14.1
2020-07-13,32.3,16.8,39.96,Varias,11.88,0.0,14.2
2020-07-14,27.6,15.9,46.08,20:20,15.12,0.0,14.2
2020-07-15,30.9,17.8,38.88,14:00,15.12,0.0,13.5
2020-07-16,34.2,14.7,34.92,15:40,6.12,0.0,13.7
2020-07-17,36.5,15.8,24.84,14:20,7.92,0.0,14.0
2020-07-18,31.3,19.4,25.92,14:30,3.96,0.0,13.9
2020-07-19,23.1,14.8,29.88,11:50,6.84,0.0,13.3
2020-07-20,31.6,16.6,36.0,13:30,10.08,0.0,14.0
2020-07-21,34.7,18.4,29.88,16:50,11.16,0.0,13.5
2020-07-22,30.8,17.8,23.04,13:30,9.0,0.0,13.6
2020-07-23,30.1,16.8,32.04,17:40,9.0,0.0,13.4
2020-07-24,29.6,14.7,32.04,15:10,14.04,0.0,13.4
2020-07-25,26.9,14.7,34.92,10:20,7.92,0.0,13.4
2020-07-26,27.4,17.0,27.0,15:00,7.92,0.0,13.4
2020-07-27,27.1,14.6,30.96,12:50,11.16,0.0,13.2
2020-07-28,30.2,18.0,34.92,13:30,11.16,0.0,12.2
2020-07-29,32.7,15.6,28.08,01:20,5.04,0.0,13.8
2020-07-30,26.6,17.2,33.84,15:00,6.84,0.0,10.5
2020-07-31,24.3,16.9,25.92,14:40,7.92,0.0,9.5
2020-08-01,28.5,16.4,38.16,16:40,11.16,0.0,13.7
2020-08-02,28.1,15.4,34.92,13:00,12.96,0.0,10.1
2020-08-03,24.3,14.2,27.0,Varias,10.08,0.0,8.4
2020-08-04,30.6,16.1,34.92,13:20,10.08,0.0,13.3
2020-08-05,27.7,15.0,24.12,14:10,9.0,0.0,13.5
2020-08-06,28.8,16.4,24.12,14:30,7.92,0.0,13.5
2020-08-07,28.7,17.0,29.16,15:40,6.84,0.0,12.9
2020-08-08,25.1,16.0,28.08,12:20,6.12,0.0,13.4
2020-08-09,22.2,16.1,30.96,14:20,6.12,0.0,5.4
2020-08-10,27.5,15.1,38.88,14:10,11.16,0.0,11.3
2020-08-11,23.5,18.5,30.96,14:20,6.84,13.8,5.0
2020-08-12,23.6,16.5,27.0,17:30,6.84,5.2,4.6
2020-08-13,24.2,15.8,29.88,16:40,9.0,0.0,11.4
2020-08-14,23.9,13.1,30.96,14:10,9.0,1.4,12.5
2020-08-15,21.9,13.9,38.88,16:20,12.96,0.6,8.9
2020-08-16,22.6,16.7,37.08,13:10,11.16,19.0,2.1
2020-08-17,20.1,18.0,33.12,15:10,7.92,18.0,0.0
2020-08-18,23.3,18.5,0.0,,6.84,3.1,0.2
2020-08-19,22.0,16.4,55.08,19:20,15.84,27.2,2.4
2020-08-20,22.5,15.4,52.92,14:50,11.16,0.0,11.6
2020-08-21,23.1,15.7,28.08,14:10,11.88,2.6,5.9
2020-08-22,24.4,13.4,25.92,15:30,7.92,0.0,13.1
2020-08-23,27.5,14.0,25.92,18:00,7.92,0.0,13.0
2020-08-24,29.0,13.9,20.88,15:10,5.04,0.0,12.5
2020-08-25,26.2,13.1,23.04,14:40,6.12,0.0,2.4
2020-08-26,26.8,17.5,23.04,13:00,9.0,0.0,7.3
2020-08-27,23.7,19.2,24.12,15:20,7.92,1.0,0.5
2020-08-28,22.3,13.7,39.96,17:00,12.96,0.0,10.2
2020-08-29,22.1,12.5,39.96,14:00,10.08,0.2,8.9
2020-08-30,23.3,10.9,34.92,12:40,11.16,0.0,12.9
2020-08-31,23.4,10.8,24.12,12:40,6.84,0.0,8.0
2020-09-01,26.3,12.3,32.04,12:40,12.96,0.0,12.4
2020-09-02,28.7,12.8,24.84,13:50,7.92,0.0,12.1
2020-09-03,31.0,14.9,18.0,Varias,5.04,0.0,11.9
2020-09-04,26.7,16.9,24.84,15:00,5.04,0.0,11.9
2020-09-05,28.3,16.3,46.08,19:50,11.16,0.0,12.0
2020-09-06,27.7,16.5,42.12,08:00,11.16,0.0,12.0
2020-09-07,30.2,15.1,28.08,18:40,6.12,0.0,11.9
2020-09-08,30.4,16.0,21.96,15:10,5.04,0.0,11.9
2020-09-09,30.3,15.9,25.92,03:30,2.88,0.0,12.3
2020-09-10,28.5,15.4,20.88,16:20,6.12,0.0,12.1
2020-09-11,28.5,16.7,18.0,Varias,5.04,0.0,11.0
2020-09-12,35.5,16.7,19.08,16:00,6.12,0.0,10.9
2020-09-13,30.5,20.5,32.04,13:00,7.92,0.6,7.5
2020-09-14,23.7,16.6,30.96,15:40,9.0,0.0,7.0
2020-09-15,24.9,16.1,33.84,10:50,6.84,0.0,8.4
2020-09-16,27.2,14.1,23.04,17:30,5.04,0.2,4.4
2020-09-17,26.3,16.0,33.84,14:50,6.12,9.0,4.9
2020-09-18,25.7,14.5,20.88,15:50,7.92,3.6,7.7
2020-09-19,22.5,16.7,21.96,14:30,3.96,0.6,5.0
2020-09-20,20.3,15.8,27.0,Varias,7.92,0.0,0.2
2020-09-21,22.2,12.7,28.08,Varias,6.84,0.0,9.9
2020-09-22,23.1,11.7,30.96,22:00,6.12,26.2,4.7
2020-09-23,21.1,15.3,29.88,14:20,9.0,0.2,4.7
2020-09-24,18.4,12.1,43.92,13:10,7.92,4.4,2.7
2020-09-25,18.6,9.4,36.0,15:40,6.84,0.2,7.3
2020-09-26,16.7,10.2,20.88,20:50,2.88,4.4,0.0
2020-09-27,20.4,12.1,38.88,10:00,10.08,0.0,10.0
2020-09-28,20.7,7.7,20.16,14:30,5.04,0.0,9.0
2020-09-29,23.1,9.9,16.92,15:20,3.96,0.0,10.9
2020-09-30,19.4,9.9,25.92,12:40,9.0,8.4,6.8
2020-10-01,18.6,12.6,64.08,22:20,11.88,22.4,3.4
2020-10-02,16.3,9.4,61.92,03:40,12.96,8.6,7.1
2020-10-03,17.4,8.4,33.12,12:50,7.92,5.8,5.6
2020-10-04,16.6,12.0,46.08,12:10,9.0,1.8,2.4
2020-10-05,16.0,11.7,24.84,14:30,3.96,13.4,0.0
2020-10-06,18.1,15.6,28.08,10:30,7.92,6.0,0.1
2020-10-07,22.5,14.2,20.16,12:00,5.04,0.0,8.2
2020-10-08,21.6,10.9,20.88,13:40,3.96,0.0,8.3
2020-10-09,22.4,11.5,20.88,15:20,2.88,0.0,7.1
2020-10-10,20.2,12.8,42.84,18:00,14.04,0.0,10.0
2020-10-11,19.0,10.0,37.08,11:10,6.84,0.0,10.8
2020-10-12,18.8,8.9,20.88,13:30,5.04,0.4,2.4
2020-10-13,17.3,10.9,29.16,17:50,7.92,0.2,2.0
2020-10-14,16.6,8.4,32.04,10:50,3.96,0.4,6.2
2020-10-15,17.7,8.0,24.84,11:40,6.84,0.0,6.6
2020-10-16,17.9,6.3,25.92,14:20,5.04,0.0,9.1
2020-10-17,18.8,8.7,20.88,14:40,3.96,0.2,3.4
2020-10-18,22.3,12.6,27.0,12:40,5.04,0.0,6.1
2020-10-19,19.5,13.1,51.12,12:00,11.16,26.2,0.6
2020-10-20,17.5,13.5,33.12,04:30,5.04,17.2,0.4
2020-10-21,19.5,12.7,39.96,15:40,6.84,0.4,3.9
2020-10-22,16.7,11.8,33.12,12:00,7.92,13.6,2.6
2020-10-23,17.3,10.8,29.88,14:40,6.12,0.0,3.5
2020-10-24,17.3,13.4,65.88,23:10,16.92,36.4,0.2
2020-10-25,15.7,8.2,66.96,00:40,5.04,19.0,2.4
2020-10-26,15.9,5.6,32.04,15:50,6.12,3.8,4.5
2020-10-27,15.2,11.3,38.88,13:30,14.04,12.0,0.0
2020-10-28,17.3,11.2,21.96,11:40,5.04,0.0,3.5
2020-10-29,17.8,9.6,16.92,Varias,5.04,0.0,8.9
2020-10-30,20.9,9.7,16.92,16:40,3.96,0.0,9.2
2020-10-31,17.8,14.8,34.92,10:30,14.04,2.6,0.0
2020-11-01,18.1,16.3,33.12,19:00,12.96,7.8,0.0
2020-11-02,17.7,9.0,38.16,09:10,6.84,5.0,0.0
2020-11-03,14.7,6.0,42.84,14:50,10.08,0.0,8.9
2020-11-04,14.4,5.0,38.16,16:10,10.08,0.0,7.4
2020-11-05,18.5,10.8,36.0,14:50,7.92,0.2,0.1
2020-11-06,16.6,12.3,41.04,09:00,5.04,8.6,0.0
2020-11-07,16.4,12.7,38.88,11:30,10.08,22.2,0.7
2020-11-08,18.1,13.4,66.96,06:00,12.96,16.8,2.2
2020-11-09,16.9,10.9,28.08,11:20,6.12,3.6,6.0
2020-11-10,17.9,9.8,18.0,23:59,3.96,0.0,8.7
2020-11-11,16.6,9.2,33.84,16:00,6.84,0.0,1.0
2020-11-12,20.5,11.7,24.12,03:40,3.96,0.0,7.8
2020-11-13,19.9,10.2,24.12,14:30,5.04,0.0,8.6
2020-11-14,17.6,12.6,47.16,11:10,10.08,6.6,0.3
2020-11-15,17.3,11.0,43.92,06:10,7.92,12.0,0.0
2020-11-16,16.6,7.9,20.16,07:10,3.96,0.0,8.9
2020-11-17,20.0,7.7,34.92,22:30,6.12,0.6,8.0
2020-11-18,19.9,14.4,39.96,00:40,7.92,0.2,1.6
2020-11-19,20.1,10.0,23.04,15:50,6.84,0.0,9.1
2020-11-20,18.7,7.8,19.08,01:00,2.16,0.0,8.5
2020-11-21,18.9,8.5,19.08,21:10,3.96,0.0,9.1
2020-11-22,19.3,7.9,24.12,07:10,6.84,0.0,9.0
2020-11-23,16.3,6.9,24.12,01:30,2.88,0.0,5.2
2020-11-24,15.7,6.9,47.88,19:40,9.0,19.6,0.6
2020-11-25,11.5,8.9,20.16,01:20,5.04,2.0,0.0
2020-11-26,15.6,8.8,27.0,13:30,5.04,0.0,0.6
2020-11-27,18.1,8.9,19.08,08:20,5.04,0.0,7.7
2020-11-28,17.3,6.6,20.16,13:40,6.84,0.8,6.3
2020-11-29,16.6,10.1,16.92,18:20,5.04,0.0,4.8
2020-11-30,19.9,11.5,24.12,14:40,7.92,0.0,7.7
2020-12-01,17.3,8.0,18.0,05:10,2.16,0.0,6.0
2020-12-02,14.1,7.7,38.16,13:30,6.84,0.0,3.4
2020-12-03,11.6,4.0,68.04,19:20,9.0,14.8,0.0
2020-12-04,8.9,2.9,59.04,02:10,5.04,13.0,0.5
2020-12-05,9.0,2.3,36.0,14:40,7.92,5.6,2.0
2020-12-06,12.0,2.6,42.12,22:50,2.16,12.0,0.0
2020-12-07,12.7,8.3,54.0,15:40,15.12,18.6,0.5
2020-12-08,11.4,4.3,29.88,14:30,3.96,3.4,4.5
2020-12-09,13.9,3.0,42.84,22:50,6.84,44.0,0.0
2020-12-10,14.4,12.2,43.92,22:40,5.04,58.8,0.0
2020-12-11,14.7,11.8,51.12,11:40,18.0,12.4,0.0
2020-12-12,14.3,9.9,23.04,13:30,5.04,5.6,1.9
2020-12-13,15.3,12.1,48.96,07:00,16.92,6.4,0.0
2020-12-14,12.5,9.1,50.04,09:20,6.84,8.2,0.0
2020-12-15,11.9,7.5,57.96,23:20,11.88,82.2,1.8
2020-12-16,12.8,7.1,48.96,00:50,2.88,2.2,2.2
2020-12-17,13.2,6.7,29.88,13:30,6.84,0.2,3.3
2020-12-18,12.5,10.9,63.0,16:40,18.0,17.0,0.0
2020-12-19,14.8,9.7,34.92,15:00,9.0,3.2,3.0
2020-12-20,13.5,9.7,37.08,23:59,10.08,57.8,1.6
2020-12-21,15.0,13.2,37.08,Varias,7.92,7.6,0.0
2020-12-22,15.6,12.4,47.88,09:40,18.0,30.8,1.3
2020-12-23,13.2,5.3,30.96,03:50,6.12,0.4,0.7
2020-12-24,11.3,3.1,32.04,14:10,9.0,0.0,8.2
2020-12-25,11.5,4.2,34.92,14:20,9.0,0.0,8.7
2020-12-26,10.8,1.5,20.88,01:00,5.04,0.0,8.8
2020-12-27,11.5,1.7,63.0,18:20,15.84,19.6,0.0
2020-12-28,10.3,5.0,60.84,00:10,10.08,10.6,0.6
2020-12-29,9.2,3.0,42.12,15:40,6.12,0.6,4.0
2020-12-30,8.5,2.0,15.12,Varias,5.04,13.4,1.0
2020-12-31,10.1,3.6,43.92,06:10,6.12,5.8,0.3
2021-01-01,7.8,1.6,25.92,15:40,2.88,9.0,2.1
2021-01-02,8.9,1.3,24.84,14:30,2.16,0.0,5.3
2021-01-03,9.1,1.3,33.12,14:40,3.96,1.2,3.6
2021-01-04,8.1,0.5,21.96,15:00,6.12,0.0,5.5
2021-01-05,8.6,-0.8,18.0,06:00,6.84,0.0,5.4
2021-01-06,9.2,-0.4,19.08,01:20,3.96,0.0,7.3
2021-01-07,9.3,-0.8,24.84,Varias,5.04,0.0,7.2
2021-01-08,9.0,-1.2,42.84,14:30,9.0,0.0,7.6
2021-01-09,8.4,0.9,51.84,12:50,12.96,0.0,5.3
2021-01-10,10.5,4.7,55.08,13:20,14.04,0.0,7.0
2021-01-11,11.8,2.2,46.08,11:20,6.84,0.0,7.6
2021-01-12,10.7,0.9,20.88,01:20,3.96,0.0,7.6
2021-01-13,10.3,0.3,21.96,22:50,5.04,0.0,7.7
2021-01-14,12.0,3.1,18.0,02:50,2.88,0.0,2.7
2021-01-15,12.5,3.8,23.04,14:20,5.04,0.0,8.8
2021-01-16,11.9,0.2,20.16,05:00,5.04,0.0,9.0
2021-01-17,14.7,3.0,25.92,14:00,7.92,0.0,9.0
2021-01-18,14.5,4.6,15.84,13:50,5.04,0.0,9.0
2021-01-19,12.6,5.0,57.96,20:40,10.08,28.6,0.0
2021-01-20,13.3,9.2,69.12,02:30,16.92,35.6,0.0
2021-01-21,14.5,9.5,59.04,07:30,18.0,38.0,0.2
2021-01-22,12.8,8.0,72.0,01:30,6.12,9.4,2.4
2021-01-23,13.8,9.0,70.92,15:10,20.16,19.0,0.2
2021-01-24,12.9,8.7,37.08,12:00,5.04,22.6,0.1
2021-01-25,13.4,11.0,63.0,03:30,10.08,14.8,0.0
2021-01-26,14.2,12.4,19.08,14:10,3.96,15.3,0.0
2021-01-27,14.5,12.8,28.08,16:40,2.88,2.0,0.0
2021-01-28,14.1,12.5,30.96,14:30,10.08,5.6,0.0
2021-01-29,13.3,11.9,56.16,22:10,12.96,13.0,0.0
2021-01-30,12.9,9.2,57.96,11:00,20.88,30.0,1.1
2021-01-31,13.9,10.6,43.92,15:20,11.16,17.0,0.0
2021-02-01,13.2,12.0,39.96,02:00,10.08,10.8,0.0
2021-02-02,13.4,12.1,55.08,Varias,14.04,40.8,0.0
2021-02-03,15.7,8.7,54.0,00:50,12.96,9.4,0.6
2021-02-04,13.8,7.9,20.88,00:30,2.88,1.6,3.5
2021-02-05,11.9,5.6,37.08,21:10,9.0,0.2,1.6
2021-02-06,11.5,3.8,43.92,12:00,11.16,0.0,3.2
2021-02-07,11.6,2.0,56.88,21:40,9.0,36.0,0.0
2021-02-08,11.4,8.2,46.08,08:40,11.88,36.4,0.0
2021-02-09,11.4,7.6,63.0,06:30,16.92,21.2,1.0
2021-02-10,13.2,5.5,34.92,00:30,6.12,5.8,5.4
2021-02-11,14.7,11.3,43.92,23:50,10.08,22.0,0.0
2021-02-12,14.9,10.6,33.12,Varias,6.84,0.6,5.8
2021-02-13,14.3,10.6,29.88,21:20,6.12,1.8,0.4
2021-02-14,18.7,11.0,38.16,Varias,7.92,0.0,4.5
2021-02-15,21.2,12.9,54.0,13:40,10.08,14.0,5.5
2021-02-16,14.6,9.2,63.0,05:20,10.08,4.2,5.0
2021-02-17,14.6,7.3,51.84,17:50,10.08,27.6,2.9
2021-02-18,14.0,9.2,60.12,04:00,10.08,0.2,5.0
2021-02-19,14.7,9.6,65.16,23:50,20.16,4.8,1.0
2021-02-20,15.3,8.6,78.12,02:10,15.84,37.2,0.0
2021-02-21,13.3,5.5,21.96,15:00,7.92,0.2,5.7
2021-02-22,15.0,3.1,28.08,Varias,10.08,0.0,9.1
2021-02-23,16.1,10.4,43.92,13:20,11.16,0.0,0.9
2021-02-24,18.0,9.3,65.16,15:00,15.84,8.0,5.5
2021-02-25,12.0,8.3,24.84,19:50,6.12,0.6,0.0
2021-02-26,20.5,9.5,20.88,Varias,5.04,0.0,6.4
2021-02-27,20.2,7.9,15.12,13:10,2.88,0.0,9.3
2021-02-28,18.2,6.7,20.16,17:00,6.84,0.0,10.2
2021-03-01,13.1,6.8,32.04,12:40,10.08,3.8,0.0
2021-03-02,13.7,8.7,25.92,02:30,7.92,0.2,1.0
2021-03-03,19.5,5.8,25.92,07:40,6.84,0.0,9.1
2021-03-04,16.6,9.9,21.96,Varias,3.96,0.0,0.0
2021-03-05,21.0,9.8,37.08,21:00,10.08,0.0,5.4
2021-03-06,18.7,6.6,24.84,14:50,6.84,0.0,9.7
2021-03-07,16.4,4.2,33.12,13:20,7.92,0.0,10.5
2021-03-08,14.3,4.4,43.92,14:30,12.96,0.0,11.0
2021-03-09,14.5,3.6,33.12,00:20,5.04,0.0,8.6
2021-03-10,11.9,4.2,21.96,23:10,3.96,4.4,0.0
2021-03-11,13.8,8.8,33.84,02:10,10.08,10.6,1.4
2021-03-12,15.1,6.6,27.0,13:50,7.92,3.8,8.1
2021-03-13,14.0,6.8,33.84,15:00,7.92,2.8,2.5
2021-03-14,16.3,8.3,24.12,15:40,6.84,0.0,7.1
2021-03-15,21.0,5.0,21.96,17:10,3.96,0.0,11.3
2021-03-16,22.7,6.7,28.08,Varias,7.92,0.0,11.5
2021-03-17,23.1,9.0,39.96,14:30,10.08,0.0,11.6
2021-03-18,17.0,6.6,46.08,14:00,12.96,0.0,9.5
2021-03-19,16.1,8.2,48.96,06:40,14.04,0.0,6.5
2021-03-20,16.6,6.5,42.12,Varias,9.0,0.0,11.7
2021-03-21,16.0,2.5,25.92,00:30,6.12,0.0,11.7
2021-03-22,18.8,4.5,21.96,Varias,3.96,0.0,11.5
2021-03-23,16.4,6.1,28.08,14:20,7.92,0.0,11.8
2021-03-24,16.5,7.7,25.92,17:40,6.12,0.0,8.6
2021-03-25,16.8,5.5,29.16,13:40,9.0,0.0,10.0
2021-03-26,15.6,6.7,27.0,13:30,7.92,2.6,3.6
2021-03-27,19.7,3.6,19.08,14:30,6.84,0.0,11.9
2021-03-28,24.3,7.6,23.04,14:20,7.92,0.0,11.2
2021-03-29,23.1,12.3,24.12,12:40,6.84,0.0,1.1
2021-03-30,21.4,12.1,23.04,06:20,2.16,0.0,0.0
2021-03-31,28.6,15.7,29.16,23:30,6.84,0.8,8.2
2021-04-01,24.6,13.7,42.12,02:30,6.12,12.8,4.4
2021-04-02,14.1,12.7,14.04,Varias,3.96,10.4,0.0
2021-04-03,23.2,9.9,29.88,15:50,9.0,0.0,11.3
2021-04-04,22.3,7.6,19.08,17:00,6.12,0.0,11.9
2021-04-05,22.8,7.5,23.04,14:40,7.92,0.0,11.9
2021-04-06,22.1,4.9,29.88,15:40,10.08,0.0,12.0
2021-04-07,23.0,6.1,20.16,23:10,5.04,0.0,12.0
2021-04-08,17.6,9.9,33.12,12:10,10.08,0.0,9.0
2021-04-09,18.9,9.0,37.08,13:30,10.08,22.4,2.1
2021-04-10,16.2,11.3,16.92,12:30,2.88,13.2,0.0
2021-04-11,15.3,7.1,38.16,10:10,11.88,0.0,8.9
2021-04-12,19.7,6.2,21.96,05:00,5.04,7.4,3.2
2021-04-13,16.2,10.4,15.84,04:40,3.96,10.0,0.0
2021-04-14,23.1,10.8,23.04,16:20,6.12,0.0,8.8
2021-04-15,23.8,8.5,29.88,15:50,10.08,0.0,13.0
2021-04-16,22.8,5.1,32.04,15:00,7.92,0.0,13.1
2021-04-17,20.2,4.8,27.0,17:10,6.12,0.0,12.8
2021-04-18,20.4,7.1,23.04,11:50,6.12,0.2,6.6
2021-04-19,17.3,11.3,29.16,Varias,7.92,0.2,5.9
2021-04-20,18.4,10.6,32.04,13:20,7.92,7.2,2.8
2021-04-21,17.3,11.2,21.96,13:10,3.96,12.0,2.0
2021-04-22,18.7,11.3,29.88,Varias,5.04,3.6,6.9
2021-04-23,18.6,11.3,32.04,11:10,6.12,12.4,0.6
2021-04-24,20.7,12.6,42.12,19:00,6.12,30.0,7.8
2021-04-25,20.9,12.2,20.88,00:20,7.92,5.4,3.2
2021-04-26,20.3,11.7,27.0,Varias,6.84,0.0,9.0
2021-04-27,21.9,9.7,30.96,15:20,10.08,0.0,12.6
2021-04-28,18.3,9.7,39.96,16:20,11.16,0.0,13.2
2021-04-29,16.6,6.7,33.12,14:40,6.84,1.0,6.0
2021-04-30,16.4,5.2,41.04,13:00,11.88,0.0,9.4
2021-05-01,16.4,4.3,28.08,13:00,10.08,0.0,10.7
2021-05-02,18.7,3.8,28.08,15:10,11.88,0.0,13.0
2021-05-03,20.1,4.7,30.96,15:40,7.92,0.0,13.1
2021-05-04,19.6,5.3,32.04,15:10,6.84,0.0,12.7
2021-05-05,19.8,12.5,27.0,13:20,6.84,0.6,7.0
2021-05-06,18.8,12.4,38.88,Varias,12.96,1.6,3.7
2021-05-07,20.2,11.7,30.96,13:00,6.84,0.0,9.0
2021-05-08,20.9,10.0,48.96,14:00,11.16,11.6,11.7
2021-05-09,16.6,10.3,51.12,15:00,14.04,12.4,5.7
2021-05-10,14.3,7.8,33.12,18:20,9.0,16.8,2.9
2021-05-11,15.8,6.6,50.04,22:40,10.08,13.2,2.9
2021-05-12,16.1,11.3,56.88,04:30,11.16,23.4,5.8
2021-05-13,17.0,9.4,42.84,10:00,10.08,13.4,2.5
2021-05-14,16.5,6.6,32.04,13:50,6.84,8.2,3.1
2021-05-15,16.4,13.3,50.04,07:20,14.04,32.6,0.0
2021-05-16,18.1,11.1,47.88,01:20,10.08,0.0,5.2
2021-05-17,19.4,9.3,25.92,15:50,6.12,5.2,10.1
2021-05-18,19.7,10.3,47.16,08:10,11.88,1.0,7.8
2021-05-19,22.5,7.9,24.84,Varias,9.0,0.0,13.7
2021-05-20,22.4,9.3,29.88,14:40,7.92,2.2,11.9
2021-05-21,17.0,10.6,29.16,16:00,7.92,3.2,6.4
2021-05-22,16.8,8.9,34.92,13:00,9.0,0.0,9.4
2021-05-23,17.4,6.7,37.08,16:20,10.08,9.6,10.8
2021-05-24,18.2,9.9,39.96,01:00,11.88,0.0,10.0
2021-05-25,21.9,8.1,34.92,16:10,9.0,0.0,11.5
2021-05-26,23.3,9.0,24.84,15:50,6.84,0.0,12.1
2021-05-27,22.7,12.2,20.88,13:30,6.12,0.0,6.4
2021-05-28,22.8,12.1,29.16,14:10,7.92,0.0,13.7
2021-05-29,24.6,12.4,24.84,14:20,10.08,0.0,13.1
2021-05-30,26.1,11.6,25.92,15:20,5.04,0.0,13.6
2021-05-31,24.1,13.0,25.92,Varias,6.84,0.0,10.6
2021-06-01,19.0,14.5,45.0,12:20,10.08,0.0,2.8
2021-06-02,19.1,11.0,38.88,14:30,5.04,2.2,2.8
2021-06-03,20.5,8.7,30.96,18:20,11.16,0.0,12.7
2021-06-04,23.4,7.3,33.12,12:50,11.16,0.0,13.9
2021-06-05,25.3,8.9,23.04,15:00,3.96,0.0,13.9
2021-06-06,27.3,10.6,28.08,Varias,10.08,0.0,13.8
2021-06-07,23.7,11.0,24.84,15:30,9.0,0.0,13.3
2021-06-08,25.4,11.0,25.92,Varias,10.08,0.0,13.7
2021-06-09,28.5,11.8,25.92,19:10,10.08,0.0,13.7
2021-06-10,27.4,12.9,19.08,Varias,6.12,0.0,13.0
2021-06-11,30.0,15.4,36.0,15:00,9.0,0.0,13.6
2021-06-12,31.9,14.8,28.08,23:30,6.84,0.0,10.8
2021-06-13,28.0,19.0,32.04,14:00,9.0,0.2,9.5
2021-06-14,29.7,16.2,20.88,12:50,6.12,0.0,10.1
2021-06-15,32.3,17.7,34.92,21:10,6.12,0.0,10.0
2021-06-16,24.7,17.0,34.92,15:20,9.0,0.2,4.2
2021-06-17,18.4,13.6,33.12,17:30,6.12,12.8,0.0
2021-06-18,17.8,13.0,33.84,09:40,9.0,9.8,0.1
2021-06-19,17.2,12.7,32.04,16:30,5.04,6.6,0.0
2021-06-20,16.1,12.3,50.04,21:50,11.88,15.8,0.0
2021-06-21,19.5,13.3,32.04,14:00,9.0,3.0,4.3
2021-06-22,19.8,12.8,36.0,13:10,11.16,0.0,6.0
2021-06-23,22.4,10.7,37.08,12:50,11.88,0.0,12.9
2021-06-24,28.0,10.6,29.88,13:10,10.08,0.0,13.9
2021-06-25,29.2,12.9,23.04,12:40,6.12,0.0,13.9
2021-06-26,20.0,13.7,24.84,15:40,6.12,0.2,6.0
2021-06-27,19.9,12.3,33.12,Varias,11.16,0.0,11.1
2021-06-28,21.1,13.0,29.16,15:00,7.92,0.0,7.8
2021-06-29,22.8,11.0,33.84,12:50,10.08,0.0,13.7
2021-06-30,23.4,10.9,25.92,13:30,7.92,0.0,13.2
2021-07-01,22.7,12.2,25.92,16:20,6.84,0.0,10.4
2021-07-02,21.4,14.8,20.16,Varias,5.04,9.2,0.0
2021-07-03,21.5,15.8,29.88,16:00,6.84,0.4,5.7
2021-07-04,21.1,16.4,34.92,11:30,7.92,2.8,0.5
2021-07-05,19.2,15.7,47.88,13:10,11.16,6.0,0.7
2021-07-06,18.8,12.3,36.0,15:30,10.08,4.0,1.1
2021-07-07,21.4,13.9,29.88,13:40,7.92,0.2,7.7
2021-07-08,24.2,10.5,32.04,11:10,11.88,0.0,13.2
2021-07-09,28.0,11.1,29.16,15:30,9.0,0.0,13.3
2021-07-10,28.1,13.6,23.04,13:20,7.92,0.0,13.4
2021-07-11,25.1,14.8,33.12,15:00,7.92,0.2,10.9
2021-07-12,21.3,13.9,30.96,17:20,9.0,0.2,5.0
2021-07-13,22.0,12.0,23.04,12:30,6.84,0.0,1.5
2021-07-14,26.1,14.5,38.16,23:50,11.16,0.0,13.8
2021-07-15,31.3,15.6,43.92,03:30,10.08,0.0,13.8
2021-07-16,35.0,16.5,15.12,13:50,5.04,0.0,13.7
2021-07-17,33.0,18.9,24.84,16:50,5.04,0.0,13.7
2021-07-18,22.1,16.2,24.12,15:40,7.92,0.4,5.7
2021-07-19,22.7,16.0,21.96,16:10,6.12,0.4,5.4
2021-07-20,21.1,16.4,23.04,15:40,5.04,0.0,0.6
2021-07-21,24.1,16.8,24.12,15:00,5.04,0.0,7.7
2021-07-22,20.4,16.2,20.16,16:00,5.04,1.2,0.0
2021-07-23,21.0,16.0,42.84,13:20,11.88,11.8,6.7
2021-07-24,22.6,15.7,24.12,15:10,6.84,0.8,4.5
2021-07-25,24.0,13.9,24.12,Varias,6.12,0.0,5.8
2021-07-26,26.6,13.3,32.04,12:40,9.0,0.0,13.5
2021-07-27,25.6,13.6,29.16,12:30,9.0,0.0,10.7
2021-07-28,26.6,14.2,32.04,11:20,11.88,0.0,13.5
2021-07-29,27.0,12.7,28.08,12:20,9.0,0.0,13.4
2021-07-30,22.5,13.6,27.0,17:10,10.08,0.0,2.2
2021-07-31,22.6,12.2,32.04,Varias,9.0,0.0,7.1
2021-08-01,19.8,13.0,20.16,12:40,3.96,16.8,0.4
2021-08-02,25.4,13.1,33.84,14:50,9.0,0.0,13.3
2021-08-03,21.2,12.2,20.16,22:10,3.96,11.4,3.2
2021-08-04,22.5,16.8,28.08,Varias,7.92,0.0,8.8
2021-08-05,20.2,16.1,32.04,14:00,7.92,3.4,1.9
2021-08-06,21.8,15.3,33.84,13:20,10.08,15.8,6.0
2021-08-07,22.2,14.4,29.88,Varias,9.0,0.0,10.4
2021-08-08,23.6,11.6,27.0,14:10,6.84,0.0,11.8
2021-08-09,23.8,13.0,24.12,15:10,6.84,0.0,12.8
2021-08-10,26.0,13.1,24.84,15:50,6.12,0.0,13.0
2021-08-11,27.0,14.5,20.88,Varias,3.96,0.0,13.2
2021-08-12,26.5,15.0,24.12,16:00,5.04,0.0,13.0
2021-08-13,28.8,15.4,19.08,14:50,3.96,0.0,13.0
2021-08-14,27.5,15.6,25.92,21:00,6.12,0.0,13.1
2021-08-15,28.8,14.8,30.96,11:30,10.08,0.0,13.1
2021-08-16,27.1,14.3,33.84,22:10,15.12,0.0,13.0
2021-08-17,27.5,15.4,33.84,18:20,12.96,0.0,12.9
2021-08-18,27.3,14.4,37.08,16:10,10.08,0.0,12.7
2021-08-19,27.5,13.7,25.92,00:10,6.84,0.0,12.5
2021-08-20,23.0,13.2,27.0,16:00,6.84,0.0,9.7
2021-08-21,23.8,15.6,19.08,15:50,5.04,0.4,4.4
2021-08-22,29.7,14.9,24.12,14:50,5.04,0.0,11.6
2021-08-23,34.0,17.4,25.92,14:00,9.0,0.0,11.9
2021-08-24,33.7,16.1,20.88,14:20,5.04,0.0,12.4
2021-08-25,24.2,15.2,29.16,13:40,7.92,0.0,10.5
2021-08-26,23.9,15.7,21.96,Varias,3.96,0.0,4.7
2021-08-27,24.2,15.3,32.04,15:10,6.84,0.0,9.2
2021-08-28,23.1,14.6,24.12,13:40,6.12,0.0,
2021-08-29,22.8,16.8,20.16,15:20,3.96,0.0,
2021-08-30,24.2,15.4,20.88,Varias,5.04,0.0,7.3
2021-08-31,26.2,14.5,24.84,14:20,7.92,9.8,11.3
2021-09-01,24.7,16.7,24.84,13:20,6.12,0.0,
2021-09-02,23.3,16.8,20.88,Varias,6.84,0.0,5.3
2021-09-03,24.1,16.0,23.04,14:00,6.12,0.0,6.1
2021-09-04,24.0,13.2,24.84,14:40,7.92,0.0,11.4
2021-09-05,29.6,15.3,24.12,13:10,6.12,0.2,11.2
2021-09-06,26.1,18.9,29.88,11:40,5.04,12.8,5.2
2021-09-07,25.9,18.7,38.16,14:30,6.84,10.0,7.3
2021-09-08,22.4,18.4,32.04,11:50,9.0,5.8,1.4
2021-09-09,21.1,17.2,30.96,11:50,3.96,14.4,1.4
2021-09-10,23.9,15.6,25.92,15:20,5.04,0.0,8.7
2021-09-11,26.5,13.4,20.88,01:10,6.84,0.0,11.7
2021-09-12,26.4,17.3,18.0,14:50,2.88,0.0,8.2
2021-09-13,27.2,17.5,25.92,12:50,6.12,28.2,5.0
2021-09-14,25.7,15.8,23.04,12:00,5.04,0.6,11.4
2021-09-15,25.0,17.0,23.04,Varias,5.04,0.0,3.1
2021-09-16,26.2,14.7,27.0,Varias,11.16,0.0,11.6
2021-09-17,21.4,13.3,24.12,13:30,6.84,9.2,2.4
2021-09-18,21.9,11.3,24.12,12:30,6.84,0.0,
2021-09-19,22.7,11.2,29.16,18:20,12.96,0.0,
2021-09-20,22.7,12.6,42.12,15:00,10.08,0.0,9.0
2021-09-21,25.2,12.4,32.04,15:40,9.0,0.0,11.6
2021-09-22,24.3,14.3,33.84,11:40,7.92,0.0,6.7
2021-09-23,27.3,14.6,33.12,14:50,7.92,4.4,8.7
2021-09-24,25.4,15.7,21.96,02:00,5.04,4.4,
2021-09-25,21.6,15.2,30.96,14:30,6.12,0.0,
2021-09-26,21.3,16.2,33.84,16:40,7.92,10.4,
2021-09-27,23.2,13.6,28.08,03:10,6.12,0.0,3.8
2021-09-28,20.9,11.0,29.16,15:50,6.84,0.0,5.7
2021-09-29,22.8,12.0,23.04,15:50,7.92,0.0,8.8
2021-09-30,23.3,11.0,18.0,15:50,2.88,0.0,10.6
2021-10-01,20.5,12.9,15.12,22:20,3.96,2.4,2.7
2021-10-02,19.7,15.5,60.12,22:40,11.88,31.6,0.0
2021-10-03,18.7,11.0,42.12,01:20,6.12,4.2,9.8
2021-10-04,18.4,11.5,37.08,13:40,6.84,24.6,1.6
2021-10-05,21.2,14.4,21.96,00:20,6.12,0.2,6.8
2021-10-06,25.1,11.7,16.92,03:20,6.12,0.0,10.6
2021-10-07,25.8,14.6,16.92,16:00,6.12,0.0,10.4
2021-10-08,24.6,14.1,19.08,13:20,3.96,0.0,10.1
2021-10-09,23.7,12.4,16.92,11:50,6.12,0.0,9.3
2021-10-10,26.2,12.4,27.0,15:50,3.96,0.0,10.5
2021-10-11,28.1,13.5,21.96,01:40,6.84,0.0,10.2
2021-10-12,27.0,11.8,25.92,00:40,2.16,0.0,10.4
2021-10-13,25.7,11.8,27.0,01:50,2.88,0.0,10.9
2021-10-14,24.1,12.2,20.88,01:10,2.88,0.0,7.0
2021-10-15,21.7,9.6,20.16,07:10,5.04,0.0,10.2
2021-10-16,18.9,13.7,27.0,19:50,5.04,6.0,0.0
2021-10-17,23.0,15.7,18.0,10:50,3.96,16.0,4.5
2021-10-18,23.4,15.6,24.12,13:10,6.12,0.2,8.0
2021-10-19,26.7,15.0,39.96,12:10,6.84,10.8,10.2
2021-10-20,21.6,15.2,47.16,14:40,9.0,2.8,6.2
2021-10-21,17.9,10.7,21.96,12:20,5.04,0.0,4.2
2021-10-22,19.3,9.3,28.08,12:50,5.04,0.0,9.7
2021-10-23,17.1,8.2,16.92,05:00,2.88,0.0,
2021-10-24,16.1,8.5,20.88,04:00,5.04,3.2,
2021-10-25,19.7,10.6,16.92,22:50,6.12,0.0,2.5
2021-10-26,21.1,8.7,18.0,23:20,3.96,0.0,6.3
2021-10-27,21.7,10.1,21.96,01:40,5.04,0.0,10.0
2021-10-28,18.7,9.3,51.12,18:20,11.88,39.4,2.9
2021-10-29,18.2,12.8,47.88,22:10,7.92,16.6,2.3
2021-10-30,18.5,14.0,34.92,00:40,6.84,28.2,2.4
2021-10-31,18.5,12.8,48.96,05:10,7.92,7.6,0.0
2021-11-01,17.2,9.4,37.08,14:40,6.12,2.4,5.9
2021-11-02,15.9,8.5,38.16,12:10,6.84,17.8,1.1
2021-11-03,14.3,6.1,24.12,16:30,3.96,8.6,6.6
2021-11-04,14.8,5.2,34.92,13:20,6.84,0.0,8.1
2021-11-05,15.0,6.0,29.88,Varias,6.84,0.0,8.3
2021-11-06,15.8,5.4,20.88,15:10,3.96,0.0,9.1
2021-11-07,17.7,4.3,25.92,16:10,6.84,0.0,9.2
2021-11-08,19.6,9.9,24.12,00:50,3.96,0.0,5.1
2021-11-09,20.3,10.0,18.0,13:40,5.04,0.0,9.1
2021-11-10,19.5,8.2,18.0,23:20,2.88,0.0,9.6
2021-11-11,17.7,7.5,21.96,07:00,6.84,0.0,9.4
2021-11-12,17.6,5.0,23.04,13:30,2.88,0.0,9.2
2021-11-13,18.5,6.1,15.12,19:30,2.88,0.0,
2021-11-14,18.4,5.0,15.12,08:10,5.04,0.0,
2021-11-15,18.5,7.5,34.92,14:10,6.12,0.0,6.4
2021-11-16,17.6,8.8,29.88,15:20,6.12,0.0,6.0
2021-11-17,17.6,9.0,33.12,18:00,10.08,0.0,9.2
2021-11-18,17.6,6.1,20.88,14:50,6.84,0.0,8.5
2021-11-19,20.4,9.4,19.08,05:00,3.96,0.0,8.9
2021-11-20,20.1,10.3,18.0,03:40,2.16,0.0,
2021-11-21,17.0,7.8,20.88,Varias,7.92,0.0,
2021-11-22,11.3,6.3,39.96,13:00,11.16,0.0,4.4
2021-11-23,14.5,6.3,42.84,07:00,11.16,0.0,4.6
2021-11-24,11.9,7.4,34.92,11:30,6.12,4.0,0.4
2021-11-25,13.1,6.4,32.04,14:20,6.12,0.4,5.5
2021-11-26,12.4,6.0,33.12,04:30,7.92,1.2,5.1
2021-11-27,11.1,4.2,52.92,09:30,14.04,3.4,6.5
2021-11-28,9.9,2.1,19.08,06:00,1.08,4.2,0.9
2021-11-29,12.9,7.6,21.96,00:20,2.16,1.0,0.9
2021-11-30,14.8,6.9,15.12,Varias,3.96,2.6,7.6
2021-12-01,12.8,8.7,23.04,17:20,5.04,9.0,0.0
2021-12-02,11.7,5.2,34.92,13:00,7.92,0.0,5.3
2021-12-03,12.2,5.4,24.84,23:00,5.04,23.6,0.0
2021-12-04,14.8,8.6,41.04,05:00,6.12,0.2,3.6
2021-12-05,12.1,7.7,29.88,13:20,5.04,0.6,0.6
2021-12-06,12.3,9.1,12.96,Varias,2.16,53.0,0.0
2021-12-07,14.6,7.3,65.16,07:00,15.12,31.4,0.0
2021-12-08,11.1,6.4,48.96,14:30,7.92,9.8,2.3
2021-12-09,13.1,8.1,50.04,11:20,6.12,11.4,0.0
2021-12-10,14.7,10.7,38.16,07:50,11.16,1.3,3.1
2021-12-11,15.0,9.0,10.08,23:59,2.16,0.6,1.0
2021-12-12,14.7,6.4,18.0,23:00,2.88,0.0,6.7
2021-12-13,17.7,8.3,20.88,14:10,5.04,0.0,8.3
2021-12-14,17.3,7.4,20.88,01:00,5.04,0.0,8.5
2021-12-15,16.6,6.1,20.88,23:59,3.96,0.0,8.6
2021-12-16,16.1,6.8,23.04,21:30,2.16,0.0,8.8
2021-12-17,15.7,5.2,23.04,05:30,6.84,0.0,7.9
2021-12-18,14.6,5.2,24.84,07:40,6.12,0.0,
2021-12-19,15.6,5.3,18.0,22:50,5.04,0.0,
2021-12-20,16.0,10.7,21.96,13:00,6.84,6.4,0.8
2021-12-21,20.1,12.0,38.88,14:20,9.0,0.0,2.2
2021-12-22,17.3,13.7,42.12,07:00,10.08,23.4,1.9
2021-12-23,16.6,12.8,43.92,21:20,5.04,3.4,2.0
2021-12-24,13.9,11.4,51.12,05:40,11.88,34.8,0.0
2021-12-25,15.6,11.6,28.08,01:30,5.04,3.0,1.2
2021-12-26,16.0,11.9,63.0,23:50,6.84,18.0,0.0
2021-12-27,15.6,13.5,52.92,18:00,14.04,7.8,0.0
2021-12-28,17.2,14.6,50.04,14:00,9.0,4.8,1.0
2021-12-29,16.2,13.8,29.16,03:10,6.84,1.2,0.0
2021-12-30,15.8,11.2,24.12,16:20,5.04,0.0,6.6
2021-12-31,21.5,10.2,43.92,21:00,10.08,0.0,6.8
2022-01-01,23.2,14.8,57.96,14:00,15.12,7.6,4.1
2022-01-02,16.0,11.8,24.12,14:20,6.84,0.0,0.7
2022-01-03,14.8,10.5,37.08,17:50,9.0,20.0,0.2
2022-01-04,14.2,7.8,51.12,06:10,6.84,7.4,1.7
2022-01-05,12.7,6.1,34.92,16:30,3.96,16.2,1.2
2022-01-06,12.2,5.7,15.84,05:20,3.96,0.6,0.3
2022-01-07,12.9,6.3,21.96,12:30,6.12,0.0,4.8
2022-01-08,11.2,3.4,33.84,17:20,3.96,16.6,
2022-01-09,13.8,11.0,36.0,08:10,11.88,13.8,
2022-01-10,13.7,9.8,15.12,16:00,2.88,0.6,0.2
2022-01-11,15.9,8.1,24.12,15:10,5.04,0.0,9.0
2022-01-12,16.2,8.5,20.88,08:10,5.04,0.0,8.6
2022-01-13,15.1,4.7,28.08,08:40,6.12,0.0,9.0
2022-01-14,13.9,3.4,19.08,21:40,5.04,0.0,9.0
2022-01-15,12.1,2.9,24.84,05:20,6.84,0.0,
2022-01-16,15.8,8.1,15.84,10:00,6.12,0.4,
2022-01-17,16.4,6.9,20.88,04:00,6.12,0.0,7.9
2022-01-18,15.6,6.7,20.88,06:00,5.04,0.0,8.8
2022-01-19,15.1,3.4,19.08,01:50,2.88,0.0,8.0
2022-01-20,16.9,4.6,29.88,19:00,5.04,0.0,9.1
2022-01-21,14.4,5.7,20.88,02:10,6.84,0.0,8.3
2022-01-22,14.8,3.0,27.0,03:00,6.12,0.0,8.4
2022-01-23,14.4,2.4,21.96,00:10,5.04,0.0,8.4
2022-01-24,13.9,2.1,25.92,07:20,3.96,0.0,8.5
2022-01-25,15.2,3.1,20.88,21:30,5.04,0.0,8.3
2022-01-26,16.3,5.6,20.88,00:50,6.12,0.0,8.4
2022-01-27,17.9,3.9,19.08,01:10,2.16,0.0,8.4
2022-01-28,19.1,5.2,21.96,19:00,6.12,0.0,8.4
2022-01-29,19.0,4.8,25.92,22:40,3.96,0.0,8.7
2022-01-30,19.1,5.7,20.16,03:10,2.16,0.0,8.6
2022-01-31,16.5,3.2,39.96,18:20,7.92,0.0,9.1
2022-02-01,17.9,6.5,33.12,11:00,10.08,0.0,9.0
2022-02-02,19.7,8.5,29.16,17:00,2.16,0.0,9.0
2022-02-03,14.5,7.5,23.04,14:00,3.96,1.6,1.0
2022-02-04,13.2,8.4,20.88,02:00,2.16,1.2,0.0
2022-02-05,15.2,6.9,29.88,14:10,9.0,0.0,
2022-02-06,16.3,3.1,29.88,15:20,6.12,0.0,
2022-02-07,19.1,5.7,24.12,17:00,5.04,0.0,9.7
2022-02-08,19.7,6.2,23.04,23:40,2.88,0.0,9.8
2022-02-09,17.8,7.0,23.04,Varias,5.04,0.0,9.0
2022-02-10,18.0,8.0,20.16,Varias,7.92,1.2,2.5
2022-02-11,17.2,9.2,20.88,14:10,2.16,0.0,4.0
2022-02-12,14.5,6.3,23.04,17:00,2.88,0.0,
2022-02-13,14.6,7.1,56.88,12:00,12.96,20.6,
2022-02-14,13.4,5.5,41.04,15:40,6.84,4.8,5.2
2022-02-15,12.3,4.4,29.88,14:30,6.12,3.0,0.0
2022-02-16,15.1,11.0,33.84,14:40,6.84,5.2,0.1
2022-02-17,15.4,11.4,25.92,15:30,3.96,2.2,0.1
2022-02-18,12.5,5.9,29.88,09:20,7.92,2.6,0.1
2022-02-19,13.4,3.3,24.12,Varias,7.92,0.0,9.7
2022-02-20,15.9,6.4,25.92,13:00,9.0,0.0,7.9
2022-02-21,19.1,6.8,27.0,15:40,6.12,0.0,8.2
2022-02-22,20.3,7.0,21.96,19:40,3.96,0.0,10.2
2022-02-23,22.1,8.3,20.88,02:00,3.96,0.0,8.0
2022-02-24,15.6,6.4,42.12,12:20,9.0,0.0,6.2
2022-02-25,20.4,8.5,34.92,05:20,6.12,0.0,10.2
2022-02-26,17.2,6.2,24.84,16:40,6.12,0.0,9.9
2022-02-27,14.5,8.0,20.16,11:50,3.96,0.2,3.9
2022-02-28,16.5,7.8,20.88,13:40,6.12,0.0,2.9
2022-03-01,14.0,9.9,42.12,15:30,12.96,20.0,0.2
2022-03-02,13.4,9.8,39.96,13:10,6.12,15.0,0.0
2022-03-03,12.9,6.1,52.92,15:40,11.16,1.4,3.1
2022-03-04,14.1,3.6,29.88,11:30,3.96,0.0,10.2
2022-03-05,16.0,4.2,36.0,23:30,7.92,0.0,
2022-03-06,14.0,5.7,38.88,13:20,12.96,0.0,
2022-03-07,14.1,1.9,32.04,18:20,6.84,14.0,6.9
2022-03-08,15.2,7.7,38.16,13:50,9.0,4.8,5.3
2022-03-09,15.4,5.5,47.88,12:40,10.08,8.4,1.0
2022-03-10,15.2,3.6,57.96,22:30,14.04,16.6,2.3
2022-03-11,14.7,6.6,46.08,11:40,6.84,4.8,1.0
2022-03-12,12.9,6.5,47.88,11:40,10.08,9.4,
2022-03-13,12.5,5.1,37.08,Varias,6.12,13.0,
2022-03-14,17.5,7.0,32.04,14:10,9.0,0.4,0.6
2022-03-15,18.7,7.2,19.08,01:20,6.12,0.0,0.0
2022-03-16,15.2,10.1,51.12,18:00,11.88,0.0,2.7
2022-03-17,18.3,8.7,51.12,09:30,11.16,0.0,10.1
2022-03-18,21.9,6.6,25.92,Varias,5.04,0.0,11.1
2022-03-19,22.2,8.8,21.96,13:30,5.04,0.0,6.3
2022-03-20,21.2,12.7,24.84,11:00,5.04,0.0,5.0
2022-03-21,18.3,11.2,25.92,16:30,6.12,0.4,6.9
2022-03-22,15.9,10.6,36.0,18:20,6.12,8.0,1.2
2022-03-23,18.9,10.0,24.12,14:20,3.96,0.0,4.8
2022-03-24,24.9,10.6,28.08,11:50,9.0,0.0,10.3
2022-03-25,20.4,9.9,29.88,11:00,5.04,0.0,2.2
2022-03-26,19.8,13.0,15.12,01:10,3.96,0.0,2.4
2022-03-27,21.9,11.4,24.84,12:20,7.92,0.0,9.3
2022-03-28,21.5,12.0,20.16,14:00,3.96,1.0,6.3
2022-03-29,19.0,9.2,33.84,19:50,11.16,0.0,10.5
2022-03-30,17.4,6.0,27.0,16:50,6.84,4.6,7.2
2022-03-31,15.5,8.2,33.12,17:20,7.92,1.2,7.4
2022-04-01,13.4,4.5,41.04,15:50,10.08,0.0,9.3
2022-04-02,16.4,3.1,34.92,16:10,6.84,0.0,
2022-04-03,15.3,5.1,42.84,16:40,11.16,0.0,
2022-04-04,17.0,3.9,41.04,Varias,10.08,0.0,12.1
2022-04-05,20.8,0.9,33.84,14:40,10.08,0.0,12.4
2022-04-06,17.1,3.8,32.04,10:30,10.08,0.0,7.2
2022-04-07,14.5,11.5,42.12,23:59,9.0,2.2,0.0
2022-04-08,17.9,10.4,60.12,07:30,11.16,12.8,
2022-04-09,20.0,7.0,29.16,15:20,6.84,0.0,
2022-04-10,20.9,11.5,42.84,16:10,6.12,11.2,
2022-04-11,15.8,11.3,42.12,12:20,7.92,11.4,3.8
2022-04-12,16.2,11.0,38.16,13:00,11.16,16.0,4.5
2022-04-13,17.8,10.8,25.92,14:30,5.04,0.6,7.4
2022-04-14,19.1,8.5,24.12,15:40,7.92,0.0,12.1
2022-04-15,21.2,8.5,23.04,13:50,6.12,0.0,12.3
2022-04-16,20.0,9.0,23.04,14:40,6.84,0.0,10.6
2022-04-17,22.8,9.7,34.92,13:20,12.96,0.0,12.1
2022-04-18,16.3,9.8,45.0,12:10,15.12,0.0,6.2
2022-04-19,15.5,6.9,48.96,17:50,19.08,0.2,7.1
2022-04-20,17.0,5.5,42.12,14:50,12.96,0.0,11.4
2022-04-21,15.3,6.8,32.04,19:40,2.88,26.4,1.2
2022-04-22,12.4,7.2,27.0,11:40,5.04,10.2,2.4
2022-04-23,15.6,7.3,41.04,13:40,10.08,1.2,6.6
2022-04-24,17.2,10.6,28.08,15:10,6.12,0.2,4.8
2022-04-25,19.7,7.9,32.04,11:40,7.92,0.0,10.6
2022-04-26,16.8,11.0,30.96,17:20,9.0,4.0,3.0
2022-04-27,19.2,10.9,32.04,11:30,7.92,0.0,10.9
2022-04-28,22.5,8.1,30.96,15:20,9.0,0.0,13.3
2022-04-29,24.1,10.0,23.04,16:50,7.92,0.0,
2022-04-30,22.8,13.5,25.92,18:10,6.84,0.0,
2022-05-01,18.1,10.4,23.04,20:40,7.92,0.0,
2022-05-02,18.6,10.3,36.0,12:30,11.16,0.0,7.6
2022-05-03,21.8,10.1,39.96,16:00,10.08,0.0,13.0
2022-05-04,23.8,11.3,33.84,15:30,10.08,0.0,13.4
2022-05-05,24.4,8.6,24.84,14:30,6.12,0.0,13.6
2022-05-06,25.2,8.2,24.12,Varias,3.96,0.0,
2022-05-07,26.2,11.7,23.04,15:50,6.12,0.0,
2022-05-08,26.5,13.6,24.12,05:30,6.12,0.0,
2022-05-09,25.5,12.4,21.96,04:50,6.12,0.0,13.8
2022-05-10,23.4,10.2,20.16,12:50,7.92,0.0,13.8
2022-05-11,22.4,9.8,25.92,15:30,9.0,0.0,7.4
2022-05-12,26.4,13.2,27.0,12:00,5.04,0.0,10.2
2022-05-13,25.0,12.9,24.84,14:00,6.84,0.0,12.7
2022-05-14,30.8,15.3,34.92,19:10,5.04,1.0,9.7
2022-05-15,19.9,15.0,43.92,13:40,12.96,6.0,1.5
2022-05-16,22.2,14.3,42.12,18:30,9.0,8.6,3.1
2022-05-17,17.8,15.0,39.96,08:20,10.08,8.2,0.1
2022-05-18,21.0,12.5,24.84,11:40,6.12,0.4,4.2
2022-05-19,22.5,9.8,24.12,14:30,6.84,0.0,11.7
2022-05-20,28.8,11.9,30.96,15:00,9.0,0.0,13.3
2022-05-21,25.3,16.3,29.16,15:50,6.84,0.8,1.3
2022-05-22,20.7,15.2,29.88,17:00,6.12,2.2,1.5
2022-05-23,19.6,11.8,28.08,15:20,9.0,4.4,6.8
2022-05-24,19.0,10.0,29.88,16:30,3.96,0.8,4.4
2022-05-25,22.5,9.1,34.92,11:20,7.92,0.0,12.6
2022-05-26,29.1,11.4,29.16,17:20,6.84,0.0,14.1
2022-05-27,33.3,13.8,25.92,Varias,5.04,0.0,
2022-05-28,32.8,17.9,33.12,13:00,6.84,0.0,
2022-05-29,22.1,14.4,28.08,14:10,6.12,0.0,
2022-05-30,19.6,15.0,24.12,15:30,6.84,1.4,0.3
2022-05-31,20.0,14.9,20.88,16:20,2.88,15.2,0.0
2022-06-01,22.6,15.5,29.88,11:50,3.96,2.8,5.4
2022-06-02,22.2,15.1,28.08,11:50,6.84,2.4,6.6
2022-06-03,23.1,13.4,32.04,13:00,9.0,9.6,
2022-06-04,22.9,14.2,27.0,12:10,6.84,0.0,
2022-06-05,21.0,14.4,29.88,11:50,9.0,0.6,
2022-06-06,20.3,13.8,27.0,14:10,2.88,3.2,3.0
2022-06-07,22.9,12.0,28.08,Varias,10.08,10.8,6.6
2022-06-08,19.9,15.7,32.04,04:50,6.84,6.0,0.8
2022-06-09,26.3,16.6,20.16,Varias,6.12,0.0,11.4
2022-06-10,27.5,16.0,36.0,14:50,11.16,0.0,11.8
2022-06-11,29.5,16.4,39.96,06:50,11.88,0.0,13.9
2022-06-12,30.4,18.3,37.08,00:20,11.16,0.0,13.9
2022-06-13,31.6,16.4,20.88,17:20,3.96,0.0,13.8
2022-06-14,24.8,16.7,34.92,11:40,6.84,0.0,13.3
2022-06-15,27.9,15.5,50.04,18:50,6.12,1.0,3.7
2022-06-16,26.6,17.7,29.88,07:30,5.04,2.8,4.1
2022-06-17,24.2,16.7,37.08,12:00,7.92,0.0,8.3
2022-06-18,22.3,16.5,32.04,12:40,7.92,1.4,5.0
2022-06-19,18.1,12.5,29.88,12:20,6.12,2.4,0.7
2022-06-20,18.4,12.0,27.0,16:30,6.84,0.4,3.8
2022-06-21,17.8,12.7,16.92,13:40,3.96,26.2,0.0
2022-06-22,23.4,12.2,32.04,14:50,5.04,2.2,7.6
2022-06-23,18.9,14.3,30.96,15:50,5.04,2.8,0.6
2022-06-24,18.7,14.0,29.88,15:40,6.84,8.0,
2022-06-25,19.5,10.5,29.88,13:30,7.92,0.8,
2022-06-26,19.4,9.0,27.0,14:40,6.84,0.0,
2022-06-27,23.1,8.8,33.12,17:50,10.08,0.0,14.0
2022-06-28,22.6,9.4,29.16,17:30,6.84,2.6,12.5
2022-06-29,20.9,12.1,30.96,16:20,11.16,0.2,4.8
2022-06-30,21.8,10.7,29.88,14:50,6.84,0.0,12.6
2022-07-01,24.8,11.7,25.92,16:20,7.92,0.0,
2022-07-02,29.7,13.7,32.04,12:40,9.0,0.0,
2022-07-03,27.3,18.2,30.96,05:40,7.92,1.6,
2022-07-04,29.3,15.4,30.96,Varias,11.16,0.0,13.2
2022-07-05,30.0,16.8,38.88,18:10,11.16,0.0,13.5
2022-07-06,30.9,18.2,33.12,16:40,10.08,0.0,13.9
2022-07-07,33.4,16.5,30.96,14:20,9.0,0.0,13.9
2022-07-08,35.5,16.7,28.08,14:30,7.92,0.0,13.9
2022-07-09,34.3,19.2,27.0,15:00,3.96,0.0,13.9
2022-07-10,26.5,15.5,28.08,14:10,6.12,0.0,13.5
2022-07-11,24.2,15.2,21.96,13:50,3.96,0.0,9.3
2022-07-12,38.8,18.8,23.04,22:30,5.04,0.0,12.8
2022-07-13,37.7,24.9,24.84,22:00,3.96,0.0,12.0
2022-07-14,35.6,24.3,42.12,19:10,5.04,2.4,9.7
2022-07-15,29.6,17.8,33.84,04:10,6.12,0.0,11.0
2022-07-16,25.8,17.1,21.96,15:40,5.04,0.0,12.4
2022-07-17,26.7,17.9,19.08,10:30,6.12,0.0,12.4
2022-07-18,26.6,17.3,45.0,18:00,11.88,0.4,11.7
2022-07-19,22.4,17.4,38.16,11:30,10.08,0.0,3.6
2022-07-20,30.0,17.4,32.04,11:40,11.88,0.0,13.6
2022-07-21,29.1,15.6,28.08,22:20,5.04,0.0,13.4
2022-07-22,28.1,17.9,41.04,14:20,11.88,0.0,
2022-07-23,30.3,14.2,23.04,00:30,6.84,0.0,
2022-07-24,24.2,16.0,30.96,13:00,10.08,0.0,
2022-07-25,28.2,15.5,27.0,15:30,6.12,0.0,13.8
2022-07-26,28.2,15.6,28.08,12:00,6.84,0.0,13.4
2022-07-27,28.8,14.7,33.12,13:30,10.08,0.0,13.8
2022-07-28,25.1,15.5,28.08,15:20,7.92,0.0,8.9
2022-07-29,29.5,15.7,38.88,16:10,11.88,0.0,
2022-07-30,35.2,18.8,33.84,02:40,11.16,0.0,
2022-07-31,37.2,16.4,21.96,13:00,6.84,0.0,
2022-08-01,36.5,17.9,24.84,11:40,3.96,0.0,13.5
2022-08-02,27.1,18.1,24.84,12:30,3.96,0.0,13.3
2022-08-03,30.7,18.1,36.0,15:40,10.08,0.0,13.4
2022-08-04,31.3,19.1,38.88,22:20,11.88,0.0,12.7
2022-08-05,32.3,19.2,37.08,01:30,11.16,0.0,13.2
2022-08-06,26.0,16.7,23.04,13:10,5.04,0.0,12.3
2022-08-07,23.9,16.1,25.92,14:40,7.92,0.0,9.2
2022-08-08,24.4,15.6,21.96,13:00,6.12,0.0,10.5
2022-08-09,24.5,14.8,24.12,12:10,5.04,0.0,12.8
2022-08-10,26.5,15.9,29.16,14:40,5.04,0.0,8.2
2022-08-11,25.7,16.9,24.12,14:30,6.12,0.0,11.7
2022-08-12,27.1,16.0,29.88,16:20,7.92,0.0,12.4
2022-08-13,24.4,13.9,30.96,15:00,6.12,0.0,9.1
2022-08-14,24.3,16.5,28.08,15:10,6.84,0.0,7.7
2022-08-15,23.7,16.4,33.84,13:30,6.84,9.0,5.9
2022-08-16,21.7,15.5,37.08,13:40,7.92,6.0,2.9
2022-08-17,24.1,15.4,36.0,15:50,11.16,0.0,9.9
2022-08-18,27.6,11.8,30.96,Varias,6.84,0.0,12.9
2022-08-19,32.3,14.7,20.16,13:30,5.04,0.0,
2022-08-20,29.9,15.7,20.88,14:00,3.96,0.0,
2022-08-21,26.8,14.8,28.08,14:40,10.08,0.0,
2022-08-22,31.6,16.3,36.0,12:40,11.16,0.0,12.7
2022-08-23,33.5,17.8,42.12,01:00,5.04,0.0,12.9
2022-08-24,27.5,18.6,29.16,19:10,6.84,0.0,9.1
2022-08-25,29.6,19.7,41.04,22:10,14.04,0.0,4.8
2022-08-26,33.0,19.3,30.96,00:10,11.16,0.0,
2022-08-27,27.5,17.0,24.12,12:50,3.96,0.0,
2022-08-28,23.7,13.8,16.92,12:50,5.04,0.0,
2022-08-29,24.6,15.4,28.08,14:00,7.92,0.0,2.2
2022-08-30,24.8,13.9,23.04,17:10,5.04,0.0,5.1
2022-08-31,24.3,14.3,24.12,13:40,6.84,0.0,10.9
2022-09-01,23.8,14.6,21.96,13:10,7.92,1.0,4.8
2022-09-02,24.4,14.4,27.0,12:50,6.12,0.0,6.5
2022-09-03,24.0,11.0,30.96,15:00,6.84,0.0,11.1
2022-09-04,22.5,17.5,42.84,13:00,11.16,11.6,0.7
2022-09-05,24.1,17.1,39.96,08:10,11.88,4.6,5.8
2022-09-06,23.6,17.1,42.12,14:30,9.0,0.4,3.4
2022-09-07,21.3,16.5,30.96,13:00,7.92,5.4,2.1
2022-09-08,23.9,15.7,20.88,13:40,6.12,0.0,8.2
2022-09-09,25.2,14.8,20.88,14:20,6.84,0.0,11.8
2022-09-10,27.4,15.3,21.96,16:20,6.84,0.0,11.7
2022-09-11,27.6,15.4,25.92,15:30,6.84,0.6,10.3
2022-09-12,26.2,18.4,37.08,13:30,6.12,14.6,2.0
2022-09-13,23.3,18.0,45.0,06:10,11.88,27.8,2.3
2022-09-14,23.2,17.9,27.0,Varias,6.12,5.8,2.2
2022-09-15,27.5,17.8,20.88,16:10,6.84,4.2,8.1
2022-09-16,27.1,15.7,24.12,Varias,5.04,0.0,
2022-09-17,27.2,15.3,15.12,Varias,2.16,0.0,
2022-09-18,32.0,17.1,19.08,23:20,3.96,0.0,
2022-09-19,31.6,17.5,28.08,13:40,5.04,0.0,11.6
2022-09-20,30.7,16.8,19.08,04:10,3.96,0.0,11.5
2022-09-21,26.0,14.6,20.88,Varias,6.12,0.0,11.5
2022-09-22,24.0,12.2,21.96,13:20,6.84,0.0,10.7
2022-09-23,24.2,13.8,27.0,15:40,9.0,0.0,
2022-09-24,21.5,12.1,42.12,13:50,9.0,0.0,
2022-09-25,21.3,9.9,39.96,Varias,9.0,0.0,
2022-09-26,22.6,11.5,33.12,11:40,11.16,0.4,7.6
2022-09-27,23.1,11.9,29.16,15:10,7.92,0.0,5.7
2022-09-28,20.5,14.6,34.92,15:10,6.84,17.0,3.2
2022-09-29,19.4,11.9,33.84,15:20,7.92,0.2,4.4
2022-09-30,20.7,9.4,24.84,12:10,6.12,0.0,7.4
2022-10-01,23.6,12.1,19.08,16:30,3.96,0.0,8.9
2022-10-02,27.2,11.6,21.96,14:30,5.04,0.0,10.7
2022-10-03,27.1,14.7,19.08,00:20,6.12,0.0,10.2
2022-10-04,23.6,11.7,19.08,02:10,6.12,0.0,10.3
2022-10-05,23.0,11.1,23.04,15:00,7.92,0.0,6.5
2022-10-06,28.0,16.9,23.04,00:10,6.12,0.0,9.4
2022-10-07,25.8,14.8,23.04,17:00,5.04,0.0,10.2
2022-10-08,27.4,15.2,23.04,00:40,5.04,0.0,10.3
2022-10-09,19.0,13.3,24.12,17:00,5.04,7.2,0.7
2022-10-10,18.9,14.7,15.12,Varias,2.16,2.8,0.1
2022-10-11,25.4,12.2,15.12,15:00,5.04,0.0,10.5
2022-10-12,24.9,12.7,19.08,13:30,5.04,0.0,6.1
2022-10-13,22.1,13.6,16.92,12:20,6.12,2.0,3.8
2022-10-14,20.9,17.1,24.12,14:30,5.04,1.0,1.6
2022-10-15,18.9,15.9,23.04,14:30,2.88,2.0,
2022-10-16,17.3,13.3,55.08,07:10,12.96,44.8,
2022-10-17,21.0,13.6,27.0,15:20,3.96,0.0,1.5
2022-10-18,22.8,15.2,52.92,14:50,9.0,22.8,4.7
2022-10-19,19.1,14.5,45.0,01:30,12.96,6.0,4.4
2022-10-20,19.3,14.1,54.0,08:00,14.04,34.8,1.8
2022-10-21,19.8,15.2,42.12,06:20,11.88,15.8,2.8
2022-10-22,18.8,13.1,52.92,10:20,11.16,25.6,
2022-10-23,18.6,11.9,73.08,02:20,10.08,16.4,
2022-10-24,19.7,14.4,28.08,14:40,2.16,1.6,3.4
2022-10-25,19.0,15.3,57.96,10:30,15.84,5.8,1.0
2022-10-26,20.6,16.4,38.16,03:30,7.92,10.6,1.9
2022-10-27,22.8,17.7,51.12,Varias,12.96,12.6,4.7
2022-10-28,19.5,15.3,59.04,18:30,10.08,52.2,0.1
2022-10-29,18.2,13.2,57.96,05:20,6.12,4.8,2.4
2022-10-30,20.1,12.3,20.16,12:40,3.96,14.2,8.5
2022-10-31,18.1,10.5,52.92,06:50,9.0,7.4,4.0
2022-11-01,17.9,8.8,23.04,14:50,2.88,0.0,3.5
2022-11-02,16.6,10.1,33.12,22:20,6.12,3.4,0.0
2022-11-03,17.3,8.5,33.12,06:40,10.08,0.2,4.8
2022-11-04,16.7,8.1,19.08,Varias,6.12,0.0,5.3
2022-11-05,17.3,6.2,23.04,04:40,5.04,11.2,
2022-11-06,18.2,12.5,30.96,Varias,6.12,0.2,
2022-11-07,17.9,13.8,47.88,22:20,14.04,12.4,1.5
2022-11-08,17.6,12.9,43.92,00:30,9.0,17.4,0.0
2022-11-09,18.1,12.1,23.04,12:10,3.96,1.6,1.1
2022-11-10,19.7,12.1,19.08,22:30,2.88,0.2,5.1
2022-11-11,21.2,10.6,18.0,01:30,6.12,0.0,
2022-11-12,21.8,11.0,19.08,14:10,9.0,0.0,
2022-11-13,21.2,12.5,43.92,13:30,10.08,15.4,
2022-11-14,15.9,9.1,34.92,19:30,10.08,22.0,2.0
2022-11-15,15.7,12.0,55.08,05:20,6.84,13.2,2.2
2022-11-16,16.7,12.5,48.96,14:50,10.08,21.0,0.0
2022-11-17,16.9,10.1,41.04,11:20,9.0,9.0,2.4
2022-11-18,13.1,7.1,24.84,14:20,2.16,2.6,3.8
2022-11-19,11.0,6.5,15.12,07:50,2.16,17.6,0.0
2022-11-20,17.1,11.0,48.96,22:20,3.96,28.4,0.9
2022-11-21,16.0,8.3,55.08,12:10,18.0,21.2,3.0
2022-11-22,16.4,8.3,63.0,21:30,10.08,66.0,0.0
2022-11-23,16.8,12.5,56.88,00:10,7.92,25.8,4.3
2022-11-24,16.5,9.9,25.92,13:00,6.84,21.7,1.4
2022-11-25,16.0,7.5,20.88,20:20,5.04,0.0,7.4
2022-11-26,17.0,7.5,21.96,02:20,5.04,0.0,7.0
2022-11-27,13.2,7.9,27.0,10:50,3.96,18.8,0.2
2022-11-28,14.2,7.0,20.16,12:50,6.12,1.0,2.9
2022-11-29,14.8,7.9,18.0,08:10,0.0,3.6,0.1
2022-11-30,11.7,8.8,25.92,00:50,5.04,9.2,0.0
2022-12-01,15.7,5.4,16.92,Varias,5.04,0.0,7.8
2022-12-02,13.6,2.5,16.92,Varias,3.96,0.0,7.6
2022-12-03,12.5,2.4,25.92,13:10,7.92,0.0,7.6
2022-12-04,12.3,1.6,15.12,05:20,2.88,0.0,5.2
2022-12-05,17.4,7.3,25.92,12:50,9.0,0.0,4.0
2022-12-06,15.5,9.8,16.92,23:10,6.12,0.0,2.0
2022-12-07,17.4,8.0,20.88,18:10,5.04,5.0,5.9
2022-12-08,18.4,11.2,28.08,12:10,6.12,1.0,2.8
2022-12-09,15.6,9.3,36.0,19:30,7.92,0.0,4.7
2022-12-10,11.5,5.3,21.96,03:30,2.16,6.0,
2022-12-11,12.7,6.3,19.08,14:40,5.04,4.6,
2022-12-12,16.9,9.5,79.92,07:30,14.04,23.0,0.0
2022-12-13,16.6,13.6,29.88,05:40,6.84,9.6,0.0
2022-12-14,17.8,11.8,34.92,06:10,10.08,19.2,4.5
2022-12-15,12.9,9.9,24.84,09:40,6.12,8.0,0.0
2022-12-16,15.8,8.2,20.88,13:40,6.12,0.0,7.2
2022-12-17,14.1,9.7,23.04,14:20,6.12,0.6,
2022-12-18,16.5,10.6,66.96,14:20,11.88,5.0,
2022-12-19,16.4,13.1,63.0,05:00,21.96,101.8,0.0
2022-12-20,15.2,13.1,33.12,Varias,5.04,1.8,0.3
2022-12-21,16.4,12.7,45.0,12:30,10.08,8.2,0.0
2022-12-22,16.2,14.4,39.96,19:00,9.0,6.8,0.0
2022-12-23,16.9,13.1,51.12,12:20,14.04,8.6,0.0
2022-12-24,15.2,10.8,47.16,08:20,6.12,69.2,0.0
2022-12-25,14.0,10.8,42.12,05:50,6.84,8.6,0.2
2022-12-26,14.9,8.7,16.92,Varias,6.12,0.0,4.4
2022-12-27,14.1,7.0,19.08,07:30,5.04,0.2,6.6
2022-12-28,14.4,7.0,36.0,11:50,10.08,37.6,0.0
2022-12-29,13.8,11.6,38.16,22:00,3.96,31.0,0.0
2022-12-30,16.5,13.7,64.08,15:20,12.96,1.6,0.0
2022-12-31,18.0,11.0,83.88,12:50,20.88,46.0,0.0
2023-01-01,13.6,8.8,42.12,07:00,9.0,44.2,0.0
2023-01-02,12.7,5.7,19.08,23:50,3.96,0.8,5.3
2023-01-03,13.0,4.6,15.84,00:10,5.04,0.0,2.1
2023-01-04,14.8,8.7,15.84,22:10,2.16,0.0,3.1
2023-01-05,15.4,5.9,16.92,03:00,2.16,0.0,8.5
2023-01-06,13.5,5.2,43.92,21:20,7.92,18.8,5.1
2023-01-07,14.3,11.0,61.92,02:40,7.92,78.8,
2023-01-08,14.4,9.8,74.88,06:50,12.96,8.0,
2023-01-09,13.8,7.0,16.92,15:00,6.12,1.0,3.7
2023-01-10,14.2,10.2,41.04,23:00,6.84,19.1,0.0
2023-01-11,14.8,7.1,20.88,02:40,2.88,7.0,6.8
2023-01-12,12.4,6.3,24.84,17:40,6.84,2.9,0.0
2023-01-13,14.8,9.9,28.08,Varias,5.04,0.6,0.0
2023-01-14,14.8,10.4,48.96,16:50,14.04,5.0,
2023-01-15,,,0.0,,0.0,32.4,5.3
2023-01-16,12.7,10.8,69.84,23:59,20.16,51.0,0.0
2023-01-17,12.6,3.8,65.16,05:00,20.16,9.4,1.6
2023-01-18,10.1,3.3,38.16,Varias,2.88,4.0,5.2
2023-01-19,12.7,3.6,54.0,16:00,11.88,27.6,0.0
2023-01-20,14.7,11.8,15.12,14:40,3.96,0.6,1.5
2023-01-21,14.9,7.1,24.84,14:40,2.88,0.0,3.0
2023-01-22,12.5,3.8,23.04,17:50,6.12,0.0,5.4
2023-01-23,12.8,1.9,29.16,13:30,6.84,0.0,8.9
2023-01-24,11.5,5.1,55.08,12:30,10.08,0.0,8.4
2023-01-25,13.7,4.2,25.92,23:20,5.04,0.0,8.6
2023-01-26,11.1,5.6,42.84,14:30,6.12,2.8,1.5
2023-01-27,12.0,5.7,34.92,11:30,6.84,0.0,7.0
2023-01-28,12.1,2.6,45.0,13:10,9.0,0.0,6.6
2023-01-29,12.8,2.5,30.96,16:10,6.84,0.0,8.7
2023-01-30,12.1,1.3,20.88,23:00,3.96,0.0,8.7
2023-01-31,14.0,1.8,20.88,02:20,5.04,0.0,8.9
2023-02-01,14.2,2.1,18.0,14:00,3.96,0.0,9.5
2023-02-02,15.5,3.5,19.08,22:40,2.88,0.0,9.9
2023-02-03,17.4,4.0,20.16,00:50,3.96,0.0,9.8
2023-02-04,17.6,3.9,20.16,05:10,6.12,0.0,
2023-02-05,18.0,3.3,15.84,22:30,3.96,0.0,
2023-02-06,17.8,3.7,25.92,16:50,6.84,0.0,10.0
2023-02-07,14.2,3.7,48.96,18:10,11.88,0.4,9.8
2023-02-08,16.8,6.0,37.08,Varias,7.92,0.0,10.1
2023-02-09,17.4,3.6,21.96,14:30,6.12,0.0,10.0
2023-02-10,17.1,6.1,23.04,06:10,3.96,0.0,10.0
2023-02-11,18.0,3.7,21.96,05:20,5.04,0.0,
2023-02-12,18.0,6.6,21.96,14:50,6.12,0.0,
2023-02-13,19.4,10.7,18.0,12:30,5.04,0.0,2.9
2023-02-14,20.9,9.9,23.04,15:10,6.12,0.0,6.3
2023-02-15,20.6,9.6,24.12,03:00,6.12,0.0,9.4
2023-02-16,20.1,7.9,24.84,17:40,6.84,0.0,9.6
2023-02-17,23.1,7.4,20.88,07:30,5.04,0.0,9.7
2023-02-18,22.7,8.8,24.84,04:10,3.96,0.0,9.8
2023-02-19,22.2,9.7,19.08,22:20,6.12,0.0,9.0
2023-02-20,19.5,10.4,20.16,15:30,2.16,1.8,1.3
2023-02-21,15.6,11.1,24.84,14:30,5.04,2.0,2.1
2023-02-22,14.4,6.5,38.16,13:50,6.12,6.2,0.7
2023-02-23,10.8,1.9,33.12,02:10,6.12,0.4,6.8
2023-02-24,10.6,0.2,20.88,14:50,6.12,5.4,5.6
2023-02-25,10.5,4.1,16.92,Varias,2.88,0.4,0.5
2023-02-26,15.3,2.8,32.04,15:50,6.12,0.0,8.6
2023-02-27,13.2,4.4,34.92,06:40,11.16,0.0,10.1
2023-02-28,12.6,2.9,46.08,16:20,12.96,0.0,10.3
2023-03-01,11.8,0.9,29.88,12:40,9.0,0.0,9.3
2023-03-02,14.6,0.0,21.96,16:10,5.04,0.0,10.9
2023-03-03,16.0,2.1,21.96,16:20,6.12,0.0,
2023-03-04,18.4,3.4,25.92,23:59,3.96,0.0,
2023-03-05,12.7,5.0,25.92,Varias,3.96,2.6,
2023-03-06,16.7,8.9,23.04,15:20,5.04,3.0,3.3
2023-03-07,16.3,11.2,41.04,04:40,6.84,9.0,0.9
2023-03-08,16.2,13.8,54.0,07:10,14.04,8.0,0.0
2023-03-09,17.1,11.3,65.88,08:10,11.88,10.0,2.9
2023-03-10,16.6,12.4,39.96,14:20,7.92,1.8,0.4
2023-03-11,15.3,14.2,33.84,11:00,6.84,15.0,
2023-03-12,19.5,12.9,33.84,22:50,10.08,6.6,
2023-03-13,15.7,9.9,66.96,11:20,19.08,8.2,7.2
2023-03-14,16.3,8.8,33.12,15:00,6.12,0.4,7.2
2023-03-15,18.2,9.5,21.96,16:30,3.96,0.0,10.6
2023-03-16,15.0,7.9,36.0,16:20,5.04,23.8,1.9
2023-03-17,15.0,10.5,43.92,17:40,11.16,18.2,2.6
2023-03-18,15.9,10.7,37.08,02:20,6.84,0.8,4.3
2023-03-19,17.8,7.4,20.16,14:50,5.04,0.0,11.1
2023-03-20,17.4,7.3,29.88,12:10,7.92,0.8,9.5
2023-03-21,17.9,9.9,27.0,16:10,6.84,0.0,9.2
2023-03-22,15.8,10.0,39.96,13:40,11.88,2.4,0.5
2023-03-23,14.2,12.4,48.96,16:30,12.96,20.0,0.0
2023-03-24,16.6,9.9,33.12,10:10,6.84,3.0,8.7
2023-03-25,15.4,7.3,50.04,15:20,6.84,3.4,4.1
2023-03-26,17.6,8.2,32.04,13:40,7.92,0.0,9.8
2023-03-27,21.1,5.6,28.08,14:20,6.12,0.0,10.1
2023-03-28,21.1,10.0,29.88,13:10,3.96,0.0,10.7
2023-03-29,23.0,14.2,56.16,12:40,10.08,0.6,5.3
2023-03-30,18.3,13.1,48.96,15:10,11.16,3.8,2.5
2023-03-31,17.8,11.7,39.96,00:10,11.16,4.4,4.7
2023-04-01,17.0,8.2,28.08,18:20,6.84,1.4,
2023-04-02,20.5,5.2,27.0,14:30,6.12,0.0,
2023-04-03,16.5,6.9,23.04,Varias,5.04,0.2,0.0
2023-04-04,24.0,6.9,33.84,13:50,11.16,0.0,11.8
2023-04-05,22.4,7.7,21.96,14:50,7.92,0.0,8.0
2023-04-06,25.5,6.6,30.96,14:50,9.0,0.0,12.2
2023-04-07,24.1,11.1,24.12,15:00,6.84,0.0,
2023-04-08,24.5,9.8,23.04,03:20,5.04,0.0,
2023-04-09,19.6,9.0,24.84,15:50,10.08,0.0,
2023-04-10,18.8,10.1,27.0,Varias,6.84,1.8,3.7
2023-04-11,18.0,11.6,34.92,14:50,9.0,8.6,8.5
2023-04-12,15.6,6.5,41.04,06:50,15.12,2.6,8.7
2023-04-13,14.2,5.4,38.88,13:40,11.16,26.2,2.6
2023-04-14,18.0,10.4,34.92,08:30,7.92,13.2,5.5
2023-04-15,21.1,10.5,23.04,13:00,6.84,0.0,9.4
2023-04-16,23.8,8.4,24.12,14:00,6.12,0.0,12.4
2023-04-17,27.4,12.3,23.04,16:20,7.92,0.0,12.4
2023-04-18,25.4,10.7,25.92,14:00,6.12,0.0,12.4
2023-04-19,21.3,9.7,29.88,13:40,6.12,0.0,11.7
2023-04-20,19.0,10.5,28.08,13:40,9.0,0.0,6.1
2023-04-21,15.4,8.4,19.08,09:50,6.12,22.8,4.2
2023-04-22,19.8,9.6,45.0,20:00,9.0,10.4,7.8
2023-04-23,16.5,14.5,43.92,03:50,9.0,10.0,0.1
2023-04-24,19.6,13.9,32.04,15:00,9.0,0.4,4.7
2023-04-25,19.5,13.0,28.08,14:50,5.04,0.6,0.8
2023-04-26,21.8,14.4,19.08,16:30,5.04,0.0,2.9
2023-04-27,24.0,12.9,16.92,12:30,5.04,0.0,9.7
2023-04-28,23.2,12.8,21.96,14:10,5.04,0.0,
2023-04-29,20.5,14.7,19.08,Varias,5.04,1.0,
2023-04-30,24.6,11.9,25.92,14:50,5.04,0.0,
2023-05-01,24.5,10.2,24.12,Varias,3.96,0.0,10.6
2023-05-02,28.1,11.8,21.96,22:50,3.96,0.0,10.9
2023-05-03,25.6,14.9,45.0,13:20,6.84,12.6,5.1
2023-05-04,20.6,13.8,38.88,13:50,10.08,1.4,7.4
2023-05-05,21.7,13.4,41.04,15:10,11.16,30.0,
2023-05-06,21.5,13.4,28.08,12:40,7.92,0.0,
2023-05-07,22.1,11.4,27.0,Varias,7.92,0.0,
2023-05-08,22.4,11.9,30.96,15:20,6.12,5.4,4.4
2023-05-09,22.1,11.1,30.96,Varias,11.88,0.6,5.1
2023-05-10,19.8,8.8,33.84,18:50,10.08,0.0,8.6
2023-05-11,20.5,8.4,42.12,15:00,11.16,0.0,11.9
2023-05-12,18.8,9.7,42.84,12:10,11.16,0.0,8.9
2023-05-13,20.2,7.6,34.92,15:30,10.08,0.0,10.7
2023-05-14,23.0,11.8,41.04,15:20,11.16,0.0,11.4
2023-05-15,21.7,12.0,42.84,15:20,11.16,0.0,11.6
2023-05-16,24.1,10.8,33.12,00:50,10.08,0.0,9.3
2023-05-17,26.4,10.3,33.84,15:30,7.92,0.0,13.1
2023-05-18,23.2,9.9,41.04,Varias,12.96,0.0,13.4
2023-05-19,22.4,11.4,47.16,18:47,11.16,0.0,12.6
2023-05-20,23.1,12.0,41.04,10:00,11.88,0.0,12.6
2023-05-21,23.7,11.7,41.04,19:40,12.96,0.0,13.5
2023-05-22,26.2,13.5,37.08,18:30,9.0,0.0,13.6
2023-05-23,27.9,15.0,39.96,20:30,10.08,0.0,11.7
2023-05-24,,15.0,28.08,11:00,6.84,0.0,11.8
2023-05-25,28.9,13.2,47.88,21:00,9.0,0.0,13.6
2023-05-26,26.5,11.4,47.16,01:40,6.84,2.8,
2023-05-27,24.9,14.2,24.12,13:30,2.88,1.4,
2023-05-28,22.4,15.2,23.04,12:10,3.96,3.8,
2023-05-29,22.2,15.1,27.0,14:50,6.12,3.4,0.8
2023-05-30,23.5,14.8,21.96,14:10,7.92,0.2,2.7
2023-05-31,24.8,14.5,28.08,14:40,6.84,0.4,6.2
2023-06-01,24.8,14.2,29.16,14:20,5.04,1.0,6.6
2023-06-02,24.6,13.5,23.04,15:00,6.84,0.0,
2023-06-03,25.5,14.4,27.0,12:50,6.12,0.0,
2023-06-04,24.6,14.8,25.92,13:20,5.04,0.0,
2023-06-05,25.2,12.5,27.0,14:30,5.04,0.0,13.2
2023-06-06,31.8,15.2,45.0,23:50,6.12,8.6,4.2
2023-06-07,22.8,17.8,37.08,00:10,3.96,24.6,0.1
2023-06-08,24.5,16.8,30.96,14:50,2.88,18.6,3.5
2023-06-09,21.8,16.9,33.12,13:00,9.0,3.6,1.5
2023-06-10,23.2,15.3,27.0,14:20,6.12,3.2,6.4
2023-06-11,24.0,13.1,29.16,17:00,6.84,0.4,11.2
2023-06-12,25.3,15.1,33.84,15:10,9.0,3.8,6.4
2023-06-13,25.0,15.5,28.08,13:30,5.04,0.8,5.3
2023-06-14,25.0,14.1,25.92,15:50,6.12,0.0,13.1
2023-06-15,28.8,14.6,20.88,15:50,6.84,0.0,13.7
2023-06-16,26.8,18.2,20.88,16:00,3.96,0.0,10.6
2023-06-17,25.6,17.4,29.88,14:10,6.84,3.8,10.7
2023-06-18,23.4,16.5,34.92,13:00,10.08,4.0,4.7
2023-06-19,21.3,15.0,20.16,18:50,3.96,38.0,2.4
2023-06-20,23.9,12.8,32.04,11:40,6.84,0.0,10.2
2023-06-21,27.4,13.3,23.04,15:30,10.08,0.0,5.9
2023-06-22,26.1,14.4,23.04,14:20,6.12,0.0,12.9
2023-06-23,30.5,15.4,15.12,Varias,5.04,0.0,
2023-06-24,30.1,18.7,24.12,18:00,6.84,0.0,
2023-06-25,30.6,15.5,30.96,17:50,11.88,0.0,
2023-06-26,29.3,16.9,29.16,11:50,11.16,0.0,10.3
2023-06-27,31.5,17.4,29.16,13:50,10.08,0.0,12.5
2023-06-28,29.5,14.3,33.12,14:40,11.16,0.0,8.7
2023-06-29,23.3,14.9,45.0,12:50,11.88,0.0,4.2
2023-06-30,26.8,13.0,37.08,16:00,7.92,0.0,
2023-07-01,30.5,16.7,38.88,19:10,11.88,0.0,13.9
2023-07-02,32.8,17.7,33.84,12:00,12.96,0.0,13.9
2023-07-03,30.3,15.3,29.16,12:40,9.0,0.0,13.9
2023-07-04,25.2,15.2,24.84,17:20,6.84,0.0,9.9
2023-07-05,27.2,14.9,27.0,12:30,6.84,0.0,8.3
2023-07-06,26.4,14.3,29.88,14:10,6.84,0.0,13.9
2023-07-07,27.1,13.0,42.12,13:10,12.96,4.4,11.3
2023-07-08,24.6,15.1,38.16,13:30,9.0,0.0,9.2
2023-07-09,25.1,13.8,23.04,13:20,9.0,0.0,13.0
2023-07-10,27.2,12.7,24.84,13:50,7.92,0.0,13.8
2023-07-11,26.5,14.8,28.08,14:30,6.84,0.0,11.5
2023-07-12,26.6,16.6,25.92,14:00,6.84,0.2,10.6
2023-07-13,27.4,13.2,25.92,13:20,6.84,0.0,13.8
2023-07-14,22.3,14.8,29.16,16:20,6.12,7.8,1.3
2023-07-15,23.8,13.7,29.16,Varias,10.08,0.4,10.3
2023-07-16,25.0,11.3,29.16,14:50,9.0,0.0,12.4
2023-07-17,31.3,12.5,23.04,14:20,6.12,0.0,13.6
2023-07-18,27.9,15.7,27.0,18:10,7.92,0.0,13.7
2023-07-19,29.2,14.8,30.96,16:30,11.16,0.0,13.7
2023-07-20,28.0,13.8,29.88,14:50,6.12,0.0,11.6
2023-07-21,26.9,15.3,27.0,13:50,9.0,0.0,10.9
2023-07-22,27.3,14.6,33.12,16:10,11.88,0.0,13.4
2023-07-23,24.0,12.4,30.96,16:30,9.0,3.2,7.9
2023-07-24,24.0,15.1,27.0,15:30,6.84,0.0,5.9
2023-07-25,24.9,13.0,27.0,17:50,11.16,0.0,11.5
2023-07-26,30.6,14.2,25.92,15:20,6.12,0.0,13.6
2023-07-27,24.8,16.6,25.92,16:50,5.04,0.0,4.0
2023-07-28,21.7,17.5,29.16,23:40,2.88,12.0,0.0
2023-07-29,27.0,16.4,27.0,16:40,6.84,0.0,9.8
2023-07-30,27.1,14.0,25.92,14:00,6.84,0.0,13.4
2023-07-31,27.9,12.8,25.92,16:40,7.92,3.0,12.0
2023-08-01,23.4,18.1,23.04,13:40,5.04,4.4,3.0
2023-08-02,25.0,16.7,29.16,18:10,11.16,5.6,7.1
2023-08-03,24.6,13.6,34.92,12:50,11.16,0.0,10.8
2023-08-04,27.0,12.2,30.96,12:50,11.88,0.0,13.3
2023-08-05,30.4,11.6,30.96,15:20,7.92,0.0,13.0
2023-08-06,30.9,16.6,33.84,13:00,10.08,0.0,12.9
2023-08-07,35.5,13.9,28.08,14:40,7.92,0.0,12.9
2023-08-08,32.7,17.2,23.04,00:20,2.88,0.0,13.0
2023-08-09,26.6,16.9,39.96,16:30,9.0,0.0,7.6
2023-08-10,27.2,18.1,24.84,14:40,5.04,0.0,9.6
2023-08-11,29.8,16.7,28.08,16:40,6.12,0.6,8.6
2023-08-12,28.8,17.6,29.88,12:00,6.12,0.0,11.4
2023-08-13,28.9,14.1,28.08,10:40,6.12,0.0,12.8
2023-08-14,27.7,13.8,28.08,15:30,10.08,0.0,12.7
2023-08-15,30.5,15.1,28.08,17:50,9.0,0.0,12.6
2023-08-16,28.3,14.4,24.84,13:40,6.12,0.0,12.6
2023-08-17,25.5,15.4,23.04,14:10,6.12,0.0,7.0
2023-08-18,26.7,19.7,42.84,14:30,12.96,47.4,1.1
2023-08-19,25.0,16.5,19.08,16:00,3.96,3.0,4.8
2023-08-20,28.9,15.4,25.92,15:50,6.84,0.0,12.6
2023-08-21,31.3,16.9,19.08,13:50,2.88,0.0,12.3
2023-08-22,37.5,18.3,16.92,22:40,3.96,0.0,11.8
2023-08-23,35.7,19.1,24.12,16:00,5.04,0.0,11.8
2023-08-24,25.7,18.0,21.96,13:30,6.12,0.0,7.7
2023-08-25,25.2,15.5,32.04,15:30,9.0,0.0,9.7
2023-08-26,23.5,12.6,36.0,15:20,7.92,0.0,9.1
2023-08-27,24.1,11.9,37.08,15:10,10.08,0.0,11.0
2023-08-28,25.4,14.3,39.96,17:40,11.16,0.0,5.8
2023-08-29,25.4,15.5,28.08,17:30,6.12,0.0,6.2
2023-08-30,26.4,14.2,29.16,11:50,10.08,0.0,11.5
2023-08-31,27.8,15.4,24.84,14:30,6.12,0.0,12.1
2023-09-01,24.5,14.6,23.04,Varias,5.04,2.8,5.3
2023-09-02,23.5,12.5,32.04,18:30,5.04,0.2,6.8
2023-09-03,27.9,16.8,25.92,21:30,3.96,2.6,1.8
2023-09-04,25.5,17.3,39.96,20:30,2.88,20.2,4.1
2023-09-05,25.6,16.9,39.96,07:40,10.08,0.0,4.3
2023-09-06,28.4,16.5,28.08,15:30,7.92,0.0,9.9
2023-09-07,27.8,15.6,29.88,11:30,5.04,0.0,8.8
2023-09-08,29.2,16.0,28.08,13:50,2.88,12.6,11.7
2023-09-09,23.4,15.9,42.84,00:20,3.96,4.2,3.6
2023-09-10,25.8,14.8,27.0,15:20,6.84,0.0,10.7
2023-09-11,25.0,15.1,23.04,14:20,6.12,0.0,10.9
2023-09-12,27.0,14.1,25.92,Varias,5.04,0.0,11.5
2023-09-13,30.1,14.4,24.84,Varias,5.04,0.0,11.2
2023-09-14,31.2,15.3,20.88,14:20,2.88,0.0,11.5
2023-09-15,24.8,15.9,29.16,14:30,6.12,2.2,8.8
2023-09-16,26.4,15.8,34.92,11:40,6.12,1.4,6.0
2023-09-17,21.3,16.0,57.96,11:00,19.08,32.8,2.0
2023-09-18,23.8,15.3,25.92,00:20,6.12,0.6,7.9
2023-09-19,24.2,11.6,20.88,16:10,7.92,0.6,11.0
2023-09-20,24.0,14.0,43.92,21:50,7.92,14.6,3.3
2023-09-21,21.3,13.0,33.12,Varias,6.84,0.4,6.1
2023-09-22,22.1,12.1,28.08,14:30,6.12,0.4,8.5
2023-09-23,24.1,9.8,21.96,03:40,6.12,0.0,11.1
2023-09-24,24.0,11.3,24.12,12:50,5.04,0.0,10.3
2023-09-25,26.5,13.7,20.88,14:20,3.96,0.0,10.3
2023-09-26,25.2,15.5,20.16,15:30,6.12,0.0,9.5
2023-09-27,22.8,13.6,16.92,11:10,6.12,0.2,4.0
2023-09-28,23.6,17.6,29.16,11:00,5.04,0.2,1.4
2023-09-29,29.5,16.3,20.16,23:20,2.88,0.0,10.7
2023-09-30,34.5,17.4,21.96,22:00,5.04,0.0,10.8
2023-10-01,28.4,17.8,21.96,02:20,3.96,0.0,10.5
2023-10-02,25.7,14.8,33.84,13:50,6.84,0.0,6.6
2023-10-03,24.9,15.8,33.12,15:10,6.84,0.0,9.1
2023-10-04,27.6,13.6,15.84,15:20,2.16,0.0,10.6
2023-10-05,22.7,13.7,19.08,14:50,6.12,0.0,5.2
2023-10-06,30.8,11.0,20.88,20:40,3.96,0.0,10.1
2023-10-07,32.7,18.2,20.88,02:20,3.96,0.0,10.2
2023-10-08,28.8,17.0,23.04,23:10,3.96,0.0,10.2
2023-10-09,33.6,16.3,25.92,04:00,2.88,0.0,10.3
2023-10-10,30.8,16.4,24.84,22:50,3.96,0.0,10.1
2023-10-11,28.3,15.6,27.0,04:30,3.96,0.0,7.7
2023-10-12,27.6,14.9,27.0,13:30,6.12,2.8,5.1
2023-10-13,21.5,15.2,50.04,15:40,7.92,13.0,0.1
2023-10-14,23.5,13.9,21.96,15:10,6.12,2.4,9.9
2023-10-15,18.1,14.8,24.12,20:10,2.88,11.0,0.0
2023-10-16,22.7,16.8,57.96,23:20,11.88,10.8,0.0
2023-10-17,23.8,17.4,77.04,10:20,16.92,36.6,0.0
2023-10-18,20.7,14.9,51.12,17:40,11.16,49.0,2.1
2023-10-19,19.2,13.3,54.0,23:30,11.16,73.6,1.9
2023-10-20,17.7,10.0,64.08,03:20,15.12,5.0,4.2
2023-10-21,17.5,9.0,24.84,13:50,2.88,0.8,4.1
2023-10-22,16.4,11.0,18.0,04:50,3.96,10.0,0.2
2023-10-23,19.0,10.5,34.92,12:20,5.04,11.8,5.2
2023-10-24,18.8,10.5,33.84,06:40,7.92,13.6,0.8
2023-10-25,18.9,14.5,42.12,16:30,10.08,65.8,0.0
2023-10-26,18.4,12.5,42.12,13:20,7.92,57.0,2.7
2023-10-27,17.1,11.8,45.0,13:30,9.0,30.4,1.0
2023-10-28,17.9,12.7,59.04,13:20,12.96,52.0,0.1
2023-10-29,15.7,10.2,47.88,08:10,9.0,17.8,0.7
2023-10-30,16.9,10.0,45.0,12:00,10.08,17.6,4.4
2023-10-31,18.9,11.3,47.88,23:59,10.08,0.0,3.3
2023-11-01,17.0,12.2,69.84,21:30,11.88,0.0,0.1
2023-11-02,14.3,9.1,95.04,08:30,18.0,19.8,2.4
2023-11-03,15.1,11.0,45.0,23:40,11.16,52.6,2.2
2023-11-04,16.7,10.9,74.88,Varias,21.96,10.8,2.6
2023-11-05,15.2,8.6,57.96,01:40,10.08,18.6,2.4
2023-11-06,14.1,6.6,29.16,14:30,5.04,0.0,5.4
2023-11-07,15.7,8.5,23.04,03:20,2.88,0.0,4.1
2023-11-08,15.2,10.7,38.88,06:10,10.08,27.8,0.0
2023-11-09,16.8,8.7,29.16,17:20,6.12,4.2,2.7
2023-11-10,16.6,10.9,42.12,20:10,5.04,45.0,0.0
2023-11-11,18.1,16.1,43.92,18:30,9.0,7.4,0.0
2023-11-12,22.3,15.2,45.0,23:00,6.84,1.4,4.2
2023-11-13,18.2,16.6,41.04,00:30,12.96,0.2,0.0
2023-11-14,18.6,14.8,37.08,00:50,10.08,0.0,0.0
2023-11-15,18.6,13.0,33.12,21:50,6.12,0.0,0.5
2023-11-16,18.5,12.1,29.88,04:50,3.96,0.0,6.8
2023-11-17,19.3,9.7,20.16,13:30,5.04,0.0,8.0
2023-11-18,20.8,12.9,19.08,14:30,2.88,0.0,3.2
2023-11-19,20.1,12.0,20.16,14:20,5.04,0.0,7.6
2023-11-20,17.6,8.5,34.92,11:30,11.16,0.0,6.0
2023-11-21,14.2,7.4,41.04,11:00,9.0,0.0,7.0
2023-11-22,16.0,5.7,33.84,19:30,6.12,0.0,5.9
2023-11-23,20.3,7.5,23.04,07:50,6.84,0.0,
2023-11-24,16.9,6.5,25.92,02:00,5.04,0.0,8.2
2023-11-25,15.3,4.9,23.04,03:40,3.96,0.0,7.5
2023-11-26,14.1,7.9,20.16,06:00,3.96,0.0,0.0
2023-11-27,13.8,10.8,11.88,Varias,2.88,6.4,0.0
2023-11-28,14.7,12.7,20.88,11:20,2.88,15.2,0.1
2023-11-29,16.1,13.0,34.92,14:30,6.84,28.0,0.0
2023-11-30,13.0,6.8,19.08,06:50,5.04,5.8,0.3
2023-12-01,12.7,6.2,24.84,15:50,2.88,2.0,4.4
2023-12-02,12.5,4.3,19.08,08:20,3.96,0.0,6.7
2023-12-03,12.1,6.6,57.96,19:00,10.08,33.0,0.3
2023-12-04,13.4,6.5,41.04,02:10,7.92,1.2,4.3
2023-12-05,11.8,3.6,23.04,09:30,2.88,0.0,2.3
2023-12-06,10.6,3.1,24.12,20:10,5.04,33.2,0.0
2023-12-07,15.9,8.5,39.96,14:50,6.12,50.6,0.0
2023-12-08,14.5,8.7,33.84,Varias,5.04,8.2,2.8
2023-12-09,16.9,12.3,38.16,11:40,6.84,24.4,0.0
2023-12-10,17.6,15.4,46.08,09:00,11.88,3.4,0.0
2023-12-11,17.2,14.7,41.04,08:30,12.96,0.0,0.0
2023-12-12,16.0,10.0,37.08,02:10,5.04,0.0,0.0
2023-12-13,13.8,7.7,28.08,13:50,5.04,0.6,4.4
2023-12-14,13.3,5.9,20.16,16:20,5.04,0.0,6.3
2023-12-15,15.4,5.9,16.92,23:30,1.08,0.0,6.9
2023-12-16,14.1,4.7,21.96,23:40,3.96,0.0,6.8
2023-12-17,12.3,2.6,23.04,01:50,6.12,0.0,6.8
2023-12-18,10.7,1.2,20.88,03:10,3.96,0.0,6.8
2023-12-19,12.0,1.7,21.96,05:30,2.88,4.2,5.6
2023-12-20,13.4,8.8,36.0,08:00,10.08,0.0,4.8
2023-12-21,14.2,7.9,23.04,15:20,5.04,0.0,1.3
2023-12-22,14.7,6.9,32.04,13:40,7.92,0.0,6.7
2023-12-23,13.8,5.5,20.88,21:50,6.12,0.0,6.8
2023-12-24,13.5,5.0,15.84,Varias,2.88,0.0,6.6
2023-12-25,12.7,3.4,21.96,02:20,3.96,0.0,6.8
2023-12-26,13.6,7.9,28.08,16:20,6.12,0.0,1.0
2023-12-27,14.3,12.1,47.16,07:50,15.84,15.4,0.6
2023-12-28,12.7,10.8,36.0,06:20,6.84,25.2,0.0
2023-12-29,11.9,7.9,18.0,23:50,2.16,1.4,0.0
2023-12-30,13.0,7.1,48.96,21:00,6.84,15.0,1.5
2023-12-31,12.3,7.0,41.04,03:50,5.04,0.0,2.0
2024-01-01,12.8,6.5,39.96,19:50,9.0,0.4,1.9
2024-01-02,15.6,11.3,55.08,10:20,14.04,19.4,0.0
2024-01-03,14.1,11.0,20.16,01:50,5.04,0.0,0.0
2024-01-04,13.1,7.0,34.92,06:50,7.92,0.0,0.4
2024-01-05,10.4,4.3,25.92,13:40,2.16,1.2,2.8
2024-01-06,11.5,3.2,20.16,22:00,5.04,0.0,6.2
2024-01-07,11.0,1.7,16.92,23:30,2.16,0.0,7.0
2024-01-08,6.5,0.8,21.96,01:10,3.96,3.0,0.0
2024-01-09,8.9,5.5,15.84,04:20,6.12,12.0,0.0
2024-01-10,11.1,5.4,14.04,21:10,3.96,7.2,0.0
2024-01-11,10.5,4.0,28.08,11:50,6.12,0.0,7.6
2024-01-12,11.3,3.0,19.08,06:30,6.84,0.0,5.2
2024-01-13,14.4,7.9,38.88,07:40,3.96,15.6,0.0
2024-01-14,15.8,12.7,19.08,14:00,3.96,23.6,0.0
2024-01-15,15.8,12.8,37.08,03:50,6.12,13.2,0.0
2024-01-16,16.8,12.6,65.16,20:20,14.04,13.0,0.6
2024-01-17,15.5,12.7,63.0,18:00,18.0,23.2,0.5
2024-01-18,13.6,8.5,51.12,03:20,6.84,0.6,2.1
2024-01-19,12.7,3.5,33.12,07:50,6.84,0.0,8.3
2024-01-20,12.6,0.3,20.16,16:10,5.04,0.0,7.5
2024-01-21,12.6,8.0,38.16,19:20,5.04,0.0,0.1
2024-01-22,14.3,11.4,33.12,01:20,5.04,0.0,0.0
2024-01-23,15.8,12.9,18.0,12:10,2.88,0.0,0.0
2024-01-24,19.6,9.1,15.12,02:10,3.96,0.0,8.4
2024-01-25,17.4,10.2,20.88,23:10,3.96,0.0,6.0
2024-01-26,16.5,7.4,24.12,03:00,3.96,0.0,4.9
2024-01-27,19.3,9.7,18.0,22:40,2.16,0.0,8.4
2024-01-28,18.2,8.9,24.12,14:00,5.04,0.0,5.7
2024-01-29,18.6,13.0,33.12,12:20,6.12,0.0,5.4
2024-01-30,20.1,11.7,21.96,23:30,5.04,0.0,6.2
2024-01-31,20.6,9.8,21.96,00:10,5.04,0.0,8.6
2024-02-01,19.7,8.3,20.16,03:40,2.88,0.0,8.6
2024-02-02,20.5,7.7,18.0,23:59,2.88,0.0,8.8
2024-02-03,20.8,8.4,24.84,04:30,2.88,0.0,9.0
2024-02-04,18.8,8.9,23.04,03:40,6.12,0.0,8.5
2024-02-05,18.4,8.3,19.08,03:10,3.96,0.0,6.0
2024-02-06,15.8,7.2,29.16,22:40,7.92,0.0,7.7
2024-02-07,17.0,12.7,48.96,22:20,7.92,7.0,0.0
2024-02-08,15.9,11.5,69.12,15:20,19.08,66.2,0.0
2024-02-09,13.0,9.1,33.12,05:10,6.12,37.6,0.0
2024-02-10,10.9,6.6,63.0,15:40,10.08,11.4,3.6
2024-02-11,13.9,6.5,42.12,20:50,6.84,5.4,0.8
2024-02-12,16.1,10.7,51.12,02:20,3.96,0.6,6.9
2024-02-13,17.2,12.9,24.12,14:00,6.84,1.2,3.1
2024-02-14,21.9,14.4,20.88,04:00,3.96,1.4,6.8
2024-02-15,17.4,11.6,47.88,09:20,7.92,15.6,1.1
2024-02-16,16.1,10.0,20.88,23:30,2.88,0.2,4.9
2024-02-17,18.4,8.2,27.0,05:10,3.96,0.0,8.8
2024-02-18,19.5,8.7,16.92,01:00,6.12,0.0,9.0
2024-02-19,23.4,12.3,27.0,16:10,5.04,0.0,9.5
2024-02-20,22.4,10.6,20.88,06:00,5.04,0.0,9.0
2024-02-21,16.9,9.6,34.92,18:20,7.92,1.2,1.6
2024-02-22,14.3,6.6,59.04,09:30,15.12,26.8,1.8
2024-02-23,11.3,6.1,69.12,15:00,10.08,25.6,3.4
2024-02-24,12.9,5.0,51.84,21:40,3.96,43.2,3.3
2024-02-25,13.7,9.9,69.12,13:00,16.92,40.0,0.3
2024-02-26,11.3,5.7,55.08,12:20,12.96,4.6,4.5
2024-02-27,13.7,5.0,32.04,12:10,10.08,0.0,7.8
2024-02-28,16.5,7.4,20.88,11:50,6.12,1.6,4.8
2024-02-29,12.9,5.8,51.12,11:10,15.12,9.0,5.1
2024-03-01,12.5,5.3,45.0,08:50,7.92,29.0,0.0
2024-03-02,11.1,4.2,68.04,07:30,15.12,17.6,3.1
2024-03-03,13.0,3.7,27.0,12:10,6.84,21.0,3.7
2024-03-04,14.0,7.7,60.84,13:40,11.88,8.2,4.5
2024-03-05,14.7,5.4,20.88,15:00,6.12,0.0,4.6
2024-03-06,18.0,6.8,33.12,23:40,6.84,0.4,6.0
2024-03-07,12.3,7.0,47.88,05:00,11.16,26.2,1.3
2024-03-08,12.7,6.8,63.0,08:50,15.84,35.8,1.4
2024-03-09,12.2,4.7,45.0,Varias,10.08,17.4,3.0
2024-03-10,12.6,8.4,45.0,01:00,6.84,12.2,2.8
2024-03-11,14.9,7.4,21.96,14:20,5.04,0.0,3.5
2024-03-12,18.8,7.3,20.88,15:40,5.04,0.0,10.8
2024-03-13,22.0,7.4,25.92,Varias,6.12,0.0,10.7
2024-03-14,15.4,10.9,39.96,14:20,10.08,12.8,0.5
2024-03-15,17.4,11.7,24.84,14:40,5.04,0.0,6.2
2024-03-16,18.2,10.6,27.0,17:30,5.04,2.2,0.5
2024-03-17,17.8,13.3,20.88,13:10,2.88,0.0,1.8
2024-03-18,21.3,10.3,23.04,13:40,6.12,0.0,8.8
2024-03-19,18.0,7.7,18.0,15:20,5.04,0.0,9.9
2024-03-20,18.5,7.4,42.84,15:20,6.84,0.0,7.1
2024-03-21,27.1,9.3,24.12,17:10,6.12,0.0,10.9
2024-03-22,28.6,14.9,46.08,21:40,9.0,0.0,10.3
2024-03-23,24.2,12.2,41.04,02:30,14.04,0.0,11.2
2024-03-24,24.9,6.4,32.04,14:00,10.08,0.0,11.3
2024-03-25,12.4,3.8,38.88,17:20,11.88,0.0,0.8
2024-03-26,11.0,3.3,69.12,17:00,6.84,23.2,1.6
2024-03-27,11.4,7.3,70.92,14:10,15.84,18.4,0.6
2024-03-28,10.0,6.1,59.04,00:10,6.84,19.4,0.0
2024-03-29,14.8,6.4,33.12,01:20,5.04,8.2,5.7
2024-03-30,10.1,6.3,32.04,11:30,6.12,14.8,0.2
2024-03-31,14.8,4.4,38.16,14:10,10.08,9.8,5.6
2024-04-01,15.4,7.5,56.88,12:30,6.84,6.8,6.9
2024-04-02,14.3,11.7,65.88,14:20,15.12,28.8,0.3
2024-04-03,17.9,12.2,41.04,14:20,12.96,0.6,1.9
2024-04-04,19.1,13.3,45.0,14:00,11.88,5.2,6.2
2024-04-05,25.6,12.9,65.16,21:40,14.04,10.6,7.8
2024-04-06,18.3,10.9,48.96,13:50,6.84,0.8,2.8
2024-04-07,18.0,9.7,33.12,21:40,6.12,13.4,6.6
2024-04-08,14.9,6.8,47.88,03:10,11.88,10.0,5.6
2024-04-09,17.8,4.5,25.92,14:50,9.0,0.0,10.1
2024-04-10,21.5,7.1,19.08,04:40,3.96,0.0,10.8
2024-04-11,26.9,11.1,20.16,14:00,3.96,0.0,11.7
2024-04-12,28.8,15.9,23.04,00:40,6.84,0.0,12.1
2024-04-13,26.9,13.4,19.08,14:50,6.12,0.0,11.1
2024-04-14,27.5,14.2,19.08,Varias,6.84,0.0,11.9
2024-04-15,24.2,11.4,39.96,16:40,11.16,0.0,12.4
2024-04-16,22.1,9.5,42.12,20:30,11.16,0.0,12.4
2024-04-17,22.7,9.5,41.04,14:50,11.88,0.0,12.5
2024-04-18,27.4,9.7,29.16,11:00,7.92,0.0,12.5
2024-04-19,26.9,13.1,25.92,14:50,7.92,0.0,12.3
2024-04-20,25.4,9.9,21.96,02:30,3.96,0.0,12.5
2024-04-21,26.0,11.4,20.88,15:00,5.04,0.0,12.5
2024-04-22,25.9,8.2,36.0,18:50,10.08,0.0,12.6
2024-04-23,21.9,7.2,41.04,14:00,11.16,0.0,12.6
2024-04-24,21.3,7.2,33.12,12:20,11.88,0.0,12.4
2024-04-25,18.3,9.1,32.04,18:30,3.96,1.0,5.2
2024-04-26,14.0,7.9,25.92,19:10,3.96,30.6,0.4
2024-04-27,14.8,7.1,32.04,13:10,6.12,5.4,4.6
2024-04-28,16.3,6.1,41.04,12:20,6.12,0.0,10.5
2024-04-29,18.1,4.9,27.0,14:50,7.92,5.0,11.7
2024-04-30,16.0,7.2,38.88,08:00,10.08,17.4,4.1
2024-05-01,14.6,5.8,47.88,15:50,7.92,15.0,6.8
2024-05-02,16.0,7.5,36.0,13:20,6.84,4.2,5.9
2024-05-03,14.3,10.1,50.04,19:00,11.88,42.2,0.0
2024-05-04,16.1,13.3,48.96,03:30,11.16,29.0,0.0
2024-05-05,16.6,9.2,39.96,02:50,6.12,16.6,2.9
2024-05-06,19.9,6.7,24.12,12:50,9.0,0.0,11.6
2024-05-07,24.3,8.0,27.0,16:10,7.92,0.0,12.8
2024-05-08,27.9,13.2,24.12,17:10,5.04,0.0,12.6
2024-05-09,28.4,13.8,24.12,00:10,2.88,0.0,5.2
2024-05-10,25.6,14.9,25.92,12:30,5.04,0.0,11.4
2024-05-11,24.2,12.0,29.88,12:50,6.84,0.0,13.0
2024-05-12,21.4,10.1,25.92,17:20,6.84,0.0,8.7
2024-05-13,16.2,11.7,29.88,16:00,6.84,19.8,0.8
2024-05-14,17.1,10.3,38.16,16:10,12.96,4.8,3.2
2024-05-15,16.9,9.0,33.84,14:20,6.84,11.0,
2024-05-16,15.8,10.0,29.16,11:10,3.96,11.4,1.3
2024-05-17,18.6,8.6,28.08,18:30,6.12,15.4,4.0
2024-05-18,19.2,11.6,27.0,12:40,7.92,1.8,5.5
2024-05-19,18.9,9.7,41.04,14:30,6.12,1.0,3.5
2024-05-20,21.7,9.5,29.88,15:50,6.12,0.6,11.7
2024-05-21,18.0,12.1,29.16,15:30,3.96,15.2,1.7
2024-05-22,20.2,10.8,28.08,14:00,11.16,0.0,7.5
2024-05-23,21.2,8.3,33.12,14:20,7.92,0.0,13.1
2024-05-24,23.9,8.2,23.04,16:20,5.04,0.0,13.5
2024-05-25,21.6,11.0,24.12,12:50,3.96,10.8,4.8
2024-05-26,20.9,11.4,28.08,Varias,7.92,0.0,9.3
2024-05-27,23.2,9.8,33.12,11:50,11.88,0.0,13.5
2024-05-28,24.6,9.4,23.04,15:00,6.84,0.0,13.7
2024-05-29,27.6,11.2,30.96,11:30,9.0,0.0,13.8
2024-05-30,27.5,15.3,41.04,13:50,11.16,0.0,13.4
2024-05-31,28.2,13.7,37.08,15:30,11.88,0.0,13.6
2024-06-01,28.9,12.2,34.92,16:40,11.16,0.0,13.6
2024-06-02,30.2,12.8,25.92,18:50,6.12,0.0,13.8
2024-06-03,30.3,15.9,23.04,15:00,5.04,0.0,13.8
2024-06-04,26.3,14.5,27.0,12:30,5.04,0.0,13.1
2024-06-05,24.1,12.6,24.12,16:20,3.96,0.0,4.8
2024-06-06,25.7,14.9,20.88,13:50,5.04,0.0,11.3
2024-06-07,33.4,16.1,33.12,17:10,6.12,5.0,10.1
2024-06-08,24.9,15.4,30.96,21:20,7.92,0.2,5.7
2024-06-09,22.5,14.3,34.92,15:10,10.08,0.0,7.8
2024-06-10,25.8,13.4,34.92,22:50,11.88,0.0,13.8
2024-06-11,24.7,13.2,33.12,Varias,10.08,0.0,13.9
2024-06-12,25.2,11.2,36.0,10:20,11.88,0.0,13.2
2024-06-13,21.1,10.6,25.92,12:40,3.96,17.8,6.9
2024-06-14,20.7,13.3,28.08,13:50,7.92,0.4,6.3
2024-06-15,21.2,12.5,30.96,13:20,6.84,4.4,8.2
2024-06-16,19.3,14.1,27.0,12:30,6.12,9.2,0.2
2024-06-17,19.6,15.6,27.0,Varias,6.84,12.6,0.9
2024-06-18,21.9,13.0,24.84,12:40,6.12,6.2,8.2
2024-06-19,21.6,11.3,41.04,14:00,11.16,0.0,8.0
2024-06-20,20.0,12.9,29.88,18:40,11.16,0.0,3.1
2024-06-21,22.0,10.8,29.88,15:20,6.12,0.0,13.8
2024-06-22,23.8,13.3,24.12,15:20,6.12,0.0,9.5
2024-06-23,29.2,16.3,33.12,14:20,11.16,0.0,13.4
2024-06-24,31.4,16.8,21.96,14:40,5.04,0.0,13.8
2024-06-25,22.6,16.9,20.88,14:50,6.12,0.6,0.3
2024-06-26,24.3,16.3,24.84,16:50,6.12,0.4,7.2
2024-06-27,30.2,17.5,36.0,23:40,9.0,0.0,13.8
2024-06-28,29.3,18.5,38.16,04:40,9.0,0.0,8.9
2024-06-29,23.8,16.5,27.0,13:40,9.0,6.8,8.1
2024-06-30,23.7,15.9,27.0,14:50,6.84,0.0,7.2
2024-07-01,28.9,13.8,32.04,11:40,10.08,0.0,13.9
2024-07-02,31.1,15.4,33.12,13:40,12.96,0.0,13.8
2024-07-03,29.8,12.4,32.04,13:00,11.16,0.0,13.7
2024-07-04,34.5,15.3,29.16,12:30,9.0,0.0,13.7
2024-07-05,30.9,14.8,33.84,14:00,11.88,0.4,13.8
2024-07-06,23.7,13.5,38.16,19:20,14.04,0.0,10.2
2024-07-07,23.6,10.5,28.08,14:40,6.12,0.0,13.3
2024-07-08,24.6,15.6,32.04,15:10,6.12,6.8,6.2
2024-07-09,21.7,16.2,20.88,11:50,5.04,11.6,0.3
2024-07-10,22.8,17.7,20.88,11:30,6.12,5.2,0.7
2024-07-11,23.7,17.6,24.12,12:20,5.04,0.4,4.3
2024-07-12,26.1,15.0,30.96,13:20,9.0,0.0,10.6
2024-07-13,24.6,11.3,25.92,16:30,7.92,0.0,12.3
2024-07-14,23.1,15.6,39.96,19:30,7.92,12.8,1.2
2024-07-15,22.2,14.4,34.92,14:20,9.0,0.8,7.4
2024-07-16,25.1,14.5,23.04,14:40,6.84,0.0,11.1
2024-07-17,25.3,13.9,21.96,13:40,6.12,0.0,12.7
2024-07-18,26.1,13.8,23.04,13:00,6.12,0.0,12.0
2024-07-19,26.2,15.3,21.96,14:00,6.84,0.0,12.4
2024-07-20,21.5,14.9,32.04,15:00,3.96,6.0,0.6
2024-07-21,25.4,13.3,33.84,15:50,10.08,0.0,13.7
2024-07-22,33.5,13.2,18.0,18:20,3.96,0.0,13.7
2024-07-23,36.4,17.7,14.04,13:20,3.96,0.0,13.7
2024-07-24,34.8,18.2,30.96,21:40,9.0,0.0,13.6
2024-07-25,31.3,17.9,33.84,16:30,11.88,0.0,13.6
2024-07-26,29.9,16.6,29.16,10:50,6.84,0.0,13.5
2024-07-27,30.3,18.1,23.04,11:00,5.04,0.0,13.1
2024-07-28,31.3,18.2,21.96,13:00,3.96,0.0,13.5
2024-07-29,33.8,21.6,15.12,Varias,3.96,0.0,7.9
2024-07-30,32.4,20.5,25.92,15:00,5.04,0.0,11.3
2024-07-31,26.2,18.2,23.04,16:00,6.12,0.4,5.4
2024-08-01,26.4,18.1,27.0,19:20,5.04,0.0,7.3
2024-08-02,28.4,16.6,27.0,12:20,7.92,0.0,13.3
2024-08-03,31.2,14.0,30.96,12:30,9.0,0.0,13.3
2024-08-04,31.4,16.0,24.84,11:50,2.88,0.0,13.2
2024-08-05,29.8,17.3,23.04,15:10,6.12,0.0,12.7
2024-08-06,29.0,18.1,29.88,17:10,7.92,0.0,10.5
2024-08-07,30.6,17.1,34.92,14:10,12.96,0.0,12.8
2024-08-08,32.3,16.0,34.92,13:40,11.16,0.0,12.8
2024-08-09,35.0,16.3,29.88,12:30,10.08,0.0,12.7
2024-08-10,33.9,18.2,15.12,Varias,3.96,0.0,12.5
2024-08-11,26.4,17.8,28.08,11:20,6.84,0.0,11.7
2024-08-12,27.1,17.4,29.16,16:20,5.04,0.2,6.6
2024-08-13,24.1,17.4,28.08,14:00,6.12,0.4,2.7
2024-08-14,28.6,15.2,37.08,13:50,11.16,0.0,12.7
2024-08-15,33.4,13.3,33.12,15:30,6.84,0.0,12.5
2024-08-16,35.3,16.4,34.92,13:50,7.92,0.0,12.4
2024-08-17,29.6,19.1,25.92,15:40,6.84,0.8,11.1
2024-08-18,29.5,19.3,24.12,12:10,5.04,0.0,10.9
2024-08-19,28.3,14.7,23.04,15:40,5.04,0.0,12.5
2024-08-20,28.3,17.0,34.92,14:30,10.08,0.0,8.6
2024-08-21,33.0,18.8,28.08,02:10,7.92,0.0,12.5
2024-08-22,26.7,16.0,28.08,14:20,7.92,0.0,12.1
2024-08-23,26.5,17.8,23.04,13:30,6.12,1.6,11.5
2024-08-24,26.5,15.5,34.92,16:40,7.92,8.4,7.3
2024-08-25,27.8,14.0,33.12,11:10,10.08,0.0,12.2
2024-08-26,31.5,13.7,20.88,15:10,3.96,0.0,11.5
2024-08-27,25.2,15.4,23.04,17:00,6.12,0.0,9.9
2024-08-28,27.7,13.9,30.96,17:30,10.08,0.0,10.9
2024-08-29,27.9,18.7,39.96,14:00,11.88,0.0,11.2
2024-08-30,28.9,16.8,36.0,15:20,7.92,0.0,9.3
2024-08-31,24.8,17.1,20.16,12:10,3.96,0.0,7.9
2024-09-01,26.4,17.3,27.0,13:50,5.04,1.6,10.5
2024-09-02,22.5,14.8,33.84,Varias,10.08,0.0,1.4
2024-09-03,24.9,13.0,43.92,10:00,10.08,0.0,10.4
2024-09-04,25.7,13.4,42.12,16:40,10.08,0.0,11.1
2024-09-05,21.4,11.4,30.96,17:30,10.08,1.4,2.5
2024-09-06,16.1,9.9,27.0,13:20,5.04,21.6,0.1
2024-09-07,22.4,12.7,20.88,14:20,6.84,0.0,11.8
2024-09-08,23.9,10.8,24.12,15:00,6.84,0.0,11.6
2024-09-09,24.3,12.2,28.08,17:20,10.08,0.0,6.0
2024-09-10,24.8,14.1,38.16,15:20,10.08,0.0,11.3
2024-09-11,24.7,13.7,33.12,11:00,6.12,0.0,9.6
2024-09-12,21.5,15.0,16.92,20:50,2.16,0.4,2.4
2024-09-13,26.3,13.1,33.12,08:30,7.92,0.0,11.3
2024-09-14,27.5,12.9,21.96,23:59,6.12,0.0,11.5
2024-09-15,31.2,13.1,27.0,13:40,5.04,0.0,11.1
2024-09-16,32.2,13.8,28.08,15:30,6.12,0.0,11.4
2024-09-17,30.6,14.9,28.08,18:00,9.0,0.0,11.2
2024-09-18,24.3,14.7,20.16,05:30,2.88,0.0,8.3
2024-09-19,23.8,14.2,20.88,14:10,3.96,0.0,9.1
2024-09-20,19.6,15.4,15.12,02:10,2.88,0.4,0.0
2024-09-21,20.6,14.8,18.0,12:50,3.96,0.2,3.1
2024-09-22,22.9,12.7,24.12,Varias,6.12,0.6,8.7
2024-09-23,21.7,10.1,27.0,16:50,5.04,34.4,9.8
2024-09-24,19.6,15.8,28.08,00:10,3.96,23.6,1.9
2024-09-25,20.3,16.5,56.88,13:10,11.16,99.8,0.0
2024-09-26,21.9,14.3,47.16,01:50,10.08,4.0,7.2
2024-09-27,18.8,10.5,47.88,01:30,3.96,1.0,7.1
2024-09-28,21.2,9.3,18.0,13:00,5.04,0.0,8.8
2024-09-29,19.8,12.0,20.16,16:10,5.04,3.2,0.9
2024-09-30,20.2,16.7,14.04,15:40,1.08,10.6,0.0
2024-10-01,21.0,18.0,21.96,12:20,5.04,81.0,
2024-10-02,19.9,17.4,36.0,10:40,5.04,34.2,
2024-10-03,20.5,16.3,15.12,01:50,2.16,0.0,0.1
2024-10-04,21.9,16.8,16.92,Varias,5.04,4.2,5.4
2024-10-05,20.4,17.9,46.08,14:00,9.0,19.2,0.0
2024-10-06,19.9,15.4,45.0,02:20,6.12,6.8,0.3
2024-10-07,19.7,14.2,42.84,19:30,7.92,10.4,4.1
2024-10-08,19.7,15.6,72.0,19:00,11.88,56.0,0.1
2024-10-09,19.8,13.9,92.16,05:10,14.04,7.4,2.2
2024-10-10,19.7,11.7,20.16,10:50,2.88,1.0,6.3
2024-10-11,21.0,11.6,51.12,15:10,6.12,15.6,1.4
2024-10-12,24.6,16.1,46.08,02:50,6.12,0.2,9.5
2024-10-13,25.7,14.7,21.96,13:50,3.96,0.0,7.9
2024-10-14,24.1,16.9,18.0,21:10,5.04,0.4,5.8
2024-10-15,23.0,17.4,21.96,15:50,3.96,24.6,1.2
2024-10-16,20.8,12.9,28.08,14:50,6.84,27.0,4.2
2024-10-17,18.6,11.4,33.12,12:20,6.84,4.0,7.0
2024-10-18,18.7,13.7,27.0,22:20,3.96,12.8,0.2
2024-10-19,17.8,16.4,29.88,13:50,7.92,52.6,0.0
2024-10-20,20.1,17.2,30.96,16:40,9.0,4.8,0.5
2024-10-21,20.4,12.7,33.84,02:20,6.12,5.2,4.3
2024-10-22,20.7,10.3,29.88,10:50,6.12,0.0,9.8
2024-10-23,24.5,11.5,18.0,23:10,2.88,0.0,9.5
2024-10-24,22.0,12.0,38.16,11:10,5.04,8.8,1.4
2024-10-25,15.5,9.2,23.04,Varias,5.04,7.0,6.7
2024-10-26,14.5,9.2,14.04,14:40,2.16,3.2,1.6
2024-10-27,18.8,11.7,32.04,13:20,7.92,0.2,8.1
2024-10-28,21.9,11.7,29.88,08:40,7.92,0.0,9.3
2024-10-29,22.9,11.2,25.92,13:10,7.92,0.0,9.2
2024-10-30,23.9,13.6,21.96,05:50,3.96,0.0,8.3
2024-10-31,23.3,13.8,30.96,13:50,6.12,0.4,2.9
2024-11-01,23.5,14.7,19.08,01:40,3.96,0.0,4.7
2024-11-02,24.5,12.9,20.88,08:00,5.04,0.0,6.3
2024-11-03,23.7,13.1,19.08,02:50,5.04,0.0,8.9
2024-11-04,18.1,14.6,16.92,20:50,5.04,3.6,0.0
2024-11-05,23.8,15.8,20.88,15:30,6.12,0.2,3.4
2024-11-06,22.9,15.3,18.0,23:59,2.88,0.0,8.1
2024-11-07,22.7,14.3,19.08,00:10,3.96,0.0,7.7
2024-11-08,18.9,11.8,20.88,13:10,5.04,7.0,0.6
2024-11-09,18.7,10.4,18.0,03:10,3.96,12.4,4.2
2024-11-10,19.0,14.3,15.84,10:00,2.88,2.0,0.0
2024-11-11,21.1,12.7,24.84,20:00,6.12,0.0,8.8
2024-11-12,19.3,8.9,41.04,12:10,9.0,0.0,
2024-11-13,16.0,8.8,42.12,20:50,11.16,0.0,7.4
2024-11-14,18.5,10.9,24.12,06:40,6.84,0.8,4.1
2024-11-15,20.4,13.4,20.88,Varias,5.04,0.2,2.9
2024-11-16,21.8,14.2,20.88,03:00,6.12,0.0,3.4
2024-11-17,21.6,11.8,20.16,21:30,5.04,0.0,7.7
2024-11-18,19.2,11.2,20.88,03:00,5.04,0.2,6.7
2024-11-19,14.7,10.9,19.08,21:10,2.88,3.4,0.0
2024-11-20,15.9,12.5,27.0,14:30,3.96,8.2,0.8
2024-11-21,15.4,11.0,46.08,20:10,12.96,24.0,0.0
2024-11-22,13.6,7.0,21.96,22:00,5.04,0.0,6.0
2024-11-23,20.9,13.1,55.08,20:20,16.92,0.0,6.1
2024-11-24,21.7,12.4,74.88,13:30,18.0,44.6,0.1
2024-11-25,14.4,9.1,36.0,15:50,5.04,2.0,4.6
2024-11-26,14.1,10.2,28.08,11:00,5.04,0.2,0.3
2024-11-27,18.5,10.2,27.0,12:30,3.96,0.0,4.8
2024-11-28,18.6,8.1,18.0,00:10,3.96,0.4,7.5
2024-11-29,20.7,14.9,39.96,02:50,7.92,0.4,6.1
2024-11-30,18.4,15.3,37.08,21:00,7.92,0.4,0.2
2024-12-01,17.7,12.7,33.84,01:20,2.88,4.6,0.5
2024-12-02,16.9,8.9,21.96,14:20,6.84,0.0,7.0
2024-12-03,11.8,6.3,14.04,19:10,5.04,10.2,0.5
2024-12-04,14.3,10.4,16.92,13:40,6.12,0.0,0.5
2024-12-05,14.5,10.9,15.84,14:50,1.08,3.0,0.0
2024-12-06,16.5,13.5,20.88,14:40,5.04,9.2,0.3
2024-12-07,14.9,8.9,36.0,12:50,10.08,0.0,4.9
2024-12-08,12.5,7.1,45.0,13:20,6.12,0.2,3.3
2024-12-09,12.6,5.6,28.08,16:00,6.12,0.2,
2024-12-10,12.8,4.2,28.08,14:50,6.12,0.0,6.9
2024-12-11,11.8,2.7,15.84,19:40,5.04,0.0,4.9
2024-12-12,12.3,5.9,18.0,18:40,5.04,0.0,4.7
2024-12-13,12.4,5.2,20.16,08:20,6.12,0.0,1.9
2024-12-14,13.1,4.3,20.88,06:30,6.84,0.0,6.7
2024-12-15,12.5,3.6,19.08,19:20,3.96,0.0,5.7
2024-12-16,14.3,4.9,20.88,10:30,3.96,0.2,5.0
2024-12-17,19.5,9.4,46.08,18:50,7.92,2.2,3.1
2024-12-18,16.2,14.5,46.08,21:20,15.84,40.8,0.0
2024-12-19,15.1,5.9,66.96,02:50,9.0,0.0,3.1
2024-12-20,13.2,3.1,24.84,15:40,5.04,0.0,6.2
2024-12-21,14.0,6.1,18.0,07:40,2.88,0.6,2.3
2024-12-22,14.4,10.2,20.88,19:50,3.96,0.4,0.9
2024-12-23,13.6,7.3,39.96,13:10,9.0,0.0,6.8
2024-12-24,16.1,5.8,19.08,00:50,3.96,0.0,6.8
2024-12-25,16.8,8.3,20.88,00:50,2.16,0.0,6.8
2024-12-26,15.1,7.0,16.92,23:40,3.96,0.0,6.8
2024-12-27,12.8,6.7,15.12,23:50,3.96,0.0,6.8
2024-12-28,12.1,6.2,16.92,06:20,2.16,0.0,0.6
2024-12-29,12.9,6.0,16.92,15:20,3.96,0.0,4.1
2024-12-30,11.8,3.7,16.92,21:50,5.04,0.0,6.9
2024-12-31,11.6,2.9,19.08,23:20,3.96,0.0,6.9
2025-01-01,13.1,2.0,24.12,12:50,7.92,0.0,6.6
